<DATE>	<TIME>	<OPEN>	<HIGH>	<LOW>	<CLOSE>	<TICKVOL>	<VOL>	<SPREAD>
2024.03.01	00:00:00	1.08009	1.08060	1.08000	1.08051	3167	0	6
2024.03.01	01:00:00	1.08051	1.08056	1.08021	1.08055	796	0	2
2024.03.01	02:00:00	1.08055	1.08125	1.08050	1.08113	1521	0	2
2024.03.01	03:00:00	1.08114	1.08213	1.08108	1.08212	1939	0	2
2024.03.01	04:00:00	1.08211	1.08219	1.08164	1.08182	1754	0	2
2024.03.01	05:00:00	1.08183	1.08211	1.08165	1.08168	1300	0	2
2024.03.01	06:00:00	1.08169	1.08170	1.08120	1.08135	928	0	2
2024.03.01	07:00:00	1.08135	1.08141	1.08110	1.08121	1555	0	2
2024.03.01	08:00:00	1.08121	1.08139	1.08081	1.08092	1381	0	2
2024.03.01	09:00:00	1.08092	1.08176	1.08086	1.08125	3698	0	2
2024.03.01	10:00:00	1.08125	1.08198	1.08089	1.08113	5835	0	2
2024.03.01	11:00:00	1.08113	1.08176	1.08085	1.08150	5465	0	2
2024.03.01	12:00:00	1.08152	1.08224	1.07983	1.08105	6622	0	2
2024.03.01	13:00:00	1.08106	1.08191	1.08103	1.08186	4435	0	2
2024.03.01	14:00:00	1.08186	1.08248	1.08119	1.08129	3558	0	2
2024.03.01	15:00:00	1.08130	1.08153	1.08077	1.08127	4715	0	2
2024.03.01	16:00:00	1.08128	1.08206	1.07979	1.07997	5285	0	2
2024.03.01	17:00:00	1.07997	1.08416	1.07997	1.08350	9408	0	2
2024.03.01	18:00:00	1.08351	1.08369	1.08233	1.08310	3846	0	2
2024.03.01	19:00:00	1.08308	1.08397	1.08287	1.08376	3097	0	2
2024.03.01	20:00:00	1.08375	1.08424	1.08314	1.08398	3134	0	2
2024.03.01	21:00:00	1.08399	1.08431	1.08380	1.08411	2897	0	2
2024.03.01	22:00:00	1.08411	1.08411	1.08347	1.08373	2154	0	2
2024.03.01	23:00:00	1.08371	1.08400	1.08332	1.08399	1673	0	2
2024.03.04	00:00:00	1.08373	1.08423	1.08360	1.08382	1127	0	8
2024.03.04	01:00:00	1.08382	1.08440	1.08375	1.08415	1161	0	2
2024.03.04	02:00:00	1.08415	1.08479	1.08406	1.08458	2810	0	2
2024.03.04	03:00:00	1.08458	1.08458	1.08384	1.08401	1722	0	2
2024.03.04	04:00:00	1.08400	1.08458	1.08384	1.08453	1497	0	2
2024.03.04	05:00:00	1.08453	1.08457	1.08421	1.08439	1241	0	2
2024.03.04	06:00:00	1.08439	1.08456	1.08432	1.08436	1012	0	2
2024.03.04	07:00:00	1.08436	1.08468	1.08428	1.08444	1296	0	2
2024.03.04	08:00:00	1.08444	1.08479	1.08429	1.08469	1444	0	2
2024.03.04	09:00:00	1.08469	1.08540	1.08450	1.08537	3082	0	2
2024.03.04	10:00:00	1.08537	1.08579	1.08376	1.08447	4588	0	2
2024.03.04	11:00:00	1.08447	1.08521	1.08421	1.08490	3849	0	2
2024.03.04	12:00:00	1.08489	1.08549	1.08458	1.08536	2915	0	2
2024.03.04	13:00:00	1.08537	1.08569	1.08516	1.08562	2587	0	2
2024.03.04	14:00:00	1.08562	1.08576	1.08414	1.08426	3152	0	2
2024.03.04	15:00:00	1.08426	1.08501	1.08400	1.08487	4841	0	2
2024.03.04	16:00:00	1.08486	1.08616	1.08448	1.08597	5481	0	2
2024.03.04	17:00:00	1.08596	1.08636	1.08553	1.08630	5352	0	2
2024.03.04	18:00:00	1.08631	1.08668	1.08566	1.08613	4015	0	2
2024.03.04	19:00:00	1.08613	1.08622	1.08552	1.08579	2514	0	2
2024.03.04	20:00:00	1.08579	1.08606	1.08556	1.08564	1955	0	2
2024.03.04	21:00:00	1.08563	1.08584	1.08552	1.08565	2851	0	2
2024.03.04	22:00:00	1.08566	1.08595	1.08554	1.08558	2587	0	2
2024.03.04	23:00:00	1.08558	1.08573	1.08549	1.08559	784	0	2
2024.03.05	00:00:00	1.08533	1.08562	1.08513	1.08526	4376	0	6
2024.03.05	01:00:00	1.08526	1.08580	1.08526	1.08539	406	0	2
2024.03.05	02:00:00	1.08539	1.08553	1.08513	1.08529	1264	0	2
2024.03.05	03:00:00	1.08529	1.08547	1.08474	1.08494	1772	0	2
2024.03.05	04:00:00	1.08494	1.08519	1.08482	1.08500	1331	0	2
2024.03.05	05:00:00	1.08500	1.08547	1.08494	1.08543	835	0	2
2024.03.05	06:00:00	1.08543	1.08543	1.08497	1.08505	1151	0	2
2024.03.05	07:00:00	1.08506	1.08540	1.08491	1.08529	1175	0	2
2024.03.05	08:00:00	1.08530	1.08531	1.08444	1.08466	2092	0	2
2024.03.05	09:00:00	1.08466	1.08512	1.08415	1.08463	3006	0	2
2024.03.05	10:00:00	1.08463	1.08518	1.08428	1.08470	4283	0	2
2024.03.05	11:00:00	1.08471	1.08558	1.08470	1.08513	3533	0	2
2024.03.05	12:00:00	1.08513	1.08548	1.08493	1.08502	2975	0	2
2024.03.05	13:00:00	1.08500	1.08536	1.08476	1.08498	3381	0	2
2024.03.05	14:00:00	1.08498	1.08504	1.08455	1.08472	3390	0	2
2024.03.05	15:00:00	1.08472	1.08515	1.08419	1.08462	5352	0	2
2024.03.05	16:00:00	1.08463	1.08544	1.08404	1.08446	5852	0	2
2024.03.05	17:00:00	1.08452	1.08760	1.08452	1.08714	7465	0	2
2024.03.05	18:00:00	1.08714	1.08719	1.08580	1.08610	5201	0	2
2024.03.05	19:00:00	1.08610	1.08645	1.08577	1.08598	3382	0	2
2024.03.05	20:00:00	1.08599	1.08600	1.08512	1.08527	2853	0	2
2024.03.05	21:00:00	1.08526	1.08577	1.08511	1.08528	3546	0	2
2024.03.05	22:00:00	1.08527	1.08585	1.08489	1.08576	2857	0	2
2024.03.05	23:00:00	1.08575	1.08591	1.08556	1.08563	769	0	2
2024.03.06	00:00:00	1.08551	1.08575	1.08533	1.08571	1583	0	5
2024.03.06	01:00:00	1.08570	1.08586	1.08553	1.08553	670	0	2
2024.03.06	02:00:00	1.08553	1.08556	1.08490	1.08498	2794	0	2
2024.03.06	03:00:00	1.08498	1.08502	1.08419	1.08438	3170	0	2
2024.03.06	04:00:00	1.08438	1.08533	1.08438	1.08524	1821	0	2
2024.03.06	05:00:00	1.08525	1.08531	1.08503	1.08506	1610	0	2
2024.03.06	06:00:00	1.08506	1.08523	1.08494	1.08518	1278	0	2
2024.03.06	07:00:00	1.08518	1.08568	1.08516	1.08550	1404	0	2
2024.03.06	08:00:00	1.08550	1.08606	1.08547	1.08595	1673	0	2
2024.03.06	09:00:00	1.08593	1.08663	1.08585	1.08619	3571	0	2
2024.03.06	10:00:00	1.08619	1.08741	1.08591	1.08731	4028	0	2
2024.03.06	11:00:00	1.08731	1.08778	1.08694	1.08764	3092	0	2
2024.03.06	12:00:00	1.08764	1.08796	1.08734	1.08773	1991	0	2
2024.03.06	13:00:00	1.08773	1.08783	1.08715	1.08756	2156	0	2
2024.03.06	14:00:00	1.08756	1.08786	1.08673	1.08687	2641	0	2
2024.03.06	15:00:00	1.08687	1.08851	1.08683	1.08848	6926	0	2
2024.03.06	16:00:00	1.08845	1.08892	1.08829	1.08867	5719	0	2
2024.03.06	17:00:00	1.08867	1.09087	1.08812	1.09050	7385	0	2
2024.03.06	18:00:00	1.09049	1.09149	1.08994	1.09122	5829	0	2
2024.03.06	19:00:00	1.09122	1.09153	1.08993	1.09022	5819	0	2
2024.03.06	20:00:00	1.09024	1.09078	1.09004	1.09029	5080	0	2
2024.03.06	21:00:00	1.09029	1.09029	1.08931	1.08967	5052	0	2
2024.03.06	22:00:00	1.08965	1.08995	1.08928	1.08990	3747	0	2
2024.03.06	23:00:00	1.08991	1.08996	1.08953	1.08979	863	0	2
2024.03.07	00:00:00	1.08927	1.09009	1.08927	1.08980	1199	0	5
2024.03.07	01:00:00	1.08980	1.09014	1.08966	1.08994	624	0	2
2024.03.07	02:00:00	1.08994	1.09072	1.08993	1.09029	2486	0	2
2024.03.07	03:00:00	1.09030	1.09041	1.08963	1.08977	3292	0	2
2024.03.07	04:00:00	1.08977	1.08989	1.08934	1.08983	2178	0	2
2024.03.07	05:00:00	1.08983	1.09014	1.08952	1.09004	1411	0	2
2024.03.07	06:00:00	1.09004	1.09055	1.09002	1.09035	1964	0	2
2024.03.07	07:00:00	1.09035	1.09055	1.08996	1.09003	1961	0	2
2024.03.07	08:00:00	1.09001	1.09029	1.08986	1.09016	2306	0	2
2024.03.07	09:00:00	1.09017	1.09043	1.08912	1.08936	4218	0	2
2024.03.07	10:00:00	1.08936	1.08980	1.08876	1.08978	3959	0	2
2024.03.07	11:00:00	1.08978	1.09028	1.08927	1.09016	3392	0	2
2024.03.07	12:00:00	1.09016	1.09018	1.08896	1.08964	3838	0	2
2024.03.07	13:00:00	1.08964	1.08991	1.08923	1.08940	2911	0	2
2024.03.07	14:00:00	1.08940	1.09002	1.08921	1.08942	3735	0	2
2024.03.07	15:00:00	1.08942	1.08967	1.08677	1.08724	7509	0	2
2024.03.07	16:00:00	1.08722	1.09194	1.08690	1.09155	8439	0	2
2024.03.07	17:00:00	1.09155	1.09308	1.09081	1.09298	5710	0	2
2024.03.07	18:00:00	1.09298	1.09420	1.09245	1.09404	5473	0	2
2024.03.07	19:00:00	1.09402	1.09415	1.09311	1.09370	4121	0	2
2024.03.07	20:00:00	1.09369	1.09447	1.09364	1.09421	2042	0	2
2024.03.07	21:00:00	1.09420	1.09487	1.09406	1.09468	2667	0	2
2024.03.07	22:00:00	1.09467	1.09491	1.09423	1.09469	2501	0	2
2024.03.07	23:00:00	1.09468	1.09488	1.09457	1.09488	1160	0	2
2024.03.08	00:00:00	1.09445	1.09475	1.09431	1.09468	2079	0	5
2024.03.08	01:00:00	1.09465	1.09513	1.09458	1.09510	548	0	2
2024.03.08	02:00:00	1.09510	1.09556	1.09502	1.09513	1788	0	2
2024.03.08	03:00:00	1.09513	1.09527	1.09464	1.09480	2340	0	2
2024.03.08	04:00:00	1.09480	1.09507	1.09448	1.09456	1952	0	2
2024.03.08	05:00:00	1.09456	1.09479	1.09440	1.09472	1407	0	2
2024.03.08	06:00:00	1.09472	1.09491	1.09444	1.09456	1327	0	2
2024.03.08	07:00:00	1.09456	1.09484	1.09447	1.09465	1838	0	2
2024.03.08	08:00:00	1.09464	1.09490	1.09441	1.09481	1960	0	2
2024.03.08	09:00:00	1.09481	1.09511	1.09315	1.09336	5260	0	2
2024.03.08	10:00:00	1.09336	1.09390	1.09289	1.09358	4162	0	2
2024.03.08	11:00:00	1.09358	1.09373	1.09260	1.09352	5093	0	2
2024.03.08	12:00:00	1.09352	1.09370	1.09263	1.09334	5006	0	2
2024.03.08	13:00:00	1.09336	1.09389	1.09294	1.09346	3425	0	2
2024.03.08	14:00:00	1.09346	1.09350	1.09279	1.09318	3387	0	2
2024.03.08	15:00:00	1.09318	1.09811	1.09175	1.09580	8450	0	2
2024.03.08	16:00:00	1.09580	1.09664	1.09448	1.09578	8425	0	2
2024.03.08	17:00:00	1.09578	1.09618	1.09433	1.09609	6134	0	2
2024.03.08	18:00:00	1.09608	1.09612	1.09373	1.09403	6694	0	2
2024.03.08	19:00:00	1.09404	1.09457	1.09367	1.09392	6131	0	2
2024.03.08	20:00:00	1.09394	1.09401	1.09333	1.09371	4641	0	2
2024.03.08	21:00:00	1.09371	1.09421	1.09343	1.09416	2962	0	2
2024.03.08	22:00:00	1.09417	1.09438	1.09343	1.09362	2691	0	2
2024.03.08	23:00:00	1.09362	1.09393	1.09352	1.09391	1380	0	2
2024.03.11	00:00:00	1.09397	1.09401	1.09355	1.09380	533	0	5
2024.03.11	01:00:00	1.09380	1.09403	1.09358	1.09376	617	0	2
2024.03.11	02:00:00	1.09376	1.09437	1.09375	1.09426	2554	0	2
2024.03.11	03:00:00	1.09425	1.09464	1.09382	1.09422	2925	0	2
2024.03.11	04:00:00	1.09422	1.09456	1.09389	1.09405	2287	0	2
2024.03.11	05:00:00	1.09405	1.09419	1.09371	1.09389	2448	0	2
2024.03.11	06:00:00	1.09389	1.09444	1.09379	1.09412	1936	0	2
2024.03.11	07:00:00	1.09412	1.09417	1.09369	1.09386	1959	0	2
2024.03.11	08:00:00	1.09386	1.09421	1.09386	1.09412	1722	0	2
2024.03.11	09:00:00	1.09412	1.09436	1.09353	1.09421	2034	0	2
2024.03.11	10:00:00	1.09421	1.09474	1.09370	1.09419	3341	0	2
2024.03.11	11:00:00	1.09419	1.09479	1.09384	1.09445	4693	0	2
2024.03.11	12:00:00	1.09445	1.09449	1.09338	1.09344	3180	0	2
2024.03.11	13:00:00	1.09346	1.09435	1.09329	1.09416	2679	0	2
2024.03.11	14:00:00	1.09416	1.09434	1.09376	1.09429	2305	0	2
2024.03.11	15:00:00	1.09428	1.09434	1.09292	1.09295	4282	0	2
2024.03.11	16:00:00	1.09294	1.09316	1.09177	1.09196	4401	0	2
2024.03.11	17:00:00	1.09196	1.09249	1.09156	1.09245	4398	0	2
2024.03.11	18:00:00	1.09244	1.09287	1.09144	1.09271	5154	0	2
2024.03.11	19:00:00	1.09272	1.09280	1.09228	1.09272	4179	0	2
2024.03.11	20:00:00	1.09273	1.09303	1.09244	1.09253	4472	0	2
2024.03.11	21:00:00	1.09253	1.09262	1.09183	1.09241	3869	0	2
2024.03.11	22:00:00	1.09241	1.09264	1.09218	1.09262	2511	0	2
2024.03.11	23:00:00	1.09261	1.09274	1.09255	1.09265	753	0	2
2024.03.12	00:00:00	1.09227	1.09271	1.09197	1.09257	3564	0	5
2024.03.12	01:00:00	1.09257	1.09272	1.09244	1.09251	548	0	2
2024.03.12	02:00:00	1.09251	1.09311	1.09251	1.09306	660	0	2
2024.03.12	03:00:00	1.09306	1.09322	1.09283	1.09286	1799	0	2
2024.03.12	04:00:00	1.09286	1.09343	1.09268	1.09335	1666	0	2
2024.03.12	05:00:00	1.09335	1.09364	1.09301	1.09362	2235	0	2
2024.03.12	06:00:00	1.09362	1.09380	1.09340	1.09362	1343	0	2
2024.03.12	07:00:00	1.09362	1.09381	1.09345	1.09369	1037	0	2
2024.03.12	08:00:00	1.09369	1.09392	1.09366	1.09382	1126	0	2
2024.03.12	09:00:00	1.09383	1.09390	1.09342	1.09379	1355	0	2
2024.03.12	10:00:00	1.09378	1.09393	1.09315	1.09319	3484	0	2
2024.03.12	11:00:00	1.09317	1.09334	1.09211	1.09248	3918	0	2
2024.03.12	12:00:00	1.09248	1.09333	1.09231	1.09302	2921	0	2
2024.03.12	13:00:00	1.09302	1.09344	1.09265	1.09339	4168	0	2
2024.03.12	14:00:00	1.09339	1.09355	1.09318	1.09335	4003	0	2
2024.03.12	15:00:00	1.09335	1.09437	1.09023	1.09200	9024	0	2
2024.03.12	16:00:00	1.09201	1.09229	1.09021	1.09107	9571	0	2
2024.03.12	17:00:00	1.09109	1.09196	1.09063	1.09170	6695	0	2
2024.03.12	18:00:00	1.09171	1.09185	1.09074	1.09177	4459	0	2
2024.03.12	19:00:00	1.09176	1.09191	1.09135	1.09175	3880	0	2
2024.03.12	20:00:00	1.09175	1.09208	1.09126	1.09193	4310	0	2
2024.03.12	21:00:00	1.09192	1.09246	1.09183	1.09241	3458	0	2
2024.03.12	22:00:00	1.09240	1.09259	1.09210	1.09257	2909	0	2
2024.03.12	23:00:00	1.09257	1.09274	1.09249	1.09268	1130	0	2
2024.03.13	00:00:00	1.09246	1.09270	1.09244	1.09264	2697	0	5
2024.03.13	01:00:00	1.09264	1.09287	1.09261	1.09275	1063	0	2
2024.03.13	02:00:00	1.09275	1.09290	1.09264	1.09267	1895	0	2
2024.03.13	03:00:00	1.09266	1.09296	1.09257	1.09269	3477	0	2
2024.03.13	04:00:00	1.09268	1.09289	1.09233	1.09238	2768	0	2
2024.03.13	05:00:00	1.09237	1.09275	1.09232	1.09269	2823	0	2
2024.03.13	06:00:00	1.09269	1.09307	1.09250	1.09277	1953	0	2
2024.03.13	07:00:00	1.09278	1.09281	1.09220	1.09234	2446	0	2
2024.03.13	08:00:00	1.09234	1.09290	1.09227	1.09287	1911	0	2
2024.03.13	09:00:00	1.09287	1.09293	1.09251	1.09278	2711	0	2
2024.03.13	10:00:00	1.09279	1.09318	1.09208	1.09267	3093	0	2
2024.03.13	11:00:00	1.09267	1.09328	1.09260	1.09277	4151	0	2
2024.03.13	12:00:00	1.09277	1.09280	1.09200	1.09233	4787	0	2
2024.03.13	13:00:00	1.09233	1.09333	1.09221	1.09305	3098	0	2
2024.03.13	14:00:00	1.09305	1.09454	1.09300	1.09421	2915	0	2
2024.03.13	15:00:00	1.09422	1.09472	1.09336	1.09366	4625	0	2
2024.03.13	16:00:00	1.09367	1.09420	1.09359	1.09371	4502	0	2
2024.03.13	17:00:00	1.09373	1.09444	1.09314	1.09419	4304	0	2
2024.03.13	18:00:00	1.09419	1.09472	1.09379	1.09434	4090	0	2
2024.03.13	19:00:00	1.09432	1.09494	1.09400	1.09490	3991	0	2
2024.03.13	20:00:00	1.09490	1.09636	1.09486	1.09570	3974	0	2
2024.03.13	21:00:00	1.09570	1.09583	1.09500	1.09508	2787	0	2
2024.03.13	22:00:00	1.09509	1.09517	1.09455	1.09472	2681	0	2
2024.03.13	23:00:00	1.09472	1.09492	1.09470	1.09477	818	0	2
2024.03.14	00:00:00	1.09502	1.09512	1.09454	1.09487	1844	0	5
2024.03.14	01:00:00	1.09487	1.09516	1.09487	1.09488	807	0	2
2024.03.14	02:00:00	1.09488	1.09532	1.09488	1.09532	771	0	2
2024.03.14	03:00:00	1.09532	1.09547	1.09458	1.09487	1960	0	2
2024.03.14	04:00:00	1.09488	1.09528	1.09450	1.09489	1699	0	2
2024.03.14	05:00:00	1.09489	1.09497	1.09429	1.09437	1063	0	2
2024.03.14	06:00:00	1.09438	1.09452	1.09412	1.09422	1636	0	2
2024.03.14	07:00:00	1.09423	1.09428	1.09389	1.09425	1358	0	2
2024.03.14	08:00:00	1.09424	1.09431	1.09390	1.09394	1183	0	2
2024.03.14	09:00:00	1.09394	1.09419	1.09370	1.09378	1747	0	2
2024.03.14	10:00:00	1.09376	1.09428	1.09316	1.09352	3522	0	2
2024.03.14	11:00:00	1.09353	1.09441	1.09352	1.09376	4487	0	2
2024.03.14	12:00:00	1.09376	1.09444	1.09368	1.09414	2959	0	2
2024.03.14	13:00:00	1.09413	1.09453	1.09377	1.09396	2496	0	2
2024.03.14	14:00:00	1.09396	1.09436	1.09376	1.09415	2267	0	2
2024.03.14	15:00:00	1.09415	1.09447	1.09240	1.09299	7056	0	2
2024.03.14	16:00:00	1.09300	1.09312	1.09088	1.09119	7771	0	2
2024.03.14	17:00:00	1.09119	1.09142	1.08958	1.08978	7108	0	2
2024.03.14	18:00:00	1.08978	1.08995	1.08829	1.08876	5633	0	2
2024.03.14	19:00:00	1.08876	1.08926	1.08846	1.08871	5093	0	2
2024.03.14	20:00:00	1.08870	1.08890	1.08809	1.08864	3203	0	2
2024.03.14	21:00:00	1.08864	1.08898	1.08837	1.08849	3077	0	2
2024.03.14	22:00:00	1.08850	1.08911	1.08805	1.08910	3060	0	2
2024.03.14	23:00:00	1.08911	1.08919	1.08837	1.08839	1271	0	2
2024.03.15	00:00:00	1.08836	1.08855	1.08819	1.08854	2048	0	5
2024.03.15	01:00:00	1.08854	1.08861	1.08831	1.08840	445	0	2
2024.03.15	02:00:00	1.08840	1.08852	1.08824	1.08827	1133	0	2
2024.03.15	03:00:00	1.08826	1.08844	1.08760	1.08777	2299	0	2
2024.03.15	04:00:00	1.08777	1.08802	1.08754	1.08770	1882	0	2
2024.03.15	05:00:00	1.08771	1.08771	1.08728	1.08732	2119	0	2
2024.03.15	06:00:00	1.08733	1.08781	1.08732	1.08769	1578	0	2
2024.03.15	07:00:00	1.08768	1.08774	1.08747	1.08764	1968	0	2
2024.03.15	08:00:00	1.08765	1.08773	1.08732	1.08768	1362	0	2
2024.03.15	09:00:00	1.08769	1.08806	1.08754	1.08797	2193	0	2
2024.03.15	10:00:00	1.08798	1.08849	1.08786	1.08808	2452	0	2
2024.03.15	11:00:00	1.08808	1.08869	1.08779	1.08828	4337	0	2
2024.03.15	12:00:00	1.08828	1.08995	1.08826	1.08981	2950	0	2
2024.03.15	13:00:00	1.08982	1.08997	1.08891	1.08911	3179	0	2
2024.03.15	14:00:00	1.08911	1.08963	1.08869	1.08935	2615	0	2
2024.03.15	15:00:00	1.08935	1.08944	1.08843	1.08872	5325	0	2
2024.03.15	16:00:00	1.08872	1.08949	1.08831	1.08860	5743	0	2
2024.03.15	17:00:00	1.08859	1.08944	1.08843	1.08879	5815	0	2
2024.03.15	18:00:00	1.08880	1.08890	1.08813	1.08875	4039	0	2
2024.03.15	19:00:00	1.08875	1.08899	1.08835	1.08858	3734	0	2
2024.03.15	20:00:00	1.08858	1.08878	1.08833	1.08837	3953	0	2
2024.03.15	21:00:00	1.08838	1.08911	1.08836	1.08902	2829	0	2
2024.03.15	22:00:00	1.08903	1.08914	1.08868	1.08892	1971	0	2
2024.03.15	23:00:00	1.08892	1.08898	1.08868	1.08885	732	0	2
2024.03.18	00:00:00	1.08898	1.08907	1.08792	1.08869	831	0	7
2024.03.18	01:00:00	1.08877	1.08912	1.08860	1.08864	830	0	2
2024.03.18	02:00:00	1.08864	1.08865	1.08817	1.08836	1589	0	2
2024.03.18	03:00:00	1.08837	1.08881	1.08805	1.08853	1319	0	2
2024.03.18	04:00:00	1.08852	1.08901	1.08827	1.08891	1570	0	2
2024.03.18	05:00:00	1.08893	1.08917	1.08875	1.08890	1613	0	2
2024.03.18	06:00:00	1.08891	1.08905	1.08852	1.08853	890	0	2
2024.03.18	07:00:00	1.08854	1.08881	1.08853	1.08876	1134	0	2
2024.03.18	08:00:00	1.08876	1.08886	1.08851	1.08870	1031	0	2
2024.03.18	09:00:00	1.08870	1.08894	1.08864	1.08890	1225	0	2
2024.03.18	10:00:00	1.08890	1.08965	1.08888	1.08924	2445	0	2
2024.03.18	11:00:00	1.08923	1.08978	1.08907	1.08936	3971	0	2
2024.03.18	12:00:00	1.08937	1.09004	1.08925	1.08994	2590	0	2
2024.03.18	13:00:00	1.08994	1.09018	1.08962	1.08997	2898	0	2
2024.03.18	14:00:00	1.08997	1.09061	1.08987	1.09024	2626	0	2
2024.03.18	15:00:00	1.09025	1.09050	1.08898	1.08922	3603	0	2
2024.03.18	16:00:00	1.08922	1.08935	1.08855	1.08891	3652	0	2
2024.03.18	17:00:00	1.08890	1.08932	1.08842	1.08856	3465	0	2
2024.03.18	18:00:00	1.08857	1.08890	1.08809	1.08852	3517	0	2
2024.03.18	19:00:00	1.08852	1.08853	1.08694	1.08723	4202	0	2
2024.03.18	20:00:00	1.08723	1.08751	1.08658	1.08686	3066	0	2
2024.03.18	21:00:00	1.08686	1.08711	1.08672	1.08710	1805	0	2
2024.03.18	22:00:00	1.08711	1.08732	1.08676	1.08692	1656	0	2
2024.03.18	23:00:00	1.08692	1.08720	1.08690	1.08717	629	0	2
2024.03.19	00:00:00	1.08730	1.08741	1.08715	1.08728	1409	0	5
2024.03.19	01:00:00	1.08728	1.08740	1.08711	1.08719	629	0	2
2024.03.19	02:00:00	1.08719	1.08735	1.08712	1.08734	908	0	2
2024.03.19	03:00:00	1.08733	1.08746	1.08692	1.08694	2489	0	2
2024.03.19	04:00:00	1.08695	1.08718	1.08666	1.08683	2556	0	2
2024.03.19	05:00:00	1.08682	1.08746	1.08682	1.08734	2722	0	2
2024.03.19	06:00:00	1.08733	1.08764	1.08698	1.08737	4174	0	2
2024.03.19	07:00:00	1.08737	1.08766	1.08673	1.08704	2514	0	2
2024.03.19	08:00:00	1.08705	1.08720	1.08629	1.08642	2428	0	2
2024.03.19	09:00:00	1.08642	1.08685	1.08620	1.08675	2925	0	2
2024.03.19	10:00:00	1.08675	1.08675	1.08516	1.08548	3340	0	2
2024.03.19	11:00:00	1.08547	1.08560	1.08423	1.08474	4756	0	2
2024.03.19	12:00:00	1.08473	1.08501	1.08346	1.08366	4633	0	2
2024.03.19	13:00:00	1.08365	1.08459	1.08365	1.08444	3551	0	2
2024.03.19	14:00:00	1.08444	1.08517	1.08430	1.08503	3113	0	2
2024.03.19	15:00:00	1.08503	1.08561	1.08456	1.08516	5462	0	2
2024.03.19	16:00:00	1.08515	1.08574	1.08493	1.08542	4230	0	2
2024.03.19	17:00:00	1.08542	1.08655	1.08537	1.08623	4913	0	2
2024.03.19	18:00:00	1.08623	1.08623	1.08532	1.08582	3619	0	2
2024.03.19	19:00:00	1.08582	1.08638	1.08545	1.08634	3598	0	2
2024.03.19	20:00:00	1.08634	1.08674	1.08596	1.08635	3508	0	2
2024.03.19	21:00:00	1.08635	1.08652	1.08614	1.08625	2198	0	2
2024.03.19	22:00:00	1.08626	1.08656	1.08609	1.08649	2299	0	2
2024.03.19	23:00:00	1.08648	1.08663	1.08639	1.08655	809	0	2
2024.03.20	00:00:00	1.08647	1.08668	1.08622	1.08656	2933	0	5
2024.03.20	01:00:00	1.08656	1.08664	1.08646	1.08654	371	0	2
2024.03.20	02:00:00	1.08654	1.08665	1.08615	1.08617	908	0	2
2024.03.20	03:00:00	1.08617	1.08650	1.08582	1.08644	1386	0	2
2024.03.20	04:00:00	1.08644	1.08658	1.08621	1.08644	1359	0	2
2024.03.20	05:00:00	1.08643	1.08692	1.08627	1.08688	953	0	2
2024.03.20	06:00:00	1.08690	1.08710	1.08677	1.08699	1024	0	2
2024.03.20	07:00:00	1.08699	1.08704	1.08661	1.08666	1330	0	2
2024.03.20	08:00:00	1.08666	1.08684	1.08652	1.08658	1148	0	2
2024.03.20	09:00:00	1.08658	1.08706	1.08651	1.08702	989	0	2
2024.03.20	10:00:00	1.08703	1.08721	1.08649	1.08654	3347	0	2
2024.03.20	11:00:00	1.08653	1.08654	1.08500	1.08521	3750	0	2
2024.03.20	12:00:00	1.08519	1.08523	1.08363	1.08391	4210	0	2
2024.03.20	13:00:00	1.08391	1.08429	1.08365	1.08397	3635	0	2
2024.03.20	14:00:00	1.08397	1.08437	1.08371	1.08426	3053	0	2
2024.03.20	15:00:00	1.08426	1.08450	1.08379	1.08422	3643	0	2
2024.03.20	16:00:00	1.08421	1.08456	1.08372	1.08447	3250	0	2
2024.03.20	17:00:00	1.08447	1.08514	1.08436	1.08497	3547	0	2
2024.03.20	18:00:00	1.08498	1.08562	1.08487	1.08546	2769	0	2
2024.03.20	19:00:00	1.08546	1.08611	1.08534	1.08607	2045	0	2
2024.03.20	20:00:00	1.08607	1.08670	1.08586	1.08641	2743	0	2
2024.03.20	21:00:00	1.08634	1.09174	1.08626	1.09141	13078	0	3
2024.03.20	22:00:00	1.09143	1.09228	1.09017	1.09209	7358	0	2
2024.03.20	23:00:00	1.09208	1.09228	1.09186	1.09226	1531	0	2
2024.03.21	00:00:00	1.09200	1.09231	1.09167	1.09212	1119	0	5
2024.03.21	01:00:00	1.09212	1.09323	1.09194	1.09322	1368	0	2
2024.03.21	02:00:00	1.09322	1.09374	1.09292	1.09374	1589	0	2
2024.03.21	03:00:00	1.09374	1.09374	1.09305	1.09333	3804	0	2
2024.03.21	04:00:00	1.09333	1.09390	1.09331	1.09351	2699	0	2
2024.03.21	05:00:00	1.09350	1.09373	1.09325	1.09354	1691	0	2
2024.03.21	06:00:00	1.09352	1.09369	1.09335	1.09349	1725	0	2
2024.03.21	07:00:00	1.09349	1.09354	1.09327	1.09330	1157	0	2
2024.03.21	08:00:00	1.09330	1.09367	1.09316	1.09317	1929	0	2
2024.03.21	09:00:00	1.09317	1.09382	1.09315	1.09377	1840	0	2
2024.03.21	10:00:00	1.09377	1.09425	1.09254	1.09288	3658	0	2
2024.03.21	11:00:00	1.09288	1.09288	1.08871	1.08913	6893	0	2
2024.03.21	12:00:00	1.08914	1.09147	1.08889	1.09130	5441	0	2
2024.03.21	13:00:00	1.09129	1.09235	1.09123	1.09193	4083	0	2
2024.03.21	14:00:00	1.09193	1.09203	1.09050	1.09095	3437	0	2
2024.03.21	15:00:00	1.09097	1.09168	1.09034	1.09115	6589	0	2
2024.03.21	16:00:00	1.09115	1.09118	1.08841	1.08856	6755	0	2
2024.03.21	17:00:00	1.08855	1.08859	1.08706	1.08788	6472	0	2
2024.03.21	18:00:00	1.08787	1.08791	1.08557	1.08605	6071	0	2
2024.03.21	19:00:00	1.08604	1.08648	1.08580	1.08608	5549	0	2
2024.03.21	20:00:00	1.08608	1.08663	1.08560	1.08578	3721	0	2
2024.03.21	21:00:00	1.08581	1.08631	1.08571	1.08625	1909	0	2
2024.03.21	22:00:00	1.08624	1.08629	1.08553	1.08567	2287	0	2
2024.03.21	23:00:00	1.08568	1.08597	1.08566	1.08595	830	0	2
2024.03.22	00:00:00	1.08589	1.08616	1.08581	1.08606	1895	0	5
2024.03.22	01:00:00	1.08606	1.08622	1.08602	1.08618	376	0	2
2024.03.22	02:00:00	1.08618	1.08629	1.08605	1.08619	699	0	2
2024.03.22	03:00:00	1.08621	1.08680	1.08621	1.08652	1557	0	2
2024.03.22	04:00:00	1.08651	1.08658	1.08499	1.08504	3400	0	2
2024.03.22	05:00:00	1.08504	1.08522	1.08388	1.08390	3220	0	2
2024.03.22	06:00:00	1.08390	1.08412	1.08358	1.08379	1743	0	2
2024.03.22	07:00:00	1.08378	1.08380	1.08310	1.08332	1468	0	2
2024.03.22	08:00:00	1.08332	1.08420	1.08332	1.08415	1814	0	2
2024.03.22	09:00:00	1.08415	1.08415	1.08270	1.08304	2640	0	2
2024.03.22	10:00:00	1.08301	1.08346	1.08209	1.08247	4293	0	2
2024.03.22	11:00:00	1.08247	1.08294	1.08080	1.08116	5333	0	2
2024.03.22	12:00:00	1.08117	1.08232	1.08114	1.08162	4543	0	2
2024.03.22	13:00:00	1.08162	1.08216	1.08145	1.08163	3871	0	2
2024.03.22	14:00:00	1.08163	1.08223	1.08115	1.08161	3812	0	2
2024.03.22	15:00:00	1.08161	1.08310	1.08144	1.08263	4908	0	2
2024.03.22	16:00:00	1.08264	1.08297	1.08184	1.08295	4475	0	2
2024.03.22	17:00:00	1.08295	1.08318	1.08146	1.08150	4175	0	2
2024.03.22	18:00:00	1.08149	1.08218	1.08103	1.08157	3500	0	2
2024.03.22	19:00:00	1.08157	1.08169	1.08057	1.08057	2671	0	2
2024.03.22	20:00:00	1.08057	1.08106	1.08048	1.08060	2030	0	2
2024.03.22	21:00:00	1.08059	1.08076	1.08040	1.08040	1400	0	2
2024.03.22	22:00:00	1.08040	1.08068	1.08017	1.08058	1334	0	2
2024.03.22	23:00:00	1.08055	1.08097	1.08049	1.08087	1205	0	2
2024.03.25	00:00:00	1.08083	1.08102	1.08058	1.08072	137	0	7
2024.03.25	01:00:00	1.08072	1.08088	1.08047	1.08085	487	0	2
2024.03.25	02:00:00	1.08085	1.08100	1.08068	1.08071	1092	0	2
2024.03.25	03:00:00	1.08073	1.08097	1.08025	1.08035	2438	0	2
2024.03.25	04:00:00	1.08036	1.08196	1.08020	1.08169	3035	0	2
2024.03.25	05:00:00	1.08168	1.08220	1.08156	1.08215	2342	0	2
2024.03.25	06:00:00	1.08216	1.08217	1.08115	1.08135	2278	0	2
2024.03.25	07:00:00	1.08134	1.08141	1.08105	1.08131	1166	0	2
2024.03.25	08:00:00	1.08132	1.08224	1.08123	1.08222	1433	0	2
2024.03.25	09:00:00	1.08222	1.08222	1.08164	1.08174	2080	0	2
2024.03.25	10:00:00	1.08174	1.08229	1.08136	1.08138	2743	0	2
2024.03.25	11:00:00	1.08137	1.08237	1.08070	1.08137	3015	0	2
2024.03.25	12:00:00	1.08137	1.08215	1.08116	1.08175	2430	0	2
2024.03.25	13:00:00	1.08173	1.08219	1.08163	1.08178	2311	0	2
2024.03.25	14:00:00	1.08178	1.08296	1.08164	1.08284	2214	0	2
2024.03.25	15:00:00	1.08284	1.08340	1.08280	1.08306	3583	0	2
2024.03.25	16:00:00	1.08305	1.08379	1.08291	1.08350	3817	0	2
2024.03.25	17:00:00	1.08346	1.08425	1.08340	1.08389	4126	0	2
2024.03.25	18:00:00	1.08390	1.08391	1.08315	1.08366	3086	0	2
2024.03.25	19:00:00	1.08366	1.08382	1.08331	1.08366	2195	0	2
2024.03.25	20:00:00	1.08365	1.08378	1.08331	1.08364	1984	0	2
2024.03.25	21:00:00	1.08364	1.08371	1.08349	1.08359	1209	0	2
2024.03.25	22:00:00	1.08360	1.08400	1.08355	1.08392	1842	0	2
2024.03.25	23:00:00	1.08392	1.08407	1.08356	1.08366	865	0	2
2024.03.26	00:00:00	1.08375	1.08376	1.08326	1.08361	3265	0	5
2024.03.26	01:00:00	1.08361	1.08383	1.08361	1.08371	406	0	2
2024.03.26	02:00:00	1.08371	1.08385	1.08361	1.08369	496	0	2
2024.03.26	03:00:00	1.08371	1.08429	1.08361	1.08426	1211	0	2
2024.03.26	04:00:00	1.08426	1.08454	1.08387	1.08405	2299	0	2
2024.03.26	05:00:00	1.08406	1.08443	1.08398	1.08426	1458	0	2
2024.03.26	06:00:00	1.08428	1.08442	1.08357	1.08368	1203	0	2
2024.03.26	07:00:00	1.08369	1.08412	1.08365	1.08402	911	0	2
2024.03.26	08:00:00	1.08400	1.08481	1.08397	1.08471	1382	0	2
2024.03.26	09:00:00	1.08471	1.08520	1.08462	1.08507	1662	0	2
2024.03.26	10:00:00	1.08506	1.08528	1.08397	1.08423	2963	0	2
2024.03.26	11:00:00	1.08422	1.08517	1.08385	1.08495	4070	0	2
2024.03.26	12:00:00	1.08494	1.08558	1.08454	1.08537	4891	0	2
2024.03.26	13:00:00	1.08537	1.08643	1.08527	1.08553	4313	0	2
2024.03.26	14:00:00	1.08552	1.08599	1.08532	1.08569	3486	0	2
2024.03.26	15:00:00	1.08570	1.08593	1.08486	1.08520	4769	0	2
2024.03.26	16:00:00	1.08519	1.08585	1.08467	1.08528	4446	0	2
2024.03.26	17:00:00	1.08524	1.08548	1.08378	1.08410	4611	0	2
2024.03.26	18:00:00	1.08410	1.08443	1.08252	1.08280	4124	0	2
2024.03.26	19:00:00	1.08280	1.08323	1.08241	1.08282	2884	0	2
2024.03.26	20:00:00	1.08283	1.08357	1.08266	1.08304	1973	0	2
2024.03.26	21:00:00	1.08304	1.08348	1.08297	1.08328	1515	0	2
2024.03.26	22:00:00	1.08327	1.08349	1.08284	1.08285	2041	0	2
2024.03.26	23:00:00	1.08285	1.08315	1.08283	1.08313	1028	0	2
2024.03.27	00:00:00	1.08312	1.08324	1.08308	1.08316	1270	0	5
2024.03.27	01:00:00	1.08316	1.08332	1.08316	1.08326	436	0	2
2024.03.27	02:00:00	1.08326	1.08332	1.08302	1.08325	673	0	2
2024.03.27	03:00:00	1.08323	1.08327	1.08273	1.08295	2197	0	2
2024.03.27	04:00:00	1.08294	1.08308	1.08204	1.08233	2962	0	2
2024.03.27	05:00:00	1.08233	1.08278	1.08233	1.08259	1522	0	2
2024.03.27	06:00:00	1.08258	1.08280	1.08240	1.08262	1819	0	2
2024.03.27	07:00:00	1.08262	1.08304	1.08262	1.08299	970	0	2
2024.03.27	08:00:00	1.08298	1.08298	1.08253	1.08262	1111	0	2
2024.03.27	09:00:00	1.08262	1.08326	1.08247	1.08321	1883	0	2
2024.03.27	10:00:00	1.08321	1.08337	1.08230	1.08262	3302	0	2
2024.03.27	11:00:00	1.08263	1.08304	1.08213	1.08285	2968	0	2
2024.03.27	12:00:00	1.08286	1.08391	1.08265	1.08277	4638	0	2
2024.03.27	13:00:00	1.08279	1.08349	1.08260	1.08329	3018	0	2
2024.03.27	14:00:00	1.08327	1.08350	1.08178	1.08209	2801	0	2
2024.03.27	15:00:00	1.08209	1.08217	1.08150	1.08188	3342	0	2
2024.03.27	16:00:00	1.08188	1.08194	1.08108	1.08168	4227	0	2
2024.03.27	17:00:00	1.08169	1.08212	1.08137	1.08146	4336	0	2
2024.03.27	18:00:00	1.08145	1.08225	1.08138	1.08205	3859	0	2
2024.03.27	19:00:00	1.08202	1.08257	1.08186	1.08231	3228	0	2
2024.03.27	20:00:00	1.08230	1.08249	1.08174	1.08192	3173	0	2
2024.03.27	21:00:00	1.08193	1.08232	1.08184	1.08223	2601	0	2
2024.03.27	22:00:00	1.08224	1.08275	1.08204	1.08271	2029	0	2
2024.03.27	23:00:00	1.08271	1.08290	1.08261	1.08279	807	0	2
2024.03.28	00:00:00	1.08240	1.08273	1.08228	1.08259	1363	0	5
2024.03.28	01:00:00	1.08266	1.08266	1.08101	1.08135	1324	0	2
2024.03.28	02:00:00	1.08135	1.08150	1.08110	1.08126	1452	0	2
2024.03.28	03:00:00	1.08126	1.08201	1.08078	1.08175	2306	0	2
2024.03.28	04:00:00	1.08174	1.08192	1.08148	1.08179	2246	0	2
2024.03.28	05:00:00	1.08179	1.08259	1.08176	1.08220	1927	0	2
2024.03.28	06:00:00	1.08221	1.08242	1.08211	1.08215	1186	0	2
2024.03.28	07:00:00	1.08216	1.08242	1.08203	1.08234	854	0	2
2024.03.28	08:00:00	1.08234	1.08266	1.08219	1.08238	1329	0	2
2024.03.28	09:00:00	1.08238	1.08239	1.08150	1.08180	1835	0	2
2024.03.28	10:00:00	1.08180	1.08186	1.08002	1.08007	3436	0	2
2024.03.28	11:00:00	1.08007	1.08020	1.07897	1.07919	4100	0	2
2024.03.28	12:00:00	1.07919	1.07921	1.07751	1.07753	4302	0	2
2024.03.28	13:00:00	1.07753	1.07929	1.07751	1.07893	3631	0	2
2024.03.28	14:00:00	1.07892	1.07948	1.07827	1.07839	3429	0	2
2024.03.28	15:00:00	1.07839	1.08088	1.07836	1.08082	4193	0	2
2024.03.28	16:00:00	1.08080	1.08179	1.08028	1.08122	5248	0	2
2024.03.28	17:00:00	1.08120	1.08186	1.07974	1.08002	6306	0	2
2024.03.28	18:00:00	1.08001	1.08074	1.07938	1.08013	5055	0	2
2024.03.28	19:00:00	1.08013	1.08052	1.07928	1.07994	4086	0	2
2024.03.28	20:00:00	1.07993	1.08019	1.07950	1.07962	2414	0	2
2024.03.28	21:00:00	1.07963	1.07984	1.07859	1.07874	2302	0	2
2024.03.28	22:00:00	1.07873	1.07893	1.07846	1.07879	2048	0	2
2024.03.28	23:00:00	1.07880	1.07890	1.07849	1.07868	1155	0	2
2024.03.29	00:00:00	1.07863	1.07904	1.07863	1.07889	1806	0	5
2024.03.29	01:00:00	1.07889	1.07938	1.07877	1.07882	1367	0	2
2024.03.29	02:00:00	1.07882	1.07923	1.07856	1.07906	798	0	2
2024.03.29	03:00:00	1.07906	1.07909	1.07836	1.07836	1161	0	2
2024.03.29	04:00:00	1.07836	1.07844	1.07759	1.07760	859	0	2
2024.03.29	05:00:00	1.07760	1.07791	1.07737	1.07788	1346	0	2
2024.03.29	06:00:00	1.07788	1.07793	1.07744	1.07746	922	0	2
2024.03.29	07:00:00	1.07746	1.07769	1.07742	1.07767	533	0	2
2024.03.29	08:00:00	1.07767	1.07776	1.07739	1.07753	858	0	2
2024.03.29	09:00:00	1.07753	1.07767	1.07745	1.07756	810	0	2
2024.03.29	10:00:00	1.07755	1.07813	1.07675	1.07684	1222	0	2
2024.03.29	11:00:00	1.07684	1.07787	1.07683	1.07785	1635	0	2
2024.03.29	12:00:00	1.07785	1.07822	1.07727	1.07822	1849	0	2
2024.03.29	13:00:00	1.07821	1.07883	1.07809	1.07847	1959	0	2
2024.03.29	14:00:00	1.07847	1.07915	1.07837	1.07869	1999	0	2
2024.03.29	15:00:00	1.07870	1.08051	1.07796	1.07982	1829	0	2
2024.03.29	16:00:00	1.07983	1.08034	1.07939	1.07981	1848	0	2
2024.03.29	17:00:00	1.07981	1.07997	1.07942	1.07959	1674	0	2
2024.03.29	18:00:00	1.07957	1.07959	1.07878	1.07919	1999	0	2
2024.03.29	19:00:00	1.07919	1.07929	1.07867	1.07877	577	0	2
2024.03.29	20:00:00	1.07877	1.07892	1.07875	1.07881	887	0	2
2024.03.29	21:00:00	1.07879	1.07902	1.07876	1.07895	859	0	2
2024.03.29	22:00:00	1.07893	1.07933	1.07879	1.07901	1686	0	4
2024.03.29	23:00:00	1.07901	1.07960	1.07881	1.07928	1476	0	3
2024.04.01	00:00:00	1.07892	1.07939	1.07875	1.07912	765	0	36
2024.04.01	01:00:00	1.07865	1.07970	1.07849	1.07867	1446	0	2
2024.04.01	02:00:00	1.07867	1.07944	1.07856	1.07930	1890	0	2
2024.04.01	03:00:00	1.07932	1.07988	1.07900	1.07913	2774	0	2
2024.04.01	04:00:00	1.07913	1.07946	1.07855	1.07866	2424	0	2
2024.04.01	05:00:00	1.07866	1.07896	1.07849	1.07878	1567	0	2
2024.04.01	06:00:00	1.07879	1.07913	1.07846	1.07904	1289	0	2
2024.04.01	07:00:00	1.07902	1.07911	1.07840	1.07868	1864	0	2
2024.04.01	08:00:00	1.07867	1.07872	1.07828	1.07853	1070	0	2
2024.04.01	09:00:00	1.07853	1.07905	1.07843	1.07866	1943	0	2
2024.04.01	10:00:00	1.07866	1.07921	1.07829	1.07860	1619	0	2
2024.04.01	11:00:00	1.07859	1.07916	1.07831	1.07897	1828	0	2
2024.04.01	12:00:00	1.07898	1.07909	1.07857	1.07860	1486	0	2
2024.04.01	13:00:00	1.07859	1.07867	1.07796	1.07812	1690	0	2
2024.04.01	14:00:00	1.07813	1.07877	1.07799	1.07841	1888	0	2
2024.04.01	15:00:00	1.07842	1.07858	1.07770	1.07817	3738	0	2
2024.04.01	16:00:00	1.07817	1.07831	1.07716	1.07736	5176	0	2
2024.04.01	17:00:00	1.07735	1.07735	1.07395	1.07444	6774	0	2
2024.04.01	18:00:00	1.07444	1.07454	1.07309	1.07326	5437	0	2
2024.04.01	19:00:00	1.07326	1.07370	1.07312	1.07365	2123	0	2
2024.04.01	20:00:00	1.07365	1.07440	1.07365	1.07417	2020	0	2
2024.04.01	21:00:00	1.07418	1.07428	1.07368	1.07374	2422	0	2
2024.04.01	22:00:00	1.07375	1.07427	1.07374	1.07417	1924	0	2
2024.04.01	23:00:00	1.07418	1.07427	1.07413	1.07425	921	0	2
2024.04.02	00:00:00	1.07398	1.07443	1.07378	1.07428	976	0	5
2024.04.02	01:00:00	1.07428	1.07440	1.07398	1.07401	529	0	2
2024.04.02	02:00:00	1.07401	1.07401	1.07357	1.07373	1438	0	2
2024.04.02	03:00:00	1.07373	1.07387	1.07309	1.07371	2800	0	2
2024.04.02	04:00:00	1.07371	1.07381	1.07301	1.07341	1886	0	2
2024.04.02	05:00:00	1.07340	1.07353	1.07297	1.07348	1275	0	2
2024.04.02	06:00:00	1.07350	1.07362	1.07296	1.07300	1058	0	2
2024.04.02	07:00:00	1.07302	1.07340	1.07292	1.07332	1095	0	2
2024.04.02	08:00:00	1.07332	1.07350	1.07258	1.07268	1679	0	2
2024.04.02	09:00:00	1.07267	1.07321	1.07244	1.07287	4762	0	2
2024.04.02	10:00:00	1.07288	1.07428	1.07259	1.07418	3770	0	2
2024.04.02	11:00:00	1.07412	1.07412	1.07263	1.07314	4255	0	2
2024.04.02	12:00:00	1.07314	1.07431	1.07311	1.07420	3346	0	2
2024.04.02	13:00:00	1.07419	1.07459	1.07385	1.07452	2907	0	2
2024.04.02	14:00:00	1.07452	1.07534	1.07428	1.07516	3751	0	2
2024.04.02	15:00:00	1.07515	1.07560	1.07455	1.07490	4529	0	2
2024.04.02	16:00:00	1.07489	1.07679	1.07479	1.07645	5348	0	2
2024.04.02	17:00:00	1.07643	1.07791	1.07577	1.07657	7089	0	2
2024.04.02	18:00:00	1.07657	1.07718	1.07642	1.07689	3908	0	2
2024.04.02	19:00:00	1.07689	1.07704	1.07647	1.07683	2305	0	2
2024.04.02	20:00:00	1.07682	1.07689	1.07644	1.07673	1746	0	2
2024.04.02	21:00:00	1.07674	1.07686	1.07622	1.07634	1368	0	2
2024.04.02	22:00:00	1.07637	1.07681	1.07602	1.07679	1659	0	2
2024.04.02	23:00:00	1.07678	1.07686	1.07659	1.07684	796	0	2
2024.04.03	00:00:00	1.07699	1.07736	1.07691	1.07733	776	0	5
2024.04.03	01:00:00	1.07738	1.07738	1.07679	1.07682	603	0	2
2024.04.03	02:00:00	1.07682	1.07689	1.07666	1.07681	1102	0	2
2024.04.03	03:00:00	1.07681	1.07716	1.07658	1.07686	2085	0	2
2024.04.03	04:00:00	1.07686	1.07737	1.07657	1.07721	2608	0	2
2024.04.03	05:00:00	1.07721	1.07749	1.07715	1.07743	1228	0	2
2024.04.03	06:00:00	1.07743	1.07793	1.07740	1.07772	1232	0	2
2024.04.03	07:00:00	1.07772	1.07781	1.07745	1.07746	1664	0	2
2024.04.03	08:00:00	1.07747	1.07774	1.07740	1.07752	1474	0	2
2024.04.03	09:00:00	1.07752	1.07759	1.07670	1.07692	2056	0	2
2024.04.03	10:00:00	1.07694	1.07723	1.07639	1.07705	3288	0	2
2024.04.03	11:00:00	1.07704	1.07774	1.07698	1.07710	2342	0	2
2024.04.03	12:00:00	1.07714	1.07747	1.07650	1.07676	2888	0	2
2024.04.03	13:00:00	1.07678	1.07767	1.07661	1.07753	2328	0	2
2024.04.03	14:00:00	1.07754	1.07850	1.07754	1.07839	2618	0	2
2024.04.03	15:00:00	1.07838	1.07863	1.07729	1.07777	5071	0	2
2024.04.03	16:00:00	1.07778	1.07926	1.07777	1.07893	5320	0	2
2024.04.03	17:00:00	1.07918	1.08241	1.07918	1.08228	7911	0	2
2024.04.03	18:00:00	1.08228	1.08305	1.08192	1.08267	5704	0	2
2024.04.03	19:00:00	1.08267	1.08362	1.08204	1.08306	5440	0	2
2024.04.03	20:00:00	1.08307	1.08343	1.08255	1.08322	2832	0	2
2024.04.03	21:00:00	1.08322	1.08368	1.08315	1.08347	3097	0	2
2024.04.03	22:00:00	1.08348	1.08349	1.08291	1.08334	2730	0	2
2024.04.03	23:00:00	1.08334	1.08367	1.08325	1.08366	750	0	2
2024.04.04	00:00:00	1.08337	1.08356	1.08325	1.08335	497	0	5
2024.04.04	01:00:00	1.08335	1.08383	1.08335	1.08376	431	0	2
2024.04.04	02:00:00	1.08376	1.08407	1.08361	1.08381	1210	0	2
2024.04.04	03:00:00	1.08380	1.08433	1.08346	1.08431	1804	0	2
2024.04.04	04:00:00	1.08429	1.08438	1.08399	1.08409	1101	0	2
2024.04.04	05:00:00	1.08408	1.08445	1.08381	1.08429	1057	0	2
2024.04.04	06:00:00	1.08429	1.08434	1.08400	1.08425	1322	0	2
2024.04.04	07:00:00	1.08426	1.08447	1.08425	1.08427	883	0	2
2024.04.04	08:00:00	1.08428	1.08464	1.08410	1.08418	1397	0	2
2024.04.04	09:00:00	1.08418	1.08461	1.08389	1.08399	3424	0	2
2024.04.04	10:00:00	1.08398	1.08583	1.08392	1.08572	4435	0	2
2024.04.04	11:00:00	1.08572	1.08626	1.08508	1.08619	3920	0	2
2024.04.04	12:00:00	1.08619	1.08654	1.08554	1.08586	3088	0	2
2024.04.04	13:00:00	1.08587	1.08616	1.08557	1.08595	2769	0	2
2024.04.04	14:00:00	1.08596	1.08624	1.08518	1.08527	2815	0	2
2024.04.04	15:00:00	1.08527	1.08703	1.08506	1.08696	3918	0	2
2024.04.04	16:00:00	1.08696	1.08765	1.08642	1.08699	4962	0	2
2024.04.04	17:00:00	1.08698	1.08760	1.08665	1.08676	4825	0	2
2024.04.04	18:00:00	1.08675	1.08689	1.08623	1.08649	2532	0	2
2024.04.04	19:00:00	1.08649	1.08670	1.08579	1.08588	1918	0	2
2024.04.04	20:00:00	1.08587	1.08619	1.08581	1.08600	1470	0	2
2024.04.04	21:00:00	1.08599	1.08600	1.08464	1.08500	5659	0	2
2024.04.04	22:00:00	1.08501	1.08507	1.08331	1.08335	6281	0	2
2024.04.04	23:00:00	1.08335	1.08387	1.08317	1.08381	1363	0	2
2024.04.05	00:00:00	1.08383	1.08398	1.08341	1.08369	1977	0	5
2024.04.05	01:00:00	1.08379	1.08401	1.08356	1.08364	880	0	2
2024.04.05	02:00:00	1.08364	1.08402	1.08358	1.08364	1962	0	2
2024.04.05	03:00:00	1.08364	1.08439	1.08349	1.08417	3092	0	2
2024.04.05	04:00:00	1.08416	1.08430	1.08248	1.08267	4027	0	2
2024.04.05	05:00:00	1.08267	1.08283	1.08231	1.08251	1663	0	2
2024.04.05	06:00:00	1.08253	1.08280	1.08245	1.08268	1527	0	2
2024.04.05	07:00:00	1.08268	1.08278	1.08248	1.08263	1916	0	2
2024.04.05	08:00:00	1.08264	1.08280	1.08250	1.08274	1403	0	2
2024.04.05	09:00:00	1.08274	1.08331	1.08225	1.08304	2641	0	2
2024.04.05	10:00:00	1.08305	1.08410	1.08303	1.08390	3628	0	2
2024.04.05	11:00:00	1.08388	1.08463	1.08361	1.08374	2724	0	2
2024.04.05	12:00:00	1.08374	1.08422	1.08347	1.08388	2394	0	2
2024.04.05	13:00:00	1.08387	1.08391	1.08325	1.08344	2270	0	2
2024.04.05	14:00:00	1.08345	1.08417	1.08305	1.08349	2230	0	2
2024.04.05	15:00:00	1.08349	1.08479	1.07999	1.08092	8078	0	2
2024.04.05	16:00:00	1.08092	1.08137	1.07913	1.08011	8264	0	2
2024.04.05	17:00:00	1.08010	1.08264	1.07969	1.08186	7607	0	2
2024.04.05	18:00:00	1.08187	1.08434	1.08161	1.08402	5819	0	2
2024.04.05	19:00:00	1.08402	1.08444	1.08330	1.08356	3406	0	2
2024.04.05	20:00:00	1.08356	1.08389	1.08313	1.08327	2369	0	2
2024.04.05	21:00:00	1.08327	1.08380	1.08305	1.08348	2838	0	2
2024.04.05	22:00:00	1.08348	1.08369	1.08319	1.08354	2438	0	2
2024.04.05	23:00:00	1.08351	1.08377	1.08336	1.08370	1369	0	2
2024.04.08	00:00:00	1.08361	1.08377	1.08338	1.08356	218	0	18
2024.04.08	01:00:00	1.08356	1.08372	1.08272	1.08279	751	0	2
2024.04.08	02:00:00	1.08279	1.08330	1.08277	1.08297	1001	0	2
2024.04.08	03:00:00	1.08298	1.08299	1.08229	1.08268	2108	0	2
2024.04.08	04:00:00	1.08268	1.08364	1.08267	1.08353	2441	0	2
2024.04.08	05:00:00	1.08353	1.08432	1.08347	1.08406	2068	0	2
2024.04.08	06:00:00	1.08406	1.08416	1.08320	1.08334	1540	0	2
2024.04.08	07:00:00	1.08335	1.08353	1.08310	1.08321	975	0	2
2024.04.08	08:00:00	1.08322	1.08373	1.08321	1.08345	2052	0	2
2024.04.08	09:00:00	1.08345	1.08375	1.08297	1.08339	3285	0	2
2024.04.08	10:00:00	1.08340	1.08377	1.08282	1.08322	3370	0	2
2024.04.08	11:00:00	1.08323	1.08353	1.08221	1.08235	4395	0	2
2024.04.08	12:00:00	1.08234	1.08299	1.08206	1.08279	3432	0	2
2024.04.08	13:00:00	1.08279	1.08341	1.08258	1.08323	2097	0	2
2024.04.08	14:00:00	1.08323	1.08332	1.08231	1.08238	2887	0	2
2024.04.08	15:00:00	1.08239	1.08356	1.08216	1.08342	3813	0	2
2024.04.08	16:00:00	1.08343	1.08534	1.08343	1.08516	4778	0	2
2024.04.08	17:00:00	1.08516	1.08562	1.08434	1.08533	5405	0	2
2024.04.08	18:00:00	1.08533	1.08588	1.08493	1.08527	3875	0	2
2024.04.08	19:00:00	1.08527	1.08529	1.08467	1.08501	2578	0	2
2024.04.08	20:00:00	1.08502	1.08592	1.08495	1.08579	1946	0	2
2024.04.08	21:00:00	1.08578	1.08622	1.08555	1.08572	1842	0	2
2024.04.08	22:00:00	1.08573	1.08588	1.08558	1.08567	2297	0	2
2024.04.08	23:00:00	1.08566	1.08595	1.08562	1.08591	725	0	2
2024.04.09	00:00:00	1.08558	1.08624	1.08549	1.08589	2155	0	5
2024.04.09	01:00:00	1.08589	1.08610	1.08589	1.08604	359	0	2
2024.04.09	02:00:00	1.08604	1.08634	1.08604	1.08620	838	0	2
2024.04.09	03:00:00	1.08620	1.08635	1.08577	1.08586	1461	0	2
2024.04.09	04:00:00	1.08587	1.08620	1.08568	1.08597	2411	0	2
2024.04.09	05:00:00	1.08596	1.08622	1.08557	1.08570	1415	0	2
2024.04.09	06:00:00	1.08569	1.08574	1.08539	1.08553	1156	0	2
2024.04.09	07:00:00	1.08554	1.08583	1.08553	1.08565	945	0	2
2024.04.09	08:00:00	1.08566	1.08585	1.08559	1.08578	1127	0	2
2024.04.09	09:00:00	1.08579	1.08627	1.08510	1.08521	2160	0	2
2024.04.09	10:00:00	1.08521	1.08601	1.08513	1.08532	3336	0	2
2024.04.09	11:00:00	1.08534	1.08587	1.08490	1.08575	2433	0	2
2024.04.09	12:00:00	1.08575	1.08658	1.08564	1.08650	2862	0	2
2024.04.09	13:00:00	1.08651	1.08705	1.08651	1.08689	2151	0	2
2024.04.09	14:00:00	1.08689	1.08728	1.08593	1.08612	2807	0	2
2024.04.09	15:00:00	1.08614	1.08840	1.08603	1.08805	4144	0	2
2024.04.09	16:00:00	1.08807	1.08851	1.08760	1.08787	5529	0	2
2024.04.09	17:00:00	1.08788	1.08822	1.08529	1.08573	5325	0	2
2024.04.09	18:00:00	1.08571	1.08590	1.08522	1.08556	4626	0	2
2024.04.09	19:00:00	1.08556	1.08600	1.08534	1.08546	4003	0	2
2024.04.09	20:00:00	1.08544	1.08554	1.08510	1.08513	2671	0	2
2024.04.09	21:00:00	1.08512	1.08547	1.08500	1.08529	1724	0	2
2024.04.09	22:00:00	1.08528	1.08573	1.08475	1.08564	2879	0	2
2024.04.09	23:00:00	1.08566	1.08590	1.08555	1.08573	712	0	2
2024.04.10	00:00:00	1.08565	1.08589	1.08525	1.08573	2669	0	5
2024.04.10	01:00:00	1.08573	1.08587	1.08570	1.08587	318	0	2
2024.04.10	02:00:00	1.08587	1.08598	1.08577	1.08589	411	0	2
2024.04.10	03:00:00	1.08588	1.08589	1.08551	1.08572	1460	0	2
2024.04.10	04:00:00	1.08571	1.08588	1.08513	1.08543	1636	0	2
2024.04.10	05:00:00	1.08543	1.08555	1.08507	1.08533	1781	0	2
2024.04.10	06:00:00	1.08533	1.08544	1.08520	1.08530	948	0	2
2024.04.10	07:00:00	1.08531	1.08533	1.08503	1.08523	1125	0	2
2024.04.10	08:00:00	1.08524	1.08557	1.08512	1.08518	1262	0	2
2024.04.10	09:00:00	1.08518	1.08548	1.08477	1.08531	2693	0	2
2024.04.10	10:00:00	1.08531	1.08572	1.08508	1.08554	3368	0	2
2024.04.10	11:00:00	1.08554	1.08606	1.08512	1.08604	2576	0	2
2024.04.10	12:00:00	1.08604	1.08656	1.08567	1.08616	2378	0	2
2024.04.10	13:00:00	1.08615	1.08658	1.08602	1.08644	2347	0	2
2024.04.10	14:00:00	1.08644	1.08664	1.08548	1.08556	2552	0	2
2024.04.10	15:00:00	1.08555	1.08647	1.07783	1.07807	8227	0	2
2024.04.10	16:00:00	1.07806	1.07811	1.07494	1.07509	9999	0	2
2024.04.10	17:00:00	1.07510	1.07671	1.07455	1.07534	7114	0	2
2024.04.10	18:00:00	1.07533	1.07547	1.07334	1.07367	5375	0	2
2024.04.10	19:00:00	1.07367	1.07373	1.07287	1.07359	3673	0	2
2024.04.10	20:00:00	1.07359	1.07541	1.07289	1.07506	7045	0	2
2024.04.10	21:00:00	1.07506	1.07541	1.07350	1.07363	5785	0	2
2024.04.10	22:00:00	1.07363	1.07456	1.07355	1.07439	4231	0	2
2024.04.10	23:00:00	1.07437	1.07458	1.07413	1.07418	1115	0	2
2024.04.11	00:00:00	1.07429	1.07445	1.07387	1.07422	1292	0	5
2024.04.11	01:00:00	1.07422	1.07436	1.07400	1.07433	586	0	2
2024.04.11	02:00:00	1.07433	1.07448	1.07391	1.07411	1039	0	2
2024.04.11	03:00:00	1.07412	1.07459	1.07381	1.07424	3118	0	2
2024.04.11	04:00:00	1.07425	1.07470	1.07411	1.07461	3510	0	2
2024.04.11	05:00:00	1.07460	1.07469	1.07443	1.07456	1266	0	2
2024.04.11	06:00:00	1.07455	1.07488	1.07444	1.07447	1074	0	2
2024.04.11	07:00:00	1.07447	1.07466	1.07438	1.07462	843	0	2
2024.04.11	08:00:00	1.07463	1.07471	1.07428	1.07428	1429	0	2
2024.04.11	09:00:00	1.07429	1.07429	1.07265	1.07281	3783	0	2
2024.04.11	10:00:00	1.07283	1.07448	1.07278	1.07429	4797	0	2
2024.04.11	11:00:00	1.07430	1.07497	1.07381	1.07403	4145	0	2
2024.04.11	12:00:00	1.07403	1.07407	1.07287	1.07309	4685	0	2
2024.04.11	13:00:00	1.07308	1.07338	1.07261	1.07297	3456	0	2
2024.04.11	14:00:00	1.07296	1.07342	1.07254	1.07284	3620	0	2
2024.04.11	15:00:00	1.07284	1.07469	1.07148	1.07413	9410	0	2
2024.04.11	16:00:00	1.07413	1.07565	1.07280	1.07346	9014	0	2
2024.04.11	17:00:00	1.07347	1.07347	1.06992	1.07051	7537	0	2
2024.04.11	18:00:00	1.07051	1.07214	1.07020	1.07208	5764	0	2
2024.04.11	19:00:00	1.07211	1.07234	1.07134	1.07175	4634	0	2
2024.04.11	20:00:00	1.07175	1.07295	1.07152	1.07275	3881	0	2
2024.04.11	21:00:00	1.07276	1.07345	1.07248	1.07254	3302	0	2
2024.04.11	22:00:00	1.07255	1.07321	1.07252	1.07289	2083	0	2
2024.04.11	23:00:00	1.07288	1.07291	1.07256	1.07258	661	0	2
2024.04.12	00:00:00	1.07271	1.07279	1.07254	1.07266	285	0	5
2024.04.12	01:00:00	1.07266	1.07293	1.07258	1.07281	515	0	2
2024.04.12	02:00:00	1.07281	1.07283	1.07237	1.07260	536	0	2
2024.04.12	03:00:00	1.07260	1.07275	1.07225	1.07260	1918	0	2
2024.04.12	04:00:00	1.07259	1.07282	1.07229	1.07245	2389	0	2
2024.04.12	05:00:00	1.07244	1.07275	1.07232	1.07266	1260	0	2
2024.04.12	06:00:00	1.07266	1.07268	1.07151	1.07169	1287	0	2
2024.04.12	07:00:00	1.07169	1.07173	1.07108	1.07113	1188	0	2
2024.04.12	08:00:00	1.07112	1.07142	1.07105	1.07114	1396	0	2
2024.04.12	09:00:00	1.07114	1.07121	1.06808	1.06831	4432	0	2
2024.04.12	10:00:00	1.06831	1.06874	1.06745	1.06844	5209	0	2
2024.04.12	11:00:00	1.06844	1.06850	1.06706	1.06711	3702	0	2
2024.04.12	12:00:00	1.06711	1.06749	1.06548	1.06603	3938	0	2
2024.04.12	13:00:00	1.06604	1.06607	1.06440	1.06469	4346	0	2
2024.04.12	14:00:00	1.06469	1.06591	1.06460	1.06509	3516	0	2
2024.04.12	15:00:00	1.06509	1.06555	1.06311	1.06382	5535	0	2
2024.04.12	16:00:00	1.06382	1.06439	1.06309	1.06423	6709	0	2
2024.04.12	17:00:00	1.06427	1.06461	1.06225	1.06299	7534	0	2
2024.04.12	18:00:00	1.06298	1.06509	1.06293	1.06467	4662	0	2
2024.04.12	19:00:00	1.06466	1.06469	1.06377	1.06417	4530	0	2
2024.04.12	20:00:00	1.06419	1.06497	1.06404	1.06469	4258	0	2
2024.04.12	21:00:00	1.06469	1.06504	1.06388	1.06390	3820	0	2
2024.04.12	22:00:00	1.06389	1.06427	1.06372	1.06382	2283	0	2
2024.04.12	23:00:00	1.06381	1.06443	1.06371	1.06413	1177	0	2
2024.04.15	00:00:00	1.06341	1.06360	1.06304	1.06335	1076	0	17
2024.04.15	01:00:00	1.06335	1.06515	1.06335	1.06496	2366	0	2
2024.04.15	02:00:00	1.06496	1.06499	1.06433	1.06460	1606	0	2
2024.04.15	03:00:00	1.06461	1.06497	1.06431	1.06455	3247	0	2
2024.04.15	04:00:00	1.06455	1.06507	1.06391	1.06496	3626	0	2
2024.04.15	05:00:00	1.06496	1.06548	1.06489	1.06504	2202	0	2
2024.04.15	06:00:00	1.06504	1.06537	1.06474	1.06519	1705	0	2
2024.04.15	07:00:00	1.06521	1.06540	1.06469	1.06525	1931	0	2
2024.04.15	08:00:00	1.06525	1.06591	1.06504	1.06580	1790	0	2
2024.04.15	09:00:00	1.06580	1.06648	1.06515	1.06544	3864	0	2
2024.04.15	10:00:00	1.06543	1.06610	1.06498	1.06581	4556	0	2
2024.04.15	11:00:00	1.06580	1.06618	1.06537	1.06562	4123	0	2
2024.04.15	12:00:00	1.06563	1.06624	1.06535	1.06548	3295	0	2
2024.04.15	13:00:00	1.06549	1.06598	1.06516	1.06576	2320	0	2
2024.04.15	14:00:00	1.06576	1.06650	1.06515	1.06546	3717	0	2
2024.04.15	15:00:00	1.06547	1.06575	1.06308	1.06470	6657	0	2
2024.04.15	16:00:00	1.06472	1.06608	1.06340	1.06369	6750	0	2
2024.04.15	17:00:00	1.06369	1.06378	1.06218	1.06268	8369	0	2
2024.04.15	18:00:00	1.06269	1.06451	1.06226	1.06436	4842	0	2
2024.04.15	19:00:00	1.06434	1.06473	1.06344	1.06361	4821	0	2
2024.04.15	20:00:00	1.06361	1.06394	1.06228	1.06287	5587	0	2
2024.04.15	21:00:00	1.06287	1.06315	1.06234	1.06249	4129	0	2
2024.04.15	22:00:00	1.06251	1.06273	1.06202	1.06265	4027	0	2
2024.04.15	23:00:00	1.06262	1.06270	1.06209	1.06225	909	0	2
2024.04.16	00:00:00	1.06236	1.06251	1.06222	1.06238	835	0	5
2024.04.16	01:00:00	1.06238	1.06279	1.06238	1.06269	767	0	2
2024.04.16	02:00:00	1.06269	1.06284	1.06240	1.06245	1159	0	2
2024.04.16	03:00:00	1.06245	1.06254	1.06178	1.06182	2501	0	2
2024.04.16	04:00:00	1.06183	1.06193	1.06060	1.06156	3435	0	2
2024.04.16	05:00:00	1.06157	1.06174	1.06059	1.06099	3133	0	2
2024.04.16	06:00:00	1.06099	1.06125	1.06071	1.06113	1306	0	2
2024.04.16	07:00:00	1.06113	1.06141	1.06099	1.06138	1272	0	2
2024.04.16	08:00:00	1.06138	1.06205	1.06135	1.06183	2151	0	2
2024.04.16	09:00:00	1.06183	1.06198	1.06022	1.06103	4638	0	2
2024.04.16	10:00:00	1.06102	1.06227	1.06101	1.06179	5886	0	2
2024.04.16	11:00:00	1.06179	1.06246	1.06125	1.06161	4346	0	2
2024.04.16	12:00:00	1.06159	1.06349	1.06159	1.06292	4938	0	2
2024.04.16	13:00:00	1.06293	1.06325	1.06231	1.06261	4194	0	2
2024.04.16	14:00:00	1.06263	1.06472	1.06257	1.06424	3238	0	2
2024.04.16	15:00:00	1.06422	1.06536	1.06359	1.06389	5574	0	2
2024.04.16	16:00:00	1.06388	1.06437	1.06274	1.06293	8668	0	2
2024.04.16	17:00:00	1.06293	1.06448	1.06274	1.06317	7312	0	2
2024.04.16	18:00:00	1.06318	1.06395	1.06217	1.06279	5501	0	2
2024.04.16	19:00:00	1.06279	1.06283	1.06187	1.06250	5949	0	2
2024.04.16	20:00:00	1.06251	1.06255	1.06011	1.06208	8499	0	2
2024.04.16	21:00:00	1.06208	1.06350	1.06158	1.06309	7266	0	2
2024.04.16	22:00:00	1.06310	1.06318	1.06176	1.06219	3806	0	2
2024.04.16	23:00:00	1.06219	1.06229	1.06166	1.06184	1010	0	2
2024.04.17	00:00:00	1.06173	1.06199	1.06128	1.06170	2132	0	5
2024.04.17	01:00:00	1.06170	1.06198	1.06125	1.06197	902	0	2
2024.04.17	02:00:00	1.06197	1.06252	1.06193	1.06209	1367	0	2
2024.04.17	03:00:00	1.06209	1.06239	1.06169	1.06223	2412	0	2
2024.04.17	04:00:00	1.06222	1.06296	1.06201	1.06280	2519	0	2
2024.04.17	05:00:00	1.06280	1.06355	1.06270	1.06341	1621	0	2
2024.04.17	06:00:00	1.06341	1.06344	1.06269	1.06270	2097	0	2
2024.04.17	07:00:00	1.06270	1.06313	1.06244	1.06248	1102	0	2
2024.04.17	08:00:00	1.06248	1.06248	1.06097	1.06117	1846	0	2
2024.04.17	09:00:00	1.06117	1.06377	1.06060	1.06346	5081	0	2
2024.04.17	10:00:00	1.06346	1.06347	1.06240	1.06252	6012	0	2
2024.04.17	11:00:00	1.06252	1.06488	1.06239	1.06402	4561	0	2
2024.04.17	12:00:00	1.06404	1.06487	1.06352	1.06410	4147	0	2
2024.04.17	13:00:00	1.06409	1.06467	1.06380	1.06394	2424	0	2
2024.04.17	14:00:00	1.06394	1.06491	1.06320	1.06355	3452	0	2
2024.04.17	15:00:00	1.06356	1.06427	1.06314	1.06348	4444	0	2
2024.04.17	16:00:00	1.06348	1.06527	1.06345	1.06439	5395	0	2
2024.04.17	17:00:00	1.06440	1.06445	1.06300	1.06355	6597	0	2
2024.04.17	18:00:00	1.06356	1.06461	1.06355	1.06430	5414	0	2
2024.04.17	19:00:00	1.06430	1.06563	1.06360	1.06496	5970	0	2
2024.04.17	20:00:00	1.06497	1.06687	1.06479	1.06681	5046	0	2
2024.04.17	21:00:00	1.06681	1.06796	1.06670	1.06704	4957	0	2
2024.04.17	22:00:00	1.06702	1.06720	1.06642	1.06711	4083	0	2
2024.04.17	23:00:00	1.06712	1.06736	1.06694	1.06733	834	0	2
2024.04.18	00:00:00	1.06717	1.06729	1.06685	1.06712	1425	0	5
2024.04.18	01:00:00	1.06712	1.06755	1.06711	1.06726	796	0	2
2024.04.18	02:00:00	1.06726	1.06737	1.06678	1.06689	769	0	2
2024.04.18	03:00:00	1.06688	1.06704	1.06641	1.06696	1655	0	2
2024.04.18	04:00:00	1.06698	1.06740	1.06644	1.06702	2397	0	2
2024.04.18	05:00:00	1.06703	1.06788	1.06688	1.06778	2034	0	2
2024.04.18	06:00:00	1.06778	1.06802	1.06753	1.06798	1481	0	2
2024.04.18	07:00:00	1.06799	1.06801	1.06756	1.06783	941	0	2
2024.04.18	08:00:00	1.06782	1.06841	1.06748	1.06809	1635	0	2
2024.04.18	09:00:00	1.06809	1.06901	1.06790	1.06853	3004	0	2
2024.04.18	10:00:00	1.06854	1.06880	1.06782	1.06810	4418	0	2
2024.04.18	11:00:00	1.06808	1.06839	1.06748	1.06785	3606	0	2
2024.04.18	12:00:00	1.06785	1.06814	1.06699	1.06705	2889	0	2
2024.04.18	13:00:00	1.06703	1.06771	1.06699	1.06758	2398	0	2
2024.04.18	14:00:00	1.06758	1.06790	1.06699	1.06771	2835	0	2
2024.04.18	15:00:00	1.06771	1.06797	1.06599	1.06626	6119	0	2
2024.04.18	16:00:00	1.06627	1.06684	1.06462	1.06505	7736	0	2
2024.04.18	17:00:00	1.06508	1.06632	1.06497	1.06538	6266	0	2
2024.04.18	18:00:00	1.06538	1.06648	1.06538	1.06599	4245	0	2
2024.04.18	19:00:00	1.06599	1.06617	1.06516	1.06533	3326	0	2
2024.04.18	20:00:00	1.06532	1.06548	1.06429	1.06482	3941	0	2
2024.04.18	21:00:00	1.06482	1.06493	1.06419	1.06451	3038	0	2
2024.04.18	22:00:00	1.06451	1.06482	1.06424	1.06437	3016	0	2
2024.04.18	23:00:00	1.06436	1.06458	1.06414	1.06416	814	0	2
2024.04.19	00:00:00	1.06439	1.06444	1.06422	1.06424	904	0	5
2024.04.19	01:00:00	1.06424	1.06445	1.06402	1.06404	439	0	2
2024.04.19	02:00:00	1.06404	1.06439	1.06399	1.06423	975	0	2
2024.04.19	03:00:00	1.06422	1.06444	1.06359	1.06385	3038	0	2
2024.04.19	04:00:00	1.06386	1.06400	1.06135	1.06186	7372	0	2
2024.04.19	05:00:00	1.06187	1.06237	1.06103	1.06180	8373	0	3
2024.04.19	06:00:00	1.06180	1.06404	1.06153	1.06372	6674	0	3
2024.04.19	07:00:00	1.06372	1.06431	1.06335	1.06345	3355	0	2
2024.04.19	08:00:00	1.06346	1.06408	1.06295	1.06307	3169	0	2
2024.04.19	09:00:00	1.06305	1.06492	1.06268	1.06448	6085	0	2
2024.04.19	10:00:00	1.06449	1.06592	1.06437	1.06554	6823	0	2
2024.04.19	11:00:00	1.06554	1.06554	1.06430	1.06455	5153	0	2
2024.04.19	12:00:00	1.06456	1.06621	1.06451	1.06589	3653	0	2
2024.04.19	13:00:00	1.06590	1.06591	1.06469	1.06474	3961	0	2
2024.04.19	14:00:00	1.06473	1.06552	1.06431	1.06518	3745	0	2
2024.04.19	15:00:00	1.06515	1.06737	1.06495	1.06654	5625	0	2
2024.04.19	16:00:00	1.06654	1.06755	1.06586	1.06658	6222	0	2
2024.04.19	17:00:00	1.06656	1.06775	1.06637	1.06695	6949	0	2
2024.04.19	18:00:00	1.06694	1.06718	1.06537	1.06549	5012	0	2
2024.04.19	19:00:00	1.06549	1.06596	1.06401	1.06535	4658	0	2
2024.04.19	20:00:00	1.06534	1.06584	1.06509	1.06556	3908	0	2
2024.04.19	21:00:00	1.06555	1.06556	1.06465	1.06506	4797	0	2
2024.04.19	22:00:00	1.06507	1.06553	1.06497	1.06547	2869	0	2
2024.04.19	23:00:00	1.06547	1.06575	1.06531	1.06572	859	0	2
2024.04.22	00:00:00	1.06511	1.06604	1.06488	1.06528	1043	0	12
2024.04.22	01:00:00	1.06528	1.06614	1.06528	1.06588	770	0	2
2024.04.22	02:00:00	1.06588	1.06611	1.06573	1.06573	857	0	2
2024.04.22	03:00:00	1.06575	1.06648	1.06526	1.06532	3314	0	2
2024.04.22	04:00:00	1.06532	1.06697	1.06531	1.06681	3745	0	2
2024.04.22	05:00:00	1.06681	1.06706	1.06638	1.06641	1449	0	2
2024.04.22	06:00:00	1.06639	1.06646	1.06603	1.06618	1246	0	2
2024.04.22	07:00:00	1.06618	1.06685	1.06613	1.06653	1061	0	2
2024.04.22	08:00:00	1.06654	1.06660	1.06618	1.06637	1693	0	2
2024.04.22	09:00:00	1.06639	1.06692	1.06605	1.06639	3364	0	2
2024.04.22	10:00:00	1.06640	1.06677	1.06523	1.06583	4064	0	2
2024.04.22	11:00:00	1.06585	1.06623	1.06473	1.06569	4278	0	2
2024.04.22	12:00:00	1.06568	1.06619	1.06488	1.06513	2977	0	2
2024.04.22	13:00:00	1.06514	1.06551	1.06473	1.06506	3287	0	2
2024.04.22	14:00:00	1.06506	1.06508	1.06329	1.06351	3297	0	2
2024.04.22	15:00:00	1.06351	1.06439	1.06307	1.06398	4068	0	2
2024.04.22	16:00:00	1.06397	1.06410	1.06238	1.06332	4939	0	2
2024.04.22	17:00:00	1.06332	1.06478	1.06327	1.06451	5158	0	2
2024.04.22	18:00:00	1.06450	1.06480	1.06406	1.06471	3122	0	2
2024.04.22	19:00:00	1.06471	1.06509	1.06461	1.06487	2061	0	2
2024.04.22	20:00:00	1.06487	1.06577	1.06482	1.06572	1522	0	2
2024.04.22	21:00:00	1.06573	1.06607	1.06540	1.06584	1948	0	2
2024.04.22	22:00:00	1.06584	1.06585	1.06504	1.06519	2479	0	2
2024.04.22	23:00:00	1.06518	1.06553	1.06504	1.06544	657	0	2
2024.04.23	00:00:00	1.06534	1.06547	1.06494	1.06513	594	0	5
2024.04.23	01:00:00	1.06513	1.06547	1.06513	1.06544	566	0	2
2024.04.23	02:00:00	1.06543	1.06557	1.06523	1.06537	674	0	2
2024.04.23	03:00:00	1.06539	1.06592	1.06537	1.06586	1561	0	2
2024.04.23	04:00:00	1.06585	1.06605	1.06532	1.06542	2293	0	2
2024.04.23	05:00:00	1.06541	1.06606	1.06537	1.06584	1470	0	2
2024.04.23	06:00:00	1.06584	1.06589	1.06545	1.06561	1853	0	2
2024.04.23	07:00:00	1.06563	1.06583	1.06540	1.06551	1334	0	2
2024.04.23	08:00:00	1.06551	1.06551	1.06494	1.06508	1543	0	2
2024.04.23	09:00:00	1.06508	1.06509	1.06385	1.06451	2889	0	2
2024.04.23	10:00:00	1.06451	1.06948	1.06436	1.06794	7080	0	2
2024.04.23	11:00:00	1.06782	1.06830	1.06694	1.06706	5005	0	2
2024.04.23	12:00:00	1.06706	1.06706	1.06561	1.06595	3909	0	2
2024.04.23	13:00:00	1.06594	1.06628	1.06531	1.06549	2981	0	2
2024.04.23	14:00:00	1.06549	1.06779	1.06547	1.06745	3588	0	2
2024.04.23	15:00:00	1.06745	1.06768	1.06640	1.06720	4591	0	2
2024.04.23	16:00:00	1.06720	1.07099	1.06600	1.07009	5619	0	2
2024.04.23	17:00:00	1.07013	1.07113	1.06903	1.06984	8911	0	2
2024.04.23	18:00:00	1.06984	1.07034	1.06900	1.06945	4523	0	2
2024.04.23	19:00:00	1.06947	1.07023	1.06922	1.06999	2870	0	2
2024.04.23	20:00:00	1.06999	1.07076	1.06993	1.07048	2468	0	2
2024.04.23	21:00:00	1.07047	1.07074	1.07017	1.07038	2340	0	2
2024.04.23	22:00:00	1.07040	1.07055	1.07017	1.07029	1871	0	2
2024.04.23	23:00:00	1.07027	1.07031	1.07000	1.07026	743	0	2
2024.04.24	00:00:00	1.07028	1.07028	1.06989	1.07025	662	0	5
2024.04.24	01:00:00	1.07025	1.07045	1.07007	1.07031	486	0	2
2024.04.24	02:00:00	1.07031	1.07034	1.06994	1.07023	770	0	2
2024.04.24	03:00:00	1.07025	1.07106	1.07001	1.07094	1516	0	2
2024.04.24	04:00:00	1.07095	1.07142	1.07076	1.07097	2423	0	2
2024.04.24	05:00:00	1.07098	1.07131	1.07075	1.07101	1637	0	2
2024.04.24	06:00:00	1.07102	1.07109	1.07042	1.07062	1236	0	2
2024.04.24	07:00:00	1.07062	1.07089	1.07050	1.07051	871	0	2
2024.04.24	08:00:00	1.07052	1.07056	1.07001	1.07010	1426	0	2
2024.04.24	09:00:00	1.07010	1.07053	1.06921	1.06945	3048	0	2
2024.04.24	10:00:00	1.06944	1.06960	1.06848	1.06882	4018	0	2
2024.04.24	11:00:00	1.06881	1.06924	1.06806	1.06833	3344	0	2
2024.04.24	12:00:00	1.06833	1.06908	1.06833	1.06838	2743	0	2
2024.04.24	13:00:00	1.06835	1.06919	1.06835	1.06882	2136	0	2
2024.04.24	14:00:00	1.06876	1.06899	1.06831	1.06891	2506	0	2
2024.04.24	15:00:00	1.06892	1.06930	1.06778	1.06867	5464	0	2
2024.04.24	16:00:00	1.06867	1.06993	1.06839	1.06934	5368	0	2
2024.04.24	17:00:00	1.06933	1.07025	1.06855	1.06881	5573	0	2
2024.04.24	18:00:00	1.06880	1.06912	1.06810	1.06863	4219	0	2
2024.04.24	19:00:00	1.06863	1.06911	1.06831	1.06905	3007	0	2
2024.04.24	20:00:00	1.06906	1.06975	1.06897	1.06960	2533	0	2
2024.04.24	21:00:00	1.06961	1.06967	1.06869	1.06933	2881	0	2
2024.04.24	22:00:00	1.06932	1.07064	1.06920	1.07006	2575	0	2
2024.04.24	23:00:00	1.07007	1.07007	1.06967	1.06987	1248	0	2
2024.04.25	00:00:00	1.06946	1.06977	1.06929	1.06967	964	0	6
2024.04.25	01:00:00	1.06967	1.07002	1.06942	1.06973	610	0	2
2024.04.25	02:00:00	1.06973	1.07000	1.06966	1.06998	614	0	2
2024.04.25	03:00:00	1.07001	1.07046	1.06990	1.07034	1474	0	2
2024.04.25	04:00:00	1.07034	1.07087	1.06968	1.07070	1903	0	2
2024.04.25	05:00:00	1.07070	1.07088	1.07041	1.07073	1418	0	2
2024.04.25	06:00:00	1.07074	1.07082	1.07034	1.07060	1373	0	2
2024.04.25	07:00:00	1.07060	1.07099	1.07051	1.07091	643	0	2
2024.04.25	08:00:00	1.07092	1.07131	1.07076	1.07120	1262	0	2
2024.04.25	09:00:00	1.07120	1.07276	1.07112	1.07204	3192	0	2
2024.04.25	10:00:00	1.07204	1.07236	1.07113	1.07209	4029	0	2
2024.04.25	11:00:00	1.07210	1.07287	1.07199	1.07256	3280	0	2
2024.04.25	12:00:00	1.07255	1.07285	1.07211	1.07266	2746	0	2
2024.04.25	13:00:00	1.07267	1.07296	1.07222	1.07247	2389	0	2
2024.04.25	14:00:00	1.07247	1.07296	1.07170	1.07201	2302	0	2
2024.04.25	15:00:00	1.07201	1.07397	1.06853	1.06919	7475	0	2
2024.04.25	16:00:00	1.06920	1.07036	1.06782	1.07005	8890	0	2
2024.04.25	17:00:00	1.07004	1.07207	1.06925	1.07118	7579	0	2
2024.04.25	18:00:00	1.07116	1.07215	1.07077	1.07203	4358	0	2
2024.04.25	19:00:00	1.07202	1.07350	1.07150	1.07310	3812	0	2
2024.04.25	20:00:00	1.07312	1.07387	1.07292	1.07300	3485	0	2
2024.04.25	21:00:00	1.07301	1.07301	1.07228	1.07273	2874	0	2
2024.04.25	22:00:00	1.07274	1.07346	1.07270	1.07294	2122	0	2
2024.04.25	23:00:00	1.07294	1.07307	1.07286	1.07303	844	0	2
2024.04.26	00:00:00	1.07289	1.07294	1.07280	1.07282	246	0	5
2024.04.26	01:00:00	1.07282	1.07302	1.07280	1.07290	446	0	2
2024.04.26	02:00:00	1.07290	1.07302	1.07262	1.07267	751	0	2
2024.04.26	03:00:00	1.07268	1.07279	1.07226	1.07274	1454	0	2
2024.04.26	04:00:00	1.07274	1.07293	1.07235	1.07271	1643	0	2
2024.04.26	05:00:00	1.07270	1.07284	1.07184	1.07228	1171	0	2
2024.04.26	06:00:00	1.07228	1.07253	1.07185	1.07229	1704	0	2
2024.04.26	07:00:00	1.07229	1.07234	1.07210	1.07224	1017	0	2
2024.04.26	08:00:00	1.07224	1.07273	1.07214	1.07261	1488	0	2
2024.04.26	09:00:00	1.07261	1.07387	1.07256	1.07352	3099	0	2
2024.04.26	10:00:00	1.07352	1.07363	1.07257	1.07295	4577	0	2
2024.04.26	11:00:00	1.07294	1.07528	1.07283	1.07409	5809	0	2
2024.04.26	12:00:00	1.07409	1.07433	1.07306	1.07360	3725	0	2
2024.04.26	13:00:00	1.07361	1.07370	1.07262	1.07280	2990	0	2
2024.04.26	14:00:00	1.07279	1.07344	1.07149	1.07158	3807	0	2
2024.04.26	15:00:00	1.07158	1.07410	1.07101	1.07163	7276	0	2
2024.04.26	16:00:00	1.07164	1.07237	1.07061	1.07070	6782	0	2
2024.04.26	17:00:00	1.07071	1.07113	1.06762	1.06799	6798	0	2
2024.04.26	18:00:00	1.06801	1.06904	1.06740	1.06855	5290	0	2
2024.04.26	19:00:00	1.06857	1.06964	1.06837	1.06944	3176	0	2
2024.04.26	20:00:00	1.06945	1.06980	1.06929	1.06941	2057	0	2
2024.04.26	21:00:00	1.06941	1.07057	1.06936	1.07056	1498	0	2
2024.04.26	22:00:00	1.07055	1.07071	1.06965	1.06997	1794	0	2
2024.04.26	23:00:00	1.06996	1.07017	1.06909	1.06940	1120	0	2
2024.04.29	00:00:00	1.06918	1.06972	1.06905	1.06942	516	0	11
2024.04.29	01:00:00	1.06942	1.07036	1.06942	1.07017	629	0	2
2024.04.29	02:00:00	1.07017	1.07071	1.07003	1.07069	1520	0	2
2024.04.29	03:00:00	1.07070	1.07112	1.07061	1.07097	1505	0	2
2024.04.29	04:00:00	1.07098	1.07155	1.07075	1.07143	3094	0	2
2024.04.29	05:00:00	1.07143	1.07199	1.07127	1.07175	1739	0	2
2024.04.29	06:00:00	1.07176	1.07181	1.07146	1.07161	911	0	2
2024.04.29	07:00:00	1.07161	1.07334	1.07143	1.07287	5812	0	2
2024.04.29	08:00:00	1.07287	1.07336	1.07238	1.07256	4620	0	2
2024.04.29	09:00:00	1.07256	1.07288	1.07146	1.07154	3968	0	2
2024.04.29	10:00:00	1.07153	1.07254	1.07079	1.07175	7746	0	2
2024.04.29	11:00:00	1.07175	1.07247	1.07010	1.07045	4699	0	2
2024.04.29	12:00:00	1.07046	1.07189	1.06972	1.07147	3851	0	2
2024.04.29	13:00:00	1.07148	1.07195	1.07121	1.07174	2160	0	2
2024.04.29	14:00:00	1.07174	1.07271	1.07120	1.07143	2702	0	2
2024.04.29	15:00:00	1.07143	1.07236	1.07021	1.07033	3726	0	2
2024.04.29	16:00:00	1.07032	1.07069	1.06901	1.06988	3992	0	2
2024.04.29	17:00:00	1.06989	1.07134	1.06988	1.07128	3924	0	2
2024.04.29	18:00:00	1.07129	1.07208	1.07120	1.07166	3061	0	2
2024.04.29	19:00:00	1.07166	1.07289	1.07159	1.07259	3086	0	2
2024.04.29	20:00:00	1.07261	1.07296	1.07212	1.07216	2154	0	2
2024.04.29	21:00:00	1.07216	1.07252	1.07179	1.07245	2164	0	2
2024.04.29	22:00:00	1.07243	1.07243	1.07149	1.07211	3002	0	2
2024.04.29	23:00:00	1.07210	1.07230	1.07197	1.07200	750	0	2
2024.04.30	00:00:00	1.07213	1.07224	1.07190	1.07201	302	0	5
2024.04.30	01:00:00	1.07209	1.07226	1.07169	1.07174	619	0	2
2024.04.30	02:00:00	1.07174	1.07192	1.07141	1.07146	895	0	2
2024.04.30	03:00:00	1.07146	1.07175	1.07101	1.07150	1675	0	2
2024.04.30	04:00:00	1.07149	1.07177	1.07067	1.07069	1710	0	2
2024.04.30	05:00:00	1.07068	1.07075	1.07029	1.07065	1448	0	2
2024.04.30	06:00:00	1.07066	1.07074	1.07025	1.07053	960	0	2
2024.04.30	07:00:00	1.07054	1.07059	1.07022	1.07056	625	0	2
2024.04.30	08:00:00	1.07057	1.07067	1.06949	1.06993	1747	0	2
2024.04.30	09:00:00	1.06993	1.07062	1.06898	1.07045	3115	0	2
2024.04.30	10:00:00	1.07046	1.07098	1.07017	1.07052	3564	0	2
2024.04.30	11:00:00	1.07050	1.07122	1.06929	1.07108	2796	0	2
2024.04.30	12:00:00	1.07109	1.07344	1.07103	1.07266	3781	0	2
2024.04.30	13:00:00	1.07268	1.07354	1.07226	1.07281	2895	0	2
2024.04.30	14:00:00	1.07281	1.07281	1.07194	1.07201	2765	0	2
2024.04.30	15:00:00	1.07201	1.07239	1.06891	1.07001	6361	0	2
2024.04.30	16:00:00	1.07001	1.07147	1.06940	1.07051	7111	0	2
2024.04.30	17:00:00	1.07053	1.07196	1.06871	1.06910	7056	0	2
2024.04.30	18:00:00	1.06911	1.06990	1.06832	1.06838	5213	0	2
2024.04.30	19:00:00	1.06836	1.06866	1.06759	1.06788	3162	0	2
2024.04.30	20:00:00	1.06789	1.06830	1.06751	1.06802	2405	0	2
2024.04.30	21:00:00	1.06803	1.06826	1.06759	1.06780	1702	0	2
2024.04.30	22:00:00	1.06779	1.06806	1.06717	1.06725	2062	0	2
2024.04.30	23:00:00	1.06723	1.06734	1.06662	1.06669	1404	0	2
2024.05.01	00:00:00	1.06659	1.06727	1.06658	1.06684	424	0	5
2024.05.01	01:00:00	1.06684	1.06697	1.06655	1.06673	820	0	2
2024.05.01	02:00:00	1.06673	1.06675	1.06652	1.06660	958	0	2
2024.05.01	03:00:00	1.06660	1.06671	1.06580	1.06616	1582	0	2
2024.05.01	04:00:00	1.06616	1.06632	1.06590	1.06605	1179	0	2
2024.05.01	05:00:00	1.06606	1.06606	1.06571	1.06587	901	0	2
2024.05.01	06:00:00	1.06587	1.06591	1.06557	1.06565	903	0	2
2024.05.01	07:00:00	1.06563	1.06569	1.06548	1.06558	768	0	2
2024.05.01	08:00:00	1.06556	1.06567	1.06538	1.06555	889	0	2
2024.05.01	09:00:00	1.06555	1.06583	1.06493	1.06517	1766	0	2
2024.05.01	10:00:00	1.06517	1.06618	1.06516	1.06610	1870	0	2
2024.05.01	11:00:00	1.06610	1.06705	1.06610	1.06693	1554	0	2
2024.05.01	12:00:00	1.06694	1.06732	1.06677	1.06697	2360	0	2
2024.05.01	13:00:00	1.06697	1.06732	1.06666	1.06689	1932	0	2
2024.05.01	14:00:00	1.06689	1.06725	1.06670	1.06717	1625	0	2
2024.05.01	15:00:00	1.06717	1.06847	1.06715	1.06843	3662	0	2
2024.05.01	16:00:00	1.06842	1.06853	1.06746	1.06814	3746	0	2
2024.05.01	17:00:00	1.06817	1.06913	1.06776	1.06831	6035	0	2
2024.05.01	18:00:00	1.06832	1.06854	1.06772	1.06792	2427	0	2
2024.05.01	19:00:00	1.06792	1.06793	1.06705	1.06716	2414	0	2
2024.05.01	20:00:00	1.06718	1.06828	1.06707	1.06745	1931	0	2
2024.05.01	21:00:00	1.06745	1.07326	1.06708	1.07281	11946	0	3
2024.05.01	22:00:00	1.07282	1.07300	1.06890	1.06895	9015	0	2
2024.05.01	23:00:00	1.06893	1.07230	1.06867	1.07176	4718	0	2
2024.05.02	00:00:00	1.07121	1.07161	1.07062	1.07119	1390	0	5
2024.05.02	01:00:00	1.07119	1.07216	1.07119	1.07163	1343	0	2
2024.05.02	02:00:00	1.07163	1.07181	1.07119	1.07169	1196	0	2
2024.05.02	03:00:00	1.07170	1.07171	1.07094	1.07116	2083	0	2
2024.05.02	04:00:00	1.07115	1.07156	1.07068	1.07152	1674	0	2
2024.05.02	05:00:00	1.07153	1.07209	1.07153	1.07186	1848	0	2
2024.05.02	06:00:00	1.07187	1.07187	1.07125	1.07145	1412	0	2
2024.05.02	07:00:00	1.07147	1.07202	1.07141	1.07176	1137	0	2
2024.05.02	08:00:00	1.07175	1.07203	1.07122	1.07161	1634	0	2
2024.05.02	09:00:00	1.07161	1.07273	1.07135	1.07173	3916	0	2
2024.05.02	10:00:00	1.07174	1.07281	1.07127	1.07152	4476	0	2
2024.05.02	11:00:00	1.07154	1.07191	1.06998	1.07041	3888	0	2
2024.05.02	12:00:00	1.07042	1.07090	1.06956	1.07033	2687	0	2
2024.05.02	13:00:00	1.07033	1.07060	1.06966	1.07039	2677	0	2
2024.05.02	14:00:00	1.07039	1.07061	1.06953	1.07023	2910	0	2
2024.05.02	15:00:00	1.07024	1.07120	1.06933	1.07011	5414	0	2
2024.05.02	16:00:00	1.07011	1.07031	1.06801	1.06866	6036	0	2
2024.05.02	17:00:00	1.06866	1.06906	1.06742	1.06883	6756	0	2
2024.05.02	18:00:00	1.06882	1.07082	1.06858	1.07050	4845	0	2
2024.05.02	19:00:00	1.07050	1.07215	1.07017	1.07165	3121	0	2
2024.05.02	20:00:00	1.07166	1.07228	1.07139	1.07192	2590	0	2
2024.05.02	21:00:00	1.07192	1.07302	1.07180	1.07302	2630	0	2
2024.05.02	22:00:00	1.07301	1.07301	1.07232	1.07271	2884	0	2
2024.05.02	23:00:00	1.07270	1.07278	1.07250	1.07257	934	0	2
2024.05.03	00:00:00	1.07226	1.07261	1.07220	1.07241	844	0	5
2024.05.03	01:00:00	1.07241	1.07294	1.07241	1.07288	612	0	2
2024.05.03	02:00:00	1.07288	1.07309	1.07278	1.07297	990	0	2
2024.05.03	03:00:00	1.07299	1.07316	1.07243	1.07313	1896	0	2
2024.05.03	04:00:00	1.07315	1.07394	1.07308	1.07371	2040	0	2
2024.05.03	05:00:00	1.07372	1.07376	1.07327	1.07333	1267	0	2
2024.05.03	06:00:00	1.07332	1.07351	1.07313	1.07349	1029	0	2
2024.05.03	07:00:00	1.07350	1.07360	1.07321	1.07322	1039	0	2
2024.05.03	08:00:00	1.07321	1.07380	1.07317	1.07358	1543	0	2
2024.05.03	09:00:00	1.07358	1.07360	1.07296	1.07297	3166	0	2
2024.05.03	10:00:00	1.07298	1.07381	1.07243	1.07344	3371	0	2
2024.05.03	11:00:00	1.07344	1.07442	1.07323	1.07425	3349	0	2
2024.05.03	12:00:00	1.07426	1.07478	1.07402	1.07429	2656	0	2
2024.05.03	13:00:00	1.07429	1.07454	1.07387	1.07432	2457	0	2
2024.05.03	14:00:00	1.07432	1.07497	1.07424	1.07456	2137	0	2
2024.05.03	15:00:00	1.07456	1.08121	1.07435	1.07935	8415	0	2
2024.05.03	16:00:00	1.07935	1.07962	1.07711	1.07761	9492	0	2
2024.05.03	17:00:00	1.07762	1.07982	1.07515	1.07657	10462	0	2
2024.05.03	18:00:00	1.07658	1.07801	1.07636	1.07691	5320	0	2
2024.05.03	19:00:00	1.07691	1.07731	1.07615	1.07634	3090	0	2
2024.05.03	20:00:00	1.07634	1.07677	1.07590	1.07648	1751	0	2
2024.05.03	21:00:00	1.07649	1.07682	1.07635	1.07672	1593	0	2
2024.05.03	22:00:00	1.07673	1.07693	1.07638	1.07640	1797	0	2
2024.05.03	23:00:00	1.07640	1.07669	1.07630	1.07634	798	0	2
2024.05.06	00:00:00	1.07631	1.07645	1.07618	1.07629	241	0	5
2024.05.06	01:00:00	1.07634	1.07650	1.07614	1.07625	431	0	2
2024.05.06	02:00:00	1.07625	1.07646	1.07573	1.07582	1104	0	2
2024.05.06	03:00:00	1.07583	1.07689	1.07550	1.07674	1676	0	2
2024.05.06	04:00:00	1.07674	1.07708	1.07627	1.07700	2367	0	2
2024.05.06	05:00:00	1.07701	1.07715	1.07648	1.07653	1282	0	2
2024.05.06	06:00:00	1.07653	1.07669	1.07620	1.07646	1339	0	2
2024.05.06	07:00:00	1.07646	1.07653	1.07621	1.07627	1005	0	2
2024.05.06	08:00:00	1.07626	1.07650	1.07599	1.07609	1331	0	2
2024.05.06	09:00:00	1.07609	1.07651	1.07592	1.07623	2163	0	2
2024.05.06	10:00:00	1.07623	1.07694	1.07600	1.07613	2926	0	2
2024.05.06	11:00:00	1.07615	1.07761	1.07576	1.07684	2676	0	2
2024.05.06	12:00:00	1.07682	1.07721	1.07661	1.07695	2157	0	2
2024.05.06	13:00:00	1.07697	1.07731	1.07660	1.07721	2029	0	2
2024.05.06	14:00:00	1.07721	1.07743	1.07688	1.07725	1909	0	2
2024.05.06	15:00:00	1.07726	1.07907	1.07722	1.07873	3010	0	2
2024.05.06	16:00:00	1.07874	1.07889	1.07811	1.07865	3184	0	2
2024.05.06	17:00:00	1.07866	1.07869	1.07784	1.07802	3029	0	2
2024.05.06	18:00:00	1.07802	1.07802	1.07744	1.07788	2216	0	2
2024.05.06	19:00:00	1.07788	1.07789	1.07712	1.07742	1885	0	2
2024.05.06	20:00:00	1.07741	1.07766	1.07730	1.07740	1516	0	2
2024.05.06	21:00:00	1.07740	1.07751	1.07719	1.07744	1375	0	2
2024.05.06	22:00:00	1.07744	1.07749	1.07664	1.07674	1533	0	2
2024.05.06	23:00:00	1.07674	1.07699	1.07661	1.07697	639	0	2
2024.05.07	00:00:00	1.07660	1.07708	1.07658	1.07679	411	0	6
2024.05.07	01:00:00	1.07684	1.07707	1.07684	1.07686	419	0	2
2024.05.07	02:00:00	1.07686	1.07687	1.07658	1.07673	559	0	2
2024.05.07	03:00:00	1.07675	1.07760	1.07664	1.07751	1744	0	2
2024.05.07	04:00:00	1.07750	1.07769	1.07640	1.07656	1991	0	2
2024.05.07	05:00:00	1.07656	1.07665	1.07606	1.07637	1394	0	2
2024.05.07	06:00:00	1.07637	1.07690	1.07630	1.07686	993	0	2
2024.05.07	07:00:00	1.07687	1.07693	1.07629	1.07658	1482	0	2
2024.05.07	08:00:00	1.07658	1.07694	1.07572	1.07584	1670	0	2
2024.05.07	09:00:00	1.07584	1.07643	1.07540	1.07636	2662	0	2
2024.05.07	10:00:00	1.07637	1.07695	1.07608	1.07647	3382	0	2
2024.05.07	11:00:00	1.07648	1.07652	1.07555	1.07638	2614	0	2
2024.05.07	12:00:00	1.07638	1.07640	1.07551	1.07595	2567	0	2
2024.05.07	13:00:00	1.07597	1.07695	1.07582	1.07688	2295	0	2
2024.05.07	14:00:00	1.07688	1.07702	1.07625	1.07665	2345	0	2
2024.05.07	15:00:00	1.07666	1.07791	1.07638	1.07755	2973	0	2
2024.05.07	16:00:00	1.07756	1.07874	1.07739	1.07807	3700	0	2
2024.05.07	17:00:00	1.07806	1.07824	1.07728	1.07777	3340	0	2
2024.05.07	18:00:00	1.07777	1.07827	1.07662	1.07665	3320	0	2
2024.05.07	19:00:00	1.07668	1.07743	1.07661	1.07703	2302	0	2
2024.05.07	20:00:00	1.07704	1.07706	1.07560	1.07567	2380	0	2
2024.05.07	21:00:00	1.07566	1.07567	1.07479	1.07514	2255	0	2
2024.05.07	22:00:00	1.07513	1.07577	1.07512	1.07563	1680	0	2
2024.05.07	23:00:00	1.07564	1.07565	1.07544	1.07548	739	0	2
2024.05.08	00:00:00	1.07529	1.07560	1.07529	1.07551	452	0	10
2024.05.08	01:00:00	1.07551	1.07560	1.07505	1.07511	593	0	2
2024.05.08	02:00:00	1.07511	1.07515	1.07473	1.07499	597	0	2
2024.05.08	03:00:00	1.07499	1.07542	1.07469	1.07479	1507	0	2
2024.05.08	04:00:00	1.07479	1.07487	1.07401	1.07403	1622	0	2
2024.05.08	05:00:00	1.07403	1.07424	1.07380	1.07413	1432	0	2
2024.05.08	06:00:00	1.07412	1.07438	1.07386	1.07412	939	0	2
2024.05.08	07:00:00	1.07413	1.07423	1.07389	1.07413	916	0	2
2024.05.08	08:00:00	1.07413	1.07420	1.07387	1.07407	972	0	2
2024.05.08	09:00:00	1.07407	1.07491	1.07406	1.07447	1880	0	2
2024.05.08	10:00:00	1.07447	1.07462	1.07372	1.07386	2980	0	2
2024.05.08	11:00:00	1.07386	1.07447	1.07350	1.07442	2656	0	2
2024.05.08	12:00:00	1.07442	1.07525	1.07442	1.07512	2552	0	2
2024.05.08	13:00:00	1.07513	1.07535	1.07485	1.07488	1997	0	2
2024.05.08	14:00:00	1.07488	1.07539	1.07439	1.07460	2192	0	2
2024.05.08	15:00:00	1.07461	1.07490	1.07398	1.07488	3066	0	2
2024.05.08	16:00:00	1.07489	1.07539	1.07461	1.07505	3276	0	2
2024.05.08	17:00:00	1.07506	1.07548	1.07463	1.07491	3231	0	2
2024.05.08	18:00:00	1.07490	1.07575	1.07442	1.07548	2833	0	2
2024.05.08	19:00:00	1.07548	1.07548	1.07445	1.07458	1923	0	2
2024.05.08	20:00:00	1.07459	1.07469	1.07408	1.07431	1718	0	2
2024.05.08	21:00:00	1.07431	1.07469	1.07411	1.07451	1190	0	2
2024.05.08	22:00:00	1.07451	1.07463	1.07431	1.07453	1525	0	2
2024.05.08	23:00:00	1.07453	1.07469	1.07438	1.07469	646	0	2
2024.05.09	00:00:00	1.07459	1.07492	1.07454	1.07492	556	0	5
2024.05.09	01:00:00	1.07492	1.07506	1.07486	1.07489	403	0	2
2024.05.09	02:00:00	1.07489	1.07495	1.07461	1.07469	489	0	2
2024.05.09	03:00:00	1.07469	1.07472	1.07424	1.07432	1364	0	2
2024.05.09	04:00:00	1.07431	1.07487	1.07422	1.07476	1554	0	2
2024.05.09	05:00:00	1.07476	1.07484	1.07450	1.07474	1053	0	2
2024.05.09	06:00:00	1.07474	1.07516	1.07464	1.07477	948	0	2
2024.05.09	07:00:00	1.07477	1.07504	1.07450	1.07452	920	0	2
2024.05.09	08:00:00	1.07453	1.07464	1.07421	1.07438	898	0	2
2024.05.09	09:00:00	1.07438	1.07446	1.07360	1.07374	1729	0	2
2024.05.09	10:00:00	1.07373	1.07413	1.07295	1.07347	2699	0	2
2024.05.09	11:00:00	1.07346	1.07353	1.07261	1.07282	2157	0	2
2024.05.09	12:00:00	1.07282	1.07316	1.07261	1.07304	2019	0	2
2024.05.09	13:00:00	1.07304	1.07385	1.07303	1.07346	1924	0	2
2024.05.09	14:00:00	1.07346	1.07362	1.07239	1.07273	3957	0	2
2024.05.09	15:00:00	1.07273	1.07623	1.07270	1.07593	5401	0	2
2024.05.09	16:00:00	1.07593	1.07675	1.07505	1.07635	4932	0	2
2024.05.09	17:00:00	1.07636	1.07802	1.07626	1.07757	4419	0	2
2024.05.09	18:00:00	1.07758	1.07817	1.07691	1.07703	2515	0	2
2024.05.09	19:00:00	1.07703	1.07779	1.07703	1.07758	1649	0	2
2024.05.09	20:00:00	1.07757	1.07803	1.07737	1.07774	1996	0	2
2024.05.09	21:00:00	1.07774	1.07827	1.07755	1.07818	1427	0	2
2024.05.09	22:00:00	1.07814	1.07844	1.07807	1.07823	1514	0	2
2024.05.09	23:00:00	1.07822	1.07835	1.07811	1.07823	690	0	2
2024.05.10	00:00:00	1.07808	1.07829	1.07804	1.07809	532	0	8
2024.05.10	01:00:00	1.07809	1.07859	1.07809	1.07845	513	0	2
2024.05.10	02:00:00	1.07845	1.07854	1.07812	1.07817	639	0	2
2024.05.10	03:00:00	1.07817	1.07822	1.07764	1.07792	1363	0	2
2024.05.10	04:00:00	1.07793	1.07826	1.07759	1.07761	1960	0	2
2024.05.10	05:00:00	1.07760	1.07776	1.07732	1.07740	1256	0	2
2024.05.10	06:00:00	1.07739	1.07766	1.07738	1.07760	877	0	2
2024.05.10	07:00:00	1.07760	1.07769	1.07739	1.07740	630	0	2
2024.05.10	08:00:00	1.07739	1.07769	1.07737	1.07756	1162	0	2
2024.05.10	09:00:00	1.07756	1.07833	1.07715	1.07768	2695	0	2
2024.05.10	10:00:00	1.07770	1.07840	1.07761	1.07812	3283	0	2
2024.05.10	11:00:00	1.07812	1.07867	1.07773	1.07807	3030	0	2
2024.05.10	12:00:00	1.07811	1.07861	1.07791	1.07797	2597	0	2
2024.05.10	13:00:00	1.07796	1.07819	1.07754	1.07784	2096	0	2
2024.05.10	14:00:00	1.07784	1.07807	1.07752	1.07793	2213	0	2
2024.05.10	15:00:00	1.07792	1.07812	1.07662	1.07701	3539	0	2
2024.05.10	16:00:00	1.07700	1.07901	1.07696	1.07874	3642	0	2
2024.05.10	17:00:00	1.07875	1.07890	1.07603	1.07640	5692	0	2
2024.05.10	18:00:00	1.07640	1.07724	1.07625	1.07720	3045	0	2
2024.05.10	19:00:00	1.07721	1.07794	1.07694	1.07759	2323	0	2
2024.05.10	20:00:00	1.07759	1.07774	1.07732	1.07741	1548	0	2
2024.05.10	21:00:00	1.07741	1.07742	1.07697	1.07736	1494	0	2
2024.05.10	22:00:00	1.07735	1.07758	1.07715	1.07718	1321	0	2
2024.05.10	23:00:00	1.07718	1.07723	1.07685	1.07697	659	0	2
2024.05.13	00:00:00	1.07699	1.07701	1.07630	1.07693	1074	0	13
2024.05.13	01:00:00	1.07693	1.07730	1.07693	1.07728	523	0	2
2024.05.13	02:00:00	1.07728	1.07752	1.07699	1.07702	859	0	2
2024.05.13	03:00:00	1.07702	1.07723	1.07681	1.07691	1460	0	2
2024.05.13	04:00:00	1.07693	1.07732	1.07668	1.07690	1835	0	2
2024.05.13	05:00:00	1.07688	1.07723	1.07657	1.07711	1263	0	2
2024.05.13	06:00:00	1.07710	1.07724	1.07689	1.07716	1163	0	2
2024.05.13	07:00:00	1.07714	1.07723	1.07691	1.07696	665	0	2
2024.05.13	08:00:00	1.07695	1.07747	1.07695	1.07731	1056	0	2
2024.05.13	09:00:00	1.07731	1.07756	1.07688	1.07700	1514	0	2
2024.05.13	10:00:00	1.07700	1.07798	1.07690	1.07757	2769	0	2
2024.05.13	11:00:00	1.07755	1.07845	1.07735	1.07837	2360	0	2
2024.05.13	12:00:00	1.07837	1.07888	1.07815	1.07827	2262	0	2
2024.05.13	13:00:00	1.07827	1.07851	1.07772	1.07816	2126	0	2
2024.05.13	14:00:00	1.07816	1.07946	1.07813	1.07892	2425	0	2
2024.05.13	15:00:00	1.07893	1.07997	1.07889	1.07982	3171	0	2
2024.05.13	16:00:00	1.07982	1.08069	1.07968	1.08041	3506	0	2
2024.05.13	17:00:00	1.08042	1.08054	1.07957	1.08037	3210	0	2
2024.05.13	18:00:00	1.08038	1.08042	1.07894	1.07953	4032	0	2
2024.05.13	19:00:00	1.07953	1.07989	1.07932	1.07934	1950	0	2
2024.05.13	20:00:00	1.07934	1.07941	1.07869	1.07916	1804	0	2
2024.05.13	21:00:00	1.07916	1.07936	1.07889	1.07897	1382	0	2
2024.05.13	22:00:00	1.07895	1.07899	1.07867	1.07889	1568	0	2
2024.05.13	23:00:00	1.07889	1.07900	1.07880	1.07898	725	0	2
2024.05.14	00:00:00	1.07877	1.07900	1.07869	1.07897	381	0	10
2024.05.14	01:00:00	1.07899	1.07909	1.07887	1.07898	416	0	2
2024.05.14	02:00:00	1.07898	1.07936	1.07895	1.07920	555	0	2
2024.05.14	03:00:00	1.07920	1.07922	1.07853	1.07877	1271	0	2
2024.05.14	04:00:00	1.07876	1.07897	1.07843	1.07873	1552	0	2
2024.05.14	05:00:00	1.07874	1.07874	1.07845	1.07868	1093	0	2
2024.05.14	06:00:00	1.07867	1.07880	1.07853	1.07876	1149	0	2
2024.05.14	07:00:00	1.07876	1.07889	1.07853	1.07854	898	0	2
2024.05.14	08:00:00	1.07854	1.07870	1.07842	1.07862	927	0	2
2024.05.14	09:00:00	1.07862	1.07894	1.07829	1.07876	2256	0	2
2024.05.14	10:00:00	1.07878	1.07890	1.07856	1.07872	2475	0	2
2024.05.14	11:00:00	1.07871	1.07872	1.07752	1.07836	3249	0	2
2024.05.14	12:00:00	1.07837	1.07936	1.07836	1.07927	2632	0	2
2024.05.14	13:00:00	1.07928	1.07989	1.07920	1.07962	2186	0	2
2024.05.14	14:00:00	1.07962	1.07989	1.07926	1.07926	2065	0	2
2024.05.14	15:00:00	1.07928	1.08106	1.07669	1.08031	6599	0	2
2024.05.14	16:00:00	1.08032	1.08226	1.08006	1.08189	6034	0	2
2024.05.14	17:00:00	1.08187	1.08256	1.08099	1.08246	4117	0	2
2024.05.14	18:00:00	1.08247	1.08248	1.08150	1.08182	2781	0	2
2024.05.14	19:00:00	1.08182	1.08201	1.08137	1.08169	2344	0	2
2024.05.14	20:00:00	1.08169	1.08201	1.08155	1.08192	1436	0	2
2024.05.14	21:00:00	1.08192	1.08230	1.08187	1.08198	1117	0	2
2024.05.14	22:00:00	1.08197	1.08217	1.08192	1.08200	1061	0	2
2024.05.14	23:00:00	1.08200	1.08210	1.08177	1.08195	625	0	2
2024.05.15	00:00:00	1.08183	1.08199	1.08157	1.08169	967	0	5
2024.05.15	01:00:00	1.08169	1.08180	1.08161	1.08167	399	0	2
2024.05.15	02:00:00	1.08167	1.08169	1.08137	1.08140	458	0	2
2024.05.15	03:00:00	1.08139	1.08177	1.08131	1.08170	1235	0	2
2024.05.15	04:00:00	1.08169	1.08226	1.08164	1.08225	1114	0	2
2024.05.15	05:00:00	1.08226	1.08267	1.08200	1.08253	952	0	2
2024.05.15	06:00:00	1.08253	1.08276	1.08251	1.08261	799	0	2
2024.05.15	07:00:00	1.08261	1.08261	1.08205	1.08215	789	0	2
2024.05.15	08:00:00	1.08214	1.08281	1.08211	1.08270	1120	0	2
2024.05.15	09:00:00	1.08270	1.08306	1.08226	1.08304	2132	0	2
2024.05.15	10:00:00	1.08305	1.08324	1.08253	1.08259	2822	0	2
2024.05.15	11:00:00	1.08258	1.08346	1.08246	1.08297	2602	0	2
2024.05.15	12:00:00	1.08298	1.08320	1.08247	1.08280	2287	0	2
2024.05.15	13:00:00	1.08281	1.08300	1.08233	1.08245	1747	0	2
2024.05.15	14:00:00	1.08244	1.08293	1.08218	1.08293	2157	0	2
2024.05.15	15:00:00	1.08294	1.08693	1.08270	1.08612	8116	0	2
2024.05.15	16:00:00	1.08612	1.08659	1.08316	1.08350	7632	0	2
2024.05.15	17:00:00	1.08351	1.08600	1.08340	1.08574	5314	0	2
2024.05.15	18:00:00	1.08575	1.08746	1.08557	1.08596	4110	0	2
2024.05.15	19:00:00	1.08596	1.08736	1.08561	1.08720	3076	0	2
2024.05.15	20:00:00	1.08721	1.08803	1.08716	1.08799	2136	0	2
2024.05.15	21:00:00	1.08799	1.08806	1.08728	1.08785	1802	0	2
2024.05.15	22:00:00	1.08784	1.08830	1.08776	1.08818	1560	0	2
2024.05.15	23:00:00	1.08818	1.08860	1.08813	1.08840	740	0	2
2024.05.16	00:00:00	1.08847	1.08853	1.08780	1.08837	835	0	6
2024.05.16	01:00:00	1.08825	1.08899	1.08825	1.08891	712	0	2
2024.05.16	02:00:00	1.08891	1.08902	1.08875	1.08884	1002	0	2
2024.05.16	03:00:00	1.08885	1.08951	1.08865	1.08937	2051	0	2
2024.05.16	04:00:00	1.08937	1.08939	1.08843	1.08866	2236	0	2
2024.05.16	05:00:00	1.08867	1.08881	1.08813	1.08872	1627	0	2
2024.05.16	06:00:00	1.08872	1.08893	1.08857	1.08872	1279	0	2
2024.05.16	07:00:00	1.08871	1.08871	1.08840	1.08846	853	0	2
2024.05.16	08:00:00	1.08847	1.08850	1.08794	1.08794	1200	0	2
2024.05.16	09:00:00	1.08794	1.08828	1.08746	1.08764	2303	0	2
2024.05.16	10:00:00	1.08763	1.08818	1.08731	1.08744	2930	0	2
2024.05.16	11:00:00	1.08743	1.08765	1.08663	1.08733	2836	0	2
2024.05.16	12:00:00	1.08733	1.08749	1.08686	1.08700	1920	0	2
2024.05.16	13:00:00	1.08699	1.08738	1.08664	1.08723	1729	0	2
2024.05.16	14:00:00	1.08722	1.08748	1.08617	1.08668	2111	0	2
2024.05.16	15:00:00	1.08667	1.08743	1.08606	1.08632	4822	0	2
2024.05.16	16:00:00	1.08632	1.08668	1.08545	1.08560	4389	0	2
2024.05.16	17:00:00	1.08560	1.08702	1.08543	1.08701	4148	0	2
2024.05.16	18:00:00	1.08702	1.08758	1.08666	1.08751	2507	0	2
2024.05.16	19:00:00	1.08751	1.08754	1.08698	1.08733	1845	0	2
2024.05.16	20:00:00	1.08733	1.08755	1.08685	1.08706	1534	0	2
2024.05.16	21:00:00	1.08708	1.08717	1.08657	1.08708	1478	0	2
2024.05.16	22:00:00	1.08708	1.08708	1.08667	1.08668	1397	0	2
2024.05.16	23:00:00	1.08668	1.08673	1.08647	1.08670	619	0	2
2024.05.17	00:00:00	1.08634	1.08674	1.08633	1.08667	1245	0	16
2024.05.17	01:00:00	1.08674	1.08692	1.08663	1.08677	442	0	2
2024.05.17	02:00:00	1.08677	1.08679	1.08660	1.08678	517	0	2
2024.05.17	03:00:00	1.08678	1.08687	1.08598	1.08628	1148	0	2
2024.05.17	04:00:00	1.08628	1.08636	1.08571	1.08596	1500	0	2
2024.05.17	05:00:00	1.08596	1.08605	1.08543	1.08571	1156	0	2
2024.05.17	06:00:00	1.08570	1.08614	1.08569	1.08591	731	0	2
2024.05.17	07:00:00	1.08591	1.08595	1.08553	1.08561	748	0	2
2024.05.17	08:00:00	1.08562	1.08623	1.08555	1.08611	1129	0	2
2024.05.17	09:00:00	1.08611	1.08667	1.08582	1.08626	1819	0	2
2024.05.17	10:00:00	1.08627	1.08683	1.08574	1.08588	2554	0	2
2024.05.17	11:00:00	1.08588	1.08595	1.08416	1.08443	2969	0	2
2024.05.17	12:00:00	1.08442	1.08467	1.08410	1.08446	1975	0	2
2024.05.17	13:00:00	1.08446	1.08446	1.08360	1.08383	1672	0	2
2024.05.17	14:00:00	1.08383	1.08454	1.08356	1.08432	1746	0	2
2024.05.17	15:00:00	1.08432	1.08459	1.08389	1.08429	2503	0	2
2024.05.17	16:00:00	1.08430	1.08563	1.08430	1.08553	3420	0	2
2024.05.17	17:00:00	1.08553	1.08771	1.08551	1.08764	3499	0	2
2024.05.17	18:00:00	1.08764	1.08784	1.08650	1.08686	3321	0	2
2024.05.17	19:00:00	1.08686	1.08744	1.08671	1.08686	1953	0	2
2024.05.17	20:00:00	1.08685	1.08744	1.08682	1.08736	1394	0	2
2024.05.17	21:00:00	1.08736	1.08767	1.08719	1.08756	1403	0	2
2024.05.17	22:00:00	1.08756	1.08762	1.08706	1.08726	1129	0	2
2024.05.17	23:00:00	1.08726	1.08727	1.08690	1.08702	667	0	2
2024.05.20	00:00:00	1.08656	1.08694	1.08623	1.08694	239	0	13
2024.05.20	01:00:00	1.08706	1.08731	1.08682	1.08706	502	0	2
2024.05.20	02:00:00	1.08706	1.08742	1.08705	1.08724	564	0	2
2024.05.20	03:00:00	1.08725	1.08772	1.08689	1.08750	1406	0	2
2024.05.20	04:00:00	1.08751	1.08766	1.08716	1.08751	1757	0	2
2024.05.20	05:00:00	1.08752	1.08753	1.08715	1.08741	1171	0	2
2024.05.20	06:00:00	1.08741	1.08787	1.08727	1.08780	712	0	2
2024.05.20	07:00:00	1.08782	1.08823	1.08777	1.08808	760	0	2
2024.05.20	08:00:00	1.08808	1.08825	1.08795	1.08805	967	0	2
2024.05.20	09:00:00	1.08805	1.08845	1.08776	1.08781	2270	0	2
2024.05.20	10:00:00	1.08779	1.08807	1.08692	1.08730	2712	0	2
2024.05.20	11:00:00	1.08729	1.08763	1.08712	1.08745	1692	0	2
2024.05.20	12:00:00	1.08746	1.08750	1.08663	1.08689	1700	0	2
2024.05.20	13:00:00	1.08689	1.08737	1.08687	1.08706	1418	0	2
2024.05.20	14:00:00	1.08706	1.08716	1.08597	1.08600	1976	0	2
2024.05.20	15:00:00	1.08602	1.08631	1.08543	1.08575	3785	0	2
2024.05.20	16:00:00	1.08574	1.08674	1.08574	1.08651	3561	0	2
2024.05.20	17:00:00	1.08651	1.08698	1.08627	1.08650	3046	0	2
2024.05.20	18:00:00	1.08649	1.08649	1.08580	1.08604	2358	0	2
2024.05.20	19:00:00	1.08604	1.08661	1.08591	1.08658	1338	0	2
2024.05.20	20:00:00	1.08657	1.08706	1.08628	1.08642	1464	0	2
2024.05.20	21:00:00	1.08641	1.08667	1.08611	1.08649	1383	0	2
2024.05.20	22:00:00	1.08649	1.08651	1.08591	1.08598	1002	0	2
2024.05.20	23:00:00	1.08597	1.08600	1.08568	1.08573	572	0	2
2024.05.21	00:00:00	1.08561	1.08597	1.08559	1.08591	453	0	10
2024.05.21	01:00:00	1.08591	1.08597	1.08564	1.08589	554	0	2
2024.05.21	02:00:00	1.08589	1.08608	1.08585	1.08602	529	0	2
2024.05.21	03:00:00	1.08603	1.08619	1.08563	1.08614	1096	0	2
2024.05.21	04:00:00	1.08613	1.08615	1.08553	1.08558	1495	0	2
2024.05.21	05:00:00	1.08557	1.08566	1.08509	1.08556	1697	0	2
2024.05.21	06:00:00	1.08556	1.08568	1.08538	1.08558	970	0	2
2024.05.21	07:00:00	1.08559	1.08601	1.08552	1.08587	833	0	2
2024.05.21	08:00:00	1.08587	1.08615	1.08565	1.08585	1014	0	2
2024.05.21	09:00:00	1.08583	1.08636	1.08568	1.08615	2429	0	2
2024.05.21	10:00:00	1.08615	1.08669	1.08594	1.08645	2804	0	2
2024.05.21	11:00:00	1.08644	1.08695	1.08598	1.08667	2671	0	2
2024.05.21	12:00:00	1.08666	1.08747	1.08663	1.08718	2240	0	2
2024.05.21	13:00:00	1.08718	1.08733	1.08658	1.08666	1802	0	2
2024.05.21	14:00:00	1.08666	1.08697	1.08643	1.08683	2040	0	2
2024.05.21	15:00:00	1.08683	1.08706	1.08547	1.08571	3728	0	2
2024.05.21	16:00:00	1.08569	1.08605	1.08426	1.08496	7301	0	2
2024.05.21	17:00:00	1.08496	1.08617	1.08463	1.08593	4565	0	2
2024.05.21	18:00:00	1.08593	1.08611	1.08530	1.08540	3234	0	2
2024.05.21	19:00:00	1.08540	1.08567	1.08520	1.08538	1963	0	2
2024.05.21	20:00:00	1.08538	1.08543	1.08463	1.08532	1575	0	2
2024.05.21	21:00:00	1.08532	1.08556	1.08500	1.08519	1385	0	2
2024.05.21	22:00:00	1.08519	1.08562	1.08508	1.08557	1304	0	2
2024.05.21	23:00:00	1.08558	1.08565	1.08538	1.08541	498	0	2
2024.05.22	00:00:00	1.08546	1.08566	1.08528	1.08555	942	0	9
2024.05.22	01:00:00	1.08555	1.08576	1.08550	1.08573	373	0	2
2024.05.22	02:00:00	1.08573	1.08596	1.08538	1.08540	579	0	2
2024.05.22	03:00:00	1.08541	1.08598	1.08541	1.08575	1191	0	2
2024.05.22	04:00:00	1.08574	1.08617	1.08553	1.08598	1338	0	2
2024.05.22	05:00:00	1.08599	1.08635	1.08569	1.08589	1768	0	2
2024.05.22	06:00:00	1.08589	1.08592	1.08536	1.08558	961	0	2
2024.05.22	07:00:00	1.08558	1.08561	1.08527	1.08535	795	0	2
2024.05.22	08:00:00	1.08535	1.08566	1.08520	1.08557	976	0	2
2024.05.22	09:00:00	1.08556	1.08633	1.08553	1.08614	3105	0	2
2024.05.22	10:00:00	1.08614	1.08635	1.08502	1.08576	2983	0	2
2024.05.22	11:00:00	1.08576	1.08581	1.08462	1.08486	2607	0	2
2024.05.22	12:00:00	1.08485	1.08498	1.08411	1.08436	2238	0	2
2024.05.22	13:00:00	1.08436	1.08463	1.08367	1.08375	2184	0	2
2024.05.22	14:00:00	1.08376	1.08383	1.08218	1.08275	2963	0	2
2024.05.22	15:00:00	1.08275	1.08367	1.08264	1.08319	3834	0	2
2024.05.22	16:00:00	1.08319	1.08407	1.08317	1.08353	3829	0	2
2024.05.22	17:00:00	1.08353	1.08399	1.08316	1.08334	4177	0	2
2024.05.22	18:00:00	1.08335	1.08422	1.08331	1.08361	3205	0	2
2024.05.22	19:00:00	1.08361	1.08443	1.08357	1.08424	2327	0	2
2024.05.22	20:00:00	1.08423	1.08470	1.08341	1.08377	2291	0	2
2024.05.22	21:00:00	1.08377	1.08380	1.08177	1.08213	4642	0	2
2024.05.22	22:00:00	1.08213	1.08221	1.08174	1.08209	2132	0	2
2024.05.22	23:00:00	1.08210	1.08235	1.08202	1.08219	909	0	2
2024.05.23	00:00:00	1.08220	1.08245	1.08213	1.08234	788	0	5
2024.05.23	01:00:00	1.08236	1.08261	1.08234	1.08251	576	0	2
2024.05.23	02:00:00	1.08251	1.08269	1.08241	1.08250	526	0	2
2024.05.23	03:00:00	1.08251	1.08288	1.08246	1.08255	1246	0	2
2024.05.23	04:00:00	1.08254	1.08301	1.08245	1.08277	1659	0	2
2024.05.23	05:00:00	1.08276	1.08292	1.08219	1.08284	1249	0	2
2024.05.23	06:00:00	1.08285	1.08312	1.08271	1.08302	1024	0	2
2024.05.23	07:00:00	1.08302	1.08323	1.08266	1.08266	822	0	2
2024.05.23	08:00:00	1.08265	1.08282	1.08232	1.08241	1132	0	2
2024.05.23	09:00:00	1.08238	1.08280	1.08214	1.08269	2518	0	2
2024.05.23	10:00:00	1.08268	1.08343	1.08124	1.08294	5142	0	2
2024.05.23	11:00:00	1.08286	1.08448	1.08283	1.08386	3546	0	2
2024.05.23	12:00:00	1.08387	1.08484	1.08336	1.08459	3274	0	2
2024.05.23	13:00:00	1.08459	1.08484	1.08438	1.08452	2058	0	2
2024.05.23	14:00:00	1.08452	1.08524	1.08429	1.08505	2266	0	2
2024.05.23	15:00:00	1.08505	1.08544	1.08455	1.08526	3973	0	2
2024.05.23	16:00:00	1.08527	1.08609	1.08282	1.08342	6294	0	2
2024.05.23	17:00:00	1.08342	1.08423	1.08233	1.08245	7974	0	2
2024.05.23	18:00:00	1.08244	1.08306	1.08203	1.08262	3991	0	2
2024.05.23	19:00:00	1.08262	1.08311	1.08179	1.08183	2633	0	2
2024.05.23	20:00:00	1.08183	1.08201	1.08084	1.08119	2986	0	2
2024.05.23	21:00:00	1.08119	1.08137	1.08047	1.08053	3093	0	2
2024.05.23	22:00:00	1.08052	1.08113	1.08048	1.08101	2171	0	2
2024.05.23	23:00:00	1.08099	1.08143	1.08087	1.08143	663	0	2
2024.05.24	00:00:00	1.08125	1.08150	1.08109	1.08147	927	0	5
2024.05.24	01:00:00	1.08147	1.08147	1.08123	1.08133	695	0	2
2024.05.24	02:00:00	1.08133	1.08150	1.08115	1.08116	683	0	2
2024.05.24	03:00:00	1.08115	1.08125	1.08074	1.08101	1579	0	2
2024.05.24	04:00:00	1.08101	1.08138	1.08079	1.08105	1837	0	2
2024.05.24	05:00:00	1.08105	1.08112	1.08072	1.08087	1140	0	2
2024.05.24	06:00:00	1.08087	1.08092	1.08056	1.08063	920	0	2
2024.05.24	07:00:00	1.08063	1.08104	1.08054	1.08092	852	0	2
2024.05.24	08:00:00	1.08091	1.08111	1.08075	1.08103	1104	0	2
2024.05.24	09:00:00	1.08104	1.08180	1.08092	1.08128	2582	0	2
2024.05.24	10:00:00	1.08129	1.08257	1.08128	1.08243	2701	0	2
2024.05.24	11:00:00	1.08242	1.08283	1.08196	1.08247	2326	0	2
2024.05.24	12:00:00	1.08247	1.08316	1.08235	1.08287	2011	0	2
2024.05.24	13:00:00	1.08287	1.08442	1.08276	1.08403	1934	0	2
2024.05.24	14:00:00	1.08403	1.08429	1.08344	1.08408	2098	0	2
2024.05.24	15:00:00	1.08408	1.08537	1.08376	1.08512	3940	0	2
2024.05.24	16:00:00	1.08512	1.08535	1.08415	1.08415	4017	0	2
2024.05.24	17:00:00	1.08418	1.08507	1.08418	1.08460	4537	0	2
2024.05.24	18:00:00	1.08461	1.08558	1.08456	1.08511	2766	0	2
2024.05.24	19:00:00	1.08511	1.08578	1.08463	1.08471	1925	0	2
2024.05.24	20:00:00	1.08470	1.08528	1.08458	1.08520	1750	0	2
2024.05.24	21:00:00	1.08520	1.08533	1.08480	1.08496	1449	0	2
2024.05.24	22:00:00	1.08495	1.08500	1.08475	1.08488	1456	0	2
2024.05.24	23:00:00	1.08487	1.08491	1.08459	1.08461	564	0	2
2024.05.27	00:00:00	1.08458	1.08467	1.08416	1.08449	457	0	33
2024.05.27	01:00:00	1.08449	1.08514	1.08444	1.08506	687	0	2
2024.05.27	02:00:00	1.08506	1.08506	1.08461	1.08466	706	0	2
2024.05.27	03:00:00	1.08466	1.08492	1.08465	1.08486	902	0	2
2024.05.27	04:00:00	1.08486	1.08514	1.08485	1.08499	1317	0	2
2024.05.27	05:00:00	1.08499	1.08521	1.08481	1.08498	838	0	2
2024.05.27	06:00:00	1.08499	1.08506	1.08475	1.08491	697	0	2
2024.05.27	07:00:00	1.08491	1.08495	1.08472	1.08484	549	0	2
2024.05.27	08:00:00	1.08484	1.08492	1.08475	1.08490	734	0	2
2024.05.27	09:00:00	1.08490	1.08517	1.08442	1.08512	1417	0	2
2024.05.27	10:00:00	1.08511	1.08524	1.08473	1.08506	1696	0	2
2024.05.27	11:00:00	1.08510	1.08535	1.08450	1.08493	1970	0	2
2024.05.27	12:00:00	1.08494	1.08671	1.08488	1.08671	1887	0	2
2024.05.27	13:00:00	1.08672	1.08674	1.08536	1.08628	1653	0	2
2024.05.27	14:00:00	1.08627	1.08641	1.08563	1.08573	1531	0	2
2024.05.27	15:00:00	1.08573	1.08595	1.08407	1.08490	3400	0	2
2024.05.27	16:00:00	1.08490	1.08589	1.08444	1.08550	2733	0	2
2024.05.27	17:00:00	1.08550	1.08596	1.08489	1.08583	2642	0	2
2024.05.27	18:00:00	1.08584	1.08598	1.08563	1.08595	1382	0	2
2024.05.27	19:00:00	1.08595	1.08619	1.08594	1.08598	733	0	2
2024.05.27	20:00:00	1.08598	1.08608	1.08573	1.08575	401	0	2
2024.05.27	21:00:00	1.08575	1.08587	1.08572	1.08573	290	0	2
2024.05.27	22:00:00	1.08574	1.08599	1.08571	1.08599	266	0	2
2024.05.27	23:00:00	1.08598	1.08607	1.08587	1.08591	405	0	2
2024.05.28	00:00:00	1.08573	1.08599	1.08523	1.08562	1736	0	11
2024.05.28	01:00:00	1.08562	1.08605	1.08562	1.08596	514	0	2
2024.05.28	02:00:00	1.08596	1.08617	1.08588	1.08615	466	0	2
2024.05.28	03:00:00	1.08615	1.08683	1.08608	1.08650	1790	0	2
2024.05.28	04:00:00	1.08650	1.08735	1.08642	1.08724	1801	0	2
2024.05.28	05:00:00	1.08724	1.08768	1.08715	1.08758	1445	0	2
2024.05.28	06:00:00	1.08759	1.08786	1.08737	1.08784	1328	0	2
2024.05.28	07:00:00	1.08785	1.08800	1.08757	1.08761	1291	0	2
2024.05.28	08:00:00	1.08760	1.08780	1.08726	1.08751	1134	0	2
2024.05.28	09:00:00	1.08751	1.08800	1.08737	1.08753	2411	0	2
2024.05.28	10:00:00	1.08754	1.08789	1.08716	1.08774	2601	0	2
2024.05.28	11:00:00	1.08773	1.08797	1.08670	1.08700	2261	0	2
2024.05.28	12:00:00	1.08700	1.08776	1.08671	1.08769	1998	0	2
2024.05.28	13:00:00	1.08769	1.08798	1.08754	1.08783	1625	0	2
2024.05.28	14:00:00	1.08783	1.08890	1.08782	1.08841	2615	0	2
2024.05.28	15:00:00	1.08840	1.08846	1.08747	1.08765	3319	0	2
2024.05.28	16:00:00	1.08764	1.08802	1.08636	1.08639	4505	0	2
2024.05.28	17:00:00	1.08640	1.08769	1.08578	1.08749	4810	0	2
2024.05.28	18:00:00	1.08748	1.08796	1.08712	1.08781	3069	0	2
2024.05.28	19:00:00	1.08782	1.08789	1.08705	1.08747	2128	0	2
2024.05.28	20:00:00	1.08746	1.08757	1.08644	1.08651	2962	0	2
2024.05.28	21:00:00	1.08650	1.08652	1.08550	1.08584	2431	0	2
2024.05.28	22:00:00	1.08585	1.08619	1.08558	1.08611	2063	0	2
2024.05.28	23:00:00	1.08612	1.08615	1.08560	1.08563	609	0	2
2024.05.29	00:00:00	1.08560	1.08595	1.08560	1.08571	1013	0	7
2024.05.29	01:00:00	1.08580	1.08597	1.08543	1.08565	621	0	2
2024.05.29	02:00:00	1.08565	1.08568	1.08510	1.08510	843	0	2
2024.05.29	03:00:00	1.08511	1.08519	1.08476	1.08512	1373	0	2
2024.05.29	04:00:00	1.08512	1.08570	1.08495	1.08516	1606	0	2
2024.05.29	05:00:00	1.08516	1.08540	1.08459	1.08462	1052	0	2
2024.05.29	06:00:00	1.08461	1.08484	1.08456	1.08472	1024	0	2
2024.05.29	07:00:00	1.08472	1.08483	1.08439	1.08477	899	0	2
2024.05.29	08:00:00	1.08478	1.08488	1.08442	1.08447	1082	0	2
2024.05.29	09:00:00	1.08447	1.08556	1.08447	1.08521	2461	0	2
2024.05.29	10:00:00	1.08520	1.08587	1.08506	1.08517	3075	0	2
2024.05.29	11:00:00	1.08518	1.08518	1.08291	1.08372	4389	0	2
2024.05.29	12:00:00	1.08371	1.08562	1.08368	1.08516	2581	0	2
2024.05.29	13:00:00	1.08515	1.08525	1.08410	1.08467	2050	0	2
2024.05.29	14:00:00	1.08466	1.08518	1.08353	1.08499	2836	0	2
2024.05.29	15:00:00	1.08498	1.08584	1.08461	1.08461	4259	0	2
2024.05.29	16:00:00	1.08462	1.08468	1.08317	1.08383	4917	0	2
2024.05.29	17:00:00	1.08384	1.08418	1.08111	1.08146	5795	0	2
2024.05.29	18:00:00	1.08145	1.08171	1.08088	1.08110	4189	0	2
2024.05.29	19:00:00	1.08110	1.08175	1.08074	1.08154	2695	0	2
2024.05.29	20:00:00	1.08153	1.08159	1.08072	1.08134	3078	0	2
2024.05.29	21:00:00	1.08134	1.08154	1.08047	1.08059	2141	0	2
2024.05.29	22:00:00	1.08059	1.08062	1.07999	1.08017	2118	0	2
2024.05.29	23:00:00	1.08018	1.08030	1.07999	1.08008	730	0	2
2024.05.30	00:00:00	1.08017	1.08040	1.08005	1.08030	246	0	9
2024.05.30	01:00:00	1.08030	1.08040	1.08001	1.08009	551	0	2
2024.05.30	02:00:00	1.08009	1.08023	1.07994	1.08012	887	0	2
2024.05.30	03:00:00	1.08011	1.08011	1.07953	1.07964	1681	0	2
2024.05.30	04:00:00	1.07964	1.08045	1.07955	1.07983	1882	0	2
2024.05.30	05:00:00	1.07983	1.07997	1.07938	1.07974	1402	0	2
2024.05.30	06:00:00	1.07975	1.07988	1.07960	1.07980	1326	0	2
2024.05.30	07:00:00	1.07980	1.07986	1.07920	1.07959	1388	0	2
2024.05.30	08:00:00	1.07958	1.07958	1.07882	1.07901	1748	0	2
2024.05.30	09:00:00	1.07901	1.07965	1.07894	1.07955	2942	0	2
2024.05.30	10:00:00	1.07955	1.08112	1.07931	1.08084	4106	0	2
2024.05.30	11:00:00	1.08085	1.08185	1.08032	1.08150	3600	0	2
2024.05.30	12:00:00	1.08149	1.08182	1.08112	1.08129	3244	0	2
2024.05.30	13:00:00	1.08128	1.08198	1.08084	1.08174	2660	0	2
2024.05.30	14:00:00	1.08174	1.08217	1.08139	1.08182	2323	0	2
2024.05.30	15:00:00	1.08179	1.08327	1.08128	1.08290	5215	0	2
2024.05.30	16:00:00	1.08290	1.08336	1.08253	1.08290	5567	0	2
2024.05.30	17:00:00	1.08292	1.08443	1.08286	1.08406	5383	0	2
2024.05.30	18:00:00	1.08407	1.08451	1.08360	1.08362	3695	0	2
2024.05.30	19:00:00	1.08362	1.08422	1.08358	1.08399	2264	0	2
2024.05.30	20:00:00	1.08399	1.08432	1.08389	1.08390	1705	0	2
2024.05.30	21:00:00	1.08390	1.08399	1.08350	1.08368	1813	0	2
2024.05.30	22:00:00	1.08368	1.08368	1.08268	1.08301	2445	0	2
2024.05.30	23:00:00	1.08301	1.08328	1.08290	1.08323	758	0	2
2024.05.31	00:00:00	1.08288	1.08340	1.08288	1.08325	771	0	5
2024.05.31	01:00:00	1.08327	1.08339	1.08318	1.08334	713	0	2
2024.05.31	02:00:00	1.08334	1.08335	1.08309	1.08313	644	0	2
2024.05.31	03:00:00	1.08314	1.08335	1.08292	1.08321	1954	0	2
2024.05.31	04:00:00	1.08321	1.08335	1.08202	1.08202	2342	0	2
2024.05.31	05:00:00	1.08201	1.08225	1.08114	1.08114	1824	0	2
2024.05.31	06:00:00	1.08114	1.08200	1.08111	1.08192	1530	0	2
2024.05.31	07:00:00	1.08193	1.08194	1.08155	1.08183	1218	0	2
2024.05.31	08:00:00	1.08182	1.08212	1.08170	1.08194	1449	0	2
2024.05.31	09:00:00	1.08194	1.08255	1.08145	1.08242	2815	0	2
2024.05.31	10:00:00	1.08241	1.08251	1.08166	1.08228	3590	0	2
2024.05.31	11:00:00	1.08227	1.08384	1.08225	1.08341	2857	0	2
2024.05.31	12:00:00	1.08341	1.08479	1.08335	1.08474	3482	0	2
2024.05.31	13:00:00	1.08475	1.08513	1.08446	1.08497	2532	0	2
2024.05.31	14:00:00	1.08497	1.08552	1.08481	1.08526	2628	0	2
2024.05.31	15:00:00	1.08526	1.08823	1.08493	1.08801	6329	0	2
2024.05.31	16:00:00	1.08801	1.08808	1.08652	1.08689	5338	0	2
2024.05.31	17:00:00	1.08687	1.08775	1.08511	1.08556	7111	0	2
2024.05.31	18:00:00	1.08555	1.08589	1.08417	1.08459	5494	0	2
2024.05.31	19:00:00	1.08460	1.08520	1.08397	1.08473	3271	0	2
2024.05.31	20:00:00	1.08473	1.08527	1.08453	1.08470	2007	0	2
2024.05.31	21:00:00	1.08471	1.08490	1.08410	1.08425	1901	0	2
2024.05.31	22:00:00	1.08425	1.08512	1.08406	1.08510	2649	0	2
2024.05.31	23:00:00	1.08509	1.08521	1.08462	1.08496	1207	0	2
2024.06.03	00:00:00	1.08464	1.08490	1.08440	1.08466	764	0	32
2024.06.03	01:00:00	1.08466	1.08544	1.08466	1.08511	1088	0	2
2024.06.03	02:00:00	1.08511	1.08530	1.08503	1.08524	769	0	2
2024.06.03	03:00:00	1.08525	1.08576	1.08513	1.08564	1540	0	2
2024.06.03	04:00:00	1.08563	1.08587	1.08547	1.08576	1648	0	2
2024.06.03	05:00:00	1.08576	1.08580	1.08519	1.08539	1353	0	2
2024.06.03	06:00:00	1.08540	1.08569	1.08493	1.08496	1250	0	2
2024.06.03	07:00:00	1.08496	1.08547	1.08491	1.08518	889	0	2
2024.06.03	08:00:00	1.08518	1.08540	1.08483	1.08527	1485	0	2
2024.06.03	09:00:00	1.08526	1.08584	1.08467	1.08584	2787	0	2
2024.06.03	10:00:00	1.08584	1.08585	1.08396	1.08396	3214	0	2
2024.06.03	11:00:00	1.08397	1.08422	1.08334	1.08401	3678	0	2
2024.06.03	12:00:00	1.08401	1.08411	1.08321	1.08348	3152	0	2
2024.06.03	13:00:00	1.08349	1.08390	1.08277	1.08370	2909	0	2
2024.06.03	14:00:00	1.08370	1.08448	1.08369	1.08431	2991	0	2
2024.06.03	15:00:00	1.08432	1.08499	1.08404	1.08442	3718	0	2
2024.06.03	16:00:00	1.08443	1.08537	1.08443	1.08516	4023	0	2
2024.06.03	17:00:00	1.08516	1.08823	1.08516	1.08697	7879	0	2
2024.06.03	18:00:00	1.08697	1.08903	1.08696	1.08896	3691	0	2
2024.06.03	19:00:00	1.08896	1.08905	1.08811	1.08851	3582	0	2
2024.06.03	20:00:00	1.08851	1.08887	1.08813	1.08879	2815	0	2
2024.06.03	21:00:00	1.08880	1.08976	1.08868	1.08973	2466	0	2
2024.06.03	22:00:00	1.08972	1.09000	1.08960	1.08998	1764	0	2
2024.06.03	23:00:00	1.08998	1.09030	1.08995	1.09025	553	0	2
2024.06.04	00:00:00	1.09024	1.09039	1.09003	1.09033	787	0	5
2024.06.04	01:00:00	1.09033	1.09098	1.09027	1.09073	742	0	2
2024.06.04	02:00:00	1.09073	1.09091	1.09063	1.09072	864	0	2
2024.06.04	03:00:00	1.09072	1.09160	1.09072	1.09128	1856	0	2
2024.06.04	04:00:00	1.09128	1.09137	1.09070	1.09077	1875	0	2
2024.06.04	05:00:00	1.09076	1.09087	1.09052	1.09076	1263	0	2
2024.06.04	06:00:00	1.09076	1.09099	1.09067	1.09073	1048	0	2
2024.06.04	07:00:00	1.09073	1.09098	1.09066	1.09093	895	0	2
2024.06.04	08:00:00	1.09092	1.09107	1.09026	1.09032	1383	0	2
2024.06.04	09:00:00	1.09032	1.09048	1.08963	1.08969	3503	0	2
2024.06.04	10:00:00	1.08969	1.08986	1.08845	1.08901	4230	0	2
2024.06.04	11:00:00	1.08902	1.08907	1.08739	1.08809	4293	0	2
2024.06.04	12:00:00	1.08808	1.08820	1.08692	1.08717	4483	0	2
2024.06.04	13:00:00	1.08716	1.08716	1.08631	1.08663	4102	0	2
2024.06.04	14:00:00	1.08663	1.08705	1.08588	1.08613	3148	0	2
2024.06.04	15:00:00	1.08614	1.08700	1.08614	1.08645	3737	0	2
2024.06.04	16:00:00	1.08645	1.08716	1.08620	1.08663	4180	0	2
2024.06.04	17:00:00	1.08663	1.08820	1.08630	1.08801	7729	0	2
2024.06.04	18:00:00	1.08801	1.08835	1.08749	1.08776	4516	0	2
2024.06.04	19:00:00	1.08776	1.08834	1.08774	1.08803	3155	0	2
2024.06.04	20:00:00	1.08802	1.08877	1.08780	1.08833	2863	0	2
2024.06.04	21:00:00	1.08833	1.08865	1.08801	1.08822	2648	0	2
2024.06.04	22:00:00	1.08821	1.08827	1.08784	1.08809	2446	0	2
2024.06.04	23:00:00	1.08808	1.08811	1.08784	1.08787	802	0	2
2024.06.05	00:00:00	1.08805	1.08810	1.08773	1.08789	412	0	5
2024.06.05	01:00:00	1.08789	1.08802	1.08780	1.08796	346	0	2
2024.06.05	02:00:00	1.08796	1.08820	1.08794	1.08816	743	0	2
2024.06.05	03:00:00	1.08816	1.08862	1.08784	1.08842	1865	0	2
2024.06.05	04:00:00	1.08841	1.08861	1.08804	1.08840	1883	0	2
2024.06.05	05:00:00	1.08840	1.08858	1.08828	1.08832	1001	0	2
2024.06.05	06:00:00	1.08832	1.08836	1.08766	1.08784	1207	0	2
2024.06.05	07:00:00	1.08784	1.08809	1.08771	1.08806	1029	0	2
2024.06.05	08:00:00	1.08807	1.08823	1.08759	1.08791	1532	0	2
2024.06.05	09:00:00	1.08791	1.08801	1.08721	1.08758	2242	0	2
2024.06.05	10:00:00	1.08758	1.08794	1.08707	1.08715	3601	0	2
2024.06.05	11:00:00	1.08715	1.08768	1.08700	1.08758	2577	0	2
2024.06.05	12:00:00	1.08758	1.08772	1.08713	1.08735	2360	0	2
2024.06.05	13:00:00	1.08734	1.08734	1.08648	1.08685	2221	0	2
2024.06.05	14:00:00	1.08685	1.08692	1.08599	1.08680	2500	0	2
2024.06.05	15:00:00	1.08680	1.08842	1.08679	1.08839	4349	0	2
2024.06.05	16:00:00	1.08838	1.08915	1.08814	1.08869	5485	0	2
2024.06.05	17:00:00	1.08901	1.08901	1.08618	1.08662	7712	0	2
2024.06.05	18:00:00	1.08663	1.08707	1.08628	1.08648	3913	0	3
2024.06.05	19:00:00	1.08648	1.08686	1.08544	1.08644	2831	0	2
2024.06.05	20:00:00	1.08645	1.08675	1.08605	1.08671	1965	0	2
2024.06.05	21:00:00	1.08671	1.08773	1.08657	1.08756	1903	0	2
2024.06.05	22:00:00	1.08756	1.08765	1.08724	1.08740	1538	0	2
2024.06.05	23:00:00	1.08740	1.08740	1.08679	1.08692	852	0	2
2024.06.06	00:00:00	1.08704	1.08727	1.08676	1.08700	558	0	7
2024.06.06	01:00:00	1.08701	1.08730	1.08684	1.08729	597	0	2
2024.06.06	02:00:00	1.08729	1.08745	1.08728	1.08739	689	0	2
2024.06.06	03:00:00	1.08739	1.08824	1.08738	1.08820	1530	0	2
2024.06.06	04:00:00	1.08819	1.08944	1.08819	1.08940	2604	0	2
2024.06.06	05:00:00	1.08940	1.08958	1.08879	1.08919	1901	0	2
2024.06.06	06:00:00	1.08918	1.08935	1.08895	1.08906	1003	0	2
2024.06.06	07:00:00	1.08905	1.08908	1.08865	1.08871	1032	0	2
2024.06.06	08:00:00	1.08871	1.08875	1.08821	1.08846	1420	0	2
2024.06.06	09:00:00	1.08847	1.08849	1.08769	1.08841	2728	0	2
2024.06.06	10:00:00	1.08840	1.08882	1.08759	1.08783	3042	0	2
2024.06.06	11:00:00	1.08783	1.08790	1.08711	1.08772	2416	0	2
2024.06.06	12:00:00	1.08772	1.08820	1.08755	1.08800	2220	0	2
2024.06.06	13:00:00	1.08799	1.08819	1.08752	1.08762	1924	0	2
2024.06.06	14:00:00	1.08762	1.08767	1.08619	1.08676	2353	0	2
2024.06.06	15:00:00	1.08676	1.09018	1.08642	1.08819	7015	0	2
2024.06.06	16:00:00	1.08816	1.08908	1.08718	1.08850	7024	0	2
2024.06.06	17:00:00	1.08851	1.08912	1.08727	1.08780	4698	0	2
2024.06.06	18:00:00	1.08779	1.08868	1.08775	1.08819	2959	0	2
2024.06.06	19:00:00	1.08820	1.08877	1.08798	1.08819	1896	0	2
2024.06.06	20:00:00	1.08818	1.08937	1.08809	1.08922	1849	0	2
2024.06.06	21:00:00	1.08922	1.08943	1.08859	1.08929	2137	0	2
2024.06.06	22:00:00	1.08929	1.08942	1.08883	1.08893	2141	0	2
2024.06.06	23:00:00	1.08894	1.08932	1.08885	1.08895	754	0	2
2024.06.07	00:00:00	1.08904	1.08914	1.08888	1.08890	655	0	8
2024.06.07	01:00:00	1.08898	1.08932	1.08898	1.08918	326	0	2
2024.06.07	02:00:00	1.08918	1.08928	1.08906	1.08916	748	0	2
2024.06.07	03:00:00	1.08916	1.08924	1.08867	1.08895	1560	0	2
2024.06.07	04:00:00	1.08895	1.08958	1.08871	1.08956	1990	0	2
2024.06.07	05:00:00	1.08957	1.08979	1.08943	1.08968	1406	0	2
2024.06.07	06:00:00	1.08968	1.08978	1.08936	1.08944	1288	0	2
2024.06.07	07:00:00	1.08944	1.08968	1.08936	1.08953	1136	0	2
2024.06.07	08:00:00	1.08953	1.08954	1.08892	1.08906	1477	0	2
2024.06.07	09:00:00	1.08905	1.08966	1.08879	1.08922	2538	0	1
2024.06.07	10:00:00	1.08921	1.08984	1.08895	1.08926	3531	0	2
2024.06.07	11:00:00	1.08926	1.08930	1.08831	1.08890	3452	0	2
2024.06.07	12:00:00	1.08890	1.08962	1.08882	1.08915	3304	0	2
2024.06.07	13:00:00	1.08915	1.08944	1.08883	1.08888	2502	0	2
2024.06.07	14:00:00	1.08888	1.09018	1.08872	1.08984	2879	0	2
2024.06.07	15:00:00	1.08984	1.08993	1.08239	1.08331	8077	0	2
2024.06.07	16:00:00	1.08332	1.08357	1.08176	1.08195	7583	0	2
2024.06.07	17:00:00	1.08192	1.08256	1.08103	1.08124	6219	0	3
2024.06.07	18:00:00	1.08124	1.08129	1.08040	1.08064	4428	0	2
2024.06.07	19:00:00	1.08064	1.08122	1.08032	1.08052	3156	0	2
2024.06.07	20:00:00	1.08051	1.08061	1.08007	1.08050	2154	0	2
2024.06.07	21:00:00	1.08050	1.08067	1.08008	1.08056	2947	0	2
2024.06.07	22:00:00	1.08055	1.08071	1.08000	1.08002	2783	0	2
2024.06.07	23:00:00	1.08002	1.08038	1.07996	1.08020	844	0	2
2024.06.10	00:00:00	1.07685	1.07769	1.07637	1.07712	1949	0	31
2024.06.10	01:00:00	1.07712	1.07784	1.07651	1.07773	1553	0	2
2024.06.10	02:00:00	1.07773	1.07799	1.07756	1.07787	1073	0	2
2024.06.10	03:00:00	1.07787	1.07817	1.07739	1.07778	1730	0	2
2024.06.10	04:00:00	1.07779	1.07799	1.07721	1.07747	1571	0	2
2024.06.10	05:00:00	1.07747	1.07749	1.07666	1.07676	934	0	2
2024.06.10	06:00:00	1.07676	1.07684	1.07554	1.07554	1536	0	2
2024.06.10	07:00:00	1.07554	1.07557	1.07480	1.07542	1676	0	2
2024.06.10	08:00:00	1.07543	1.07555	1.07480	1.07535	1938	0	2
2024.06.10	09:00:00	1.07535	1.07587	1.07490	1.07518	3902	0	2
2024.06.10	10:00:00	1.07517	1.07664	1.07478	1.07644	4846	0	2
2024.06.10	11:00:00	1.07645	1.07681	1.07549	1.07567	3299	0	2
2024.06.10	12:00:00	1.07567	1.07590	1.07405	1.07431	3335	0	2
2024.06.10	13:00:00	1.07431	1.07439	1.07328	1.07369	3124	0	2
2024.06.10	14:00:00	1.07369	1.07547	1.07369	1.07536	2326	0	2
2024.06.10	15:00:00	1.07537	1.07603	1.07410	1.07413	3929	0	2
2024.06.10	16:00:00	1.07412	1.07491	1.07371	1.07401	4329	0	2
2024.06.10	17:00:00	1.07402	1.07448	1.07336	1.07336	3779	0	2
2024.06.10	18:00:00	1.07337	1.07501	1.07330	1.07500	3303	0	2
2024.06.10	19:00:00	1.07500	1.07588	1.07500	1.07539	2473	0	2
2024.06.10	20:00:00	1.07539	1.07603	1.07502	1.07594	2547	0	2
2024.06.10	21:00:00	1.07595	1.07624	1.07566	1.07616	2405	0	2
2024.06.10	22:00:00	1.07617	1.07656	1.07610	1.07629	1686	0	2
2024.06.10	23:00:00	1.07629	1.07650	1.07613	1.07649	532	0	2
2024.06.11	00:00:00	1.07633	1.07653	1.07561	1.07652	553	0	5
2024.06.11	01:00:00	1.07652	1.07681	1.07645	1.07655	556	0	2
2024.06.11	02:00:00	1.07655	1.07655	1.07626	1.07634	1070	0	2
2024.06.11	03:00:00	1.07634	1.07649	1.07612	1.07636	1621	0	2
2024.06.11	04:00:00	1.07637	1.07683	1.07623	1.07668	1864	0	2
2024.06.11	05:00:00	1.07668	1.07690	1.07647	1.07678	1756	0	2
2024.06.11	06:00:00	1.07679	1.07692	1.07665	1.07685	1245	0	2
2024.06.11	07:00:00	1.07684	1.07705	1.07677	1.07684	1004	0	2
2024.06.11	08:00:00	1.07683	1.07700	1.07642	1.07654	1635	0	2
2024.06.11	09:00:00	1.07653	1.07734	1.07653	1.07681	2823	0	2
2024.06.11	10:00:00	1.07682	1.07694	1.07610	1.07640	3239	0	2
2024.06.11	11:00:00	1.07641	1.07645	1.07434	1.07452	3800	0	2
2024.06.11	12:00:00	1.07450	1.07539	1.07404	1.07505	4580	0	2
2024.06.11	13:00:00	1.07507	1.07564	1.07364	1.07409	4038	0	2
2024.06.11	14:00:00	1.07409	1.07414	1.07236	1.07290	3933	0	2
2024.06.11	15:00:00	1.07291	1.07363	1.07241	1.07322	4495	0	2
2024.06.11	16:00:00	1.07321	1.07366	1.07194	1.07239	5426	0	2
2024.06.11	17:00:00	1.07239	1.07292	1.07196	1.07223	4559	0	2
2024.06.11	18:00:00	1.07223	1.07335	1.07219	1.07323	3078	0	2
2024.06.11	19:00:00	1.07323	1.07389	1.07323	1.07373	1954	0	2
2024.06.11	20:00:00	1.07373	1.07431	1.07366	1.07422	2179	0	2
2024.06.11	21:00:00	1.07421	1.07453	1.07405	1.07435	1922	0	2
2024.06.11	22:00:00	1.07434	1.07494	1.07400	1.07400	2090	0	2
2024.06.11	23:00:00	1.07400	1.07418	1.07391	1.07401	660	0	2
2024.06.12	00:00:00	1.07383	1.07423	1.07353	1.07416	1281	0	5
2024.06.12	01:00:00	1.07428	1.07429	1.07407	1.07409	351	0	2
2024.06.12	02:00:00	1.07409	1.07416	1.07391	1.07399	446	0	2
2024.06.12	03:00:00	1.07399	1.07399	1.07348	1.07360	1403	0	2
2024.06.12	04:00:00	1.07361	1.07418	1.07345	1.07399	1611	0	2
2024.06.12	05:00:00	1.07400	1.07426	1.07391	1.07419	1423	0	2
2024.06.12	06:00:00	1.07418	1.07432	1.07399	1.07402	1023	0	2
2024.06.12	07:00:00	1.07401	1.07404	1.07363	1.07367	816	0	2
2024.06.12	08:00:00	1.07366	1.07460	1.07360	1.07459	1429	0	2
2024.06.12	09:00:00	1.07459	1.07471	1.07389	1.07414	2514	0	2
2024.06.12	10:00:00	1.07413	1.07454	1.07355	1.07445	2875	0	2
2024.06.12	11:00:00	1.07445	1.07539	1.07444	1.07465	2268	0	2
2024.06.12	12:00:00	1.07465	1.07538	1.07440	1.07526	1769	0	2
2024.06.12	13:00:00	1.07528	1.07602	1.07490	1.07585	1433	0	2
2024.06.12	14:00:00	1.07586	1.07655	1.07573	1.07641	1616	0	2
2024.06.12	15:00:00	1.07641	1.08300	1.07620	1.08265	4365	0	2
2024.06.12	16:00:00	1.08265	1.08372	1.08189	1.08365	4351	0	2
2024.06.12	17:00:00	1.08368	1.08495	1.08175	1.08479	3427	0	2
2024.06.12	18:00:00	1.08479	1.08522	1.08417	1.08425	2539	0	2
2024.06.12	19:00:00	1.08424	1.08480	1.08415	1.08440	2075	0	2
2024.06.12	20:00:00	1.08439	1.08457	1.08360	1.08397	1734	0	2
2024.06.12	21:00:00	1.08391	1.08419	1.08075	1.08115	7469	0	2
2024.06.12	22:00:00	1.08118	1.08181	1.08036	1.08066	4102	0	2
2024.06.12	23:00:00	1.08064	1.08117	1.08040	1.08096	772	0	2
2024.06.13	00:00:00	1.08075	1.08139	1.08062	1.08117	472	0	5
2024.06.13	01:00:00	1.08121	1.08148	1.08097	1.08109	556	0	2
2024.06.13	02:00:00	1.08109	1.08152	1.08104	1.08127	782	0	2
2024.06.13	03:00:00	1.08126	1.08156	1.08104	1.08128	1080	0	2
2024.06.13	04:00:00	1.08128	1.08157	1.08037	1.08045	1498	0	2
2024.06.13	05:00:00	1.08045	1.08086	1.08039	1.08080	1144	0	2
2024.06.13	06:00:00	1.08082	1.08091	1.08055	1.08066	748	0	2
2024.06.13	07:00:00	1.08067	1.08071	1.08030	1.08038	674	0	2
2024.06.13	08:00:00	1.08038	1.08070	1.08004	1.08046	821	0	2
2024.06.13	09:00:00	1.08042	1.08071	1.08008	1.08021	1811	0	2
2024.06.13	10:00:00	1.08022	1.08164	1.08021	1.08142	2386	0	2
2024.06.13	11:00:00	1.08141	1.08144	1.08050	1.08061	2029	0	2
2024.06.13	12:00:00	1.08061	1.08115	1.08015	1.08020	1766	0	2
2024.06.13	13:00:00	1.08020	1.08095	1.07930	1.07942	1752	0	2
2024.06.13	14:00:00	1.07942	1.07967	1.07827	1.07832	2098	0	2
2024.06.13	15:00:00	1.07830	1.08161	1.07805	1.07933	4027	0	2
2024.06.13	16:00:00	1.07937	1.08076	1.07859	1.07873	3733	0	2
2024.06.13	17:00:00	1.07874	1.07904	1.07630	1.07715	3729	0	2
2024.06.13	18:00:00	1.07714	1.07722	1.07533	1.07554	2714	0	2
2024.06.13	19:00:00	1.07553	1.07556	1.07328	1.07351	2465	0	2
2024.06.13	20:00:00	1.07352	1.07440	1.07351	1.07424	2088	0	2
2024.06.13	21:00:00	1.07423	1.07430	1.07360	1.07393	1160	0	2
2024.06.13	22:00:00	1.07391	1.07429	1.07380	1.07405	1106	0	2
2024.06.13	23:00:00	1.07404	1.07433	1.07377	1.07387	579	0	2
2024.06.14	00:00:00	1.07372	1.07398	1.07366	1.07391	314	0	5
2024.06.14	01:00:00	1.07387	1.07402	1.07351	1.07387	496	0	2
2024.06.14	02:00:00	1.07388	1.07405	1.07369	1.07374	598	0	2
2024.06.14	03:00:00	1.07373	1.07409	1.07362	1.07364	1087	0	2
2024.06.14	04:00:00	1.07363	1.07419	1.07354	1.07416	950	0	2
2024.06.14	05:00:00	1.07417	1.07436	1.07403	1.07431	956	0	2
2024.06.14	06:00:00	1.07429	1.07450	1.07381	1.07402	1491	0	2
2024.06.14	07:00:00	1.07403	1.07409	1.07350	1.07363	834	0	2
2024.06.14	08:00:00	1.07363	1.07373	1.07302	1.07306	1161	0	2
2024.06.14	09:00:00	1.07304	1.07326	1.07157	1.07249	2528	0	2
2024.06.14	10:00:00	1.07246	1.07272	1.07060	1.07077	3080	0	2
2024.06.14	11:00:00	1.07073	1.07118	1.06898	1.06919	2998	0	2
2024.06.14	12:00:00	1.06919	1.06921	1.06716	1.06874	3244	0	2
2024.06.14	13:00:00	1.06873	1.06989	1.06794	1.06978	3175	0	2
2024.06.14	14:00:00	1.06977	1.07058	1.06924	1.06938	2867	0	2
2024.06.14	15:00:00	1.06939	1.06952	1.06791	1.06891	3683	0	2
2024.06.14	16:00:00	1.06891	1.06923	1.06676	1.06690	3491	0	2
2024.06.14	17:00:00	1.06688	1.06876	1.06681	1.06870	3924	0	2
2024.06.14	18:00:00	1.06870	1.06997	1.06834	1.06987	2540	0	2
2024.06.14	19:00:00	1.06986	1.07018	1.06929	1.07004	1675	0	2
2024.06.14	20:00:00	1.07005	1.07046	1.06967	1.06979	1574	0	2
2024.06.14	21:00:00	1.06980	1.07005	1.06945	1.06993	1340	0	2
2024.06.14	22:00:00	1.06995	1.07060	1.06988	1.07059	961	0	2
2024.06.14	23:00:00	1.07060	1.07075	1.07035	1.07058	586	0	2
2024.06.17	00:00:00	1.07029	1.07076	1.06998	1.07040	360	0	30
2024.06.17	01:00:00	1.07043	1.07091	1.07024	1.07066	740	0	2
2024.06.17	02:00:00	1.07066	1.07073	1.07018	1.07026	669	0	2
2024.06.17	03:00:00	1.07025	1.07072	1.07004	1.07039	1474	0	2
2024.06.17	04:00:00	1.07039	1.07042	1.06992	1.07014	1208	0	2
2024.06.17	05:00:00	1.07012	1.07047	1.06988	1.07042	953	0	2
2024.06.17	06:00:00	1.07042	1.07046	1.07018	1.07037	795	0	2
2024.06.17	07:00:00	1.07037	1.07055	1.07020	1.07042	870	0	2
2024.06.17	08:00:00	1.07040	1.07051	1.06991	1.06997	1134	0	2
2024.06.17	09:00:00	1.06991	1.07038	1.06863	1.06976	3028	0	2
2024.06.17	10:00:00	1.06975	1.07089	1.06921	1.07007	3132	0	2
2024.06.17	11:00:00	1.07006	1.07122	1.06996	1.07071	2576	0	2
2024.06.17	12:00:00	1.07074	1.07146	1.07069	1.07110	2286	0	2
2024.06.17	13:00:00	1.07110	1.07135	1.07020	1.07101	1837	0	2
2024.06.17	14:00:00	1.07101	1.07177	1.07088	1.07094	1767	0	2
2024.06.17	15:00:00	1.07096	1.07152	1.07070	1.07137	2400	0	2
2024.06.17	16:00:00	1.07137	1.07208	1.07121	1.07160	2778	0	2
2024.06.17	17:00:00	1.07162	1.07184	1.07117	1.07161	2670	0	2
2024.06.17	18:00:00	1.07158	1.07247	1.07152	1.07222	1888	0	2
2024.06.17	19:00:00	1.07222	1.07278	1.07207	1.07252	1721	0	2
2024.06.17	20:00:00	1.07252	1.07272	1.07233	1.07258	1147	0	2
2024.06.17	21:00:00	1.07258	1.07378	1.07258	1.07363	1445	0	2
2024.06.17	22:00:00	1.07363	1.07363	1.07303	1.07322	1178	0	2
2024.06.17	23:00:00	1.07322	1.07360	1.07322	1.07340	525	0	2
2024.06.18	00:00:00	1.07326	1.07334	1.07305	1.07318	196	0	8
2024.06.18	01:00:00	1.07319	1.07401	1.07319	1.07377	365	0	2
2024.06.18	02:00:00	1.07377	1.07411	1.07347	1.07398	639	0	2
2024.06.18	03:00:00	1.07400	1.07408	1.07355	1.07361	1267	0	2
2024.06.18	04:00:00	1.07363	1.07367	1.07271	1.07278	1296	0	2
2024.06.18	05:00:00	1.07277	1.07283	1.07242	1.07243	1033	0	2
2024.06.18	06:00:00	1.07242	1.07251	1.07209	1.07248	874	0	2
2024.06.18	07:00:00	1.07247	1.07263	1.07202	1.07215	948	0	2
2024.06.18	08:00:00	1.07214	1.07235	1.07182	1.07232	1340	0	2
2024.06.18	09:00:00	1.07233	1.07336	1.07228	1.07331	2011	0	2
2024.06.18	10:00:00	1.07330	1.07352	1.07228	1.07234	2234	0	2
2024.06.18	11:00:00	1.07233	1.07247	1.07148	1.07193	2115	0	2
2024.06.18	12:00:00	1.07193	1.07256	1.07150	1.07195	2142	0	2
2024.06.18	13:00:00	1.07195	1.07207	1.07153	1.07178	1533	0	2
2024.06.18	14:00:00	1.07180	1.07182	1.07099	1.07162	1637	0	2
2024.06.18	15:00:00	1.07163	1.07340	1.07104	1.07312	3575	0	2
2024.06.18	16:00:00	1.07311	1.07497	1.07300	1.07479	3098	0	2
2024.06.18	17:00:00	1.07483	1.07614	1.07365	1.07382	3434	0	2
2024.06.18	18:00:00	1.07385	1.07423	1.07343	1.07383	2479	0	2
2024.06.18	19:00:00	1.07384	1.07426	1.07364	1.07393	1653	0	2
2024.06.18	20:00:00	1.07394	1.07433	1.07335	1.07352	1904	0	2
2024.06.18	21:00:00	1.07348	1.07403	1.07320	1.07398	1372	0	2
2024.06.18	22:00:00	1.07397	1.07397	1.07361	1.07388	1363	0	2
2024.06.18	23:00:00	1.07388	1.07409	1.07379	1.07392	595	0	2
2024.06.19	00:00:00	1.07380	1.07403	1.07364	1.07397	171	0	5
2024.06.19	01:00:00	1.07395	1.07411	1.07395	1.07408	240	0	2
2024.06.19	02:00:00	1.07409	1.07410	1.07385	1.07386	498	0	2
2024.06.19	03:00:00	1.07385	1.07396	1.07367	1.07374	999	0	2
2024.06.19	04:00:00	1.07373	1.07417	1.07353	1.07407	880	0	2
2024.06.19	05:00:00	1.07407	1.07424	1.07376	1.07387	749	0	2
2024.06.19	06:00:00	1.07387	1.07404	1.07368	1.07378	616	0	2
2024.06.19	07:00:00	1.07377	1.07377	1.07352	1.07359	662	0	2
2024.06.19	08:00:00	1.07358	1.07388	1.07352	1.07377	895	0	2
2024.06.19	09:00:00	1.07378	1.07414	1.07276	1.07312	1869	0	2
2024.06.19	10:00:00	1.07310	1.07408	1.07247	1.07367	2760	0	2
2024.06.19	11:00:00	1.07367	1.07417	1.07341	1.07403	2070	0	2
2024.06.19	12:00:00	1.07402	1.07441	1.07325	1.07371	2026	0	2
2024.06.19	13:00:00	1.07372	1.07521	1.07352	1.07500	1943	0	2
2024.06.19	14:00:00	1.07503	1.07533	1.07466	1.07508	1692	0	2
2024.06.19	15:00:00	1.07508	1.07530	1.07424	1.07458	1739	0	2
2024.06.19	16:00:00	1.07464	1.07482	1.07409	1.07437	1564	0	2
2024.06.19	17:00:00	1.07435	1.07508	1.07429	1.07480	1313	0	2
2024.06.19	18:00:00	1.07480	1.07493	1.07411	1.07492	902	0	2
2024.06.19	19:00:00	1.07491	1.07491	1.07464	1.07472	437	0	2
2024.06.19	20:00:00	1.07471	1.07472	1.07439	1.07444	221	0	2
2024.06.19	21:00:00	1.07445	1.07445	1.07425	1.07432	169	0	2
2024.06.19	22:00:00	1.07431	1.07456	1.07426	1.07448	231	0	2
2024.06.19	23:00:00	1.07448	1.07452	1.07436	1.07443	222	0	2
2024.06.20	00:00:00	1.07438	1.07456	1.07427	1.07442	286	0	10
2024.06.20	01:00:00	1.07443	1.07473	1.07441	1.07457	442	0	2
2024.06.20	02:00:00	1.07457	1.07488	1.07454	1.07471	414	0	2
2024.06.20	03:00:00	1.07470	1.07480	1.07449	1.07461	865	0	2
2024.06.20	04:00:00	1.07461	1.07480	1.07420	1.07454	1231	0	2
2024.06.20	05:00:00	1.07456	1.07456	1.07389	1.07393	872	0	2
2024.06.20	06:00:00	1.07394	1.07419	1.07389	1.07419	699	0	2
2024.06.20	07:00:00	1.07420	1.07449	1.07408	1.07426	623	0	2
2024.06.20	08:00:00	1.07426	1.07433	1.07372	1.07373	728	0	2
2024.06.20	09:00:00	1.07372	1.07384	1.07306	1.07327	1634	0	2
2024.06.20	10:00:00	1.07325	1.07361	1.07243	1.07245	2135	0	2
2024.06.20	11:00:00	1.07247	1.07247	1.07125	1.07169	2295	0	2
2024.06.20	12:00:00	1.07172	1.07279	1.07141	1.07253	1887	0	2
2024.06.20	13:00:00	1.07252	1.07316	1.07245	1.07285	1639	0	2
2024.06.20	14:00:00	1.07285	1.07321	1.07128	1.07148	2018	0	3
2024.06.20	15:00:00	1.07143	1.07307	1.07131	1.07189	3329	0	2
2024.06.20	16:00:00	1.07190	1.07287	1.07165	1.07244	2977	0	2
2024.06.20	17:00:00	1.07245	1.07306	1.07208	1.07218	2518	0	2
2024.06.20	18:00:00	1.07216	1.07224	1.07070	1.07072	2376	0	2
2024.06.20	19:00:00	1.07073	1.07105	1.07033	1.07071	1770	0	2
2024.06.20	20:00:00	1.07071	1.07095	1.07040	1.07070	1763	0	2
2024.06.20	21:00:00	1.07070	1.07178	1.07070	1.07102	1480	0	2
2024.06.20	22:00:00	1.07102	1.07110	1.07035	1.07051	1472	0	2
2024.06.20	23:00:00	1.07050	1.07060	1.07018	1.07023	487	0	2
2024.06.21	00:00:00	1.07017	1.07042	1.07017	1.07037	193	0	5
2024.06.21	01:00:00	1.07039	1.07044	1.07012	1.07022	330	0	2
2024.06.21	02:00:00	1.07020	1.07075	1.07020	1.07060	501	0	2
2024.06.21	03:00:00	1.07060	1.07076	1.07033	1.07065	1160	0	2
2024.06.21	04:00:00	1.07065	1.07107	1.07050	1.07102	1313	0	2
2024.06.21	05:00:00	1.07103	1.07176	1.07101	1.07168	1025	0	2
2024.06.21	06:00:00	1.07164	1.07167	1.07136	1.07163	678	0	2
2024.06.21	07:00:00	1.07164	1.07185	1.07151	1.07184	522	0	2
2024.06.21	08:00:00	1.07184	1.07198	1.07148	1.07178	899	0	2
2024.06.21	09:00:00	1.07171	1.07206	1.07084	1.07098	1826	0	2
2024.06.21	10:00:00	1.07099	1.07101	1.06709	1.06780	3329	0	2
2024.06.21	11:00:00	1.06767	1.06956	1.06760	1.06909	2830	0	2
2024.06.21	12:00:00	1.06909	1.06980	1.06834	1.06979	2155	0	2
2024.06.21	13:00:00	1.06978	1.06980	1.06765	1.06809	1785	0	2
2024.06.21	14:00:00	1.06809	1.06900	1.06797	1.06888	1882	0	2
2024.06.21	15:00:00	1.06889	1.06951	1.06847	1.06947	2227	0	2
2024.06.21	16:00:00	1.06947	1.06976	1.06779	1.06825	3166	0	2
2024.06.21	17:00:00	1.06824	1.06976	1.06795	1.06814	3505	0	2
2024.06.21	18:00:00	1.06814	1.06945	1.06805	1.06936	2297	0	2
2024.06.21	19:00:00	1.06936	1.06960	1.06895	1.06921	1501	0	2
2024.06.21	20:00:00	1.06917	1.06942	1.06906	1.06931	1317	0	2
2024.06.21	21:00:00	1.06932	1.06968	1.06917	1.06946	1062	0	2
2024.06.21	22:00:00	1.06947	1.06967	1.06909	1.06918	1113	0	2
2024.06.21	23:00:00	1.06917	1.06948	1.06911	1.06929	611	0	2
2024.06.24	00:00:00	1.06892	1.06906	1.06856	1.06890	318	0	28
2024.06.24	01:00:00	1.06895	1.06938	1.06893	1.06938	468	0	2
2024.06.24	02:00:00	1.06940	1.06956	1.06873	1.06877	713	0	2
2024.06.24	03:00:00	1.06877	1.06935	1.06848	1.06918	893	0	2
2024.06.24	04:00:00	1.06918	1.06927	1.06836	1.06907	1455	0	2
2024.06.24	05:00:00	1.06907	1.06934	1.06879	1.06891	943	0	2
2024.06.24	06:00:00	1.06892	1.06935	1.06891	1.06916	781	0	2
2024.06.24	07:00:00	1.06916	1.06946	1.06912	1.06946	852	0	2
2024.06.24	08:00:00	1.06947	1.06994	1.06946	1.06987	785	0	2
2024.06.24	09:00:00	1.06984	1.07071	1.06973	1.07031	1862	0	2
2024.06.24	10:00:00	1.07033	1.07148	1.07023	1.07127	2018	0	2
2024.06.24	11:00:00	1.07125	1.07178	1.07087	1.07135	2116	0	2
2024.06.24	12:00:00	1.07133	1.07288	1.07131	1.07226	2163	0	2
2024.06.24	13:00:00	1.07225	1.07307	1.07195	1.07300	2100	0	2
2024.06.24	14:00:00	1.07301	1.07358	1.07265	1.07358	1892	0	2
2024.06.24	15:00:00	1.07354	1.07354	1.07262	1.07346	2690	0	2
2024.06.24	16:00:00	1.07346	1.07435	1.07346	1.07427	3210	0	2
2024.06.24	17:00:00	1.07425	1.07463	1.07271	1.07300	3425	0	2
2024.06.24	18:00:00	1.07299	1.07333	1.07233	1.07271	2160	0	2
2024.06.24	19:00:00	1.07271	1.07313	1.07260	1.07278	1488	0	2
2024.06.24	20:00:00	1.07277	1.07277	1.07218	1.07250	1729	0	2
2024.06.24	21:00:00	1.07250	1.07375	1.07242	1.07355	1726	0	2
2024.06.24	22:00:00	1.07355	1.07383	1.07342	1.07360	1392	0	2
2024.06.24	23:00:00	1.07359	1.07373	1.07340	1.07348	696	0	2
2024.06.25	00:00:00	1.07319	1.07338	1.07316	1.07329	346	0	5
2024.06.25	01:00:00	1.07332	1.07346	1.07319	1.07328	397	0	2
2024.06.25	02:00:00	1.07329	1.07330	1.07307	1.07322	559	0	2
2024.06.25	03:00:00	1.07321	1.07356	1.07319	1.07340	1168	0	2
2024.06.25	04:00:00	1.07339	1.07360	1.07322	1.07346	1406	0	2
2024.06.25	05:00:00	1.07346	1.07371	1.07339	1.07368	1035	0	2
2024.06.25	06:00:00	1.07369	1.07395	1.07359	1.07385	1175	0	2
2024.06.25	07:00:00	1.07386	1.07400	1.07363	1.07394	918	0	2
2024.06.25	08:00:00	1.07395	1.07442	1.07395	1.07415	1212	0	2
2024.06.25	09:00:00	1.07417	1.07417	1.07313	1.07318	1842	0	2
2024.06.25	10:00:00	1.07317	1.07328	1.07209	1.07269	2870	0	2
2024.06.25	11:00:00	1.07267	1.07358	1.07253	1.07342	2287	0	2
2024.06.25	12:00:00	1.07337	1.07353	1.07231	1.07246	1972	0	2
2024.06.25	13:00:00	1.07246	1.07302	1.07210	1.07233	2097	0	2
2024.06.25	14:00:00	1.07233	1.07244	1.07091	1.07093	2160	0	2
2024.06.25	15:00:00	1.07093	1.07149	1.07021	1.07050	2774	0	2
2024.06.25	16:00:00	1.07051	1.07131	1.07002	1.07025	2980	0	2
2024.06.25	17:00:00	1.07025	1.07031	1.06906	1.07007	3234	0	2
2024.06.25	18:00:00	1.07006	1.07094	1.07006	1.07039	2129	0	2
2024.06.25	19:00:00	1.07040	1.07087	1.07021	1.07046	1659	0	2
2024.06.25	20:00:00	1.07046	1.07145	1.07044	1.07136	1591	0	2
2024.06.25	21:00:00	1.07136	1.07173	1.07122	1.07160	1293	0	2
2024.06.25	22:00:00	1.07159	1.07176	1.07139	1.07159	1186	0	2
2024.06.25	23:00:00	1.07158	1.07158	1.07111	1.07131	570	0	2
2024.06.26	00:00:00	1.07086	1.07143	1.07086	1.07128	417	0	5
2024.06.26	01:00:00	1.07127	1.07151	1.07123	1.07123	377	0	2
2024.06.26	02:00:00	1.07123	1.07123	1.07089	1.07091	827	0	2
2024.06.26	03:00:00	1.07089	1.07125	1.07062	1.07114	1118	0	2
2024.06.26	04:00:00	1.07114	1.07165	1.07107	1.07157	2026	0	2
2024.06.26	05:00:00	1.07159	1.07179	1.07086	1.07100	1135	0	2
2024.06.26	06:00:00	1.07098	1.07126	1.07094	1.07109	908	0	2
2024.06.26	07:00:00	1.07109	1.07115	1.07074	1.07104	926	0	2
2024.06.26	08:00:00	1.07104	1.07113	1.07021	1.07037	1232	0	2
2024.06.26	09:00:00	1.07037	1.07055	1.06937	1.06948	1995	0	2
2024.06.26	10:00:00	1.06948	1.06960	1.06852	1.06939	2411	0	2
2024.06.26	11:00:00	1.06939	1.06999	1.06902	1.06949	2437	0	2
2024.06.26	12:00:00	1.06948	1.06995	1.06880	1.06888	2272	0	2
2024.06.26	13:00:00	1.06889	1.06889	1.06821	1.06849	2025	0	2
2024.06.26	14:00:00	1.06848	1.06947	1.06794	1.06940	2412	0	2
2024.06.26	15:00:00	1.06941	1.06944	1.06769	1.06770	3095	0	2
2024.06.26	16:00:00	1.06766	1.06823	1.06659	1.06748	4015	0	2
2024.06.26	17:00:00	1.06748	1.06957	1.06746	1.06802	4192	0	2
2024.06.26	18:00:00	1.06802	1.06874	1.06744	1.06818	3227	0	2
2024.06.26	19:00:00	1.06818	1.06876	1.06791	1.06820	2043	0	2
2024.06.26	20:00:00	1.06820	1.06908	1.06814	1.06856	2044	0	2
2024.06.26	21:00:00	1.06856	1.06856	1.06782	1.06799	1458	0	2
2024.06.26	22:00:00	1.06799	1.06816	1.06750	1.06809	1316	0	2
2024.06.26	23:00:00	1.06809	1.06815	1.06776	1.06793	622	0	2
2024.06.27	00:00:00	1.06796	1.06808	1.06781	1.06797	241	0	5
2024.06.27	01:00:00	1.06798	1.06821	1.06793	1.06804	546	0	2
2024.06.27	02:00:00	1.06806	1.06815	1.06777	1.06797	692	0	2
2024.06.27	03:00:00	1.06798	1.06817	1.06770	1.06781	1574	0	2
2024.06.27	04:00:00	1.06782	1.06894	1.06777	1.06887	1537	0	2
2024.06.27	05:00:00	1.06895	1.06916	1.06880	1.06893	1144	0	2
2024.06.27	06:00:00	1.06893	1.06923	1.06881	1.06906	853	0	2
2024.06.27	07:00:00	1.06906	1.06948	1.06906	1.06942	825	0	2
2024.06.27	08:00:00	1.06942	1.06972	1.06920	1.06956	1142	0	2
2024.06.27	09:00:00	1.06952	1.06990	1.06910	1.06931	2311	0	2
2024.06.27	10:00:00	1.06928	1.06979	1.06882	1.06900	3735	0	2
2024.06.27	11:00:00	1.06900	1.06914	1.06805	1.06879	3321	0	2
2024.06.27	12:00:00	1.06880	1.07009	1.06873	1.06971	3126	0	2
2024.06.27	13:00:00	1.06971	1.07043	1.06904	1.07036	3133	0	2
2024.06.27	14:00:00	1.07036	1.07041	1.06926	1.06926	2754	0	2
2024.06.27	15:00:00	1.06927	1.07220	1.06926	1.07194	5705	0	2
2024.06.27	16:00:00	1.07194	1.07264	1.07169	1.07203	5290	0	2
2024.06.27	17:00:00	1.07204	1.07253	1.07077	1.07124	4925	0	2
2024.06.27	18:00:00	1.07125	1.07130	1.07002	1.07069	3553	0	2
2024.06.27	19:00:00	1.07069	1.07103	1.07032	1.07068	2339	0	2
2024.06.27	20:00:00	1.07066	1.07084	1.07043	1.07052	2078	0	2
2024.06.27	21:00:00	1.07052	1.07077	1.07019	1.07054	1931	0	2
2024.06.27	22:00:00	1.07056	1.07072	1.07013	1.07029	1933	0	2
2024.06.27	23:00:00	1.07027	1.07052	1.07027	1.07033	821	0	2
2024.06.28	00:00:00	1.07041	1.07055	1.07029	1.07049	615	0	5
2024.06.28	01:00:00	1.07049	1.07055	1.07032	1.07038	581	0	2
2024.06.28	02:00:00	1.07038	1.07094	1.07035	1.07076	861	0	2
2024.06.28	03:00:00	1.07076	1.07109	1.06974	1.06976	1730	0	2
2024.06.28	04:00:00	1.06975	1.06990	1.06853	1.06911	3226	0	2
2024.06.28	05:00:00	1.06912	1.06972	1.06878	1.06939	2289	0	2
2024.06.28	06:00:00	1.06939	1.06948	1.06899	1.06922	1155	0	2
2024.06.28	07:00:00	1.06923	1.06924	1.06856	1.06866	1273	0	2
2024.06.28	08:00:00	1.06867	1.06924	1.06860	1.06902	1333	0	2
2024.06.28	09:00:00	1.06902	1.06982	1.06899	1.06969	2748	0	2
2024.06.28	10:00:00	1.06970	1.07040	1.06917	1.06970	3572	0	2
2024.06.28	11:00:00	1.06970	1.07001	1.06921	1.06979	3271	0	2
2024.06.28	12:00:00	1.06978	1.07093	1.06934	1.07093	2896	0	2
2024.06.28	13:00:00	1.07091	1.07103	1.07044	1.07094	2646	0	2
2024.06.28	14:00:00	1.07094	1.07117	1.06919	1.06971	2508	0	2
2024.06.28	15:00:00	1.06971	1.07194	1.06971	1.07048	6056	0	2
2024.06.28	16:00:00	1.07046	1.07078	1.06927	1.06982	6074	0	2
2024.06.28	17:00:00	1.06985	1.07221	1.06924	1.07184	7654	0	2
2024.06.28	18:00:00	1.07182	1.07183	1.07096	1.07113	5524	0	2
2024.06.28	19:00:00	1.07113	1.07217	1.07096	1.07159	3613	0	2
2024.06.28	20:00:00	1.07159	1.07247	1.07137	1.07144	2528	0	2
2024.06.28	21:00:00	1.07144	1.07185	1.07110	1.07116	2359	0	2
2024.06.28	22:00:00	1.07117	1.07126	1.07060	1.07110	2449	0	2
2024.06.28	23:00:00	1.07108	1.07137	1.07078	1.07130	1291	0	2
2024.07.01	00:00:00	1.07418	1.07448	1.07345	1.07381	844	0	29
2024.07.01	01:00:00	1.07381	1.07414	1.07325	1.07368	1693	0	2
2024.07.01	02:00:00	1.07368	1.07395	1.07340	1.07350	1026	0	2
2024.07.01	03:00:00	1.07350	1.07496	1.07348	1.07457	2686	0	2
2024.07.01	04:00:00	1.07456	1.07613	1.07428	1.07482	4001	0	2
2024.07.01	05:00:00	1.07483	1.07552	1.07469	1.07550	2409	0	2
2024.07.01	06:00:00	1.07550	1.07565	1.07514	1.07527	1649	0	2
2024.07.01	07:00:00	1.07526	1.07586	1.07521	1.07549	1394	0	2
2024.07.01	08:00:00	1.07549	1.07622	1.07540	1.07556	1881	0	2
2024.07.01	09:00:00	1.07554	1.07764	1.07553	1.07698	4518	0	2
2024.07.01	10:00:00	1.07699	1.07725	1.07512	1.07545	4455	0	2
2024.07.01	11:00:00	1.07544	1.07719	1.07494	1.07684	3647	0	2
2024.07.01	12:00:00	1.07683	1.07686	1.07559	1.07570	2669	0	2
2024.07.01	13:00:00	1.07571	1.07571	1.07473	1.07487	2448	0	2
2024.07.01	14:00:00	1.07487	1.07522	1.07425	1.07490	2788	0	2
2024.07.01	15:00:00	1.07489	1.07500	1.07397	1.07482	4520	0	2
2024.07.01	16:00:00	1.07482	1.07592	1.07481	1.07547	4542	0	2
2024.07.01	17:00:00	1.07548	1.07697	1.07284	1.07300	7482	0	2
2024.07.01	18:00:00	1.07301	1.07304	1.07195	1.07269	4686	0	2
2024.07.01	19:00:00	1.07269	1.07331	1.07241	1.07314	2515	0	2
2024.07.01	20:00:00	1.07314	1.07334	1.07280	1.07292	1725	0	2
2024.07.01	21:00:00	1.07292	1.07301	1.07241	1.07295	1731	0	2
2024.07.01	22:00:00	1.07294	1.07392	1.07293	1.07383	2327	0	2
2024.07.01	23:00:00	1.07384	1.07426	1.07382	1.07397	926	0	2
2024.07.02	00:00:00	1.07371	1.07403	1.07353	1.07387	683	0	5
2024.07.02	01:00:00	1.07387	1.07410	1.07370	1.07372	583	0	2
2024.07.02	02:00:00	1.07372	1.07376	1.07356	1.07363	912	0	2
2024.07.02	03:00:00	1.07365	1.07385	1.07330	1.07347	2019	0	2
2024.07.02	04:00:00	1.07348	1.07364	1.07320	1.07345	1715	0	2
2024.07.02	05:00:00	1.07345	1.07360	1.07320	1.07351	1187	0	2
2024.07.02	06:00:00	1.07351	1.07355	1.07308	1.07323	1157	0	2
2024.07.02	07:00:00	1.07323	1.07333	1.07282	1.07295	1167	0	2
2024.07.02	08:00:00	1.07295	1.07329	1.07268	1.07319	1423	0	2
2024.07.02	09:00:00	1.07319	1.07358	1.07248	1.07252	2789	0	2
2024.07.02	10:00:00	1.07250	1.07282	1.07119	1.07182	4477	0	2
2024.07.02	11:00:00	1.07181	1.07239	1.07141	1.07208	3617	0	2
2024.07.02	12:00:00	1.07208	1.07226	1.07105	1.07108	3186	0	2
2024.07.02	13:00:00	1.07108	1.07188	1.07098	1.07172	2581	0	2
2024.07.02	14:00:00	1.07172	1.07245	1.07149	1.07239	2372	0	2
2024.07.02	15:00:00	1.07240	1.07335	1.07240	1.07316	3616	0	2
2024.07.02	16:00:00	1.07316	1.07467	1.07299	1.07420	5747	0	2
2024.07.02	17:00:00	1.07419	1.07455	1.07240	1.07431	7848	0	2
2024.07.02	18:00:00	1.07431	1.07445	1.07331	1.07363	3785	0	2
2024.07.02	19:00:00	1.07362	1.07366	1.07307	1.07320	2165	0	2
2024.07.02	20:00:00	1.07320	1.07406	1.07316	1.07382	1531	0	2
2024.07.02	21:00:00	1.07383	1.07429	1.07380	1.07421	1401	0	2
2024.07.02	22:00:00	1.07421	1.07464	1.07416	1.07461	1812	0	2
2024.07.02	23:00:00	1.07461	1.07473	1.07451	1.07455	890	0	2
2024.07.03	00:00:00	1.07437	1.07454	1.07431	1.07447	518	0	10
2024.07.03	01:00:00	1.07447	1.07490	1.07447	1.07489	729	0	2
2024.07.03	02:00:00	1.07489	1.07492	1.07468	1.07480	991	0	2
2024.07.03	03:00:00	1.07480	1.07545	1.07473	1.07480	1675	0	2
2024.07.03	04:00:00	1.07479	1.07479	1.07403	1.07418	1345	0	2
2024.07.03	05:00:00	1.07418	1.07468	1.07418	1.07439	1208	0	2
2024.07.03	06:00:00	1.07438	1.07451	1.07429	1.07435	1125	0	2
2024.07.03	07:00:00	1.07435	1.07445	1.07419	1.07424	933	0	2
2024.07.03	08:00:00	1.07424	1.07424	1.07361	1.07385	1445	0	2
2024.07.03	09:00:00	1.07385	1.07481	1.07368	1.07468	2791	0	2
2024.07.03	10:00:00	1.07469	1.07617	1.07469	1.07595	3699	0	2
2024.07.03	11:00:00	1.07595	1.07636	1.07554	1.07581	3031	0	2
2024.07.03	12:00:00	1.07580	1.07624	1.07543	1.07550	2613	0	2
2024.07.03	13:00:00	1.07551	1.07627	1.07525	1.07584	2416	0	2
2024.07.03	14:00:00	1.07584	1.07622	1.07563	1.07576	2413	0	2
2024.07.03	15:00:00	1.07576	1.07784	1.07547	1.07745	4639	0	2
2024.07.03	16:00:00	1.07745	1.07924	1.07719	1.07893	3888	0	2
2024.07.03	17:00:00	1.07894	1.08167	1.07894	1.08058	8785	0	2
2024.07.03	18:00:00	1.08058	1.08091	1.07970	1.07987	4799	0	2
2024.07.03	19:00:00	1.07987	1.08003	1.07918	1.07958	2554	0	2
2024.07.03	20:00:00	1.07957	1.07959	1.07819	1.07833	1592	0	2
2024.07.03	21:00:00	1.07835	1.07846	1.07780	1.07801	1450	0	2
2024.07.03	22:00:00	1.07803	1.07877	1.07797	1.07848	1198	0	2
2024.07.03	23:00:00	1.07848	1.07886	1.07840	1.07885	705	0	2
2024.07.04	00:00:00	1.07828	1.07875	1.07826	1.07853	486	0	15
2024.07.04	01:00:00	1.07853	1.07901	1.07853	1.07896	380	0	2
2024.07.04	02:00:00	1.07896	1.07917	1.07881	1.07911	821	0	2
2024.07.04	03:00:00	1.07911	1.07938	1.07887	1.07925	1624	0	2
2024.07.04	04:00:00	1.07925	1.07950	1.07884	1.07908	1830	0	2
2024.07.04	05:00:00	1.07907	1.07915	1.07862	1.07863	924	0	2
2024.07.04	06:00:00	1.07863	1.07874	1.07835	1.07852	866	0	2
2024.07.04	07:00:00	1.07853	1.07872	1.07848	1.07865	788	0	2
2024.07.04	08:00:00	1.07863	1.07908	1.07848	1.07901	1131	0	2
2024.07.04	09:00:00	1.07901	1.07935	1.07849	1.07924	2789	0	2
2024.07.04	10:00:00	1.07926	1.07965	1.07889	1.07944	3170	0	2
2024.07.04	11:00:00	1.07944	1.08031	1.07939	1.08018	3136	0	2
2024.07.04	12:00:00	1.08017	1.08030	1.07952	1.07977	2508	0	2
2024.07.04	13:00:00	1.07978	1.08015	1.07939	1.08010	1935	0	2
2024.07.04	14:00:00	1.08010	1.08020	1.07961	1.07970	2037	0	2
2024.07.04	15:00:00	1.07969	1.08021	1.07958	1.07970	2458	0	2
2024.07.04	16:00:00	1.07970	1.08016	1.07947	1.08009	2307	0	2
2024.07.04	17:00:00	1.08009	1.08091	1.07992	1.08081	2860	0	2
2024.07.04	18:00:00	1.08081	1.08137	1.08068	1.08106	1639	0	3
2024.07.04	19:00:00	1.08106	1.08136	1.08095	1.08121	744	0	3
2024.07.04	20:00:00	1.08120	1.08128	1.08106	1.08115	274	0	3
2024.07.04	21:00:00	1.08114	1.08124	1.08112	1.08119	255	0	3
2024.07.04	22:00:00	1.08118	1.08130	1.08118	1.08128	661	0	3
2024.07.04	23:00:00	1.08128	1.08136	1.08113	1.08115	350	0	3
2024.07.05	00:00:00	1.08116	1.08117	1.08103	1.08114	684	0	7
2024.07.05	01:00:00	1.08114	1.08138	1.08101	1.08116	433	0	2
2024.07.05	02:00:00	1.08116	1.08118	1.08092	1.08103	695	0	2
2024.07.05	03:00:00	1.08104	1.08180	1.08101	1.08147	1702	0	2
2024.07.05	04:00:00	1.08147	1.08180	1.08139	1.08158	1623	0	2
2024.07.05	05:00:00	1.08159	1.08181	1.08142	1.08180	1024	0	2
2024.07.05	06:00:00	1.08180	1.08244	1.08177	1.08218	1701	0	2
2024.07.05	07:00:00	1.08219	1.08228	1.08197	1.08219	1165	0	2
2024.07.05	08:00:00	1.08220	1.08225	1.08191	1.08214	1170	0	2
2024.07.05	09:00:00	1.08214	1.08258	1.08188	1.08191	2108	0	2
2024.07.05	10:00:00	1.08192	1.08303	1.08164	1.08290	3349	0	2
2024.07.05	11:00:00	1.08289	1.08305	1.08227	1.08281	2451	0	2
2024.07.05	12:00:00	1.08280	1.08307	1.08256	1.08264	2077	0	2
2024.07.05	13:00:00	1.08264	1.08318	1.08220	1.08247	2228	0	2
2024.07.05	14:00:00	1.08247	1.08252	1.08183	1.08189	2105	0	2
2024.07.05	15:00:00	1.08189	1.08421	1.07974	1.08296	7867	0	2
2024.07.05	16:00:00	1.08295	1.08342	1.08142	1.08191	7883	0	2
2024.07.05	17:00:00	1.08190	1.08261	1.08105	1.08241	6311	0	2
2024.07.05	18:00:00	1.08240	1.08306	1.08191	1.08277	3990	0	2
2024.07.05	19:00:00	1.08277	1.08304	1.08232	1.08256	2321	0	2
2024.07.05	20:00:00	1.08255	1.08303	1.08248	1.08278	1751	0	2
2024.07.05	21:00:00	1.08278	1.08374	1.08275	1.08369	1444	0	2
2024.07.05	22:00:00	1.08369	1.08427	1.08365	1.08414	1757	0	2
2024.07.05	23:00:00	1.08413	1.08413	1.08375	1.08391	939	0	2
2024.07.08	00:00:00	1.08040	1.08200	1.08040	1.08161	719	0	28
2024.07.08	01:00:00	1.08161	1.08330	1.08157	1.08245	1498	0	2
2024.07.08	02:00:00	1.08245	1.08279	1.08218	1.08257	1344	0	2
2024.07.08	03:00:00	1.08256	1.08294	1.08189	1.08215	2143	0	2
2024.07.08	04:00:00	1.08216	1.08294	1.08200	1.08291	1929	0	2
2024.07.08	05:00:00	1.08291	1.08301	1.08251	1.08260	1686	0	2
2024.07.08	06:00:00	1.08260	1.08363	1.08259	1.08314	1375	0	2
2024.07.08	07:00:00	1.08315	1.08317	1.08272	1.08286	1060	0	2
2024.07.08	08:00:00	1.08287	1.08300	1.08208	1.08224	1641	0	2
2024.07.08	09:00:00	1.08223	1.08293	1.08146	1.08216	3581	0	2
2024.07.08	10:00:00	1.08216	1.08383	1.08208	1.08368	4849	0	2
2024.07.08	11:00:00	1.08369	1.08429	1.08345	1.08384	3692	0	2
2024.07.08	12:00:00	1.08383	1.08418	1.08353	1.08380	3040	0	2
2024.07.08	13:00:00	1.08381	1.08395	1.08235	1.08298	2693	0	2
2024.07.08	14:00:00	1.08298	1.08334	1.08267	1.08334	2871	0	2
2024.07.08	15:00:00	1.08335	1.08445	1.08322	1.08436	3907	0	2
2024.07.08	16:00:00	1.08437	1.08450	1.08384	1.08411	3903	0	2
2024.07.08	17:00:00	1.08411	1.08448	1.08321	1.08346	4002	0	2
2024.07.08	18:00:00	1.08347	1.08362	1.08312	1.08348	3049	0	2
2024.07.08	19:00:00	1.08345	1.08361	1.08284	1.08324	1909	0	2
2024.07.08	20:00:00	1.08323	1.08335	1.08294	1.08319	1377	0	2
2024.07.08	21:00:00	1.08318	1.08319	1.08234	1.08260	1409	0	2
2024.07.08	22:00:00	1.08260	1.08265	1.08223	1.08250	1551	0	2
2024.07.08	23:00:00	1.08251	1.08251	1.08232	1.08233	638	0	2
2024.07.09	00:00:00	1.08242	1.08252	1.08239	1.08244	116	0	8
2024.07.09	01:00:00	1.08244	1.08259	1.08241	1.08257	480	0	2
2024.07.09	02:00:00	1.08257	1.08314	1.08257	1.08305	935	0	2
2024.07.09	03:00:00	1.08305	1.08333	1.08261	1.08270	1507	0	2
2024.07.09	04:00:00	1.08270	1.08298	1.08226	1.08235	1559	0	2
2024.07.09	05:00:00	1.08235	1.08274	1.08191	1.08263	1711	0	2
2024.07.09	06:00:00	1.08263	1.08298	1.08257	1.08280	998	0	2
2024.07.09	07:00:00	1.08281	1.08313	1.08277	1.08294	963	0	2
2024.07.09	08:00:00	1.08295	1.08307	1.08262	1.08286	1343	0	2
2024.07.09	09:00:00	1.08286	1.08301	1.08239	1.08247	2200	0	2
2024.07.09	10:00:00	1.08246	1.08298	1.08169	1.08174	3363	0	2
2024.07.09	11:00:00	1.08174	1.08242	1.08151	1.08224	2786	0	2
2024.07.09	12:00:00	1.08224	1.08261	1.08187	1.08227	2074	0	2
2024.07.09	13:00:00	1.08227	1.08284	1.08201	1.08221	2347	0	2
2024.07.09	14:00:00	1.08221	1.08240	1.08120	1.08137	2942	0	2
2024.07.09	15:00:00	1.08138	1.08177	1.08125	1.08156	3444	0	2
2024.07.09	16:00:00	1.08157	1.08261	1.08157	1.08218	3787	0	2
2024.07.09	17:00:00	1.08218	1.08281	1.08093	1.08155	7228	0	2
2024.07.09	18:00:00	1.08156	1.08193	1.08053	1.08126	4755	0	2
2024.07.09	19:00:00	1.08125	1.08162	1.08058	1.08100	2843	0	2
2024.07.09	20:00:00	1.08100	1.08139	1.08064	1.08091	2499	0	2
2024.07.09	21:00:00	1.08091	1.08141	1.08082	1.08134	1907	0	2
2024.07.09	22:00:00	1.08133	1.08160	1.08108	1.08142	1724	0	2
2024.07.09	23:00:00	1.08143	1.08165	1.08137	1.08146	622	0	2
2024.07.10	00:00:00	1.08135	1.08152	1.08134	1.08144	520	0	7
2024.07.10	01:00:00	1.08144	1.08152	1.08137	1.08144	349	0	2
2024.07.10	02:00:00	1.08144	1.08159	1.08139	1.08142	603	0	2
2024.07.10	03:00:00	1.08143	1.08167	1.08112	1.08122	1421	0	2
2024.07.10	04:00:00	1.08121	1.08152	1.08108	1.08145	1319	0	2
2024.07.10	05:00:00	1.08145	1.08168	1.08118	1.08168	1607	0	2
2024.07.10	06:00:00	1.08168	1.08211	1.08164	1.08200	895	0	2
2024.07.10	07:00:00	1.08200	1.08206	1.08175	1.08184	1141	0	2
2024.07.10	08:00:00	1.08185	1.08212	1.08158	1.08176	1126	0	2
2024.07.10	09:00:00	1.08176	1.08233	1.08147	1.08221	2218	0	2
2024.07.10	10:00:00	1.08220	1.08249	1.08150	1.08162	3395	0	2
2024.07.10	11:00:00	1.08161	1.08199	1.08118	1.08154	2801	0	2
2024.07.10	12:00:00	1.08153	1.08250	1.08144	1.08187	2639	0	2
2024.07.10	13:00:00	1.08187	1.08241	1.08133	1.08216	2384	0	2
2024.07.10	14:00:00	1.08216	1.08269	1.08198	1.08255	2271	0	2
2024.07.10	15:00:00	1.08254	1.08282	1.08233	1.08270	3121	0	2
2024.07.10	16:00:00	1.08269	1.08288	1.08201	1.08226	4503	0	2
2024.07.10	17:00:00	1.08227	1.08287	1.08198	1.08231	4497	0	2
2024.07.10	18:00:00	1.08232	1.08275	1.08208	1.08223	2993	0	2
2024.07.10	19:00:00	1.08223	1.08278	1.08216	1.08269	2112	0	2
2024.07.10	20:00:00	1.08269	1.08286	1.08208	1.08220	2010	0	2
2024.07.10	21:00:00	1.08220	1.08251	1.08173	1.08249	1731	0	2
2024.07.10	22:00:00	1.08248	1.08296	1.08237	1.08287	1468	0	2
2024.07.10	23:00:00	1.08287	1.08297	1.08273	1.08291	610	0	2
2024.07.11	00:00:00	1.08276	1.08292	1.08261	1.08291	113	0	14
2024.07.11	01:00:00	1.08291	1.08332	1.08291	1.08328	568	0	2
2024.07.11	02:00:00	1.08328	1.08367	1.08310	1.08332	897	0	2
2024.07.11	03:00:00	1.08332	1.08367	1.08324	1.08351	1489	0	2
2024.07.11	04:00:00	1.08350	1.08400	1.08324	1.08393	1205	0	2
2024.07.11	05:00:00	1.08394	1.08401	1.08367	1.08371	1134	0	2
2024.07.11	06:00:00	1.08371	1.08389	1.08355	1.08380	1046	0	2
2024.07.11	07:00:00	1.08379	1.08389	1.08354	1.08363	879	0	2
2024.07.11	08:00:00	1.08364	1.08377	1.08343	1.08344	1024	0	2
2024.07.11	09:00:00	1.08344	1.08396	1.08321	1.08341	2736	0	2
2024.07.11	10:00:00	1.08341	1.08402	1.08325	1.08393	2801	0	2
2024.07.11	11:00:00	1.08394	1.08479	1.08382	1.08473	2559	0	2
2024.07.11	12:00:00	1.08472	1.08527	1.08431	1.08467	2583	0	2
2024.07.11	13:00:00	1.08467	1.08523	1.08455	1.08487	2145	0	2
2024.07.11	14:00:00	1.08487	1.08577	1.08487	1.08547	2220	0	2
2024.07.11	15:00:00	1.08547	1.08998	1.08445	1.08868	8739	0	2
2024.07.11	16:00:00	1.08867	1.08989	1.08685	1.08865	11005	0	2
2024.07.11	17:00:00	1.08866	1.08898	1.08705	1.08784	7672	0	2
2024.07.11	18:00:00	1.08785	1.08807	1.08664	1.08698	5382	0	2
2024.07.11	19:00:00	1.08697	1.08705	1.08640	1.08667	3306	0	2
2024.07.11	20:00:00	1.08668	1.08674	1.08597	1.08608	3619	0	2
2024.07.11	21:00:00	1.08608	1.08690	1.08602	1.08678	2527	0	2
2024.07.11	22:00:00	1.08679	1.08700	1.08641	1.08647	2202	0	2
2024.07.11	23:00:00	1.08646	1.08675	1.08642	1.08672	745	0	2
2024.07.12	00:00:00	1.08656	1.08676	1.08656	1.08660	543	0	11
2024.07.12	01:00:00	1.08660	1.08682	1.08640	1.08662	878	0	2
2024.07.12	02:00:00	1.08662	1.08743	1.08649	1.08741	2980	0	2
2024.07.12	03:00:00	1.08740	1.08745	1.08678	1.08698	2989	0	2
2024.07.12	04:00:00	1.08698	1.08722	1.08637	1.08646	2124	0	2
2024.07.12	05:00:00	1.08646	1.08674	1.08634	1.08658	1658	0	2
2024.07.12	06:00:00	1.08658	1.08709	1.08646	1.08688	1193	0	2
2024.07.12	07:00:00	1.08687	1.08708	1.08682	1.08697	949	0	2
2024.07.12	08:00:00	1.08699	1.08725	1.08676	1.08694	1394	0	2
2024.07.12	09:00:00	1.08694	1.08723	1.08632	1.08649	2770	0	2
2024.07.12	10:00:00	1.08649	1.08763	1.08617	1.08756	3226	0	2
2024.07.12	11:00:00	1.08756	1.08871	1.08754	1.08868	3487	0	2
2024.07.12	12:00:00	1.08867	1.08892	1.08814	1.08851	2868	0	2
2024.07.12	13:00:00	1.08851	1.08920	1.08846	1.08900	2400	0	2
2024.07.12	14:00:00	1.08900	1.08922	1.08864	1.08876	2455	0	2
2024.07.12	15:00:00	1.08876	1.08928	1.08739	1.08904	7541	0	2
2024.07.12	16:00:00	1.08905	1.08980	1.08868	1.08968	7083	0	2
2024.07.12	17:00:00	1.08961	1.09094	1.08933	1.09091	6661	0	2
2024.07.12	18:00:00	1.09091	1.09109	1.09010	1.09011	3704	0	2
2024.07.12	19:00:00	1.09011	1.09054	1.09005	1.09046	2702	0	2
2024.07.12	20:00:00	1.09046	1.09074	1.09010	1.09065	1991	0	2
2024.07.12	21:00:00	1.09063	1.09065	1.09009	1.09061	1753	0	2
2024.07.12	22:00:00	1.09061	1.09113	1.09046	1.09064	2056	0	2
2024.07.12	23:00:00	1.09064	1.09079	1.09040	1.09048	810	0	2
2024.07.15	00:00:00	1.08840	1.08935	1.08840	1.08879	1142	0	30
2024.07.15	01:00:00	1.08879	1.08923	1.08847	1.08869	1829	0	2
2024.07.15	02:00:00	1.08869	1.08882	1.08832	1.08856	1518	0	2
2024.07.15	03:00:00	1.08857	1.08889	1.08833	1.08883	1800	0	2
2024.07.15	04:00:00	1.08883	1.08900	1.08859	1.08897	1924	0	2
2024.07.15	05:00:00	1.08897	1.08918	1.08864	1.08918	1577	0	2
2024.07.15	06:00:00	1.08918	1.08956	1.08905	1.08940	901	0	2
2024.07.15	07:00:00	1.08939	1.08947	1.08924	1.08936	992	0	2
2024.07.15	08:00:00	1.08936	1.08959	1.08925	1.08942	1136	0	2
2024.07.15	09:00:00	1.08942	1.08961	1.08862	1.08894	2927	0	2
2024.07.15	10:00:00	1.08894	1.08964	1.08838	1.08956	3658	0	2
2024.07.15	11:00:00	1.08956	1.09093	1.08956	1.09082	3162	0	2
2024.07.15	12:00:00	1.09083	1.09150	1.09067	1.09128	3039	0	2
2024.07.15	13:00:00	1.09127	1.09203	1.09049	1.09098	3237	0	2
2024.07.15	14:00:00	1.09098	1.09148	1.09050	1.09054	3461	0	2
2024.07.15	15:00:00	1.09055	1.09087	1.09021	1.09073	3916	0	2
2024.07.15	16:00:00	1.09073	1.09165	1.09067	1.09152	3943	0	2
2024.07.15	17:00:00	1.09152	1.09177	1.09075	1.09169	4359	0	2
2024.07.15	18:00:00	1.09169	1.09223	1.09099	1.09119	3681	0	2
2024.07.15	19:00:00	1.09119	1.09171	1.09000	1.09062	4216	0	2
2024.07.15	20:00:00	1.09063	1.09064	1.08931	1.08949	4523	0	2
2024.07.15	21:00:00	1.08947	1.09018	1.08934	1.09013	2359	0	2
2024.07.15	22:00:00	1.09012	1.09013	1.08963	1.08987	2443	0	2
2024.07.15	23:00:00	1.08986	1.08992	1.08951	1.08952	1060	0	2
2024.07.16	00:00:00	1.08913	1.08967	1.08912	1.08942	327	0	12
2024.07.16	01:00:00	1.08951	1.08968	1.08940	1.08943	741	0	2
2024.07.16	02:00:00	1.08943	1.08985	1.08942	1.08981	907	0	2
2024.07.16	03:00:00	1.08981	1.08981	1.08908	1.08913	1975	0	2
2024.07.16	04:00:00	1.08914	1.08934	1.08902	1.08928	1800	0	2
2024.07.16	05:00:00	1.08928	1.08936	1.08886	1.08908	1310	0	2
2024.07.16	06:00:00	1.08909	1.08940	1.08908	1.08931	1129	0	2
2024.07.16	07:00:00	1.08931	1.08944	1.08918	1.08922	1009	0	2
2024.07.16	08:00:00	1.08923	1.08924	1.08870	1.08884	1677	0	2
2024.07.16	09:00:00	1.08884	1.08908	1.08835	1.08886	2945	0	2
2024.07.16	10:00:00	1.08885	1.09003	1.08885	1.08993	3345	0	2
2024.07.16	11:00:00	1.08992	1.09027	1.08938	1.09003	3325	0	2
2024.07.16	12:00:00	1.09003	1.09041	1.08937	1.08979	3663	0	2
2024.07.16	13:00:00	1.08979	1.09029	1.08959	1.08990	2814	0	2
2024.07.16	14:00:00	1.08990	1.09038	1.08944	1.09019	2609	0	2
2024.07.16	15:00:00	1.09019	1.09054	1.08756	1.08807	5895	0	2
2024.07.16	16:00:00	1.08805	1.08831	1.08715	1.08831	4787	0	2
2024.07.16	17:00:00	1.08831	1.08848	1.08731	1.08784	4638	0	2
2024.07.16	18:00:00	1.08785	1.08861	1.08782	1.08845	3838	0	2
2024.07.16	19:00:00	1.08846	1.08891	1.08812	1.08888	2736	0	2
2024.07.16	20:00:00	1.08888	1.08924	1.08877	1.08919	1859	0	2
2024.07.16	21:00:00	1.08920	1.08974	1.08904	1.08959	1853	0	2
2024.07.16	22:00:00	1.08958	1.09028	1.08953	1.09018	2031	0	2
2024.07.16	23:00:00	1.09018	1.09026	1.08989	1.08990	1093	0	2
2024.07.17	00:00:00	1.08993	1.08995	1.08983	1.08993	107	0	6
2024.07.17	01:00:00	1.08993	1.09020	1.08975	1.09020	884	0	2
2024.07.17	02:00:00	1.09020	1.09029	1.09001	1.09019	1081	0	2
2024.07.17	03:00:00	1.09020	1.09028	1.08958	1.08975	1867	0	2
2024.07.17	04:00:00	1.08975	1.09029	1.08955	1.09023	1577	0	2
2024.07.17	05:00:00	1.09023	1.09069	1.09008	1.09043	1238	0	2
2024.07.17	06:00:00	1.09043	1.09063	1.09003	1.09063	1228	0	2
2024.07.17	07:00:00	1.09062	1.09067	1.09019	1.09029	1175	0	2
2024.07.17	08:00:00	1.09029	1.09069	1.09009	1.09044	1469	0	2
2024.07.17	09:00:00	1.09045	1.09054	1.08975	1.08975	3638	0	2
2024.07.17	10:00:00	1.08975	1.09135	1.08950	1.09084	5258	0	2
2024.07.17	11:00:00	1.09085	1.09438	1.09075	1.09419	5360	0	2
2024.07.17	12:00:00	1.09419	1.09450	1.09359	1.09438	4794	0	2
2024.07.17	13:00:00	1.09439	1.09449	1.09302	1.09307	3107	0	2
2024.07.17	14:00:00	1.09307	1.09420	1.09289	1.09347	3336	0	2
2024.07.17	15:00:00	1.09346	1.09439	1.09320	1.09424	4429	0	2
2024.07.17	16:00:00	1.09424	1.09480	1.09354	1.09387	5577	0	2
2024.07.17	17:00:00	1.09386	1.09387	1.09314	1.09324	5528	0	2
2024.07.17	18:00:00	1.09325	1.09360	1.09275	1.09326	4059	0	2
2024.07.17	19:00:00	1.09326	1.09336	1.09236	1.09296	3319	0	2
2024.07.17	20:00:00	1.09296	1.09366	1.09282	1.09313	2647	0	2
2024.07.17	21:00:00	1.09313	1.09394	1.09303	1.09368	2096	0	2
2024.07.17	22:00:00	1.09367	1.09397	1.09346	1.09362	2173	0	2
2024.07.17	23:00:00	1.09360	1.09402	1.09351	1.09396	924	0	2
2024.07.18	00:00:00	1.09390	1.09395	1.09378	1.09381	139	0	6
2024.07.18	01:00:00	1.09381	1.09398	1.09380	1.09397	689	0	2
2024.07.18	02:00:00	1.09396	1.09411	1.09385	1.09402	1836	0	2
2024.07.18	03:00:00	1.09402	1.09407	1.09365	1.09370	2020	0	2
2024.07.18	04:00:00	1.09370	1.09390	1.09339	1.09342	2593	0	2
2024.07.18	05:00:00	1.09342	1.09359	1.09322	1.09351	2058	0	2
2024.07.18	06:00:00	1.09352	1.09365	1.09321	1.09328	1545	0	2
2024.07.18	07:00:00	1.09329	1.09363	1.09316	1.09335	1306	0	2
2024.07.18	08:00:00	1.09335	1.09381	1.09326	1.09369	1880	0	2
2024.07.18	09:00:00	1.09369	1.09371	1.09275	1.09310	3215	0	2
2024.07.18	10:00:00	1.09311	1.09351	1.09260	1.09315	4753	0	2
2024.07.18	11:00:00	1.09314	1.09387	1.09289	1.09306	3471	0	2
2024.07.18	12:00:00	1.09306	1.09317	1.09270	1.09308	2432	0	2
2024.07.18	13:00:00	1.09309	1.09362	1.09285	1.09331	2426	0	2
2024.07.18	14:00:00	1.09331	1.09331	1.09262	1.09275	2296	0	2
2024.07.18	15:00:00	1.09276	1.09369	1.09237	1.09284	5352	0	2
2024.07.18	16:00:00	1.09285	1.09290	1.09072	1.09112	5909	0	2
2024.07.18	17:00:00	1.09112	1.09166	1.09049	1.09147	5550	0	2
2024.07.18	18:00:00	1.09147	1.09183	1.09050	1.09121	4833	0	2
2024.07.18	19:00:00	1.09120	1.09164	1.09109	1.09159	3621	0	2
2024.07.18	20:00:00	1.09159	1.09165	1.09066	1.09070	2782	0	2
2024.07.18	21:00:00	1.09070	1.09075	1.08956	1.08990	2863	0	2
2024.07.18	22:00:00	1.08990	1.09000	1.08936	1.08971	3619	0	2
2024.07.18	23:00:00	1.08970	1.08988	1.08955	1.08957	950	0	2
2024.07.19	00:00:00	1.08975	1.08984	1.08951	1.08975	435	0	7
2024.07.19	01:00:00	1.08980	1.09000	1.08960	1.08974	806	0	2
2024.07.19	02:00:00	1.08974	1.09018	1.08966	1.09002	1146	0	2
2024.07.19	03:00:00	1.09002	1.09003	1.08908	1.08920	2584	0	2
2024.07.19	04:00:00	1.08921	1.08947	1.08863	1.08874	2474	0	2
2024.07.19	05:00:00	1.08875	1.08922	1.08871	1.08919	1884	0	2
2024.07.19	06:00:00	1.08920	1.08922	1.08877	1.08883	1161	0	2
2024.07.19	07:00:00	1.08884	1.08896	1.08861	1.08870	1015	0	2
2024.07.19	08:00:00	1.08870	1.08904	1.08844	1.08886	1776	0	2
2024.07.19	09:00:00	1.08886	1.08897	1.08833	1.08851	3276	0	2
2024.07.19	10:00:00	1.08850	1.08907	1.08818	1.08878	4937	0	2
2024.07.19	11:00:00	1.08878	1.08878	1.08760	1.08790	4107	0	2
2024.07.19	12:00:00	1.08790	1.08846	1.08774	1.08804	3099	0	2
2024.07.19	13:00:00	1.08803	1.08864	1.08775	1.08840	3637	0	2
2024.07.19	14:00:00	1.08840	1.08931	1.08829	1.08931	2905	0	2
2024.07.19	15:00:00	1.08932	1.08940	1.08843	1.08889	3562	0	2
2024.07.19	16:00:00	1.08888	1.08897	1.08814	1.08815	4977	0	2
2024.07.19	17:00:00	1.08814	1.08900	1.08792	1.08896	4690	0	2
2024.07.19	18:00:00	1.08897	1.08900	1.08834	1.08880	3012	0	2
2024.07.19	19:00:00	1.08879	1.08911	1.08839	1.08849	2665	0	2
2024.07.19	20:00:00	1.08850	1.08853	1.08808	1.08839	2567	0	2
2024.07.19	21:00:00	1.08838	1.08845	1.08756	1.08788	2291	0	2
2024.07.19	22:00:00	1.08788	1.08822	1.08768	1.08793	2103	0	2
2024.07.19	23:00:00	1.08793	1.08831	1.08790	1.08818	868	0	2
2024.07.22	00:00:00	1.08832	1.08861	1.08820	1.08846	706	0	29
2024.07.22	01:00:00	1.08846	1.09003	1.08846	1.08998	1114	0	2
2024.07.22	02:00:00	1.08998	1.09028	1.08982	1.08988	2060	0	2
2024.07.22	03:00:00	1.08987	1.08997	1.08923	1.08938	2185	0	2
2024.07.22	04:00:00	1.08938	1.08949	1.08847	1.08867	1905	0	2
2024.07.22	05:00:00	1.08866	1.08952	1.08845	1.08926	1821	0	2
2024.07.22	06:00:00	1.08927	1.08938	1.08907	1.08915	1289	0	2
2024.07.22	07:00:00	1.08915	1.08926	1.08869	1.08875	1290	0	2
2024.07.22	08:00:00	1.08874	1.08877	1.08824	1.08847	1539	0	2
2024.07.22	09:00:00	1.08847	1.08902	1.08787	1.08810	4169	0	2
2024.07.22	10:00:00	1.08810	1.08881	1.08804	1.08872	4408	0	2
2024.07.22	11:00:00	1.08873	1.08926	1.08849	1.08880	3117	0	2
2024.07.22	12:00:00	1.08881	1.08954	1.08869	1.08919	2404	0	2
2024.07.22	13:00:00	1.08918	1.08929	1.08852	1.08894	2883	0	2
2024.07.22	14:00:00	1.08894	1.08912	1.08839	1.08855	2859	0	2
2024.07.22	15:00:00	1.08856	1.08885	1.08749	1.08782	4087	0	2
2024.07.22	16:00:00	1.08782	1.08862	1.08753	1.08805	4028	0	2
2024.07.22	17:00:00	1.08805	1.08856	1.08731	1.08845	4157	0	2
2024.07.22	18:00:00	1.08846	1.08862	1.08765	1.08798	3769	0	2
2024.07.22	19:00:00	1.08798	1.08868	1.08788	1.08862	2704	0	2
2024.07.22	20:00:00	1.08863	1.08918	1.08863	1.08901	2170	0	2
2024.07.22	21:00:00	1.08901	1.08905	1.08876	1.08895	1757	0	2
2024.07.22	22:00:00	1.08895	1.08895	1.08858	1.08871	1598	0	2
2024.07.22	23:00:00	1.08872	1.08907	1.08861	1.08906	714	0	2
2024.07.23	00:00:00	1.08871	1.08909	1.08869	1.08900	941	0	12
2024.07.23	01:00:00	1.08900	1.08924	1.08900	1.08909	472	0	2
2024.07.23	02:00:00	1.08909	1.08916	1.08889	1.08889	756	0	2
2024.07.23	03:00:00	1.08889	1.08925	1.08869	1.08897	2201	0	2
2024.07.23	04:00:00	1.08896	1.08941	1.08874	1.08887	1921	0	2
2024.07.23	05:00:00	1.08887	1.08936	1.08884	1.08918	1520	0	2
2024.07.23	06:00:00	1.08920	1.08967	1.08920	1.08941	1520	0	2
2024.07.23	07:00:00	1.08942	1.08948	1.08906	1.08908	1289	0	2
2024.07.23	08:00:00	1.08908	1.08912	1.08881	1.08901	1177	0	2
2024.07.23	09:00:00	1.08901	1.08903	1.08792	1.08848	2656	0	2
2024.07.23	10:00:00	1.08849	1.08887	1.08739	1.08761	4054	0	2
2024.07.23	11:00:00	1.08762	1.08824	1.08679	1.08777	3817	0	2
2024.07.23	12:00:00	1.08779	1.08782	1.08660	1.08672	2856	0	2
2024.07.23	13:00:00	1.08673	1.08690	1.08563	1.08616	3679	0	2
2024.07.23	14:00:00	1.08616	1.08684	1.08559	1.08571	3007	0	2
2024.07.23	15:00:00	1.08570	1.08635	1.08548	1.08559	3735	0	2
2024.07.23	16:00:00	1.08559	1.08561	1.08458	1.08491	3894	0	2
2024.07.23	17:00:00	1.08493	1.08553	1.08438	1.08447	4239	0	2
2024.07.23	18:00:00	1.08446	1.08577	1.08446	1.08542	3007	0	2
2024.07.23	19:00:00	1.08542	1.08579	1.08518	1.08533	2478	0	2
2024.07.23	20:00:00	1.08532	1.08566	1.08505	1.08530	2854	0	2
2024.07.23	21:00:00	1.08530	1.08553	1.08512	1.08522	1945	0	2
2024.07.23	22:00:00	1.08523	1.08525	1.08492	1.08508	1561	0	2
2024.07.23	23:00:00	1.08507	1.08562	1.08494	1.08556	976	0	2
2024.07.24	00:00:00	1.08535	1.08543	1.08528	1.08538	168	0	5
2024.07.24	01:00:00	1.08541	1.08544	1.08496	1.08509	955	0	2
2024.07.24	02:00:00	1.08509	1.08521	1.08484	1.08496	800	0	2
2024.07.24	03:00:00	1.08497	1.08502	1.08457	1.08467	1865	0	2
2024.07.24	04:00:00	1.08467	1.08502	1.08458	1.08481	2300	0	2
2024.07.24	05:00:00	1.08482	1.08483	1.08416	1.08429	1509	0	2
2024.07.24	06:00:00	1.08430	1.08458	1.08426	1.08452	1946	0	2
2024.07.24	07:00:00	1.08452	1.08476	1.08433	1.08469	1978	0	2
2024.07.24	08:00:00	1.08469	1.08533	1.08465	1.08526	2018	0	2
2024.07.24	09:00:00	1.08526	1.08526	1.08426	1.08432	3125	0	2
2024.07.24	10:00:00	1.08432	1.08537	1.08256	1.08293	4930	0	2
2024.07.24	11:00:00	1.08292	1.08375	1.08258	1.08349	3988	0	2
2024.07.24	12:00:00	1.08349	1.08413	1.08323	1.08408	3086	0	2
2024.07.24	13:00:00	1.08407	1.08462	1.08401	1.08425	2511	0	2
2024.07.24	14:00:00	1.08425	1.08490	1.08385	1.08462	2762	0	2
2024.07.24	15:00:00	1.08466	1.08593	1.08456	1.08581	4002	0	2
2024.07.24	16:00:00	1.08583	1.08628	1.08515	1.08542	6018	0	2
2024.07.24	17:00:00	1.08542	1.08665	1.08505	1.08537	6346	0	2
2024.07.24	18:00:00	1.08537	1.08576	1.08515	1.08527	3725	0	2
2024.07.24	19:00:00	1.08527	1.08528	1.08474	1.08510	2904	0	2
2024.07.24	20:00:00	1.08511	1.08551	1.08458	1.08462	2702	0	2
2024.07.24	21:00:00	1.08461	1.08462	1.08367	1.08376	2594	0	2
2024.07.24	22:00:00	1.08375	1.08424	1.08358	1.08388	2584	0	2
2024.07.24	23:00:00	1.08387	1.08402	1.08378	1.08390	907	0	2
2024.07.25	00:00:00	1.08396	1.08405	1.08393	1.08401	212	0	5
2024.07.25	01:00:00	1.08401	1.08420	1.08377	1.08393	936	0	2
2024.07.25	02:00:00	1.08393	1.08400	1.08374	1.08380	1300	0	2
2024.07.25	03:00:00	1.08380	1.08412	1.08349	1.08396	2857	0	2
2024.07.25	04:00:00	1.08396	1.08429	1.08373	1.08379	3043	0	2
2024.07.25	05:00:00	1.08379	1.08415	1.08362	1.08395	2440	0	2
2024.07.25	06:00:00	1.08396	1.08440	1.08388	1.08428	2090	0	2
2024.07.25	07:00:00	1.08428	1.08434	1.08376	1.08400	1670	0	2
2024.07.25	08:00:00	1.08400	1.08456	1.08381	1.08450	2614	0	2
2024.07.25	09:00:00	1.08450	1.08450	1.08335	1.08347	3288	0	2
2024.07.25	10:00:00	1.08348	1.08532	1.08282	1.08489	5910	0	2
2024.07.25	11:00:00	1.08492	1.08576	1.08432	1.08460	5831	0	2
2024.07.25	12:00:00	1.08458	1.08560	1.08439	1.08515	4286	0	2
2024.07.25	13:00:00	1.08515	1.08589	1.08479	1.08513	3700	0	2
2024.07.25	14:00:00	1.08515	1.08537	1.08436	1.08458	3325	0	2
2024.07.25	15:00:00	1.08455	1.08549	1.08361	1.08498	6949	0	2
2024.07.25	16:00:00	1.08497	1.08507	1.08302	1.08390	7294	0	2
2024.07.25	17:00:00	1.08389	1.08569	1.08361	1.08547	7027	0	2
2024.07.25	18:00:00	1.08546	1.08647	1.08544	1.08598	4791	0	2
2024.07.25	19:00:00	1.08598	1.08635	1.08564	1.08621	4120	0	2
2024.07.25	20:00:00	1.08622	1.08699	1.08539	1.08544	3719	0	2
2024.07.25	21:00:00	1.08544	1.08548	1.08477	1.08477	3360	0	2
2024.07.25	22:00:00	1.08478	1.08537	1.08454	1.08460	3313	0	2
2024.07.25	23:00:00	1.08460	1.08465	1.08434	1.08454	974	0	2
2024.07.26	00:00:00	1.08451	1.08468	1.08447	1.08452	209	0	5
2024.07.26	01:00:00	1.08452	1.08485	1.08436	1.08471	682	0	2
2024.07.26	02:00:00	1.08471	1.08514	1.08469	1.08513	1445	0	2
2024.07.26	03:00:00	1.08513	1.08555	1.08513	1.08539	2130	0	2
2024.07.26	04:00:00	1.08538	1.08594	1.08519	1.08580	2308	0	2
2024.07.26	05:00:00	1.08580	1.08606	1.08546	1.08553	1724	0	2
2024.07.26	06:00:00	1.08554	1.08584	1.08540	1.08582	1220	0	2
2024.07.26	07:00:00	1.08583	1.08597	1.08566	1.08583	1162	0	2
2024.07.26	08:00:00	1.08583	1.08606	1.08565	1.08572	1484	0	2
2024.07.26	09:00:00	1.08566	1.08569	1.08505	1.08523	2769	0	2
2024.07.26	10:00:00	1.08523	1.08556	1.08447	1.08491	3505	0	2
2024.07.26	11:00:00	1.08493	1.08530	1.08421	1.08514	3256	0	2
2024.07.26	12:00:00	1.08514	1.08566	1.08499	1.08539	2564	0	2
2024.07.26	13:00:00	1.08540	1.08587	1.08509	1.08561	2436	0	2
2024.07.26	14:00:00	1.08561	1.08614	1.08521	1.08611	2649	0	2
2024.07.26	15:00:00	1.08611	1.08655	1.08491	1.08606	4824	0	2
2024.07.26	16:00:00	1.08606	1.08673	1.08590	1.08653	4721	0	2
2024.07.26	17:00:00	1.08652	1.08682	1.08515	1.08558	5965	0	2
2024.07.26	18:00:00	1.08558	1.08601	1.08525	1.08579	3468	0	2
2024.07.26	19:00:00	1.08579	1.08668	1.08563	1.08652	2324	0	2
2024.07.26	20:00:00	1.08652	1.08654	1.08579	1.08606	2379	0	2
2024.07.26	21:00:00	1.08606	1.08634	1.08561	1.08567	2160	0	2
2024.07.26	22:00:00	1.08567	1.08591	1.08553	1.08577	2602	0	2
2024.07.26	23:00:00	1.08576	1.08579	1.08552	1.08552	881	0	2
2024.07.29	00:00:00	1.08567	1.08592	1.08549	1.08561	598	0	28
2024.07.29	01:00:00	1.08561	1.08601	1.08550	1.08561	1186	0	2
2024.07.29	02:00:00	1.08561	1.08568	1.08528	1.08528	1410	0	2
2024.07.29	03:00:00	1.08528	1.08666	1.08507	1.08635	2223	0	2
2024.07.29	04:00:00	1.08634	1.08681	1.08606	1.08658	2616	0	2
2024.07.29	05:00:00	1.08657	1.08699	1.08642	1.08643	1747	0	2
2024.07.29	06:00:00	1.08643	1.08659	1.08616	1.08624	1098	0	2
2024.07.29	07:00:00	1.08623	1.08639	1.08582	1.08590	1476	0	2
2024.07.29	08:00:00	1.08589	1.08631	1.08573	1.08590	1699	0	2
2024.07.29	09:00:00	1.08590	1.08623	1.08549	1.08581	2880	0	2
2024.07.29	10:00:00	1.08581	1.08597	1.08433	1.08445	4455	0	2
2024.07.29	11:00:00	1.08444	1.08444	1.08317	1.08322	4333	0	2
2024.07.29	12:00:00	1.08321	1.08413	1.08266	1.08372	3067	0	2
2024.07.29	13:00:00	1.08371	1.08420	1.08328	1.08358	3112	0	2
2024.07.29	14:00:00	1.08358	1.08358	1.08167	1.08178	2555	0	2
2024.07.29	15:00:00	1.08178	1.08215	1.08149	1.08160	3230	0	2
2024.07.29	16:00:00	1.08160	1.08174	1.08110	1.08117	3362	0	2
2024.07.29	17:00:00	1.08118	1.08161	1.08027	1.08154	4383	0	2
2024.07.29	18:00:00	1.08155	1.08238	1.08154	1.08189	3856	0	2
2024.07.29	19:00:00	1.08189	1.08237	1.08149	1.08214	2322	0	2
2024.07.29	20:00:00	1.08214	1.08259	1.08193	1.08251	2474	0	2
2024.07.29	21:00:00	1.08251	1.08251	1.08193	1.08215	1560	0	2
2024.07.29	22:00:00	1.08217	1.08256	1.08217	1.08236	1804	0	2
2024.07.29	23:00:00	1.08236	1.08238	1.08196	1.08216	1065	0	2
2024.07.30	00:00:00	1.08193	1.08232	1.08193	1.08227	296	0	7
2024.07.30	01:00:00	1.08227	1.08237	1.08216	1.08223	530	0	2
2024.07.30	02:00:00	1.08223	1.08223	1.08182	1.08190	967	0	2
2024.07.30	03:00:00	1.08189	1.08200	1.08154	1.08170	1894	0	2
2024.07.30	04:00:00	1.08169	1.08199	1.08143	1.08175	1957	0	2
2024.07.30	05:00:00	1.08176	1.08185	1.08146	1.08180	1354	0	2
2024.07.30	06:00:00	1.08180	1.08224	1.08175	1.08220	1092	0	2
2024.07.30	07:00:00	1.08221	1.08251	1.08219	1.08240	1207	0	2
2024.07.30	08:00:00	1.08239	1.08249	1.08190	1.08204	1786	0	2
2024.07.30	09:00:00	1.08204	1.08245	1.08176	1.08227	2741	0	2
2024.07.30	10:00:00	1.08226	1.08268	1.08165	1.08181	3718	0	2
2024.07.30	11:00:00	1.08187	1.08346	1.08160	1.08286	3926	0	2
2024.07.30	12:00:00	1.08286	1.08351	1.08277	1.08317	2865	0	2
2024.07.30	13:00:00	1.08318	1.08358	1.08317	1.08333	2397	0	2
2024.07.30	14:00:00	1.08333	1.08334	1.08238	1.08242	2171	0	2
2024.07.30	15:00:00	1.08242	1.08260	1.08015	1.08019	4116	0	2
2024.07.30	16:00:00	1.08018	1.08152	1.08018	1.08105	4823	0	2
2024.07.30	17:00:00	1.08104	1.08104	1.07981	1.08050	6161	0	2
2024.07.30	18:00:00	1.08051	1.08110	1.07989	1.08087	4754	0	2
2024.07.30	19:00:00	1.08087	1.08166	1.08067	1.08137	3338	0	2
2024.07.30	20:00:00	1.08138	1.08175	1.08097	1.08142	3503	0	2
2024.07.30	21:00:00	1.08141	1.08161	1.08101	1.08111	2291	0	2
2024.07.30	22:00:00	1.08112	1.08134	1.08092	1.08107	2009	0	2
2024.07.30	23:00:00	1.08110	1.08149	1.08084	1.08147	1168	0	2
2024.07.31	00:00:00	1.08138	1.08149	1.08127	1.08131	293	0	5
2024.07.31	01:00:00	1.08131	1.08167	1.08123	1.08146	1354	0	2
2024.07.31	02:00:00	1.08146	1.08178	1.08142	1.08157	1335	0	2
2024.07.31	03:00:00	1.08157	1.08200	1.08126	1.08199	2311	0	2
2024.07.31	04:00:00	1.08199	1.08244	1.08163	1.08220	3554	0	2
2024.07.31	05:00:00	1.08220	1.08283	1.08200	1.08265	2367	0	2
2024.07.31	06:00:00	1.08264	1.08303	1.08218	1.08218	2273	0	2
2024.07.31	07:00:00	1.08218	1.08260	1.08212	1.08255	2749	0	2
2024.07.31	08:00:00	1.08256	1.08268	1.08201	1.08248	2362	0	2
2024.07.31	09:00:00	1.08250	1.08256	1.08156	1.08252	4734	0	2
2024.07.31	10:00:00	1.08253	1.08253	1.08116	1.08181	5868	0	2
2024.07.31	11:00:00	1.08180	1.08275	1.08064	1.08228	5051	0	2
2024.07.31	12:00:00	1.08227	1.08277	1.08220	1.08258	3506	0	2
2024.07.31	13:00:00	1.08259	1.08353	1.08250	1.08331	2659	0	2
2024.07.31	14:00:00	1.08331	1.08401	1.08268	1.08282	2651	0	2
2024.07.31	15:00:00	1.08281	1.08478	1.08253	1.08409	5584	0	2
2024.07.31	16:00:00	1.08408	1.08494	1.08385	1.08428	4699	0	2
2024.07.31	17:00:00	1.08429	1.08467	1.08173	1.08216	6628	0	2
2024.07.31	18:00:00	1.08215	1.08278	1.08189	1.08230	4911	0	2
2024.07.31	19:00:00	1.08230	1.08231	1.08042	1.08093	3422	0	2
2024.07.31	20:00:00	1.08092	1.08165	1.08056	1.08161	3262	0	2
2024.07.31	21:00:00	1.08160	1.08292	1.08020	1.08267	8122	0	2
2024.07.31	22:00:00	1.08266	1.08330	1.08192	1.08227	6503	0	2
2024.07.31	23:00:00	1.08227	1.08282	1.08168	1.08260	1927	0	2
2024.08.01	00:00:00	1.08244	1.08274	1.08234	1.08266	368	0	5
2024.08.01	01:00:00	1.08272	1.08310	1.08240	1.08242	650	0	2
2024.08.01	02:00:00	1.08242	1.08255	1.08217	1.08239	1014	0	2
2024.08.01	03:00:00	1.08239	1.08301	1.08232	1.08276	2952	0	2
2024.08.01	04:00:00	1.08275	1.08337	1.08268	1.08277	3453	0	2
2024.08.01	05:00:00	1.08276	1.08307	1.08242	1.08261	3118	0	2
2024.08.01	06:00:00	1.08261	1.08346	1.08255	1.08328	1882	0	2
2024.08.01	07:00:00	1.08328	1.08353	1.08263	1.08267	1579	0	2
2024.08.01	08:00:00	1.08268	1.08298	1.08253	1.08272	2118	0	2
2024.08.01	09:00:00	1.08272	1.08277	1.08109	1.08163	4382	0	2
2024.08.01	10:00:00	1.08163	1.08199	1.07991	1.08011	4915	0	2
2024.08.01	11:00:00	1.08011	1.08022	1.07814	1.07842	5189	0	2
2024.08.01	12:00:00	1.07843	1.07862	1.07775	1.07777	3558	0	2
2024.08.01	13:00:00	1.07778	1.07896	1.07778	1.07843	2643	0	2
2024.08.01	14:00:00	1.07843	1.07958	1.07804	1.07917	4595	0	2
2024.08.01	15:00:00	1.07918	1.08084	1.07868	1.07965	6413	0	2
2024.08.01	16:00:00	1.07965	1.08060	1.07871	1.08029	6074	0	2
2024.08.01	17:00:00	1.08033	1.08182	1.07872	1.07921	8751	0	2
2024.08.01	18:00:00	1.07921	1.07945	1.07836	1.07886	5934	0	2
2024.08.01	19:00:00	1.07886	1.07967	1.07802	1.07862	5122	0	2
2024.08.01	20:00:00	1.07862	1.07921	1.07848	1.07914	3794	0	2
2024.08.01	21:00:00	1.07915	1.07919	1.07828	1.07836	3754	0	2
2024.08.01	22:00:00	1.07838	1.07955	1.07825	1.07897	4489	0	2
2024.08.01	23:00:00	1.07897	1.07898	1.07864	1.07896	1442	0	2
2024.08.02	00:00:00	1.07891	1.07925	1.07891	1.07913	700	0	6
2024.08.02	01:00:00	1.07916	1.07934	1.07874	1.07886	1714	0	2
2024.08.02	02:00:00	1.07886	1.07919	1.07860	1.07863	1566	0	2
2024.08.02	03:00:00	1.07862	1.07926	1.07817	1.07910	3189	0	2
2024.08.02	04:00:00	1.07909	1.07938	1.07878	1.07908	2593	0	2
2024.08.02	05:00:00	1.07909	1.07916	1.07845	1.07902	2804	0	2
2024.08.02	06:00:00	1.07900	1.07951	1.07900	1.07931	1668	0	2
2024.08.02	07:00:00	1.07932	1.07987	1.07923	1.07975	1683	0	2
2024.08.02	08:00:00	1.07976	1.08041	1.07953	1.08041	2504	0	2
2024.08.02	09:00:00	1.08040	1.08087	1.07929	1.07962	4863	0	2
2024.08.02	10:00:00	1.07962	1.08043	1.07861	1.08041	6685	0	2
2024.08.02	11:00:00	1.08041	1.08152	1.08031	1.08146	4810	0	2
2024.08.02	12:00:00	1.08145	1.08248	1.08145	1.08203	4231	0	2
2024.08.02	13:00:00	1.08202	1.08244	1.08156	1.08232	3829	0	2
2024.08.02	14:00:00	1.08230	1.08372	1.08229	1.08312	3939	0	2
2024.08.02	15:00:00	1.08313	1.08970	1.08291	1.08910	9151	0	2
2024.08.02	16:00:00	1.08910	1.09065	1.08844	1.09056	9252	0	2
2024.08.02	17:00:00	1.09056	1.09265	1.08999	1.09223	9818	0	2
2024.08.02	18:00:00	1.09222	1.09249	1.09121	1.09132	7955	0	2
2024.08.02	19:00:00	1.09132	1.09147	1.09031	1.09120	6286	0	2
2024.08.02	20:00:00	1.09120	1.09154	1.09071	1.09110	4540	0	2
2024.08.02	21:00:00	1.09111	1.09167	1.09099	1.09129	4056	0	2
2024.08.02	22:00:00	1.09130	1.09165	1.09095	1.09128	4310	0	2
2024.08.02	23:00:00	1.09128	1.09148	1.09079	1.09108	1770	0	2
2024.08.05	00:00:00	1.09197	1.09226	1.09158	1.09193	348	0	30
2024.08.05	01:00:00	1.09193	1.09210	1.09028	1.09062	2206	0	2
2024.08.05	02:00:00	1.09062	1.09114	1.09043	1.09105	4531	0	2
2024.08.05	03:00:00	1.09105	1.09224	1.09068	1.09167	6465	0	2
2024.08.05	04:00:00	1.09166	1.09216	1.09119	1.09188	6435	0	2
2024.08.05	05:00:00	1.09188	1.09239	1.09129	1.09218	4543	0	2
2024.08.05	06:00:00	1.09219	1.09312	1.09209	1.09305	3983	0	2
2024.08.05	07:00:00	1.09306	1.09398	1.09275	1.09325	5786	0	2
2024.08.05	08:00:00	1.09325	1.09385	1.09119	1.09123	7586	0	2
2024.08.05	09:00:00	1.09122	1.09178	1.08927	1.09056	12292	0	2
2024.08.05	10:00:00	1.09051	1.09670	1.09034	1.09488	11060	0	2
2024.08.05	11:00:00	1.09489	1.09751	1.09464	1.09509	8453	0	2
2024.08.05	12:00:00	1.09512	1.09610	1.09449	1.09514	7273	0	2
2024.08.05	13:00:00	1.09514	1.09514	1.09328	1.09484	6192	0	2
2024.08.05	14:00:00	1.09487	1.09647	1.09433	1.09629	6884	0	2
2024.08.05	15:00:00	1.09628	1.10089	1.09617	1.09911	10134	0	2
2024.08.05	16:00:00	1.09911	1.10032	1.09754	1.09791	12556	0	2
2024.08.05	17:00:00	1.09783	1.09799	1.09564	1.09793	11818	0	2
2024.08.05	18:00:00	1.09793	1.09864	1.09558	1.09562	9735	0	2
2024.08.05	19:00:00	1.09562	1.09611	1.09476	1.09598	8608	0	2
2024.08.05	20:00:00	1.09598	1.09644	1.09473	1.09533	6858	0	2
2024.08.05	21:00:00	1.09534	1.09575	1.09490	1.09510	6085	0	2
2024.08.05	22:00:00	1.09510	1.09588	1.09494	1.09587	4092	0	2
2024.08.05	23:00:00	1.09588	1.09603	1.09500	1.09501	1901	0	2
2024.08.06	00:00:00	1.09481	1.09535	1.09481	1.09527	441	0	6
2024.08.06	01:00:00	1.09527	1.09621	1.09526	1.09548	2268	0	2
2024.08.06	02:00:00	1.09548	1.09577	1.09499	1.09505	3671	0	2
2024.08.06	03:00:00	1.09506	1.09631	1.09437	1.09627	6073	0	2
2024.08.06	04:00:00	1.09628	1.09630	1.09499	1.09549	5368	0	2
2024.08.06	05:00:00	1.09549	1.09576	1.09517	1.09519	3965	0	2
2024.08.06	06:00:00	1.09520	1.09560	1.09513	1.09541	2989	0	2
2024.08.06	07:00:00	1.09540	1.09557	1.09496	1.09520	3489	0	2
2024.08.06	08:00:00	1.09519	1.09550	1.09448	1.09464	5329	0	2
2024.08.06	09:00:00	1.09461	1.09485	1.09344	1.09389	7289	0	2
2024.08.06	10:00:00	1.09389	1.09409	1.09219	1.09269	8229	0	2
2024.08.06	11:00:00	1.09268	1.09351	1.09185	1.09277	6544	0	2
2024.08.06	12:00:00	1.09276	1.09276	1.09076	1.09116	6186	0	2
2024.08.06	13:00:00	1.09115	1.09144	1.09042	1.09083	5412	0	2
2024.08.06	14:00:00	1.09083	1.09174	1.09036	1.09166	5272	0	2
2024.08.06	15:00:00	1.09166	1.09178	1.09045	1.09051	6372	0	2
2024.08.06	16:00:00	1.09051	1.09245	1.09051	1.09184	7647	0	2
2024.08.06	17:00:00	1.09185	1.09348	1.09151	1.09336	8150	0	2
2024.08.06	18:00:00	1.09338	1.09341	1.09221	1.09252	6715	0	2
2024.08.06	19:00:00	1.09252	1.09322	1.09206	1.09278	5094	0	2
2024.08.06	20:00:00	1.09277	1.09310	1.09226	1.09259	4384	0	2
2024.08.06	21:00:00	1.09259	1.09337	1.09249	1.09285	3875	0	2
2024.08.06	22:00:00	1.09286	1.09305	1.09226	1.09298	5178	0	2
2024.08.06	23:00:00	1.09298	1.09320	1.09276	1.09279	2279	0	2
2024.08.07	00:00:00	1.09261	1.09311	1.09260	1.09286	977	0	12
2024.08.07	01:00:00	1.09286	1.09317	1.09274	1.09295	2074	0	2
2024.08.07	02:00:00	1.09295	1.09304	1.09237	1.09258	2112	0	2
2024.08.07	03:00:00	1.09257	1.09303	1.09231	1.09296	3775	0	2
2024.08.07	04:00:00	1.09296	1.09303	1.09109	1.09182	5034	0	2
2024.08.07	05:00:00	1.09181	1.09193	1.09122	1.09162	4518	0	2
2024.08.07	06:00:00	1.09162	1.09175	1.09117	1.09158	2807	0	2
2024.08.07	07:00:00	1.09159	1.09169	1.09115	1.09115	2917	0	2
2024.08.07	08:00:00	1.09113	1.09130	1.09067	1.09103	3912	0	2
2024.08.07	09:00:00	1.09103	1.09154	1.09054	1.09150	4986	0	2
2024.08.07	10:00:00	1.09150	1.09280	1.09127	1.09221	6288	0	2
2024.08.07	11:00:00	1.09222	1.09279	1.09184	1.09187	5234	0	2
2024.08.07	12:00:00	1.09187	1.09197	1.09084	1.09137	4534	0	2
2024.08.07	13:00:00	1.09136	1.09233	1.09096	1.09181	3876	0	2
2024.08.07	14:00:00	1.09181	1.09266	1.09178	1.09231	3824	0	2
2024.08.07	15:00:00	1.09232	1.09258	1.09133	1.09218	4580	0	2
2024.08.07	16:00:00	1.09218	1.09265	1.09125	1.09188	5221	0	2
2024.08.07	17:00:00	1.09189	1.09341	1.09188	1.09318	5405	0	2
2024.08.07	18:00:00	1.09318	1.09365	1.09240	1.09245	4213	0	2
2024.08.07	19:00:00	1.09245	1.09270	1.09210	1.09222	3658	0	2
2024.08.07	20:00:00	1.09221	1.09271	1.09176	1.09222	4648	0	2
2024.08.07	21:00:00	1.09222	1.09239	1.09175	1.09222	4277	0	2
2024.08.07	22:00:00	1.09221	1.09267	1.09212	1.09233	4390	0	2
2024.08.07	23:00:00	1.09233	1.09234	1.09201	1.09219	1658	0	2
2024.08.08	00:00:00	1.09194	1.09237	1.09190	1.09232	567	0	11
2024.08.08	01:00:00	1.09232	1.09271	1.09226	1.09268	1094	0	2
2024.08.08	02:00:00	1.09268	1.09340	1.09265	1.09273	2669	0	2
2024.08.08	03:00:00	1.09274	1.09324	1.09257	1.09280	4030	0	2
2024.08.08	04:00:00	1.09281	1.09308	1.09235	1.09276	3604	0	2
2024.08.08	05:00:00	1.09276	1.09351	1.09266	1.09336	2782	0	2
2024.08.08	06:00:00	1.09337	1.09355	1.09299	1.09351	2648	0	2
2024.08.08	07:00:00	1.09351	1.09377	1.09308	1.09315	2928	0	2
2024.08.08	08:00:00	1.09318	1.09358	1.09298	1.09357	3079	0	2
2024.08.08	09:00:00	1.09356	1.09446	1.09335	1.09428	4340	0	2
2024.08.08	10:00:00	1.09428	1.09451	1.09338	1.09399	5598	0	2
2024.08.08	11:00:00	1.09399	1.09443	1.09354	1.09370	3920	0	2
2024.08.08	12:00:00	1.09370	1.09395	1.09260	1.09268	3416	0	2
2024.08.08	13:00:00	1.09268	1.09287	1.09208	1.09253	3094	0	2
2024.08.08	14:00:00	1.09253	1.09332	1.09231	1.09304	3581	0	2
2024.08.08	15:00:00	1.09305	1.09324	1.08915	1.08976	6528	0	2
2024.08.08	16:00:00	1.08980	1.09063	1.08815	1.08927	7179	0	2
2024.08.08	17:00:00	1.08933	1.09078	1.08914	1.09063	6552	0	2
2024.08.08	18:00:00	1.09062	1.09145	1.09053	1.09130	4904	0	2
2024.08.08	19:00:00	1.09130	1.09146	1.09051	1.09087	3455	0	2
2024.08.08	20:00:00	1.09088	1.09164	1.09073	1.09126	3712	0	2
2024.08.08	21:00:00	1.09127	1.09188	1.09110	1.09183	2961	0	2
2024.08.08	22:00:00	1.09183	1.09183	1.09133	1.09160	3448	0	2
2024.08.08	23:00:00	1.09161	1.09191	1.09160	1.09183	817	0	2
2024.08.09	00:00:00	1.09159	1.09173	1.09138	1.09168	251	0	15
2024.08.09	01:00:00	1.09168	1.09190	1.09156	1.09184	1064	0	2
2024.08.09	02:00:00	1.09184	1.09196	1.09142	1.09149	1592	0	2
2024.08.09	03:00:00	1.09149	1.09160	1.09115	1.09130	2924	0	2
2024.08.09	04:00:00	1.09129	1.09189	1.09118	1.09179	2369	0	2
2024.08.09	05:00:00	1.09180	1.09244	1.09158	1.09212	2177	0	2
2024.08.09	06:00:00	1.09211	1.09242	1.09203	1.09229	1644	0	2
2024.08.09	07:00:00	1.09228	1.09241	1.09198	1.09201	2084	0	2
2024.08.09	08:00:00	1.09200	1.09214	1.09181	1.09194	2934	0	2
2024.08.09	09:00:00	1.09194	1.09281	1.09176	1.09273	3115	0	2
2024.08.09	10:00:00	1.09272	1.09291	1.09202	1.09220	3825	0	2
2024.08.09	11:00:00	1.09219	1.09226	1.09129	1.09176	3387	0	2
2024.08.09	12:00:00	1.09176	1.09259	1.09173	1.09195	2999	0	2
2024.08.09	13:00:00	1.09195	1.09230	1.09166	1.09175	2670	0	2
2024.08.09	14:00:00	1.09175	1.09205	1.09112	1.09160	3096	0	2
2024.08.09	15:00:00	1.09160	1.09195	1.09090	1.09118	3736	0	2
2024.08.09	16:00:00	1.09117	1.09240	1.09096	1.09223	3488	0	2
2024.08.09	17:00:00	1.09222	1.09313	1.09212	1.09232	4109	0	2
2024.08.09	18:00:00	1.09231	1.09277	1.09216	1.09241	3525	0	2
2024.08.09	19:00:00	1.09240	1.09246	1.09178	1.09187	2886	0	2
2024.08.09	20:00:00	1.09187	1.09236	1.09151	1.09207	2969	0	2
2024.08.09	21:00:00	1.09207	1.09218	1.09171	1.09194	2608	0	2
2024.08.09	22:00:00	1.09194	1.09212	1.09172	1.09188	1767	0	2
2024.08.09	23:00:00	1.09187	1.09194	1.09146	1.09157	1359	0	2
2024.08.12	00:00:00	1.09142	1.09184	1.09142	1.09178	210	0	27
2024.08.12	01:00:00	1.09178	1.09184	1.09101	1.09129	1079	0	2
2024.08.12	02:00:00	1.09129	1.09150	1.09124	1.09128	1078	0	2
2024.08.12	03:00:00	1.09128	1.09197	1.09117	1.09182	1372	0	2
2024.08.12	04:00:00	1.09182	1.09231	1.09179	1.09206	1579	0	2
2024.08.12	05:00:00	1.09206	1.09219	1.09177	1.09179	1056	0	2
2024.08.12	06:00:00	1.09180	1.09188	1.09127	1.09140	1099	0	2
2024.08.12	07:00:00	1.09140	1.09215	1.09134	1.09189	1119	0	2
2024.08.12	08:00:00	1.09189	1.09211	1.09175	1.09185	1684	0	2
2024.08.12	09:00:00	1.09185	1.09237	1.09157	1.09212	2503	0	2
2024.08.12	10:00:00	1.09210	1.09285	1.09194	1.09222	3236	0	2
2024.08.12	11:00:00	1.09226	1.09254	1.09160	1.09207	2749	0	2
2024.08.12	12:00:00	1.09206	1.09278	1.09176	1.09268	2127	0	2
2024.08.12	13:00:00	1.09269	1.09298	1.09216	1.09265	2029	0	2
2024.08.12	14:00:00	1.09265	1.09292	1.09197	1.09259	2197	0	2
2024.08.12	15:00:00	1.09259	1.09288	1.09175	1.09200	2543	0	2
2024.08.12	16:00:00	1.09201	1.09335	1.09199	1.09252	4054	0	2
2024.08.12	17:00:00	1.09253	1.09333	1.09150	1.09311	4346	0	2
2024.08.12	18:00:00	1.09312	1.09393	1.09273	1.09279	4714	0	2
2024.08.12	19:00:00	1.09279	1.09294	1.09218	1.09228	2989	0	2
2024.08.12	20:00:00	1.09227	1.09336	1.09221	1.09331	2793	0	2
2024.08.12	21:00:00	1.09332	1.09349	1.09282	1.09304	2173	0	2
2024.08.12	22:00:00	1.09304	1.09332	1.09297	1.09316	2406	0	2
2024.08.12	23:00:00	1.09315	1.09315	1.09273	1.09307	960	0	2
2024.08.13	00:00:00	1.09292	1.09333	1.09292	1.09313	511	0	11
2024.08.13	01:00:00	1.09317	1.09330	1.09306	1.09324	932	0	2
2024.08.13	02:00:00	1.09324	1.09365	1.09312	1.09362	835	0	2
2024.08.13	03:00:00	1.09361	1.09362	1.09293	1.09299	2106	0	2
2024.08.13	04:00:00	1.09299	1.09353	1.09292	1.09350	1761	0	2
2024.08.13	05:00:00	1.09349	1.09376	1.09339	1.09353	1180	0	2
2024.08.13	06:00:00	1.09353	1.09385	1.09350	1.09369	931	0	2
2024.08.13	07:00:00	1.09368	1.09394	1.09357	1.09393	1115	0	2
2024.08.13	08:00:00	1.09393	1.09410	1.09373	1.09397	1531	0	2
2024.08.13	09:00:00	1.09397	1.09408	1.09324	1.09334	3163	0	2
2024.08.13	10:00:00	1.09333	1.09349	1.09263	1.09300	3169	0	2
2024.08.13	11:00:00	1.09299	1.09299	1.09205	1.09234	2820	0	2
2024.08.13	12:00:00	1.09234	1.09269	1.09137	1.09196	3068	0	2
2024.08.13	13:00:00	1.09195	1.09250	1.09178	1.09231	2529	0	2
2024.08.13	14:00:00	1.09231	1.09322	1.09224	1.09301	2276	0	2
2024.08.13	15:00:00	1.09302	1.09465	1.09254	1.09407	5099	0	2
2024.08.13	16:00:00	1.09408	1.09624	1.09380	1.09586	5798	0	2
2024.08.13	17:00:00	1.09586	1.09618	1.09501	1.09558	4860	0	2
2024.08.13	18:00:00	1.09560	1.09586	1.09479	1.09534	3874	0	2
2024.08.13	19:00:00	1.09534	1.09740	1.09528	1.09723	3397	0	2
2024.08.13	20:00:00	1.09723	1.09785	1.09696	1.09766	3184	0	2
2024.08.13	21:00:00	1.09767	1.09994	1.09767	1.09991	3365	0	2
2024.08.13	22:00:00	1.09991	1.09995	1.09939	1.09960	3547	0	2
2024.08.13	23:00:00	1.09961	1.09987	1.09933	1.09936	1260	0	2
2024.08.14	00:00:00	1.09846	1.09929	1.09821	1.09923	1237	0	5
2024.08.14	01:00:00	1.09923	1.09974	1.09923	1.09965	864	0	2
2024.08.14	02:00:00	1.09965	1.09983	1.09943	1.09960	1442	0	2
2024.08.14	03:00:00	1.09960	1.09972	1.09916	1.09919	2217	0	2
2024.08.14	04:00:00	1.09916	1.09965	1.09904	1.09917	2197	0	2
2024.08.14	05:00:00	1.09916	1.09941	1.09901	1.09916	2610	0	2
2024.08.14	06:00:00	1.09917	1.09917	1.09887	1.09899	1835	0	2
2024.08.14	07:00:00	1.09899	1.09932	1.09893	1.09928	1178	0	2
2024.08.14	08:00:00	1.09929	1.09948	1.09894	1.09906	1564	0	2
2024.08.14	09:00:00	1.09906	1.10018	1.09862	1.09999	3621	0	2
2024.08.14	10:00:00	1.09999	1.10078	1.09961	1.10057	3294	0	2
2024.08.14	11:00:00	1.10057	1.10200	1.10024	1.10193	3127	0	2
2024.08.14	12:00:00	1.10192	1.10286	1.10154	1.10256	2184	0	2
2024.08.14	13:00:00	1.10256	1.10256	1.10180	1.10221	2643	0	2
2024.08.14	14:00:00	1.10220	1.10251	1.10198	1.10224	2118	0	2
2024.08.14	15:00:00	1.10224	1.10353	1.10039	1.10168	6952	0	2
2024.08.14	16:00:00	1.10167	1.10423	1.10162	1.10376	6158	0	2
2024.08.14	17:00:00	1.10376	1.10474	1.10270	1.10354	5047	0	2
2024.08.14	18:00:00	1.10355	1.10361	1.10211	1.10232	3089	0	2
2024.08.14	19:00:00	1.10232	1.10241	1.10154	1.10183	2728	0	2
2024.08.14	20:00:00	1.10183	1.10185	1.10129	1.10142	2151	0	2
2024.08.14	21:00:00	1.10141	1.10170	1.10108	1.10160	2080	0	2
2024.08.14	22:00:00	1.10159	1.10165	1.10113	1.10129	2196	0	2
2024.08.14	23:00:00	1.10130	1.10144	1.10108	1.10123	1187	0	2
2024.08.15	00:00:00	1.10117	1.10137	1.10107	1.10121	254	0	10
2024.08.15	01:00:00	1.10121	1.10158	1.10118	1.10132	521	0	2
2024.08.15	02:00:00	1.10132	1.10139	1.10096	1.10116	1045	0	2
2024.08.15	03:00:00	1.10117	1.10143	1.10091	1.10095	1531	0	2
2024.08.15	04:00:00	1.10095	1.10098	1.10032	1.10069	2340	0	2
2024.08.15	05:00:00	1.10070	1.10113	1.10055	1.10087	1790	0	2
2024.08.15	06:00:00	1.10087	1.10108	1.10074	1.10081	1276	0	2
2024.08.15	07:00:00	1.10081	1.10121	1.10079	1.10117	821	0	2
2024.08.15	08:00:00	1.10118	1.10128	1.10086	1.10096	1229	0	2
2024.08.15	09:00:00	1.10096	1.10154	1.10079	1.10145	1926	0	2
2024.08.15	10:00:00	1.10145	1.10154	1.10075	1.10134	2762	0	2
2024.08.15	11:00:00	1.10134	1.10134	1.10052	1.10062	2592	0	2
2024.08.15	12:00:00	1.10061	1.10129	1.10032	1.10119	1949	0	2
2024.08.15	13:00:00	1.10119	1.10141	1.10080	1.10100	1592	0	2
2024.08.15	14:00:00	1.10100	1.10136	1.10098	1.10132	1862	0	2
2024.08.15	15:00:00	1.10132	1.10142	1.09518	1.09565	6558	0	2
2024.08.15	16:00:00	1.09566	1.09698	1.09495	1.09685	6848	0	2
2024.08.15	17:00:00	1.09685	1.09861	1.09649	1.09830	5188	0	2
2024.08.15	18:00:00	1.09829	1.09895	1.09815	1.09853	3880	0	2
2024.08.15	19:00:00	1.09856	1.09893	1.09774	1.09779	2796	0	2
2024.08.15	20:00:00	1.09779	1.09797	1.09715	1.09743	2249	0	2
2024.08.15	21:00:00	1.09744	1.09794	1.09737	1.09782	2150	0	2
2024.08.15	22:00:00	1.09782	1.09799	1.09724	1.09741	2167	0	2
2024.08.15	23:00:00	1.09741	1.09742	1.09707	1.09712	917	0	2
2024.08.16	00:00:00	1.09711	1.09725	1.09708	1.09722	317	0	5
2024.08.16	01:00:00	1.09722	1.09745	1.09710	1.09713	566	0	2
2024.08.16	02:00:00	1.09713	1.09749	1.09712	1.09723	1089	0	2
2024.08.16	03:00:00	1.09724	1.09770	1.09718	1.09756	1886	0	2
2024.08.16	04:00:00	1.09756	1.09812	1.09742	1.09809	1944	0	2
2024.08.16	05:00:00	1.09808	1.09825	1.09781	1.09813	1408	0	2
2024.08.16	06:00:00	1.09812	1.09817	1.09766	1.09770	1375	0	2
2024.08.16	07:00:00	1.09771	1.09824	1.09761	1.09820	1132	0	2
2024.08.16	08:00:00	1.09821	1.09861	1.09812	1.09856	1622	0	2
2024.08.16	09:00:00	1.09856	1.09867	1.09805	1.09815	2304	0	2
2024.08.16	10:00:00	1.09814	1.09861	1.09767	1.09850	2605	0	2
2024.08.16	11:00:00	1.09850	1.09897	1.09798	1.09808	2605	0	2
2024.08.16	12:00:00	1.09808	1.09900	1.09787	1.09898	2439	0	2
2024.08.16	13:00:00	1.09897	1.09950	1.09852	1.09939	2157	0	2
2024.08.16	14:00:00	1.09939	1.09949	1.09889	1.09921	2774	0	2
2024.08.16	15:00:00	1.09922	1.09946	1.09852	1.09937	3602	0	2
2024.08.16	16:00:00	1.09937	1.10045	1.09917	1.10025	4381	0	2
2024.08.16	17:00:00	1.10021	1.10021	1.09825	1.09904	4674	0	2
2024.08.16	18:00:00	1.09902	1.09977	1.09902	1.09961	2902	0	2
2024.08.16	19:00:00	1.09961	1.10043	1.09956	1.10037	2192	0	2
2024.08.16	20:00:00	1.10037	1.10129	1.10037	1.10128	2459	0	2
2024.08.16	21:00:00	1.10128	1.10214	1.10092	1.10206	2070	0	2
2024.08.16	22:00:00	1.10206	1.10248	1.10180	1.10244	2009	0	2
2024.08.16	23:00:00	1.10243	1.10295	1.10220	1.10268	1050	0	2
2024.08.19	00:00:00	1.10258	1.10267	1.10222	1.10249	201	0	27
2024.08.19	01:00:00	1.10249	1.10342	1.10243	1.10251	1391	0	2
2024.08.19	02:00:00	1.10251	1.10262	1.10226	1.10246	1382	0	2
2024.08.19	03:00:00	1.10246	1.10360	1.10231	1.10302	2318	0	2
2024.08.19	04:00:00	1.10302	1.10334	1.10275	1.10310	2055	0	2
2024.08.19	05:00:00	1.10310	1.10319	1.10287	1.10307	1333	0	2
2024.08.19	06:00:00	1.10307	1.10404	1.10301	1.10390	2069	0	2
2024.08.19	07:00:00	1.10390	1.10418	1.10366	1.10398	1610	0	2
2024.08.19	08:00:00	1.10399	1.10490	1.10395	1.10475	2657	0	2
2024.08.19	09:00:00	1.10475	1.10501	1.10407	1.10420	3449	0	2
2024.08.19	10:00:00	1.10419	1.10471	1.10403	1.10427	3404	0	2
2024.08.19	11:00:00	1.10427	1.10504	1.10355	1.10372	3168	0	2
2024.08.19	12:00:00	1.10372	1.10412	1.10344	1.10351	2538	0	2
2024.08.19	13:00:00	1.10350	1.10382	1.10308	1.10368	2861	0	2
2024.08.19	14:00:00	1.10368	1.10438	1.10325	1.10422	2635	0	2
2024.08.19	15:00:00	1.10424	1.10444	1.10346	1.10388	3135	0	2
2024.08.19	16:00:00	1.10388	1.10446	1.10302	1.10445	3796	0	2
2024.08.19	17:00:00	1.10445	1.10734	1.10429	1.10655	5719	0	2
2024.08.19	18:00:00	1.10654	1.10719	1.10596	1.10691	3882	0	2
2024.08.19	19:00:00	1.10691	1.10740	1.10671	1.10734	2896	0	2
2024.08.19	20:00:00	1.10734	1.10768	1.10704	1.10768	1781	0	2
2024.08.19	21:00:00	1.10769	1.10850	1.10764	1.10815	2710	0	2
2024.08.19	22:00:00	1.10814	1.10863	1.10788	1.10835	1901	0	2
2024.08.19	23:00:00	1.10835	1.10861	1.10815	1.10850	944	0	2
2024.08.20	00:00:00	1.10818	1.10852	1.10804	1.10836	356	0	5
2024.08.20	01:00:00	1.10836	1.10875	1.10836	1.10852	574	0	2
2024.08.20	02:00:00	1.10852	1.10867	1.10832	1.10855	1227	0	2
2024.08.20	03:00:00	1.10856	1.10871	1.10799	1.10818	2298	0	2
2024.08.20	04:00:00	1.10819	1.10872	1.10815	1.10853	2400	0	2
2024.08.20	05:00:00	1.10853	1.10870	1.10749	1.10761	2181	0	2
2024.08.20	06:00:00	1.10761	1.10792	1.10750	1.10756	1744	0	2
2024.08.20	07:00:00	1.10756	1.10791	1.10749	1.10769	1234	0	2
2024.08.20	08:00:00	1.10769	1.10777	1.10726	1.10766	2345	0	2
2024.08.20	09:00:00	1.10766	1.10821	1.10743	1.10811	2875	0	2
2024.08.20	10:00:00	1.10811	1.10871	1.10718	1.10868	3915	0	2
2024.08.20	11:00:00	1.10868	1.10888	1.10777	1.10797	3787	0	2
2024.08.20	12:00:00	1.10797	1.10818	1.10749	1.10756	3163	0	2
2024.08.20	13:00:00	1.10756	1.10826	1.10750	1.10820	2856	0	2
2024.08.20	14:00:00	1.10820	1.10865	1.10766	1.10808	2659	0	2
2024.08.20	15:00:00	1.10809	1.10986	1.10803	1.10982	3729	0	2
2024.08.20	16:00:00	1.10982	1.11052	1.10925	1.11020	5582	0	2
2024.08.20	17:00:00	1.11020	1.11169	1.10934	1.11117	6559	0	2
2024.08.20	18:00:00	1.11116	1.11121	1.10994	1.11051	4648	0	2
2024.08.20	19:00:00	1.11051	1.11191	1.11039	1.11148	3516	0	2
2024.08.20	20:00:00	1.11149	1.11167	1.11087	1.11160	2723	0	2
2024.08.20	21:00:00	1.11161	1.11224	1.11156	1.11207	2758	0	2
2024.08.20	22:00:00	1.11207	1.11274	1.11193	1.11245	2318	0	2
2024.08.20	23:00:00	1.11245	1.11299	1.11238	1.11291	1444	0	2
2024.08.21	00:00:00	1.11258	1.11293	1.11238	1.11286	858	0	5
2024.08.21	01:00:00	1.11286	1.11294	1.11262	1.11287	998	0	2
2024.08.21	02:00:00	1.11287	1.11316	1.11268	1.11275	1424	0	2
2024.08.21	03:00:00	1.11275	1.11327	1.11253	1.11278	2366	0	2
2024.08.21	04:00:00	1.11278	1.11281	1.11189	1.11216	2617	0	2
2024.08.21	05:00:00	1.11216	1.11253	1.11202	1.11216	1387	0	2
2024.08.21	06:00:00	1.11217	1.11224	1.11171	1.11210	1643	0	2
2024.08.21	07:00:00	1.11211	1.11213	1.11165	1.11190	1291	0	2
2024.08.21	08:00:00	1.11190	1.11210	1.11163	1.11177	1716	0	2
2024.08.21	09:00:00	1.11177	1.11197	1.11131	1.11179	2945	0	2
2024.08.21	10:00:00	1.11179	1.11287	1.11102	1.11143	3983	0	2
2024.08.21	11:00:00	1.11142	1.11223	1.11109	1.11185	3146	0	2
2024.08.21	12:00:00	1.11185	1.11254	1.11133	1.11170	2779	0	2
2024.08.21	13:00:00	1.11169	1.11259	1.11156	1.11248	2244	0	2
2024.08.21	14:00:00	1.11248	1.11249	1.11099	1.11147	2668	0	2
2024.08.21	15:00:00	1.11148	1.11299	1.11134	1.11248	3603	0	2
2024.08.21	16:00:00	1.11248	1.11276	1.11112	1.11144	4680	0	2
2024.08.21	17:00:00	1.11145	1.11299	1.10990	1.11247	11043	0	2
2024.08.21	18:00:00	1.11246	1.11478	1.11244	1.11421	5942	0	2
2024.08.21	19:00:00	1.11421	1.11482	1.11414	1.11462	3646	0	2
2024.08.21	20:00:00	1.11463	1.11584	1.11455	1.11554	2813	0	2
2024.08.21	21:00:00	1.11553	1.11740	1.11548	1.11618	4379	0	2
2024.08.21	22:00:00	1.11618	1.11618	1.11513	1.11516	2005	0	2
2024.08.21	23:00:00	1.11516	1.11523	1.11471	1.11511	794	0	2
2024.08.22	00:00:00	1.11461	1.11516	1.11441	1.11477	956	0	12
2024.08.22	01:00:00	1.11479	1.11562	1.11479	1.11561	638	0	2
2024.08.22	02:00:00	1.11561	1.11582	1.11529	1.11550	822	0	2
2024.08.22	03:00:00	1.11551	1.11568	1.11453	1.11475	1889	0	2
2024.08.22	04:00:00	1.11474	1.11491	1.11425	1.11431	1635	0	2
2024.08.22	05:00:00	1.11431	1.11445	1.11404	1.11431	1275	0	2
2024.08.22	06:00:00	1.11431	1.11454	1.11425	1.11445	1113	0	2
2024.08.22	07:00:00	1.11446	1.11456	1.11406	1.11433	1220	0	2
2024.08.22	08:00:00	1.11432	1.11443	1.11402	1.11430	1142	0	2
2024.08.22	09:00:00	1.11430	1.11497	1.11408	1.11494	2583	0	2
2024.08.22	10:00:00	1.11494	1.11649	1.11273	1.11369	4895	0	2
2024.08.22	11:00:00	1.11368	1.11510	1.11366	1.11425	3895	0	2
2024.08.22	12:00:00	1.11426	1.11427	1.11332	1.11396	3210	0	2
2024.08.22	13:00:00	1.11397	1.11460	1.11324	1.11452	2590	0	2
2024.08.22	14:00:00	1.11453	1.11453	1.11319	1.11367	2748	0	2
2024.08.22	15:00:00	1.11368	1.11431	1.11252	1.11400	4523	0	2
2024.08.22	16:00:00	1.11402	1.11414	1.11122	1.11192	5526	0	2
2024.08.22	17:00:00	1.11192	1.11196	1.10981	1.11147	6048	0	2
2024.08.22	18:00:00	1.11147	1.11151	1.11050	1.11129	4116	0	2
2024.08.22	19:00:00	1.11129	1.11176	1.11077	1.11104	2917	0	2
2024.08.22	20:00:00	1.11105	1.11107	1.10988	1.11027	2724	0	2
2024.08.22	21:00:00	1.11028	1.11110	1.11027	1.11103	2310	0	2
2024.08.22	22:00:00	1.11102	1.11133	1.11047	1.11084	2092	0	2
2024.08.22	23:00:00	1.11083	1.11121	1.11075	1.11110	760	0	2
2024.08.23	00:00:00	1.11100	1.11120	1.11097	1.11114	524	0	9
2024.08.23	01:00:00	1.11114	1.11163	1.11106	1.11136	781	0	2
2024.08.23	02:00:00	1.11136	1.11179	1.11136	1.11160	869	0	2
2024.08.23	03:00:00	1.11159	1.11224	1.11129	1.11197	2167	0	2
2024.08.23	04:00:00	1.11197	1.11283	1.11180	1.11274	2113	0	2
2024.08.23	05:00:00	1.11275	1.11286	1.11228	1.11250	1519	0	2
2024.08.23	06:00:00	1.11251	1.11273	1.11231	1.11249	1028	0	2
2024.08.23	07:00:00	1.11248	1.11285	1.11245	1.11277	943	0	2
2024.08.23	08:00:00	1.11278	1.11288	1.11245	1.11259	1361	0	2
2024.08.23	09:00:00	1.11259	1.11305	1.11201	1.11282	2293	0	2
2024.08.23	10:00:00	1.11283	1.11319	1.11124	1.11193	3239	0	2
2024.08.23	11:00:00	1.11193	1.11239	1.11172	1.11228	3034	0	2
2024.08.23	12:00:00	1.11227	1.11272	1.11166	1.11172	2613	0	2
2024.08.23	13:00:00	1.11172	1.11233	1.11152	1.11195	2221	0	2
2024.08.23	14:00:00	1.11195	1.11210	1.11108	1.11190	2454	0	2
2024.08.23	15:00:00	1.11189	1.11229	1.11111	1.11143	3354	0	2
2024.08.23	16:00:00	1.11141	1.11147	1.11054	1.11144	3812	0	2
2024.08.23	17:00:00	1.11142	1.11847	1.11138	1.11746	11403	0	2
2024.08.23	18:00:00	1.11747	1.11960	1.11735	1.11754	6309	0	2
2024.08.23	19:00:00	1.11754	1.11788	1.11642	1.11738	4681	0	2
2024.08.23	20:00:00	1.11738	1.11977	1.11730	1.11924	3630	0	2
2024.08.23	21:00:00	1.11925	1.12007	1.11856	1.11874	3167	0	2
2024.08.23	22:00:00	1.11874	1.11955	1.11855	1.11912	2131	0	2
2024.08.23	23:00:00	1.11912	1.11943	1.11876	1.11932	1140	0	2
2024.08.26	00:00:00	1.11867	1.11942	1.11862	1.11905	512	0	26
2024.08.26	01:00:00	1.11905	1.11939	1.11868	1.11911	1300	0	2
2024.08.26	02:00:00	1.11911	1.11925	1.11864	1.11894	1859	0	2
2024.08.26	03:00:00	1.11893	1.12016	1.11868	1.11938	3004	0	2
2024.08.26	04:00:00	1.11936	1.12003	1.11872	1.11894	2581	0	2
2024.08.26	05:00:00	1.11895	1.11947	1.11857	1.11869	1839	0	2
2024.08.26	06:00:00	1.11868	1.11887	1.11816	1.11833	1482	0	2
2024.08.26	07:00:00	1.11834	1.11862	1.11821	1.11832	1388	0	2
2024.08.26	08:00:00	1.11832	1.11852	1.11775	1.11791	1455	0	2
2024.08.26	09:00:00	1.11791	1.11893	1.11791	1.11813	2919	0	2
2024.08.26	10:00:00	1.11812	1.11846	1.11757	1.11810	3661	0	2
2024.08.26	11:00:00	1.11809	1.11848	1.11762	1.11804	3232	0	2
2024.08.26	12:00:00	1.11803	1.11827	1.11714	1.11743	2959	0	2
2024.08.26	13:00:00	1.11743	1.11769	1.11691	1.11715	2488	0	2
2024.08.26	14:00:00	1.11715	1.11734	1.11630	1.11651	3069	0	2
2024.08.26	15:00:00	1.11651	1.11685	1.11584	1.11612	4707	0	2
2024.08.26	16:00:00	1.11612	1.11625	1.11499	1.11596	5590	0	2
2024.08.26	17:00:00	1.11595	1.11788	1.11538	1.11765	5429	0	2
2024.08.26	18:00:00	1.11765	1.11769	1.11633	1.11636	3725	0	2
2024.08.26	19:00:00	1.11636	1.11721	1.11595	1.11713	2960	0	2
2024.08.26	20:00:00	1.11712	1.11755	1.11677	1.11695	2708	0	2
2024.08.26	21:00:00	1.11696	1.11711	1.11594	1.11636	2825	0	2
2024.08.26	22:00:00	1.11636	1.11656	1.11586	1.11595	1864	0	2
2024.08.26	23:00:00	1.11594	1.11615	1.11586	1.11611	721	0	2
2024.08.27	00:00:00	1.11603	1.11626	1.11593	1.11597	489	0	10
2024.08.27	01:00:00	1.11597	1.11638	1.11597	1.11629	789	0	2
2024.08.27	02:00:00	1.11629	1.11669	1.11629	1.11645	862	0	2
2024.08.27	03:00:00	1.11645	1.11656	1.11595	1.11609	1665	0	2
2024.08.27	04:00:00	1.11609	1.11706	1.11596	1.11691	1901	0	2
2024.08.27	05:00:00	1.11693	1.11705	1.11640	1.11681	1149	0	2
2024.08.27	06:00:00	1.11680	1.11689	1.11650	1.11668	899	0	2
2024.08.27	07:00:00	1.11667	1.11694	1.11666	1.11683	1147	0	2
2024.08.27	08:00:00	1.11683	1.11723	1.11646	1.11667	1254	0	2
2024.08.27	09:00:00	1.11667	1.11715	1.11612	1.11617	2715	0	2
2024.08.27	10:00:00	1.11616	1.11726	1.11616	1.11640	4183	0	2
2024.08.27	11:00:00	1.11640	1.11741	1.11620	1.11666	2981	0	2
2024.08.27	12:00:00	1.11665	1.11787	1.11661	1.11681	3283	0	2
2024.08.27	13:00:00	1.11681	1.11700	1.11617	1.11660	3035	0	2
2024.08.27	14:00:00	1.11660	1.11697	1.11605	1.11605	3094	0	2
2024.08.27	15:00:00	1.11606	1.11646	1.11504	1.11586	4369	0	2
2024.08.27	16:00:00	1.11584	1.11697	1.11525	1.11679	4735	0	2
2024.08.27	17:00:00	1.11676	1.11717	1.11627	1.11662	6204	0	2
2024.08.27	18:00:00	1.11661	1.11699	1.11586	1.11596	3784	0	2
2024.08.27	19:00:00	1.11596	1.11677	1.11595	1.11658	2545	0	2
2024.08.27	20:00:00	1.11658	1.11826	1.11644	1.11814	2763	0	2
2024.08.27	21:00:00	1.11813	1.11905	1.11800	1.11859	2583	0	2
2024.08.27	22:00:00	1.11858	1.11859	1.11814	1.11842	1617	0	2
2024.08.27	23:00:00	1.11842	1.11859	1.11827	1.11846	692	0	2
2024.08.28	00:00:00	1.11810	1.11843	1.11796	1.11831	360	0	13
2024.08.28	01:00:00	1.11831	1.11853	1.11831	1.11840	454	0	2
2024.08.28	02:00:00	1.11840	1.11846	1.11746	1.11770	799	0	2
2024.08.28	03:00:00	1.11770	1.11800	1.11744	1.11798	1827	0	2
2024.08.28	04:00:00	1.11798	1.11799	1.11720	1.11738	2073	0	2
2024.08.28	05:00:00	1.11738	1.11777	1.11665	1.11666	1677	0	2
2024.08.28	06:00:00	1.11666	1.11692	1.11624	1.11657	1283	0	2
2024.08.28	07:00:00	1.11659	1.11680	1.11582	1.11596	1246	0	2
2024.08.28	08:00:00	1.11596	1.11607	1.11396	1.11438	2559	0	2
2024.08.28	09:00:00	1.11437	1.11513	1.11348	1.11478	3357	0	2
2024.08.28	10:00:00	1.11479	1.11590	1.11479	1.11562	3881	0	2
2024.08.28	11:00:00	1.11561	1.11592	1.11389	1.11412	3634	0	2
2024.08.28	12:00:00	1.11413	1.11456	1.11331	1.11358	3640	0	2
2024.08.28	13:00:00	1.11358	1.11376	1.11219	1.11252	3625	0	2
2024.08.28	14:00:00	1.11252	1.11309	1.11173	1.11205	3472	0	2
2024.08.28	15:00:00	1.11205	1.11230	1.11049	1.11118	4781	0	2
2024.08.28	16:00:00	1.11118	1.11220	1.11104	1.11111	5669	0	2
2024.08.28	17:00:00	1.11111	1.11377	1.11106	1.11301	6328	0	2
2024.08.28	18:00:00	1.11300	1.11311	1.11212	1.11260	4604	0	2
2024.08.28	19:00:00	1.11260	1.11261	1.11102	1.11148	3647	0	2
2024.08.28	20:00:00	1.11147	1.11172	1.11052	1.11066	3022	0	2
2024.08.28	21:00:00	1.11066	1.11161	1.11055	1.11156	2451	0	2
2024.08.28	22:00:00	1.11157	1.11179	1.11130	1.11132	2357	0	2
2024.08.28	23:00:00	1.11132	1.11200	1.11123	1.11197	1163	0	2
2024.08.29	00:00:00	1.11194	1.11196	1.11183	1.11196	57	0	8
2024.08.29	01:00:00	1.11196	1.11244	1.11185	1.11239	935	0	2
2024.08.29	02:00:00	1.11239	1.11261	1.11226	1.11245	833	0	2
2024.08.29	03:00:00	1.11245	1.11324	1.11241	1.11313	1662	0	2
2024.08.29	04:00:00	1.11314	1.11339	1.11284	1.11289	1381	0	2
2024.08.29	05:00:00	1.11288	1.11322	1.11272	1.11315	1118	0	2
2024.08.29	06:00:00	1.11314	1.11357	1.11299	1.11356	1060	0	2
2024.08.29	07:00:00	1.11356	1.11370	1.11332	1.11353	1203	0	2
2024.08.29	08:00:00	1.11354	1.11378	1.11319	1.11355	1771	0	2
2024.08.29	09:00:00	1.11355	1.11400	1.11256	1.11282	2839	0	2
2024.08.29	10:00:00	1.11282	1.11314	1.11162	1.11299	4211	0	2
2024.08.29	11:00:00	1.11298	1.11298	1.10718	1.10847	6891	0	2
2024.08.29	12:00:00	1.10847	1.10990	1.10833	1.10938	3617	0	2
2024.08.29	13:00:00	1.10938	1.11000	1.10872	1.10974	2838	0	2
2024.08.29	14:00:00	1.10974	1.10998	1.10913	1.10960	2840	0	2
2024.08.29	15:00:00	1.10961	1.10976	1.10727	1.10842	7304	0	2
2024.08.29	16:00:00	1.10842	1.10895	1.10726	1.10821	6315	0	2
2024.08.29	17:00:00	1.10822	1.10831	1.10556	1.10698	6458	0	2
2024.08.29	18:00:00	1.10698	1.10854	1.10668	1.10848	4354	0	2
2024.08.29	19:00:00	1.10848	1.10880	1.10782	1.10816	3522	0	2
2024.08.29	20:00:00	1.10816	1.10853	1.10783	1.10837	3211	0	2
2024.08.29	21:00:00	1.10837	1.10846	1.10752	1.10791	3599	0	2
2024.08.29	22:00:00	1.10791	1.10813	1.10746	1.10758	2757	0	2
2024.08.29	23:00:00	1.10757	1.10791	1.10750	1.10782	936	0	2
2024.08.30	00:00:00	1.10746	1.10798	1.10746	1.10774	306	0	6
2024.08.30	01:00:00	1.10783	1.10802	1.10771	1.10801	495	0	2
2024.08.30	02:00:00	1.10801	1.10832	1.10788	1.10800	853	0	2
2024.08.30	03:00:00	1.10800	1.10829	1.10788	1.10805	1501	0	2
2024.08.30	04:00:00	1.10805	1.10821	1.10713	1.10713	2079	0	2
2024.08.30	05:00:00	1.10713	1.10735	1.10697	1.10720	1186	0	2
2024.08.30	06:00:00	1.10720	1.10763	1.10711	1.10737	1046	0	2
2024.08.30	07:00:00	1.10736	1.10773	1.10718	1.10740	1150	0	2
2024.08.30	08:00:00	1.10740	1.10778	1.10735	1.10770	1377	0	2
2024.08.30	09:00:00	1.10770	1.10853	1.10743	1.10850	2734	0	2
2024.08.30	10:00:00	1.10851	1.10891	1.10751	1.10840	3959	0	2
2024.08.30	11:00:00	1.10840	1.10951	1.10735	1.10749	3683	0	2
2024.08.30	12:00:00	1.10748	1.10854	1.10748	1.10827	3418	0	2
2024.08.30	13:00:00	1.10828	1.10842	1.10745	1.10792	2917	0	2
2024.08.30	14:00:00	1.10792	1.10882	1.10783	1.10814	3006	0	2
2024.08.30	15:00:00	1.10814	1.10880	1.10577	1.10679	6009	0	2
2024.08.30	16:00:00	1.10687	1.10759	1.10537	1.10719	6609	0	2
2024.08.30	17:00:00	1.10719	1.10801	1.10617	1.10685	7792	0	2
2024.08.30	18:00:00	1.10686	1.10720	1.10529	1.10598	5385	0	2
2024.08.30	19:00:00	1.10597	1.10598	1.10438	1.10495	3733	0	2
2024.08.30	20:00:00	1.10496	1.10567	1.10482	1.10524	2865	0	2
2024.08.30	21:00:00	1.10524	1.10563	1.10494	1.10522	2139	0	2
2024.08.30	22:00:00	1.10519	1.10548	1.10473	1.10526	2852	0	2
2024.08.30	23:00:00	1.10525	1.10553	1.10480	1.10484	1305	0	2
2024.09.02	00:00:00	1.10447	1.10484	1.10442	1.10477	128	0	26
2024.09.02	01:00:00	1.10477	1.10496	1.10443	1.10457	677	0	2
2024.09.02	02:00:00	1.10457	1.10471	1.10441	1.10446	1125	0	2
2024.09.02	03:00:00	1.10445	1.10559	1.10419	1.10535	1441	0	2
2024.09.02	04:00:00	1.10535	1.10556	1.10502	1.10514	1656	0	2
2024.09.02	05:00:00	1.10513	1.10536	1.10458	1.10514	1467	0	2
2024.09.02	06:00:00	1.10513	1.10554	1.10484	1.10484	1271	0	2
2024.09.02	07:00:00	1.10485	1.10486	1.10439	1.10484	859	0	2
2024.09.02	08:00:00	1.10485	1.10564	1.10453	1.10552	1121	0	2
2024.09.02	09:00:00	1.10552	1.10701	1.10548	1.10658	2143	0	2
2024.09.02	10:00:00	1.10657	1.10686	1.10558	1.10666	3530	0	2
2024.09.02	11:00:00	1.10666	1.10774	1.10640	1.10674	3394	0	2
2024.09.02	12:00:00	1.10675	1.10729	1.10635	1.10690	2821	0	2
2024.09.02	13:00:00	1.10690	1.10705	1.10614	1.10663	2187	0	2
2024.09.02	14:00:00	1.10663	1.10689	1.10596	1.10597	2664	0	2
2024.09.02	15:00:00	1.10596	1.10713	1.10584	1.10679	2621	0	2
2024.09.02	16:00:00	1.10682	1.10719	1.10663	1.10679	2496	0	2
2024.09.02	17:00:00	1.10678	1.10715	1.10600	1.10690	2850	0	2
2024.09.02	18:00:00	1.10688	1.10708	1.10637	1.10678	1516	0	2
2024.09.02	19:00:00	1.10678	1.10682	1.10622	1.10657	905	0	2
2024.09.02	20:00:00	1.10657	1.10686	1.10657	1.10686	233	0	3
2024.09.02	21:00:00	1.10686	1.10715	1.10683	1.10707	245	0	3
2024.09.02	22:00:00	1.10707	1.10726	1.10705	1.10721	199	0	3
2024.09.02	23:00:00	1.10720	1.10723	1.10705	1.10714	217	0	3
2024.09.03	00:00:00	1.10668	1.10722	1.10668	1.10706	511	0	14
2024.09.03	01:00:00	1.10706	1.10728	1.10665	1.10667	392	0	2
2024.09.03	02:00:00	1.10667	1.10681	1.10645	1.10672	646	0	2
2024.09.03	03:00:00	1.10672	1.10688	1.10589	1.10605	2010	0	2
2024.09.03	04:00:00	1.10605	1.10683	1.10600	1.10669	2028	0	2
2024.09.03	05:00:00	1.10670	1.10703	1.10629	1.10636	1461	0	2
2024.09.03	06:00:00	1.10636	1.10636	1.10574	1.10580	1492	0	2
2024.09.03	07:00:00	1.10578	1.10587	1.10539	1.10542	1613	0	2
2024.09.03	08:00:00	1.10542	1.10599	1.10539	1.10594	1717	0	2
2024.09.03	09:00:00	1.10594	1.10616	1.10510	1.10615	3032	0	2
2024.09.03	10:00:00	1.10617	1.10677	1.10555	1.10560	4374	0	2
2024.09.03	11:00:00	1.10557	1.10597	1.10480	1.10485	4176	0	2
2024.09.03	12:00:00	1.10485	1.10505	1.10341	1.10400	4015	0	2
2024.09.03	13:00:00	1.10399	1.10417	1.10331	1.10357	3385	0	2
2024.09.03	14:00:00	1.10357	1.10428	1.10337	1.10362	3251	0	2
2024.09.03	15:00:00	1.10362	1.10526	1.10335	1.10478	4465	0	2
2024.09.03	16:00:00	1.10478	1.10634	1.10478	1.10610	6296	0	2
2024.09.03	17:00:00	1.10585	1.10690	1.10370	1.10420	8750	0	2
2024.09.03	18:00:00	1.10422	1.10444	1.10359	1.10423	4300	0	2
2024.09.03	19:00:00	1.10423	1.10472	1.10379	1.10393	2929	0	2
2024.09.03	20:00:00	1.10392	1.10400	1.10263	1.10279	2453	0	2
2024.09.03	21:00:00	1.10279	1.10392	1.10265	1.10379	2267	0	2
2024.09.03	22:00:00	1.10379	1.10421	1.10373	1.10417	2406	0	2
2024.09.03	23:00:00	1.10418	1.10443	1.10396	1.10443	904	0	2
2024.09.04	00:00:00	1.10360	1.10450	1.10357	1.10448	851	0	9
2024.09.04	01:00:00	1.10448	1.10468	1.10396	1.10456	970	0	2
2024.09.04	02:00:00	1.10456	1.10505	1.10450	1.10484	1423	0	2
2024.09.04	03:00:00	1.10484	1.10513	1.10464	1.10482	2794	0	2
2024.09.04	04:00:00	1.10482	1.10563	1.10475	1.10530	2356	0	2
2024.09.04	05:00:00	1.10530	1.10563	1.10493	1.10526	1633	0	2
2024.09.04	06:00:00	1.10526	1.10552	1.10503	1.10540	1214	0	2
2024.09.04	07:00:00	1.10539	1.10571	1.10535	1.10563	1102	0	2
2024.09.04	08:00:00	1.10563	1.10599	1.10545	1.10578	1599	0	2
2024.09.04	09:00:00	1.10578	1.10579	1.10473	1.10533	3169	0	2
2024.09.04	10:00:00	1.10534	1.10628	1.10467	1.10559	4863	0	2
2024.09.04	11:00:00	1.10558	1.10588	1.10496	1.10517	3435	0	2
2024.09.04	12:00:00	1.10519	1.10586	1.10502	1.10532	2702	0	2
2024.09.04	13:00:00	1.10532	1.10558	1.10500	1.10530	2335	0	2
2024.09.04	14:00:00	1.10530	1.10539	1.10427	1.10502	3061	0	2
2024.09.04	15:00:00	1.10503	1.10526	1.10399	1.10525	3604	0	2
2024.09.04	16:00:00	1.10524	1.10591	1.10499	1.10571	4447	0	2
2024.09.04	17:00:00	1.10572	1.10950	1.10571	1.10897	8043	0	2
2024.09.04	18:00:00	1.10896	1.10916	1.10764	1.10809	4136	0	2
2024.09.04	19:00:00	1.10809	1.10868	1.10760	1.10844	2801	0	2
2024.09.04	20:00:00	1.10842	1.10862	1.10658	1.10661	2409	0	2
2024.09.04	21:00:00	1.10661	1.10768	1.10652	1.10760	3034	0	2
2024.09.04	22:00:00	1.10761	1.10826	1.10751	1.10781	2456	0	2
2024.09.04	23:00:00	1.10782	1.10836	1.10755	1.10820	1166	0	2
2024.09.05	00:00:00	1.10831	1.10834	1.10818	1.10824	349	0	11
2024.09.05	01:00:00	1.10824	1.10865	1.10819	1.10849	693	0	2
2024.09.05	02:00:00	1.10849	1.10854	1.10789	1.10801	1443	0	2
2024.09.05	03:00:00	1.10800	1.10819	1.10757	1.10792	2269	0	2
2024.09.05	04:00:00	1.10792	1.10855	1.10774	1.10789	2412	0	2
2024.09.05	05:00:00	1.10788	1.10834	1.10783	1.10798	1567	0	2
2024.09.05	06:00:00	1.10797	1.10797	1.10762	1.10770	1203	0	2
2024.09.05	07:00:00	1.10769	1.10779	1.10746	1.10769	994	0	2
2024.09.05	08:00:00	1.10768	1.10807	1.10766	1.10802	1420	0	2
2024.09.05	09:00:00	1.10803	1.10883	1.10796	1.10836	3306	0	2
2024.09.05	10:00:00	1.10836	1.10903	1.10797	1.10871	3993	0	2
2024.09.05	11:00:00	1.10870	1.11002	1.10840	1.10991	3621	0	2
2024.09.05	12:00:00	1.10990	1.11005	1.10927	1.10946	3139	0	2
2024.09.05	13:00:00	1.10946	1.10996	1.10922	1.10988	2220	0	2
2024.09.05	14:00:00	1.10989	1.11082	1.10930	1.10951	2755	0	2
2024.09.05	15:00:00	1.10951	1.11197	1.10870	1.10924	7311	0	2
2024.09.05	16:00:00	1.10927	1.11082	1.10904	1.11054	5867	0	2
2024.09.05	17:00:00	1.11035	1.11046	1.10762	1.10797	7568	0	2
2024.09.05	18:00:00	1.10800	1.10958	1.10781	1.10953	4450	0	2
2024.09.05	19:00:00	1.10953	1.11052	1.10953	1.11009	2968	0	2
2024.09.05	20:00:00	1.11010	1.11072	1.10995	1.11067	2526	0	2
2024.09.05	21:00:00	1.11068	1.11133	1.11025	1.11042	1987	0	2
2024.09.05	22:00:00	1.11040	1.11077	1.11028	1.11037	2153	0	2
2024.09.05	23:00:00	1.11037	1.11112	1.11037	1.11109	887	0	2
2024.09.06	00:00:00	1.11092	1.11114	1.11084	1.11090	349	0	7
2024.09.06	01:00:00	1.11090	1.11111	1.11085	1.11096	498	0	2
2024.09.06	02:00:00	1.11096	1.11124	1.11085	1.11109	688	0	2
2024.09.06	03:00:00	1.11110	1.11147	1.11095	1.11133	1628	0	2
2024.09.06	04:00:00	1.11133	1.11140	1.11099	1.11106	1385	0	2
2024.09.06	05:00:00	1.11105	1.11127	1.11092	1.11111	975	0	2
2024.09.06	06:00:00	1.11112	1.11162	1.11109	1.11152	935	0	2
2024.09.06	07:00:00	1.11151	1.11176	1.11137	1.11158	903	0	2
2024.09.06	08:00:00	1.11159	1.11186	1.11139	1.11170	1434	0	2
2024.09.06	09:00:00	1.11170	1.11208	1.11141	1.11206	2283	0	2
2024.09.06	10:00:00	1.11206	1.11206	1.11107	1.11158	3336	0	2
2024.09.06	11:00:00	1.11159	1.11208	1.11129	1.11173	2911	0	2
2024.09.06	12:00:00	1.11173	1.11173	1.11074	1.11133	2692	0	2
2024.09.06	13:00:00	1.11133	1.11137	1.11068	1.11074	2355	0	2
2024.09.06	14:00:00	1.11074	1.11097	1.11026	1.11069	2859	0	2
2024.09.06	15:00:00	1.11069	1.11554	1.10781	1.11208	9092	0	2
2024.09.06	16:00:00	1.11208	1.11255	1.10655	1.10831	10253	0	2
2024.09.06	17:00:00	1.10833	1.11130	1.10731	1.11017	9693	0	2
2024.09.06	18:00:00	1.11020	1.11350	1.10830	1.10861	9929	0	2
2024.09.06	19:00:00	1.10855	1.10855	1.10696	1.10767	4985	0	2
2024.09.06	20:00:00	1.10767	1.10893	1.10696	1.10846	3857	0	2
2024.09.06	21:00:00	1.10846	1.10869	1.10780	1.10862	3362	0	2
2024.09.06	22:00:00	1.10861	1.10894	1.10822	1.10884	2706	0	2
2024.09.06	23:00:00	1.10885	1.10888	1.10845	1.10861	1434	0	2
2024.09.09	00:00:00	1.10797	1.10835	1.10796	1.10831	318	0	27
2024.09.09	01:00:00	1.10828	1.10905	1.10819	1.10867	1495	0	2
2024.09.09	02:00:00	1.10867	1.10909	1.10865	1.10866	2130	0	2
2024.09.09	03:00:00	1.10866	1.10911	1.10824	1.10832	2094	0	2
2024.09.09	04:00:00	1.10832	1.10910	1.10812	1.10821	2550	0	2
2024.09.09	05:00:00	1.10822	1.10832	1.10805	1.10807	1222	0	2
2024.09.09	06:00:00	1.10807	1.10817	1.10786	1.10799	1006	0	2
2024.09.09	07:00:00	1.10799	1.10802	1.10745	1.10757	1069	0	2
2024.09.09	08:00:00	1.10757	1.10759	1.10688	1.10690	1219	0	2
2024.09.09	09:00:00	1.10690	1.10718	1.10605	1.10645	2630	0	2
2024.09.09	10:00:00	1.10645	1.10662	1.10549	1.10592	4206	0	2
2024.09.09	11:00:00	1.10591	1.10625	1.10455	1.10476	3488	0	2
2024.09.09	12:00:00	1.10475	1.10589	1.10456	1.10562	2814	0	2
2024.09.09	13:00:00	1.10561	1.10566	1.10368	1.10402	2888	0	2
2024.09.09	14:00:00	1.10402	1.10448	1.10356	1.10447	2441	0	2
2024.09.09	15:00:00	1.10446	1.10490	1.10379	1.10396	3729	0	2
2024.09.09	16:00:00	1.10396	1.10522	1.10395	1.10469	4045	0	2
2024.09.09	17:00:00	1.10469	1.10470	1.10339	1.10420	4672	0	2
2024.09.09	18:00:00	1.10420	1.10449	1.10353	1.10413	3481	0	2
2024.09.09	19:00:00	1.10414	1.10507	1.10414	1.10488	2542	0	2
2024.09.09	20:00:00	1.10488	1.10537	1.10434	1.10435	2293	0	2
2024.09.09	21:00:00	1.10436	1.10463	1.10415	1.10428	1828	0	2
2024.09.09	22:00:00	1.10429	1.10430	1.10374	1.10381	1796	0	2
2024.09.09	23:00:00	1.10379	1.10393	1.10339	1.10350	1134	0	2
2024.09.10	00:00:00	1.10337	1.10377	1.10336	1.10368	488	0	8
2024.09.10	01:00:00	1.10368	1.10396	1.10351	1.10377	593	0	2
2024.09.10	02:00:00	1.10377	1.10383	1.10344	1.10352	612	0	2
2024.09.10	03:00:00	1.10352	1.10353	1.10283	1.10307	1739	0	2
2024.09.10	04:00:00	1.10307	1.10353	1.10305	1.10348	1582	0	2
2024.09.10	05:00:00	1.10348	1.10361	1.10326	1.10347	966	0	2
2024.09.10	06:00:00	1.10348	1.10391	1.10348	1.10384	779	0	2
2024.09.10	07:00:00	1.10384	1.10406	1.10359	1.10400	585	0	2
2024.09.10	08:00:00	1.10399	1.10426	1.10380	1.10395	1080	0	2
2024.09.10	09:00:00	1.10395	1.10495	1.10337	1.10495	2694	0	2
2024.09.10	10:00:00	1.10494	1.10494	1.10367	1.10370	3527	0	2
2024.09.10	11:00:00	1.10370	1.10399	1.10335	1.10377	2841	0	2
2024.09.10	12:00:00	1.10377	1.10422	1.10323	1.10383	2377	0	2
2024.09.10	13:00:00	1.10384	1.10418	1.10337	1.10404	1982	0	2
2024.09.10	14:00:00	1.10404	1.10439	1.10266	1.10312	2661	0	2
2024.09.10	15:00:00	1.10311	1.10368	1.10265	1.10298	4064	0	2
2024.09.10	16:00:00	1.10298	1.10350	1.10174	1.10196	4350	0	2
2024.09.10	17:00:00	1.10196	1.10235	1.10151	1.10185	4889	0	2
2024.09.10	18:00:00	1.10186	1.10272	1.10172	1.10249	3233	0	2
2024.09.10	19:00:00	1.10249	1.10289	1.10226	1.10266	2546	0	2
2024.09.10	20:00:00	1.10266	1.10278	1.10226	1.10230	2269	0	2
2024.09.10	21:00:00	1.10230	1.10270	1.10206	1.10244	1763	0	2
2024.09.10	22:00:00	1.10245	1.10275	1.10221	1.10267	1808	0	2
2024.09.10	23:00:00	1.10268	1.10268	1.10185	1.10189	965	0	2
2024.09.11	00:00:00	1.10193	1.10194	1.10189	1.10192	49	0	7
2024.09.11	01:00:00	1.10192	1.10216	1.10192	1.10198	583	0	2
2024.09.11	02:00:00	1.10198	1.10237	1.10193	1.10201	698	0	2
2024.09.11	03:00:00	1.10200	1.10227	1.10167	1.10201	1884	0	2
2024.09.11	04:00:00	1.10202	1.10400	1.10182	1.10367	2761	0	2
2024.09.11	05:00:00	1.10368	1.10445	1.10326	1.10331	2196	0	2
2024.09.11	06:00:00	1.10331	1.10425	1.10315	1.10385	1514	0	2
2024.09.11	07:00:00	1.10385	1.10471	1.10378	1.10465	1729	0	2
2024.09.11	08:00:00	1.10465	1.10515	1.10425	1.10436	1998	0	2
2024.09.11	09:00:00	1.10436	1.10490	1.10407	1.10452	2811	0	2
2024.09.11	10:00:00	1.10451	1.10519	1.10404	1.10412	3667	0	2
2024.09.11	11:00:00	1.10412	1.10479	1.10366	1.10438	3019	0	2
2024.09.11	12:00:00	1.10438	1.10489	1.10419	1.10420	2614	0	2
2024.09.11	13:00:00	1.10420	1.10490	1.10386	1.10487	2413	0	2
2024.09.11	14:00:00	1.10487	1.10549	1.10427	1.10436	2716	0	2
2024.09.11	15:00:00	1.10436	1.10488	1.10032	1.10163	8434	0	2
2024.09.11	16:00:00	1.10162	1.10263	1.10098	1.10129	7518	0	2
2024.09.11	17:00:00	1.10128	1.10153	1.10020	1.10103	7529	0	2
2024.09.11	18:00:00	1.10103	1.10166	1.10076	1.10121	4550	0	2
2024.09.11	19:00:00	1.10121	1.10177	1.10098	1.10159	3466	0	2
2024.09.11	20:00:00	1.10159	1.10209	1.10151	1.10184	3640	0	2
2024.09.11	21:00:00	1.10184	1.10227	1.10179	1.10181	2433	0	2
2024.09.11	22:00:00	1.10181	1.10264	1.10159	1.10174	2429	0	2
2024.09.11	23:00:00	1.10174	1.10180	1.10140	1.10142	1039	0	2
2024.09.12	00:00:00	1.10123	1.10138	1.10117	1.10117	218	0	5
2024.09.12	01:00:00	1.10127	1.10155	1.10113	1.10123	478	0	2
2024.09.12	02:00:00	1.10123	1.10129	1.10102	1.10102	706	0	2
2024.09.12	03:00:00	1.10101	1.10117	1.10059	1.10068	1458	0	2
2024.09.12	04:00:00	1.10068	1.10129	1.10066	1.10111	1603	0	2
2024.09.12	05:00:00	1.10111	1.10123	1.10076	1.10098	1247	0	2
2024.09.12	06:00:00	1.10098	1.10140	1.10097	1.10136	847	0	2
2024.09.12	07:00:00	1.10136	1.10169	1.10135	1.10163	691	0	2
2024.09.12	08:00:00	1.10163	1.10220	1.10152	1.10220	1152	0	2
2024.09.12	09:00:00	1.10220	1.10238	1.10077	1.10082	2466	0	2
2024.09.12	10:00:00	1.10083	1.10158	1.10059	1.10076	3765	0	2
2024.09.12	11:00:00	1.10076	1.10218	1.10054	1.10155	3264	0	2
2024.09.12	12:00:00	1.10156	1.10200	1.10127	1.10146	2612	0	2
2024.09.12	13:00:00	1.10145	1.10235	1.10144	1.10217	2179	0	2
2024.09.12	14:00:00	1.10217	1.10235	1.10129	1.10138	2492	0	2
2024.09.12	15:00:00	1.10138	1.10321	1.10081	1.10250	7577	0	2
2024.09.12	16:00:00	1.10251	1.10406	1.10245	1.10372	6981	0	2
2024.09.12	17:00:00	1.10369	1.10472	1.10297	1.10399	5474	0	2
2024.09.12	18:00:00	1.10399	1.10427	1.10308	1.10401	3693	0	2
2024.09.12	19:00:00	1.10401	1.10480	1.10369	1.10461	2918	0	2
2024.09.12	20:00:00	1.10462	1.10566	1.10424	1.10564	3664	0	2
2024.09.12	21:00:00	1.10563	1.10624	1.10512	1.10608	3746	0	2
2024.09.12	22:00:00	1.10608	1.10717	1.10599	1.10703	3144	0	2
2024.09.12	23:00:00	1.10704	1.10750	1.10684	1.10731	1481	0	2
2024.09.13	00:00:00	1.10734	1.10742	1.10718	1.10736	109	0	5
2024.09.13	01:00:00	1.10736	1.10756	1.10703	1.10718	797	0	2
2024.09.13	02:00:00	1.10718	1.10791	1.10716	1.10789	1320	0	2
2024.09.13	03:00:00	1.10789	1.10874	1.10775	1.10871	2021	0	2
2024.09.13	04:00:00	1.10871	1.10891	1.10803	1.10818	2056	0	2
2024.09.13	05:00:00	1.10818	1.10899	1.10793	1.10868	1882	0	2
2024.09.13	06:00:00	1.10867	1.10901	1.10840	1.10869	1309	0	2
2024.09.13	07:00:00	1.10869	1.10883	1.10840	1.10844	1104	0	2
2024.09.13	08:00:00	1.10844	1.10862	1.10815	1.10825	1383	0	2
2024.09.13	09:00:00	1.10825	1.10846	1.10744	1.10788	2810	0	2
2024.09.13	10:00:00	1.10788	1.10942	1.10730	1.10924	3255	0	2
2024.09.13	11:00:00	1.10923	1.10939	1.10858	1.10927	3308	0	2
2024.09.13	12:00:00	1.10927	1.11009	1.10882	1.10919	3464	0	2
2024.09.13	13:00:00	1.10918	1.10973	1.10868	1.10905	2981	0	2
2024.09.13	14:00:00	1.10907	1.10930	1.10811	1.10842	3260	0	2
2024.09.13	15:00:00	1.10844	1.10935	1.10792	1.10929	4748	0	2
2024.09.13	16:00:00	1.10929	1.11018	1.10878	1.10945	6237	0	2
2024.09.13	17:00:00	1.10944	1.10951	1.10843	1.10889	7007	0	2
2024.09.13	18:00:00	1.10889	1.10918	1.10819	1.10842	4243	0	2
2024.09.13	19:00:00	1.10843	1.10850	1.10768	1.10840	3612	0	2
2024.09.13	20:00:00	1.10839	1.10859	1.10801	1.10816	2277	0	2
2024.09.13	21:00:00	1.10815	1.10845	1.10767	1.10780	2041	0	2
2024.09.13	22:00:00	1.10780	1.10813	1.10760	1.10778	2265	0	2
2024.09.13	23:00:00	1.10779	1.10782	1.10728	1.10744	985	0	2
2024.09.16	00:00:00	1.10763	1.10769	1.10741	1.10757	582	0	28
2024.09.16	01:00:00	1.10757	1.10874	1.10755	1.10868	1058	0	2
2024.09.16	02:00:00	1.10868	1.10895	1.10849	1.10873	962	0	2
2024.09.16	03:00:00	1.10872	1.10924	1.10870	1.10894	1407	0	2
2024.09.16	04:00:00	1.10893	1.10925	1.10874	1.10878	1272	0	2
2024.09.16	05:00:00	1.10877	1.10910	1.10866	1.10890	923	0	2
2024.09.16	06:00:00	1.10891	1.11047	1.10879	1.11040	1653	0	2
2024.09.16	07:00:00	1.11039	1.11047	1.10969	1.10971	1414	0	2
2024.09.16	08:00:00	1.10971	1.10996	1.10957	1.10983	1023	0	2
2024.09.16	09:00:00	1.10983	1.11158	1.10975	1.11144	2989	0	2
2024.09.16	10:00:00	1.11145	1.11197	1.11095	1.11150	3216	0	2
2024.09.16	11:00:00	1.11150	1.11261	1.11138	1.11227	3307	0	2
2024.09.16	12:00:00	1.11227	1.11289	1.11180	1.11206	3130	0	2
2024.09.16	13:00:00	1.11206	1.11280	1.11200	1.11220	2584	0	2
2024.09.16	14:00:00	1.11220	1.11256	1.11158	1.11237	2528	0	2
2024.09.16	15:00:00	1.11237	1.11327	1.11165	1.11249	4681	0	2
2024.09.16	16:00:00	1.11252	1.11375	1.11226	1.11294	5083	0	2
2024.09.16	17:00:00	1.11294	1.11306	1.11180	1.11238	4522	0	2
2024.09.16	18:00:00	1.11238	1.11243	1.11165	1.11226	3347	0	2
2024.09.16	19:00:00	1.11226	1.11301	1.11194	1.11288	3082	0	2
2024.09.16	20:00:00	1.11289	1.11299	1.11161	1.11234	2513	0	2
2024.09.16	21:00:00	1.11234	1.11244	1.11197	1.11207	2230	0	2
2024.09.16	22:00:00	1.11207	1.11298	1.11186	1.11288	1962	0	2
2024.09.16	23:00:00	1.11288	1.11335	1.11279	1.11327	935	0	2
2024.09.17	00:00:00	1.11321	1.11321	1.11302	1.11306	236	0	6
2024.09.17	01:00:00	1.11306	1.11313	1.11268	1.11272	629	0	2
2024.09.17	02:00:00	1.11272	1.11299	1.11232	1.11291	1154	0	2
2024.09.17	03:00:00	1.11291	1.11312	1.11218	1.11230	1720	0	2
2024.09.17	04:00:00	1.11228	1.11296	1.11226	1.11278	1524	0	2
2024.09.17	05:00:00	1.11277	1.11297	1.11247	1.11271	1178	0	2
2024.09.17	06:00:00	1.11268	1.11284	1.11228	1.11239	1084	0	2
2024.09.17	07:00:00	1.11240	1.11245	1.11217	1.11243	961	0	2
2024.09.17	08:00:00	1.11243	1.11289	1.11220	1.11266	1214	0	2
2024.09.17	09:00:00	1.11266	1.11333	1.11209	1.11209	2633	0	2
2024.09.17	10:00:00	1.11208	1.11379	1.11157	1.11361	3926	0	2
2024.09.17	11:00:00	1.11362	1.11461	1.11330	1.11447	3140	0	2
2024.09.17	12:00:00	1.11443	1.11449	1.11346	1.11380	3279	0	2
2024.09.17	13:00:00	1.11381	1.11398	1.11318	1.11342	2465	0	2
2024.09.17	14:00:00	1.11342	1.11427	1.11301	1.11386	2685	0	2
2024.09.17	15:00:00	1.11386	1.11437	1.11178	1.11247	7151	0	2
2024.09.17	16:00:00	1.11248	1.11278	1.11115	1.11131	6833	0	2
2024.09.17	17:00:00	1.11132	1.11282	1.11132	1.11245	6213	0	2
2024.09.17	18:00:00	1.11248	1.11262	1.11152	1.11174	4313	0	2
2024.09.17	19:00:00	1.11174	1.11216	1.11150	1.11194	3590	0	2
2024.09.17	20:00:00	1.11194	1.11208	1.11109	1.11161	3286	0	2
2024.09.17	21:00:00	1.11160	1.11226	1.11154	1.11222	3025	0	2
2024.09.17	22:00:00	1.11223	1.11235	1.11147	1.11157	2538	0	2
2024.09.17	23:00:00	1.11158	1.11168	1.11126	1.11130	1152	0	2
2024.09.18	00:00:00	1.11133	1.11156	1.11130	1.11131	378	0	8
2024.09.18	01:00:00	1.11131	1.11187	1.11131	1.11181	430	0	2
2024.09.18	02:00:00	1.11181	1.11239	1.11179	1.11220	770	0	2
2024.09.18	03:00:00	1.11220	1.11286	1.11215	1.11270	1686	0	2
2024.09.18	04:00:00	1.11270	1.11304	1.11252	1.11278	1570	0	2
2024.09.18	05:00:00	1.11278	1.11286	1.11248	1.11280	1089	0	2
2024.09.18	06:00:00	1.11280	1.11286	1.11253	1.11262	838	0	2
2024.09.18	07:00:00	1.11262	1.11263	1.11199	1.11201	687	0	2
2024.09.18	08:00:00	1.11199	1.11216	1.11176	1.11207	982	0	2
2024.09.18	09:00:00	1.11207	1.11260	1.11153	1.11186	3134	0	2
2024.09.18	10:00:00	1.11187	1.11312	1.11174	1.11312	3700	0	2
2024.09.18	11:00:00	1.11312	1.11333	1.11278	1.11297	3355	0	2
2024.09.18	12:00:00	1.11297	1.11399	1.11268	1.11382	2885	0	2
2024.09.18	13:00:00	1.11381	1.11387	1.11297	1.11300	2249	0	2
2024.09.18	14:00:00	1.11300	1.11302	1.11224	1.11244	2529	0	2
2024.09.18	15:00:00	1.11243	1.11286	1.11179	1.11222	3128	0	2
2024.09.18	16:00:00	1.11223	1.11398	1.11223	1.11352	4131	0	2
2024.09.18	17:00:00	1.11353	1.11362	1.11081	1.11179	4970	0	2
2024.09.18	18:00:00	1.11180	1.11221	1.11117	1.11157	3564	0	2
2024.09.18	19:00:00	1.11157	1.11262	1.11154	1.11243	2424	0	2
2024.09.18	20:00:00	1.11242	1.11305	1.11171	1.11228	3198	0	2
2024.09.18	21:00:00	1.11232	1.11891	1.11232	1.11491	13799	0	2
2024.09.18	22:00:00	1.11486	1.11486	1.10966	1.11058	11650	0	2
2024.09.18	23:00:00	1.11055	1.11205	1.11044	1.11178	2486	0	2
2024.09.19	00:00:00	1.11127	1.11174	1.11102	1.11161	360	0	11
2024.09.19	01:00:00	1.11161	1.11239	1.11150	1.11217	1335	0	2
2024.09.19	02:00:00	1.11217	1.11219	1.11110	1.11138	1599	0	2
2024.09.19	03:00:00	1.11139	1.11166	1.10787	1.10815	4324	0	2
2024.09.19	04:00:00	1.10815	1.10857	1.10685	1.10833	3806	0	2
2024.09.19	05:00:00	1.10831	1.11036	1.10831	1.11018	3363	0	2
2024.09.19	06:00:00	1.11018	1.11193	1.10994	1.11184	2696	0	2
2024.09.19	07:00:00	1.11185	1.11213	1.11149	1.11201	1928	0	2
2024.09.19	08:00:00	1.11202	1.11312	1.11201	1.11309	2601	0	2
2024.09.19	09:00:00	1.11309	1.11452	1.11288	1.11452	4790	0	2
2024.09.19	10:00:00	1.11453	1.11530	1.11400	1.11458	5866	0	2
2024.09.19	11:00:00	1.11457	1.11691	1.11450	1.11626	4719	0	2
2024.09.19	12:00:00	1.11625	1.11787	1.11622	1.11778	4244	0	2
2024.09.19	13:00:00	1.11778	1.11787	1.11685	1.11701	3661	0	2
2024.09.19	14:00:00	1.11701	1.11760	1.11520	1.11579	5300	0	2
2024.09.19	15:00:00	1.11578	1.11583	1.11256	1.11259	7548	0	2
2024.09.19	16:00:00	1.11259	1.11405	1.11173	1.11218	7859	0	2
2024.09.19	17:00:00	1.11219	1.11332	1.11164	1.11292	7504	0	2
2024.09.19	18:00:00	1.11293	1.11487	1.11255	1.11468	5199	0	2
2024.09.19	19:00:00	1.11468	1.11582	1.11452	1.11555	3953	0	2
2024.09.19	20:00:00	1.11554	1.11613	1.11523	1.11606	3340	0	2
2024.09.19	21:00:00	1.11607	1.11679	1.11607	1.11655	2908	0	2
2024.09.19	22:00:00	1.11655	1.11667	1.11587	1.11621	2881	0	2
2024.09.19	23:00:00	1.11620	1.11643	1.11604	1.11622	1120	0	2
2024.09.20	00:00:00	1.11613	1.11616	1.11599	1.11615	123	0	5
2024.09.20	01:00:00	1.11620	1.11625	1.11603	1.11608	576	0	2
2024.09.20	02:00:00	1.11608	1.11609	1.11583	1.11594	818	0	2
2024.09.20	03:00:00	1.11594	1.11616	1.11572	1.11604	1828	0	2
2024.09.20	04:00:00	1.11604	1.11640	1.11582	1.11592	2348	0	2
2024.09.20	05:00:00	1.11591	1.11634	1.11572	1.11614	1759	0	2
2024.09.20	06:00:00	1.11613	1.11692	1.11612	1.11656	2278	0	2
2024.09.20	07:00:00	1.11657	1.11679	1.11637	1.11649	1124	0	2
2024.09.20	08:00:00	1.11650	1.11665	1.11610	1.11638	1692	0	2
2024.09.20	09:00:00	1.11638	1.11784	1.11638	1.11764	4531	0	2
2024.09.20	10:00:00	1.11763	1.11819	1.11594	1.11627	5338	0	2
2024.09.20	11:00:00	1.11624	1.11691	1.11523	1.11644	4776	0	2
2024.09.20	12:00:00	1.11645	1.11660	1.11570	1.11608	3137	0	2
2024.09.20	13:00:00	1.11607	1.11628	1.11550	1.11592	2850	0	2
2024.09.20	14:00:00	1.11592	1.11623	1.11540	1.11614	2821	0	2
2024.09.20	15:00:00	1.11614	1.11768	1.11614	1.11744	4253	0	2
2024.09.20	16:00:00	1.11744	1.11762	1.11539	1.11547	5809	0	2
2024.09.20	17:00:00	1.11546	1.11546	1.11379	1.11438	6252	0	2
2024.09.20	18:00:00	1.11437	1.11594	1.11360	1.11587	7008	0	2
2024.09.20	19:00:00	1.11587	1.11757	1.11587	1.11738	5633	0	2
2024.09.20	20:00:00	1.11736	1.11742	1.11581	1.11594	3549	0	2
2024.09.20	21:00:00	1.11593	1.11661	1.11571	1.11651	3284	0	2
2024.09.20	22:00:00	1.11651	1.11660	1.11616	1.11619	3006	0	2
2024.09.20	23:00:00	1.11619	1.11638	1.11560	1.11629	1756	0	2
2024.09.23	00:00:00	1.11582	1.11638	1.11579	1.11608	307	0	31
2024.09.23	01:00:00	1.11608	1.11647	1.11597	1.11621	751	0	2
2024.09.23	02:00:00	1.11621	1.11639	1.11590	1.11590	1034	0	2
2024.09.23	03:00:00	1.11589	1.11608	1.11560	1.11589	1662	0	2
2024.09.23	04:00:00	1.11587	1.11615	1.11557	1.11590	1840	0	2
2024.09.23	05:00:00	1.11589	1.11636	1.11565	1.11623	1141	0	2
2024.09.23	06:00:00	1.11622	1.11649	1.11609	1.11616	965	0	2
2024.09.23	07:00:00	1.11615	1.11650	1.11599	1.11634	726	0	2
2024.09.23	08:00:00	1.11635	1.11672	1.11613	1.11632	867	0	2
2024.09.23	09:00:00	1.11632	1.11642	1.11551	1.11588	2887	0	2
2024.09.23	10:00:00	1.11588	1.11594	1.10978	1.11014	7285	0	2
2024.09.23	11:00:00	1.11014	1.11018	1.10831	1.10923	5819	0	2
2024.09.23	12:00:00	1.10923	1.11123	1.10921	1.11058	3674	0	2
2024.09.23	13:00:00	1.11058	1.11191	1.11053	1.11131	3271	0	2
2024.09.23	14:00:00	1.11131	1.11257	1.11125	1.11197	3225	0	2
2024.09.23	15:00:00	1.11196	1.11238	1.11084	1.11225	4568	0	2
2024.09.23	16:00:00	1.11224	1.11390	1.11200	1.11293	6191	0	2
2024.09.23	17:00:00	1.11293	1.11434	1.11151	1.11323	6637	0	2
2024.09.23	18:00:00	1.11324	1.11371	1.11235	1.11302	4611	0	2
2024.09.23	19:00:00	1.11302	1.11302	1.11212	1.11252	4204	0	2
2024.09.23	20:00:00	1.11253	1.11285	1.11201	1.11207	2735	0	2
2024.09.23	21:00:00	1.11206	1.11239	1.11159	1.11167	2483	0	2
2024.09.23	22:00:00	1.11167	1.11178	1.11118	1.11148	2383	0	2
2024.09.23	23:00:00	1.11147	1.11148	1.11097	1.11119	940	0	2
2024.09.24	00:00:00	1.11115	1.11147	1.11106	1.11110	346	0	6
2024.09.24	01:00:00	1.11122	1.11142	1.11108	1.11109	597	0	2
2024.09.24	02:00:00	1.11109	1.11116	1.11074	1.11110	725	0	2
2024.09.24	03:00:00	1.11109	1.11138	1.11043	1.11057	2163	0	2
2024.09.24	04:00:00	1.11058	1.11112	1.11044	1.11074	2644	0	2
2024.09.24	05:00:00	1.11074	1.11084	1.11033	1.11055	1476	0	2
2024.09.24	06:00:00	1.11055	1.11136	1.11055	1.11126	1609	0	2
2024.09.24	07:00:00	1.11125	1.11178	1.11094	1.11168	1429	0	2
2024.09.24	08:00:00	1.11167	1.11195	1.11138	1.11164	2396	0	2
2024.09.24	09:00:00	1.11164	1.11191	1.11042	1.11150	4023	0	2
2024.09.24	10:00:00	1.11149	1.11323	1.11126	1.11273	4591	0	2
2024.09.24	11:00:00	1.11273	1.11448	1.11264	1.11401	4244	0	2
2024.09.24	12:00:00	1.11401	1.11459	1.11316	1.11356	3086	0	2
2024.09.24	13:00:00	1.11355	1.11412	1.11269	1.11282	3141	0	2
2024.09.24	14:00:00	1.11282	1.11298	1.11219	1.11290	2856	0	2
2024.09.24	15:00:00	1.11291	1.11478	1.11291	1.11409	4368	0	2
2024.09.24	16:00:00	1.11409	1.11443	1.11325	1.11393	5345	0	2
2024.09.24	17:00:00	1.11390	1.11635	1.11386	1.11507	7499	0	2
2024.09.24	18:00:00	1.11507	1.11562	1.11467	1.11497	4621	0	2
2024.09.24	19:00:00	1.11497	1.11621	1.11493	1.11585	3027	0	2
2024.09.24	20:00:00	1.11585	1.11637	1.11547	1.11626	2489	0	2
2024.09.24	21:00:00	1.11627	1.11670	1.11598	1.11662	2242	0	2
2024.09.24	22:00:00	1.11662	1.11768	1.11650	1.11766	2259	0	2
2024.09.24	23:00:00	1.11766	1.11805	1.11750	1.11805	909	0	2
2024.09.25	00:00:00	1.11796	1.11801	1.11772	1.11789	173	0	5
2024.09.25	01:00:00	1.11789	1.11889	1.11786	1.11886	744	0	2
2024.09.25	02:00:00	1.11886	1.11911	1.11832	1.11908	1154	0	2
2024.09.25	03:00:00	1.11910	1.11939	1.11873	1.11932	2291	0	2
2024.09.25	04:00:00	1.11933	1.11937	1.11851	1.11881	2897	0	2
2024.09.25	05:00:00	1.11881	1.11961	1.11876	1.11949	1514	0	2
2024.09.25	06:00:00	1.11949	1.11988	1.11916	1.11981	1284	0	2
2024.09.25	07:00:00	1.11982	1.11987	1.11937	1.11957	1107	0	2
2024.09.25	08:00:00	1.11957	1.11961	1.11922	1.11956	1478	0	2
2024.09.25	09:00:00	1.11956	1.11957	1.11869	1.11905	3135	0	2
2024.09.25	10:00:00	1.11905	1.11965	1.11858	1.11918	4283	0	2
2024.09.25	11:00:00	1.11917	1.11955	1.11822	1.11848	3831	0	2
2024.09.25	12:00:00	1.11847	1.11878	1.11781	1.11833	3317	0	2
2024.09.25	13:00:00	1.11833	1.11889	1.11809	1.11870	2973	0	2
2024.09.25	14:00:00	1.11870	1.11973	1.11831	1.11958	2934	0	2
2024.09.25	15:00:00	1.11959	1.12078	1.11917	1.11977	4810	0	2
2024.09.25	16:00:00	1.11976	1.12139	1.11951	1.11951	6336	0	2
2024.09.25	17:00:00	1.11951	1.11955	1.11653	1.11727	5834	0	2
2024.09.25	18:00:00	1.11727	1.11753	1.11417	1.11430	5454	0	2
2024.09.25	19:00:00	1.11429	1.11476	1.11327	1.11344	3844	0	2
2024.09.25	20:00:00	1.11344	1.11379	1.11214	1.11369	3051	0	2
2024.09.25	21:00:00	1.11369	1.11388	1.11326	1.11342	2730	0	2
2024.09.25	22:00:00	1.11341	1.11359	1.11254	1.11259	2219	0	2
2024.09.25	23:00:00	1.11260	1.11319	1.11249	1.11319	1117	0	2
2024.09.26	00:00:00	1.11309	1.11334	1.11300	1.11327	754	0	8
2024.09.26	01:00:00	1.11327	1.11331	1.11304	1.11320	710	0	2
2024.09.26	02:00:00	1.11320	1.11324	1.11295	1.11296	847	0	2
2024.09.26	03:00:00	1.11297	1.11371	1.11288	1.11365	1459	0	2
2024.09.26	04:00:00	1.11365	1.11413	1.11316	1.11395	1706	0	2
2024.09.26	05:00:00	1.11395	1.11418	1.11370	1.11410	1334	0	2
2024.09.26	06:00:00	1.11410	1.11453	1.11378	1.11403	1166	0	2
2024.09.26	07:00:00	1.11404	1.11435	1.11377	1.11416	1161	0	2
2024.09.26	08:00:00	1.11415	1.11520	1.11405	1.11499	1843	0	2
2024.09.26	09:00:00	1.11495	1.11566	1.11469	1.11536	3133	0	2
2024.09.26	10:00:00	1.11534	1.11580	1.11336	1.11348	5053	0	2
2024.09.26	11:00:00	1.11345	1.11435	1.11256	1.11414	4969	0	2
2024.09.26	12:00:00	1.11414	1.11524	1.11414	1.11437	3440	0	2
2024.09.26	13:00:00	1.11437	1.11550	1.11396	1.11539	3840	0	2
2024.09.26	14:00:00	1.11538	1.11615	1.11481	1.11540	3823	0	2
2024.09.26	15:00:00	1.11541	1.11654	1.11374	1.11510	7366	0	2
2024.09.26	16:00:00	1.11509	1.11598	1.11346	1.11401	7804	0	2
2024.09.26	17:00:00	1.11400	1.11746	1.11257	1.11648	7844	0	2
2024.09.26	18:00:00	1.11646	1.11892	1.11642	1.11828	5066	0	2
2024.09.26	19:00:00	1.11828	1.11829	1.11662	1.11692	4453	0	2
2024.09.26	20:00:00	1.11691	1.11800	1.11684	1.11795	3506	0	2
2024.09.26	21:00:00	1.11796	1.11824	1.11731	1.11795	2865	0	2
2024.09.26	22:00:00	1.11796	1.11841	1.11762	1.11777	2267	0	2
2024.09.26	23:00:00	1.11779	1.11787	1.11743	1.11750	1311	0	2
2024.09.27	00:00:00	1.11762	1.11772	1.11731	1.11752	718	0	5
2024.09.27	01:00:00	1.11752	1.11776	1.11747	1.11760	1476	0	2
2024.09.27	02:00:00	1.11760	1.11772	1.11736	1.11768	999	0	2
2024.09.27	03:00:00	1.11769	1.11775	1.11680	1.11692	2527	0	2
2024.09.27	04:00:00	1.11690	1.11720	1.11624	1.11642	2758	0	2
2024.09.27	05:00:00	1.11643	1.11697	1.11625	1.11689	2006	0	2
2024.09.27	06:00:00	1.11689	1.11732	1.11687	1.11691	1652	0	2
2024.09.27	07:00:00	1.11690	1.11696	1.11638	1.11646	1548	0	2
2024.09.27	08:00:00	1.11646	1.11683	1.11584	1.11638	3259	0	2
2024.09.27	09:00:00	1.11637	1.11760	1.11401	1.11510	6479	0	2
2024.09.27	10:00:00	1.11504	1.11504	1.11249	1.11329	6474	0	2
2024.09.27	11:00:00	1.11329	1.11451	1.11263	1.11444	4461	0	2
2024.09.27	12:00:00	1.11445	1.11598	1.11372	1.11594	3828	0	2
2024.09.27	13:00:00	1.11595	1.11709	1.11557	1.11633	3518	0	2
2024.09.27	14:00:00	1.11633	1.11677	1.11590	1.11623	3545	0	2
2024.09.27	15:00:00	1.11623	1.12016	1.11540	1.11998	7049	0	2
2024.09.27	16:00:00	1.11997	1.12030	1.11794	1.11853	7334	0	2
2024.09.27	17:00:00	1.11843	1.11919	1.11691	1.11784	7171	0	2
2024.09.27	18:00:00	1.11784	1.11784	1.11538	1.11584	5159	0	2
2024.09.27	19:00:00	1.11584	1.11600	1.11462	1.11516	4297	0	2
2024.09.27	20:00:00	1.11518	1.11657	1.11504	1.11635	3617	0	2
2024.09.27	21:00:00	1.11636	1.11678	1.11597	1.11677	2895	0	2
2024.09.27	22:00:00	1.11677	1.11679	1.11625	1.11639	2321	0	2
2024.09.27	23:00:00	1.11639	1.11678	1.11590	1.11590	1194	0	2
2024.09.30	00:00:00	1.11566	1.11606	1.11552	1.11587	653	0	32
2024.09.30	01:00:00	1.11587	1.11724	1.11587	1.11708	1159	0	2
2024.09.30	02:00:00	1.11708	1.11716	1.11675	1.11689	1091	0	2
2024.09.30	03:00:00	1.11689	1.11738	1.11684	1.11709	2433	0	2
2024.09.30	04:00:00	1.11708	1.11726	1.11604	1.11605	2711	0	2
2024.09.30	05:00:00	1.11603	1.11623	1.11564	1.11603	1775	0	2
2024.09.30	06:00:00	1.11603	1.11617	1.11562	1.11582	1290	0	2
2024.09.30	07:00:00	1.11582	1.11620	1.11582	1.11617	1227	0	2
2024.09.30	08:00:00	1.11617	1.11693	1.11613	1.11665	2016	0	2
2024.09.30	09:00:00	1.11665	1.11689	1.11560	1.11680	3153	0	2
2024.09.30	10:00:00	1.11681	1.11754	1.11593	1.11720	3648	0	2
2024.09.30	11:00:00	1.11726	1.12090	1.11726	1.12057	5398	0	2
2024.09.30	12:00:00	1.12057	1.12057	1.11884	1.11895	4311	0	2
2024.09.30	13:00:00	1.11896	1.11911	1.11831	1.11900	2906	0	2
2024.09.30	14:00:00	1.11900	1.12029	1.11888	1.11976	3146	0	2
2024.09.30	15:00:00	1.11978	1.12012	1.11862	1.11898	3365	0	2
2024.09.30	16:00:00	1.11898	1.11912	1.11666	1.11685	5727	0	2
2024.09.30	17:00:00	1.11685	1.11686	1.11409	1.11582	7088	0	2
2024.09.30	18:00:00	1.11581	1.11642	1.11349	1.11442	5292	0	2
2024.09.30	19:00:00	1.11442	1.11499	1.11398	1.11483	4038	0	2
2024.09.30	20:00:00	1.11483	1.11625	1.11480	1.11529	2814	0	2
2024.09.30	21:00:00	1.11527	1.11548	1.11137	1.11323	7965	0	2
2024.09.30	22:00:00	1.11321	1.11362	1.11214	1.11327	3399	0	2
2024.09.30	23:00:00	1.11328	1.11364	1.11302	1.11351	1223	0	2
2024.10.01	00:00:00	1.11298	1.11358	1.11272	1.11348	563	0	5
2024.10.01	01:00:00	1.11352	1.11419	1.11345	1.11413	600	0	2
2024.10.01	02:00:00	1.11414	1.11426	1.11355	1.11365	1116	0	2
2024.10.01	03:00:00	1.11365	1.11374	1.11270	1.11322	2349	0	2
2024.10.01	04:00:00	1.11323	1.11433	1.11313	1.11430	2003	0	2
2024.10.01	05:00:00	1.11431	1.11433	1.11359	1.11388	1261	0	2
2024.10.01	06:00:00	1.11389	1.11400	1.11353	1.11377	1299	0	2
2024.10.01	07:00:00	1.11377	1.11414	1.11345	1.11405	1178	0	2
2024.10.01	08:00:00	1.11405	1.11441	1.11362	1.11374	1924	0	2
2024.10.01	09:00:00	1.11374	1.11411	1.11308	1.11345	3632	0	2
2024.10.01	10:00:00	1.11343	1.11369	1.11115	1.11149	6538	0	2
2024.10.01	11:00:00	1.11150	1.11201	1.10979	1.11030	5103	0	2
2024.10.01	12:00:00	1.11030	1.11146	1.10921	1.10951	4120	0	2
2024.10.01	13:00:00	1.10950	1.10977	1.10838	1.10869	3756	0	2
2024.10.01	14:00:00	1.10869	1.11000	1.10785	1.10845	4493	0	2
2024.10.01	15:00:00	1.10845	1.10886	1.10700	1.10712	5333	0	2
2024.10.01	16:00:00	1.10712	1.10829	1.10584	1.10689	7579	0	2
2024.10.01	17:00:00	1.10717	1.10867	1.10562	1.10764	8966	0	2
2024.10.01	18:00:00	1.10765	1.10777	1.10599	1.10662	5833	0	2
2024.10.01	19:00:00	1.10662	1.10716	1.10481	1.10544	5268	0	2
2024.10.01	20:00:00	1.10543	1.10651	1.10458	1.10622	5844	0	2
2024.10.01	21:00:00	1.10622	1.10722	1.10622	1.10715	3528	0	2
2024.10.01	22:00:00	1.10716	1.10773	1.10662	1.10675	3292	0	2
2024.10.01	23:00:00	1.10676	1.10728	1.10655	1.10686	1582	0	2
2024.10.02	00:00:00	1.10652	1.10708	1.10652	1.10687	406	0	8
2024.10.02	01:00:00	1.10687	1.10707	1.10671	1.10672	610	0	2
2024.10.02	02:00:00	1.10672	1.10673	1.10634	1.10645	944	0	2
2024.10.02	03:00:00	1.10646	1.10719	1.10634	1.10655	2004	0	2
2024.10.02	04:00:00	1.10656	1.10740	1.10656	1.10722	2013	0	2
2024.10.02	05:00:00	1.10722	1.10732	1.10633	1.10665	1731	0	2
2024.10.02	06:00:00	1.10666	1.10712	1.10640	1.10708	1732	0	2
2024.10.02	07:00:00	1.10708	1.10737	1.10604	1.10630	1699	0	2
2024.10.02	08:00:00	1.10629	1.10636	1.10540	1.10622	2761	0	2
2024.10.02	09:00:00	1.10622	1.10702	1.10600	1.10664	3390	0	2
2024.10.02	10:00:00	1.10667	1.10728	1.10632	1.10665	4446	0	2
2024.10.02	11:00:00	1.10665	1.10828	1.10640	1.10724	4003	0	2
2024.10.02	12:00:00	1.10725	1.10725	1.10612	1.10714	3121	0	2
2024.10.02	13:00:00	1.10714	1.10766	1.10665	1.10666	3460	0	2
2024.10.02	14:00:00	1.10666	1.10767	1.10645	1.10755	3468	0	2
2024.10.02	15:00:00	1.10754	1.10773	1.10510	1.10533	5336	0	2
2024.10.02	16:00:00	1.10536	1.10656	1.10470	1.10512	5402	0	2
2024.10.02	17:00:00	1.10511	1.10563	1.10353	1.10362	6092	0	2
2024.10.02	18:00:00	1.10362	1.10503	1.10326	1.10494	4523	0	2
2024.10.02	19:00:00	1.10494	1.10549	1.10437	1.10466	3292	0	2
2024.10.02	20:00:00	1.10466	1.10500	1.10446	1.10470	2665	0	2
2024.10.02	21:00:00	1.10470	1.10484	1.10376	1.10383	2412	0	2
2024.10.02	22:00:00	1.10383	1.10535	1.10367	1.10488	1964	0	2
2024.10.02	23:00:00	1.10489	1.10526	1.10467	1.10479	1321	0	2
2024.10.03	00:00:00	1.10468	1.10482	1.10462	1.10478	545	0	5
2024.10.03	01:00:00	1.10479	1.10494	1.10456	1.10461	822	0	2
2024.10.03	02:00:00	1.10461	1.10478	1.10436	1.10459	924	0	2
2024.10.03	03:00:00	1.10459	1.10466	1.10371	1.10391	2166	0	2
2024.10.03	04:00:00	1.10390	1.10407	1.10351	1.10393	2081	0	2
2024.10.03	05:00:00	1.10392	1.10395	1.10352	1.10359	1540	0	2
2024.10.03	06:00:00	1.10358	1.10369	1.10319	1.10358	1350	0	2
2024.10.03	07:00:00	1.10356	1.10356	1.10322	1.10329	1185	0	2
2024.10.03	08:00:00	1.10330	1.10348	1.10248	1.10286	2898	0	2
2024.10.03	09:00:00	1.10286	1.10421	1.10264	1.10378	3779	0	2
2024.10.03	10:00:00	1.10378	1.10399	1.10275	1.10330	4849	0	2
2024.10.03	11:00:00	1.10330	1.10462	1.10294	1.10376	4470	0	2
2024.10.03	12:00:00	1.10377	1.10467	1.10346	1.10358	3614	0	2
2024.10.03	13:00:00	1.10358	1.10439	1.10342	1.10428	3090	0	2
2024.10.03	14:00:00	1.10428	1.10461	1.10380	1.10428	3600	0	2
2024.10.03	15:00:00	1.10427	1.10467	1.10281	1.10322	6287	0	2
2024.10.03	16:00:00	1.10320	1.10437	1.10283	1.10371	6035	0	2
2024.10.03	17:00:00	1.10246	1.10387	1.10082	1.10170	9854	0	2
2024.10.03	18:00:00	1.10171	1.10240	1.10120	1.10145	5737	0	2
2024.10.03	19:00:00	1.10145	1.10339	1.10140	1.10303	3690	0	2
2024.10.03	20:00:00	1.10303	1.10361	1.10301	1.10328	2984	0	2
2024.10.03	21:00:00	1.10329	1.10347	1.10256	1.10260	2601	0	2
2024.10.03	22:00:00	1.10261	1.10319	1.10249	1.10284	2078	0	2
2024.10.03	23:00:00	1.10283	1.10297	1.10260	1.10285	1105	0	2
2024.10.04	00:00:00	1.10299	1.10332	1.10290	1.10319	728	0	9
2024.10.04	01:00:00	1.10319	1.10351	1.10299	1.10343	633	0	2
2024.10.04	02:00:00	1.10343	1.10371	1.10333	1.10350	545	0	2
2024.10.04	03:00:00	1.10350	1.10395	1.10330	1.10347	1869	0	2
2024.10.04	04:00:00	1.10346	1.10361	1.10286	1.10298	2648	0	2
2024.10.04	05:00:00	1.10299	1.10345	1.10279	1.10304	2046	0	2
2024.10.04	06:00:00	1.10304	1.10314	1.10253	1.10271	1588	0	2
2024.10.04	07:00:00	1.10270	1.10300	1.10252	1.10277	1233	0	2
2024.10.04	08:00:00	1.10278	1.10352	1.10263	1.10334	1747	0	2
2024.10.04	09:00:00	1.10334	1.10347	1.10271	1.10319	2972	0	2
2024.10.04	10:00:00	1.10319	1.10356	1.10254	1.10279	4255	0	2
2024.10.04	11:00:00	1.10278	1.10301	1.10210	1.10254	3491	0	2
2024.10.04	12:00:00	1.10255	1.10281	1.10199	1.10271	3246	0	2
2024.10.04	13:00:00	1.10271	1.10336	1.10261	1.10276	2653	0	2
2024.10.04	14:00:00	1.10276	1.10367	1.10270	1.10324	2736	0	2
2024.10.04	15:00:00	1.10319	1.10331	1.09590	1.09609	8376	0	2
2024.10.04	16:00:00	1.09608	1.09790	1.09586	1.09731	7922	0	2
2024.10.04	17:00:00	1.09733	1.09817	1.09670	1.09694	6665	0	2
2024.10.04	18:00:00	1.09693	1.09741	1.09548	1.09606	5014	0	2
2024.10.04	19:00:00	1.09606	1.09620	1.09513	1.09597	3576	0	2
2024.10.04	20:00:00	1.09597	1.09694	1.09576	1.09679	2374	0	2
2024.10.04	21:00:00	1.09679	1.09739	1.09651	1.09725	1921	0	2
2024.10.04	22:00:00	1.09726	1.09778	1.09707	1.09763	1882	0	2
2024.10.04	23:00:00	1.09763	1.09776	1.09724	1.09757	1544	0	2
2024.10.07	00:00:00	1.09652	1.09710	1.09629	1.09677	743	0	36
2024.10.07	01:00:00	1.09677	1.09718	1.09632	1.09694	1603	0	2
2024.10.07	02:00:00	1.09694	1.09717	1.09678	1.09705	1438	0	2
2024.10.07	03:00:00	1.09704	1.09754	1.09681	1.09699	2325	0	2
2024.10.07	04:00:00	1.09698	1.09777	1.09695	1.09734	2872	0	2
2024.10.07	05:00:00	1.09735	1.09774	1.09713	1.09714	2131	0	2
2024.10.07	06:00:00	1.09713	1.09733	1.09697	1.09721	1613	0	2
2024.10.07	07:00:00	1.09721	1.09737	1.09683	1.09684	987	0	2
2024.10.07	08:00:00	1.09683	1.09703	1.09643	1.09693	1204	0	2
2024.10.07	09:00:00	1.09679	1.09722	1.09634	1.09713	3652	0	2
2024.10.07	10:00:00	1.09713	1.09727	1.09580	1.09694	5006	0	2
2024.10.07	11:00:00	1.09695	1.09789	1.09654	1.09701	4210	0	2
2024.10.07	12:00:00	1.09701	1.09701	1.09542	1.09587	3956	0	2
2024.10.07	13:00:00	1.09587	1.09697	1.09580	1.09651	3530	0	2
2024.10.07	14:00:00	1.09651	1.09806	1.09621	1.09767	3940	0	2
2024.10.07	15:00:00	1.09768	1.09836	1.09716	1.09772	4431	0	2
2024.10.07	16:00:00	1.09771	1.09830	1.09721	1.09797	5515	0	2
2024.10.07	17:00:00	1.09798	1.09848	1.09696	1.09747	5723	0	2
2024.10.07	18:00:00	1.09747	1.09792	1.09729	1.09759	4236	0	2
2024.10.07	19:00:00	1.09759	1.09847	1.09753	1.09838	2801	0	2
2024.10.07	20:00:00	1.09836	1.09869	1.09811	1.09822	2132	0	2
2024.10.07	21:00:00	1.09822	1.09823	1.09681	1.09690	2586	0	2
2024.10.07	22:00:00	1.09689	1.09727	1.09657	1.09724	2973	0	2
2024.10.07	23:00:00	1.09724	1.09747	1.09710	1.09740	1277	0	2
2024.10.08	00:00:00	1.09740	1.09755	1.09700	1.09737	1110	0	10
2024.10.08	01:00:00	1.09737	1.09788	1.09728	1.09778	676	0	2
2024.10.08	02:00:00	1.09784	1.09792	1.09742	1.09743	1012	0	2
2024.10.08	03:00:00	1.09743	1.09839	1.09736	1.09817	2069	0	2
2024.10.08	04:00:00	1.09817	1.09849	1.09805	1.09837	2917	0	2
2024.10.08	05:00:00	1.09837	1.09846	1.09726	1.09817	4007	0	2
2024.10.08	06:00:00	1.09816	1.09868	1.09816	1.09832	2201	0	2
2024.10.08	07:00:00	1.09832	1.09868	1.09832	1.09854	1287	0	2
2024.10.08	08:00:00	1.09854	1.09870	1.09814	1.09832	2320	0	2
2024.10.08	09:00:00	1.09832	1.09888	1.09813	1.09836	3089	0	2
2024.10.08	10:00:00	1.09836	1.09956	1.09784	1.09953	5015	0	2
2024.10.08	11:00:00	1.09954	1.09971	1.09830	1.09938	3579	0	2
2024.10.08	12:00:00	1.09938	1.09947	1.09855	1.09874	3103	0	2
2024.10.08	13:00:00	1.09874	1.09919	1.09821	1.09852	2910	0	2
2024.10.08	14:00:00	1.09852	1.09896	1.09785	1.09876	2852	0	2
2024.10.08	15:00:00	1.09874	1.09897	1.09715	1.09759	3913	0	2
2024.10.08	16:00:00	1.09759	1.09839	1.09745	1.09778	5124	0	2
2024.10.08	17:00:00	1.09779	1.09803	1.09664	1.09709	4800	0	2
2024.10.08	18:00:00	1.09708	1.09722	1.09608	1.09698	3798	0	2
2024.10.08	19:00:00	1.09698	1.09779	1.09686	1.09756	2680	0	2
2024.10.08	20:00:00	1.09757	1.09757	1.09657	1.09745	3063	0	2
2024.10.08	21:00:00	1.09745	1.09764	1.09686	1.09723	2037	0	2
2024.10.08	22:00:00	1.09722	1.09781	1.09695	1.09778	2187	0	2
2024.10.08	23:00:00	1.09777	1.09801	1.09766	1.09800	1157	0	2
2024.10.09	00:00:00	1.09714	1.09792	1.09706	1.09787	667	0	8
2024.10.09	01:00:00	1.09787	1.09808	1.09782	1.09807	579	0	2
2024.10.09	02:00:00	1.09807	1.09810	1.09750	1.09754	843	0	2
2024.10.09	03:00:00	1.09754	1.09786	1.09737	1.09754	1453	0	2
2024.10.09	04:00:00	1.09754	1.09772	1.09686	1.09737	3065	0	2
2024.10.09	05:00:00	1.09737	1.09740	1.09686	1.09706	2302	0	2
2024.10.09	06:00:00	1.09705	1.09712	1.09667	1.09677	2036	0	2
2024.10.09	07:00:00	1.09677	1.09684	1.09620	1.09631	1343	0	2
2024.10.09	08:00:00	1.09632	1.09760	1.09632	1.09731	4412	0	2
2024.10.09	09:00:00	1.09731	1.09731	1.09623	1.09629	3191	0	2
2024.10.09	10:00:00	1.09628	1.09670	1.09510	1.09603	4400	0	2
2024.10.09	11:00:00	1.09604	1.09643	1.09531	1.09577	3194	0	2
2024.10.09	12:00:00	1.09578	1.09678	1.09569	1.09666	2839	0	2
2024.10.09	13:00:00	1.09666	1.09707	1.09633	1.09656	2358	0	2
2024.10.09	14:00:00	1.09655	1.09668	1.09539	1.09540	2447	0	2
2024.10.09	15:00:00	1.09539	1.09592	1.09526	1.09567	3392	0	2
2024.10.09	16:00:00	1.09567	1.09584	1.09462	1.09532	4092	0	2
2024.10.09	17:00:00	1.09532	1.09598	1.09394	1.09479	4676	0	2
2024.10.09	18:00:00	1.09479	1.09562	1.09468	1.09507	3691	0	2
2024.10.09	19:00:00	1.09506	1.09506	1.09401	1.09415	2617	0	2
2024.10.09	20:00:00	1.09414	1.09423	1.09369	1.09392	2478	0	2
2024.10.09	21:00:00	1.09392	1.09426	1.09362	1.09365	2411	0	2
2024.10.09	22:00:00	1.09365	1.09415	1.09365	1.09385	1695	0	2
2024.10.09	23:00:00	1.09385	1.09409	1.09366	1.09400	874	0	2
2024.10.10	00:00:00	1.09379	1.09420	1.09377	1.09409	930	0	6
2024.10.10	01:00:00	1.09416	1.09428	1.09379	1.09407	802	0	2
2024.10.10	02:00:00	1.09407	1.09423	1.09389	1.09415	706	0	2
2024.10.10	03:00:00	1.09414	1.09429	1.09392	1.09405	1837	0	2
2024.10.10	04:00:00	1.09404	1.09460	1.09398	1.09429	2463	0	2
2024.10.10	05:00:00	1.09429	1.09454	1.09389	1.09419	2084	0	2
2024.10.10	06:00:00	1.09419	1.09459	1.09414	1.09435	1276	0	2
2024.10.10	07:00:00	1.09435	1.09446	1.09383	1.09409	1016	0	2
2024.10.10	08:00:00	1.09410	1.09424	1.09369	1.09390	1648	0	2
2024.10.10	09:00:00	1.09390	1.09432	1.09364	1.09368	2587	0	2
2024.10.10	10:00:00	1.09368	1.09431	1.09331	1.09375	3444	0	2
2024.10.10	11:00:00	1.09378	1.09392	1.09282	1.09330	2937	0	2
2024.10.10	12:00:00	1.09330	1.09339	1.09278	1.09335	2136	0	2
2024.10.10	13:00:00	1.09335	1.09397	1.09308	1.09391	2138	0	2
2024.10.10	14:00:00	1.09391	1.09395	1.09271	1.09309	2885	0	2
2024.10.10	15:00:00	1.09310	1.09548	1.09070	1.09440	8726	0	2
2024.10.10	16:00:00	1.09439	1.09497	1.09343	1.09373	8244	0	2
2024.10.10	17:00:00	1.09373	1.09422	1.09136	1.09223	7254	0	2
2024.10.10	18:00:00	1.09223	1.09298	1.09164	1.09248	4717	0	2
2024.10.10	19:00:00	1.09248	1.09282	1.09030	1.09060	4185	0	2
2024.10.10	20:00:00	1.09061	1.09206	1.09000	1.09190	4422	0	2
2024.10.10	21:00:00	1.09191	1.09268	1.09181	1.09220	2662	0	2
2024.10.10	22:00:00	1.09219	1.09346	1.09210	1.09343	2347	0	2
2024.10.10	23:00:00	1.09343	1.09376	1.09338	1.09364	936	0	2
2024.10.11	00:00:00	1.09327	1.09370	1.09302	1.09352	517	0	6
2024.10.11	01:00:00	1.09352	1.09361	1.09329	1.09340	667	0	2
2024.10.11	02:00:00	1.09340	1.09344	1.09324	1.09335	689	0	2
2024.10.11	03:00:00	1.09334	1.09379	1.09320	1.09373	1599	0	2
2024.10.11	04:00:00	1.09374	1.09379	1.09294	1.09319	1903	0	2
2024.10.11	05:00:00	1.09318	1.09377	1.09309	1.09368	1208	0	2
2024.10.11	06:00:00	1.09368	1.09407	1.09362	1.09395	1126	0	2
2024.10.11	07:00:00	1.09396	1.09407	1.09352	1.09356	955	0	2
2024.10.11	08:00:00	1.09356	1.09378	1.09325	1.09354	860	0	2
2024.10.11	09:00:00	1.09351	1.09406	1.09324	1.09401	2465	0	2
2024.10.11	10:00:00	1.09400	1.09454	1.09322	1.09445	2869	0	2
2024.10.11	11:00:00	1.09446	1.09538	1.09416	1.09495	2397	0	2
2024.10.11	12:00:00	1.09494	1.09510	1.09380	1.09388	2196	0	2
2024.10.11	13:00:00	1.09387	1.09394	1.09309	1.09351	2174	0	2
2024.10.11	14:00:00	1.09351	1.09361	1.09273	1.09308	2318	0	2
2024.10.11	15:00:00	1.09308	1.09506	1.09260	1.09331	5332	0	2
2024.10.11	16:00:00	1.09329	1.09404	1.09280	1.09376	4646	0	2
2024.10.11	17:00:00	1.09376	1.09492	1.09337	1.09428	5447	0	2
2024.10.11	18:00:00	1.09427	1.09524	1.09411	1.09413	3201	0	2
2024.10.11	19:00:00	1.09413	1.09474	1.09402	1.09448	1807	0	2
2024.10.11	20:00:00	1.09449	1.09474	1.09426	1.09433	1773	0	2
2024.10.11	21:00:00	1.09432	1.09461	1.09387	1.09390	1300	0	2
2024.10.11	22:00:00	1.09391	1.09394	1.09331	1.09332	1235	0	2
2024.10.11	23:00:00	1.09331	1.09382	1.09324	1.09354	940	0	2
2024.10.14	00:00:00	1.09301	1.09319	1.09301	1.09309	404	0	38
2024.10.14	01:00:00	1.09309	1.09336	1.09269	1.09271	937	0	2
2024.10.14	02:00:00	1.09271	1.09284	1.09221	1.09230	901	0	2
2024.10.14	03:00:00	1.09230	1.09244	1.09153	1.09215	1754	0	2
2024.10.14	04:00:00	1.09214	1.09254	1.09179	1.09233	2340	0	2
2024.10.14	05:00:00	1.09233	1.09268	1.09183	1.09247	1961	0	2
2024.10.14	06:00:00	1.09247	1.09292	1.09234	1.09256	1163	0	2
2024.10.14	07:00:00	1.09256	1.09258	1.09233	1.09237	426	0	2
2024.10.14	08:00:00	1.09238	1.09264	1.09223	1.09260	1063	0	2
2024.10.14	09:00:00	1.09260	1.09304	1.09248	1.09251	1958	0	2
2024.10.14	10:00:00	1.09250	1.09312	1.09239	1.09283	2874	0	2
2024.10.14	11:00:00	1.09282	1.09316	1.09236	1.09270	2937	0	2
2024.10.14	12:00:00	1.09270	1.09367	1.09267	1.09289	1879	0	2
2024.10.14	13:00:00	1.09289	1.09301	1.09220	1.09227	2015	0	2
2024.10.14	14:00:00	1.09227	1.09246	1.09092	1.09127	2542	0	2
2024.10.14	15:00:00	1.09126	1.09168	1.09072	1.09094	3390	0	2
2024.10.14	16:00:00	1.09094	1.09273	1.09046	1.09191	4393	0	2
2024.10.14	17:00:00	1.09190	1.09190	1.09049	1.09149	4800	0	2
2024.10.14	18:00:00	1.09149	1.09164	1.09047	1.09068	2640	0	2
2024.10.14	19:00:00	1.09068	1.09085	1.09007	1.09016	1662	0	2
2024.10.14	20:00:00	1.09015	1.09043	1.08973	1.09040	1290	0	2
2024.10.14	21:00:00	1.09041	1.09050	1.08950	1.08971	1194	0	2
2024.10.14	22:00:00	1.08972	1.09060	1.08880	1.09038	2614	0	2
2024.10.14	23:00:00	1.09037	1.09089	1.09028	1.09084	753	0	2
2024.10.15	00:00:00	1.09057	1.09084	1.09054	1.09081	309	0	10
2024.10.15	01:00:00	1.09081	1.09096	1.09048	1.09085	553	0	2
2024.10.15	02:00:00	1.09085	1.09105	1.09066	1.09088	815	0	2
2024.10.15	03:00:00	1.09088	1.09098	1.09040	1.09073	1878	0	2
2024.10.15	04:00:00	1.09071	1.09087	1.09048	1.09071	1406	0	2
2024.10.15	05:00:00	1.09072	1.09088	1.09003	1.09020	1753	0	2
2024.10.15	06:00:00	1.09020	1.09029	1.08956	1.08965	1424	0	2
2024.10.15	07:00:00	1.08964	1.08964	1.08916	1.08929	1222	0	2
2024.10.15	08:00:00	1.08930	1.08930	1.08881	1.08916	1879	0	2
2024.10.15	09:00:00	1.08916	1.08958	1.08849	1.08926	3216	0	2
2024.10.15	10:00:00	1.08925	1.08987	1.08848	1.08986	3930	0	2
2024.10.15	11:00:00	1.08986	1.09162	1.08970	1.09104	3160	0	2
2024.10.15	12:00:00	1.09105	1.09146	1.09060	1.09137	3055	0	2
2024.10.15	13:00:00	1.09137	1.09151	1.09026	1.09026	2689	0	2
2024.10.15	14:00:00	1.09026	1.09091	1.08971	1.09010	3043	0	2
2024.10.15	15:00:00	1.09011	1.09126	1.08994	1.09100	4221	0	2
2024.10.15	16:00:00	1.09100	1.09168	1.09084	1.09097	4772	0	2
2024.10.15	17:00:00	1.09097	1.09117	1.08988	1.09025	5138	0	2
2024.10.15	18:00:00	1.09027	1.09072	1.08984	1.08989	3888	0	2
2024.10.15	19:00:00	1.08989	1.09024	1.08893	1.08894	2337	0	2
2024.10.15	20:00:00	1.08894	1.08903	1.08818	1.08850	2342	0	2
2024.10.15	21:00:00	1.08851	1.08904	1.08839	1.08872	2197	0	2
2024.10.15	22:00:00	1.08871	1.08900	1.08858	1.08867	2839	0	2
2024.10.15	23:00:00	1.08867	1.08920	1.08856	1.08920	991	0	2
2024.10.16	00:00:00	1.08900	1.08924	1.08899	1.08922	198	0	6
2024.10.16	01:00:00	1.08922	1.08933	1.08877	1.08895	530	0	2
2024.10.16	02:00:00	1.08895	1.08902	1.08830	1.08832	937	0	2
2024.10.16	03:00:00	1.08831	1.08868	1.08821	1.08854	1690	0	2
2024.10.16	04:00:00	1.08855	1.08921	1.08842	1.08918	2393	0	2
2024.10.16	05:00:00	1.08919	1.08933	1.08885	1.08927	1588	0	2
2024.10.16	06:00:00	1.08927	1.08957	1.08906	1.08909	1538	0	2
2024.10.16	07:00:00	1.08908	1.08931	1.08876	1.08893	857	0	2
2024.10.16	08:00:00	1.08893	1.08902	1.08865	1.08879	1444	0	2
2024.10.16	09:00:00	1.08879	1.08893	1.08761	1.08777	4533	0	2
2024.10.16	10:00:00	1.08778	1.08854	1.08751	1.08821	3815	0	2
2024.10.16	11:00:00	1.08821	1.08844	1.08777	1.08832	3240	0	2
2024.10.16	12:00:00	1.08832	1.08972	1.08824	1.08946	3228	0	2
2024.10.16	13:00:00	1.08947	1.08954	1.08893	1.08900	2122	0	2
2024.10.16	14:00:00	1.08900	1.08957	1.08868	1.08944	2650	0	2
2024.10.16	15:00:00	1.08944	1.09015	1.08863	1.08888	3323	0	2
2024.10.16	16:00:00	1.08888	1.08974	1.08850	1.08900	4147	0	2
2024.10.16	17:00:00	1.08901	1.08907	1.08713	1.08797	4601	0	2
2024.10.16	18:00:00	1.08797	1.08800	1.08660	1.08723	3509	0	2
2024.10.16	19:00:00	1.08723	1.08766	1.08668	1.08682	2206	0	2
2024.10.16	20:00:00	1.08682	1.08684	1.08615	1.08621	1935	0	2
2024.10.16	21:00:00	1.08621	1.08629	1.08552	1.08557	2030	0	2
2024.10.16	22:00:00	1.08556	1.08603	1.08531	1.08577	1869	0	2
2024.10.16	23:00:00	1.08577	1.08627	1.08572	1.08622	1081	0	2
2024.10.17	00:00:00	1.08588	1.08699	1.08573	1.08622	1123	0	5
2024.10.17	01:00:00	1.08622	1.08639	1.08574	1.08586	638	0	2
2024.10.17	02:00:00	1.08586	1.08596	1.08563	1.08588	852	0	2
2024.10.17	03:00:00	1.08588	1.08642	1.08577	1.08632	2095	0	2
2024.10.17	04:00:00	1.08632	1.08638	1.08591	1.08625	2552	0	2
2024.10.17	05:00:00	1.08625	1.08650	1.08590	1.08618	2182	0	2
2024.10.17	06:00:00	1.08618	1.08621	1.08512	1.08530	1329	0	2
2024.10.17	07:00:00	1.08529	1.08555	1.08523	1.08532	932	0	2
2024.10.17	08:00:00	1.08532	1.08555	1.08524	1.08544	1687	0	2
2024.10.17	09:00:00	1.08544	1.08583	1.08497	1.08507	2328	0	2
2024.10.17	10:00:00	1.08507	1.08577	1.08489	1.08546	3314	0	2
2024.10.17	11:00:00	1.08546	1.08568	1.08490	1.08517	2773	0	2
2024.10.17	12:00:00	1.08517	1.08640	1.08502	1.08587	2536	0	2
2024.10.17	13:00:00	1.08587	1.08650	1.08581	1.08642	2442	0	2
2024.10.17	14:00:00	1.08642	1.08674	1.08630	1.08631	2268	0	2
2024.10.17	15:00:00	1.08631	1.08736	1.08333	1.08428	7042	0	2
2024.10.17	16:00:00	1.08429	1.08446	1.08109	1.08331	7360	0	2
2024.10.17	17:00:00	1.08332	1.08350	1.08140	1.08286	6338	0	2
2024.10.17	18:00:00	1.08286	1.08408	1.08244	1.08365	4265	0	2
2024.10.17	19:00:00	1.08365	1.08370	1.08223	1.08248	2701	0	2
2024.10.17	20:00:00	1.08248	1.08282	1.08209	1.08256	1661	0	2
2024.10.17	21:00:00	1.08256	1.08320	1.08244	1.08249	2017	0	2
2024.10.17	22:00:00	1.08248	1.08286	1.08234	1.08279	1825	0	2
2024.10.17	23:00:00	1.08278	1.08309	1.08268	1.08305	1003	0	2
2024.10.18	00:00:00	1.08265	1.08321	1.08261	1.08321	500	0	10
2024.10.18	01:00:00	1.08321	1.08332	1.08289	1.08289	597	0	2
2024.10.18	02:00:00	1.08290	1.08301	1.08253	1.08290	626	0	2
2024.10.18	03:00:00	1.08291	1.08323	1.08274	1.08290	2208	0	2
2024.10.18	04:00:00	1.08289	1.08363	1.08274	1.08351	2462	0	2
2024.10.18	05:00:00	1.08352	1.08397	1.08332	1.08389	1840	0	2
2024.10.18	06:00:00	1.08388	1.08397	1.08370	1.08386	1721	0	2
2024.10.18	07:00:00	1.08387	1.08406	1.08382	1.08405	953	0	2
2024.10.18	08:00:00	1.08405	1.08440	1.08384	1.08433	1771	0	2
2024.10.18	09:00:00	1.08422	1.08487	1.08381	1.08443	3359	0	2
2024.10.18	10:00:00	1.08442	1.08442	1.08369	1.08409	3374	0	2
2024.10.18	11:00:00	1.08410	1.08468	1.08345	1.08379	2841	0	2
2024.10.18	12:00:00	1.08378	1.08456	1.08341	1.08443	2767	0	2
2024.10.18	13:00:00	1.08443	1.08489	1.08380	1.08451	2425	0	2
2024.10.18	14:00:00	1.08451	1.08519	1.08418	1.08482	2561	0	2
2024.10.18	15:00:00	1.08483	1.08601	1.08465	1.08593	3535	0	2
2024.10.18	16:00:00	1.08593	1.08633	1.08511	1.08568	3596	0	2
2024.10.18	17:00:00	1.08569	1.08645	1.08549	1.08571	3845	0	2
2024.10.18	18:00:00	1.08571	1.08602	1.08530	1.08534	2894	0	2
2024.10.18	19:00:00	1.08534	1.08682	1.08528	1.08666	2065	0	2
2024.10.18	20:00:00	1.08666	1.08666	1.08590	1.08619	1918	0	2
2024.10.18	21:00:00	1.08618	1.08679	1.08615	1.08654	1897	0	2
2024.10.18	22:00:00	1.08654	1.08659	1.08622	1.08638	2412	0	2
2024.10.18	23:00:00	1.08637	1.08696	1.08629	1.08674	1140	0	2
2024.10.21	00:00:00	1.08602	1.08653	1.08596	1.08650	281	0	35
2024.10.21	01:00:00	1.08650	1.08719	1.08650	1.08691	900	0	2
2024.10.21	02:00:00	1.08691	1.08698	1.08653	1.08682	1218	0	2
2024.10.21	03:00:00	1.08681	1.08689	1.08639	1.08648	1950	0	2
2024.10.21	04:00:00	1.08648	1.08682	1.08636	1.08651	2570	0	2
2024.10.21	05:00:00	1.08652	1.08673	1.08640	1.08645	2188	0	2
2024.10.21	06:00:00	1.08644	1.08679	1.08642	1.08662	1635	0	2
2024.10.21	07:00:00	1.08661	1.08663	1.08583	1.08586	1333	0	2
2024.10.21	08:00:00	1.08586	1.08635	1.08586	1.08598	1775	0	2
2024.10.21	09:00:00	1.08598	1.08598	1.08495	1.08522	2532	0	2
2024.10.21	10:00:00	1.08523	1.08571	1.08462	1.08480	2837	0	2
2024.10.21	11:00:00	1.08481	1.08579	1.08481	1.08552	2419	0	2
2024.10.21	12:00:00	1.08552	1.08583	1.08464	1.08466	2276	0	2
2024.10.21	13:00:00	1.08465	1.08494	1.08445	1.08474	2258	0	2
2024.10.21	14:00:00	1.08474	1.08563	1.08466	1.08557	2196	0	2
2024.10.21	15:00:00	1.08556	1.08590	1.08511	1.08574	3201	0	2
2024.10.21	16:00:00	1.08574	1.08580	1.08438	1.08474	3381	0	2
2024.10.21	17:00:00	1.08474	1.08487	1.08331	1.08348	3770	0	2
2024.10.21	18:00:00	1.08348	1.08350	1.08198	1.08200	3536	0	2
2024.10.21	19:00:00	1.08200	1.08228	1.08170	1.08185	2367	0	2
2024.10.21	20:00:00	1.08185	1.08230	1.08154	1.08161	2197	0	2
2024.10.21	21:00:00	1.08160	1.08172	1.08109	1.08112	2172	0	2
2024.10.21	22:00:00	1.08115	1.08153	1.08111	1.08153	1688	0	2
2024.10.21	23:00:00	1.08152	1.08167	1.08123	1.08131	1455	0	2
2024.10.22	00:00:00	1.08154	1.08172	1.08133	1.08154	629	0	7
2024.10.22	01:00:00	1.08154	1.08177	1.08151	1.08155	867	0	2
2024.10.22	02:00:00	1.08155	1.08166	1.08140	1.08155	1094	0	2
2024.10.22	03:00:00	1.08153	1.08183	1.08142	1.08162	1971	0	2
2024.10.22	04:00:00	1.08162	1.08208	1.08160	1.08190	2391	0	2
2024.10.22	05:00:00	1.08189	1.08214	1.08150	1.08156	1921	0	2
2024.10.22	06:00:00	1.08156	1.08192	1.08150	1.08192	1578	0	2
2024.10.22	07:00:00	1.08192	1.08209	1.08181	1.08204	1459	0	2
2024.10.22	08:00:00	1.08203	1.08236	1.08192	1.08192	1942	0	2
2024.10.22	09:00:00	1.08192	1.08288	1.08180	1.08255	2602	0	2
2024.10.22	10:00:00	1.08255	1.08380	1.08207	1.08365	3454	0	2
2024.10.22	11:00:00	1.08364	1.08370	1.08258	1.08269	2682	0	2
2024.10.22	12:00:00	1.08269	1.08306	1.08145	1.08158	2720	0	2
2024.10.22	13:00:00	1.08157	1.08293	1.08143	1.08286	2824	0	2
2024.10.22	14:00:00	1.08286	1.08290	1.08149	1.08176	2598	0	2
2024.10.22	15:00:00	1.08175	1.08216	1.08111	1.08117	3542	0	2
2024.10.22	16:00:00	1.08117	1.08184	1.08013	1.08072	5325	0	2
2024.10.22	17:00:00	1.08072	1.08133	1.08009	1.08096	4669	0	2
2024.10.22	18:00:00	1.08096	1.08154	1.08040	1.08046	3253	0	2
2024.10.22	19:00:00	1.08046	1.08143	1.08031	1.08076	2236	0	2
2024.10.22	20:00:00	1.08076	1.08088	1.08013	1.08028	2268	0	2
2024.10.22	21:00:00	1.08027	1.08040	1.07997	1.07998	1288	0	2
2024.10.22	22:00:00	1.07997	1.08018	1.07939	1.07948	1948	0	2
2024.10.22	23:00:00	1.07947	1.07989	1.07926	1.07983	1176	0	2
2024.10.23	00:00:00	1.07964	1.07987	1.07955	1.07985	409	0	10
2024.10.23	01:00:00	1.07979	1.08002	1.07968	1.07984	537	0	2
2024.10.23	02:00:00	1.07984	1.07985	1.07962	1.07963	578	0	2
2024.10.23	03:00:00	1.07963	1.08007	1.07921	1.07951	1716	0	2
2024.10.23	04:00:00	1.07952	1.07984	1.07936	1.07949	2449	0	2
2024.10.23	05:00:00	1.07947	1.08053	1.07947	1.08045	2183	0	2
2024.10.23	06:00:00	1.08045	1.08053	1.07986	1.08023	1716	0	2
2024.10.23	07:00:00	1.08022	1.08028	1.07994	1.08021	1713	0	2
2024.10.23	08:00:00	1.08022	1.08067	1.08021	1.08066	2226	0	2
2024.10.23	09:00:00	1.08067	1.08067	1.07924	1.07925	2857	0	2
2024.10.23	10:00:00	1.07925	1.07925	1.07806	1.07817	3843	0	2
2024.10.23	11:00:00	1.07816	1.07915	1.07792	1.07881	3125	0	2
2024.10.23	12:00:00	1.07881	1.07893	1.07813	1.07823	2873	0	2
2024.10.23	13:00:00	1.07822	1.07833	1.07773	1.07775	2524	0	2
2024.10.23	14:00:00	1.07775	1.07799	1.07630	1.07631	3037	0	2
2024.10.23	15:00:00	1.07631	1.07749	1.07612	1.07742	4139	0	2
2024.10.23	16:00:00	1.07743	1.07831	1.07694	1.07751	3997	0	2
2024.10.23	17:00:00	1.07750	1.07824	1.07708	1.07745	4630	0	2
2024.10.23	18:00:00	1.07745	1.07862	1.07740	1.07788	3433	0	2
2024.10.23	19:00:00	1.07788	1.07790	1.07706	1.07731	2812	0	2
2024.10.23	20:00:00	1.07729	1.07747	1.07671	1.07687	2677	0	2
2024.10.23	21:00:00	1.07684	1.07824	1.07683	1.07805	2879	0	2
2024.10.23	22:00:00	1.07805	1.07865	1.07799	1.07857	2103	0	2
2024.10.23	23:00:00	1.07858	1.07863	1.07821	1.07837	1377	0	2
2024.10.24	00:00:00	1.07822	1.07839	1.07818	1.07825	214	0	6
2024.10.24	01:00:00	1.07825	1.07833	1.07801	1.07821	568	0	2
2024.10.24	02:00:00	1.07821	1.07847	1.07792	1.07805	856	0	2
2024.10.24	03:00:00	1.07805	1.07899	1.07797	1.07887	2781	0	2
2024.10.24	04:00:00	1.07887	1.07892	1.07819	1.07830	2526	0	2
2024.10.24	05:00:00	1.07831	1.07889	1.07812	1.07875	1840	0	2
2024.10.24	06:00:00	1.07876	1.07890	1.07850	1.07870	1097	0	2
2024.10.24	07:00:00	1.07869	1.07936	1.07868	1.07930	1324	0	2
2024.10.24	08:00:00	1.07931	1.07932	1.07884	1.07887	1954	0	2
2024.10.24	09:00:00	1.07886	1.07907	1.07816	1.07834	3324	0	2
2024.10.24	10:00:00	1.07833	1.07987	1.07705	1.07956	5673	0	2
2024.10.24	11:00:00	1.07954	1.08081	1.07954	1.08032	4665	0	2
2024.10.24	12:00:00	1.08031	1.08052	1.07954	1.07969	2829	0	2
2024.10.24	13:00:00	1.07969	1.08042	1.07960	1.07989	2362	0	2
2024.10.24	14:00:00	1.07989	1.08029	1.07919	1.07952	2836	0	2
2024.10.24	15:00:00	1.07952	1.08040	1.07884	1.07965	5400	0	2
2024.10.24	16:00:00	1.07966	1.08111	1.07949	1.08001	5212	0	2
2024.10.24	17:00:00	1.08003	1.08108	1.07969	1.07979	5282	0	2
2024.10.24	18:00:00	1.07979	1.08055	1.07964	1.08049	3391	0	2
2024.10.24	19:00:00	1.08049	1.08110	1.08026	1.08108	2740	0	2
2024.10.24	20:00:00	1.08107	1.08244	1.08105	1.08206	2323	0	2
2024.10.24	21:00:00	1.08206	1.08259	1.08177	1.08228	2180	0	2
2024.10.24	22:00:00	1.08227	1.08290	1.08210	1.08289	1844	0	2
2024.10.24	23:00:00	1.08289	1.08298	1.08270	1.08281	1175	0	2
2024.10.25	00:00:00	1.08258	1.08283	1.08255	1.08281	371	0	5
2024.10.25	01:00:00	1.08281	1.08286	1.08241	1.08243	531	0	2
2024.10.25	02:00:00	1.08243	1.08246	1.08226	1.08238	827	0	2
2024.10.25	03:00:00	1.08238	1.08250	1.08199	1.08216	2052	0	2
2024.10.25	04:00:00	1.08217	1.08248	1.08200	1.08235	1991	0	2
2024.10.25	05:00:00	1.08235	1.08275	1.08227	1.08260	1613	0	2
2024.10.25	06:00:00	1.08259	1.08259	1.08201	1.08217	1328	0	2
2024.10.25	07:00:00	1.08217	1.08231	1.08204	1.08220	1480	0	2
2024.10.25	08:00:00	1.08220	1.08255	1.08208	1.08216	1768	0	2
2024.10.25	09:00:00	1.08216	1.08226	1.08144	1.08157	2437	0	2
2024.10.25	10:00:00	1.08157	1.08272	1.08136	1.08242	3333	0	2
2024.10.25	11:00:00	1.08241	1.08372	1.08215	1.08238	3675	0	2
2024.10.25	12:00:00	1.08238	1.08272	1.08220	1.08226	2304	0	2
2024.10.25	13:00:00	1.08225	1.08276	1.08223	1.08242	1849	0	2
2024.10.25	14:00:00	1.08242	1.08290	1.08213	1.08214	2372	0	2
2024.10.25	15:00:00	1.08213	1.08393	1.08209	1.08385	3538	0	2
2024.10.25	16:00:00	1.08384	1.08386	1.08255	1.08342	3760	0	2
2024.10.25	17:00:00	1.08342	1.08375	1.08267	1.08308	4696	0	2
2024.10.25	18:00:00	1.08307	1.08348	1.08107	1.08121	3622	0	2
2024.10.25	19:00:00	1.08121	1.08121	1.08024	1.08051	2499	0	2
2024.10.25	20:00:00	1.08051	1.08066	1.08020	1.08032	1953	0	2
2024.10.25	21:00:00	1.08032	1.08046	1.07988	1.08029	2111	0	2
2024.10.25	22:00:00	1.08028	1.08029	1.07929	1.07957	2313	0	2
2024.10.25	23:00:00	1.07957	1.07973	1.07946	1.07954	1145	0	2
2024.10.28	00:00:00	1.07913	1.07942	1.07869	1.07932	700	0	32
2024.10.28	01:00:00	1.07932	1.07983	1.07864	1.07958	1828	0	2
2024.10.28	02:00:00	1.07958	1.08016	1.07940	1.07960	1555	0	2
2024.10.28	03:00:00	1.07960	1.08013	1.07939	1.07942	2739	0	2
2024.10.28	04:00:00	1.07942	1.07960	1.07902	1.07911	2999	0	2
2024.10.28	05:00:00	1.07910	1.07957	1.07857	1.07884	2102	0	2
2024.10.28	06:00:00	1.07884	1.07898	1.07821	1.07829	1495	0	2
2024.10.28	07:00:00	1.07829	1.07891	1.07827	1.07877	1537	0	2
2024.10.28	08:00:00	1.07877	1.07884	1.07820	1.07878	1724	0	2
2024.10.28	09:00:00	1.07877	1.07966	1.07862	1.07940	2268	0	2
2024.10.28	10:00:00	1.07941	1.08055	1.07931	1.08040	2642	0	2
2024.10.28	11:00:00	1.08040	1.08214	1.08009	1.08192	3997	0	2
2024.10.28	12:00:00	1.08191	1.08200	1.08084	1.08131	3088	0	2
2024.10.28	13:00:00	1.08131	1.08195	1.08109	1.08166	3181	0	2
2024.10.28	14:00:00	1.08166	1.08199	1.08151	1.08195	2132	0	2
2024.10.28	15:00:00	1.08194	1.08261	1.08131	1.08154	3327	0	2
2024.10.28	16:00:00	1.08154	1.08225	1.08140	1.08203	3830	0	2
2024.10.28	17:00:00	1.08204	1.08276	1.08151	1.08242	3596	0	2
2024.10.28	18:00:00	1.08241	1.08252	1.08135	1.08187	3865	0	2
2024.10.28	19:00:00	1.08187	1.08262	1.08145	1.08154	2844	0	2
2024.10.28	20:00:00	1.08154	1.08180	1.08130	1.08136	2210	0	2
2024.10.28	21:00:00	1.08135	1.08149	1.08098	1.08119	2094	0	2
2024.10.28	22:00:00	1.08117	1.08190	1.08111	1.08152	2035	0	2
2024.10.28	23:00:00	1.08153	1.08175	1.08126	1.08127	886	0	2
2024.10.29	00:00:00	1.08138	1.08140	1.08111	1.08138	414	0	14
2024.10.29	01:00:00	1.08138	1.08150	1.08111	1.08125	568	0	2
2024.10.29	02:00:00	1.08125	1.08176	1.08107	1.08176	596	0	2
2024.10.29	03:00:00	1.08175	1.08194	1.08129	1.08158	1869	0	2
2024.10.29	04:00:00	1.08157	1.08170	1.08116	1.08158	2424	0	2
2024.10.29	05:00:00	1.08158	1.08181	1.08114	1.08123	1997	0	2
2024.10.29	06:00:00	1.08121	1.08135	1.08061	1.08080	1666	0	2
2024.10.29	07:00:00	1.08080	1.08090	1.08066	1.08088	1180	0	2
2024.10.29	08:00:00	1.08089	1.08134	1.08086	1.08111	1478	0	2
2024.10.29	09:00:00	1.08111	1.08139	1.08066	1.08114	1707	0	2
2024.10.29	10:00:00	1.08114	1.08161	1.08055	1.08094	2476	0	2
2024.10.29	11:00:00	1.08094	1.08204	1.08094	1.08185	4198	0	2
2024.10.29	12:00:00	1.08184	1.08262	1.08130	1.08178	3135	0	2
2024.10.29	13:00:00	1.08178	1.08208	1.08033	1.08055	3313	0	2
2024.10.29	14:00:00	1.08055	1.08058	1.07966	1.07991	3369	0	2
2024.10.29	15:00:00	1.07992	1.07995	1.07720	1.07774	4632	0	2
2024.10.29	16:00:00	1.07774	1.07910	1.07688	1.07876	5380	0	2
2024.10.29	17:00:00	1.07876	1.08121	1.07876	1.08004	7968	0	2
2024.10.29	18:00:00	1.08005	1.08012	1.07851	1.07976	5768	0	2
2024.10.29	19:00:00	1.07976	1.08076	1.07922	1.07990	3836	0	2
2024.10.29	20:00:00	1.07988	1.08111	1.07980	1.08056	3845	0	2
2024.10.29	21:00:00	1.08056	1.08163	1.08030	1.08133	2557	0	2
2024.10.29	22:00:00	1.08134	1.08153	1.08107	1.08139	2402	0	2
2024.10.29	23:00:00	1.08139	1.08182	1.08129	1.08174	1215	0	2
2024.10.30	00:00:00	1.08135	1.08162	1.08129	1.08147	482	0	12
2024.10.30	01:00:00	1.08147	1.08216	1.08147	1.08200	636	0	2
2024.10.30	02:00:00	1.08200	1.08219	1.08179	1.08198	1033	0	2
2024.10.30	03:00:00	1.08197	1.08261	1.08195	1.08218	1899	0	2
2024.10.30	04:00:00	1.08218	1.08258	1.08200	1.08215	2491	0	2
2024.10.30	05:00:00	1.08213	1.08215	1.08172	1.08181	2186	0	2
2024.10.30	06:00:00	1.08182	1.08182	1.08135	1.08140	1957	0	2
2024.10.30	07:00:00	1.08140	1.08179	1.08130	1.08167	1233	0	2
2024.10.30	08:00:00	1.08166	1.08169	1.08139	1.08157	1341	0	2
2024.10.30	09:00:00	1.08157	1.08263	1.08156	1.08235	1912	0	2
2024.10.30	10:00:00	1.08235	1.08240	1.08158	1.08190	2259	0	2
2024.10.30	11:00:00	1.08190	1.08446	1.08190	1.08346	4441	0	2
2024.10.30	12:00:00	1.08347	1.08593	1.08327	1.08398	5103	0	2
2024.10.30	13:00:00	1.08398	1.08440	1.08310	1.08342	3455	0	2
2024.10.30	14:00:00	1.08345	1.08354	1.08215	1.08242	2695	0	2
2024.10.30	15:00:00	1.08242	1.08294	1.08077	1.08139	6592	0	2
2024.10.30	16:00:00	1.08139	1.08443	1.08112	1.08434	6436	0	2
2024.10.30	17:00:00	1.08435	1.08579	1.08420	1.08490	7446	0	2
2024.10.30	18:00:00	1.08493	1.08668	1.08416	1.08637	5498	0	2
2024.10.30	19:00:00	1.08637	1.08657	1.08570	1.08611	3398	0	2
2024.10.30	20:00:00	1.08608	1.08688	1.08536	1.08660	3023	0	2
2024.10.30	21:00:00	1.08661	1.08713	1.08651	1.08691	1988	0	2
2024.10.30	22:00:00	1.08692	1.08692	1.08561	1.08606	2962	0	2
2024.10.30	23:00:00	1.08604	1.08619	1.08560	1.08565	1600	0	2
2024.10.31	00:00:00	1.08555	1.08587	1.08546	1.08573	628	0	10
2024.10.31	01:00:00	1.08573	1.08597	1.08545	1.08585	1058	0	2
2024.10.31	02:00:00	1.08585	1.08601	1.08579	1.08582	803	0	2
2024.10.31	03:00:00	1.08582	1.08593	1.08529	1.08534	1648	0	2
2024.10.31	04:00:00	1.08533	1.08582	1.08440	1.08447	2546	0	2
2024.10.31	05:00:00	1.08446	1.08512	1.08442	1.08490	2249	0	2
2024.10.31	06:00:00	1.08490	1.08534	1.08485	1.08498	1803	0	2
2024.10.31	07:00:00	1.08498	1.08498	1.08450	1.08478	1639	0	2
2024.10.31	08:00:00	1.08477	1.08520	1.08465	1.08513	1440	0	2
2024.10.31	09:00:00	1.08513	1.08557	1.08478	1.08517	2637	0	2
2024.10.31	10:00:00	1.08519	1.08635	1.08476	1.08589	3774	0	2
2024.10.31	11:00:00	1.08588	1.08610	1.08511	1.08562	4269	0	2
2024.10.31	12:00:00	1.08562	1.08673	1.08541	1.08658	3394	0	2
2024.10.31	13:00:00	1.08658	1.08754	1.08646	1.08670	3365	0	2
2024.10.31	14:00:00	1.08670	1.08699	1.08590	1.08682	3245	0	2
2024.10.31	15:00:00	1.08682	1.08867	1.08636	1.08798	6788	0	2
2024.10.31	16:00:00	1.08797	1.08881	1.08560	1.08594	6321	0	2
2024.10.31	17:00:00	1.08595	1.08767	1.08515	1.08654	7311	0	2
2024.10.31	18:00:00	1.08654	1.08654	1.08465	1.08554	7279	0	2
2024.10.31	19:00:00	1.08554	1.08630	1.08537	1.08581	5157	0	2
2024.10.31	20:00:00	1.08582	1.08645	1.08554	1.08616	3156	0	2
2024.10.31	21:00:00	1.08615	1.08731	1.08606	1.08704	3489	0	2
2024.10.31	22:00:00	1.08705	1.08783	1.08678	1.08773	3189	0	2
2024.10.31	23:00:00	1.08773	1.08850	1.08770	1.08828	1947	0	2
2024.11.01	00:00:00	1.08839	1.08851	1.08815	1.08822	167	0	6
2024.11.01	01:00:00	1.08822	1.08863	1.08811	1.08860	658	0	2
2024.11.01	02:00:00	1.08860	1.08865	1.08834	1.08839	1399	0	2
2024.11.01	03:00:00	1.08839	1.08874	1.08804	1.08865	1813	0	2
2024.11.01	04:00:00	1.08865	1.08886	1.08786	1.08799	2607	0	2
2024.11.01	05:00:00	1.08800	1.08811	1.08766	1.08782	2196	0	2
2024.11.01	06:00:00	1.08782	1.08791	1.08750	1.08763	1468	0	2
2024.11.01	07:00:00	1.08763	1.08790	1.08758	1.08770	1172	0	2
2024.11.01	08:00:00	1.08771	1.08779	1.08708	1.08716	1622	0	2
2024.11.01	09:00:00	1.08716	1.08750	1.08708	1.08729	1807	0	2
2024.11.01	10:00:00	1.08730	1.08775	1.08679	1.08679	2693	0	2
2024.11.01	11:00:00	1.08676	1.08680	1.08573	1.08623	3789	0	2
2024.11.01	12:00:00	1.08624	1.08684	1.08579	1.08584	2732	0	2
2024.11.01	13:00:00	1.08584	1.08611	1.08524	1.08606	2810	0	2
2024.11.01	14:00:00	1.08606	1.08693	1.08587	1.08679	2279	0	2
2024.11.01	15:00:00	1.08680	1.09057	1.08604	1.08861	7600	0	2
2024.11.01	16:00:00	1.08862	1.08897	1.08655	1.08698	7223	0	2
2024.11.01	17:00:00	1.08688	1.08745	1.08499	1.08544	7359	0	2
2024.11.01	18:00:00	1.08544	1.08586	1.08472	1.08484	4957	0	2
2024.11.01	19:00:00	1.08484	1.08544	1.08462	1.08525	3278	0	2
2024.11.01	20:00:00	1.08525	1.08528	1.08342	1.08360	2765	0	2
2024.11.01	21:00:00	1.08359	1.08456	1.08359	1.08392	2727	0	2
2024.11.01	22:00:00	1.08392	1.08417	1.08344	1.08358	2526	0	2
2024.11.01	23:00:00	1.08359	1.08370	1.08318	1.08341	1558	0	2
2024.11.04	00:00:00	1.08811	1.08817	1.08741	1.08801	693	0	29
2024.11.04	01:00:00	1.08801	1.08801	1.08715	1.08727	2783	0	2
2024.11.04	02:00:00	1.08727	1.08793	1.08698	1.08772	1984	0	2
2024.11.04	03:00:00	1.08771	1.08913	1.08766	1.08883	3061	0	2
2024.11.04	04:00:00	1.08883	1.08942	1.08847	1.08942	2968	0	2
2024.11.04	05:00:00	1.08943	1.09048	1.08942	1.09015	3200	0	2
2024.11.04	06:00:00	1.09015	1.09028	1.08967	1.08974	1746	0	2
2024.11.04	07:00:00	1.08975	1.09000	1.08942	1.08989	2001	0	2
2024.11.04	08:00:00	1.08990	1.09020	1.08912	1.08915	2567	0	2
2024.11.04	09:00:00	1.08915	1.08957	1.08871	1.08913	3483	0	2
2024.11.04	10:00:00	1.08913	1.09008	1.08892	1.08930	3749	0	2
2024.11.04	11:00:00	1.08930	1.09021	1.08911	1.08962	3372	0	2
2024.11.04	12:00:00	1.08962	1.09028	1.08935	1.09015	2611	0	2
2024.11.04	13:00:00	1.09015	1.09141	1.08995	1.09134	2671	0	2
2024.11.04	14:00:00	1.09133	1.09147	1.09015	1.09044	3028	0	2
2024.11.04	15:00:00	1.09046	1.09092	1.08936	1.09052	4151	0	2
2024.11.04	16:00:00	1.09053	1.09098	1.08955	1.08997	4698	0	2
2024.11.04	17:00:00	1.08997	1.09082	1.08960	1.08993	5633	0	2
2024.11.04	18:00:00	1.08992	1.09010	1.08803	1.08840	3984	0	2
2024.11.04	19:00:00	1.08840	1.08938	1.08798	1.08887	3158	0	2
2024.11.04	20:00:00	1.08886	1.08891	1.08781	1.08851	3055	0	2
2024.11.04	21:00:00	1.08852	1.08857	1.08776	1.08788	2171	0	2
2024.11.04	22:00:00	1.08788	1.08815	1.08754	1.08755	2010	0	2
2024.11.04	23:00:00	1.08755	1.08776	1.08739	1.08774	872	0	2
2024.11.05	00:00:00	1.08777	1.08788	1.08761	1.08787	368	0	6
2024.11.05	01:00:00	1.08792	1.08793	1.08734	1.08736	574	0	2
2024.11.05	02:00:00	1.08736	1.08765	1.08725	1.08757	1107	0	2
2024.11.05	03:00:00	1.08756	1.08781	1.08729	1.08775	2055	0	2
2024.11.05	04:00:00	1.08777	1.08800	1.08753	1.08773	1421	0	2
2024.11.05	05:00:00	1.08773	1.08795	1.08752	1.08759	1351	0	2
2024.11.05	06:00:00	1.08758	1.08784	1.08743	1.08753	1457	0	2
2024.11.05	07:00:00	1.08753	1.08800	1.08749	1.08785	1182	0	2
2024.11.05	08:00:00	1.08785	1.08822	1.08769	1.08808	1488	0	2
2024.11.05	09:00:00	1.08808	1.08907	1.08808	1.08884	2426	0	2
2024.11.05	10:00:00	1.08885	1.08941	1.08841	1.08916	3351	0	2
2024.11.05	11:00:00	1.08915	1.08975	1.08900	1.08916	2501	0	2
2024.11.05	12:00:00	1.08917	1.08943	1.08907	1.08939	2167	0	2
2024.11.05	13:00:00	1.08938	1.09016	1.08927	1.08994	2197	0	2
2024.11.05	14:00:00	1.08994	1.09013	1.08938	1.08955	2120	0	2
2024.11.05	15:00:00	1.08956	1.08985	1.08895	1.08925	2882	0	2
2024.11.05	16:00:00	1.08925	1.09110	1.08923	1.09059	4742	0	2
2024.11.05	17:00:00	1.08961	1.09120	1.08890	1.09017	6231	0	4
2024.11.05	18:00:00	1.09018	1.09204	1.09008	1.09199	4115	0	2
2024.11.05	19:00:00	1.09199	1.09303	1.09180	1.09300	2454	0	2
2024.11.05	20:00:00	1.09300	1.09364	1.09287	1.09302	3007	0	2
2024.11.05	21:00:00	1.09302	1.09339	1.09268	1.09310	2711	0	2
2024.11.05	22:00:00	1.09311	1.09311	1.09240	1.09249	2354	0	2
2024.11.05	23:00:00	1.09250	1.09295	1.09240	1.09290	1027	0	2
2024.11.06	00:00:00	1.09261	1.09290	1.09233	1.09234	275	0	9
2024.11.06	01:00:00	1.09234	1.09370	1.09118	1.09341	2871	0	2
2024.11.06	02:00:00	1.09341	1.09341	1.08319	1.08364	10402	0	2
2024.11.06	03:00:00	1.08370	1.08572	1.08214	1.08364	9134	0	2
2024.11.06	04:00:00	1.08363	1.08392	1.07613	1.07622	10354	0	2
2024.11.06	05:00:00	1.07623	1.07795	1.07186	1.07465	9907	0	2
2024.11.06	06:00:00	1.07465	1.07882	1.07392	1.07776	7525	0	2
2024.11.06	07:00:00	1.07776	1.07945	1.07510	1.07596	9024	0	2
2024.11.06	08:00:00	1.07599	1.07613	1.07026	1.07252	8364	0	2
2024.11.06	09:00:00	1.07252	1.07522	1.07252	1.07343	9088	0	2
2024.11.06	10:00:00	1.07335	1.07813	1.07318	1.07732	7826	0	2
2024.11.06	11:00:00	1.07731	1.07737	1.07498	1.07552	6640	0	2
2024.11.06	12:00:00	1.07551	1.07617	1.07414	1.07463	5241	0	2
2024.11.06	13:00:00	1.07462	1.07465	1.07011	1.07079	7380	0	2
2024.11.06	14:00:00	1.07077	1.07187	1.06824	1.06884	7854	0	2
2024.11.06	15:00:00	1.06885	1.07190	1.06824	1.07097	7994	0	2
2024.11.06	16:00:00	1.07097	1.07198	1.06982	1.07156	7957	0	2
2024.11.06	17:00:00	1.07155	1.07397	1.07140	1.07383	9286	0	2
2024.11.06	18:00:00	1.07382	1.07451	1.07260	1.07312	6377	0	2
2024.11.06	19:00:00	1.07312	1.07446	1.07254	1.07271	4961	0	2
2024.11.06	20:00:00	1.07272	1.07580	1.07261	1.07530	5546	0	2
2024.11.06	21:00:00	1.07529	1.07533	1.07298	1.07352	4870	0	2
2024.11.06	22:00:00	1.07352	1.07382	1.07325	1.07351	4049	0	2
2024.11.06	23:00:00	1.07341	1.07357	1.07282	1.07289	1143	0	2
2024.11.07	00:00:00	1.07299	1.07299	1.07246	1.07290	558	0	8
2024.11.07	01:00:00	1.07290	1.07345	1.07286	1.07316	1031	0	2
2024.11.07	02:00:00	1.07316	1.07371	1.07203	1.07209	2278	0	2
2024.11.07	03:00:00	1.07208	1.07285	1.07127	1.07176	3635	0	2
2024.11.07	04:00:00	1.07176	1.07367	1.07172	1.07366	2781	0	2
2024.11.07	05:00:00	1.07366	1.07413	1.07319	1.07396	2053	0	2
2024.11.07	06:00:00	1.07397	1.07455	1.07340	1.07377	1778	0	2
2024.11.07	07:00:00	1.07377	1.07477	1.07372	1.07460	2045	0	2
2024.11.07	08:00:00	1.07459	1.07504	1.07408	1.07498	2563	0	2
2024.11.07	09:00:00	1.07476	1.07699	1.07449	1.07519	5381	0	2
2024.11.07	10:00:00	1.07521	1.07715	1.07488	1.07688	5611	0	2
2024.11.07	11:00:00	1.07687	1.07690	1.07459	1.07464	4541	0	2
2024.11.07	12:00:00	1.07464	1.07666	1.07463	1.07559	3439	0	2
2024.11.07	13:00:00	1.07559	1.07623	1.07521	1.07591	2694	0	2
2024.11.07	14:00:00	1.07591	1.07776	1.07564	1.07752	5370	0	2
2024.11.07	15:00:00	1.07753	1.07947	1.07734	1.07922	7437	0	2
2024.11.07	16:00:00	1.07923	1.08168	1.07812	1.08093	6238	0	2
2024.11.07	17:00:00	1.08093	1.08248	1.08050	1.08109	6367	0	2
2024.11.07	18:00:00	1.08110	1.08148	1.07846	1.07914	5544	0	2
2024.11.07	19:00:00	1.07914	1.08063	1.07873	1.08048	3485	0	2
2024.11.07	20:00:00	1.08049	1.08067	1.07926	1.07944	2965	0	2
2024.11.07	21:00:00	1.07944	1.08033	1.07671	1.07816	10176	0	2
2024.11.07	22:00:00	1.07817	1.08096	1.07799	1.08024	6652	0	2
2024.11.07	23:00:00	1.08022	1.08033	1.07992	1.08018	1299	0	2
2024.11.08	00:00:00	1.08043	1.08053	1.08022	1.08040	442	0	7
2024.11.08	01:00:00	1.08040	1.08045	1.07941	1.07955	1235	0	2
2024.11.08	02:00:00	1.07955	1.07974	1.07882	1.07905	2029	0	2
2024.11.08	03:00:00	1.07904	1.07914	1.07790	1.07869	2929	0	2
2024.11.08	04:00:00	1.07870	1.07897	1.07796	1.07809	2781	0	2
2024.11.08	05:00:00	1.07809	1.07888	1.07769	1.07781	1985	0	2
2024.11.08	06:00:00	1.07781	1.07839	1.07765	1.07829	1636	0	2
2024.11.08	07:00:00	1.07830	1.07865	1.07800	1.07817	1729	0	2
2024.11.08	08:00:00	1.07819	1.07838	1.07729	1.07773	2591	0	2
2024.11.08	09:00:00	1.07773	1.07839	1.07751	1.07797	3928	0	2
2024.11.08	10:00:00	1.07796	1.07826	1.07609	1.07789	7369	0	2
2024.11.08	11:00:00	1.07790	1.07893	1.07722	1.07791	5035	0	2
2024.11.08	12:00:00	1.07791	1.07797	1.07671	1.07785	4020	0	2
2024.11.08	13:00:00	1.07786	1.07973	1.07785	1.07829	3647	0	2
2024.11.08	14:00:00	1.07829	1.07843	1.07666	1.07720	4792	0	2
2024.11.08	15:00:00	1.07719	1.07726	1.07444	1.07529	5730	0	2
2024.11.08	16:00:00	1.07530	1.07658	1.07494	1.07514	5610	0	2
2024.11.08	17:00:00	1.07514	1.07525	1.07400	1.07482	6137	0	2
2024.11.08	18:00:00	1.07483	1.07504	1.07091	1.07097	5250	0	2
2024.11.08	19:00:00	1.07097	1.07132	1.06868	1.07091	5902	0	2
2024.11.08	20:00:00	1.07091	1.07189	1.06998	1.07066	3464	0	2
2024.11.08	21:00:00	1.07065	1.07153	1.07054	1.07136	2717	0	2
2024.11.08	22:00:00	1.07136	1.07197	1.07104	1.07175	2880	0	2
2024.11.08	23:00:00	1.07176	1.07214	1.07170	1.07180	1440	0	2
2024.11.11	00:00:00	1.07077	1.07116	1.07072	1.07086	1631	0	24
2024.11.11	01:00:00	1.07086	1.07170	1.07078	1.07132	1602	0	2
2024.11.11	02:00:00	1.07132	1.07187	1.07087	1.07168	2402	0	2
2024.11.11	03:00:00	1.07168	1.07280	1.07157	1.07202	3157	0	2
2024.11.11	04:00:00	1.07201	1.07250	1.07193	1.07228	2422	0	2
2024.11.11	05:00:00	1.07228	1.07271	1.07151	1.07169	1788	0	2
2024.11.11	06:00:00	1.07168	1.07169	1.07078	1.07138	1542	0	2
2024.11.11	07:00:00	1.07139	1.07187	1.07112	1.07175	1477	0	2
2024.11.11	08:00:00	1.07176	1.07215	1.07124	1.07209	1848	0	2
2024.11.11	09:00:00	1.07209	1.07221	1.06858	1.06901	4969	0	2
2024.11.11	10:00:00	1.06901	1.06943	1.06784	1.06873	4769	0	2
2024.11.11	11:00:00	1.06873	1.06897	1.06681	1.06814	4262	0	2
2024.11.11	12:00:00	1.06809	1.06885	1.06708	1.06719	3349	0	2
2024.11.11	13:00:00	1.06719	1.06719	1.06555	1.06625	4134	0	2
2024.11.11	14:00:00	1.06625	1.06646	1.06520	1.06523	3289	0	2
2024.11.11	15:00:00	1.06522	1.06554	1.06364	1.06480	4604	0	2
2024.11.11	16:00:00	1.06480	1.06575	1.06286	1.06425	4768	0	2
2024.11.11	17:00:00	1.06426	1.06506	1.06363	1.06473	4445	0	2
2024.11.11	18:00:00	1.06474	1.06542	1.06448	1.06519	3013	0	2
2024.11.11	19:00:00	1.06519	1.06564	1.06450	1.06491	2167	0	2
2024.11.11	20:00:00	1.06490	1.06519	1.06459	1.06504	2229	0	2
2024.11.11	21:00:00	1.06503	1.06572	1.06494	1.06512	1889	0	2
2024.11.11	22:00:00	1.06512	1.06563	1.06512	1.06555	1754	0	2
2024.11.11	23:00:00	1.06555	1.06577	1.06552	1.06558	757	0	2
2024.11.12	00:00:00	1.06515	1.06573	1.06512	1.06555	572	0	6
2024.11.12	01:00:00	1.06555	1.06630	1.06539	1.06630	899	0	2
2024.11.12	02:00:00	1.06630	1.06631	1.06542	1.06579	1742	0	2
2024.11.12	03:00:00	1.06580	1.06598	1.06476	1.06482	3270	0	2
2024.11.12	04:00:00	1.06482	1.06520	1.06421	1.06435	2822	0	2
2024.11.12	05:00:00	1.06433	1.06495	1.06380	1.06382	2195	0	2
2024.11.12	06:00:00	1.06382	1.06458	1.06378	1.06442	1794	0	2
2024.11.12	07:00:00	1.06443	1.06458	1.06393	1.06399	2265	0	2
2024.11.12	08:00:00	1.06398	1.06398	1.06293	1.06345	3035	0	2
2024.11.12	09:00:00	1.06343	1.06371	1.06216	1.06322	4622	0	2
2024.11.12	10:00:00	1.06321	1.06341	1.06169	1.06317	4947	0	2
2024.11.12	11:00:00	1.06317	1.06322	1.06164	1.06260	3645	0	2
2024.11.12	12:00:00	1.06262	1.06262	1.06110	1.06180	4188	0	2
2024.11.12	13:00:00	1.06179	1.06297	1.06173	1.06188	3538	0	2
2024.11.12	14:00:00	1.06188	1.06215	1.06062	1.06198	4704	0	2
2024.11.12	15:00:00	1.06197	1.06272	1.06143	1.06230	5150	0	2
2024.11.12	16:00:00	1.06229	1.06260	1.06136	1.06176	5206	0	2
2024.11.12	17:00:00	1.06176	1.06178	1.06018	1.06090	6174	0	2
2024.11.12	18:00:00	1.06089	1.06159	1.05959	1.05980	5335	0	2
2024.11.12	19:00:00	1.05981	1.06083	1.05949	1.06067	5195	0	2
2024.11.12	20:00:00	1.06068	1.06171	1.06065	1.06161	3560	0	2
2024.11.12	21:00:00	1.06160	1.06186	1.06123	1.06125	2521	0	2
2024.11.12	22:00:00	1.06123	1.06236	1.06093	1.06222	2642	0	2
2024.11.12	23:00:00	1.06221	1.06267	1.06221	1.06242	1322	0	2
2024.11.13	00:00:00	1.06198	1.06226	1.06170	1.06199	1310	0	6
2024.11.13	01:00:00	1.06202	1.06209	1.06137	1.06164	1072	0	2
2024.11.13	02:00:00	1.06164	1.06171	1.06109	1.06127	1872	0	2
2024.11.13	03:00:00	1.06127	1.06292	1.06119	1.06280	3539	0	2
2024.11.13	04:00:00	1.06280	1.06294	1.06217	1.06262	2156	0	2
2024.11.13	05:00:00	1.06261	1.06282	1.06176	1.06191	1469	0	2
2024.11.13	06:00:00	1.06191	1.06226	1.06175	1.06178	1283	0	2
2024.11.13	07:00:00	1.06179	1.06185	1.06094	1.06129	1830	0	2
2024.11.13	08:00:00	1.06130	1.06169	1.06074	1.06135	2819	0	2
2024.11.13	09:00:00	1.06135	1.06144	1.06024	1.06029	2993	0	2
2024.11.13	10:00:00	1.06028	1.06132	1.05933	1.06121	3874	0	2
2024.11.13	11:00:00	1.06121	1.06298	1.06080	1.06269	3697	0	2
2024.11.13	12:00:00	1.06269	1.06283	1.06116	1.06150	3098	0	2
2024.11.13	13:00:00	1.06150	1.06382	1.06100	1.06375	3181	0	2
2024.11.13	14:00:00	1.06375	1.06435	1.06243	1.06314	3924	0	2
2024.11.13	15:00:00	1.06312	1.06539	1.06228	1.06365	8842	0	2
2024.11.13	16:00:00	1.06366	1.06380	1.05762	1.05856	9595	0	2
2024.11.13	17:00:00	1.05854	1.05936	1.05557	1.05886	9792	0	2
2024.11.13	18:00:00	1.05887	1.05920	1.05622	1.05662	6342	0	2
2024.11.13	19:00:00	1.05662	1.05775	1.05615	1.05688	4857	0	2
2024.11.13	20:00:00	1.05688	1.05696	1.05564	1.05588	3642	0	2
2024.11.13	21:00:00	1.05588	1.05759	1.05566	1.05654	3306	0	2
2024.11.13	22:00:00	1.05655	1.05688	1.05589	1.05619	2912	0	2
2024.11.13	23:00:00	1.05619	1.05668	1.05618	1.05639	1312	0	2
2024.11.14	00:00:00	1.05622	1.05636	1.05574	1.05625	882	0	6
2024.11.14	01:00:00	1.05625	1.05659	1.05615	1.05657	1116	0	2
2024.11.14	02:00:00	1.05657	1.05686	1.05626	1.05654	1920	0	2
2024.11.14	03:00:00	1.05653	1.05653	1.05510	1.05560	3214	0	2
2024.11.14	04:00:00	1.05560	1.05576	1.05473	1.05494	2567	0	2
2024.11.14	05:00:00	1.05494	1.05559	1.05454	1.05476	1830	0	2
2024.11.14	06:00:00	1.05477	1.05502	1.05451	1.05485	1437	0	2
2024.11.14	07:00:00	1.05486	1.05486	1.05339	1.05471	2219	0	2
2024.11.14	08:00:00	1.05470	1.05541	1.05424	1.05451	2898	0	2
2024.11.14	09:00:00	1.05451	1.05549	1.05406	1.05511	3735	0	2
2024.11.14	10:00:00	1.05510	1.05582	1.05323	1.05361	4773	0	2
2024.11.14	11:00:00	1.05359	1.05421	1.05177	1.05204	4380	0	2
2024.11.14	12:00:00	1.05202	1.05210	1.05017	1.05112	4425	0	2
2024.11.14	13:00:00	1.05111	1.05339	1.04963	1.05287	5008	0	2
2024.11.14	14:00:00	1.05287	1.05452	1.05231	1.05358	4538	0	2
2024.11.14	15:00:00	1.05358	1.05436	1.05133	1.05305	8096	0	2
2024.11.14	16:00:00	1.05304	1.05689	1.05296	1.05527	7729	0	2
2024.11.14	17:00:00	1.05527	1.05777	1.05527	1.05747	7303	0	2
2024.11.14	18:00:00	1.05748	1.05825	1.05606	1.05617	5758	0	2
2024.11.14	19:00:00	1.05617	1.05637	1.05549	1.05593	4073	0	2
2024.11.14	20:00:00	1.05594	1.05606	1.05460	1.05469	2848	0	2
2024.11.14	21:00:00	1.05469	1.05517	1.05432	1.05477	2613	0	2
2024.11.14	22:00:00	1.05478	1.05482	1.05120	1.05203	8366	0	2
2024.11.14	23:00:00	1.05203	1.05291	1.05187	1.05289	1924	0	2
2024.11.15	00:00:00	1.05267	1.05329	1.05261	1.05310	763	0	5
2024.11.15	01:00:00	1.05310	1.05318	1.05257	1.05295	1142	0	2
2024.11.15	02:00:00	1.05295	1.05336	1.05236	1.05306	2238	0	2
2024.11.15	03:00:00	1.05306	1.05415	1.05281	1.05318	3300	0	2
2024.11.15	04:00:00	1.05317	1.05427	1.05317	1.05411	2681	0	2
2024.11.15	05:00:00	1.05412	1.05461	1.05391	1.05402	1937	0	2
2024.11.15	06:00:00	1.05401	1.05460	1.05392	1.05424	1696	0	2
2024.11.15	07:00:00	1.05423	1.05429	1.05392	1.05402	1929	0	2
2024.11.15	08:00:00	1.05401	1.05610	1.05336	1.05541	3330	0	2
2024.11.15	09:00:00	1.05541	1.05640	1.05506	1.05565	3783	0	2
2024.11.15	10:00:00	1.05565	1.05719	1.05522	1.05698	4573	0	2
2024.11.15	11:00:00	1.05697	1.05800	1.05606	1.05622	4203	0	2
2024.11.15	12:00:00	1.05622	1.05776	1.05586	1.05747	4182	0	2
2024.11.15	13:00:00	1.05744	1.05800	1.05706	1.05772	3267	0	2
2024.11.15	14:00:00	1.05772	1.05790	1.05640	1.05758	3334	0	2
2024.11.15	15:00:00	1.05758	1.05929	1.05539	1.05585	8436	0	2
2024.11.15	16:00:00	1.05585	1.05633	1.05232	1.05314	8122	0	2
2024.11.15	17:00:00	1.05320	1.05424	1.05247	1.05353	8141	0	2
2024.11.15	18:00:00	1.05353	1.05516	1.05332	1.05512	6622	0	2
2024.11.15	19:00:00	1.05514	1.05600	1.05470	1.05486	4924	0	2
2024.11.15	20:00:00	1.05487	1.05546	1.05386	1.05514	4050	0	2
2024.11.15	21:00:00	1.05515	1.05521	1.05358	1.05372	3593	0	2
2024.11.15	22:00:00	1.05371	1.05378	1.05163	1.05278	3864	0	2
2024.11.15	23:00:00	1.05278	1.05337	1.05226	1.05332	1530	0	2
2024.11.18	00:00:00	1.05301	1.05346	1.05294	1.05311	938	0	22
2024.11.18	01:00:00	1.05311	1.05388	1.05304	1.05363	1401	0	2
2024.11.18	02:00:00	1.05363	1.05499	1.05330	1.05487	2773	0	2
2024.11.18	03:00:00	1.05488	1.05507	1.05385	1.05421	4188	0	2
2024.11.18	04:00:00	1.05420	1.05464	1.05378	1.05414	2786	0	2
2024.11.18	05:00:00	1.05414	1.05447	1.05302	1.05341	2053	0	2
2024.11.18	06:00:00	1.05342	1.05425	1.05334	1.05408	1432	0	2
2024.11.18	07:00:00	1.05407	1.05440	1.05356	1.05381	1864	0	2
2024.11.18	08:00:00	1.05380	1.05475	1.05363	1.05427	2329	0	2
2024.11.18	09:00:00	1.05427	1.05483	1.05379	1.05471	3116	0	2
2024.11.18	10:00:00	1.05472	1.05561	1.05417	1.05468	4420	0	2
2024.11.18	11:00:00	1.05468	1.05712	1.05431	1.05663	4439	0	2
2024.11.18	12:00:00	1.05662	1.05671	1.05458	1.05480	3450	0	2
2024.11.18	13:00:00	1.05479	1.05480	1.05324	1.05424	3641	0	2
2024.11.18	14:00:00	1.05423	1.05487	1.05345	1.05472	3827	0	2
2024.11.18	15:00:00	1.05473	1.05686	1.05455	1.05678	4856	0	2
2024.11.18	16:00:00	1.05677	1.05745	1.05605	1.05685	5011	0	2
2024.11.18	17:00:00	1.05685	1.05754	1.05606	1.05735	4818	0	2
2024.11.18	18:00:00	1.05735	1.05859	1.05651	1.05859	4142	0	2
2024.11.18	19:00:00	1.05859	1.05924	1.05797	1.05912	3670	0	2
2024.11.18	20:00:00	1.05911	1.05978	1.05871	1.05972	2641	0	2
2024.11.18	21:00:00	1.05973	1.06071	1.05888	1.05908	2646	0	2
2024.11.18	22:00:00	1.05908	1.05964	1.05890	1.05923	2150	0	2
2024.11.18	23:00:00	1.05923	1.06004	1.05903	1.05992	1028	0	2
2024.11.19	00:00:00	1.05975	1.05989	1.05960	1.05987	483	0	6
2024.11.19	01:00:00	1.05987	1.05987	1.05931	1.05945	903	0	2
2024.11.19	02:00:00	1.05945	1.05946	1.05871	1.05895	2190	0	2
2024.11.19	03:00:00	1.05896	1.05961	1.05888	1.05931	3259	0	2
2024.11.19	04:00:00	1.05930	1.05963	1.05888	1.05919	2634	0	2
2024.11.19	05:00:00	1.05917	1.06007	1.05915	1.05967	2140	0	2
2024.11.19	06:00:00	1.05968	1.06009	1.05864	1.05869	1863	0	2
2024.11.19	07:00:00	1.05869	1.05885	1.05826	1.05835	1720	0	2
2024.11.19	08:00:00	1.05835	1.05963	1.05832	1.05926	2030	0	2
2024.11.19	09:00:00	1.05926	1.05948	1.05744	1.05775	4100	0	2
2024.11.19	10:00:00	1.05774	1.05880	1.05625	1.05717	7176	0	2
2024.11.19	11:00:00	1.05717	1.05779	1.05233	1.05496	8593	0	2
2024.11.19	12:00:00	1.05496	1.05691	1.05435	1.05610	5102	0	2
2024.11.19	13:00:00	1.05610	1.05647	1.05494	1.05619	4117	0	2
2024.11.19	14:00:00	1.05619	1.05722	1.05595	1.05720	3962	0	2
2024.11.19	15:00:00	1.05722	1.05975	1.05717	1.05767	6854	0	2
2024.11.19	16:00:00	1.05767	1.05955	1.05698	1.05728	8311	0	2
2024.11.19	17:00:00	1.05725	1.06006	1.05655	1.05866	6629	0	2
2024.11.19	18:00:00	1.05867	1.05928	1.05708	1.05774	5069	0	2
2024.11.19	19:00:00	1.05774	1.05890	1.05765	1.05803	3773	0	2
2024.11.19	20:00:00	1.05802	1.05902	1.05710	1.05898	3289	0	2
2024.11.19	21:00:00	1.05899	1.05953	1.05835	1.05937	3180	0	2
2024.11.19	22:00:00	1.05937	1.05979	1.05913	1.05935	2470	0	2
2024.11.19	23:00:00	1.05934	1.05973	1.05926	1.05961	1060	0	2
2024.11.20	00:00:00	1.05903	1.05956	1.05903	1.05952	1366	0	14
2024.11.20	01:00:00	1.05952	1.06078	1.05941	1.06071	1253	0	2
2024.11.20	02:00:00	1.06071	1.06097	1.05990	1.05993	1454	0	2
2024.11.20	03:00:00	1.05993	1.06039	1.05957	1.06000	2463	0	2
2024.11.20	04:00:00	1.06002	1.06033	1.05956	1.05959	1708	0	2
2024.11.20	05:00:00	1.05958	1.05989	1.05883	1.05898	1343	0	2
2024.11.20	06:00:00	1.05898	1.05945	1.05876	1.05929	1037	0	2
2024.11.20	07:00:00	1.05929	1.05943	1.05867	1.05870	1397	0	2
2024.11.20	08:00:00	1.05870	1.05955	1.05828	1.05873	2202	0	2
2024.11.20	09:00:00	1.05873	1.05947	1.05765	1.05783	4417	0	2
2024.11.20	10:00:00	1.05782	1.05789	1.05602	1.05643	4685	0	2
2024.11.20	11:00:00	1.05642	1.05690	1.05530	1.05554	4252	0	2
2024.11.20	12:00:00	1.05554	1.05616	1.05453	1.05488	4109	0	2
2024.11.20	13:00:00	1.05487	1.05562	1.05421	1.05544	3697	0	2
2024.11.20	14:00:00	1.05544	1.05679	1.05515	1.05582	3838	0	2
2024.11.20	15:00:00	1.05584	1.05634	1.05511	1.05566	4178	0	2
2024.11.20	16:00:00	1.05567	1.05569	1.05223	1.05248	5712	0	2
2024.11.20	17:00:00	1.05248	1.05379	1.05158	1.05216	6314	0	2
2024.11.20	18:00:00	1.05217	1.05249	1.05068	1.05202	4952	0	2
2024.11.20	19:00:00	1.05202	1.05362	1.05160	1.05320	3188	0	2
2024.11.20	20:00:00	1.05320	1.05363	1.05254	1.05359	3133	0	2
2024.11.20	21:00:00	1.05360	1.05424	1.05359	1.05395	2442	0	2
2024.11.20	22:00:00	1.05394	1.05400	1.05362	1.05391	1923	0	2
2024.11.20	23:00:00	1.05390	1.05443	1.05378	1.05430	1131	0	2
2024.11.21	00:00:00	1.05408	1.05432	1.05408	1.05423	813	0	9
2024.11.21	01:00:00	1.05423	1.05460	1.05422	1.05457	593	0	2
2024.11.21	02:00:00	1.05457	1.05473	1.05422	1.05455	1325	0	2
2024.11.21	03:00:00	1.05456	1.05498	1.05449	1.05457	1964	0	2
2024.11.21	04:00:00	1.05458	1.05501	1.05457	1.05494	1461	0	2
2024.11.21	05:00:00	1.05495	1.05532	1.05474	1.05531	1320	0	2
2024.11.21	06:00:00	1.05532	1.05549	1.05489	1.05512	1133	0	2
2024.11.21	07:00:00	1.05512	1.05515	1.05462	1.05466	1545	0	2
2024.11.21	08:00:00	1.05467	1.05545	1.05420	1.05453	2780	0	2
2024.11.21	09:00:00	1.05454	1.05472	1.05295	1.05364	4679	0	2
2024.11.21	10:00:00	1.05364	1.05431	1.05239	1.05406	4889	0	2
2024.11.21	11:00:00	1.05406	1.05408	1.05139	1.05169	5846	0	2
2024.11.21	12:00:00	1.05169	1.05285	1.05138	1.05209	3576	0	2
2024.11.21	13:00:00	1.05208	1.05313	1.05159	1.05199	3361	0	2
2024.11.21	14:00:00	1.05199	1.05357	1.05175	1.05275	3599	0	2
2024.11.21	15:00:00	1.05275	1.05392	1.05127	1.05329	6585	0	2
2024.11.21	16:00:00	1.05330	1.05358	1.05209	1.05352	6415	0	2
2024.11.21	17:00:00	1.05352	1.05446	1.05089	1.05104	6568	0	2
2024.11.21	18:00:00	1.05104	1.05148	1.04713	1.04743	8531	0	2
2024.11.21	19:00:00	1.04743	1.04879	1.04621	1.04874	4987	0	2
2024.11.21	20:00:00	1.04873	1.04893	1.04781	1.04860	3116	0	2
2024.11.21	21:00:00	1.04861	1.04873	1.04731	1.04844	2781	0	2
2024.11.21	22:00:00	1.04845	1.04870	1.04779	1.04790	2033	0	2
2024.11.21	23:00:00	1.04790	1.04805	1.04717	1.04725	1122	0	2
2024.11.22	00:00:00	1.04727	1.04769	1.04723	1.04749	335	0	6
2024.11.22	01:00:00	1.04755	1.04772	1.04676	1.04690	1228	0	2
2024.11.22	02:00:00	1.04690	1.04756	1.04664	1.04755	2026	0	2
2024.11.22	03:00:00	1.04755	1.04777	1.04694	1.04716	2190	0	2
2024.11.22	04:00:00	1.04715	1.04733	1.04670	1.04729	1757	0	2
2024.11.22	05:00:00	1.04729	1.04783	1.04722	1.04749	1964	0	2
2024.11.22	06:00:00	1.04748	1.04761	1.04695	1.04747	1270	0	2
2024.11.22	07:00:00	1.04746	1.04746	1.04614	1.04645	1902	0	2
2024.11.22	08:00:00	1.04645	1.04704	1.04636	1.04692	2464	0	2
2024.11.22	09:00:00	1.04692	1.04893	1.04622	1.04861	4223	0	2
2024.11.22	10:00:00	1.04860	1.04979	1.04411	1.04434	7523	0	2
2024.11.22	11:00:00	1.04438	1.04442	1.03334	1.04018	10129	0	2
2024.11.22	12:00:00	1.04019	1.04375	1.03850	1.04296	6662	0	2
2024.11.22	13:00:00	1.04296	1.04298	1.04082	1.04166	4538	0	2
2024.11.22	14:00:00	1.04166	1.04196	1.03979	1.04075	4928	0	2
2024.11.22	15:00:00	1.04076	1.04344	1.04063	1.04295	6186	0	2
2024.11.22	16:00:00	1.04294	1.04347	1.04022	1.04045	7435	0	2
2024.11.22	17:00:00	1.04046	1.04202	1.03949	1.04107	8857	0	2
2024.11.22	18:00:00	1.04107	1.04119	1.03919	1.03983	5103	0	2
2024.11.22	19:00:00	1.03983	1.04204	1.03983	1.04190	3149	0	2
2024.11.22	20:00:00	1.04190	1.04254	1.04148	1.04167	2894	0	2
2024.11.22	21:00:00	1.04167	1.04189	1.04086	1.04108	2308	0	2
2024.11.22	22:00:00	1.04108	1.04175	1.04080	1.04145	2403	0	2
2024.11.22	23:00:00	1.04144	1.04182	1.04133	1.04175	1181	0	2
2024.11.25	00:00:00	1.04755	1.04818	1.04625	1.04811	1873	0	19
2024.11.25	01:00:00	1.04811	1.05012	1.04658	1.04793	4228	0	2
2024.11.25	02:00:00	1.04793	1.04849	1.04736	1.04811	3622	0	2
2024.11.25	03:00:00	1.04811	1.04900	1.04740	1.04779	3669	0	2
2024.11.25	04:00:00	1.04778	1.04893	1.04745	1.04870	2620	0	2
2024.11.25	05:00:00	1.04869	1.04883	1.04758	1.04779	2332	0	2
2024.11.25	06:00:00	1.04779	1.04812	1.04745	1.04791	1730	0	2
2024.11.25	07:00:00	1.04792	1.04830	1.04753	1.04792	2349	0	2
2024.11.25	08:00:00	1.04792	1.04895	1.04747	1.04835	3020	0	2
2024.11.25	09:00:00	1.04835	1.04836	1.04498	1.04505	4251	0	2
2024.11.25	10:00:00	1.04505	1.04671	1.04488	1.04654	6288	0	2
2024.11.25	11:00:00	1.04652	1.04970	1.04625	1.04895	6235	0	2
2024.11.25	12:00:00	1.04893	1.04969	1.04835	1.04859	4530	0	2
2024.11.25	13:00:00	1.04858	1.04905	1.04750	1.04796	3412	0	2
2024.11.25	14:00:00	1.04795	1.04933	1.04740	1.04886	4237	0	2
2024.11.25	15:00:00	1.04886	1.05302	1.04886	1.05285	7417	0	2
2024.11.25	16:00:00	1.05284	1.05302	1.05045	1.05081	7623	0	2
2024.11.25	17:00:00	1.05083	1.05192	1.04861	1.04885	6551	0	2
2024.11.25	18:00:00	1.04884	1.04946	1.04667	1.04776	5635	0	2
2024.11.25	19:00:00	1.04776	1.04873	1.04689	1.04861	3514	0	2
2024.11.25	20:00:00	1.04860	1.05080	1.04857	1.05075	3354	0	2
2024.11.25	21:00:00	1.05077	1.05107	1.05013	1.05055	2367	0	2
2024.11.25	22:00:00	1.05056	1.05094	1.04919	1.04923	2116	0	2
2024.11.25	23:00:00	1.04923	1.04971	1.04918	1.04934	1043	0	2
2024.11.26	00:00:00	1.04908	1.04960	1.04908	1.04950	622	0	11
2024.11.26	01:00:00	1.04950	1.05008	1.04432	1.04438	3618	0	2
2024.11.26	02:00:00	1.04438	1.04572	1.04250	1.04350	7224	0	2
2024.11.26	03:00:00	1.04350	1.04645	1.04304	1.04541	5550	0	2
2024.11.26	04:00:00	1.04540	1.04648	1.04511	1.04608	3099	0	2
2024.11.26	05:00:00	1.04607	1.04800	1.04585	1.04779	2488	0	2
2024.11.26	06:00:00	1.04780	1.04905	1.04766	1.04797	2010	0	2
2024.11.26	07:00:00	1.04796	1.04815	1.04741	1.04753	1816	0	2
2024.11.26	08:00:00	1.04753	1.04835	1.04741	1.04760	2730	0	2
2024.11.26	09:00:00	1.04760	1.04854	1.04720	1.04720	5393	0	2
2024.11.26	10:00:00	1.04720	1.04964	1.04700	1.04911	5940	0	2
2024.11.26	11:00:00	1.04912	1.05193	1.04909	1.05073	5779	0	2
2024.11.26	12:00:00	1.05072	1.05207	1.05055	1.05168	4265	0	2
2024.11.26	13:00:00	1.05168	1.05208	1.05051	1.05132	3752	0	2
2024.11.26	14:00:00	1.05132	1.05447	1.05101	1.05238	6417	0	2
2024.11.26	15:00:00	1.05237	1.05267	1.05002	1.05035	7095	0	2
2024.11.26	16:00:00	1.05035	1.05059	1.04896	1.05031	6619	0	2
2024.11.26	17:00:00	1.05033	1.05099	1.04785	1.04796	7427	0	2
2024.11.26	18:00:00	1.04797	1.04863	1.04635	1.04800	5984	0	2
2024.11.26	19:00:00	1.04800	1.04807	1.04642	1.04704	4111	0	2
2024.11.26	20:00:00	1.04704	1.04745	1.04572	1.04651	3424	0	2
2024.11.26	21:00:00	1.04655	1.04808	1.04581	1.04726	4698	0	2
2024.11.26	22:00:00	1.04727	1.04821	1.04716	1.04810	2966	0	2
2024.11.26	23:00:00	1.04809	1.04901	1.04808	1.04897	1515	0	2
2024.11.27	00:00:00	1.04840	1.04876	1.04840	1.04872	1045	0	5
2024.11.27	01:00:00	1.04872	1.04918	1.04861	1.04917	964	0	2
2024.11.27	02:00:00	1.04917	1.04966	1.04887	1.04892	2152	0	2
2024.11.27	03:00:00	1.04893	1.04928	1.04849	1.04868	3642	0	2
2024.11.27	04:00:00	1.04868	1.04882	1.04814	1.04855	2031	0	2
2024.11.27	05:00:00	1.04855	1.04858	1.04776	1.04829	1659	0	2
2024.11.27	06:00:00	1.04829	1.04839	1.04773	1.04786	1222	0	2
2024.11.27	07:00:00	1.04786	1.04801	1.04743	1.04768	1475	0	2
2024.11.27	08:00:00	1.04768	1.04863	1.04753	1.04797	2152	0	2
2024.11.27	09:00:00	1.04797	1.05053	1.04796	1.04982	4384	0	2
2024.11.27	10:00:00	1.04981	1.05403	1.04961	1.05142	8395	0	2
2024.11.27	11:00:00	1.05142	1.05185	1.05091	1.05164	4988	0	2
2024.11.27	12:00:00	1.05164	1.05306	1.05126	1.05277	4349	0	2
2024.11.27	13:00:00	1.05278	1.05306	1.05104	1.05260	3745	0	2
2024.11.27	14:00:00	1.05260	1.05378	1.05199	1.05279	4649	0	2
2024.11.27	15:00:00	1.05279	1.05737	1.05270	1.05727	7596	0	2
2024.11.27	16:00:00	1.05728	1.05787	1.05483	1.05539	6997	0	2
2024.11.27	17:00:00	1.05550	1.05797	1.05330	1.05705	7913	0	2
2024.11.27	18:00:00	1.05704	1.05847	1.05550	1.05742	6681	0	2
2024.11.27	19:00:00	1.05742	1.05877	1.05712	1.05763	4527	0	2
2024.11.27	20:00:00	1.05764	1.05787	1.05653	1.05662	2661	0	2
2024.11.27	21:00:00	1.05663	1.05710	1.05604	1.05628	2586	0	2
2024.11.27	22:00:00	1.05628	1.05667	1.05593	1.05655	2628	0	2
2024.11.27	23:00:00	1.05654	1.05682	1.05626	1.05658	1330	0	2
2024.11.28	00:00:00	1.05629	1.05692	1.05623	1.05671	514	0	9
2024.11.28	01:00:00	1.05671	1.05698	1.05609	1.05619	1035	0	2
2024.11.28	02:00:00	1.05619	1.05624	1.05510	1.05519	2147	0	2
2024.11.28	03:00:00	1.05518	1.05628	1.05474	1.05572	3372	0	2
2024.11.28	04:00:00	1.05574	1.05611	1.05513	1.05571	2476	0	2
2024.11.28	05:00:00	1.05569	1.05579	1.05501	1.05524	1624	0	2
2024.11.28	06:00:00	1.05525	1.05573	1.05487	1.05547	1473	0	2
2024.11.28	07:00:00	1.05549	1.05581	1.05495	1.05499	1189	0	2
2024.11.28	08:00:00	1.05499	1.05519	1.05428	1.05484	2203	0	2
2024.11.28	09:00:00	1.05484	1.05553	1.05319	1.05413	4067	0	2
2024.11.28	10:00:00	1.05413	1.05495	1.05273	1.05444	6148	0	2
2024.11.28	11:00:00	1.05443	1.05564	1.05311	1.05319	6397	0	2
2024.11.28	12:00:00	1.05320	1.05506	1.05300	1.05505	3937	0	2
2024.11.28	13:00:00	1.05506	1.05563	1.05455	1.05499	2851	0	2
2024.11.28	14:00:00	1.05500	1.05539	1.05438	1.05450	3116	0	2
2024.11.28	15:00:00	1.05447	1.05477	1.05303	1.05340	4668	0	2
2024.11.28	16:00:00	1.05340	1.05495	1.05314	1.05493	4241	0	2
2024.11.28	17:00:00	1.05492	1.05571	1.05418	1.05525	4127	0	2
2024.11.28	18:00:00	1.05524	1.05548	1.05474	1.05539	2205	0	2
2024.11.28	19:00:00	1.05539	1.05553	1.05504	1.05526	1112	0	2
2024.11.28	20:00:00	1.05526	1.05567	1.05519	1.05553	491	0	3
2024.11.28	21:00:00	1.05553	1.05567	1.05539	1.05566	333	0	3
2024.11.28	22:00:00	1.05566	1.05570	1.05536	1.05546	419	0	3
2024.11.28	23:00:00	1.05547	1.05566	1.05546	1.05549	292	0	4
2024.11.29	00:00:00	1.05480	1.05554	1.05477	1.05521	570	0	5
2024.11.29	01:00:00	1.05521	1.05623	1.05518	1.05601	1242	0	2
2024.11.29	02:00:00	1.05601	1.05718	1.05586	1.05624	2714	0	2
2024.11.29	03:00:00	1.05625	1.05749	1.05565	1.05599	4643	0	2
2024.11.29	04:00:00	1.05598	1.05742	1.05590	1.05710	2574	0	2
2024.11.29	05:00:00	1.05712	1.05758	1.05659	1.05737	2101	0	2
2024.11.29	06:00:00	1.05738	1.05768	1.05683	1.05701	1746	0	2
2024.11.29	07:00:00	1.05701	1.05742	1.05662	1.05680	2233	0	2
2024.11.29	08:00:00	1.05679	1.05807	1.05653	1.05801	2376	0	2
2024.11.29	09:00:00	1.05801	1.05972	1.05752	1.05796	5712	0	2
2024.11.29	10:00:00	1.05795	1.05820	1.05638	1.05700	5469	0	2
2024.11.29	11:00:00	1.05701	1.05813	1.05518	1.05580	5979	0	2
2024.11.29	12:00:00	1.05577	1.05733	1.05564	1.05647	5635	0	2
2024.11.29	13:00:00	1.05646	1.05677	1.05550	1.05626	4331	0	2
2024.11.29	14:00:00	1.05626	1.05656	1.05480	1.05643	5134	0	2
2024.11.29	15:00:00	1.05643	1.05685	1.05553	1.05629	5177	0	2
2024.11.29	16:00:00	1.05628	1.05645	1.05454	1.05532	5199	0	2
2024.11.29	17:00:00	1.05531	1.05677	1.05459	1.05613	7147	0	2
2024.11.29	18:00:00	1.05613	1.05630	1.05414	1.05465	6080	0	2
2024.11.29	19:00:00	1.05465	1.05677	1.05435	1.05672	4138	0	2
2024.11.29	20:00:00	1.05675	1.05780	1.05674	1.05750	3269	0	3
2024.11.29	21:00:00	1.05751	1.05799	1.05722	1.05797	3454	0	3
2024.11.29	22:00:00	1.05798	1.05845	1.05786	1.05822	2860	0	3
2024.11.29	23:00:00	1.05823	1.05830	1.05736	1.05773	3967	0	4
2024.12.02	00:00:00	1.05669	1.05700	1.05611	1.05626	1370	0	19
2024.12.02	01:00:00	1.05626	1.05668	1.05335	1.05440	3397	0	2
2024.12.02	02:00:00	1.05440	1.05463	1.05313	1.05362	3311	0	2
2024.12.02	03:00:00	1.05361	1.05391	1.05279	1.05304	3790	0	2
2024.12.02	04:00:00	1.05304	1.05320	1.05199	1.05253	3123	0	2
2024.12.02	05:00:00	1.05254	1.05269	1.05200	1.05234	2363	0	2
2024.12.02	06:00:00	1.05233	1.05291	1.05189	1.05233	1734	0	2
2024.12.02	07:00:00	1.05233	1.05283	1.05152	1.05219	2403	0	2
2024.12.02	08:00:00	1.05218	1.05363	1.05213	1.05328	3470	0	2
2024.12.02	09:00:00	1.05328	1.05371	1.05018	1.05027	6410	0	2
2024.12.02	10:00:00	1.05028	1.05124	1.04959	1.05021	6655	0	2
2024.12.02	11:00:00	1.05023	1.05192	1.05022	1.05136	5037	0	2
2024.12.02	12:00:00	1.05136	1.05237	1.05062	1.05217	5033	0	2
2024.12.02	13:00:00	1.05217	1.05286	1.05202	1.05230	3830	0	2
2024.12.02	14:00:00	1.05230	1.05384	1.04949	1.05009	5345	0	2
2024.12.02	15:00:00	1.05009	1.05143	1.04960	1.05056	5927	0	2
2024.12.02	16:00:00	1.05060	1.05146	1.04724	1.04737	7048	0	2
2024.12.02	17:00:00	1.04687	1.04807	1.04620	1.04691	8687	0	2
2024.12.02	18:00:00	1.04691	1.04978	1.04606	1.04835	7491	0	2
2024.12.02	19:00:00	1.04835	1.04989	1.04801	1.04876	4357	0	2
2024.12.02	20:00:00	1.04877	1.04931	1.04846	1.04897	3118	0	2
2024.12.02	21:00:00	1.04896	1.04944	1.04874	1.04903	2911	0	2
2024.12.02	22:00:00	1.04903	1.05160	1.04886	1.05000	3712	0	2
2024.12.02	23:00:00	1.05000	1.05029	1.04965	1.04977	962	0	2
2024.12.03	00:00:00	1.04971	1.04997	1.04932	1.04954	548	0	25
2024.12.03	01:00:00	1.04954	1.05015	1.04954	1.05008	1274	0	2
2024.12.03	02:00:00	1.05007	1.05014	1.04886	1.04910	2401	0	2
2024.12.03	03:00:00	1.04910	1.04971	1.04841	1.04878	3354	0	2
2024.12.03	04:00:00	1.04879	1.04922	1.04822	1.04893	2604	0	2
2024.12.03	05:00:00	1.04893	1.04945	1.04868	1.04904	2189	0	2
2024.12.03	06:00:00	1.04903	1.04914	1.04843	1.04854	1762	0	2
2024.12.03	07:00:00	1.04854	1.04924	1.04808	1.04914	1757	0	2
2024.12.03	08:00:00	1.04915	1.04947	1.04833	1.04878	2344	0	2
2024.12.03	09:00:00	1.04878	1.05115	1.04862	1.04979	3487	0	2
2024.12.03	10:00:00	1.04982	1.05279	1.04972	1.05254	4859	0	2
2024.12.03	11:00:00	1.05253	1.05308	1.05164	1.05204	4013	0	2
2024.12.03	12:00:00	1.05204	1.05298	1.05120	1.05147	3021	0	2
2024.12.03	13:00:00	1.05145	1.05274	1.05138	1.05226	3055	0	2
2024.12.03	14:00:00	1.05226	1.05244	1.05069	1.05076	3383	0	2
2024.12.03	15:00:00	1.05077	1.05269	1.05062	1.05239	4016	0	2
2024.12.03	16:00:00	1.05244	1.05290	1.05170	1.05195	5362	0	2
2024.12.03	17:00:00	1.05195	1.05195	1.04921	1.05167	6457	0	2
2024.12.03	18:00:00	1.05166	1.05195	1.05031	1.05175	4229	0	2
2024.12.03	19:00:00	1.05176	1.05303	1.05082	1.05284	3333	0	2
2024.12.03	20:00:00	1.05281	1.05349	1.05248	1.05278	2768	0	2
2024.12.03	21:00:00	1.05278	1.05289	1.05045	1.05045	2299	0	2
2024.12.03	22:00:00	1.05045	1.05126	1.05027	1.05090	2237	0	2
2024.12.03	23:00:00	1.05085	1.05117	1.05070	1.05093	919	0	2
2024.12.04	00:00:00	1.05052	1.05086	1.05036	1.05082	535	0	25
2024.12.04	01:00:00	1.05082	1.05110	1.05058	1.05100	1119	0	2
2024.12.04	02:00:00	1.05100	1.05121	1.04971	1.04991	2202	0	2
2024.12.04	03:00:00	1.04990	1.05125	1.04972	1.05060	3009	0	2
2024.12.04	04:00:00	1.05060	1.05081	1.04977	1.05002	2806	0	2
2024.12.04	05:00:00	1.05002	1.05005	1.04879	1.04937	2327	0	2
2024.12.04	06:00:00	1.04937	1.05137	1.04908	1.05109	2258	0	2
2024.12.04	07:00:00	1.05109	1.05203	1.05095	1.05150	2065	0	2
2024.12.04	08:00:00	1.05150	1.05291	1.05103	1.05229	2441	0	2
2024.12.04	09:00:00	1.05229	1.05266	1.05073	1.05091	3293	0	2
2024.12.04	10:00:00	1.05088	1.05149	1.04903	1.04912	3878	0	2
2024.12.04	11:00:00	1.04913	1.05063	1.04825	1.05029	4437	0	2
2024.12.04	12:00:00	1.05031	1.05094	1.04958	1.04992	3103	0	2
2024.12.04	13:00:00	1.04992	1.05125	1.04973	1.05049	2709	0	2
2024.12.04	14:00:00	1.05047	1.05050	1.04879	1.04911	3187	0	2
2024.12.04	15:00:00	1.04911	1.04975	1.04792	1.04833	5109	0	2
2024.12.04	16:00:00	1.04835	1.04987	1.04723	1.04943	4858	0	2
2024.12.04	17:00:00	1.04943	1.05441	1.04942	1.05293	7940	0	2
2024.12.04	18:00:00	1.05294	1.05368	1.05202	1.05267	4753	0	2
2024.12.04	19:00:00	1.05267	1.05426	1.05250	1.05373	2955	0	2
2024.12.04	20:00:00	1.05373	1.05389	1.05152	1.05163	2604	0	2
2024.12.04	21:00:00	1.05161	1.05291	1.05071	1.05138	4297	0	2
2024.12.04	22:00:00	1.05140	1.05174	1.05048	1.05130	2486	0	2
2024.12.04	23:00:00	1.05131	1.05158	1.05070	1.05083	980	0	2
2024.12.05	00:00:00	1.05085	1.05116	1.05073	1.05095	655	0	25
2024.12.05	01:00:00	1.05100	1.05156	1.05078	1.05125	1067	0	2
2024.12.05	02:00:00	1.05124	1.05159	1.05081	1.05141	2034	0	2
2024.12.05	03:00:00	1.05143	1.05159	1.05090	1.05122	2399	0	2
2024.12.05	04:00:00	1.05123	1.05228	1.05105	1.05199	2030	0	2
2024.12.05	05:00:00	1.05199	1.05232	1.05157	1.05229	1500	0	2
2024.12.05	06:00:00	1.05229	1.05256	1.05172	1.05182	1192	0	2
2024.12.05	07:00:00	1.05182	1.05289	1.05173	1.05266	2009	0	2
2024.12.05	08:00:00	1.05266	1.05298	1.05228	1.05257	1936	0	2
2024.12.05	09:00:00	1.05257	1.05387	1.05248	1.05353	2648	0	2
2024.12.05	10:00:00	1.05354	1.05464	1.05291	1.05300	3633	0	2
2024.12.05	11:00:00	1.05302	1.05346	1.05213	1.05286	2992	0	2
2024.12.05	12:00:00	1.05279	1.05353	1.05251	1.05260	2913	0	2
2024.12.05	13:00:00	1.05260	1.05380	1.05234	1.05364	2649	0	2
2024.12.05	14:00:00	1.05365	1.05387	1.05237	1.05369	3271	0	2
2024.12.05	15:00:00	1.05369	1.05683	1.05331	1.05670	5947	0	2
2024.12.05	16:00:00	1.05670	1.05895	1.05657	1.05755	5687	0	2
2024.12.05	17:00:00	1.05755	1.05800	1.05508	1.05722	5293	0	2
2024.12.05	18:00:00	1.05722	1.05784	1.05647	1.05704	4167	0	2
2024.12.05	19:00:00	1.05704	1.05746	1.05574	1.05676	3033	0	2
2024.12.05	20:00:00	1.05676	1.05696	1.05568	1.05681	2515	0	2
2024.12.05	21:00:00	1.05686	1.05886	1.05686	1.05873	2826	0	2
2024.12.05	22:00:00	1.05873	1.05882	1.05809	1.05844	1946	0	2
2024.12.05	23:00:00	1.05838	1.05879	1.05819	1.05867	840	0	2
2024.12.06	00:00:00	1.05870	1.05875	1.05837	1.05865	663	0	25
2024.12.06	01:00:00	1.05868	1.05880	1.05838	1.05864	1432	0	2
2024.12.06	02:00:00	1.05864	1.05865	1.05763	1.05773	2185	0	2
2024.12.06	03:00:00	1.05771	1.05781	1.05659	1.05685	2361	0	2
2024.12.06	04:00:00	1.05685	1.05782	1.05683	1.05770	2506	0	2
2024.12.06	05:00:00	1.05770	1.05803	1.05728	1.05759	2051	0	2
2024.12.06	06:00:00	1.05759	1.05771	1.05724	1.05754	1397	0	2
2024.12.06	07:00:00	1.05754	1.05754	1.05687	1.05722	1598	0	2
2024.12.06	08:00:00	1.05722	1.05780	1.05692	1.05744	1893	0	2
2024.12.06	09:00:00	1.05748	1.05845	1.05675	1.05837	3015	0	2
2024.12.06	10:00:00	1.05837	1.05941	1.05763	1.05820	3370	0	2
2024.12.06	11:00:00	1.05819	1.05834	1.05712	1.05771	2899	0	2
2024.12.06	12:00:00	1.05773	1.05848	1.05714	1.05824	2658	0	2
2024.12.06	13:00:00	1.05824	1.05888	1.05767	1.05870	2368	0	2
2024.12.06	14:00:00	1.05870	1.05886	1.05805	1.05813	2946	0	2
2024.12.06	15:00:00	1.05813	1.06297	1.05791	1.06042	7037	0	2
2024.12.06	16:00:00	1.06043	1.06071	1.05678	1.05776	7643	0	2
2024.12.06	17:00:00	1.05780	1.05787	1.05440	1.05634	5630	0	2
2024.12.06	18:00:00	1.05633	1.05756	1.05539	1.05624	4149	0	2
2024.12.06	19:00:00	1.05623	1.05623	1.05470	1.05511	3168	0	2
2024.12.06	20:00:00	1.05511	1.05610	1.05461	1.05493	2121	0	2
2024.12.06	21:00:00	1.05493	1.05552	1.05423	1.05544	1796	0	2
2024.12.06	22:00:00	1.05548	1.05639	1.05539	1.05636	1789	0	2
2024.12.06	23:00:00	1.05635	1.05682	1.05615	1.05669	898	0	2
2024.12.09	00:00:00	1.05570	1.05625	1.05563	1.05613	680	0	30
2024.12.09	01:00:00	1.05626	1.05694	1.05596	1.05656	1240	0	2
2024.12.09	02:00:00	1.05655	1.05658	1.05555	1.05593	1913	0	2
2024.12.09	03:00:00	1.05593	1.05608	1.05510	1.05519	2145	0	2
2024.12.09	04:00:00	1.05519	1.05562	1.05504	1.05548	1942	0	2
2024.12.09	05:00:00	1.05548	1.05564	1.05363	1.05371	1613	0	2
2024.12.09	06:00:00	1.05373	1.05399	1.05321	1.05348	1805	0	2
2024.12.09	07:00:00	1.05348	1.05383	1.05336	1.05372	1667	0	2
2024.12.09	08:00:00	1.05372	1.05449	1.05364	1.05443	2120	0	2
2024.12.09	09:00:00	1.05443	1.05664	1.05411	1.05642	3870	0	2
2024.12.09	10:00:00	1.05642	1.05705	1.05566	1.05674	4332	0	2
2024.12.09	11:00:00	1.05675	1.05751	1.05616	1.05662	3237	0	2
2024.12.09	12:00:00	1.05662	1.05854	1.05662	1.05804	2892	0	2
2024.12.09	13:00:00	1.05803	1.05850	1.05675	1.05688	2346	0	2
2024.12.09	14:00:00	1.05688	1.05714	1.05578	1.05655	2846	0	2
2024.12.09	15:00:00	1.05656	1.05777	1.05582	1.05761	4523	0	2
2024.12.09	16:00:00	1.05761	1.05847	1.05715	1.05781	4366	0	2
2024.12.09	17:00:00	1.05781	1.05929	1.05717	1.05911	4303	0	2
2024.12.09	18:00:00	1.05912	1.05943	1.05681	1.05703	3074	0	2
2024.12.09	19:00:00	1.05703	1.05745	1.05666	1.05668	2084	0	2
2024.12.09	20:00:00	1.05668	1.05676	1.05605	1.05636	1905	0	2
2024.12.09	21:00:00	1.05636	1.05645	1.05516	1.05552	1775	0	2
2024.12.09	22:00:00	1.05552	1.05575	1.05471	1.05499	1737	0	2
2024.12.09	23:00:00	1.05498	1.05549	1.05497	1.05530	890	0	2
2024.12.10	00:00:00	1.05541	1.05548	1.05510	1.05539	876	0	25
2024.12.10	01:00:00	1.05548	1.05571	1.05527	1.05542	896	0	2
2024.12.10	02:00:00	1.05542	1.05543	1.05490	1.05530	1647	0	2
2024.12.10	03:00:00	1.05532	1.05538	1.05451	1.05529	2238	0	2
2024.12.10	04:00:00	1.05530	1.05615	1.05516	1.05533	2499	0	2
2024.12.10	05:00:00	1.05532	1.05577	1.05488	1.05564	2299	0	2
2024.12.10	06:00:00	1.05564	1.05600	1.05561	1.05573	1830	0	2
2024.12.10	07:00:00	1.05573	1.05626	1.05541	1.05621	1916	0	2
2024.12.10	08:00:00	1.05621	1.05682	1.05608	1.05666	1964	0	2
2024.12.10	09:00:00	1.05661	1.05666	1.05470	1.05487	2487	0	2
2024.12.10	10:00:00	1.05488	1.05516	1.05377	1.05377	3243	0	2
2024.12.10	11:00:00	1.05377	1.05383	1.05232	1.05311	3491	0	2
2024.12.10	12:00:00	1.05309	1.05379	1.05258	1.05280	3104	0	2
2024.12.10	13:00:00	1.05280	1.05330	1.05239	1.05314	3231	0	2
2024.12.10	14:00:00	1.05315	1.05338	1.05202	1.05306	3689	0	2
2024.12.10	15:00:00	1.05307	1.05319	1.05157	1.05230	4414	0	2
2024.12.10	16:00:00	1.05228	1.05312	1.05195	1.05196	4719	0	2
2024.12.10	17:00:00	1.05197	1.05257	1.04984	1.05037	6301	0	2
2024.12.10	18:00:00	1.05039	1.05126	1.04996	1.05117	4413	0	2
2024.12.10	19:00:00	1.05117	1.05166	1.05046	1.05097	2867	0	2
2024.12.10	20:00:00	1.05097	1.05267	1.05086	1.05255	2686	0	2
2024.12.10	21:00:00	1.05256	1.05312	1.05241	1.05268	2224	0	2
2024.12.10	22:00:00	1.05269	1.05307	1.05239	1.05264	1910	0	2
2024.12.10	23:00:00	1.05265	1.05287	1.05236	1.05265	901	0	2
2024.12.11	00:00:00	1.05268	1.05287	1.05260	1.05281	308	0	5
2024.12.11	01:00:00	1.05281	1.05319	1.05277	1.05312	733	0	2
2024.12.11	02:00:00	1.05312	1.05323	1.05275	1.05288	1374	0	2
2024.12.11	03:00:00	1.05289	1.05357	1.05281	1.05347	2239	0	2
2024.12.11	04:00:00	1.05346	1.05393	1.05330	1.05368	1891	0	2
2024.12.11	05:00:00	1.05368	1.05378	1.05277	1.05282	1535	0	2
2024.12.11	06:00:00	1.05280	1.05304	1.05204	1.05246	1372	0	2
2024.12.11	07:00:00	1.05245	1.05269	1.05209	1.05240	1326	0	2
2024.12.11	08:00:00	1.05241	1.05281	1.05222	1.05261	1528	0	2
2024.12.11	09:00:00	1.05260	1.05284	1.04880	1.04898	6303	0	2
2024.12.11	10:00:00	1.04899	1.05126	1.04895	1.05056	4518	0	2
2024.12.11	11:00:00	1.05055	1.05097	1.04965	1.05005	5418	0	2
2024.12.11	12:00:00	1.05004	1.05015	1.04870	1.04951	4189	0	2
2024.12.11	13:00:00	1.04951	1.05053	1.04902	1.05034	3416	0	2
2024.12.11	14:00:00	1.05034	1.05181	1.05000	1.05030	4281	0	2
2024.12.11	15:00:00	1.05030	1.05373	1.05027	1.05242	7763	0	2
2024.12.11	16:00:00	1.05241	1.05291	1.04941	1.05009	8218	0	2
2024.12.11	17:00:00	1.05009	1.05082	1.04801	1.04906	7497	0	2
2024.12.11	18:00:00	1.04908	1.05120	1.04853	1.05078	4804	0	2
2024.12.11	19:00:00	1.05078	1.05117	1.04861	1.04877	3708	0	2
2024.12.11	20:00:00	1.04876	1.05000	1.04831	1.04845	4191	0	2
2024.12.11	21:00:00	1.04843	1.04942	1.04815	1.04912	2822	0	2
2024.12.11	22:00:00	1.04913	1.04952	1.04883	1.04924	2204	0	2
2024.12.11	23:00:00	1.04926	1.04973	1.04922	1.04955	1117	0	2
2024.12.12	00:00:00	1.04929	1.04972	1.04905	1.04963	546	0	10
2024.12.12	01:00:00	1.04963	1.05066	1.04963	1.05055	795	0	2
2024.12.12	02:00:00	1.05055	1.05086	1.05022	1.05056	2293	0	2
2024.12.12	03:00:00	1.05057	1.05088	1.05032	1.05061	2261	0	2
2024.12.12	04:00:00	1.05061	1.05074	1.05019	1.05034	1588	0	2
2024.12.12	05:00:00	1.05035	1.05086	1.05008	1.05053	1358	0	2
2024.12.12	06:00:00	1.05053	1.05090	1.05043	1.05090	960	0	2
2024.12.12	07:00:00	1.05090	1.05094	1.05032	1.05064	1702	0	2
2024.12.12	08:00:00	1.05065	1.05142	1.05043	1.05141	1678	0	2
2024.12.12	09:00:00	1.05142	1.05309	1.05125	1.05163	4494	0	2
2024.12.12	10:00:00	1.05159	1.05207	1.05046	1.05091	5184	0	2
2024.12.12	11:00:00	1.05090	1.05174	1.05054	1.05100	4267	0	2
2024.12.12	12:00:00	1.05100	1.05143	1.04953	1.04967	3615	0	2
2024.12.12	13:00:00	1.04967	1.05076	1.04943	1.05024	3934	0	2
2024.12.12	14:00:00	1.05025	1.05039	1.04886	1.04889	3768	0	2
2024.12.12	15:00:00	1.04889	1.05019	1.04694	1.04847	9059	0	2
2024.12.12	16:00:00	1.04853	1.05202	1.04720	1.05193	9735	0	2
2024.12.12	17:00:00	1.05193	1.05211	1.04636	1.04728	8796	0	2
2024.12.12	18:00:00	1.04728	1.05157	1.04717	1.05132	5471	0	2
2024.12.12	19:00:00	1.05135	1.05173	1.04950	1.05007	4338	0	2
2024.12.12	20:00:00	1.05007	1.05023	1.04820	1.04826	3968	0	2
2024.12.12	21:00:00	1.04825	1.04852	1.04724	1.04726	3090	0	2
2024.12.12	22:00:00	1.04726	1.04747	1.04646	1.04673	2325	0	2
2024.12.12	23:00:00	1.04672	1.04720	1.04642	1.04672	983	0	2
2024.12.13	00:00:00	1.04678	1.04709	1.04664	1.04698	1035	0	9
2024.12.13	01:00:00	1.04698	1.04740	1.04646	1.04737	930	0	2
2024.12.13	02:00:00	1.04737	1.04804	1.04699	1.04794	2345	0	2
2024.12.13	03:00:00	1.04793	1.04808	1.04634	1.04652	3010	0	2
2024.12.13	04:00:00	1.04651	1.04667	1.04601	1.04605	2335	0	2
2024.12.13	05:00:00	1.04605	1.04652	1.04596	1.04602	1493	0	2
2024.12.13	06:00:00	1.04602	1.04637	1.04562	1.04637	1593	0	2
2024.12.13	07:00:00	1.04637	1.04657	1.04604	1.04652	1312	0	2
2024.12.13	08:00:00	1.04653	1.04661	1.04566	1.04655	2091	0	2
2024.12.13	09:00:00	1.04655	1.04655	1.04529	1.04593	4606	0	2
2024.12.13	10:00:00	1.04594	1.04717	1.04564	1.04686	4258	0	2
2024.12.13	11:00:00	1.04686	1.04940	1.04663	1.04866	4086	0	2
2024.12.13	12:00:00	1.04872	1.04957	1.04833	1.04871	4709	0	2
2024.12.13	13:00:00	1.04870	1.04945	1.04861	1.04888	3409	0	2
2024.12.13	14:00:00	1.04888	1.05195	1.04879	1.05159	4648	0	2
2024.12.13	15:00:00	1.05159	1.05242	1.05088	1.05103	5368	0	2
2024.12.13	16:00:00	1.05103	1.05104	1.04886	1.04906	4806	0	2
2024.12.13	17:00:00	1.04906	1.04956	1.04822	1.04891	5632	0	2
2024.12.13	18:00:00	1.04890	1.05061	1.04868	1.04978	4324	0	2
2024.12.13	19:00:00	1.04978	1.05041	1.04911	1.04962	3482	0	2
2024.12.13	20:00:00	1.04963	1.04987	1.04891	1.04959	3017	0	2
2024.12.13	21:00:00	1.04959	1.05025	1.04919	1.04947	2320	0	2
2024.12.13	22:00:00	1.04951	1.04975	1.04927	1.04970	2060	0	2
2024.12.13	23:00:00	1.04971	1.05042	1.04958	1.05035	1009	0	2
2024.12.16	00:00:00	1.04857	1.05004	1.04839	1.04929	1643	0	21
2024.12.16	01:00:00	1.04929	1.05109	1.04929	1.05095	1399	0	2
2024.12.16	02:00:00	1.05094	1.05189	1.05093	1.05145	2075	0	2
2024.12.16	03:00:00	1.05144	1.05213	1.05123	1.05188	2059	0	2
2024.12.16	04:00:00	1.05190	1.05230	1.05097	1.05126	1898	0	2
2024.12.16	05:00:00	1.05127	1.05151	1.05097	1.05119	1614	0	2
2024.12.16	06:00:00	1.05121	1.05165	1.05118	1.05158	1122	0	2
2024.12.16	07:00:00	1.05159	1.05215	1.05157	1.05196	1254	0	2
2024.12.16	08:00:00	1.05194	1.05207	1.05117	1.05136	2097	0	2
2024.12.16	09:00:00	1.05136	1.05209	1.05042	1.05048	3203	0	2
2024.12.16	10:00:00	1.05048	1.05246	1.05001	1.05086	5532	0	2
2024.12.16	11:00:00	1.05100	1.05209	1.05034	1.05051	4335	0	2
2024.12.16	12:00:00	1.05051	1.05062	1.04884	1.04889	3351	0	2
2024.12.16	13:00:00	1.04890	1.04925	1.04832	1.04906	2569	0	2
2024.12.16	14:00:00	1.04906	1.04999	1.04897	1.04906	3119	0	2
2024.12.16	15:00:00	1.04904	1.05082	1.04904	1.05076	4031	0	2
2024.12.16	16:00:00	1.05074	1.05081	1.04744	1.04826	5748	0	2
2024.12.16	17:00:00	1.04826	1.05126	1.04826	1.05065	5400	0	2
2024.12.16	18:00:00	1.05066	1.05132	1.04951	1.05113	4649	0	2
2024.12.16	19:00:00	1.05114	1.05206	1.05055	1.05111	3649	0	2
2024.12.16	20:00:00	1.05112	1.05216	1.05058	1.05204	2438	0	2
2024.12.16	21:00:00	1.05204	1.05225	1.05064	1.05098	2301	0	2
2024.12.16	22:00:00	1.05100	1.05111	1.05067	1.05080	1684	0	2
2024.12.16	23:00:00	1.05079	1.05153	1.05066	1.05143	767	0	2
2024.12.17	00:00:00	1.05112	1.05119	1.05077	1.05098	792	0	5
2024.12.17	01:00:00	1.05098	1.05185	1.05088	1.05170	847	0	2
2024.12.17	02:00:00	1.05170	1.05343	1.05150	1.05288	1939	0	2
2024.12.17	03:00:00	1.05286	1.05299	1.05187	1.05214	2201	0	2
2024.12.17	04:00:00	1.05214	1.05269	1.05167	1.05171	2032	0	2
2024.12.17	05:00:00	1.05172	1.05194	1.05113	1.05122	1215	0	2
2024.12.17	06:00:00	1.05123	1.05124	1.05078	1.05082	915	0	2
2024.12.17	07:00:00	1.05081	1.05101	1.05025	1.05047	1621	0	2
2024.12.17	08:00:00	1.05047	1.05078	1.04974	1.05028	2651	0	2
2024.12.17	09:00:00	1.05027	1.05092	1.04955	1.04975	3811	0	2
2024.12.17	10:00:00	1.04974	1.05000	1.04850	1.04892	4321	0	2
2024.12.17	11:00:00	1.04891	1.04892	1.04804	1.04854	4183	0	2
2024.12.17	12:00:00	1.04855	1.04897	1.04791	1.04879	3892	0	2
2024.12.17	13:00:00	1.04880	1.04939	1.04839	1.04913	3252	0	2
2024.12.17	14:00:00	1.04912	1.05015	1.04882	1.05012	3535	0	2
2024.12.17	15:00:00	1.05012	1.05066	1.04918	1.05048	5674	0	2
2024.12.17	16:00:00	1.05048	1.05115	1.04977	1.05050	6079	0	2
2024.12.17	17:00:00	1.05050	1.05093	1.04956	1.04987	5656	0	2
2024.12.17	18:00:00	1.04989	1.05061	1.04944	1.05051	4318	0	2
2024.12.17	19:00:00	1.05051	1.05159	1.04981	1.04997	3984	0	2
2024.12.17	20:00:00	1.04997	1.05042	1.04901	1.04933	3030	0	2
2024.12.17	21:00:00	1.04934	1.04953	1.04879	1.04885	2281	0	2
2024.12.17	22:00:00	1.04885	1.04906	1.04851	1.04882	2016	0	2
2024.12.17	23:00:00	1.04882	1.04929	1.04866	1.04914	821	0	2
2024.12.18	00:00:00	1.04922	1.04943	1.04912	1.04926	236	0	7
2024.12.18	01:00:00	1.04930	1.04953	1.04918	1.04945	701	0	2
2024.12.18	02:00:00	1.04945	1.05028	1.04928	1.04993	1752	0	2
2024.12.18	03:00:00	1.04992	1.05027	1.04955	1.05021	2002	0	2
2024.12.18	04:00:00	1.05022	1.05037	1.04962	1.05009	1641	0	2
2024.12.18	05:00:00	1.05010	1.05029	1.04987	1.04992	1427	0	2
2024.12.18	06:00:00	1.04991	1.05057	1.04961	1.05030	1378	0	2
2024.12.18	07:00:00	1.05029	1.05047	1.05001	1.05023	1270	0	2
2024.12.18	08:00:00	1.05022	1.05118	1.05016	1.05112	1780	0	2
2024.12.18	09:00:00	1.05112	1.05127	1.04936	1.04969	3688	0	2
2024.12.18	10:00:00	1.04968	1.04990	1.04875	1.04934	3990	0	2
2024.12.18	11:00:00	1.04931	1.04984	1.04912	1.04942	3380	0	2
2024.12.18	12:00:00	1.04943	1.05002	1.04889	1.04985	3028	0	2
2024.12.18	13:00:00	1.04985	1.05036	1.04946	1.04966	2893	0	2
2024.12.18	14:00:00	1.04966	1.05021	1.04857	1.04905	3229	0	2
2024.12.18	15:00:00	1.04906	1.04985	1.04826	1.04921	4591	0	2
2024.12.18	16:00:00	1.04920	1.05031	1.04874	1.04965	5181	0	2
2024.12.18	17:00:00	1.04965	1.04987	1.04700	1.04738	4841	0	2
2024.12.18	18:00:00	1.04738	1.04808	1.04670	1.04690	4001	0	2
2024.12.18	19:00:00	1.04690	1.04800	1.04688	1.04753	3176	0	2
2024.12.18	20:00:00	1.04753	1.04923	1.04737	1.04872	2868	0	2
2024.12.18	21:00:00	1.04863	1.04863	1.03733	1.03769	11972	0	2
2024.12.18	22:00:00	1.03772	1.03803	1.03439	1.03650	9740	0	2
2024.12.18	23:00:00	1.03650	1.03759	1.03482	1.03492	3464	0	2
2024.12.19	00:00:00	1.03496	1.03525	1.03472	1.03503	1099	0	9
2024.12.19	01:00:00	1.03503	1.03606	1.03475	1.03507	2850	0	2
2024.12.19	02:00:00	1.03507	1.03800	1.03504	1.03732	4087	0	2
2024.12.19	03:00:00	1.03731	1.03800	1.03711	1.03780	3637	0	2
2024.12.19	04:00:00	1.03780	1.03905	1.03724	1.03901	3252	0	2
2024.12.19	05:00:00	1.03901	1.03908	1.03744	1.03783	2559	0	2
2024.12.19	06:00:00	1.03781	1.03821	1.03747	1.03789	1835	0	2
2024.12.19	07:00:00	1.03790	1.03855	1.03760	1.03819	2337	0	2
2024.12.19	08:00:00	1.03819	1.03881	1.03773	1.03852	4047	0	2
2024.12.19	09:00:00	1.03852	1.04095	1.03850	1.03949	6072	0	2
2024.12.19	10:00:00	1.03950	1.04093	1.03903	1.04084	6550	0	2
2024.12.19	11:00:00	1.04084	1.04223	1.04080	1.04124	6015	0	2
2024.12.19	12:00:00	1.04125	1.04158	1.04040	1.04053	4650	0	2
2024.12.19	13:00:00	1.04052	1.04154	1.03999	1.04032	4302	0	2
2024.12.19	14:00:00	1.04032	1.04103	1.03907	1.03936	6137	0	2
2024.12.19	15:00:00	1.03935	1.04140	1.03857	1.03990	7109	0	2
2024.12.19	16:00:00	1.03988	1.04071	1.03938	1.03957	6528	0	2
2024.12.19	17:00:00	1.03958	1.04018	1.03769	1.03800	7049	0	2
2024.12.19	18:00:00	1.03799	1.03845	1.03561	1.03567	6441	0	2
2024.12.19	19:00:00	1.03568	1.03763	1.03547	1.03615	5116	0	2
2024.12.19	20:00:00	1.03616	1.03755	1.03552	1.03740	4588	0	2
2024.12.19	21:00:00	1.03739	1.03772	1.03612	1.03612	3752	0	2
2024.12.19	22:00:00	1.03613	1.03692	1.03586	1.03680	3174	0	2
2024.12.19	23:00:00	1.03679	1.03679	1.03606	1.03629	995	0	2
2024.12.20	00:00:00	1.03615	1.03654	1.03612	1.03652	671	0	7
2024.12.20	01:00:00	1.03652	1.03658	1.03611	1.03645	1097	0	2
2024.12.20	02:00:00	1.03645	1.03692	1.03616	1.03650	2209	0	2
2024.12.20	03:00:00	1.03651	1.03675	1.03587	1.03635	2981	0	2
2024.12.20	04:00:00	1.03634	1.03648	1.03599	1.03635	2182	0	2
2024.12.20	05:00:00	1.03635	1.03656	1.03591	1.03619	1640	0	2
2024.12.20	06:00:00	1.03620	1.03630	1.03585	1.03588	1714	0	2
2024.12.20	07:00:00	1.03587	1.03667	1.03565	1.03663	1776	0	2
2024.12.20	08:00:00	1.03662	1.03774	1.03430	1.03751	4505	0	2
2024.12.20	09:00:00	1.03747	1.03854	1.03725	1.03828	5181	0	2
2024.12.20	10:00:00	1.03827	1.03985	1.03779	1.03921	4826	0	2
2024.12.20	11:00:00	1.03920	1.03923	1.03758	1.03827	4196	0	2
2024.12.20	12:00:00	1.03827	1.03931	1.03813	1.03918	3228	0	2
2024.12.20	13:00:00	1.03917	1.03974	1.03795	1.03914	3549	0	2
2024.12.20	14:00:00	1.03918	1.04003	1.03879	1.03895	4085	0	2
2024.12.20	15:00:00	1.03895	1.04190	1.03876	1.04074	6324	0	2
2024.12.20	16:00:00	1.04075	1.04087	1.03860	1.03938	7118	0	2
2024.12.20	17:00:00	1.03930	1.04073	1.03910	1.03968	7629	0	2
2024.12.20	18:00:00	1.03969	1.04351	1.03959	1.04281	6212	0	2
2024.12.20	19:00:00	1.04281	1.04448	1.04256	1.04285	5564	0	2
2024.12.20	20:00:00	1.04284	1.04429	1.04221	1.04368	3553	0	2
2024.12.20	21:00:00	1.04367	1.04474	1.04339	1.04447	3037	0	2
2024.12.20	22:00:00	1.04446	1.04471	1.04286	1.04287	2944	0	2
2024.12.20	23:00:00	1.04286	1.04334	1.04218	1.04284	1542	0	2
2024.12.23	00:00:00	1.04295	1.04448	1.04283	1.04339	925	0	21
2024.12.23	01:00:00	1.04339	1.04439	1.04302	1.04336	1803	0	2
2024.12.23	02:00:00	1.04337	1.04369	1.04306	1.04319	1608	0	2
2024.12.23	03:00:00	1.04319	1.04383	1.04267	1.04360	2036	0	2
2024.12.23	04:00:00	1.04360	1.04432	1.04359	1.04406	1637	0	2
2024.12.23	05:00:00	1.04406	1.04426	1.04383	1.04393	1151	0	2
2024.12.23	06:00:00	1.04393	1.04455	1.04388	1.04429	955	0	2
2024.12.23	07:00:00	1.04430	1.04442	1.04394	1.04402	1352	0	2
2024.12.23	08:00:00	1.04401	1.04420	1.04330	1.04339	1949	0	2
2024.12.23	09:00:00	1.04342	1.04368	1.04113	1.04127	2861	0	2
2024.12.23	10:00:00	1.04127	1.04189	1.04072	1.04179	3412	0	2
2024.12.23	11:00:00	1.04180	1.04196	1.04072	1.04078	2998	0	2
2024.12.23	12:00:00	1.04078	1.04099	1.03866	1.03899	3039	0	2
2024.12.23	13:00:00	1.03899	1.04011	1.03873	1.04001	2661	0	2
2024.12.23	14:00:00	1.04001	1.04014	1.03856	1.03954	3272	0	2
2024.12.23	15:00:00	1.03955	1.04028	1.03881	1.03994	4036	0	2
2024.12.23	16:00:00	1.03998	1.04085	1.03914	1.03938	4468	0	2
2024.12.23	17:00:00	1.03938	1.03968	1.03842	1.03909	4993	0	2
2024.12.23	18:00:00	1.03908	1.04105	1.03893	1.04079	3718	0	2
2024.12.23	19:00:00	1.04079	1.04179	1.03964	1.03974	2791	0	2
2024.12.23	20:00:00	1.03975	1.04125	1.03974	1.04087	2124	0	2
2024.12.23	21:00:00	1.04086	1.04122	1.03991	1.04114	2031	0	2
2024.12.23	22:00:00	1.04112	1.04143	1.04031	1.04058	1725	0	2
2024.12.23	23:00:00	1.04059	1.04080	1.04040	1.04059	963	0	2
2024.12.24	00:00:00	1.04051	1.04064	1.04022	1.04048	567	0	9
2024.12.24	01:00:00	1.04048	1.04086	1.04034	1.04042	725	0	2
2024.12.24	02:00:00	1.04042	1.04046	1.03980	1.04002	1056	0	2
2024.12.24	03:00:00	1.04004	1.04046	1.03997	1.04027	1148	0	2
2024.12.24	04:00:00	1.04027	1.04088	1.03965	1.03996	1280	0	2
2024.12.24	05:00:00	1.03996	1.04003	1.03886	1.03908	1696	0	2
2024.12.24	06:00:00	1.03909	1.03971	1.03908	1.03966	858	0	2
2024.12.24	07:00:00	1.03966	1.03975	1.03936	1.03969	971	0	2
2024.12.24	08:00:00	1.03969	1.03985	1.03925	1.03962	1014	0	2
2024.12.24	09:00:00	1.03962	1.03984	1.03902	1.03904	1589	0	2
2024.12.24	10:00:00	1.03905	1.04055	1.03899	1.03954	2220	0	2
2024.12.24	11:00:00	1.03953	1.03988	1.03902	1.03919	1937	0	2
2024.12.24	12:00:00	1.03919	1.03974	1.03891	1.03966	1630	0	2
2024.12.24	13:00:00	1.03965	1.04036	1.03916	1.03947	1678	0	2
2024.12.24	14:00:00	1.03947	1.04036	1.03890	1.03914	2339	0	2
2024.12.24	15:00:00	1.03913	1.04034	1.03894	1.04026	2671	0	2
2024.12.24	16:00:00	1.04025	1.04100	1.03953	1.04049	3433	0	2
2024.12.24	17:00:00	1.04050	1.04079	1.03906	1.03916	3605	0	2
2024.12.24	18:00:00	1.03916	1.03964	1.03873	1.03875	2676	0	2
2024.12.24	19:00:00	1.03875	1.03937	1.03835	1.03886	2391	0	2
2024.12.24	20:00:00	1.03884	1.03931	1.03868	1.03920	863	0	2
2024.12.24	21:00:00	1.03920	1.03976	1.03888	1.03922	1244	0	2
2024.12.24	22:00:00	1.03920	1.04000	1.03879	1.03970	1704	0	5
2024.12.24	23:00:00	1.03968	1.04026	1.03895	1.03919	886	0	2
2024.12.26	00:00:00	1.04004	1.04047	1.03985	1.04008	601	0	15
2024.12.26	01:00:00	1.04008	1.04031	1.03956	1.03990	1264	0	2
2024.12.26	02:00:00	1.03990	1.04010	1.03929	1.03966	1775	0	2
2024.12.26	03:00:00	1.03967	1.04001	1.03943	1.03970	2749	0	2
2024.12.26	04:00:00	1.03971	1.03999	1.03967	1.03990	1084	0	2
2024.12.26	05:00:00	1.03989	1.04042	1.03984	1.04007	911	0	2
2024.12.26	06:00:00	1.04007	1.04016	1.03978	1.03978	812	0	2
2024.12.26	07:00:00	1.03977	1.04027	1.03971	1.03977	914	0	2
2024.12.26	08:00:00	1.03977	1.04004	1.03967	1.03982	832	0	2
2024.12.26	09:00:00	1.03982	1.04000	1.03904	1.03976	1441	0	2
2024.12.26	10:00:00	1.03972	1.03987	1.03927	1.03949	1790	0	2
2024.12.26	11:00:00	1.03948	1.04001	1.03911	1.03990	1609	0	2
2024.12.26	12:00:00	1.03990	1.04031	1.03981	1.04018	795	0	2
2024.12.26	13:00:00	1.04018	1.04021	1.03992	1.04012	756	0	2
2024.12.26	14:00:00	1.04012	1.04013	1.03926	1.03995	1522	0	2
2024.12.26	15:00:00	1.03996	1.04057	1.03970	1.04026	2109	0	2
2024.12.26	16:00:00	1.04026	1.04044	1.03951	1.04023	3200	0	2
2024.12.26	17:00:00	1.04023	1.04151	1.03980	1.04087	3450	0	2
2024.12.26	18:00:00	1.04087	1.04228	1.04081	1.04220	2553	0	2
2024.12.26	19:00:00	1.04220	1.04225	1.04064	1.04120	2666	0	3
2024.12.26	20:00:00	1.04117	1.04299	1.04116	1.04210	2580	0	2
2024.12.26	21:00:00	1.04209	1.04235	1.04142	1.04175	2259	0	2
2024.12.26	22:00:00	1.04174	1.04215	1.04155	1.04200	1968	0	2
2024.12.26	23:00:00	1.04201	1.04228	1.04188	1.04223	828	0	2
2024.12.27	00:00:00	1.04171	1.04232	1.04155	1.04228	796	0	9
2024.12.27	01:00:00	1.04228	1.04251	1.04208	1.04218	1572	0	2
2024.12.27	02:00:00	1.04218	1.04238	1.04176	1.04179	1703	0	2
2024.12.27	03:00:00	1.04180	1.04184	1.04121	1.04132	2079	0	2
2024.12.27	04:00:00	1.04131	1.04140	1.04079	1.04094	1741	0	2
2024.12.27	05:00:00	1.04094	1.04127	1.04067	1.04126	1071	0	2
2024.12.27	06:00:00	1.04129	1.04134	1.04079	1.04090	779	0	2
2024.12.27	07:00:00	1.04090	1.04113	1.04073	1.04093	1129	0	2
2024.12.27	08:00:00	1.04093	1.04124	1.04076	1.04121	1075	0	2
2024.12.27	09:00:00	1.04121	1.04248	1.04050	1.04218	2653	0	2
2024.12.27	10:00:00	1.04217	1.04256	1.04104	1.04123	2838	0	2
2024.12.27	11:00:00	1.04122	1.04180	1.04090	1.04169	1966	0	2
2024.12.27	12:00:00	1.04168	1.04214	1.04116	1.04186	1696	0	2
2024.12.27	13:00:00	1.04187	1.04407	1.04186	1.04387	2439	0	2
2024.12.27	14:00:00	1.04387	1.04440	1.04280	1.04324	2191	0	2
2024.12.27	15:00:00	1.04324	1.04385	1.04286	1.04384	3150	0	2
2024.12.27	16:00:00	1.04385	1.04397	1.04246	1.04264	4433	0	2
2024.12.27	17:00:00	1.04265	1.04358	1.04160	1.04218	4860	0	2
2024.12.27	18:00:00	1.04219	1.04327	1.04207	1.04221	3624	0	2
2024.12.27	19:00:00	1.04221	1.04226	1.04144	1.04214	3395	0	2
2024.12.27	20:00:00	1.04213	1.04289	1.04208	1.04262	2358	0	2
2024.12.27	21:00:00	1.04262	1.04304	1.04238	1.04283	2388	0	2
2024.12.27	22:00:00	1.04283	1.04283	1.04228	1.04258	1906	0	2
2024.12.27	23:00:00	1.04257	1.04262	1.04217	1.04240	761	0	2
2024.12.30	00:00:00	1.04304	1.04315	1.04261	1.04307	660	0	21
2024.12.30	01:00:00	1.04307	1.04340	1.04268	1.04294	1106	0	2
2024.12.30	02:00:00	1.04294	1.04312	1.04257	1.04274	958	0	3
2024.12.30	03:00:00	1.04276	1.04307	1.04249	1.04251	826	0	3
2024.12.30	04:00:00	1.04252	1.04274	1.04240	1.04256	688	0	3
2024.12.30	05:00:00	1.04256	1.04256	1.04209	1.04245	612	0	3
2024.12.30	06:00:00	1.04245	1.04260	1.04243	1.04254	461	0	3
2024.12.30	07:00:00	1.04253	1.04268	1.04228	1.04252	716	0	3
2024.12.30	08:00:00	1.04251	1.04315	1.04251	1.04289	1109	0	3
2024.12.30	09:00:00	1.04289	1.04294	1.04210	1.04267	2291	0	2
2024.12.30	10:00:00	1.04265	1.04297	1.04093	1.04127	3404	0	2
2024.12.30	11:00:00	1.04125	1.04393	1.04108	1.04339	3261	0	2
2024.12.30	12:00:00	1.04338	1.04440	1.04326	1.04380	3369	0	2
2024.12.30	13:00:00	1.04380	1.04521	1.04367	1.04479	2768	0	2
2024.12.30	14:00:00	1.04479	1.04583	1.04390	1.04494	3386	0	2
2024.12.30	15:00:00	1.04495	1.04520	1.03851	1.03879	5571	0	2
2024.12.30	16:00:00	1.03881	1.04089	1.03799	1.04054	6472	0	2
2024.12.30	17:00:00	1.04052	1.04059	1.03717	1.03802	6542	0	2
2024.12.30	18:00:00	1.03805	1.03913	1.03747	1.03859	5009	0	2
2024.12.30	19:00:00	1.03859	1.03954	1.03844	1.03942	3169	0	2
2024.12.30	20:00:00	1.03942	1.04071	1.03936	1.04044	2732	0	2
2024.12.30	21:00:00	1.04044	1.04053	1.03960	1.03965	2335	0	2
2024.12.30	22:00:00	1.03965	1.04051	1.03951	1.03987	2349	0	2
2024.12.30	23:00:00	1.03987	1.04048	1.03982	1.04046	720	0	2
2024.12.31	00:00:00	1.04003	1.04055	1.03998	1.04041	760	0	7
2024.12.31	01:00:00	1.04041	1.04060	1.03989	1.04057	947	0	3
2024.12.31	02:00:00	1.04057	1.04059	1.03969	1.04035	1174	0	2
2024.12.31	03:00:00	1.04036	1.04133	1.04022	1.04119	2289	0	2
2024.12.31	04:00:00	1.04118	1.04148	1.04079	1.04124	1501	0	2
2024.12.31	05:00:00	1.04125	1.04133	1.04072	1.04085	1086	0	2
2024.12.31	06:00:00	1.04084	1.04091	1.04036	1.04043	903	0	2
2024.12.31	07:00:00	1.04044	1.04077	1.04024	1.04038	902	0	2
2024.12.31	08:00:00	1.04038	1.04059	1.03996	1.04037	1457	0	2
2024.12.31	09:00:00	1.04038	1.04129	1.04022	1.04118	2598	0	2
2024.12.31	10:00:00	1.04118	1.04200	1.04059	1.04182	3583	0	2
2024.12.31	11:00:00	1.04183	1.04245	1.04117	1.04185	3406	0	2
2024.12.31	12:00:00	1.04185	1.04200	1.04050	1.04130	3663	0	2
2024.12.31	13:00:00	1.04129	1.04193	1.04052	1.04103	2840	0	2
2024.12.31	14:00:00	1.04103	1.04143	1.03912	1.03927	3180	0	2
2024.12.31	15:00:00	1.03928	1.03973	1.03835	1.03931	4603	0	2
2024.12.31	16:00:00	1.03932	1.03943	1.03746	1.03758	5619	0	2
2024.12.31	17:00:00	1.03757	1.03892	1.03526	1.03547	7279	0	2
2024.12.31	18:00:00	1.03547	1.03612	1.03468	1.03503	4887	0	2
2024.12.31	19:00:00	1.03503	1.03550	1.03441	1.03491	4557	0	2
2024.12.31	20:00:00	1.03485	1.03567	1.03455	1.03529	3557	0	2
2024.12.31	21:00:00	1.03529	1.03647	1.03515	1.03547	2454	0	2
2024.12.31	22:00:00	1.03548	1.03631	1.03545	1.03583	2013	0	2
2024.12.31	23:00:00	1.03583	1.03609	1.03548	1.03548	773	0	2
2025.01.02	00:00:00	1.03514	1.03576	1.03486	1.03553	1009	0	7
2025.01.02	01:00:00	1.03553	1.03565	1.03463	1.03508	1579	0	3
2025.01.02	02:00:00	1.03508	1.03565	1.03473	1.03520	1695	0	2
2025.01.02	03:00:00	1.03520	1.03607	1.03442	1.03577	3174	0	2
2025.01.02	04:00:00	1.03578	1.03713	1.03576	1.03709	1535	0	3
2025.01.02	05:00:00	1.03710	1.03742	1.03681	1.03716	1360	0	3
2025.01.02	06:00:00	1.03717	1.03754	1.03664	1.03692	1182	0	2
2025.01.02	07:00:00	1.03693	1.03707	1.03617	1.03638	1180	0	2
2025.01.02	08:00:00	1.03637	1.03651	1.03599	1.03637	1724	0	3
2025.01.02	09:00:00	1.03637	1.03724	1.03623	1.03628	2810	0	2
2025.01.02	10:00:00	1.03628	1.03709	1.03463	1.03629	5211	0	2
2025.01.02	11:00:00	1.03629	1.03703	1.03493	1.03517	3937	0	2
2025.01.02	12:00:00	1.03516	1.03569	1.03137	1.03167	4952	0	2
2025.01.02	13:00:00	1.03166	1.03342	1.03149	1.03323	4392	0	2
2025.01.02	14:00:00	1.03322	1.03343	1.03149	1.03182	4254	0	2
2025.01.02	15:00:00	1.03182	1.03296	1.03113	1.03135	6714	0	2
2025.01.02	16:00:00	1.03135	1.03238	1.03021	1.03061	6031	0	2
2025.01.02	17:00:00	1.03038	1.03089	1.02725	1.02741	7397	0	2
2025.01.02	18:00:00	1.02741	1.02762	1.02241	1.02612	8367	0	2
2025.01.02	19:00:00	1.02612	1.02680	1.02513	1.02650	5085	0	2
2025.01.02	20:00:00	1.02650	1.02662	1.02557	1.02564	3310	0	2
2025.01.02	21:00:00	1.02565	1.02595	1.02478	1.02511	2574	0	2
2025.01.02	22:00:00	1.02511	1.02645	1.02506	1.02614	1835	0	2
2025.01.02	23:00:00	1.02613	1.02682	1.02612	1.02666	855	0	2
2025.01.03	00:00:00	1.02548	1.02668	1.02548	1.02647	2231	0	9
2025.01.03	01:00:00	1.02647	1.02680	1.02640	1.02678	1126	0	2
2025.01.03	02:00:00	1.02678	1.02735	1.02658	1.02729	1441	0	2
2025.01.03	03:00:00	1.02730	1.02730	1.02665	1.02675	1831	0	2
2025.01.03	04:00:00	1.02675	1.02747	1.02668	1.02724	1612	0	2
2025.01.03	05:00:00	1.02723	1.02744	1.02688	1.02708	1081	0	2
2025.01.03	06:00:00	1.02707	1.02710	1.02671	1.02696	930	0	2
2025.01.03	07:00:00	1.02697	1.02735	1.02645	1.02717	1321	0	2
2025.01.03	08:00:00	1.02716	1.02793	1.02716	1.02793	1323	0	2
2025.01.03	09:00:00	1.02793	1.02847	1.02687	1.02808	4681	0	2
2025.01.03	10:00:00	1.02807	1.02881	1.02728	1.02804	4327	0	2
2025.01.03	11:00:00	1.02804	1.03000	1.02802	1.02902	3990	0	2
2025.01.03	12:00:00	1.02902	1.02938	1.02791	1.02813	2843	0	2
2025.01.03	13:00:00	1.02813	1.03029	1.02813	1.02972	2945	0	2
2025.01.03	14:00:00	1.02972	1.03011	1.02943	1.02956	3123	0	2
2025.01.03	15:00:00	1.02956	1.03001	1.02914	1.02931	3355	0	2
2025.01.03	16:00:00	1.02932	1.03023	1.02878	1.03003	4025	0	2
2025.01.03	17:00:00	1.03002	1.03058	1.02729	1.02892	7031	0	2
2025.01.03	18:00:00	1.02891	1.02999	1.02836	1.02909	3920	0	2
2025.01.03	19:00:00	1.02909	1.03056	1.02909	1.02980	3381	0	2
2025.01.03	20:00:00	1.02979	1.03021	1.02925	1.02973	2735	0	2
2025.01.03	21:00:00	1.02971	1.03061	1.02937	1.03012	2057	0	2
2025.01.03	22:00:00	1.03011	1.03075	1.02988	1.03058	2013	0	2
2025.01.03	23:00:00	1.03058	1.03098	1.03046	1.03079	933	0	2
2025.01.06	00:00:00	1.03026	1.03063	1.02953	1.03011	629	0	21
2025.01.06	01:00:00	1.03011	1.03080	1.03006	1.03053	1241	0	2
2025.01.06	02:00:00	1.03053	1.03054	1.02954	1.03030	2162	0	2
2025.01.06	03:00:00	1.03030	1.03136	1.03012	1.03122	2444	0	2
2025.01.06	04:00:00	1.03122	1.03177	1.03108	1.03161	1973	0	2
2025.01.06	05:00:00	1.03161	1.03182	1.03130	1.03163	1422	0	2
2025.01.06	06:00:00	1.03164	1.03176	1.03128	1.03152	1060	0	2
2025.01.06	07:00:00	1.03153	1.03182	1.03085	1.03088	1428	0	2
2025.01.06	08:00:00	1.03089	1.03167	1.03077	1.03126	1971	0	2
2025.01.06	09:00:00	1.03126	1.03284	1.03099	1.03273	2760	0	2
2025.01.06	10:00:00	1.03273	1.03525	1.03265	1.03501	5071	0	2
2025.01.06	11:00:00	1.03501	1.03690	1.03401	1.03556	6206	0	2
2025.01.06	12:00:00	1.03556	1.03578	1.03350	1.03351	3643	0	2
2025.01.06	13:00:00	1.03351	1.04327	1.03285	1.04218	9937	0	2
2025.01.06	14:00:00	1.04218	1.04305	1.03920	1.04109	6754	0	2
2025.01.06	15:00:00	1.04116	1.04368	1.04043	1.04169	7565	0	2
2025.01.06	16:00:00	1.04169	1.04237	1.03530	1.03924	10002	0	2
2025.01.06	17:00:00	1.03926	1.03987	1.03712	1.03935	8994	0	2
2025.01.06	18:00:00	1.03937	1.04028	1.03854	1.03968	5758	0	2
2025.01.06	19:00:00	1.03968	1.03969	1.03792	1.03873	3680	0	2
2025.01.06	20:00:00	1.03874	1.03893	1.03770	1.03820	3381	0	2
2025.01.06	21:00:00	1.03821	1.03918	1.03788	1.03883	3188	0	2
2025.01.06	22:00:00	1.03884	1.03919	1.03858	1.03878	2332	0	2
2025.01.06	23:00:00	1.03877	1.03921	1.03860	1.03898	1184	0	2
2025.01.07	00:00:00	1.03821	1.03914	1.03803	1.03894	850	0	8
2025.01.07	01:00:00	1.03892	1.03901	1.03817	1.03833	777	0	2
2025.01.07	02:00:00	1.03833	1.03853	1.03771	1.03845	2141	0	2
2025.01.07	03:00:00	1.03844	1.03848	1.03760	1.03812	2417	0	2
2025.01.07	04:00:00	1.03811	1.03855	1.03800	1.03823	1819	0	2
2025.01.07	05:00:00	1.03824	1.03931	1.03800	1.03927	1453	0	2
2025.01.07	06:00:00	1.03927	1.03944	1.03904	1.03918	1186	0	2
2025.01.07	07:00:00	1.03918	1.04033	1.03909	1.03967	1853	0	2
2025.01.07	08:00:00	1.03966	1.04042	1.03963	1.03974	2176	0	2
2025.01.07	09:00:00	1.03974	1.04245	1.03974	1.04147	4497	0	2
2025.01.07	10:00:00	1.04146	1.04253	1.04031	1.04252	5090	0	2
2025.01.07	11:00:00	1.04247	1.04344	1.04240	1.04268	4291	0	2
2025.01.07	12:00:00	1.04262	1.04343	1.04166	1.04280	4752	0	2
2025.01.07	13:00:00	1.04279	1.04282	1.04050	1.04133	3669	0	2
2025.01.07	14:00:00	1.04134	1.04171	1.03871	1.03892	4700	0	2
2025.01.07	15:00:00	1.03893	1.04051	1.03866	1.03965	3985	0	2
2025.01.07	16:00:00	1.03965	1.03976	1.03892	1.03930	4024	0	2
2025.01.07	17:00:00	1.03930	1.03930	1.03551	1.03724	7201	0	2
2025.01.07	18:00:00	1.03728	1.03815	1.03627	1.03683	5737	0	2
2025.01.07	19:00:00	1.03683	1.03737	1.03539	1.03670	4060	0	2
2025.01.07	20:00:00	1.03670	1.03694	1.03493	1.03544	3295	0	2
2025.01.07	21:00:00	1.03544	1.03597	1.03522	1.03551	2002	0	2
2025.01.07	22:00:00	1.03549	1.03559	1.03440	1.03443	1966	0	2
2025.01.07	23:00:00	1.03439	1.03442	1.03389	1.03394	951	0	2
2025.01.08	00:00:00	1.03400	1.03423	1.03390	1.03414	593	0	25
2025.01.08	01:00:00	1.03424	1.03449	1.03392	1.03414	928	0	2
2025.01.08	02:00:00	1.03414	1.03493	1.03414	1.03466	1869	0	2
2025.01.08	03:00:00	1.03466	1.03529	1.03452	1.03529	1726	0	2
2025.01.08	04:00:00	1.03529	1.03548	1.03514	1.03542	1177	0	2
2025.01.08	05:00:00	1.03542	1.03542	1.03462	1.03477	988	0	2
2025.01.08	06:00:00	1.03477	1.03520	1.03473	1.03513	965	0	2
2025.01.08	07:00:00	1.03512	1.03558	1.03494	1.03550	1109	0	2
2025.01.08	08:00:00	1.03550	1.03575	1.03460	1.03514	1414	0	2
2025.01.08	09:00:00	1.03510	1.03516	1.03282	1.03324	3439	0	2
2025.01.08	10:00:00	1.03324	1.03397	1.03180	1.03187	4298	0	2
2025.01.08	11:00:00	1.03187	1.03263	1.03154	1.03195	3648	0	2
2025.01.08	12:00:00	1.03192	1.03212	1.03100	1.03190	3137	0	2
2025.01.08	13:00:00	1.03190	1.03197	1.02731	1.02975	5970	0	2
2025.01.08	14:00:00	1.02975	1.03003	1.02808	1.02827	4493	0	2
2025.01.08	15:00:00	1.02827	1.03044	1.02808	1.03034	7066	0	2
2025.01.08	16:00:00	1.03034	1.03075	1.02890	1.02915	5353	0	2
2025.01.08	17:00:00	1.02915	1.03100	1.02915	1.03015	4877	0	2
2025.01.08	18:00:00	1.03016	1.03145	1.02945	1.03125	4015	0	2
2025.01.08	19:00:00	1.03124	1.03132	1.02981	1.03053	3246	0	3
2025.01.08	20:00:00	1.03052	1.03158	1.03052	1.03122	2861	0	3
2025.01.08	21:00:00	1.03122	1.03242	1.03082	1.03090	3000	0	3
2025.01.08	22:00:00	1.03091	1.03167	1.03079	1.03160	1986	0	3
2025.01.08	23:00:00	1.03160	1.03190	1.03138	1.03162	824	0	4
2025.01.09	00:00:00	1.03154	1.03173	1.03153	1.03171	1351	0	25
2025.01.09	01:00:00	1.03171	1.03188	1.03131	1.03132	742	0	3
2025.01.09	02:00:00	1.03132	1.03147	1.03048	1.03129	1728	0	3
2025.01.09	03:00:00	1.03129	1.03174	1.03114	1.03143	1605	0	3
2025.01.09	04:00:00	1.03143	1.03199	1.03140	1.03165	1276	0	3
2025.01.09	05:00:00	1.03165	1.03213	1.03107	1.03108	1463	0	3
2025.01.09	06:00:00	1.03108	1.03121	1.03055	1.03091	1140	0	3
2025.01.09	07:00:00	1.03091	1.03124	1.03052	1.03065	1747	0	3
2025.01.09	08:00:00	1.03065	1.03082	1.02969	1.03000	2281	0	3
2025.01.09	09:00:00	1.03000	1.03082	1.02876	1.02909	3676	0	2
2025.01.09	10:00:00	1.02908	1.03078	1.02835	1.03077	4246	0	2
2025.01.09	11:00:00	1.03077	1.03177	1.03030	1.03057	3560	0	2
2025.01.09	12:00:00	1.03057	1.03125	1.02995	1.03030	3103	0	2
2025.01.09	13:00:00	1.03029	1.03042	1.02968	1.03011	2984	0	2
2025.01.09	14:00:00	1.03011	1.03049	1.02960	1.03032	2602	0	2
2025.01.09	15:00:00	1.03032	1.03187	1.03010	1.03078	3611	0	2
2025.01.09	16:00:00	1.03078	1.03146	1.03051	1.03075	3053	0	2
2025.01.09	17:00:00	1.03074	1.03097	1.02947	1.02993	2903	0	2
2025.01.09	18:00:00	1.02993	1.03012	1.02909	1.02972	2311	0	2
2025.01.09	19:00:00	1.02972	1.03018	1.02937	1.02973	1828	0	3
2025.01.09	20:00:00	1.02972	1.03024	1.02939	1.03001	1174	0	3
2025.01.09	21:00:00	1.03001	1.03020	1.02976	1.02979	923	0	3
2025.01.09	22:00:00	1.02979	1.03036	1.02979	1.03011	855	0	3
2025.01.09	23:00:00	1.03011	1.03011	1.02990	1.02996	464	0	4
2025.01.10	00:00:00	1.02996	1.03005	1.02956	1.03003	573	0	25
2025.01.10	01:00:00	1.03003	1.03019	1.02955	1.02964	924	0	3
2025.01.10	02:00:00	1.02965	1.03003	1.02920	1.02954	1527	0	3
2025.01.10	03:00:00	1.02952	1.03045	1.02935	1.03019	2029	0	3
2025.01.10	04:00:00	1.03018	1.03037	1.02982	1.03017	1153	0	3
2025.01.10	05:00:00	1.03016	1.03032	1.02977	1.02984	769	0	3
2025.01.10	06:00:00	1.02984	1.02998	1.02934	1.02950	873	0	3
2025.01.10	07:00:00	1.02951	1.02974	1.02845	1.02855	1412	0	3
2025.01.10	08:00:00	1.02855	1.02882	1.02811	1.02816	1663	0	3
2025.01.10	09:00:00	1.02816	1.02971	1.02811	1.02969	2198	0	2
2025.01.10	10:00:00	1.02971	1.03117	1.02926	1.03027	3230	0	2
2025.01.10	11:00:00	1.03027	1.03058	1.02988	1.02999	2747	0	2
2025.01.10	12:00:00	1.02999	1.03058	1.02998	1.03021	2401	0	2
2025.01.10	13:00:00	1.03021	1.03052	1.02989	1.03016	2278	0	2
2025.01.10	14:00:00	1.03015	1.03095	1.02991	1.03054	2629	0	2
2025.01.10	15:00:00	1.03053	1.03116	1.02133	1.02563	7668	0	2
2025.01.10	16:00:00	1.02562	1.02727	1.02443	1.02532	8264	0	2
2025.01.10	17:00:00	1.02482	1.02783	1.02361	1.02504	7293	0	2
2025.01.10	18:00:00	1.02502	1.02511	1.02275	1.02374	5693	0	2
2025.01.10	19:00:00	1.02374	1.02506	1.02327	1.02444	3931	0	3
2025.01.10	20:00:00	1.02444	1.02460	1.02358	1.02415	2704	0	3
2025.01.10	21:00:00	1.02415	1.02489	1.02349	1.02453	2570	0	3
2025.01.10	22:00:00	1.02453	1.02458	1.02370	1.02445	2178	0	3
2025.01.10	23:00:00	1.02444	1.02488	1.02425	1.02434	1004	0	4
2025.01.13	00:00:00	1.02360	1.02455	1.02358	1.02454	868	0	30
2025.01.13	01:00:00	1.02462	1.02468	1.02387	1.02429	1005	0	3
2025.01.13	02:00:00	1.02429	1.02450	1.02365	1.02423	1377	0	3
2025.01.13	03:00:00	1.02423	1.02499	1.02392	1.02416	2298	0	3
2025.01.13	04:00:00	1.02416	1.02452	1.02383	1.02401	1551	0	3
2025.01.13	05:00:00	1.02401	1.02403	1.02126	1.02152	2002	0	3
2025.01.13	06:00:00	1.02152	1.02199	1.02076	1.02117	1587	0	3
2025.01.13	07:00:00	1.02117	1.02203	1.02102	1.02195	1519	0	3
2025.01.13	08:00:00	1.02194	1.02249	1.02143	1.02173	1943	0	3
2025.01.13	09:00:00	1.02163	1.02237	1.02075	1.02151	3659	0	2
2025.01.13	10:00:00	1.02152	1.02312	1.02136	1.02214	4793	0	2
2025.01.13	11:00:00	1.02215	1.02240	1.01775	1.01933	5564	0	2
2025.01.13	12:00:00	1.01932	1.02073	1.01927	1.02019	3441	0	2
2025.01.13	13:00:00	1.02019	1.02037	1.01861	1.01958	3211	0	2
2025.01.13	14:00:00	1.01958	1.02060	1.01877	1.02028	3833	0	2
2025.01.13	15:00:00	1.02028	1.02208	1.01963	1.02084	4229	0	2
2025.01.13	16:00:00	1.02084	1.02126	1.02002	1.02081	4416	0	2
2025.01.13	17:00:00	1.02083	1.02089	1.01957	1.01969	4630	0	2
2025.01.13	18:00:00	1.01969	1.02174	1.01916	1.02081	3559	0	2
2025.01.13	19:00:00	1.02081	1.02194	1.02069	1.02178	2989	0	3
2025.01.13	20:00:00	1.02179	1.02214	1.02121	1.02161	2120	0	3
2025.01.13	21:00:00	1.02160	1.02161	1.02069	1.02071	1876	0	3
2025.01.13	22:00:00	1.02071	1.02175	1.02069	1.02167	1470	0	3
2025.01.13	23:00:00	1.02170	1.02373	1.02162	1.02369	1224	0	4
2025.01.14	00:00:00	1.02464	1.02724	1.02407	1.02581	1387	0	25
2025.01.14	01:00:00	1.02581	1.02774	1.02508	1.02639	2308	0	3
2025.01.14	02:00:00	1.02637	1.02638	1.02456	1.02479	2040	0	3
2025.01.14	03:00:00	1.02480	1.02499	1.02411	1.02491	2720	0	3
2025.01.14	04:00:00	1.02491	1.02503	1.02383	1.02446	1617	0	3
2025.01.14	05:00:00	1.02446	1.02552	1.02438	1.02483	1522	0	3
2025.01.14	06:00:00	1.02484	1.02550	1.02450	1.02501	977	0	3
2025.01.14	07:00:00	1.02501	1.02516	1.02421	1.02448	1599	0	3
2025.01.14	08:00:00	1.02449	1.02532	1.02449	1.02526	2005	0	3
2025.01.14	09:00:00	1.02526	1.02661	1.02498	1.02543	4103	0	2
2025.01.14	10:00:00	1.02542	1.02748	1.02528	1.02615	4576	0	2
2025.01.14	11:00:00	1.02615	1.02664	1.02534	1.02594	3825	0	2
2025.01.14	12:00:00	1.02594	1.02636	1.02518	1.02600	2946	0	2
2025.01.14	13:00:00	1.02600	1.02631	1.02524	1.02540	2423	0	2
2025.01.14	14:00:00	1.02540	1.02549	1.02394	1.02479	3391	0	2
2025.01.14	15:00:00	1.02479	1.02733	1.02412	1.02531	6514	0	2
2025.01.14	16:00:00	1.02531	1.02745	1.02434	1.02679	5887	0	2
2025.01.14	17:00:00	1.02682	1.02957	1.02629	1.02948	5854	0	2
2025.01.14	18:00:00	1.02947	1.03043	1.02826	1.02914	5046	0	2
2025.01.14	19:00:00	1.02913	1.02913	1.02789	1.02880	2801	0	3
2025.01.14	20:00:00	1.02880	1.03001	1.02866	1.02991	1939	0	3
2025.01.14	21:00:00	1.02990	1.03054	1.02963	1.02979	1579	0	3
2025.01.14	22:00:00	1.02981	1.03083	1.02963	1.03018	1822	0	3
2025.01.14	23:00:00	1.03018	1.03075	1.03004	1.03062	874	0	4
2025.01.15	00:00:00	1.03034	1.03073	1.03027	1.03060	483	0	25
2025.01.15	01:00:00	1.03060	1.03083	1.03023	1.03061	662	0	3
2025.01.15	02:00:00	1.03061	1.03061	1.02996	1.03011	1206	0	3
2025.01.15	03:00:00	1.03011	1.03047	1.02977	1.02999	1419	0	3
2025.01.15	04:00:00	1.02999	1.03013	1.02952	1.02969	1310	0	3
2025.01.15	05:00:00	1.02969	1.03022	1.02963	1.03019	902	0	3
2025.01.15	06:00:00	1.03018	1.03025	1.02974	1.03024	940	0	3
2025.01.15	07:00:00	1.03023	1.03052	1.02925	1.02930	1511	0	3
2025.01.15	08:00:00	1.02930	1.02986	1.02917	1.02961	1344	0	3
2025.01.15	09:00:00	1.02961	1.03080	1.02866	1.03057	3809	0	2
2025.01.15	10:00:00	1.03058	1.03168	1.02941	1.02965	3712	0	2
2025.01.15	11:00:00	1.02965	1.03131	1.02960	1.03098	3050	0	2
2025.01.15	12:00:00	1.03098	1.03139	1.03007	1.03074	2579	0	2
2025.01.15	13:00:00	1.03075	1.03124	1.02994	1.03012	2391	0	2
2025.01.15	14:00:00	1.03012	1.03064	1.02933	1.02997	2932	0	2
2025.01.15	15:00:00	1.02996	1.03543	1.02960	1.03444	6878	0	2
2025.01.15	16:00:00	1.03454	1.03457	1.03250	1.03272	6212	0	2
2025.01.15	17:00:00	1.03270	1.03309	1.02987	1.03061	5641	0	2
2025.01.15	18:00:00	1.03060	1.03078	1.02580	1.02810	4988	0	2
2025.01.15	19:00:00	1.02810	1.02931	1.02809	1.02855	2936	0	3
2025.01.15	20:00:00	1.02859	1.02929	1.02842	1.02920	2086	0	3
2025.01.15	21:00:00	1.02921	1.02944	1.02891	1.02932	1471	0	3
2025.01.15	22:00:00	1.02932	1.02989	1.02903	1.02957	1417	0	3
2025.01.15	23:00:00	1.02959	1.02961	1.02868	1.02884	792	0	4
2025.01.16	00:00:00	1.02864	1.02938	1.02851	1.02917	984	0	25
2025.01.16	01:00:00	1.02922	1.02955	1.02908	1.02951	858	0	3
2025.01.16	02:00:00	1.02951	1.02999	1.02847	1.02989	1934	0	3
2025.01.16	03:00:00	1.02989	1.02996	1.02875	1.02889	2711	0	3
2025.01.16	04:00:00	1.02893	1.02930	1.02847	1.02868	2048	0	3
2025.01.16	05:00:00	1.02868	1.02890	1.02845	1.02889	1102	0	3
2025.01.16	06:00:00	1.02889	1.02938	1.02852	1.02869	1050	0	3
2025.01.16	07:00:00	1.02869	1.02872	1.02807	1.02822	1317	0	3
2025.01.16	08:00:00	1.02823	1.02895	1.02822	1.02889	1891	0	3
2025.01.16	09:00:00	1.02889	1.03013	1.02862	1.02974	2993	0	2
2025.01.16	10:00:00	1.02974	1.02998	1.02877	1.02959	3324	0	2
2025.01.16	11:00:00	1.02959	1.02988	1.02815	1.02861	2897	0	2
2025.01.16	12:00:00	1.02861	1.02960	1.02828	1.02855	2200	0	2
2025.01.16	13:00:00	1.02855	1.02918	1.02839	1.02900	2199	0	2
2025.01.16	14:00:00	1.02900	1.02900	1.02639	1.02717	3326	0	2
2025.01.16	15:00:00	1.02717	1.02851	1.02606	1.02814	5652	0	2
2025.01.16	16:00:00	1.02812	1.02838	1.02678	1.02791	4906	0	2
2025.01.16	17:00:00	1.02791	1.03058	1.02740	1.03007	6964	0	2
2025.01.16	18:00:00	1.03007	1.03116	1.02859	1.03022	5770	0	2
2025.01.16	19:00:00	1.03022	1.03150	1.02943	1.02964	3709	0	2
2025.01.16	20:00:00	1.02964	1.03028	1.02933	1.03002	2121	0	3
2025.01.16	21:00:00	1.03002	1.03076	1.02975	1.03016	2162	0	3
2025.01.16	22:00:00	1.03016	1.03037	1.02970	1.03001	1515	0	3
2025.01.16	23:00:00	1.03001	1.03025	1.02966	1.03015	816	0	4
2025.01.17	00:00:00	1.02954	1.03023	1.02949	1.03005	551	0	25
2025.01.17	01:00:00	1.03016	1.03040	1.03000	1.03013	512	0	3
2025.01.17	02:00:00	1.03013	1.03066	1.02979	1.03046	1486	0	3
2025.01.17	03:00:00	1.03046	1.03094	1.03013	1.03050	1595	0	3
2025.01.17	04:00:00	1.03052	1.03090	1.03029	1.03031	1523	0	2
2025.01.17	05:00:00	1.03031	1.03047	1.02997	1.03005	1026	0	3
2025.01.17	06:00:00	1.03005	1.03009	1.02919	1.02935	1025	0	3
2025.01.17	07:00:00	1.02935	1.02950	1.02874	1.02932	1168	0	3
2025.01.17	08:00:00	1.02932	1.02938	1.02850	1.02902	1341	0	3
2025.01.17	09:00:00	1.02902	1.02909	1.02774	1.02844	3185	0	2
2025.01.17	10:00:00	1.02848	1.02987	1.02847	1.02969	3020	0	2
2025.01.17	11:00:00	1.02969	1.03039	1.02892	1.02968	3383	0	2
2025.01.17	12:00:00	1.02971	1.03060	1.02964	1.03037	2418	0	2
2025.01.17	13:00:00	1.03038	1.03099	1.02989	1.03045	2477	0	2
2025.01.17	14:00:00	1.03045	1.03065	1.02902	1.02929	3290	0	2
2025.01.17	15:00:00	1.02930	1.02995	1.02854	1.02900	4440	0	2
2025.01.17	16:00:00	1.02902	1.03023	1.02651	1.02985	6276	0	2
2025.01.17	17:00:00	1.02984	1.03306	1.02953	1.02988	6649	0	2
2025.01.17	18:00:00	1.02989	1.03002	1.02815	1.02861	4007	0	2
2025.01.17	19:00:00	1.02861	1.02911	1.02787	1.02808	2866	0	3
2025.01.17	20:00:00	1.02808	1.02921	1.02790	1.02808	2147	0	3
2025.01.17	21:00:00	1.02809	1.02842	1.02726	1.02762	1964	0	3
2025.01.17	22:00:00	1.02761	1.02815	1.02736	1.02752	2111	0	3
2025.01.17	23:00:00	1.02747	1.02750	1.02682	1.02687	870	0	4
2025.01.20	00:00:00	1.02778	1.02817	1.02734	1.02772	790	0	30
2025.01.20	01:00:00	1.02772	1.02805	1.02662	1.02805	1180	0	3
2025.01.20	02:00:00	1.02805	1.02901	1.02783	1.02864	1597	0	3
2025.01.20	03:00:00	1.02864	1.02928	1.02790	1.02907	1893	0	3
2025.01.20	04:00:00	1.02907	1.02923	1.02868	1.02910	1615	0	3
2025.01.20	05:00:00	1.02910	1.03062	1.02908	1.03060	1609	0	3
2025.01.20	06:00:00	1.03060	1.03070	1.03016	1.03043	967	0	3
2025.01.20	07:00:00	1.03043	1.03063	1.03016	1.03024	1109	0	3
2025.01.20	08:00:00	1.03024	1.03189	1.02994	1.03103	1760	0	3
2025.01.20	09:00:00	1.03104	1.03185	1.03058	1.03166	2508	0	2
2025.01.20	10:00:00	1.03169	1.03174	1.03068	1.03097	3309	0	2
2025.01.20	11:00:00	1.03097	1.03169	1.03049	1.03061	3064	0	2
2025.01.20	12:00:00	1.03061	1.03223	1.03061	1.03149	2367	0	2
2025.01.20	13:00:00	1.03150	1.03265	1.03130	1.03260	2164	0	2
2025.01.20	14:00:00	1.03260	1.03264	1.03150	1.03202	2478	0	2
2025.01.20	15:00:00	1.03202	1.04001	1.03078	1.03981	7547	0	2
2025.01.20	16:00:00	1.03980	1.04301	1.03794	1.04151	7860	0	2
2025.01.20	17:00:00	1.04151	1.04298	1.03847	1.04003	6299	0	2
2025.01.20	18:00:00	1.04005	1.04057	1.03905	1.03983	3353	0	2
2025.01.20	19:00:00	1.03983	1.04026	1.03532	1.03855	4663	0	3
2025.01.20	20:00:00	1.03855	1.03965	1.03832	1.03965	1560	0	3
2025.01.20	21:00:00	1.03965	1.04234	1.03905	1.04207	1579	0	3
2025.01.20	22:00:00	1.04207	1.04343	1.04119	1.04161	2219	0	3
2025.01.20	23:00:00	1.04161	1.04193	1.04098	1.04128	1140	0	3
2025.01.21	00:00:00	1.04099	1.04174	1.04099	1.04122	433	0	34
2025.01.21	01:00:00	1.04122	1.04257	1.04109	1.04208	2408	0	3
2025.01.21	02:00:00	1.04208	1.04344	1.03512	1.03624	5712	0	3
2025.01.21	03:00:00	1.03626	1.03976	1.03557	1.03701	6595	0	3
2025.01.21	04:00:00	1.03701	1.03902	1.03691	1.03875	3373	0	3
2025.01.21	05:00:00	1.03875	1.04008	1.03852	1.03874	2644	0	3
2025.01.21	06:00:00	1.03874	1.03990	1.03850	1.03897	1886	0	3
2025.01.21	07:00:00	1.03898	1.03921	1.03773	1.03786	1613	0	3
2025.01.21	08:00:00	1.03786	1.03814	1.03664	1.03688	2422	0	3
2025.01.21	09:00:00	1.03688	1.03862	1.03650	1.03733	3510	0	2
2025.01.21	10:00:00	1.03732	1.03732	1.03499	1.03607	3825	0	2
2025.01.21	11:00:00	1.03607	1.03637	1.03418	1.03535	4329	0	2
2025.01.21	12:00:00	1.03535	1.03594	1.03430	1.03529	3588	0	2
2025.01.21	13:00:00	1.03529	1.03581	1.03428	1.03532	3060	0	2
2025.01.21	14:00:00	1.03534	1.03581	1.03456	1.03541	4342	0	2
2025.01.21	15:00:00	1.03541	1.03779	1.03527	1.03777	4369	0	2
2025.01.21	16:00:00	1.03788	1.03985	1.03727	1.03879	5376	0	2
2025.01.21	17:00:00	1.03869	1.04105	1.03785	1.04004	6150	0	2
2025.01.21	18:00:00	1.04003	1.04228	1.03983	1.04224	4239	0	2
2025.01.21	19:00:00	1.04224	1.04298	1.04211	1.04212	3062	0	3
2025.01.21	20:00:00	1.04212	1.04353	1.04197	1.04290	2323	0	3
2025.01.21	21:00:00	1.04290	1.04304	1.04160	1.04178	2072	0	3
2025.01.21	22:00:00	1.04178	1.04215	1.04156	1.04200	1713	0	3
2025.01.21	23:00:00	1.04193	1.04286	1.04187	1.04264	1079	0	4
2025.01.22	00:00:00	1.04250	1.04329	1.04233	1.04262	760	0	25
2025.01.22	01:00:00	1.04264	1.04277	1.03921	1.04056	3007	0	3
2025.01.22	02:00:00	1.04056	1.04244	1.04056	1.04230	2118	0	3
2025.01.22	03:00:00	1.04230	1.04231	1.04075	1.04095	2215	0	3
2025.01.22	04:00:00	1.04095	1.04162	1.04060	1.04136	1803	0	3
2025.01.22	05:00:00	1.04136	1.04156	1.04100	1.04119	1348	0	3
2025.01.22	06:00:00	1.04119	1.04213	1.04112	1.04171	1042	0	3
2025.01.22	07:00:00	1.04171	1.04179	1.04083	1.04156	1255	0	3
2025.01.22	08:00:00	1.04156	1.04185	1.03996	1.04037	2153	0	3
2025.01.22	09:00:00	1.04037	1.04198	1.04033	1.04117	3319	0	2
2025.01.22	10:00:00	1.04117	1.04239	1.04095	1.04230	4665	0	2
2025.01.22	11:00:00	1.04230	1.04473	1.04199	1.04466	4279	0	2
2025.01.22	12:00:00	1.04467	1.04572	1.04426	1.04499	3588	0	2
2025.01.22	13:00:00	1.04499	1.04563	1.04404	1.04429	2704	0	2
2025.01.22	14:00:00	1.04428	1.04428	1.04310	1.04380	3076	0	2
2025.01.22	15:00:00	1.04380	1.04457	1.04222	1.04316	3840	0	2
2025.01.22	16:00:00	1.04313	1.04317	1.04142	1.04245	4736	0	2
2025.01.22	17:00:00	1.04244	1.04249	1.04144	1.04199	4663	0	2
2025.01.22	18:00:00	1.04199	1.04228	1.04122	1.04195	3313	0	2
2025.01.22	19:00:00	1.04195	1.04205	1.04119	1.04170	2498	0	3
2025.01.22	20:00:00	1.04170	1.04212	1.04118	1.04160	2156	0	3
2025.01.22	21:00:00	1.04160	1.04226	1.04155	1.04200	1607	0	3
2025.01.22	22:00:00	1.04200	1.04229	1.04110	1.04120	1732	0	3
2025.01.22	23:00:00	1.04119	1.04130	1.04066	1.04091	810	0	4
2025.01.23	00:00:00	1.04083	1.04107	1.04070	1.04075	349	0	25
2025.01.23	01:00:00	1.04084	1.04094	1.04053	1.04077	816	0	3
2025.01.23	02:00:00	1.04077	1.04118	1.04069	1.04102	1380	0	3
2025.01.23	03:00:00	1.04102	1.04160	1.04019	1.04036	2529	0	3
2025.01.23	04:00:00	1.04035	1.04061	1.03968	1.04038	1858	0	3
2025.01.23	05:00:00	1.04038	1.04090	1.04031	1.04088	1081	0	3
2025.01.23	06:00:00	1.04088	1.04128	1.04088	1.04108	1121	0	3
2025.01.23	07:00:00	1.04108	1.04116	1.04041	1.04051	1421	0	3
2025.01.23	08:00:00	1.04051	1.04121	1.04028	1.04032	1644	0	3
2025.01.23	09:00:00	1.04031	1.04056	1.03899	1.04001	3553	0	2
2025.01.23	10:00:00	1.04001	1.04022	1.03901	1.03939	3224	0	2
2025.01.23	11:00:00	1.03939	1.04146	1.03932	1.04115	3287	0	2
2025.01.23	12:00:00	1.04116	1.04202	1.04098	1.04112	2709	0	2
2025.01.23	13:00:00	1.04113	1.04139	1.04012	1.04032	2772	0	2
2025.01.23	14:00:00	1.04032	1.04060	1.03941	1.04036	3012	0	2
2025.01.23	15:00:00	1.04036	1.04150	1.03973	1.04104	4534	0	2
2025.01.23	16:00:00	1.04107	1.04177	1.04057	1.04086	3776	0	2
2025.01.23	17:00:00	1.04087	1.04096	1.03868	1.03973	4474	0	2
2025.01.23	18:00:00	1.03972	1.04294	1.03719	1.04194	7678	0	2
2025.01.23	19:00:00	1.04194	1.04378	1.04139	1.04353	3712	0	3
2025.01.23	20:00:00	1.04353	1.04369	1.04218	1.04238	2383	0	3
2025.01.23	21:00:00	1.04238	1.04267	1.04198	1.04229	2146	0	3
2025.01.23	22:00:00	1.04229	1.04291	1.04158	1.04174	2119	0	3
2025.01.23	23:00:00	1.04174	1.04192	1.04126	1.04139	835	0	4
2025.01.24	00:00:00	1.04137	1.04169	1.04126	1.04158	721	0	25
2025.01.24	01:00:00	1.04157	1.04177	1.04144	1.04156	635	0	3
2025.01.24	02:00:00	1.04157	1.04230	1.04133	1.04194	1483	0	3
2025.01.24	03:00:00	1.04192	1.04202	1.04114	1.04157	1804	0	3
2025.01.24	04:00:00	1.04157	1.04491	1.04157	1.04489	4076	0	3
2025.01.24	05:00:00	1.04486	1.04539	1.04364	1.04461	3385	0	3
2025.01.24	06:00:00	1.04461	1.04514	1.04434	1.04473	2110	0	3
2025.01.24	07:00:00	1.04473	1.04539	1.04435	1.04513	1641	0	3
2025.01.24	08:00:00	1.04514	1.04701	1.04492	1.04573	3610	0	3
2025.01.24	09:00:00	1.04570	1.04649	1.04472	1.04610	4249	0	2
2025.01.24	10:00:00	1.04607	1.04951	1.04579	1.04934	5784	0	2
2025.01.24	11:00:00	1.04924	1.05151	1.04908	1.04944	4867	0	2
2025.01.24	12:00:00	1.04944	1.04978	1.04859	1.04890	3127	0	2
2025.01.24	13:00:00	1.04890	1.04932	1.04809	1.04861	2669	0	2
2025.01.24	14:00:00	1.04861	1.04876	1.04733	1.04735	2753	0	2
2025.01.24	15:00:00	1.04735	1.04797	1.04636	1.04685	3528	0	2
2025.01.24	16:00:00	1.04685	1.04938	1.04671	1.04916	4609	0	2
2025.01.24	17:00:00	1.04916	1.05205	1.04896	1.05162	5847	0	2
2025.01.24	18:00:00	1.05158	1.05204	1.05056	1.05146	3958	0	2
2025.01.24	19:00:00	1.05143	1.05214	1.05098	1.05110	2804	0	3
2025.01.24	20:00:00	1.05109	1.05117	1.04939	1.04951	2034	0	3
2025.01.24	21:00:00	1.04950	1.04985	1.04920	1.04952	1486	0	3
2025.01.24	22:00:00	1.04948	1.04960	1.04881	1.04945	1477	0	3
2025.01.24	23:00:00	1.04946	1.04972	1.04929	1.04955	752	0	4
2025.01.27	00:00:00	1.04783	1.04835	1.04774	1.04822	596	0	30
2025.01.27	01:00:00	1.04834	1.04851	1.04650	1.04674	1693	0	3
2025.01.27	02:00:00	1.04674	1.04762	1.04651	1.04728	1817	0	3
2025.01.27	03:00:00	1.04725	1.04789	1.04612	1.04627	2843	0	3
2025.01.27	04:00:00	1.04627	1.04666	1.04589	1.04660	1828	0	3
2025.01.27	05:00:00	1.04660	1.04776	1.04632	1.04684	2041	0	3
2025.01.27	06:00:00	1.04685	1.04687	1.04597	1.04632	1445	0	3
2025.01.27	07:00:00	1.04632	1.04645	1.04557	1.04629	1674	0	3
2025.01.27	08:00:00	1.04629	1.04652	1.04568	1.04591	2005	0	3
2025.01.27	09:00:00	1.04591	1.04711	1.04537	1.04571	3628	0	2
2025.01.27	10:00:00	1.04571	1.04887	1.04543	1.04880	4802	0	2
2025.01.27	11:00:00	1.04880	1.04937	1.04752	1.04887	5225	0	2
2025.01.27	12:00:00	1.04888	1.05093	1.04888	1.05055	5023	0	2
2025.01.27	13:00:00	1.05054	1.05183	1.05043	1.05130	4490	0	2
2025.01.27	14:00:00	1.05133	1.05279	1.05089	1.05211	4203	0	2
2025.01.27	15:00:00	1.05212	1.05331	1.05096	1.05198	5511	0	2
2025.01.27	16:00:00	1.05198	1.05244	1.05077	1.05090	5177	0	2
2025.01.27	17:00:00	1.05090	1.05097	1.04938	1.04990	4843	0	2
2025.01.27	18:00:00	1.04991	1.05076	1.04891	1.04907	4271	0	2
2025.01.27	19:00:00	1.04907	1.04947	1.04848	1.04887	3226	0	2
2025.01.27	20:00:00	1.04886	1.04942	1.04817	1.04848	2869	0	3
2025.01.27	21:00:00	1.04848	1.04928	1.04791	1.04926	2574	0	3
2025.01.27	22:00:00	1.04926	1.04943	1.04873	1.04880	1956	0	3
2025.01.27	23:00:00	1.04879	1.04912	1.04857	1.04910	846	0	4
2025.01.28	00:00:00	1.04911	1.04930	1.04874	1.04880	465	0	25
2025.01.28	01:00:00	1.04892	1.04894	1.04285	1.04369	4458	0	3
2025.01.28	02:00:00	1.04368	1.04519	1.04323	1.04453	3431	0	3
2025.01.28	03:00:00	1.04452	1.04566	1.04296	1.04377	2705	0	3
2025.01.28	04:00:00	1.04374	1.04414	1.04243	1.04336	3247	0	3
2025.01.28	05:00:00	1.04336	1.04393	1.04288	1.04289	1978	0	3
2025.01.28	06:00:00	1.04289	1.04346	1.04254	1.04337	1514	0	3
2025.01.28	07:00:00	1.04337	1.04390	1.04334	1.04364	1288	0	3
2025.01.28	08:00:00	1.04364	1.04441	1.04336	1.04373	1683	0	3
2025.01.28	09:00:00	1.04369	1.04430	1.04281	1.04340	3638	0	2
2025.01.28	10:00:00	1.04343	1.04358	1.04194	1.04251	4408	0	2
2025.01.28	11:00:00	1.04252	1.04442	1.04223	1.04351	3944	0	2
2025.01.28	12:00:00	1.04351	1.04372	1.04247	1.04247	2862	0	2
2025.01.28	13:00:00	1.04247	1.04326	1.04226	1.04232	2526	0	2
2025.01.28	14:00:00	1.04232	1.04254	1.04136	1.04202	3536	0	2
2025.01.28	15:00:00	1.04198	1.04313	1.04172	1.04250	4066	0	2
2025.01.28	16:00:00	1.04246	1.04405	1.04240	1.04316	4331	0	2
2025.01.28	17:00:00	1.04317	1.04396	1.04208	1.04240	4472	0	2
2025.01.28	18:00:00	1.04240	1.04328	1.04224	1.04261	3953	0	2
2025.01.28	19:00:00	1.04261	1.04346	1.04246	1.04279	2414	0	3
2025.01.28	20:00:00	1.04281	1.04381	1.04234	1.04264	2740	0	3
2025.01.28	21:00:00	1.04264	1.04366	1.04225	1.04349	2165	0	3
2025.01.28	22:00:00	1.04349	1.04353	1.04294	1.04315	1963	0	3
2025.01.28	23:00:00	1.04313	1.04338	1.04299	1.04304	816	0	4
2025.01.29	00:00:00	1.04279	1.04287	1.04263	1.04279	376	0	25
2025.01.29	01:00:00	1.04285	1.04301	1.04265	1.04273	592	0	3
2025.01.29	02:00:00	1.04272	1.04344	1.04268	1.04302	1495	0	3
2025.01.29	03:00:00	1.04302	1.04340	1.04269	1.04271	1618	0	3
2025.01.29	04:00:00	1.04271	1.04357	1.04258	1.04338	1236	0	3
2025.01.29	05:00:00	1.04338	1.04390	1.04312	1.04374	1408	0	3
2025.01.29	06:00:00	1.04374	1.04426	1.04374	1.04386	1060	0	3
2025.01.29	07:00:00	1.04386	1.04408	1.04354	1.04403	1191	0	3
2025.01.29	08:00:00	1.04411	1.04436	1.04366	1.04372	1940	0	3
2025.01.29	09:00:00	1.04370	1.04378	1.04131	1.04160	3050	0	2
2025.01.29	10:00:00	1.04167	1.04304	1.04167	1.04242	3586	0	2
2025.01.29	11:00:00	1.04241	1.04246	1.04019	1.04037	3598	0	2
2025.01.29	12:00:00	1.04036	1.04084	1.03947	1.04036	3467	0	2
2025.01.29	13:00:00	1.04036	1.04082	1.03969	1.04015	2730	0	2
2025.01.29	14:00:00	1.04015	1.04048	1.03936	1.04039	3431	0	2
2025.01.29	15:00:00	1.04039	1.04057	1.03822	1.03873	4693	0	2
2025.01.29	16:00:00	1.03876	1.04015	1.03862	1.04010	4097	0	2
2025.01.29	17:00:00	1.04014	1.04269	1.03946	1.04194	5069	0	2
2025.01.29	18:00:00	1.04194	1.04240	1.04113	1.04157	4344	0	2
2025.01.29	19:00:00	1.04154	1.04284	1.04150	1.04212	3462	0	3
2025.01.29	20:00:00	1.04212	1.04245	1.04147	1.04198	2250	0	3
2025.01.29	21:00:00	1.04175	1.04287	1.03884	1.04161	8248	0	3
2025.01.29	22:00:00	1.04156	1.04256	1.04045	1.04104	4752	0	3
2025.01.29	23:00:00	1.04101	1.04214	1.04087	1.04212	1076	0	5
2025.01.30	00:00:00	1.04178	1.04211	1.04167	1.04202	688	0	25
2025.01.30	01:00:00	1.04213	1.04274	1.04183	1.04245	1187	0	3
2025.01.30	02:00:00	1.04245	1.04288	1.04238	1.04260	1368	0	3
2025.01.30	03:00:00	1.04259	1.04260	1.04189	1.04199	1489	0	3
2025.01.30	04:00:00	1.04199	1.04267	1.04198	1.04230	1367	0	3
2025.01.30	05:00:00	1.04230	1.04263	1.04220	1.04252	1459	0	3
2025.01.30	06:00:00	1.04252	1.04275	1.04176	1.04190	1319	0	3
2025.01.30	07:00:00	1.04189	1.04219	1.04175	1.04219	1203	0	3
2025.01.30	08:00:00	1.04219	1.04226	1.04107	1.04139	1596	0	3
2025.01.30	09:00:00	1.04139	1.04239	1.04094	1.04238	2631	0	2
2025.01.30	10:00:00	1.04273	1.04290	1.04160	1.04217	3475	0	2
2025.01.30	11:00:00	1.04217	1.04225	1.04020	1.04075	4025	0	2
2025.01.30	12:00:00	1.04073	1.04121	1.03957	1.04007	3277	0	2
2025.01.30	13:00:00	1.04007	1.04007	1.03912	1.03916	2853	0	2
2025.01.30	14:00:00	1.03916	1.04057	1.03903	1.04032	3094	0	2
2025.01.30	15:00:00	1.04032	1.04598	1.04012	1.04569	6053	0	2
2025.01.30	16:00:00	1.04560	1.04677	1.04192	1.04280	6482	0	2
2025.01.30	17:00:00	1.04281	1.04412	1.04268	1.04312	5019	0	2
2025.01.30	18:00:00	1.04311	1.04347	1.04170	1.04196	3789	0	2
2025.01.30	19:00:00	1.04194	1.04234	1.04093	1.04169	2929	0	3
2025.01.30	20:00:00	1.04171	1.04255	1.04156	1.04249	1688	0	3
2025.01.30	21:00:00	1.04249	1.04298	1.04229	1.04279	1456	0	3
2025.01.30	22:00:00	1.04281	1.04322	1.03860	1.04075	4542	0	3
2025.01.30	23:00:00	1.04074	1.04142	1.03870	1.03918	2893	0	4
2025.01.31	00:00:00	1.03933	1.03941	1.03852	1.03871	650	0	25
2025.01.31	01:00:00	1.03871	1.03982	1.03849	1.03968	1216	0	3
2025.01.31	02:00:00	1.03968	1.04023	1.03850	1.03866	1669	0	3
2025.01.31	03:00:00	1.03866	1.03924	1.03772	1.03885	2539	0	3
2025.01.31	04:00:00	1.03886	1.03950	1.03866	1.03896	1788	0	3
2025.01.31	05:00:00	1.03896	1.03914	1.03836	1.03849	1500	0	3
2025.01.31	06:00:00	1.03849	1.03897	1.03828	1.03874	1162	0	3
2025.01.31	07:00:00	1.03872	1.03907	1.03845	1.03887	1537	0	3
2025.01.31	08:00:00	1.03887	1.03954	1.03873	1.03944	1571	0	3
2025.01.31	09:00:00	1.03945	1.04128	1.03912	1.04040	3513	0	2
2025.01.31	10:00:00	1.04039	1.04066	1.03809	1.03843	3852	0	2
2025.01.31	11:00:00	1.03839	1.03849	1.03652	1.03836	4810	0	2
2025.01.31	12:00:00	1.03835	1.03839	1.03737	1.03763	3535	0	2
2025.01.31	13:00:00	1.03763	1.03800	1.03720	1.03759	2785	0	2
2025.01.31	14:00:00	1.03759	1.03856	1.03746	1.03824	2908	0	2
2025.01.31	15:00:00	1.03823	1.03954	1.03767	1.03822	4891	0	2
2025.01.31	16:00:00	1.03824	1.03826	1.03669	1.03687	4826	0	2
2025.01.31	17:00:00	1.03690	1.04005	1.03602	1.03964	5293	0	2
2025.01.31	18:00:00	1.03964	1.04075	1.03860	1.03998	4356	0	2
2025.01.31	19:00:00	1.03998	1.04338	1.03912	1.04199	6213	0	3
2025.01.31	20:00:00	1.04199	1.04217	1.03611	1.03699	6775	0	3
2025.01.31	21:00:00	1.03697	1.03791	1.03643	1.03762	4581	0	3
2025.01.31	22:00:00	1.03764	1.03822	1.03629	1.03735	4396	0	3
2025.01.31	23:00:00	1.03735	1.03872	1.03499	1.03584	3928	0	4
2025.02.03	00:00:00	1.02411	1.02563	1.02408	1.02494	1386	0	30
2025.02.03	01:00:00	1.02493	1.02704	1.02346	1.02470	5543	0	3
2025.02.03	02:00:00	1.02470	1.02673	1.02107	1.02319	6853	0	3
2025.02.03	03:00:00	1.02318	1.02523	1.02220	1.02378	5006	0	3
2025.02.03	04:00:00	1.02377	1.02378	1.02209	1.02236	4245	0	3
2025.02.03	05:00:00	1.02236	1.02247	1.02121	1.02214	2803	0	3
2025.02.03	06:00:00	1.02214	1.02400	1.02205	1.02265	4038	0	3
2025.02.03	07:00:00	1.02265	1.02432	1.02256	1.02404	2701	0	3
2025.02.03	08:00:00	1.02404	1.02516	1.02395	1.02430	3216	0	3
2025.02.03	09:00:00	1.02432	1.02492	1.02218	1.02246	4890	0	2
2025.02.03	10:00:00	1.02254	1.02512	1.02128	1.02436	5376	0	2
2025.02.03	11:00:00	1.02435	1.02543	1.02254	1.02302	4191	0	2
2025.02.03	12:00:00	1.02305	1.02444	1.02300	1.02436	3558	0	2
2025.02.03	13:00:00	1.02436	1.02557	1.02363	1.02522	3196	0	2
2025.02.03	14:00:00	1.02522	1.02784	1.02514	1.02576	4379	0	2
2025.02.03	15:00:00	1.02575	1.02880	1.02575	1.02639	5038	0	2
2025.02.03	16:00:00	1.02638	1.02660	1.02472	1.02507	5840	0	2
2025.02.03	17:00:00	1.02504	1.03356	1.02424	1.03160	10605	0	2
2025.02.03	18:00:00	1.03161	1.03214	1.02726	1.02760	8162	0	2
2025.02.03	19:00:00	1.02759	1.03026	1.02713	1.02795	5569	0	3
2025.02.03	20:00:00	1.02795	1.02875	1.02704	1.02784	4254	0	3
2025.02.03	21:00:00	1.02783	1.02969	1.02783	1.02845	2721	0	3
2025.02.03	22:00:00	1.02849	1.02992	1.02827	1.02955	2339	0	3
2025.02.03	23:00:00	1.02952	1.03499	1.02928	1.03345	3754	0	4
2025.02.04	00:00:00	1.03343	1.03470	1.03328	1.03421	1036	0	25
2025.02.04	01:00:00	1.03421	1.03506	1.03263	1.03280	2572	0	3
2025.02.04	02:00:00	1.03280	1.03309	1.03160	1.03178	2260	0	3
2025.02.04	03:00:00	1.03178	1.03225	1.03085	1.03220	2699	0	3
2025.02.04	04:00:00	1.03220	1.03240	1.03164	1.03220	1907	0	3
2025.02.04	05:00:00	1.03220	1.03240	1.03117	1.03146	1968	0	3
2025.02.04	06:00:00	1.03146	1.03150	1.03058	1.03058	1723	0	3
2025.02.04	07:00:00	1.03058	1.03058	1.02721	1.02930	5037	0	3
2025.02.04	08:00:00	1.02930	1.03075	1.02922	1.03066	2651	0	3
2025.02.04	09:00:00	1.03061	1.03170	1.02999	1.03114	3550	0	2
2025.02.04	10:00:00	1.03116	1.03356	1.03089	1.03343	5021	0	2
2025.02.04	11:00:00	1.03343	1.03494	1.03323	1.03386	3518	0	2
2025.02.04	12:00:00	1.03384	1.03434	1.03253	1.03349	2718	0	2
2025.02.04	13:00:00	1.03350	1.03352	1.03220	1.03221	2497	0	2
2025.02.04	14:00:00	1.03221	1.03285	1.03202	1.03251	3077	0	2
2025.02.04	15:00:00	1.03252	1.03404	1.03238	1.03402	3783	0	2
2025.02.04	16:00:00	1.03404	1.03661	1.03400	1.03600	4904	0	2
2025.02.04	17:00:00	1.03599	1.03859	1.03578	1.03801	6709	0	2
2025.02.04	18:00:00	1.03799	1.03874	1.03733	1.03784	4234	0	2
2025.02.04	19:00:00	1.03781	1.03787	1.03656	1.03765	3786	0	3
2025.02.04	20:00:00	1.03765	1.03861	1.03743	1.03811	2364	0	3
2025.02.04	21:00:00	1.03811	1.03853	1.03770	1.03817	2369	0	3
2025.02.04	22:00:00	1.03817	1.03857	1.03792	1.03853	2043	0	3
2025.02.04	23:00:00	1.03854	1.03874	1.03776	1.03800	958	0	4
2025.02.05	00:00:00	1.03744	1.03793	1.03731	1.03774	766	0	20
2025.02.05	01:00:00	1.03774	1.03804	1.03706	1.03714	1125	0	3
2025.02.05	02:00:00	1.03715	1.03819	1.03694	1.03787	1924	0	3
2025.02.05	03:00:00	1.03787	1.03866	1.03724	1.03732	2778	0	3
2025.02.05	04:00:00	1.03732	1.03849	1.03729	1.03845	2358	0	3
2025.02.05	05:00:00	1.03845	1.03861	1.03792	1.03794	1397	0	3
2025.02.05	06:00:00	1.03794	1.03823	1.03762	1.03785	1174	0	3
2025.02.05	07:00:00	1.03785	1.03786	1.03731	1.03777	1680	0	3
2025.02.05	08:00:00	1.03777	1.03940	1.03741	1.03849	2129	0	3
2025.02.05	09:00:00	1.03848	1.04095	1.03821	1.04025	3724	0	2
2025.02.05	10:00:00	1.04025	1.04085	1.03900	1.04038	4558	0	2
2025.02.05	11:00:00	1.04038	1.04175	1.04015	1.04038	4048	0	2
2025.02.05	12:00:00	1.04038	1.04304	1.04018	1.04251	3489	0	2
2025.02.05	13:00:00	1.04250	1.04253	1.04116	1.04146	2675	0	2
2025.02.05	14:00:00	1.04146	1.04219	1.04107	1.04191	2770	0	2
2025.02.05	15:00:00	1.04187	1.04256	1.04014	1.04077	4706	0	2
2025.02.05	16:00:00	1.04077	1.04263	1.04061	1.04211	4488	0	2
2025.02.05	17:00:00	1.04330	1.04422	1.04151	1.04223	6120	0	2
2025.02.05	18:00:00	1.04221	1.04248	1.04103	1.04181	3385	0	2
2025.02.05	19:00:00	1.04182	1.04239	1.04103	1.04198	2338	0	2
2025.02.05	20:00:00	1.04197	1.04216	1.04143	1.04155	1888	0	2
2025.02.05	21:00:00	1.04156	1.04169	1.04047	1.04071	1900	0	2
2025.02.05	22:00:00	1.04071	1.04071	1.04012	1.04048	1582	0	2
2025.02.05	23:00:00	1.04048	1.04065	1.03967	1.03988	882	0	2
2025.02.06	00:00:00	1.04037	1.04038	1.04007	1.04030	391	0	22
2025.02.06	01:00:00	1.04030	1.04055	1.03973	1.03987	967	0	2
2025.02.06	02:00:00	1.03987	1.04024	1.03949	1.03974	1622	0	2
2025.02.06	03:00:00	1.03974	1.04047	1.03954	1.04027	2316	0	2
2025.02.06	04:00:00	1.04023	1.04055	1.03909	1.03951	1835	0	2
2025.02.06	05:00:00	1.03951	1.03963	1.03895	1.03920	1645	0	2
2025.02.06	06:00:00	1.03920	1.03938	1.03851	1.03870	1239	0	2
2025.02.06	07:00:00	1.03871	1.03903	1.03859	1.03864	1583	0	2
2025.02.06	08:00:00	1.03865	1.03925	1.03857	1.03901	1533	0	2
2025.02.06	09:00:00	1.03902	1.03915	1.03779	1.03801	2327	0	2
2025.02.06	10:00:00	1.03800	1.03808	1.03561	1.03651	3349	0	2
2025.02.06	11:00:00	1.03651	1.03678	1.03562	1.03593	2573	0	2
2025.02.06	12:00:00	1.03593	1.03664	1.03558	1.03624	2277	0	2
2025.02.06	13:00:00	1.03623	1.03677	1.03580	1.03618	2323	0	2
2025.02.06	14:00:00	1.03618	1.03636	1.03525	1.03619	3609	0	2
2025.02.06	15:00:00	1.03617	1.03672	1.03535	1.03603	3809	0	2
2025.02.06	16:00:00	1.03607	1.03748	1.03598	1.03622	3365	0	2
2025.02.06	17:00:00	1.03622	1.03765	1.03612	1.03695	4091	0	2
2025.02.06	18:00:00	1.03695	1.03761	1.03668	1.03669	2783	0	2
2025.02.06	19:00:00	1.03669	1.03806	1.03658	1.03794	1923	0	2
2025.02.06	20:00:00	1.03793	1.03968	1.03743	1.03895	2642	0	2
2025.02.06	21:00:00	1.03895	1.03914	1.03804	1.03851	1852	0	2
2025.02.06	22:00:00	1.03848	1.03909	1.03839	1.03890	1382	0	2
2025.02.06	23:00:00	1.03885	1.03893	1.03841	1.03844	594	0	2
2025.02.07	00:00:00	1.03838	1.03845	1.03811	1.03825	407	0	22
2025.02.07	01:00:00	1.03833	1.03868	1.03826	1.03852	929	0	2
2025.02.07	02:00:00	1.03852	1.03910	1.03774	1.03777	1458	0	2
2025.02.07	03:00:00	1.03777	1.03868	1.03744	1.03839	2134	0	2
2025.02.07	04:00:00	1.03839	1.03861	1.03809	1.03842	1706	0	2
2025.02.07	05:00:00	1.03842	1.03848	1.03772	1.03798	1357	0	2
2025.02.07	06:00:00	1.03798	1.03835	1.03758	1.03812	1309	0	2
2025.02.07	07:00:00	1.03812	1.03815	1.03740	1.03752	1387	0	2
2025.02.07	08:00:00	1.03752	1.03773	1.03726	1.03762	1488	0	2
2025.02.07	09:00:00	1.03761	1.03903	1.03742	1.03892	1976	0	2
2025.02.07	10:00:00	1.03892	1.03999	1.03855	1.03978	2371	0	2
2025.02.07	11:00:00	1.03976	1.03992	1.03899	1.03911	2111	0	2
2025.02.07	12:00:00	1.03911	1.03915	1.03791	1.03814	1848	0	2
2025.02.07	13:00:00	1.03814	1.03842	1.03773	1.03824	1696	0	2
2025.02.07	14:00:00	1.03824	1.03825	1.03683	1.03744	2043	0	2
2025.02.07	15:00:00	1.03744	1.04098	1.03492	1.03636	5204	0	2
2025.02.07	16:00:00	1.03636	1.03888	1.03608	1.03857	4429	0	2
2025.02.07	17:00:00	1.03824	1.03877	1.03275	1.03548	5420	0	2
2025.02.07	18:00:00	1.03550	1.03551	1.03223	1.03279	6090	0	2
2025.02.07	19:00:00	1.03279	1.03603	1.03055	1.03217	5188	0	2
2025.02.07	20:00:00	1.03217	1.03360	1.03210	1.03252	2164	0	2
2025.02.07	21:00:00	1.03252	1.03369	1.03238	1.03323	2009	0	2
2025.02.07	22:00:00	1.03322	1.03383	1.03214	1.03278	1763	0	2
2025.02.07	23:00:00	1.03280	1.03322	1.03251	1.03257	1005	0	2
2025.02.10	00:00:00	1.02865	1.03016	1.02827	1.02902	904	0	22
2025.02.10	01:00:00	1.02914	1.03137	1.02910	1.03098	1862	0	2
2025.02.10	02:00:00	1.03097	1.03186	1.03093	1.03103	1928	0	2
2025.02.10	03:00:00	1.03102	1.03146	1.03000	1.03032	2309	0	2
2025.02.10	04:00:00	1.03032	1.03069	1.02987	1.02997	1584	0	2
2025.02.10	05:00:00	1.02997	1.03118	1.02997	1.03117	1299	0	2
2025.02.10	06:00:00	1.03117	1.03159	1.03113	1.03132	1121	0	2
2025.02.10	07:00:00	1.03133	1.03217	1.03132	1.03162	1193	0	2
2025.02.10	08:00:00	1.03162	1.03200	1.03120	1.03190	1568	0	2
2025.02.10	09:00:00	1.03188	1.03256	1.03100	1.03128	2663	0	2
2025.02.10	10:00:00	1.03128	1.03228	1.03067	1.03223	3249	0	2
2025.02.10	11:00:00	1.03223	1.03348	1.03209	1.03269	2575	0	2
2025.02.10	12:00:00	1.03266	1.03337	1.03235	1.03300	1921	0	2
2025.02.10	13:00:00	1.03300	1.03365	1.03201	1.03207	2105	0	2
2025.02.10	14:00:00	1.03206	1.03221	1.03086	1.03137	2480	0	2
2025.02.10	15:00:00	1.03137	1.03264	1.03137	1.03216	2525	0	2
2025.02.10	16:00:00	1.03216	1.03236	1.03043	1.03112	3142	0	2
2025.02.10	17:00:00	1.03115	1.03199	1.03106	1.03152	2884	0	2
2025.02.10	18:00:00	1.03152	1.03181	1.03045	1.03116	2563	0	2
2025.02.10	19:00:00	1.03116	1.03148	1.03066	1.03124	1730	0	2
2025.02.10	20:00:00	1.03124	1.03160	1.03060	1.03072	1544	0	2
2025.02.10	21:00:00	1.03072	1.03110	1.03052	1.03069	1253	0	2
2025.02.10	22:00:00	1.03069	1.03084	1.03050	1.03069	1025	0	2
2025.02.10	23:00:00	1.03068	1.03084	1.03050	1.03061	499	0	2
2025.02.11	00:00:00	1.03072	1.03083	1.03031	1.03054	750	0	22
2025.02.11	01:00:00	1.03054	1.03076	1.02984	1.03006	1317	0	2
2025.02.11	02:00:00	1.03006	1.03068	1.02996	1.03047	1100	0	2
2025.02.11	03:00:00	1.03047	1.03047	1.03000	1.03021	1842	0	2
2025.02.11	04:00:00	1.03021	1.03030	1.02922	1.02931	1711	0	2
2025.02.11	05:00:00	1.02931	1.03007	1.02921	1.02982	1336	0	2
2025.02.11	06:00:00	1.02982	1.03043	1.02976	1.03042	1044	0	2
2025.02.11	07:00:00	1.03042	1.03059	1.03021	1.03047	997	0	2
2025.02.11	08:00:00	1.03047	1.03104	1.03041	1.03052	1635	0	2
2025.02.11	09:00:00	1.03052	1.03078	1.03009	1.03033	2137	0	2
2025.02.11	10:00:00	1.03033	1.03199	1.02999	1.03183	2508	0	2
2025.02.11	11:00:00	1.03183	1.03221	1.03126	1.03180	2372	0	2
2025.02.11	12:00:00	1.03181	1.03252	1.03145	1.03162	2023	0	2
2025.02.11	13:00:00	1.03162	1.03228	1.03159	1.03219	1556	0	2
2025.02.11	14:00:00	1.03219	1.03286	1.03208	1.03221	2087	0	2
2025.02.11	15:00:00	1.03222	1.03261	1.03166	1.03225	2591	0	2
2025.02.11	16:00:00	1.03222	1.03372	1.03218	1.03325	2720	0	2
2025.02.11	17:00:00	1.03336	1.03432	1.03281	1.03398	3420	0	2
2025.02.11	18:00:00	1.03398	1.03513	1.03390	1.03457	2855	0	2
2025.02.11	19:00:00	1.03456	1.03486	1.03435	1.03454	1875	0	2
2025.02.11	20:00:00	1.03454	1.03514	1.03446	1.03455	1472	0	2
2025.02.11	21:00:00	1.03455	1.03816	1.03420	1.03583	2366	0	2
2025.02.11	22:00:00	1.03582	1.03675	1.03578	1.03631	2053	0	2
2025.02.11	23:00:00	1.03631	1.03640	1.03586	1.03605	809	0	2
2025.02.12	00:00:00	1.03616	1.03633	1.03591	1.03618	339	0	22
2025.02.12	01:00:00	1.03618	1.03677	1.03613	1.03632	933	0	2
2025.02.12	02:00:00	1.03642	1.03643	1.03563	1.03574	1262	0	2
2025.02.12	03:00:00	1.03572	1.03641	1.03539	1.03605	1971	0	2
2025.02.12	04:00:00	1.03605	1.03679	1.03605	1.03625	1642	0	2
2025.02.12	05:00:00	1.03626	1.03655	1.03587	1.03620	1574	0	2
2025.02.12	06:00:00	1.03621	1.03636	1.03561	1.03562	1375	0	2
2025.02.12	07:00:00	1.03563	1.03593	1.03548	1.03585	1403	0	2
2025.02.12	08:00:00	1.03585	1.03602	1.03568	1.03590	1465	0	2
2025.02.12	09:00:00	1.03590	1.03793	1.03588	1.03754	2559	0	2
2025.02.12	10:00:00	1.03759	1.03799	1.03680	1.03712	2933	0	2
2025.02.12	11:00:00	1.03711	1.03740	1.03647	1.03737	2153	0	2
2025.02.12	12:00:00	1.03743	1.03773	1.03701	1.03755	2137	0	2
2025.02.12	13:00:00	1.03755	1.03857	1.03738	1.03752	2150	0	2
2025.02.12	14:00:00	1.03751	1.03787	1.03720	1.03729	2130	0	2
2025.02.12	15:00:00	1.03730	1.03760	1.03170	1.03331	5423	0	2
2025.02.12	16:00:00	1.03320	1.03537	1.03254	1.03502	4609	0	2
2025.02.12	17:00:00	1.03502	1.03828	1.03380	1.03745	5462	0	2
2025.02.12	18:00:00	1.03745	1.03958	1.03505	1.03915	4266	0	2
2025.02.12	19:00:00	1.03913	1.04274	1.03908	1.04261	4876	0	2
2025.02.12	20:00:00	1.04262	1.04298	1.03873	1.03894	3407	0	2
2025.02.12	21:00:00	1.03893	1.03934	1.03846	1.03910	2081	0	2
2025.02.12	22:00:00	1.03910	1.03975	1.03880	1.03917	1808	0	2
2025.02.12	23:00:00	1.03917	1.03921	1.03810	1.03819	1074	0	2
2025.02.13	00:00:00	1.03838	1.03853	1.03815	1.03832	621	0	22
2025.02.13	01:00:00	1.03836	1.03923	1.03836	1.03923	1112	0	2
2025.02.13	02:00:00	1.03923	1.04005	1.03881	1.03896	1466	0	2
2025.02.13	03:00:00	1.03895	1.04018	1.03872	1.03998	2439	0	2
2025.02.13	04:00:00	1.03998	1.04078	1.03965	1.04038	2062	0	2
2025.02.13	05:00:00	1.04040	1.04219	1.04034	1.04190	1882	0	2
2025.02.13	06:00:00	1.04190	1.04354	1.04186	1.04346	2172	0	2
2025.02.13	07:00:00	1.04347	1.04384	1.04305	1.04350	2093	0	2
2025.02.13	08:00:00	1.04350	1.04401	1.04286	1.04309	2476	0	2
2025.02.13	09:00:00	1.04309	1.04367	1.04224	1.04256	3325	0	2
2025.02.13	10:00:00	1.04258	1.04265	1.04105	1.04137	3591	0	2
2025.02.13	11:00:00	1.04138	1.04264	1.04110	1.04232	2818	0	2
2025.02.13	12:00:00	1.04232	1.04292	1.04135	1.04157	2445	0	2
2025.02.13	13:00:00	1.04157	1.04275	1.03926	1.04030	3256	0	2
2025.02.13	14:00:00	1.04030	1.04034	1.03858	1.03900	3200	0	2
2025.02.13	15:00:00	1.03899	1.04072	1.03750	1.03926	4761	0	2
2025.02.13	16:00:00	1.03926	1.04015	1.03820	1.03997	4052	0	2
2025.02.13	17:00:00	1.03997	1.04384	1.03997	1.04335	5894	0	2
2025.02.13	18:00:00	1.04333	1.04455	1.04243	1.04276	3276	0	2
2025.02.13	19:00:00	1.04273	1.04389	1.04251	1.04253	2561	0	2
2025.02.13	20:00:00	1.04254	1.04317	1.03732	1.04094	5247	0	2
2025.02.13	21:00:00	1.04095	1.04427	1.04086	1.04372	3630	0	2
2025.02.13	22:00:00	1.04372	1.04659	1.04355	1.04617	2195	0	2
2025.02.13	23:00:00	1.04621	1.04666	1.04570	1.04647	983	0	2
2025.02.14	00:00:00	1.04630	1.04682	1.04622	1.04659	616	0	22
2025.02.14	01:00:00	1.04674	1.04674	1.04560	1.04616	1456	0	2
2025.02.14	02:00:00	1.04616	1.04670	1.04577	1.04609	1919	0	2
2025.02.14	03:00:00	1.04609	1.04670	1.04582	1.04592	2478	0	2
2025.02.14	04:00:00	1.04591	1.04610	1.04552	1.04568	1750	0	2
2025.02.14	05:00:00	1.04568	1.04617	1.04539	1.04587	1570	0	2
2025.02.14	06:00:00	1.04587	1.04638	1.04547	1.04548	1178	0	2
2025.02.14	07:00:00	1.04548	1.04559	1.04473	1.04527	1523	0	2
2025.02.14	08:00:00	1.04527	1.04609	1.04519	1.04587	2122	0	2
2025.02.14	09:00:00	1.04587	1.04721	1.04585	1.04648	2862	0	2
2025.02.14	10:00:00	1.04652	1.04865	1.04636	1.04768	3524	0	2
2025.02.14	11:00:00	1.04768	1.04878	1.04760	1.04813	2773	0	2
2025.02.14	12:00:00	1.04813	1.04829	1.04646	1.04671	2377	0	2
2025.02.14	13:00:00	1.04671	1.04695	1.04629	1.04674	2091	0	2
2025.02.14	14:00:00	1.04674	1.04749	1.04570	1.04716	2411	0	2
2025.02.14	15:00:00	1.04718	1.04978	1.04711	1.04883	4319	0	2
2025.02.14	16:00:00	1.04883	1.05143	1.04873	1.05086	3936	0	2
2025.02.14	17:00:00	1.05087	1.05128	1.04910	1.05083	3975	0	2
2025.02.14	18:00:00	1.05083	1.05101	1.04969	1.04975	2778	0	2
2025.02.14	19:00:00	1.04975	1.05088	1.04940	1.05073	2046	0	2
2025.02.14	20:00:00	1.05073	1.05082	1.04996	1.05045	1637	0	2
2025.02.14	21:00:00	1.05045	1.05051	1.04949	1.04987	1635	0	2
2025.02.14	22:00:00	1.04985	1.04985	1.04912	1.04920	1521	0	2
2025.02.14	23:00:00	1.04922	1.04945	1.04883	1.04886	1069	0	2
2025.02.17	00:00:00	1.04846	1.04894	1.04846	1.04886	463	0	22
2025.02.17	01:00:00	1.04886	1.04944	1.04850	1.04886	1657	0	2
2025.02.17	02:00:00	1.04886	1.04934	1.04855	1.04924	1570	0	2
2025.02.17	03:00:00	1.04924	1.05065	1.04896	1.05054	2100	0	2
2025.02.17	04:00:00	1.05054	1.05055	1.04958	1.05012	1804	0	2
2025.02.17	05:00:00	1.05012	1.05036	1.04943	1.04948	1863	0	2
2025.02.17	06:00:00	1.04948	1.04973	1.04893	1.04955	1378	0	2
2025.02.17	07:00:00	1.04955	1.04982	1.04848	1.04898	2148	0	2
2025.02.17	08:00:00	1.04898	1.04934	1.04880	1.04917	1942	0	2
2025.02.17	09:00:00	1.04917	1.04955	1.04805	1.04827	2563	0	2
2025.02.17	10:00:00	1.04826	1.04850	1.04710	1.04744	3112	0	2
2025.02.17	11:00:00	1.04744	1.04814	1.04712	1.04743	2241	0	2
2025.02.17	12:00:00	1.04742	1.04893	1.04732	1.04889	1965	0	2
2025.02.17	13:00:00	1.04888	1.04892	1.04778	1.04819	1747	0	2
2025.02.17	14:00:00	1.04821	1.04850	1.04685	1.04722	2034	0	2
2025.02.17	15:00:00	1.04723	1.04765	1.04671	1.04744	1652	0	2
2025.02.17	16:00:00	1.04744	1.04794	1.04713	1.04784	1528	0	2
2025.02.17	17:00:00	1.04784	1.04842	1.04742	1.04798	1766	0	2
2025.02.17	18:00:00	1.04797	1.04833	1.04769	1.04787	1400	0	2
2025.02.17	19:00:00	1.04787	1.04846	1.04779	1.04826	934	0	2
2025.02.17	20:00:00	1.04825	1.04825	1.04792	1.04822	465	0	2
2025.02.17	21:00:00	1.04822	1.04838	1.04797	1.04816	612	0	2
2025.02.17	22:00:00	1.04816	1.04838	1.04808	1.04835	517	0	2
2025.02.17	23:00:00	1.04835	1.04850	1.04825	1.04842	429	0	2
2025.02.18	00:00:00	1.04752	1.04841	1.04749	1.04799	760	0	22
2025.02.18	01:00:00	1.04800	1.04858	1.04764	1.04849	947	0	2
2025.02.18	02:00:00	1.04849	1.04863	1.04727	1.04750	1596	0	2
2025.02.18	03:00:00	1.04750	1.04755	1.04627	1.04661	1995	0	2
2025.02.18	04:00:00	1.04662	1.04708	1.04656	1.04677	1687	0	2
2025.02.18	05:00:00	1.04677	1.04725	1.04619	1.04630	1967	0	2
2025.02.18	06:00:00	1.04629	1.04639	1.04553	1.04572	1427	0	2
2025.02.18	07:00:00	1.04572	1.04591	1.04522	1.04551	1652	0	2
2025.02.18	08:00:00	1.04551	1.04633	1.04546	1.04613	1806	0	2
2025.02.18	09:00:00	1.04613	1.04693	1.04586	1.04635	2468	0	2
2025.02.18	10:00:00	1.04636	1.04694	1.04547	1.04568	2823	0	2
2025.02.18	11:00:00	1.04568	1.04651	1.04556	1.04641	2295	0	2
2025.02.18	12:00:00	1.04646	1.04672	1.04589	1.04623	2102	0	2
2025.02.18	13:00:00	1.04624	1.04649	1.04612	1.04628	1565	0	2
2025.02.18	14:00:00	1.04629	1.04670	1.04530	1.04553	2073	0	2
2025.02.18	15:00:00	1.04552	1.04570	1.04417	1.04447	2653	0	2
2025.02.18	16:00:00	1.04447	1.04549	1.04417	1.04523	2774	0	2
2025.02.18	17:00:00	1.04525	1.04670	1.04517	1.04664	3141	0	2
2025.02.18	18:00:00	1.04663	1.04695	1.04539	1.04567	2379	0	2
2025.02.18	19:00:00	1.04567	1.04567	1.04391	1.04460	1891	0	2
2025.02.18	20:00:00	1.04459	1.04479	1.04350	1.04440	1629	0	2
2025.02.18	21:00:00	1.04440	1.04497	1.04406	1.04452	1244	0	2
2025.02.18	22:00:00	1.04450	1.04478	1.04413	1.04478	1258	0	2
2025.02.18	23:00:00	1.04478	1.04494	1.04445	1.04464	864	0	2
2025.02.19	00:00:00	1.04453	1.04508	1.04439	1.04502	918	0	14
2025.02.19	01:00:00	1.04504	1.04504	1.04451	1.04482	804	0	2
2025.02.19	02:00:00	1.04482	1.04492	1.04439	1.04457	1345	0	2
2025.02.19	03:00:00	1.04460	1.04480	1.04410	1.04466	2147	0	2
2025.02.19	04:00:00	1.04465	1.04522	1.04448	1.04519	1812	0	2
2025.02.19	05:00:00	1.04518	1.04522	1.04476	1.04513	1366	0	2
2025.02.19	06:00:00	1.04513	1.04532	1.04482	1.04523	1216	0	2
2025.02.19	07:00:00	1.04523	1.04564	1.04487	1.04564	1276	0	2
2025.02.19	08:00:00	1.04564	1.04614	1.04544	1.04551	1714	0	2
2025.02.19	09:00:00	1.04559	1.04593	1.04486	1.04512	2197	0	2
2025.02.19	10:00:00	1.04516	1.04562	1.04387	1.04405	2406	0	2
2025.02.19	11:00:00	1.04405	1.04437	1.04283	1.04289	2375	0	2
2025.02.19	12:00:00	1.04290	1.04297	1.04188	1.04240	2383	0	2
2025.02.19	13:00:00	1.04242	1.04333	1.04202	1.04247	2978	0	2
2025.02.19	14:00:00	1.04246	1.04319	1.04218	1.04281	2238	0	2
2025.02.19	15:00:00	1.04284	1.04354	1.04251	1.04341	2386	0	2
2025.02.19	16:00:00	1.04341	1.04378	1.04275	1.04337	2768	0	2
2025.02.19	17:00:00	1.04343	1.04413	1.04216	1.04241	3648	0	2
2025.02.19	18:00:00	1.04241	1.04250	1.04042	1.04046	2786	0	2
2025.02.19	19:00:00	1.04046	1.04133	1.04008	1.04098	1869	0	2
2025.02.19	20:00:00	1.04099	1.04218	1.04085	1.04196	1720	0	2
2025.02.19	21:00:00	1.04196	1.04325	1.04183	1.04258	2434	0	2
2025.02.19	22:00:00	1.04251	1.04265	1.04208	1.04254	1579	0	2
2025.02.19	23:00:00	1.04253	1.04263	1.04220	1.04240	633	0	2
2025.02.20	00:00:00	1.04211	1.04259	1.04202	1.04240	459	0	22
2025.02.20	01:00:00	1.04252	1.04257	1.04199	1.04207	938	0	2
2025.02.20	02:00:00	1.04207	1.04302	1.04197	1.04293	1868	0	2
2025.02.20	03:00:00	1.04293	1.04326	1.04187	1.04213	2321	0	2
2025.02.20	04:00:00	1.04213	1.04376	1.04202	1.04356	2693	0	2
2025.02.20	05:00:00	1.04357	1.04361	1.04267	1.04312	1834	0	2
2025.02.20	06:00:00	1.04312	1.04318	1.04241	1.04303	1403	0	2
2025.02.20	07:00:00	1.04303	1.04342	1.04270	1.04275	1452	0	2
2025.02.20	08:00:00	1.04275	1.04343	1.04244	1.04249	1821	0	2
2025.02.20	09:00:00	1.04252	1.04335	1.04235	1.04316	2282	0	2
2025.02.20	10:00:00	1.04315	1.04420	1.04294	1.04333	2734	0	2
2025.02.20	11:00:00	1.04332	1.04385	1.04287	1.04371	2149	0	2
2025.02.20	12:00:00	1.04369	1.04442	1.04342	1.04423	2023	0	2
2025.02.20	13:00:00	1.04423	1.04464	1.04308	1.04384	1913	0	2
2025.02.20	14:00:00	1.04384	1.04438	1.04333	1.04356	2702	0	2
2025.02.20	15:00:00	1.04356	1.04549	1.04348	1.04482	3126	0	2
2025.02.20	16:00:00	1.04482	1.04604	1.04421	1.04466	3679	0	2
2025.02.20	17:00:00	1.04466	1.04753	1.04419	1.04740	3941	0	2
2025.02.20	18:00:00	1.04740	1.04784	1.04642	1.04750	2666	0	2
2025.02.20	19:00:00	1.04749	1.04946	1.04711	1.04893	2419	0	2
2025.02.20	20:00:00	1.04886	1.04986	1.04854	1.04980	1877	0	2
2025.02.20	21:00:00	1.04982	1.05034	1.04891	1.05016	1818	0	2
2025.02.20	22:00:00	1.05017	1.05032	1.04954	1.05028	1265	0	2
2025.02.20	23:00:00	1.05026	1.05034	1.05004	1.05006	587	0	2
2025.02.21	00:00:00	1.04953	1.04982	1.04953	1.04973	561	0	22
2025.02.21	01:00:00	1.04981	1.05058	1.04974	1.05005	1256	0	2
2025.02.21	02:00:00	1.05005	1.05005	1.04892	1.04901	1748	0	2
2025.02.21	03:00:00	1.04901	1.04933	1.04844	1.04868	2213	0	2
2025.02.21	04:00:00	1.04868	1.05031	1.04864	1.05026	2376	0	2
2025.02.21	05:00:00	1.05026	1.05046	1.04993	1.05026	1840	0	2
2025.02.21	06:00:00	1.05025	1.05049	1.04974	1.04990	1092	0	2
2025.02.21	07:00:00	1.04990	1.05007	1.04915	1.04928	1699	0	2
2025.02.21	08:00:00	1.04928	1.04941	1.04880	1.04885	2002	0	2
2025.02.21	09:00:00	1.04891	1.04998	1.04891	1.04920	2362	0	2
2025.02.21	10:00:00	1.04921	1.04941	1.04680	1.04766	3556	0	2
2025.02.21	11:00:00	1.04768	1.04811	1.04667	1.04691	2753	0	2
2025.02.21	12:00:00	1.04692	1.04721	1.04646	1.04651	2139	0	2
2025.02.21	13:00:00	1.04651	1.04740	1.04631	1.04692	1825	0	2
2025.02.21	14:00:00	1.04692	1.04709	1.04594	1.04618	1865	0	2
2025.02.21	15:00:00	1.04618	1.04779	1.04614	1.04752	2308	0	2
2025.02.21	16:00:00	1.04752	1.04927	1.04702	1.04811	3672	0	2
2025.02.21	17:00:00	1.04802	1.04861	1.04525	1.04541	4154	0	2
2025.02.21	18:00:00	1.04541	1.04579	1.04493	1.04547	2461	0	2
2025.02.21	19:00:00	1.04547	1.04643	1.04520	1.04631	2160	0	2
2025.02.21	20:00:00	1.04631	1.04679	1.04508	1.04598	2921	0	2
2025.02.21	21:00:00	1.04596	1.04666	1.04573	1.04625	2197	0	2
2025.02.21	22:00:00	1.04616	1.04646	1.04576	1.04607	1869	0	2
2025.02.21	23:00:00	1.04607	1.04620	1.04584	1.04591	937	0	2
2025.02.24	00:00:00	1.04674	1.04803	1.04609	1.04745	1074	0	22
2025.02.24	01:00:00	1.04746	1.04848	1.04713	1.04739	1702	0	2
2025.02.24	02:00:00	1.04739	1.05075	1.04719	1.05043	2754	0	2
2025.02.24	03:00:00	1.05044	1.05209	1.05022	1.05180	3514	0	2
2025.02.24	04:00:00	1.05179	1.05283	1.05157	1.05228	3104	0	2
2025.02.24	05:00:00	1.05228	1.05258	1.05163	1.05195	2103	0	2
2025.02.24	06:00:00	1.05195	1.05207	1.05112	1.05156	1544	0	2
2025.02.24	07:00:00	1.05157	1.05197	1.05101	1.05165	2119	0	2
2025.02.24	08:00:00	1.05165	1.05165	1.05012	1.05089	1994	0	2
2025.02.24	09:00:00	1.05089	1.05150	1.04867	1.04911	3462	0	2
2025.02.24	10:00:00	1.04917	1.04922	1.04697	1.04801	3588	0	2
2025.02.24	11:00:00	1.04797	1.04849	1.04689	1.04721	3047	0	2
2025.02.24	12:00:00	1.04720	1.04807	1.04669	1.04802	2463	0	2
2025.02.24	13:00:00	1.04802	1.04813	1.04639	1.04684	1934	0	2
2025.02.24	14:00:00	1.04684	1.04726	1.04601	1.04689	1981	0	2
2025.02.24	15:00:00	1.04691	1.04757	1.04648	1.04669	2377	0	2
2025.02.24	16:00:00	1.04669	1.04698	1.04528	1.04605	3171	0	2
2025.02.24	17:00:00	1.04606	1.04706	1.04601	1.04691	3673	0	2
2025.02.24	18:00:00	1.04691	1.04802	1.04656	1.04778	2600	0	2
2025.02.24	19:00:00	1.04778	1.04838	1.04681	1.04724	2622	0	2
2025.02.24	20:00:00	1.04724	1.04858	1.04707	1.04806	2066	0	2
2025.02.24	21:00:00	1.04806	1.04843	1.04728	1.04753	2219	0	2
2025.02.24	22:00:00	1.04754	1.04794	1.04646	1.04650	2575	0	2
2025.02.24	23:00:00	1.04650	1.04671	1.04618	1.04668	907	0	2
2025.02.25	00:00:00	1.04662	1.04694	1.04658	1.04682	483	0	22
2025.02.25	01:00:00	1.04688	1.04688	1.04604	1.04614	1125	0	2
2025.02.25	02:00:00	1.04615	1.04642	1.04599	1.04634	1537	0	2
2025.02.25	03:00:00	1.04637	1.04657	1.04607	1.04651	1972	0	2
2025.02.25	04:00:00	1.04652	1.04750	1.04651	1.04744	2119	0	2
2025.02.25	05:00:00	1.04744	1.04764	1.04714	1.04732	1783	0	2
2025.02.25	06:00:00	1.04732	1.04773	1.04725	1.04730	1335	0	2
2025.02.25	07:00:00	1.04730	1.04782	1.04722	1.04769	1350	0	2
2025.02.25	08:00:00	1.04769	1.04801	1.04727	1.04770	1713	0	2
2025.02.25	09:00:00	1.04770	1.04777	1.04635	1.04643	3061	0	2
2025.02.25	10:00:00	1.04641	1.04786	1.04563	1.04702	3353	0	2
2025.02.25	11:00:00	1.04702	1.04787	1.04685	1.04731	2697	0	2
2025.02.25	12:00:00	1.04731	1.04741	1.04652	1.04728	2245	0	2
2025.02.25	13:00:00	1.04728	1.04897	1.04715	1.04894	2238	0	2
2025.02.25	14:00:00	1.04894	1.05003	1.04884	1.04937	2699	0	2
2025.02.25	15:00:00	1.04938	1.05097	1.04935	1.05000	2863	0	2
2025.02.25	16:00:00	1.05003	1.05051	1.04918	1.05025	3190	0	2
2025.02.25	17:00:00	1.05026	1.05194	1.04950	1.04984	4468	0	2
2025.02.25	18:00:00	1.04985	1.05061	1.04948	1.04977	3487	0	2
2025.02.25	19:00:00	1.04977	1.05024	1.04839	1.05023	2595	0	2
2025.02.25	20:00:00	1.05023	1.05183	1.05022	1.05085	2381	0	2
2025.02.25	21:00:00	1.05084	1.05127	1.05045	1.05106	2179	0	2
2025.02.25	22:00:00	1.05105	1.05191	1.05092	1.05163	2094	0	2
2025.02.25	23:00:00	1.05159	1.05176	1.05129	1.05143	1035	0	2
2025.02.26	00:00:00	1.05132	1.05138	1.05113	1.05131	506	0	22
2025.02.26	01:00:00	1.05134	1.05229	1.05116	1.05204	1215	0	2
2025.02.26	02:00:00	1.05204	1.05250	1.05198	1.05227	1609	0	2
2025.02.26	03:00:00	1.05228	1.05237	1.05139	1.05153	2059	0	2
2025.02.26	04:00:00	1.05153	1.05170	1.05043	1.05064	1940	0	2
2025.02.26	05:00:00	1.05064	1.05087	1.05012	1.05044	1549	0	2
2025.02.26	06:00:00	1.05043	1.05054	1.04967	1.04971	1108	0	2
2025.02.26	07:00:00	1.04971	1.04980	1.04904	1.04915	1686	0	2
2025.02.26	08:00:00	1.04915	1.04963	1.04873	1.04945	1732	0	2
2025.02.26	09:00:00	1.04946	1.05014	1.04926	1.04938	2667	0	2
2025.02.26	10:00:00	1.04934	1.05116	1.04916	1.05026	3134	0	2
2025.02.26	11:00:00	1.05026	1.05032	1.04949	1.04971	2529	0	2
2025.02.26	12:00:00	1.04970	1.05008	1.04911	1.04977	2383	0	2
2025.02.26	13:00:00	1.04977	1.05020	1.04865	1.04915	1958	0	2
2025.02.26	14:00:00	1.04915	1.04949	1.04749	1.04767	2364	0	2
2025.02.26	15:00:00	1.04767	1.04946	1.04765	1.04840	2857	0	2
2025.02.26	16:00:00	1.04841	1.04926	1.04822	1.04897	3562	0	2
2025.02.26	17:00:00	1.04897	1.05090	1.04794	1.05058	4243	0	2
2025.02.26	18:00:00	1.05062	1.05156	1.05018	1.05136	3187	0	2
2025.02.26	19:00:00	1.05134	1.05288	1.04828	1.04923	5093	0	2
2025.02.26	20:00:00	1.04922	1.05003	1.04848	1.04880	3456	0	2
2025.02.26	21:00:00	1.04881	1.04933	1.04819	1.04910	2595	0	2
2025.02.26	22:00:00	1.04909	1.04909	1.04806	1.04861	1792	0	2
2025.02.26	23:00:00	1.04860	1.04878	1.04785	1.04828	1120	0	2
2025.02.27	00:00:00	1.04816	1.04876	1.04816	1.04868	308	0	22
2025.02.27	01:00:00	1.04876	1.04926	1.04863	1.04879	796	0	2
2025.02.27	02:00:00	1.04879	1.04879	1.04767	1.04772	1509	0	2
2025.02.27	03:00:00	1.04772	1.04833	1.04728	1.04783	1915	0	2
2025.02.27	04:00:00	1.04783	1.04805	1.04702	1.04708	1833	0	2
2025.02.27	05:00:00	1.04711	1.04743	1.04646	1.04655	1507	0	2
2025.02.27	06:00:00	1.04655	1.04694	1.04589	1.04629	1690	0	2
2025.02.27	07:00:00	1.04630	1.04654	1.04615	1.04650	1561	0	2
2025.02.27	08:00:00	1.04650	1.04729	1.04639	1.04717	1865	0	2
2025.02.27	09:00:00	1.04715	1.04800	1.04684	1.04752	2166	0	2
2025.02.27	10:00:00	1.04752	1.04802	1.04702	1.04784	2773	0	2
2025.02.27	11:00:00	1.04785	1.04851	1.04750	1.04841	2249	0	2
2025.02.27	12:00:00	1.04841	1.04842	1.04738	1.04814	2057	0	2
2025.02.27	13:00:00	1.04816	1.04872	1.04757	1.04757	1931	0	2
2025.02.27	14:00:00	1.04758	1.04839	1.04730	1.04766	2606	0	2
2025.02.27	15:00:00	1.04764	1.04896	1.04193	1.04235	5327	0	2
2025.02.27	16:00:00	1.04232	1.04416	1.04138	1.04202	5186	0	2
2025.02.27	17:00:00	1.04203	1.04277	1.04095	1.04149	4551	0	2
2025.02.27	18:00:00	1.04152	1.04160	1.04033	1.04136	3259	0	2
2025.02.27	19:00:00	1.04137	1.04180	1.04004	1.04073	2583	0	2
2025.02.27	20:00:00	1.04075	1.04175	1.04075	1.04171	2136	0	2
2025.02.27	21:00:00	1.04171	1.04177	1.04033	1.04044	2240	0	2
2025.02.27	22:00:00	1.04044	1.04082	1.04014	1.04054	2006	0	2
2025.02.27	23:00:00	1.04051	1.04054	1.03966	1.03968	1113	0	2
2025.02.28	00:00:00	1.03977	1.03981	1.03883	1.03939	489	0	22
2025.02.28	01:00:00	1.03939	1.04006	1.03923	1.03937	1220	0	2
2025.02.28	02:00:00	1.03937	1.04028	1.03937	1.04023	1843	0	2
2025.02.28	03:00:00	1.04023	1.04041	1.03844	1.03849	2601	0	2
2025.02.28	04:00:00	1.03847	1.03915	1.03806	1.03823	2400	0	2
2025.02.28	05:00:00	1.03824	1.03894	1.03812	1.03883	1948	0	2
2025.02.28	06:00:00	1.03883	1.03908	1.03860	1.03865	1494	0	2
2025.02.28	07:00:00	1.03865	1.03900	1.03842	1.03888	1528	0	2
2025.02.28	08:00:00	1.03886	1.03891	1.03824	1.03878	2057	0	2
2025.02.28	09:00:00	1.03878	1.04006	1.03855	1.03961	2686	0	2
2025.02.28	10:00:00	1.03961	1.04043	1.03951	1.04011	2626	0	2
2025.02.28	11:00:00	1.04010	1.04079	1.03944	1.03952	2492	0	2
2025.02.28	12:00:00	1.03952	1.04058	1.03923	1.03992	1883	0	2
2025.02.28	13:00:00	1.03995	1.04011	1.03934	1.03987	1690	0	2
2025.02.28	14:00:00	1.03985	1.04079	1.03979	1.04069	2201	0	2
2025.02.28	15:00:00	1.04070	1.04161	1.04052	1.04068	3404	0	2
2025.02.28	16:00:00	1.04068	1.04141	1.04009	1.04099	3325	0	2
2025.02.28	17:00:00	1.04100	1.04198	1.03932	1.03998	4177	0	2
2025.02.28	18:00:00	1.03998	1.04115	1.03981	1.04016	4179	0	2
2025.02.28	19:00:00	1.04016	1.04100	1.03900	1.03965	3449	0	2
2025.02.28	20:00:00	1.03963	1.03981	1.03625	1.03635	4779	0	2
2025.02.28	21:00:00	1.03634	1.03737	1.03598	1.03677	2991	0	2
2025.02.28	22:00:00	1.03676	1.03770	1.03621	1.03746	2940	0	2
2025.02.28	23:00:00	1.03749	1.03768	1.03684	1.03754	1272	0	3
2025.03.03	00:00:00	1.04039	1.04040	1.03985	1.04027	613	0	23
2025.03.03	01:00:00	1.04032	1.04209	1.03997	1.04121	2288	0	2
2025.03.03	02:00:00	1.04120	1.04199	1.04022	1.04093	2510	0	2
2025.03.03	03:00:00	1.04094	1.04233	1.04073	1.04197	2828	0	2
2025.03.03	04:00:00	1.04197	1.04232	1.04148	1.04199	2005	0	2
2025.03.03	05:00:00	1.04199	1.04199	1.04098	1.04170	2014	0	2
2025.03.03	06:00:00	1.04170	1.04204	1.04165	1.04178	1201	0	2
2025.03.03	07:00:00	1.04178	1.04194	1.04124	1.04142	1504	0	2
2025.03.03	08:00:00	1.04142	1.04162	1.04067	1.04083	2072	0	2
2025.03.03	09:00:00	1.04077	1.04101	1.04018	1.04055	2645	0	2
2025.03.03	10:00:00	1.04055	1.04065	1.03885	1.04011	3047	0	2
2025.03.03	11:00:00	1.04021	1.04290	1.04013	1.04273	2417	0	2
2025.03.03	12:00:00	1.04276	1.04447	1.04272	1.04419	3399	0	2
2025.03.03	13:00:00	1.04420	1.04578	1.04405	1.04525	2893	0	2
2025.03.03	14:00:00	1.04525	1.04762	1.04524	1.04703	3607	0	2
2025.03.03	15:00:00	1.04703	1.04763	1.04594	1.04719	2949	0	2
2025.03.03	16:00:00	1.04719	1.04907	1.04687	1.04810	3746	0	2
2025.03.03	17:00:00	1.04804	1.05036	1.04772	1.04845	5125	0	2
2025.03.03	18:00:00	1.04840	1.05014	1.04840	1.04960	3066	0	2
2025.03.03	19:00:00	1.04952	1.04968	1.04866	1.04903	2348	0	2
2025.03.03	20:00:00	1.04903	1.05036	1.04827	1.04870	2798	0	2
2025.03.03	21:00:00	1.04870	1.04935	1.04722	1.04728	2863	0	3
2025.03.03	22:00:00	1.04726	1.04850	1.04666	1.04822	5052	0	2
2025.03.03	23:00:00	1.04821	1.04924	1.04803	1.04854	1413	0	2
2025.03.04	00:00:00	1.04869	1.04880	1.04818	1.04867	484	0	23
2025.03.04	01:00:00	1.04876	1.04924	1.04764	1.04855	1673	0	2
2025.03.04	02:00:00	1.04855	1.04887	1.04767	1.04879	2651	0	2
2025.03.04	03:00:00	1.04879	1.04960	1.04824	1.04882	3387	0	2
2025.03.04	04:00:00	1.04882	1.04899	1.04801	1.04807	2282	0	2
2025.03.04	05:00:00	1.04807	1.04838	1.04748	1.04772	2087	0	2
2025.03.04	06:00:00	1.04772	1.04805	1.04712	1.04780	1849	0	2
2025.03.04	07:00:00	1.04777	1.04862	1.04709	1.04835	2704	0	2
2025.03.04	08:00:00	1.04836	1.04896	1.04789	1.04859	2148	0	2
2025.03.04	09:00:00	1.04866	1.05005	1.04808	1.04929	3682	0	2
2025.03.04	10:00:00	1.04927	1.05240	1.04861	1.05188	4691	0	2
2025.03.04	11:00:00	1.05186	1.05272	1.05094	1.05121	3333	0	2
2025.03.04	12:00:00	1.05120	1.05195	1.05024	1.05114	3147	0	2
2025.03.04	13:00:00	1.05114	1.05444	1.05096	1.05441	3032	0	2
2025.03.04	14:00:00	1.05441	1.05566	1.05361	1.05529	3729	0	2
2025.03.04	15:00:00	1.05529	1.05595	1.05306	1.05390	4426	0	2
2025.03.04	16:00:00	1.05390	1.05485	1.05205	1.05213	4998	0	2
2025.03.04	17:00:00	1.05213	1.05280	1.04964	1.05264	4928	0	2
2025.03.04	18:00:00	1.05261	1.05395	1.05152	1.05335	4344	0	2
2025.03.04	19:00:00	1.05337	1.05439	1.05305	1.05417	4056	0	2
2025.03.04	20:00:00	1.05417	1.05912	1.05377	1.05906	4803	0	2
2025.03.04	21:00:00	1.05905	1.06018	1.05865	1.06007	3339	0	2
2025.03.04	22:00:00	1.06007	1.06237	1.06006	1.06084	3753	0	2
2025.03.04	23:00:00	1.06091	1.06268	1.06079	1.06234	2789	0	3
2025.03.05	00:00:00	1.06188	1.06246	1.06164	1.06190	765	0	23
2025.03.05	01:00:00	1.06190	1.06370	1.06190	1.06231	1747	0	2
2025.03.05	02:00:00	1.06231	1.06271	1.06107	1.06210	2593	0	2
2025.03.05	03:00:00	1.06207	1.06274	1.06086	1.06126	3962	0	2
2025.03.05	04:00:00	1.06127	1.06154	1.06038	1.06041	3004	0	2
2025.03.05	05:00:00	1.06038	1.06204	1.06019	1.06181	2943	0	2
2025.03.05	06:00:00	1.06182	1.06257	1.06153	1.06187	1947	0	2
2025.03.05	07:00:00	1.06189	1.06323	1.06187	1.06315	1761	0	2
2025.03.05	08:00:00	1.06315	1.06390	1.06241	1.06323	2710	0	2
2025.03.05	09:00:00	1.06322	1.06764	1.06296	1.06746	4821	0	2
2025.03.05	10:00:00	1.06740	1.06997	1.06586	1.06980	5070	0	2
2025.03.05	11:00:00	1.06980	1.07220	1.06956	1.07117	4583	0	2
2025.03.05	12:00:00	1.07118	1.07152	1.06835	1.06970	3528	0	2
2025.03.05	13:00:00	1.06970	1.06984	1.06764	1.06786	2888	0	2
2025.03.05	14:00:00	1.06786	1.07140	1.06786	1.06956	3803	0	2
2025.03.05	15:00:00	1.06962	1.07224	1.06868	1.07156	5668	0	2
2025.03.05	16:00:00	1.07156	1.07767	1.07137	1.07683	6083	0	2
2025.03.05	17:00:00	1.07578	1.07708	1.07410	1.07651	6394	0	2
2025.03.05	18:00:00	1.07652	1.07867	1.07611	1.07670	5426	0	2
2025.03.05	19:00:00	1.07668	1.07878	1.07623	1.07850	4679	0	2
2025.03.05	20:00:00	1.07851	1.07881	1.07636	1.07737	4437	0	2
2025.03.05	21:00:00	1.07737	1.07907	1.07698	1.07900	2987	0	2
2025.03.05	22:00:00	1.07900	1.07966	1.07877	1.07921	2196	0	2
2025.03.05	23:00:00	1.07921	1.07925	1.07855	1.07897	1207	0	3
2025.03.06	00:00:00	1.07895	1.07921	1.07879	1.07898	388	0	23
2025.03.06	01:00:00	1.07910	1.07950	1.07871	1.07941	1238	0	2
2025.03.06	02:00:00	1.07940	1.08027	1.07871	1.07944	2228	0	2
2025.03.06	03:00:00	1.07944	1.08201	1.07895	1.08151	2911	0	2
2025.03.06	04:00:00	1.08151	1.08191	1.07977	1.08050	2863	0	2
2025.03.06	05:00:00	1.08050	1.08052	1.07880	1.07894	2316	0	2
2025.03.06	06:00:00	1.07896	1.08044	1.07841	1.08034	1812	0	2
2025.03.06	07:00:00	1.08036	1.08116	1.08000	1.08103	2100	0	2
2025.03.06	08:00:00	1.08104	1.08199	1.07990	1.08027	2849	0	2
2025.03.06	09:00:00	1.08027	1.08222	1.07919	1.07991	4905	0	2
2025.03.06	10:00:00	1.07991	1.08169	1.07930	1.08010	5874	0	2
2025.03.06	11:00:00	1.08010	1.08068	1.07805	1.07998	4715	0	2
2025.03.06	12:00:00	1.07998	1.08031	1.07829	1.07917	3616	0	2
2025.03.06	13:00:00	1.07914	1.08008	1.07835	1.07990	2979	0	2
2025.03.06	14:00:00	1.07991	1.08068	1.07880	1.07999	3059	0	2
2025.03.06	15:00:00	1.07999	1.08450	1.07884	1.08260	5852	0	2
2025.03.06	16:00:00	1.08261	1.08408	1.08113	1.08371	6961	0	2
2025.03.06	17:00:00	1.08371	1.08539	1.08113	1.08171	6039	0	2
2025.03.06	18:00:00	1.08171	1.08374	1.08152	1.08174	5298	0	2
2025.03.06	19:00:00	1.08174	1.08221	1.07915	1.07970	4464	0	2
2025.03.06	20:00:00	1.07970	1.08017	1.07655	1.07837	3557	0	2
2025.03.06	21:00:00	1.07837	1.08114	1.07828	1.08016	3170	0	2
2025.03.06	22:00:00	1.08016	1.08033	1.07854	1.07864	2602	0	2
2025.03.06	23:00:00	1.07864	1.07902	1.07749	1.07846	1329	0	3
2025.03.07	00:00:00	1.07825	1.07905	1.07784	1.07876	841	0	23
2025.03.07	01:00:00	1.07894	1.07962	1.07845	1.07872	1298	0	2
2025.03.07	02:00:00	1.07872	1.07952	1.07869	1.07874	1874	0	2
2025.03.07	03:00:00	1.07877	1.07928	1.07811	1.07900	2582	0	2
2025.03.07	04:00:00	1.07900	1.07992	1.07845	1.07992	2341	0	2
2025.03.07	05:00:00	1.07992	1.08146	1.07964	1.08056	1957	0	2
2025.03.07	06:00:00	1.08055	1.08132	1.08029	1.08130	1414	0	2
2025.03.07	07:00:00	1.08130	1.08176	1.08075	1.08132	1631	0	2
2025.03.07	08:00:00	1.08132	1.08250	1.08079	1.08234	2431	0	2
2025.03.07	09:00:00	1.08233	1.08407	1.08199	1.08297	3423	0	2
2025.03.07	10:00:00	1.08298	1.08552	1.08261	1.08507	3783	0	2
2025.03.07	11:00:00	1.08507	1.08712	1.08445	1.08613	3621	0	2
2025.03.07	12:00:00	1.08612	1.08670	1.08573	1.08607	3131	0	2
2025.03.07	13:00:00	1.08592	1.08593	1.08445	1.08494	2922	0	2
2025.03.07	14:00:00	1.08488	1.08570	1.08411	1.08543	3488	0	2
2025.03.07	15:00:00	1.08544	1.08888	1.08430	1.08449	6411	0	2
2025.03.07	16:00:00	1.08449	1.08819	1.08442	1.08536	6443	0	2
2025.03.07	17:00:00	1.08535	1.08861	1.08354	1.08698	5826	0	2
2025.03.07	18:00:00	1.08700	1.08726	1.08373	1.08587	4139	0	2
2025.03.07	19:00:00	1.08587	1.08642	1.08318	1.08432	4543	0	2
2025.03.07	20:00:00	1.08432	1.08443	1.08257	1.08399	3015	0	2
2025.03.07	21:00:00	1.08399	1.08441	1.08332	1.08425	2525	0	2
2025.03.07	22:00:00	1.08425	1.08490	1.08399	1.08472	2101	0	2
2025.03.07	23:00:00	1.08471	1.08511	1.08346	1.08357	1038	0	3
2025.03.10	00:00:00	1.08284	1.08395	1.08284	1.08395	326	0	6
2025.03.10	01:00:00	1.08395	1.08596	1.08390	1.08495	1873	0	2
2025.03.10	02:00:00	1.08495	1.08655	1.08484	1.08602	1770	0	2
2025.03.10	03:00:00	1.08602	1.08673	1.08528	1.08643	2230	0	2
2025.03.10	04:00:00	1.08643	1.08713	1.08526	1.08529	2809	0	2
2025.03.10	05:00:00	1.08529	1.08559	1.08358	1.08369	2419	0	2
2025.03.10	06:00:00	1.08369	1.08386	1.08301	1.08316	2044	0	2
2025.03.10	07:00:00	1.08316	1.08378	1.08303	1.08307	1422	0	2
2025.03.10	08:00:00	1.08307	1.08358	1.08278	1.08350	1897	0	2
2025.03.10	09:00:00	1.08350	1.08449	1.08345	1.08373	2470	0	2
2025.03.10	10:00:00	1.08376	1.08441	1.08108	1.08223	3542	0	2
2025.03.10	11:00:00	1.08232	1.08245	1.08050	1.08099	4698	0	2
2025.03.10	12:00:00	1.08099	1.08566	1.08087	1.08511	4123	0	2
2025.03.10	13:00:00	1.08511	1.08745	1.08506	1.08611	3773	0	2
2025.03.10	14:00:00	1.08610	1.08645	1.08125	1.08507	4509	0	2
2025.03.10	15:00:00	1.08507	1.08600	1.08421	1.08440	3744	0	2
2025.03.10	16:00:00	1.08440	1.08507	1.08332	1.08351	3565	0	2
2025.03.10	17:00:00	1.08351	1.08467	1.08314	1.08452	4225	0	2
2025.03.10	18:00:00	1.08453	1.08481	1.08208	1.08372	4216	0	2
2025.03.10	19:00:00	1.08370	1.08420	1.08280	1.08303	3271	0	2
2025.03.10	20:00:00	1.08302	1.08457	1.08257	1.08298	2961	0	2
2025.03.10	21:00:00	1.08298	1.08349	1.08177	1.08296	2739	0	2
2025.03.10	22:00:00	1.08296	1.08325	1.08175	1.08317	2433	0	2
2025.03.10	23:00:00	1.08318	1.08351	1.08256	1.08310	1143	0	2
2025.03.11	00:00:00	1.08326	1.08355	1.08313	1.08343	289	0	5
2025.03.11	01:00:00	1.08343	1.08416	1.08331	1.08349	894	0	2
2025.03.11	02:00:00	1.08349	1.08436	1.08349	1.08392	1507	0	2
2025.03.11	03:00:00	1.08393	1.08535	1.08390	1.08516	2539	0	2
2025.03.11	04:00:00	1.08516	1.08587	1.08436	1.08581	3103	0	2
2025.03.11	05:00:00	1.08581	1.08605	1.08501	1.08559	2764	0	2
2025.03.11	06:00:00	1.08559	1.08598	1.08488	1.08545	2147	0	2
2025.03.11	07:00:00	1.08545	1.08616	1.08505	1.08545	1576	0	2
2025.03.11	08:00:00	1.08545	1.08558	1.08356	1.08384	2204	0	2
2025.03.11	09:00:00	1.08384	1.08757	1.08367	1.08565	3326	0	2
2025.03.11	10:00:00	1.08560	1.09015	1.08553	1.08906	4537	0	2
2025.03.11	11:00:00	1.08906	1.09191	1.08850	1.09172	4568	0	2
2025.03.11	12:00:00	1.09172	1.09210	1.08961	1.09088	3553	0	2
2025.03.11	13:00:00	1.09084	1.09084	1.08824	1.08905	2914	0	2
2025.03.11	14:00:00	1.08905	1.09047	1.08811	1.09046	2653	0	2
2025.03.11	15:00:00	1.09046	1.09206	1.09026	1.09180	3571	0	2
2025.03.11	16:00:00	1.09179	1.09306	1.09115	1.09198	3934	0	2
2025.03.11	17:00:00	1.09195	1.09202	1.08949	1.09190	5879	0	2
2025.03.11	18:00:00	1.09193	1.09286	1.09122	1.09272	4383	0	2
2025.03.11	19:00:00	1.09272	1.09292	1.09178	1.09250	3204	0	2
2025.03.11	20:00:00	1.09250	1.09349	1.09238	1.09340	2743	0	2
2025.03.11	21:00:00	1.09342	1.09472	1.09251	1.09308	4167	0	2
2025.03.11	22:00:00	1.09308	1.09338	1.09196	1.09198	2822	0	2
2025.03.11	23:00:00	1.09198	1.09208	1.09100	1.09177	1020	0	3
2025.03.12	00:00:00	1.09183	1.09185	1.09073	1.09100	544	0	23
2025.03.12	01:00:00	1.09114	1.09187	1.09108	1.09157	862	0	2
2025.03.12	02:00:00	1.09157	1.09177	1.09130	1.09139	829	0	2
2025.03.12	03:00:00	1.09139	1.09156	1.09054	1.09088	1854	0	2
2025.03.12	04:00:00	1.09090	1.09152	1.09059	1.09064	2366	0	2
2025.03.12	05:00:00	1.09064	1.09115	1.09032	1.09036	2104	0	2
2025.03.12	06:00:00	1.09036	1.09046	1.08959	1.08971	1524	0	2
2025.03.12	07:00:00	1.08971	1.09026	1.08957	1.08988	1444	0	2
2025.03.12	08:00:00	1.08988	1.09042	1.08950	1.09035	1856	0	2
2025.03.12	09:00:00	1.09035	1.09088	1.08918	1.08922	2199	0	2
2025.03.12	10:00:00	1.08921	1.09030	1.08873	1.09016	3472	0	2
2025.03.12	11:00:00	1.09015	1.09215	1.08978	1.09213	4423	0	2
2025.03.12	12:00:00	1.09213	1.09260	1.09135	1.09144	3789	0	2
2025.03.12	13:00:00	1.09142	1.09209	1.09045	1.09062	2752	0	2
2025.03.12	14:00:00	1.09061	1.09127	1.08993	1.09007	2940	0	2
2025.03.12	15:00:00	1.09006	1.09315	1.08761	1.08780	5775	0	2
2025.03.12	16:00:00	1.08782	1.08963	1.08756	1.08821	5673	0	2
2025.03.12	17:00:00	1.08819	1.09134	1.08812	1.09128	4509	0	2
2025.03.12	18:00:00	1.09127	1.09242	1.09099	1.09242	3965	0	2
2025.03.12	19:00:00	1.09242	1.09279	1.09056	1.09057	3288	0	2
2025.03.12	20:00:00	1.09056	1.09141	1.09032	1.09068	2799	0	2
2025.03.12	21:00:00	1.09067	1.09095	1.08797	1.08845	2523	0	2
2025.03.12	22:00:00	1.08845	1.08974	1.08829	1.08902	2243	0	2
2025.03.12	23:00:00	1.08902	1.08934	1.08868	1.08869	1107	0	3
2025.03.13	00:00:00	1.08883	1.08889	1.08853	1.08859	230	0	23
2025.03.13	01:00:00	1.08870	1.08898	1.08870	1.08889	735	0	2
2025.03.13	02:00:00	1.08889	1.08897	1.08833	1.08852	815	0	2
2025.03.13	03:00:00	1.08852	1.08917	1.08825	1.08913	1430	0	2
2025.03.13	04:00:00	1.08915	1.08933	1.08863	1.08890	2176	0	2
2025.03.13	05:00:00	1.08890	1.08972	1.08887	1.08955	1749	0	2
2025.03.13	06:00:00	1.08954	1.08955	1.08849	1.08850	1418	0	2
2025.03.13	07:00:00	1.08849	1.08934	1.08817	1.08932	1312	0	2
2025.03.13	08:00:00	1.08932	1.08933	1.08791	1.08852	1850	0	2
2025.03.13	09:00:00	1.08852	1.08856	1.08692	1.08745	2323	0	2
2025.03.13	10:00:00	1.08744	1.08850	1.08596	1.08653	3322	0	2
2025.03.13	11:00:00	1.08654	1.08835	1.08589	1.08732	4340	0	2
2025.03.13	12:00:00	1.08729	1.08853	1.08688	1.08792	3158	0	2
2025.03.13	13:00:00	1.08795	1.08827	1.08626	1.08700	2749	0	2
2025.03.13	14:00:00	1.08700	1.08750	1.08450	1.08561	3552	0	2
2025.03.13	15:00:00	1.08561	1.08774	1.08263	1.08347	5364	0	2
2025.03.13	16:00:00	1.08348	1.08530	1.08225	1.08472	4214	0	2
2025.03.13	17:00:00	1.08472	1.08697	1.08459	1.08651	4214	0	2
2025.03.13	18:00:00	1.08650	1.08718	1.08540	1.08585	4528	0	2
2025.03.13	19:00:00	1.08585	1.08781	1.08553	1.08725	3582	0	2
2025.03.13	20:00:00	1.08725	1.08735	1.08543	1.08545	3051	0	2
2025.03.13	21:00:00	1.08546	1.08579	1.08519	1.08536	2380	0	2
2025.03.13	22:00:00	1.08535	1.08567	1.08475	1.08481	1947	0	2
2025.03.13	23:00:00	1.08481	1.08555	1.08462	1.08544	814	0	3
2025.03.14	00:00:00	1.08467	1.08520	1.08454	1.08514	444	0	23
2025.03.14	01:00:00	1.08514	1.08554	1.08512	1.08522	631	0	2
2025.03.14	02:00:00	1.08524	1.08549	1.08500	1.08548	1070	0	2
2025.03.14	03:00:00	1.08548	1.08585	1.08481	1.08490	1806	0	2
2025.03.14	04:00:00	1.08491	1.08492	1.08405	1.08408	1875	0	2
2025.03.14	05:00:00	1.08407	1.08429	1.08341	1.08401	1586	0	2
2025.03.14	06:00:00	1.08401	1.08459	1.08377	1.08456	1670	0	2
2025.03.14	07:00:00	1.08456	1.08461	1.08376	1.08409	1234	0	2
2025.03.14	08:00:00	1.08410	1.08514	1.08408	1.08506	1624	0	2
2025.03.14	09:00:00	1.08505	1.08506	1.08351	1.08385	1975	0	2
2025.03.14	10:00:00	1.08370	1.08471	1.08305	1.08394	3415	0	2
2025.03.14	11:00:00	1.08391	1.08568	1.08352	1.08539	3109	0	2
2025.03.14	12:00:00	1.08540	1.08619	1.08468	1.08522	2856	0	2
2025.03.14	13:00:00	1.08521	1.09126	1.08514	1.08948	4947	0	2
2025.03.14	14:00:00	1.08948	1.09093	1.08876	1.08967	4937	0	2
2025.03.14	15:00:00	1.08967	1.09114	1.08900	1.08946	3506	0	2
2025.03.14	16:00:00	1.08947	1.08979	1.08703	1.08730	3913	0	2
2025.03.14	17:00:00	1.08736	1.08863	1.08654	1.08778	4352	0	2
2025.03.14	18:00:00	1.08778	1.08867	1.08667	1.08714	4013	0	2
2025.03.14	19:00:00	1.08713	1.08898	1.08704	1.08830	2828	0	2
2025.03.14	20:00:00	1.08830	1.08879	1.08790	1.08821	2129	0	2
2025.03.14	21:00:00	1.08822	1.08863	1.08733	1.08801	1894	0	2
2025.03.14	22:00:00	1.08797	1.08845	1.08782	1.08829	1454	0	2
2025.03.14	23:00:00	1.08828	1.08856	1.08810	1.08815	778	0	3
2025.03.17	00:00:00	1.08780	1.08806	1.08768	1.08802	274	0	23
2025.03.17	01:00:00	1.08802	1.08853	1.08746	1.08814	1146	0	2
2025.03.17	02:00:00	1.08814	1.08851	1.08791	1.08796	919	0	2
2025.03.17	03:00:00	1.08796	1.08826	1.08754	1.08793	1374	0	2
2025.03.17	04:00:00	1.08794	1.08902	1.08742	1.08828	1858	0	2
2025.03.17	05:00:00	1.08826	1.08857	1.08793	1.08811	1456	0	2
2025.03.17	06:00:00	1.08809	1.08862	1.08768	1.08832	1008	0	2
2025.03.17	07:00:00	1.08832	1.08937	1.08775	1.08820	1373	0	2
2025.03.17	08:00:00	1.08820	1.08821	1.08736	1.08774	1277	0	2
2025.03.17	09:00:00	1.08774	1.08842	1.08733	1.08777	1615	0	2
2025.03.17	10:00:00	1.08775	1.08844	1.08684	1.08762	2922	0	2
2025.03.17	11:00:00	1.08762	1.08867	1.08705	1.08836	3428	0	2
2025.03.17	12:00:00	1.08837	1.09005	1.08769	1.08996	2861	0	2
2025.03.17	13:00:00	1.08998	1.09098	1.08965	1.09077	2350	0	2
2025.03.17	14:00:00	1.09077	1.09119	1.08961	1.09019	1976	0	2
2025.03.17	15:00:00	1.09020	1.09081	1.08873	1.09017	3943	0	2
2025.03.17	16:00:00	1.09018	1.09064	1.08971	1.09047	3600	0	2
2025.03.17	17:00:00	1.09048	1.09182	1.09020	1.09159	3247	0	2
2025.03.17	18:00:00	1.09157	1.09295	1.09157	1.09213	2949	0	2
2025.03.17	19:00:00	1.09213	1.09262	1.09143	1.09210	2374	0	2
2025.03.17	20:00:00	1.09211	1.09238	1.09115	1.09139	1876	0	2
2025.03.17	21:00:00	1.09139	1.09263	1.09126	1.09252	1783	0	2
2025.03.17	22:00:00	1.09254	1.09254	1.09183	1.09205	1300	0	2
2025.03.17	23:00:00	1.09205	1.09277	1.09202	1.09226	872	0	3
2025.03.18	00:00:00	1.09213	1.09218	1.09173	1.09216	365	0	23
2025.03.18	01:00:00	1.09208	1.09227	1.09191	1.09211	488	0	2
2025.03.18	02:00:00	1.09211	1.09215	1.09180	1.09180	629	0	2
2025.03.18	03:00:00	1.09180	1.09210	1.09149	1.09160	1266	0	2
2025.03.18	04:00:00	1.09160	1.09190	1.09122	1.09133	1507	0	2
2025.03.18	05:00:00	1.09133	1.09159	1.09079	1.09086	1306	0	2
2025.03.18	06:00:00	1.09086	1.09109	1.09062	1.09083	1045	0	2
2025.03.18	07:00:00	1.09083	1.09114	1.09078	1.09109	929	0	2
2025.03.18	08:00:00	1.09109	1.09133	1.09072	1.09078	1072	0	2
2025.03.18	09:00:00	1.09078	1.09213	1.09034	1.09208	1772	0	2
2025.03.18	10:00:00	1.09208	1.09366	1.09162	1.09351	2569	0	2
2025.03.18	11:00:00	1.09351	1.09546	1.09329	1.09515	3017	0	2
2025.03.18	12:00:00	1.09517	1.09531	1.09393	1.09504	2652	0	2
2025.03.18	13:00:00	1.09504	1.09522	1.09316	1.09341	3076	0	2
2025.03.18	14:00:00	1.09347	1.09371	1.09143	1.09162	2613	0	2
2025.03.18	15:00:00	1.09162	1.09235	1.08924	1.09115	3169	0	2
2025.03.18	16:00:00	1.09115	1.09207	1.09014	1.09123	3493	0	2
2025.03.18	17:00:00	1.09126	1.09195	1.09069	1.09165	3504	0	2
2025.03.18	18:00:00	1.09172	1.09340	1.08966	1.09265	4186	0	2
2025.03.18	19:00:00	1.09265	1.09399	1.09234	1.09386	2855	0	2
2025.03.18	20:00:00	1.09386	1.09516	1.09386	1.09498	2532	0	2
2025.03.18	21:00:00	1.09498	1.09512	1.09406	1.09441	1651	0	2
2025.03.18	22:00:00	1.09433	1.09496	1.09414	1.09462	1400	0	2
2025.03.18	23:00:00	1.09461	1.09485	1.09426	1.09447	638	0	3
2025.03.19	00:00:00	1.09438	1.09451	1.09407	1.09436	502	0	23
2025.03.19	01:00:00	1.09443	1.09459	1.09403	1.09418	680	0	2
2025.03.19	02:00:00	1.09419	1.09436	1.09375	1.09384	782	0	2
2025.03.19	03:00:00	1.09385	1.09389	1.09317	1.09346	1548	0	2
2025.03.19	04:00:00	1.09346	1.09373	1.09334	1.09369	1189	0	2
2025.03.19	05:00:00	1.09370	1.09450	1.09355	1.09408	1186	0	2
2025.03.19	06:00:00	1.09408	1.09437	1.09328	1.09382	1114	0	2
2025.03.19	07:00:00	1.09382	1.09382	1.09278	1.09299	1014	0	2
2025.03.19	08:00:00	1.09299	1.09361	1.09296	1.09311	1256	0	2
2025.03.19	09:00:00	1.09311	1.09324	1.09205	1.09205	1742	0	2
2025.03.19	10:00:00	1.09205	1.09230	1.08731	1.08927	4038	0	2
2025.03.19	11:00:00	1.08926	1.09105	1.08922	1.09071	3207	0	2
2025.03.19	12:00:00	1.09071	1.09101	1.08955	1.09024	2420	0	2
2025.03.19	13:00:00	1.09023	1.09041	1.08914	1.08997	2012	0	2
2025.03.19	14:00:00	1.08997	1.09131	1.08938	1.09082	2118	0	2
2025.03.19	15:00:00	1.09085	1.09176	1.08991	1.09010	3071	0	2
2025.03.19	16:00:00	1.09014	1.09038	1.08927	1.08943	3148	0	2
2025.03.19	17:00:00	1.08943	1.09005	1.08817	1.08838	2686	0	2
2025.03.19	18:00:00	1.08838	1.08876	1.08753	1.08769	2637	0	2
2025.03.19	19:00:00	1.08769	1.08861	1.08759	1.08850	2075	0	3
2025.03.19	20:00:00	1.08850	1.08853	1.08604	1.08662	2572	0	2
2025.03.19	21:00:00	1.08657	1.09133	1.08612	1.09079	6165	0	3
2025.03.19	22:00:00	1.09075	1.09128	1.08849	1.08988	4231	0	2
2025.03.19	23:00:00	1.08980	1.09057	1.08956	1.09040	804	0	3
2025.03.20	00:00:00	1.09021	1.09046	1.09021	1.09046	254	0	23
2025.03.20	01:00:00	1.09056	1.09131	1.09036	1.09085	789	0	2
2025.03.20	02:00:00	1.09085	1.09118	1.09051	1.09116	950	0	2
2025.03.20	03:00:00	1.09116	1.09164	1.09037	1.09123	1912	0	2
2025.03.20	04:00:00	1.09123	1.09130	1.09035	1.09057	2091	0	2
2025.03.20	05:00:00	1.09057	1.09173	1.09053	1.09090	1983	0	2
2025.03.20	06:00:00	1.09090	1.09141	1.09068	1.09096	1451	0	2
2025.03.20	07:00:00	1.09096	1.09104	1.09002	1.09033	1131	0	2
2025.03.20	08:00:00	1.09033	1.09033	1.08907	1.08955	1221	0	2
2025.03.20	09:00:00	1.08953	1.08988	1.08896	1.08934	1737	0	2
2025.03.20	10:00:00	1.08928	1.08942	1.08650	1.08793	2772	0	2
2025.03.20	11:00:00	1.08793	1.08856	1.08629	1.08654	3406	0	2
2025.03.20	12:00:00	1.08652	1.08683	1.08386	1.08520	3612	0	2
2025.03.20	13:00:00	1.08524	1.08546	1.08333	1.08458	3465	0	2
2025.03.20	14:00:00	1.08458	1.08518	1.08392	1.08493	2545	0	2
2025.03.20	15:00:00	1.08493	1.08555	1.08309	1.08337	3467	0	2
2025.03.20	16:00:00	1.08337	1.08388	1.08145	1.08256	3746	0	2
2025.03.20	17:00:00	1.08253	1.08387	1.08226	1.08293	3454	0	2
2025.03.20	18:00:00	1.08293	1.08492	1.08233	1.08472	3063	0	2
2025.03.20	19:00:00	1.08471	1.08522	1.08421	1.08486	2487	0	2
2025.03.20	20:00:00	1.08487	1.08518	1.08390	1.08445	1744	0	2
2025.03.20	21:00:00	1.08443	1.08495	1.08418	1.08483	1542	0	2
2025.03.20	22:00:00	1.08483	1.08541	1.08470	1.08530	1327	0	2
2025.03.20	23:00:00	1.08531	1.08589	1.08513	1.08529	598	0	3
2025.03.21	00:00:00	1.08458	1.08540	1.08458	1.08534	230	0	23
2025.03.21	01:00:00	1.08534	1.08588	1.08530	1.08571	649	0	2
2025.03.21	02:00:00	1.08571	1.08575	1.08531	1.08532	834	0	2
2025.03.21	03:00:00	1.08532	1.08587	1.08506	1.08529	1554	0	2
2025.03.21	04:00:00	1.08529	1.08555	1.08483	1.08522	1706	0	2
2025.03.21	05:00:00	1.08522	1.08550	1.08421	1.08441	1671	0	2
2025.03.21	06:00:00	1.08441	1.08463	1.08333	1.08346	1387	0	2
2025.03.21	07:00:00	1.08347	1.08365	1.08274	1.08302	1226	0	2
2025.03.21	08:00:00	1.08302	1.08302	1.08198	1.08285	1737	0	2
2025.03.21	09:00:00	1.08287	1.08372	1.08242	1.08340	1726	0	2
2025.03.21	10:00:00	1.08338	1.08416	1.08271	1.08389	2343	0	2
2025.03.21	11:00:00	1.08388	1.08455	1.08240	1.08360	2785	0	2
2025.03.21	12:00:00	1.08360	1.08389	1.08247	1.08256	1942	0	2
2025.03.21	13:00:00	1.08256	1.08387	1.08256	1.08369	1948	0	2
2025.03.21	14:00:00	1.08369	1.08511	1.08350	1.08505	2222	0	2
2025.03.21	15:00:00	1.08507	1.08612	1.08297	1.08321	3346	0	2
2025.03.21	16:00:00	1.08321	1.08358	1.08251	1.08319	3543	0	2
2025.03.21	17:00:00	1.08322	1.08355	1.08187	1.08235	3221	0	2
2025.03.21	18:00:00	1.08236	1.08291	1.07969	1.08061	3275	0	2
2025.03.21	19:00:00	1.08061	1.08249	1.08044	1.08182	3294	0	2
2025.03.21	20:00:00	1.08180	1.08255	1.08051	1.08225	2253	0	2
2025.03.21	21:00:00	1.08226	1.08268	1.08146	1.08208	1770	0	2
2025.03.21	22:00:00	1.08209	1.08243	1.08153	1.08176	1510	0	2
2025.03.21	23:00:00	1.08174	1.08174	1.08113	1.08127	902	0	3
2025.03.24	00:00:00	1.08141	1.08172	1.08121	1.08170	328	0	23
2025.03.24	01:00:00	1.08192	1.08302	1.08166	1.08197	1202	0	2
2025.03.24	02:00:00	1.08197	1.08370	1.08187	1.08359	1216	0	2
2025.03.24	03:00:00	1.08359	1.08399	1.08325	1.08373	1675	0	2
2025.03.24	04:00:00	1.08372	1.08375	1.08227	1.08259	2141	0	2
2025.03.24	05:00:00	1.08259	1.08320	1.08244	1.08249	1858	0	2
2025.03.24	06:00:00	1.08250	1.08293	1.08199	1.08202	1563	0	2
2025.03.24	07:00:00	1.08203	1.08243	1.08170	1.08227	1060	0	2
2025.03.24	08:00:00	1.08227	1.08306	1.08181	1.08291	1427	0	2
2025.03.24	09:00:00	1.08290	1.08447	1.08280	1.08396	1939	0	2
2025.03.24	10:00:00	1.08396	1.08499	1.08331	1.08381	2583	0	2
2025.03.24	11:00:00	1.08388	1.08582	1.08373	1.08430	3688	0	2
2025.03.24	12:00:00	1.08427	1.08449	1.08284	1.08392	2819	0	2
2025.03.24	13:00:00	1.08396	1.08547	1.08365	1.08480	2259	0	2
2025.03.24	14:00:00	1.08481	1.08493	1.08321	1.08325	2150	0	2
2025.03.24	15:00:00	1.08323	1.08345	1.08215	1.08297	2641	0	2
2025.03.24	16:00:00	1.08296	1.08306	1.07925	1.07935	3546	0	2
2025.03.24	17:00:00	1.07927	1.08203	1.07904	1.07995	4074	0	2
2025.03.24	18:00:00	1.07995	1.08051	1.07906	1.07939	3497	0	2
2025.03.24	19:00:00	1.07938	1.08071	1.07815	1.07917	2934	0	2
2025.03.24	20:00:00	1.07917	1.07963	1.07847	1.07876	2182	0	2
2025.03.24	21:00:00	1.07876	1.08132	1.07839	1.08051	2433	0	2
2025.03.24	22:00:00	1.08055	1.08070	1.07971	1.08022	1207	0	2
2025.03.24	23:00:00	1.08018	1.08061	1.08000	1.08010	656	0	3
2025.03.25	00:00:00	1.08002	1.08008	1.07955	1.07994	434	0	23
2025.03.25	01:00:00	1.08001	1.08027	1.07949	1.08024	527	0	2
2025.03.25	02:00:00	1.08024	1.08037	1.08003	1.08024	608	0	2
2025.03.25	03:00:00	1.08024	1.08024	1.07960	1.08001	1172	0	2
2025.03.25	04:00:00	1.08001	1.08080	1.07997	1.08022	1539	0	2
2025.03.25	05:00:00	1.08022	1.08050	1.07940	1.07964	1413	0	2
2025.03.25	06:00:00	1.07964	1.08034	1.07957	1.08028	1116	0	2
2025.03.25	07:00:00	1.08029	1.08089	1.08025	1.08032	982	0	2
2025.03.25	08:00:00	1.08032	1.08071	1.08011	1.08028	1034	0	2
2025.03.25	09:00:00	1.08029	1.08045	1.07929	1.07946	1464	0	2
2025.03.25	10:00:00	1.07945	1.08021	1.07851	1.07873	2485	0	2
2025.03.25	11:00:00	1.07874	1.07921	1.07768	1.07905	2982	0	2
2025.03.25	12:00:00	1.07905	1.08040	1.07875	1.08005	2817	0	2
2025.03.25	13:00:00	1.08004	1.08244	1.07999	1.08201	2712	0	2
2025.03.25	14:00:00	1.08201	1.08276	1.08109	1.08178	2674	0	2
2025.03.25	15:00:00	1.08177	1.08301	1.08157	1.08251	2773	0	2
2025.03.25	16:00:00	1.08251	1.08277	1.08139	1.08170	3366	0	2
2025.03.25	17:00:00	1.08170	1.08219	1.08019	1.08125	4019	0	2
2025.03.25	18:00:00	1.08126	1.08197	1.07972	1.08032	3362	0	2
2025.03.25	19:00:00	1.08031	1.08131	1.08019	1.08065	2544	0	2
2025.03.25	20:00:00	1.08071	1.08169	1.08059	1.08096	1735	0	2
2025.03.25	21:00:00	1.08094	1.08094	1.07969	1.07984	1689	0	2
2025.03.25	22:00:00	1.07987	1.08018	1.07909	1.07954	1856	0	2
2025.03.25	23:00:00	1.07952	1.07956	1.07899	1.07903	739	0	3
2025.03.26	00:00:00	1.07892	1.07913	1.07891	1.07907	199	0	23
2025.03.26	01:00:00	1.07907	1.07934	1.07879	1.07886	636	0	2
2025.03.26	02:00:00	1.07885	1.07888	1.07854	1.07887	678	0	2
2025.03.26	03:00:00	1.07887	1.07921	1.07835	1.07844	1456	0	2
2025.03.26	04:00:00	1.07844	1.07954	1.07780	1.07936	2097	0	2
2025.03.26	05:00:00	1.07936	1.07971	1.07902	1.07952	1271	0	2
2025.03.26	06:00:00	1.07951	1.07962	1.07838	1.07859	1263	0	2
2025.03.26	07:00:00	1.07864	1.07876	1.07811	1.07841	962	0	2
2025.03.26	08:00:00	1.07841	1.07869	1.07777	1.07851	1391	0	2
2025.03.26	09:00:00	1.07852	1.07883	1.07821	1.07870	1574	0	2
2025.03.26	10:00:00	1.07862	1.07913	1.07811	1.07860	2900	0	2
2025.03.26	11:00:00	1.07861	1.07997	1.07853	1.07992	3462	0	2
2025.03.26	12:00:00	1.07988	1.08026	1.07928	1.07958	2568	0	2
2025.03.26	13:00:00	1.07958	1.08016	1.07866	1.07918	2170	0	2
2025.03.26	14:00:00	1.07918	1.07978	1.07886	1.07922	2095	0	2
2025.03.26	15:00:00	1.07922	1.07936	1.07818	1.07841	3432	0	2
2025.03.26	16:00:00	1.07843	1.07906	1.07675	1.07746	3579	0	2
2025.03.26	17:00:00	1.07746	1.07953	1.07731	1.07907	4005	0	2
2025.03.26	18:00:00	1.07907	1.07944	1.07676	1.07807	3077	0	2
2025.03.26	19:00:00	1.07809	1.07916	1.07769	1.07876	2889	0	2
2025.03.26	20:00:00	1.07876	1.07893	1.07518	1.07566	3817	0	2
2025.03.26	21:00:00	1.07566	1.07612	1.07531	1.07552	2269	0	2
2025.03.26	22:00:00	1.07551	1.07558	1.07439	1.07513	1813	0	2
2025.03.26	23:00:00	1.07515	1.07564	1.07502	1.07514	763	0	3
2025.03.27	00:00:00	1.07554	1.07556	1.07340	1.07360	847	0	23
2025.03.27	01:00:00	1.07360	1.07444	1.07328	1.07374	1462	0	2
2025.03.27	02:00:00	1.07372	1.07444	1.07356	1.07410	1456	0	2
2025.03.27	03:00:00	1.07410	1.07575	1.07410	1.07554	1642	0	2
2025.03.27	04:00:00	1.07554	1.07688	1.07551	1.07652	1923	0	2
2025.03.27	05:00:00	1.07652	1.07800	1.07651	1.07759	1498	0	2
2025.03.27	06:00:00	1.07759	1.07796	1.07729	1.07782	938	0	2
2025.03.27	07:00:00	1.07782	1.07870	1.07769	1.07804	1077	0	2
2025.03.27	08:00:00	1.07804	1.07813	1.07637	1.07691	1266	0	2
2025.03.27	09:00:00	1.07691	1.07827	1.07682	1.07730	2071	0	2
2025.03.27	10:00:00	1.07725	1.07744	1.07541	1.07647	3682	0	2
2025.03.27	11:00:00	1.07647	1.07766	1.07556	1.07758	4083	0	2
2025.03.27	12:00:00	1.07758	1.07789	1.07611	1.07707	3029	0	2
2025.03.27	13:00:00	1.07708	1.07818	1.07667	1.07818	2336	0	2
2025.03.27	14:00:00	1.07818	1.07996	1.07787	1.07869	2439	0	2
2025.03.27	15:00:00	1.07869	1.07982	1.07832	1.07870	2769	0	2
2025.03.27	16:00:00	1.07872	1.07972	1.07764	1.07800	3192	0	2
2025.03.27	17:00:00	1.07804	1.07948	1.07772	1.07891	3195	0	2
2025.03.27	18:00:00	1.07891	1.08212	1.07854	1.07997	4063	0	2
2025.03.27	19:00:00	1.07996	1.07999	1.07917	1.07986	2916	0	2
2025.03.27	20:00:00	1.07992	1.08087	1.07894	1.07897	2135	0	2
2025.03.27	21:00:00	1.07897	1.07983	1.07892	1.07908	1573	0	2
2025.03.27	22:00:00	1.07908	1.07997	1.07883	1.07948	1314	0	2
2025.03.27	23:00:00	1.07947	1.08016	1.07938	1.08016	519	0	3
2025.03.28	00:00:00	1.07957	1.07969	1.07948	1.07965	350	0	23
2025.03.28	01:00:00	1.07965	1.07987	1.07954	1.07963	385	0	2
2025.03.28	02:00:00	1.07963	1.08014	1.07962	1.08009	560	0	2
2025.03.28	03:00:00	1.08008	1.08008	1.07881	1.07949	1244	0	2
2025.03.28	04:00:00	1.07949	1.07990	1.07914	1.07936	1473	0	2
2025.03.28	05:00:00	1.07937	1.07968	1.07903	1.07946	1269	0	2
2025.03.28	06:00:00	1.07946	1.07968	1.07908	1.07919	1147	0	2
2025.03.28	07:00:00	1.07919	1.07931	1.07843	1.07885	1049	0	2
2025.03.28	08:00:00	1.07885	1.07931	1.07864	1.07908	1142	0	2
2025.03.28	09:00:00	1.07908	1.07922	1.07826	1.07851	1063	0	2
2025.03.28	10:00:00	1.07850	1.07998	1.07815	1.07872	2235	0	2
2025.03.28	11:00:00	1.07869	1.07965	1.07752	1.07782	2691	0	2
2025.03.28	12:00:00	1.07782	1.07804	1.07688	1.07736	2151	0	2
2025.03.28	13:00:00	1.07736	1.07786	1.07674	1.07687	1795	0	2
2025.03.28	14:00:00	1.07686	1.07749	1.07645	1.07718	1652	0	2
2025.03.28	15:00:00	1.07718	1.07920	1.07648	1.07890	2958	0	2
2025.03.28	16:00:00	1.07888	1.08165	1.07849	1.08097	4106	0	2
2025.03.28	17:00:00	1.08105	1.08314	1.08085	1.08231	4109	0	2
2025.03.28	18:00:00	1.08230	1.08447	1.08192	1.08251	3575	0	2
2025.03.28	19:00:00	1.08251	1.08331	1.08199	1.08216	2568	0	2
2025.03.28	20:00:00	1.08215	1.08287	1.08120	1.08195	1921	0	2
2025.03.28	21:00:00	1.08195	1.08278	1.08137	1.08244	1901	0	2
2025.03.28	22:00:00	1.08244	1.08286	1.08231	1.08256	1520	0	2
2025.03.28	23:00:00	1.08255	1.08360	1.08251	1.08295	711	0	3
2025.03.31	00:00:00	1.08255	1.08274	1.08135	1.08146	479	0	23
2025.03.31	01:00:00	1.08146	1.08222	1.08053	1.08207	1727	0	2
2025.03.31	02:00:00	1.08208	1.08295	1.08104	1.08234	1910	0	2
2025.03.31	03:00:00	1.08234	1.08416	1.08230	1.08416	2261	0	2
2025.03.31	04:00:00	1.08415	1.08452	1.08309	1.08323	2236	0	2
2025.03.31	05:00:00	1.08326	1.08457	1.08289	1.08405	1800	0	2
2025.03.31	06:00:00	1.08405	1.08415	1.08323	1.08330	1440	0	2
2025.03.31	07:00:00	1.08330	1.08359	1.08311	1.08342	1221	0	2
2025.03.31	08:00:00	1.08342	1.08430	1.08312	1.08342	1609	0	2
2025.03.31	09:00:00	1.08345	1.08448	1.08249	1.08374	3165	0	2
2025.03.31	10:00:00	1.08376	1.08492	1.08207	1.08317	3951	0	2
2025.03.31	11:00:00	1.08316	1.08342	1.08116	1.08273	3096	0	2
2025.03.31	12:00:00	1.08273	1.08304	1.08146	1.08162	2310	0	2
2025.03.31	13:00:00	1.08159	1.08209	1.08054	1.08184	2274	0	2
2025.03.31	14:00:00	1.08184	1.08292	1.08152	1.08196	2374	0	2
2025.03.31	15:00:00	1.08197	1.08210	1.08010	1.08037	2553	0	2
2025.03.31	16:00:00	1.08037	1.08212	1.08027	1.08081	3147	0	2
2025.03.31	17:00:00	1.08079	1.08085	1.07840	1.08020	3746	0	2
2025.03.31	18:00:00	1.08020	1.08164	1.07905	1.07942	3977	0	2
2025.03.31	19:00:00	1.07948	1.08160	1.07851	1.08117	2692	0	2
2025.03.31	20:00:00	1.08116	1.08176	1.08079	1.08147	1595	0	2
2025.03.31	21:00:00	1.08147	1.08178	1.08070	1.08146	1527	0	2
2025.03.31	22:00:00	1.08146	1.08198	1.08117	1.08141	1461	0	2
2025.03.31	23:00:00	1.08141	1.08187	1.08094	1.08167	780	0	3
2025.04.01	00:00:00	1.08168	1.08186	1.08158	1.08182	355	0	23
2025.04.01	01:00:00	1.08191	1.08191	1.08160	1.08183	688	0	2
2025.04.01	02:00:00	1.08183	1.08197	1.08138	1.08176	773	0	2
2025.04.01	03:00:00	1.08176	1.08265	1.08174	1.08252	1637	0	2
2025.04.01	04:00:00	1.08252	1.08268	1.08167	1.08206	1825	0	2
2025.04.01	05:00:00	1.08206	1.08284	1.08201	1.08240	1585	0	2
2025.04.01	06:00:00	1.08241	1.08277	1.08210	1.08269	1512	0	2
2025.04.01	07:00:00	1.08270	1.08301	1.08249	1.08250	1302	0	2
2025.04.01	08:00:00	1.08251	1.08251	1.08064	1.08068	1766	0	2
2025.04.01	09:00:00	1.08068	1.08105	1.07990	1.08083	2428	0	2
2025.04.01	10:00:00	1.08082	1.08124	1.07991	1.08017	3124	0	2
2025.04.01	11:00:00	1.08011	1.08179	1.08004	1.08176	2022	0	2
2025.04.01	12:00:00	1.08176	1.08291	1.08147	1.08173	2295	0	2
2025.04.01	13:00:00	1.08173	1.08185	1.07901	1.07980	3209	0	2
2025.04.01	14:00:00	1.07980	1.07984	1.07782	1.07811	3064	0	2
2025.04.01	15:00:00	1.07811	1.07952	1.07811	1.07871	2674	0	2
2025.04.01	16:00:00	1.07871	1.07954	1.07792	1.07870	2893	0	2
2025.04.01	17:00:00	1.07833	1.08123	1.07833	1.08075	4578	0	2
2025.04.01	18:00:00	1.08074	1.08123	1.07986	1.07993	3431	0	2
2025.04.01	19:00:00	1.07993	1.08030	1.07926	1.07997	2411	0	2
2025.04.01	20:00:00	1.07997	1.08045	1.07912	1.07929	1513	0	2
2025.04.01	21:00:00	1.07929	1.07947	1.07851	1.07869	1634	0	2
2025.04.01	22:00:00	1.07870	1.07908	1.07855	1.07899	1302	0	2
2025.04.01	23:00:00	1.07898	1.08014	1.07884	1.07948	755	0	3
2025.04.02	00:00:00	1.07871	1.07945	1.07871	1.07927	483	0	23
2025.04.02	01:00:00	1.07927	1.08081	1.07918	1.07991	1171	0	2
2025.04.02	02:00:00	1.07991	1.07998	1.07941	1.07942	768	0	2
2025.04.02	03:00:00	1.07942	1.07950	1.07888	1.07904	1670	0	2
2025.04.02	04:00:00	1.07904	1.07949	1.07870	1.07947	1494	0	2
2025.04.02	05:00:00	1.07951	1.08018	1.07940	1.07942	1408	0	2
2025.04.02	06:00:00	1.07942	1.07999	1.07936	1.07957	1105	0	2
2025.04.02	07:00:00	1.07957	1.07974	1.07925	1.07926	858	0	2
2025.04.02	08:00:00	1.07926	1.07926	1.07859	1.07895	1382	0	2
2025.04.02	09:00:00	1.07896	1.07963	1.07876	1.07927	1970	0	2
2025.04.02	10:00:00	1.07927	1.07947	1.07800	1.07916	2407	0	2
2025.04.02	11:00:00	1.07917	1.08018	1.07906	1.07974	1964	0	2
2025.04.02	12:00:00	1.07974	1.08081	1.07958	1.08060	1882	0	2
2025.04.02	13:00:00	1.08060	1.08067	1.07859	1.07947	2305	0	2
2025.04.02	14:00:00	1.07947	1.08061	1.07911	1.08024	2100	0	2
2025.04.02	15:00:00	1.08030	1.08194	1.07962	1.08191	2807	0	2
2025.04.02	16:00:00	1.08187	1.08293	1.08146	1.08265	3144	0	2
2025.04.02	17:00:00	1.08266	1.08615	1.08190	1.08584	4088	0	2
2025.04.02	18:00:00	1.08585	1.08729	1.08509	1.08673	3412	0	2
2025.04.02	19:00:00	1.08673	1.08675	1.08468	1.08522	2490	0	2
2025.04.02	20:00:00	1.08522	1.08595	1.08500	1.08518	1771	0	2
2025.04.02	21:00:00	1.08518	1.08591	1.08480	1.08541	1739	0	2
2025.04.02	22:00:00	1.08542	1.08559	1.08469	1.08499	1541	0	2
2025.04.02	23:00:00	1.08498	1.09241	1.08105	1.08425	6741	0	4
2025.04.03	00:00:00	1.08425	1.08551	1.08099	1.08270	1170	0	23
2025.04.03	01:00:00	1.08267	1.08396	1.08051	1.08388	4228	0	2
2025.04.03	02:00:00	1.08392	1.09113	1.08377	1.09042	4886	0	2
2025.04.03	03:00:00	1.09036	1.09072	1.08798	1.08905	5036	0	2
2025.04.03	04:00:00	1.08905	1.09232	1.08864	1.09132	3998	0	2
2025.04.03	05:00:00	1.09132	1.09245	1.09091	1.09121	2949	0	2
2025.04.03	06:00:00	1.09121	1.09210	1.09075	1.09150	2569	0	2
2025.04.03	07:00:00	1.09150	1.09166	1.09057	1.09066	2331	0	2
2025.04.03	08:00:00	1.09067	1.09520	1.09063	1.09444	3265	0	2
2025.04.03	09:00:00	1.09444	1.09900	1.09346	1.09896	5745	0	2
2025.04.03	10:00:00	1.09896	1.09901	1.09428	1.09707	5413	0	2
2025.04.03	11:00:00	1.09707	1.10208	1.09705	1.10092	4250	0	2
2025.04.03	12:00:00	1.10094	1.10473	1.10037	1.10307	4568	0	2
2025.04.03	13:00:00	1.10307	1.11453	1.10278	1.10520	6754	0	2
2025.04.03	14:00:00	1.10532	1.11009	1.10388	1.10874	5349	0	2
2025.04.03	15:00:00	1.10879	1.11094	1.10727	1.10816	6107	0	2
2025.04.03	16:00:00	1.10815	1.11350	1.10701	1.10798	7082	0	2
2025.04.03	17:00:00	1.10875	1.11273	1.10801	1.11183	6309	0	2
2025.04.03	18:00:00	1.11185	1.11189	1.10410	1.10505	5668	0	2
2025.04.03	19:00:00	1.10505	1.10558	1.10328	1.10390	4471	0	2
2025.04.03	20:00:00	1.10386	1.10394	1.10179	1.10244	3359	0	2
2025.04.03	21:00:00	1.10244	1.10406	1.10196	1.10372	2586	0	2
2025.04.03	22:00:00	1.10372	1.10372	1.10158	1.10273	2202	0	2
2025.04.03	23:00:00	1.10269	1.10524	1.10221	1.10523	1296	0	3
2025.04.04	00:00:00	1.10492	1.10512	1.10469	1.10508	572	0	23
2025.04.04	01:00:00	1.10508	1.10714	1.10497	1.10641	1559	0	2
2025.04.04	02:00:00	1.10640	1.10646	1.10421	1.10452	1986	0	2
2025.04.04	03:00:00	1.10451	1.10640	1.10366	1.10605	3000	0	2
2025.04.04	04:00:00	1.10604	1.10732	1.10572	1.10677	2891	0	2
2025.04.04	05:00:00	1.10679	1.10793	1.10607	1.10632	2963	0	2
2025.04.04	06:00:00	1.10632	1.10985	1.10573	1.10936	3030	0	2
2025.04.04	07:00:00	1.10935	1.10982	1.10820	1.10873	2741	0	2
2025.04.04	08:00:00	1.10873	1.11075	1.10783	1.10842	3010	0	2
2025.04.04	09:00:00	1.10841	1.10858	1.10498	1.10505	4136	0	2
2025.04.04	10:00:00	1.10505	1.10670	1.09998	1.10042	5418	0	2
2025.04.04	11:00:00	1.10048	1.10093	1.09754	1.09962	5840	0	2
2025.04.04	12:00:00	1.09967	1.09976	1.09714	1.09844	4891	0	2
2025.04.04	13:00:00	1.09842	1.10496	1.09645	1.10307	7659	0	2
2025.04.04	14:00:00	1.10302	1.10798	1.10221	1.10600	8127	0	2
2025.04.04	15:00:00	1.10612	1.10888	1.10077	1.10198	9273	0	2
2025.04.04	16:00:00	1.10201	1.10481	1.10053	1.10062	8684	0	2
2025.04.04	17:00:00	1.10053	1.10148	1.09601	1.09860	8507	0	2
2025.04.04	18:00:00	1.09861	1.10169	1.09674	1.10137	8883	0	2
2025.04.04	19:00:00	1.10138	1.10196	1.09616	1.09711	6466	0	2
2025.04.04	20:00:00	1.09711	1.09768	1.09241	1.09473	6558	0	2
2025.04.04	21:00:00	1.09473	1.09672	1.09396	1.09444	5005	0	2
2025.04.04	22:00:00	1.09440	1.09646	1.09276	1.09429	4504	0	2
2025.04.04	23:00:00	1.09430	1.09632	1.09325	1.09622	2222	0	3
2025.04.07	00:00:00	1.08854	1.09219	1.08803	1.09151	1121	0	23
2025.04.07	01:00:00	1.09151	1.09946	1.09151	1.09826	5360	0	2
2025.04.07	02:00:00	1.09825	1.10002	1.09815	1.09832	5422	0	2
2025.04.07	03:00:00	1.09832	1.09837	1.09463	1.09669	5887	0	2
2025.04.07	04:00:00	1.09669	1.09802	1.09543	1.09678	5813	0	2
2025.04.07	05:00:00	1.09677	1.09677	1.09197	1.09353	3817	0	2
2025.04.07	06:00:00	1.09353	1.09546	1.09299	1.09502	2408	0	2
2025.04.07	07:00:00	1.09502	1.09874	1.09481	1.09847	2667	0	2
2025.04.07	08:00:00	1.09847	1.10204	1.09777	1.10183	4357	0	2
2025.04.07	09:00:00	1.10181	1.10229	1.09936	1.10029	6589	0	2
2025.04.07	10:00:00	1.10030	1.10497	1.09980	1.10006	7437	0	2
2025.04.07	11:00:00	1.10018	1.10218	1.09678	1.09920	6663	0	2
2025.04.07	12:00:00	1.09918	1.09964	1.09499	1.09625	5886	0	2
2025.04.07	13:00:00	1.09626	1.09905	1.09576	1.09588	5838	0	2
2025.04.07	14:00:00	1.09588	1.09693	1.09352	1.09693	6075	0	2
2025.04.07	15:00:00	1.09694	1.09914	1.09391	1.09735	6785	0	2
2025.04.07	16:00:00	1.09744	1.09771	1.09373	1.09415	6829	0	2
2025.04.07	17:00:00	1.09414	1.09815	1.09167	1.09218	9181	0	2
2025.04.07	18:00:00	1.09216	1.09362	1.09009	1.09112	7599	0	3
2025.04.07	19:00:00	1.09112	1.09326	1.09039	1.09321	5172	0	3
2025.04.07	20:00:00	1.09322	1.09499	1.09293	1.09386	4829	0	3
2025.04.07	21:00:00	1.09386	1.09528	1.09234	1.09338	4119	0	3
2025.04.07	22:00:00	1.09334	1.09482	1.09136	1.09153	3918	0	3
2025.04.07	23:00:00	1.09158	1.09195	1.09014	1.09052	1819	0	3
2025.04.08	00:00:00	1.09014	1.09125	1.09014	1.09114	320	0	24
2025.04.08	01:00:00	1.09114	1.09208	1.09085	1.09171	1338	0	2
2025.04.08	02:00:00	1.09166	1.09190	1.09077	1.09146	1725	0	3
2025.04.08	03:00:00	1.09147	1.09498	1.09147	1.09397	3371	0	3
2025.04.08	04:00:00	1.09396	1.09616	1.09377	1.09596	3874	0	3
2025.04.08	05:00:00	1.09597	1.09801	1.09595	1.09709	2754	0	3
2025.04.08	06:00:00	1.09710	1.09717	1.09608	1.09633	2129	0	3
2025.04.08	07:00:00	1.09630	1.09794	1.09620	1.09757	2283	0	3
2025.04.08	08:00:00	1.09757	1.09758	1.09538	1.09680	2810	0	3
2025.04.08	09:00:00	1.09680	1.09918	1.09612	1.09765	4506	0	3
2025.04.08	10:00:00	1.09769	1.09803	1.09214	1.09234	6144	0	2
2025.04.08	11:00:00	1.09235	1.09486	1.09227	1.09366	4842	0	2
2025.04.08	12:00:00	1.09366	1.09372	1.09111	1.09196	4662	0	2
2025.04.08	13:00:00	1.09195	1.09391	1.09135	1.09274	4135	0	2
2025.04.08	14:00:00	1.09273	1.09446	1.09249	1.09341	4822	0	2
2025.04.08	15:00:00	1.09348	1.09684	1.09343	1.09483	4698	0	2
2025.04.08	16:00:00	1.09483	1.09557	1.09269	1.09349	6043	0	2
2025.04.08	17:00:00	1.09357	1.09361	1.08882	1.09102	6315	0	2
2025.04.08	18:00:00	1.09101	1.09194	1.08958	1.09116	4927	0	2
2025.04.08	19:00:00	1.09116	1.09324	1.08984	1.09295	4819	0	2
2025.04.08	20:00:00	1.09294	1.09486	1.09261	1.09336	5377	0	2
2025.04.08	21:00:00	1.09337	1.09692	1.09296	1.09523	4404	0	2
2025.04.08	22:00:00	1.09522	1.09778	1.09508	1.09538	4388	0	2
2025.04.08	23:00:00	1.09540	1.09625	1.09388	1.09547	1724	0	3
2025.04.09	00:00:00	1.09516	1.09569	1.09473	1.09559	402	0	52
2025.04.09	01:00:00	1.09564	1.09776	1.09559	1.09682	1703	0	2
2025.04.09	02:00:00	1.09682	1.09850	1.09664	1.09775	2374	0	2
2025.04.09	03:00:00	1.09776	1.10165	1.09711	1.10146	4907	0	2
2025.04.09	04:00:00	1.10146	1.10398	1.10137	1.10201	5393	0	2
2025.04.09	05:00:00	1.10201	1.10286	1.10094	1.10197	3882	0	2
2025.04.09	06:00:00	1.10197	1.10358	1.10126	1.10196	3888	0	2
2025.04.09	07:00:00	1.10196	1.10688	1.10189	1.10687	5467	0	2
2025.04.09	08:00:00	1.10684	1.10684	1.10290	1.10615	5255	0	2
2025.04.09	09:00:00	1.10615	1.10897	1.10426	1.10734	7302	0	2
2025.04.09	10:00:00	1.10727	1.10794	1.10094	1.10154	7806	0	2
2025.04.09	11:00:00	1.10148	1.10350	1.09980	1.10274	6536	0	2
2025.04.09	12:00:00	1.10271	1.10502	1.10092	1.10440	5272	0	2
2025.04.09	13:00:00	1.10439	1.10578	1.10253	1.10334	5034	0	2
2025.04.09	14:00:00	1.10332	1.10568	1.10216	1.10354	7418	0	2
2025.04.09	15:00:00	1.10356	1.10950	1.10348	1.10754	6762	0	2
2025.04.09	16:00:00	1.10760	1.10817	1.10325	1.10451	6958	0	2
2025.04.09	17:00:00	1.10448	1.10512	1.10263	1.10407	5963	0	2
2025.04.09	18:00:00	1.10406	1.10693	1.10365	1.10381	4806	0	2
2025.04.09	19:00:00	1.10381	1.10423	1.10134	1.10202	3751	0	2
2025.04.09	20:00:00	1.10201	1.10638	1.09463	1.09748	8764	0	3
2025.04.09	21:00:00	1.09748	1.09829	1.09132	1.09637	8045	0	2
2025.04.09	22:00:00	1.09638	1.09764	1.09324	1.09344	5796	0	3
2025.04.09	23:00:00	1.09354	1.09620	1.09287	1.09492	3249	0	3
2025.04.10	00:00:00	1.09461	1.09533	1.09445	1.09478	493	0	26
2025.04.10	01:00:00	1.09484	1.09628	1.09477	1.09603	2555	0	2
2025.04.10	02:00:00	1.09605	1.09609	1.09428	1.09507	2712	0	3
2025.04.10	03:00:00	1.09504	1.09865	1.09504	1.09861	4725	0	3
2025.04.10	04:00:00	1.09861	1.09875	1.09691	1.09716	3564	0	3
2025.04.10	05:00:00	1.09717	1.09790	1.09613	1.09717	3048	0	3
2025.04.10	06:00:00	1.09717	1.09890	1.09703	1.09815	2791	0	3
2025.04.10	07:00:00	1.09814	1.09847	1.09773	1.09826	2383	0	3
2025.04.10	08:00:00	1.09826	1.09954	1.09775	1.09854	2499	0	3
2025.04.10	09:00:00	1.09854	1.09887	1.09626	1.09829	4754	0	3
2025.04.10	10:00:00	1.09825	1.10306	1.09674	1.10261	5979	0	2
2025.04.10	11:00:00	1.10264	1.10478	1.10162	1.10375	5320	0	2
2025.04.10	12:00:00	1.10375	1.10597	1.10337	1.10592	4559	0	2
2025.04.10	13:00:00	1.10595	1.10809	1.10549	1.10795	4692	0	2
2025.04.10	14:00:00	1.10795	1.10887	1.10671	1.10702	4536	0	2
2025.04.10	15:00:00	1.10696	1.11317	1.10679	1.10970	6236	0	2
2025.04.10	16:00:00	1.10976	1.11343	1.10908	1.11268	5611	0	2
2025.04.10	17:00:00	1.11268	1.11864	1.11244	1.11853	6063	0	2
2025.04.10	18:00:00	1.11853	1.12288	1.11536	1.11901	7229	0	2
2025.04.10	19:00:00	1.11907	1.12099	1.11774	1.11967	6138	0	2
2025.04.10	20:00:00	1.11966	1.12107	1.11744	1.12099	5281	0	2
2025.04.10	21:00:00	1.12099	1.12413	1.12012	1.12154	4712	0	2
2025.04.10	22:00:00	1.12151	1.12197	1.11587	1.12072	4910	0	2
2025.04.10	23:00:00	1.12047	1.12047	1.11809	1.12016	2266	0	3
2025.04.11	00:00:00	1.11910	1.11984	1.11862	1.11903	566	0	27
2025.04.11	01:00:00	1.11953	1.12351	1.11950	1.12349	2947	0	2
2025.04.11	02:00:00	1.12352	1.12625	1.12133	1.12579	4500	0	2
2025.04.11	03:00:00	1.12576	1.13813	1.12512	1.13102	7327	0	2
2025.04.11	04:00:00	1.13102	1.13228	1.12757	1.13057	6886	0	2
2025.04.11	05:00:00	1.13058	1.13229	1.12951	1.13026	5241	0	2
2025.04.11	06:00:00	1.13026	1.13543	1.13023	1.13408	4111	0	2
2025.04.11	07:00:00	1.13408	1.13410	1.13100	1.13224	3299	0	2
2025.04.11	08:00:00	1.13224	1.13234	1.12706	1.12851	4157	0	2
2025.04.11	09:00:00	1.12832	1.12896	1.12464	1.12869	5918	0	2
2025.04.11	10:00:00	1.12856	1.13688	1.12839	1.13642	7156	0	2
2025.04.11	11:00:00	1.13636	1.14733	1.13491	1.14272	8052	0	2
2025.04.11	12:00:00	1.14268	1.14268	1.13846	1.13854	6583	0	2
2025.04.11	13:00:00	1.13854	1.13854	1.13200	1.13372	6347	0	2
2025.04.11	14:00:00	1.13368	1.13714	1.13235	1.13291	5767	0	2
2025.04.11	15:00:00	1.13281	1.13989	1.13245	1.13953	6848	0	2
2025.04.11	16:00:00	1.13953	1.14122	1.13250	1.13607	7917	0	2
2025.04.11	17:00:00	1.13599	1.13817	1.13272	1.13400	8132	0	2
2025.04.11	18:00:00	1.13402	1.13500	1.13123	1.13247	6160	0	2
2025.04.11	19:00:00	1.13243	1.13268	1.12764	1.13058	5180	0	2
2025.04.11	20:00:00	1.13052	1.13270	1.12825	1.12854	4362	0	2
2025.04.11	21:00:00	1.12854	1.13211	1.12843	1.13124	4148	0	2
2025.04.11	22:00:00	1.13124	1.13437	1.13089	1.13415	3082	0	2
2025.04.11	23:00:00	1.13416	1.13528	1.13367	1.13506	1701	0	3
2025.04.14	00:00:00	1.13164	1.13195	1.13134	1.13181	241	0	23
2025.04.14	01:00:00	1.13181	1.13550	1.13181	1.13343	3497	0	2
2025.04.14	02:00:00	1.13349	1.13489	1.13242	1.13421	2877	0	2
2025.04.14	03:00:00	1.13421	1.13707	1.13408	1.13654	3996	0	2
2025.04.14	04:00:00	1.13654	1.14090	1.13642	1.13856	4439	0	2
2025.04.14	05:00:00	1.13856	1.14012	1.13709	1.13720	3352	0	2
2025.04.14	06:00:00	1.13719	1.13837	1.13577	1.13715	2963	0	2
2025.04.14	07:00:00	1.13715	1.13850	1.13655	1.13675	2131	0	2
2025.04.14	08:00:00	1.13675	1.13880	1.13527	1.13852	2872	0	2
2025.04.14	09:00:00	1.13852	1.14238	1.13765	1.14163	5160	0	2
2025.04.14	10:00:00	1.14168	1.14247	1.13835	1.13899	5237	0	2
2025.04.14	11:00:00	1.13899	1.14098	1.13790	1.13875	4810	0	2
2025.04.14	12:00:00	1.13875	1.14076	1.13865	1.13867	4310	0	2
2025.04.14	13:00:00	1.13866	1.13920	1.13715	1.13872	3520	0	2
2025.04.14	14:00:00	1.13873	1.14059	1.13725	1.13838	3112	0	2
2025.04.14	15:00:00	1.13839	1.13885	1.13345	1.13387	4716	0	2
2025.04.14	16:00:00	1.13387	1.13413	1.12958	1.13274	6181	0	2
2025.04.14	17:00:00	1.13274	1.13679	1.13198	1.13676	4645	0	2
2025.04.14	18:00:00	1.13675	1.13818	1.13526	1.13570	4892	0	2
2025.04.14	19:00:00	1.13571	1.13702	1.13302	1.13307	4114	0	2
2025.04.14	20:00:00	1.13308	1.13477	1.13284	1.13384	3237	0	2
2025.04.14	21:00:00	1.13384	1.13571	1.13379	1.13545	2758	0	2
2025.04.14	22:00:00	1.13545	1.13697	1.13500	1.13545	1971	0	2
2025.04.14	23:00:00	1.13549	1.13583	1.13431	1.13503	1459	0	3
2025.04.15	00:00:00	1.13422	1.13537	1.13417	1.13520	464	0	53
2025.04.15	01:00:00	1.13517	1.13612	1.13454	1.13539	1315	0	2
2025.04.15	02:00:00	1.13538	1.13538	1.13335	1.13361	1633	0	2
2025.04.15	03:00:00	1.13358	1.13387	1.13171	1.13286	2880	0	2
2025.04.15	04:00:00	1.13286	1.13350	1.13157	1.13241	2485	0	2
2025.04.15	05:00:00	1.13242	1.13521	1.13242	1.13495	2253	0	2
2025.04.15	06:00:00	1.13495	1.13530	1.13433	1.13474	1881	0	2
2025.04.15	07:00:00	1.13474	1.13631	1.13448	1.13568	2169	0	2
2025.04.15	08:00:00	1.13568	1.13678	1.13489	1.13505	2222	0	2
2025.04.15	09:00:00	1.13504	1.13645	1.13279	1.13321	3828	0	2
2025.04.15	10:00:00	1.13321	1.13597	1.13204	1.13571	3966	0	2
2025.04.15	11:00:00	1.13572	1.13790	1.13436	1.13469	4035	0	2
2025.04.15	12:00:00	1.13446	1.13560	1.13329	1.13386	3268	0	2
2025.04.15	13:00:00	1.13386	1.13493	1.13321	1.13444	2689	0	2
2025.04.15	14:00:00	1.13444	1.13444	1.13139	1.13265	3312	0	2
2025.04.15	15:00:00	1.13266	1.13413	1.13086	1.13129	4529	0	2
2025.04.15	16:00:00	1.13123	1.13285	1.13048	1.13175	4717	0	2
2025.04.15	17:00:00	1.13173	1.13294	1.12854	1.13288	5783	0	2
2025.04.15	18:00:00	1.13289	1.13290	1.12821	1.12887	4216	0	2
2025.04.15	19:00:00	1.12886	1.12918	1.12640	1.12743	3252	0	2
2025.04.15	20:00:00	1.12744	1.12827	1.12669	1.12726	2692	0	2
2025.04.15	21:00:00	1.12725	1.12765	1.12664	1.12734	2219	0	2
2025.04.15	22:00:00	1.12731	1.12875	1.12714	1.12823	1646	0	2
2025.04.15	23:00:00	1.12826	1.12896	1.12797	1.12824	1015	0	3
2025.04.16	00:00:00	1.12793	1.12845	1.12792	1.12803	361	0	25
2025.04.16	01:00:00	1.12806	1.12994	1.12806	1.12956	1242	0	2
2025.04.16	02:00:00	1.12957	1.12987	1.12833	1.12936	1870	0	2
2025.04.16	03:00:00	1.12935	1.13214	1.12927	1.13169	3442	0	2
2025.04.16	04:00:00	1.13169	1.13306	1.13163	1.13235	2919	0	2
2025.04.16	05:00:00	1.13240	1.13319	1.13182	1.13275	2414	0	2
2025.04.16	06:00:00	1.13275	1.13432	1.13244	1.13431	2123	0	2
2025.04.16	07:00:00	1.13431	1.13479	1.13328	1.13460	2012	0	2
2025.04.16	08:00:00	1.13460	1.13851	1.13410	1.13806	2975	0	2
2025.04.16	09:00:00	1.13798	1.13827	1.13606	1.13607	3593	0	2
2025.04.16	10:00:00	1.13610	1.13922	1.13591	1.13870	3669	0	2
2025.04.16	11:00:00	1.13876	1.13881	1.13381	1.13698	5149	0	2
2025.04.16	12:00:00	1.13697	1.13777	1.13558	1.13601	4070	0	2
2025.04.16	13:00:00	1.13601	1.13739	1.13522	1.13580	3687	0	2
2025.04.16	14:00:00	1.13573	1.13738	1.13548	1.13630	3579	0	2
2025.04.16	15:00:00	1.13632	1.13654	1.13403	1.13514	4874	0	2
2025.04.16	16:00:00	1.13516	1.13738	1.13496	1.13668	5091	0	2
2025.04.16	17:00:00	1.13677	1.13841	1.13539	1.13838	4909	0	2
2025.04.16	18:00:00	1.13839	1.13864	1.13571	1.13815	3822	0	2
2025.04.16	19:00:00	1.13815	1.13869	1.13700	1.13748	2893	0	2
2025.04.16	20:00:00	1.13737	1.13898	1.13590	1.13752	3776	0	2
2025.04.16	21:00:00	1.13752	1.13884	1.13650	1.13863	3598	0	2
2025.04.16	22:00:00	1.13858	1.14128	1.13848	1.13865	3196	0	2
2025.04.16	23:00:00	1.13864	1.13976	1.13816	1.13969	1338	0	3
2025.04.17	00:00:00	1.13966	1.13995	1.13944	1.13967	386	0	24
2025.04.17	01:00:00	1.13967	1.14006	1.13949	1.13996	1168	0	2
2025.04.17	02:00:00	1.13997	1.14093	1.13940	1.13953	1618	0	2
2025.04.17	03:00:00	1.13953	1.13967	1.13650	1.13676	3499	0	2
2025.04.17	04:00:00	1.13677	1.13693	1.13554	1.13654	3438	0	2
2025.04.17	05:00:00	1.13654	1.13818	1.13648	1.13782	2300	0	2
2025.04.17	06:00:00	1.13781	1.13808	1.13640	1.13642	1799	0	2
2025.04.17	07:00:00	1.13641	1.13696	1.13601	1.13621	1353	0	2
2025.04.17	08:00:00	1.13622	1.13711	1.13439	1.13522	2050	0	2
2025.04.17	09:00:00	1.13525	1.13709	1.13434	1.13588	3096	0	2
2025.04.17	10:00:00	1.13584	1.13789	1.13529	1.13766	3661	0	2
2025.04.17	11:00:00	1.13766	1.13885	1.13682	1.13785	3052	0	2
2025.04.17	12:00:00	1.13782	1.13808	1.13702	1.13724	2691	0	2
2025.04.17	13:00:00	1.13727	1.13766	1.13575	1.13596	3387	0	2
2025.04.17	14:00:00	1.13595	1.13700	1.13559	1.13564	2649	0	2
2025.04.17	15:00:00	1.13564	1.13679	1.13351	1.13564	5313	0	2
2025.04.17	16:00:00	1.13565	1.13778	1.13511	1.13610	5561	0	2
2025.04.17	17:00:00	1.13612	1.13857	1.13383	1.13494	4913	0	2
2025.04.17	18:00:00	1.13496	1.13765	1.13476	1.13631	3977	0	2
2025.04.17	19:00:00	1.13634	1.13707	1.13400	1.13504	3732	0	2
2025.04.17	20:00:00	1.13504	1.13537	1.13409	1.13511	2287	0	2
2025.04.17	21:00:00	1.13511	1.13751	1.13429	1.13732	2364	0	2
2025.04.17	22:00:00	1.13730	1.13760	1.13684	1.13734	1771	0	2
2025.04.17	23:00:00	1.13731	1.13764	1.13636	1.13652	950	0	3
2025.04.18	00:00:00	1.13635	1.13680	1.13590	1.13671	326	0	24
2025.04.18	01:00:00	1.13671	1.13700	1.13650	1.13668	2359	0	2
2025.04.18	02:00:00	1.13668	1.13731	1.13666	1.13722	796	0	4
2025.04.18	03:00:00	1.13722	1.13859	1.13635	1.13747	2368	0	2
2025.04.18	04:00:00	1.13740	1.13769	1.13685	1.13714	3109	0	2
2025.04.18	05:00:00	1.13706	1.13790	1.13694	1.13726	2630	0	2
2025.04.18	06:00:00	1.13726	1.13762	1.13697	1.13734	2831	0	2
2025.04.18	07:00:00	1.13734	1.13745	1.13690	1.13695	2399	0	2
2025.04.18	08:00:00	1.13694	1.13744	1.13637	1.13708	2548	0	2
2025.04.18	09:00:00	1.13708	1.13762	1.13618	1.13621	3568	0	2
2025.04.18	10:00:00	1.13585	1.13756	1.13572	1.13695	5204	0	2
2025.04.18	11:00:00	1.13698	1.13716	1.13668	1.13713	5021	0	2
2025.04.18	12:00:00	1.13712	1.13727	1.13677	1.13686	3848	0	2
2025.04.18	13:00:00	1.13689	1.13750	1.13683	1.13739	3910	0	2
2025.04.18	14:00:00	1.13739	1.13833	1.13717	1.13810	5798	0	2
2025.04.18	15:00:00	1.13809	1.13860	1.13806	1.13823	3938	0	2
2025.04.18	16:00:00	1.13822	1.13826	1.13757	1.13798	2224	0	2
2025.04.18	17:00:00	1.13798	1.13977	1.13787	1.13968	3490	0	2
2025.04.18	18:00:00	1.13969	1.13971	1.13877	1.13925	3604	0	2
2025.04.18	19:00:00	1.13925	1.13950	1.13878	1.13944	2648	0	2
2025.04.18	20:00:00	1.13945	1.13948	1.13904	1.13925	2095	0	2
2025.04.18	21:00:00	1.13925	1.13951	1.13908	1.13946	2283	0	2
2025.04.18	22:00:00	1.13946	1.13973	1.13924	1.13935	789	0	2
2025.04.18	23:00:00	1.13935	1.13949	1.13907	1.13925	1294	0	3
2025.04.21	00:00:00	1.13951	1.14240	1.13931	1.14069	1063	0	23
2025.04.21	01:00:00	1.14019	1.14382	1.13927	1.14330	2916	0	2
2025.04.21	02:00:00	1.14335	1.14585	1.14332	1.14489	2502	0	2
2025.04.21	03:00:00	1.14489	1.14861	1.14489	1.14662	3778	0	2
2025.04.21	04:00:00	1.14662	1.14784	1.14651	1.14765	2948	0	2
2025.04.21	05:00:00	1.14764	1.15307	1.14720	1.15043	3372	0	2
2025.04.21	06:00:00	1.15043	1.15247	1.15043	1.15151	2032	0	2
2025.04.21	07:00:00	1.15150	1.15172	1.14988	1.15172	1859	0	2
2025.04.21	08:00:00	1.15172	1.15343	1.15148	1.15311	2403	0	2
2025.04.21	09:00:00	1.15311	1.15341	1.15048	1.15157	3063	0	2
2025.04.21	10:00:00	1.15157	1.15676	1.15094	1.15555	3356	0	2
2025.04.21	11:00:00	1.15555	1.15645	1.15376	1.15580	3545	0	2
2025.04.21	12:00:00	1.15580	1.15730	1.15448	1.15471	2995	0	2
2025.04.21	13:00:00	1.15470	1.15484	1.15214	1.15234	2658	0	2
2025.04.21	14:00:00	1.15234	1.15476	1.15130	1.15427	3127	0	2
2025.04.21	15:00:00	1.15426	1.15500	1.15212	1.15425	3704	0	2
2025.04.21	16:00:00	1.15424	1.15427	1.15015	1.15191	3972	0	2
2025.04.21	17:00:00	1.15190	1.15247	1.14895	1.14975	4202	0	2
2025.04.21	18:00:00	1.14975	1.15077	1.14817	1.15070	3584	0	2
2025.04.21	19:00:00	1.15070	1.15132	1.15003	1.15093	2559	0	2
2025.04.21	20:00:00	1.15093	1.15145	1.14934	1.15138	2301	0	2
2025.04.21	21:00:00	1.15138	1.15252	1.15120	1.15221	2291	0	2
2025.04.21	22:00:00	1.15219	1.15268	1.15125	1.15126	2182	0	2
2025.04.21	23:00:00	1.15133	1.15158	1.15048	1.15122	1209	0	3
2025.04.22	00:00:00	1.15080	1.15137	1.15060	1.15072	396	0	24
2025.04.22	01:00:00	1.15076	1.15252	1.15069	1.15232	1017	0	2
2025.04.22	02:00:00	1.15237	1.15239	1.15075	1.15140	1335	0	2
2025.04.22	03:00:00	1.15140	1.15140	1.14820	1.14904	3265	0	2
2025.04.22	04:00:00	1.14904	1.14983	1.14855	1.14944	2889	0	2
2025.04.22	05:00:00	1.14944	1.15205	1.14940	1.15205	2263	0	2
2025.04.22	06:00:00	1.15205	1.15402	1.15191	1.15347	2894	0	2
2025.04.22	07:00:00	1.15346	1.15398	1.15271	1.15300	1743	0	2
2025.04.22	08:00:00	1.15300	1.15472	1.15182	1.15422	3351	0	2
2025.04.22	09:00:00	1.15420	1.15458	1.14960	1.15007	4510	0	2
2025.04.22	10:00:00	1.15019	1.15091	1.14832	1.15056	4637	0	2
2025.04.22	11:00:00	1.15057	1.15150	1.14945	1.14997	4242	0	2
2025.04.22	12:00:00	1.14997	1.15077	1.14877	1.14905	3503	0	2
2025.04.22	13:00:00	1.14904	1.15005	1.14880	1.14886	3464	0	2
2025.04.22	14:00:00	1.14883	1.15005	1.14840	1.14861	3144	0	2
2025.04.22	15:00:00	1.14857	1.14900	1.14614	1.14700	4266	0	2
2025.04.22	16:00:00	1.14703	1.14850	1.14559	1.14749	4210	0	2
2025.04.22	17:00:00	1.14742	1.14920	1.14612	1.14779	4149	0	2
2025.04.22	18:00:00	1.14782	1.14855	1.14638	1.14650	3394	0	2
2025.04.22	19:00:00	1.14655	1.14688	1.14331	1.14338	4123	0	2
2025.04.22	20:00:00	1.14339	1.14540	1.14308	1.14501	3439	0	2
2025.04.22	21:00:00	1.14501	1.14501	1.14225	1.14271	2134	0	2
2025.04.22	22:00:00	1.14271	1.14340	1.14199	1.14206	1811	0	2
2025.04.22	23:00:00	1.14208	1.14300	1.14174	1.14190	1021	0	3
2025.04.23	00:00:00	1.14212	1.14257	1.13608	1.13613	1203	0	23
2025.04.23	01:00:00	1.13616	1.13701	1.13080	1.13373	4502	0	2
2025.04.23	02:00:00	1.13376	1.13625	1.13295	1.13505	3504	0	2
2025.04.23	03:00:00	1.13504	1.13979	1.13491	1.13974	4124	0	2
2025.04.23	04:00:00	1.13974	1.14151	1.13844	1.14071	3608	0	2
2025.04.23	05:00:00	1.14070	1.14106	1.13901	1.14046	2944	0	2
2025.04.23	06:00:00	1.14046	1.14051	1.13731	1.13790	2550	0	2
2025.04.23	07:00:00	1.13790	1.13917	1.13708	1.13899	2205	0	2
2025.04.23	08:00:00	1.13900	1.13997	1.13710	1.13766	2748	0	2
2025.04.23	09:00:00	1.13767	1.13963	1.13747	1.13847	4441	0	2
2025.04.23	10:00:00	1.13851	1.14089	1.13783	1.13857	4755	0	2
2025.04.23	11:00:00	1.13865	1.14153	1.13798	1.14129	3564	0	2
2025.04.23	12:00:00	1.14129	1.14397	1.14128	1.14181	3297	0	2
2025.04.23	13:00:00	1.14180	1.14189	1.13901	1.14021	2701	0	2
2025.04.23	14:00:00	1.14021	1.14160	1.13861	1.14108	2823	0	2
2025.04.23	15:00:00	1.14108	1.14196	1.14019	1.14056	3558	0	2
2025.04.23	16:00:00	1.14055	1.14120	1.13332	1.13332	5778	0	2
2025.04.23	17:00:00	1.13333	1.13812	1.13282	1.13533	7204	0	2
2025.04.23	18:00:00	1.13533	1.13834	1.13439	1.13486	5680	0	2
2025.04.23	19:00:00	1.13487	1.13656	1.13366	1.13397	3883	0	2
2025.04.23	20:00:00	1.13397	1.13439	1.13251	1.13297	2620	0	2
2025.04.23	21:00:00	1.13297	1.13301	1.13151	1.13238	2416	0	2
2025.04.23	22:00:00	1.13232	1.13319	1.13182	1.13275	2205	0	2
2025.04.23	23:00:00	1.13274	1.13281	1.13103	1.13131	1239	0	3
2025.04.24	00:00:00	1.13148	1.13223	1.13132	1.13201	481	0	33
2025.04.24	01:00:00	1.13221	1.13473	1.13201	1.13322	1931	0	2
2025.04.24	02:00:00	1.13322	1.13384	1.13260	1.13295	1703	0	2
2025.04.24	03:00:00	1.13296	1.13468	1.13213	1.13436	2970	0	2
2025.04.24	04:00:00	1.13432	1.13575	1.13401	1.13498	3110	0	2
2025.04.24	05:00:00	1.13497	1.13571	1.13463	1.13551	2165	0	2
2025.04.24	06:00:00	1.13552	1.13560	1.13363	1.13380	1527	0	2
2025.04.24	07:00:00	1.13384	1.13422	1.13323	1.13391	1419	0	2
2025.04.24	08:00:00	1.13390	1.13455	1.13305	1.13363	2074	0	2
2025.04.24	09:00:00	1.13364	1.13543	1.13358	1.13522	2949	0	2
2025.04.24	10:00:00	1.13522	1.13803	1.13517	1.13800	3421	0	2
2025.04.24	11:00:00	1.13798	1.13927	1.13630	1.13803	3627	0	2
2025.04.24	12:00:00	1.13804	1.13910	1.13751	1.13844	2557	0	2
2025.04.24	13:00:00	1.13844	1.13946	1.13761	1.13792	2396	0	2
2025.04.24	14:00:00	1.13791	1.13902	1.13684	1.13728	2655	0	2
2025.04.24	15:00:00	1.13725	1.13785	1.13579	1.13765	3761	0	2
2025.04.24	16:00:00	1.13770	1.13840	1.13634	1.13758	3552	0	2
2025.04.24	17:00:00	1.13761	1.13870	1.13630	1.13727	4237	0	2
2025.04.24	18:00:00	1.13728	1.13758	1.13475	1.13608	3730	0	2
2025.04.24	19:00:00	1.13608	1.13805	1.13578	1.13799	2921	0	2
2025.04.24	20:00:00	1.13798	1.13856	1.13673	1.13692	2241	0	2
2025.04.24	21:00:00	1.13692	1.13793	1.13637	1.13779	1880	0	2
2025.04.24	22:00:00	1.13779	1.13974	1.13775	1.13847	1714	0	2
2025.04.24	23:00:00	1.13844	1.13974	1.13818	1.13933	1033	0	3
2025.04.25	00:00:00	1.13814	1.13900	1.13805	1.13840	973	0	23
2025.04.25	01:00:00	1.13840	1.13909	1.13840	1.13864	1189	0	2
2025.04.25	02:00:00	1.13867	1.13882	1.13705	1.13727	1262	0	2
2025.04.25	03:00:00	1.13726	1.13726	1.13468	1.13473	2524	0	2
2025.04.25	04:00:00	1.13473	1.13549	1.13425	1.13438	2580	0	2
2025.04.25	05:00:00	1.13437	1.13516	1.13413	1.13479	1852	0	2
2025.04.25	06:00:00	1.13479	1.13592	1.13250	1.13258	3192	0	2
2025.04.25	07:00:00	1.13258	1.13359	1.13156	1.13350	2458	0	2
2025.04.25	08:00:00	1.13350	1.13416	1.13253	1.13312	2653	0	2
2025.04.25	09:00:00	1.13313	1.13574	1.13216	1.13416	3242	0	2
2025.04.25	10:00:00	1.13418	1.13681	1.13418	1.13598	3894	0	2
2025.04.25	11:00:00	1.13598	1.13644	1.13397	1.13504	2776	0	2
2025.04.25	12:00:00	1.13504	1.13608	1.13447	1.13460	2706	0	2
2025.04.25	13:00:00	1.13460	1.13595	1.13341	1.13559	2970	0	2
2025.04.25	14:00:00	1.13557	1.13666	1.13460	1.13492	2449	0	2
2025.04.25	15:00:00	1.13492	1.13599	1.13491	1.13524	2530	0	2
2025.04.25	16:00:00	1.13523	1.13554	1.13330	1.13535	3627	0	2
2025.04.25	17:00:00	1.13533	1.13805	1.13525	1.13683	3853	0	2
2025.04.25	18:00:00	1.13684	1.13823	1.13579	1.13803	2514	0	2
2025.04.25	19:00:00	1.13803	1.13886	1.13682	1.13686	1995	0	2
2025.04.25	20:00:00	1.13686	1.13826	1.13650	1.13766	2050	0	2
2025.04.25	21:00:00	1.13766	1.13808	1.13691	1.13796	1727	0	2
2025.04.25	22:00:00	1.13796	1.13810	1.13588	1.13592	1485	0	2
2025.04.25	23:00:00	1.13592	1.13644	1.13568	1.13596	874	0	3
2025.04.28	00:00:00	1.13585	1.13614	1.13561	1.13602	173	0	23
2025.04.28	01:00:00	1.13601	1.13655	1.13398	1.13498	922	0	2
2025.04.28	02:00:00	1.13498	1.13548	1.13412	1.13451	853	0	2
2025.04.28	03:00:00	1.13451	1.13644	1.13448	1.13637	2207	0	2
2025.04.28	04:00:00	1.13637	1.13665	1.13496	1.13511	2167	0	2
2025.04.28	05:00:00	1.13511	1.13571	1.13430	1.13533	1771	0	2
2025.04.28	06:00:00	1.13533	1.13602	1.13510	1.13561	1353	0	2
2025.04.28	07:00:00	1.13560	1.13725	1.13524	1.13722	1696	0	2
2025.04.28	08:00:00	1.13722	1.13808	1.13717	1.13743	1888	0	2
2025.04.28	09:00:00	1.13737	1.13742	1.13295	1.13316	3041	0	2
2025.04.28	10:00:00	1.13314	1.13617	1.13308	1.13483	3183	0	2
2025.04.28	11:00:00	1.13482	1.13516	1.13353	1.13435	2669	0	2
2025.04.28	12:00:00	1.13435	1.13586	1.13423	1.13497	2667	0	2
2025.04.28	13:00:00	1.13497	1.13605	1.13459	1.13505	2054	0	2
2025.04.28	14:00:00	1.13505	1.13561	1.13410	1.13515	2106	0	2
2025.04.28	15:00:00	1.13515	1.13727	1.13504	1.13509	2954	0	2
2025.04.28	16:00:00	1.13509	1.13739	1.13395	1.13648	3608	0	2
2025.04.28	17:00:00	1.13647	1.14135	1.13573	1.13786	4391	0	2
2025.04.28	18:00:00	1.13788	1.13922	1.13711	1.13860	3339	0	2
2025.04.28	19:00:00	1.13861	1.14221	1.13852	1.14114	3263	0	2
2025.04.28	20:00:00	1.14114	1.14192	1.14003	1.14009	2732	0	2
2025.04.28	21:00:00	1.14009	1.14140	1.14002	1.14134	2039	0	2
2025.04.28	22:00:00	1.14135	1.14247	1.14133	1.14218	1695	0	2
2025.04.28	23:00:00	1.14219	1.14246	1.14192	1.14230	973	0	3
2025.04.29	00:00:00	1.14185	1.14205	1.14176	1.14199	225	0	23
2025.04.29	01:00:00	1.14209	1.14218	1.14119	1.14128	988	0	2
2025.04.29	02:00:00	1.14128	1.14218	1.14008	1.14079	1410	0	2
2025.04.29	03:00:00	1.14079	1.14161	1.13992	1.13997	1871	0	2
2025.04.29	04:00:00	1.13997	1.14086	1.13874	1.13925	2025	0	2
2025.04.29	05:00:00	1.13925	1.14199	1.13923	1.13982	2497	0	2
2025.04.29	06:00:00	1.13982	1.14001	1.13864	1.13906	2131	0	2
2025.04.29	07:00:00	1.13906	1.13938	1.13740	1.13782	1581	0	2
2025.04.29	08:00:00	1.13782	1.13880	1.13760	1.13869	2080	0	2
2025.04.29	09:00:00	1.13868	1.13995	1.13833	1.13896	2752	0	2
2025.04.29	10:00:00	1.13928	1.14121	1.13872	1.14036	3692	0	2
2025.04.29	11:00:00	1.14050	1.14082	1.13816	1.13853	3077	0	2
2025.04.29	12:00:00	1.13853	1.13973	1.13805	1.13806	2626	0	2
2025.04.29	13:00:00	1.13804	1.13854	1.13731	1.13779	2466	0	2
2025.04.29	14:00:00	1.13779	1.13868	1.13709	1.13745	2312	0	2
2025.04.29	15:00:00	1.13752	1.14145	1.13701	1.14106	3345	0	2
2025.04.29	16:00:00	1.14106	1.14170	1.13902	1.13979	4197	0	2
2025.04.29	17:00:00	1.13976	1.14171	1.13789	1.13831	5117	0	2
2025.04.29	18:00:00	1.13832	1.14044	1.13821	1.13960	3215	0	2
2025.04.29	19:00:00	1.13960	1.14188	1.13953	1.14032	2885	0	2
2025.04.29	20:00:00	1.14032	1.14046	1.13836	1.13859	2189	0	2
2025.04.29	21:00:00	1.13858	1.13931	1.13760	1.13824	1982	0	2
2025.04.29	22:00:00	1.13822	1.13884	1.13761	1.13817	1595	0	2
2025.04.29	23:00:00	1.13816	1.13919	1.13806	1.13853	892	0	3
2025.04.30	00:00:00	1.13818	1.13862	1.13772	1.13842	1015	0	23
2025.04.30	01:00:00	1.13842	1.13956	1.13836	1.13917	1028	0	2
2025.04.30	02:00:00	1.13917	1.13932	1.13859	1.13902	968	0	2
2025.04.30	03:00:00	1.13908	1.13952	1.13767	1.13825	1964	0	2
2025.04.30	04:00:00	1.13825	1.13864	1.13572	1.13587	2243	0	2
2025.04.30	05:00:00	1.13586	1.13723	1.13550	1.13705	1996	0	2
2025.04.30	06:00:00	1.13705	1.13796	1.13666	1.13686	1644	0	2
2025.04.30	07:00:00	1.13686	1.13781	1.13662	1.13733	1628	0	2
2025.04.30	08:00:00	1.13732	1.13842	1.13716	1.13828	1573	0	2
2025.04.30	09:00:00	1.13828	1.13994	1.13657	1.13905	2783	0	2
2025.04.30	10:00:00	1.13901	1.13901	1.13735	1.13774	2857	0	2
2025.04.30	11:00:00	1.13778	1.13853	1.13622	1.13713	2955	0	2
2025.04.30	12:00:00	1.13714	1.13794	1.13602	1.13622	2515	0	2
2025.04.30	13:00:00	1.13624	1.13695	1.13607	1.13619	2078	0	2
2025.04.30	14:00:00	1.13618	1.13804	1.13559	1.13734	2595	0	2
2025.04.30	15:00:00	1.13732	1.13886	1.13646	1.13740	4482	0	2
2025.04.30	16:00:00	1.13737	1.13775	1.13614	1.13688	4132	0	2
2025.04.30	17:00:00	1.13686	1.13791	1.13499	1.13670	4997	0	2
2025.04.30	18:00:00	1.13668	1.13750	1.13232	1.13481	5088	0	2
2025.04.30	19:00:00	1.13481	1.13591	1.13448	1.13554	2811	0	2
2025.04.30	20:00:00	1.13555	1.13647	1.13450	1.13457	2074	0	2
2025.04.30	21:00:00	1.13457	1.13584	1.13429	1.13487	2432	0	2
2025.04.30	22:00:00	1.13487	1.13531	1.13281	1.13295	1952	0	2
2025.04.30	23:00:00	1.13297	1.13310	1.13170	1.13239	1665	0	3
2025.05.01	00:00:00	1.13264	1.13309	1.13236	1.13250	294	0	28
2025.05.01	01:00:00	1.13261	1.13302	1.13222	1.13256	1311	0	2
2025.05.01	02:00:00	1.13257	1.13261	1.13188	1.13219	1290	0	2
2025.05.01	03:00:00	1.13219	1.13294	1.13204	1.13218	1962	0	2
2025.05.01	04:00:00	1.13218	1.13222	1.13030	1.13084	1690	0	2
2025.05.01	05:00:00	1.13084	1.13160	1.13059	1.13151	1492	0	2
2025.05.01	06:00:00	1.13152	1.13185	1.12997	1.13120	2432	0	2
2025.05.01	07:00:00	1.13119	1.13142	1.13023	1.13024	1613	0	2
2025.05.01	08:00:00	1.13025	1.13065	1.12881	1.13000	2358	0	2
2025.05.01	09:00:00	1.13000	1.13125	1.12983	1.13023	2762	0	2
2025.05.01	10:00:00	1.13023	1.13106	1.12874	1.13100	2922	0	2
2025.05.01	11:00:00	1.13100	1.13308	1.13100	1.13197	2283	0	2
2025.05.01	12:00:00	1.13197	1.13248	1.13133	1.13142	1930	0	2
2025.05.01	13:00:00	1.13142	1.13341	1.13118	1.13320	1981	0	2
2025.05.01	14:00:00	1.13320	1.13410	1.13162	1.13202	2346	0	2
2025.05.01	15:00:00	1.13201	1.13387	1.13082	1.13154	3751	0	2
2025.05.01	16:00:00	1.13151	1.13276	1.13113	1.13183	3641	0	2
2025.05.01	17:00:00	1.13123	1.13187	1.12704	1.12815	4837	0	2
2025.05.01	18:00:00	1.12815	1.12901	1.12659	1.12793	3402	0	2
2025.05.01	19:00:00	1.12791	1.12921	1.12728	1.12905	2384	0	2
2025.05.01	20:00:00	1.12905	1.12913	1.12796	1.12829	1632	0	2
2025.05.01	21:00:00	1.12829	1.12933	1.12750	1.12853	2088	0	2
2025.05.01	22:00:00	1.12857	1.12922	1.12810	1.12884	1793	0	2
2025.05.01	23:00:00	1.12882	1.12937	1.12844	1.12927	1141	0	3
2025.05.02	00:00:00	1.12846	1.12881	1.12846	1.12858	283	0	23
2025.05.02	01:00:00	1.12858	1.12992	1.12858	1.12951	941	0	2
2025.05.02	02:00:00	1.12953	1.12972	1.12910	1.12957	1065	0	2
2025.05.02	03:00:00	1.12957	1.12992	1.12740	1.12822	2487	0	2
2025.05.02	04:00:00	1.12825	1.12956	1.12784	1.12956	2551	0	2
2025.05.02	05:00:00	1.12956	1.13032	1.12928	1.12940	1996	0	2
2025.05.02	06:00:00	1.12940	1.13153	1.12939	1.13127	1889	0	2
2025.05.02	07:00:00	1.13127	1.13138	1.13010	1.13039	2226	0	2
2025.05.02	08:00:00	1.13040	1.13141	1.13024	1.13077	1963	0	2
2025.05.02	09:00:00	1.13077	1.13290	1.13058	1.13257	3217	0	2
2025.05.02	10:00:00	1.13258	1.13378	1.13179	1.13282	2996	0	2
2025.05.02	11:00:00	1.13282	1.13347	1.13162	1.13311	2916	0	2
2025.05.02	12:00:00	1.13330	1.13548	1.13257	1.13501	3198	0	2
2025.05.02	13:00:00	1.13501	1.13519	1.13275	1.13311	2427	0	2
2025.05.02	14:00:00	1.13311	1.13499	1.13241	1.13464	2647	0	2
2025.05.02	15:00:00	1.13466	1.13473	1.13037	1.13189	5320	0	2
2025.05.02	16:00:00	1.13187	1.13797	1.13147	1.13725	5774	0	2
2025.05.02	17:00:00	1.13726	1.13808	1.13575	1.13684	4911	0	2
2025.05.02	18:00:00	1.13684	1.13684	1.13205	1.13290	3817	0	2
2025.05.02	19:00:00	1.13290	1.13388	1.13171	1.13198	3885	0	2
2025.05.02	20:00:00	1.13198	1.13202	1.12984	1.13040	2727	0	2
2025.05.02	21:00:00	1.13040	1.13085	1.12924	1.12997	2228	0	2
2025.05.02	22:00:00	1.12997	1.13088	1.12997	1.13044	1672	0	2
2025.05.02	23:00:00	1.13041	1.13051	1.12934	1.12984	877	0	3
2025.05.05	00:00:00	1.13006	1.13059	1.12901	1.12963	426	0	29
2025.05.05	01:00:00	1.12983	1.13147	1.12979	1.13057	1700	0	2
2025.05.05	02:00:00	1.13057	1.13279	1.13020	1.13210	1501	0	2
2025.05.05	03:00:00	1.13211	1.13239	1.13142	1.13223	2033	0	2
2025.05.05	04:00:00	1.13232	1.13397	1.13226	1.13348	2902	0	2
2025.05.05	05:00:00	1.13353	1.13467	1.13315	1.13423	2080	0	2
2025.05.05	06:00:00	1.13423	1.13424	1.13281	1.13321	1438	0	2
2025.05.05	07:00:00	1.13321	1.13389	1.13285	1.13374	1393	0	2
2025.05.05	08:00:00	1.13374	1.13474	1.13302	1.13334	2407	0	2
2025.05.05	09:00:00	1.13333	1.13367	1.13180	1.13260	3109	0	2
2025.05.05	10:00:00	1.13255	1.13308	1.13130	1.13130	2896	0	2
2025.05.05	11:00:00	1.13127	1.13327	1.13113	1.13260	3014	0	2
2025.05.05	12:00:00	1.13264	1.13439	1.13262	1.13412	2873	0	2
2025.05.05	13:00:00	1.13412	1.13456	1.13327	1.13447	2453	0	2
2025.05.05	14:00:00	1.13447	1.13572	1.13401	1.13425	2430	0	2
2025.05.05	15:00:00	1.13423	1.13633	1.13402	1.13598	3325	0	2
2025.05.05	16:00:00	1.13599	1.13648	1.13517	1.13520	3024	0	2
2025.05.05	17:00:00	1.13399	1.13526	1.13306	1.13387	4433	0	2
2025.05.05	18:00:00	1.13382	1.13411	1.13125	1.13142	2951	0	2
2025.05.05	19:00:00	1.13142	1.13142	1.12991	1.13022	2536	0	2
2025.05.05	20:00:00	1.13022	1.13111	1.12974	1.12999	1636	0	2
2025.05.05	21:00:00	1.12998	1.13154	1.12972	1.13130	1524	0	2
2025.05.05	22:00:00	1.13130	1.13209	1.13107	1.13148	1692	0	2
2025.05.05	23:00:00	1.13148	1.13201	1.13117	1.13135	685	0	3
2025.05.06	00:00:00	1.13126	1.13176	1.13126	1.13154	217	0	31
2025.05.06	01:00:00	1.13151	1.13198	1.13133	1.13145	632	0	2
2025.05.06	02:00:00	1.13146	1.13163	1.13099	1.13121	644	0	2
2025.05.06	03:00:00	1.13121	1.13122	1.12808	1.12861	2185	0	2
2025.05.06	04:00:00	1.12860	1.12966	1.12799	1.12936	2667	0	2
2025.05.06	05:00:00	1.12936	1.13139	1.12929	1.13071	2286	0	2
2025.05.06	06:00:00	1.13072	1.13173	1.13033	1.13151	1653	0	2
2025.05.06	07:00:00	1.13151	1.13275	1.13145	1.13245	1281	0	2
2025.05.06	08:00:00	1.13245	1.13255	1.13135	1.13183	1595	0	2
2025.05.06	09:00:00	1.13183	1.13354	1.13138	1.13261	2719	0	2
2025.05.06	10:00:00	1.13259	1.13478	1.13221	1.13390	3769	0	2
2025.05.06	11:00:00	1.13390	1.13494	1.13229	1.13271	3945	0	2
2025.05.06	12:00:00	1.13271	1.13298	1.13052	1.13117	3096	0	2
2025.05.06	13:00:00	1.13118	1.13275	1.13096	1.13258	2688	0	2
2025.05.06	14:00:00	1.13257	1.13349	1.13224	1.13271	2633	0	2
2025.05.06	15:00:00	1.13276	1.13437	1.13169	1.13403	2913	0	2
2025.05.06	16:00:00	1.13402	1.13574	1.13262	1.13530	3447	0	2
2025.05.06	17:00:00	1.13532	1.13695	1.13409	1.13412	4023	0	2
2025.05.06	18:00:00	1.13410	1.13498	1.13353	1.13435	2829	0	2
2025.05.06	19:00:00	1.13435	1.13556	1.13307	1.13486	2689	0	2
2025.05.06	20:00:00	1.13489	1.13703	1.13489	1.13643	2137	0	2
2025.05.06	21:00:00	1.13643	1.13723	1.13547	1.13716	1853	0	2
2025.05.06	22:00:00	1.13716	1.13811	1.13667	1.13726	1639	0	2
2025.05.06	23:00:00	1.13726	1.13795	1.13657	1.13724	1077	0	3
2025.05.07	00:00:00	1.13637	1.13725	1.13637	1.13703	393	0	27
2025.05.07	01:00:00	1.13703	1.13732	1.13261	1.13426	3008	0	2
2025.05.07	02:00:00	1.13427	1.13456	1.13333	1.13399	2132	0	2
2025.05.07	03:00:00	1.13399	1.13515	1.13253	1.13409	3667	0	2
2025.05.07	04:00:00	1.13409	1.13515	1.13262	1.13445	3792	0	2
2025.05.07	05:00:00	1.13447	1.13494	1.13355	1.13409	2829	0	2
2025.05.07	06:00:00	1.13409	1.13473	1.13365	1.13458	1846	0	2
2025.05.07	07:00:00	1.13458	1.13514	1.13428	1.13436	1435	0	2
2025.05.07	08:00:00	1.13435	1.13670	1.13429	1.13656	2064	0	2
2025.05.07	09:00:00	1.13653	1.13779	1.13596	1.13737	2863	0	2
2025.05.07	10:00:00	1.13727	1.13729	1.13550	1.13624	3161	0	2
2025.05.07	11:00:00	1.13625	1.13737	1.13539	1.13580	2870	0	2
2025.05.07	12:00:00	1.13578	1.13618	1.13472	1.13567	2610	0	2
2025.05.07	13:00:00	1.13567	1.13668	1.13559	1.13656	2113	0	2
2025.05.07	14:00:00	1.13656	1.13727	1.13562	1.13575	2120	0	2
2025.05.07	15:00:00	1.13575	1.13664	1.13557	1.13591	2646	0	2
2025.05.07	16:00:00	1.13591	1.13681	1.13530	1.13669	2894	0	2
2025.05.07	17:00:00	1.13669	1.13709	1.13544	1.13670	2877	0	2
2025.05.07	18:00:00	1.13667	1.13695	1.13415	1.13470	3024	0	2
2025.05.07	19:00:00	1.13470	1.13541	1.13370	1.13489	2224	0	2
2025.05.07	20:00:00	1.13488	1.13495	1.13349	1.13405	1780	0	2
2025.05.07	21:00:00	1.13405	1.13649	1.13203	1.13337	5699	0	3
2025.05.07	22:00:00	1.13338	1.13344	1.13007	1.13068	4715	0	2
2025.05.07	23:00:00	1.13068	1.13079	1.12915	1.13020	1268	0	3
2025.05.08	00:00:00	1.13032	1.13135	1.13027	1.13095	426	0	23
2025.05.08	01:00:00	1.13103	1.13103	1.12998	1.13013	1172	0	2
2025.05.08	02:00:00	1.13012	1.13102	1.13012	1.13028	980	0	2
2025.05.08	03:00:00	1.13030	1.13223	1.13020	1.13100	2159	0	2
2025.05.08	04:00:00	1.13100	1.13325	1.13082	1.13317	3231	0	2
2025.05.08	05:00:00	1.13317	1.13353	1.13225	1.13227	2387	0	2
2025.05.08	06:00:00	1.13227	1.13360	1.13226	1.13274	1639	0	2
2025.05.08	07:00:00	1.13274	1.13309	1.13178	1.13180	1356	0	2
2025.05.08	08:00:00	1.13180	1.13182	1.12967	1.13038	2364	0	2
2025.05.08	09:00:00	1.13034	1.13075	1.12766	1.12823	3578	0	2
2025.05.08	10:00:00	1.12826	1.12975	1.12702	1.12972	3380	0	2
2025.05.08	11:00:00	1.12972	1.13029	1.12835	1.12877	3207	0	2
2025.05.08	12:00:00	1.12877	1.12977	1.12828	1.12847	2706	0	2
2025.05.08	13:00:00	1.12847	1.12995	1.12753	1.12873	2309	0	2
2025.05.08	14:00:00	1.12873	1.13048	1.12853	1.12959	2854	0	2
2025.05.08	15:00:00	1.12959	1.13201	1.12927	1.12995	3717	0	2
2025.05.08	16:00:00	1.12996	1.13117	1.12953	1.13060	3822	0	2
2025.05.08	17:00:00	1.13063	1.13163	1.12758	1.12781	4242	0	2
2025.05.08	18:00:00	1.12781	1.12896	1.12344	1.12481	5023	0	2
2025.05.08	19:00:00	1.12485	1.12492	1.12204	1.12260	3886	0	2
2025.05.08	20:00:00	1.12260	1.12296	1.12124	1.12267	2615	0	2
2025.05.08	21:00:00	1.12267	1.12305	1.12196	1.12245	1854	0	2
2025.05.08	22:00:00	1.12245	1.12282	1.12120	1.12261	2359	0	2
2025.05.08	23:00:00	1.12260	1.12295	1.12197	1.12292	904	0	3
2025.05.09	00:00:00	1.12201	1.12269	1.12201	1.12269	228	0	23
2025.05.09	01:00:00	1.12281	1.12329	1.12263	1.12318	767	0	2
2025.05.09	02:00:00	1.12320	1.12324	1.12220	1.12268	1172	0	2
2025.05.09	03:00:00	1.12268	1.12333	1.12132	1.12269	2402	0	2
2025.05.09	04:00:00	1.12269	1.12291	1.12107	1.12120	2372	0	2
2025.05.09	05:00:00	1.12120	1.12194	1.11965	1.12184	2366	0	2
2025.05.09	06:00:00	1.12184	1.12276	1.12183	1.12226	2251	0	2
2025.05.09	07:00:00	1.12226	1.12296	1.12226	1.12278	1584	0	2
2025.05.09	08:00:00	1.12278	1.12365	1.12182	1.12356	2021	0	2
2025.05.09	09:00:00	1.12356	1.12473	1.12321	1.12402	2741	0	2
2025.05.09	10:00:00	1.12402	1.12582	1.12370	1.12511	3105	0	2
2025.05.09	11:00:00	1.12514	1.12593	1.12421	1.12563	2669	0	2
2025.05.09	12:00:00	1.12563	1.12597	1.12449	1.12461	2349	0	2
2025.05.09	13:00:00	1.12461	1.12512	1.12422	1.12457	2323	0	2
2025.05.09	14:00:00	1.12456	1.12600	1.12440	1.12542	2950	0	2
2025.05.09	15:00:00	1.12542	1.12566	1.12470	1.12539	2369	0	2
2025.05.09	16:00:00	1.12539	1.12681	1.12531	1.12583	2831	0	2
2025.05.09	17:00:00	1.12583	1.12927	1.12557	1.12675	3773	0	2
2025.05.09	18:00:00	1.12673	1.12730	1.12601	1.12696	3104	0	2
2025.05.09	19:00:00	1.12695	1.12751	1.12574	1.12585	2360	0	2
2025.05.09	20:00:00	1.12583	1.12651	1.12527	1.12619	1573	0	2
2025.05.09	21:00:00	1.12619	1.12662	1.12545	1.12588	1409	0	2
2025.05.09	22:00:00	1.12588	1.12599	1.12487	1.12571	1171	0	2
2025.05.09	23:00:00	1.12564	1.12573	1.12464	1.12474	641	0	3
2025.05.12	00:00:00	1.11979	1.12231	1.11919	1.12089	481	0	24
2025.05.12	01:00:00	1.12113	1.12315	1.12113	1.12253	2084	0	2
2025.05.12	02:00:00	1.12253	1.12362	1.12229	1.12279	1600	0	2
2025.05.12	03:00:00	1.12286	1.12391	1.12250	1.12386	2938	0	2
2025.05.12	04:00:00	1.12386	1.12427	1.12222	1.12258	3418	0	2
2025.05.12	05:00:00	1.12258	1.12378	1.12251	1.12284	2234	0	2
2025.05.12	06:00:00	1.12284	1.12341	1.12250	1.12331	1896	0	2
2025.05.12	07:00:00	1.12330	1.12346	1.12261	1.12274	1375	0	2
2025.05.12	08:00:00	1.12274	1.12300	1.12137	1.12220	1926	0	2
2025.05.12	09:00:00	1.12220	1.12359	1.12161	1.12177	3138	0	2
2025.05.12	10:00:00	1.12179	1.12189	1.10979	1.11050	9517	0	2
2025.05.12	11:00:00	1.11050	1.11453	1.10824	1.11375	6634	0	2
2025.05.12	12:00:00	1.11370	1.11418	1.11146	1.11185	4304	0	2
2025.05.12	13:00:00	1.11182	1.11183	1.10721	1.10795	5042	0	2
2025.05.12	14:00:00	1.10795	1.11175	1.10770	1.11111	4695	0	2
2025.05.12	15:00:00	1.11109	1.11262	1.11005	1.11134	4042	0	2
2025.05.12	16:00:00	1.11135	1.11345	1.11101	1.11188	4570	0	2
2025.05.12	17:00:00	1.11188	1.11341	1.11073	1.11116	5568	0	2
2025.05.12	18:00:00	1.11116	1.11237	1.11002	1.11049	3677	0	2
2025.05.12	19:00:00	1.11049	1.11109	1.10837	1.10846	2930	0	2
2025.05.12	20:00:00	1.10846	1.10884	1.10726	1.10790	2139	0	2
2025.05.12	21:00:00	1.10791	1.10912	1.10653	1.10895	2550	0	2
2025.05.12	22:00:00	1.10895	1.10967	1.10825	1.10922	1988	0	2
2025.05.12	23:00:00	1.10920	1.10945	1.10871	1.10873	918	0	3
2025.05.13	00:00:00	1.10877	1.10900	1.10846	1.10875	380	0	26
2025.05.13	01:00:00	1.10876	1.10947	1.10872	1.10936	1174	0	2
2025.05.13	02:00:00	1.10939	1.11000	1.10894	1.10957	1401	0	2
2025.05.13	03:00:00	1.10957	1.11065	1.10951	1.11045	2723	0	2
2025.05.13	04:00:00	1.11045	1.11091	1.10997	1.11065	3081	0	2
2025.05.13	05:00:00	1.11064	1.11113	1.10992	1.11028	2176	0	2
2025.05.13	06:00:00	1.11029	1.11168	1.10991	1.11164	1659	0	2
2025.05.13	07:00:00	1.11164	1.11170	1.11088	1.11168	1652	0	2
2025.05.13	08:00:00	1.11168	1.11194	1.11086	1.11104	1965	0	2
2025.05.13	09:00:00	1.11104	1.11185	1.11014	1.11112	3029	0	2
2025.05.13	10:00:00	1.11112	1.11243	1.11027	1.11159	3857	0	2
2025.05.13	11:00:00	1.11160	1.11177	1.11027	1.11118	2919	0	2
2025.05.13	12:00:00	1.11118	1.11154	1.11025	1.11070	2481	0	2
2025.05.13	13:00:00	1.11070	1.11095	1.10970	1.11046	2367	0	2
2025.05.13	14:00:00	1.11046	1.11120	1.11033	1.11068	1811	0	2
2025.05.13	15:00:00	1.11070	1.11313	1.11067	1.11307	4256	0	2
2025.05.13	16:00:00	1.11306	1.11486	1.11274	1.11355	4931	0	2
2025.05.13	17:00:00	1.11355	1.11642	1.11302	1.11614	4976	0	2
2025.05.13	18:00:00	1.11614	1.11777	1.11568	1.11751	3940	0	2
2025.05.13	19:00:00	1.11749	1.11830	1.11645	1.11757	2508	0	2
2025.05.13	20:00:00	1.11757	1.11797	1.11676	1.11769	1699	0	2
2025.05.13	21:00:00	1.11766	1.11859	1.11751	1.11849	1670	0	2
2025.05.13	22:00:00	1.11849	1.11916	1.11827	1.11896	1347	0	2
2025.05.13	23:00:00	1.11895	1.11945	1.11869	1.11873	957	0	3
2025.05.14	00:00:00	1.11853	1.11860	1.11802	1.11848	412	0	27
2025.05.14	01:00:00	1.11842	1.11972	1.11842	1.11971	815	0	2
2025.05.14	02:00:00	1.11971	1.11971	1.11848	1.11857	1104	0	2
2025.05.14	03:00:00	1.11857	1.11965	1.11822	1.11920	2321	0	2
2025.05.14	04:00:00	1.11920	1.11976	1.11835	1.11882	3270	0	2
2025.05.14	05:00:00	1.11884	1.11925	1.11829	1.11887	2393	0	2
2025.05.14	06:00:00	1.11887	1.11958	1.11844	1.11952	1758	0	2
2025.05.14	07:00:00	1.11952	1.12006	1.11877	1.11885	2016	0	2
2025.05.14	08:00:00	1.11885	1.11925	1.11846	1.11864	1791	0	2
2025.05.14	09:00:00	1.11864	1.11983	1.11801	1.11879	2897	0	2
2025.05.14	10:00:00	1.11879	1.12165	1.11812	1.12149	3684	0	2
2025.05.14	11:00:00	1.12149	1.12521	1.12125	1.12386	5874	0	2
2025.05.14	12:00:00	1.12394	1.12656	1.12311	1.12520	4581	0	2
2025.05.14	13:00:00	1.12520	1.12530	1.12271	1.12310	2823	0	2
2025.05.14	14:00:00	1.12310	1.12347	1.12133	1.12173	2724	0	2
2025.05.14	15:00:00	1.12173	1.12354	1.12094	1.12252	3852	0	2
2025.05.14	16:00:00	1.12252	1.12347	1.12102	1.12196	4644	0	2
2025.05.14	17:00:00	1.12200	1.12236	1.12027	1.12119	4703	0	2
2025.05.14	18:00:00	1.12119	1.12149	1.11975	1.12051	3993	0	2
2025.05.14	19:00:00	1.12053	1.12132	1.11757	1.11890	3758	0	3
2025.05.14	20:00:00	1.11888	1.11969	1.11813	1.11892	2361	0	3
2025.05.14	21:00:00	1.11892	1.11897	1.11722	1.11782	2147	0	2
2025.05.14	22:00:00	1.11778	1.11778	1.11655	1.11672	1857	0	2
2025.05.14	23:00:00	1.11672	1.11742	1.11644	1.11731	914	0	3
2025.05.15	00:00:00	1.11764	1.11788	1.11720	1.11765	330	0	23
2025.05.15	01:00:00	1.11765	1.11844	1.11765	1.11825	758	0	2
2025.05.15	02:00:00	1.11829	1.11880	1.11803	1.11814	1154	0	2
2025.05.15	03:00:00	1.11814	1.11943	1.11759	1.11918	2271	0	2
2025.05.15	04:00:00	1.11915	1.11996	1.11907	1.11933	2625	0	2
2025.05.15	05:00:00	1.11933	1.11964	1.11888	1.11948	1991	0	2
2025.05.15	06:00:00	1.11947	1.12013	1.11923	1.11967	1638	0	2
2025.05.15	07:00:00	1.11968	1.11998	1.11917	1.11928	1470	0	2
2025.05.15	08:00:00	1.11928	1.11991	1.11855	1.11931	2104	0	2
2025.05.15	09:00:00	1.11931	1.12275	1.11896	1.12273	3168	0	2
2025.05.15	10:00:00	1.12271	1.12278	1.11916	1.11973	3599	0	2
2025.05.15	11:00:00	1.11972	1.12113	1.11923	1.12101	2657	0	2
2025.05.15	12:00:00	1.12102	1.12129	1.12006	1.12022	2181	0	2
2025.05.15	13:00:00	1.12022	1.12114	1.11980	1.11998	2294	0	2
2025.05.15	14:00:00	1.12002	1.12029	1.11785	1.11830	2466	0	2
2025.05.15	15:00:00	1.11830	1.12139	1.11823	1.12098	4372	0	2
2025.05.15	16:00:00	1.12098	1.12238	1.11949	1.12006	4971	0	2
2025.05.15	17:00:00	1.12006	1.12109	1.11757	1.11863	4856	0	2
2025.05.15	18:00:00	1.11864	1.11968	1.11727	1.11880	3329	0	2
2025.05.15	19:00:00	1.11879	1.11906	1.11726	1.11808	2145	0	2
2025.05.15	20:00:00	1.11808	1.11892	1.11703	1.11711	2025	0	2
2025.05.15	21:00:00	1.11711	1.11795	1.11709	1.11770	1527	0	2
2025.05.15	22:00:00	1.11770	1.11863	1.11726	1.11836	1448	0	2
2025.05.15	23:00:00	1.11836	1.11874	1.11819	1.11854	759	0	3
2025.05.16	00:00:00	1.11838	1.11895	1.11784	1.11876	431	0	24
2025.05.16	01:00:00	1.11876	1.11931	1.11854	1.11921	827	0	2
2025.05.16	02:00:00	1.11920	1.11939	1.11895	1.11919	881	0	2
2025.05.16	03:00:00	1.11919	1.12083	1.11904	1.12048	2502	0	2
2025.05.16	04:00:00	1.12048	1.12087	1.11983	1.12033	1786	0	2
2025.05.16	05:00:00	1.12031	1.12084	1.11993	1.12022	1985	0	2
2025.05.16	06:00:00	1.12022	1.12058	1.11988	1.12005	1656	0	2
2025.05.16	07:00:00	1.12005	1.12045	1.11962	1.12030	1430	0	2
2025.05.16	08:00:00	1.12032	1.12188	1.12011	1.12155	1915	0	2
2025.05.16	09:00:00	1.12156	1.12195	1.12071	1.12122	2555	0	2
2025.05.16	10:00:00	1.12122	1.12173	1.12060	1.12088	3016	0	2
2025.05.16	11:00:00	1.12089	1.12092	1.11971	1.11990	2561	0	2
2025.05.16	12:00:00	1.11989	1.12087	1.11916	1.11944	2425	0	2
2025.05.16	13:00:00	1.11944	1.12001	1.11882	1.11995	2194	0	2
2025.05.16	14:00:00	1.11999	1.12081	1.11902	1.11942	2443	0	2
2025.05.16	15:00:00	1.11942	1.11988	1.11909	1.11971	2492	0	2
2025.05.16	16:00:00	1.11971	1.12056	1.11881	1.11993	3086	0	2
2025.05.16	17:00:00	1.11996	1.12017	1.11518	1.11549	5096	0	2
2025.05.16	18:00:00	1.11546	1.11586	1.11400	1.11402	3072	0	2
2025.05.16	19:00:00	1.11402	1.11476	1.11311	1.11450	2447	0	2
2025.05.16	20:00:00	1.11451	1.11477	1.11394	1.11449	1423	0	2
2025.05.16	21:00:00	1.11449	1.11550	1.11431	1.11525	1491	0	2
2025.05.16	22:00:00	1.11525	1.11584	1.11479	1.11492	1488	0	2
2025.05.16	23:00:00	1.11492	1.11615	1.11443	1.11602	1160	0	3
2025.05.19	00:00:00	1.11732	1.11822	1.11683	1.11695	723	0	23
2025.05.19	01:00:00	1.11711	1.11942	1.11699	1.11902	1769	0	2
2025.05.19	02:00:00	1.11903	1.11940	1.11816	1.11890	1393	0	2
2025.05.19	03:00:00	1.11890	1.11986	1.11800	1.11973	2950	0	2
2025.05.19	04:00:00	1.11973	1.11990	1.11731	1.11760	2884	0	2
2025.05.19	05:00:00	1.11761	1.11883	1.11723	1.11822	2205	0	2
2025.05.19	06:00:00	1.11822	1.11853	1.11784	1.11811	1590	0	2
2025.05.19	07:00:00	1.11811	1.11873	1.11770	1.11839	1274	0	2
2025.05.19	08:00:00	1.11839	1.11881	1.11763	1.11850	1787	0	2
2025.05.19	09:00:00	1.11849	1.12122	1.11817	1.12092	3313	0	2
2025.05.19	10:00:00	1.12091	1.12449	1.12056	1.12381	4271	0	2
2025.05.19	11:00:00	1.12387	1.12592	1.12358	1.12573	3557	0	2
2025.05.19	12:00:00	1.12577	1.12805	1.12551	1.12798	4102	0	2
2025.05.19	13:00:00	1.12799	1.12882	1.12686	1.12782	3334	0	2
2025.05.19	14:00:00	1.12782	1.12797	1.12618	1.12727	2982	0	2
2025.05.19	15:00:00	1.12727	1.12733	1.12565	1.12568	2920	0	2
2025.05.19	16:00:00	1.12570	1.12652	1.12472	1.12510	4346	0	2
2025.05.19	17:00:00	1.12513	1.12577	1.12415	1.12537	3747	0	2
2025.05.19	18:00:00	1.12537	1.12597	1.12336	1.12361	3245	0	2
2025.05.19	19:00:00	1.12362	1.12395	1.12289	1.12353	2095	0	2
2025.05.19	20:00:00	1.12353	1.12386	1.12241	1.12301	1621	0	2
2025.05.19	21:00:00	1.12302	1.12368	1.12246	1.12349	1466	0	2
2025.05.19	22:00:00	1.12349	1.12419	1.12329	1.12401	972	0	2
2025.05.19	23:00:00	1.12398	1.12447	1.12389	1.12428	779	0	3
2025.05.20	00:00:00	1.12347	1.12429	1.12347	1.12420	327	0	23
2025.05.20	01:00:00	1.12428	1.12433	1.12349	1.12351	683	0	2
2025.05.20	02:00:00	1.12352	1.12362	1.12315	1.12323	723	0	2
2025.05.20	03:00:00	1.12323	1.12323	1.12178	1.12279	1952	0	2
2025.05.20	04:00:00	1.12279	1.12512	1.12279	1.12383	2603	0	2
2025.05.20	05:00:00	1.12383	1.12462	1.12259	1.12321	1821	0	2
2025.05.20	06:00:00	1.12321	1.12473	1.12294	1.12449	1950	0	2
2025.05.20	07:00:00	1.12447	1.12504	1.12404	1.12421	1842	0	2
2025.05.20	08:00:00	1.12416	1.12584	1.12416	1.12545	3011	0	2
2025.05.20	09:00:00	1.12545	1.12626	1.12507	1.12574	3188	0	2
2025.05.20	10:00:00	1.12569	1.12777	1.12529	1.12763	3627	0	2
2025.05.20	11:00:00	1.12760	1.12761	1.12474	1.12583	2984	0	2
2025.05.20	12:00:00	1.12583	1.12671	1.12499	1.12554	2701	0	2
2025.05.20	13:00:00	1.12553	1.12579	1.12430	1.12444	2318	0	2
2025.05.20	14:00:00	1.12444	1.12517	1.12439	1.12457	2295	0	2
2025.05.20	15:00:00	1.12457	1.12472	1.12237	1.12344	2996	0	2
2025.05.20	16:00:00	1.12344	1.12496	1.12248	1.12458	3959	0	2
2025.05.20	17:00:00	1.12458	1.12691	1.12456	1.12684	4624	0	2
2025.05.20	18:00:00	1.12685	1.12698	1.12496	1.12531	2983	0	2
2025.05.20	19:00:00	1.12530	1.12578	1.12452	1.12567	2050	0	2
2025.05.20	20:00:00	1.12567	1.12775	1.12547	1.12738	1763	0	2
2025.05.20	21:00:00	1.12738	1.12803	1.12711	1.12724	1990	0	2
2025.05.20	22:00:00	1.12724	1.12824	1.12718	1.12804	1393	0	2
2025.05.20	23:00:00	1.12808	1.12848	1.12782	1.12833	766	0	3
2025.05.21	00:00:00	1.12822	1.12837	1.12780	1.12816	520	0	23
2025.05.21	01:00:00	1.12815	1.12864	1.12802	1.12807	1396	0	2
2025.05.21	02:00:00	1.12807	1.12899	1.12805	1.12882	1096	0	2
2025.05.21	03:00:00	1.12882	1.13014	1.12875	1.12954	2405	0	2
2025.05.21	04:00:00	1.12954	1.13026	1.12869	1.12984	2442	0	2
2025.05.21	05:00:00	1.12984	1.13258	1.12973	1.13218	3185	0	2
2025.05.21	06:00:00	1.13217	1.13396	1.13190	1.13340	2328	0	2
2025.05.21	07:00:00	1.13335	1.13367	1.13255	1.13290	1929	0	2
2025.05.21	08:00:00	1.13290	1.13379	1.13266	1.13320	2451	0	2
2025.05.21	09:00:00	1.13320	1.13530	1.13222	1.13327	4165	0	2
2025.05.21	10:00:00	1.13318	1.13339	1.13143	1.13233	3879	0	2
2025.05.21	11:00:00	1.13233	1.13338	1.13122	1.13224	3017	0	2
2025.05.21	12:00:00	1.13224	1.13348	1.13148	1.13348	2528	0	2
2025.05.21	13:00:00	1.13348	1.13618	1.13315	1.13388	3670	0	2
2025.05.21	14:00:00	1.13387	1.13446	1.13191	1.13237	2798	0	2
2025.05.21	15:00:00	1.13238	1.13348	1.13174	1.13346	3690	0	2
2025.05.21	16:00:00	1.13347	1.13388	1.13232	1.13369	3989	0	2
2025.05.21	17:00:00	1.13368	1.13542	1.13323	1.13407	4450	0	2
2025.05.21	18:00:00	1.13407	1.13483	1.13324	1.13426	3313	0	2
2025.05.21	19:00:00	1.13426	1.13520	1.13390	1.13403	2041	0	2
2025.05.21	20:00:00	1.13403	1.13628	1.13376	1.13481	3872	0	2
2025.05.21	21:00:00	1.13480	1.13488	1.13317	1.13332	2346	0	2
2025.05.21	22:00:00	1.13331	1.13392	1.13183	1.13189	2449	0	2
2025.05.21	23:00:00	1.13188	1.13314	1.13155	1.13299	1009	0	3
2025.05.22	00:00:00	1.13228	1.13285	1.13228	1.13260	356	0	39
2025.05.22	01:00:00	1.13260	1.13297	1.13151	1.13152	1895	0	2
2025.05.22	02:00:00	1.13152	1.13324	1.13111	1.13319	1637	0	2
2025.05.22	03:00:00	1.13321	1.13434	1.13260	1.13272	3536	0	2
2025.05.22	04:00:00	1.13272	1.13406	1.13172	1.13378	3329	0	2
2025.05.22	05:00:00	1.13375	1.13448	1.13284	1.13387	3037	0	2
2025.05.22	06:00:00	1.13389	1.13420	1.13307	1.13331	2300	0	2
2025.05.22	07:00:00	1.13325	1.13344	1.13246	1.13330	2075	0	2
2025.05.22	08:00:00	1.13332	1.13351	1.13249	1.13335	2341	0	2
2025.05.22	09:00:00	1.13334	1.13420	1.13174	1.13224	3663	0	2
2025.05.22	10:00:00	1.13224	1.13246	1.12952	1.13210	4647	0	2
2025.05.22	11:00:00	1.13199	1.13347	1.13012	1.13018	4393	0	2
2025.05.22	12:00:00	1.13018	1.13033	1.12910	1.12942	3580	0	2
2025.05.22	13:00:00	1.12942	1.12996	1.12903	1.12920	2618	0	2
2025.05.22	14:00:00	1.12920	1.13129	1.12919	1.13085	2992	0	2
2025.05.22	15:00:00	1.13088	1.13149	1.12847	1.12950	4097	0	2
2025.05.22	16:00:00	1.12951	1.13089	1.12816	1.12833	4698	0	2
2025.05.22	17:00:00	1.12832	1.12978	1.12749	1.12771	4978	0	2
2025.05.22	18:00:00	1.12774	1.12883	1.12659	1.12805	3711	0	2
2025.05.22	19:00:00	1.12803	1.12878	1.12683	1.12693	2730	0	2
2025.05.22	20:00:00	1.12695	1.12708	1.12558	1.12679	2765	0	2
2025.05.22	21:00:00	1.12679	1.12806	1.12674	1.12780	1513	0	2
2025.05.22	22:00:00	1.12780	1.12856	1.12779	1.12785	1610	0	2
2025.05.22	23:00:00	1.12786	1.12835	1.12774	1.12800	909	0	3
2025.05.23	00:00:00	1.12764	1.12807	1.12764	1.12795	256	0	23
2025.05.23	01:00:00	1.12794	1.12872	1.12794	1.12862	1144	0	2
2025.05.23	02:00:00	1.12863	1.12889	1.12810	1.12822	976	0	2
2025.05.23	03:00:00	1.12820	1.12997	1.12789	1.12970	2467	0	2
2025.05.23	04:00:00	1.12970	1.13186	1.12951	1.13139	2749	0	2
2025.05.23	05:00:00	1.13143	1.13179	1.13081	1.13147	1905	0	2
2025.05.23	06:00:00	1.13148	1.13174	1.13110	1.13114	1569	0	2
2025.05.23	07:00:00	1.13115	1.13208	1.13076	1.13179	1567	0	2
2025.05.23	08:00:00	1.13179	1.13258	1.13082	1.13226	1854	0	2
2025.05.23	09:00:00	1.13228	1.13267	1.13101	1.13122	2660	0	2
2025.05.23	10:00:00	1.13122	1.13440	1.13093	1.13394	3274	0	2
2025.05.23	11:00:00	1.13394	1.13446	1.13327	1.13420	2386	0	2
2025.05.23	12:00:00	1.13420	1.13539	1.13384	1.13491	2689	0	2
2025.05.23	13:00:00	1.13495	1.13578	1.13444	1.13489	2378	0	2
2025.05.23	14:00:00	1.13489	1.13755	1.12981	1.13214	6671	0	2
2025.05.23	15:00:00	1.13214	1.13498	1.12974	1.13335	7299	0	2
2025.05.23	16:00:00	1.13334	1.13380	1.13132	1.13143	5049	0	2
2025.05.23	17:00:00	1.13143	1.13462	1.13108	1.13450	4324	0	2
2025.05.23	18:00:00	1.13449	1.13594	1.13316	1.13492	3404	0	2
2025.05.23	19:00:00	1.13492	1.13596	1.13410	1.13582	2365	0	2
2025.05.23	20:00:00	1.13582	1.13672	1.13516	1.13606	1679	0	2
2025.05.23	21:00:00	1.13606	1.13693	1.13556	1.13593	2006	0	2
2025.05.23	22:00:00	1.13595	1.13656	1.13554	1.13635	1371	0	2
2025.05.23	23:00:00	1.13630	1.13681	1.13590	1.13639	1116	0	3
2025.05.26	00:00:00	1.13638	1.13675	1.13603	1.13673	337	0	23
2025.05.26	01:00:00	1.13681	1.13795	1.13622	1.13739	2796	0	2
2025.05.26	02:00:00	1.13742	1.13817	1.13698	1.13748	1710	0	2
2025.05.26	03:00:00	1.13748	1.13976	1.13747	1.13969	3081	0	2
2025.05.26	04:00:00	1.13968	1.14157	1.13880	1.14125	2979	0	2
2025.05.26	05:00:00	1.14125	1.14187	1.14080	1.14094	2929	0	2
2025.05.26	06:00:00	1.14095	1.14125	1.14050	1.14115	2142	0	2
2025.05.26	07:00:00	1.14114	1.14132	1.14033	1.14093	1810	0	2
2025.05.26	08:00:00	1.14092	1.14185	1.14004	1.14172	2188	0	2
2025.05.26	09:00:00	1.14172	1.14182	1.14080	1.14089	2718	0	2
2025.05.26	10:00:00	1.14084	1.14125	1.13883	1.13891	3066	0	2
2025.05.26	11:00:00	1.13893	1.13954	1.13829	1.13845	2225	0	2
2025.05.26	12:00:00	1.13846	1.13856	1.13759	1.13791	1788	0	2
2025.05.26	13:00:00	1.13790	1.13862	1.13764	1.13842	1526	0	2
2025.05.26	14:00:00	1.13842	1.13868	1.13741	1.13769	1364	0	2
2025.05.26	15:00:00	1.13770	1.13823	1.13689	1.13752	1573	0	2
2025.05.26	16:00:00	1.13752	1.13835	1.13732	1.13817	1459	0	2
2025.05.26	17:00:00	1.13817	1.13847	1.13767	1.13842	1806	0	2
2025.05.26	18:00:00	1.13843	1.13855	1.13772	1.13813	1267	0	2
2025.05.26	19:00:00	1.13813	1.13833	1.13759	1.13833	768	0	2
2025.05.26	20:00:00	1.13834	1.13838	1.13785	1.13807	419	0	2
2025.05.26	21:00:00	1.13802	1.13832	1.13800	1.13809	423	0	2
2025.05.26	22:00:00	1.13808	1.13854	1.13804	1.13853	351	0	2
2025.05.26	23:00:00	1.13853	1.13878	1.13838	1.13868	386	0	3
2025.05.27	00:00:00	1.13816	1.13854	1.13797	1.13843	261	0	36
2025.05.27	01:00:00	1.13843	1.13946	1.13838	1.13903	1021	0	2
2025.05.27	02:00:00	1.13903	1.13912	1.13870	1.13884	926	0	2
2025.05.27	03:00:00	1.13884	1.14029	1.13879	1.14000	2181	0	2
2025.05.27	04:00:00	1.13999	1.14071	1.13911	1.13949	2216	0	2
2025.05.27	05:00:00	1.13950	1.14030	1.13906	1.13926	1678	0	2
2025.05.27	06:00:00	1.13925	1.14009	1.13901	1.13936	1299	0	2
2025.05.27	07:00:00	1.13936	1.13978	1.13777	1.13783	1753	0	2
2025.05.27	08:00:00	1.13788	1.13794	1.13670	1.13787	2865	0	2
2025.05.27	09:00:00	1.13785	1.13929	1.13642	1.13651	3403	0	2
2025.05.27	10:00:00	1.13649	1.13711	1.13370	1.13408	4077	0	2
2025.05.27	11:00:00	1.13408	1.13576	1.13388	1.13488	2933	0	2
2025.05.27	12:00:00	1.13485	1.13579	1.13447	1.13483	2881	0	2
2025.05.27	13:00:00	1.13483	1.13518	1.13407	1.13437	2631	0	2
2025.05.27	14:00:00	1.13437	1.13543	1.13411	1.13509	2345	0	2
2025.05.27	15:00:00	1.13509	1.13677	1.13509	1.13666	2676	0	2
2025.05.27	16:00:00	1.13666	1.13753	1.13556	1.13583	3370	0	2
2025.05.27	17:00:00	1.13589	1.13612	1.13381	1.13411	4332	0	2
2025.05.27	18:00:00	1.13412	1.13412	1.13233	1.13255	3090	0	2
2025.05.27	19:00:00	1.13255	1.13352	1.13233	1.13316	2029	0	2
2025.05.27	20:00:00	1.13315	1.13370	1.13301	1.13328	1613	0	2
2025.05.27	21:00:00	1.13328	1.13387	1.13284	1.13372	1322	0	2
2025.05.27	22:00:00	1.13369	1.13387	1.13299	1.13308	1275	0	2
2025.05.27	23:00:00	1.13308	1.13324	1.13264	1.13291	1066	0	3
2025.05.28	00:00:00	1.13258	1.13311	1.13252	1.13287	640	0	23
2025.05.28	01:00:00	1.13291	1.13371	1.13280	1.13365	699	0	2
2025.05.28	02:00:00	1.13365	1.13379	1.13313	1.13367	916	0	2
2025.05.28	03:00:00	1.13373	1.13451	1.13341	1.13343	1930	0	2
2025.05.28	04:00:00	1.13343	1.13388	1.13152	1.13175	3026	0	2
2025.05.28	05:00:00	1.13171	1.13255	1.13006	1.13052	2753	0	2
2025.05.28	06:00:00	1.13055	1.13129	1.13005	1.13073	2596	0	2
2025.05.28	07:00:00	1.13073	1.13106	1.13025	1.13060	1925	0	2
2025.05.28	08:00:00	1.13060	1.13148	1.12954	1.13147	2478	0	2
2025.05.28	09:00:00	1.13147	1.13168	1.13036	1.13044	2974	0	2
2025.05.28	10:00:00	1.13044	1.13309	1.13029	1.13266	3027	0	2
2025.05.28	11:00:00	1.13266	1.13342	1.13181	1.13321	2671	0	2
2025.05.28	12:00:00	1.13321	1.13403	1.13280	1.13334	2505	0	2
2025.05.28	13:00:00	1.13334	1.13406	1.13240	1.13257	2394	0	2
2025.05.28	14:00:00	1.13259	1.13286	1.13164	1.13177	2380	0	2
2025.05.28	15:00:00	1.13177	1.13245	1.13074	1.13109	2945	0	2
2025.05.28	16:00:00	1.13110	1.13136	1.12968	1.13087	4003	0	2
2025.05.28	17:00:00	1.13094	1.13246	1.13009	1.13021	4668	0	2
2025.05.28	18:00:00	1.13023	1.13083	1.12838	1.12846	3565	0	2
2025.05.28	19:00:00	1.12845	1.12966	1.12840	1.12940	1907	0	2
2025.05.28	20:00:00	1.12940	1.13007	1.12906	1.12914	1791	0	2
2025.05.28	21:00:00	1.12914	1.12980	1.12843	1.12935	1908	0	2
2025.05.28	22:00:00	1.12935	1.12956	1.12876	1.12895	1428	0	2
2025.05.28	23:00:00	1.12895	1.12956	1.12891	1.12930	1121	0	3
2025.05.29	00:00:00	1.12912	1.12947	1.12904	1.12936	441	0	24
2025.05.29	01:00:00	1.12929	1.12971	1.12905	1.12917	874	0	2
2025.05.29	02:00:00	1.12919	1.12923	1.12101	1.12296	4859	0	2
2025.05.29	03:00:00	1.12293	1.12509	1.12232	1.12347	5404	0	2
2025.05.29	04:00:00	1.12345	1.12532	1.12234	1.12519	3999	0	2
2025.05.29	05:00:00	1.12519	1.12570	1.12415	1.12458	2888	0	2
2025.05.29	06:00:00	1.12458	1.12563	1.12426	1.12484	2217	0	2
2025.05.29	07:00:00	1.12484	1.12548	1.12440	1.12477	1843	0	2
2025.05.29	08:00:00	1.12477	1.12506	1.12310	1.12437	2564	0	2
2025.05.29	09:00:00	1.12437	1.12738	1.12423	1.12713	3759	0	2
2025.05.29	10:00:00	1.12713	1.12826	1.12712	1.12755	3566	0	2
2025.05.29	11:00:00	1.12754	1.12790	1.12618	1.12718	2733	0	2
2025.05.29	12:00:00	1.12718	1.12838	1.12716	1.12779	2278	0	2
2025.05.29	13:00:00	1.12778	1.12914	1.12766	1.12863	2432	0	2
2025.05.29	14:00:00	1.12863	1.12908	1.12679	1.12710	2565	0	2
2025.05.29	15:00:00	1.12710	1.13497	1.12710	1.13493	5462	0	2
2025.05.29	16:00:00	1.13493	1.13597	1.13393	1.13512	5029	0	2
2025.05.29	17:00:00	1.13515	1.13693	1.13429	1.13500	4373	0	2
2025.05.29	18:00:00	1.13500	1.13706	1.13488	1.13699	3374	0	2
2025.05.29	19:00:00	1.13697	1.13799	1.13671	1.13714	2337	0	2
2025.05.29	20:00:00	1.13714	1.13843	1.13617	1.13769	1985	0	2
2025.05.29	21:00:00	1.13769	1.13843	1.13742	1.13751	1643	0	2
2025.05.29	22:00:00	1.13749	1.13783	1.13661	1.13667	1586	0	2
2025.05.29	23:00:00	1.13670	1.13699	1.13607	1.13685	785	0	3
2025.05.30	00:00:00	1.13660	1.13712	1.13658	1.13667	716	0	23
2025.05.30	01:00:00	1.13667	1.13770	1.13667	1.13709	1293	0	2
2025.05.30	02:00:00	1.13713	1.13793	1.13693	1.13768	1182	0	2
2025.05.30	03:00:00	1.13770	1.13847	1.13642	1.13725	2614	0	2
2025.05.30	04:00:00	1.13725	1.13898	1.13523	1.13547	3320	0	2
2025.05.30	05:00:00	1.13547	1.13590	1.13484	1.13494	2070	0	2
2025.05.30	06:00:00	1.13494	1.13570	1.13458	1.13494	1747	0	2
2025.05.30	07:00:00	1.13494	1.13535	1.13456	1.13460	1723	0	2
2025.05.30	08:00:00	1.13460	1.13544	1.13429	1.13510	1675	0	2
2025.05.30	09:00:00	1.13511	1.13519	1.13360	1.13464	2704	0	2
2025.05.30	10:00:00	1.13463	1.13479	1.13278	1.13379	3763	0	2
2025.05.30	11:00:00	1.13380	1.13446	1.13234	1.13239	3103	0	2
2025.05.30	12:00:00	1.13239	1.13321	1.13233	1.13254	2486	0	2
2025.05.30	13:00:00	1.13255	1.13347	1.13247	1.13274	2199	0	2
2025.05.30	14:00:00	1.13274	1.13386	1.13231	1.13381	2234	0	2
2025.05.30	15:00:00	1.13382	1.13585	1.13345	1.13460	4968	0	2
2025.05.30	16:00:00	1.13460	1.13477	1.13125	1.13161	4206	0	2
2025.05.30	17:00:00	1.13155	1.13545	1.13139	1.13520	5579	0	2
2025.05.30	18:00:00	1.13521	1.13585	1.13436	1.13463	4391	0	2
2025.05.30	19:00:00	1.13462	1.13550	1.13434	1.13503	2782	0	2
2025.05.30	20:00:00	1.13503	1.13671	1.13497	1.13571	2001	0	2
2025.05.30	21:00:00	1.13571	1.13650	1.13548	1.13585	2326	0	2
2025.05.30	22:00:00	1.13584	1.13606	1.13494	1.13564	1712	0	2
2025.05.30	23:00:00	1.13564	1.13564	1.13447	1.13467	783	0	3
2025.06.02	00:00:00	1.13453	1.13523	1.13442	1.13457	351	0	23
2025.06.02	01:00:00	1.13457	1.13577	1.13445	1.13550	1733	0	2
2025.06.02	02:00:00	1.13553	1.13603	1.13509	1.13531	1541	0	2
2025.06.02	03:00:00	1.13530	1.13746	1.13527	1.13686	2684	0	2
2025.06.02	04:00:00	1.13686	1.13820	1.13676	1.13701	2909	0	2
2025.06.02	05:00:00	1.13702	1.13734	1.13618	1.13645	2035	0	2
2025.06.02	06:00:00	1.13644	1.13659	1.13543	1.13618	1900	0	2
2025.06.02	07:00:00	1.13619	1.13669	1.13599	1.13653	1839	0	2
2025.06.02	08:00:00	1.13653	1.13804	1.13637	1.13794	2080	0	2
2025.06.02	09:00:00	1.13794	1.14066	1.13784	1.14012	2748	0	2
2025.06.02	10:00:00	1.14013	1.14367	1.13988	1.14236	3620	0	2
2025.06.02	11:00:00	1.14236	1.14275	1.14125	1.14201	3066	0	2
2025.06.02	12:00:00	1.14201	1.14369	1.14192	1.14233	3119	0	2
2025.06.02	13:00:00	1.14233	1.14282	1.14131	1.14152	2604	0	2
2025.06.02	14:00:00	1.14152	1.14266	1.14090	1.14142	2539	0	2
2025.06.02	15:00:00	1.14141	1.14289	1.14112	1.14182	2723	0	2
2025.06.02	16:00:00	1.14182	1.14225	1.14043	1.14193	3552	0	2
2025.06.02	17:00:00	1.14246	1.14497	1.14221	1.14347	5043	0	2
2025.06.02	18:00:00	1.14347	1.14388	1.14242	1.14306	3415	0	2
2025.06.02	19:00:00	1.14305	1.14318	1.14117	1.14185	2268	0	2
2025.06.02	20:00:00	1.14182	1.14260	1.14163	1.14225	1909	0	2
2025.06.02	21:00:00	1.14225	1.14426	1.14188	1.14413	1928	0	2
2025.06.02	22:00:00	1.14413	1.14455	1.14336	1.14451	1522	0	2
2025.06.02	23:00:00	1.14451	1.14461	1.14396	1.14419	715	0	3
2025.06.03	00:00:00	1.14370	1.14407	1.14345	1.14391	583	0	23
2025.06.03	01:00:00	1.14400	1.14458	1.14381	1.14453	846	0	2
2025.06.03	02:00:00	1.14453	1.14538	1.14447	1.14530	1045	0	2
2025.06.03	03:00:00	1.14529	1.14545	1.14388	1.14433	2010	0	2
2025.06.03	04:00:00	1.14433	1.14433	1.14266	1.14278	2752	0	2
2025.06.03	05:00:00	1.14278	1.14304	1.14186	1.14254	2096	0	2
2025.06.03	06:00:00	1.14254	1.14274	1.14160	1.14200	1830	0	2
2025.06.03	07:00:00	1.14199	1.14255	1.14171	1.14253	1556	0	2
2025.06.03	08:00:00	1.14253	1.14276	1.14120	1.14221	2006	0	2
2025.06.03	09:00:00	1.14221	1.14311	1.14154	1.14288	2691	0	2
2025.06.03	10:00:00	1.14287	1.14322	1.14142	1.14157	3020	0	2
2025.06.03	11:00:00	1.14156	1.14184	1.14054	1.14115	2620	0	2
2025.06.03	12:00:00	1.14115	1.14180	1.14016	1.14117	2508	0	2
2025.06.03	13:00:00	1.14116	1.14125	1.13962	1.13979	2314	0	2
2025.06.03	14:00:00	1.13978	1.13991	1.13862	1.13904	2464	0	2
2025.06.03	15:00:00	1.13908	1.13939	1.13771	1.13819	2585	0	2
2025.06.03	16:00:00	1.13821	1.13949	1.13771	1.13874	3432	0	2
2025.06.03	17:00:00	1.13869	1.13932	1.13641	1.13919	4834	0	2
2025.06.03	18:00:00	1.13919	1.13930	1.13708	1.13720	3010	0	2
2025.06.03	19:00:00	1.13720	1.13833	1.13675	1.13733	2059	0	2
2025.06.03	20:00:00	1.13733	1.13817	1.13728	1.13779	1378	0	2
2025.06.03	21:00:00	1.13779	1.13779	1.13691	1.13748	1365	0	2
2025.06.03	22:00:00	1.13748	1.13764	1.13677	1.13687	978	0	2
2025.06.03	23:00:00	1.13687	1.13740	1.13681	1.13716	496	0	3
2025.06.04	00:00:00	1.13695	1.13756	1.13684	1.13745	605	0	23
2025.06.04	01:00:00	1.13748	1.13751	1.13708	1.13743	753	0	2
2025.06.04	02:00:00	1.13743	1.13861	1.13743	1.13840	1081	0	2
2025.06.04	03:00:00	1.13839	1.13891	1.13783	1.13825	2551	0	2
2025.06.04	04:00:00	1.13825	1.13931	1.13713	1.13855	3011	0	2
2025.06.04	05:00:00	1.13854	1.13878	1.13735	1.13758	1931	0	2
2025.06.04	06:00:00	1.13758	1.13808	1.13656	1.13677	1725	0	2
2025.06.04	07:00:00	1.13676	1.13790	1.13648	1.13667	1975	0	2
2025.06.04	08:00:00	1.13667	1.13717	1.13571	1.13623	2406	0	2
2025.06.04	09:00:00	1.13623	1.13782	1.13574	1.13779	3014	0	2
2025.06.04	10:00:00	1.13780	1.13968	1.13756	1.13866	2858	0	2
2025.06.04	11:00:00	1.13865	1.14038	1.13828	1.13994	2467	0	2
2025.06.04	12:00:00	1.13994	1.13994	1.13815	1.13829	2200	0	2
2025.06.04	13:00:00	1.13829	1.13855	1.13749	1.13822	2209	0	2
2025.06.04	14:00:00	1.13822	1.13874	1.13770	1.13792	1905	0	2
2025.06.04	15:00:00	1.13792	1.14110	1.13792	1.14092	4362	0	2
2025.06.04	16:00:00	1.14094	1.14134	1.13928	1.13971	3550	0	2
2025.06.04	17:00:00	1.14016	1.14343	1.14016	1.14329	4657	0	2
2025.06.04	18:00:00	1.14325	1.14337	1.14170	1.14234	3234	0	2
2025.06.04	19:00:00	1.14234	1.14343	1.14194	1.14330	2141	0	2
2025.06.04	20:00:00	1.14330	1.14335	1.14234	1.14249	1474	0	2
2025.06.04	21:00:00	1.14247	1.14282	1.14201	1.14204	1330	0	2
2025.06.04	22:00:00	1.14204	1.14217	1.14122	1.14122	1239	0	2
2025.06.04	23:00:00	1.14122	1.14223	1.14100	1.14202	889	0	3
2025.06.05	00:00:00	1.14142	1.14185	1.14136	1.14149	232	0	10
2025.06.05	01:00:00	1.14149	1.14229	1.14145	1.14199	934	0	2
2025.06.05	02:00:00	1.14202	1.14286	1.14185	1.14208	1070	0	2
2025.06.05	03:00:00	1.14208	1.14294	1.14162	1.14290	2360	0	2
2025.06.05	04:00:00	1.14291	1.14348	1.14136	1.14166	2597	0	2
2025.06.05	05:00:00	1.14166	1.14196	1.14103	1.14177	1945	0	2
2025.06.05	06:00:00	1.14177	1.14227	1.14088	1.14104	2134	0	2
2025.06.05	07:00:00	1.14104	1.14144	1.14078	1.14103	1759	0	2
2025.06.05	08:00:00	1.14106	1.14136	1.14044	1.14062	2079	0	2
2025.06.05	09:00:00	1.14062	1.14171	1.14053	1.14090	2210	0	2
2025.06.05	10:00:00	1.14083	1.14250	1.14068	1.14118	2548	0	2
2025.06.05	11:00:00	1.14119	1.14194	1.14089	1.14128	2294	0	2
2025.06.05	12:00:00	1.14125	1.14216	1.14097	1.14187	2221	0	2
2025.06.05	13:00:00	1.14186	1.14328	1.14176	1.14240	2100	0	2
2025.06.05	14:00:00	1.14240	1.14282	1.14160	1.14263	2236	0	2
2025.06.05	15:00:00	1.14259	1.14485	1.14130	1.14294	5494	0	2
2025.06.05	16:00:00	1.14294	1.14948	1.14185	1.14806	7185	0	2
2025.06.05	17:00:00	1.14806	1.14822	1.14542	1.14580	5721	0	2
2025.06.05	18:00:00	1.14579	1.14589	1.14352	1.14393	3987	0	2
2025.06.05	19:00:00	1.14386	1.14478	1.14314	1.14478	2726	0	2
2025.06.05	20:00:00	1.14478	1.14482	1.14319	1.14429	1890	0	2
2025.06.05	21:00:00	1.14429	1.14441	1.14311	1.14421	1776	0	2
2025.06.05	22:00:00	1.14421	1.14480	1.14336	1.14379	2375	0	2
2025.06.05	23:00:00	1.14376	1.14450	1.14352	1.14438	928	0	3
2025.06.06	00:00:00	1.14444	1.14473	1.14395	1.14407	416	0	23
2025.06.06	01:00:00	1.14404	1.14517	1.14404	1.14515	1031	0	2
2025.06.06	02:00:00	1.14516	1.14540	1.14467	1.14535	1050	0	2
2025.06.06	03:00:00	1.14535	1.14572	1.14499	1.14502	1815	0	2
2025.06.06	04:00:00	1.14502	1.14522	1.14412	1.14425	2028	0	2
2025.06.06	05:00:00	1.14425	1.14434	1.14330	1.14378	1820	0	2
2025.06.06	06:00:00	1.14377	1.14438	1.14360	1.14401	1408	0	2
2025.06.06	07:00:00	1.14401	1.14421	1.14371	1.14399	1320	0	2
2025.06.06	08:00:00	1.14398	1.14401	1.14308	1.14359	1609	0	2
2025.06.06	09:00:00	1.14355	1.14423	1.14247	1.14353	2154	0	2
2025.06.06	10:00:00	1.14351	1.14368	1.14213	1.14269	2684	0	2
2025.06.06	11:00:00	1.14269	1.14291	1.14115	1.14145	2346	0	2
2025.06.06	12:00:00	1.14146	1.14213	1.14109	1.14193	2023	0	2
2025.06.06	13:00:00	1.14196	1.14244	1.14173	1.14227	1784	0	2
2025.06.06	14:00:00	1.14227	1.14289	1.14170	1.14178	2024	0	2
2025.06.06	15:00:00	1.14178	1.14311	1.13833	1.13967	6108	0	2
2025.06.06	16:00:00	1.13967	1.14024	1.13716	1.13902	5933	0	2
2025.06.06	17:00:00	1.13905	1.14162	1.13808	1.13893	5072	0	2
2025.06.06	18:00:00	1.13894	1.14023	1.13810	1.13964	3863	0	2
2025.06.06	19:00:00	1.13964	1.14015	1.13859	1.13871	2450	0	2
2025.06.06	20:00:00	1.13872	1.13978	1.13845	1.13930	1775	0	2
2025.06.06	21:00:00	1.13931	1.13994	1.13926	1.13971	1726	0	2
2025.06.06	22:00:00	1.13971	1.14018	1.13926	1.13961	1331	0	2
2025.06.06	23:00:00	1.13961	1.13976	1.13908	1.13926	645	0	3
2025.06.09	00:00:00	1.13956	1.13956	1.13900	1.13920	309	0	24
2025.06.09	01:00:00	1.13925	1.14069	1.13925	1.14066	884	0	2
2025.06.09	02:00:00	1.14069	1.14112	1.14035	1.14065	964	0	2
2025.06.09	03:00:00	1.14065	1.14090	1.13926	1.13937	1717	0	2
2025.06.09	04:00:00	1.13937	1.14172	1.13937	1.14152	1988	0	2
2025.06.09	05:00:00	1.14153	1.14251	1.14143	1.14170	1941	0	2
2025.06.09	06:00:00	1.14170	1.14210	1.14118	1.14120	1326	0	2
2025.06.09	07:00:00	1.14121	1.14190	1.14110	1.14183	1266	0	2
2025.06.09	08:00:00	1.14183	1.14243	1.14120	1.14220	1465	0	2
2025.06.09	09:00:00	1.14220	1.14296	1.14178	1.14275	1971	0	2
2025.06.09	10:00:00	1.14275	1.14285	1.14195	1.14224	2148	0	2
2025.06.09	11:00:00	1.14226	1.14360	1.14184	1.14283	2334	0	2
2025.06.09	12:00:00	1.14283	1.14391	1.14258	1.14259	1888	0	2
2025.06.09	13:00:00	1.14259	1.14289	1.14159	1.14194	1683	0	2
2025.06.09	14:00:00	1.14194	1.14229	1.14057	1.14175	2144	0	2
2025.06.09	15:00:00	1.14175	1.14181	1.13944	1.14003	2391	0	2
2025.06.09	16:00:00	1.13996	1.14044	1.13864	1.14019	2810	0	2
2025.06.09	17:00:00	1.14017	1.14089	1.13936	1.14078	2901	0	2
2025.06.09	18:00:00	1.14078	1.14254	1.14076	1.14242	2055	0	2
2025.06.09	19:00:00	1.14242	1.14256	1.14153	1.14245	1376	0	2
2025.06.09	20:00:00	1.14244	1.14261	1.14194	1.14221	1175	0	2
2025.06.09	21:00:00	1.14220	1.14308	1.14193	1.14278	1250	0	2
2025.06.09	22:00:00	1.14274	1.14293	1.14224	1.14228	1190	0	2
2025.06.09	23:00:00	1.14227	1.14268	1.14184	1.14184	613	0	3
2025.06.10	00:00:00	1.14202	1.14228	1.14175	1.14208	209	0	23
2025.06.10	01:00:00	1.14219	1.14236	1.14203	1.14229	800	0	2
2025.06.10	02:00:00	1.14230	1.14284	1.14201	1.14264	817	0	2
2025.06.10	03:00:00	1.14263	1.14355	1.14218	1.14242	2039	0	2
2025.06.10	04:00:00	1.14242	1.14282	1.13950	1.13966	2575	0	2
2025.06.10	05:00:00	1.13966	1.14006	1.13862	1.13989	2555	0	2
2025.06.10	06:00:00	1.13989	1.14049	1.13914	1.14031	1697	0	2
2025.06.10	07:00:00	1.14031	1.14040	1.13913	1.13994	1470	0	2
2025.06.10	08:00:00	1.13994	1.14135	1.13978	1.14050	2841	0	2
2025.06.10	09:00:00	1.14053	1.14147	1.13920	1.13945	3215	0	2
2025.06.10	10:00:00	1.13944	1.13997	1.13728	1.13922	3495	0	2
2025.06.10	11:00:00	1.13921	1.14112	1.13913	1.14082	2639	0	2
2025.06.10	12:00:00	1.14082	1.14183	1.14035	1.14165	2152	0	2
2025.06.10	13:00:00	1.14166	1.14248	1.14113	1.14233	2118	0	2
2025.06.10	14:00:00	1.14233	1.14340	1.14192	1.14290	2284	0	2
2025.06.10	15:00:00	1.14291	1.14403	1.14249	1.14321	2502	0	2
2025.06.10	16:00:00	1.14321	1.14475	1.14305	1.14429	3195	0	2
2025.06.10	17:00:00	1.14429	1.14448	1.14203	1.14252	2896	0	2
2025.06.10	18:00:00	1.14257	1.14278	1.14156	1.14225	2391	0	2
2025.06.10	19:00:00	1.14225	1.14265	1.14160	1.14235	1586	0	2
2025.06.10	20:00:00	1.14242	1.14286	1.14169	1.14228	1178	0	2
2025.06.10	21:00:00	1.14228	1.14252	1.14164	1.14201	1260	0	2
2025.06.10	22:00:00	1.14200	1.14365	1.14190	1.14259	1366	0	2
2025.06.10	23:00:00	1.14258	1.14297	1.14189	1.14249	740	0	3
2025.06.11	00:00:00	1.14228	1.14261	1.14223	1.14240	750	0	23
2025.06.11	01:00:00	1.14240	1.14293	1.14229	1.14287	779	0	2
2025.06.11	02:00:00	1.14289	1.14396	1.14219	1.14372	1793	0	2
2025.06.11	03:00:00	1.14373	1.14386	1.14203	1.14208	2700	0	2
2025.06.11	04:00:00	1.14208	1.14268	1.14059	1.14084	2401	0	2
2025.06.11	05:00:00	1.14084	1.14176	1.14071	1.14154	1855	0	2
2025.06.11	06:00:00	1.14154	1.14175	1.14113	1.14162	1452	0	2
2025.06.11	07:00:00	1.14162	1.14178	1.14118	1.14156	1349	0	2
2025.06.11	08:00:00	1.14156	1.14230	1.14134	1.14222	1512	0	2
2025.06.11	09:00:00	1.14221	1.14234	1.14071	1.14099	2171	0	2
2025.06.11	10:00:00	1.14100	1.14237	1.14054	1.14193	2504	0	2
2025.06.11	11:00:00	1.14194	1.14384	1.14184	1.14307	2338	0	2
2025.06.11	12:00:00	1.14307	1.14456	1.14297	1.14347	2490	0	2
2025.06.11	13:00:00	1.14350	1.14424	1.14332	1.14382	1930	0	2
2025.06.11	14:00:00	1.14382	1.14403	1.14265	1.14326	2029	0	2
2025.06.11	15:00:00	1.14327	1.14893	1.14228	1.14604	5507	0	2
2025.06.11	16:00:00	1.14604	1.14735	1.14529	1.14702	4359	0	2
2025.06.11	17:00:00	1.14695	1.14867	1.14671	1.14817	3799	0	2
2025.06.11	18:00:00	1.14814	1.14902	1.14747	1.14893	2996	0	2
2025.06.11	19:00:00	1.14890	1.14958	1.14821	1.14895	2163	0	2
2025.06.11	20:00:00	1.14896	1.14988	1.14882	1.14973	1596	0	2
2025.06.11	21:00:00	1.14974	1.14994	1.14834	1.14861	2487	0	2
2025.06.11	22:00:00	1.14860	1.14866	1.14793	1.14826	1726	0	2
2025.06.11	23:00:00	1.14829	1.14871	1.14800	1.14870	1006	0	3
2025.06.12	00:00:00	1.14823	1.14878	1.14823	1.14875	354	0	23
2025.06.12	01:00:00	1.14876	1.15086	1.14874	1.15058	1112	0	2
2025.06.12	02:00:00	1.15058	1.15129	1.15043	1.15101	1895	0	2
2025.06.12	03:00:00	1.15101	1.15265	1.15016	1.15211	2922	0	2
2025.06.12	04:00:00	1.15211	1.15290	1.15146	1.15187	2998	0	2
2025.06.12	05:00:00	1.15187	1.15190	1.15064	1.15113	2334	0	2
2025.06.12	06:00:00	1.15113	1.15221	1.15104	1.15196	2127	0	2
2025.06.12	07:00:00	1.15196	1.15196	1.15123	1.15152	1863	0	2
2025.06.12	08:00:00	1.15145	1.15325	1.15107	1.15277	2051	0	2
2025.06.12	09:00:00	1.15277	1.15314	1.15113	1.15222	3265	0	2
2025.06.12	10:00:00	1.15223	1.15278	1.15059	1.15262	3609	0	2
2025.06.12	11:00:00	1.15262	1.15472	1.15230	1.15442	3501	0	2
2025.06.12	12:00:00	1.15441	1.15884	1.15401	1.15719	3434	0	2
2025.06.12	13:00:00	1.15719	1.16106	1.15667	1.15928	4688	0	2
2025.06.12	14:00:00	1.15928	1.16065	1.15838	1.15895	3507	0	2
2025.06.12	15:00:00	1.15895	1.16316	1.15881	1.16098	4812	0	2
2025.06.12	16:00:00	1.16095	1.16170	1.15794	1.15847	4318	0	2
2025.06.12	17:00:00	1.15849	1.15902	1.15789	1.15820	3622	0	2
2025.06.12	18:00:00	1.15819	1.15849	1.15674	1.15769	3848	0	2
2025.06.12	19:00:00	1.15769	1.15795	1.15670	1.15761	2904	0	2
2025.06.12	20:00:00	1.15759	1.15782	1.15637	1.15751	2053	0	2
2025.06.12	21:00:00	1.15749	1.15807	1.15700	1.15775	1625	0	2
2025.06.12	22:00:00	1.15776	1.15807	1.15747	1.15760	1442	0	2
2025.06.12	23:00:00	1.15760	1.15871	1.15755	1.15860	971	0	3
2025.06.13	00:00:00	1.15825	1.15877	1.15754	1.15877	374	0	23
2025.06.13	01:00:00	1.15878	1.15929	1.15873	1.15898	997	0	2
2025.06.13	02:00:00	1.15898	1.16095	1.15867	1.16086	1327	0	2
2025.06.13	03:00:00	1.16074	1.16144	1.15395	1.15587	7415	0	2
2025.06.13	04:00:00	1.15587	1.15601	1.15372	1.15485	4893	0	2
2025.06.13	05:00:00	1.15484	1.15584	1.15370	1.15451	3437	0	2
2025.06.13	06:00:00	1.15450	1.15460	1.15274	1.15372	3294	0	2
2025.06.13	07:00:00	1.15372	1.15409	1.15140	1.15252	2582	0	2
2025.06.13	08:00:00	1.15252	1.15371	1.15118	1.15292	2849	0	2
2025.06.13	09:00:00	1.15292	1.15465	1.15239	1.15421	4546	0	2
2025.06.13	10:00:00	1.15424	1.15606	1.15352	1.15354	4212	0	2
2025.06.13	11:00:00	1.15354	1.15471	1.15254	1.15286	2842	0	2
2025.06.13	12:00:00	1.15285	1.15357	1.15184	1.15235	3502	0	2
2025.06.13	13:00:00	1.15235	1.15294	1.14889	1.15047	3854	0	2
2025.06.13	14:00:00	1.15047	1.15109	1.14909	1.15101	3454	0	2
2025.06.13	15:00:00	1.15100	1.15226	1.15065	1.15163	2838	0	2
2025.06.13	16:00:00	1.15160	1.15275	1.15013	1.15231	3515	0	2
2025.06.13	17:00:00	1.15219	1.15462	1.15207	1.15444	3807	0	2
2025.06.13	18:00:00	1.15445	1.15694	1.15381	1.15563	3249	0	2
2025.06.13	19:00:00	1.15562	1.15659	1.15524	1.15544	2192	0	2
2025.06.13	20:00:00	1.15544	1.15554	1.15373	1.15491	2127	0	2
2025.06.13	21:00:00	1.15491	1.15508	1.15334	1.15414	2575	0	2
2025.06.13	22:00:00	1.15410	1.15517	1.15369	1.15500	1849	0	2
2025.06.13	23:00:00	1.15500	1.15507	1.15374	1.15470	1121	0	3
2025.06.16	00:00:00	1.15315	1.15351	1.15266	1.15287	533	0	23
2025.06.16	01:00:00	1.15307	1.15475	1.15261	1.15411	4309	0	2
2025.06.16	02:00:00	1.15412	1.15418	1.15276	1.15378	2231	0	2
2025.06.16	03:00:00	1.15378	1.15465	1.15308	1.15347	2590	0	2
2025.06.16	04:00:00	1.15343	1.15443	1.15320	1.15323	2670	0	2
2025.06.16	05:00:00	1.15323	1.15362	1.15264	1.15304	2020	0	2
2025.06.16	06:00:00	1.15304	1.15348	1.15236	1.15272	2002	0	2
2025.06.16	07:00:00	1.15272	1.15370	1.15271	1.15358	1653	0	2
2025.06.16	08:00:00	1.15358	1.15622	1.15358	1.15567	2772	0	2
2025.06.16	09:00:00	1.15566	1.15758	1.15397	1.15736	3350	0	2
2025.06.16	10:00:00	1.15728	1.15865	1.15669	1.15787	3500	0	2
2025.06.16	11:00:00	1.15787	1.15846	1.15753	1.15785	2370	0	2
2025.06.16	12:00:00	1.15783	1.15846	1.15760	1.15842	2259	0	2
2025.06.16	13:00:00	1.15843	1.15858	1.15723	1.15753	2146	0	2
2025.06.16	14:00:00	1.15753	1.15838	1.15697	1.15728	2235	0	2
2025.06.16	15:00:00	1.15728	1.15847	1.15707	1.15840	2749	0	2
2025.06.16	16:00:00	1.15840	1.16048	1.15840	1.16011	4061	0	2
2025.06.16	17:00:00	1.16012	1.16146	1.15894	1.15913	4244	0	2
2025.06.16	18:00:00	1.15913	1.15949	1.15790	1.15800	3151	0	2
2025.06.16	19:00:00	1.15803	1.15861	1.15783	1.15839	2192	0	2
2025.06.16	20:00:00	1.15839	1.15849	1.15724	1.15778	1603	0	2
2025.06.16	21:00:00	1.15777	1.15814	1.15736	1.15799	1868	0	2
2025.06.16	22:00:00	1.15799	1.15799	1.15550	1.15554	1719	0	2
2025.06.16	23:00:00	1.15552	1.15632	1.15543	1.15616	732	0	3
2025.06.17	00:00:00	1.15592	1.15645	1.15588	1.15597	893	0	23
2025.06.17	01:00:00	1.15591	1.15620	1.15533	1.15558	1745	0	2
2025.06.17	02:00:00	1.15558	1.15619	1.15493	1.15535	1621	0	2
2025.06.17	03:00:00	1.15535	1.15542	1.15425	1.15497	2761	0	2
2025.06.17	04:00:00	1.15497	1.15603	1.15496	1.15540	2007	0	2
2025.06.17	05:00:00	1.15540	1.15608	1.15457	1.15587	2004	0	2
2025.06.17	06:00:00	1.15587	1.15636	1.15548	1.15620	2190	0	2
2025.06.17	07:00:00	1.15620	1.15672	1.15594	1.15610	1819	0	2
2025.06.17	08:00:00	1.15610	1.15654	1.15526	1.15578	2079	0	2
2025.06.17	09:00:00	1.15577	1.15724	1.15527	1.15621	2507	0	2
2025.06.17	10:00:00	1.15621	1.15635	1.15453	1.15577	2961	0	2
2025.06.17	11:00:00	1.15577	1.15596	1.15500	1.15512	2291	0	2
2025.06.17	12:00:00	1.15516	1.15607	1.15503	1.15565	2416	0	2
2025.06.17	13:00:00	1.15565	1.15688	1.15550	1.15681	1950	0	2
2025.06.17	14:00:00	1.15681	1.15736	1.15574	1.15616	2045	0	2
2025.06.17	15:00:00	1.15616	1.15797	1.15478	1.15503	3711	0	2
2025.06.17	16:00:00	1.15507	1.15694	1.15506	1.15588	3551	0	2
2025.06.17	17:00:00	1.15585	1.15608	1.15106	1.15265	4314	0	2
2025.06.17	18:00:00	1.15266	1.15354	1.15186	1.15340	3309	0	2
2025.06.17	19:00:00	1.15340	1.15390	1.14989	1.15028	3233	0	2
2025.06.17	20:00:00	1.15029	1.15086	1.14780	1.14866	3861	0	2
2025.06.17	21:00:00	1.14866	1.14902	1.14748	1.14795	2762	0	2
2025.06.17	22:00:00	1.14795	1.14887	1.14768	1.14846	2212	0	2
2025.06.17	23:00:00	1.14848	1.14853	1.14745	1.14840	1396	0	2
2025.06.18	00:00:00	1.14776	1.14862	1.14776	1.14807	529	0	23
2025.06.18	01:00:00	1.14808	1.14836	1.14745	1.14750	1085	0	2
2025.06.18	02:00:00	1.14750	1.14826	1.14750	1.14816	1314	0	2
2025.06.18	03:00:00	1.14816	1.14967	1.14806	1.14923	2960	0	2
2025.06.18	04:00:00	1.14921	1.15007	1.14894	1.14970	2589	0	2
2025.06.18	05:00:00	1.14969	1.15012	1.14932	1.14977	1912	0	2
2025.06.18	06:00:00	1.14977	1.15049	1.14961	1.14998	1727	0	2
2025.06.18	07:00:00	1.14998	1.15079	1.14964	1.15056	1648	0	2
2025.06.18	08:00:00	1.15055	1.15071	1.15003	1.15045	1860	0	2
2025.06.18	09:00:00	1.15045	1.15152	1.15006	1.15102	2835	0	2
2025.06.18	10:00:00	1.15102	1.15234	1.15091	1.15131	2653	0	2
2025.06.18	11:00:00	1.15127	1.15162	1.14984	1.15020	2335	0	2
2025.06.18	12:00:00	1.15020	1.15106	1.14969	1.15037	2264	0	2
2025.06.18	13:00:00	1.15037	1.15107	1.14918	1.14935	2258	0	2
2025.06.18	14:00:00	1.14933	1.15086	1.14922	1.15072	2203	0	2
2025.06.18	15:00:00	1.15075	1.15167	1.15009	1.15061	2837	0	2
2025.06.18	16:00:00	1.15057	1.15086	1.14882	1.14886	3247	0	2
2025.06.18	17:00:00	1.14885	1.15221	1.14843	1.15073	5226	0	2
2025.06.18	18:00:00	1.15073	1.15301	1.15058	1.15201	3030	0	2
2025.06.18	19:00:00	1.15203	1.15250	1.15013	1.15030	2458	0	2
2025.06.18	20:00:00	1.15030	1.15091	1.14880	1.14964	1946	0	2
2025.06.18	21:00:00	1.14941	1.15292	1.14742	1.14746	7268	0	2
2025.06.18	22:00:00	1.14752	1.14875	1.14606	1.14745	5057	0	2
2025.06.18	23:00:00	1.14744	1.14841	1.14718	1.14794	1416	0	2
2025.06.19	00:00:00	1.14723	1.14817	1.14723	1.14808	757	0	24
2025.06.19	01:00:00	1.14805	1.14887	1.14749	1.14800	1026	0	3
2025.06.19	02:00:00	1.14804	1.14817	1.14712	1.14762	1740	0	2
2025.06.19	03:00:00	1.14757	1.14837	1.14740	1.14809	2437	0	2
2025.06.19	04:00:00	1.14809	1.14818	1.14522	1.14532	3161	0	2
2025.06.19	05:00:00	1.14531	1.14582	1.14508	1.14551	2276	0	2
2025.06.19	06:00:00	1.14554	1.14682	1.14533	1.14657	1670	0	2
2025.06.19	07:00:00	1.14657	1.14693	1.14631	1.14693	1671	0	2
2025.06.19	08:00:00	1.14693	1.14694	1.14509	1.14566	2169	0	2
2025.06.19	09:00:00	1.14566	1.14676	1.14462	1.14666	3030	0	2
2025.06.19	10:00:00	1.14666	1.14768	1.14602	1.14617	3367	0	2
2025.06.19	11:00:00	1.14617	1.14792	1.14564	1.14765	3319	0	2
2025.06.19	12:00:00	1.14765	1.14798	1.14695	1.14756	2593	0	2
2025.06.19	13:00:00	1.14756	1.14792	1.14693	1.14733	2495	0	2
2025.06.19	14:00:00	1.14734	1.14874	1.14676	1.14809	2481	0	2
2025.06.19	15:00:00	1.14809	1.14861	1.14697	1.14774	2461	0	2
2025.06.19	16:00:00	1.14770	1.14844	1.14713	1.14728	2523	0	2
2025.06.19	17:00:00	1.14727	1.14806	1.14617	1.14685	2872	0	2
2025.06.19	18:00:00	1.14686	1.14721	1.14587	1.14601	1880	0	2
2025.06.19	19:00:00	1.14598	1.14615	1.14545	1.14566	1260	0	2
2025.06.19	20:00:00	1.14566	1.14831	1.14554	1.14790	1152	0	2
2025.06.19	21:00:00	1.14790	1.14870	1.14772	1.14850	1011	0	2
2025.06.19	22:00:00	1.14850	1.15000	1.14841	1.14977	1047	0	2
2025.06.19	23:00:00	1.14970	1.14992	1.14920	1.14987	577	0	3
2025.06.20	00:00:00	1.14858	1.14964	1.14858	1.14928	441	0	24
2025.06.20	01:00:00	1.14931	1.15001	1.14916	1.14975	1344	0	3
2025.06.20	02:00:00	1.14983	1.15125	1.14968	1.15117	1420	0	2
2025.06.20	03:00:00	1.15116	1.15239	1.15105	1.15228	2347	0	2
2025.06.20	04:00:00	1.15227	1.15230	1.15131	1.15132	2083	0	2
2025.06.20	05:00:00	1.15132	1.15216	1.15111	1.15181	2099	0	2
2025.06.20	06:00:00	1.15179	1.15302	1.15151	1.15295	2335	0	2
2025.06.20	07:00:00	1.15295	1.15323	1.15241	1.15270	1579	0	2
2025.06.20	08:00:00	1.15270	1.15289	1.15188	1.15272	1834	0	2
2025.06.20	09:00:00	1.15272	1.15296	1.15138	1.15166	3110	0	2
2025.06.20	10:00:00	1.15166	1.15193	1.15099	1.15164	2475	0	2
2025.06.20	11:00:00	1.15164	1.15266	1.15114	1.15225	2408	0	2
2025.06.20	12:00:00	1.15224	1.15285	1.15194	1.15268	2177	0	2
2025.06.20	13:00:00	1.15268	1.15348	1.15223	1.15241	1824	0	2
2025.06.20	14:00:00	1.15238	1.15260	1.15120	1.15210	2258	0	2
2025.06.20	15:00:00	1.15210	1.15267	1.15058	1.15127	3319	0	2
2025.06.20	16:00:00	1.15130	1.15213	1.15091	1.15184	3041	0	2
2025.06.20	17:00:00	1.15182	1.15190	1.14951	1.15135	3651	0	2
2025.06.20	18:00:00	1.15135	1.15287	1.15110	1.15196	3338	0	2
2025.06.20	19:00:00	1.15196	1.15371	1.15191	1.15359	2419	0	2
2025.06.20	20:00:00	1.15359	1.15439	1.15316	1.15322	1874	0	2
2025.06.20	21:00:00	1.15322	1.15371	1.15270	1.15285	1521	0	2
2025.06.20	22:00:00	1.15285	1.15317	1.15154	1.15157	1576	0	2
2025.06.20	23:00:00	1.15157	1.15225	1.15137	1.15214	991	0	3
2025.06.23	00:00:00	1.14563	1.14742	1.14563	1.14718	844	0	24
2025.06.23	01:00:00	1.14718	1.14947	1.14718	1.14884	3029	0	3
2025.06.23	02:00:00	1.14884	1.15072	1.14861	1.14995	2062	0	2
2025.06.23	03:00:00	1.14995	1.15057	1.14808	1.14892	3074	0	2
2025.06.23	04:00:00	1.14892	1.14926	1.14723	1.14923	2940	0	2
2025.06.23	05:00:00	1.14925	1.15067	1.14923	1.14993	2325	0	2
2025.06.23	06:00:00	1.14996	1.15031	1.14922	1.14939	2357	0	2
2025.06.23	07:00:00	1.14939	1.14963	1.14852	1.14903	2102	0	2
2025.06.23	08:00:00	1.14907	1.15143	1.14907	1.15129	2739	0	2
2025.06.23	09:00:00	1.15129	1.15209	1.15034	1.15070	3360	0	2
2025.06.23	10:00:00	1.15070	1.15162	1.14911	1.14985	3490	0	2
2025.06.23	11:00:00	1.14983	1.15018	1.14802	1.14817	3034	0	2
2025.06.23	12:00:00	1.14817	1.14828	1.14535	1.14718	3583	0	2
2025.06.23	13:00:00	1.14718	1.14818	1.14594	1.14626	2810	0	2
2025.06.23	14:00:00	1.14626	1.14746	1.14604	1.14727	2866	0	2
2025.06.23	15:00:00	1.14726	1.14778	1.14568	1.14675	3171	0	2
2025.06.23	16:00:00	1.14675	1.14939	1.14648	1.14896	4113	0	2
2025.06.23	17:00:00	1.14896	1.15404	1.14893	1.15309	6110	0	2
2025.06.23	18:00:00	1.15310	1.15522	1.15288	1.15373	4256	0	2
2025.06.23	19:00:00	1.15373	1.15574	1.15178	1.15446	4173	0	2
2025.06.23	20:00:00	1.15447	1.15734	1.15405	1.15693	4169	0	2
2025.06.23	21:00:00	1.15693	1.15779	1.15660	1.15739	3136	0	2
2025.06.23	22:00:00	1.15739	1.15787	1.15703	1.15785	2153	0	2
2025.06.23	23:00:00	1.15785	1.15813	1.15745	1.15779	1021	0	2
2025.06.24	00:00:00	1.15761	1.15789	1.15751	1.15769	382	0	24
2025.06.24	01:00:00	1.15769	1.16017	1.15726	1.15922	2095	0	3
2025.06.24	02:00:00	1.15928	1.16083	1.15867	1.15978	2329	0	2
2025.06.24	03:00:00	1.15981	1.16086	1.15896	1.15992	3587	0	2
2025.06.24	04:00:00	1.15993	1.16054	1.15898	1.15908	2984	0	2
2025.06.24	05:00:00	1.15906	1.16014	1.15866	1.16002	2253	0	2
2025.06.24	06:00:00	1.16003	1.16096	1.15999	1.16057	1909	0	2
2025.06.24	07:00:00	1.16058	1.16141	1.16022	1.16063	1774	0	2
2025.06.24	08:00:00	1.16063	1.16137	1.16015	1.16106	2211	0	2
2025.06.24	09:00:00	1.16106	1.16222	1.16012	1.16050	4080	0	2
2025.06.24	10:00:00	1.16050	1.16104	1.15799	1.15921	4303	0	2
2025.06.24	11:00:00	1.15912	1.15996	1.15855	1.15926	3758	0	2
2025.06.24	12:00:00	1.15926	1.16180	1.15919	1.16094	3027	0	2
2025.06.24	13:00:00	1.16094	1.16094	1.15941	1.15965	2110	0	2
2025.06.24	14:00:00	1.15965	1.16150	1.15965	1.16084	2674	0	2
2025.06.24	15:00:00	1.16078	1.16112	1.15935	1.16006	3118	0	2
2025.06.24	16:00:00	1.16006	1.16029	1.15821	1.15921	3523	0	2
2025.06.24	17:00:00	1.15920	1.16414	1.15905	1.16169	5830	0	2
2025.06.24	18:00:00	1.16167	1.16364	1.16065	1.16070	4050	0	2
2025.06.24	19:00:00	1.16071	1.16249	1.16053	1.16240	2695	0	2
2025.06.24	20:00:00	1.16238	1.16324	1.16220	1.16259	2094	0	2
2025.06.24	21:00:00	1.16259	1.16289	1.16198	1.16235	1887	0	2
2025.06.24	22:00:00	1.16235	1.16250	1.16119	1.16125	1661	0	2
2025.06.24	23:00:00	1.16125	1.16154	1.16082	1.16105	1090	0	3
2025.06.25	00:00:00	1.16072	1.16097	1.16034	1.16061	684	0	24
2025.06.25	01:00:00	1.16065	1.16112	1.16040	1.16076	1062	0	3
2025.06.25	02:00:00	1.16078	1.16154	1.16074	1.16122	1132	0	2
2025.06.25	03:00:00	1.16124	1.16267	1.16110	1.16251	2103	0	2
2025.06.25	04:00:00	1.16251	1.16313	1.16175	1.16284	2582	0	2
2025.06.25	05:00:00	1.16285	1.16293	1.16176	1.16204	1917	0	2
2025.06.25	06:00:00	1.16204	1.16231	1.16109	1.16118	1576	0	2
2025.06.25	07:00:00	1.16117	1.16179	1.16114	1.16137	1356	0	2
2025.06.25	08:00:00	1.16138	1.16205	1.16095	1.16192	1802	0	2
2025.06.25	09:00:00	1.16192	1.16226	1.16036	1.16073	2575	0	2
2025.06.25	10:00:00	1.16073	1.16091	1.15899	1.15987	2927	0	2
2025.06.25	11:00:00	1.15989	1.16113	1.15930	1.16099	2401	0	2
2025.06.25	12:00:00	1.16098	1.16111	1.15920	1.16007	2268	0	2
2025.06.25	13:00:00	1.16007	1.16080	1.15972	1.16036	1750	0	2
2025.06.25	14:00:00	1.16035	1.16133	1.15967	1.15992	2125	0	2
2025.06.25	15:00:00	1.15990	1.16051	1.15901	1.15928	2743	0	2
2025.06.25	16:00:00	1.15928	1.16075	1.15902	1.16010	2893	0	2
2025.06.25	17:00:00	1.16008	1.16234	1.16008	1.16208	3704	0	2
2025.06.25	18:00:00	1.16207	1.16296	1.16168	1.16195	2787	0	2
2025.06.25	19:00:00	1.16196	1.16357	1.16195	1.16307	2209	0	2
2025.06.25	20:00:00	1.16307	1.16443	1.16269	1.16423	2066	0	2
2025.06.25	21:00:00	1.16423	1.16611	1.16418	1.16609	1878	0	2
2025.06.25	22:00:00	1.16609	1.16649	1.16562	1.16583	1608	0	2
2025.06.25	23:00:00	1.16582	1.16608	1.16509	1.16555	930	0	3
2025.06.26	00:00:00	1.16528	1.16567	1.16528	1.16550	332	0	24
2025.06.26	01:00:00	1.16552	1.16600	1.16550	1.16596	782	0	3
2025.06.26	02:00:00	1.16598	1.16847	1.16594	1.16834	1791	0	2
2025.06.26	03:00:00	1.16837	1.16891	1.16799	1.16821	2007	0	2
2025.06.26	04:00:00	1.16822	1.16876	1.16674	1.16862	2117	0	2
2025.06.26	05:00:00	1.16862	1.16950	1.16822	1.16905	2065	0	2
2025.06.26	06:00:00	1.16906	1.17172	1.16885	1.16946	2706	0	2
2025.06.26	07:00:00	1.16945	1.16948	1.16785	1.16796	1735	0	2
2025.06.26	08:00:00	1.16796	1.16859	1.16756	1.16853	1923	0	2
2025.06.26	09:00:00	1.16852	1.17003	1.16717	1.16995	3248	0	2
2025.06.26	10:00:00	1.16995	1.17133	1.16915	1.17102	3555	0	2
2025.06.26	11:00:00	1.17102	1.17444	1.17066	1.17276	3704	0	2
2025.06.26	12:00:00	1.17273	1.17287	1.17125	1.17251	2793	0	2
2025.06.26	13:00:00	1.17251	1.17308	1.17134	1.17147	2388	0	2
2025.06.26	14:00:00	1.17149	1.17157	1.16939	1.16948	2825	0	2
2025.06.26	15:00:00	1.16947	1.17127	1.16899	1.17066	4219	0	2
2025.06.26	16:00:00	1.17069	1.17207	1.16944	1.17168	4566	0	2
2025.06.26	17:00:00	1.17168	1.17191	1.17060	1.17083	4787	0	2
2025.06.26	18:00:00	1.17083	1.17174	1.16901	1.17166	3466	0	2
2025.06.26	19:00:00	1.17166	1.17401	1.17099	1.17293	2776	0	2
2025.06.26	20:00:00	1.17293	1.17320	1.17206	1.17248	2229	0	2
2025.06.26	21:00:00	1.17247	1.17282	1.17177	1.17203	1927	0	2
2025.06.26	22:00:00	1.17203	1.17205	1.17039	1.17043	1719	0	2
2025.06.26	23:00:00	1.17043	1.17084	1.16940	1.17000	1134	0	3
2025.06.27	00:00:00	1.16964	1.17032	1.16908	1.16943	798	0	24
2025.06.27	01:00:00	1.16948	1.16982	1.16807	1.16830	1056	0	3
2025.06.27	02:00:00	1.16834	1.16982	1.16832	1.16927	1148	0	2
2025.06.27	03:00:00	1.16935	1.16978	1.16881	1.16923	2231	0	2
2025.06.27	04:00:00	1.16919	1.17042	1.16858	1.17015	2486	0	2
2025.06.27	05:00:00	1.17015	1.17055	1.16858	1.16998	1755	0	2
2025.06.27	06:00:00	1.16998	1.17093	1.16952	1.16956	1679	0	2
2025.06.27	07:00:00	1.16956	1.16981	1.16849	1.16850	1466	0	2
2025.06.27	08:00:00	1.16856	1.16935	1.16845	1.16890	1851	0	2
2025.06.27	09:00:00	1.16888	1.17188	1.16834	1.17187	2805	0	2
2025.06.27	10:00:00	1.17187	1.17270	1.17068	1.17146	2735	0	2
2025.06.27	11:00:00	1.17148	1.17262	1.17087	1.17094	2236	0	2
2025.06.27	12:00:00	1.17095	1.17112	1.17012	1.17093	1963	0	2
2025.06.27	13:00:00	1.17093	1.17154	1.17013	1.17136	1984	0	2
2025.06.27	14:00:00	1.17139	1.17200	1.17107	1.17139	2024	0	2
2025.06.27	15:00:00	1.17139	1.17494	1.17028	1.17469	4614	0	2
2025.06.27	16:00:00	1.17469	1.17538	1.17157	1.17282	4323	0	2
2025.06.27	17:00:00	1.17270	1.17382	1.17053	1.17184	4160	0	2
2025.06.27	18:00:00	1.17184	1.17300	1.17112	1.17235	2877	0	2
2025.06.27	19:00:00	1.17235	1.17323	1.17171	1.17220	2394	0	2
2025.06.27	20:00:00	1.17220	1.17237	1.16953	1.17020	3175	0	2
2025.06.27	21:00:00	1.17020	1.17056	1.16878	1.16995	3266	0	2
2025.06.27	22:00:00	1.16995	1.17090	1.16989	1.17067	2101	0	2
2025.06.27	23:00:00	1.17063	1.17192	1.17059	1.17189	954	0	3
2025.06.30	00:00:00	1.17286	1.17303	1.17180	1.17300	384	0	24
2025.06.30	01:00:00	1.17308	1.17329	1.17218	1.17303	1482	0	3
2025.06.30	02:00:00	1.17306	1.17384	1.17260	1.17266	1389	0	2
2025.06.30	03:00:00	1.17268	1.17282	1.17156	1.17178	2049	0	2
2025.06.30	04:00:00	1.17178	1.17347	1.17151	1.17203	2335	0	2
2025.06.30	05:00:00	1.17203	1.17316	1.17179	1.17189	2401	0	2
2025.06.30	06:00:00	1.17188	1.17221	1.17116	1.17122	1755	0	2
2025.06.30	07:00:00	1.17122	1.17318	1.17120	1.17301	1606	0	2
2025.06.30	08:00:00	1.17299	1.17383	1.17232	1.17262	2217	0	2
2025.06.30	09:00:00	1.17262	1.17507	1.17207	1.17432	2991	0	2
2025.06.30	10:00:00	1.17432	1.17433	1.17245	1.17247	3085	0	2
2025.06.30	11:00:00	1.17247	1.17303	1.17133	1.17295	3224	0	2
2025.06.30	12:00:00	1.17295	1.17327	1.17172	1.17197	2421	0	2
2025.06.30	13:00:00	1.17197	1.17248	1.17165	1.17247	1873	0	2
2025.06.30	14:00:00	1.17247	1.17316	1.17229	1.17229	2018	0	2
2025.06.30	15:00:00	1.17235	1.17251	1.17077	1.17132	2341	0	2
2025.06.30	16:00:00	1.17132	1.17215	1.17119	1.17212	2762	0	2
2025.06.30	17:00:00	1.17212	1.17507	1.17105	1.17388	4631	0	2
2025.06.30	18:00:00	1.17384	1.17716	1.17336	1.17696	3758	0	2
2025.06.30	19:00:00	1.17696	1.17699	1.17486	1.17627	3087	0	2
2025.06.30	20:00:00	1.17627	1.17705	1.17604	1.17657	2291	0	2
2025.06.30	21:00:00	1.17657	1.17797	1.17645	1.17757	2073	0	2
2025.06.30	22:00:00	1.17757	1.17805	1.17725	1.17796	1639	0	2
2025.06.30	23:00:00	1.17796	1.17863	1.17772	1.17818	930	0	2
2025.07.01	00:00:00	1.17807	1.17848	1.17718	1.17794	1240	0	24
2025.07.01	01:00:00	1.17774	1.17908	1.17774	1.17852	1247	0	3
2025.07.01	02:00:00	1.17854	1.17874	1.17833	1.17863	808	0	2
2025.07.01	03:00:00	1.17862	1.17980	1.17862	1.17976	2010	0	2
2025.07.01	04:00:00	1.17976	1.18074	1.17795	1.17802	2179	0	2
2025.07.01	05:00:00	1.17801	1.17894	1.17777	1.17881	1669	0	2
2025.07.01	06:00:00	1.17881	1.17938	1.17866	1.17895	1266	0	2
2025.07.01	07:00:00	1.17895	1.17939	1.17827	1.17863	1342	0	2
2025.07.01	08:00:00	1.17863	1.17895	1.17803	1.17865	1443	0	2
2025.07.01	09:00:00	1.17865	1.17868	1.17759	1.17791	2457	0	2
2025.07.01	10:00:00	1.17791	1.17878	1.17675	1.17859	3017	0	2
2025.07.01	11:00:00	1.17837	1.18172	1.17744	1.18046	3321	0	2
2025.07.01	12:00:00	1.18044	1.18294	1.17967	1.18135	3383	0	2
2025.07.01	13:00:00	1.18135	1.18234	1.18107	1.18114	2370	0	2
2025.07.01	14:00:00	1.18109	1.18193	1.18057	1.18138	2248	0	2
2025.07.01	15:00:00	1.18137	1.18175	1.18021	1.18035	2845	0	2
2025.07.01	16:00:00	1.18036	1.18115	1.17928	1.18001	3498	0	2
2025.07.01	17:00:00	1.18004	1.18006	1.17750	1.17796	5362	0	2
2025.07.01	18:00:00	1.17795	1.17796	1.17689	1.17758	3487	0	2
2025.07.01	19:00:00	1.17758	1.17759	1.17613	1.17652	2630	0	2
2025.07.01	20:00:00	1.17654	1.17835	1.17652	1.17828	2224	0	2
2025.07.01	21:00:00	1.17828	1.17835	1.17749	1.17808	1438	0	2
2025.07.01	22:00:00	1.17806	1.17913	1.17794	1.17910	1689	0	2
2025.07.01	23:00:00	1.17907	1.18063	1.17906	1.18052	1024	0	3
2025.07.02	00:00:00	1.18002	1.18033	1.17985	1.18032	583	0	24
2025.07.02	01:00:00	1.18041	1.18063	1.18020	1.18028	759	0	3
2025.07.02	02:00:00	1.18031	1.18069	1.17993	1.18051	800	0	2
2025.07.02	03:00:00	1.18049	1.18081	1.17992	1.18074	1783	0	2
2025.07.02	04:00:00	1.18073	1.18098	1.17920	1.17935	1891	0	2
2025.07.02	05:00:00	1.17933	1.18017	1.17881	1.17998	1837	0	2
2025.07.02	06:00:00	1.17998	1.18029	1.17960	1.18003	1469	0	2
2025.07.02	07:00:00	1.18003	1.18012	1.17958	1.17962	1222	0	2
2025.07.02	08:00:00	1.17962	1.17980	1.17843	1.17873	1890	0	2
2025.07.02	09:00:00	1.17877	1.17935	1.17733	1.17816	2381	0	2
2025.07.02	10:00:00	1.17815	1.17835	1.17711	1.17741	2570	0	2
2025.07.02	11:00:00	1.17741	1.17814	1.17700	1.17757	2269	0	2
2025.07.02	12:00:00	1.17756	1.17776	1.17670	1.17701	2198	0	2
2025.07.02	13:00:00	1.17701	1.17808	1.17648	1.17677	1962	0	2
2025.07.02	14:00:00	1.17677	1.17713	1.17469	1.17496	2624	0	2
2025.07.02	15:00:00	1.17496	1.17880	1.17474	1.17566	5745	0	2
2025.07.02	16:00:00	1.17565	1.17773	1.17548	1.17598	4291	0	2
2025.07.02	17:00:00	1.17598	1.17707	1.17506	1.17675	3895	0	2
2025.07.02	18:00:00	1.17675	1.17897	1.17659	1.17892	3029	0	2
2025.07.02	19:00:00	1.17892	1.17940	1.17854	1.17883	2357	0	2
2025.07.02	20:00:00	1.17882	1.18002	1.17882	1.17956	1754	0	2
2025.07.02	21:00:00	1.17946	1.18001	1.17933	1.17995	1788	0	2
2025.07.02	22:00:00	1.17995	1.18031	1.17952	1.18022	1397	0	2
2025.07.02	23:00:00	1.18020	1.18022	1.17955	1.17958	713	0	3
2025.07.03	00:00:00	1.17947	1.17977	1.17870	1.17943	579	0	24
2025.07.03	01:00:00	1.17944	1.17999	1.17931	1.17983	853	0	3
2025.07.03	02:00:00	1.17985	1.18020	1.17975	1.17986	691	0	2
2025.07.03	03:00:00	1.17986	1.18087	1.17978	1.18067	1650	0	2
2025.07.03	04:00:00	1.18067	1.18101	1.18038	1.18043	1436	0	2
2025.07.03	05:00:00	1.18043	1.18047	1.17944	1.17978	1439	0	2
2025.07.03	06:00:00	1.17978	1.17995	1.17891	1.17916	1287	0	2
2025.07.03	07:00:00	1.17916	1.17932	1.17875	1.17893	934	0	2
2025.07.03	08:00:00	1.17893	1.17960	1.17868	1.17960	1403	0	2
2025.07.03	09:00:00	1.17960	1.18028	1.17915	1.18021	2166	0	2
2025.07.03	10:00:00	1.18021	1.18099	1.17943	1.18013	2437	0	2
2025.07.03	11:00:00	1.18011	1.18083	1.17955	1.17978	2053	0	2
2025.07.03	12:00:00	1.17978	1.17979	1.17884	1.17924	2072	0	2
2025.07.03	13:00:00	1.17924	1.18000	1.17868	1.17933	1704	0	2
2025.07.03	14:00:00	1.17932	1.17968	1.17831	1.17850	1830	0	2
2025.07.03	15:00:00	1.17848	1.17895	1.17172	1.17382	5920	0	2
2025.07.03	16:00:00	1.17382	1.17793	1.17337	1.17739	4893	0	2
2025.07.03	17:00:00	1.17739	1.17896	1.17511	1.17531	4489	0	2
2025.07.03	18:00:00	1.17530	1.17663	1.17492	1.17569	3092	0	2
2025.07.03	19:00:00	1.17572	1.17579	1.17398	1.17524	2310	0	2
2025.07.03	20:00:00	1.17522	1.17581	1.17502	1.17540	1077	0	2
2025.07.03	21:00:00	1.17540	1.17565	1.17480	1.17486	877	0	2
2025.07.03	22:00:00	1.17486	1.17525	1.17442	1.17477	793	0	2
2025.07.03	23:00:00	1.17476	1.17594	1.17462	1.17563	703	0	3
2025.07.04	00:00:00	1.17580	1.17594	1.17516	1.17564	450	0	24
2025.07.04	01:00:00	1.17572	1.17594	1.17535	1.17593	697	0	3
2025.07.04	02:00:00	1.17593	1.17714	1.17558	1.17690	968	0	2
2025.07.04	03:00:00	1.17690	1.17705	1.17637	1.17668	1679	0	2
2025.07.04	04:00:00	1.17668	1.17693	1.17558	1.17596	1830	0	2
2025.07.04	05:00:00	1.17596	1.17707	1.17595	1.17654	1499	0	2
2025.07.04	06:00:00	1.17652	1.17725	1.17644	1.17699	1309	0	2
2025.07.04	07:00:00	1.17699	1.17799	1.17692	1.17799	1363	0	2
2025.07.04	08:00:00	1.17799	1.17854	1.17797	1.17841	1539	0	2
2025.07.04	09:00:00	1.17841	1.17848	1.17743	1.17810	2226	0	2
2025.07.04	10:00:00	1.17810	1.17826	1.17676	1.17696	2669	0	2
2025.07.04	11:00:00	1.17696	1.17774	1.17681	1.17742	2132	0	2
2025.07.04	12:00:00	1.17742	1.17821	1.17719	1.17783	1984	0	2
2025.07.04	13:00:00	1.17783	1.17810	1.17748	1.17776	2003	0	2
2025.07.04	14:00:00	1.17776	1.17818	1.17684	1.17687	1943	0	2
2025.07.04	15:00:00	1.17687	1.17719	1.17638	1.17665	1813	0	2
2025.07.04	16:00:00	1.17665	1.17808	1.17663	1.17795	1584	0	2
2025.07.04	17:00:00	1.17795	1.17874	1.17750	1.17784	1989	0	2
2025.07.04	18:00:00	1.17783	1.17844	1.17758	1.17785	1570	0	2
2025.07.04	19:00:00	1.17785	1.17816	1.17734	1.17742	1278	0	2
2025.07.04	20:00:00	1.17743	1.17775	1.17723	1.17757	2362	0	2
2025.07.04	21:00:00	1.17757	1.17794	1.17744	1.17791	1558	0	2
2025.07.04	22:00:00	1.17791	1.17796	1.17720	1.17752	1454	0	2
2025.07.04	23:00:00	1.17752	1.17797	1.17701	1.17722	3077	0	2
2025.07.07	00:00:00	1.17821	1.17823	1.17776	1.17783	270	0	24
2025.07.07	01:00:00	1.17775	1.17818	1.17734	1.17799	1008	0	3
2025.07.07	02:00:00	1.17807	1.17823	1.17750	1.17801	925	0	2
2025.07.07	03:00:00	1.17801	1.17902	1.17785	1.17797	2076	0	2
2025.07.07	04:00:00	1.17796	1.17806	1.17699	1.17720	2128	0	2
2025.07.07	05:00:00	1.17720	1.17753	1.17646	1.17673	2073	0	2
2025.07.07	06:00:00	1.17673	1.17744	1.17662	1.17690	1596	0	2
2025.07.07	07:00:00	1.17690	1.17722	1.17639	1.17661	1634	0	2
2025.07.07	08:00:00	1.17661	1.17737	1.17632	1.17713	2201	0	2
2025.07.07	09:00:00	1.17713	1.17735	1.17500	1.17558	2573	0	2
2025.07.07	10:00:00	1.17559	1.17586	1.17452	1.17454	2703	0	2
2025.07.07	11:00:00	1.17452	1.17474	1.17231	1.17241	2692	0	2
2025.07.07	12:00:00	1.17241	1.17346	1.17221	1.17340	2326	0	2
2025.07.07	13:00:00	1.17339	1.17360	1.17230	1.17275	1997	0	2
2025.07.07	14:00:00	1.17275	1.17341	1.17249	1.17294	1785	0	2
2025.07.07	15:00:00	1.17295	1.17309	1.17181	1.17222	2305	0	2
2025.07.07	16:00:00	1.17223	1.17406	1.17218	1.17351	2691	0	2
2025.07.07	17:00:00	1.17351	1.17453	1.17328	1.17389	2454	0	2
2025.07.07	18:00:00	1.17388	1.17405	1.17302	1.17327	2303	0	2
2025.07.07	19:00:00	1.17327	1.17392	1.16873	1.16940	3772	0	2
2025.07.07	20:00:00	1.16943	1.17137	1.16865	1.17066	3231	0	2
2025.07.07	21:00:00	1.17064	1.17199	1.16998	1.17187	2227	0	2
2025.07.07	22:00:00	1.17187	1.17236	1.17162	1.17193	1418	0	2
2025.07.07	23:00:00	1.17192	1.17210	1.17063	1.17081	832	0	3
2025.07.08	00:00:00	1.17060	1.17084	1.17060	1.17074	461	0	24
2025.07.08	01:00:00	1.17082	1.17373	1.17073	1.17353	1182	0	3
2025.07.08	02:00:00	1.17354	1.17385	1.17313	1.17363	1244	0	2
2025.07.08	03:00:00	1.17363	1.17477	1.17363	1.17433	2308	0	2
2025.07.08	04:00:00	1.17433	1.17442	1.17308	1.17381	2156	0	2
2025.07.08	05:00:00	1.17381	1.17487	1.17360	1.17384	1687	0	2
2025.07.08	06:00:00	1.17384	1.17488	1.17369	1.17468	1605	0	2
2025.07.08	07:00:00	1.17468	1.17497	1.17405	1.17414	1914	0	2
2025.07.08	08:00:00	1.17414	1.17447	1.17336	1.17346	2044	0	2
2025.07.08	09:00:00	1.17347	1.17448	1.17318	1.17417	2684	0	2
2025.07.08	10:00:00	1.17420	1.17653	1.17420	1.17598	2511	0	2
2025.07.08	11:00:00	1.17599	1.17606	1.17475	1.17488	2518	0	2
2025.07.08	12:00:00	1.17487	1.17505	1.17389	1.17421	2095	0	2
2025.07.08	13:00:00	1.17422	1.17424	1.17231	1.17281	2054	0	2
2025.07.08	14:00:00	1.17280	1.17385	1.17213	1.17216	1963	0	2
2025.07.08	15:00:00	1.17216	1.17246	1.17138	1.17210	2745	0	2
2025.07.08	16:00:00	1.17210	1.17222	1.16938	1.17049	3625	0	2
2025.07.08	17:00:00	1.17049	1.17064	1.16824	1.16921	4148	0	2
2025.07.08	18:00:00	1.16921	1.17126	1.16896	1.17066	2806	0	2
2025.07.08	19:00:00	1.17065	1.17129	1.16963	1.17088	2988	0	2
2025.07.08	20:00:00	1.17088	1.17259	1.17075	1.17243	2739	0	2
2025.07.08	21:00:00	1.17244	1.17285	1.17182	1.17251	2166	0	2
2025.07.08	22:00:00	1.17262	1.17297	1.17193	1.17243	1612	0	2
2025.07.08	23:00:00	1.17239	1.17284	1.17223	1.17251	784	0	3
2025.07.09	00:00:00	1.17195	1.17229	1.17141	1.17177	872	0	24
2025.07.09	01:00:00	1.17178	1.17292	1.17178	1.17285	619	0	3
2025.07.09	02:00:00	1.17285	1.17290	1.17216	1.17228	893	0	2
2025.07.09	03:00:00	1.17231	1.17259	1.17174	1.17245	1926	0	2
2025.07.09	04:00:00	1.17245	1.17257	1.17168	1.17204	2048	0	2
2025.07.09	05:00:00	1.17204	1.17254	1.17046	1.17112	1938	0	2
2025.07.09	06:00:00	1.17113	1.17117	1.17027	1.17036	1692	0	2
2025.07.09	07:00:00	1.17035	1.17138	1.17012	1.17125	1585	0	2
2025.07.09	08:00:00	1.17125	1.17214	1.17108	1.17164	1767	0	2
2025.07.09	09:00:00	1.17166	1.17285	1.17123	1.17259	2175	0	2
2025.07.09	10:00:00	1.17260	1.17282	1.17043	1.17075	2902	0	2
2025.07.09	11:00:00	1.17074	1.17202	1.17023	1.17132	2587	0	2
2025.07.09	12:00:00	1.17132	1.17197	1.17072	1.17133	2097	0	2
2025.07.09	13:00:00	1.17133	1.17176	1.17017	1.17019	2009	0	2
2025.07.09	14:00:00	1.17019	1.17064	1.16895	1.16911	1905	0	2
2025.07.09	15:00:00	1.16911	1.17168	1.16911	1.17153	3170	0	2
2025.07.09	16:00:00	1.17153	1.17224	1.17006	1.17033	3330	0	2
2025.07.09	17:00:00	1.17034	1.17245	1.17027	1.17147	3299	0	2
2025.07.09	18:00:00	1.17147	1.17162	1.17049	1.17060	2128	0	2
2025.07.09	19:00:00	1.17060	1.17090	1.17007	1.17051	1430	0	2
2025.07.09	20:00:00	1.17045	1.17110	1.17039	1.17095	1509	0	2
2025.07.09	21:00:00	1.17095	1.17177	1.17049	1.17131	1623	0	2
2025.07.09	22:00:00	1.17132	1.17231	1.17127	1.17188	1225	0	2
2025.07.09	23:00:00	1.17187	1.17218	1.17114	1.17205	847	0	3
2025.07.10	00:00:00	1.17159	1.17221	1.17149	1.17217	460	0	24
2025.07.10	01:00:00	1.17215	1.17250	1.17215	1.17244	582	0	3
2025.07.10	02:00:00	1.17244	1.17397	1.17229	1.17380	828	0	2
2025.07.10	03:00:00	1.17381	1.17495	1.17357	1.17437	2060	0	2
2025.07.10	04:00:00	1.17431	1.17442	1.17376	1.17408	1448	0	2
2025.07.10	05:00:00	1.17408	1.17443	1.17371	1.17390	1483	0	2
2025.07.10	06:00:00	1.17390	1.17396	1.17336	1.17339	1231	0	2
2025.07.10	07:00:00	1.17340	1.17358	1.17303	1.17350	1107	0	2
2025.07.10	08:00:00	1.17349	1.17407	1.17346	1.17389	1447	0	2
2025.07.10	09:00:00	1.17389	1.17435	1.17292	1.17327	2186	0	2
2025.07.10	10:00:00	1.17327	1.17379	1.17262	1.17329	2213	0	2
2025.07.10	11:00:00	1.17329	1.17342	1.17259	1.17278	1706	0	2
2025.07.10	12:00:00	1.17278	1.17343	1.17277	1.17308	1418	0	2
2025.07.10	13:00:00	1.17308	1.17339	1.17276	1.17284	1274	0	2
2025.07.10	14:00:00	1.17284	1.17295	1.17081	1.17116	1945	0	2
2025.07.10	15:00:00	1.17116	1.17140	1.17015	1.17063	2739	0	2
2025.07.10	16:00:00	1.17063	1.17146	1.16865	1.16925	2994	0	2
2025.07.10	17:00:00	1.16924	1.16936	1.16625	1.16799	4466	0	2
2025.07.10	18:00:00	1.16799	1.16884	1.16739	1.16873	2932	0	2
2025.07.10	19:00:00	1.16873	1.16899	1.16821	1.16855	2151	0	2
2025.07.10	20:00:00	1.16855	1.16911	1.16814	1.16891	1572	0	2
2025.07.10	21:00:00	1.16890	1.16948	1.16877	1.16921	1563	0	2
2025.07.10	22:00:00	1.16920	1.16990	1.16897	1.16955	1369	0	2
2025.07.10	23:00:00	1.16955	1.16989	1.16942	1.16981	870	0	2
2025.07.11	00:00:00	1.16956	1.17023	1.16956	1.17021	752	0	24
2025.07.11	01:00:00	1.17021	1.17072	1.17018	1.17056	690	0	3
2025.07.11	02:00:00	1.17059	1.17059	1.16996	1.17016	701	0	2
2025.07.11	03:00:00	1.17018	1.17048	1.16645	1.16749	3706	0	2
2025.07.11	04:00:00	1.16748	1.16860	1.16686	1.16752	2747	0	2
2025.07.11	05:00:00	1.16752	1.16780	1.16706	1.16710	2029	0	2
2025.07.11	06:00:00	1.16709	1.16843	1.16702	1.16817	1440	0	2
2025.07.11	07:00:00	1.16817	1.16828	1.16689	1.16764	1581	0	2
2025.07.11	08:00:00	1.16764	1.16839	1.16752	1.16779	1810	0	2
2025.07.11	09:00:00	1.16779	1.16849	1.16701	1.16747	2735	0	2
2025.07.11	10:00:00	1.16747	1.16956	1.16747	1.16889	2725	0	2
2025.07.11	11:00:00	1.16889	1.16921	1.16795	1.16821	2186	0	2
2025.07.11	12:00:00	1.16821	1.16953	1.16812	1.16950	1977	0	2
2025.07.11	13:00:00	1.16949	1.16966	1.16874	1.16924	1982	0	2
2025.07.11	14:00:00	1.16924	1.17011	1.16863	1.16877	2299	0	2
2025.07.11	15:00:00	1.16878	1.17003	1.16824	1.16884	2730	0	2
2025.07.11	16:00:00	1.16885	1.17138	1.16864	1.16886	3496	0	2
2025.07.11	17:00:00	1.16883	1.16940	1.16740	1.16921	3639	0	2
2025.07.11	18:00:00	1.16918	1.17040	1.16891	1.16962	2520	0	2
2025.07.11	19:00:00	1.16962	1.16979	1.16887	1.16915	2323	0	2
2025.07.11	20:00:00	1.16915	1.16947	1.16864	1.16932	1498	0	2
2025.07.11	21:00:00	1.16932	1.16958	1.16883	1.16884	1942	0	2
2025.07.11	22:00:00	1.16884	1.16919	1.16859	1.16879	1466	0	2
2025.07.11	23:00:00	1.16879	1.16937	1.16786	1.16920	1082	0	2
2025.07.14	00:00:00	1.16666	1.16713	1.16608	1.16651	297	0	24
2025.07.14	01:00:00	1.16651	1.16842	1.16628	1.16647	1928	0	3
2025.07.14	02:00:00	1.16648	1.16828	1.16634	1.16826	1506	0	2
2025.07.14	03:00:00	1.16826	1.16938	1.16815	1.16934	1830	0	2
2025.07.14	04:00:00	1.16933	1.16975	1.16839	1.16845	1878	0	2
2025.07.14	05:00:00	1.16845	1.16901	1.16726	1.16743	1721	0	2
2025.07.14	06:00:00	1.16744	1.16851	1.16731	1.16810	1337	0	2
2025.07.14	07:00:00	1.16810	1.16820	1.16747	1.16747	1447	0	2
2025.07.14	08:00:00	1.16747	1.16786	1.16646	1.16696	1889	0	2
2025.07.14	09:00:00	1.16698	1.16701	1.16540	1.16634	2189	0	2
2025.07.14	10:00:00	1.16636	1.16873	1.16628	1.16855	2452	0	2
2025.07.14	11:00:00	1.16855	1.16887	1.16799	1.16825	1907	0	2
2025.07.14	12:00:00	1.16825	1.16920	1.16794	1.16914	1849	0	2
2025.07.14	13:00:00	1.16912	1.16953	1.16879	1.16947	1527	0	2
2025.07.14	14:00:00	1.16947	1.16969	1.16862	1.16887	1946	0	2
2025.07.14	15:00:00	1.16887	1.16918	1.16800	1.16857	1967	0	2
2025.07.14	16:00:00	1.16857	1.16865	1.16745	1.16819	2582	0	2
2025.07.14	17:00:00	1.16819	1.16942	1.16784	1.16834	2585	0	2
2025.07.14	18:00:00	1.16833	1.16958	1.16672	1.16712	2723	0	2
2025.07.14	19:00:00	1.16712	1.16756	1.16601	1.16623	2390	0	2
2025.07.14	20:00:00	1.16623	1.16667	1.16590	1.16627	1427	0	2
2025.07.14	21:00:00	1.16627	1.16728	1.16627	1.16702	1423	0	2
2025.07.14	22:00:00	1.16702	1.16716	1.16646	1.16681	1027	0	2
2025.07.14	23:00:00	1.16680	1.16689	1.16629	1.16636	684	0	3
2025.07.15	00:00:00	1.16619	1.16656	1.16611	1.16631	360	0	24
2025.07.15	01:00:00	1.16631	1.16677	1.16631	1.16664	628	0	3
2025.07.15	02:00:00	1.16664	1.16670	1.16603	1.16652	869	0	2
2025.07.15	03:00:00	1.16652	1.16771	1.16644	1.16721	1628	0	2
2025.07.15	04:00:00	1.16721	1.16745	1.16658	1.16690	1565	0	2
2025.07.15	05:00:00	1.16693	1.16750	1.16652	1.16743	1553	0	2
2025.07.15	06:00:00	1.16743	1.16776	1.16731	1.16757	1174	0	2
2025.07.15	07:00:00	1.16758	1.16801	1.16737	1.16757	977	0	2
2025.07.15	08:00:00	1.16757	1.16862	1.16756	1.16858	1293	0	2
2025.07.15	09:00:00	1.16858	1.16879	1.16743	1.16777	1817	0	2
2025.07.15	10:00:00	1.16777	1.16927	1.16717	1.16905	2314	0	2
2025.07.15	11:00:00	1.16903	1.16913	1.16818	1.16867	1827	0	2
2025.07.15	12:00:00	1.16868	1.16909	1.16813	1.16850	1726	0	2
2025.07.15	13:00:00	1.16849	1.16874	1.16762	1.16837	1567	0	2
2025.07.15	14:00:00	1.16837	1.16841	1.16675	1.16696	1770	0	2
2025.07.15	15:00:00	1.16696	1.16909	1.16622	1.16779	4063	0	2
2025.07.15	16:00:00	1.16779	1.16792	1.16388	1.16430	4855	0	2
2025.07.15	17:00:00	1.16430	1.16441	1.16153	1.16184	4874	0	2
2025.07.15	18:00:00	1.16184	1.16186	1.16007	1.16180	3331	0	2
2025.07.15	19:00:00	1.16180	1.16204	1.15935	1.15959	2566	0	2
2025.07.15	20:00:00	1.15960	1.16010	1.15928	1.15966	1709	0	2
2025.07.15	21:00:00	1.15966	1.16052	1.15951	1.16029	1514	0	2
2025.07.15	22:00:00	1.16029	1.16034	1.15991	1.16009	1250	0	2
2025.07.15	23:00:00	1.16008	1.16036	1.15989	1.16000	722	0	3
2025.07.16	00:00:00	1.15972	1.16005	1.15961	1.15987	261	0	24
2025.07.16	01:00:00	1.15987	1.16044	1.15978	1.16042	655	0	3
2025.07.16	02:00:00	1.16043	1.16079	1.16030	1.16073	641	0	2
2025.07.16	03:00:00	1.16073	1.16134	1.16022	1.16079	1630	0	2
2025.07.16	04:00:00	1.16075	1.16154	1.16063	1.16136	1738	0	2
2025.07.16	05:00:00	1.16136	1.16137	1.16069	1.16104	1200	0	2
2025.07.16	06:00:00	1.16104	1.16155	1.16058	1.16110	1140	0	2
2025.07.16	07:00:00	1.16114	1.16199	1.16103	1.16197	1209	0	2
2025.07.16	08:00:00	1.16197	1.16207	1.16144	1.16205	1464	0	2
2025.07.16	09:00:00	1.16205	1.16278	1.16185	1.16276	2113	0	2
2025.07.16	10:00:00	1.16277	1.16284	1.16126	1.16187	2207	0	2
2025.07.16	11:00:00	1.16187	1.16257	1.16178	1.16252	1974	0	2
2025.07.16	12:00:00	1.16252	1.16261	1.16130	1.16155	1835	0	2
2025.07.16	13:00:00	1.16155	1.16189	1.16091	1.16172	1528	0	2
2025.07.16	14:00:00	1.16172	1.16211	1.16008	1.16034	1952	0	2
2025.07.16	15:00:00	1.16033	1.16127	1.15925	1.15985	3666	0	2
2025.07.16	16:00:00	1.15985	1.16030	1.15629	1.15725	4139	0	2
2025.07.16	17:00:00	1.15727	1.16058	1.15621	1.15927	4001	0	2
2025.07.16	18:00:00	1.15922	1.17218	1.15922	1.16295	10990	0	2
2025.07.16	19:00:00	1.16289	1.16563	1.16153	1.16390	6207	0	2
2025.07.16	20:00:00	1.16390	1.16583	1.16363	1.16412	3428	0	2
2025.07.16	21:00:00	1.16413	1.16438	1.16273	1.16281	2114	0	2
2025.07.16	22:00:00	1.16281	1.16371	1.16205	1.16358	1956	0	2
2025.07.16	23:00:00	1.16358	1.16422	1.16333	1.16419	891	0	2
2025.07.17	00:00:00	1.16337	1.16404	1.16319	1.16333	664	0	24
2025.07.17	01:00:00	1.16340	1.16423	1.16336	1.16361	856	0	3
2025.07.17	02:00:00	1.16362	1.16400	1.16332	1.16356	769	0	2
2025.07.17	03:00:00	1.16354	1.16360	1.16170	1.16237	1663	0	2
2025.07.17	04:00:00	1.16239	1.16289	1.16134	1.16278	1927	0	2
2025.07.17	05:00:00	1.16276	1.16276	1.16168	1.16180	1589	0	2
2025.07.17	06:00:00	1.16180	1.16194	1.16141	1.16189	1306	0	2
2025.07.17	07:00:00	1.16188	1.16246	1.16157	1.16244	1068	0	2
2025.07.17	08:00:00	1.16244	1.16272	1.16165	1.16168	1394	0	2
2025.07.17	09:00:00	1.16168	1.16175	1.15732	1.15831	3445	0	2
2025.07.17	10:00:00	1.15831	1.15966	1.15740	1.15906	2893	0	2
2025.07.17	11:00:00	1.15905	1.16052	1.15894	1.16014	2018	0	2
2025.07.17	12:00:00	1.16019	1.16047	1.15886	1.15907	1587	0	2
2025.07.17	13:00:00	1.15907	1.15913	1.15832	1.15860	1412	0	2
2025.07.17	14:00:00	1.15860	1.15899	1.15703	1.15745	1670	0	2
2025.07.17	15:00:00	1.15743	1.15925	1.15564	1.15870	3613	0	2
2025.07.17	16:00:00	1.15870	1.15985	1.15801	1.15859	3377	0	2
2025.07.17	17:00:00	1.15859	1.15926	1.15775	1.15879	2937	0	2
2025.07.17	18:00:00	1.15878	1.16026	1.15853	1.15962	2383	0	2
2025.07.17	19:00:00	1.15963	1.16016	1.15834	1.15861	2114	0	2
2025.07.17	20:00:00	1.15862	1.15904	1.15821	1.15849	1602	0	2
2025.07.17	21:00:00	1.15849	1.15879	1.15799	1.15843	1285	0	2
2025.07.17	22:00:00	1.15843	1.15997	1.15842	1.15974	1527	0	2
2025.07.17	23:00:00	1.15973	1.16002	1.15939	1.15960	756	0	3
2025.07.18	00:00:00	1.15936	1.15972	1.15926	1.15957	492	0	24
2025.07.18	01:00:00	1.15959	1.16191	1.15959	1.16165	1012	0	3
2025.07.18	02:00:00	1.16170	1.16196	1.16144	1.16148	885	0	2
2025.07.18	03:00:00	1.16149	1.16276	1.16142	1.16244	1773	0	2
2025.07.18	04:00:00	1.16244	1.16343	1.16198	1.16288	1773	0	2
2025.07.18	05:00:00	1.16285	1.16312	1.16240	1.16291	1396	0	2
2025.07.18	06:00:00	1.16291	1.16317	1.16218	1.16237	1211	0	2
2025.07.18	07:00:00	1.16237	1.16238	1.16180	1.16193	1094	0	2
2025.07.18	08:00:00	1.16193	1.16204	1.16121	1.16171	1276	0	2
2025.07.18	09:00:00	1.16171	1.16225	1.16119	1.16202	1935	0	2
2025.07.18	10:00:00	1.16207	1.16312	1.16199	1.16289	2000	0	2
2025.07.18	11:00:00	1.16287	1.16456	1.16281	1.16354	2178	0	2
2025.07.18	12:00:00	1.16353	1.16431	1.16332	1.16333	1656	0	2
2025.07.18	13:00:00	1.16334	1.16420	1.16319	1.16400	1455	0	2
2025.07.18	14:00:00	1.16400	1.16480	1.16395	1.16444	1682	0	2
2025.07.18	15:00:00	1.16444	1.16584	1.16431	1.16562	2492	0	2
2025.07.18	16:00:00	1.16562	1.16675	1.16479	1.16658	2977	0	2
2025.07.18	17:00:00	1.16658	1.16718	1.16444	1.16478	3660	0	2
2025.07.18	18:00:00	1.16479	1.16578	1.16427	1.16446	2488	0	2
2025.07.18	19:00:00	1.16447	1.16488	1.16262	1.16285	2425	0	2
2025.07.18	20:00:00	1.16285	1.16297	1.16177	1.16270	1610	0	2
2025.07.18	21:00:00	1.16270	1.16279	1.16193	1.16215	1362	0	2
2025.07.18	22:00:00	1.16216	1.16231	1.16169	1.16223	1292	0	2
2025.07.18	23:00:00	1.16222	1.16274	1.16192	1.16223	883	0	3
2025.07.21	00:00:00	1.16222	1.16335	1.16222	1.16307	857	0	31
2025.07.21	01:00:00	1.16307	1.16327	1.16223	1.16262	2064	0	3
2025.07.21	02:00:00	1.16262	1.16317	1.16246	1.16297	1052	0	2
2025.07.21	03:00:00	1.16297	1.16363	1.16189	1.16192	1627	0	2
2025.07.21	04:00:00	1.16186	1.16253	1.16159	1.16174	1707	0	2
2025.07.21	05:00:00	1.16170	1.16243	1.16144	1.16220	1322	0	2
2025.07.21	06:00:00	1.16219	1.16256	1.16198	1.16252	1125	0	2
2025.07.21	07:00:00	1.16252	1.16300	1.16228	1.16291	887	0	2
2025.07.21	08:00:00	1.16291	1.16354	1.16275	1.16336	1322	0	2
2025.07.21	09:00:00	1.16335	1.16428	1.16293	1.16413	2092	0	2
2025.07.21	10:00:00	1.16416	1.16473	1.16356	1.16435	2069	0	2
2025.07.21	11:00:00	1.16435	1.16522	1.16364	1.16423	2093	0	2
2025.07.21	12:00:00	1.16423	1.16485	1.16382	1.16446	1602	0	2
2025.07.21	13:00:00	1.16447	1.16460	1.16335	1.16454	1597	0	2
2025.07.21	14:00:00	1.16454	1.16697	1.16445	1.16676	2118	0	2
2025.07.21	15:00:00	1.16676	1.16732	1.16625	1.16650	2132	0	2
2025.07.21	16:00:00	1.16650	1.16654	1.16575	1.16647	2147	0	2
2025.07.21	17:00:00	1.16646	1.16983	1.16638	1.16962	3418	0	2
2025.07.21	18:00:00	1.16963	1.17167	1.16955	1.17047	2814	0	2
2025.07.21	19:00:00	1.17047	1.17057	1.16953	1.16999	2022	0	2
2025.07.21	20:00:00	1.17000	1.17014	1.16858	1.16907	1548	0	2
2025.07.21	21:00:00	1.16907	1.16953	1.16868	1.16938	1479	0	2
2025.07.21	22:00:00	1.16938	1.16960	1.16892	1.16895	1251	0	2
2025.07.21	23:00:00	1.16894	1.16941	1.16882	1.16931	1028	0	3
2025.07.22	00:00:00	1.16892	1.16940	1.16892	1.16909	410	0	24
2025.07.22	01:00:00	1.16909	1.16947	1.16906	1.16946	569	0	3
2025.07.22	02:00:00	1.16947	1.16959	1.16903	1.16948	537	0	2
2025.07.22	03:00:00	1.16953	1.16953	1.16832	1.16884	1507	0	2
2025.07.22	04:00:00	1.16884	1.16901	1.16823	1.16880	1265	0	2
2025.07.22	05:00:00	1.16880	1.16956	1.16880	1.16904	935	0	2
2025.07.22	06:00:00	1.16904	1.16910	1.16850	1.16873	1039	0	2
2025.07.22	07:00:00	1.16873	1.16946	1.16859	1.16883	954	0	2
2025.07.22	08:00:00	1.16883	1.16921	1.16831	1.16871	1249	0	2
2025.07.22	09:00:00	1.16871	1.16921	1.16840	1.16913	1584	0	2
2025.07.22	10:00:00	1.16909	1.16922	1.16816	1.16858	1858	0	2
2025.07.22	11:00:00	1.16858	1.17033	1.16838	1.16983	2019	0	2
2025.07.22	12:00:00	1.16983	1.17069	1.16933	1.17053	1648	0	2
2025.07.22	13:00:00	1.17053	1.17094	1.16997	1.17018	1548	0	2
2025.07.22	14:00:00	1.17018	1.17038	1.16942	1.17014	1859	0	2
2025.07.22	15:00:00	1.17014	1.17048	1.16830	1.16906	2352	0	2
2025.07.22	16:00:00	1.16906	1.17045	1.16787	1.17043	3038	0	2
2025.07.22	17:00:00	1.17043	1.17262	1.16908	1.17222	3898	0	2
2025.07.22	18:00:00	1.17220	1.17491	1.17146	1.17479	3402	0	2
2025.07.22	19:00:00	1.17479	1.17605	1.17446	1.17550	2401	0	2
2025.07.22	20:00:00	1.17550	1.17553	1.17430	1.17457	1544	0	2
2025.07.22	21:00:00	1.17457	1.17482	1.17418	1.17480	1219	0	2
2025.07.22	22:00:00	1.17480	1.17528	1.17447	1.17514	1149	0	2
2025.07.22	23:00:00	1.17514	1.17526	1.17449	1.17517	915	0	3
2025.07.23	00:00:00	1.17532	1.17532	1.17468	1.17468	403	0	24
2025.07.23	01:00:00	1.17468	1.17504	1.17462	1.17481	783	0	3
2025.07.23	02:00:00	1.17482	1.17561	1.17364	1.17380	1480	0	2
2025.07.23	03:00:00	1.17376	1.17478	1.17334	1.17471	2300	0	2
2025.07.23	04:00:00	1.17475	1.17485	1.17304	1.17371	2118	0	2
2025.07.23	05:00:00	1.17368	1.17419	1.17325	1.17346	2195	0	2
2025.07.23	06:00:00	1.17347	1.17460	1.17340	1.17390	1536	0	2
2025.07.23	07:00:00	1.17388	1.17397	1.17320	1.17349	1270	0	2
2025.07.23	08:00:00	1.17349	1.17378	1.17269	1.17303	1591	0	2
2025.07.23	09:00:00	1.17303	1.17425	1.17301	1.17423	2196	0	2
2025.07.23	10:00:00	1.17423	1.17529	1.17337	1.17420	2549	0	2
2025.07.23	11:00:00	1.17420	1.17480	1.17308	1.17329	2094	0	2
2025.07.23	12:00:00	1.17329	1.17395	1.17303	1.17359	1935	0	2
2025.07.23	13:00:00	1.17359	1.17364	1.17229	1.17258	1831	0	2
2025.07.23	14:00:00	1.17258	1.17313	1.17233	1.17256	2017	0	2
2025.07.23	15:00:00	1.17257	1.17329	1.17201	1.17250	2095	0	2
2025.07.23	16:00:00	1.17250	1.17302	1.17109	1.17260	2903	0	2
2025.07.23	17:00:00	1.17262	1.17377	1.17232	1.17335	2851	0	2
2025.07.23	18:00:00	1.17335	1.17583	1.17217	1.17467	3281	0	2
2025.07.23	19:00:00	1.17467	1.17607	1.17428	1.17512	3826	0	2
2025.07.23	20:00:00	1.17512	1.17648	1.17455	1.17596	2743	0	2
2025.07.23	21:00:00	1.17596	1.17739	1.17594	1.17712	1843	0	2
2025.07.23	22:00:00	1.17716	1.17749	1.17678	1.17733	1613	0	2
2025.07.23	23:00:00	1.17734	1.17750	1.17660	1.17704	1281	0	3
2025.07.24	00:00:00	1.17671	1.17734	1.17662	1.17666	692	0	24
2025.07.24	01:00:00	1.17668	1.17746	1.17667	1.17734	788	0	3
2025.07.24	02:00:00	1.17736	1.17788	1.17728	1.17731	748	0	2
2025.07.24	03:00:00	1.17732	1.17734	1.17619	1.17669	1662	0	2
2025.07.24	04:00:00	1.17669	1.17794	1.17668	1.17749	2124	0	2
2025.07.24	05:00:00	1.17749	1.17785	1.17708	1.17767	1502	0	2
2025.07.24	06:00:00	1.17767	1.17800	1.17736	1.17750	1366	0	2
2025.07.24	07:00:00	1.17751	1.17779	1.17727	1.17741	1180	0	2
2025.07.24	08:00:00	1.17741	1.17782	1.17703	1.17709	1707	0	2
2025.07.24	09:00:00	1.17708	1.17729	1.17570	1.17571	2263	0	2
2025.07.24	10:00:00	1.17571	1.17697	1.17549	1.17616	2685	0	2
2025.07.24	11:00:00	1.17620	1.17681	1.17554	1.17579	2111	0	2
2025.07.24	12:00:00	1.17579	1.17592	1.17466	1.17524	1877	0	2
2025.07.24	13:00:00	1.17524	1.17547	1.17432	1.17489	1530	0	2
2025.07.24	14:00:00	1.17489	1.17563	1.17455	1.17557	1725	0	2
2025.07.24	15:00:00	1.17558	1.17586	1.17320	1.17360	3153	0	2
2025.07.24	16:00:00	1.17360	1.17769	1.17304	1.17714	4943	0	2
2025.07.24	17:00:00	1.17713	1.17886	1.17614	1.17662	3927	0	2
2025.07.24	18:00:00	1.17662	1.17783	1.17552	1.17646	3165	0	2
2025.07.24	19:00:00	1.17646	1.17725	1.17567	1.17624	2455	0	2
2025.07.24	20:00:00	1.17626	1.17779	1.17602	1.17697	1529	0	2
2025.07.24	21:00:00	1.17697	1.17708	1.17623	1.17659	1349	0	2
2025.07.24	22:00:00	1.17659	1.17700	1.17579	1.17580	1395	0	2
2025.07.24	23:00:00	1.17579	1.17598	1.17449	1.17473	1319	0	3
2025.07.25	00:00:00	1.17386	1.17489	1.17386	1.17452	773	0	24
2025.07.25	01:00:00	1.17451	1.17532	1.17438	1.17520	826	0	3
2025.07.25	02:00:00	1.17522	1.17573	1.17495	1.17547	919	0	2
2025.07.25	03:00:00	1.17547	1.17586	1.17488	1.17543	1885	0	2
2025.07.25	04:00:00	1.17543	1.17583	1.17390	1.17429	1976	0	2
2025.07.25	05:00:00	1.17429	1.17437	1.17339	1.17392	1278	0	2
2025.07.25	06:00:00	1.17392	1.17452	1.17369	1.17423	1192	0	2
2025.07.25	07:00:00	1.17423	1.17462	1.17340	1.17400	1273	0	2
2025.07.25	08:00:00	1.17400	1.17488	1.17370	1.17466	1599	0	2
2025.07.25	09:00:00	1.17465	1.17609	1.17419	1.17478	2501	0	2
2025.07.25	10:00:00	1.17477	1.17593	1.17477	1.17527	2797	0	2
2025.07.25	11:00:00	1.17526	1.17580	1.17415	1.17431	2837	0	2
2025.07.25	12:00:00	1.17431	1.17435	1.17331	1.17350	2052	0	2
2025.07.25	13:00:00	1.17350	1.17372	1.17245	1.17280	1637	0	2
2025.07.25	14:00:00	1.17280	1.17310	1.17114	1.17209	2190	0	2
2025.07.25	15:00:00	1.17209	1.17273	1.17115	1.17183	2418	0	2
2025.07.25	16:00:00	1.17183	1.17301	1.17030	1.17217	5496	0	2
2025.07.25	17:00:00	1.17225	1.17357	1.17216	1.17294	3298	0	2
2025.07.25	18:00:00	1.17294	1.17386	1.17219	1.17289	2596	0	2
2025.07.25	19:00:00	1.17290	1.17306	1.17203	1.17288	2329	0	2
2025.07.25	20:00:00	1.17287	1.17396	1.17286	1.17362	1379	0	2
2025.07.25	21:00:00	1.17363	1.17465	1.17355	1.17454	1477	0	2
2025.07.25	22:00:00	1.17452	1.17470	1.17410	1.17437	1109	0	2
2025.07.25	23:00:00	1.17436	1.17437	1.17373	1.17388	1255	0	3
2025.07.28	00:00:00	1.17504	1.17628	1.17504	1.17601	826	0	24
2025.07.28	01:00:00	1.17597	1.17688	1.17512	1.17551	1590	0	3
2025.07.28	02:00:00	1.17553	1.17607	1.17537	1.17556	1057	0	2
2025.07.28	03:00:00	1.17555	1.17705	1.17547	1.17638	2208	0	2
2025.07.28	04:00:00	1.17638	1.17696	1.17473	1.17524	2247	0	2
2025.07.28	05:00:00	1.17524	1.17572	1.17462	1.17547	1706	0	2
2025.07.28	06:00:00	1.17547	1.17571	1.17509	1.17565	1295	0	2
2025.07.28	07:00:00	1.17565	1.17580	1.17456	1.17474	1312	0	2
2025.07.28	08:00:00	1.17474	1.17476	1.17396	1.17407	1478	0	2
2025.07.28	09:00:00	1.17407	1.17445	1.17111	1.17212	3223	0	2
2025.07.28	10:00:00	1.17212	1.17238	1.16705	1.16748	4148	0	2
2025.07.28	11:00:00	1.16748	1.16901	1.16710	1.16791	3183	0	2
2025.07.28	12:00:00	1.16790	1.16844	1.16581	1.16669	2729	0	2
2025.07.28	13:00:00	1.16666	1.16720	1.16550	1.16577	2602	0	2
2025.07.28	14:00:00	1.16577	1.16586	1.16436	1.16510	3301	0	2
2025.07.28	15:00:00	1.16511	1.16652	1.16479	1.16578	3643	0	2
2025.07.28	16:00:00	1.16578	1.16620	1.16256	1.16339	3764	0	2
2025.07.28	17:00:00	1.16332	1.16473	1.16307	1.16372	3574	0	2
2025.07.28	18:00:00	1.16372	1.16392	1.16079	1.16088	3113	0	2
2025.07.28	19:00:00	1.16089	1.16107	1.15982	1.15991	2162	0	2
2025.07.28	20:00:00	1.15991	1.16012	1.15894	1.15922	1763	0	2
2025.07.28	21:00:00	1.15922	1.15946	1.15852	1.15946	1572	0	2
2025.07.28	22:00:00	1.15946	1.15960	1.15890	1.15914	1318	0	2
2025.07.28	23:00:00	1.15914	1.15940	1.15861	1.15881	979	0	3
2025.07.29	00:00:00	1.15877	1.15900	1.15872	1.15896	465	0	24
2025.07.29	01:00:00	1.15896	1.15942	1.15872	1.15935	889	0	3
2025.07.29	02:00:00	1.15937	1.15967	1.15891	1.15964	690	0	2
2025.07.29	03:00:00	1.15964	1.15976	1.15842	1.15849	1633	0	2
2025.07.29	04:00:00	1.15849	1.15982	1.15849	1.15910	1756	0	2
2025.07.29	05:00:00	1.15910	1.15992	1.15909	1.15969	1471	0	2
2025.07.29	06:00:00	1.15969	1.15984	1.15814	1.15828	1317	0	2
2025.07.29	07:00:00	1.15828	1.15887	1.15744	1.15886	1496	0	2
2025.07.29	08:00:00	1.15886	1.15901	1.15768	1.15787	1415	0	2
2025.07.29	09:00:00	1.15788	1.15858	1.15316	1.15338	3502	0	2
2025.07.29	10:00:00	1.15340	1.15548	1.15267	1.15548	4234	0	2
2025.07.29	11:00:00	1.15543	1.15694	1.15524	1.15689	2700	0	2
2025.07.29	12:00:00	1.15691	1.15848	1.15630	1.15766	2610	0	2
2025.07.29	13:00:00	1.15766	1.15882	1.15725	1.15740	1999	0	2
2025.07.29	14:00:00	1.15740	1.15747	1.15374	1.15400	3011	0	2
2025.07.29	15:00:00	1.15399	1.15421	1.15247	1.15247	2982	0	2
2025.07.29	16:00:00	1.15247	1.15468	1.15188	1.15461	3600	0	2
2025.07.29	17:00:00	1.15458	1.15514	1.15213	1.15228	5084	0	2
2025.07.29	18:00:00	1.15228	1.15409	1.15218	1.15334	3175	0	2
2025.07.29	19:00:00	1.15334	1.15494	1.15334	1.15413	2350	0	2
2025.07.29	20:00:00	1.15412	1.15604	1.15399	1.15415	2600	0	2
2025.07.29	21:00:00	1.15415	1.15504	1.15375	1.15502	1870	0	2
2025.07.29	22:00:00	1.15502	1.15574	1.15489	1.15498	1662	0	2
2025.07.29	23:00:00	1.15496	1.15525	1.15447	1.15449	829	0	3
2025.07.30	00:00:00	1.15447	1.15476	1.15446	1.15475	278	0	24
2025.07.30	01:00:00	1.15491	1.15504	1.15464	1.15495	648	0	3
2025.07.30	02:00:00	1.15496	1.15510	1.15466	1.15510	685	0	2
2025.07.30	03:00:00	1.15508	1.15677	1.15508	1.15671	1961	0	2
2025.07.30	04:00:00	1.15670	1.15726	1.15602	1.15641	2195	0	2
2025.07.30	05:00:00	1.15642	1.15684	1.15604	1.15634	1334	0	2
2025.07.30	06:00:00	1.15634	1.15705	1.15578	1.15618	1350	0	2
2025.07.30	07:00:00	1.15618	1.15619	1.15501	1.15511	1193	0	2
2025.07.30	08:00:00	1.15511	1.15597	1.15481	1.15499	1674	0	2
2025.07.30	09:00:00	1.15499	1.15606	1.15401	1.15566	2506	0	2
2025.07.30	10:00:00	1.15566	1.15685	1.15513	1.15535	2496	0	2
2025.07.30	11:00:00	1.15535	1.15593	1.15486	1.15567	2140	0	2
2025.07.30	12:00:00	1.15566	1.15604	1.15448	1.15518	2208	0	2
2025.07.30	13:00:00	1.15516	1.15548	1.15322	1.15393	2097	0	2
2025.07.30	14:00:00	1.15393	1.15407	1.15220	1.15312	2252	0	2
2025.07.30	15:00:00	1.15314	1.15346	1.14690	1.14730	4851	0	2
2025.07.30	16:00:00	1.14730	1.14808	1.14579	1.14694	4829	0	2
2025.07.30	17:00:00	1.14692	1.14819	1.14649	1.14804	3379	0	2
2025.07.30	18:00:00	1.14804	1.14849	1.14635	1.14688	2591	0	2
2025.07.30	19:00:00	1.14697	1.14743	1.14646	1.14738	2203	0	2
2025.07.30	20:00:00	1.14738	1.14819	1.14738	1.14789	1825	0	2
2025.07.30	21:00:00	1.14788	1.15033	1.14244	1.14244	7443	0	2
2025.07.30	22:00:00	1.14246	1.14359	1.14140	1.14239	4720	0	2
2025.07.30	23:00:00	1.14238	1.14294	1.14021	1.14056	1915	0	3
2025.07.31	00:00:00	1.14040	1.14093	1.14022	1.14077	764	0	24
2025.07.31	01:00:00	1.14075	1.14242	1.14049	1.14225	1142	0	3
2025.07.31	02:00:00	1.14225	1.14304	1.14194	1.14283	1005	0	2
2025.07.31	03:00:00	1.14281	1.14374	1.14279	1.14341	2143	0	2
2025.07.31	04:00:00	1.14341	1.14380	1.14234	1.14304	2224	0	2
2025.07.31	05:00:00	1.14305	1.14317	1.14210	1.14292	2078	0	2
2025.07.31	06:00:00	1.14294	1.14343	1.14074	1.14233	1962	0	2
2025.07.31	07:00:00	1.14233	1.14364	1.14192	1.14354	1536	0	2
2025.07.31	08:00:00	1.14353	1.14429	1.14307	1.14367	1822	0	2
2025.07.31	09:00:00	1.14366	1.14608	1.14352	1.14585	2886	0	2
2025.07.31	10:00:00	1.14583	1.14583	1.14330	1.14487	2841	0	2
2025.07.31	11:00:00	1.14487	1.14550	1.14380	1.14500	2651	0	2
2025.07.31	12:00:00	1.14500	1.14510	1.14324	1.14330	2076	0	2
2025.07.31	13:00:00	1.14330	1.14413	1.14206	1.14396	2081	0	2
2025.07.31	14:00:00	1.14396	1.14508	1.14359	1.14494	2527	0	2
2025.07.31	15:00:00	1.14492	1.14508	1.14248	1.14286	3732	0	2
2025.07.31	16:00:00	1.14286	1.14298	1.14060	1.14112	3716	0	2
2025.07.31	17:00:00	1.14112	1.14497	1.14075	1.14446	4418	0	2
2025.07.31	18:00:00	1.14443	1.14497	1.14281	1.14300	3617	0	2
2025.07.31	19:00:00	1.14300	1.14328	1.14214	1.14224	2912	0	2
2025.07.31	20:00:00	1.14224	1.14244	1.14149	1.14195	2002	0	2
2025.07.31	21:00:00	1.14195	1.14330	1.14155	1.14266	1763	0	2
2025.07.31	22:00:00	1.14263	1.14318	1.14121	1.14125	2044	0	2
2025.07.31	23:00:00	1.14123	1.14180	1.14094	1.14144	1413	0	3
2025.08.01	00:00:00	1.14145	1.14181	1.14142	1.14159	346	0	24
2025.08.01	01:00:00	1.14159	1.14227	1.14149	1.14175	1043	0	3
2025.08.01	02:00:00	1.14175	1.14260	1.14116	1.14218	1561	0	2
2025.08.01	03:00:00	1.14220	1.14289	1.14156	1.14244	2401	0	2
2025.08.01	04:00:00	1.14243	1.14287	1.14049	1.14071	2470	0	2
2025.08.01	05:00:00	1.14072	1.14149	1.14057	1.14111	1990	0	2
2025.08.01	06:00:00	1.14111	1.14221	1.14103	1.14184	1562	0	2
2025.08.01	07:00:00	1.14184	1.14214	1.14155	1.14192	1237	0	2
2025.08.01	08:00:00	1.14192	1.14347	1.14161	1.14306	1716	0	2
2025.08.01	09:00:00	1.14306	1.14378	1.14261	1.14290	2340	0	2
2025.08.01	10:00:00	1.14292	1.14340	1.14126	1.14188	2852	0	2
2025.08.01	11:00:00	1.14187	1.14204	1.14054	1.14064	2280	0	2
2025.08.01	12:00:00	1.14064	1.14126	1.13931	1.14008	2129	0	2
2025.08.01	13:00:00	1.14009	1.14175	1.14009	1.14121	2219	0	2
2025.08.01	14:00:00	1.14121	1.14223	1.14042	1.14046	2285	0	2
2025.08.01	15:00:00	1.14046	1.15585	1.13914	1.15453	8121	0	2
2025.08.01	16:00:00	1.15458	1.15831	1.15369	1.15585	8954	0	2
2025.08.01	17:00:00	1.15601	1.15877	1.15508	1.15560	8707	0	2
2025.08.01	18:00:00	1.15558	1.15651	1.15359	1.15543	4250	0	2
2025.08.01	19:00:00	1.15543	1.15645	1.15379	1.15392	3028	0	2
2025.08.01	20:00:00	1.15392	1.15392	1.15164	1.15267	3163	0	2
2025.08.01	21:00:00	1.15268	1.15478	1.15216	1.15256	2626	0	2
2025.08.01	22:00:00	1.15257	1.15821	1.15236	1.15687	3994	0	2
2025.08.01	23:00:00	1.15690	1.15968	1.15685	1.15952	2108	0	3
2025.08.04	00:00:00	1.15913	1.15954	1.15874	1.15884	697	0	24
2025.08.04	01:00:00	1.15884	1.15957	1.15783	1.15839	1976	0	3
2025.08.04	02:00:00	1.15841	1.15901	1.15780	1.15877	1796	0	2
2025.08.04	03:00:00	1.15876	1.15889	1.15557	1.15578	2863	0	2
2025.08.04	04:00:00	1.15578	1.15723	1.15502	1.15713	3142	0	2
2025.08.04	05:00:00	1.15715	1.15780	1.15675	1.15757	2080	0	2
2025.08.04	06:00:00	1.15756	1.15859	1.15756	1.15791	1801	0	2
2025.08.04	07:00:00	1.15790	1.15854	1.15743	1.15745	1462	0	2
2025.08.04	08:00:00	1.15745	1.15821	1.15671	1.15701	1932	0	2
2025.08.04	09:00:00	1.15701	1.15831	1.15633	1.15709	3042	0	2
2025.08.04	10:00:00	1.15715	1.15786	1.15506	1.15637	3350	0	2
2025.08.04	11:00:00	1.15637	1.15652	1.15496	1.15581	2821	0	2
2025.08.04	12:00:00	1.15580	1.15774	1.15553	1.15643	2629	0	2
2025.08.04	13:00:00	1.15643	1.15771	1.15550	1.15738	2331	0	2
2025.08.04	14:00:00	1.15738	1.15862	1.15645	1.15667	3078	0	2
2025.08.04	15:00:00	1.15668	1.15882	1.15605	1.15752	3552	0	2
2025.08.04	16:00:00	1.15752	1.15883	1.15729	1.15754	3826	0	2
2025.08.04	17:00:00	1.15758	1.15872	1.15569	1.15639	4535	0	2
2025.08.04	18:00:00	1.15639	1.15765	1.15611	1.15669	3602	0	2
2025.08.04	19:00:00	1.15669	1.15751	1.15568	1.15720	2446	0	2
2025.08.04	20:00:00	1.15719	1.15740	1.15641	1.15729	1970	0	2
2025.08.04	21:00:00	1.15729	1.15775	1.15639	1.15652	2177	0	2
2025.08.04	22:00:00	1.15652	1.15725	1.15630	1.15681	1698	0	2
2025.08.04	23:00:00	1.15680	1.15759	1.15652	1.15747	1039	0	2
2025.08.05	00:00:00	1.15675	1.15697	1.15616	1.15685	454	0	24
2025.08.05	01:00:00	1.15681	1.15811	1.15681	1.15791	1083	0	3
2025.08.05	02:00:00	1.15797	1.15855	1.15777	1.15838	1028	0	2
2025.08.05	03:00:00	1.15842	1.15879	1.15707	1.15717	1906	0	2
2025.08.05	04:00:00	1.15718	1.15740	1.15594	1.15638	2083	0	2
2025.08.05	05:00:00	1.15636	1.15643	1.15556	1.15603	1683	0	2
2025.08.05	06:00:00	1.15603	1.15614	1.15540	1.15555	1314	0	2
2025.08.05	07:00:00	1.15554	1.15602	1.15540	1.15583	1208	0	2
2025.08.05	08:00:00	1.15583	1.15583	1.15445	1.15479	1686	0	2
2025.08.05	09:00:00	1.15478	1.15612	1.15426	1.15508	2013	0	2
2025.08.05	10:00:00	1.15506	1.15623	1.15331	1.15463	2638	0	2
2025.08.05	11:00:00	1.15461	1.15492	1.15313	1.15368	2873	0	2
2025.08.05	12:00:00	1.15369	1.15464	1.15299	1.15422	2069	0	2
2025.08.05	13:00:00	1.15419	1.15456	1.15342	1.15443	1822	0	2
2025.08.05	14:00:00	1.15443	1.15479	1.15277	1.15394	2321	0	2
2025.08.05	15:00:00	1.15397	1.15484	1.15302	1.15370	3651	0	2
2025.08.05	16:00:00	1.15372	1.15542	1.15319	1.15352	3428	0	2
2025.08.05	17:00:00	1.15427	1.15661	1.15339	1.15650	5914	0	2
2025.08.05	18:00:00	1.15651	1.15845	1.15628	1.15795	3300	0	2
2025.08.05	19:00:00	1.15795	1.15860	1.15771	1.15826	2412	0	2
2025.08.05	20:00:00	1.15826	1.15830	1.15753	1.15781	1854	0	2
2025.08.05	21:00:00	1.15781	1.15796	1.15703	1.15734	1753	0	2
2025.08.05	22:00:00	1.15735	1.15748	1.15663	1.15727	1760	0	2
2025.08.05	23:00:00	1.15726	1.15770	1.15712	1.15758	1047	0	3
2025.08.06	00:00:00	1.15704	1.15751	1.15704	1.15729	400	0	24
2025.08.06	01:00:00	1.15740	1.15776	1.15707	1.15760	1004	0	3
2025.08.06	02:00:00	1.15762	1.15811	1.15729	1.15784	854	0	2
2025.08.06	03:00:00	1.15784	1.15851	1.15725	1.15736	1784	0	2
2025.08.06	04:00:00	1.15735	1.15735	1.15646	1.15667	1715	0	2
2025.08.06	05:00:00	1.15667	1.15718	1.15641	1.15692	1484	0	2
2025.08.06	06:00:00	1.15692	1.15818	1.15692	1.15801	1336	0	2
2025.08.06	07:00:00	1.15801	1.15860	1.15776	1.15828	1214	0	2
2025.08.06	08:00:00	1.15828	1.15833	1.15741	1.15784	1399	0	2
2025.08.06	09:00:00	1.15784	1.15881	1.15764	1.15785	2031	0	2
2025.08.06	10:00:00	1.15784	1.15820	1.15711	1.15809	2304	0	2
2025.08.06	11:00:00	1.15813	1.15834	1.15703	1.15749	2160	0	2
2025.08.06	12:00:00	1.15742	1.15878	1.15742	1.15849	1981	0	2
2025.08.06	13:00:00	1.15848	1.16108	1.15840	1.16070	2682	0	2
2025.08.06	14:00:00	1.16070	1.16149	1.15976	1.16040	1919	0	2
2025.08.06	15:00:00	1.16039	1.16285	1.16002	1.16235	2483	0	2
2025.08.06	16:00:00	1.16235	1.16358	1.16172	1.16358	3593	0	2
2025.08.06	17:00:00	1.16357	1.16377	1.16222	1.16274	3672	0	2
2025.08.06	18:00:00	1.16274	1.16468	1.16227	1.16463	4054	0	2
2025.08.06	19:00:00	1.16461	1.16481	1.16306	1.16346	2949	0	2
2025.08.06	20:00:00	1.16346	1.16550	1.16329	1.16489	2428	0	2
2025.08.06	21:00:00	1.16494	1.16685	1.16479	1.16624	2082	0	2
2025.08.06	22:00:00	1.16623	1.16640	1.16524	1.16563	1418	0	2
2025.08.06	23:00:00	1.16564	1.16591	1.16499	1.16561	1359	0	3
2025.08.07	00:00:00	1.16537	1.16583	1.16515	1.16566	555	0	25
2025.08.07	01:00:00	1.16564	1.16658	1.16561	1.16635	1082	0	3
2025.08.07	02:00:00	1.16636	1.16639	1.16591	1.16632	997	0	2
2025.08.07	03:00:00	1.16631	1.16637	1.16506	1.16524	1900	0	2
2025.08.07	04:00:00	1.16524	1.16628	1.16494	1.16577	2009	0	2
2025.08.07	05:00:00	1.16577	1.16651	1.16559	1.16575	1385	0	2
2025.08.07	06:00:00	1.16575	1.16652	1.16530	1.16645	1343	0	2
2025.08.07	07:00:00	1.16645	1.16764	1.16628	1.16711	1477	0	2
2025.08.07	08:00:00	1.16712	1.16764	1.16684	1.16750	1589	0	2
2025.08.07	09:00:00	1.16750	1.16796	1.16679	1.16760	2165	0	2
2025.08.07	10:00:00	1.16763	1.16912	1.16733	1.16896	2496	0	2
2025.08.07	11:00:00	1.16891	1.16989	1.16754	1.16827	3215	0	2
2025.08.07	12:00:00	1.16832	1.16847	1.16703	1.16706	2027	0	2
2025.08.07	13:00:00	1.16705	1.16717	1.16614	1.16701	2495	0	2
2025.08.07	14:00:00	1.16702	1.16764	1.16339	1.16445	4067	0	2
2025.08.07	15:00:00	1.16446	1.16622	1.16374	1.16510	4113	0	2
2025.08.07	16:00:00	1.16510	1.16584	1.16379	1.16428	4371	0	2
2025.08.07	17:00:00	1.16428	1.16497	1.16140	1.16242	5519	0	2
2025.08.07	18:00:00	1.16242	1.16419	1.16108	1.16398	3415	0	2
2025.08.07	19:00:00	1.16399	1.16445	1.16350	1.16382	1884	0	2
2025.08.07	20:00:00	1.16383	1.16396	1.16321	1.16329	2116	0	2
2025.08.07	21:00:00	1.16330	1.16370	1.16213	1.16219	1896	0	2
2025.08.07	22:00:00	1.16223	1.16565	1.16190	1.16543	2987	0	2
2025.08.07	23:00:00	1.16545	1.16712	1.16543	1.16666	1538	0	3
2025.08.08	00:00:00	1.16602	1.16677	1.16584	1.16645	742	0	24
2025.08.08	01:00:00	1.16653	1.16744	1.16645	1.16723	1192	0	3
2025.08.08	02:00:00	1.16723	1.16782	1.16698	1.16767	1354	0	2
2025.08.08	03:00:00	1.16767	1.16793	1.16671	1.16726	2258	0	2
2025.08.08	04:00:00	1.16726	1.16737	1.16550	1.16571	2252	0	2
2025.08.08	05:00:00	1.16571	1.16649	1.16571	1.16607	1391	0	2
2025.08.08	06:00:00	1.16607	1.16611	1.16549	1.16597	1445	0	2
2025.08.08	07:00:00	1.16597	1.16633	1.16573	1.16582	1284	0	2
2025.08.08	08:00:00	1.16578	1.16599	1.16388	1.16409	1807	0	2
2025.08.08	09:00:00	1.16410	1.16528	1.16409	1.16501	1775	0	2
2025.08.08	10:00:00	1.16501	1.16644	1.16486	1.16591	2620	0	2
2025.08.08	11:00:00	1.16591	1.16628	1.16344	1.16372	2693	0	2
2025.08.08	12:00:00	1.16370	1.16438	1.16298	1.16417	2535	0	2
2025.08.08	13:00:00	1.16417	1.16474	1.16287	1.16356	2222	0	2
2025.08.08	14:00:00	1.16357	1.16493	1.16350	1.16437	2195	0	2
2025.08.08	15:00:00	1.16437	1.16540	1.16377	1.16417	2949	0	2
2025.08.08	16:00:00	1.16417	1.16550	1.16413	1.16486	2929	0	2
2025.08.08	17:00:00	1.16481	1.16629	1.16458	1.16561	3160	0	2
2025.08.08	18:00:00	1.16555	1.16677	1.16542	1.16597	2303	0	2
2025.08.08	19:00:00	1.16596	1.16628	1.16495	1.16564	2071	0	2
2025.08.08	20:00:00	1.16564	1.16666	1.16535	1.16585	1506	0	2
2025.08.08	21:00:00	1.16588	1.16627	1.16477	1.16558	2382	0	2
2025.08.08	22:00:00	1.16558	1.16561	1.16363	1.16424	2011	0	2
2025.08.08	23:00:00	1.16423	1.16435	1.16376	1.16400	1201	0	3
2025.08.11	00:00:00	1.16407	1.16476	1.16407	1.16430	343	0	27
2025.08.11	01:00:00	1.16436	1.16510	1.16422	1.16466	1003	0	3
2025.08.11	02:00:00	1.16469	1.16507	1.16444	1.16473	805	0	2
2025.08.11	03:00:00	1.16474	1.16484	1.16418	1.16474	1447	0	2
2025.08.11	04:00:00	1.16472	1.16588	1.16454	1.16588	1475	0	2
2025.08.11	05:00:00	1.16588	1.16683	1.16588	1.16659	1290	0	2
2025.08.11	06:00:00	1.16659	1.16753	1.16648	1.16712	1191	0	2
2025.08.11	07:00:00	1.16712	1.16753	1.16707	1.16719	944	0	2
2025.08.11	08:00:00	1.16719	1.16725	1.16672	1.16691	1524	0	2
2025.08.11	09:00:00	1.16691	1.16739	1.16631	1.16642	1689	0	2
2025.08.11	10:00:00	1.16639	1.16658	1.16458	1.16471	2470	0	2
2025.08.11	11:00:00	1.16472	1.16603	1.16442	1.16553	2123	0	2
2025.08.11	12:00:00	1.16546	1.16579	1.16383	1.16413	1913	0	2
2025.08.11	13:00:00	1.16413	1.16478	1.16406	1.16469	1540	0	2
2025.08.11	14:00:00	1.16469	1.16469	1.16230	1.16287	2101	0	2
2025.08.11	15:00:00	1.16288	1.16310	1.16140	1.16201	2482	0	2
2025.08.11	16:00:00	1.16201	1.16276	1.16159	1.16195	2483	0	2
2025.08.11	17:00:00	1.16195	1.16203	1.15903	1.15958	3207	0	2
2025.08.11	18:00:00	1.15958	1.16070	1.15899	1.16065	2430	0	2
2025.08.11	19:00:00	1.16065	1.16118	1.16017	1.16075	1845	0	2
2025.08.11	20:00:00	1.16075	1.16123	1.15985	1.16109	1687	0	2
2025.08.11	21:00:00	1.16109	1.16142	1.16069	1.16120	1586	0	2
2025.08.11	22:00:00	1.16121	1.16127	1.16021	1.16048	1279	0	2
2025.08.11	23:00:00	1.16048	1.16192	1.16041	1.16184	911	0	3
2025.08.12	00:00:00	1.16123	1.16148	1.16099	1.16138	715	0	24
2025.08.12	01:00:00	1.16141	1.16183	1.16100	1.16128	766	0	3
2025.08.12	02:00:00	1.16132	1.16174	1.16125	1.16162	914	0	2
2025.08.12	03:00:00	1.16161	1.16198	1.16116	1.16152	2067	0	2
2025.08.12	04:00:00	1.16152	1.16252	1.16144	1.16191	1870	0	2
2025.08.12	05:00:00	1.16191	1.16253	1.16174	1.16227	1229	0	2
2025.08.12	06:00:00	1.16227	1.16243	1.16182	1.16205	1213	0	2
2025.08.12	07:00:00	1.16204	1.16276	1.16157	1.16275	1509	0	2
2025.08.12	08:00:00	1.16275	1.16290	1.16129	1.16136	2749	0	2
2025.08.12	09:00:00	1.16135	1.16184	1.16079	1.16089	2815	0	2
2025.08.12	10:00:00	1.16089	1.16238	1.16079	1.16202	2782	0	2
2025.08.12	11:00:00	1.16202	1.16223	1.16116	1.16149	2162	0	2
2025.08.12	12:00:00	1.16149	1.16182	1.16001	1.16065	2337	0	2
2025.08.12	13:00:00	1.16062	1.16131	1.16056	1.16101	1882	0	2
2025.08.12	14:00:00	1.16101	1.16109	1.15986	1.16052	2163	0	2
2025.08.12	15:00:00	1.16052	1.16558	1.16011	1.16424	8243	0	2
2025.08.12	16:00:00	1.16424	1.16674	1.16175	1.16521	9436	0	2
2025.08.12	17:00:00	1.16521	1.16627	1.16417	1.16580	5982	0	2
2025.08.12	18:00:00	1.16579	1.16972	1.16562	1.16721	5227	0	2
2025.08.12	19:00:00	1.16721	1.16858	1.16655	1.16796	3468	0	2
2025.08.12	20:00:00	1.16795	1.16804	1.16710	1.16730	2586	0	2
2025.08.12	21:00:00	1.16731	1.16786	1.16644	1.16688	2127	0	2
2025.08.12	22:00:00	1.16687	1.16756	1.16644	1.16747	1655	0	2
2025.08.12	23:00:00	1.16747	1.16767	1.16714	1.16727	1058	0	2
2025.08.13	00:00:00	1.16723	1.16736	1.16681	1.16723	524	0	24
2025.08.13	01:00:00	1.16724	1.16773	1.16723	1.16764	1050	0	3
2025.08.13	02:00:00	1.16764	1.16792	1.16752	1.16775	767	0	2
2025.08.13	03:00:00	1.16775	1.16806	1.16705	1.16799	1642	0	2
2025.08.13	04:00:00	1.16799	1.16863	1.16758	1.16770	1983	0	2
2025.08.13	05:00:00	1.16770	1.16858	1.16703	1.16816	1724	0	2
2025.08.13	06:00:00	1.16815	1.16875	1.16793	1.16838	1163	0	2
2025.08.13	07:00:00	1.16837	1.16861	1.16816	1.16841	1172	0	2
2025.08.13	08:00:00	1.16841	1.16851	1.16763	1.16791	1880	0	2
2025.08.13	09:00:00	1.16791	1.16970	1.16788	1.16922	2694	0	2
2025.08.13	10:00:00	1.16921	1.17127	1.16917	1.17080	3518	0	2
2025.08.13	11:00:00	1.17079	1.17206	1.17068	1.17139	3048	0	2
2025.08.13	12:00:00	1.17142	1.17302	1.17139	1.17292	2382	0	2
2025.08.13	13:00:00	1.17292	1.17302	1.17161	1.17163	2228	0	2
2025.08.13	14:00:00	1.17163	1.17191	1.17078	1.17190	2064	0	2
2025.08.13	15:00:00	1.17190	1.17216	1.16972	1.16989	2799	0	2
2025.08.13	16:00:00	1.16989	1.17070	1.16927	1.17045	3468	0	2
2025.08.13	17:00:00	1.17045	1.17234	1.17026	1.17200	3931	0	2
2025.08.13	18:00:00	1.17200	1.17224	1.17082	1.17137	3291	0	2
2025.08.13	19:00:00	1.17135	1.17150	1.17063	1.17067	2212	0	2
2025.08.13	20:00:00	1.17068	1.17107	1.17026	1.17039	1988	0	2
2025.08.13	21:00:00	1.17040	1.17043	1.16958	1.17004	1654	0	2
2025.08.13	22:00:00	1.17004	1.17040	1.16972	1.16994	1436	0	2
2025.08.13	23:00:00	1.16994	1.17066	1.16991	1.17052	894	0	2
2025.08.14	00:00:00	1.17021	1.17062	1.16997	1.17040	750	0	24
2025.08.14	01:00:00	1.17051	1.17081	1.17038	1.17080	690	0	3
2025.08.14	02:00:00	1.17080	1.17125	1.17075	1.17124	773	0	2
2025.08.14	03:00:00	1.17124	1.17147	1.17089	1.17112	1685	0	2
2025.08.14	04:00:00	1.17112	1.17151	1.17090	1.17128	2143	0	2
2025.08.14	05:00:00	1.17128	1.17128	1.16987	1.17048	1940	0	2
2025.08.14	06:00:00	1.17048	1.17051	1.16992	1.17036	1422	0	2
2025.08.14	07:00:00	1.17036	1.17065	1.17014	1.17037	1202	0	2
2025.08.14	08:00:00	1.17038	1.17038	1.16968	1.17011	1578	0	2
2025.08.14	09:00:00	1.17011	1.17065	1.16848	1.16850	2948	0	2
2025.08.14	10:00:00	1.16851	1.16927	1.16778	1.16798	3794	0	2
2025.08.14	11:00:00	1.16798	1.16852	1.16677	1.16683	2854	0	2
2025.08.14	12:00:00	1.16682	1.16869	1.16682	1.16818	2618	0	2
2025.08.14	13:00:00	1.16818	1.16972	1.16812	1.16953	2617	0	2
2025.08.14	14:00:00	1.16953	1.16964	1.16827	1.16876	2333	0	2
2025.08.14	15:00:00	1.16883	1.16924	1.16488	1.16637	6406	0	2
2025.08.14	16:00:00	1.16637	1.16714	1.16490	1.16500	5269	0	2
2025.08.14	17:00:00	1.16500	1.16664	1.16374	1.16609	4479	0	2
2025.08.14	18:00:00	1.16609	1.16621	1.16374	1.16430	4070	0	2
2025.08.14	19:00:00	1.16430	1.16451	1.16310	1.16344	3191	0	2
2025.08.14	20:00:00	1.16344	1.16437	1.16312	1.16367	2216	0	2
2025.08.14	21:00:00	1.16369	1.16424	1.16328	1.16414	1860	0	2
2025.08.14	22:00:00	1.16416	1.16503	1.16414	1.16482	1668	0	2
2025.08.14	23:00:00	1.16482	1.16501	1.16445	1.16484	830	0	2
2025.08.15	00:00:00	1.16475	1.16497	1.16468	1.16496	255	0	24
2025.08.15	01:00:00	1.16496	1.16528	1.16480	1.16497	777	0	3
2025.08.15	02:00:00	1.16499	1.16530	1.16458	1.16505	831	0	2
2025.08.15	03:00:00	1.16505	1.16531	1.16468	1.16520	1453	0	2
2025.08.15	04:00:00	1.16521	1.16579	1.16480	1.16528	1656	0	2
2025.08.15	05:00:00	1.16528	1.16576	1.16493	1.16566	1419	0	2
2025.08.15	06:00:00	1.16569	1.16646	1.16564	1.16600	1373	0	2
2025.08.15	07:00:00	1.16600	1.16636	1.16588	1.16627	941	0	2
2025.08.15	08:00:00	1.16627	1.16711	1.16612	1.16708	1379	0	2
2025.08.15	09:00:00	1.16708	1.16747	1.16650	1.16719	1873	0	2
2025.08.15	10:00:00	1.16718	1.16841	1.16718	1.16827	2435	0	2
2025.08.15	11:00:00	1.16827	1.16852	1.16765	1.16822	1936	0	2
2025.08.15	12:00:00	1.16822	1.16898	1.16801	1.16876	1780	0	2
2025.08.15	13:00:00	1.16876	1.16914	1.16805	1.16858	1632	0	2
2025.08.15	14:00:00	1.16858	1.16916	1.16814	1.16876	1617	0	2
2025.08.15	15:00:00	1.16876	1.17000	1.16732	1.16939	4197	0	2
2025.08.15	16:00:00	1.16939	1.17081	1.16817	1.17024	4391	0	2
2025.08.15	17:00:00	1.17024	1.17153	1.17003	1.17116	4500	0	2
2025.08.15	18:00:00	1.17115	1.17150	1.17032	1.17068	2754	0	2
2025.08.15	19:00:00	1.17068	1.17081	1.16994	1.17037	2006	0	2
2025.08.15	20:00:00	1.17037	1.17059	1.16992	1.17042	1735	0	2
2025.08.15	21:00:00	1.17043	1.17065	1.16986	1.17023	1702	0	2
2025.08.15	22:00:00	1.17023	1.17034	1.16997	1.17008	1338	0	2
2025.08.15	23:00:00	1.17008	1.17079	1.16999	1.17027	1156	0	2
2025.08.18	00:00:00	1.17079	1.17135	1.17072	1.17125	376	0	24
2025.08.18	01:00:00	1.17125	1.17153	1.17096	1.17135	1026	0	3
2025.08.18	02:00:00	1.17138	1.17144	1.17034	1.17062	1081	0	2
2025.08.18	03:00:00	1.17062	1.17105	1.16999	1.17017	1933	0	2
2025.08.18	04:00:00	1.17016	1.17046	1.16934	1.17032	1965	0	2
2025.08.18	05:00:00	1.17032	1.17054	1.16972	1.17012	1491	0	2
2025.08.18	06:00:00	1.17012	1.17046	1.16995	1.17036	1387	0	2
2025.08.18	07:00:00	1.17036	1.17104	1.17025	1.17085	1460	0	2
2025.08.18	08:00:00	1.17085	1.17090	1.17012	1.17059	1593	0	2
2025.08.18	09:00:00	1.17059	1.17079	1.16933	1.16964	2287	0	2
2025.08.18	10:00:00	1.16966	1.17033	1.16802	1.16814	2890	0	2
2025.08.18	11:00:00	1.16814	1.16874	1.16709	1.16818	2938	0	2
2025.08.18	12:00:00	1.16819	1.16860	1.16730	1.16801	2281	0	2
2025.08.18	13:00:00	1.16796	1.16829	1.16774	1.16809	1929	0	2
2025.08.18	14:00:00	1.16809	1.16883	1.16714	1.16749	2059	0	2
2025.08.18	15:00:00	1.16757	1.16789	1.16659	1.16764	2548	0	2
2025.08.18	16:00:00	1.16765	1.16778	1.16695	1.16778	2698	0	2
2025.08.18	17:00:00	1.16778	1.16844	1.16602	1.16641	3644	0	2
2025.08.18	18:00:00	1.16641	1.16748	1.16608	1.16671	2550	0	2
2025.08.18	19:00:00	1.16671	1.16673	1.16558	1.16578	2457	0	2
2025.08.18	20:00:00	1.16578	1.16666	1.16566	1.16628	1950	0	2
2025.08.18	21:00:00	1.16628	1.16679	1.16584	1.16600	1601	0	2
2025.08.18	22:00:00	1.16600	1.16704	1.16598	1.16670	1482	0	2
2025.08.18	23:00:00	1.16669	1.16693	1.16614	1.16614	1035	0	3
2025.08.19	00:00:00	1.16588	1.16607	1.16587	1.16601	282	0	24
2025.08.19	01:00:00	1.16601	1.16749	1.16595	1.16694	1160	0	3
2025.08.19	02:00:00	1.16695	1.16697	1.16620	1.16680	956	0	2
2025.08.19	03:00:00	1.16680	1.16701	1.16555	1.16585	1761	0	2
2025.08.19	04:00:00	1.16585	1.16622	1.16392	1.16494	2735	0	2
2025.08.19	05:00:00	1.16494	1.16558	1.16470	1.16526	1827	0	2
2025.08.19	06:00:00	1.16526	1.16589	1.16504	1.16549	1650	0	2
2025.08.19	07:00:00	1.16549	1.16619	1.16533	1.16607	1182	0	2
2025.08.19	08:00:00	1.16607	1.16658	1.16539	1.16553	1731	0	2
2025.08.19	09:00:00	1.16553	1.16747	1.16510	1.16744	2391	0	2
2025.08.19	10:00:00	1.16744	1.16843	1.16734	1.16836	2844	0	2
2025.08.19	11:00:00	1.16837	1.16844	1.16715	1.16749	2188	0	2
2025.08.19	12:00:00	1.16749	1.16821	1.16726	1.16801	1910	0	2
2025.08.19	13:00:00	1.16801	1.16921	1.16789	1.16887	1700	0	2
2025.08.19	14:00:00	1.16887	1.16928	1.16799	1.16856	1849	0	2
2025.08.19	15:00:00	1.16856	1.16880	1.16730	1.16755	2892	0	2
2025.08.19	16:00:00	1.16754	1.16783	1.16680	1.16763	3220	0	2
2025.08.19	17:00:00	1.16761	1.16775	1.16639	1.16721	3102	0	2
2025.08.19	18:00:00	1.16721	1.16753	1.16572	1.16584	2628	0	2
2025.08.19	19:00:00	1.16584	1.16632	1.16542	1.16563	2310	0	2
2025.08.19	20:00:00	1.16563	1.16607	1.16528	1.16546	1697	0	2
2025.08.19	21:00:00	1.16544	1.16546	1.16423	1.16473	1712	0	2
2025.08.19	22:00:00	1.16473	1.16482	1.16424	1.16464	1422	0	2
2025.08.19	23:00:00	1.16463	1.16478	1.16446	1.16463	1015	0	3
2025.08.20	00:00:00	1.16450	1.16484	1.16417	1.16443	795	0	35
2025.08.20	01:00:00	1.16442	1.16489	1.16431	1.16481	833	0	3
2025.08.20	02:00:00	1.16484	1.16484	1.16407	1.16414	772	0	2
2025.08.20	03:00:00	1.16413	1.16424	1.16313	1.16388	2049	0	2
2025.08.20	04:00:00	1.16388	1.16422	1.16270	1.16274	2387	0	2
2025.08.20	05:00:00	1.16274	1.16297	1.16219	1.16264	2658	0	2
2025.08.20	06:00:00	1.16264	1.16363	1.16264	1.16328	1919	0	2
2025.08.20	07:00:00	1.16328	1.16382	1.16323	1.16345	1164	0	2
2025.08.20	08:00:00	1.16345	1.16401	1.16322	1.16392	1491	0	2
2025.08.20	09:00:00	1.16390	1.16423	1.16232	1.16335	3056	0	2
2025.08.20	10:00:00	1.16335	1.16469	1.16333	1.16448	2928	0	2
2025.08.20	11:00:00	1.16448	1.16465	1.16314	1.16379	2498	0	2
2025.08.20	12:00:00	1.16379	1.16460	1.16349	1.16450	2021	0	2
2025.08.20	13:00:00	1.16450	1.16575	1.16434	1.16468	1977	0	2
2025.08.20	14:00:00	1.16468	1.16499	1.16402	1.16419	1886	0	2
2025.08.20	15:00:00	1.16421	1.16735	1.16421	1.16709	3456	0	2
2025.08.20	16:00:00	1.16709	1.16718	1.16557	1.16587	3467	0	2
2025.08.20	17:00:00	1.16587	1.16690	1.16484	1.16629	4295	0	2
2025.08.20	18:00:00	1.16629	1.16631	1.16462	1.16481	2902	0	2
2025.08.20	19:00:00	1.16481	1.16617	1.16478	1.16597	2221	0	2
2025.08.20	20:00:00	1.16596	1.16724	1.16591	1.16714	2110	0	2
2025.08.20	21:00:00	1.16713	1.16713	1.16546	1.16548	2463	0	2
2025.08.20	22:00:00	1.16547	1.16584	1.16524	1.16528	1449	0	2
2025.08.20	23:00:00	1.16528	1.16529	1.16468	1.16513	1061	0	3
2025.08.21	00:00:00	1.16498	1.16524	1.16470	1.16486	658	0	24
2025.08.21	01:00:00	1.16482	1.16550	1.16481	1.16525	848	0	3
2025.08.21	02:00:00	1.16526	1.16536	1.16480	1.16510	843	0	2
2025.08.21	03:00:00	1.16509	1.16516	1.16411	1.16468	1881	0	2
2025.08.21	04:00:00	1.16467	1.16504	1.16411	1.16458	2210	0	2
2025.08.21	05:00:00	1.16457	1.16496	1.16432	1.16466	1592	0	2
2025.08.21	06:00:00	1.16466	1.16486	1.16415	1.16460	1307	0	2
2025.08.21	07:00:00	1.16460	1.16482	1.16426	1.16455	1109	0	2
2025.08.21	08:00:00	1.16452	1.16493	1.16415	1.16493	1716	0	2
2025.08.21	09:00:00	1.16493	1.16497	1.16258	1.16299	2427	0	2
2025.08.21	10:00:00	1.16300	1.16612	1.16249	1.16584	3081	0	2
2025.08.21	11:00:00	1.16584	1.16592	1.16500	1.16548	2305	0	2
2025.08.21	12:00:00	1.16549	1.16626	1.16536	1.16546	1957	0	2
2025.08.21	13:00:00	1.16546	1.16566	1.16481	1.16492	1747	0	2
2025.08.21	14:00:00	1.16492	1.16572	1.16394	1.16404	2260	0	2
2025.08.21	15:00:00	1.16405	1.16563	1.16365	1.16466	3532	0	2
2025.08.21	16:00:00	1.16466	1.16500	1.16156	1.16211	4734	0	2
2025.08.21	17:00:00	1.16212	1.16294	1.16058	1.16157	5116	0	2
2025.08.21	18:00:00	1.16157	1.16260	1.16011	1.16044	4590	0	2
2025.08.21	19:00:00	1.16043	1.16118	1.16014	1.16111	2228	0	2
2025.08.21	20:00:00	1.16110	1.16186	1.16110	1.16149	1818	0	2
2025.08.21	21:00:00	1.16149	1.16169	1.16068	1.16096	1800	0	2
2025.08.21	22:00:00	1.16096	1.16100	1.16037	1.16049	1431	0	2
2025.08.21	23:00:00	1.16050	1.16082	1.16033	1.16059	854	0	2
2025.08.22	00:00:00	1.16034	1.16090	1.16020	1.16040	1434	0	24
2025.08.22	01:00:00	1.16044	1.16134	1.16040	1.16131	727	0	3
2025.08.22	02:00:00	1.16129	1.16148	1.16091	1.16126	783	0	2
2025.08.22	03:00:00	1.16125	1.16166	1.16104	1.16146	1528	0	2
2025.08.22	04:00:00	1.16147	1.16156	1.16039	1.16080	1746	0	2
2025.08.22	05:00:00	1.16079	1.16141	1.16047	1.16087	1511	0	2
2025.08.22	06:00:00	1.16087	1.16088	1.15886	1.15896	1738	0	2
2025.08.22	07:00:00	1.15896	1.15940	1.15829	1.15845	1585	0	2
2025.08.22	08:00:00	1.15845	1.15890	1.15832	1.15869	1463	0	2
2025.08.22	09:00:00	1.15868	1.15952	1.15834	1.15884	2162	0	2
2025.08.22	10:00:00	1.15885	1.15989	1.15882	1.15945	2070	0	2
2025.08.22	11:00:00	1.15945	1.15996	1.15911	1.15993	1763	0	2
2025.08.22	12:00:00	1.15993	1.16022	1.15953	1.15964	1761	0	2
2025.08.22	13:00:00	1.15963	1.16000	1.15933	1.15959	1582	0	2
2025.08.22	14:00:00	1.15959	1.16063	1.15948	1.16044	2165	0	2
2025.08.22	15:00:00	1.16045	1.16137	1.16045	1.16086	2299	0	2
2025.08.22	16:00:00	1.16087	1.16190	1.15975	1.16003	3071	0	2
2025.08.22	17:00:00	1.16003	1.17200	1.16003	1.17181	12957	0	2
2025.08.22	18:00:00	1.17181	1.17323	1.17121	1.17121	5710	0	2
2025.08.22	19:00:00	1.17121	1.17265	1.17120	1.17218	3924	0	2
2025.08.22	20:00:00	1.17218	1.17425	1.17218	1.17367	3080	0	2
2025.08.22	21:00:00	1.17366	1.17394	1.17209	1.17211	2202	0	2
2025.08.22	22:00:00	1.17213	1.17225	1.17148	1.17198	1984	0	2
2025.08.22	23:00:00	1.17198	1.17264	1.17178	1.17208	1197	0	3
2025.08.25	00:00:00	1.17218	1.17259	1.17211	1.17215	311	0	24
2025.08.25	01:00:00	1.17215	1.17232	1.17104	1.17126	1231	0	3
2025.08.25	02:00:00	1.17126	1.17144	1.17072	1.17082	1106	0	2
2025.08.25	03:00:00	1.17082	1.17083	1.16953	1.16979	1906	0	2
2025.08.25	04:00:00	1.16979	1.17037	1.16934	1.16964	1853	0	2
2025.08.25	05:00:00	1.16964	1.17001	1.16937	1.16969	1417	0	2
2025.08.25	06:00:00	1.16969	1.17076	1.16969	1.17067	1228	0	2
2025.08.25	07:00:00	1.17067	1.17078	1.17033	1.17057	1030	0	2
2025.08.25	08:00:00	1.17057	1.17057	1.16982	1.17004	1269	0	2
2025.08.25	09:00:00	1.17004	1.17202	1.17004	1.17146	2416	0	2
2025.08.25	10:00:00	1.17146	1.17180	1.16942	1.16978	2232	0	2
2025.08.25	11:00:00	1.16978	1.17108	1.16976	1.17040	1877	0	2
2025.08.25	12:00:00	1.17040	1.17046	1.16899	1.16932	1513	0	2
2025.08.25	13:00:00	1.16932	1.16972	1.16851	1.16876	1631	0	2
2025.08.25	14:00:00	1.16876	1.17031	1.16874	1.17028	1918	0	2
2025.08.25	15:00:00	1.17028	1.17036	1.16936	1.16997	2175	0	2
2025.08.25	16:00:00	1.16997	1.17089	1.16946	1.17029	2477	0	2
2025.08.25	17:00:00	1.17029	1.17056	1.16890	1.16900	3522	0	2
2025.08.25	18:00:00	1.16900	1.16915	1.16652	1.16691	3545	0	2
2025.08.25	19:00:00	1.16691	1.16694	1.16511	1.16548	2802	0	2
2025.08.25	20:00:00	1.16548	1.16558	1.16409	1.16468	2413	0	2
2025.08.25	21:00:00	1.16468	1.16484	1.16188	1.16204	2659	0	2
2025.08.25	22:00:00	1.16204	1.16214	1.16027	1.16094	2853	0	2
2025.08.25	23:00:00	1.16094	1.16251	1.16092	1.16205	1273	0	3
2025.08.26	00:00:00	1.16178	1.16192	1.16136	1.16189	856	0	24
2025.08.26	01:00:00	1.16189	1.16223	1.16180	1.16203	915	0	3
2025.08.26	02:00:00	1.16203	1.16211	1.16122	1.16144	1015	0	2
2025.08.26	03:00:00	1.16144	1.16600	1.16101	1.16478	6029	0	2
2025.08.26	04:00:00	1.16478	1.16500	1.16349	1.16418	3124	0	2
2025.08.26	05:00:00	1.16418	1.16471	1.16323	1.16365	2208	0	2
2025.08.26	06:00:00	1.16365	1.16365	1.16238	1.16257	1880	0	2
2025.08.26	07:00:00	1.16257	1.16322	1.16235	1.16318	1421	0	2
2025.08.26	08:00:00	1.16318	1.16444	1.16293	1.16413	1899	0	2
2025.08.26	09:00:00	1.16413	1.16413	1.16132	1.16221	3592	0	2
2025.08.26	10:00:00	1.16221	1.16286	1.16021	1.16216	3994	0	2
2025.08.26	11:00:00	1.16216	1.16249	1.16057	1.16179	3063	0	2
2025.08.26	12:00:00	1.16179	1.16435	1.16176	1.16425	2663	0	2
2025.08.26	13:00:00	1.16425	1.16475	1.16370	1.16448	2006	0	2
2025.08.26	14:00:00	1.16448	1.16605	1.16413	1.16536	2434	0	2
2025.08.26	15:00:00	1.16536	1.16598	1.16447	1.16464	3722	0	2
2025.08.26	16:00:00	1.16460	1.16565	1.16371	1.16514	4038	0	2
2025.08.26	17:00:00	1.16514	1.16652	1.16434	1.16546	4357	0	2
2025.08.26	18:00:00	1.16546	1.16636	1.16486	1.16555	3306	0	2
2025.08.26	19:00:00	1.16555	1.16615	1.16483	1.16488	2237	0	2
2025.08.26	20:00:00	1.16488	1.16527	1.16376	1.16376	2168	0	2
2025.08.26	21:00:00	1.16376	1.16475	1.16334	1.16434	1922	0	2
2025.08.26	22:00:00	1.16434	1.16486	1.16396	1.16404	1685	0	2
2025.08.26	23:00:00	1.16405	1.16429	1.16333	1.16416	1006	0	3
2025.08.27	00:00:00	1.16406	1.16461	1.16405	1.16434	935	0	24
2025.08.27	01:00:00	1.16434	1.16475	1.16406	1.16428	745	0	3
2025.08.27	02:00:00	1.16428	1.16438	1.16368	1.16369	767	0	2
2025.08.27	03:00:00	1.16369	1.16418	1.16336	1.16367	1527	0	2
2025.08.27	04:00:00	1.16367	1.16407	1.16305	1.16337	1897	0	2
2025.08.27	05:00:00	1.16337	1.16341	1.16244	1.16312	1416	0	2
2025.08.27	06:00:00	1.16312	1.16329	1.16215	1.16251	1149	0	2
2025.08.27	07:00:00	1.16251	1.16253	1.16119	1.16142	1226	0	2
2025.08.27	08:00:00	1.16142	1.16205	1.16134	1.16202	1346	0	2
2025.08.27	09:00:00	1.16202	1.16238	1.16144	1.16208	2161	0	2
2025.08.27	10:00:00	1.16208	1.16219	1.15961	1.16033	2876	0	2
2025.08.27	11:00:00	1.16033	1.16036	1.15769	1.15886	3467	0	2
2025.08.27	12:00:00	1.15887	1.15951	1.15864	1.15901	2276	0	2
2025.08.27	13:00:00	1.15901	1.15926	1.15787	1.15794	2077	0	2
2025.08.27	14:00:00	1.15794	1.15897	1.15740	1.15861	2541	0	2
2025.08.27	15:00:00	1.15860	1.15982	1.15845	1.15863	3385	0	2
2025.08.27	16:00:00	1.15863	1.16037	1.15841	1.15978	3951	0	2
2025.08.27	17:00:00	1.15978	1.16028	1.15821	1.15924	4149	0	2
2025.08.27	18:00:00	1.15924	1.16122	1.15921	1.16107	3536	0	2
2025.08.27	19:00:00	1.16107	1.16407	1.16107	1.16381	2893	0	2
2025.08.27	20:00:00	1.16381	1.16428	1.16324	1.16376	2283	0	2
2025.08.27	21:00:00	1.16375	1.16382	1.16277	1.16306	1914	0	2
2025.08.27	22:00:00	1.16306	1.16351	1.16289	1.16337	1702	0	2
2025.08.27	23:00:00	1.16337	1.16380	1.16312	1.16375	982	0	3
2025.08.28	00:00:00	1.16356	1.16375	1.16301	1.16354	456	0	24
2025.08.28	01:00:00	1.16353	1.16438	1.16353	1.16434	955	0	3
2025.08.28	02:00:00	1.16434	1.16476	1.16424	1.16476	886	0	2
2025.08.28	03:00:00	1.16476	1.16494	1.16424	1.16454	1508	0	2
2025.08.28	04:00:00	1.16454	1.16504	1.16412	1.16451	1706	0	2
2025.08.28	05:00:00	1.16451	1.16546	1.16445	1.16527	1610	0	2
2025.08.28	06:00:00	1.16527	1.16543	1.16421	1.16430	1201	0	2
2025.08.28	07:00:00	1.16430	1.16440	1.16386	1.16398	1223	0	2
2025.08.28	08:00:00	1.16398	1.16408	1.16356	1.16373	1414	0	2
2025.08.28	09:00:00	1.16373	1.16451	1.16337	1.16428	2539	0	2
2025.08.28	10:00:00	1.16428	1.16495	1.16337	1.16437	3093	0	2
2025.08.28	11:00:00	1.16437	1.16455	1.16289	1.16423	2873	0	2
2025.08.28	12:00:00	1.16423	1.16543	1.16423	1.16488	2354	0	2
2025.08.28	13:00:00	1.16488	1.16749	1.16480	1.16713	2493	0	2
2025.08.28	14:00:00	1.16713	1.16736	1.16592	1.16664	2478	0	2
2025.08.28	15:00:00	1.16664	1.16871	1.16624	1.16694	5215	0	2
2025.08.28	16:00:00	1.16695	1.16772	1.16585	1.16720	4427	0	2
2025.08.28	17:00:00	1.16720	1.16860	1.16659	1.16703	4293	0	2
2025.08.28	18:00:00	1.16703	1.16753	1.16610	1.16720	3080	0	2
2025.08.28	19:00:00	1.16719	1.16900	1.16718	1.16893	2079	0	2
2025.08.28	20:00:00	1.16893	1.16973	1.16867	1.16877	2130	0	2
2025.08.28	21:00:00	1.16877	1.16902	1.16846	1.16889	1597	0	2
2025.08.28	22:00:00	1.16889	1.16899	1.16821	1.16825	1394	0	2
2025.08.28	23:00:00	1.16825	1.16831	1.16773	1.16815	857	0	2
2025.08.29	00:00:00	1.16805	1.16806	1.16739	1.16775	926	0	24
2025.08.29	01:00:00	1.16775	1.16805	1.16734	1.16741	1098	0	3
2025.08.29	02:00:00	1.16741	1.16818	1.16739	1.16783	604	0	2
2025.08.29	03:00:00	1.16783	1.16819	1.16725	1.16747	1577	0	2
2025.08.29	04:00:00	1.16747	1.16763	1.16561	1.16589	1954	0	2
2025.08.29	05:00:00	1.16589	1.16649	1.16588	1.16619	1574	0	2
2025.08.29	06:00:00	1.16619	1.16647	1.16597	1.16626	1263	0	2
2025.08.29	07:00:00	1.16626	1.16648	1.16583	1.16647	1053	0	2
2025.08.29	08:00:00	1.16647	1.16702	1.16611	1.16699	1358	0	2
2025.08.29	09:00:00	1.16699	1.16704	1.16611	1.16670	2244	0	2
2025.08.29	10:00:00	1.16669	1.16770	1.16625	1.16760	2771	0	2
2025.08.29	11:00:00	1.16760	1.16903	1.16695	1.16758	3124	0	2
2025.08.29	12:00:00	1.16758	1.16825	1.16689	1.16729	2478	0	2
2025.08.29	13:00:00	1.16729	1.16745	1.16649	1.16676	2130	0	2
2025.08.29	14:00:00	1.16676	1.16681	1.16610	1.16630	1851	0	2
2025.08.29	15:00:00	1.16630	1.16640	1.16507	1.16586	3730	0	2
2025.08.29	16:00:00	1.16586	1.16731	1.16536	1.16682	3632	0	2
2025.08.29	17:00:00	1.16682	1.17051	1.16682	1.17043	5548	0	2
2025.08.29	18:00:00	1.17043	1.17088	1.16943	1.16943	3706	0	2
2025.08.29	19:00:00	1.16943	1.17069	1.16935	1.17015	2516	0	2
2025.08.29	20:00:00	1.17015	1.17029	1.16961	1.16963	1797	0	2
2025.08.29	21:00:00	1.16963	1.16995	1.16932	1.16985	1564	0	2
2025.08.29	22:00:00	1.16985	1.16996	1.16930	1.16980	1430	0	2
2025.08.29	23:00:00	1.16980	1.17004	1.16806	1.16866	1283	0	3
2025.09.01	00:00:00	1.16941	1.16945	1.16852	1.16873	383	0	24
2025.09.01	01:00:00	1.16873	1.16907	1.16858	1.16887	987	0	3
2025.09.01	02:00:00	1.16887	1.16905	1.16867	1.16903	929	0	2
2025.09.01	03:00:00	1.16903	1.16980	1.16896	1.16970	1556	0	2
2025.09.01	04:00:00	1.16970	1.16973	1.16878	1.16948	1941	0	2
2025.09.01	05:00:00	1.16948	1.17138	1.16948	1.17116	2061	0	2
2025.09.01	06:00:00	1.17116	1.17144	1.17044	1.17081	1549	0	2
2025.09.01	07:00:00	1.17081	1.17101	1.17044	1.17082	1418	0	2
2025.09.01	08:00:00	1.17082	1.17155	1.17080	1.17143	1566	0	2
2025.09.01	09:00:00	1.17143	1.17333	1.17132	1.17252	2658	0	2
2025.09.01	10:00:00	1.17252	1.17278	1.17150	1.17254	2628	0	2
2025.09.01	11:00:00	1.17254	1.17362	1.17160	1.17352	2461	0	2
2025.09.01	12:00:00	1.17352	1.17361	1.17185	1.17194	2219	0	2
2025.09.01	13:00:00	1.17194	1.17263	1.17180	1.17194	1673	0	2
2025.09.01	14:00:00	1.17194	1.17294	1.17129	1.17146	1954	0	2
2025.09.01	15:00:00	1.17146	1.17179	1.17063	1.17072	2243	0	2
2025.09.01	16:00:00	1.17075	1.17163	1.17049	1.17077	2397	0	2
2025.09.01	17:00:00	1.17077	1.17141	1.17054	1.17107	2472	0	2
2025.09.01	18:00:00	1.17107	1.17114	1.16995	1.16995	1815	0	2
2025.09.01	19:00:00	1.16995	1.17046	1.16966	1.17046	1420	0	2
2025.09.01	20:00:00	1.17046	1.17052	1.17011	1.17043	824	0	2
2025.09.01	21:00:00	1.17043	1.17075	1.17037	1.17074	649	0	2
2025.09.01	22:00:00	1.17074	1.17137	1.17074	1.17129	846	0	2
2025.09.01	23:00:00	1.17129	1.17134	1.17106	1.17115	626	0	3
2025.09.02	00:00:00	1.17052	1.17082	1.17052	1.17070	726	0	24
2025.09.02	01:00:00	1.17070	1.17130	1.17070	1.17108	959	0	3
2025.09.02	02:00:00	1.17108	1.17183	1.17106	1.17148	1009	0	2
2025.09.02	03:00:00	1.17148	1.17154	1.17029	1.17043	2049	0	2
2025.09.02	04:00:00	1.17043	1.17068	1.16992	1.17035	2847	0	2
2025.09.02	05:00:00	1.17035	1.17041	1.16921	1.16983	2202	0	2
2025.09.02	06:00:00	1.16983	1.16993	1.16928	1.16949	1606	0	2
2025.09.02	07:00:00	1.16949	1.16960	1.16898	1.16931	1381	0	2
2025.09.02	08:00:00	1.16931	1.16970	1.16870	1.16942	1665	0	2
2025.09.02	09:00:00	1.16942	1.17062	1.16942	1.17028	2238	0	2
2025.09.02	10:00:00	1.17028	1.17064	1.16428	1.16457	6218	0	2
2025.09.02	11:00:00	1.16457	1.16557	1.16336	1.16449	5428	0	2
2025.09.02	12:00:00	1.16447	1.16483	1.16237	1.16375	4055	0	2
2025.09.02	13:00:00	1.16375	1.16418	1.16266	1.16318	3510	0	2
2025.09.02	14:00:00	1.16318	1.16496	1.16279	1.16466	3562	0	2
2025.09.02	15:00:00	1.16466	1.16530	1.16128	1.16172	5027	0	2
2025.09.02	16:00:00	1.16172	1.16512	1.16150	1.16498	4917	0	2
2025.09.02	17:00:00	1.16498	1.16825	1.16498	1.16623	6618	0	2
2025.09.02	18:00:00	1.16623	1.16684	1.16494	1.16525	3961	0	2
2025.09.02	19:00:00	1.16525	1.16547	1.16428	1.16440	2711	0	2
2025.09.02	20:00:00	1.16440	1.16480	1.16414	1.16423	1940	0	2
2025.09.02	21:00:00	1.16423	1.16433	1.16295	1.16335	2333	0	2
2025.09.02	22:00:00	1.16335	1.16413	1.16320	1.16413	1714	0	2
2025.09.02	23:00:00	1.16413	1.16428	1.16386	1.16422	937	0	2
2025.09.03	00:00:00	1.16394	1.16416	1.16353	1.16404	652	0	24
2025.09.03	01:00:00	1.16405	1.16444	1.16362	1.16367	1008	0	3
2025.09.03	02:00:00	1.16367	1.16378	1.16325	1.16325	903	0	2
2025.09.03	03:00:00	1.16325	1.16364	1.16285	1.16329	1869	0	2
2025.09.03	04:00:00	1.16329	1.16353	1.16263	1.16303	2133	0	2
2025.09.03	05:00:00	1.16303	1.16354	1.16246	1.16272	1668	0	2
2025.09.03	06:00:00	1.16272	1.16303	1.16230	1.16234	1110	0	2
2025.09.03	07:00:00	1.16234	1.16318	1.16220	1.16318	1015	0	2
2025.09.03	08:00:00	1.16318	1.16346	1.16261	1.16299	1309	0	2
2025.09.03	09:00:00	1.16299	1.16429	1.16284	1.16333	2151	0	2
2025.09.03	10:00:00	1.16329	1.16359	1.16080	1.16356	3709	0	2
2025.09.03	11:00:00	1.16356	1.16576	1.16354	1.16565	3218	0	2
2025.09.03	12:00:00	1.16565	1.16648	1.16516	1.16562	2848	0	2
2025.09.03	13:00:00	1.16562	1.16577	1.16395	1.16436	2249	0	2
2025.09.03	14:00:00	1.16436	1.16545	1.16398	1.16516	2488	0	2
2025.09.03	15:00:00	1.16516	1.16589	1.16445	1.16482	3184	0	2
2025.09.03	16:00:00	1.16482	1.16540	1.16385	1.16488	4217	0	2
2025.09.03	17:00:00	1.16488	1.16804	1.16477	1.16637	6282	0	2
2025.09.03	18:00:00	1.16637	1.16820	1.16631	1.16747	3445	0	2
2025.09.03	19:00:00	1.16750	1.16775	1.16664	1.16752	2305	0	2
2025.09.03	20:00:00	1.16752	1.16770	1.16586	1.16610	2044	0	2
2025.09.03	21:00:00	1.16610	1.16678	1.16580	1.16617	2119	0	2
2025.09.03	22:00:00	1.16617	1.16628	1.16556	1.16581	1779	0	2
2025.09.03	23:00:00	1.16581	1.16645	1.16554	1.16608	1012	0	3
2025.09.04	00:00:00	1.16581	1.16620	1.16574	1.16598	1246	0	24
2025.09.04	01:00:00	1.16598	1.16629	1.16563	1.16602	476	0	3
2025.09.04	02:00:00	1.16602	1.16624	1.16566	1.16609	562	0	2
2025.09.04	03:00:00	1.16609	1.16621	1.16546	1.16587	1706	0	2
2025.09.04	04:00:00	1.16587	1.16692	1.16525	1.16583	1949	0	2
2025.09.04	05:00:00	1.16583	1.16589	1.16509	1.16529	1460	0	2
2025.09.04	06:00:00	1.16529	1.16559	1.16504	1.16532	1270	0	2
2025.09.04	07:00:00	1.16532	1.16550	1.16504	1.16516	861	0	2
2025.09.04	08:00:00	1.16516	1.16554	1.16481	1.16551	1262	0	2
2025.09.04	09:00:00	1.16551	1.16613	1.16500	1.16518	2484	0	2
2025.09.04	10:00:00	1.16517	1.16584	1.16439	1.16506	2906	0	2
2025.09.04	11:00:00	1.16506	1.16592	1.16480	1.16576	2677	0	2
2025.09.04	12:00:00	1.16576	1.16598	1.16395	1.16431	2585	0	2
2025.09.04	13:00:00	1.16431	1.16595	1.16430	1.16526	2543	0	2
2025.09.04	14:00:00	1.16526	1.16527	1.16392	1.16428	2384	0	2
2025.09.04	15:00:00	1.16428	1.16583	1.16298	1.16458	4881	0	2
2025.09.04	16:00:00	1.16458	1.16556	1.16373	1.16492	4102	0	2
2025.09.04	17:00:00	1.16492	1.16514	1.16317	1.16347	5276	0	2
2025.09.04	18:00:00	1.16346	1.16499	1.16311	1.16475	2557	0	2
2025.09.04	19:00:00	1.16475	1.16480	1.16336	1.16394	2187	0	2
2025.09.04	20:00:00	1.16396	1.16401	1.16343	1.16374	1744	0	2
2025.09.04	21:00:00	1.16374	1.16476	1.16365	1.16438	1506	0	2
2025.09.04	22:00:00	1.16438	1.16519	1.16436	1.16507	1312	0	2
2025.09.04	23:00:00	1.16507	1.16523	1.16482	1.16513	740	0	3
2025.09.05	00:00:00	1.16463	1.16491	1.16423	1.16487	639	0	24
2025.09.05	01:00:00	1.16487	1.16531	1.16474	1.16487	657	0	3
2025.09.05	02:00:00	1.16487	1.16577	1.16483	1.16567	1067	0	2
2025.09.05	03:00:00	1.16567	1.16606	1.16521	1.16594	2121	0	2
2025.09.05	04:00:00	1.16594	1.16719	1.16594	1.16704	1777	0	2
2025.09.05	05:00:00	1.16704	1.16745	1.16682	1.16683	1283	0	2
2025.09.05	06:00:00	1.16683	1.16731	1.16660	1.16712	944	0	2
2025.09.05	07:00:00	1.16712	1.16717	1.16650	1.16670	750	0	2
2025.09.05	08:00:00	1.16670	1.16775	1.16665	1.16766	1009	0	2
2025.09.05	09:00:00	1.16766	1.16775	1.16650	1.16691	2241	0	2
2025.09.05	10:00:00	1.16692	1.16787	1.16663	1.16778	2269	0	2
2025.09.05	11:00:00	1.16778	1.16843	1.16752	1.16833	1905	0	2
2025.09.05	12:00:00	1.16833	1.16923	1.16813	1.16879	1821	0	2
2025.09.05	13:00:00	1.16879	1.16965	1.16866	1.16913	1670	0	2
2025.09.05	14:00:00	1.16913	1.16915	1.16776	1.16871	2138	0	2
2025.09.05	15:00:00	1.16871	1.17499	1.16860	1.17343	9427	0	2
2025.09.05	16:00:00	1.17342	1.17501	1.17140	1.17488	8322	0	2
2025.09.05	17:00:00	1.17488	1.17594	1.17229	1.17365	6863	0	2
2025.09.05	18:00:00	1.17365	1.17593	1.17347	1.17585	4014	0	2
2025.09.05	19:00:00	1.17583	1.17594	1.17364	1.17388	3059	0	2
2025.09.05	20:00:00	1.17388	1.17392	1.17247	1.17257	2660	0	2
2025.09.05	21:00:00	1.17257	1.17261	1.17143	1.17169	2173	0	2
2025.09.05	22:00:00	1.17169	1.17229	1.17129	1.17179	1791	0	2
2025.09.05	23:00:00	1.17179	1.17215	1.17144	1.17205	1009	0	3
2025.09.08	00:00:00	1.17130	1.17175	1.17098	1.17167	145	0	27
2025.09.08	01:00:00	1.17170	1.17196	1.17035	1.17059	1322	0	3
2025.09.08	02:00:00	1.17062	1.17159	1.17061	1.17121	1027	0	2
2025.09.08	03:00:00	1.17126	1.17131	1.17047	1.17129	1871	0	2
2025.09.08	04:00:00	1.17130	1.17174	1.17074	1.17127	1935	0	2
2025.09.08	05:00:00	1.17129	1.17164	1.17103	1.17150	1876	0	2
2025.09.08	06:00:00	1.17149	1.17156	1.17080	1.17094	1605	0	2
2025.09.08	07:00:00	1.17093	1.17142	1.17060	1.17129	1186	0	2
2025.09.08	08:00:00	1.17130	1.17209	1.17120	1.17149	1529	0	2
2025.09.08	09:00:00	1.17148	1.17277	1.17119	1.17268	2453	0	2
2025.09.08	10:00:00	1.17267	1.17338	1.17204	1.17328	2463	0	2
2025.09.08	11:00:00	1.17330	1.17428	1.17257	1.17313	2070	0	2
2025.09.08	12:00:00	1.17312	1.17314	1.17208	1.17236	1623	0	2
2025.09.08	13:00:00	1.17234	1.17286	1.17199	1.17258	1641	0	2
2025.09.08	14:00:00	1.17254	1.17318	1.17245	1.17292	1674	0	2
2025.09.08	15:00:00	1.17286	1.17415	1.17229	1.17375	2566	0	2
2025.09.08	16:00:00	1.17374	1.17559	1.17361	1.17510	2779	0	2
2025.09.08	17:00:00	1.17511	1.17544	1.17398	1.17454	3037	0	2
2025.09.08	18:00:00	1.17453	1.17522	1.17430	1.17502	2282	0	2
2025.09.08	19:00:00	1.17500	1.17517	1.17350	1.17406	1856	0	2
2025.09.08	20:00:00	1.17405	1.17470	1.17349	1.17396	1584	0	2
2025.09.08	21:00:00	1.17396	1.17625	1.17396	1.17611	1679	0	2
2025.09.08	22:00:00	1.17610	1.17655	1.17595	1.17626	1520	0	2
2025.09.08	23:00:00	1.17624	1.17635	1.17592	1.17611	1040	0	3
2025.09.09	00:00:00	1.17593	1.17612	1.17574	1.17603	593	0	24
2025.09.09	01:00:00	1.17601	1.17649	1.17601	1.17619	771	0	3
2025.09.09	02:00:00	1.17622	1.17726	1.17622	1.17685	1028	0	2
2025.09.09	03:00:00	1.17683	1.17743	1.17653	1.17715	1599	0	2
2025.09.09	04:00:00	1.17714	1.17779	1.17659	1.17750	1663	0	2
2025.09.09	05:00:00	1.17751	1.17767	1.17677	1.17688	1440	0	2
2025.09.09	06:00:00	1.17687	1.17698	1.17633	1.17639	1297	0	2
2025.09.09	07:00:00	1.17638	1.17757	1.17634	1.17726	1236	0	2
2025.09.09	08:00:00	1.17725	1.17799	1.17711	1.17785	1684	0	2
2025.09.09	09:00:00	1.17787	1.17798	1.17563	1.17647	2297	0	2
2025.09.09	10:00:00	1.17649	1.17684	1.17476	1.17529	2653	0	2
2025.09.09	11:00:00	1.17527	1.17621	1.17441	1.17594	3517	0	2
2025.09.09	12:00:00	1.17598	1.17721	1.17594	1.17674	2204	0	2
2025.09.09	13:00:00	1.17675	1.17710	1.17525	1.17540	1852	0	2
2025.09.09	14:00:00	1.17539	1.17544	1.17410	1.17420	1815	0	2
2025.09.09	15:00:00	1.17421	1.17449	1.17276	1.17373	2560	0	2
2025.09.09	16:00:00	1.17376	1.17488	1.17338	1.17418	3202	0	2
2025.09.09	17:00:00	1.17421	1.17626	1.17225	1.17306	5997	0	2
2025.09.09	18:00:00	1.17310	1.17316	1.17155	1.17219	3024	0	2
2025.09.09	19:00:00	1.17220	1.17297	1.17185	1.17188	2110	0	2
2025.09.09	20:00:00	1.17189	1.17235	1.17084	1.17092	2025	0	2
2025.09.09	21:00:00	1.17095	1.17145	1.17039	1.17064	1843	0	2
2025.09.09	22:00:00	1.17063	1.17090	1.17037	1.17067	1246	0	2
2025.09.09	23:00:00	1.17066	1.17111	1.17044	1.17093	901	0	3
2025.09.10	00:00:00	1.17046	1.17108	1.17028	1.17106	911	0	24
2025.09.10	01:00:00	1.17107	1.17135	1.17084	1.17117	557	0	3
2025.09.10	02:00:00	1.17114	1.17121	1.16972	1.17021	1068	0	2
2025.09.10	03:00:00	1.17020	1.17023	1.16960	1.16967	1612	0	2
2025.09.10	04:00:00	1.16969	1.17027	1.16892	1.16995	2073	0	2
2025.09.10	05:00:00	1.16997	1.17083	1.16993	1.17073	1696	0	2
2025.09.10	06:00:00	1.17074	1.17102	1.17066	1.17080	1108	0	2
2025.09.10	07:00:00	1.17085	1.17156	1.17073	1.17148	1057	0	2
2025.09.10	08:00:00	1.17147	1.17160	1.17048	1.17084	1379	0	2
2025.09.10	09:00:00	1.17082	1.17183	1.16915	1.16975	2326	0	2
2025.09.10	10:00:00	1.16976	1.17078	1.16823	1.17028	2923	0	2
2025.09.10	11:00:00	1.17029	1.17036	1.16910	1.16999	2549	0	2
2025.09.10	12:00:00	1.16997	1.17169	1.16983	1.17130	2195	0	2
2025.09.10	13:00:00	1.17131	1.17145	1.16962	1.17003	1771	0	2
2025.09.10	14:00:00	1.16999	1.17067	1.16952	1.17045	1801	0	2
2025.09.10	15:00:00	1.17048	1.17254	1.16906	1.17002	5146	0	2
2025.09.10	16:00:00	1.17003	1.17245	1.16958	1.17200	4255	0	2
2025.09.10	17:00:00	1.17197	1.17301	1.17150	1.17276	3574	0	2
2025.09.10	18:00:00	1.17277	1.17300	1.17132	1.17145	2276	0	2
2025.09.10	19:00:00	1.17146	1.17161	1.17026	1.17055	1936	0	2
2025.09.10	20:00:00	1.17057	1.17112	1.17015	1.17058	1639	0	2
2025.09.10	21:00:00	1.17057	1.17122	1.17025	1.17045	1490	0	2
2025.09.10	22:00:00	1.17042	1.17044	1.16933	1.17002	1424	0	2
2025.09.10	23:00:00	1.17000	1.17012	1.16936	1.16948	764	0	3
2025.09.11	00:00:00	1.16935	1.16989	1.16932	1.16975	660	0	24
2025.09.11	01:00:00	1.16977	1.17031	1.16975	1.17030	530	0	3
2025.09.11	02:00:00	1.17031	1.17069	1.17011	1.17024	652	0	2
2025.09.11	03:00:00	1.17025	1.17025	1.16934	1.16939	1278	0	2
2025.09.11	04:00:00	1.16938	1.17027	1.16928	1.16972	1310	0	2
2025.09.11	05:00:00	1.16967	1.16987	1.16934	1.16966	1036	0	2
2025.09.11	06:00:00	1.16965	1.17002	1.16945	1.16959	1039	0	2
2025.09.11	07:00:00	1.16958	1.16994	1.16940	1.16993	957	0	2
2025.09.11	08:00:00	1.16994	1.16994	1.16889	1.16898	1461	0	2
2025.09.11	09:00:00	1.16895	1.16967	1.16836	1.16905	2951	0	2
2025.09.11	10:00:00	1.16906	1.16962	1.16865	1.16925	3098	0	2
2025.09.11	11:00:00	1.16926	1.16950	1.16885	1.16919	2491	0	2
2025.09.11	12:00:00	1.16918	1.16931	1.16773	1.16856	2422	0	2
2025.09.11	13:00:00	1.16857	1.16882	1.16799	1.16830	1961	0	2
2025.09.11	14:00:00	1.16827	1.16911	1.16781	1.16836	2434	0	2
2025.09.11	15:00:00	1.16837	1.17209	1.16574	1.17149	7205	0	2
2025.09.11	16:00:00	1.17150	1.17409	1.17138	1.17393	6883	0	2
2025.09.11	17:00:00	1.17391	1.17441	1.17255	1.17279	4773	0	2
2025.09.11	18:00:00	1.17278	1.17460	1.17261	1.17314	3140	0	2
2025.09.11	19:00:00	1.17315	1.17398	1.17306	1.17363	2422	0	2
2025.09.11	20:00:00	1.17364	1.17387	1.17276	1.17317	2250	0	2
2025.09.11	21:00:00	1.17316	1.17383	1.17306	1.17353	1573	0	2
2025.09.11	22:00:00	1.17354	1.17389	1.17337	1.17368	1340	0	2
2025.09.11	23:00:00	1.17367	1.17392	1.17357	1.17361	1142	0	3
2025.09.12	00:00:00	1.17317	1.17334	1.17284	1.17306	284	0	44
2025.09.12	01:00:00	1.17308	1.17405	1.17306	1.17387	645	0	3
2025.09.12	02:00:00	1.17390	1.17399	1.17327	1.17331	973	0	2
2025.09.12	03:00:00	1.17330	1.17343	1.17269	1.17330	1839	0	2
2025.09.12	04:00:00	1.17331	1.17346	1.17251	1.17254	1699	0	2
2025.09.12	05:00:00	1.17253	1.17291	1.17237	1.17267	1284	0	2
2025.09.12	06:00:00	1.17264	1.17271	1.17227	1.17250	1177	0	2
2025.09.12	07:00:00	1.17251	1.17271	1.17207	1.17256	1042	0	2
2025.09.12	08:00:00	1.17255	1.17333	1.17240	1.17305	1205	0	2
2025.09.12	09:00:00	1.17303	1.17403	1.17220	1.17393	2322	0	2
2025.09.12	10:00:00	1.17395	1.17477	1.17369	1.17405	2810	0	2
2025.09.12	11:00:00	1.17404	1.17408	1.17155	1.17173	2964	0	2
2025.09.12	12:00:00	1.17172	1.17253	1.17125	1.17221	2525	0	2
2025.09.12	13:00:00	1.17222	1.17347	1.17220	1.17338	1998	0	2
2025.09.12	14:00:00	1.17336	1.17353	1.17205	1.17211	2180	0	2
2025.09.12	15:00:00	1.17212	1.17228	1.17013	1.17122	3488	0	2
2025.09.12	16:00:00	1.17121	1.17163	1.17034	1.17108	3185	0	2
2025.09.12	17:00:00	1.17100	1.17282	1.17100	1.17249	3856	0	2
2025.09.12	18:00:00	1.17250	1.17276	1.17132	1.17139	2525	0	2
2025.09.12	19:00:00	1.17140	1.17316	1.17100	1.17268	1781	0	2
2025.09.12	20:00:00	1.17272	1.17377	1.17266	1.17319	1481	0	2
2025.09.12	21:00:00	1.17321	1.17416	1.17320	1.17411	1403	0	2
2025.09.12	22:00:00	1.17412	1.17415	1.17337	1.17363	1290	0	2
2025.09.12	23:00:00	1.17360	1.17363	1.17286	1.17316	1050	0	3
2025.09.15	00:00:00	1.17290	1.17332	1.17267	1.17277	153	0	24
2025.09.15	01:00:00	1.17274	1.17346	1.17272	1.17281	772	0	3
2025.09.15	02:00:00	1.17282	1.17315	1.17250	1.17254	756	0	2
2025.09.15	03:00:00	1.17253	1.17277	1.17218	1.17266	1190	0	2
2025.09.15	04:00:00	1.17267	1.17295	1.17227	1.17273	1454	0	2
2025.09.15	05:00:00	1.17274	1.17291	1.17245	1.17274	997	0	2
2025.09.15	06:00:00	1.17276	1.17343	1.17270	1.17311	909	0	2
2025.09.15	07:00:00	1.17312	1.17353	1.17307	1.17338	818	0	2
2025.09.15	08:00:00	1.17340	1.17343	1.17277	1.17281	824	0	2
2025.09.15	09:00:00	1.17288	1.17299	1.17162	1.17250	1760	0	2
2025.09.15	10:00:00	1.17244	1.17443	1.17239	1.17336	2371	0	2
2025.09.15	11:00:00	1.17335	1.17435	1.17299	1.17371	2220	0	2
2025.09.15	12:00:00	1.17369	1.17516	1.17361	1.17461	1712	0	2
2025.09.15	13:00:00	1.17465	1.17626	1.17465	1.17527	1810	0	2
2025.09.15	14:00:00	1.17528	1.17631	1.17527	1.17610	1909	0	2
2025.09.15	15:00:00	1.17613	1.17708	1.17613	1.17695	2530	0	2
2025.09.15	16:00:00	1.17696	1.17729	1.17575	1.17588	2670	0	2
2025.09.15	17:00:00	1.17587	1.17604	1.17508	1.17576	2954	0	2
2025.09.15	18:00:00	1.17574	1.17721	1.17564	1.17712	2047	0	2
2025.09.15	19:00:00	1.17713	1.17743	1.17561	1.17582	1933	0	2
2025.09.15	20:00:00	1.17581	1.17727	1.17578	1.17709	1489	0	2
2025.09.15	21:00:00	1.17708	1.17723	1.17661	1.17694	1484	0	2
2025.09.15	22:00:00	1.17694	1.17720	1.17642	1.17655	1319	0	2
2025.09.15	23:00:00	1.17653	1.17685	1.17595	1.17604	983	0	3
2025.09.16	00:00:00	1.17576	1.17639	1.17576	1.17638	418	0	35
2025.09.16	01:00:00	1.17633	1.17647	1.17615	1.17627	730	0	3
2025.09.16	02:00:00	1.17632	1.17658	1.17627	1.17629	718	0	2
2025.09.16	03:00:00	1.17626	1.17660	1.17572	1.17619	1660	0	2
2025.09.16	04:00:00	1.17622	1.17692	1.17579	1.17675	1644	0	2
2025.09.16	05:00:00	1.17675	1.17776	1.17674	1.17763	1667	0	2
2025.09.16	06:00:00	1.17768	1.17867	1.17741	1.17801	1504	0	2
2025.09.16	07:00:00	1.17803	1.17803	1.17739	1.17768	1312	0	2
2025.09.16	08:00:00	1.17770	1.17801	1.17735	1.17779	1654	0	2
2025.09.16	09:00:00	1.17780	1.17911	1.17778	1.17873	2395	0	2
2025.09.16	10:00:00	1.17868	1.18017	1.17863	1.17944	2640	0	2
2025.09.16	11:00:00	1.17943	1.18036	1.17901	1.17949	2425	0	2
2025.09.16	12:00:00	1.17954	1.18179	1.17951	1.18140	2754	0	2
2025.09.16	13:00:00	1.18141	1.18153	1.18042	1.18082	2286	0	2
2025.09.16	14:00:00	1.18083	1.18213	1.18011	1.18141	2676	0	2
2025.09.16	15:00:00	1.18143	1.18154	1.17875	1.18047	4511	0	2
2025.09.16	16:00:00	1.18045	1.18272	1.18041	1.18239	4111	0	2
2025.09.16	17:00:00	1.18237	1.18531	1.18211	1.18517	5095	0	2
2025.09.16	18:00:00	1.18514	1.18533	1.18350	1.18471	3293	0	2
2025.09.16	19:00:00	1.18470	1.18716	1.18462	1.18646	2611	0	2
2025.09.16	20:00:00	1.18643	1.18784	1.18634	1.18660	2507	0	2
2025.09.16	21:00:00	1.18660	1.18710	1.18611	1.18666	1824	0	2
2025.09.16	22:00:00	1.18661	1.18688	1.18579	1.18603	1771	0	2
2025.09.16	23:00:00	1.18598	1.18675	1.18581	1.18649	1298	0	3
2025.09.17	00:00:00	1.18572	1.18611	1.18519	1.18608	533	0	40
2025.09.17	01:00:00	1.18598	1.18683	1.18598	1.18659	753	0	3
2025.09.17	02:00:00	1.18664	1.18729	1.18657	1.18710	834	0	2
2025.09.17	03:00:00	1.18713	1.18729	1.18577	1.18583	1876	0	2
2025.09.17	04:00:00	1.18582	1.18593	1.18520	1.18560	2023	0	2
2025.09.17	05:00:00	1.18559	1.18576	1.18511	1.18555	1323	0	2
2025.09.17	06:00:00	1.18559	1.18576	1.18513	1.18520	1005	0	2
2025.09.17	07:00:00	1.18521	1.18552	1.18512	1.18539	1029	0	2
2025.09.17	08:00:00	1.18544	1.18595	1.18539	1.18581	1178	0	2
2025.09.17	09:00:00	1.18587	1.18590	1.18513	1.18558	2028	0	2
2025.09.17	10:00:00	1.18554	1.18562	1.18380	1.18404	2280	0	2
2025.09.17	11:00:00	1.18403	1.18511	1.18396	1.18481	1861	0	2
2025.09.17	12:00:00	1.18484	1.18498	1.18410	1.18456	1961	0	2
2025.09.17	13:00:00	1.18455	1.18467	1.18328	1.18362	1824	0	2
2025.09.17	14:00:00	1.18363	1.18459	1.18348	1.18391	2116	0	2
2025.09.17	15:00:00	1.18390	1.18448	1.18341	1.18434	2017	0	2
2025.09.17	16:00:00	1.18435	1.18527	1.18422	1.18497	2367	0	2
2025.09.17	17:00:00	1.18499	1.18592	1.18459	1.18495	2737	0	2
2025.09.17	18:00:00	1.18495	1.18526	1.18434	1.18445	2139	0	2
2025.09.17	19:00:00	1.18443	1.18563	1.18422	1.18530	1877	0	2
2025.09.17	20:00:00	1.18529	1.18551	1.18467	1.18490	1802	0	2
2025.09.17	21:00:00	1.18503	1.19186	1.18188	1.18344	11781	0	2
2025.09.17	22:00:00	1.18346	1.18569	1.18203	1.18244	7208	0	2
2025.09.17	23:00:00	1.18247	1.18272	1.18077	1.18116	1912	0	2
2025.09.18	00:00:00	1.18102	1.18145	1.18097	1.18130	298	0	24
2025.09.18	01:00:00	1.18124	1.18220	1.18122	1.18187	1333	0	3
2025.09.18	02:00:00	1.18189	1.18287	1.18176	1.18251	1441	0	2
2025.09.18	03:00:00	1.18253	1.18283	1.18150	1.18252	2527	0	2
2025.09.18	04:00:00	1.18251	1.18284	1.18075	1.18136	2753	0	2
2025.09.18	05:00:00	1.18139	1.18223	1.18127	1.18194	1603	0	2
2025.09.18	06:00:00	1.18193	1.18227	1.18113	1.18121	1339	0	2
2025.09.18	07:00:00	1.18122	1.18136	1.17937	1.17948	1410	0	2
2025.09.18	08:00:00	1.17950	1.18001	1.17853	1.17906	2003	0	2
2025.09.18	09:00:00	1.17907	1.17993	1.17804	1.17943	3135	0	2
2025.09.18	10:00:00	1.17940	1.18389	1.17937	1.18317	3722	0	2
2025.09.18	11:00:00	1.18318	1.18341	1.18209	1.18277	3240	0	2
2025.09.18	12:00:00	1.18279	1.18482	1.18271	1.18380	2882	0	2
2025.09.18	13:00:00	1.18377	1.18402	1.18309	1.18368	2063	0	2
2025.09.18	14:00:00	1.18369	1.18369	1.18197	1.18251	3260	0	2
2025.09.18	15:00:00	1.18252	1.18258	1.17953	1.17956	4405	0	2
2025.09.18	16:00:00	1.17946	1.17962	1.17499	1.17668	5798	0	2
2025.09.18	17:00:00	1.17669	1.17814	1.17627	1.17754	5098	0	2
2025.09.18	18:00:00	1.17753	1.17876	1.17694	1.17793	3663	0	2
2025.09.18	19:00:00	1.17793	1.17878	1.17721	1.17869	2550	0	2
2025.09.18	20:00:00	1.17868	1.17938	1.17854	1.17875	2102	0	2
2025.09.18	21:00:00	1.17872	1.17895	1.17820	1.17877	1681	0	2
2025.09.18	22:00:00	1.17874	1.17911	1.17825	1.17847	1489	0	2
2025.09.18	23:00:00	1.17850	1.17854	1.17812	1.17819	1087	0	3
2025.09.19	00:00:00	1.17767	1.17875	1.17767	1.17861	512	0	25
2025.09.19	01:00:00	1.17821	1.17894	1.17821	1.17868	1325	0	3
2025.09.19	02:00:00	1.17869	1.17905	1.17862	1.17890	705	0	2
2025.09.19	03:00:00	1.17889	1.17907	1.17753	1.17865	1724	0	2
2025.09.19	04:00:00	1.17864	1.17868	1.17742	1.17755	1867	0	2
2025.09.19	05:00:00	1.17753	1.17807	1.17721	1.17796	1525	0	2
2025.09.19	06:00:00	1.17795	1.17925	1.17795	1.17815	2436	0	2
2025.09.19	07:00:00	1.17818	1.17897	1.17701	1.17739	2648	0	2
2025.09.19	08:00:00	1.17738	1.17777	1.17708	1.17730	1780	0	2
2025.09.19	09:00:00	1.17731	1.17773	1.17632	1.17664	3847	0	2
2025.09.19	10:00:00	1.17666	1.17781	1.17574	1.17700	3806	0	2
2025.09.19	11:00:00	1.17699	1.17708	1.17512	1.17610	2740	0	2
2025.09.19	12:00:00	1.17609	1.17686	1.17563	1.17597	2370	0	2
2025.09.19	13:00:00	1.17596	1.17651	1.17585	1.17610	1613	0	2
2025.09.19	14:00:00	1.17611	1.17622	1.17350	1.17367	2520	0	2
2025.09.19	15:00:00	1.17369	1.17432	1.17287	1.17361	3459	0	2
2025.09.19	16:00:00	1.17360	1.17637	1.17352	1.17582	3867	0	2
2025.09.19	17:00:00	1.17580	1.17678	1.17560	1.17570	3865	0	2
2025.09.19	18:00:00	1.17569	1.17589	1.17373	1.17522	3191	0	2
2025.09.19	19:00:00	1.17521	1.17550	1.17409	1.17530	1919	0	2
2025.09.19	20:00:00	1.17531	1.17551	1.17485	1.17508	1568	0	2
2025.09.19	21:00:00	1.17507	1.17512	1.17466	1.17482	1289	0	2
2025.09.19	22:00:00	1.17477	1.17507	1.17451	1.17474	1142	0	2
2025.09.19	23:00:00	1.17474	1.17475	1.17401	1.17428	976	0	3
2025.09.22	00:00:00	1.17386	1.17451	1.17386	1.17450	326	0	40
2025.09.22	01:00:00	1.17444	1.17480	1.17389	1.17407	969	0	3
2025.09.22	02:00:00	1.17408	1.17416	1.17357	1.17364	1026	0	2
2025.09.22	03:00:00	1.17360	1.17379	1.17260	1.17344	1833	0	2
2025.09.22	04:00:00	1.17347	1.17409	1.17316	1.17324	2149	0	2
2025.09.22	05:00:00	1.17323	1.17336	1.17270	1.17279	1771	0	2
2025.09.22	06:00:00	1.17276	1.17349	1.17276	1.17325	1356	0	2
2025.09.22	07:00:00	1.17326	1.17326	1.17263	1.17306	1057	0	2
2025.09.22	08:00:00	1.17305	1.17384	1.17296	1.17384	1131	0	2
2025.09.22	09:00:00	1.17383	1.17485	1.17359	1.17434	2027	0	2
2025.09.22	10:00:00	1.17432	1.17544	1.17390	1.17484	2573	0	2
2025.09.22	11:00:00	1.17483	1.17692	1.17468	1.17623	2365	0	2
2025.09.22	12:00:00	1.17624	1.17760	1.17616	1.17759	1797	0	2
2025.09.22	13:00:00	1.17754	1.17857	1.17737	1.17740	1797	0	2
2025.09.22	14:00:00	1.17740	1.17821	1.17692	1.17779	1623	0	2
2025.09.22	15:00:00	1.17782	1.17873	1.17732	1.17830	2650	0	2
2025.09.22	16:00:00	1.17836	1.17877	1.17686	1.17766	3435	0	2
2025.09.22	17:00:00	1.17764	1.17771	1.17626	1.17698	2854	0	2
2025.09.22	18:00:00	1.17697	1.17754	1.17641	1.17724	2224	0	2
2025.09.22	19:00:00	1.17722	1.17901	1.17712	1.17880	2036	0	2
2025.09.22	20:00:00	1.17881	1.17972	1.17856	1.17966	1381	0	2
2025.09.22	21:00:00	1.17962	1.17989	1.17921	1.17961	1167	0	2
2025.09.22	22:00:00	1.17962	1.18019	1.17952	1.17998	1000	0	2
2025.09.22	23:00:00	1.17997	1.18025	1.17979	1.18012	718	0	2
2025.09.23	00:00:00	1.17880	1.17983	1.17872	1.17963	1257	0	35
2025.09.23	01:00:00	1.17959	1.18038	1.17953	1.18009	599	0	3
2025.09.23	02:00:00	1.18013	1.18026	1.17993	1.18005	645	0	2
2025.09.23	03:00:00	1.18004	1.18074	1.17966	1.18063	1264	0	2
2025.09.23	04:00:00	1.18062	1.18198	1.18040	1.18147	1748	0	2
2025.09.23	05:00:00	1.18148	1.18165	1.18014	1.18044	1664	0	2
2025.09.23	06:00:00	1.18043	1.18062	1.17965	1.18057	1290	0	2
2025.09.23	07:00:00	1.18056	1.18078	1.17974	1.17975	1109	0	2
2025.09.23	08:00:00	1.17972	1.18047	1.17949	1.17983	1431	0	2
2025.09.23	09:00:00	1.17984	1.18043	1.17901	1.17947	2191	0	2
2025.09.23	10:00:00	1.17948	1.17999	1.17766	1.17908	3568	0	2
2025.09.23	11:00:00	1.17898	1.18053	1.17839	1.18027	2979	0	2
2025.09.23	12:00:00	1.18031	1.18123	1.18003	1.18022	2080	0	2
2025.09.23	13:00:00	1.18025	1.18066	1.17906	1.17959	1975	0	2
2025.09.23	14:00:00	1.17959	1.17997	1.17914	1.17917	1767	0	2
2025.09.23	15:00:00	1.17921	1.17982	1.17844	1.17967	2438	0	2
2025.09.23	16:00:00	1.17968	1.18045	1.17843	1.17995	3981	0	2
2025.09.23	17:00:00	1.17997	1.18053	1.17925	1.17953	3935	0	2
2025.09.23	18:00:00	1.17952	1.17992	1.17880	1.17983	2467	0	2
2025.09.23	19:00:00	1.17990	1.18092	1.17918	1.18049	2740	0	2
2025.09.23	20:00:00	1.18048	1.18177	1.18029	1.18118	2415	0	2
2025.09.23	21:00:00	1.18117	1.18168	1.18082	1.18112	1922	0	2
2025.09.23	22:00:00	1.18107	1.18180	1.18069	1.18162	1742	0	2
2025.09.23	23:00:00	1.18161	1.18182	1.18115	1.18144	697	0	3
2025.09.24	00:00:00	1.18119	1.18133	1.18072	1.18123	587	0	26
2025.09.24	01:00:00	1.18116	1.18187	1.18112	1.18145	1622	0	3
2025.09.24	02:00:00	1.18146	1.18174	1.18127	1.18154	847	0	2
2025.09.24	03:00:00	1.18156	1.18163	1.18033	1.18038	1953	0	2
2025.09.24	04:00:00	1.18038	1.18052	1.17975	1.18001	2394	0	2
2025.09.24	05:00:00	1.18000	1.18038	1.17961	1.17966	1699	0	2
2025.09.24	06:00:00	1.17966	1.17999	1.17948	1.17974	990	0	2
2025.09.24	07:00:00	1.17973	1.18043	1.17953	1.18030	968	0	2
2025.09.24	08:00:00	1.18029	1.18046	1.17921	1.17980	1319	0	2
2025.09.24	09:00:00	1.17977	1.18027	1.17860	1.17873	2148	0	2
2025.09.24	10:00:00	1.17873	1.17947	1.17842	1.17887	2593	0	2
2025.09.24	11:00:00	1.17875	1.17884	1.17663	1.17719	2609	0	2
2025.09.24	12:00:00	1.17726	1.17748	1.17624	1.17676	2009	0	2
2025.09.24	13:00:00	1.17673	1.17698	1.17508	1.17518	1884	0	2
2025.09.24	14:00:00	1.17517	1.17553	1.17463	1.17491	2252	0	2
2025.09.24	15:00:00	1.17490	1.17579	1.17392	1.17427	3433	0	2
2025.09.24	16:00:00	1.17427	1.17435	1.17302	1.17385	3852	0	2
2025.09.24	17:00:00	1.17388	1.17461	1.17281	1.17429	4246	0	2
2025.09.24	18:00:00	1.17432	1.17457	1.17368	1.17415	3159	0	2
2025.09.24	19:00:00	1.17416	1.17436	1.17300	1.17325	2302	0	2
2025.09.24	20:00:00	1.17324	1.17406	1.17317	1.17376	1774	0	2
2025.09.24	21:00:00	1.17373	1.17386	1.17324	1.17367	1843	0	2
2025.09.24	22:00:00	1.17368	1.17391	1.17319	1.17378	1582	0	2
2025.09.24	23:00:00	1.17377	1.17391	1.17345	1.17371	977	0	3
2025.09.25	00:00:00	1.17358	1.17397	1.17358	1.17376	304	0	24
2025.09.25	01:00:00	1.17386	1.17450	1.17371	1.17442	748	0	3
2025.09.25	02:00:00	1.17445	1.17459	1.17419	1.17422	843	0	2
2025.09.25	03:00:00	1.17419	1.17482	1.17405	1.17474	1800	0	2
2025.09.25	04:00:00	1.17473	1.17493	1.17404	1.17443	1767	0	2
2025.09.25	05:00:00	1.17444	1.17517	1.17432	1.17498	1401	0	2
2025.09.25	06:00:00	1.17497	1.17536	1.17475	1.17522	988	0	2
2025.09.25	07:00:00	1.17523	1.17534	1.17487	1.17520	861	0	2
2025.09.25	08:00:00	1.17521	1.17522	1.17404	1.17421	1272	0	2
2025.09.25	09:00:00	1.17422	1.17522	1.17382	1.17457	2045	0	2
2025.09.25	10:00:00	1.17460	1.17480	1.17315	1.17333	2799	0	2
2025.09.25	11:00:00	1.17334	1.17442	1.17306	1.17427	2408	0	2
2025.09.25	12:00:00	1.17428	1.17517	1.17389	1.17447	1872	0	2
2025.09.25	13:00:00	1.17450	1.17539	1.17444	1.17466	1658	0	2
2025.09.25	14:00:00	1.17468	1.17470	1.17344	1.17400	2465	0	2
2025.09.25	15:00:00	1.17399	1.17454	1.16875	1.16980	5150	0	2
2025.09.25	16:00:00	1.16979	1.17101	1.16829	1.16858	5199	0	2
2025.09.25	17:00:00	1.16860	1.16946	1.16737	1.16761	4969	0	2
2025.09.25	18:00:00	1.16762	1.16808	1.16666	1.16722	3348	0	2
2025.09.25	19:00:00	1.16721	1.16832	1.16686	1.16706	2688	0	2
2025.09.25	20:00:00	1.16705	1.16719	1.16520	1.16575	2551	0	2
2025.09.25	21:00:00	1.16578	1.16598	1.16454	1.16523	2435	0	2
2025.09.25	22:00:00	1.16524	1.16629	1.16516	1.16606	1802	0	2
2025.09.25	23:00:00	1.16605	1.16686	1.16590	1.16643	1275	0	3
2025.09.26	00:00:00	1.16520	1.16625	1.16520	1.16533	2499	0	48
2025.09.26	01:00:00	1.16572	1.16686	1.16572	1.16680	732	0	3
2025.09.26	02:00:00	1.16681	1.16682	1.16598	1.16618	1055	0	2
2025.09.26	03:00:00	1.16616	1.16712	1.16577	1.16711	2032	0	2
2025.09.26	04:00:00	1.16711	1.16735	1.16656	1.16677	1760	0	2
2025.09.26	05:00:00	1.16678	1.16793	1.16673	1.16771	1335	0	2
2025.09.26	06:00:00	1.16770	1.16787	1.16747	1.16782	1031	0	2
2025.09.26	07:00:00	1.16781	1.16819	1.16744	1.16798	1103	0	2
2025.09.26	08:00:00	1.16800	1.16818	1.16762	1.16769	1312	0	2
2025.09.26	09:00:00	1.16771	1.16838	1.16717	1.16797	2191	0	2
2025.09.26	10:00:00	1.16794	1.16830	1.16684	1.16729	2433	0	2
2025.09.26	11:00:00	1.16730	1.16877	1.16705	1.16804	2189	0	2
2025.09.26	12:00:00	1.16803	1.16843	1.16758	1.16784	1884	0	2
2025.09.26	13:00:00	1.16778	1.16810	1.16616	1.16630	1614	0	2
2025.09.26	14:00:00	1.16633	1.16758	1.16626	1.16677	2044	0	2
2025.09.26	15:00:00	1.16676	1.16863	1.16665	1.16829	4170	0	2
2025.09.26	16:00:00	1.16832	1.16942	1.16781	1.16823	4416	0	2
2025.09.26	17:00:00	1.16822	1.17046	1.16822	1.16911	4632	0	2
2025.09.26	18:00:00	1.16910	1.16998	1.16870	1.16910	3122	0	2
2025.09.26	19:00:00	1.16909	1.16968	1.16866	1.16928	1997	0	2
2025.09.26	20:00:00	1.16929	1.17016	1.16907	1.16996	1666	0	2
2025.09.26	21:00:00	1.16997	1.17057	1.16957	1.17038	1542	0	2
2025.09.26	22:00:00	1.17037	1.17058	1.16983	1.17056	1268	0	2
2025.09.26	23:00:00	1.17055	1.17072	1.16984	1.17014	1113	0	2
2025.09.29	00:00:00	1.16986	1.17037	1.16971	1.17016	1037	0	23
2025.09.29	01:00:00	1.17027	1.17059	1.16994	1.17043	850	0	1
2025.09.29	02:00:00	1.17044	1.17098	1.17039	1.17049	771	0	0
2025.09.29	03:00:00	1.17048	1.17233	1.17043	1.17216	1626	0	0
2025.09.29	04:00:00	1.17213	1.17255	1.17143	1.17231	1831	0	0
2025.09.29	05:00:00	1.17226	1.17284	1.17224	1.17261	1513	0	0
2025.09.29	06:00:00	1.17260	1.17294	1.17249	1.17252	1047	0	0
2025.09.29	07:00:00	1.17251	1.17330	1.17227	1.17270	1071	0	0
2025.09.29	08:00:00	1.17269	1.17333	1.17239	1.17285	1773	0	0
2025.09.29	09:00:00	1.17281	1.17287	1.17181	1.17198	2092	0	0
2025.09.29	10:00:00	1.17195	1.17330	1.17175	1.17270	2449	0	0
2025.09.29	11:00:00	1.17275	1.17288	1.17078	1.17237	2313	0	0
2025.09.29	12:00:00	1.17238	1.17262	1.17169	1.17175	1847	0	0
2025.09.29	13:00:00	1.17176	1.17217	1.17155	1.17198	1530	0	0
2025.09.29	14:00:00	1.17200	1.17310	1.17093	1.17291	2171	0	0
2025.09.29	15:00:00	1.17292	1.17512	1.17186	1.17499	3731	0	0
2025.09.29	16:00:00	1.17500	1.17546	1.17373	1.17410	3469	0	0
2025.09.29	17:00:00	1.17403	1.17447	1.17296	1.17303	2976	0	0
2025.09.29	18:00:00	1.17297	1.17342	1.17227	1.17292	2463	0	0
2025.09.29	19:00:00	1.17290	1.17331	1.17252	1.17294	1361	0	0
2025.09.29	20:00:00	1.17299	1.17315	1.17214	1.17215	1144	0	0
2025.09.29	21:00:00	1.17216	1.17329	1.17202	1.17313	1113	0	0
2025.09.29	22:00:00	1.17313	1.17317	1.17260	1.17274	959	0	0
2025.09.29	23:00:00	1.17272	1.17274	1.17232	1.17265	684	0	1
2025.09.30	00:00:00	1.17237	1.17293	1.17218	1.17245	650	0	25
2025.09.30	01:00:00	1.17242	1.17281	1.17229	1.17273	616	0	1
2025.09.30	02:00:00	1.17275	1.17324	1.17272	1.17308	782	0	0
2025.09.30	03:00:00	1.17307	1.17316	1.17124	1.17208	1934	0	0
2025.09.30	04:00:00	1.17209	1.17257	1.17135	1.17140	2117	0	0
2025.09.30	05:00:00	1.17140	1.17239	1.17122	1.17224	1346	0	0
2025.09.30	06:00:00	1.17225	1.17264	1.17204	1.17236	1234	0	0
2025.09.30	07:00:00	1.17237	1.17287	1.17188	1.17285	1409	0	0
2025.09.30	08:00:00	1.17285	1.17372	1.17280	1.17334	1686	0	0
2025.09.30	09:00:00	1.17336	1.17439	1.17310	1.17380	2438	0	0
2025.09.30	10:00:00	1.17372	1.17484	1.17365	1.17417	2649	0	0
2025.09.30	11:00:00	1.17424	1.17611	1.17424	1.17555	2922	0	0
2025.09.30	12:00:00	1.17550	1.17583	1.17451	1.17483	2141	0	0
2025.09.30	13:00:00	1.17484	1.17513	1.17403	1.17455	1899	0	0
2025.09.30	14:00:00	1.17460	1.17486	1.17366	1.17426	1559	0	0
2025.09.30	15:00:00	1.17411	1.17474	1.17331	1.17371	2123	0	0
2025.09.30	16:00:00	1.17372	1.17392	1.17166	1.17277	3193	0	0
2025.09.30	17:00:00	1.17258	1.17524	1.17211	1.17499	4398	0	0
2025.09.30	18:00:00	1.17498	1.17504	1.17259	1.17343	3155	0	0
2025.09.30	19:00:00	1.17345	1.17591	1.17339	1.17566	2046	0	0
2025.09.30	20:00:00	1.17567	1.17614	1.17468	1.17494	1640	0	0
2025.09.30	21:00:00	1.17489	1.17495	1.17356	1.17409	1364	0	0
2025.09.30	22:00:00	1.17409	1.17411	1.17363	1.17397	1240	0	0
2025.09.30	23:00:00	1.17400	1.17402	1.17329	1.17334	870	0	1
2025.10.01	00:00:00	1.17314	1.17354	1.17309	1.17335	682	0	36
2025.10.01	01:00:00	1.17334	1.17421	1.17303	1.17344	779	0	1
2025.10.01	02:00:00	1.17345	1.17426	1.17335	1.17344	879	0	0
2025.10.01	03:00:00	1.17342	1.17382	1.17296	1.17361	1605	0	0
2025.10.01	04:00:00	1.17362	1.17407	1.17302	1.17391	1213	0	0
2025.10.01	05:00:00	1.17395	1.17396	1.17322	1.17379	1212	0	0
2025.10.01	06:00:00	1.17376	1.17390	1.17337	1.17378	974	0	0
2025.10.01	07:00:00	1.17377	1.17586	1.17377	1.17582	1306	0	0
2025.10.01	08:00:00	1.17593	1.17670	1.17522	1.17523	1996	0	0
2025.10.01	09:00:00	1.17522	1.17749	1.17508	1.17679	3030	0	0
2025.10.01	10:00:00	1.17678	1.17787	1.17420	1.17499	4499	0	0
2025.10.01	11:00:00	1.17500	1.17657	1.17494	1.17494	3278	0	0
2025.10.01	12:00:00	1.17484	1.17542	1.17307	1.17330	2554	0	0
2025.10.01	13:00:00	1.17329	1.17335	1.17160	1.17253	2774	0	0
2025.10.01	14:00:00	1.17254	1.17400	1.17251	1.17343	2340	0	0
2025.10.01	15:00:00	1.17344	1.17689	1.17208	1.17491	5558	0	0
2025.10.01	16:00:00	1.17492	1.17616	1.17461	1.17527	4267	0	0
2025.10.01	17:00:00	1.17521	1.17635	1.17316	1.17467	5288	0	0
2025.10.01	18:00:00	1.17461	1.17493	1.17214	1.17229	3869	0	0
2025.10.01	19:00:00	1.17222	1.17267	1.17155	1.17227	2368	0	0
2025.10.01	20:00:00	1.17229	1.17324	1.17229	1.17238	1477	0	0
2025.10.01	21:00:00	1.17242	1.17420	1.17215	1.17347	1697	0	0
2025.10.01	22:00:00	1.17352	1.17371	1.17297	1.17304	1356	0	0
2025.10.01	23:00:00	1.17303	1.17309	1.17261	1.17283	1044	0	1
2025.10.02	00:00:00	1.17282	1.17313	1.17219	1.17299	1519	0	34
2025.10.02	01:00:00	1.17303	1.17374	1.17275	1.17337	825	0	1
2025.10.02	02:00:00	1.17339	1.17370	1.17327	1.17329	549	0	0
2025.10.02	03:00:00	1.17328	1.17352	1.17246	1.17298	1539	0	0
2025.10.02	04:00:00	1.17299	1.17390	1.17238	1.17389	1655	0	0
2025.10.02	05:00:00	1.17390	1.17420	1.17367	1.17371	1042	0	0
2025.10.02	06:00:00	1.17374	1.17388	1.17325	1.17348	925	0	0
2025.10.02	07:00:00	1.17349	1.17360	1.17299	1.17344	895	0	0
2025.10.02	08:00:00	1.17343	1.17373	1.17294	1.17354	1236	0	0
2025.10.02	09:00:00	1.17357	1.17447	1.17341	1.17427	2361	0	0
2025.10.02	10:00:00	1.17431	1.17567	1.17410	1.17501	2523	0	0
2025.10.02	11:00:00	1.17504	1.17568	1.17450	1.17535	2418	0	0
2025.10.02	12:00:00	1.17533	1.17583	1.17506	1.17549	2295	0	0
2025.10.02	13:00:00	1.17548	1.17548	1.17462	1.17519	1887	0	0
2025.10.02	14:00:00	1.17521	1.17567	1.17471	1.17504	2007	0	0
2025.10.02	15:00:00	1.17503	1.17582	1.17339	1.17376	2560	0	0
2025.10.02	16:00:00	1.17375	1.17439	1.17134	1.17223	3737	0	0
2025.10.02	17:00:00	1.17210	1.17218	1.17048	1.17135	3871	0	0
2025.10.02	18:00:00	1.17131	1.17132	1.16832	1.16966	3435	0	0
2025.10.02	19:00:00	1.16960	1.17150	1.16951	1.17150	1984	0	0
2025.10.02	20:00:00	1.17149	1.17204	1.17124	1.17137	1349	0	0
2025.10.02	21:00:00	1.17136	1.17221	1.17126	1.17211	1024	0	0
2025.10.02	22:00:00	1.17211	1.17266	1.17175	1.17189	888	0	0
2025.10.02	23:00:00	1.17188	1.17241	1.17139	1.17157	809	0	1
2025.10.03	00:00:00	1.17124	1.17179	1.17100	1.17160	808	0	28
2025.10.03	01:00:00	1.17163	1.17209	1.17137	1.17191	622	0	1
2025.10.03	02:00:00	1.17190	1.17260	1.17185	1.17248	559	0	0
2025.10.03	03:00:00	1.17247	1.17247	1.17189	1.17244	1078	0	0
2025.10.03	04:00:00	1.17243	1.17293	1.17162	1.17269	2067	0	0
2025.10.03	05:00:00	1.17267	1.17277	1.17204	1.17246	1135	0	0
2025.10.03	06:00:00	1.17246	1.17270	1.17197	1.17262	1018	0	0
2025.10.03	07:00:00	1.17261	1.17282	1.17178	1.17181	947	0	0
2025.10.03	08:00:00	1.17180	1.17216	1.17149	1.17170	1501	0	0
2025.10.03	09:00:00	1.17171	1.17291	1.17162	1.17205	1809	0	0
2025.10.03	10:00:00	1.17212	1.17342	1.17208	1.17322	1901	0	0
2025.10.03	11:00:00	1.17323	1.17446	1.17311	1.17403	2312	0	0
2025.10.03	12:00:00	1.17402	1.17402	1.17312	1.17373	1648	0	0
2025.10.03	13:00:00	1.17380	1.17396	1.17337	1.17365	1386	0	0
2025.10.03	14:00:00	1.17366	1.17430	1.17311	1.17339	1888	0	0
2025.10.03	15:00:00	1.17350	1.17409	1.17276	1.17393	2522	0	0
2025.10.03	16:00:00	1.17393	1.17445	1.17327	1.17375	2998	0	0
2025.10.03	17:00:00	1.17449	1.17589	1.17342	1.17408	4723	0	0
2025.10.03	18:00:00	1.17411	1.17487	1.17366	1.17462	2504	0	0
2025.10.03	19:00:00	1.17464	1.17484	1.17377	1.17399	1225	0	0
2025.10.03	20:00:00	1.17398	1.17415	1.17319	1.17339	1261	0	0
2025.10.03	21:00:00	1.17340	1.17401	1.17268	1.17396	1268	0	0
2025.10.03	22:00:00	1.17395	1.17423	1.17372	1.17410	880	0	0
2025.10.03	23:00:00	1.17408	1.17443	1.17381	1.17391	762	0	1
2025.10.06	00:00:00	1.17221	1.17243	1.17162	1.17237	425	0	49
2025.10.06	01:00:00	1.17235	1.17255	1.17157	1.17160	2295	0	1
2025.10.06	02:00:00	1.17161	1.17166	1.17063	1.17119	2612	0	0
2025.10.06	03:00:00	1.17123	1.17189	1.17099	1.17162	2455	0	0
2025.10.06	04:00:00	1.17167	1.17247	1.17102	1.17241	1947	0	0
2025.10.06	05:00:00	1.17242	1.17308	1.17237	1.17273	1316	0	0
2025.10.06	06:00:00	1.17272	1.17301	1.17234	1.17245	1098	0	0
2025.10.06	07:00:00	1.17246	1.17274	1.17196	1.17203	1428	0	0
2025.10.06	08:00:00	1.17202	1.17253	1.17139	1.17171	1379	0	0
2025.10.06	09:00:00	1.17172	1.17194	1.16903	1.16935	2896	0	0
2025.10.06	10:00:00	1.16932	1.17119	1.16625	1.16626	4337	0	0
2025.10.06	11:00:00	1.16625	1.16798	1.16517	1.16679	3925	0	0
2025.10.06	12:00:00	1.16650	1.16697	1.16572	1.16662	2524	0	0
2025.10.06	13:00:00	1.16661	1.16670	1.16525	1.16634	2385	0	0
2025.10.06	14:00:00	1.16633	1.16789	1.16576	1.16754	2184	0	0
2025.10.06	15:00:00	1.16753	1.16897	1.16731	1.16890	3652	0	0
2025.10.06	16:00:00	1.16893	1.17029	1.16838	1.16994	3119	0	0
2025.10.06	17:00:00	1.16993	1.17179	1.16951	1.17166	3350	0	0
2025.10.06	18:00:00	1.17167	1.17210	1.17031	1.17064	2600	0	0
2025.10.06	19:00:00	1.17065	1.17122	1.17031	1.17121	1423	0	0
2025.10.06	20:00:00	1.17122	1.17161	1.17097	1.17105	1235	0	0
2025.10.06	21:00:00	1.17101	1.17156	1.17095	1.17126	1089	0	0
2025.10.06	22:00:00	1.17125	1.17170	1.17100	1.17106	940	0	0
2025.10.06	23:00:00	1.17103	1.17138	1.17083	1.17107	656	0	1
2025.10.07	00:00:00	1.17014	1.17138	1.17014	1.17052	706	0	30
2025.10.07	01:00:00	1.17053	1.17145	1.17044	1.17095	1407	0	1
2025.10.07	02:00:00	1.17098	1.17143	1.17082	1.17094	1085	0	0
2025.10.07	03:00:00	1.17097	1.17110	1.17043	1.17089	1641	0	0
2025.10.07	04:00:00	1.17086	1.17087	1.16965	1.16968	1232	0	0
2025.10.07	05:00:00	1.16969	1.17059	1.16967	1.17017	1000	0	0
2025.10.07	06:00:00	1.17022	1.17071	1.16999	1.17033	877	0	0
2025.10.07	07:00:00	1.17031	1.17074	1.16943	1.16983	1046	0	0
2025.10.07	08:00:00	1.16981	1.16999	1.16874	1.16920	1406	0	0
2025.10.07	09:00:00	1.16917	1.16918	1.16832	1.16869	2403	0	0
2025.10.07	10:00:00	1.16867	1.16880	1.16704	1.16763	2494	0	0
2025.10.07	11:00:00	1.16761	1.16827	1.16651	1.16658	1898	0	0
2025.10.07	12:00:00	1.16654	1.16711	1.16605	1.16664	1876	0	0
2025.10.07	13:00:00	1.16663	1.16758	1.16631	1.16741	1799	0	0
2025.10.07	14:00:00	1.16742	1.16743	1.16541	1.16627	2084	0	0
2025.10.07	15:00:00	1.16623	1.16670	1.16541	1.16669	2724	0	0
2025.10.07	16:00:00	1.16668	1.16702	1.16594	1.16603	3067	0	0
2025.10.07	17:00:00	1.16601	1.16661	1.16547	1.16632	3174	0	0
2025.10.07	18:00:00	1.16631	1.16801	1.16616	1.16730	2848	0	0
2025.10.07	19:00:00	1.16733	1.16812	1.16698	1.16700	2007	0	0
2025.10.07	20:00:00	1.16699	1.16794	1.16665	1.16671	1859	0	0
2025.10.07	21:00:00	1.16675	1.16678	1.16568	1.16578	1772	0	0
2025.10.07	22:00:00	1.16579	1.16584	1.16476	1.16504	1398	0	0
2025.10.07	23:00:00	1.16502	1.16577	1.16488	1.16573	814	0	1
2025.10.08	00:00:00	1.16495	1.16576	1.16495	1.16527	602	0	32
2025.10.08	01:00:00	1.16530	1.16609	1.16530	1.16590	768	0	1
2025.10.08	02:00:00	1.16592	1.16594	1.16526	1.16529	1112	0	0
2025.10.08	03:00:00	1.16530	1.16531	1.16456	1.16473	1688	0	0
2025.10.08	04:00:00	1.16472	1.16472	1.16261	1.16268	2711	0	0
2025.10.08	05:00:00	1.16269	1.16271	1.16171	1.16239	1877	0	0
2025.10.08	06:00:00	1.16237	1.16245	1.16174	1.16237	1275	0	0
2025.10.08	07:00:00	1.16239	1.16251	1.16160	1.16193	1127	0	0
2025.10.08	08:00:00	1.16191	1.16192	1.16121	1.16170	1494	0	0
2025.10.08	09:00:00	1.16171	1.16202	1.16071	1.16165	2694	0	0
2025.10.08	10:00:00	1.16167	1.16342	1.16117	1.16311	3206	0	0
2025.10.08	11:00:00	1.16309	1.16355	1.16107	1.16145	2355	0	0
2025.10.08	12:00:00	1.16147	1.16203	1.16060	1.16113	2609	0	0
2025.10.08	13:00:00	1.16111	1.16361	1.16089	1.16338	2054	0	0
2025.10.08	14:00:00	1.16342	1.16346	1.16251	1.16263	1897	0	0
2025.10.08	15:00:00	1.16264	1.16379	1.16248	1.16324	2017	0	0
2025.10.08	16:00:00	1.16323	1.16447	1.16274	1.16319	2934	0	0
2025.10.08	17:00:00	1.16320	1.16362	1.16204	1.16218	2862	0	0
2025.10.08	18:00:00	1.16216	1.16220	1.16031	1.16059	2635	0	0
2025.10.08	19:00:00	1.16061	1.16070	1.15984	1.16053	1729	0	0
2025.10.08	20:00:00	1.16057	1.16093	1.16024	1.16051	1429	0	0
2025.10.08	21:00:00	1.16048	1.16222	1.15997	1.16200	2697	0	0
2025.10.08	22:00:00	1.16210	1.16284	1.16207	1.16281	1338	0	0
2025.10.08	23:00:00	1.16280	1.16321	1.16264	1.16288	856	0	1
2025.10.09	00:00:00	1.16264	1.16282	1.16197	1.16276	1525	0	31
2025.10.09	01:00:00	1.16280	1.16349	1.16267	1.16335	899	0	1
2025.10.09	02:00:00	1.16339	1.16339	1.16279	1.16293	1053	0	0
2025.10.09	03:00:00	1.16292	1.16411	1.16280	1.16369	1652	0	0
2025.10.09	04:00:00	1.16369	1.16455	1.16363	1.16401	2210	0	0
2025.10.09	05:00:00	1.16398	1.16477	1.16388	1.16440	1278	0	0
2025.10.09	06:00:00	1.16439	1.16467	1.16404	1.16448	999	0	0
2025.10.09	07:00:00	1.16449	1.16470	1.16419	1.16456	880	0	0
2025.10.09	08:00:00	1.16454	1.16481	1.16384	1.16386	1230	0	0
2025.10.09	09:00:00	1.16387	1.16388	1.16116	1.16157	3205	0	0
2025.10.09	10:00:00	1.16163	1.16232	1.16065	1.16111	3038	0	0
2025.10.09	11:00:00	1.16111	1.16145	1.16031	1.16122	2662	0	0
2025.10.09	12:00:00	1.16124	1.16271	1.16109	1.16257	3082	0	0
2025.10.09	13:00:00	1.16263	1.16273	1.16132	1.16186	1982	0	0
2025.10.09	14:00:00	1.16187	1.16221	1.16093	1.16120	2214	0	0
2025.10.09	15:00:00	1.16122	1.16162	1.16052	1.16151	2661	0	0
2025.10.09	16:00:00	1.16153	1.16233	1.15916	1.16028	4369	0	0
2025.10.09	17:00:00	1.16026	1.16029	1.15766	1.15811	4627	0	0
2025.10.09	18:00:00	1.15808	1.15818	1.15470	1.15589	3810	0	0
2025.10.09	19:00:00	1.15594	1.15633	1.15524	1.15581	2410	0	0
2025.10.09	20:00:00	1.15581	1.15664	1.15541	1.15599	2495	0	0
2025.10.09	21:00:00	1.15598	1.15606	1.15420	1.15465	1576	0	0
2025.10.09	22:00:00	1.15472	1.15615	1.15468	1.15596	1647	0	0
2025.10.09	23:00:00	1.15591	1.15669	1.15586	1.15640	760	0	1
2025.10.10	00:00:00	1.15580	1.15642	1.15540	1.15630	165	0	30
2025.10.10	01:00:00	1.15629	1.15669	1.15616	1.15646	772	0	1
2025.10.10	02:00:00	1.15647	1.15663	1.15571	1.15653	1091	0	0
2025.10.10	03:00:00	1.15653	1.15708	1.15606	1.15676	1496	0	0
2025.10.10	04:00:00	1.15677	1.15714	1.15626	1.15627	1583	0	0
2025.10.10	05:00:00	1.15628	1.15729	1.15624	1.15695	1162	0	0
2025.10.10	06:00:00	1.15695	1.15742	1.15672	1.15729	1123	0	0
2025.10.10	07:00:00	1.15727	1.15736	1.15674	1.15736	972	0	0
2025.10.10	08:00:00	1.15734	1.15779	1.15697	1.15701	1229	0	0
2025.10.10	09:00:00	1.15700	1.15749	1.15612	1.15705	2850	0	0
2025.10.10	10:00:00	1.15704	1.15799	1.15638	1.15781	2706	0	0
2025.10.10	11:00:00	1.15779	1.15895	1.15753	1.15789	2456	0	0
2025.10.10	12:00:00	1.15788	1.15801	1.15687	1.15744	2022	0	0
2025.10.10	13:00:00	1.15745	1.15835	1.15704	1.15715	1820	0	0
2025.10.10	14:00:00	1.15716	1.15749	1.15606	1.15608	2123	0	0
2025.10.10	15:00:00	1.15607	1.15762	1.15591	1.15720	2305	0	0
2025.10.10	16:00:00	1.15719	1.15735	1.15620	1.15679	2408	0	0
2025.10.10	17:00:00	1.15691	1.15823	1.15648	1.15784	3137	0	0
2025.10.10	18:00:00	1.15785	1.16308	1.15779	1.16125	6754	0	0
2025.10.10	19:00:00	1.16124	1.16257	1.16042	1.16059	3371	0	0
2025.10.10	20:00:00	1.16057	1.16093	1.15970	1.16011	1901	0	0
2025.10.10	21:00:00	1.16013	1.16130	1.15999	1.16086	1434	0	0
2025.10.10	22:00:00	1.16082	1.16152	1.16036	1.16127	1145	0	0
2025.10.10	23:00:00	1.16130	1.16243	1.16038	1.16232	1214	0	1
2025.10.13	00:00:00	1.16092	1.16145	1.16083	1.16117	490	0	30
2025.10.13	01:00:00	1.16111	1.16123	1.15920	1.16029	2342	0	1
2025.10.13	02:00:00	1.16034	1.16101	1.16002	1.16016	2039	0	0
2025.10.13	03:00:00	1.16013	1.16159	1.15999	1.16158	2571	0	0
2025.10.13	04:00:00	1.16175	1.16211	1.16097	1.16199	2406	0	0
2025.10.13	05:00:00	1.16201	1.16276	1.16168	1.16195	1559	0	0
2025.10.13	06:00:00	1.16196	1.16217	1.16159	1.16207	1268	0	0
2025.10.13	07:00:00	1.16205	1.16252	1.16179	1.16203	926	0	0
2025.10.13	08:00:00	1.16205	1.16239	1.16129	1.16146	1392	0	0
2025.10.13	09:00:00	1.16145	1.16298	1.16108	1.16141	2604	0	0
2025.10.13	10:00:00	1.16140	1.16156	1.15974	1.15999	3433	0	0
2025.10.13	11:00:00	1.16000	1.16048	1.15816	1.15853	2935	0	0
2025.10.13	12:00:00	1.15853	1.15981	1.15844	1.15942	1877	0	0
2025.10.13	13:00:00	1.15941	1.15958	1.15814	1.15836	1918	0	0
2025.10.13	14:00:00	1.15835	1.15942	1.15655	1.15685	2584	0	0
2025.10.13	15:00:00	1.15687	1.15766	1.15619	1.15686	2427	0	0
2025.10.13	16:00:00	1.15687	1.15775	1.15647	1.15752	2826	0	0
2025.10.13	17:00:00	1.15753	1.15753	1.15574	1.15613	2665	0	0
2025.10.13	18:00:00	1.15614	1.15755	1.15601	1.15740	1761	0	0
2025.10.13	19:00:00	1.15741	1.15789	1.15697	1.15754	1748	0	0
2025.10.13	20:00:00	1.15755	1.15771	1.15699	1.15732	1236	0	0
2025.10.13	21:00:00	1.15734	1.15776	1.15658	1.15685	1186	0	0
2025.10.13	22:00:00	1.15690	1.15741	1.15661	1.15662	973	0	0
2025.10.13	23:00:00	1.15661	1.15700	1.15650	1.15673	949	0	1
2025.10.14	00:00:00	1.15675	1.15724	1.15675	1.15705	567	0	25
2025.10.14	01:00:00	1.15715	1.15738	1.15675	1.15678	954	0	1
2025.10.14	02:00:00	1.15679	1.15699	1.15637	1.15659	1015	0	0
2025.10.14	03:00:00	1.15653	1.15672	1.15549	1.15609	2344	0	0
2025.10.14	04:00:00	1.15612	1.15735	1.15605	1.15708	2134	0	0
2025.10.14	05:00:00	1.15709	1.15763	1.15702	1.15736	1329	0	0
2025.10.14	06:00:00	1.15736	1.15819	1.15714	1.15787	1358	0	0
2025.10.14	07:00:00	1.15788	1.15927	1.15780	1.15920	2455	0	0
2025.10.14	08:00:00	1.15922	1.15936	1.15826	1.15846	2669	0	0
2025.10.14	09:00:00	1.15847	1.15895	1.15631	1.15700	4061	0	0
2025.10.14	10:00:00	1.15696	1.15747	1.15429	1.15496	4290	0	0
2025.10.14	11:00:00	1.15495	1.15608	1.15457	1.15590	3295	0	0
2025.10.14	12:00:00	1.15592	1.15632	1.15515	1.15552	2847	0	0
2025.10.14	13:00:00	1.15549	1.15594	1.15512	1.15535	2833	0	0
2025.10.14	14:00:00	1.15534	1.15584	1.15464	1.15520	2426	0	0
2025.10.14	15:00:00	1.15523	1.15652	1.15481	1.15557	3342	0	0
2025.10.14	16:00:00	1.15556	1.15830	1.15544	1.15742	4597	0	0
2025.10.14	17:00:00	1.15741	1.15974	1.15691	1.15942	4254	0	0
2025.10.14	18:00:00	1.15943	1.16083	1.15868	1.16074	3514	0	0
2025.10.14	19:00:00	1.16079	1.16150	1.16013	1.16094	3738	0	0
2025.10.14	20:00:00	1.16088	1.16121	1.16018	1.16094	2174	0	0
2025.10.14	21:00:00	1.16093	1.16119	1.16035	1.16051	1713	0	0
2025.10.14	22:00:00	1.16050	1.16113	1.16044	1.16056	2068	0	0
2025.10.14	23:00:00	1.16055	1.16072	1.15999	1.16059	1043	0	0
2025.10.15	00:00:00	1.16055	1.16079	1.16055	1.16066	306	0	25
2025.10.15	01:00:00	1.16067	1.16093	1.16033	1.16033	1088	0	1
2025.10.15	02:00:00	1.16034	1.16057	1.16018	1.16033	1045	0	0
2025.10.15	03:00:00	1.16029	1.16140	1.16018	1.16104	2240	0	0
2025.10.15	04:00:00	1.16105	1.16229	1.16069	1.16192	2518	0	0
2025.10.15	05:00:00	1.16193	1.16260	1.16178	1.16230	1824	0	0
2025.10.15	06:00:00	1.16229	1.16243	1.16184	1.16222	1684	0	0
2025.10.15	07:00:00	1.16227	1.16243	1.16168	1.16184	1214	0	0
2025.10.15	08:00:00	1.16188	1.16267	1.16184	1.16195	1660	0	0
2025.10.15	09:00:00	1.16196	1.16386	1.16175	1.16342	2994	0	0
2025.10.15	10:00:00	1.16347	1.16445	1.16292	1.16358	3214	0	0
2025.10.15	11:00:00	1.16360	1.16454	1.16313	1.16326	2685	0	0
2025.10.15	12:00:00	1.16324	1.16392	1.16280	1.16348	2529	0	0
2025.10.15	13:00:00	1.16347	1.16351	1.16205	1.16242	1835	0	0
2025.10.15	14:00:00	1.16241	1.16324	1.16198	1.16200	1834	0	0
2025.10.15	15:00:00	1.16203	1.16276	1.16139	1.16176	3169	0	0
2025.10.15	16:00:00	1.16177	1.16321	1.16105	1.16274	4055	0	0
2025.10.15	17:00:00	1.16273	1.16301	1.16196	1.16247	2900	0	0
2025.10.15	18:00:00	1.16248	1.16469	1.16185	1.16371	3404	0	0
2025.10.15	19:00:00	1.16373	1.16409	1.16285	1.16401	2545	0	0
2025.10.15	20:00:00	1.16392	1.16402	1.16271	1.16295	2738	0	0
2025.10.15	21:00:00	1.16297	1.16374	1.16278	1.16332	1764	0	0
2025.10.15	22:00:00	1.16330	1.16448	1.16329	1.16444	1300	0	0
2025.10.15	23:00:00	1.16442	1.16476	1.16425	1.16456	1069	0	1
2025.10.16	00:00:00	1.16429	1.16444	1.16405	1.16424	651	0	25
2025.10.16	01:00:00	1.16429	1.16517	1.16420	1.16463	1152	0	1
2025.10.16	02:00:00	1.16465	1.16471	1.16446	1.16459	872	0	0
2025.10.16	03:00:00	1.16458	1.16670	1.16428	1.16630	2546	0	0
2025.10.16	04:00:00	1.16631	1.16754	1.16611	1.16701	2680	0	0
2025.10.16	05:00:00	1.16703	1.16748	1.16640	1.16662	2031	0	0
2025.10.16	06:00:00	1.16661	1.16673	1.16615	1.16621	1553	0	0
2025.10.16	07:00:00	1.16622	1.16622	1.16557	1.16562	1215	0	0
2025.10.16	08:00:00	1.16561	1.16616	1.16537	1.16600	2011	0	0
2025.10.16	09:00:00	1.16601	1.16680	1.16522	1.16539	2995	0	0
2025.10.16	10:00:00	1.16541	1.16568	1.16431	1.16520	3476	0	0
2025.10.16	11:00:00	1.16516	1.16598	1.16485	1.16591	2958	0	0
2025.10.16	12:00:00	1.16590	1.16640	1.16522	1.16583	2433	0	0
2025.10.16	13:00:00	1.16584	1.16629	1.16529	1.16553	2293	0	0
2025.10.16	14:00:00	1.16555	1.16564	1.16463	1.16541	2564	0	0
2025.10.16	15:00:00	1.16539	1.16617	1.16490	1.16606	3250	0	0
2025.10.16	16:00:00	1.16612	1.16643	1.16499	1.16575	3797	0	0
2025.10.16	17:00:00	1.16574	1.16781	1.16536	1.16772	3803	0	0
2025.10.16	18:00:00	1.16773	1.16782	1.16611	1.16646	3282	0	0
2025.10.16	19:00:00	1.16645	1.16791	1.16643	1.16771	3952	0	0
2025.10.16	20:00:00	1.16772	1.16937	1.16769	1.16883	3382	0	0
2025.10.16	21:00:00	1.16882	1.16935	1.16805	1.16893	2552	0	0
2025.10.16	22:00:00	1.16896	1.16943	1.16871	1.16888	2130	0	0
2025.10.16	23:00:00	1.16888	1.16914	1.16847	1.16872	1070	0	1
2025.10.17	00:00:00	1.16837	1.16884	1.16833	1.16867	485	0	25
2025.10.17	01:00:00	1.16874	1.16959	1.16863	1.16945	1359	0	1
2025.10.17	02:00:00	1.16946	1.16996	1.16931	1.16992	1256	0	0
2025.10.17	03:00:00	1.16991	1.17114	1.16952	1.17068	2093	0	0
2025.10.17	04:00:00	1.17066	1.17097	1.16999	1.17010	2811	0	0
2025.10.17	05:00:00	1.17011	1.17114	1.16951	1.17053	1909	0	0
2025.10.17	06:00:00	1.17054	1.17124	1.17046	1.17094	1281	0	0
2025.10.17	07:00:00	1.17095	1.17122	1.17064	1.17100	1037	0	0
2025.10.17	08:00:00	1.17099	1.17283	1.17098	1.17232	1457	0	0
2025.10.17	09:00:00	1.17233	1.17266	1.17084	1.17109	3836	0	0
2025.10.17	10:00:00	1.17104	1.17149	1.16936	1.17118	5372	0	0
2025.10.17	11:00:00	1.17117	1.17163	1.16915	1.16973	3824	0	0
2025.10.17	12:00:00	1.16975	1.17079	1.16965	1.17013	2468	0	0
2025.10.17	13:00:00	1.17010	1.17026	1.16876	1.16896	2512	0	0
2025.10.17	14:00:00	1.16897	1.16971	1.16803	1.16850	3619	0	0
2025.10.17	15:00:00	1.16853	1.16863	1.16667	1.16765	3975	0	0
2025.10.17	16:00:00	1.16764	1.16813	1.16690	1.16704	4262	0	0
2025.10.17	17:00:00	1.16700	1.16732	1.16566	1.16668	4755	0	0
2025.10.17	18:00:00	1.16667	1.16734	1.16607	1.16734	3310	0	0
2025.10.17	19:00:00	1.16731	1.16794	1.16698	1.16708	2383	0	0
2025.10.17	20:00:00	1.16709	1.16758	1.16670	1.16678	2126	0	0
2025.10.17	21:00:00	1.16680	1.16743	1.16638	1.16680	2045	0	0
2025.10.17	22:00:00	1.16686	1.16711	1.16660	1.16706	1345	0	0
2025.10.17	23:00:00	1.16705	1.16706	1.16497	1.16521	1196	0	1
2025.10.20	00:00:00	1.16594	1.16647	1.16538	1.16546	458	0	35
2025.10.20	01:00:00	1.16547	1.16577	1.16518	1.16562	1082	0	1
2025.10.20	02:00:00	1.16562	1.16617	1.16544	1.16579	827	0	0
2025.10.20	03:00:00	1.16580	1.16662	1.16577	1.16662	1753	0	0
2025.10.20	04:00:00	1.16663	1.16675	1.16566	1.16600	1552	0	0
2025.10.20	05:00:00	1.16601	1.16707	1.16601	1.16655	1112	0	0
2025.10.20	06:00:00	1.16656	1.16686	1.16648	1.16681	785	0	0
2025.10.20	07:00:00	1.16680	1.16739	1.16657	1.16715	892	0	0
2025.10.20	08:00:00	1.16714	1.16754	1.16700	1.16736	1146	0	0
2025.10.20	09:00:00	1.16727	1.16727	1.16565	1.16583	2794	0	0
2025.10.20	10:00:00	1.16584	1.16682	1.16537	1.16626	2988	0	0
2025.10.20	11:00:00	1.16625	1.16665	1.16577	1.16635	2908	0	0
2025.10.20	12:00:00	1.16636	1.16677	1.16593	1.16617	3044	0	0
2025.10.20	13:00:00	1.16618	1.16631	1.16510	1.16534	2380	0	0
2025.10.20	14:00:00	1.16535	1.16565	1.16443	1.16565	2470	0	0
2025.10.20	15:00:00	1.16564	1.16604	1.16500	1.16534	3018	0	0
2025.10.20	16:00:00	1.16535	1.16545	1.16463	1.16490	3078	0	0
2025.10.20	17:00:00	1.16491	1.16644	1.16474	1.16537	2943	0	0
2025.10.20	18:00:00	1.16538	1.16643	1.16527	1.16551	2780	0	0
2025.10.20	19:00:00	1.16547	1.16581	1.16493	1.16499	1714	0	0
2025.10.20	20:00:00	1.16495	1.16529	1.16411	1.16434	1429	0	0
2025.10.20	21:00:00	1.16433	1.16483	1.16384	1.16463	1252	0	0
2025.10.20	22:00:00	1.16467	1.16492	1.16400	1.16407	1077	0	0
2025.10.20	23:00:00	1.16409	1.16443	1.16401	1.16433	698	0	1
2025.10.21	00:00:00	1.16371	1.16441	1.16371	1.16435	366	0	29
2025.10.21	01:00:00	1.16448	1.16455	1.16425	1.16429	753	0	1
2025.10.21	02:00:00	1.16430	1.16449	1.16426	1.16443	784	0	0
2025.10.21	03:00:00	1.16441	1.16553	1.16430	1.16532	1789	0	0
2025.10.21	04:00:00	1.16531	1.16531	1.16419	1.16448	2242	0	0
2025.10.21	05:00:00	1.16452	1.16453	1.16325	1.16342	1988	0	0
2025.10.21	06:00:00	1.16343	1.16359	1.16328	1.16348	937	0	0
2025.10.21	07:00:00	1.16347	1.16365	1.16318	1.16360	1281	0	0
2025.10.21	08:00:00	1.16361	1.16374	1.16242	1.16254	1924	0	0
2025.10.21	09:00:00	1.16253	1.16341	1.16185	1.16319	2445	0	0
2025.10.21	10:00:00	1.16320	1.16355	1.16217	1.16254	3174	0	0
2025.10.21	11:00:00	1.16248	1.16276	1.16128	1.16212	3195	0	0
2025.10.21	12:00:00	1.16213	1.16273	1.16160	1.16207	2384	0	0
2025.10.21	13:00:00	1.16206	1.16235	1.16065	1.16180	2731	0	0
2025.10.21	14:00:00	1.16179	1.16259	1.16091	1.16127	2732	0	0
2025.10.21	15:00:00	1.16128	1.16167	1.16020	1.16112	3829	0	0
2025.10.21	16:00:00	1.16110	1.16170	1.16025	1.16126	4300	0	0
2025.10.21	17:00:00	1.16125	1.16181	1.15976	1.16044	3940	0	0
2025.10.21	18:00:00	1.16045	1.16165	1.16042	1.16149	2848	0	0
2025.10.21	19:00:00	1.16151	1.16245	1.16077	1.16090	3032	0	0
2025.10.21	20:00:00	1.16089	1.16101	1.16011	1.16040	1873	0	0
2025.10.21	21:00:00	1.16041	1.16084	1.16034	1.16051	1291	0	0
2025.10.21	22:00:00	1.16052	1.16077	1.15999	1.16005	1221	0	0
2025.10.21	23:00:00	1.16006	1.16025	1.15988	1.15994	623	0	1
2025.10.22	00:00:00	1.15980	1.16037	1.15980	1.16025	505	0	29
2025.10.22	01:00:00	1.16026	1.16026	1.15992	1.16001	1015	0	1
2025.10.22	02:00:00	1.16002	1.16018	1.15988	1.15995	786	0	0
2025.10.22	03:00:00	1.16002	1.16079	1.15995	1.16047	2016	0	0
2025.10.22	04:00:00	1.16046	1.16093	1.16012	1.16049	1709	0	0
2025.10.22	05:00:00	1.16048	1.16110	1.16048	1.16085	1245	0	0
2025.10.22	06:00:00	1.16080	1.16091	1.16045	1.16071	1168	0	0
2025.10.22	07:00:00	1.16070	1.16095	1.16047	1.16091	1061	0	0
2025.10.22	08:00:00	1.16092	1.16157	1.16090	1.16136	1343	0	0
2025.10.22	09:00:00	1.16140	1.16148	1.16042	1.16094	3219	0	0
2025.10.22	10:00:00	1.16093	1.16128	1.15995	1.16005	2957	0	0
2025.10.22	11:00:00	1.16006	1.16006	1.15898	1.15975	3204	0	0
2025.10.22	12:00:00	1.15972	1.16019	1.15921	1.15949	2202	0	0
2025.10.22	13:00:00	1.15945	1.15970	1.15828	1.15858	2349	0	0
2025.10.22	14:00:00	1.15857	1.15893	1.15823	1.15826	2837	0	0
2025.10.22	15:00:00	1.15825	1.15909	1.15767	1.15831	3298	0	0
2025.10.22	16:00:00	1.15832	1.15977	1.15818	1.15948	3373	0	0
2025.10.22	17:00:00	1.15953	1.16116	1.15923	1.16111	3261	0	0
2025.10.22	18:00:00	1.16112	1.16169	1.16087	1.16113	3330	0	0
2025.10.22	19:00:00	1.16115	1.16224	1.16103	1.16195	2807	0	0
2025.10.22	20:00:00	1.16193	1.16205	1.16126	1.16147	1969	0	0
2025.10.22	21:00:00	1.16146	1.16156	1.16075	1.16092	1415	0	0
2025.10.22	22:00:00	1.16093	1.16113	1.16049	1.16059	1178	0	0
2025.10.22	23:00:00	1.16058	1.16108	1.16058	1.16094	645	0	1
2025.10.23	00:00:00	1.16062	1.16118	1.16062	1.16112	426	0	25
2025.10.23	01:00:00	1.16114	1.16145	1.16103	1.16122	791	0	1
2025.10.23	02:00:00	1.16125	1.16126	1.16065	1.16072	914	0	0
2025.10.23	03:00:00	1.16069	1.16076	1.15977	1.16041	1678	0	0
2025.10.23	04:00:00	1.16044	1.16055	1.15974	1.15977	1563	0	0
2025.10.23	05:00:00	1.15978	1.15996	1.15950	1.15966	1211	0	0
2025.10.23	06:00:00	1.15967	1.15985	1.15919	1.15927	1002	0	0
2025.10.23	07:00:00	1.15926	1.15992	1.15904	1.15987	1136	0	0
2025.10.23	08:00:00	1.15988	1.16039	1.15967	1.16015	1135	0	0
2025.10.23	09:00:00	1.16014	1.16037	1.15906	1.15945	2259	0	0
2025.10.23	10:00:00	1.15944	1.16015	1.15897	1.16001	2390	0	0
2025.10.23	11:00:00	1.15996	1.16061	1.15929	1.15963	2108	0	0
2025.10.23	12:00:00	1.15962	1.16002	1.15930	1.15937	1726	0	0
2025.10.23	13:00:00	1.15936	1.15948	1.15855	1.15880	1611	0	0
2025.10.23	14:00:00	1.15877	1.15930	1.15855	1.15870	1972	0	0
2025.10.23	15:00:00	1.15875	1.16061	1.15866	1.16007	2546	0	0
2025.10.23	16:00:00	1.16008	1.16106	1.15981	1.16069	3117	0	0
2025.10.23	17:00:00	1.16067	1.16199	1.16057	1.16132	3278	0	0
2025.10.23	18:00:00	1.16133	1.16159	1.16065	1.16117	2398	0	0
2025.10.23	19:00:00	1.16118	1.16162	1.16065	1.16069	1723	0	0
2025.10.23	20:00:00	1.16067	1.16122	1.16043	1.16117	1477	0	0
2025.10.23	21:00:00	1.16118	1.16179	1.16099	1.16176	1189	0	0
2025.10.23	22:00:00	1.16177	1.16200	1.16152	1.16164	943	0	0
2025.10.23	23:00:00	1.16163	1.16190	1.16136	1.16182	728	0	1
2025.10.24	00:00:00	1.16143	1.16173	1.16132	1.16156	482	0	25
2025.10.24	01:00:00	1.16162	1.16212	1.16162	1.16180	822	0	1
2025.10.24	02:00:00	1.16181	1.16190	1.16148	1.16171	681	0	0
2025.10.24	03:00:00	1.16170	1.16216	1.16168	1.16178	1335	0	0
2025.10.24	04:00:00	1.16178	1.16188	1.16088	1.16095	1480	0	0
2025.10.24	05:00:00	1.16098	1.16125	1.16075	1.16080	1302	0	0
2025.10.24	06:00:00	1.16079	1.16117	1.16070	1.16091	908	0	0
2025.10.24	07:00:00	1.16089	1.16091	1.16056	1.16077	894	0	0
2025.10.24	08:00:00	1.16077	1.16081	1.16018	1.16053	1085	0	0
2025.10.24	09:00:00	1.16052	1.16138	1.16009	1.16138	2072	0	0
2025.10.24	10:00:00	1.16136	1.16279	1.16020	1.16182	3158	0	0
2025.10.24	11:00:00	1.16183	1.16236	1.16064	1.16102	2736	0	0
2025.10.24	12:00:00	1.16095	1.16128	1.16053	1.16116	1764	0	0
2025.10.24	13:00:00	1.16118	1.16165	1.16109	1.16127	1624	0	0
2025.10.24	14:00:00	1.16128	1.16157	1.16070	1.16150	2087	0	0
2025.10.24	15:00:00	1.16153	1.16477	1.16087	1.16342	4845	0	0
2025.10.24	16:00:00	1.16343	1.16434	1.16208	1.16260	4421	0	0
2025.10.24	17:00:00	1.16259	1.16357	1.16182	1.16261	3814	0	0
2025.10.24	18:00:00	1.16260	1.16354	1.16214	1.16255	2900	0	0
2025.10.24	19:00:00	1.16252	1.16277	1.16212	1.16257	1835	0	0
2025.10.24	20:00:00	1.16256	1.16320	1.16245	1.16275	1347	0	0
2025.10.24	21:00:00	1.16276	1.16280	1.16248	1.16261	1308	0	0
2025.10.24	22:00:00	1.16263	1.16334	1.16261	1.16315	1231	0	0
2025.10.24	23:00:00	1.16317	1.16359	1.16207	1.16269	1229	0	1
2025.10.27	00:00:00	1.16322	1.16349	1.16233	1.16281	845	0	30
2025.10.27	01:00:00	1.16294	1.16354	1.16248	1.16282	1764	0	1
2025.10.27	02:00:00	1.16280	1.16330	1.16258	1.16310	1205	0	0
2025.10.27	03:00:00	1.16311	1.16377	1.16277	1.16349	1759	0	0
2025.10.27	04:00:00	1.16348	1.16476	1.16336	1.16389	1898	0	0
2025.10.27	05:00:00	1.16390	1.16396	1.16302	1.16309	1141	0	0
2025.10.27	06:00:00	1.16308	1.16324	1.16269	1.16276	917	0	0
2025.10.27	07:00:00	1.16277	1.16279	1.16207	1.16245	1113	0	0
2025.10.27	08:00:00	1.16250	1.16271	1.16206	1.16261	1237	0	0
2025.10.27	09:00:00	1.16262	1.16324	1.16247	1.16263	1894	0	0
2025.10.27	10:00:00	1.16261	1.16278	1.16197	1.16200	2116	0	0
2025.10.27	11:00:00	1.16197	1.16332	1.16176	1.16284	2684	0	0
2025.10.27	12:00:00	1.16282	1.16399	1.16261	1.16379	2369	0	0
2025.10.27	13:00:00	1.16380	1.16447	1.16353	1.16416	1939	0	0
2025.10.27	14:00:00	1.16417	1.16475	1.16360	1.16461	2020	0	0
2025.10.27	15:00:00	1.16462	1.16515	1.16376	1.16413	2550	0	0
2025.10.27	16:00:00	1.16414	1.16429	1.16316	1.16358	2651	0	0
2025.10.27	17:00:00	1.16357	1.16424	1.16324	1.16408	2474	0	0
2025.10.27	18:00:00	1.16407	1.16418	1.16328	1.16353	2498	0	0
2025.10.27	19:00:00	1.16354	1.16412	1.16324	1.16388	2038	0	0
2025.10.27	20:00:00	1.16389	1.16416	1.16357	1.16378	1335	0	0
2025.10.27	21:00:00	1.16379	1.16521	1.16350	1.16504	1652	0	0
2025.10.27	22:00:00	1.16505	1.16506	1.16439	1.16475	1344	0	0
2025.10.27	23:00:00	1.16474	1.16487	1.16432	1.16436	700	0	1
2025.10.28	00:00:00	1.16421	1.16456	1.16421	1.16445	446	0	25
2025.10.28	01:00:00	1.16456	1.16506	1.16443	1.16497	1177	0	1
2025.10.28	02:00:00	1.16498	1.16547	1.16494	1.16510	939	0	0
2025.10.28	03:00:00	1.16509	1.16589	1.16462	1.16556	1560	0	0
2025.10.28	04:00:00	1.16557	1.16638	1.16550	1.16575	1825	0	0
2025.10.28	05:00:00	1.16576	1.16631	1.16538	1.16544	1544	0	0
2025.10.28	06:00:00	1.16543	1.16629	1.16542	1.16600	1244	0	0
2025.10.28	07:00:00	1.16601	1.16677	1.16587	1.16663	1196	0	0
2025.10.28	08:00:00	1.16664	1.16680	1.16626	1.16637	1178	0	0
2025.10.28	09:00:00	1.16629	1.16671	1.16547	1.16560	1417	0	0
2025.10.28	10:00:00	1.16558	1.16615	1.16509	1.16551	1895	0	0
2025.10.28	11:00:00	1.16547	1.16627	1.16488	1.16520	2937	0	0
2025.10.28	12:00:00	1.16519	1.16589	1.16449	1.16569	1983	0	0
2025.10.28	13:00:00	1.16570	1.16650	1.16549	1.16642	1687	0	0
2025.10.28	14:00:00	1.16641	1.16642	1.16548	1.16591	1561	0	0
2025.10.28	15:00:00	1.16592	1.16599	1.16349	1.16402	2688	0	0
2025.10.28	16:00:00	1.16397	1.16406	1.16256	1.16396	2963	0	0
2025.10.28	17:00:00	1.16395	1.16634	1.16373	1.16606	3062	0	0
2025.10.28	18:00:00	1.16608	1.16673	1.16549	1.16590	2654	0	0
2025.10.28	19:00:00	1.16588	1.16678	1.16530	1.16677	2640	0	0
2025.10.28	20:00:00	1.16678	1.16687	1.16594	1.16631	1853	0	0
2025.10.28	21:00:00	1.16632	1.16639	1.16560	1.16622	1384	0	0
2025.10.28	22:00:00	1.16624	1.16651	1.16517	1.16523	1381	0	0
2025.10.28	23:00:00	1.16521	1.16572	1.16509	1.16531	807	0	1
2025.10.29	00:00:00	1.16499	1.16519	1.16492	1.16508	454	0	25
2025.10.29	01:00:00	1.16524	1.16541	1.16498	1.16505	803	0	1
2025.10.29	02:00:00	1.16507	1.16574	1.16483	1.16571	618	0	0
2025.10.29	03:00:00	1.16568	1.16610	1.16533	1.16545	2404	0	0
2025.10.29	04:00:00	1.16544	1.16561	1.16464	1.16474	1726	0	0
2025.10.29	05:00:00	1.16469	1.16480	1.16414	1.16464	1172	0	0
2025.10.29	06:00:00	1.16465	1.16467	1.16369	1.16372	841	0	0
2025.10.29	07:00:00	1.16373	1.16375	1.16315	1.16341	986	0	0
2025.10.29	08:00:00	1.16340	1.16356	1.16271	1.16315	1439	0	0
2025.10.29	09:00:00	1.16311	1.16326	1.16252	1.16299	1406	0	0
2025.10.29	10:00:00	1.16296	1.16378	1.16286	1.16328	2400	0	0
2025.10.29	11:00:00	1.16327	1.16339	1.16232	1.16232	2119	0	0
2025.10.29	12:00:00	1.16224	1.16470	1.16188	1.16412	2334	0	0
2025.10.29	13:00:00	1.16414	1.16489	1.16370	1.16473	1760	0	0
2025.10.29	14:00:00	1.16474	1.16487	1.16330	1.16396	1905	0	0
2025.10.29	15:00:00	1.16403	1.16450	1.16274	1.16338	2308	0	0
2025.10.29	16:00:00	1.16339	1.16458	1.16334	1.16367	3074	0	0
2025.10.29	17:00:00	1.16366	1.16515	1.16315	1.16504	2435	0	0
2025.10.29	18:00:00	1.16504	1.16646	1.16451	1.16636	2649	0	0
2025.10.29	19:00:00	1.16637	1.16658	1.16554	1.16572	2079	0	0
2025.10.29	20:00:00	1.16571	1.16589	1.16454	1.16454	1905	0	0
2025.10.29	21:00:00	1.16455	1.16508	1.15842	1.15944	7019	0	0
2025.10.29	22:00:00	1.15943	1.16000	1.15777	1.15994	5425	0	0
2025.10.29	23:00:00	1.15992	1.16072	1.15907	1.15992	1679	0	1
2025.10.30	00:00:00	1.15997	1.16037	1.15996	1.16016	439	0	25
2025.10.30	01:00:00	1.16026	1.16053	1.16012	1.16040	802	0	1
2025.10.30	02:00:00	1.16041	1.16053	1.16013	1.16031	564	0	0
2025.10.30	03:00:00	1.16029	1.16153	1.15966	1.16120	1733	0	0
2025.10.30	04:00:00	1.16123	1.16153	1.16087	1.16139	1765	0	0
2025.10.30	05:00:00	1.16138	1.16197	1.16124	1.16173	1283	0	0
2025.10.30	06:00:00	1.16175	1.16199	1.16070	1.16155	1959	0	0
2025.10.30	07:00:00	1.16156	1.16375	1.16135	1.16320	3241	0	0
2025.10.30	08:00:00	1.16319	1.16342	1.16234	1.16241	1985	0	0
2025.10.30	09:00:00	1.16239	1.16296	1.16181	1.16195	2633	0	0
2025.10.30	10:00:00	1.16194	1.16229	1.16095	1.16186	3032	0	0
2025.10.30	11:00:00	1.16191	1.16204	1.16068	1.16174	2999	0	0
2025.10.30	12:00:00	1.16166	1.16283	1.16144	1.16164	2607	0	0
2025.10.30	13:00:00	1.16166	1.16199	1.16060	1.16067	2200	0	0
2025.10.30	14:00:00	1.16068	1.16112	1.15961	1.15978	2230	0	0
2025.10.30	15:00:00	1.15979	1.15992	1.15532	1.15550	3505	0	0
2025.10.30	16:00:00	1.15546	1.15793	1.15470	1.15793	4356	0	0
2025.10.30	17:00:00	1.15799	1.15863	1.15678	1.15732	4133	0	0
2025.10.30	18:00:00	1.15731	1.15774	1.15607	1.15637	2470	0	0
2025.10.30	19:00:00	1.15636	1.15714	1.15592	1.15693	2264	0	0
2025.10.30	20:00:00	1.15694	1.15699	1.15603	1.15663	1806	0	0
2025.10.30	21:00:00	1.15664	1.15705	1.15642	1.15679	1730	0	0
2025.10.30	22:00:00	1.15679	1.15716	1.15618	1.15642	1534	0	0
2025.10.30	23:00:00	1.15644	1.15719	1.15634	1.15695	894	0	1
2025.10.31	00:00:00	1.15640	1.15696	1.15636	1.15687	699	0	25
2025.10.31	01:00:00	1.15695	1.15697	1.15657	1.15679	786	0	1
2025.10.31	02:00:00	1.15679	1.15733	1.15657	1.15714	824	0	0
2025.10.31	03:00:00	1.15715	1.15771	1.15700	1.15738	1566	0	0
2025.10.31	04:00:00	1.15737	1.15777	1.15666	1.15676	1881	0	0
2025.10.31	05:00:00	1.15678	1.15747	1.15649	1.15681	1416	0	0
2025.10.31	06:00:00	1.15680	1.15710	1.15659	1.15673	1179	0	0
2025.10.31	07:00:00	1.15670	1.15733	1.15663	1.15721	966	0	0
2025.10.31	08:00:00	1.15720	1.15722	1.15663	1.15681	1377	0	0
2025.10.31	09:00:00	1.15682	1.15735	1.15607	1.15613	1491	0	0
2025.10.31	10:00:00	1.15615	1.15659	1.15550	1.15649	2443	0	0
2025.10.31	11:00:00	1.15649	1.15713	1.15596	1.15705	2115	0	0
2025.10.31	12:00:00	1.15706	1.15769	1.15654	1.15759	1932	0	0
2025.10.31	13:00:00	1.15762	1.15763	1.15672	1.15710	1747	0	0
2025.10.31	14:00:00	1.15708	1.15742	1.15579	1.15669	1812	0	0
2025.10.31	15:00:00	1.15668	1.15668	1.15534	1.15558	2567	0	0
2025.10.31	16:00:00	1.15559	1.15563	1.15301	1.15389	3203	0	0
2025.10.31	17:00:00	1.15388	1.15426	1.15223	1.15341	3399	0	0
2025.10.31	18:00:00	1.15342	1.15430	1.15238	1.15409	3672	0	0
2025.10.31	19:00:00	1.15406	1.15435	1.15280	1.15301	3027	0	0
2025.10.31	20:00:00	1.15303	1.15311	1.15219	1.15241	1797	0	0
2025.10.31	21:00:00	1.15238	1.15271	1.15215	1.15248	1455	0	0
2025.10.31	22:00:00	1.15251	1.15318	1.15231	1.15257	1334	0	0
2025.10.31	23:00:00	1.15255	1.15373	1.15253	1.15353	1042	0	1
2025.11.03	00:00:00	1.15301	1.15332	1.15282	1.15308	1727	0	30
2025.11.03	01:00:00	1.15312	1.15383	1.15253	1.15273	2003	0	1
2025.11.03	02:00:00	1.15274	1.15311	1.15242	1.15258	1613	0	0
2025.11.03	03:00:00	1.15258	1.15290	1.15215	1.15268	1645	0	0
2025.11.03	04:00:00	1.15272	1.15342	1.15262	1.15316	1275	0	0
2025.11.03	05:00:00	1.15317	1.15344	1.15300	1.15334	946	0	0
2025.11.03	06:00:00	1.15335	1.15372	1.15317	1.15341	939	0	0
2025.11.03	07:00:00	1.15340	1.15377	1.15321	1.15349	1207	0	0
2025.11.03	08:00:00	1.15349	1.15412	1.15341	1.15378	1356	0	0
2025.11.03	09:00:00	1.15377	1.15411	1.15332	1.15399	2001	0	0
2025.11.03	10:00:00	1.15397	1.15401	1.15097	1.15133	2460	0	0
2025.11.03	11:00:00	1.15134	1.15208	1.15111	1.15144	2039	0	0
2025.11.03	12:00:00	1.15145	1.15200	1.15080	1.15154	2170	0	0
2025.11.03	13:00:00	1.15154	1.15200	1.15126	1.15155	1739	0	0
2025.11.03	14:00:00	1.15153	1.15221	1.15142	1.15173	1590	0	0
2025.11.03	15:00:00	1.15165	1.15179	1.15059	1.15110	2165	0	0
2025.11.03	16:00:00	1.15109	1.15129	1.15050	1.15101	2576	0	0
2025.11.03	17:00:00	1.15102	1.15252	1.15060	1.15252	3510	0	0
2025.11.03	18:00:00	1.15250	1.15318	1.15214	1.15309	2077	0	0
2025.11.03	19:00:00	1.15308	1.15377	1.15265	1.15273	1885	0	0
2025.11.03	20:00:00	1.15274	1.15310	1.15205	1.15232	1365	0	0
2025.11.03	21:00:00	1.15233	1.15246	1.15165	1.15194	1350	0	0
2025.11.03	22:00:00	1.15195	1.15232	1.15179	1.15194	1226	0	0
2025.11.03	23:00:00	1.15193	1.15200	1.15159	1.15195	581	0	1
2025.11.04	00:00:00	1.15167	1.15199	1.15165	1.15196	423	0	25
2025.11.04	01:00:00	1.15205	1.15206	1.15183	1.15183	836	0	1
2025.11.04	02:00:00	1.15182	1.15185	1.15056	1.15083	1748	0	0
2025.11.04	03:00:00	1.15080	1.15100	1.14982	1.15098	1919	0	0
2025.11.04	04:00:00	1.15098	1.15110	1.15048	1.15108	1475	0	0
2025.11.04	05:00:00	1.15110	1.15178	1.15103	1.15134	1330	0	0
2025.11.04	06:00:00	1.15136	1.15176	1.15093	1.15096	866	0	0
2025.11.04	07:00:00	1.15095	1.15141	1.15075	1.15126	1194	0	0
2025.11.04	08:00:00	1.15127	1.15266	1.15115	1.15234	1713	0	0
2025.11.04	09:00:00	1.15235	1.15334	1.15226	1.15271	2107	0	0
2025.11.04	10:00:00	1.15270	1.15289	1.15135	1.15139	2646	0	0
2025.11.04	11:00:00	1.15140	1.15171	1.14999	1.15009	2179	0	0
2025.11.04	12:00:00	1.15008	1.15099	1.14989	1.15038	1768	0	0
2025.11.04	13:00:00	1.15040	1.15056	1.14892	1.14897	1692	0	0
2025.11.04	14:00:00	1.14901	1.14932	1.14772	1.14894	2387	0	0
2025.11.04	15:00:00	1.14893	1.14969	1.14884	1.14922	2070	0	0
2025.11.04	16:00:00	1.14919	1.14948	1.14732	1.14809	2866	0	0
2025.11.04	17:00:00	1.14803	1.14929	1.14745	1.14916	2773	0	0
2025.11.04	18:00:00	1.14918	1.14965	1.14874	1.14897	2313	0	0
2025.11.04	19:00:00	1.14898	1.14902	1.14836	1.14840	1175	0	0
2025.11.04	20:00:00	1.14838	1.14866	1.14810	1.14839	1106	0	0
2025.11.04	21:00:00	1.14838	1.14872	1.14788	1.14793	1169	0	0
2025.11.04	22:00:00	1.14794	1.14835	1.14751	1.14798	1054	0	0
2025.11.04	23:00:00	1.14797	1.14826	1.14789	1.14807	783	0	1
2025.11.05	00:00:00	1.14809	1.14840	1.14788	1.14823	834	0	25
2025.11.05	01:00:00	1.14835	1.14858	1.14817	1.14852	487	0	1
2025.11.05	02:00:00	1.14853	1.14854	1.14805	1.14838	1319	0	0
2025.11.05	03:00:00	1.14836	1.14981	1.14796	1.14895	2301	0	0
2025.11.05	04:00:00	1.14898	1.14923	1.14851	1.14886	1372	0	0
2025.11.05	05:00:00	1.14885	1.14925	1.14858	1.14889	1254	0	0
2025.11.05	06:00:00	1.14888	1.14919	1.14877	1.14908	605	0	0
2025.11.05	07:00:00	1.14909	1.14941	1.14894	1.14915	731	0	0
2025.11.05	08:00:00	1.14916	1.14944	1.14869	1.14880	928	0	0
2025.11.05	09:00:00	1.14874	1.14909	1.14832	1.14867	1462	0	0
2025.11.05	10:00:00	1.14868	1.14953	1.14854	1.14888	1932	0	0
2025.11.05	11:00:00	1.14889	1.14927	1.14815	1.14845	1602	0	0
2025.11.05	12:00:00	1.14849	1.14852	1.14761	1.14833	1435	0	0
2025.11.05	13:00:00	1.14834	1.14892	1.14788	1.14882	1298	0	0
2025.11.05	14:00:00	1.14888	1.14926	1.14871	1.14911	1692	0	0
2025.11.05	15:00:00	1.14909	1.14934	1.14729	1.14737	3067	0	0
2025.11.05	16:00:00	1.14736	1.14930	1.14690	1.14872	2988	0	0
2025.11.05	17:00:00	1.14868	1.14875	1.14701	1.14791	4541	0	0
2025.11.05	18:00:00	1.14792	1.14857	1.14700	1.14839	2826	0	0
2025.11.05	19:00:00	1.14843	1.14861	1.14763	1.14804	1784	0	0
2025.11.05	20:00:00	1.14807	1.14838	1.14787	1.14815	1339	0	0
2025.11.05	21:00:00	1.14817	1.14876	1.14804	1.14858	1048	0	0
2025.11.05	22:00:00	1.14861	1.14918	1.14861	1.14883	1098	0	0
2025.11.05	23:00:00	1.14886	1.14938	1.14872	1.14925	643	0	1
2025.11.06	00:00:00	1.14905	1.14921	1.14894	1.14913	526	0	25
2025.11.06	01:00:00	1.14923	1.14969	1.14903	1.14957	812	0	1
2025.11.06	02:00:00	1.14957	1.15018	1.14930	1.15005	1319	0	0
2025.11.06	03:00:00	1.15007	1.15089	1.15007	1.15073	1415	0	0
2025.11.06	04:00:00	1.15074	1.15087	1.15029	1.15054	1107	0	0
2025.11.06	05:00:00	1.15055	1.15079	1.15033	1.15071	927	0	0
2025.11.06	06:00:00	1.15070	1.15083	1.15040	1.15068	545	0	0
2025.11.06	07:00:00	1.15067	1.15107	1.15038	1.15100	801	0	0
2025.11.06	08:00:00	1.15090	1.15135	1.15054	1.15071	1020	0	0
2025.11.06	09:00:00	1.15072	1.15134	1.15068	1.15084	1599	0	0
2025.11.06	10:00:00	1.15085	1.15234	1.15061	1.15211	2240	0	0
2025.11.06	11:00:00	1.15212	1.15237	1.15112	1.15136	1727	0	0
2025.11.06	12:00:00	1.15134	1.15173	1.15103	1.15106	1293	0	0
2025.11.06	13:00:00	1.15104	1.15210	1.15103	1.15203	1349	0	0
2025.11.06	14:00:00	1.15202	1.15328	1.15142	1.15308	2800	0	0
2025.11.06	15:00:00	1.15309	1.15441	1.15291	1.15356	3011	0	0
2025.11.06	16:00:00	1.15356	1.15376	1.15200	1.15204	3097	0	0
2025.11.06	17:00:00	1.15201	1.15428	1.15191	1.15395	3747	0	0
2025.11.06	18:00:00	1.15396	1.15418	1.15316	1.15379	2986	0	0
2025.11.06	19:00:00	1.15378	1.15428	1.15297	1.15408	2371	0	0
2025.11.06	20:00:00	1.15409	1.15500	1.15393	1.15471	1729	0	0
2025.11.06	21:00:00	1.15469	1.15524	1.15418	1.15444	1453	0	0
2025.11.06	22:00:00	1.15445	1.15490	1.15428	1.15475	1183	0	0
2025.11.06	23:00:00	1.15474	1.15486	1.15445	1.15475	891	0	1
2025.11.07	00:00:00	1.15432	1.15474	1.15405	1.15423	1958	0	25
2025.11.07	01:00:00	1.15419	1.15514	1.15419	1.15486	589	0	1
2025.11.07	02:00:00	1.15490	1.15491	1.15378	1.15395	1264	0	0
2025.11.07	03:00:00	1.15394	1.15412	1.15362	1.15379	1828	0	0
2025.11.07	04:00:00	1.15380	1.15430	1.15380	1.15401	1016	0	0
2025.11.07	05:00:00	1.15404	1.15410	1.15351	1.15380	846	0	0
2025.11.07	06:00:00	1.15381	1.15381	1.15323	1.15366	697	0	0
2025.11.07	07:00:00	1.15367	1.15386	1.15324	1.15339	680	0	0
2025.11.07	08:00:00	1.15343	1.15358	1.15296	1.15309	1234	0	0
2025.11.07	09:00:00	1.15308	1.15361	1.15307	1.15329	1330	0	0
2025.11.07	10:00:00	1.15326	1.15401	1.15296	1.15349	1938	0	0
2025.11.07	11:00:00	1.15350	1.15422	1.15345	1.15382	1496	0	0
2025.11.07	12:00:00	1.15381	1.15519	1.15375	1.15501	1593	0	0
2025.11.07	13:00:00	1.15500	1.15611	1.15493	1.15581	1796	0	0
2025.11.07	14:00:00	1.15580	1.15652	1.15537	1.15557	2224	0	0
2025.11.07	15:00:00	1.15558	1.15697	1.15557	1.15676	3151	0	0
2025.11.07	16:00:00	1.15677	1.15789	1.15654	1.15736	3153	0	0
2025.11.07	17:00:00	1.15739	1.15911	1.15713	1.15718	3536	0	0
2025.11.07	18:00:00	1.15720	1.15821	1.15714	1.15778	2038	0	0
2025.11.07	19:00:00	1.15777	1.15822	1.15715	1.15803	1680	0	0
2025.11.07	20:00:00	1.15804	1.15836	1.15675	1.15683	1355	0	0
2025.11.07	21:00:00	1.15676	1.15727	1.15556	1.15596	1761	0	0
2025.11.07	22:00:00	1.15594	1.15668	1.15574	1.15643	1500	0	0
2025.11.07	23:00:00	1.15643	1.15667	1.15584	1.15634	727	0	1
2025.11.10	00:00:00	1.15551	1.15572	1.15541	1.15546	427	0	30
2025.11.10	01:00:00	1.15548	1.15571	1.15416	1.15433	1777	0	1
2025.11.10	02:00:00	1.15434	1.15587	1.15431	1.15546	2402	0	0
2025.11.10	03:00:00	1.15545	1.15605	1.15465	1.15583	1932	0	0
2025.11.10	04:00:00	1.15582	1.15609	1.15548	1.15578	1234	0	0
2025.11.10	05:00:00	1.15579	1.15586	1.15511	1.15546	1129	0	0
2025.11.10	06:00:00	1.15548	1.15622	1.15548	1.15611	935	0	0
2025.11.10	07:00:00	1.15612	1.15666	1.15575	1.15619	1145	0	0
2025.11.10	08:00:00	1.15620	1.15649	1.15514	1.15540	1458	0	0
2025.11.10	09:00:00	1.15538	1.15720	1.15534	1.15676	2225	0	0
2025.11.10	10:00:00	1.15676	1.15831	1.15651	1.15723	2530	0	0
2025.11.10	11:00:00	1.15722	1.15737	1.15641	1.15683	2132	0	0
2025.11.10	12:00:00	1.15682	1.15714	1.15612	1.15627	1739	0	0
2025.11.10	13:00:00	1.15625	1.15642	1.15540	1.15632	1497	0	0
2025.11.10	14:00:00	1.15632	1.15757	1.15628	1.15680	2085	0	0
2025.11.10	15:00:00	1.15682	1.15780	1.15670	1.15680	2628	0	0
2025.11.10	16:00:00	1.15679	1.15685	1.15592	1.15645	2885	0	0
2025.11.10	17:00:00	1.15645	1.15670	1.15452	1.15454	2965	0	0
2025.11.10	18:00:00	1.15455	1.15547	1.15429	1.15449	2491	0	0
2025.11.10	19:00:00	1.15451	1.15612	1.15411	1.15605	2415	0	0
2025.11.10	20:00:00	1.15605	1.15650	1.15579	1.15585	1451	0	0
2025.11.10	21:00:00	1.15584	1.15631	1.15578	1.15610	1294	0	0
2025.11.10	22:00:00	1.15609	1.15647	1.15604	1.15640	1167	0	0
2025.11.10	23:00:00	1.15639	1.15639	1.15550	1.15558	686	0	1
2025.11.11	00:00:00	1.15552	1.15582	1.15552	1.15564	945	0	25
2025.11.11	01:00:00	1.15564	1.15603	1.15555	1.15566	671	0	1
2025.11.11	02:00:00	1.15569	1.15595	1.15517	1.15522	1087	0	0
2025.11.11	03:00:00	1.15519	1.15546	1.15470	1.15544	1459	0	0
2025.11.11	04:00:00	1.15545	1.15571	1.15520	1.15535	882	0	0
2025.11.11	05:00:00	1.15534	1.15581	1.15534	1.15564	813	0	0
2025.11.11	06:00:00	1.15563	1.15593	1.15553	1.15579	982	0	0
2025.11.11	07:00:00	1.15580	1.15652	1.15576	1.15616	1283	0	0
2025.11.11	08:00:00	1.15617	1.15629	1.15503	1.15522	1450	0	0
2025.11.11	09:00:00	1.15525	1.15608	1.15498	1.15599	2516	0	0
2025.11.11	10:00:00	1.15600	1.15685	1.15545	1.15546	2043	0	0
2025.11.11	11:00:00	1.15539	1.15685	1.15534	1.15648	1807	0	0
2025.11.11	12:00:00	1.15647	1.15748	1.15626	1.15731	1628	0	0
2025.11.11	13:00:00	1.15730	1.15777	1.15701	1.15720	1525	0	0
2025.11.11	14:00:00	1.15719	1.15772	1.15684	1.15704	1883	0	0
2025.11.11	15:00:00	1.15707	1.16056	1.15704	1.16010	4228	0	0
2025.11.11	16:00:00	1.16011	1.16050	1.15934	1.16006	3046	0	0
2025.11.11	17:00:00	1.16005	1.16032	1.15915	1.15950	3177	0	0
2025.11.11	18:00:00	1.15951	1.15999	1.15906	1.15933	2352	0	0
2025.11.11	19:00:00	1.15936	1.15992	1.15906	1.15952	1516	0	0
2025.11.11	20:00:00	1.15949	1.15955	1.15913	1.15927	1123	0	0
2025.11.11	21:00:00	1.15924	1.15930	1.15833	1.15843	1426	0	0
2025.11.11	22:00:00	1.15844	1.15891	1.15832	1.15834	1243	0	0
2025.11.11	23:00:00	1.15833	1.15855	1.15810	1.15825	874	0	1
2025.11.12	00:00:00	1.15823	1.15855	1.15819	1.15845	752	0	25
2025.11.12	01:00:00	1.15844	1.15870	1.15818	1.15868	805	0	1
2025.11.12	02:00:00	1.15869	1.15869	1.15789	1.15793	1541	0	0
2025.11.12	03:00:00	1.15791	1.15822	1.15744	1.15755	1512	0	0
2025.11.12	04:00:00	1.15753	1.15797	1.15751	1.15790	1047	0	0
2025.11.12	05:00:00	1.15791	1.15815	1.15755	1.15773	1006	0	0
2025.11.12	06:00:00	1.15774	1.15785	1.15700	1.15722	971	0	0
2025.11.12	07:00:00	1.15721	1.15787	1.15711	1.15763	1455	0	0
2025.11.12	08:00:00	1.15761	1.15824	1.15752	1.15821	1030	0	0
2025.11.12	09:00:00	1.15822	1.15884	1.15813	1.15832	1840	0	0
2025.11.12	10:00:00	1.15836	1.15879	1.15769	1.15772	2298	0	0
2025.11.12	11:00:00	1.15773	1.15804	1.15683	1.15699	2322	0	0
2025.11.12	12:00:00	1.15702	1.15756	1.15652	1.15702	1817	0	0
2025.11.12	13:00:00	1.15703	1.15779	1.15656	1.15779	1552	0	0
2025.11.12	14:00:00	1.15778	1.15803	1.15716	1.15769	2664	0	0
2025.11.12	15:00:00	1.15768	1.15800	1.15661	1.15720	2713	0	0
2025.11.12	16:00:00	1.15719	1.15758	1.15628	1.15755	3227	0	0
2025.11.12	17:00:00	1.15754	1.15958	1.15728	1.15941	3401	0	0
2025.11.12	18:00:00	1.15937	1.15978	1.15883	1.15912	2685	0	0
2025.11.12	19:00:00	1.15913	1.15971	1.15911	1.15930	1727	0	0
2025.11.12	20:00:00	1.15931	1.15944	1.15889	1.15895	1323	0	0
2025.11.12	21:00:00	1.15896	1.15904	1.15840	1.15866	1361	0	0
2025.11.12	22:00:00	1.15860	1.15906	1.15854	1.15896	1138	0	0
2025.11.12	23:00:00	1.15897	1.15910	1.15847	1.15902	803	0	1
2025.11.13	00:00:00	1.15905	1.15919	1.15877	1.15881	1153	0	25
2025.11.13	01:00:00	1.15884	1.15942	1.15873	1.15915	647	0	1
2025.11.13	02:00:00	1.15918	1.15920	1.15803	1.15803	1652	0	0
2025.11.13	03:00:00	1.15804	1.15896	1.15789	1.15895	1598	0	0
2025.11.13	04:00:00	1.15897	1.15929	1.15853	1.15895	1105	0	0
2025.11.13	05:00:00	1.15898	1.15916	1.15868	1.15896	740	0	0
2025.11.13	06:00:00	1.15895	1.15918	1.15874	1.15900	656	0	0
2025.11.13	07:00:00	1.15905	1.15907	1.15801	1.15817	837	0	0
2025.11.13	08:00:00	1.15814	1.15859	1.15811	1.15857	1183	0	0
2025.11.13	09:00:00	1.15832	1.16123	1.15830	1.16115	2276	0	0
2025.11.13	10:00:00	1.16114	1.16293	1.16102	1.16281	2832	0	0
2025.11.13	11:00:00	1.16279	1.16349	1.16108	1.16165	3398	0	0
2025.11.13	12:00:00	1.16166	1.16236	1.16114	1.16159	2129	0	0
2025.11.13	13:00:00	1.16160	1.16205	1.16045	1.16061	2175	0	0
2025.11.13	14:00:00	1.16064	1.16229	1.16057	1.16228	2652	0	0
2025.11.13	15:00:00	1.16229	1.16248	1.16118	1.16205	2880	0	0
2025.11.13	16:00:00	1.16206	1.16311	1.16169	1.16279	3653	0	0
2025.11.13	17:00:00	1.16278	1.16432	1.16230	1.16391	4086	0	0
2025.11.13	18:00:00	1.16390	1.16489	1.16366	1.16489	3592	0	0
2025.11.13	19:00:00	1.16488	1.16560	1.16459	1.16513	3014	0	0
2025.11.13	20:00:00	1.16512	1.16517	1.16367	1.16382	2733	0	0
2025.11.13	21:00:00	1.16381	1.16413	1.16350	1.16357	1738	0	0
2025.11.13	22:00:00	1.16355	1.16393	1.16324	1.16330	1352	0	0
2025.11.13	23:00:00	1.16330	1.16373	1.16306	1.16372	812	0	1
2025.11.14	00:00:00	1.16338	1.16367	1.16332	1.16350	655	0	25
2025.11.14	01:00:00	1.16349	1.16362	1.16233	1.16301	1048	0	1
2025.11.14	02:00:00	1.16302	1.16337	1.16270	1.16328	1823	0	0
2025.11.14	03:00:00	1.16327	1.16391	1.16300	1.16333	1933	0	0
2025.11.14	04:00:00	1.16331	1.16375	1.16298	1.16357	1257	0	0
2025.11.14	05:00:00	1.16358	1.16449	1.16356	1.16383	1136	0	0
2025.11.14	06:00:00	1.16384	1.16431	1.16379	1.16421	1000	0	0
2025.11.14	07:00:00	1.16416	1.16481	1.16391	1.16478	1320	0	0
2025.11.14	08:00:00	1.16477	1.16485	1.16332	1.16377	1884	0	0
2025.11.14	09:00:00	1.16376	1.16464	1.16319	1.16328	2706	0	0
2025.11.14	10:00:00	1.16331	1.16368	1.16205	1.16296	4303	0	0
2025.11.14	11:00:00	1.16289	1.16313	1.16204	1.16219	2475	0	0
2025.11.14	12:00:00	1.16217	1.16219	1.16126	1.16136	2091	0	0
2025.11.14	13:00:00	1.16134	1.16198	1.16088	1.16195	2278	0	0
2025.11.14	14:00:00	1.16196	1.16527	1.16166	1.16525	3952	0	0
2025.11.14	15:00:00	1.16528	1.16537	1.16336	1.16377	4690	0	0
2025.11.14	16:00:00	1.16377	1.16384	1.16210	1.16233	4964	0	0
2025.11.14	17:00:00	1.16232	1.16255	1.16061	1.16131	4617	0	0
2025.11.14	18:00:00	1.16132	1.16226	1.16098	1.16170	3314	0	0
2025.11.14	19:00:00	1.16169	1.16180	1.16078	1.16140	2630	0	0
2025.11.14	20:00:00	1.16141	1.16180	1.16098	1.16163	2008	0	0
2025.11.14	21:00:00	1.16164	1.16201	1.16159	1.16178	1829	0	0
2025.11.14	22:00:00	1.16179	1.16231	1.16168	1.16204	1617	0	0
2025.11.14	23:00:00	1.16204	1.16235	1.16183	1.16217	922	0	1
2025.11.17	00:00:00	1.16135	1.16230	1.16132	1.16199	721	0	30
2025.11.17	01:00:00	1.16198	1.16246	1.16113	1.16146	876	0	1
2025.11.17	02:00:00	1.16147	1.16148	1.16049	1.16063	1622	0	0
2025.11.17	03:00:00	1.16061	1.16100	1.16053	1.16064	1304	0	0
2025.11.17	04:00:00	1.16063	1.16064	1.16015	1.16021	968	0	0
2025.11.17	05:00:00	1.16018	1.16020	1.15964	1.15987	927	0	0
2025.11.17	06:00:00	1.15986	1.16031	1.15976	1.16026	600	0	0
2025.11.17	07:00:00	1.16027	1.16051	1.15992	1.16003	880	0	0
2025.11.17	08:00:00	1.16005	1.16086	1.15948	1.16076	1224	0	0
2025.11.17	09:00:00	1.16075	1.16148	1.16066	1.16134	1529	0	0
2025.11.17	10:00:00	1.16133	1.16148	1.15994	1.16030	2276	0	0
2025.11.17	11:00:00	1.16031	1.16046	1.15971	1.16015	1989	0	0
2025.11.17	12:00:00	1.16014	1.16083	1.15961	1.15966	1695	0	0
2025.11.17	13:00:00	1.15965	1.16031	1.15948	1.16011	1755	0	0
2025.11.17	14:00:00	1.16011	1.16047	1.15956	1.15989	2018	0	0
2025.11.17	15:00:00	1.15988	1.15997	1.15886	1.15911	2711	0	0
2025.11.17	16:00:00	1.15908	1.15955	1.15830	1.15857	2826	0	0
2025.11.17	17:00:00	1.15856	1.15982	1.15820	1.15975	3328	0	0
2025.11.17	18:00:00	1.15976	1.16019	1.15936	1.15971	2226	0	0
2025.11.17	19:00:00	1.15972	1.15993	1.15911	1.15936	1316	0	0
2025.11.17	20:00:00	1.15937	1.15945	1.15880	1.15909	1440	0	0
2025.11.17	21:00:00	1.15906	1.15950	1.15831	1.15839	1793	0	0
2025.11.17	22:00:00	1.15834	1.15908	1.15824	1.15885	1477	0	0
2025.11.17	23:00:00	1.15884	1.15920	1.15871	1.15911	656	0	1
2025.11.18	00:00:00	1.15892	1.15917	1.15864	1.15894	601	0	25
2025.11.18	01:00:00	1.15896	1.15942	1.15888	1.15900	577	0	1
2025.11.18	02:00:00	1.15901	1.15901	1.15847	1.15867	1171	0	0
2025.11.18	03:00:00	1.15868	1.15932	1.15845	1.15908	1303	0	0
2025.11.18	04:00:00	1.15909	1.15939	1.15881	1.15928	837	0	0
2025.11.18	05:00:00	1.15929	1.15959	1.15912	1.15923	1083	0	0
2025.11.18	06:00:00	1.15922	1.16036	1.15890	1.15995	1831	0	0
2025.11.18	07:00:00	1.15993	1.16005	1.15953	1.15979	1056	0	0
2025.11.18	08:00:00	1.15978	1.16009	1.15932	1.15943	1533	0	0
2025.11.18	09:00:00	1.15939	1.15996	1.15910	1.15910	2477	0	0
2025.11.18	10:00:00	1.15908	1.16064	1.15898	1.15919	2931	0	0
2025.11.18	11:00:00	1.15908	1.15956	1.15873	1.15893	2113	0	0
2025.11.18	12:00:00	1.15892	1.15909	1.15797	1.15820	1984	0	0
2025.11.18	13:00:00	1.15818	1.15885	1.15801	1.15848	1820	0	0
2025.11.18	14:00:00	1.15847	1.15928	1.15831	1.15919	2286	0	0
2025.11.18	15:00:00	1.15921	1.16020	1.15883	1.15969	3767	0	0
2025.11.18	16:00:00	1.15980	1.16023	1.15929	1.16000	3186	0	0
2025.11.18	17:00:00	1.16001	1.16077	1.15817	1.15820	3883	0	0
2025.11.18	18:00:00	1.15819	1.15840	1.15724	1.15790	3492	0	0
2025.11.18	19:00:00	1.15787	1.15807	1.15715	1.15756	1968	0	0
2025.11.18	20:00:00	1.15757	1.15857	1.15751	1.15821	1665	0	0
2025.11.18	21:00:00	1.15819	1.15871	1.15803	1.15855	1359	0	0
2025.11.18	22:00:00	1.15854	1.15871	1.15786	1.15806	1157	0	0
2025.11.18	23:00:00	1.15805	1.15835	1.15780	1.15780	659	0	1
2025.11.19	00:00:00	1.15754	1.15814	1.15754	1.15773	1106	0	25
2025.11.19	01:00:00	1.15787	1.15817	1.15753	1.15801	873	0	1
2025.11.19	02:00:00	1.15802	1.15841	1.15785	1.15822	1650	0	0
2025.11.19	03:00:00	1.15821	1.15850	1.15758	1.15769	2040	0	0
2025.11.19	04:00:00	1.15768	1.15819	1.15723	1.15787	1697	0	0
2025.11.19	05:00:00	1.15788	1.15839	1.15768	1.15839	1529	0	0
2025.11.19	06:00:00	1.15838	1.15841	1.15775	1.15840	964	0	0
2025.11.19	07:00:00	1.15839	1.15905	1.15834	1.15889	1271	0	0
2025.11.19	08:00:00	1.15887	1.15916	1.15865	1.15867	1108	0	0
2025.11.19	09:00:00	1.15866	1.15973	1.15775	1.15813	2602	0	0
2025.11.19	10:00:00	1.15812	1.15890	1.15712	1.15735	2752	0	0
2025.11.19	11:00:00	1.15736	1.15805	1.15656	1.15734	2745	0	0
2025.11.19	12:00:00	1.15733	1.15776	1.15674	1.15693	2817	0	0
2025.11.19	13:00:00	1.15690	1.15874	1.15683	1.15864	2612	0	0
2025.11.19	14:00:00	1.15868	1.15893	1.15759	1.15782	2284	0	0
2025.11.19	15:00:00	1.15783	1.15909	1.15710	1.15729	2534	0	0
2025.11.19	16:00:00	1.15724	1.15738	1.15549	1.15553	3437	0	0
2025.11.19	17:00:00	1.15552	1.15563	1.15403	1.15469	3819	0	0
2025.11.19	18:00:00	1.15468	1.15475	1.15348	1.15397	3107	0	0
2025.11.19	19:00:00	1.15399	1.15425	1.15260	1.15331	2795	0	0
2025.11.19	20:00:00	1.15334	1.15375	1.15291	1.15299	1796	0	0
2025.11.19	21:00:00	1.15297	1.15310	1.15180	1.15210	2949	0	0
2025.11.19	22:00:00	1.15211	1.15288	1.15201	1.15263	1518	0	0
2025.11.19	23:00:00	1.15262	1.15383	1.15228	1.15368	1210	0	1
2025.11.20	00:00:00	1.15374	1.15380	1.15364	1.15372	290	0	25
2025.11.20	01:00:00	1.15381	1.15421	1.15364	1.15393	816	0	1
2025.11.20	02:00:00	1.15394	1.15394	1.15286	1.15341	1820	0	0
2025.11.20	03:00:00	1.15342	1.15352	1.15224	1.15228	1781	0	0
2025.11.20	04:00:00	1.15227	1.15235	1.15149	1.15202	1691	0	0
2025.11.20	05:00:00	1.15196	1.15222	1.15098	1.15142	1473	0	0
2025.11.20	06:00:00	1.15141	1.15205	1.15131	1.15196	1014	0	0
2025.11.20	07:00:00	1.15195	1.15196	1.15139	1.15155	1227	0	0
2025.11.20	08:00:00	1.15154	1.15233	1.15134	1.15198	1647	0	0
2025.11.20	09:00:00	1.15199	1.15229	1.15151	1.15199	2650	0	0
2025.11.20	10:00:00	1.15193	1.15233	1.15115	1.15210	2989	0	0
2025.11.20	11:00:00	1.15207	1.15278	1.15172	1.15276	2322	0	0
2025.11.20	12:00:00	1.15274	1.15295	1.15244	1.15274	2252	0	0
2025.11.20	13:00:00	1.15273	1.15274	1.15129	1.15143	2203	0	0
2025.11.20	14:00:00	1.15144	1.15168	1.15071	1.15109	1890	0	0
2025.11.20	15:00:00	1.15110	1.15398	1.14996	1.15277	5772	0	0
2025.11.20	16:00:00	1.15276	1.15500	1.15232	1.15348	5506	0	0
2025.11.20	17:00:00	1.15343	1.15369	1.15201	1.15275	3553	0	0
2025.11.20	18:00:00	1.15276	1.15411	1.15276	1.15337	3927	0	0
2025.11.20	19:00:00	1.15339	1.15382	1.15251	1.15288	3429	0	0
2025.11.20	20:00:00	1.15287	1.15367	1.15268	1.15366	2046	0	0
2025.11.20	21:00:00	1.15365	1.15406	1.15355	1.15380	1522	0	0
2025.11.20	22:00:00	1.15381	1.15386	1.15260	1.15261	1336	0	0
2025.11.20	23:00:00	1.15262	1.15280	1.15239	1.15270	918	0	0
2025.11.21	00:00:00	1.15240	1.15293	1.15230	1.15277	1480	0	25
2025.11.21	01:00:00	1.15273	1.15345	1.15234	1.15335	1040	0	1
2025.11.21	02:00:00	1.15337	1.15361	1.15283	1.15351	1302	0	0
2025.11.21	03:00:00	1.15346	1.15382	1.15323	1.15325	1616	0	0
2025.11.21	04:00:00	1.15330	1.15390	1.15321	1.15358	1560	0	0
2025.11.21	05:00:00	1.15359	1.15379	1.15337	1.15361	1068	0	0
2025.11.21	06:00:00	1.15362	1.15420	1.15358	1.15388	1347	0	0
2025.11.21	07:00:00	1.15389	1.15419	1.15345	1.15352	1233	0	0
2025.11.21	08:00:00	1.15353	1.15467	1.15351	1.15414	1793	0	0
2025.11.21	09:00:00	1.15415	1.15479	1.15389	1.15413	2891	0	0
2025.11.21	10:00:00	1.15412	1.15526	1.15342	1.15410	3865	0	0
2025.11.21	11:00:00	1.15411	1.15428	1.15250	1.15253	3179	0	0
2025.11.21	12:00:00	1.15254	1.15270	1.15124	1.15198	3323	0	0
2025.11.21	13:00:00	1.15200	1.15228	1.15044	1.15060	2582	0	0
2025.11.21	14:00:00	1.15058	1.15259	1.14965	1.15247	4269	0	0
2025.11.21	15:00:00	1.15243	1.15269	1.15156	1.15205	2958	0	0
2025.11.21	16:00:00	1.15204	1.15232	1.15054	1.15140	3753	0	0
2025.11.21	17:00:00	1.15139	1.15234	1.14988	1.15030	4544	0	0
2025.11.21	18:00:00	1.15029	1.15054	1.14912	1.15050	3151	0	0
2025.11.21	19:00:00	1.15053	1.15129	1.15006	1.15072	2607	0	0
2025.11.21	20:00:00	1.15074	1.15082	1.15021	1.15042	1899	0	0
2025.11.21	21:00:00	1.15043	1.15178	1.15041	1.15131	1705	0	0
2025.11.21	22:00:00	1.15132	1.15179	1.15091	1.15174	1516	0	0
2025.11.21	23:00:00	1.15173	1.15206	1.15124	1.15152	795	0	1
2025.11.24	00:00:00	1.15109	1.15129	1.15083	1.15127	462	0	30
2025.11.24	01:00:00	1.15126	1.15144	1.15059	1.15071	1020	0	1
2025.11.24	02:00:00	1.15072	1.15084	1.15018	1.15069	898	0	0
2025.11.24	03:00:00	1.15070	1.15131	1.15049	1.15101	1209	0	0
2025.11.24	04:00:00	1.15102	1.15183	1.15102	1.15158	1110	0	0
2025.11.24	05:00:00	1.15161	1.15191	1.15133	1.15161	862	0	0
2025.11.24	06:00:00	1.15160	1.15218	1.15156	1.15208	1071	0	0
2025.11.24	07:00:00	1.15209	1.15284	1.15206	1.15224	1572	0	0
2025.11.24	08:00:00	1.15224	1.15271	1.15200	1.15206	1490	0	0
2025.11.24	09:00:00	1.15206	1.15225	1.15111	1.15119	2245	0	0
2025.11.24	10:00:00	1.15123	1.15344	1.15097	1.15279	2963	0	0
2025.11.24	11:00:00	1.15277	1.15344	1.15246	1.15298	2570	0	0
2025.11.24	12:00:00	1.15299	1.15419	1.15299	1.15408	2336	0	0
2025.11.24	13:00:00	1.15409	1.15470	1.15362	1.15453	1643	0	0
2025.11.24	14:00:00	1.15453	1.15505	1.15362	1.15475	2002	0	0
2025.11.24	15:00:00	1.15476	1.15500	1.15373	1.15384	1918	0	0
2025.11.24	16:00:00	1.15383	1.15411	1.15262	1.15269	3082	0	0
2025.11.24	17:00:00	1.15271	1.15301	1.15168	1.15291	2991	0	0
2025.11.24	18:00:00	1.15290	1.15309	1.15174	1.15175	1792	0	0
2025.11.24	19:00:00	1.15178	1.15195	1.15115	1.15180	1594	0	0
2025.11.24	20:00:00	1.15181	1.15281	1.15173	1.15277	1180	0	0
2025.11.24	21:00:00	1.15276	1.15290	1.15231	1.15275	1088	0	0
2025.11.24	22:00:00	1.15277	1.15282	1.15219	1.15224	1127	0	0
2025.11.24	23:00:00	1.15223	1.15233	1.15193	1.15211	364	0	1
2025.11.25	00:00:00	1.15190	1.15246	1.15189	1.15234	586	0	25
2025.11.25	01:00:00	1.15240	1.15246	1.15185	1.15203	919	0	1
2025.11.25	02:00:00	1.15204	1.15235	1.15185	1.15233	1159	0	0
2025.11.25	03:00:00	1.15231	1.15299	1.15220	1.15258	1772	0	0
2025.11.25	04:00:00	1.15259	1.15285	1.15221	1.15284	1276	0	0
2025.11.25	05:00:00	1.15285	1.15303	1.15171	1.15181	1410	0	0
2025.11.25	06:00:00	1.15179	1.15179	1.15144	1.15150	710	0	0
2025.11.25	07:00:00	1.15151	1.15181	1.15117	1.15166	846	0	0
2025.11.25	08:00:00	1.15167	1.15217	1.15146	1.15183	1102	0	0
2025.11.25	09:00:00	1.15178	1.15302	1.15176	1.15226	2304	0	0
2025.11.25	10:00:00	1.15230	1.15335	1.15205	1.15287	2548	0	0
2025.11.25	11:00:00	1.15285	1.15366	1.15272	1.15340	2218	0	0
2025.11.25	12:00:00	1.15338	1.15410	1.15321	1.15390	2145	0	0
2025.11.25	13:00:00	1.15389	1.15389	1.15246	1.15268	1707	0	0
2025.11.25	14:00:00	1.15263	1.15571	1.15254	1.15446	3052	0	0
2025.11.25	15:00:00	1.15451	1.15619	1.15426	1.15584	4201	0	0
2025.11.25	16:00:00	1.15585	1.15720	1.15523	1.15667	3999	0	0
2025.11.25	17:00:00	1.15668	1.15841	1.15617	1.15624	3758	0	0
2025.11.25	18:00:00	1.15625	1.15719	1.15498	1.15530	2444	0	0
2025.11.25	19:00:00	1.15529	1.15839	1.15521	1.15824	4195	0	0
2025.11.25	20:00:00	1.15824	1.15859	1.15766	1.15796	2737	0	0
2025.11.25	21:00:00	1.15797	1.15856	1.15739	1.15840	1822	0	0
2025.11.25	22:00:00	1.15839	1.15844	1.15582	1.15650	2227	0	0
2025.11.25	23:00:00	1.15649	1.15722	1.15643	1.15705	848	0	1
2025.11.26	00:00:00	1.15679	1.15688	1.15659	1.15681	417	0	25
2025.11.26	01:00:00	1.15691	1.15731	1.15641	1.15648	953	0	1
2025.11.26	02:00:00	1.15649	1.15723	1.15631	1.15682	2342	0	0
2025.11.26	03:00:00	1.15680	1.15831	1.15653	1.15773	3396	0	0
2025.11.26	04:00:00	1.15771	1.15868	1.15746	1.15818	2648	0	0
2025.11.26	05:00:00	1.15817	1.15916	1.15809	1.15908	2006	0	0
2025.11.26	06:00:00	1.15907	1.15917	1.15825	1.15835	1302	0	0
2025.11.26	07:00:00	1.15836	1.15911	1.15827	1.15907	1236	0	0
2025.11.26	08:00:00	1.15903	1.15959	1.15835	1.15860	1924	0	0
2025.11.26	09:00:00	1.15861	1.15922	1.15752	1.15793	2800	0	0
2025.11.26	10:00:00	1.15798	1.15809	1.15657	1.15719	2931	0	0
2025.11.26	11:00:00	1.15720	1.15798	1.15681	1.15719	2628	0	0
2025.11.26	12:00:00	1.15721	1.15779	1.15682	1.15736	2113	0	0
2025.11.26	13:00:00	1.15737	1.15805	1.15681	1.15744	3086	0	0
2025.11.26	14:00:00	1.15742	1.15800	1.15691	1.15722	4142	0	0
2025.11.26	15:00:00	1.15723	1.15840	1.15487	1.15523	5506	0	0
2025.11.26	16:00:00	1.15524	1.15819	1.15471	1.15789	3684	0	0
2025.11.26	17:00:00	1.15788	1.15948	1.15781	1.15895	3950	0	0
2025.11.26	18:00:00	1.15896	1.16009	1.15889	1.15903	2876	0	0
2025.11.26	19:00:00	1.15904	1.15938	1.15851	1.15931	2325	0	0
2025.11.26	20:00:00	1.15930	1.15964	1.15893	1.15932	1435	0	0
2025.11.26	21:00:00	1.15933	1.15965	1.15905	1.15937	1200	0	0
2025.11.26	22:00:00	1.15937	1.15974	1.15921	1.15943	1117	0	0
2025.11.26	23:00:00	1.15942	1.15969	1.15935	1.15965	615	0	1
2025.11.27	00:00:00	1.15894	1.15962	1.15894	1.15949	455	0	25
2025.11.27	01:00:00	1.15947	1.16020	1.15928	1.16019	751	0	1
2025.11.27	02:00:00	1.16020	1.16050	1.16000	1.16019	1037	0	0
2025.11.27	03:00:00	1.16020	1.16124	1.16008	1.16092	1896	0	0
2025.11.27	04:00:00	1.16093	1.16136	1.16003	1.16036	1429	0	0
2025.11.27	05:00:00	1.16035	1.16066	1.16001	1.16021	1058	0	0
2025.11.27	06:00:00	1.16022	1.16052	1.16001	1.16012	976	0	0
2025.11.27	07:00:00	1.16009	1.16063	1.16007	1.16020	1460	0	0
2025.11.27	08:00:00	1.16025	1.16054	1.15912	1.15924	1741	0	0
2025.11.27	09:00:00	1.15922	1.15938	1.15858	1.15917	1812	0	0
2025.11.27	10:00:00	1.15923	1.15955	1.15866	1.15929	2251	0	0
2025.11.27	11:00:00	1.15928	1.15938	1.15766	1.15776	2371	0	0
2025.11.27	12:00:00	1.15778	1.15851	1.15771	1.15840	1640	0	0
2025.11.27	13:00:00	1.15840	1.15877	1.15787	1.15860	1837	0	0
2025.11.27	14:00:00	1.15861	1.15904	1.15820	1.15831	1415	0	0
2025.11.27	15:00:00	1.15830	1.15970	1.15830	1.15950	1918	0	0
2025.11.27	16:00:00	1.15951	1.15980	1.15904	1.15946	1677	0	0
2025.11.27	17:00:00	1.15948	1.15996	1.15922	1.15942	1536	0	0
2025.11.27	18:00:00	1.15941	1.16003	1.15922	1.15994	972	0	0
2025.11.27	19:00:00	1.15993	1.16014	1.15917	1.15950	933	0	0
2025.11.27	20:00:00	1.15949	1.15954	1.15912	1.15917	481	0	0
2025.11.27	21:00:00	1.15918	1.15961	1.15918	1.15953	422	0	0
2025.11.27	22:00:00	1.15952	1.15963	1.15943	1.15949	434	0	0
2025.11.27	23:00:00	1.15949	1.15968	1.15949	1.15958	284	0	1
2025.11.28	00:00:00	1.15925	1.15960	1.15925	1.15946	521	0	25
2025.11.28	01:00:00	1.15937	1.16015	1.15937	1.15996	815	0	1
2025.11.28	02:00:00	1.15997	1.16021	1.15921	1.15941	2024	0	0
2025.11.28	03:00:00	1.15945	1.15987	1.15815	1.15831	2067	0	0
2025.11.28	04:00:00	1.15832	1.15881	1.15813	1.15843	2994	0	0
2025.11.28	05:00:00	1.15846	1.15904	1.15813	1.15872	3431	0	0
2025.11.28	06:00:00	1.15871	1.15919	1.15845	1.15897	2004	0	0
2025.11.28	07:00:00	1.15899	1.15927	1.15819	1.15888	5522	0	0
2025.11.28	08:00:00	1.15891	1.15901	1.15812	1.15827	6045	0	0
2025.11.28	09:00:00	1.15828	1.15902	1.15774	1.15794	6256	0	0
2025.11.28	10:00:00	1.15794	1.15807	1.15663	1.15691	5440	0	0
2025.11.28	11:00:00	1.15685	1.15798	1.15660	1.15676	7590	0	0
2025.11.28	12:00:00	1.15675	1.15698	1.15551	1.15593	4756	0	0
2025.11.28	13:00:00	1.15592	1.15688	1.15558	1.15678	4192	0	0
2025.11.28	14:00:00	1.15677	1.15728	1.15618	1.15663	4066	0	0
2025.11.28	15:00:00	1.15664	1.15787	1.15626	1.15747	5951	0	0
2025.11.28	16:00:00	1.15746	1.15850	1.15712	1.15845	3087	0	0
2025.11.28	17:00:00	1.15844	1.16075	1.15796	1.16074	3797	0	0
2025.11.28	18:00:00	1.16075	1.16075	1.15927	1.15990	2823	0	0
2025.11.28	19:00:00	1.15989	1.16043	1.15934	1.16028	1585	0	0
2025.11.28	20:00:00	1.16024	1.16045	1.15957	1.16016	1323	0	0
2025.11.28	21:00:00	1.16013	1.16039	1.16005	1.16022	1199	0	0
2025.11.28	22:00:00	1.16024	1.16044	1.16005	1.16005	1463	0	0
2025.11.28	23:00:00	1.16003	1.16025	1.15958	1.15963	1325	0	1
2025.12.01	00:00:00	1.15909	1.15983	1.15896	1.15968	646	0	30
2025.12.01	01:00:00	1.15968	1.16076	1.15954	1.16007	1443	0	1
2025.12.01	02:00:00	1.16009	1.16073	1.15977	1.16032	2186	0	0
2025.12.01	03:00:00	1.16031	1.16159	1.16003	1.16052	3159	0	0
2025.12.01	04:00:00	1.16051	1.16058	1.15928	1.15950	2080	0	0
2025.12.01	05:00:00	1.15951	1.15975	1.15894	1.15969	1352	0	0
2025.12.01	06:00:00	1.15969	1.16024	1.15946	1.15987	1165	0	0
2025.12.01	07:00:00	1.15985	1.16014	1.15947	1.15978	1503	0	0
2025.12.01	08:00:00	1.15977	1.15990	1.15904	1.15961	1992	0	0
2025.12.01	09:00:00	1.15963	1.16129	1.15953	1.16071	2288	0	0
2025.12.01	10:00:00	1.16066	1.16218	1.16041	1.16134	3483	0	0
2025.12.01	11:00:00	1.16137	1.16235	1.16135	1.16222	2889	0	0
2025.12.01	12:00:00	1.16221	1.16286	1.16189	1.16276	2386	0	0
2025.12.01	13:00:00	1.16277	1.16323	1.16243	1.16277	2066	0	0
2025.12.01	14:00:00	1.16279	1.16489	1.16267	1.16487	2314	0	0
2025.12.01	15:00:00	1.16488	1.16522	1.16395	1.16449	3157	0	0
2025.12.01	16:00:00	1.16450	1.16452	1.16303	1.16314	3667	0	0
2025.12.01	17:00:00	1.16313	1.16407	1.16228	1.16289	3666	0	0
2025.12.01	18:00:00	1.16293	1.16344	1.16212	1.16229	2311	0	0
2025.12.01	19:00:00	1.16228	1.16289	1.16179	1.16206	1712	0	0
2025.12.01	20:00:00	1.16207	1.16235	1.16115	1.16119	1711	0	0
2025.12.01	21:00:00	1.16119	1.16123	1.16071	1.16085	1405	0	0
2025.12.01	22:00:00	1.16084	1.16100	1.16066	1.16096	1101	0	0
2025.12.01	23:00:00	1.16094	1.16108	1.16076	1.16093	554	0	1
2025.12.02	00:00:00	1.16063	1.16083	1.16058	1.16071	88	0	25
2025.12.02	01:00:00	1.16080	1.16102	1.16063	1.16064	662	0	1
2025.12.02	02:00:00	1.16065	1.16094	1.16039	1.16056	1095	0	0
2025.12.02	03:00:00	1.16054	1.16110	1.16037	1.16093	1475	0	0
2025.12.02	04:00:00	1.16092	1.16119	1.16086	1.16116	832	0	0
2025.12.02	05:00:00	1.16117	1.16127	1.16087	1.16122	1030	0	0
2025.12.02	06:00:00	1.16123	1.16142	1.16088	1.16088	889	0	0
2025.12.02	07:00:00	1.16088	1.16113	1.16071	1.16102	856	0	0
2025.12.02	08:00:00	1.16101	1.16112	1.16048	1.16097	1214	0	0
2025.12.02	09:00:00	1.16098	1.16164	1.16088	1.16126	1702	0	0
2025.12.02	10:00:00	1.16127	1.16163	1.16088	1.16106	2029	0	0
2025.12.02	11:00:00	1.16105	1.16142	1.16027	1.16102	1862	0	0
2025.12.02	12:00:00	1.16103	1.16122	1.15983	1.16066	2192	0	0
2025.12.02	13:00:00	1.16067	1.16128	1.16035	1.16117	1665	0	0
2025.12.02	14:00:00	1.16118	1.16193	1.16074	1.16177	1568	0	0
2025.12.02	15:00:00	1.16180	1.16195	1.16112	1.16175	1814	0	0
2025.12.02	16:00:00	1.16176	1.16231	1.16132	1.16177	2882	0	0
2025.12.02	17:00:00	1.16178	1.16186	1.15933	1.16063	3453	0	0
2025.12.02	18:00:00	1.16062	1.16099	1.15911	1.15953	2622	0	0
2025.12.02	19:00:00	1.15951	1.16079	1.15927	1.16072	2000	0	0
2025.12.02	20:00:00	1.16071	1.16133	1.16056	1.16087	1563	0	0
2025.12.02	21:00:00	1.16088	1.16248	1.16086	1.16207	1441	0	0
2025.12.02	22:00:00	1.16212	1.16258	1.16197	1.16246	1495	0	0
2025.12.02	23:00:00	1.16245	1.16245	1.16210	1.16232	679	0	1
2025.12.03	00:00:00	1.16203	1.16238	1.16187	1.16228	181	0	25
2025.12.03	01:00:00	1.16239	1.16289	1.16237	1.16282	708	0	1
2025.12.03	02:00:00	1.16283	1.16331	1.16277	1.16309	1306	0	0
2025.12.03	03:00:00	1.16307	1.16375	1.16305	1.16369	1478	0	0
2025.12.03	04:00:00	1.16370	1.16387	1.16352	1.16380	1011	0	0
2025.12.03	05:00:00	1.16380	1.16390	1.16370	1.16379	817	0	0
2025.12.03	06:00:00	1.16378	1.16421	1.16360	1.16411	513	0	0
2025.12.03	07:00:00	1.16412	1.16437	1.16409	1.16427	635	0	0
2025.12.03	08:00:00	1.16428	1.16476	1.16416	1.16429	1091	0	0
2025.12.03	09:00:00	1.16430	1.16528	1.16394	1.16412	2318	0	0
2025.12.03	10:00:00	1.16413	1.16458	1.16357	1.16441	2390	0	0
2025.12.03	11:00:00	1.16449	1.16479	1.16400	1.16456	2342	0	0
2025.12.03	12:00:00	1.16457	1.16639	1.16449	1.16607	2353	0	0
2025.12.03	13:00:00	1.16606	1.16659	1.16550	1.16656	1750	0	0
2025.12.03	14:00:00	1.16655	1.16694	1.16622	1.16630	1586	0	0
2025.12.03	15:00:00	1.16629	1.16753	1.16619	1.16664	2917	0	0
2025.12.03	16:00:00	1.16663	1.16670	1.16557	1.16626	3286	0	0
2025.12.03	17:00:00	1.16627	1.16681	1.16546	1.16597	4093	0	0
2025.12.03	18:00:00	1.16596	1.16664	1.16587	1.16594	2413	0	0
2025.12.03	19:00:00	1.16596	1.16709	1.16576	1.16686	1902	0	0
2025.12.03	20:00:00	1.16687	1.16757	1.16684	1.16719	1696	0	0
2025.12.03	21:00:00	1.16720	1.16776	1.16711	1.16728	1177	0	0
2025.12.03	22:00:00	1.16720	1.16730	1.16651	1.16656	1113	0	0
2025.12.03	23:00:00	1.16655	1.16711	1.16641	1.16706	673	0	1
2025.12.04	00:00:00	1.16702	1.16735	1.16696	1.16696	160	0	25
2025.12.04	01:00:00	1.16695	1.16721	1.16635	1.16663	842	0	1
2025.12.04	02:00:00	1.16664	1.16671	1.16594	1.16628	1365	0	0
2025.12.04	03:00:00	1.16629	1.16649	1.16589	1.16632	1505	0	0
2025.12.04	04:00:00	1.16634	1.16639	1.16590	1.16603	1240	0	0
2025.12.04	05:00:00	1.16595	1.16599	1.16532	1.16559	1216	0	0
2025.12.04	06:00:00	1.16558	1.16584	1.16551	1.16573	940	0	0
2025.12.04	07:00:00	1.16572	1.16622	1.16564	1.16597	1436	0	0
2025.12.04	08:00:00	1.16598	1.16599	1.16529	1.16579	1534	0	0
2025.12.04	09:00:00	1.16582	1.16654	1.16552	1.16654	1685	0	0
2025.12.04	10:00:00	1.16652	1.16820	1.16633	1.16766	3011	0	0
2025.12.04	11:00:00	1.16765	1.16803	1.16734	1.16776	2356	0	0
2025.12.04	12:00:00	1.16777	1.16798	1.16636	1.16665	1911	0	0
2025.12.04	13:00:00	1.16668	1.16806	1.16652	1.16802	2050	0	0
2025.12.04	14:00:00	1.16804	1.16808	1.16656	1.16699	1886	0	0
2025.12.04	15:00:00	1.16702	1.16713	1.16523	1.16649	3163	0	0
2025.12.04	16:00:00	1.16650	1.16768	1.16643	1.16700	3002	0	0
2025.12.04	17:00:00	1.16698	1.16747	1.16582	1.16733	2778	0	0
2025.12.04	18:00:00	1.16734	1.16735	1.16536	1.16589	2161	0	0
2025.12.04	19:00:00	1.16588	1.16597	1.16530	1.16562	1570	0	0
2025.12.04	20:00:00	1.16560	1.16598	1.16537	1.16544	1460	0	0
2025.12.04	21:00:00	1.16543	1.16558	1.16501	1.16527	1540	0	0
2025.12.04	22:00:00	1.16523	1.16523	1.16412	1.16442	1647	0	0
2025.12.04	23:00:00	1.16441	1.16457	1.16408	1.16449	688	0	1
2025.12.05	00:00:00	1.16421	1.16441	1.16421	1.16433	107	0	25
2025.12.05	01:00:00	1.16445	1.16445	1.16408	1.16431	701	0	1
2025.12.05	02:00:00	1.16432	1.16504	1.16432	1.16500	1195	0	0
2025.12.05	03:00:00	1.16501	1.16536	1.16496	1.16534	1455	0	0
2025.12.05	04:00:00	1.16534	1.16545	1.16512	1.16520	984	0	0
2025.12.05	05:00:00	1.16518	1.16520	1.16463	1.16488	832	0	0
2025.12.05	06:00:00	1.16490	1.16542	1.16486	1.16535	1119	0	0
2025.12.05	07:00:00	1.16534	1.16592	1.16531	1.16592	1321	0	0
2025.12.05	08:00:00	1.16591	1.16616	1.16552	1.16592	1234	0	0
2025.12.05	09:00:00	1.16593	1.16718	1.16584	1.16629	2082	0	0
2025.12.05	10:00:00	1.16629	1.16641	1.16523	1.16537	2433	0	0
2025.12.05	11:00:00	1.16532	1.16554	1.16484	1.16543	2026	0	0
2025.12.05	12:00:00	1.16544	1.16570	1.16477	1.16510	1705	0	0
2025.12.05	13:00:00	1.16509	1.16524	1.16417	1.16464	1741	0	0
2025.12.05	14:00:00	1.16463	1.16532	1.16436	1.16516	1851	0	0
2025.12.05	15:00:00	1.16516	1.16539	1.16435	1.16517	2412	0	0
2025.12.05	16:00:00	1.16519	1.16602	1.16455	1.16502	3290	0	0
2025.12.05	17:00:00	1.16498	1.16589	1.16436	1.16481	4171	0	0
2025.12.05	18:00:00	1.16482	1.16490	1.16280	1.16343	3922	0	0
2025.12.05	19:00:00	1.16342	1.16442	1.16324	1.16442	2248	0	0
2025.12.05	20:00:00	1.16441	1.16487	1.16421	1.16427	1640	0	0
2025.12.05	21:00:00	1.16428	1.16442	1.16398	1.16431	1299	0	0
2025.12.05	22:00:00	1.16430	1.16445	1.16397	1.16441	1278	0	0
2025.12.05	23:00:00	1.16439	1.16470	1.16398	1.16410	682	0	1
2025.12.08	00:00:00	1.16347	1.16445	1.16347	1.16436	555	0	30
2025.12.08	01:00:00	1.16446	1.16457	1.16391	1.16405	1386	0	1
2025.12.08	02:00:00	1.16405	1.16513	1.16395	1.16509	1742	0	0
2025.12.08	03:00:00	1.16511	1.16531	1.16458	1.16517	2172	0	0
2025.12.08	04:00:00	1.16520	1.16542	1.16485	1.16538	1545	0	0
2025.12.08	05:00:00	1.16540	1.16554	1.16498	1.16501	1090	0	0
2025.12.08	06:00:00	1.16502	1.16555	1.16498	1.16546	835	0	0
2025.12.08	07:00:00	1.16547	1.16563	1.16524	1.16562	1141	0	0
2025.12.08	08:00:00	1.16561	1.16721	1.16559	1.16609	2311	0	0
2025.12.08	09:00:00	1.16611	1.16678	1.16549	1.16582	2277	0	0
2025.12.08	10:00:00	1.16585	1.16622	1.16482	1.16560	2725	0	0
2025.12.08	11:00:00	1.16559	1.16575	1.16478	1.16486	2442	0	0
2025.12.08	12:00:00	1.16487	1.16557	1.16476	1.16509	2243	0	0
2025.12.08	13:00:00	1.16508	1.16534	1.16468	1.16502	2253	0	0
2025.12.08	14:00:00	1.16501	1.16539	1.16476	1.16532	2402	0	0
2025.12.08	15:00:00	1.16535	1.16573	1.16457	1.16485	2973	0	0
2025.12.08	16:00:00	1.16491	1.16548	1.16377	1.16401	3950	0	0
2025.12.08	17:00:00	1.16400	1.16400	1.16169	1.16252	4097	0	0
2025.12.08	18:00:00	1.16251	1.16287	1.16164	1.16249	2952	0	0
2025.12.08	19:00:00	1.16248	1.16392	1.16202	1.16391	2654	0	0
2025.12.08	20:00:00	1.16392	1.16418	1.16341	1.16372	1846	0	0
2025.12.08	21:00:00	1.16371	1.16417	1.16362	1.16394	1515	0	0
2025.12.08	22:00:00	1.16396	1.16419	1.16375	1.16381	1219	0	0
2025.12.08	23:00:00	1.16383	1.16387	1.16350	1.16377	707	0	0
2025.12.09	00:00:00	1.16342	1.16368	1.16327	1.16345	1368	0	25
2025.12.09	01:00:00	1.16346	1.16408	1.16343	1.16406	596	0	1
2025.12.09	02:00:00	1.16407	1.16430	1.16366	1.16387	1042	0	0
2025.12.09	03:00:00	1.16386	1.16477	1.16359	1.16473	1348	0	0
2025.12.09	04:00:00	1.16474	1.16484	1.16435	1.16458	1188	0	0
2025.12.09	05:00:00	1.16460	1.16486	1.16438	1.16456	1144	0	0
2025.12.09	06:00:00	1.16457	1.16471	1.16436	1.16468	1005	0	0
2025.12.09	07:00:00	1.16471	1.16503	1.16440	1.16487	1153	0	0
2025.12.09	08:00:00	1.16486	1.16491	1.16418	1.16439	1622	0	0
2025.12.09	09:00:00	1.16440	1.16461	1.16381	1.16400	1998	0	0
2025.12.09	10:00:00	1.16399	1.16496	1.16335	1.16449	2769	0	0
2025.12.09	11:00:00	1.16446	1.16573	1.16435	1.16523	2647	0	0
2025.12.09	12:00:00	1.16524	1.16543	1.16403	1.16447	2123	0	0
2025.12.09	13:00:00	1.16448	1.16477	1.16382	1.16434	2127	0	0
2025.12.09	14:00:00	1.16431	1.16444	1.16342	1.16377	2232	0	0
2025.12.09	15:00:00	1.16378	1.16399	1.16290	1.16345	2909	0	0
2025.12.09	16:00:00	1.16346	1.16386	1.16282	1.16374	3557	0	0
2025.12.09	17:00:00	1.16368	1.16372	1.16151	1.16287	4835	0	0
2025.12.09	18:00:00	1.16289	1.16411	1.16288	1.16382	2426	0	0
2025.12.09	19:00:00	1.16384	1.16397	1.16221	1.16242	2009	0	0
2025.12.09	20:00:00	1.16240	1.16249	1.16170	1.16243	1626	0	0
2025.12.09	21:00:00	1.16244	1.16298	1.16220	1.16288	1199	0	0
2025.12.09	22:00:00	1.16287	1.16322	1.16264	1.16268	1113	0	0
2025.12.09	23:00:00	1.16267	1.16290	1.16250	1.16256	704	0	1
2025.12.10	00:00:00	1.16240	1.16279	1.16215	1.16253	761	0	25
2025.12.10	01:00:00	1.16263	1.16284	1.16244	1.16279	442	0	1
2025.12.10	02:00:00	1.16280	1.16288	1.16243	1.16261	1162	0	0
2025.12.10	03:00:00	1.16260	1.16286	1.16222	1.16236	1163	0	0
2025.12.10	04:00:00	1.16235	1.16284	1.16231	1.16237	892	0	0
2025.12.10	05:00:00	1.16237	1.16273	1.16215	1.16266	1021	0	0
2025.12.10	06:00:00	1.16265	1.16290	1.16249	1.16275	904	0	0
2025.12.10	07:00:00	1.16273	1.16310	1.16263	1.16296	1023	0	0
2025.12.10	08:00:00	1.16297	1.16355	1.16285	1.16350	1391	0	0
2025.12.10	09:00:00	1.16352	1.16494	1.16344	1.16482	2146	0	0
2025.12.10	10:00:00	1.16481	1.16577	1.16436	1.16526	2607	0	0
2025.12.10	11:00:00	1.16527	1.16530	1.16355	1.16366	2456	0	0
2025.12.10	12:00:00	1.16364	1.16395	1.16274	1.16346	2229	0	0
2025.12.10	13:00:00	1.16345	1.16384	1.16300	1.16352	1959	0	0
2025.12.10	14:00:00	1.16353	1.16424	1.16328	1.16393	1651	0	0
2025.12.10	15:00:00	1.16394	1.16419	1.16277	1.16402	2540	0	0
2025.12.10	16:00:00	1.16401	1.16450	1.16339	1.16433	3203	0	0
2025.12.10	17:00:00	1.16434	1.16514	1.16345	1.16420	3150	0	0
2025.12.10	18:00:00	1.16419	1.16500	1.16374	1.16500	2204	0	0
2025.12.10	19:00:00	1.16501	1.16602	1.16456	1.16587	1715	0	0
2025.12.10	20:00:00	1.16585	1.16610	1.16537	1.16544	1549	0	0
2025.12.10	21:00:00	1.16539	1.16817	1.16419	1.16783	10083	0	0
2025.12.10	22:00:00	1.16782	1.16998	1.16738	1.16941	5813	0	0
2025.12.10	23:00:00	1.16940	1.16948	1.16893	1.16930	1178	0	0
2025.12.11	00:00:00	1.16864	1.16941	1.16819	1.16940	1656	0	25
2025.12.11	01:00:00	1.16952	1.17026	1.16946	1.17014	990	0	1
2025.12.11	02:00:00	1.17015	1.17049	1.16969	1.17021	1909	0	0
2025.12.11	03:00:00	1.17024	1.17074	1.17002	1.17019	2413	0	0
2025.12.11	04:00:00	1.17018	1.17062	1.16935	1.16940	2154	0	0
2025.12.11	05:00:00	1.16939	1.16976	1.16901	1.16907	1830	0	0
2025.12.11	06:00:00	1.16908	1.16915	1.16853	1.16904	1098	0	0
2025.12.11	07:00:00	1.16903	1.16922	1.16843	1.16851	1082	0	0
2025.12.11	08:00:00	1.16855	1.16898	1.16822	1.16891	1475	0	0
2025.12.11	09:00:00	1.16894	1.17010	1.16875	1.16936	2397	0	0
2025.12.11	10:00:00	1.16937	1.17066	1.16937	1.16972	2884	0	0
2025.12.11	11:00:00	1.16973	1.17034	1.16873	1.17021	2760	0	0
2025.12.11	12:00:00	1.17023	1.17077	1.16989	1.17071	2237	0	0
2025.12.11	13:00:00	1.17072	1.17179	1.17060	1.17130	2214	0	0
2025.12.11	14:00:00	1.17129	1.17192	1.17099	1.17168	2258	0	0
2025.12.11	15:00:00	1.17170	1.17364	1.17134	1.17310	4206	0	0
2025.12.11	16:00:00	1.17311	1.17485	1.17303	1.17377	4046	0	0
2025.12.11	17:00:00	1.17378	1.17572	1.17315	1.17563	4139	0	0
2025.12.11	18:00:00	1.17564	1.17595	1.17461	1.17554	3368	0	0
2025.12.11	19:00:00	1.17552	1.17627	1.17497	1.17552	2445	0	0
2025.12.11	20:00:00	1.17551	1.17593	1.17510	1.17538	1694	0	0
2025.12.11	21:00:00	1.17535	1.17537	1.17405	1.17410	1627	0	0
2025.12.11	22:00:00	1.17405	1.17459	1.17364	1.17410	1533	0	0
2025.12.11	23:00:00	1.17409	1.17432	1.17369	1.17384	810	0	1
2025.12.12	00:00:00	1.17376	1.17389	1.17368	1.17376	805	0	25
2025.12.12	01:00:00	1.17385	1.17418	1.17371	1.17406	639	0	1
2025.12.12	02:00:00	1.17407	1.17445	1.17390	1.17405	1730	0	0
2025.12.12	03:00:00	1.17408	1.17463	1.17326	1.17350	1513	0	0
2025.12.12	04:00:00	1.17349	1.17379	1.17311	1.17362	1320	0	0
2025.12.12	05:00:00	1.17361	1.17377	1.17333	1.17345	911	0	0
2025.12.12	06:00:00	1.17344	1.17355	1.17310	1.17319	896	0	0
2025.12.12	07:00:00	1.17318	1.17394	1.17318	1.17387	942	0	0
2025.12.12	08:00:00	1.17386	1.17419	1.17339	1.17387	1467	0	0
2025.12.12	09:00:00	1.17388	1.17434	1.17359	1.17380	2126	0	0
2025.12.12	10:00:00	1.17382	1.17422	1.17280	1.17284	3067	0	0
2025.12.12	11:00:00	1.17282	1.17349	1.17268	1.17328	2217	0	0
2025.12.12	12:00:00	1.17327	1.17332	1.17244	1.17274	2018	0	0
2025.12.12	13:00:00	1.17273	1.17292	1.17223	1.17268	1669	0	0
2025.12.12	14:00:00	1.17267	1.17279	1.17195	1.17251	1933	0	0
2025.12.12	15:00:00	1.17252	1.17352	1.17239	1.17274	2593	0	0
2025.12.12	16:00:00	1.17270	1.17436	1.17231	1.17419	3427	0	0
2025.12.12	17:00:00	1.17421	1.17449	1.17297	1.17381	3739	0	0
2025.12.12	18:00:00	1.17382	1.17434	1.17261	1.17312	3256	0	0
2025.12.12	19:00:00	1.17311	1.17482	1.17303	1.17477	2037	0	0
2025.12.12	20:00:00	1.17478	1.17498	1.17404	1.17412	1626	0	0
2025.12.12	21:00:00	1.17415	1.17415	1.17353	1.17403	1580	0	0
2025.12.12	22:00:00	1.17401	1.17465	1.17369	1.17393	1930	0	0
2025.12.12	23:00:00	1.17391	1.17451	1.17379	1.17381	766	0	0
2025.12.15	00:00:00	1.17323	1.17371	1.17305	1.17358	893	0	30
2025.12.15	01:00:00	1.17362	1.17406	1.17349	1.17370	674	0	1
2025.12.15	02:00:00	1.17371	1.17372	1.17284	1.17332	1339	0	0
2025.12.15	03:00:00	1.17331	1.17425	1.17295	1.17414	1601	0	0
2025.12.15	04:00:00	1.17412	1.17447	1.17372	1.17413	1771	0	0
2025.12.15	05:00:00	1.17414	1.17448	1.17316	1.17343	1377	0	0
2025.12.15	06:00:00	1.17341	1.17357	1.17318	1.17324	1125	0	0
2025.12.15	07:00:00	1.17323	1.17357	1.17322	1.17344	1181	0	0
2025.12.15	08:00:00	1.17343	1.17365	1.17286	1.17350	1581	0	0
2025.12.15	09:00:00	1.17351	1.17381	1.17278	1.17285	2131	0	0
2025.12.15	10:00:00	1.17285	1.17388	1.17263	1.17312	2629	0	0
2025.12.15	11:00:00	1.17308	1.17435	1.17305	1.17434	2226	0	0
2025.12.15	12:00:00	1.17433	1.17467	1.17389	1.17427	1693	0	0
2025.12.15	13:00:00	1.17428	1.17500	1.17412	1.17489	1467	0	0
2025.12.15	14:00:00	1.17488	1.17594	1.17486	1.17530	1685	0	0
2025.12.15	15:00:00	1.17529	1.17599	1.17471	1.17475	2605	0	0
2025.12.15	16:00:00	1.17469	1.17641	1.17441	1.17635	3461	0	0
2025.12.15	17:00:00	1.17634	1.17689	1.17548	1.17629	4458	0	0
2025.12.15	18:00:00	1.17628	1.17648	1.17523	1.17554	2999	0	0
2025.12.15	19:00:00	1.17553	1.17558	1.17450	1.17459	1866	0	0
2025.12.15	20:00:00	1.17460	1.17481	1.17391	1.17432	1494	0	0
2025.12.15	21:00:00	1.17433	1.17498	1.17384	1.17486	1110	0	0
2025.12.15	22:00:00	1.17482	1.17518	1.17474	1.17511	1052	0	0
2025.12.15	23:00:00	1.17507	1.17525	1.17488	1.17506	574	0	1
2025.12.16	00:00:00	1.17478	1.17520	1.17474	1.17499	883	0	25
2025.12.16	01:00:00	1.17511	1.17556	1.17504	1.17534	491	0	1
2025.12.16	02:00:00	1.17535	1.17580	1.17481	1.17496	1403	0	0
2025.12.16	03:00:00	1.17497	1.17552	1.17464	1.17519	1858	0	0
2025.12.16	04:00:00	1.17520	1.17565	1.17501	1.17556	1234	0	0
2025.12.16	05:00:00	1.17555	1.17591	1.17501	1.17518	1176	0	0
2025.12.16	06:00:00	1.17522	1.17539	1.17497	1.17511	782	0	0
2025.12.16	07:00:00	1.17510	1.17543	1.17493	1.17507	1089	0	0
2025.12.16	08:00:00	1.17504	1.17536	1.17463	1.17525	1262	0	0
2025.12.16	09:00:00	1.17524	1.17542	1.17443	1.17522	1908	0	0
2025.12.16	10:00:00	1.17524	1.17640	1.17465	1.17543	2881	0	0
2025.12.16	11:00:00	1.17541	1.17620	1.17502	1.17562	2362	0	0
2025.12.16	12:00:00	1.17563	1.17617	1.17538	1.17573	2061	0	0
2025.12.16	13:00:00	1.17572	1.17632	1.17518	1.17632	1589	0	0
2025.12.16	14:00:00	1.17636	1.17785	1.17606	1.17779	2220	0	0
2025.12.16	15:00:00	1.17781	1.17947	1.17569	1.17756	6841	0	0
2025.12.16	16:00:00	1.17757	1.18000	1.17689	1.17998	5360	0	0
2025.12.16	17:00:00	1.17999	1.18041	1.17673	1.17701	5178	0	0
2025.12.16	18:00:00	1.17700	1.17759	1.17609	1.17692	3293	0	0
2025.12.16	19:00:00	1.17691	1.17780	1.17624	1.17638	2454	0	0
2025.12.16	20:00:00	1.17639	1.17640	1.17452	1.17531	2263	0	0
2025.12.16	21:00:00	1.17529	1.17623	1.17343	1.17577	2529	0	0
2025.12.16	22:00:00	1.17576	1.17630	1.17463	1.17478	1946	0	0
2025.12.16	23:00:00	1.17479	1.17512	1.17458	1.17487	704	0	0
2025.12.17	00:00:00	1.17448	1.17472	1.17448	1.17465	972	0	25
2025.12.17	01:00:00	1.17477	1.17510	1.17471	1.17492	470	0	1
2025.12.17	02:00:00	1.17493	1.17517	1.17454	1.17504	1161	0	0
2025.12.17	03:00:00	1.17503	1.17523	1.17450	1.17473	1696	0	0
2025.12.17	04:00:00	1.17470	1.17480	1.17373	1.17399	1680	0	0
2025.12.17	05:00:00	1.17400	1.17407	1.17367	1.17392	1157	0	0
2025.12.17	06:00:00	1.17393	1.17397	1.17277	1.17298	1248	0	0
2025.12.17	07:00:00	1.17297	1.17309	1.17248	1.17292	1458	0	0
2025.12.17	08:00:00	1.17293	1.17306	1.17065	1.17097	2223	0	0
2025.12.17	09:00:00	1.17105	1.17135	1.17031	1.17130	3996	0	0
2025.12.17	10:00:00	1.17139	1.17211	1.17058	1.17186	2833	0	0
2025.12.17	11:00:00	1.17185	1.17207	1.17116	1.17161	2740	0	0
2025.12.17	12:00:00	1.17160	1.17254	1.17128	1.17252	2403	0	0
2025.12.17	13:00:00	1.17253	1.17274	1.17077	1.17092	2686	0	0
2025.12.17	14:00:00	1.17091	1.17277	1.17084	1.17265	2653	0	0
2025.12.17	15:00:00	1.17267	1.17332	1.17199	1.17319	4055	0	0
2025.12.17	16:00:00	1.17318	1.17444	1.17283	1.17411	3838	0	0
2025.12.17	17:00:00	1.17413	1.17582	1.17403	1.17529	4955	0	0
2025.12.17	18:00:00	1.17530	1.17563	1.17454	1.17471	3409	0	0
2025.12.17	19:00:00	1.17470	1.17547	1.17456	1.17494	2256	0	0
2025.12.17	20:00:00	1.17495	1.17555	1.17425	1.17442	1860	0	0
2025.12.17	21:00:00	1.17443	1.17472	1.17415	1.17448	1674	0	0
2025.12.17	22:00:00	1.17449	1.17464	1.17385	1.17397	1450	0	0
2025.12.17	23:00:00	1.17396	1.17413	1.17386	1.17407	629	0	1
2025.12.18	00:00:00	1.17374	1.17429	1.17373	1.17385	525	0	25
2025.12.18	01:00:00	1.17396	1.17432	1.17379	1.17415	492	0	1
2025.12.18	02:00:00	1.17416	1.17459	1.17403	1.17442	1293	0	0
2025.12.18	03:00:00	1.17438	1.17456	1.17350	1.17385	1853	0	0
2025.12.18	04:00:00	1.17384	1.17427	1.17369	1.17409	1471	0	0
2025.12.18	05:00:00	1.17408	1.17420	1.17373	1.17393	1015	0	0
2025.12.18	06:00:00	1.17391	1.17431	1.17383	1.17430	836	0	0
2025.12.18	07:00:00	1.17434	1.17469	1.17412	1.17457	1156	0	0
2025.12.18	08:00:00	1.17455	1.17473	1.17387	1.17440	1379	0	0
2025.12.18	09:00:00	1.17439	1.17496	1.17335	1.17338	2348	0	0
2025.12.18	10:00:00	1.17337	1.17372	1.17280	1.17323	2646	0	0
2025.12.18	11:00:00	1.17322	1.17327	1.17173	1.17220	2828	0	0
2025.12.18	12:00:00	1.17219	1.17269	1.17179	1.17248	1796	0	0
2025.12.18	13:00:00	1.17249	1.17276	1.17203	1.17205	1823	0	0
2025.12.18	14:00:00	1.17205	1.17234	1.17124	1.17139	3063	0	0
2025.12.18	15:00:00	1.17139	1.17627	1.17133	1.17471	7010	0	0
2025.12.18	16:00:00	1.17469	1.17557	1.17326	1.17347	6442	0	0
2025.12.18	17:00:00	1.17346	1.17403	1.17159	1.17272	4967	0	0
2025.12.18	18:00:00	1.17271	1.17460	1.17256	1.17281	3347	0	0
2025.12.18	19:00:00	1.17282	1.17288	1.17153	1.17183	2875	0	0
2025.12.18	20:00:00	1.17188	1.17250	1.17152	1.17197	1706	0	0
2025.12.18	21:00:00	1.17195	1.17277	1.17179	1.17251	1744	0	0
2025.12.18	22:00:00	1.17247	1.17277	1.17204	1.17221	1339	0	0
2025.12.18	23:00:00	1.17220	1.17252	1.17217	1.17247	587	0	1
2025.12.19	00:00:00	1.17171	1.17246	1.17170	1.17230	2175	0	25
2025.12.19	01:00:00	1.17243	1.17273	1.17233	1.17245	518	0	1
2025.12.19	02:00:00	1.17246	1.17268	1.17216	1.17265	1259	0	0
2025.12.19	03:00:00	1.17267	1.17289	1.17203	1.17244	1364	0	0
2025.12.19	04:00:00	1.17245	1.17286	1.17212	1.17225	1082	0	0
2025.12.19	05:00:00	1.17226	1.17257	1.17184	1.17214	1735	0	0
2025.12.19	06:00:00	1.17213	1.17225	1.17153	1.17180	1022	0	0
2025.12.19	07:00:00	1.17179	1.17207	1.17179	1.17199	1017	0	0
2025.12.19	08:00:00	1.17198	1.17217	1.17118	1.17199	2226	0	0
2025.12.19	09:00:00	1.17200	1.17205	1.17032	1.17077	3057	0	0
2025.12.19	10:00:00	1.17079	1.17163	1.17062	1.17125	3042	0	0
2025.12.19	11:00:00	1.17122	1.17179	1.17089	1.17122	2756	0	0
2025.12.19	12:00:00	1.17121	1.17177	1.17090	1.17164	2448	0	0
2025.12.19	13:00:00	1.17165	1.17178	1.17075	1.17113	2166	0	0
2025.12.19	14:00:00	1.17108	1.17152	1.17078	1.17100	2210	0	0
2025.12.19	15:00:00	1.17101	1.17194	1.17028	1.17192	3346	0	0
2025.12.19	16:00:00	1.17193	1.17378	1.17189	1.17266	4299	0	0
2025.12.19	17:00:00	1.17264	1.17284	1.17094	1.17097	3926	0	0
2025.12.19	18:00:00	1.17096	1.17211	1.17084	1.17211	2840	0	0
2025.12.19	19:00:00	1.17209	1.17210	1.17134	1.17192	1548	0	0
2025.12.19	20:00:00	1.17191	1.17271	1.17182	1.17199	1630	0	0
2025.12.19	21:00:00	1.17196	1.17251	1.17162	1.17236	1457	0	0
2025.12.19	22:00:00	1.17231	1.17256	1.17062	1.17098	1373	0	0
2025.12.19	23:00:00	1.17097	1.17136	1.17070	1.17073	771	0	1
2025.12.22	00:00:00	1.17120	1.17163	1.17098	1.17111	1570	0	30
2025.12.22	01:00:00	1.17110	1.17148	1.17058	1.17099	1704	0	1
2025.12.22	02:00:00	1.17100	1.17162	1.17094	1.17159	1975	0	0
2025.12.22	03:00:00	1.17160	1.17194	1.17137	1.17173	1324	0	0
2025.12.22	04:00:00	1.17174	1.17194	1.17150	1.17164	845	0	0
2025.12.22	05:00:00	1.17163	1.17183	1.17134	1.17174	1039	0	0
2025.12.22	06:00:00	1.17173	1.17217	1.17162	1.17202	664	0	0
2025.12.22	07:00:00	1.17201	1.17221	1.17153	1.17174	970	0	0
2025.12.22	08:00:00	1.17173	1.17192	1.17129	1.17159	1275	0	0
2025.12.22	09:00:00	1.17157	1.17312	1.17149	1.17290	2032	0	0
2025.12.22	10:00:00	1.17288	1.17383	1.17229	1.17358	2307	0	0
2025.12.22	11:00:00	1.17359	1.17366	1.17273	1.17301	2321	0	0
2025.12.22	12:00:00	1.17300	1.17380	1.17290	1.17327	2150	0	0
2025.12.22	13:00:00	1.17330	1.17366	1.17287	1.17335	1685	0	0
2025.12.22	14:00:00	1.17334	1.17433	1.17334	1.17416	2412	0	0
2025.12.22	15:00:00	1.17417	1.17545	1.17417	1.17506	3222	0	0
2025.12.22	16:00:00	1.17507	1.17665	1.17450	1.17600	3158	0	0
2025.12.22	17:00:00	1.17599	1.17693	1.17576	1.17638	3063	0	0
2025.12.22	18:00:00	1.17640	1.17640	1.17482	1.17497	2473	0	0
2025.12.22	19:00:00	1.17496	1.17647	1.17492	1.17583	1602	0	0
2025.12.22	20:00:00	1.17584	1.17584	1.17494	1.17529	1287	0	0
2025.12.22	21:00:00	1.17528	1.17559	1.17488	1.17553	1119	0	0
2025.12.22	22:00:00	1.17550	1.17590	1.17523	1.17554	1048	0	0
2025.12.22	23:00:00	1.17553	1.17616	1.17546	1.17615	520	0	1
2025.12.23	00:00:00	1.17544	1.17605	1.17544	1.17580	2033	0	25
2025.12.23	01:00:00	1.17589	1.17655	1.17579	1.17633	853	0	1
2025.12.23	02:00:00	1.17634	1.17702	1.17627	1.17690	1156	0	0
2025.12.23	03:00:00	1.17686	1.17761	1.17657	1.17731	1457	0	0
2025.12.23	04:00:00	1.17735	1.17805	1.17725	1.17776	1414	0	0
2025.12.23	05:00:00	1.17777	1.17792	1.17731	1.17764	1247	0	0
2025.12.23	06:00:00	1.17766	1.17791	1.17735	1.17754	1294	0	0
2025.12.23	07:00:00	1.17752	1.17799	1.17743	1.17752	1265	0	0
2025.12.23	08:00:00	1.17751	1.17764	1.17685	1.17714	1339	0	0
2025.12.23	09:00:00	1.17712	1.17812	1.17693	1.17787	2281	0	0
2025.12.23	10:00:00	1.17786	1.17845	1.17753	1.17845	2817	0	0
2025.12.23	11:00:00	1.17846	1.17929	1.17817	1.17926	3064	0	0
2025.12.23	12:00:00	1.17928	1.18004	1.17917	1.17990	2336	0	0
2025.12.23	13:00:00	1.17985	1.17999	1.17923	1.17957	1881	0	0
2025.12.23	14:00:00	1.17958	1.18020	1.17890	1.17897	2089	0	0
2025.12.23	15:00:00	1.17896	1.17938	1.17741	1.17747	4064	0	0
2025.12.23	16:00:00	1.17748	1.17793	1.17685	1.17695	3861	0	0
2025.12.23	17:00:00	1.17696	1.17791	1.17638	1.17746	4047	0	0
2025.12.23	18:00:00	1.17743	1.17804	1.17731	1.17756	2585	0	0
2025.12.23	19:00:00	1.17755	1.17787	1.17689	1.17709	1880	0	0
2025.12.23	20:00:00	1.17708	1.17831	1.17695	1.17828	1798	0	0
2025.12.23	21:00:00	1.17829	1.17914	1.17822	1.17900	1713	0	0
2025.12.23	22:00:00	1.17899	1.17938	1.17870	1.17896	1309	0	0
2025.12.23	23:00:00	1.17895	1.17965	1.17883	1.17961	821	0	0
2025.12.24	00:00:00	1.17893	1.17944	1.17893	1.17933	841	0	25
2025.12.24	01:00:00	1.17942	1.17971	1.17908	1.17945	669	0	1
2025.12.24	02:00:00	1.17947	1.17991	1.17902	1.17990	1543	0	0
2025.12.24	03:00:00	1.17991	1.18063	1.17970	1.18054	1790	0	0
2025.12.24	04:00:00	1.18055	1.18081	1.17981	1.17981	1281	0	0
2025.12.24	05:00:00	1.17983	1.17983	1.17869	1.17877	1361	0	0
2025.12.24	06:00:00	1.17878	1.17935	1.17857	1.17914	1100	0	0
2025.12.24	07:00:00	1.17913	1.18020	1.17907	1.17990	968	0	0
2025.12.24	08:00:00	1.17988	1.18038	1.17976	1.17996	1589	0	0
2025.12.24	09:00:00	1.17997	1.18018	1.17865	1.17893	2342	0	0
2025.12.24	10:00:00	1.17890	1.17995	1.17796	1.17995	2793	0	0
2025.12.24	11:00:00	1.17998	1.18008	1.17943	1.17997	1907	0	0
2025.12.24	12:00:00	1.17995	1.18000	1.17909	1.17964	1874	0	0
2025.12.24	13:00:00	1.17965	1.17985	1.17910	1.17928	1624	0	0
2025.12.24	14:00:00	1.17926	1.17932	1.17841	1.17843	1606	0	0
2025.12.24	15:00:00	1.17842	1.17908	1.17837	1.17853	2314	0	0
2025.12.24	16:00:00	1.17847	1.17870	1.17773	1.17807	2616	0	0
2025.12.24	17:00:00	1.17806	1.17825	1.17754	1.17781	2652	0	0
2025.12.24	18:00:00	1.17782	1.17810	1.17732	1.17794	1911	0	0
2025.12.24	19:00:00	1.17793	1.17831	1.17726	1.17765	1455	0	0
2025.12.24	20:00:00	1.17759	1.17798	1.17743	1.17787	1208	0	0
2025.12.24	21:00:00	1.17787	1.17820	1.17786	1.17816	806	0	0
2025.12.24	22:00:00	1.17817	1.17820	1.17793	1.17796	1087	0	0
2025.12.24	23:00:00	1.17795	1.17798	1.17766	1.17770	963	0	1
2025.12.26	00:00:00	1.17769	1.17830	1.17769	1.17788	1045	0	25
2025.12.26	01:00:00	1.17795	1.17849	1.17773	1.17840	3300	0	1
2025.12.26	02:00:00	1.17841	1.17919	1.17767	1.17861	2961	0	0
2025.12.26	03:00:00	1.17860	1.17916	1.17830	1.17873	2097	0	0
2025.12.26	04:00:00	1.17874	1.17935	1.17837	1.17921	1267	0	0
2025.12.26	05:00:00	1.17920	1.17926	1.17833	1.17843	1389	0	0
2025.12.26	06:00:00	1.17844	1.17873	1.17801	1.17829	1106	0	0
2025.12.26	07:00:00	1.17830	1.17873	1.17801	1.17862	1163	0	0
2025.12.26	08:00:00	1.17861	1.17877	1.17716	1.17767	1754	0	0
2025.12.26	09:00:00	1.17768	1.17779	1.17701	1.17729	2296	0	0
2025.12.26	10:00:00	1.17730	1.17776	1.17664	1.17770	1965	0	0
2025.12.26	11:00:00	1.17768	1.17777	1.17684	1.17703	1831	0	0
2025.12.26	12:00:00	1.17695	1.17798	1.17689	1.17732	1639	0	0
2025.12.26	13:00:00	1.17734	1.17825	1.17732	1.17775	1468	0	0
2025.12.26	14:00:00	1.17776	1.17825	1.17727	1.17817	1508	0	0
2025.12.26	15:00:00	1.17821	1.17968	1.17819	1.17914	2764	0	0
2025.12.26	16:00:00	1.17921	1.17945	1.17813	1.17838	2541	0	0
2025.12.26	17:00:00	1.17838	1.17926	1.17714	1.17773	2869	0	0
2025.12.26	18:00:00	1.17775	1.17796	1.17622	1.17652	3722	0	0
2025.12.26	19:00:00	1.17651	1.17703	1.17615	1.17701	3357	0	0
2025.12.26	20:00:00	1.17702	1.17737	1.17688	1.17718	2950	0	0
2025.12.26	21:00:00	1.17719	1.17767	1.17693	1.17767	1670	0	0
2025.12.26	22:00:00	1.17766	1.17816	1.17722	1.17747	1785	0	0
2025.12.26	23:00:00	1.17750	1.17765	1.17654	1.17687	1011	0	1
2025.12.29	00:00:00	1.17653	1.17699	1.17652	1.17670	809	0	39
2025.12.29	01:00:00	1.17684	1.17777	1.17683	1.17725	1548	0	1
2025.12.29	02:00:00	1.17726	1.17840	1.17717	1.17797	1816	0	0
2025.12.29	03:00:00	1.17798	1.17861	1.17787	1.17842	1446	0	0
2025.12.29	04:00:00	1.17841	1.17853	1.17754	1.17756	1430	0	0
2025.12.29	05:00:00	1.17754	1.17762	1.17710	1.17734	964	0	0
2025.12.29	06:00:00	1.17733	1.17733	1.17638	1.17643	1030	0	0
2025.12.29	07:00:00	1.17641	1.17641	1.17538	1.17560	1364	0	0
2025.12.29	08:00:00	1.17563	1.17695	1.17542	1.17695	1485	0	0
2025.12.29	09:00:00	1.17694	1.17793	1.17654	1.17772	2496	0	0
2025.12.29	10:00:00	1.17771	1.17887	1.17710	1.17840	2655	0	0
2025.12.29	11:00:00	1.17841	1.17890	1.17715	1.17762	2967	0	0
2025.12.29	12:00:00	1.17760	1.17801	1.17652	1.17658	2442	0	0
2025.12.29	13:00:00	1.17657	1.17712	1.17576	1.17658	2475	0	0
2025.12.29	14:00:00	1.17655	1.17692	1.17557	1.17619	2334	0	0
2025.12.29	15:00:00	1.17618	1.17736	1.17602	1.17698	2798	0	0
2025.12.29	16:00:00	1.17699	1.17886	1.17671	1.17831	3375	0	0
2025.12.29	17:00:00	1.17833	1.17865	1.17664	1.17680	4289	0	0
2025.12.29	18:00:00	1.17679	1.17680	1.17524	1.17560	3230	0	0
2025.12.29	19:00:00	1.17559	1.17569	1.17494	1.17521	2106	0	0
2025.12.29	20:00:00	1.17521	1.17589	1.17507	1.17575	1728	0	0
2025.12.29	21:00:00	1.17574	1.17682	1.17568	1.17673	1219	0	0
2025.12.29	22:00:00	1.17672	1.17704	1.17643	1.17704	1501	0	0
2025.12.29	23:00:00	1.17705	1.17743	1.17699	1.17738	704	0	0
2025.12.30	00:00:00	1.17616	1.17708	1.17616	1.17660	1077	0	25
2025.12.30	01:00:00	1.17655	1.17743	1.17655	1.17723	965	0	1
2025.12.30	02:00:00	1.17724	1.17750	1.17714	1.17730	1220	0	0
2025.12.30	03:00:00	1.17727	1.17749	1.17698	1.17748	1194	0	0
2025.12.30	04:00:00	1.17749	1.17764	1.17715	1.17733	1185	0	0
2025.12.30	05:00:00	1.17734	1.17760	1.17703	1.17724	934	0	0
2025.12.30	06:00:00	1.17725	1.17778	1.17715	1.17771	740	0	0
2025.12.30	07:00:00	1.17772	1.17789	1.17726	1.17752	999	0	0
2025.12.30	08:00:00	1.17753	1.17799	1.17738	1.17786	1310	0	0
2025.12.30	09:00:00	1.17786	1.17786	1.17661	1.17704	1854	0	0
2025.12.30	10:00:00	1.17705	1.17753	1.17660	1.17671	2306	0	0
2025.12.30	11:00:00	1.17672	1.17780	1.17641	1.17687	2313	0	0
2025.12.30	12:00:00	1.17687	1.17775	1.17686	1.17738	1961	0	0
2025.12.30	13:00:00	1.17739	1.17766	1.17661	1.17666	1755	0	0
2025.12.30	14:00:00	1.17665	1.17680	1.17607	1.17617	1756	0	0
2025.12.30	15:00:00	1.17617	1.17678	1.17554	1.17635	3303	0	0
2025.12.30	16:00:00	1.17636	1.17643	1.17564	1.17635	2982	0	0
2025.12.30	17:00:00	1.17633	1.17662	1.17453	1.17599	3402	0	0
2025.12.30	18:00:00	1.17598	1.17666	1.17544	1.17648	2740	0	0
2025.12.30	19:00:00	1.17651	1.17666	1.17550	1.17559	1711	0	0
2025.12.30	20:00:00	1.17560	1.17594	1.17481	1.17502	1571	0	0
2025.12.30	21:00:00	1.17500	1.17530	1.17451	1.17468	1550	0	0
2025.12.30	22:00:00	1.17473	1.17503	1.17432	1.17440	1473	0	0
2025.12.30	23:00:00	1.17442	1.17481	1.17439	1.17465	574	0	0
2025.12.31	00:00:00	1.17419	1.17476	1.17419	1.17454	255	0	25
2025.12.31	01:00:00	1.17463	1.17490	1.17433	1.17454	458	0	1
2025.12.31	02:00:00	1.17455	1.17478	1.17445	1.17472	775	0	0
2025.12.31	03:00:00	1.17474	1.17489	1.17419	1.17426	1278	0	0
2025.12.31	04:00:00	1.17423	1.17426	1.17387	1.17402	1307	0	0
2025.12.31	05:00:00	1.17401	1.17436	1.17396	1.17426	837	0	0
2025.12.31	06:00:00	1.17424	1.17427	1.17330	1.17345	803	0	0
2025.12.31	07:00:00	1.17345	1.17394	1.17343	1.17387	935	0	0
2025.12.31	08:00:00	1.17386	1.17397	1.17330	1.17375	980	0	0
2025.12.31	09:00:00	1.17374	1.17387	1.17298	1.17369	1965	0	0
2025.12.31	10:00:00	1.17370	1.17397	1.17201	1.17231	2347	0	0
2025.12.31	11:00:00	1.17232	1.17389	1.17202	1.17350	2322	0	0
2025.12.31	12:00:00	1.17351	1.17438	1.17285	1.17393	2094	0	0
2025.12.31	13:00:00	1.17391	1.17477	1.17361	1.17471	2052	0	0
2025.12.31	14:00:00	1.17472	1.17593	1.17472	1.17550	2323	0	0
2025.12.31	15:00:00	1.17551	1.17593	1.17415	1.17418	3107	0	0
2025.12.31	16:00:00	1.17419	1.17425	1.17274	1.17302	3611	0	0
2025.12.31	17:00:00	1.17301	1.17462	1.17203	1.17440	4569	0	0
2025.12.31	18:00:00	1.17441	1.17488	1.17286	1.17348	3660	0	0
2025.12.31	19:00:00	1.17347	1.17389	1.17315	1.17361	2370	0	0
2025.12.31	20:00:00	1.17360	1.17388	1.17303	1.17360	2748	0	0
2025.12.31	21:00:00	1.17358	1.17433	1.17358	1.17407	1644	0	0
2025.12.31	22:00:00	1.17406	1.17531	1.17401	1.17522	1484	0	0
2025.12.31	23:00:00	1.17524	1.17531	1.17445	1.17454	806	0	1
2026.01.02	00:00:00	1.17466	1.17500	1.17447	1.17466	306	0	25
2026.01.02	01:00:00	1.17462	1.17507	1.17451	1.17507	769	0	1
2026.01.02	02:00:00	1.17508	1.17565	1.17499	1.17563	843	0	0
2026.01.02	03:00:00	1.17564	1.17626	1.17564	1.17611	1306	0	0
2026.01.02	04:00:00	1.17609	1.17637	1.17582	1.17593	924	0	0
2026.01.02	05:00:00	1.17596	1.17648	1.17596	1.17644	759	0	0
2026.01.02	06:00:00	1.17645	1.17646	1.17551	1.17557	776	0	0
2026.01.02	07:00:00	1.17556	1.17578	1.17506	1.17514	829	0	0
2026.01.02	08:00:00	1.17512	1.17514	1.17415	1.17439	1193	0	0
2026.01.02	09:00:00	1.17434	1.17471	1.17321	1.17349	2023	0	0
2026.01.02	10:00:00	1.17346	1.17383	1.17240	1.17286	3295	0	0
2026.01.02	11:00:00	1.17287	1.17373	1.17206	1.17215	2588	0	0
2026.01.02	12:00:00	1.17219	1.17237	1.17132	1.17211	2291	0	0
2026.01.02	13:00:00	1.17210	1.17225	1.17151	1.17219	1890	0	0
2026.01.02	14:00:00	1.17217	1.17273	1.17206	1.17236	1560	0	0
2026.01.02	15:00:00	1.17240	1.17290	1.17182	1.17215	2652	0	0
2026.01.02	16:00:00	1.17217	1.17307	1.17157	1.17286	2726	0	0
2026.01.02	17:00:00	1.17287	1.17521	1.17284	1.17506	3673	0	0
2026.01.02	18:00:00	1.17510	1.17544	1.17342	1.17375	2989	0	0
2026.01.02	19:00:00	1.17374	1.17378	1.17285	1.17307	2431	0	0
2026.01.02	20:00:00	1.17308	1.17312	1.17152	1.17192	2159	0	0
2026.01.02	21:00:00	1.17191	1.17244	1.17142	1.17232	2027	0	0
2026.01.02	22:00:00	1.17231	1.17237	1.17152	1.17176	1778	0	0
2026.01.02	23:00:00	1.17174	1.17233	1.17171	1.17203	762	0	1
2026.01.05	00:00:00	1.17196	1.17203	1.17090	1.17098	644	0	30
2026.01.05	01:00:00	1.17101	1.17128	1.17003	1.17053	1477	0	1
2026.01.05	02:00:00	1.17054	1.17111	1.17034	1.17050	2191	0	0
2026.01.05	03:00:00	1.17049	1.17073	1.16999	1.17003	2444	0	0
2026.01.05	04:00:00	1.17005	1.17016	1.16841	1.16887	2162	0	0
2026.01.05	05:00:00	1.16886	1.16907	1.16723	1.16752	1833	0	0
2026.01.05	06:00:00	1.16747	1.16830	1.16732	1.16819	1569	0	0
2026.01.05	07:00:00	1.16818	1.16858	1.16804	1.16854	1075	0	0
2026.01.05	08:00:00	1.16855	1.16919	1.16781	1.16909	1728	0	0
2026.01.05	09:00:00	1.16910	1.16921	1.16834	1.16863	2576	0	0
2026.01.05	10:00:00	1.16861	1.16947	1.16811	1.16835	3195	0	0
2026.01.05	11:00:00	1.16836	1.16875	1.16737	1.16826	2553	0	0
2026.01.05	12:00:00	1.16824	1.16901	1.16798	1.16900	2589	0	0
2026.01.05	13:00:00	1.16899	1.16910	1.16802	1.16814	2547	0	0
2026.01.05	14:00:00	1.16815	1.16851	1.16699	1.16706	2217	0	0
2026.01.05	15:00:00	1.16709	1.16753	1.16591	1.16745	3564	0	0
2026.01.05	16:00:00	1.16746	1.16875	1.16732	1.16858	3794	0	0
2026.01.05	17:00:00	1.16843	1.17046	1.16843	1.17046	4322	0	0
2026.01.05	18:00:00	1.17047	1.17186	1.17041	1.17148	3237	0	0
2026.01.05	19:00:00	1.17147	1.17197	1.17101	1.17144	2725	0	0
2026.01.05	20:00:00	1.17145	1.17254	1.17133	1.17248	1781	0	0
2026.01.05	21:00:00	1.17249	1.17288	1.17220	1.17273	2082	0	0
2026.01.05	22:00:00	1.17271	1.17287	1.17236	1.17249	1288	0	0
2026.01.05	23:00:00	1.17248	1.17263	1.17191	1.17204	856	0	1
2026.01.06	00:00:00	1.17179	1.17217	1.17176	1.17176	314	0	25
2026.01.06	01:00:00	1.17184	1.17209	1.17124	1.17146	704	0	1
2026.01.06	02:00:00	1.17147	1.17171	1.17104	1.17169	1392	0	0
2026.01.06	03:00:00	1.17170	1.17254	1.17123	1.17254	1903	0	0
2026.01.06	04:00:00	1.17255	1.17377	1.17221	1.17375	1473	0	0
2026.01.06	05:00:00	1.17372	1.17383	1.17325	1.17347	1417	0	0
2026.01.06	06:00:00	1.17346	1.17357	1.17315	1.17337	1167	0	0
2026.01.06	07:00:00	1.17336	1.17370	1.17271	1.17287	1287	0	0
2026.01.06	08:00:00	1.17288	1.17371	1.17284	1.17362	1259	0	0
2026.01.06	09:00:00	1.17366	1.17429	1.17260	1.17290	2254	0	0
2026.01.06	10:00:00	1.17288	1.17390	1.17259	1.17285	3006	0	0
2026.01.06	11:00:00	1.17284	1.17291	1.17081	1.17132	2958	0	0
2026.01.06	12:00:00	1.17132	1.17171	1.17082	1.17128	2293	0	0
2026.01.06	13:00:00	1.17127	1.17129	1.17048	1.17061	2045	0	0
2026.01.06	14:00:00	1.17063	1.17123	1.16972	1.17014	2028	0	0
2026.01.06	15:00:00	1.17016	1.17137	1.16973	1.17111	3228	0	0
2026.01.06	16:00:00	1.17110	1.17177	1.16993	1.17092	3626	0	0
2026.01.06	17:00:00	1.17090	1.17092	1.16840	1.16954	4653	0	0
2026.01.06	18:00:00	1.16953	1.16983	1.16858	1.16880	2705	0	0
2026.01.06	19:00:00	1.16879	1.17008	1.16870	1.17007	2059	0	0
2026.01.06	20:00:00	1.17006	1.17021	1.16869	1.16882	2017	0	0
2026.01.06	21:00:00	1.16881	1.16910	1.16838	1.16897	1924	0	0
2026.01.06	22:00:00	1.16898	1.16932	1.16865	1.16870	1505	0	0
2026.01.06	23:00:00	1.16869	1.16885	1.16845	1.16878	767	0	0
2026.01.07	00:00:00	1.16842	1.16878	1.16841	1.16877	338	0	25
2026.01.07	01:00:00	1.16888	1.16904	1.16865	1.16870	439	0	1
2026.01.07	02:00:00	1.16871	1.16944	1.16855	1.16918	1667	0	0
2026.01.07	03:00:00	1.16919	1.17007	1.16900	1.16956	1833	0	0
2026.01.07	04:00:00	1.16955	1.17028	1.16951	1.16962	1304	0	0
2026.01.07	05:00:00	1.16961	1.17003	1.16961	1.16986	1031	0	0
2026.01.07	06:00:00	1.16985	1.17019	1.16911	1.16912	1276	0	0
2026.01.07	07:00:00	1.16911	1.16943	1.16908	1.16932	1123	0	0
2026.01.07	08:00:00	1.16935	1.16995	1.16919	1.16975	1200	0	0
2026.01.07	09:00:00	1.16976	1.16989	1.16786	1.16827	2758	0	0
2026.01.07	10:00:00	1.16824	1.16874	1.16728	1.16857	3122	0	0
2026.01.07	11:00:00	1.16858	1.16870	1.16813	1.16842	2142	0	0
2026.01.07	12:00:00	1.16841	1.16938	1.16834	1.16884	2268	0	0
2026.01.07	13:00:00	1.16883	1.16926	1.16849	1.16891	1842	0	0
2026.01.07	14:00:00	1.16893	1.16914	1.16811	1.16879	2095	0	0
2026.01.07	15:00:00	1.16875	1.16948	1.16815	1.16916	2927	0	0
2026.01.07	16:00:00	1.16915	1.16983	1.16871	1.16958	3386	0	0
2026.01.07	17:00:00	1.16857	1.16988	1.16801	1.16903	5233	0	0
2026.01.07	18:00:00	1.16901	1.16931	1.16821	1.16892	2568	0	0
2026.01.07	19:00:00	1.16893	1.16947	1.16862	1.16878	2118	0	0
2026.01.07	20:00:00	1.16879	1.16903	1.16824	1.16827	1852	0	0
2026.01.07	21:00:00	1.16829	1.16854	1.16786	1.16825	1888	0	0
2026.01.07	22:00:00	1.16826	1.16840	1.16789	1.16792	1521	0	0
2026.01.07	23:00:00	1.16788	1.16789	1.16734	1.16760	700	0	1
2026.01.08	00:00:00	1.16727	1.16770	1.16727	1.16761	287	0	25
2026.01.08	01:00:00	1.16772	1.16774	1.16749	1.16767	347	0	1
2026.01.08	02:00:00	1.16768	1.16781	1.16757	1.16757	952	0	0
2026.01.08	03:00:00	1.16755	1.16780	1.16728	1.16748	1326	0	0
2026.01.08	04:00:00	1.16747	1.16807	1.16727	1.16802	1386	0	0
2026.01.08	05:00:00	1.16799	1.16827	1.16788	1.16800	1235	0	0
2026.01.08	06:00:00	1.16799	1.16811	1.16780	1.16804	828	0	0
2026.01.08	07:00:00	1.16802	1.16829	1.16772	1.16825	1278	0	0
2026.01.08	08:00:00	1.16822	1.16830	1.16748	1.16816	1840	0	0
2026.01.08	09:00:00	1.16812	1.16829	1.16769	1.16777	2364	0	0
2026.01.08	10:00:00	1.16778	1.16788	1.16689	1.16711	2612	0	0
2026.01.08	11:00:00	1.16710	1.16769	1.16692	1.16767	2282	0	0
2026.01.08	12:00:00	1.16767	1.16818	1.16757	1.16799	2103	0	0
2026.01.08	13:00:00	1.16798	1.16803	1.16752	1.16775	1702	0	0
2026.01.08	14:00:00	1.16773	1.16779	1.16697	1.16732	1665	0	0
2026.01.08	15:00:00	1.16734	1.16780	1.16582	1.16629	3076	0	0
2026.01.08	16:00:00	1.16627	1.16667	1.16562	1.16646	3308	0	0
2026.01.08	17:00:00	1.16644	1.16739	1.16608	1.16663	3234	0	0
2026.01.08	18:00:00	1.16662	1.16676	1.16526	1.16542	2642	0	0
2026.01.08	19:00:00	1.16538	1.16557	1.16437	1.16507	2397	0	0
2026.01.08	20:00:00	1.16506	1.16533	1.16447	1.16452	1860	0	0
2026.01.08	21:00:00	1.16451	1.16507	1.16427	1.16500	1753	0	0
2026.01.08	22:00:00	1.16499	1.16546	1.16498	1.16512	1607	0	0
2026.01.08	23:00:00	1.16511	1.16621	1.16505	1.16599	1149	0	1
2026.01.09	00:00:00	1.16533	1.16584	1.16533	1.16574	420	0	25
2026.01.09	01:00:00	1.16585	1.16624	1.16564	1.16580	405	0	1
2026.01.09	02:00:00	1.16581	1.16581	1.16534	1.16536	932	0	0
2026.01.09	03:00:00	1.16537	1.16571	1.16482	1.16492	1695	0	0
2026.01.09	04:00:00	1.16494	1.16548	1.16461	1.16544	1260	0	0
2026.01.09	05:00:00	1.16543	1.16592	1.16539	1.16562	1107	0	0
2026.01.09	06:00:00	1.16561	1.16571	1.16520	1.16543	940	0	0
2026.01.09	07:00:00	1.16544	1.16560	1.16498	1.16511	1027	0	0
2026.01.09	08:00:00	1.16510	1.16528	1.16482	1.16488	1285	0	0
2026.01.09	09:00:00	1.16486	1.16508	1.16401	1.16508	2278	0	0
2026.01.09	10:00:00	1.16511	1.16530	1.16411	1.16489	2661	0	0
2026.01.09	11:00:00	1.16488	1.16503	1.16421	1.16423	1840	0	0
2026.01.09	12:00:00	1.16423	1.16469	1.16368	1.16469	1767	0	0
2026.01.09	13:00:00	1.16470	1.16470	1.16416	1.16459	1486	0	0
2026.01.09	14:00:00	1.16460	1.16461	1.16399	1.16414	1876	0	0
2026.01.09	15:00:00	1.16415	1.16607	1.16250	1.16451	6000	0	0
2026.01.09	16:00:00	1.16446	1.16526	1.16300	1.16366	5872	0	0
2026.01.09	17:00:00	1.16365	1.16409	1.16182	1.16405	5152	0	0
2026.01.09	18:00:00	1.16406	1.16434	1.16283	1.16333	3087	0	0
2026.01.09	19:00:00	1.16332	1.16345	1.16276	1.16317	2408	0	0
2026.01.09	20:00:00	1.16316	1.16400	1.16312	1.16340	1857	0	0
2026.01.09	21:00:00	1.16341	1.16389	1.16331	1.16348	1424	0	0
2026.01.09	22:00:00	1.16349	1.16377	1.16340	1.16347	1178	0	0
2026.01.09	23:00:00	1.16346	1.16368	1.16292	1.16299	619	0	1
2026.01.12	00:00:00	1.16281	1.16311	1.16269	1.16287	601	0	60
2026.01.12	01:00:00	1.16293	1.16329	1.16231	1.16237	619	0	1
2026.01.12	02:00:00	1.16236	1.16651	1.16215	1.16647	3239	0	0
2026.01.12	03:00:00	1.16649	1.16713	1.16556	1.16564	2831	0	0
2026.01.12	04:00:00	1.16562	1.16643	1.16540	1.16548	1775	0	0
2026.01.12	05:00:00	1.16551	1.16593	1.16550	1.16552	1105	0	0
2026.01.12	06:00:00	1.16553	1.16583	1.16530	1.16557	734	0	0
2026.01.12	07:00:00	1.16558	1.16708	1.16557	1.16692	1428	0	0
2026.01.12	08:00:00	1.16691	1.16728	1.16641	1.16698	1594	0	0
2026.01.12	09:00:00	1.16696	1.16877	1.16685	1.16849	3080	0	0
2026.01.12	10:00:00	1.16847	1.16919	1.16758	1.16881	3070	0	0
2026.01.12	11:00:00	1.16879	1.16959	1.16811	1.16820	2436	0	0
2026.01.12	12:00:00	1.16817	1.16855	1.16759	1.16854	2173	0	0
2026.01.12	13:00:00	1.16855	1.16895	1.16755	1.16786	2074	0	0
2026.01.12	14:00:00	1.16783	1.16876	1.16771	1.16813	2147	0	0
2026.01.12	15:00:00	1.16814	1.16984	1.16779	1.16929	3063	0	0
2026.01.12	16:00:00	1.16926	1.16929	1.16739	1.16768	3968	0	0
2026.01.12	17:00:00	1.16771	1.16860	1.16729	1.16813	2988	0	0
2026.01.12	18:00:00	1.16815	1.16821	1.16713	1.16719	2361	0	0
2026.01.12	19:00:00	1.16716	1.16758	1.16662	1.16686	2477	0	0
2026.01.12	20:00:00	1.16682	1.16716	1.16653	1.16688	1579	0	0
2026.01.12	21:00:00	1.16689	1.16738	1.16676	1.16721	1187	0	0
2026.01.12	22:00:00	1.16722	1.16732	1.16630	1.16652	1500	0	0
2026.01.12	23:00:00	1.16648	1.16684	1.16640	1.16671	734	0	1
2026.01.13	00:00:00	1.16665	1.16694	1.16649	1.16674	989	0	25
2026.01.13	01:00:00	1.16675	1.16706	1.16647	1.16674	937	0	1
2026.01.13	02:00:00	1.16675	1.16676	1.16608	1.16635	1181	0	0
2026.01.13	03:00:00	1.16633	1.16645	1.16562	1.16585	1432	0	0
2026.01.13	04:00:00	1.16584	1.16614	1.16569	1.16589	1117	0	0
2026.01.13	05:00:00	1.16590	1.16637	1.16563	1.16588	955	0	0
2026.01.13	06:00:00	1.16587	1.16659	1.16585	1.16655	1325	0	0
2026.01.13	07:00:00	1.16656	1.16676	1.16617	1.16628	1336	0	0
2026.01.13	08:00:00	1.16627	1.16628	1.16537	1.16587	1976	0	0
2026.01.13	09:00:00	1.16585	1.16650	1.16560	1.16643	2199	0	0
2026.01.13	10:00:00	1.16642	1.16693	1.16585	1.16693	2371	0	0
2026.01.13	11:00:00	1.16692	1.16725	1.16634	1.16718	2013	0	0
2026.01.13	12:00:00	1.16719	1.16744	1.16650	1.16663	2001	0	0
2026.01.13	13:00:00	1.16663	1.16705	1.16645	1.16687	1424	0	0
2026.01.13	14:00:00	1.16685	1.16691	1.16529	1.16550	1759	0	0
2026.01.13	15:00:00	1.16551	1.16773	1.16501	1.16685	5345	0	0
2026.01.13	16:00:00	1.16683	1.16734	1.16573	1.16639	4441	0	0
2026.01.13	17:00:00	1.16638	1.16649	1.16442	1.16520	3927	0	0
2026.01.13	18:00:00	1.16521	1.16546	1.16340	1.16458	3059	0	0
2026.01.13	19:00:00	1.16459	1.16486	1.16413	1.16459	2196	0	0
2026.01.13	20:00:00	1.16461	1.16545	1.16413	1.16531	1855	0	0
2026.01.13	21:00:00	1.16532	1.16535	1.16460	1.16491	1793	0	0
2026.01.13	22:00:00	1.16492	1.16499	1.16453	1.16456	1474	0	0
2026.01.13	23:00:00	1.16455	1.16466	1.16427	1.16434	705	0	1
2026.01.14	00:00:00	1.16417	1.16436	1.16408	1.16431	539	0	25
2026.01.14	01:00:00	1.16429	1.16455	1.16412	1.16420	807	0	1
2026.01.14	02:00:00	1.16421	1.16437	1.16378	1.16426	1423	0	0
2026.01.14	03:00:00	1.16427	1.16430	1.16367	1.16381	1609	0	0
2026.01.14	04:00:00	1.16382	1.16445	1.16360	1.16436	1535	0	0
2026.01.14	05:00:00	1.16437	1.16490	1.16433	1.16469	1421	0	0
2026.01.14	06:00:00	1.16468	1.16480	1.16433	1.16441	918	0	0
2026.01.14	07:00:00	1.16440	1.16452	1.16415	1.16420	1112	0	0
2026.01.14	08:00:00	1.16421	1.16501	1.16414	1.16491	1484	0	0
2026.01.14	09:00:00	1.16492	1.16521	1.16443	1.16462	1621	0	0
2026.01.14	10:00:00	1.16461	1.16504	1.16409	1.16475	2871	0	0
2026.01.14	11:00:00	1.16475	1.16538	1.16459	1.16517	1996	0	0
2026.01.14	12:00:00	1.16518	1.16578	1.16467	1.16551	2219	0	0
2026.01.14	13:00:00	1.16550	1.16550	1.16438	1.16470	2017	0	0
2026.01.14	14:00:00	1.16469	1.16599	1.16450	1.16597	2772	0	0
2026.01.14	15:00:00	1.16597	1.16597	1.16448	1.16500	3192	0	0
2026.01.14	16:00:00	1.16501	1.16598	1.16488	1.16559	3745	0	0
2026.01.14	17:00:00	1.16558	1.16607	1.16493	1.16599	4705	0	0
2026.01.14	18:00:00	1.16598	1.16617	1.16526	1.16546	3106	0	0
2026.01.14	19:00:00	1.16545	1.16558	1.16455	1.16467	2519	0	0
2026.01.14	20:00:00	1.16467	1.16477	1.16380	1.16380	2100	0	0
2026.01.14	21:00:00	1.16379	1.16392	1.16353	1.16361	1838	0	0
2026.01.14	22:00:00	1.16362	1.16474	1.16362	1.16432	2300	0	0
2026.01.14	23:00:00	1.16431	1.16461	1.16420	1.16439	903	0	1
2026.01.15	00:00:00	1.16450	1.16455	1.16425	1.16433	335	0	25
2026.01.15	01:00:00	1.16441	1.16470	1.16421	1.16446	1286	0	1
2026.01.15	02:00:00	1.16447	1.16455	1.16355	1.16376	1645	0	0
2026.01.15	03:00:00	1.16374	1.16417	1.16331	1.16385	2825	0	0
2026.01.15	04:00:00	1.16386	1.16408	1.16361	1.16402	1643	0	0
2026.01.15	05:00:00	1.16402	1.16414	1.16367	1.16389	1120	0	0
2026.01.15	06:00:00	1.16389	1.16394	1.16341	1.16346	842	0	0
2026.01.15	07:00:00	1.16345	1.16378	1.16335	1.16351	1092	0	0
2026.01.15	08:00:00	1.16352	1.16384	1.16299	1.16330	1742	0	0
2026.01.15	09:00:00	1.16342	1.16367	1.16259	1.16288	2317	0	0
2026.01.15	10:00:00	1.16284	1.16353	1.16269	1.16308	2560	0	0
2026.01.15	11:00:00	1.16306	1.16399	1.16302	1.16358	2389	0	0
2026.01.15	12:00:00	1.16357	1.16410	1.16327	1.16358	2128	0	0
2026.01.15	13:00:00	1.16363	1.16380	1.16302	1.16308	1962	0	0
2026.01.15	14:00:00	1.16307	1.16350	1.16202	1.16226	1549	0	0
2026.01.15	15:00:00	1.16224	1.16251	1.15988	1.16013	4269	0	0
2026.01.15	16:00:00	1.16014	1.16109	1.15931	1.16010	4375	0	0
2026.01.15	17:00:00	1.16011	1.16095	1.15971	1.16023	3987	0	0
2026.01.15	18:00:00	1.16024	1.16111	1.15983	1.16047	3239	0	0
2026.01.15	19:00:00	1.16046	1.16137	1.16035	1.16089	2067	0	0
2026.01.15	20:00:00	1.16088	1.16152	1.16088	1.16148	1705	0	0
2026.01.15	21:00:00	1.16148	1.16174	1.16112	1.16136	1581	0	0
2026.01.15	22:00:00	1.16137	1.16155	1.16027	1.16042	1593	0	0
2026.01.15	23:00:00	1.16041	1.16102	1.16032	1.16089	797	0	1
2026.01.16	00:00:00	1.16066	1.16076	1.16046	1.16062	505	0	25
2026.01.16	01:00:00	1.16070	1.16102	1.16055	1.16090	830	0	1
2026.01.16	02:00:00	1.16091	1.16095	1.16027	1.16039	1407	0	0
2026.01.16	03:00:00	1.16035	1.16087	1.16023	1.16069	1584	0	0
2026.01.16	04:00:00	1.16068	1.16143	1.16061	1.16094	2056	0	0
2026.01.16	05:00:00	1.16097	1.16126	1.16068	1.16122	1286	0	0
2026.01.16	06:00:00	1.16123	1.16137	1.16100	1.16110	793	0	0
2026.01.16	07:00:00	1.16110	1.16113	1.16058	1.16067	912	0	0
2026.01.16	08:00:00	1.16067	1.16097	1.16041	1.16096	1109	0	0
2026.01.16	09:00:00	1.16096	1.16147	1.16082	1.16120	2163	0	0
2026.01.16	10:00:00	1.16121	1.16146	1.16084	1.16092	2317	0	0
2026.01.16	11:00:00	1.16093	1.16152	1.16080	1.16084	1748	0	0
2026.01.16	12:00:00	1.16083	1.16177	1.16081	1.16131	1949	0	0
2026.01.16	13:00:00	1.16130	1.16234	1.16128	1.16191	1786	0	0
2026.01.16	14:00:00	1.16193	1.16222	1.16136	1.16191	2028	0	0
2026.01.16	15:00:00	1.16189	1.16211	1.16116	1.16185	2579	0	0
2026.01.16	16:00:00	1.16191	1.16206	1.16126	1.16182	3041	0	0
2026.01.16	17:00:00	1.16184	1.16273	1.15845	1.15936	6274	0	0
2026.01.16	18:00:00	1.15935	1.16060	1.15935	1.15984	4361	0	0
2026.01.16	19:00:00	1.15986	1.16028	1.15949	1.15956	2625	0	0
2026.01.16	20:00:00	1.15952	1.15993	1.15893	1.15955	1517	0	0
2026.01.16	21:00:00	1.15956	1.15974	1.15914	1.15964	1766	0	0
2026.01.16	22:00:00	1.15964	1.16022	1.15955	1.15994	1483	0	0
2026.01.16	23:00:00	1.15994	1.16022	1.15971	1.15981	886	0	1
2026.01.19	00:00:00	1.15782	1.15851	1.15771	1.15826	1131	0	30
2026.01.19	01:00:00	1.15827	1.16270	1.15785	1.16244	4034	0	1
2026.01.19	02:00:00	1.16244	1.16379	1.16046	1.16321	4256	0	0
2026.01.19	03:00:00	1.16320	1.16344	1.16221	1.16223	3363	0	0
2026.01.19	04:00:00	1.16224	1.16236	1.16157	1.16175	2189	0	0
2026.01.19	05:00:00	1.16175	1.16262	1.16160	1.16246	1812	0	0
2026.01.19	06:00:00	1.16246	1.16336	1.16245	1.16330	1713	0	0
2026.01.19	07:00:00	1.16332	1.16376	1.16268	1.16276	1681	0	0
2026.01.19	08:00:00	1.16273	1.16324	1.16248	1.16280	1734	0	0
2026.01.19	09:00:00	1.16282	1.16415	1.16230	1.16259	3398	0	0
2026.01.19	10:00:00	1.16260	1.16279	1.16184	1.16250	2903	0	0
2026.01.19	11:00:00	1.16249	1.16298	1.16110	1.16242	2892	0	0
2026.01.19	12:00:00	1.16243	1.16286	1.16220	1.16239	2187	0	0
2026.01.19	13:00:00	1.16244	1.16290	1.16201	1.16278	1818	0	0
2026.01.19	14:00:00	1.16278	1.16332	1.16251	1.16256	1671	0	0
2026.01.19	15:00:00	1.16258	1.16355	1.16258	1.16320	2121	0	0
2026.01.19	16:00:00	1.16319	1.16425	1.16302	1.16398	2107	0	0
2026.01.19	17:00:00	1.16397	1.16433	1.16318	1.16398	2579	0	0
2026.01.19	18:00:00	1.16397	1.16473	1.16377	1.16419	1507	0	0
2026.01.19	19:00:00	1.16422	1.16466	1.16396	1.16457	1034	0	0
2026.01.19	20:00:00	1.16456	1.16488	1.16431	1.16433	726	0	0
2026.01.19	21:00:00	1.16431	1.16468	1.16426	1.16432	479	0	0
2026.01.19	22:00:00	1.16432	1.16454	1.16417	1.16453	503	0	0
2026.01.19	23:00:00	1.16453	1.16462	1.16428	1.16454	420	0	1
2026.01.20	00:00:00	1.16405	1.16457	1.16405	1.16443	206	0	25
2026.01.20	01:00:00	1.16444	1.16460	1.16380	1.16390	884	0	1
2026.01.20	02:00:00	1.16391	1.16410	1.16324	1.16404	1546	0	0
2026.01.20	03:00:00	1.16403	1.16440	1.16387	1.16438	2248	0	0
2026.01.20	04:00:00	1.16439	1.16464	1.16403	1.16444	1665	0	0
2026.01.20	05:00:00	1.16445	1.16587	1.16441	1.16566	1628	0	0
2026.01.20	06:00:00	1.16566	1.16664	1.16560	1.16656	1435	0	0
2026.01.20	07:00:00	1.16656	1.16725	1.16630	1.16632	1633	0	0
2026.01.20	08:00:00	1.16632	1.16691	1.16620	1.16684	2216	0	0
2026.01.20	09:00:00	1.16685	1.16938	1.16640	1.16887	3654	0	0
2026.01.20	10:00:00	1.16887	1.17218	1.16873	1.17163	5157	0	0
2026.01.20	11:00:00	1.17162	1.17328	1.17157	1.17264	4485	0	0
2026.01.20	12:00:00	1.17264	1.17319	1.17152	1.17311	3628	0	0
2026.01.20	13:00:00	1.17311	1.17390	1.17225	1.17349	3193	0	0
2026.01.20	14:00:00	1.17348	1.17437	1.17256	1.17258	3049	0	0
2026.01.20	15:00:00	1.17259	1.17686	1.17184	1.17334	5640	0	0
2026.01.20	16:00:00	1.17333	1.17370	1.17153	1.17193	6396	0	0
2026.01.20	17:00:00	1.17195	1.17371	1.17162	1.17271	5751	0	0
2026.01.20	18:00:00	1.17270	1.17394	1.17269	1.17389	3642	0	0
2026.01.20	19:00:00	1.17384	1.17427	1.17297	1.17316	3078	0	0
2026.01.20	20:00:00	1.17315	1.17341	1.17265	1.17268	2269	0	0
2026.01.20	21:00:00	1.17267	1.17280	1.17115	1.17122	2444	0	0
2026.01.20	22:00:00	1.17122	1.17204	1.17109	1.17195	2757	0	0
2026.01.20	23:00:00	1.17194	1.17250	1.17174	1.17246	688	0	0
2026.01.21	00:00:00	1.17205	1.17242	1.17193	1.17208	545	0	25
2026.01.21	01:00:00	1.17205	1.17289	1.17196	1.17272	1040	0	1
2026.01.21	02:00:00	1.17266	1.17267	1.17166	1.17237	1715	0	0
2026.01.21	03:00:00	1.17236	1.17343	1.17225	1.17290	2449	0	0
2026.01.21	04:00:00	1.17290	1.17316	1.17242	1.17264	1434	0	0
2026.01.21	05:00:00	1.17289	1.17289	1.17108	1.17187	1860	0	0
2026.01.21	06:00:00	1.17187	1.17205	1.17139	1.17179	1419	0	0
2026.01.21	07:00:00	1.17179	1.17217	1.17154	1.17171	1287	0	0
2026.01.21	08:00:00	1.17172	1.17249	1.17153	1.17240	1705	0	0
2026.01.21	09:00:00	1.17232	1.17254	1.17101	1.17170	3190	0	0
2026.01.21	10:00:00	1.17170	1.17186	1.17051	1.17102	2970	0	0
2026.01.21	11:00:00	1.17103	1.17128	1.17012	1.17035	2322	0	0
2026.01.21	12:00:00	1.17034	1.17085	1.17014	1.17070	2072	0	0
2026.01.21	13:00:00	1.17070	1.17204	1.17038	1.17140	2607	0	0
2026.01.21	14:00:00	1.17143	1.17357	1.17121	1.17348	2561	0	0
2026.01.21	15:00:00	1.17350	1.17429	1.17286	1.17393	3006	0	0
2026.01.21	16:00:00	1.17394	1.17405	1.17153	1.17248	6544	0	0
2026.01.21	17:00:00	1.17249	1.17286	1.17006	1.17020	5856	0	0
2026.01.21	18:00:00	1.17020	1.17107	1.16947	1.17033	4671	0	0
2026.01.21	19:00:00	1.17044	1.17117	1.16971	1.17028	3642	0	0
2026.01.21	20:00:00	1.17026	1.17033	1.16936	1.16969	2222	0	0
2026.01.21	21:00:00	1.16970	1.17054	1.16771	1.16913	5316	0	0
2026.01.21	22:00:00	1.16914	1.16919	1.16762	1.16867	3355	0	0
2026.01.21	23:00:00	1.16868	1.16894	1.16839	1.16871	989	0	1
2026.01.22	00:00:00	1.16813	1.16856	1.16813	1.16840	513	0	25
2026.01.22	01:00:00	1.16849	1.16855	1.16701	1.16726	1379	0	1
2026.01.22	02:00:00	1.16727	1.16898	1.16726	1.16873	2269	0	0
2026.01.22	03:00:00	1.16872	1.16901	1.16811	1.16886	2225	0	0
2026.01.22	04:00:00	1.16887	1.16935	1.16832	1.16856	1412	0	0
2026.01.22	05:00:00	1.16856	1.16903	1.16848	1.16890	1208	0	0
2026.01.22	06:00:00	1.16890	1.16972	1.16889	1.16916	1030	0	0
2026.01.22	07:00:00	1.16916	1.16919	1.16841	1.16883	1417	0	0
2026.01.22	08:00:00	1.16884	1.16918	1.16841	1.16886	1626	0	0
2026.01.22	09:00:00	1.16889	1.16961	1.16847	1.16908	2503	0	0
2026.01.22	10:00:00	1.16906	1.16951	1.16840	1.16889	2659	0	0
2026.01.22	11:00:00	1.16896	1.16974	1.16877	1.16926	2604	0	0
2026.01.22	12:00:00	1.16926	1.16955	1.16867	1.16953	2267	0	0
2026.01.22	13:00:00	1.16954	1.17041	1.16903	1.17026	3077	0	0
2026.01.22	14:00:00	1.17023	1.17091	1.17000	1.17036	2406	0	0
2026.01.22	15:00:00	1.17038	1.17185	1.17029	1.17139	3659	0	0
2026.01.22	16:00:00	1.17141	1.17254	1.17108	1.17198	3971	0	0
2026.01.22	17:00:00	1.17201	1.17342	1.17186	1.17340	3746	0	0
2026.01.22	18:00:00	1.17340	1.17506	1.17334	1.17388	3203	0	0
2026.01.22	19:00:00	1.17388	1.17480	1.17273	1.17466	2741	0	0
2026.01.22	20:00:00	1.17465	1.17487	1.17433	1.17475	1282	0	0
2026.01.22	21:00:00	1.17475	1.17479	1.17412	1.17439	1221	0	0
2026.01.22	22:00:00	1.17440	1.17528	1.17420	1.17488	1204	0	0
2026.01.22	23:00:00	1.17482	1.17548	1.17471	1.17540	807	0	1
2026.01.23	00:00:00	1.17483	1.17553	1.17483	1.17548	323	0	25
2026.01.23	01:00:00	1.17557	1.17593	1.17531	1.17538	930	0	1
2026.01.23	02:00:00	1.17539	1.17539	1.17478	1.17481	1560	0	0
2026.01.23	03:00:00	1.17481	1.17537	1.17470	1.17494	2529	0	0
2026.01.23	04:00:00	1.17490	1.17500	1.17439	1.17453	1777	0	0
2026.01.23	05:00:00	1.17454	1.17487	1.17435	1.17437	1621	0	0
2026.01.23	06:00:00	1.17436	1.17511	1.17429	1.17500	1123	0	0
2026.01.23	07:00:00	1.17501	1.17539	1.17498	1.17510	1310	0	0
2026.01.23	08:00:00	1.17509	1.17528	1.17413	1.17420	2431	0	0
2026.01.23	09:00:00	1.17419	1.17474	1.17349	1.17360	4086	0	0
2026.01.23	10:00:00	1.17354	1.17452	1.17283	1.17401	3507	0	0
2026.01.23	11:00:00	1.17400	1.17450	1.17350	1.17354	3208	0	0
2026.01.23	12:00:00	1.17357	1.17360	1.17300	1.17343	2372	0	0
2026.01.23	13:00:00	1.17344	1.17405	1.17307	1.17374	2277	0	0
2026.01.23	14:00:00	1.17374	1.17443	1.17366	1.17424	2147	0	0
2026.01.23	15:00:00	1.17422	1.17473	1.17329	1.17341	2143	0	0
2026.01.23	16:00:00	1.17341	1.17481	1.17318	1.17466	2350	0	0
2026.01.23	17:00:00	1.17467	1.17614	1.17458	1.17580	3072	0	0
2026.01.23	18:00:00	1.17582	1.17751	1.17465	1.17707	3639	0	0
2026.01.23	19:00:00	1.17705	1.17988	1.17691	1.17943	5912	0	0
2026.01.23	20:00:00	1.17943	1.17954	1.17771	1.17921	4341	0	0
2026.01.23	21:00:00	1.17923	1.18147	1.17915	1.18116	3588	0	0
2026.01.23	22:00:00	1.18117	1.18265	1.18101	1.18212	3157	0	0
2026.01.23	23:00:00	1.18213	1.18335	1.18209	1.18292	1868	0	1
2026.01.26	00:00:00	1.18598	1.18915	1.18495	1.18884	1811	0	30
2026.01.26	01:00:00	1.18885	1.18975	1.18542	1.18602	4628	0	1
2026.01.26	02:00:00	1.18600	1.18630	1.18443	1.18611	5424	0	0
2026.01.26	03:00:00	1.18618	1.18690	1.18547	1.18578	4886	0	0
2026.01.26	04:00:00	1.18578	1.18765	1.18557	1.18676	3992	0	0
2026.01.26	05:00:00	1.18676	1.18677	1.18581	1.18623	2658	0	0
2026.01.26	06:00:00	1.18624	1.18693	1.18556	1.18591	2677	0	0
2026.01.26	07:00:00	1.18591	1.18698	1.18578	1.18650	2032	0	0
2026.01.26	08:00:00	1.18649	1.18656	1.18505	1.18516	2932	0	0
2026.01.26	09:00:00	1.18516	1.18628	1.18366	1.18388	4032	0	0
2026.01.26	10:00:00	1.18389	1.18597	1.18381	1.18535	5131	0	0
2026.01.26	11:00:00	1.18536	1.18676	1.18419	1.18637	4383	0	0
2026.01.26	12:00:00	1.18640	1.18653	1.18536	1.18607	3317	0	0
2026.01.26	13:00:00	1.18608	1.18608	1.18487	1.18559	2804	0	0
2026.01.26	14:00:00	1.18552	1.18572	1.18401	1.18422	2249	0	0
2026.01.26	15:00:00	1.18422	1.18567	1.18349	1.18560	3030	0	0
2026.01.26	16:00:00	1.18559	1.18795	1.18525	1.18790	4135	0	0
2026.01.26	17:00:00	1.18789	1.18969	1.18707	1.18954	5007	0	0
2026.01.26	18:00:00	1.18952	1.19069	1.18800	1.18860	4334	0	0
2026.01.26	19:00:00	1.18859	1.18915	1.18748	1.18788	3311	0	0
2026.01.26	20:00:00	1.18788	1.18903	1.18781	1.18790	2822	0	0
2026.01.26	21:00:00	1.18789	1.18815	1.18706	1.18791	2793	0	0
2026.01.26	22:00:00	1.18792	1.18836	1.18772	1.18825	1912	0	0
2026.01.26	23:00:00	1.18824	1.18863	1.18738	1.18778	1077	0	1
2026.01.27	00:00:00	1.18732	1.18777	1.18721	1.18764	573	0	25
2026.01.27	01:00:00	1.18771	1.18813	1.18715	1.18738	1398	0	1
2026.01.27	02:00:00	1.18739	1.18828	1.18724	1.18772	2451	0	0
2026.01.27	03:00:00	1.18772	1.18813	1.18732	1.18787	2460	0	0
2026.01.27	04:00:00	1.18787	1.18994	1.18761	1.18933	2136	0	0
2026.01.27	05:00:00	1.18932	1.18933	1.18791	1.18796	2196	0	0
2026.01.27	06:00:00	1.18795	1.18823	1.18699	1.18735	1818	0	0
2026.01.27	07:00:00	1.18734	1.18787	1.18719	1.18766	1633	0	0
2026.01.27	08:00:00	1.18768	1.18813	1.18708	1.18717	2070	0	0
2026.01.27	09:00:00	1.18718	1.18755	1.18609	1.18636	3143	0	0
2026.01.27	10:00:00	1.18641	1.18672	1.18504	1.18606	3476	0	0
2026.01.27	11:00:00	1.18604	1.18898	1.18589	1.18890	3150	0	0
2026.01.27	12:00:00	1.18888	1.18899	1.18740	1.18888	4217	0	0
2026.01.27	13:00:00	1.18893	1.18971	1.18853	1.18953	2749	0	0
2026.01.27	14:00:00	1.18952	1.19342	1.18942	1.19281	5973	0	0
2026.01.27	15:00:00	1.19286	1.19386	1.19141	1.19234	6116	0	0
2026.01.27	16:00:00	1.19235	1.19552	1.19184	1.19443	6276	0	0
2026.01.27	17:00:00	1.19433	1.19724	1.19433	1.19508	7083	0	0
2026.01.27	18:00:00	1.19508	1.19901	1.19497	1.19791	5115	0	0
2026.01.27	19:00:00	1.19792	1.19837	1.19587	1.19800	5070	0	0
2026.01.27	20:00:00	1.19800	1.19874	1.19718	1.19778	3716	0	0
2026.01.27	21:00:00	1.19778	1.19808	1.19712	1.19772	2780	0	0
2026.01.27	22:00:00	1.19771	1.20830	1.19720	1.20296	6422	0	0
2026.01.27	23:00:00	1.20300	1.20493	1.20230	1.20457	4829	0	1
2026.01.28	00:00:00	1.20367	1.20423	1.20356	1.20409	1011	0	25
2026.01.28	01:00:00	1.20421	1.20444	1.20162	1.20228	2542	0	1
2026.01.28	02:00:00	1.20229	1.20234	1.20080	1.20149	4115	0	0
2026.01.28	03:00:00	1.20151	1.20162	1.19928	1.19929	3739	0	0
2026.01.28	04:00:00	1.19929	1.19999	1.19871	1.19976	2730	0	0
2026.01.28	05:00:00	1.19978	1.20050	1.19951	1.19969	2327	0	0
2026.01.28	06:00:00	1.19970	1.20017	1.19912	1.20002	1908	0	0
2026.01.28	07:00:00	1.20002	1.20009	1.19749	1.19969	3722	0	0
2026.01.28	08:00:00	1.19969	1.20071	1.19902	1.19950	2853	0	0
2026.01.28	09:00:00	1.19952	1.20259	1.19843	1.19913	4982	0	0
2026.01.28	10:00:00	1.19919	1.20047	1.19704	1.19803	5517	0	0
2026.01.28	11:00:00	1.19804	1.19928	1.19751	1.19868	4258	0	0
2026.01.28	12:00:00	1.19869	1.19948	1.19726	1.19889	4102	0	0
2026.01.28	13:00:00	1.19892	1.19897	1.19618	1.19680	3214	0	0
2026.01.28	14:00:00	1.19679	1.19834	1.19661	1.19798	3295	0	0
2026.01.28	15:00:00	1.19799	1.19808	1.19519	1.19577	4045	0	0
2026.01.28	16:00:00	1.19579	1.19775	1.19526	1.19624	4782	0	0
2026.01.28	17:00:00	1.19625	1.19701	1.19230	1.19435	11370	0	0
2026.01.28	18:00:00	1.19434	1.19526	1.19189	1.19405	6366	0	0
2026.01.28	19:00:00	1.19406	1.19433	1.19281	1.19410	3986	0	0
2026.01.28	20:00:00	1.19410	1.19423	1.19143	1.19214	3220	0	0
2026.01.28	21:00:00	1.19204	1.19418	1.18956	1.19404	8826	0	0
2026.01.28	22:00:00	1.19405	1.19502	1.19293	1.19456	4881	0	0
2026.01.28	23:00:00	1.19458	1.19528	1.19415	1.19527	1734	0	1
2026.01.29	00:00:00	1.19531	1.19557	1.19531	1.19548	284	0	25
2026.01.29	01:00:00	1.19558	1.19806	1.19522	1.19806	2901	0	1
2026.01.29	02:00:00	1.19804	1.19852	1.19691	1.19736	4159	0	0
2026.01.29	03:00:00	1.19737	1.19737	1.19567	1.19614	4039	0	0
2026.01.29	04:00:00	1.19613	1.19755	1.19530	1.19732	2963	0	0
2026.01.29	05:00:00	1.19729	1.19868	1.19705	1.19864	2663	0	0
2026.01.29	06:00:00	1.19864	1.19906	1.19753	1.19899	2693	0	0
2026.01.29	07:00:00	1.19894	1.19936	1.19803	1.19812	2682	0	0
2026.01.29	08:00:00	1.19812	1.19890	1.19753	1.19845	3190	0	0
2026.01.29	09:00:00	1.19842	1.19964	1.19672	1.19741	3652	0	0
2026.01.29	10:00:00	1.19741	1.19858	1.19614	1.19683	5416	0	0
2026.01.29	11:00:00	1.19685	1.19741	1.19514	1.19557	4314	0	0
2026.01.29	12:00:00	1.19558	1.19578	1.19388	1.19423	3913	0	0
2026.01.29	13:00:00	1.19422	1.19531	1.19379	1.19470	3020	0	0
2026.01.29	14:00:00	1.19472	1.19623	1.19422	1.19612	2830	0	0
2026.01.29	15:00:00	1.19611	1.19707	1.19402	1.19562	5625	0	0
2026.01.29	16:00:00	1.19566	1.19714	1.19522	1.19703	6328	0	0
2026.01.29	17:00:00	1.19704	1.19723	1.19061	1.19295	11945	0	0
2026.01.29	18:00:00	1.19294	1.19529	1.19272	1.19426	7676	0	0
2026.01.29	19:00:00	1.19427	1.19615	1.19427	1.19561	5445	0	0
2026.01.29	20:00:00	1.19557	1.19649	1.19484	1.19578	5413	0	0
2026.01.29	21:00:00	1.19576	1.19605	1.19502	1.19514	3452	0	0
2026.01.29	22:00:00	1.19511	1.19683	1.19458	1.19648	2276	0	0
2026.01.29	23:00:00	1.19648	1.19711	1.19619	1.19694	1392	0	1
2026.01.30	00:00:00	1.19659	1.19681	1.19649	1.19681	322	0	25
2026.01.30	01:00:00	1.19688	1.19744	1.19648	1.19673	1583	0	1
2026.01.30	02:00:00	1.19673	1.19731	1.19300	1.19319	4340	0	0
2026.01.30	03:00:00	1.19321	1.19396	1.19143	1.19170	5723	0	0
2026.01.30	04:00:00	1.19171	1.19259	1.18948	1.19184	7889	0	0
2026.01.30	05:00:00	1.19193	1.19232	1.19129	1.19200	4339	0	0
2026.01.30	06:00:00	1.19200	1.19345	1.19191	1.19244	3144	0	0
2026.01.30	07:00:00	1.19245	1.19351	1.19144	1.19247	3521	0	0
2026.01.30	08:00:00	1.19246	1.19332	1.19139	1.19190	5419	0	0
2026.01.30	09:00:00	1.19191	1.19426	1.19147	1.19376	6376	0	0
2026.01.30	10:00:00	1.19377	1.19431	1.19233	1.19339	5536	0	0
2026.01.30	11:00:00	1.19332	1.19378	1.18983	1.19085	6123	0	0
2026.01.30	12:00:00	1.19077	1.19252	1.19047	1.19211	4162	0	0
2026.01.30	13:00:00	1.19213	1.19504	1.19206	1.19491	4502	0	0
2026.01.30	14:00:00	1.19482	1.19547	1.19151	1.19195	4322	0	0
2026.01.30	15:00:00	1.19196	1.19246	1.19018	1.19124	6938	0	0
2026.01.30	16:00:00	1.19127	1.19211	1.19010	1.19066	7292	0	0
2026.01.30	17:00:00	1.19065	1.19065	1.18831	1.18951	8786	0	0
2026.01.30	18:00:00	1.18952	1.18976	1.18719	1.18861	7153	0	0
2026.01.30	19:00:00	1.18851	1.18876	1.18666	1.18724	5763	0	0
2026.01.30	20:00:00	1.18723	1.18842	1.18544	1.18783	7633	0	0
2026.01.30	21:00:00	1.18783	1.18849	1.18644	1.18694	6196	0	0
2026.01.30	22:00:00	1.18695	1.18695	1.18530	1.18532	4403	0	0
2026.01.30	23:00:00	1.18529	1.18562	1.18498	1.18507	2234	0	0
2026.02.02	00:00:00	1.18473	1.18518	1.18459	1.18493	798	0	30
2026.02.02	01:00:00	1.18494	1.18569	1.18396	1.18461	5292	0	1
2026.02.02	02:00:00	1.18463	1.18747	1.18463	1.18666	5591	0	0
2026.02.02	03:00:00	1.18667	1.18725	1.18526	1.18704	5600	0	0
2026.02.02	04:00:00	1.18711	1.18747	1.18630	1.18630	4147	0	0
2026.02.02	05:00:00	1.18629	1.18717	1.18629	1.18641	3314	0	0
2026.02.02	06:00:00	1.18642	1.18723	1.18577	1.18631	2962	0	0
2026.02.02	07:00:00	1.18632	1.18637	1.18411	1.18504	3012	0	0
2026.02.02	08:00:00	1.18503	1.18544	1.18431	1.18538	4880	0	0
2026.02.02	09:00:00	1.18538	1.18633	1.18516	1.18535	5131	0	0
2026.02.02	10:00:00	1.18541	1.18665	1.18437	1.18509	5511	0	0
2026.02.02	11:00:00	1.18508	1.18650	1.18446	1.18622	5000	0	0
2026.02.02	12:00:00	1.18620	1.18699	1.18586	1.18646	3844	0	0
2026.02.02	13:00:00	1.18648	1.18713	1.18604	1.18645	3913	0	0
2026.02.02	14:00:00	1.18641	1.18698	1.18430	1.18499	3930	0	0
2026.02.02	15:00:00	1.18498	1.18501	1.18180	1.18207	5779	0	0
2026.02.02	16:00:00	1.18208	1.18299	1.18053	1.18202	6515	0	0
2026.02.02	17:00:00	1.18200	1.18200	1.17904	1.17923	8478	0	0
2026.02.02	18:00:00	1.17924	1.18076	1.17904	1.18064	5620	0	0
2026.02.02	19:00:00	1.18059	1.18124	1.17950	1.18000	3819	0	0
2026.02.02	20:00:00	1.18005	1.18010	1.17775	1.17798	3433	0	0
2026.02.02	21:00:00	1.17796	1.17914	1.17760	1.17886	2905	0	0
2026.02.02	22:00:00	1.17885	1.17922	1.17803	1.17913	2515	0	0
2026.02.02	23:00:00	1.17914	1.17944	1.17891	1.17896	767	0	1
2026.02.03	00:00:00	1.17850	1.17911	1.17841	1.17889	1252	0	25
2026.02.03	01:00:00	1.17887	1.17989	1.17875	1.17989	1652	0	1
2026.02.03	02:00:00	1.17988	1.18071	1.17980	1.18063	2640	0	0
2026.02.03	03:00:00	1.18067	1.18148	1.18016	1.18140	2605	0	0
2026.02.03	04:00:00	1.18139	1.18144	1.18005	1.18016	1860	0	0
2026.02.03	05:00:00	1.18016	1.18127	1.18007	1.18094	2539	0	0
2026.02.03	06:00:00	1.18095	1.18166	1.18086	1.18091	1987	0	0
2026.02.03	07:00:00	1.18092	1.18132	1.18049	1.18087	1792	0	0
2026.02.03	08:00:00	1.18088	1.18163	1.18077	1.18137	2341	0	0
2026.02.03	09:00:00	1.18131	1.18244	1.18099	1.18153	3891	0	0
2026.02.03	10:00:00	1.18156	1.18195	1.18038	1.18128	3537	0	0
2026.02.03	11:00:00	1.18130	1.18161	1.17920	1.17921	4057	0	0
2026.02.03	12:00:00	1.17925	1.18000	1.17867	1.17872	3184	0	0
2026.02.03	13:00:00	1.17871	1.17949	1.17826	1.17871	3261	0	0
2026.02.03	14:00:00	1.17874	1.18001	1.17866	1.17965	3195	0	0
2026.02.03	15:00:00	1.17963	1.18067	1.17927	1.17960	4064	0	0
2026.02.03	16:00:00	1.17962	1.18012	1.17801	1.17912	5537	0	0
2026.02.03	17:00:00	1.17911	1.18136	1.17862	1.18130	5961	0	0
2026.02.03	18:00:00	1.18129	1.18213	1.18102	1.18177	4610	0	0
2026.02.03	19:00:00	1.18180	1.18289	1.18137	1.18163	4382	0	0
2026.02.03	20:00:00	1.18163	1.18225	1.18090	1.18090	3914	0	0
2026.02.03	21:00:00	1.18087	1.18171	1.18057	1.18133	3593	0	0
2026.02.03	22:00:00	1.18134	1.18219	1.18095	1.18211	2429	0	0
2026.02.03	23:00:00	1.18209	1.18251	1.18200	1.18230	812	0	1
2026.02.04	00:00:00	1.18148	1.18191	1.18123	1.18164	1540	0	25
2026.02.04	01:00:00	1.18157	1.18204	1.18120	1.18156	1254	0	1
2026.02.04	02:00:00	1.18154	1.18174	1.18086	1.18142	2318	0	0
2026.02.04	03:00:00	1.18141	1.18320	1.18123	1.18259	3554	0	0
2026.02.04	04:00:00	1.18260	1.18316	1.18187	1.18221	2531	0	0
2026.02.04	05:00:00	1.18221	1.18281	1.18207	1.18270	1879	0	0
2026.02.04	06:00:00	1.18269	1.18358	1.18253	1.18355	1558	0	0
2026.02.04	07:00:00	1.18354	1.18362	1.18307	1.18328	1648	0	0
2026.02.04	08:00:00	1.18331	1.18361	1.18289	1.18297	2430	0	0
2026.02.04	09:00:00	1.18298	1.18339	1.18240	1.18320	2709	0	0
2026.02.04	10:00:00	1.18311	1.18380	1.18237	1.18287	3703	0	0
2026.02.04	11:00:00	1.18288	1.18326	1.18112	1.18139	3282	0	0
2026.02.04	12:00:00	1.18140	1.18178	1.18046	1.18135	3061	0	0
2026.02.04	13:00:00	1.18135	1.18153	1.18057	1.18102	3119	0	0
2026.02.04	14:00:00	1.18103	1.18248	1.18096	1.18216	2566	0	0
2026.02.04	15:00:00	1.18220	1.18268	1.18113	1.18224	4217	0	0
2026.02.04	16:00:00	1.18225	1.18257	1.18024	1.18145	5829	0	0
2026.02.04	17:00:00	1.18146	1.18221	1.17932	1.17963	6451	0	0
2026.02.04	18:00:00	1.17963	1.18057	1.17906	1.18023	4805	0	0
2026.02.04	19:00:00	1.18025	1.18151	1.17943	1.17976	5206	0	0
2026.02.04	20:00:00	1.17976	1.18016	1.17948	1.18009	3618	0	0
2026.02.04	21:00:00	1.18010	1.18094	1.17943	1.18092	3026	0	0
2026.02.04	22:00:00	1.18087	1.18096	1.18016	1.18036	2209	0	0
2026.02.04	23:00:00	1.18036	1.18078	1.18023	1.18036	1058	0	1
2026.02.05	00:00:00	1.18025	1.18061	1.18024	1.18040	423	0	25
2026.02.05	01:00:00	1.18039	1.18075	1.18002	1.18012	1318	0	1
2026.02.05	02:00:00	1.18013	1.18047	1.17994	1.18043	1674	0	0
2026.02.05	03:00:00	1.18044	1.18081	1.18021	1.18037	2164	0	0
2026.02.05	04:00:00	1.18038	1.18052	1.17847	1.17857	3868	0	0
2026.02.05	05:00:00	1.17859	1.17908	1.17829	1.17893	3332	0	0
2026.02.05	06:00:00	1.17894	1.17910	1.17864	1.17875	1600	0	0
2026.02.05	07:00:00	1.17876	1.17903	1.17841	1.17900	1556	0	0
2026.02.05	08:00:00	1.17900	1.17917	1.17844	1.17904	2510	0	0
2026.02.05	09:00:00	1.17907	1.18035	1.17903	1.17988	3190	0	0
2026.02.05	10:00:00	1.17989	1.18087	1.17955	1.18027	3749	0	0
2026.02.05	11:00:00	1.18028	1.18029	1.17803	1.17806	3571	0	0
2026.02.05	12:00:00	1.17807	1.17918	1.17804	1.17877	2384	0	0
2026.02.05	13:00:00	1.17878	1.17953	1.17861	1.17937	2263	0	0
2026.02.05	14:00:00	1.17936	1.18035	1.17854	1.17997	6043	0	0
2026.02.05	15:00:00	1.17997	1.18154	1.17908	1.18118	7167	0	0
2026.02.05	16:00:00	1.18113	1.18217	1.17956	1.17978	7385	0	0
2026.02.05	17:00:00	1.17976	1.18116	1.17818	1.17913	7878	0	0
2026.02.05	18:00:00	1.17913	1.18035	1.17851	1.18013	5453	0	0
2026.02.05	19:00:00	1.18016	1.18043	1.17960	1.18009	3731	0	0
2026.02.05	20:00:00	1.18009	1.18028	1.17919	1.17934	2159	0	0
2026.02.05	21:00:00	1.17932	1.17975	1.17924	1.17942	1722	0	0
2026.02.05	22:00:00	1.17938	1.17947	1.17798	1.17809	1912	0	0
2026.02.05	23:00:00	1.17805	1.17841	1.17748	1.17749	1447	0	1
2026.02.06	00:00:00	1.17769	1.17813	1.17769	1.17803	448	0	25
2026.02.06	01:00:00	1.17802	1.17805	1.17749	1.17765	1915	0	1
2026.02.06	02:00:00	1.17764	1.17833	1.17655	1.17829	3611	0	0
2026.02.06	03:00:00	1.17829	1.17882	1.17784	1.17850	3574	0	0
2026.02.06	04:00:00	1.17852	1.17917	1.17845	1.17876	2124	0	0
2026.02.06	05:00:00	1.17876	1.17903	1.17855	1.17876	1650	0	0
2026.02.06	06:00:00	1.17879	1.17964	1.17872	1.17953	1062	0	0
2026.02.06	07:00:00	1.17954	1.18011	1.17947	1.17983	1615	0	0
2026.02.06	08:00:00	1.17979	1.18017	1.17943	1.17972	2037	0	0
2026.02.06	09:00:00	1.17976	1.17977	1.17887	1.17914	2287	0	0
2026.02.06	10:00:00	1.17915	1.17958	1.17857	1.17923	3087	0	0
2026.02.06	11:00:00	1.17924	1.17982	1.17902	1.17920	3011	0	0
2026.02.06	12:00:00	1.17921	1.17998	1.17898	1.17920	2216	0	0
2026.02.06	13:00:00	1.17919	1.17932	1.17857	1.17901	2384	0	0
2026.02.06	14:00:00	1.17898	1.17931	1.17883	1.17926	2184	0	0
2026.02.06	15:00:00	1.17927	1.18111	1.17923	1.18103	2795	0	0
2026.02.06	16:00:00	1.18102	1.18262	1.18099	1.18208	3976	0	0
2026.02.06	17:00:00	1.18206	1.18240	1.18052	1.18193	4743	0	0
2026.02.06	18:00:00	1.18192	1.18218	1.18100	1.18124	3327	0	0
2026.02.06	19:00:00	1.18122	1.18206	1.18103	1.18179	2311	0	0
2026.02.06	20:00:00	1.18180	1.18228	1.18176	1.18190	1582	0	0
2026.02.06	21:00:00	1.18190	1.18212	1.18146	1.18191	1417	0	0
2026.02.06	22:00:00	1.18193	1.18226	1.18182	1.18220	1130	0	0
2026.02.06	23:00:00	1.18219	1.18238	1.18129	1.18135	885	0	1
2026.02.09	00:00:00	1.18110	1.18141	1.18110	1.18130	613	0	30
2026.02.09	01:00:00	1.18132	1.18277	1.18098	1.18266	2387	0	1
2026.02.09	02:00:00	1.18267	1.18336	1.18240	1.18308	2983	0	0
2026.02.09	03:00:00	1.18309	1.18335	1.18248	1.18256	2979	0	0
2026.02.09	04:00:00	1.18255	1.18258	1.18158	1.18197	2312	0	0
2026.02.09	05:00:00	1.18196	1.18249	1.18183	1.18188	1582	0	0
2026.02.09	06:00:00	1.18190	1.18269	1.18190	1.18265	1171	0	0
2026.02.09	07:00:00	1.18267	1.18362	1.18258	1.18333	1206	0	0
2026.02.09	08:00:00	1.18332	1.18576	1.18329	1.18519	3368	0	0
2026.02.09	09:00:00	1.18519	1.18600	1.18471	1.18559	4088	0	0
2026.02.09	10:00:00	1.18559	1.18647	1.18516	1.18642	3018	0	0
2026.02.09	11:00:00	1.18642	1.18699	1.18602	1.18622	2421	0	0
2026.02.09	12:00:00	1.18622	1.18696	1.18552	1.18600	3191	0	0
2026.02.09	13:00:00	1.18599	1.18720	1.18556	1.18692	3517	0	0
2026.02.09	14:00:00	1.18693	1.18828	1.18693	1.18812	2602	0	0
2026.02.09	15:00:00	1.18815	1.19056	1.18815	1.19036	4998	0	0
2026.02.09	16:00:00	1.19037	1.19185	1.19028	1.19185	6376	0	0
2026.02.09	17:00:00	1.19185	1.19265	1.19034	1.19120	5186	0	0
2026.02.09	18:00:00	1.19124	1.19176	1.18930	1.18973	3891	0	0
2026.02.09	19:00:00	1.18974	1.19109	1.18973	1.19086	2178	0	0
2026.02.09	20:00:00	1.19086	1.19172	1.19035	1.19159	2475	0	0
2026.02.09	21:00:00	1.19160	1.19222	1.19125	1.19202	2364	0	0
2026.02.09	22:00:00	1.19201	1.19212	1.19141	1.19146	1377	0	0
2026.02.09	23:00:00	1.19145	1.19153	1.19107	1.19134	910	0	1
2026.02.10	00:00:00	1.19081	1.19122	1.19081	1.19115	556	0	25
2026.02.10	01:00:00	1.19116	1.19144	1.19015	1.19036	1236	0	1
2026.02.10	02:00:00	1.19035	1.19056	1.18983	1.19016	1868	0	0
2026.02.10	03:00:00	1.19016	1.19104	1.18966	1.19058	2794	0	0
2026.02.10	04:00:00	1.19057	1.19142	1.19057	1.19137	2302	0	0
2026.02.10	05:00:00	1.19136	1.19170	1.19098	1.19114	1890	0	0
2026.02.10	06:00:00	1.19115	1.19129	1.19057	1.19068	1330	0	0
2026.02.10	07:00:00	1.19067	1.19105	1.19035	1.19072	1339	0	0
2026.02.10	08:00:00	1.19071	1.19132	1.19012	1.19031	1930	0	0
2026.02.10	09:00:00	1.19034	1.19105	1.18994	1.19087	2467	0	0
2026.02.10	10:00:00	1.19082	1.19151	1.18996	1.19092	3141	0	0
2026.02.10	11:00:00	1.19091	1.19198	1.19081	1.19143	2754	0	0
2026.02.10	12:00:00	1.19144	1.19175	1.19091	1.19101	2290	0	0
2026.02.10	13:00:00	1.19099	1.19107	1.19008	1.19038	1673	0	0
2026.02.10	14:00:00	1.19046	1.19086	1.18911	1.18928	3322	0	0
2026.02.10	15:00:00	1.18930	1.19132	1.18882	1.19053	5097	0	0
2026.02.10	16:00:00	1.19061	1.19286	1.19028	1.19148	6046	0	0
2026.02.10	17:00:00	1.19144	1.19193	1.18965	1.19140	6015	0	0
2026.02.10	18:00:00	1.19141	1.19150	1.18966	1.18976	4750	0	0
2026.02.10	19:00:00	1.18978	1.19053	1.18931	1.18958	2576	0	0
2026.02.10	20:00:00	1.18958	1.18982	1.18905	1.18923	1971	0	0
2026.02.10	21:00:00	1.18922	1.19023	1.18868	1.19022	1629	0	0
2026.02.10	22:00:00	1.19021	1.19033	1.18945	1.18951	1323	0	0
2026.02.10	23:00:00	1.18952	1.18966	1.18924	1.18954	810	0	1
2026.02.11	00:00:00	1.18928	1.18956	1.18892	1.18900	1049	0	25
2026.02.11	01:00:00	1.18900	1.18918	1.18865	1.18877	1099	0	1
2026.02.11	02:00:00	1.18878	1.19004	1.18862	1.18966	1761	0	0
2026.02.11	03:00:00	1.18967	1.19021	1.18938	1.18977	2231	0	0
2026.02.11	04:00:00	1.18979	1.19129	1.18977	1.19083	2052	0	0
2026.02.11	05:00:00	1.19084	1.19135	1.19033	1.19114	1226	0	0
2026.02.11	06:00:00	1.19112	1.19150	1.19075	1.19080	1294	0	0
2026.02.11	07:00:00	1.19081	1.19190	1.19067	1.19182	1658	0	0
2026.02.11	08:00:00	1.19183	1.19257	1.19125	1.19152	2310	0	0
2026.02.11	09:00:00	1.19145	1.19182	1.19102	1.19178	2731	0	0
2026.02.11	10:00:00	1.19177	1.19201	1.19132	1.19184	2760	0	0
2026.02.11	11:00:00	1.19185	1.19196	1.19103	1.19180	2799	0	0
2026.02.11	12:00:00	1.19179	1.19272	1.19162	1.19218	2547	0	0
2026.02.11	13:00:00	1.19218	1.19218	1.19049	1.19082	2603	0	0
2026.02.11	14:00:00	1.19083	1.19093	1.18984	1.19004	3176	0	0
2026.02.11	15:00:00	1.19003	1.19043	1.18329	1.18621	8833	0	0
2026.02.11	16:00:00	1.18620	1.18825	1.18527	1.18600	9307	0	0
2026.02.11	17:00:00	1.18603	1.18718	1.18510	1.18594	7903	0	0
2026.02.11	18:00:00	1.18595	1.18833	1.18533	1.18831	4711	0	0
2026.02.11	19:00:00	1.18830	1.18936	1.18772	1.18858	3817	0	0
2026.02.11	20:00:00	1.18858	1.18907	1.18787	1.18823	2949	0	0
2026.02.11	21:00:00	1.18821	1.18846	1.18778	1.18798	2294	0	0
2026.02.11	22:00:00	1.18794	1.18811	1.18698	1.18706	1738	0	0
2026.02.11	23:00:00	1.18707	1.18742	1.18685	1.18705	917	0	1
2026.02.12	00:00:00	1.18703	1.18755	1.18684	1.18717	526	0	25
2026.02.12	01:00:00	1.18725	1.18762	1.18691	1.18746	1299	0	1
2026.02.12	02:00:00	1.18745	1.18780	1.18669	1.18769	2318	0	0
2026.02.12	03:00:00	1.18766	1.18825	1.18735	1.18807	2984	0	0
2026.02.12	04:00:00	1.18806	1.18846	1.18750	1.18790	1807	0	0
2026.02.12	05:00:00	1.18790	1.18811	1.18654	1.18696	1936	0	0
2026.02.12	06:00:00	1.18695	1.18726	1.18602	1.18619	1552	0	0
2026.02.12	07:00:00	1.18624	1.18657	1.18583	1.18647	1865	0	0
2026.02.12	08:00:00	1.18647	1.18676	1.18523	1.18606	3436	0	0
2026.02.12	09:00:00	1.18606	1.18751	1.18595	1.18730	2880	0	0
2026.02.12	10:00:00	1.18729	1.18809	1.18713	1.18799	3172	0	0
2026.02.12	11:00:00	1.18801	1.18880	1.18796	1.18871	2907	0	0
2026.02.12	12:00:00	1.18872	1.18873	1.18746	1.18772	2520	0	0
2026.02.12	13:00:00	1.18772	1.18847	1.18750	1.18844	2042	0	0
2026.02.12	14:00:00	1.18846	1.18863	1.18670	1.18730	2952	0	0
2026.02.12	15:00:00	1.18731	1.18852	1.18714	1.18849	3777	0	0
2026.02.12	16:00:00	1.18850	1.18877	1.18747	1.18835	5404	0	0
2026.02.12	17:00:00	1.18834	1.18885	1.18783	1.18857	5120	0	0
2026.02.12	18:00:00	1.18858	1.18899	1.18620	1.18706	8535	0	0
2026.02.12	19:00:00	1.18707	1.18770	1.18601	1.18652	5926	0	0
2026.02.12	20:00:00	1.18654	1.18694	1.18561	1.18634	3972	0	0
2026.02.12	21:00:00	1.18635	1.18715	1.18609	1.18701	2486	0	0
2026.02.12	22:00:00	1.18697	1.18706	1.18636	1.18696	1708	0	0
2026.02.12	23:00:00	1.18695	1.18725	1.18683	1.18704	728	0	1
2026.02.13	00:00:00	1.18627	1.18711	1.18627	1.18711	358	0	25
2026.02.13	01:00:00	1.18707	1.18716	1.18669	1.18693	1164	0	1
2026.02.13	02:00:00	1.18690	1.18724	1.18665	1.18724	1911	0	0
2026.02.13	03:00:00	1.18723	1.18732	1.18632	1.18669	2313	0	0
2026.02.13	04:00:00	1.18670	1.18712	1.18629	1.18694	1576	0	0
2026.02.13	05:00:00	1.18697	1.18702	1.18658	1.18669	1378	0	0
2026.02.13	06:00:00	1.18670	1.18676	1.18598	1.18631	938	0	0
2026.02.13	07:00:00	1.18632	1.18648	1.18578	1.18595	1634	0	0
2026.02.13	08:00:00	1.18594	1.18617	1.18535	1.18562	2080	0	0
2026.02.13	09:00:00	1.18553	1.18599	1.18472	1.18586	3201	0	0
2026.02.13	10:00:00	1.18585	1.18628	1.18560	1.18625	3129	0	0
2026.02.13	11:00:00	1.18624	1.18664	1.18605	1.18606	2568	0	0
2026.02.13	12:00:00	1.18605	1.18609	1.18529	1.18572	2228	0	0
2026.02.13	13:00:00	1.18574	1.18611	1.18550	1.18586	2295	0	0
2026.02.13	14:00:00	1.18587	1.18637	1.18554	1.18619	2424	0	0
2026.02.13	15:00:00	1.18623	1.18846	1.18560	1.18744	5970	0	0
2026.02.13	16:00:00	1.18737	1.18749	1.18571	1.18591	6185	0	0
2026.02.13	17:00:00	1.18595	1.18708	1.18477	1.18482	6129	0	0
2026.02.13	18:00:00	1.18485	1.18746	1.18483	1.18689	3821	0	0
2026.02.13	19:00:00	1.18688	1.18827	1.18684	1.18749	2978	0	0
2026.02.13	20:00:00	1.18751	1.18807	1.18722	1.18735	2245	0	0
2026.02.13	21:00:00	1.18739	1.18750	1.18662	1.18665	1987	0	0
2026.02.13	22:00:00	1.18664	1.18746	1.18643	1.18743	2006	0	0
2026.02.13	23:00:00	1.18742	1.18764	1.18663	1.18675	946	0	1
2026.02.16	00:00:00	1.18666	1.18696	1.18649	1.18679	433	0	49
2026.02.16	01:00:00	1.18679	1.18694	1.18631	1.18666	1124	0	1
2026.02.16	02:00:00	1.18667	1.18672	1.18604	1.18613	1549	0	0
2026.02.16	03:00:00	1.18613	1.18663	1.18591	1.18651	1944	0	0
2026.02.16	04:00:00	1.18650	1.18671	1.18616	1.18654	1576	0	0
2026.02.16	05:00:00	1.18655	1.18690	1.18637	1.18673	1151	0	0
2026.02.16	06:00:00	1.18673	1.18681	1.18610	1.18624	1279	0	0
2026.02.16	07:00:00	1.18625	1.18665	1.18608	1.18649	1137	0	0
2026.02.16	08:00:00	1.18650	1.18702	1.18638	1.18660	1330	0	0
2026.02.16	09:00:00	1.18660	1.18663	1.18604	1.18628	1682	0	0
2026.02.16	10:00:00	1.18628	1.18704	1.18573	1.18651	3090	0	0
2026.02.16	11:00:00	1.18650	1.18694	1.18621	1.18644	2394	0	0
2026.02.16	12:00:00	1.18643	1.18677	1.18620	1.18671	2083	0	0
2026.02.16	13:00:00	1.18670	1.18671	1.18600	1.18613	1726	0	0
2026.02.16	14:00:00	1.18611	1.18630	1.18501	1.18532	1483	0	0
2026.02.16	15:00:00	1.18531	1.18576	1.18491	1.18546	1756	0	0
2026.02.16	16:00:00	1.18545	1.18635	1.18531	1.18562	2047	0	0
2026.02.16	17:00:00	1.18563	1.18570	1.18505	1.18540	2138	0	0
2026.02.16	18:00:00	1.18542	1.18566	1.18462	1.18519	1569	0	0
2026.02.16	19:00:00	1.18519	1.18536	1.18463	1.18482	820	0	0
2026.02.16	20:00:00	1.18481	1.18511	1.18481	1.18494	460	0	0
2026.02.16	21:00:00	1.18495	1.18541	1.18489	1.18540	318	0	0
2026.02.16	22:00:00	1.18541	1.18550	1.18526	1.18536	268	0	0
2026.02.16	23:00:00	1.18535	1.18541	1.18501	1.18506	288	0	1
2026.02.17	00:00:00	1.18489	1.18506	1.18489	1.18500	185	0	25
2026.02.17	01:00:00	1.18511	1.18514	1.18464	1.18504	1167	0	1
2026.02.17	02:00:00	1.18505	1.18519	1.18420	1.18436	2248	0	0
2026.02.17	03:00:00	1.18441	1.18446	1.18407	1.18446	2429	0	0
2026.02.17	04:00:00	1.18443	1.18473	1.18406	1.18421	1612	0	0
2026.02.17	05:00:00	1.18422	1.18423	1.18381	1.18416	1553	0	0
2026.02.17	06:00:00	1.18416	1.18425	1.18393	1.18412	1389	0	0
2026.02.17	07:00:00	1.18411	1.18419	1.18356	1.18414	2129	0	0
2026.02.17	08:00:00	1.18416	1.18456	1.18416	1.18438	1791	0	0
2026.02.17	09:00:00	1.18437	1.18445	1.18287	1.18328	2991	0	0
2026.02.17	10:00:00	1.18328	1.18440	1.18300	1.18408	3083	0	0
2026.02.17	11:00:00	1.18409	1.18497	1.18399	1.18466	2268	0	0
2026.02.17	12:00:00	1.18465	1.18471	1.18412	1.18427	2307	0	0
2026.02.17	13:00:00	1.18426	1.18444	1.18242	1.18309	2441	0	0
2026.02.17	14:00:00	1.18312	1.18358	1.18268	1.18277	2607	0	0
2026.02.17	15:00:00	1.18273	1.18304	1.18157	1.18221	3959	0	0
2026.02.17	16:00:00	1.18222	1.18281	1.18164	1.18238	5068	0	0
2026.02.17	17:00:00	1.18237	1.18240	1.18049	1.18108	5117	0	0
2026.02.17	18:00:00	1.18108	1.18353	1.18108	1.18307	4081	0	0
2026.02.17	19:00:00	1.18305	1.18422	1.18294	1.18394	3376	0	0
2026.02.17	20:00:00	1.18394	1.18530	1.18387	1.18482	2461	0	0
2026.02.17	21:00:00	1.18481	1.18502	1.18432	1.18480	1811	0	0
2026.02.17	22:00:00	1.18478	1.18525	1.18470	1.18508	1331	0	0
2026.02.17	23:00:00	1.18509	1.18546	1.18499	1.18527	615	0	1
2026.02.18	00:00:00	1.18496	1.18517	1.18496	1.18512	454	0	25
2026.02.18	01:00:00	1.18510	1.18574	1.18498	1.18507	1238	0	1
2026.02.18	02:00:00	1.18508	1.18536	1.18468	1.18472	2017	0	0
2026.02.18	03:00:00	1.18473	1.18480	1.18425	1.18461	1894	0	0
2026.02.18	04:00:00	1.18461	1.18473	1.18416	1.18447	1699	0	0
2026.02.18	05:00:00	1.18447	1.18468	1.18410	1.18412	1391	0	0
2026.02.18	06:00:00	1.18412	1.18438	1.18393	1.18419	799	0	0
2026.02.18	07:00:00	1.18420	1.18456	1.18417	1.18456	576	0	0
2026.02.18	08:00:00	1.18456	1.18462	1.18402	1.18446	1103	0	0
2026.02.18	09:00:00	1.18440	1.18464	1.18329	1.18347	2266	0	0
2026.02.18	10:00:00	1.18347	1.18382	1.18285	1.18312	3143	0	0
2026.02.18	11:00:00	1.18308	1.18386	1.18286	1.18361	2568	0	0
2026.02.18	12:00:00	1.18362	1.18408	1.18309	1.18322	1958	0	0
2026.02.18	13:00:00	1.18322	1.18379	1.18307	1.18345	1824	0	0
2026.02.18	14:00:00	1.18346	1.18472	1.18335	1.18398	2457	0	0
2026.02.18	15:00:00	1.18399	1.18485	1.18236	1.18237	2910	0	0
2026.02.18	16:00:00	1.18237	1.18276	1.18121	1.18152	5072	0	0
2026.02.18	17:00:00	1.18153	1.18267	1.18135	1.18227	4239	0	0
2026.02.18	18:00:00	1.18226	1.18261	1.18093	1.18094	3216	0	0
2026.02.18	19:00:00	1.18094	1.18142	1.18021	1.18060	2117	0	0
2026.02.18	20:00:00	1.18059	1.18074	1.17874	1.17904	2556	0	0
2026.02.18	21:00:00	1.17895	1.17953	1.17837	1.17872	3185	0	0
2026.02.18	22:00:00	1.17873	1.17903	1.17822	1.17837	1567	0	0
2026.02.18	23:00:00	1.17837	1.17872	1.17823	1.17833	901	0	0
2026.02.19	00:00:00	1.17821	1.17859	1.17820	1.17846	252	0	25
2026.02.19	01:00:00	1.17846	1.17896	1.17829	1.17885	844	0	1
2026.02.19	02:00:00	1.17886	1.17919	1.17853	1.17901	1436	0	0
2026.02.19	03:00:00	1.17900	1.17952	1.17895	1.17946	1650	0	0
2026.02.19	04:00:00	1.17947	1.17956	1.17905	1.17909	1120	0	0
2026.02.19	05:00:00	1.17909	1.17929	1.17875	1.17908	1341	0	0
2026.02.19	06:00:00	1.17907	1.17917	1.17846	1.17895	1464	0	0
2026.02.19	07:00:00	1.17894	1.17928	1.17866	1.17915	1465	0	0
2026.02.19	08:00:00	1.17915	1.18009	1.17897	1.17983	1663	0	0
2026.02.19	09:00:00	1.17982	1.18036	1.17925	1.18008	2221	0	0
2026.02.19	10:00:00	1.18007	1.18052	1.17973	1.18013	2455	0	0
2026.02.19	11:00:00	1.18012	1.18075	1.17986	1.18000	2221	0	0
2026.02.19	12:00:00	1.17999	1.18030	1.17876	1.17890	2600	0	0
2026.02.19	13:00:00	1.17889	1.17904	1.17767	1.17808	2265	0	0
2026.02.19	14:00:00	1.17797	1.17809	1.17669	1.17693	2894	0	0
2026.02.19	15:00:00	1.17694	1.17698	1.17514	1.17654	4819	0	0
2026.02.19	16:00:00	1.17655	1.17663	1.17420	1.17515	5519	0	0
2026.02.19	17:00:00	1.17517	1.17755	1.17482	1.17630	7222	0	0
2026.02.19	18:00:00	1.17631	1.17706	1.17581	1.17613	4038	0	0
2026.02.19	19:00:00	1.17611	1.17680	1.17562	1.17659	3234	0	0
2026.02.19	20:00:00	1.17660	1.17744	1.17647	1.17682	2269	0	0
2026.02.19	21:00:00	1.17687	1.17718	1.17592	1.17639	2277	0	0
2026.02.19	22:00:00	1.17639	1.17689	1.17633	1.17688	1904	0	0
2026.02.19	23:00:00	1.17685	1.17778	1.17678	1.17752	1111	0	1
2026.02.20	00:00:00	1.17676	1.17727	1.17675	1.17704	382	0	25
2026.02.20	01:00:00	1.17713	1.17758	1.17681	1.17683	1187	0	1
2026.02.20	02:00:00	1.17684	1.17722	1.17667	1.17705	1656	0	0
2026.02.20	03:00:00	1.17701	1.17717	1.17550	1.17588	2568	0	0
2026.02.20	04:00:00	1.17589	1.17598	1.17538	1.17545	2202	0	0
2026.02.20	05:00:00	1.17546	1.17589	1.17545	1.17568	1218	0	0
2026.02.20	06:00:00	1.17569	1.17598	1.17523	1.17532	1273	0	0
2026.02.20	07:00:00	1.17533	1.17570	1.17501	1.17553	1520	0	0
2026.02.20	08:00:00	1.17554	1.17567	1.17514	1.17550	1613	0	0
2026.02.20	09:00:00	1.17551	1.17626	1.17496	1.17512	2891	0	0
2026.02.20	10:00:00	1.17511	1.17636	1.17434	1.17609	3493	0	0
2026.02.20	11:00:00	1.17610	1.17681	1.17583	1.17667	2800	0	0
2026.02.20	12:00:00	1.17668	1.17687	1.17572	1.17637	2748	0	0
2026.02.20	13:00:00	1.17636	1.17690	1.17600	1.17676	2118	0	0
2026.02.20	14:00:00	1.17673	1.17708	1.17633	1.17656	2592	0	0
2026.02.20	15:00:00	1.17656	1.17820	1.17570	1.17693	5089	0	0
2026.02.20	16:00:00	1.17689	1.17704	1.17560	1.17675	4570	0	0
2026.02.20	17:00:00	1.17677	1.18075	1.17553	1.17881	12019	0	0
2026.02.20	18:00:00	1.17882	1.17983	1.17738	1.17801	5862	0	0
2026.02.20	19:00:00	1.17802	1.17848	1.17655	1.17801	4854	0	0
2026.02.20	20:00:00	1.17802	1.17989	1.17768	1.17858	6663	0	0
2026.02.20	21:00:00	1.17860	1.17897	1.17785	1.17808	2993	0	0
2026.02.20	22:00:00	1.17808	1.17873	1.17776	1.17863	1863	0	0
2026.02.20	23:00:00	1.17862	1.17914	1.17822	1.17852	1428	0	0
2026.02.23	00:00:00	1.17911	1.17948	1.17895	1.17926	544	0	30
2026.02.23	01:00:00	1.17929	1.18345	1.17919	1.18332	3095	0	1
2026.02.23	02:00:00	1.18332	1.18346	1.18225	1.18309	4103	0	0
2026.02.23	03:00:00	1.18310	1.18335	1.18208	1.18261	4223	0	0
2026.02.23	04:00:00	1.18261	1.18312	1.18232	1.18276	2818	0	0
2026.02.23	05:00:00	1.18277	1.18281	1.18164	1.18233	1937	0	0
2026.02.23	06:00:00	1.18237	1.18240	1.18180	1.18208	1515	0	0
2026.02.23	07:00:00	1.18208	1.18216	1.18151	1.18198	1452	0	0
2026.02.23	08:00:00	1.18197	1.18338	1.18165	1.18246	2173	0	0
2026.02.23	09:00:00	1.18245	1.18274	1.18187	1.18234	3179	0	0
2026.02.23	10:00:00	1.18235	1.18249	1.18071	1.18104	3725	0	0
2026.02.23	11:00:00	1.18105	1.18126	1.18003	1.18008	2688	0	0
2026.02.23	12:00:00	1.18009	1.18014	1.17951	1.17987	2250	0	0
2026.02.23	13:00:00	1.17986	1.17989	1.17809	1.17859	2862	0	0
2026.02.23	14:00:00	1.17855	1.17863	1.17745	1.17817	3024	0	0
2026.02.23	15:00:00	1.17817	1.17978	1.17781	1.17958	3504	0	0
2026.02.23	16:00:00	1.17958	1.18091	1.17940	1.18055	4740	0	0
2026.02.23	17:00:00	1.18056	1.18101	1.17921	1.17948	5396	0	0
2026.02.23	18:00:00	1.17943	1.18062	1.17881	1.18037	4191	0	0
2026.02.23	19:00:00	1.18038	1.18087	1.17906	1.17987	3339	0	0
2026.02.23	20:00:00	1.17987	1.18009	1.17948	1.17982	2206	0	0
2026.02.23	21:00:00	1.17982	1.18005	1.17882	1.17915	2287	0	0
2026.02.23	22:00:00	1.17915	1.17939	1.17876	1.17889	1883	0	0
2026.02.23	23:00:00	1.17889	1.17923	1.17856	1.17859	1235	0	0
2026.02.24	00:00:00	1.17849	1.17864	1.17846	1.17862	486	0	25
2026.02.24	01:00:00	1.17861	1.17953	1.17853	1.17929	1365	0	1
2026.02.24	02:00:00	1.17930	1.17963	1.17874	1.17879	1711	0	0
2026.02.24	03:00:00	1.17879	1.17879	1.17715	1.17818	3376	0	0
2026.02.24	04:00:00	1.17817	1.17845	1.17783	1.17838	2124	0	0
2026.02.24	05:00:00	1.17837	1.17853	1.17750	1.17751	1477	0	0
2026.02.24	06:00:00	1.17752	1.17769	1.17679	1.17697	1481	0	0
2026.02.24	07:00:00	1.17698	1.17804	1.17684	1.17799	1457	0	0
2026.02.24	08:00:00	1.17799	1.17824	1.17773	1.17805	1753	0	0
2026.02.24	09:00:00	1.17802	1.17823	1.17715	1.17791	3972	0	0
2026.02.24	10:00:00	1.17790	1.17899	1.17734	1.17837	3438	0	0
2026.02.24	11:00:00	1.17836	1.17931	1.17831	1.17877	2512	0	0
2026.02.24	12:00:00	1.17877	1.17911	1.17822	1.17855	2392	0	0
2026.02.24	13:00:00	1.17854	1.17861	1.17791	1.17804	2211	0	0
2026.02.24	14:00:00	1.17802	1.17835	1.17728	1.17814	2458	0	0
2026.02.24	15:00:00	1.17813	1.17813	1.17662	1.17722	3414	0	0
2026.02.24	16:00:00	1.17722	1.17786	1.17674	1.17735	4334	0	0
2026.02.24	17:00:00	1.17736	1.17810	1.17660	1.17727	5067	0	0
2026.02.24	18:00:00	1.17728	1.17902	1.17721	1.17881	3050	0	0
2026.02.24	19:00:00	1.17882	1.17889	1.17817	1.17855	1785	0	0
2026.02.24	20:00:00	1.17854	1.17867	1.17772	1.17785	1742	0	0
2026.02.24	21:00:00	1.17784	1.17841	1.17765	1.17788	1452	0	0
2026.02.24	22:00:00	1.17791	1.17835	1.17750	1.17753	1622	0	0
2026.02.24	23:00:00	1.17752	1.17768	1.17734	1.17735	787	0	1
2026.02.25	00:00:00	1.17728	1.17770	1.17714	1.17730	393	0	25
2026.02.25	01:00:00	1.17729	1.17759	1.17721	1.17738	748	0	1
2026.02.25	02:00:00	1.17739	1.17798	1.17732	1.17779	1709	0	0
2026.02.25	03:00:00	1.17784	1.17821	1.17760	1.17784	1931	0	0
2026.02.25	04:00:00	1.17783	1.17935	1.17780	1.17923	2302	0	0
2026.02.25	05:00:00	1.17920	1.17943	1.17858	1.17893	2528	0	0
2026.02.25	06:00:00	1.17894	1.17962	1.17876	1.17949	1599	0	0
2026.02.25	07:00:00	1.17948	1.18055	1.17940	1.18009	1575	0	0
2026.02.25	08:00:00	1.18010	1.18064	1.17969	1.18054	2275	0	0
2026.02.25	09:00:00	1.18053	1.18080	1.17970	1.17971	2295	0	0
2026.02.25	10:00:00	1.17970	1.17999	1.17895	1.17900	2996	0	0
2026.02.25	11:00:00	1.17899	1.17931	1.17854	1.17877	3167	0	0
2026.02.25	12:00:00	1.17878	1.17884	1.17793	1.17797	2632	0	0
2026.02.25	13:00:00	1.17786	1.17811	1.17710	1.17748	2211	0	0
2026.02.25	14:00:00	1.17749	1.17868	1.17739	1.17859	2387	0	0
2026.02.25	15:00:00	1.17858	1.17901	1.17729	1.17734	3220	0	0
2026.02.25	16:00:00	1.17735	1.17891	1.17729	1.17862	3566	0	0
2026.02.25	17:00:00	1.17864	1.18025	1.17848	1.18012	5246	0	0
2026.02.25	18:00:00	1.18011	1.18072	1.17987	1.18040	3071	0	0
2026.02.25	19:00:00	1.18040	1.18143	1.18026	1.18074	2327	0	0
2026.02.25	20:00:00	1.18073	1.18108	1.18042	1.18047	1460	0	0
2026.02.25	21:00:00	1.18047	1.18094	1.18028	1.18054	1385	0	0
2026.02.25	22:00:00	1.18054	1.18086	1.18048	1.18061	1802	0	0
2026.02.25	23:00:00	1.18060	1.18125	1.18032	1.18091	1091	0	1
2026.02.26	00:00:00	1.18013	1.18118	1.18013	1.18096	400	0	25
2026.02.26	01:00:00	1.18091	1.18163	1.18090	1.18150	1464	0	1
2026.02.26	02:00:00	1.18151	1.18193	1.18116	1.18190	2012	0	0
2026.02.26	03:00:00	1.18191	1.18289	1.18179	1.18272	2683	0	0
2026.02.26	04:00:00	1.18273	1.18289	1.18132	1.18173	2213	0	0
2026.02.26	05:00:00	1.18174	1.18222	1.18158	1.18170	1779	0	0
2026.02.26	06:00:00	1.18170	1.18188	1.18125	1.18183	1590	0	0
2026.02.26	07:00:00	1.18182	1.18226	1.18158	1.18196	1746	0	0
2026.02.26	08:00:00	1.18197	1.18222	1.18147	1.18188	1975	0	0
2026.02.26	09:00:00	1.18183	1.18184	1.18089	1.18156	2397	0	0
2026.02.26	10:00:00	1.18157	1.18157	1.18022	1.18026	3317	0	0
2026.02.26	11:00:00	1.18025	1.18060	1.17968	1.17972	2560	0	0
2026.02.26	12:00:00	1.17971	1.17997	1.17933	1.17984	1743	0	0
2026.02.26	13:00:00	1.17983	1.18048	1.17979	1.18003	1998	0	0
2026.02.26	14:00:00	1.18006	1.18096	1.17999	1.18090	1974	0	0
2026.02.26	15:00:00	1.18089	1.18168	1.18027	1.18068	3422	0	0
2026.02.26	16:00:00	1.18069	1.18158	1.18022	1.18127	4109	0	0
2026.02.26	17:00:00	1.18128	1.18143	1.17809	1.17990	6654	0	0
2026.02.26	18:00:00	1.17989	1.17994	1.17859	1.17918	4200	0	0
2026.02.26	19:00:00	1.17922	1.17933	1.17739	1.17761	3340	0	0
2026.02.26	20:00:00	1.17760	1.17873	1.17741	1.17842	3570	0	0
2026.02.26	21:00:00	1.17844	1.17978	1.17823	1.17967	1845	0	0
2026.02.26	22:00:00	1.17968	1.18032	1.17957	1.18013	1629	0	0
2026.02.26	23:00:00	1.18013	1.18036	1.17970	1.17993	930	0	0
2026.02.27	00:00:00	1.17935	1.17974	1.17911	1.17967	593	0	25
2026.02.27	01:00:00	1.17961	1.18032	1.17946	1.18031	1198	0	1
2026.02.27	02:00:00	1.18031	1.18056	1.17958	1.17962	2714	0	0
2026.02.27	03:00:00	1.17962	1.18024	1.17890	1.17901	3255	0	0
2026.02.27	04:00:00	1.17903	1.18013	1.17903	1.18006	1923	0	0
2026.02.27	05:00:00	1.18006	1.18058	1.18001	1.18036	1443	0	0
2026.02.27	06:00:00	1.18036	1.18132	1.18019	1.18111	1530	0	0
2026.02.27	07:00:00	1.18110	1.18119	1.18061	1.18084	1606	0	0
2026.02.27	08:00:00	1.18080	1.18109	1.18021	1.18041	2489	0	0
2026.02.27	09:00:00	1.18037	1.18194	1.17970	1.18151	2812	0	0
2026.02.27	10:00:00	1.18151	1.18216	1.18081	1.18097	2917	0	0
2026.02.27	11:00:00	1.18096	1.18115	1.17929	1.17953	2956	0	0
2026.02.27	12:00:00	1.17956	1.18038	1.17946	1.17989	2310	0	0
2026.02.27	13:00:00	1.17988	1.18039	1.17961	1.18002	2151	0	0
2026.02.27	14:00:00	1.18006	1.18082	1.17986	1.18023	2271	0	0
2026.02.27	15:00:00	1.18024	1.18066	1.17904	1.17924	5577	0	0
2026.02.27	16:00:00	1.17926	1.18156	1.17909	1.17970	5048	0	0
2026.02.27	17:00:00	1.17969	1.18170	1.17962	1.18071	5984	0	0
2026.02.27	18:00:00	1.18070	1.18252	1.18055	1.18221	4551	0	0
2026.02.27	19:00:00	1.18221	1.18268	1.18155	1.18165	3080	0	0
2026.02.27	20:00:00	1.18167	1.18191	1.18112	1.18179	2275	0	0
2026.02.27	21:00:00	1.18178	1.18227	1.18167	1.18192	1643	0	0
2026.02.27	22:00:00	1.18197	1.18258	1.18151	1.18158	1946	0	0
2026.02.27	23:00:00	1.18161	1.18184	1.18109	1.18118	1509	0	1
2026.03.02	00:00:00	1.17666	1.17762	1.17562	1.17729	1289	0	30
2026.03.02	01:00:00	1.17691	1.17875	1.17569	1.17591	5442	0	1
2026.03.02	02:00:00	1.17589	1.17781	1.17561	1.17773	4228	0	0
2026.03.02	03:00:00	1.17775	1.17944	1.17752	1.17919	4279	0	0
2026.03.02	04:00:00	1.17918	1.17934	1.17808	1.17888	2684	0	0
2026.03.02	05:00:00	1.17887	1.17959	1.17882	1.17888	1986	0	0
2026.03.02	06:00:00	1.17888	1.17903	1.17816	1.17864	1514	0	0
2026.03.02	07:00:00	1.17855	1.17855	1.17662	1.17664	2511	0	0
2026.03.02	08:00:00	1.17663	1.17665	1.17301	1.17324	5349	0	0
2026.03.02	09:00:00	1.17323	1.17344	1.17034	1.17160	6371	0	0
2026.03.02	10:00:00	1.17163	1.17237	1.16981	1.17227	5794	0	0
2026.03.02	11:00:00	1.17226	1.17436	1.17212	1.17330	4857	0	0
2026.03.02	12:00:00	1.17330	1.17473	1.17328	1.17385	3518	0	0
2026.03.02	13:00:00	1.17384	1.17413	1.17263	1.17333	3655	0	0
2026.03.02	14:00:00	1.17334	1.17338	1.17021	1.17037	4781	0	0
2026.03.02	15:00:00	1.17036	1.17183	1.16953	1.16985	5957	0	0
2026.03.02	16:00:00	1.16983	1.17239	1.16950	1.17164	7053	0	0
2026.03.02	17:00:00	1.17117	1.17162	1.16799	1.16801	7427	0	0
2026.03.02	18:00:00	1.16800	1.16943	1.16717	1.16895	6080	0	0
2026.03.02	19:00:00	1.16896	1.17078	1.16867	1.17071	4105	0	0
2026.03.02	20:00:00	1.17071	1.17074	1.16867	1.16946	3061	0	0
2026.03.02	21:00:00	1.16945	1.17133	1.16941	1.17111	3023	0	0
2026.03.02	22:00:00	1.17113	1.17132	1.16785	1.16902	5722	0	0
2026.03.02	23:00:00	1.16901	1.16951	1.16889	1.16904	1167	0	1
2026.03.03	00:00:00	1.16841	1.16909	1.16840	1.16859	575	0	25
2026.03.03	01:00:00	1.16877	1.16982	1.16853	1.16944	1602	0	1
2026.03.03	02:00:00	1.16946	1.16957	1.16863	1.16950	2218	0	0
2026.03.03	03:00:00	1.16951	1.17069	1.16923	1.16970	3497	0	0
2026.03.03	04:00:00	1.16970	1.16990	1.16859	1.16941	3500	0	0
2026.03.03	05:00:00	1.16945	1.16975	1.16861	1.16903	2094	0	0
2026.03.03	06:00:00	1.16904	1.16935	1.16790	1.16811	2253	0	0
2026.03.03	07:00:00	1.16811	1.16849	1.16650	1.16666	3519	0	0
2026.03.03	08:00:00	1.16667	1.16717	1.16621	1.16692	3768	0	0
2026.03.03	09:00:00	1.16691	1.16692	1.16426	1.16436	4896	0	0
2026.03.03	10:00:00	1.16435	1.16461	1.16178	1.16228	6976	0	0
2026.03.03	11:00:00	1.16229	1.16291	1.15986	1.16053	6492	0	0
2026.03.03	12:00:00	1.16055	1.16129	1.15891	1.15919	5955	0	0
2026.03.03	13:00:00	1.15918	1.16036	1.15820	1.15974	6720	0	0
2026.03.03	14:00:00	1.15971	1.16154	1.15903	1.16129	5977	0	0
2026.03.03	15:00:00	1.16124	1.16150	1.15901	1.15906	6146	0	0
2026.03.03	16:00:00	1.15904	1.15995	1.15650	1.15673	8345	0	0
2026.03.03	17:00:00	1.15674	1.15850	1.15302	1.15727	11114	0	0
2026.03.03	18:00:00	1.15728	1.16060	1.15694	1.16031	10163	0	0
2026.03.03	19:00:00	1.16030	1.16035	1.15868	1.15904	7457	0	0
2026.03.03	20:00:00	1.15905	1.16221	1.15899	1.16157	6089	0	0
2026.03.03	21:00:00	1.16158	1.16259	1.15997	1.16124	7016	0	0
2026.03.03	22:00:00	1.16125	1.16245	1.16112	1.16174	5148	0	0
2026.03.03	23:00:00	1.16173	1.16182	1.16095	1.16106	1851	0	1
2026.03.04	00:00:00	1.16078	1.16143	1.16053	1.16115	880	0	21
2026.03.04	01:00:00	1.16108	1.16202	1.16082	1.16104	2007	0	1
2026.03.04	02:00:00	1.16105	1.16109	1.15921	1.15928	4118	0	0
2026.03.04	03:00:00	1.15928	1.15975	1.15746	1.15937	5722	0	0
2026.03.04	04:00:00	1.15938	1.16043	1.15914	1.15981	4500	0	0
2026.03.04	05:00:00	1.15981	1.16093	1.15953	1.16085	3497	0	0
2026.03.04	06:00:00	1.16086	1.16105	1.15902	1.15931	3357	0	0
2026.03.04	07:00:00	1.15930	1.15990	1.15870	1.15950	4247	0	0
2026.03.04	08:00:00	1.15946	1.16178	1.15896	1.16108	4012	0	0
2026.03.04	09:00:00	1.16108	1.16280	1.16107	1.16158	4657	0	0
2026.03.04	10:00:00	1.16158	1.16169	1.15951	1.15996	6200	0	0
2026.03.04	11:00:00	1.15994	1.16200	1.15921	1.16087	5635	0	0
2026.03.04	12:00:00	1.16087	1.16472	1.16087	1.16342	7182	0	0
2026.03.04	13:00:00	1.16340	1.16547	1.16308	1.16351	4818	0	0
2026.03.04	14:00:00	1.16351	1.16487	1.16260	1.16305	4561	0	0
2026.03.04	15:00:00	1.16304	1.16521	1.16302	1.16311	6346	0	0
2026.03.04	16:00:00	1.16310	1.16412	1.16207	1.16250	8254	0	0
2026.03.04	17:00:00	1.16248	1.16405	1.16166	1.16402	7489	0	0
2026.03.04	18:00:00	1.16403	1.16461	1.16286	1.16372	4705	0	0
2026.03.04	19:00:00	1.16373	1.16436	1.16264	1.16331	3625	0	0
2026.03.04	20:00:00	1.16331	1.16335	1.16234	1.16244	3169	0	0
2026.03.04	21:00:00	1.16245	1.16411	1.16245	1.16397	2709	0	0
2026.03.04	22:00:00	1.16396	1.16437	1.16383	1.16402	2517	0	0
2026.03.04	23:00:00	1.16401	1.16416	1.16350	1.16359	1219	0	1
2026.03.05	00:00:00	1.16282	1.16338	1.16266	1.16337	385	0	25
2026.03.05	01:00:00	1.16339	1.16382	1.16336	1.16348	1328	0	1
2026.03.05	02:00:00	1.16347	1.16454	1.16319	1.16451	2380	0	0
2026.03.05	03:00:00	1.16449	1.16474	1.16269	1.16281	5009	0	0
2026.03.05	04:00:00	1.16282	1.16318	1.16223	1.16258	3760	0	0
2026.03.05	05:00:00	1.16259	1.16277	1.16098	1.16129	3616	0	0
2026.03.05	06:00:00	1.16129	1.16148	1.16053	1.16085	2521	0	0
2026.03.05	07:00:00	1.16084	1.16139	1.15940	1.15944	3171	0	0
2026.03.05	08:00:00	1.15942	1.16162	1.15877	1.16070	4830	0	0
2026.03.05	09:00:00	1.16069	1.16162	1.15991	1.16049	5205	0	0
2026.03.05	10:00:00	1.16049	1.16049	1.15814	1.15988	6048	0	0
2026.03.05	11:00:00	1.15988	1.16446	1.15965	1.16228	8613	0	0
2026.03.05	12:00:00	1.16227	1.16316	1.16062	1.16108	4393	0	0
2026.03.05	13:00:00	1.16109	1.16174	1.16038	1.16113	3329	0	0
2026.03.05	14:00:00	1.16114	1.16248	1.16074	1.16205	3855	0	0
2026.03.05	15:00:00	1.16206	1.16244	1.15899	1.15974	5410	0	0
2026.03.05	16:00:00	1.15967	1.16089	1.15923	1.16024	6851	0	0
2026.03.05	17:00:00	1.16027	1.16090	1.15691	1.15830	8246	0	0
2026.03.05	18:00:00	1.15829	1.15868	1.15589	1.15837	7374	0	0
2026.03.05	19:00:00	1.15842	1.15919	1.15722	1.15878	7550	0	0
2026.03.05	20:00:00	1.15878	1.15916	1.15711	1.15861	6545	0	0
2026.03.05	21:00:00	1.15860	1.15881	1.15700	1.15728	4794	0	0
2026.03.05	22:00:00	1.15729	1.16104	1.15701	1.16046	6740	0	0
2026.03.05	23:00:00	1.16042	1.16103	1.16015	1.16071	2013	0	1
2026.03.06	00:00:00	1.16044	1.16081	1.16044	1.16065	370	0	25
2026.03.06	01:00:00	1.16074	1.16101	1.16031	1.16062	2002	0	1
2026.03.06	02:00:00	1.16063	1.16143	1.16054	1.16111	3008	0	0
2026.03.06	03:00:00	1.16110	1.16203	1.16068	1.16151	4506	0	0
2026.03.06	04:00:00	1.16150	1.16206	1.16141	1.16164	3020	0	0
2026.03.06	05:00:00	1.16163	1.16207	1.16162	1.16202	2111	0	0
2026.03.06	06:00:00	1.16201	1.16213	1.16130	1.16136	1259	0	0
2026.03.06	07:00:00	1.16135	1.16166	1.16057	1.16064	2318	0	0
2026.03.06	08:00:00	1.16065	1.16120	1.16018	1.16116	2665	0	0
2026.03.06	09:00:00	1.16117	1.16182	1.16063	1.16145	3508	0	0
2026.03.06	10:00:00	1.16146	1.16146	1.16014	1.16029	4494	0	0
2026.03.06	11:00:00	1.16030	1.16030	1.15718	1.15741	5545	0	0
2026.03.06	12:00:00	1.15742	1.15851	1.15728	1.15783	4118	0	0
2026.03.06	13:00:00	1.15784	1.15812	1.15611	1.15625	5160	0	0
2026.03.06	14:00:00	1.15638	1.15688	1.15522	1.15549	5221	0	0
2026.03.06	15:00:00	1.15548	1.15927	1.15507	1.15551	9942	0	0
2026.03.06	16:00:00	1.15550	1.15746	1.15460	1.15721	10267	0	0
2026.03.06	17:00:00	1.15721	1.15928	1.15705	1.15797	9931	0	0
2026.03.06	18:00:00	1.15796	1.16130	1.15789	1.16056	7908	0	0
2026.03.06	19:00:00	1.16050	1.16093	1.15946	1.15958	7310	0	0
2026.03.06	20:00:00	1.15958	1.16214	1.15929	1.15985	6655	0	0
2026.03.06	21:00:00	1.15989	1.16097	1.15968	1.16013	4259	0	0
2026.03.06	22:00:00	1.16015	1.16099	1.15956	1.16060	4725	0	0
2026.03.06	23:00:00	1.16058	1.16183	1.16049	1.16126	2637	0	0
2026.03.09	00:00:00	1.15442	1.15546	1.15441	1.15458	978	0	30
2026.03.09	01:00:00	1.15461	1.15512	1.15256	1.15358	5807	0	1
2026.03.09	02:00:00	1.15359	1.15400	1.15213	1.15246	5983	0	0
2026.03.09	03:00:00	1.15244	1.15315	1.15161	1.15174	6048	0	0
2026.03.09	04:00:00	1.15175	1.15238	1.15069	1.15092	6931	0	0
2026.03.09	05:00:00	1.15093	1.15282	1.15083	1.15249	6556	0	0
2026.03.09	06:00:00	1.15248	1.15288	1.15125	1.15167	4858	0	0
2026.03.09	07:00:00	1.15169	1.15295	1.15158	1.15258	3760	0	0
2026.03.09	08:00:00	1.15259	1.15715	1.15239	1.15675	7200	0	0
2026.03.09	09:00:00	1.15675	1.15690	1.15447	1.15448	6854	0	0
2026.03.09	10:00:00	1.15448	1.15651	1.15355	1.15631	7518	0	0
2026.03.09	11:00:00	1.15635	1.15652	1.15153	1.15347	9103	0	0
2026.03.09	12:00:00	1.15346	1.15729	1.15310	1.15540	8190	0	0
2026.03.09	13:00:00	1.15541	1.15649	1.15469	1.15602	7665	0	0
2026.03.09	14:00:00	1.15605	1.15678	1.15551	1.15613	6721	0	0
2026.03.09	15:00:00	1.15613	1.15686	1.15501	1.15533	6442	0	0
2026.03.09	16:00:00	1.15533	1.15879	1.15524	1.15757	9170	0	0
2026.03.09	17:00:00	1.15758	1.15782	1.15475	1.15731	11619	0	0
2026.03.09	18:00:00	1.15731	1.15938	1.15724	1.15916	7548	0	0
2026.03.09	19:00:00	1.15917	1.15993	1.15850	1.15875	5973	0	0
2026.03.09	20:00:00	1.15874	1.15894	1.15784	1.15787	5261	0	0
2026.03.09	21:00:00	1.15786	1.15843	1.15758	1.15765	4247	0	0
2026.03.09	22:00:00	1.15764	1.16336	1.15752	1.16089	9603	0	0
2026.03.09	23:00:00	1.16088	1.16301	1.16086	1.16294	3342	0	1
2026.03.10	00:00:00	1.16333	1.16359	1.16306	1.16358	530	0	25
2026.03.10	01:00:00	1.16365	1.16455	1.16226	1.16294	3065	0	1
2026.03.10	02:00:00	1.16296	1.16314	1.16146	1.16163	2879	0	0
2026.03.10	03:00:00	1.16160	1.16356	1.16114	1.16263	5844	0	0
2026.03.10	04:00:00	1.16258	1.16296	1.16116	1.16199	5376	0	0
2026.03.10	05:00:00	1.16198	1.16268	1.16117	1.16131	3664	0	0
2026.03.10	06:00:00	1.16132	1.16157	1.16077	1.16096	3112	0	0
2026.03.10	07:00:00	1.16096	1.16143	1.16069	1.16118	2236	0	0
2026.03.10	08:00:00	1.16116	1.16201	1.16116	1.16201	3158	0	0
2026.03.10	09:00:00	1.16203	1.16376	1.16203	1.16325	3464	0	0
2026.03.10	10:00:00	1.16325	1.16636	1.16277	1.16604	6011	0	0
2026.03.10	11:00:00	1.16594	1.16619	1.16431	1.16458	6083	0	0
2026.03.10	12:00:00	1.16458	1.16590	1.16438	1.16511	4190	0	0
2026.03.10	13:00:00	1.16512	1.16517	1.16204	1.16394	5490	0	0
2026.03.10	14:00:00	1.16396	1.16531	1.16363	1.16384	5953	0	0
2026.03.10	15:00:00	1.16386	1.16409	1.16214	1.16344	6471	0	0
2026.03.10	16:00:00	1.16344	1.16487	1.16292	1.16322	7632	0	0
2026.03.10	17:00:00	1.16324	1.16504	1.16269	1.16483	6772	0	0
2026.03.10	18:00:00	1.16480	1.16551	1.16395	1.16475	5868	0	0
2026.03.10	19:00:00	1.16475	1.16546	1.16391	1.16517	4610	0	0
2026.03.10	20:00:00	1.16517	1.16674	1.16413	1.16452	6728	0	0
2026.03.10	21:00:00	1.16452	1.16459	1.16138	1.16244	9810	0	0
2026.03.10	22:00:00	1.16243	1.16286	1.16073	1.16143	7047	0	0
2026.03.10	23:00:00	1.16145	1.16153	1.16078	1.16095	1972	0	1
2026.03.11	00:00:00	1.16072	1.16109	1.16052	1.16092	645	0	25
2026.03.11	01:00:00	1.16090	1.16128	1.16028	1.16047	1249	0	1
2026.03.11	02:00:00	1.16048	1.16119	1.16047	1.16115	1373	0	0
2026.03.11	03:00:00	1.16114	1.16249	1.16056	1.16179	4226	0	0
2026.03.11	04:00:00	1.16179	1.16281	1.16125	1.16267	4000	0	0
2026.03.11	05:00:00	1.16266	1.16293	1.16187	1.16258	3177	0	0
2026.03.11	06:00:00	1.16258	1.16319	1.16249	1.16303	1952	0	0
2026.03.11	07:00:00	1.16303	1.16352	1.16280	1.16336	1980	0	0
2026.03.11	08:00:00	1.16335	1.16361	1.16300	1.16328	2735	0	0
2026.03.11	09:00:00	1.16329	1.16409	1.16298	1.16335	3246	0	0
2026.03.11	10:00:00	1.16333	1.16453	1.16136	1.16168	5593	0	0
2026.03.11	11:00:00	1.16172	1.16214	1.16035	1.16125	6185	0	0
2026.03.11	12:00:00	1.16126	1.16139	1.15900	1.15921	6820	0	0
2026.03.11	13:00:00	1.15921	1.16115	1.15910	1.16070	5004	0	0
2026.03.11	14:00:00	1.16062	1.16106	1.15943	1.15943	5374	0	0
2026.03.11	15:00:00	1.15940	1.16028	1.15775	1.15825	8006	0	0
2026.03.11	16:00:00	1.15813	1.15932	1.15779	1.15917	7711	0	0
2026.03.11	17:00:00	1.15913	1.16127	1.15810	1.15819	10397	0	0
2026.03.11	18:00:00	1.15819	1.15843	1.15654	1.15661	6161	0	0
2026.03.11	19:00:00	1.15662	1.15766	1.15630	1.15709	5755	0	0
2026.03.11	20:00:00	1.15711	1.15764	1.15607	1.15713	5894	0	0
2026.03.11	21:00:00	1.15712	1.15744	1.15640	1.15715	4844	0	0
2026.03.11	22:00:00	1.15716	1.15764	1.15679	1.15731	2730	0	0
2026.03.11	23:00:00	1.15732	1.15738	1.15646	1.15653	1492	0	1
2026.03.12	00:00:00	1.15648	1.15739	1.15639	1.15737	668	0	25
2026.03.12	01:00:00	1.15738	1.15738	1.15492	1.15500	2348	0	1
2026.03.12	02:00:00	1.15501	1.15538	1.15396	1.15426	2443	0	0
2026.03.12	03:00:00	1.15424	1.15501	1.15339	1.15458	4028	0	0
2026.03.12	04:00:00	1.15459	1.15555	1.15453	1.15507	3843	0	0
2026.03.12	05:00:00	1.15508	1.15543	1.15321	1.15390	3531	0	0
2026.03.12	06:00:00	1.15387	1.15403	1.15329	1.15384	2679	0	0
2026.03.12	07:00:00	1.15383	1.15400	1.15316	1.15330	1976	0	0
2026.03.12	08:00:00	1.15329	1.15453	1.15324	1.15395	3491	0	0
2026.03.12	09:00:00	1.15395	1.15515	1.15391	1.15477	3410	0	0
2026.03.12	10:00:00	1.15476	1.15528	1.15415	1.15510	3903	0	0
2026.03.12	11:00:00	1.15515	1.15560	1.15432	1.15473	4018	0	0
2026.03.12	12:00:00	1.15472	1.15612	1.15446	1.15597	3512	0	0
2026.03.12	13:00:00	1.15595	1.15629	1.15493	1.15578	3386	0	0
2026.03.12	14:00:00	1.15578	1.15663	1.15525	1.15562	3551	0	0
2026.03.12	15:00:00	1.15567	1.15573	1.15326	1.15391	4422	0	0
2026.03.12	16:00:00	1.15392	1.15503	1.15202	1.15261	7364	0	0
2026.03.12	17:00:00	1.15263	1.15331	1.15157	1.15206	7739	0	0
2026.03.12	18:00:00	1.15202	1.15284	1.15108	1.15219	8204	0	0
2026.03.12	19:00:00	1.15217	1.15326	1.15135	1.15220	6708	0	0
2026.03.12	20:00:00	1.15220	1.15318	1.15192	1.15219	5714	0	0
2026.03.12	21:00:00	1.15220	1.15241	1.15112	1.15117	4167	0	0
2026.03.12	22:00:00	1.15120	1.15185	1.15107	1.15150	3716	0	0
2026.03.12	23:00:00	1.15151	1.15162	1.15101	1.15123	1650	0	0
2026.03.13	00:00:00	1.15102	1.15114	1.15101	1.15107	329	0	25
2026.03.13	01:00:00	1.15106	1.15214	1.15104	1.15190	1640	0	1
2026.03.13	02:00:00	1.15191	1.15233	1.15148	1.15209	1509	0	0
2026.03.13	03:00:00	1.15209	1.15284	1.15200	1.15233	2724	0	0
2026.03.13	04:00:00	1.15233	1.15297	1.15143	1.15164	2931	0	0
2026.03.13	05:00:00	1.15166	1.15223	1.15110	1.15138	2284	0	0
2026.03.13	06:00:00	1.15133	1.15160	1.15047	1.15091	2180	0	0
2026.03.13	07:00:00	1.15087	1.15092	1.14998	1.15032	1864	0	0
2026.03.13	08:00:00	1.15032	1.15065	1.14998	1.15008	1981	0	0
2026.03.13	09:00:00	1.15009	1.15034	1.14823	1.14828	3411	0	0
2026.03.13	10:00:00	1.14830	1.14837	1.14540	1.14578	5283	0	0
2026.03.13	11:00:00	1.14578	1.14592	1.14328	1.14449	6041	0	0
2026.03.13	12:00:00	1.14453	1.14616	1.14453	1.14534	4519	0	0
2026.03.13	13:00:00	1.14532	1.14722	1.14521	1.14584	3946	0	0
2026.03.13	14:00:00	1.14584	1.14709	1.14554	1.14685	5244	0	0
2026.03.13	15:00:00	1.14681	1.14886	1.14609	1.14779	6801	0	0
2026.03.13	16:00:00	1.14782	1.14901	1.14737	1.14787	6206	0	0
2026.03.13	17:00:00	1.14789	1.14848	1.14555	1.14573	7657	0	0
2026.03.13	18:00:00	1.14573	1.14612	1.14345	1.14431	7388	0	0
2026.03.13	19:00:00	1.14432	1.14506	1.14361	1.14421	6186	0	0
2026.03.13	20:00:00	1.14420	1.14460	1.14343	1.14422	4642	0	0
2026.03.13	21:00:00	1.14423	1.14428	1.14315	1.14359	3880	0	0
2026.03.13	22:00:00	1.14360	1.14369	1.14200	1.14223	2858	0	0
2026.03.13	23:00:00	1.14223	1.14225	1.14105	1.14138	2138	0	0
2026.03.16	00:00:00	1.14185	1.14283	1.14185	1.14242	789	0	26
2026.03.16	01:00:00	1.14254	1.14363	1.14190	1.14299	3369	0	1
2026.03.16	02:00:00	1.14300	1.14356	1.14260	1.14355	2734	0	0
2026.03.16	03:00:00	1.14355	1.14556	1.14350	1.14549	3176	0	0
2026.03.16	04:00:00	1.14550	1.14565	1.14396	1.14493	3674	0	0
2026.03.16	05:00:00	1.14495	1.14514	1.14447	1.14480	2606	0	0
2026.03.16	06:00:00	1.14482	1.14540	1.14457	1.14505	1927	0	0
2026.03.16	07:00:00	1.14503	1.14516	1.14415	1.14415	1466	0	0
2026.03.16	08:00:00	1.14416	1.14434	1.14332	1.14346	1919	0	0
2026.03.16	09:00:00	1.14345	1.14366	1.14241	1.14316	2560	0	0
2026.03.16	10:00:00	1.14317	1.14349	1.14143	1.14258	3838	0	0
2026.03.16	11:00:00	1.14259	1.14453	1.14259	1.14449	4339	0	0
2026.03.16	12:00:00	1.14448	1.14527	1.14409	1.14500	3964	0	0
2026.03.16	13:00:00	1.14499	1.14779	1.14475	1.14752	3879	0	0
2026.03.16	14:00:00	1.14749	1.14871	1.14709	1.14792	3549	0	0
2026.03.16	15:00:00	1.14794	1.14878	1.14717	1.14737	4353	0	0
2026.03.16	16:00:00	1.14738	1.15009	1.14738	1.15001	4277	0	0
2026.03.16	17:00:00	1.15000	1.15021	1.14803	1.14888	5973	0	0
2026.03.16	18:00:00	1.14887	1.15002	1.14805	1.14869	4241	0	0
2026.03.16	19:00:00	1.14863	1.14993	1.14777	1.14936	4510	0	0
2026.03.16	20:00:00	1.14938	1.15038	1.14906	1.14923	4140	0	0
2026.03.16	21:00:00	1.14922	1.15238	1.14922	1.15185	3510	0	0
2026.03.16	22:00:00	1.15186	1.15248	1.15059	1.15078	3975	0	0
2026.03.16	23:00:00	1.15080	1.15104	1.15030	1.15062	1418	0	0
2026.03.17	00:00:00	1.15044	1.15106	1.15043	1.15057	478	0	21
2026.03.17	01:00:00	1.15048	1.15051	1.14977	1.14988	1400	0	2
2026.03.17	02:00:00	1.14988	1.14999	1.14948	1.14984	1433	0	1
2026.03.17	03:00:00	1.14985	1.14985	1.14891	1.14925	2809	0	1
2026.03.17	04:00:00	1.14926	1.14957	1.14864	1.14930	3000	0	1
2026.03.17	05:00:00	1.14930	1.14986	1.14908	1.14951	1569	0	1
2026.03.17	06:00:00	1.14946	1.15029	1.14917	1.14919	2033	0	1
2026.03.17	07:00:00	1.14920	1.14999	1.14894	1.14970	1180	0	1
2026.03.17	08:00:00	1.14970	1.14992	1.14781	1.14794	2312	0	1
2026.03.17	09:00:00	1.14800	1.14818	1.14659	1.14818	3530	0	1
2026.03.17	10:00:00	1.14817	1.15001	1.14797	1.14950	2851	0	1
2026.03.17	11:00:00	1.14950	1.15180	1.14878	1.15103	4175	0	1
2026.03.17	12:00:00	1.15103	1.15247	1.15080	1.15165	3654	0	1
2026.03.17	13:00:00	1.15166	1.15166	1.15040	1.15061	3309	0	1
2026.03.17	14:00:00	1.15062	1.15189	1.15047	1.15075	3365	0	1
2026.03.17	15:00:00	1.15071	1.15246	1.15044	1.15241	4284	0	1
2026.03.17	16:00:00	1.15243	1.15435	1.15243	1.15305	6334	0	1
2026.03.17	17:00:00	1.15306	1.15385	1.15207	1.15333	5305	0	1
2026.03.17	18:00:00	1.15333	1.15389	1.15206	1.15249	6214	0	1
2026.03.17	19:00:00	1.15248	1.15330	1.15181	1.15280	4561	0	1
2026.03.17	20:00:00	1.15279	1.15402	1.15263	1.15396	3144	0	1
2026.03.17	21:00:00	1.15400	1.15472	1.15385	1.15391	2352	0	1
2026.03.17	22:00:00	1.15392	1.15412	1.15339	1.15355	1794	0	1
2026.03.17	23:00:00	1.15356	1.15413	1.15349	1.15405	950	0	2
2026.03.18	00:00:00	1.15346	1.15380	1.15334	1.15351	639	0	22
2026.03.18	01:00:00	1.15354	1.15437	1.15352	1.15398	1814	0	2
2026.03.18	02:00:00	1.15399	1.15410	1.15367	1.15386	2749	0	1
2026.03.18	03:00:00	1.15388	1.15439	1.15321	1.15327	2997	0	1
2026.03.18	04:00:00	1.15326	1.15401	1.15322	1.15338	2238	0	1
2026.03.18	05:00:00	1.15338	1.15381	1.15320	1.15326	1567	0	1
2026.03.18	06:00:00	1.15325	1.15367	1.15320	1.15361	1239	0	1
2026.03.18	07:00:00	1.15363	1.15425	1.15360	1.15416	1101	0	1
2026.03.18	08:00:00	1.15416	1.15468	1.15401	1.15452	1447	0	1
2026.03.18	09:00:00	1.15454	1.15492	1.15396	1.15423	2204	0	1
2026.03.18	10:00:00	1.15424	1.15459	1.15234	1.15263	2606	0	1
2026.03.18	11:00:00	1.15264	1.15342	1.15178	1.15324	3387	0	1
2026.03.18	12:00:00	1.15323	1.15393	1.15253	1.15388	2253	0	1
2026.03.18	13:00:00	1.15389	1.15440	1.15337	1.15399	2320	0	1
2026.03.18	14:00:00	1.15398	1.15552	1.15300	1.15466	4254	0	1
2026.03.18	15:00:00	1.15473	1.15481	1.15057	1.15074	7203	0	1
2026.03.18	16:00:00	1.15080	1.15155	1.14906	1.15149	7229	0	1
2026.03.18	17:00:00	1.15149	1.15275	1.15042	1.15165	6576	0	1
2026.03.18	18:00:00	1.15166	1.15296	1.15114	1.15129	5426	0	1
2026.03.18	19:00:00	1.15131	1.15221	1.15068	1.15107	4476	0	1
2026.03.18	20:00:00	1.15105	1.15166	1.15026	1.15157	3997	0	1
2026.03.18	21:00:00	1.15151	1.15252	1.14771	1.14773	7568	0	1
2026.03.18	22:00:00	1.14772	1.14825	1.14685	1.14695	5007	0	1
2026.03.18	23:00:00	1.14694	1.14703	1.14498	1.14508	2405	0	1
2026.03.19	00:00:00	1.14519	1.14683	1.14519	1.14629	1196	0	22
2026.03.19	01:00:00	1.14643	1.14654	1.14509	1.14564	2122	0	2
2026.03.19	02:00:00	1.14565	1.14658	1.14551	1.14632	2101	0	1
2026.03.19	03:00:00	1.14631	1.14744	1.14621	1.14741	3016	0	1
2026.03.19	04:00:00	1.14742	1.14836	1.14732	1.14761	3189	0	1
2026.03.19	05:00:00	1.14762	1.14913	1.14716	1.14820	3712	0	1
2026.03.19	06:00:00	1.14822	1.14833	1.14745	1.14746	2021	0	1
2026.03.19	07:00:00	1.14743	1.14750	1.14668	1.14688	1797	0	1
2026.03.19	08:00:00	1.14687	1.14710	1.14635	1.14659	1718	0	1
2026.03.19	09:00:00	1.14661	1.14768	1.14610	1.14653	3284	0	1
2026.03.19	10:00:00	1.14653	1.14754	1.14508	1.14524	5991	0	1
2026.03.19	11:00:00	1.14525	1.14592	1.14431	1.14510	6592	0	1
2026.03.19	12:00:00	1.14510	1.14880	1.14510	1.14803	8001	0	1
2026.03.19	13:00:00	1.14803	1.14803	1.14665	1.14739	4497	0	1
2026.03.19	14:00:00	1.14739	1.14815	1.14658	1.14796	4050	0	1
2026.03.19	15:00:00	1.14797	1.14899	1.14626	1.14871	7685	0	1
2026.03.19	16:00:00	1.14870	1.15273	1.14694	1.15177	11279	0	1
2026.03.19	17:00:00	1.15175	1.15283	1.15007	1.15164	10531	0	1
2026.03.19	18:00:00	1.15165	1.15389	1.14985	1.15142	8527	0	1
2026.03.19	19:00:00	1.15142	1.15378	1.15119	1.15359	7665	0	1
2026.03.19	20:00:00	1.15358	1.15675	1.15357	1.15602	5046	0	1
2026.03.19	21:00:00	1.15602	1.15842	1.15510	1.15832	4660	0	1
2026.03.19	22:00:00	1.15838	1.16162	1.15772	1.15846	9343	0	1
2026.03.19	23:00:00	1.15851	1.15891	1.15803	1.15855	1803	0	2
2026.03.20	00:00:00	1.15875	1.15876	1.15796	1.15813	338	0	22
2026.03.20	01:00:00	1.15812	1.15949	1.15774	1.15783	1766	0	2
2026.03.20	02:00:00	1.15782	1.15818	1.15744	1.15766	1809	0	1
2026.03.20	03:00:00	1.15765	1.15801	1.15710	1.15738	2469	0	1
2026.03.20	04:00:00	1.15739	1.15770	1.15634	1.15649	3090	0	1
2026.03.20	05:00:00	1.15650	1.15680	1.15616	1.15637	2198	0	1
2026.03.20	06:00:00	1.15637	1.15637	1.15561	1.15568	1811	0	1
2026.03.20	07:00:00	1.15567	1.15598	1.15551	1.15557	1314	0	1
2026.03.20	08:00:00	1.15556	1.15610	1.15523	1.15525	1882	0	1
2026.03.20	09:00:00	1.15526	1.15662	1.15526	1.15590	2198	0	1
2026.03.20	10:00:00	1.15588	1.15753	1.15558	1.15730	4341	0	1
2026.03.20	11:00:00	1.15737	1.15808	1.15677	1.15677	4445	0	1
2026.03.20	12:00:00	1.15678	1.15729	1.15477	1.15486	4759	0	1
2026.03.20	13:00:00	1.15488	1.15626	1.15351	1.15599	5172	0	1
2026.03.20	14:00:00	1.15598	1.15800	1.15573	1.15715	4024	0	1
2026.03.20	15:00:00	1.15714	1.15798	1.15621	1.15646	6560	0	1
2026.03.20	16:00:00	1.15651	1.15660	1.15400	1.15412	6856	0	1
2026.03.20	17:00:00	1.15410	1.15439	1.15247	1.15348	8227	0	1
2026.03.20	18:00:00	1.15348	1.15577	1.15348	1.15421	8253	0	1
2026.03.20	19:00:00	1.15422	1.15666	1.15413	1.15593	5523	0	1
2026.03.20	20:00:00	1.15598	1.15706	1.15498	1.15578	5876	0	1
2026.03.20	21:00:00	1.15578	1.15717	1.15477	1.15505	6233	0	1
2026.03.20	22:00:00	1.15505	1.15620	1.15467	1.15585	5147	0	1
2026.03.20	23:00:00	1.15581	1.15706	1.15572	1.15705	2241	0	2
2026.03.23	00:00:00	1.15353	1.15426	1.15351	1.15377	449	0	27
2026.03.23	01:00:00	1.15396	1.15626	1.15394	1.15578	3402	0	2
2026.03.23	02:00:00	1.15579	1.15647	1.15570	1.15620	2938	0	1
2026.03.23	03:00:00	1.15621	1.15643	1.15386	1.15443	5069	0	1
2026.03.23	04:00:00	1.15441	1.15617	1.15441	1.15544	5541	0	1
2026.03.23	05:00:00	1.15547	1.15574	1.15430	1.15468	3951	0	1
2026.03.23	06:00:00	1.15466	1.15504	1.15427	1.15470	2633	0	1
2026.03.23	07:00:00	1.15470	1.15515	1.15456	1.15505	2133	0	1
2026.03.23	08:00:00	1.15506	1.15525	1.15341	1.15341	2949	0	1
2026.03.23	09:00:00	1.15343	1.15343	1.15205	1.15306	4752	0	1
2026.03.23	10:00:00	1.15305	1.15403	1.15235	1.15271	5664	0	1
2026.03.23	11:00:00	1.15274	1.15462	1.15260	1.15297	7031	0	1
2026.03.23	12:00:00	1.15298	1.15341	1.14911	1.14948	6221	0	1
2026.03.23	13:00:00	1.14947	1.15011	1.14845	1.14856	5978	0	1
2026.03.23	14:00:00	1.14857	1.16193	1.14857	1.15565	15518	0	1
2026.03.23	15:00:00	1.15556	1.16145	1.15462	1.16124	13161	0	1
2026.03.23	16:00:00	1.16126	1.16155	1.15800	1.15998	12553	0	1
2026.03.23	17:00:00	1.15997	1.16397	1.15929	1.16153	11756	0	1
2026.03.23	18:00:00	1.16150	1.16311	1.15819	1.15862	11216	0	1
2026.03.23	19:00:00	1.15862	1.16006	1.15765	1.15910	9257	0	1
2026.03.23	20:00:00	1.15913	1.16098	1.15867	1.16018	7419	0	1
2026.03.23	21:00:00	1.16017	1.16374	1.15918	1.16352	5981	0	1
2026.03.23	22:00:00	1.16351	1.16354	1.16126	1.16132	3775	0	1
2026.03.23	23:00:00	1.16132	1.16152	1.16093	1.16096	1355	0	2
2026.03.24	00:00:00	1.16112	1.16141	1.16108	1.16139	319	0	22
2026.03.24	01:00:00	1.16149	1.16176	1.16082	1.16145	1681	0	2
2026.03.24	02:00:00	1.16146	1.16160	1.16058	1.16082	1989	0	1
2026.03.24	03:00:00	1.16082	1.16086	1.15811	1.15883	5548	0	1
2026.03.24	04:00:00	1.15884	1.15960	1.15782	1.15845	5071	0	1
2026.03.24	05:00:00	1.15846	1.15924	1.15829	1.15858	4026	0	1
2026.03.24	06:00:00	1.15859	1.15892	1.15812	1.15831	2671	0	1
2026.03.24	07:00:00	1.15831	1.15834	1.15755	1.15801	2006	0	1
2026.03.24	08:00:00	1.15801	1.15892	1.15758	1.15837	4123	0	1
2026.03.24	09:00:00	1.15836	1.15924	1.15791	1.15919	3989	0	1
2026.03.24	10:00:00	1.15904	1.16178	1.15890	1.16087	6112	0	1
2026.03.24	11:00:00	1.16086	1.16093	1.15817	1.15882	6775	0	1
2026.03.24	12:00:00	1.15893	1.15969	1.15786	1.15948	4928	0	1
2026.03.24	13:00:00	1.15949	1.15964	1.15832	1.15921	4412	0	1
2026.03.24	14:00:00	1.15910	1.16005	1.15788	1.15892	4845	0	1
2026.03.24	15:00:00	1.15895	1.15992	1.15811	1.15847	5795	0	1
2026.03.24	16:00:00	1.15846	1.15907	1.15672	1.15775	8550	0	1
2026.03.24	17:00:00	1.15776	1.16067	1.15775	1.15893	9156	0	1
2026.03.24	18:00:00	1.15895	1.15972	1.15758	1.15778	8600	0	1
2026.03.24	19:00:00	1.15776	1.15925	1.15741	1.15829	5606	0	1
2026.03.24	20:00:00	1.15827	1.15837	1.15570	1.15761	8375	0	1
2026.03.24	21:00:00	1.15759	1.15924	1.15675	1.15822	7055	0	1
2026.03.24	22:00:00	1.15821	1.15927	1.15821	1.15855	3715	0	1
2026.03.24	23:00:00	1.15854	1.16283	1.15827	1.16061	6005	0	1
2026.03.25	00:00:00	1.16035	1.16115	1.15998	1.16086	936	0	11
2026.03.25	01:00:00	1.16074	1.16190	1.16044	1.16140	2263	0	2
2026.03.25	02:00:00	1.16140	1.16183	1.16087	1.16137	2080	0	1
2026.03.25	03:00:00	1.16136	1.16306	1.16123	1.16233	4323	0	1
2026.03.25	04:00:00	1.16226	1.16244	1.16118	1.16121	4066	0	1
2026.03.25	05:00:00	1.16122	1.16130	1.16009	1.16041	2754	0	1
2026.03.25	06:00:00	1.16040	1.16051	1.16005	1.16035	1975	0	1
2026.03.25	07:00:00	1.16034	1.16041	1.15973	1.15978	1786	0	1
2026.03.25	08:00:00	1.15977	1.15981	1.15888	1.15922	2591	0	1
2026.03.25	09:00:00	1.15921	1.15998	1.15870	1.15963	2602	0	1
2026.03.25	10:00:00	1.15962	1.16051	1.15885	1.15976	4125	0	1
2026.03.25	11:00:00	1.15979	1.16166	1.15906	1.16027	6032	0	1
2026.03.25	12:00:00	1.16028	1.16093	1.15912	1.15990	4417	0	1
2026.03.25	13:00:00	1.15991	1.16055	1.15957	1.16044	3778	0	1
2026.03.25	14:00:00	1.16045	1.16115	1.15942	1.16055	3839	0	1
2026.03.25	15:00:00	1.16054	1.16136	1.15864	1.15913	7078	0	1
2026.03.25	16:00:00	1.15918	1.15989	1.15716	1.15729	7197	0	1
2026.03.25	17:00:00	1.15731	1.15877	1.15663	1.15858	7392	0	1
2026.03.25	18:00:00	1.15859	1.15894	1.15628	1.15698	7292	0	1
2026.03.25	19:00:00	1.15699	1.15766	1.15553	1.15675	6078	0	1
2026.03.25	20:00:00	1.15676	1.15836	1.15649	1.15783	4563	0	1
2026.03.25	21:00:00	1.15785	1.15811	1.15611	1.15665	3868	0	1
2026.03.25	22:00:00	1.15665	1.15666	1.15591	1.15632	3835	0	1
2026.03.25	23:00:00	1.15632	1.15634	1.15556	1.15577	1419	0	2
2026.03.26	00:00:00	1.15577	1.15606	1.15577	1.15596	293	0	22
