<DATE>	<TIME>	<OPEN>	<HIGH>	<LOW>	<CLOSE>	<TICKVOL>	<VOL>	<SPREAD>
2024.03.01	01:00:00	17744.30	17746.40	17711.90	17727.00	1400	0	770
2024.03.01	02:00:00	17727.00	17762.70	17725.60	17760.90	698	0	460
2024.03.01	03:00:00	17760.40	17784.80	17751.10	17783.20	699	0	460
2024.03.01	04:00:00	17782.70	17786.00	17777.90	17783.00	395	0	460
2024.03.01	05:00:00	17783.50	17787.50	17780.50	17785.50	478	0	460
2024.03.01	06:00:00	17787.00	17787.90	17777.00	17781.00	376	0	460
2024.03.01	07:00:00	17781.00	17788.00	17774.80	17779.90	356	0	460
2024.03.01	08:00:00	17778.90	17789.90	17777.90	17782.00	349	0	460
2024.03.01	09:00:00	17782.00	17807.40	17774.00	17797.40	1054	0	80
2024.03.01	10:00:00	17797.40	17817.10	17733.85	17750.15	3750	0	80
2024.03.01	11:00:00	17750.10	17794.65	17741.65	17781.65	2557	0	80
2024.03.01	12:00:00	17783.15	17783.15	17710.75	17729.35	3245	0	80
2024.03.01	13:00:00	17729.85	17791.05	17729.30	17786.50	1781	0	80
2024.03.01	14:00:00	17786.50	17789.00	17746.05	17768.75	1678	0	80
2024.03.01	15:00:00	17768.70	17773.75	17746.70	17748.20	2424	0	80
2024.03.01	16:00:00	17747.70	17764.20	17688.75	17698.25	4173	0	80
2024.03.01	17:00:00	17712.70	17760.75	17694.25	17755.25	4335	0	80
2024.03.01	18:00:00	17755.70	17755.70	17728.70	17735.20	2275	0	80
2024.03.01	19:00:00	17735.70	17746.20	17724.75	17732.20	1457	0	80
2024.03.01	20:00:00	17732.20	17748.20	17725.70	17743.70	1426	0	80
2024.03.01	21:00:00	17744.20	17750.70	17735.70	17745.70	1126	0	80
2024.03.01	22:00:00	17744.70	17749.70	17738.75	17747.20	1358	0	80
2024.03.04	01:00:00	17743.20	17751.60	17734.70	17737.60	974	0	740
2024.03.04	02:00:00	17737.60	17761.20	17735.40	17756.20	921	0	460
2024.03.04	03:00:00	17756.20	17764.60	17753.60	17756.00	601	0	460
2024.03.04	04:00:00	17755.50	17769.20	17750.40	17766.70	499	0	460
2024.03.04	05:00:00	17766.20	17766.70	17755.70	17758.70	442	0	460
2024.03.04	06:00:00	17759.20	17764.20	17756.70	17759.20	367	0	460
2024.03.04	07:00:00	17758.70	17760.70	17750.70	17754.70	251	0	460
2024.03.04	08:00:00	17754.20	17764.00	17745.10	17753.70	368	0	460
2024.03.04	09:00:00	17754.70	17756.10	17725.85	17737.80	762	0	80
2024.03.04	10:00:00	17738.30	17746.90	17712.75	17730.45	2859	0	80
2024.03.04	11:00:00	17730.45	17756.95	17730.45	17737.95	1694	0	80
2024.03.04	12:00:00	17737.90	17749.40	17723.95	17727.95	1625	0	80
2024.03.04	13:00:00	17727.45	17727.45	17700.95	17720.90	1601	0	80
2024.03.04	14:00:00	17720.90	17748.55	17716.90	17733.55	1367	0	80
2024.03.04	15:00:00	17733.50	17743.05	17718.00	17719.00	1472	0	80
2024.03.04	16:00:00	17720.00	17721.00	17687.05	17696.05	2454	0	80
2024.03.04	17:00:00	17696.55	17709.15	17684.15	17709.15	2059	0	80
2024.03.04	18:00:00	17709.10	17725.65	17708.10	17713.10	1505	0	80
2024.03.04	19:00:00	17712.60	17722.10	17707.10	17715.10	1142	0	80
2024.03.04	20:00:00	17716.10	17716.60	17696.60	17710.10	919	0	80
2024.03.04	21:00:00	17709.60	17729.50	17694.10	17722.10	1191	0	80
2024.03.04	22:00:00	17721.10	17724.10	17701.15	17705.15	1641	0	80
2024.03.04	23:00:00	17704.65	17704.65	17679.30	17686.90	1297	0	80
2024.03.05	01:00:00	17686.70	17688.40	17665.60	17667.90	970	0	730
2024.03.05	02:00:00	17667.90	17699.60	17665.50	17684.10	553	0	460
2024.03.05	03:00:00	17684.60	17686.10	17669.10	17678.70	496	0	460
2024.03.05	04:00:00	17678.70	17679.70	17669.10	17671.10	254	0	460
2024.03.05	05:00:00	17671.60	17679.50	17670.60	17678.00	120	0	460
2024.03.05	06:00:00	17678.00	17679.10	17672.10	17677.10	113	0	460
2024.03.05	07:00:00	17676.10	17677.60	17658.10	17659.50	223	0	460
2024.03.05	08:00:00	17659.00	17664.50	17632.70	17640.90	556	0	460
2024.03.05	09:00:00	17641.40	17680.00	17636.30	17678.50	864	0	80
2024.03.05	10:00:00	17678.50	17692.50	17641.45	17645.45	3434	0	80
2024.03.05	11:00:00	17645.95	17677.95	17641.90	17671.95	2176	0	80
2024.03.05	12:00:00	17672.45	17701.45	17668.90	17690.45	1162	0	80
2024.03.05	13:00:00	17690.40	17713.45	17690.40	17698.40	1088	0	80
2024.03.05	14:00:00	17698.90	17717.55	17693.15	17694.65	1134	0	80
2024.03.05	15:00:00	17694.15	17719.15	17692.15	17711.10	1697	0	80
2024.03.05	16:00:00	17711.60	17737.45	17698.10	17727.55	2813	0	80
2024.03.05	17:00:00	17728.05	17747.55	17677.55	17681.55	4282	0	80
2024.03.05	18:00:00	17681.05	17701.45	17676.50	17688.90	2629	0	80
2024.03.05	19:00:00	17688.40	17711.45	17688.40	17704.90	1607	0	80
2024.03.05	20:00:00	17704.90	17707.40	17674.40	17674.90	2242	0	80
2024.03.05	21:00:00	17674.40	17686.40	17645.45	17648.45	2441	0	80
2024.03.05	22:00:00	17647.45	17674.30	17623.45	17668.80	2601	0	80
2024.03.05	23:00:00	17665.50	17685.70	17662.30	17681.00	2031	0	760
2024.03.06	01:00:00	17673.60	17677.60	17667.20	17668.50	911	0	740
2024.03.06	02:00:00	17668.50	17684.90	17663.20	17675.40	653	0	460
2024.03.06	03:00:00	17674.90	17696.10	17672.20	17694.40	722	0	460
2024.03.06	04:00:00	17693.90	17711.00	17692.90	17706.00	376	0	460
2024.03.06	05:00:00	17708.00	17721.00	17706.00	17720.00	296	0	460
2024.03.06	06:00:00	17721.50	17723.50	17709.50	17720.00	265	0	460
2024.03.06	07:00:00	17720.00	17726.40	17716.00	17718.30	377	0	460
2024.03.06	08:00:00	17717.80	17723.70	17706.20	17708.50	467	0	460
2024.03.06	09:00:00	17709.50	17713.40	17686.90	17698.40	884	0	80
2024.03.06	10:00:00	17697.90	17728.15	17682.90	17716.35	2951	0	80
2024.03.06	11:00:00	17716.35	17744.85	17713.30	17736.85	2041	0	80
2024.03.06	12:00:00	17736.80	17745.30	17699.85	17702.85	1809	0	80
2024.03.06	13:00:00	17703.35	17710.30	17681.35	17685.30	1676	0	80
2024.03.06	14:00:00	17684.80	17728.85	17683.30	17720.85	1796	0	80
2024.03.06	15:00:00	17719.35	17725.80	17690.35	17725.30	3084	0	80
2024.03.06	16:00:00	17725.30	17733.35	17709.85	17719.85	2849	0	80
2024.03.06	17:00:00	17718.85	17730.35	17692.85	17707.35	5000	0	80
2024.03.06	18:00:00	17707.30	17732.35	17704.30	17725.30	2491	0	80
2024.03.06	19:00:00	17726.30	17739.30	17716.85	17723.35	2060	0	80
2024.03.06	20:00:00	17722.85	17738.30	17694.60	17711.70	3526	0	80
2024.03.06	21:00:00	17711.20	17717.20	17688.10	17697.70	4690	0	80
2024.03.06	22:00:00	17697.20	17716.70	17688.20	17712.20	3693	0	80
2024.03.06	23:00:00	17712.20	17723.00	17703.80	17717.20	1409	0	100
2024.03.07	01:00:00	17714.40	17716.10	17699.20	17699.40	747	0	740
2024.03.07	02:00:00	17699.90	17706.80	17687.90	17692.60	805	0	460
2024.03.07	03:00:00	17692.60	17703.70	17679.10	17680.50	905	0	480
2024.03.07	04:00:00	17679.50	17688.90	17673.90	17685.70	522	0	460
2024.03.07	05:00:00	17686.20	17710.30	17684.20	17708.90	439	0	460
2024.03.07	06:00:00	17708.90	17716.40	17700.50	17711.40	421	0	460
2024.03.07	07:00:00	17711.90	17719.80	17697.70	17697.70	418	0	460
2024.03.07	08:00:00	17697.60	17701.30	17671.20	17675.90	476	0	460
2024.03.07	09:00:00	17676.40	17679.50	17640.70	17642.60	1383	0	80
2024.03.07	10:00:00	17642.60	17667.65	17618.65	17665.65	3746	0	80
2024.03.07	11:00:00	17665.65	17673.65	17647.15	17670.15	2436	0	80
2024.03.07	12:00:00	17670.20	17723.15	17669.20	17716.65	1966	0	80
2024.03.07	13:00:00	17716.20	17727.20	17702.65	17726.70	1308	0	80
2024.03.07	14:00:00	17726.70	17742.20	17721.20	17726.35	1233	0	80
2024.03.07	15:00:00	17727.35	17809.90	17705.40	17799.40	3958	0	80
2024.03.07	16:00:00	17798.90	17837.40	17778.40	17834.35	4804	0	80
2024.03.07	17:00:00	17833.85	17880.35	17830.35	17859.35	3596	0	80
2024.03.07	18:00:00	17859.40	17874.35	17845.20	17870.80	2683	0	80
2024.03.07	19:00:00	17870.80	17873.40	17851.40	17865.40	1557	0	80
2024.03.07	20:00:00	17864.90	17887.90	17862.85	17885.90	1378	0	80
2024.03.07	21:00:00	17886.40	17886.40	17867.35	17870.35	1380	0	80
2024.03.07	22:00:00	17869.85	17878.40	17857.20	17873.90	1941	0	80
2024.03.07	23:00:00	17873.80	17873.80	17822.20	17862.60	3121	0	90
2024.03.08	01:00:00	17868.70	17881.00	17863.70	17868.30	1038	0	750
2024.03.08	02:00:00	17868.30	17885.90	17857.40	17880.50	832	0	460
2024.03.08	03:00:00	17881.00	17898.00	17873.70	17889.00	580	0	460
2024.03.08	04:00:00	17888.50	17891.00	17882.40	17882.40	399	0	460
2024.03.08	05:00:00	17881.90	17898.00	17879.60	17894.90	390	0	460
2024.03.08	06:00:00	17895.40	17907.00	17891.70	17893.00	392	0	460
2024.03.08	07:00:00	17893.50	17901.00	17891.00	17893.90	273	0	460
2024.03.08	08:00:00	17893.90	17901.00	17871.10	17871.60	376	0	460
2024.03.08	09:00:00	17871.60	17880.35	17856.85	17862.40	1113	0	80
2024.03.08	10:00:00	17861.90	17868.40	17794.35	17812.65	3736	0	80
2024.03.08	11:00:00	17812.60	17832.65	17799.10	17825.15	2440	0	80
2024.03.08	12:00:00	17825.10	17840.65	17819.60	17838.65	1726	0	80
2024.03.08	13:00:00	17838.15	17847.15	17813.60	17814.60	1446	0	80
2024.03.08	14:00:00	17814.60	17822.60	17799.60	17813.15	1556	0	80
2024.03.08	15:00:00	17813.15	17860.50	17787.50	17847.50	3995	0	80
2024.03.08	16:00:00	17847.55	17860.00	17820.05	17833.55	4196	0	80
2024.03.08	17:00:00	17834.05	17847.65	17815.55	17841.15	3024	0	80
2024.03.08	18:00:00	17840.65	17842.10	17805.50	17805.90	3503	0	80
2024.03.08	19:00:00	17804.90	17820.50	17768.90	17772.90	3930	0	90
2024.03.08	20:00:00	17773.40	17778.90	17742.50	17761.00	3946	0	80
2024.03.08	21:00:00	17760.00	17797.10	17759.00	17777.60	2674	0	80
2024.03.08	22:00:00	17777.60	17791.00	17758.90	17768.00	3076	0	80
2024.03.11	01:00:00	17736.00	17753.40	17718.20	17724.10	1549	0	760
2024.03.11	02:00:00	17724.50	17759.40	17722.70	17758.90	2267	0	800
2024.03.11	03:00:00	17758.70	17765.80	17727.70	17732.30	1342	0	460
2024.03.11	04:00:00	17732.80	17759.70	17731.20	17738.00	879	0	460
2024.03.11	05:00:00	17738.50	17742.10	17730.10	17734.80	691	0	460
2024.03.11	06:00:00	17734.30	17746.50	17720.80	17722.50	453	0	460
2024.03.11	07:00:00	17722.00	17724.10	17707.60	17710.70	495	0	460
2024.03.11	08:00:00	17710.20	17735.00	17710.20	17734.90	588	0	460
2024.03.11	09:00:00	17735.40	17746.20	17729.10	17743.20	426	0	460
2024.03.11	10:00:00	17744.20	17754.00	17707.55	17718.90	1034	0	80
2024.03.11	11:00:00	17718.90	17725.10	17659.05	17682.05	3816	0	80
2024.03.11	12:00:00	17682.10	17699.10	17662.55	17688.55	2135	0	80
2024.03.11	13:00:00	17688.60	17721.55	17677.05	17709.05	1563	0	80
2024.03.11	14:00:00	17709.10	17726.05	17703.60	17714.40	1666	0	80
2024.03.11	15:00:00	17713.40	17713.85	17682.35	17712.35	2758	0	80
2024.03.11	16:00:00	17712.40	17737.35	17708.40	17718.90	3421	0	80
2024.03.11	17:00:00	17719.40	17725.90	17677.85	17696.85	3762	0	80
2024.03.11	18:00:00	17696.35	17722.35	17685.85	17720.85	2992	0	80
2024.03.11	19:00:00	17720.85	17761.50	17717.90	17755.45	2067	0	80
2024.03.11	20:00:00	17755.95	17774.40	17747.90	17772.40	2328	0	80
2024.03.11	21:00:00	17772.40	17780.45	17763.45	17776.50	1877	0	80
2024.03.11	22:00:00	17776.00	17777.50	17758.30	17774.45	1730	0	80
2024.03.11	23:00:00	17775.45	17788.50	17769.50	17785.50	352	0	80
2024.03.12	01:00:00	17792.90	17822.40	17791.50	17801.70	1048	0	740
2024.03.12	02:00:00	17801.40	17807.20	17797.70	17805.10	1000	0	730
2024.03.12	03:00:00	17805.10	17827.10	17797.50	17813.10	960	0	460
2024.03.12	04:00:00	17814.10	17833.60	17812.40	17822.70	701	0	460
2024.03.12	05:00:00	17822.20	17837.40	17821.10	17837.40	675	0	460
2024.03.12	06:00:00	17836.90	17848.30	17836.40	17837.80	505	0	460
2024.03.12	07:00:00	17837.30	17839.40	17831.90	17837.40	270	0	460
2024.03.12	08:00:00	17837.90	17855.40	17837.40	17853.90	496	0	460
2024.03.12	09:00:00	17853.90	17869.90	17839.60	17846.90	749	0	460
2024.03.12	10:00:00	17846.90	17851.60	17800.10	17801.10	933	0	80
2024.03.12	11:00:00	17800.60	17817.70	17778.25	17791.35	3169	0	80
2024.03.12	12:00:00	17791.85	17814.25	17783.80	17786.75	1855	0	80
2024.03.12	13:00:00	17786.30	17820.25	17783.30	17812.25	1757	0	80
2024.03.12	14:00:00	17812.30	17825.75	17803.25	17810.80	1546	0	80
2024.03.12	15:00:00	17810.30	17851.30	17746.30	17815.25	4886	0	80
2024.03.12	16:00:00	17817.25	17840.70	17778.70	17835.65	5792	0	80
2024.03.12	17:00:00	17835.65	17883.65	17817.70	17870.65	3853	0	80
2024.03.12	18:00:00	17871.70	17968.85	17865.65	17966.85	2958	0	80
2024.03.12	19:00:00	17966.85	17974.40	17940.70	17946.90	2288	0	80
2024.03.12	20:00:00	17947.40	17968.40	17931.30	17965.90	2405	0	80
2024.03.12	21:00:00	17966.40	17989.90	17964.40	17984.90	1720	0	80
2024.03.12	22:00:00	17983.90	17989.90	17973.85	17979.85	1456	0	80
2024.03.12	23:00:00	17980.85	17990.90	17976.90	17988.90	337	0	80
2024.03.13	01:00:00	17984.00	18015.90	17982.80	18008.20	519	0	710
2024.03.13	02:00:00	18007.90	18018.10	18005.30	18008.60	808	0	730
2024.03.13	03:00:00	18008.60	18009.50	17967.10	17967.80	664	0	460
2024.03.13	04:00:00	17968.30	17968.30	17955.60	17961.20	856	0	460
2024.03.13	05:00:00	17961.70	17966.90	17945.20	17948.10	805	0	460
2024.03.13	06:00:00	17948.60	17961.10	17944.60	17960.60	577	0	460
2024.03.13	07:00:00	17960.10	17975.00	17960.10	17973.10	344	0	460
2024.03.13	08:00:00	17973.10	17983.10	17968.30	17983.10	489	0	460
2024.03.13	09:00:00	17982.10	17986.40	17966.30	17976.70	519	0	460
2024.03.13	10:00:00	17978.70	18014.55	17977.60	17989.50	867	0	80
2024.03.13	11:00:00	17991.50	18002.50	17957.15	17969.15	2297	0	80
2024.03.13	12:00:00	17969.10	17974.65	17953.65	17969.65	1721	0	80
2024.03.13	13:00:00	17969.60	17993.95	17967.10	17981.55	1110	0	80
2024.03.13	14:00:00	17982.55	17991.85	17971.30	17971.80	857	0	80
2024.03.13	15:00:00	17972.30	17972.30	17937.85	17963.35	1351	0	80
2024.03.13	16:00:00	17962.80	17984.85	17958.80	17974.30	2415	0	80
2024.03.13	17:00:00	17974.80	18002.30	17960.75	17970.75	3229	0	80
2024.03.13	18:00:00	17970.25	17984.45	17958.05	17968.05	2023	0	80
2024.03.13	19:00:00	17967.05	17986.00	17961.00	17982.40	1578	0	80
2024.03.13	20:00:00	17981.90	17998.20	17968.40	17976.40	1565	0	80
2024.03.13	21:00:00	17975.90	17984.90	17968.90	17972.90	1057	0	80
2024.03.13	22:00:00	17972.40	17976.40	17938.20	17963.80	1608	0	80
2024.03.13	23:00:00	17963.80	17972.40	17962.40	17967.90	217	0	80
2024.03.14	01:00:00	17960.50	17964.40	17956.00	17959.80	662	0	730
2024.03.14	02:00:00	17959.60	17978.80	17958.60	17970.70	689	0	710
2024.03.14	03:00:00	17970.30	17975.60	17943.90	17957.30	576	0	460
2024.03.14	04:00:00	17955.30	17961.20	17942.40	17955.30	411	0	460
2024.03.14	05:00:00	17955.40	17959.90	17944.10	17944.30	305	0	460
2024.03.14	06:00:00	17943.30	17945.40	17930.40	17939.90	251	0	460
2024.03.14	07:00:00	17940.40	17953.30	17934.90	17952.30	133	0	460
2024.03.14	08:00:00	17952.30	17958.40	17948.90	17954.40	209	0	460
2024.03.14	09:00:00	17954.90	17978.90	17947.40	17978.40	346	0	460
2024.03.14	10:00:00	17978.90	18004.00	17957.20	17999.50	961	0	80
2024.03.14	11:00:00	18000.50	18026.55	17982.00	17996.65	4043	0	80
2024.03.14	12:00:00	17996.60	18004.55	17981.15	18002.55	2722	0	80
2024.03.14	13:00:00	18002.05	18016.55	17999.50	18010.05	2222	0	80
2024.03.14	14:00:00	18009.55	18039.55	18007.05	18016.50	1892	0	80
2024.03.14	15:00:00	18017.00	18035.75	17984.70	17990.20	3517	0	80
2024.03.14	16:00:00	17990.25	18003.75	17937.90	17947.40	5213	0	80
2024.03.14	17:00:00	17946.90	17960.95	17897.70	17909.20	5318	0	80
2024.03.14	18:00:00	17908.70	17941.35	17906.70	17938.85	4693	0	80
2024.03.14	19:00:00	17938.35	17943.20	17920.35	17923.35	3363	0	80
2024.03.14	20:00:00	17922.85	17926.35	17883.70	17919.90	2711	0	80
2024.03.14	21:00:00	17919.90	17934.95	17906.45	17907.45	1759	0	80
2024.03.14	22:00:00	17906.45	17930.30	17865.30	17930.20	2222	0	80
2024.03.14	23:00:00	17929.70	17929.80	17910.90	17917.40	329	0	80
2024.03.15	01:00:00	17908.70	17916.40	17906.10	17907.40	810	0	740
2024.03.15	02:00:00	17907.90	17907.90	17893.30	17901.50	1190	0	760
2024.03.15	03:00:00	17901.50	17927.50	17900.80	17915.20	808	0	460
2024.03.15	04:00:00	17915.20	17965.80	17890.80	17922.30	1283	0	460
2024.03.15	05:00:00	17922.30	17927.80	17894.30	17913.80	974	0	470
2024.03.15	06:00:00	17914.30	17924.30	17914.30	17919.70	753	0	460
2024.03.15	07:00:00	17919.20	17919.80	17901.80	17911.90	394	0	460
2024.03.15	08:00:00	17911.40	17916.10	17896.60	17901.20	644	0	460
2024.03.15	09:00:00	17901.20	17919.30	17897.80	17901.20	668	0	460
2024.03.15	10:00:00	17901.20	17936.70	17896.20	17917.50	1207	0	80
2024.03.15	11:00:00	17916.50	17947.20	17916.00	17945.35	3415	0	80
2024.03.15	12:00:00	17945.85	17996.35	17945.40	17993.35	2269	0	80
2024.03.15	13:00:00	17993.40	18006.35	17980.90	17987.85	2411	0	80
2024.03.15	14:00:00	17987.35	18020.40	17986.90	18012.40	1555	0	80
2024.03.15	15:00:00	18011.40	18043.40	18003.40	18031.05	3125	0	80
2024.03.15	16:00:00	18030.05	18037.10	17985.10	17988.60	4452	0	80
2024.03.15	17:00:00	17988.10	17998.55	17968.10	17987.75	4563	0	80
2024.03.15	18:00:00	17989.25	18002.25	17980.75	17983.35	2611	0	80
2024.03.15	19:00:00	17983.40	17986.90	17920.70	17926.30	3084	0	80
2024.03.15	20:00:00	17926.30	17961.85	17920.30	17961.35	2336	0	80
2024.03.15	21:00:00	17960.85	17981.30	17953.30	17972.90	2327	0	80
2024.03.15	22:00:00	17972.40	17980.35	17962.35	17977.30	1781	0	80
2024.03.18	01:00:00	17988.50	18014.20	17988.10	17994.50	958	0	720
2024.03.18	02:00:00	17994.70	17997.70	17984.60	17993.90	973	0	750
2024.03.18	03:00:00	17993.90	17996.10	17963.70	17971.90	961	0	460
2024.03.18	04:00:00	17971.40	17985.90	17957.00	17984.30	616	0	460
2024.03.18	05:00:00	17985.30	17992.00	17976.80	17984.90	465	0	460
2024.03.18	06:00:00	17984.90	17992.40	17979.50	17988.90	265	0	460
2024.03.18	07:00:00	17987.90	17997.90	17985.80	17990.90	261	0	460
2024.03.18	08:00:00	17989.90	18000.90	17989.90	17995.90	437	0	460
2024.03.18	09:00:00	17995.90	18005.30	17993.40	17994.90	311	0	460
2024.03.18	10:00:00	17994.90	17994.90	17963.85	17970.30	928	0	80
2024.03.18	11:00:00	17969.80	18002.85	17944.30	18001.05	3075	0	80
2024.03.18	12:00:00	18000.55	18015.75	17965.00	18007.25	2275	0	80
2024.03.18	13:00:00	18007.75	18009.70	17962.75	17976.75	1777	0	80
2024.03.18	14:00:00	17976.20	18003.75	17967.25	17979.20	1807	0	80
2024.03.18	15:00:00	17979.20	17993.70	17954.05	17971.55	1829	0	80
2024.03.18	16:00:00	17970.50	17981.55	17904.05	17916.50	2643	0	80
2024.03.18	17:00:00	17916.55	17949.50	17901.55	17928.55	2754	0	80
2024.03.18	18:00:00	17929.05	17937.95	17913.55	17927.95	2269	0	80
2024.03.18	19:00:00	17928.95	17944.90	17915.90	17915.90	1673	0	80
2024.03.18	20:00:00	17916.40	17931.90	17907.90	17921.40	1385	0	80
2024.03.18	21:00:00	17921.40	17937.40	17916.90	17930.95	1534	0	80
2024.03.18	22:00:00	17930.45	17935.95	17915.80	17922.80	1243	0	80
2024.03.18	23:00:00	17923.30	17924.90	17916.80	17923.40	452	0	80
2024.03.19	01:00:00	17919.70	17919.70	17891.10	17898.30	1004	0	750
2024.03.19	02:00:00	17898.50	17904.10	17890.60	17903.60	1012	0	750
2024.03.19	03:00:00	17903.60	17905.90	17883.30	17892.70	898	0	460
2024.03.19	04:00:00	17892.20	17893.70	17874.30	17887.00	688	0	460
2024.03.19	05:00:00	17887.00	17907.50	17886.90	17898.60	516	0	460
2024.03.19	06:00:00	17899.60	17913.60	17882.60	17899.10	1201	0	460
2024.03.19	07:00:00	17900.10	17913.40	17891.90	17905.60	829	0	460
2024.03.19	08:00:00	17905.10	17907.10	17890.20	17905.60	626	0	460
2024.03.19	09:00:00	17905.60	17908.10	17878.60	17895.50	702	0	460
2024.03.19	10:00:00	17896.50	17946.00	17892.60	17940.00	1254	0	80
2024.03.19	11:00:00	17941.50	17977.55	17913.50	17961.35	3551	0	80
2024.03.19	12:00:00	17962.40	17973.65	17943.35	17966.15	2237	0	80
2024.03.19	13:00:00	17965.65	17998.15	17939.30	17957.80	2584	0	80
2024.03.19	14:00:00	17957.80	17961.30	17922.75	17958.80	2492	0	80
2024.03.19	15:00:00	17957.80	17977.55	17929.75	17975.05	2841	0	80
2024.03.19	16:00:00	17975.10	17983.05	17946.55	17962.10	2489	0	80
2024.03.19	17:00:00	17961.60	17962.60	17915.15	17939.45	2665	0	80
2024.03.19	18:00:00	17939.95	17978.95	17931.45	17977.95	1700	0	80
2024.03.19	19:00:00	17977.45	18001.00	17963.45	17995.00	1634	0	80
2024.03.19	20:00:00	17994.50	18005.80	17971.90	17990.00	2214	0	80
2024.03.19	21:00:00	17989.50	17994.00	17978.00	17981.90	1578	0	80
2024.03.19	22:00:00	17980.90	17997.40	17969.95	17990.90	2097	0	80
2024.03.19	23:00:00	17991.40	18007.00	17989.90	18003.50	292	0	80
2024.03.20	01:00:00	18009.60	18013.40	18003.50	18006.80	430	0	710
2024.03.20	02:00:00	18007.00	18010.20	18000.10	18000.90	579	0	700
2024.03.20	03:00:00	18000.90	18002.10	17986.50	17987.50	487	0	460
2024.03.20	04:00:00	17988.00	17994.90	17969.10	17974.60	367	0	460
2024.03.20	05:00:00	17974.10	17977.60	17965.60	17972.50	235	0	460
2024.03.20	06:00:00	17973.50	17981.60	17968.90	17975.60	195	0	460
2024.03.20	07:00:00	17974.10	17977.60	17968.10	17969.60	218	0	460
2024.03.20	08:00:00	17968.60	17980.10	17965.40	17978.10	391	0	460
2024.03.20	09:00:00	17980.60	17998.50	17978.50	17990.10	441	0	460
2024.03.20	10:00:00	17991.10	18008.00	17978.00	17979.50	1068	0	80
2024.03.20	11:00:00	17979.00	17991.75	17953.45	17990.25	3158	0	80
2024.03.20	12:00:00	17990.25	18004.95	17974.45	18004.45	1994	0	80
2024.03.20	13:00:00	18003.95	18025.95	17997.40	18023.95	1502	0	80
2024.03.20	14:00:00	18022.95	18044.45	18019.90	18034.90	1399	0	80
2024.03.20	15:00:00	18035.40	18036.90	18015.40	18023.95	1459	0	80
2024.03.20	16:00:00	18023.90	18027.90	17992.95	18018.90	2021	0	80
2024.03.20	17:00:00	18019.90	18036.90	17998.45	18009.45	1759	0	80
2024.03.20	18:00:00	18009.40	18015.45	17981.95	17993.95	1484	0	80
2024.03.20	19:00:00	17993.90	18028.30	17992.40	18027.30	964	0	80
2024.03.20	20:00:00	18026.80	18028.80	18007.30	18026.80	802	0	80
2024.03.20	21:00:00	18026.30	18116.10	18026.30	18107.10	8978	0	80
2024.03.20	22:00:00	18108.60	18147.30	18105.10	18139.10	4723	0	90
2024.03.20	23:00:00	18138.10	18150.30	18133.20	18142.30	628	0	80
2024.03.21	01:00:00	18139.50	18160.00	18136.10	18159.00	1123	0	730
2024.03.21	02:00:00	18158.80	18173.30	18157.20	18172.80	1430	0	750
2024.03.21	03:00:00	18172.80	18172.80	18142.50	18162.70	950	0	460
2024.03.21	04:00:00	18161.70	18176.50	18158.00	18172.20	980	0	460
2024.03.21	05:00:00	18172.20	18191.40	18167.20	18186.30	541	0	460
2024.03.21	06:00:00	18185.80	18196.90	18182.10	18190.90	552	0	460
2024.03.21	07:00:00	18191.40	18202.30	18188.70	18198.40	408	0	460
2024.03.21	08:00:00	18197.40	18205.80	18194.50	18199.20	599	0	460
2024.03.21	09:00:00	18198.70	18204.80	18192.70	18194.40	654	0	460
2024.03.21	10:00:00	18194.90	18209.10	18181.75	18189.30	1234	0	80
2024.03.21	11:00:00	18188.80	18188.80	18141.25	18156.25	4131	0	80
2024.03.21	12:00:00	18156.75	18156.80	18096.15	18097.65	2879	0	80
2024.03.21	13:00:00	18098.20	18102.20	18052.15	18063.15	2140	0	80
2024.03.21	14:00:00	18062.15	18097.70	18056.20	18097.70	1814	0	80
2024.03.21	15:00:00	18096.70	18103.20	18064.95	18076.65	2344	0	80
2024.03.21	16:00:00	18076.70	18114.15	18067.15	18100.70	2798	0	80
2024.03.21	17:00:00	18099.20	18156.35	18087.20	18148.35	3278	0	80
2024.03.21	18:00:00	18147.35	18179.35	18141.35	18172.75	2271	0	80
2024.03.21	19:00:00	18172.80	18178.30	18160.75	18174.80	1217	0	80
2024.03.21	20:00:00	18172.80	18183.80	18165.80	18167.30	1447	0	80
2024.03.21	21:00:00	18167.30	18178.30	18156.75	18166.75	1544	0	80
2024.03.21	22:00:00	18167.25	18177.80	18163.80	18165.80	1264	0	80
2024.03.21	23:00:00	18166.30	18172.80	18165.80	18165.80	244	0	80
2024.03.22	01:00:00	18159.60	18167.00	18150.80	18166.50	669	0	730
2024.03.22	02:00:00	18166.50	18173.40	18162.90	18170.80	711	0	710
2024.03.22	03:00:00	18171.00	18178.10	18156.30	18177.80	713	0	460
2024.03.22	04:00:00	18176.80	18183.10	18159.50	18160.50	693	0	460
2024.03.22	05:00:00	18161.50	18168.70	18142.70	18143.70	821	0	460
2024.03.22	06:00:00	18143.20	18150.30	18138.20	18145.30	577	0	460
2024.03.22	07:00:00	18145.80	18166.30	18145.30	18157.60	545	0	460
2024.03.22	08:00:00	18158.10	18163.60	18149.20	18155.90	687	0	460
2024.03.22	09:00:00	18155.90	18165.40	18150.00	18151.00	545	0	460
2024.03.22	10:00:00	18150.50	18155.00	18131.85	18151.90	948	0	80
2024.03.22	11:00:00	18152.40	18194.15	18140.40	18189.15	3371	0	80
2024.03.22	12:00:00	18189.15	18208.20	18172.05	18190.85	2384	0	80
2024.03.22	13:00:00	18190.85	18208.15	18187.65	18190.65	1605	0	80
2024.03.22	14:00:00	18190.15	18205.65	18165.15	18170.70	1506	0	80
2024.03.22	15:00:00	18171.70	18210.15	18155.70	18206.35	2209	0	80
2024.03.22	16:00:00	18206.85	18227.85	18186.90	18187.90	2629	0	80
2024.03.22	17:00:00	18188.40	18207.85	18181.85	18201.85	2630	0	80
2024.03.22	18:00:00	18201.90	18223.85	18201.90	18214.45	1792	0	80
2024.03.22	19:00:00	18214.50	18229.50	18205.30	18225.50	1301	0	80
2024.03.22	20:00:00	18226.00	18252.50	18225.50	18252.00	822	0	80
2024.03.22	21:00:00	18251.50	18258.50	18236.95	18245.00	1107	0	80
2024.03.22	22:00:00	18244.00	18246.00	18223.90	18236.00	1246	0	80
2024.03.25	01:00:00	18231.60	18236.70	18223.50	18229.50	798	0	720
2024.03.25	02:00:00	18229.50	18243.10	18224.70	18243.10	979	0	750
2024.03.25	03:00:00	18243.10	18248.70	18234.20	18236.20	634	0	460
2024.03.25	04:00:00	18234.20	18249.50	18231.40	18240.20	757	0	460
2024.03.25	05:00:00	18239.70	18247.00	18227.70	18236.10	745	0	460
2024.03.25	06:00:00	18236.20	18240.20	18228.10	18236.70	451	0	460
2024.03.25	07:00:00	18235.70	18235.70	18225.70	18229.20	247	0	460
2024.03.25	08:00:00	18229.20	18235.60	18219.50	18222.60	429	0	460
2024.03.25	09:00:00	18221.10	18228.20	18209.10	18225.20	520	0	460
2024.03.25	10:00:00	18226.20	18226.20	18198.10	18201.10	801	0	80
2024.03.25	11:00:00	18201.10	18239.65	18201.10	18217.15	2433	0	80
2024.03.25	12:00:00	18216.15	18223.65	18197.65	18198.15	1892	0	80
2024.03.25	13:00:00	18197.65	18208.65	18175.60	18201.65	2038	0	80
2024.03.25	14:00:00	18202.10	18216.65	18188.10	18202.60	1418	0	80
2024.03.25	15:00:00	18203.10	18223.65	18191.60	18201.55	1911	0	80
2024.03.25	16:00:00	18201.50	18238.00	18200.50	18238.00	2395	0	80
2024.03.25	17:00:00	18238.50	18287.50	18236.50	18258.35	2772	0	80
2024.03.25	18:00:00	18258.35	18265.85	18245.35	18254.65	1688	0	80
2024.03.25	19:00:00	18255.10	18276.10	18249.10	18274.60	1288	0	80
2024.03.25	20:00:00	18274.10	18276.60	18266.60	18274.60	794	0	80
2024.03.25	21:00:00	18274.60	18286.60	18268.60	18271.60	692	0	80
2024.03.25	22:00:00	18271.10	18272.60	18244.60	18253.60	1099	0	80
2024.03.25	23:00:00	18252.60	18263.60	18252.60	18255.60	215	0	80
2024.03.26	01:00:00	18264.50	18275.50	18259.90	18260.30	479	0	710
2024.03.26	02:00:00	18260.80	18265.70	18256.30	18263.10	639	0	710
2024.03.26	03:00:00	18262.90	18297.10	18261.30	18289.00	511	0	460
2024.03.26	04:00:00	18288.50	18301.00	18286.60	18289.00	457	0	460
2024.03.26	05:00:00	18290.00	18293.60	18281.00	18281.90	163	0	460
2024.03.26	06:00:00	18282.10	18284.10	18259.70	18261.70	284	0	460
2024.03.26	07:00:00	18262.70	18280.00	18261.90	18276.10	183	0	460
2024.03.26	08:00:00	18275.10	18291.80	18274.00	18279.80	321	0	460
2024.03.26	09:00:00	18279.30	18289.80	18267.50	18282.60	484	0	460
2024.03.26	10:00:00	18282.60	18297.50	18262.50	18264.00	1027	0	80
2024.03.26	11:00:00	18265.00	18298.25	18254.45	18277.85	2386	0	80
2024.03.26	12:00:00	18278.85	18321.35	18271.85	18320.35	1838	0	80
2024.03.26	13:00:00	18320.35	18359.90	18320.35	18357.65	1707	0	80
2024.03.26	14:00:00	18357.15	18397.70	18352.65	18397.70	1505	0	80
2024.03.26	15:00:00	18396.70	18405.65	18379.35	18404.25	1967	0	80
2024.03.26	16:00:00	18404.30	18407.30	18367.65	18382.20	2238	0	80
2024.03.26	17:00:00	18382.20	18414.25	18372.80	18400.75	2185	0	80
2024.03.26	18:00:00	18400.25	18401.75	18357.95	18379.95	1428	0	80
2024.03.26	19:00:00	18379.45	18402.95	18378.95	18388.95	1357	0	80
2024.03.26	20:00:00	18388.95	18392.00	18370.00	18380.50	863	0	80
2024.03.26	21:00:00	18381.00	18389.50	18378.00	18386.00	615	0	80
2024.03.26	22:00:00	18385.50	18387.50	18346.40	18349.80	1336	0	80
2024.03.26	23:00:00	18349.30	18370.00	18348.80	18368.00	338	0	80
2024.03.27	01:00:00	18380.00	18385.20	18374.40	18377.90	550	0	720
2024.03.27	02:00:00	18377.40	18386.50	18373.70	18385.50	639	0	700
2024.03.27	03:00:00	18385.10	18395.80	18376.80	18391.00	610	0	460
2024.03.27	04:00:00	18391.00	18399.00	18384.30	18395.60	868	0	460
2024.03.27	05:00:00	18396.10	18398.30	18388.00	18393.10	396	0	460
2024.03.27	06:00:00	18394.10	18403.10	18393.60	18397.60	285	0	460
2024.03.27	07:00:00	18397.10	18410.10	18396.60	18409.60	334	0	460
2024.03.27	08:00:00	18410.10	18415.50	18402.60	18402.90	548	0	460
2024.03.27	09:00:00	18403.90	18413.10	18394.30	18399.40	685	0	460
2024.03.27	10:00:00	18397.40	18402.95	18384.45	18390.50	768	0	80
2024.03.27	11:00:00	18390.00	18422.95	18384.95	18399.45	2505	0	80
2024.03.27	12:00:00	18399.45	18435.95	18398.00	18430.95	1938	0	80
2024.03.27	13:00:00	18431.00	18458.95	18421.00	18455.95	1440	0	80
2024.03.27	14:00:00	18456.00	18479.95	18440.00	18468.50	1363	0	80
2024.03.27	15:00:00	18468.00	18503.65	18468.00	18502.65	1262	0	80
2024.03.27	16:00:00	18502.70	18511.70	18479.65	18484.70	1844	0	80
2024.03.27	17:00:00	18486.20	18513.65	18467.70	18504.15	2494	0	80
2024.03.27	18:00:00	18503.15	18511.65	18482.65	18487.65	1758	0	80
2024.03.27	19:00:00	18487.65	18492.70	18469.65	18485.70	1308	0	80
2024.03.27	20:00:00	18485.20	18494.70	18472.10	18476.10	1030	0	80
2024.03.27	21:00:00	18476.60	18496.10	18476.10	18484.10	793	0	80
2024.03.27	22:00:00	18483.10	18526.90	18475.10	18526.90	1846	0	80
2024.03.27	23:00:00	18526.90	18534.10	18523.10	18530.10	382	0	80
2024.03.28	01:00:00	18524.90	18530.20	18512.50	18525.00	1197	0	760
2024.03.28	02:00:00	18525.30	18539.50	18522.40	18525.50	879	0	720
2024.03.28	03:00:00	18525.50	18539.80	18519.40	18539.80	761	0	460
2024.03.28	04:00:00	18539.80	18544.70	18521.20	18523.20	822	0	460
2024.03.28	05:00:00	18522.20	18528.20	18518.50	18525.60	513	0	460
2024.03.28	06:00:00	18524.60	18531.70	18519.70	18520.10	374	0	460
2024.03.28	07:00:00	18519.60	18529.60	18515.20	18523.20	225	0	460
2024.03.28	08:00:00	18524.20	18527.10	18508.10	18518.00	645	0	460
2024.03.28	09:00:00	18518.50	18520.70	18502.90	18516.60	547	0	460
2024.03.28	10:00:00	18516.60	18518.60	18486.60	18501.40	1049	0	80
2024.03.28	11:00:00	18502.90	18513.75	18474.15	18490.45	3148	0	80
2024.03.28	12:00:00	18489.95	18511.45	18486.95	18506.45	1923	0	80
2024.03.28	13:00:00	18506.50	18508.95	18488.50	18492.45	1427	0	80
2024.03.28	14:00:00	18493.45	18509.95	18477.45	18501.50	1467	0	80
2024.03.28	15:00:00	18500.50	18506.50	18478.45	18483.55	2094	0	80
2024.03.28	16:00:00	18484.05	18501.55	18481.55	18495.60	2347	0	80
2024.03.28	17:00:00	18497.10	18509.35	18482.95	18505.35	1943	0	80
2024.03.28	18:00:00	18505.35	18514.35	18491.85	18497.35	1504	0	80
2024.03.28	19:00:00	18497.40	18508.90	18487.85	18508.90	1533	0	80
2024.03.28	20:00:00	18508.40	18508.40	18488.90	18496.40	987	0	80
2024.03.28	21:00:00	18496.90	18522.90	18490.90	18520.90	894	0	80
2024.03.28	22:00:00	18521.40	18527.90	18508.80	18510.80	1831	0	80
2024.03.28	23:00:00	18511.80	18515.20	18500.90	18504.40	467	0	80
2024.04.02	03:00:00	18511.50	18516.50	18493.20	18515.40	422	0	460
2024.04.02	04:00:00	18514.40	18521.70	18504.90	18516.10	529	0	460
2024.04.02	05:00:00	18516.60	18520.70	18511.00	18518.70	368	0	460
2024.04.02	06:00:00	18519.20	18519.70	18505.70	18506.70	233	0	460
2024.04.02	07:00:00	18505.70	18507.70	18498.20	18502.60	182	0	460
2024.04.02	08:00:00	18502.10	18504.70	18487.00	18494.00	611	0	460
2024.04.02	09:00:00	18493.50	18534.80	18479.70	18512.20	1264	0	80
2024.04.02	10:00:00	18511.70	18553.30	18487.65	18526.05	4507	0	80
2024.04.02	11:00:00	18535.05	18571.05	18471.10	18483.05	3437	0	80
2024.04.02	12:00:00	18483.10	18509.55	18471.55	18472.05	2624	0	80
2024.04.02	13:00:00	18472.10	18473.10	18434.05	18470.10	2428	0	80
2024.04.02	14:00:00	18470.60	18484.55	18458.05	18463.55	2028	0	80
2024.04.02	15:00:00	18463.05	18475.25	18401.25	18401.30	2815	0	80
2024.04.02	16:00:00	18401.25	18401.30	18272.25	18294.65	4995	0	80
2024.04.02	17:00:00	18297.15	18325.90	18274.05	18284.25	5375	0	80
2024.04.02	18:00:00	18283.75	18311.25	18257.10	18266.10	2782	0	80
2024.04.02	19:00:00	18267.10	18298.75	18263.30	18297.75	1596	0	80
2024.04.02	20:00:00	18298.25	18299.25	18266.80	18278.30	1588	0	80
2024.04.02	21:00:00	18278.80	18290.80	18274.80	18282.30	1147	0	80
2024.04.02	22:00:00	18281.30	18307.80	18278.30	18305.75	1788	0	80
2024.04.02	23:00:00	18305.75	18310.30	18299.60	18309.90	1136	0	80
2024.04.03	01:00:00	18307.80	18307.80	18290.60	18291.60	716	0	720
2024.04.03	02:00:00	18290.90	18296.30	18287.30	18289.20	766	0	710
2024.04.03	03:00:00	18289.20	18289.20	18239.80	18255.30	1377	0	460
2024.04.03	04:00:00	18254.30	18301.80	18235.80	18259.80	2143	0	660
2024.04.03	05:00:00	18259.30	18275.90	18256.80	18262.50	864	0	460
2024.04.03	06:00:00	18262.00	18277.50	18261.40	18266.80	529	0	460
2024.04.03	07:00:00	18265.30	18273.70	18235.60	18261.90	946	0	460
2024.04.03	08:00:00	18262.40	18277.10	18254.10	18258.30	960	0	460
2024.04.03	09:00:00	18260.20	18324.30	18240.10	18315.80	1691	0	80
2024.04.03	10:00:00	18315.80	18337.50	18289.45	18297.70	4776	0	80
2024.04.03	11:00:00	18298.20	18334.25	18295.70	18319.25	2896	0	80
2024.04.03	12:00:00	18319.20	18352.95	18313.20	18337.45	2250	0	80
2024.04.03	13:00:00	18337.45	18343.95	18314.95	18329.40	1909	0	80
2024.04.03	14:00:00	18329.40	18339.40	18305.45	18325.45	1891	0	80
2024.04.03	15:00:00	18324.45	18334.90	18301.90	18308.95	2580	0	80
2024.04.03	16:00:00	18308.45	18335.85	18295.95	18329.35	2757	0	80
2024.04.03	17:00:00	18329.85	18367.80	18329.85	18355.25	3871	0	80
2024.04.03	18:00:00	18356.75	18380.25	18355.20	18357.20	2016	0	80
2024.04.03	19:00:00	18357.70	18375.20	18340.50	18354.25	2640	0	80
2024.04.03	20:00:00	18355.25	18371.20	18354.20	18363.70	1368	0	80
2024.04.03	21:00:00	18363.20	18370.20	18355.20	18363.20	990	0	80
2024.04.03	22:00:00	18362.70	18364.20	18328.00	18353.20	2713	0	80
2024.04.03	23:00:00	18353.20	18370.90	18349.30	18365.20	1519	0	90
2024.04.04	01:00:00	18362.90	18365.30	18361.10	18364.70	421	0	710
2024.04.04	02:00:00	18364.70	18420.20	18363.10	18391.10	1482	0	710
2024.04.04	03:00:00	18391.30	18391.30	18357.10	18361.10	1090	0	470
2024.04.04	04:00:00	18360.60	18367.40	18357.40	18364.40	480	0	460
2024.04.04	05:00:00	18365.40	18375.40	18362.30	18374.40	336	0	460
2024.04.04	06:00:00	18374.90	18379.90	18369.20	18376.40	286	0	460
2024.04.04	07:00:00	18376.90	18385.40	18373.40	18383.40	284	0	460
2024.04.04	08:00:00	18383.40	18385.30	18366.90	18367.90	533	0	460
2024.04.04	09:00:00	18368.40	18368.40	18341.25	18362.30	1094	0	80
2024.04.04	10:00:00	18360.80	18382.75	18339.75	18380.75	3753	0	80
2024.04.04	11:00:00	18380.25	18420.80	18376.75	18382.75	2657	0	80
2024.04.04	12:00:00	18382.25	18396.25	18366.25	18369.25	2185	0	80
2024.04.04	13:00:00	18368.75	18406.30	18361.30	18403.30	1675	0	80
2024.04.04	14:00:00	18403.30	18408.30	18363.25	18374.25	1552	0	80
2024.04.04	15:00:00	18375.25	18405.30	18367.75	18397.30	2142	0	80
2024.04.04	16:00:00	18397.30	18418.25	18387.80	18398.25	2695	0	80
2024.04.04	17:00:00	18398.25	18428.75	18394.25	18416.25	1851	0	80
2024.04.04	18:00:00	18415.75	18419.30	18397.30	18410.30	1322	0	80
2024.04.04	19:00:00	18410.30	18419.30	18398.30	18400.30	719	0	80
2024.04.04	20:00:00	18399.80	18400.80	18375.25	18376.80	746	0	80
2024.04.04	21:00:00	18376.80	18378.30	18197.10	18214.60	6741	0	80
2024.04.04	22:00:00	18214.10	18231.60	18173.60	18188.10	7100	0	120
2024.04.04	23:00:00	18188.10	18212.10	18167.40	18186.80	3552	0	120
2024.04.05	01:00:00	18201.10	18218.10	18185.60	18202.00	2290	0	820
2024.04.05	02:00:00	18202.30	18216.20	18196.50	18197.70	1936	0	780
2024.04.05	03:00:00	18197.70	18213.90	18157.10	18171.40	1288	0	490
2024.04.05	04:00:00	18169.90	18172.90	18117.60	18125.30	561	0	460
2024.04.05	05:00:00	18124.80	18149.40	18124.20	18140.90	332	0	460
2024.04.05	06:00:00	18140.90	18170.80	18137.90	18168.00	406	0	460
2024.04.05	07:00:00	18167.50	18171.40	18159.20	18167.00	652	0	460
2024.04.05	08:00:00	18166.50	18185.00	18164.10	18178.40	706	0	460
2024.04.05	09:00:00	18178.90	18222.20	18162.20	18191.50	1736	0	80
2024.04.05	10:00:00	18192.50	18207.85	18145.30	18168.10	4856	0	80
2024.04.05	11:00:00	18168.60	18190.15	18104.15	18118.60	3219	0	80
2024.04.05	12:00:00	18118.10	18131.65	18087.65	18127.15	2903	0	80
2024.04.05	13:00:00	18128.65	18147.15	18113.65	18146.10	1823	0	80
2024.04.05	14:00:00	18146.60	18153.65	18125.65	18126.15	2136	0	80
2024.04.05	15:00:00	18127.15	18174.10	18085.60	18151.10	4883	0	80
2024.04.05	16:00:00	18152.60	18180.65	18125.60	18158.65	5671	0	80
2024.04.05	17:00:00	18157.65	18177.10	18115.65	18175.60	5470	0	80
2024.04.05	18:00:00	18175.60	18192.60	18152.40	18188.00	3519	0	80
2024.04.05	19:00:00	18189.00	18212.15	18183.15	18210.15	2106	0	80
2024.04.05	20:00:00	18210.65	18214.15	18147.90	18155.90	2663	0	80
2024.04.05	21:00:00	18155.90	18190.50	18144.90	18177.90	4311	0	100
2024.04.05	22:00:00	18178.90	18197.10	18170.90	18183.10	2424	0	80
2024.04.08	01:00:00	18208.60	18214.20	18192.20	18193.90	818	0	750
2024.04.08	02:00:00	18193.40	18209.20	18193.40	18202.60	810	0	740
2024.04.08	03:00:00	18202.60	18207.90	18169.50	18189.80	1149	0	470
2024.04.08	04:00:00	18189.90	18198.10	18184.00	18190.50	670	0	460
2024.04.08	05:00:00	18191.00	18199.10	18185.20	18199.10	317	0	460
2024.04.08	06:00:00	18198.60	18199.10	18158.20	18165.50	347	0	460
2024.04.08	07:00:00	18164.50	18173.50	18164.00	18169.50	111	0	460
2024.04.08	08:00:00	18168.50	18184.70	18164.00	18183.60	486	0	460
2024.04.08	09:00:00	18189.60	18199.50	18169.45	18174.20	1047	0	80
2024.04.08	10:00:00	18176.70	18272.90	18174.95	18256.45	3738	0	80
2024.04.08	11:00:00	18255.95	18289.05	18233.50	18252.05	2857	0	80
2024.04.08	12:00:00	18251.55	18291.75	18244.00	18290.75	2253	0	80
2024.04.08	13:00:00	18290.25	18294.05	18264.55	18289.00	1630	0	80
2024.04.08	14:00:00	18289.00	18298.00	18266.05	18280.55	1679	0	80
2024.04.08	15:00:00	18280.05	18327.65	18269.00	18322.10	2100	0	80
2024.04.08	16:00:00	18322.60	18329.75	18300.65	18308.95	3167	0	80
2024.04.08	17:00:00	18310.45	18321.35	18269.30	18309.35	3689	0	80
2024.04.08	18:00:00	18309.35	18325.10	18302.80	18311.80	2466	0	80
2024.04.08	19:00:00	18312.30	18322.35	18293.30	18321.85	2114	0	80
2024.04.08	20:00:00	18322.35	18324.30	18311.30	18321.30	1232	0	80
2024.04.08	21:00:00	18321.80	18323.30	18302.80	18313.80	1051	0	80
2024.04.08	22:00:00	18314.30	18315.85	18290.85	18294.80	1389	0	80
2024.04.08	23:00:00	18294.80	18304.30	18291.40	18299.30	1264	0	80
2024.04.09	01:00:00	18304.00	18304.30	18294.60	18300.10	434	0	700
2024.04.09	02:00:00	18299.70	18300.50	18291.80	18292.20	566	0	700
2024.04.09	03:00:00	18292.20	18296.60	18268.40	18271.30	683	0	460
2024.04.09	04:00:00	18271.80	18278.80	18264.30	18264.80	339	0	460
2024.04.09	05:00:00	18265.30	18271.30	18262.70	18269.30	255	0	460
2024.04.09	06:00:00	18268.80	18283.80	18266.30	18283.80	174	0	460
2024.04.09	07:00:00	18283.80	18295.30	18282.30	18290.80	140	0	460
2024.04.09	08:00:00	18290.80	18298.70	18280.90	18282.20	440	0	460
2024.04.09	09:00:00	18281.70	18288.15	18266.65	18269.20	810	0	80
2024.04.09	10:00:00	18268.20	18271.20	18209.05	18218.05	2736	0	80
2024.04.09	11:00:00	18218.05	18240.40	18197.45	18206.45	1916	0	80
2024.04.09	12:00:00	18207.45	18216.90	18177.90	18198.45	2300	0	80
2024.04.09	13:00:00	18197.95	18206.45	18141.45	18162.70	2270	0	80
2024.04.09	14:00:00	18163.20	18214.95	18163.20	18214.95	1946	0	80
2024.04.09	15:00:00	18215.90	18232.75	18201.50	18201.50	2063	0	80
2024.04.09	16:00:00	18201.50	18221.55	18125.50	18146.00	3481	0	80
2024.04.09	17:00:00	18146.50	18164.50	18057.45	18082.45	5629	0	80
2024.04.09	18:00:00	18082.45	18098.90	18069.20	18087.60	3899	0	80
2024.04.09	19:00:00	18087.10	18108.70	18086.20	18093.20	1819	0	80
2024.04.09	20:00:00	18093.70	18108.75	18087.75	18087.75	1770	0	80
2024.04.09	21:00:00	18087.25	18099.10	18078.00	18082.15	2029	0	80
2024.04.09	22:00:00	18081.65	18129.40	18067.65	18125.50	2519	0	80
2024.04.09	23:00:00	18125.50	18166.00	18118.30	18139.80	2359	0	100
2024.04.10	01:00:00	18132.60	18137.90	18127.30	18131.80	609	0	730
2024.04.10	02:00:00	18131.60	18134.30	18129.50	18130.40	506	0	720
2024.04.10	03:00:00	18130.40	18145.20	18121.60	18145.00	519	0	460
2024.04.10	04:00:00	18146.00	18154.50	18140.00	18154.50	328	0	460
2024.04.10	05:00:00	18155.00	18164.50	18149.50	18163.00	194	0	460
2024.04.10	06:00:00	18163.50	18165.00	18154.00	18155.00	152	0	460
2024.04.10	07:00:00	18154.50	18164.80	18153.50	18158.00	113	0	460
2024.04.10	08:00:00	18159.00	18165.00	18138.20	18144.90	412	0	460
2024.04.10	09:00:00	18145.90	18183.80	18141.70	18164.70	1004	0	80
2024.04.10	10:00:00	18164.20	18210.85	18162.90	18195.95	3015	0	80
2024.04.10	11:00:00	18195.95	18223.45	18184.95	18218.95	1894	0	80
2024.04.10	12:00:00	18219.45	18224.50	18180.45	18189.95	1712	0	80
2024.04.10	13:00:00	18190.00	18226.01	18184.50	18221.98	1532	0	80
2024.04.10	14:00:00	18221.48	18239.98	18217.93	18223.53	1497	0	75
2024.04.10	15:00:00	18222.53	18225.08	18013.98	18029.58	5926	0	85
2024.04.10	16:00:00	18030.58	18077.48	17973.98	18052.98	8455	0	85
2024.04.10	17:00:00	18052.98	18148.98	18044.48	18110.68	6099	0	85
2024.04.10	18:00:00	18111.68	18113.18	18073.78	18086.88	3530	0	85
2024.04.10	19:00:00	18086.38	18100.48	18070.98	18095.48	2044	0	135
2024.04.10	20:00:00	18095.98	18110.28	18043.78	18076.78	4527	0	145
2024.04.10	21:00:00	18077.28	18092.48	18050.98	18051.48	4552	0	175
2024.04.10	22:00:00	18051.98	18095.98	18046.48	18085.08	3747	0	145
2024.04.10	23:00:00	18085.58	18085.58	18048.38	18065.68	2017	0	165
2024.04.11	01:00:00	18059.68	18071.88	18056.18	18066.38	995	0	815
2024.04.11	02:00:00	18066.08	18066.08	18041.88	18052.88	1388	0	825
2024.04.11	03:00:00	18053.38	18074.88	18049.08	18064.58	1170	0	525
2024.04.11	04:00:00	18064.08	18088.58	18058.08	18082.08	584	0	525
2024.04.11	05:00:00	18083.08	18094.88	18080.68	18083.88	289	0	525
2024.04.11	06:00:00	18083.88	18103.58	18083.38	18096.38	251	0	525
2024.04.11	07:00:00	18095.88	18099.38	18085.98	18094.88	193	0	525
2024.04.11	08:00:00	18093.88	18103.88	18089.08	18095.68	348	0	525
2024.04.11	09:00:00	18093.68	18110.38	18070.78	18071.78	901	0	125
2024.04.11	10:00:00	18072.78	18100.48	18069.58	18090.08	3753	0	85
2024.04.11	11:00:00	18090.58	18103.03	18026.33	18027.33	2933	0	85
2024.04.11	12:00:00	18026.83	18045.88	18003.13	18016.13	3026	0	85
2024.04.11	13:00:00	18016.63	18022.18	17977.13	17998.68	2710	0	85
2024.04.11	14:00:00	17998.68	18007.68	17952.08	17964.08	3091	0	85
2024.04.11	15:00:00	17964.08	18066.38	17952.08	18047.48	5616	0	85
2024.04.11	16:00:00	18047.48	18082.38	18014.98	18018.98	6337	0	85
2024.04.11	17:00:00	18019.48	18019.98	17860.98	17907.98	6920	0	95
2024.04.11	18:00:00	17908.48	17990.98	17903.48	17987.98	4022	0	85
2024.04.11	19:00:00	17988.48	17994.18	17972.18	17987.68	2334	0	125
2024.04.11	20:00:00	17988.68	18034.18	17977.48	18030.18	2822	0	135
2024.04.11	21:00:00	18030.18	18055.08	18028.68	18039.18	1990	0	125
2024.04.11	22:00:00	18039.68	18056.18	18035.08	18041.18	1817	0	125
2024.04.11	23:00:00	18040.68	18046.78	18032.78	18042.48	1960	0	145
2024.04.12	01:00:00	18039.78	18053.78	18039.78	18051.68	703	0	785
2024.04.12	02:00:00	18052.18	18053.28	18029.78	18041.68	925	0	775
2024.04.12	03:00:00	18041.18	18043.78	18009.78	18038.78	926	0	525
2024.04.12	04:00:00	18038.28	18050.78	18023.48	18050.28	449	0	525
2024.04.12	05:00:00	18049.78	18051.08	18043.08	18048.58	280	0	525
2024.04.12	06:00:00	18048.58	18057.58	18039.08	18039.58	196	0	525
2024.04.12	07:00:00	18039.08	18051.58	18038.58	18044.88	139	0	525
2024.04.12	08:00:00	18043.88	18066.28	18034.18	18056.78	527	0	525
2024.04.12	09:00:00	18058.28	18114.78	18056.68	18109.88	1248	0	125
2024.04.12	10:00:00	18111.88	18146.88	18107.18	18136.33	3346	0	85
2024.04.12	11:00:00	18136.83	18162.83	18130.83	18143.18	2688	0	85
2024.04.12	12:00:00	18143.68	18146.73	18078.18	18103.68	2336	0	85
2024.04.12	13:00:00	18103.73	18123.73	18071.58	18090.18	2575	0	85
2024.04.12	14:00:00	18091.68	18123.23	18084.68	18110.23	2596	0	85
2024.04.12	15:00:00	18109.23	18120.18	17952.28	17954.28	4028	0	85
2024.04.12	16:00:00	17953.78	18036.28	17904.18	18002.28	6484	0	85
2024.04.12	17:00:00	18000.78	18000.78	17854.28	17860.28	6629	0	95
2024.04.12	18:00:00	17860.18	17947.28	17853.68	17933.78	4084	0	85
2024.04.12	19:00:00	17934.28	17934.88	17868.28	17879.28	3384	0	165
2024.04.12	20:00:00	17879.28	17887.78	17841.78	17866.78	3223	0	145
2024.04.12	21:00:00	17865.78	17885.78	17835.38	17836.38	3953	0	175
2024.04.12	22:00:00	17836.88	17876.78	17829.28	17866.28	2624	0	155
2024.04.15	01:00:00	17849.58	17915.28	17846.48	17901.88	3680	0	915
2024.04.15	02:00:00	17902.58	17917.68	17896.38	17899.18	1669	0	835
2024.04.15	03:00:00	17899.18	17902.98	17868.98	17897.98	1550	0	655
2024.04.15	04:00:00	17898.98	17906.48	17867.98	17904.18	784	0	635
2024.04.15	05:00:00	17904.18	17922.18	17904.18	17912.78	705	0	525
2024.04.15	06:00:00	17912.28	17923.38	17897.88	17913.28	504	0	525
2024.04.15	07:00:00	17913.78	17931.88	17907.98	17930.48	335	0	525
2024.04.15	08:00:00	17931.98	17993.98	17931.98	17974.98	738	0	525
2024.04.15	09:00:00	17974.98	18001.68	17955.68	17988.78	1469	0	145
2024.04.15	10:00:00	17986.78	18062.48	17986.78	18058.48	4370	0	95
2024.04.15	11:00:00	18057.48	18093.03	18050.48	18068.53	2714	0	85
2024.04.15	12:00:00	18069.53	18088.08	18050.53	18068.53	2564	0	85
2024.04.15	13:00:00	18068.58	18094.03	18063.03	18075.58	1943	0	85
2024.04.15	14:00:00	18076.08	18120.63	18076.08	18120.13	2108	0	85
2024.04.15	15:00:00	18120.13	18192.28	18101.08	18164.83	3302	0	85
2024.04.15	16:00:00	18165.33	18194.28	18155.28	18161.38	3845	0	85
2024.04.15	17:00:00	18160.38	18169.33	18031.78	18036.28	6400	0	85
2024.04.15	18:00:00	18036.28	18036.28	17971.78	18027.98	4094	0	85
2024.04.15	19:00:00	18028.48	18041.48	17970.38	17991.88	2961	0	125
2024.04.15	20:00:00	17992.38	17998.88	17894.38	17931.88	4821	0	165
2024.04.15	21:00:00	17931.38	17931.88	17890.38	17911.88	4470	0	175
2024.04.15	22:00:00	17911.38	17912.38	17879.38	17891.38	3796	0	165
2024.04.15	23:00:00	17891.38	17892.18	17855.28	17862.88	2309	0	175
2024.04.16	01:00:00	17889.18	17903.28	17888.38	17901.08	947	0	825
2024.04.16	02:00:00	17901.58	17901.58	17867.98	17896.98	1771	0	825
2024.04.16	03:00:00	17897.48	17899.58	17846.58	17852.08	1312	0	525
2024.04.16	04:00:00	17852.18	17856.38	17818.68	17827.48	713	0	525
2024.04.16	05:00:00	17829.48	17832.08	17768.08	17795.28	760	0	535
2024.04.16	06:00:00	17795.28	17796.68	17766.08	17790.28	559	0	525
2024.04.16	07:00:00	17789.78	17795.08	17763.58	17789.58	560	0	535
2024.04.16	08:00:00	17789.58	17835.08	17784.58	17823.58	769	0	645
2024.04.16	09:00:00	17823.08	17828.58	17766.38	17803.38	1859	0	165
2024.04.16	10:00:00	17803.38	17806.18	17743.18	17788.18	5323	0	95
2024.04.16	11:00:00	17788.68	17796.18	17753.18	17772.18	3053	0	85
2024.04.16	12:00:00	17771.18	17796.08	17750.18	17768.18	2825	0	85
2024.04.16	13:00:00	17767.68	17788.73	17751.08	17776.23	2308	0	85
2024.04.16	14:00:00	17776.18	17866.88	17772.08	17862.88	2404	0	85
2024.04.16	15:00:00	17861.88	17870.93	17806.88	17843.38	3080	0	85
2024.04.16	16:00:00	17842.88	17847.78	17711.88	17758.88	5423	0	85
2024.04.16	17:00:00	17759.88	17795.88	17719.88	17726.88	6013	0	95
2024.04.16	18:00:00	17727.38	17800.88	17721.78	17779.88	4401	0	85
2024.04.16	19:00:00	17780.38	17792.88	17760.38	17788.38	3465	0	175
2024.04.16	20:00:00	17788.38	17796.98	17724.38	17772.88	5362	0	175
2024.04.16	21:00:00	17773.38	17830.38	17744.38	17803.38	4721	0	185
2024.04.16	22:00:00	17802.88	17805.38	17749.38	17758.38	3246	0	175
2024.04.16	23:00:00	17759.88	17769.58	17745.78	17769.58	2092	0	185
2024.04.17	01:00:00	17787.18	17791.68	17778.38	17786.38	851	0	825
2024.04.17	02:00:00	17786.38	17811.78	17780.98	17810.78	1063	0	795
2024.04.17	03:00:00	17810.78	17810.78	17745.18	17755.18	1105	0	675
2024.04.17	04:00:00	17754.68	17780.18	17747.68	17777.58	739	0	545
2024.04.17	05:00:00	17777.08	17790.18	17771.28	17785.18	451	0	525
2024.04.17	06:00:00	17784.68	17786.98	17773.68	17779.68	401	0	525
2024.04.17	07:00:00	17780.18	17788.68	17771.08	17780.68	470	0	525
2024.04.17	08:00:00	17773.68	17793.18	17746.68	17763.18	903	0	535
2024.04.17	09:00:00	17761.68	17767.18	17724.88	17746.48	1924	0	145
2024.04.17	10:00:00	17746.48	17827.38	17734.78	17826.88	4801	0	95
2024.04.17	11:00:00	17827.38	17876.48	17809.88	17864.93	3402	0	85
2024.04.17	12:00:00	17863.43	17889.43	17834.38	17882.43	2625	0	85
2024.04.17	13:00:00	17882.43	17908.48	17869.28	17871.28	2474	0	85
2024.04.17	14:00:00	17871.78	17883.78	17845.13	17851.13	2008	0	85
2024.04.17	15:00:00	17849.63	17887.83	17829.63	17879.88	3370	0	85
2024.04.17	16:00:00	17879.38	17904.78	17844.68	17848.68	5639	0	85
2024.04.17	17:00:00	17849.18	17851.18	17783.68	17794.68	5165	0	95
2024.04.17	18:00:00	17795.18	17811.68	17767.78	17781.28	4542	0	85
2024.04.17	19:00:00	17780.78	17780.78	17735.28	17748.28	4588	0	185
2024.04.17	20:00:00	17749.28	17811.78	17745.28	17808.28	4060	0	155
2024.04.17	21:00:00	17808.78	17832.78	17775.78	17782.78	5035	0	165
2024.04.17	22:00:00	17781.28	17787.78	17755.78	17771.78	5425	0	185
2024.04.17	23:00:00	17771.78	17774.58	17756.48	17773.18	2181	0	185
2024.04.18	01:00:00	17785.08	17791.08	17781.78	17788.38	815	0	815
2024.04.18	02:00:00	17788.18	17796.88	17781.88	17792.38	797	0	815
2024.04.18	03:00:00	17792.58	17793.08	17764.28	17780.58	962	0	525
2024.04.18	04:00:00	17782.58	17787.18	17770.38	17785.38	749	0	525
2024.04.18	05:00:00	17787.38	17797.08	17777.88	17794.38	443	0	525
2024.04.18	06:00:00	17794.88	17800.48	17792.88	17798.88	296	0	525
2024.04.18	07:00:00	17799.88	17807.08	17795.88	17802.88	251	0	525
2024.04.18	08:00:00	17803.38	17846.88	17799.48	17838.08	716	0	525
2024.04.18	09:00:00	17839.58	17857.68	17827.68	17842.48	1168	0	125
2024.04.18	10:00:00	17841.98	17846.48	17800.08	17802.13	4038	0	85
2024.04.18	11:00:00	17800.13	17807.08	17759.48	17788.08	3192	0	85
2024.04.18	12:00:00	17788.13	17798.58	17742.58	17772.63	2861	0	85
2024.04.18	13:00:00	17772.63	17788.63	17752.13	17781.08	2081	0	85
2024.04.18	14:00:00	17781.08	17793.08	17754.13	17784.53	2219	0	85
2024.04.18	15:00:00	17784.03	17788.48	17721.98	17757.48	4020	0	85
2024.04.18	16:00:00	17757.38	17795.88	17714.98	17780.48	5947	0	85
2024.04.18	17:00:00	17784.48	17849.58	17772.48	17837.08	6063	0	85
2024.04.18	18:00:00	17836.58	17865.13	17802.28	17817.18	3954	0	85
2024.04.18	19:00:00	17816.68	17832.58	17760.08	17765.18	3458	0	145
2024.04.18	20:00:00	17764.68	17769.18	17723.58	17744.08	3793	0	175
2024.04.18	21:00:00	17743.58	17759.08	17720.08	17731.08	3583	0	185
2024.04.18	22:00:00	17730.58	17771.58	17730.08	17753.08	3304	0	165
2024.04.18	23:00:00	17753.08	17773.88	17738.68	17738.88	3651	0	185
2024.04.19	01:00:00	17755.58	17758.38	17746.38	17749.98	818	0	805
2024.04.19	02:00:00	17749.98	17750.38	17709.38	17715.98	1376	0	835
2024.04.19	03:00:00	17716.18	17723.48	17652.98	17666.48	1548	0	535
2024.04.19	04:00:00	17665.98	17673.48	17470.98	17516.98	1795	0	725
2024.04.19	05:00:00	17516.48	17526.98	17395.98	17469.98	1678	0	725
2024.04.19	06:00:00	17471.48	17553.48	17461.48	17532.48	1200	0	725
2024.04.19	07:00:00	17534.48	17595.98	17534.48	17560.48	627	0	685
2024.04.19	08:00:00	17560.98	17618.48	17560.48	17576.48	1022	0	725
2024.04.19	09:00:00	17575.98	17713.78	17503.68	17670.58	3716	0	165
2024.04.19	10:00:00	17671.08	17691.08	17625.68	17679.68	5326	0	95
2024.04.19	11:00:00	17680.68	17705.18	17645.78	17662.28	3552	0	95
2024.04.19	12:00:00	17661.28	17745.78	17659.18	17715.28	3310	0	85
2024.04.19	13:00:00	17715.78	17733.28	17699.83	17722.33	2868	0	85
2024.04.19	14:00:00	17721.33	17746.28	17687.68	17728.28	2804	0	85
2024.04.19	15:00:00	17727.78	17752.33	17701.68	17742.83	2927	0	85
2024.04.19	16:00:00	17740.33	17772.28	17709.28	17746.28	5407	0	85
2024.04.19	17:00:00	17745.78	17767.28	17718.28	17739.28	6380	0	95
2024.04.19	18:00:00	17739.28	17759.18	17722.28	17736.78	4131	0	85
2024.04.19	19:00:00	17735.78	17749.78	17691.38	17730.78	3011	0	175
2024.04.19	20:00:00	17729.78	17758.78	17720.78	17737.78	3019	0	175
2024.04.19	21:00:00	17736.78	17736.78	17666.78	17696.78	2628	0	185
2024.04.19	22:00:00	17694.78	17717.78	17682.78	17705.78	2292	0	185
2024.04.22	01:00:00	17753.68	17776.78	17743.28	17772.78	2112	0	845
2024.04.22	02:00:00	17772.78	17784.08	17758.78	17781.28	1273	0	825
2024.04.22	03:00:00	17780.78	17834.98	17774.28	17774.28	1410	0	655
2024.04.22	04:00:00	17774.78	17802.78	17768.28	17801.48	1140	0	705
2024.04.22	05:00:00	17804.48	17812.88	17794.48	17794.48	500	0	525
2024.04.22	06:00:00	17793.98	17800.68	17775.98	17775.98	437	0	525
2024.04.22	07:00:00	17775.48	17796.38	17774.88	17792.58	392	0	525
2024.04.22	08:00:00	17792.08	17812.78	17783.88	17812.68	566	0	525
2024.04.22	09:00:00	17810.68	17859.28	17805.98	17851.48	1269	0	125
2024.04.22	10:00:00	17849.98	17879.08	17764.68	17770.68	3954	0	95
2024.04.22	11:00:00	17770.18	17796.18	17758.68	17793.68	2880	0	85
2024.04.22	12:00:00	17793.68	17844.18	17790.08	17834.18	2663	0	85
2024.04.22	13:00:00	17834.08	17864.73	17809.68	17830.18	2433	0	85
2024.04.22	14:00:00	17830.68	17853.23	17806.08	17844.23	2294	0	85
2024.04.22	15:00:00	17844.23	17865.63	17815.18	17864.63	2538	0	85
2024.04.22	16:00:00	17865.13	17890.48	17843.58	17861.08	4122	0	85
2024.04.22	17:00:00	17861.58	17884.28	17836.78	17870.78	5108	0	95
2024.04.22	18:00:00	17871.28	17881.98	17834.78	17880.98	3005	0	95
2024.04.22	19:00:00	17880.98	17905.88	17877.88	17897.88	1953	0	135
2024.04.22	20:00:00	17898.38	17968.78	17892.38	17957.28	2162	0	145
2024.04.22	21:00:00	17958.28	17981.48	17950.28	17960.88	3119	0	155
2024.04.22	22:00:00	17961.88	17962.88	17919.78	17935.78	2877	0	155
2024.04.22	23:00:00	17936.28	17937.58	17905.58	17924.98	2191	0	185
2024.04.23	01:00:00	17943.38	17944.08	17922.48	17934.28	1079	0	795
2024.04.23	02:00:00	17933.88	17937.78	17899.38	17928.58	1350	0	815
2024.04.23	03:00:00	17928.88	17978.18	17928.88	17972.38	927	0	565
2024.04.23	04:00:00	17972.88	17974.18	17936.28	17947.68	647	0	525
2024.04.23	05:00:00	17948.18	17970.68	17943.68	17968.48	456	0	525
2024.04.23	06:00:00	17968.98	17977.38	17960.48	17969.38	404	0	525
2024.04.23	07:00:00	17969.38	17970.68	17950.98	17962.98	257	0	525
2024.04.23	08:00:00	17963.98	17970.78	17944.88	17962.38	298	0	525
2024.04.23	09:00:00	17960.88	18013.48	17946.98	18007.98	969	0	125
2024.04.23	10:00:00	18007.48	18045.78	17963.88	17974.28	3235	0	95
2024.04.23	11:00:00	17974.18	18001.68	17954.28	17957.28	2489	0	85
2024.04.23	12:00:00	17956.78	18000.78	17954.28	17997.78	2079	0	85
2024.04.23	13:00:00	17997.68	18064.83	17996.18	18060.28	1770	0	85
2024.04.23	14:00:00	18060.78	18075.78	18026.33	18035.28	1782	0	85
2024.04.23	15:00:00	18035.78	18068.68	18009.68	18063.73	2060	0	85
2024.04.23	16:00:00	18063.23	18094.68	18047.68	18090.18	3196	0	85
2024.04.23	17:00:00	18089.68	18126.98	18070.18	18116.98	4045	0	85
2024.04.23	18:00:00	18116.98	18144.98	18097.88	18123.58	3233	0	85
2024.04.23	19:00:00	18123.58	18152.68	18122.58	18140.58	1710	0	135
2024.04.23	20:00:00	18140.08	18168.18	18135.08	18164.78	1835	0	135
2024.04.23	21:00:00	18163.78	18170.68	18154.58	18162.68	1178	0	125
2024.04.23	22:00:00	18162.68	18175.58	18150.08	18162.98	1979	0	145
2024.04.23	23:00:00	18162.98	18178.28	18145.68	18174.58	2067	0	185
2024.04.24	01:00:00	18188.58	18189.38	18172.68	18179.08	797	0	775
2024.04.24	02:00:00	18179.08	18197.18	18177.48	18189.08	1054	0	785
2024.04.24	03:00:00	18188.78	18206.28	18166.28	18194.78	793	0	585
2024.04.24	04:00:00	18194.28	18209.48	18187.98	18209.48	558	0	525
2024.04.24	05:00:00	18209.98	18209.98	18192.38	18199.98	325	0	525
2024.04.24	06:00:00	18200.08	18223.38	18196.58	18213.48	377	0	525
2024.04.24	07:00:00	18212.98	18213.98	18203.78	18207.58	391	0	525
2024.04.24	08:00:00	18207.08	18229.58	18206.98	18223.98	375	0	525
2024.04.24	09:00:00	18223.98	18233.98	18190.98	18213.98	1083	0	155
2024.04.24	10:00:00	18214.28	18218.78	18164.38	18202.78	3356	0	85
2024.04.24	11:00:00	18202.78	18225.78	18171.28	18171.78	2320	0	85
2024.04.24	12:00:00	18175.78	18200.78	18170.83	18176.33	2205	0	85
2024.04.24	13:00:00	18176.83	18198.83	18168.78	18189.78	1723	0	85
2024.04.24	14:00:00	18190.28	18200.83	18179.28	18185.83	1699	0	85
2024.04.24	15:00:00	18186.33	18190.28	18136.78	18137.78	2554	0	85
2024.04.24	16:00:00	18136.78	18147.28	18111.78	18115.78	2864	0	85
2024.04.24	17:00:00	18115.68	18137.28	18071.68	18074.18	3645	0	85
2024.04.24	18:00:00	18073.68	18082.18	18052.18	18058.28	2822	0	85
2024.04.24	19:00:00	18057.78	18077.28	18053.78	18076.28	2021	0	155
2024.04.24	20:00:00	18077.28	18120.88	18069.28	18115.28	1381	0	135
2024.04.24	21:00:00	18116.28	18117.78	18073.28	18074.28	2233	0	155
2024.04.24	22:00:00	18073.28	18098.38	18064.78	18084.88	1832	0	135
2024.04.24	23:00:00	18083.88	18095.48	17979.88	18004.48	4594	0	155
2024.04.25	01:00:00	17991.98	18005.98	17987.68	18000.48	1510	0	865
2024.04.25	02:00:00	18000.98	18012.28	17994.08	18005.18	1084	0	805
2024.04.25	03:00:00	18005.48	18075.98	18005.48	18072.38	723	0	525
2024.04.25	04:00:00	18072.38	18072.78	18043.48	18048.38	251	0	525
2024.04.25	05:00:00	18045.88	18054.88	18043.68	18053.48	173	0	525
2024.04.25	06:00:00	18052.98	18053.48	18035.28	18036.98	126	0	525
2024.04.25	07:00:00	18037.98	18053.18	18035.48	18039.68	195	0	525
2024.04.25	08:00:00	18040.18	18043.28	18014.48	18030.98	418	0	525
2024.04.25	09:00:00	18030.98	18071.78	18018.98	18070.78	1205	0	135
2024.04.25	10:00:00	18069.78	18081.58	17967.08	17998.18	3981	0	95
2024.04.25	11:00:00	17997.68	18030.68	17987.18	17992.18	2790	0	85
2024.04.25	12:00:00	17992.18	17994.78	17971.78	17980.28	2315	0	85
2024.04.25	13:00:00	17980.28	17986.18	17949.18	17949.68	2178	0	85
2024.04.25	14:00:00	17949.68	17998.58	17940.18	17995.08	2551	0	85
2024.04.25	15:00:00	17993.58	18011.48	17881.48	17893.08	5078	0	85
2024.04.25	16:00:00	17891.98	17904.98	17803.48	17815.48	6413	0	95
2024.04.25	17:00:00	17815.98	17898.28	17793.98	17894.28	6012	0	95
2024.04.25	18:00:00	17894.28	17929.78	17880.38	17903.88	4353	0	85
2024.04.25	19:00:00	17902.38	17907.88	17880.38	17905.38	3861	0	165
2024.04.25	20:00:00	17904.88	17945.88	17883.88	17941.98	4021	0	165
2024.04.25	21:00:00	17942.48	17947.98	17905.88	17923.38	4148	0	165
2024.04.25	22:00:00	17923.38	17953.38	17918.88	17933.88	3258	0	165
2024.04.25	23:00:00	17933.88	18095.68	17919.38	18085.68	3106	0	185
2024.04.26	01:00:00	18053.68	18053.68	18032.68	18040.58	1157	0	815
2024.04.26	02:00:00	18039.58	18041.58	18018.48	18022.58	1119	0	815
2024.04.26	03:00:00	18023.78	18023.78	17960.48	17971.98	1157	0	605
2024.04.26	04:00:00	17972.48	17991.88	17963.88	17986.48	692	0	565
2024.04.26	05:00:00	17985.98	18003.78	17980.68	17987.98	392	0	525
2024.04.26	06:00:00	17987.48	18007.98	17987.28	17995.68	479	0	525
2024.04.26	07:00:00	17995.18	18000.98	17988.88	17990.38	278	0	525
2024.04.26	08:00:00	17989.88	18019.08	17985.48	18013.18	563	0	525
2024.04.26	09:00:00	18013.68	18041.48	18007.98	18011.98	1049	0	135
2024.04.26	10:00:00	18013.98	18036.28	17995.38	18025.83	3238	0	85
2024.04.26	11:00:00	18025.83	18059.83	18018.78	18048.28	2312	0	85
2024.04.26	12:00:00	18048.28	18059.08	18032.28	18046.63	1934	0	85
2024.04.26	13:00:00	18046.58	18057.08	18041.58	18052.58	1655	0	85
2024.04.26	14:00:00	18052.58	18070.63	18040.13	18050.13	1844	0	85
2024.04.26	15:00:00	18050.63	18107.48	18040.58	18067.08	4799	0	85
2024.04.26	16:00:00	18067.58	18164.58	18064.48	18150.58	5208	0	85
2024.04.26	17:00:00	18149.58	18202.98	18146.58	18160.58	4966	0	85
2024.04.26	18:00:00	18161.08	18171.48	18152.38	18165.48	3767	0	85
2024.04.26	19:00:00	18164.98	18186.18	18154.98	18184.68	2097	0	125
2024.04.26	20:00:00	18185.18	18198.18	18177.18	18190.58	1589	0	125
2024.04.26	21:00:00	18191.08	18192.58	18171.58	18189.08	1643	0	125
2024.04.26	22:00:00	18189.08	18192.08	18169.48	18176.98	1435	0	125
2024.04.29	01:00:00	18195.58	18208.58	18195.58	18198.78	576	0	755
2024.04.29	02:00:00	18198.98	18220.58	18196.08	18217.88	732	0	765
2024.04.29	03:00:00	18218.58	18223.98	18193.38	18210.78	490	0	525
2024.04.29	04:00:00	18210.28	18228.88	18210.18	18226.28	496	0	525
2024.04.29	05:00:00	18226.78	18231.68	18221.78	18227.68	353	0	525
2024.04.29	06:00:00	18227.68	18232.18	18216.08	18219.88	235	0	525
2024.04.29	07:00:00	18219.88	18233.78	18213.68	18226.98	606	0	525
2024.04.29	08:00:00	18226.98	18240.48	18221.48	18229.38	385	0	525
2024.04.29	09:00:00	18231.38	18239.08	18196.18	18203.08	942	0	125
2024.04.29	10:00:00	18201.08	18229.48	18182.48	18213.08	2971	0	85
2024.04.29	11:00:00	18213.58	18214.08	18177.13	18181.13	1746	0	85
2024.04.29	12:00:00	18181.18	18189.68	18144.13	18147.13	1937	0	85
2024.04.29	13:00:00	18147.18	18167.63	18144.68	18166.18	1483	0	85
2024.04.29	14:00:00	18166.68	18166.68	18135.63	18149.13	1151	0	85
2024.04.29	15:00:00	18148.18	18166.63	18125.88	18134.38	1817	0	85
2024.04.29	16:00:00	18134.38	18140.88	18104.28	18106.28	3151	0	85
2024.04.29	17:00:00	18106.78	18143.88	18104.78	18141.28	3724	0	85
2024.04.29	18:00:00	18141.78	18148.78	18120.08	18129.58	2503	0	85
2024.04.29	19:00:00	18130.08	18133.58	18118.58	18122.58	1328	0	125
2024.04.29	20:00:00	18123.08	18135.08	18115.58	18131.48	1226	0	125
2024.04.29	21:00:00	18130.98	18134.48	18100.78	18126.88	2149	0	135
2024.04.29	22:00:00	18125.88	18129.38	18082.78	18128.38	3257	0	155
2024.04.29	23:00:00	18128.38	18139.28	18117.78	18125.98	1538	0	165
2024.04.30	01:00:00	18114.88	18118.48	18108.98	18113.18	557	0	775
2024.04.30	02:00:00	18113.18	18116.98	18109.78	18112.68	406	0	745
2024.04.30	03:00:00	18112.88	18144.48	18108.48	18136.28	621	0	525
2024.04.30	04:00:00	18135.28	18139.58	18129.38	18130.88	614	0	525
2024.04.30	05:00:00	18130.98	18136.58	18122.38	18123.38	251	0	525
2024.04.30	06:00:00	18123.88	18126.38	18115.08	18121.68	219	0	525
2024.04.30	07:00:00	18121.18	18125.38	18113.48	18114.88	254	0	525
2024.04.30	08:00:00	18115.38	18121.08	18094.88	18119.38	772	0	565
2024.04.30	09:00:00	18117.88	18150.68	18113.38	18139.18	1248	0	125
2024.04.30	10:00:00	18138.18	18149.98	18065.58	18066.53	3559	0	85
2024.04.30	11:00:00	18066.03	18074.98	18024.58	18027.53	2650	0	85
2024.04.30	12:00:00	18027.03	18056.98	18015.48	18050.53	2195	0	85
2024.04.30	13:00:00	18051.03	18078.48	18040.58	18066.58	2128	0	85
2024.04.30	14:00:00	18066.58	18066.58	18030.38	18043.93	1883	0	85
2024.04.30	15:00:00	18044.43	18061.98	17986.88	18003.98	3905	0	85
2024.04.30	16:00:00	18002.98	18038.88	17992.38	18026.88	4585	0	85
2024.04.30	17:00:00	18026.38	18047.98	17995.98	17996.48	4979	0	95
2024.04.30	18:00:00	17995.48	17995.98	17913.58	17946.08	4372	0	95
2024.04.30	19:00:00	17947.08	17949.18	17904.08	17925.18	2990	0	145
2024.04.30	20:00:00	17925.18	17946.18	17913.08	17943.68	3056	0	155
2024.04.30	21:00:00	17943.18	17950.18	17909.78	17920.78	2951	0	155
2024.04.30	22:00:00	17920.28	17934.88	17895.78	17901.78	3197	0	145
2024.04.30	23:00:00	17901.78	17929.08	17847.48	17864.98	4541	0	185
2024.05.02	03:00:00	17901.68	17916.18	17883.18	17907.48	369	0	525
2024.05.02	04:00:00	17907.98	17933.28	17897.78	17932.78	533	0	575
2024.05.02	05:00:00	17932.88	17945.08	17930.78	17933.08	432	0	525
2024.05.02	06:00:00	17933.58	17933.68	17909.78	17918.68	393	0	525
2024.05.02	07:00:00	17918.68	17922.98	17908.28	17915.68	267	0	525
2024.05.02	08:00:00	17915.18	17966.68	17913.68	17956.68	730	0	595
2024.05.02	09:00:00	17953.68	17975.68	17928.68	17943.68	1650	0	165
2024.05.02	10:00:00	17944.68	17947.98	17885.48	17918.08	3968	0	95
2024.05.02	11:00:00	17917.58	17967.08	17885.58	17894.58	3033	0	85
2024.05.02	12:00:00	17893.58	17946.63	17891.58	17915.63	2614	0	85
2024.05.02	13:00:00	17915.68	17952.68	17913.18	17944.13	2209	0	85
2024.05.02	14:00:00	17945.13	17963.68	17937.18	17939.18	1817	0	85
2024.05.02	15:00:00	17941.18	17974.98	17930.68	17946.08	2483	0	85
2024.05.02	16:00:00	17946.98	17984.53	17925.78	17927.28	3868	0	85
2024.05.02	17:00:00	17927.18	17946.68	17874.18	17916.98	5441	0	95
2024.05.02	18:00:00	17915.98	17935.48	17884.28	17922.38	3693	0	85
2024.05.02	19:00:00	17922.88	17924.38	17899.28	17916.28	2720	0	135
2024.05.02	20:00:00	17917.28	17942.78	17914.78	17920.38	2655	0	145
2024.05.02	21:00:00	17920.88	17954.38	17917.78	17951.38	1948	0	145
2024.05.02	22:00:00	17951.88	17960.78	17925.78	17940.78	2815	0	165
2024.05.02	23:00:00	17940.28	17994.98	17922.18	17978.78	3535	0	185
2024.05.03	01:00:00	17969.88	17997.98	17951.18	17964.58	1847	0	845
2024.05.03	02:00:00	17964.58	17971.68	17957.48	17968.48	945	0	785
2024.05.03	03:00:00	17968.98	17981.98	17961.28	17977.38	744	0	525
2024.05.03	04:00:00	17975.88	17981.08	17968.38	17968.38	618	0	525
2024.05.03	05:00:00	17968.58	17971.98	17952.28	17953.88	293	0	525
2024.05.03	06:00:00	17953.38	17958.28	17949.38	17955.18	324	0	525
2024.05.03	07:00:00	17955.28	17957.58	17945.48	17946.38	301	0	525
2024.05.03	08:00:00	17945.88	17984.08	17939.58	17979.28	469	0	525
2024.05.03	09:00:00	17978.78	18009.38	17951.78	17983.38	1277	0	125
2024.05.03	10:00:00	17982.38	17994.68	17904.58	17928.48	3049	0	85
2024.05.03	11:00:00	17928.48	17974.23	17927.38	17961.23	1901	0	85
2024.05.03	12:00:00	17961.73	17991.23	17953.68	17988.73	1776	0	85
2024.05.03	13:00:00	17989.68	18006.73	17977.18	17981.68	1579	0	85
2024.05.03	14:00:00	17981.18	17986.18	17958.73	17968.68	1717	0	85
2024.05.03	15:00:00	17969.18	18108.98	17968.18	18052.18	5351	0	85
2024.05.03	16:00:00	18053.68	18066.58	18001.58	18040.18	6091	0	85
2024.05.03	17:00:00	18038.18	18069.08	17955.08	17976.58	8546	0	95
2024.05.03	18:00:00	17976.58	18022.58	17965.58	18016.18	3935	0	95
2024.05.03	19:00:00	18016.68	18033.68	18008.68	18012.18	2343	0	155
2024.05.03	20:00:00	18012.18	18029.18	18003.18	18021.18	2411	0	135
2024.05.03	21:00:00	18020.68	18034.38	18012.78	18015.18	1764	0	125
2024.05.03	22:00:00	18015.68	18022.88	18008.28	18014.78	1522	0	125
2024.05.06	01:00:00	18059.18	18059.38	18049.48	18056.88	876	0	755
2024.05.06	02:00:00	18056.88	18060.58	18038.38	18039.78	941	0	755
2024.05.06	03:00:00	18040.48	18047.08	18022.38	18036.58	795	0	575
2024.05.06	04:00:00	18037.08	18046.88	18035.58	18045.98	306	0	525
2024.05.06	05:00:00	18046.48	18050.38	18042.28	18043.88	473	0	525
2024.05.06	06:00:00	18043.88	18058.08	18040.78	18052.88	249	0	525
2024.05.06	07:00:00	18053.88	18054.88	18047.28	18048.78	192	0	525
2024.05.06	08:00:00	18047.78	18050.68	18025.38	18031.88	383	0	525
2024.05.06	09:00:00	18031.88	18050.68	18026.48	18032.28	840	0	125
2024.05.06	10:00:00	18032.78	18050.98	18019.08	18023.33	2068	0	85
2024.05.06	11:00:00	18022.83	18082.83	18017.28	18079.28	1541	0	85
2024.05.06	12:00:00	18079.78	18130.33	18073.28	18128.33	1277	0	85
2024.05.06	13:00:00	18128.33	18174.78	18128.33	18167.88	1611	0	85
2024.05.06	14:00:00	18166.88	18182.93	18157.88	18179.93	1127	0	85
2024.05.06	15:00:00	18179.88	18199.38	18160.38	18166.38	1468	0	85
2024.05.06	16:00:00	18166.38	18167.38	18108.28	18135.88	2379	0	85
2024.05.06	17:00:00	18136.38	18178.38	18132.38	18162.28	2215	0	85
2024.05.06	18:00:00	18161.78	18186.88	18154.28	18183.08	1533	0	85
2024.05.06	19:00:00	18182.58	18195.58	18165.98	18193.08	1400	0	125
2024.05.06	20:00:00	18193.58	18213.08	18191.58	18209.08	1297	0	125
2024.05.06	21:00:00	18209.58	18220.08	18208.08	18211.08	1156	0	125
2024.05.06	22:00:00	18210.08	18218.88	18196.08	18218.88	1323	0	125
2024.05.06	23:00:00	18215.08	18217.18	18199.88	18209.58	1241	0	785
2024.05.07	01:00:00	18205.48	18216.68	18202.28	18215.68	510	0	775
2024.05.07	02:00:00	18215.68	18217.98	18207.88	18212.48	617	0	765
2024.05.07	03:00:00	18212.28	18243.98	18212.28	18225.58	633	0	525
2024.05.07	04:00:00	18225.68	18230.98	18215.28	18227.28	477	0	525
2024.05.07	05:00:00	18226.28	18226.28	18208.98	18208.98	497	0	525
2024.05.07	06:00:00	18207.98	18231.08	18207.98	18227.58	356	0	525
2024.05.07	07:00:00	18229.08	18230.08	18222.38	18225.58	439	0	525
2024.05.07	08:00:00	18225.58	18229.48	18196.58	18204.08	451	0	525
2024.05.07	09:00:00	18203.08	18243.78	18198.58	18239.38	1195	0	125
2024.05.07	10:00:00	18239.38	18272.68	18223.23	18228.98	3048	0	85
2024.05.07	11:00:00	18229.48	18284.23	18219.18	18277.73	2021	0	85
2024.05.07	12:00:00	18278.23	18301.28	18277.78	18293.63	2045	0	85
2024.05.07	13:00:00	18293.68	18313.63	18289.63	18308.68	1722	0	85
2024.05.07	14:00:00	18308.18	18309.18	18259.88	18280.93	2231	0	85
2024.05.07	15:00:00	18279.93	18326.98	18278.48	18325.98	1750	0	85
2024.05.07	16:00:00	18326.98	18385.88	18325.93	18340.88	3339	0	85
2024.05.07	17:00:00	18339.88	18421.78	18338.38	18416.68	2932	0	85
2024.05.07	18:00:00	18417.18	18446.28	18412.18	18436.88	2314	0	85
2024.05.07	19:00:00	18436.38	18438.98	18422.98	18429.58	1260	0	125
2024.05.07	20:00:00	18429.08	18448.98	18420.88	18423.88	1832	0	125
2024.05.07	21:00:00	18423.88	18430.38	18416.88	18424.98	2052	0	125
2024.05.07	22:00:00	18425.48	18444.88	18421.98	18440.38	1779	0	125
2024.05.07	23:00:00	18441.38	18447.88	18427.58	18441.08	1165	0	165
2024.05.08	01:00:00	18425.68	18440.58	18419.68	18440.48	820	0	785
2024.05.08	02:00:00	18440.48	18446.88	18435.48	18442.88	580	0	755
2024.05.08	03:00:00	18443.38	18464.38	18431.48	18440.08	689	0	555
2024.05.08	04:00:00	18440.58	18442.88	18427.58	18429.48	360	0	525
2024.05.08	05:00:00	18430.48	18438.58	18415.38	18426.68	344	0	525
2024.05.08	06:00:00	18426.78	18435.08	18418.28	18428.28	289	0	525
2024.05.08	07:00:00	18427.28	18433.88	18414.88	18416.88	378	0	525
2024.05.08	08:00:00	18416.38	18439.68	18410.88	18436.48	568	0	575
2024.05.08	09:00:00	18436.38	18468.78	18427.68	18458.18	1087	0	125
2024.05.08	10:00:00	18458.18	18504.48	18448.68	18485.08	3513	0	85
2024.05.08	11:00:00	18485.48	18545.98	18483.48	18511.58	2536	0	85
2024.05.08	12:00:00	18511.58	18542.08	18510.58	18530.08	2014	0	85
2024.05.08	13:00:00	18530.58	18534.53	18504.48	18505.48	1690	0	85
2024.05.08	14:00:00	18505.48	18515.08	18483.58	18487.53	1732	0	85
2024.05.08	15:00:00	18487.58	18492.58	18425.08	18435.08	2487	0	85
2024.05.08	16:00:00	18434.58	18496.03	18434.58	18496.03	2580	0	85
2024.05.08	17:00:00	18496.03	18500.98	18471.58	18479.83	2684	0	85
2024.05.08	18:00:00	18480.33	18495.98	18466.33	18489.58	2134	0	85
2024.05.08	19:00:00	18490.08	18502.08	18486.88	18500.08	1300	0	125
2024.05.08	20:00:00	18499.08	18508.58	18489.88	18507.58	1630	0	125
2024.05.08	21:00:00	18507.58	18517.58	18497.98	18499.48	1254	0	125
2024.05.08	22:00:00	18500.48	18512.98	18491.38	18509.48	1334	0	125
2024.05.08	23:00:00	18509.48	18509.48	18490.18	18497.28	1275	0	145
2024.05.09	01:00:00	18505.38	18517.68	18505.18	18513.78	626	0	755
2024.05.09	02:00:00	18513.78	18514.28	18507.48	18509.08	507	0	735
2024.05.09	03:00:00	18509.58	18550.38	18497.78	18519.88	1002	0	545
2024.05.09	04:00:00	18521.88	18537.38	18472.88	18523.88	1508	0	625
2024.05.09	05:00:00	18527.38	18542.38	18498.38	18506.38	532	0	555
2024.05.09	06:00:00	18507.38	18509.48	18496.98	18504.38	458	0	525
2024.05.09	07:00:00	18504.38	18508.98	18489.88	18494.08	366	0	525
2024.05.09	08:00:00	18494.18	18497.68	18478.98	18488.38	506	0	535
2024.05.09	09:00:00	18486.88	18501.08	18472.38	18480.78	679	0	125
2024.05.09	10:00:00	18481.78	18548.18	18480.63	18545.08	2400	0	85
2024.05.09	11:00:00	18545.08	18555.33	18523.68	18554.83	1629	0	85
2024.05.09	12:00:00	18554.88	18561.88	18533.88	18544.83	1357	0	85
2024.05.09	13:00:00	18544.88	18571.73	18544.88	18561.28	1057	0	85
2024.05.09	14:00:00	18561.28	18626.68	18561.28	18614.23	1860	0	85
2024.05.09	15:00:00	18614.28	18689.68	18601.78	18659.23	2520	0	85
2024.05.09	16:00:00	18659.18	18674.23	18639.18	18658.73	2795	0	85
2024.05.09	17:00:00	18660.23	18701.78	18656.18	18687.73	3042	0	85
2024.05.09	18:00:00	18686.23	18699.28	18677.28	18683.38	1954	0	85
2024.05.09	19:00:00	18682.88	18701.58	18681.38	18698.58	1211	0	125
2024.05.09	20:00:00	18698.08	18705.58	18685.38	18697.48	1800	0	125
2024.05.09	21:00:00	18696.48	18723.48	18694.48	18720.58	1267	0	125
2024.05.09	22:00:00	18720.58	18721.48	18707.58	18719.88	1336	0	125
2024.05.09	23:00:00	18719.88	18736.38	18713.88	18734.18	1325	0	155
2024.05.10	01:00:00	18726.98	18739.08	18726.78	18734.28	750	0	785
2024.05.10	02:00:00	18734.28	18740.28	18732.38	18732.88	659	0	755
2024.05.10	03:00:00	18733.38	18735.88	18717.78	18728.88	524	0	565
2024.05.10	04:00:00	18729.38	18734.28	18713.78	18714.18	465	0	525
2024.05.10	05:00:00	18713.68	18724.58	18709.28	18720.18	319	0	525
2024.05.10	06:00:00	18720.68	18729.78	18715.38	18723.48	179	0	525
2024.05.10	07:00:00	18723.58	18738.28	18722.38	18734.38	232	0	525
2024.05.10	08:00:00	18734.48	18755.28	18727.08	18729.28	493	0	525
2024.05.10	09:00:00	18730.28	18764.58	18722.78	18760.08	1114	0	125
2024.05.10	10:00:00	18760.08	18803.13	18748.98	18802.08	2810	0	85
2024.05.10	11:00:00	18802.58	18842.58	18795.58	18842.08	2004	0	85
2024.05.10	12:00:00	18842.58	18848.08	18811.58	18815.08	1984	0	85
2024.05.10	13:00:00	18810.08	18821.13	18788.58	18790.08	1388	0	85
2024.05.10	14:00:00	18790.08	18805.13	18768.08	18797.63	1373	0	85
2024.05.10	15:00:00	18797.58	18813.63	18782.58	18786.08	1614	0	85
2024.05.10	16:00:00	18786.08	18796.08	18759.58	18772.08	2319	0	85
2024.05.10	17:00:00	18772.08	18786.58	18750.08	18772.58	3645	0	85
2024.05.10	18:00:00	18773.58	18774.58	18752.08	18773.28	2415	0	85
2024.05.10	19:00:00	18772.78	18776.38	18760.68	18774.88	1251	0	125
2024.05.10	20:00:00	18774.38	18774.88	18763.28	18768.88	1104	0	125
2024.05.10	21:00:00	18769.38	18778.98	18763.28	18777.48	1098	0	125
2024.05.10	22:00:00	18776.48	18784.48	18771.98	18774.48	837	0	125
2024.05.13	01:00:00	18768.58	18769.58	18757.98	18768.38	632	0	775
2024.05.13	02:00:00	18768.88	18773.68	18767.68	18772.18	478	0	755
2024.05.13	03:00:00	18772.38	18787.88	18764.78	18785.98	738	0	565
2024.05.13	04:00:00	18786.98	18790.18	18778.98	18787.98	662	0	555
2024.05.13	05:00:00	18788.48	18789.58	18776.68	18781.28	247	0	525
2024.05.13	06:00:00	18780.78	18795.48	18779.28	18786.08	269	0	525
2024.05.13	07:00:00	18786.58	18787.88	18777.18	18787.88	261	0	525
2024.05.13	08:00:00	18789.38	18797.28	18782.08	18792.58	372	0	525
2024.05.13	09:00:00	18792.48	18802.98	18775.18	18777.18	616	0	135
2024.05.13	10:00:00	18777.18	18798.98	18759.38	18767.53	2215	0	85
2024.05.13	11:00:00	18767.03	18775.03	18729.83	18730.83	1878	0	85
2024.05.13	12:00:00	18731.38	18746.33	18728.38	18741.33	1439	0	85
2024.05.13	13:00:00	18741.33	18742.83	18727.33	18733.38	984	0	85
2024.05.13	14:00:00	18732.38	18744.83	18727.38	18740.33	1015	0	85
2024.05.13	15:00:00	18739.83	18743.38	18714.83	18716.78	1111	0	85
2024.05.13	16:00:00	18716.78	18756.88	18704.73	18754.88	2017	0	85
2024.05.13	17:00:00	18755.38	18761.43	18731.43	18743.93	2088	0	85
2024.05.13	18:00:00	18744.43	18746.98	18725.48	18730.18	1740	0	85
2024.05.13	19:00:00	18730.18	18735.28	18722.28	18722.28	720	0	125
2024.05.13	20:00:00	18721.78	18726.18	18705.08	18720.28	1577	0	125
2024.05.13	21:00:00	18719.28	18726.48	18714.28	18726.48	747	0	125
2024.05.13	22:00:00	18725.98	18730.48	18719.48	18730.38	972	0	125
2024.05.13	23:00:00	18730.38	18730.88	18712.38	18714.68	1074	0	145
2024.05.14	01:00:00	18718.68	18724.68	18717.18	18723.18	508	0	765
2024.05.14	02:00:00	18723.18	18726.78	18719.48	18724.88	386	0	745
2024.05.14	03:00:00	18725.38	18730.58	18709.08	18715.88	395	0	525
2024.05.14	04:00:00	18717.38	18726.68	18712.28	18723.78	383	0	525
2024.05.14	05:00:00	18724.78	18725.58	18717.88	18717.88	186	0	525
2024.05.14	06:00:00	18718.38	18721.58	18712.78	18721.58	183	0	525
2024.05.14	07:00:00	18721.08	18725.58	18716.98	18720.68	255	0	525
2024.05.14	08:00:00	18721.68	18732.38	18715.78	18727.48	381	0	525
2024.05.14	09:00:00	18726.98	18743.78	18716.88	18732.78	730	0	125
2024.05.14	10:00:00	18732.78	18737.08	18690.48	18697.13	2578	0	85
2024.05.14	11:00:00	18697.08	18711.13	18682.13	18702.63	1592	0	85
2024.05.14	12:00:00	18702.08	18718.53	18695.08	18712.33	1204	0	85
2024.05.14	13:00:00	18712.28	18713.33	18695.33	18713.28	1155	0	85
2024.05.14	14:00:00	18713.28	18723.33	18696.28	18713.83	1120	0	85
2024.05.14	15:00:00	18711.83	18720.83	18622.18	18706.28	3082	0	85
2024.05.14	16:00:00	18706.18	18722.83	18691.18	18715.33	2744	0	85
2024.05.14	17:00:00	18715.33	18736.83	18704.78	18715.28	3355	0	85
2024.05.14	18:00:00	18715.78	18733.83	18707.38	18711.98	1728	0	85
2024.05.14	19:00:00	18711.48	18719.08	18707.58	18714.08	837	0	125
2024.05.14	20:00:00	18714.58	18721.58	18708.58	18719.58	902	0	125
2024.05.14	21:00:00	18719.08	18766.48	18718.58	18762.58	1563	0	125
2024.05.14	22:00:00	18762.08	18773.58	18757.48	18769.98	1436	0	125
2024.05.14	23:00:00	18769.98	18772.08	18757.58	18761.18	1167	0	155
2024.05.15	01:00:00	18766.78	18782.58	18766.78	18781.58	751	0	775
2024.05.15	02:00:00	18781.58	18783.18	18776.58	18782.18	485	0	745
2024.05.15	03:00:00	18782.18	18788.18	18770.28	18782.08	567	0	535
2024.05.15	04:00:00	18782.18	18785.18	18766.28	18784.08	377	0	525
2024.05.15	05:00:00	18785.08	18789.98	18779.78	18787.78	219	0	525
2024.05.15	06:00:00	18786.28	18796.78	18785.18	18788.28	284	0	525
2024.05.15	07:00:00	18789.28	18790.28	18773.88	18775.68	227	0	525
2024.05.15	08:00:00	18774.68	18775.48	18760.98	18763.28	444	0	525
2024.05.15	09:00:00	18763.78	18771.68	18752.18	18761.58	775	0	135
2024.05.15	10:00:00	18761.58	18783.38	18745.08	18770.03	2556	0	85
2024.05.15	11:00:00	18770.03	18822.08	18769.58	18817.03	1782	0	85
2024.05.15	12:00:00	18817.03	18833.53	18800.53	18807.03	1553	0	85
2024.05.15	13:00:00	18807.53	18808.58	18788.53	18793.08	1443	0	85
2024.05.15	14:00:00	18793.08	18812.53	18789.53	18793.53	1395	0	85
2024.05.15	15:00:00	18793.03	18891.48	18783.53	18832.88	4381	0	85
2024.05.15	16:00:00	18833.38	18863.78	18817.28	18851.28	3887	0	85
2024.05.15	17:00:00	18852.28	18872.78	18822.28	18857.18	3285	0	85
2024.05.15	18:00:00	18857.68	18879.68	18852.08	18865.58	1825	0	85
2024.05.15	19:00:00	18864.58	18887.28	18857.98	18885.78	1040	0	125
2024.05.15	20:00:00	18885.28	18887.28	18867.18	18878.28	1080	0	125
2024.05.15	21:00:00	18877.78	18884.28	18868.18	18871.28	1087	0	125
2024.05.15	22:00:00	18870.78	18894.08	18869.28	18891.58	1302	0	125
2024.05.15	23:00:00	18891.58	18891.58	18857.98	18865.08	1887	0	155
2024.05.16	01:00:00	18876.58	18895.68	18876.38	18891.88	770	0	775
2024.05.16	02:00:00	18891.88	18919.98	18891.58	18916.18	1017	0	795
2024.05.16	03:00:00	18916.88	18931.08	18889.28	18904.68	761	0	525
2024.05.16	04:00:00	18903.68	18905.48	18889.88	18894.78	578	0	595
2024.05.16	05:00:00	18894.78	18900.28	18889.18	18899.18	464	0	525
2024.05.16	06:00:00	18899.68	18909.98	18896.38	18904.98	488	0	525
2024.05.16	07:00:00	18903.98	18909.38	18897.38	18898.88	323	0	525
2024.05.16	08:00:00	18899.88	18899.88	18870.08	18870.28	828	0	605
2024.05.16	09:00:00	18871.28	18875.58	18851.68	18859.58	1040	0	125
2024.05.16	10:00:00	18859.08	18883.88	18852.18	18860.68	3108	0	85
2024.05.16	11:00:00	18860.18	18860.68	18824.73	18825.23	2544	0	85
2024.05.16	12:00:00	18826.28	18833.28	18810.73	18816.23	1754	0	85
2024.05.16	13:00:00	18816.28	18840.23	18809.28	18834.28	1539	0	85
2024.05.16	14:00:00	18834.28	18837.78	18814.78	18819.73	1363	0	85
2024.05.16	15:00:00	18820.23	18822.28	18764.68	18780.18	2213	0	85
2024.05.16	16:00:00	18779.18	18786.68	18722.88	18742.38	3277	0	85
2024.05.16	17:00:00	18741.88	18760.98	18717.88	18755.88	2869	0	85
2024.05.16	18:00:00	18756.38	18758.88	18713.78	18744.18	2150	0	85
2024.05.16	19:00:00	18743.18	18743.18	18722.18	18727.08	1220	0	125
2024.05.16	20:00:00	18727.58	18727.58	18691.48	18700.98	2556	0	125
2024.05.16	21:00:00	18701.48	18705.48	18682.88	18703.48	1871	0	125
2024.05.16	22:00:00	18703.98	18707.38	18689.28	18698.08	2037	0	125
2024.05.16	23:00:00	18698.08	18699.68	18675.68	18682.18	1765	0	185
2024.05.17	01:00:00	18679.28	18687.68	18677.88	18685.28	687	0	775
2024.05.17	02:00:00	18685.28	18691.28	18682.88	18687.98	602	0	765
2024.05.17	03:00:00	18688.18	18707.08	18687.48	18701.38	453	0	525
2024.05.17	04:00:00	18702.38	18707.88	18697.98	18703.58	267	0	525
2024.05.17	05:00:00	18704.08	18706.58	18684.88	18686.38	227	0	525
2024.05.17	06:00:00	18686.38	18687.38	18673.68	18678.88	150	0	525
2024.05.17	07:00:00	18679.38	18680.88	18672.38	18673.88	100	0	525
2024.05.17	08:00:00	18674.38	18687.28	18673.78	18685.68	336	0	525
2024.05.17	09:00:00	18683.18	18706.18	18680.18	18692.58	911	0	125
2024.05.17	10:00:00	18693.08	18713.18	18649.88	18659.38	2935	0	85
2024.05.17	11:00:00	18659.38	18675.38	18624.88	18674.38	2094	0	85
2024.05.17	12:00:00	18675.38	18690.28	18661.88	18674.38	2163	0	85
2024.05.17	13:00:00	18673.88	18677.28	18649.93	18667.88	1460	0	85
2024.05.17	14:00:00	18667.88	18690.43	18653.78	18675.23	1390	0	85
2024.05.17	15:00:00	18675.23	18689.53	18666.53	18683.48	1604	0	85
2024.05.17	16:00:00	18683.98	18704.48	18677.48	18698.48	2175	0	85
2024.05.17	17:00:00	18698.98	18720.98	18691.98	18713.23	2403	0	85
2024.05.17	18:00:00	18712.73	18725.53	18694.48	18717.68	1955	0	85
2024.05.17	19:00:00	18718.18	18727.78	18714.68	18727.78	1138	0	125
2024.05.17	20:00:00	18727.28	18731.78	18721.78	18723.78	760	0	125
2024.05.17	21:00:00	18724.28	18727.68	18699.68	18723.68	1508	0	125
2024.05.17	22:00:00	18723.68	18726.78	18715.68	18716.68	941	0	125
2024.05.20	01:00:00	18742.58	18745.78	18736.08	18737.98	730	0	755
2024.05.20	02:00:00	18737.98	18747.98	18737.68	18745.78	569	0	755
2024.05.20	03:00:00	18745.98	18752.98	18730.38	18744.98	572	0	525
2024.05.20	04:00:00	18745.48	18764.48	18744.48	18757.88	309	0	525
2024.05.20	05:00:00	18757.38	18775.98	18751.88	18768.38	244	0	525
2024.05.20	06:00:00	18768.38	18775.88	18767.88	18770.78	244	0	525
2024.05.20	07:00:00	18770.88	18774.98	18758.38	18764.98	266	0	525
2024.05.20	08:00:00	18763.48	18764.48	18751.68	18756.88	358	0	525
2024.05.20	09:00:00	18753.88	18753.88	18725.28	18735.58	483	0	125
2024.05.20	10:00:00	18734.58	18776.08	18733.48	18765.03	1216	0	85
2024.05.20	11:00:00	18763.03	18779.98	18742.83	18758.23	1123	0	85
2024.05.20	12:00:00	18758.28	18783.23	18747.78	18775.23	930	0	85
2024.05.20	13:00:00	18775.28	18779.78	18758.73	18778.78	831	0	85
2024.05.20	14:00:00	18779.78	18793.23	18776.78	18792.63	744	0	85
2024.05.20	15:00:00	18793.13	18807.13	18776.13	18789.18	1359	0	85
2024.05.20	16:00:00	18790.18	18791.68	18746.18	18768.78	1654	0	85
2024.05.20	17:00:00	18768.28	18774.23	18748.83	18760.43	1534	0	85
2024.05.20	18:00:00	18760.98	18774.68	18755.98	18761.48	1288	0	85
2024.05.20	19:00:00	18761.98	18767.58	18753.58	18759.58	689	0	125
2024.05.20	20:00:00	18759.08	18762.58	18740.48	18744.48	1080	0	125
2024.05.20	21:00:00	18743.48	18748.58	18723.28	18736.48	1380	0	125
2024.05.20	22:00:00	18737.48	18745.58	18730.48	18743.98	1200	0	125
2024.05.20	23:00:00	18743.98	18750.88	18726.78	18736.68	1622	0	135
2024.05.21	01:00:00	18740.98	18742.18	18728.88	18731.18	398	0	745
2024.05.21	02:00:00	18731.48	18734.18	18728.28	18732.68	418	0	745
2024.05.21	03:00:00	18732.18	18745.08	18730.78	18737.88	557	0	525
2024.05.21	04:00:00	18736.88	18738.18	18719.98	18722.38	336	0	525
2024.05.21	05:00:00	18722.38	18724.48	18703.28	18704.78	342	0	525
2024.05.21	06:00:00	18704.28	18716.48	18704.28	18713.48	215	0	525
2024.05.21	07:00:00	18713.48	18724.18	18712.48	18721.28	193	0	525
2024.05.21	08:00:00	18721.78	18724.98	18709.28	18712.68	396	0	525
2024.05.21	09:00:00	18714.18	18748.98	18707.48	18735.38	667	0	125
2024.05.21	10:00:00	18735.38	18751.73	18717.53	18723.08	1960	0	85
2024.05.21	11:00:00	18721.58	18726.08	18673.03	18687.53	1965	0	85
2024.05.21	12:00:00	18687.58	18693.08	18639.03	18644.03	1403	0	85
2024.05.21	13:00:00	18644.08	18705.03	18644.08	18688.53	1335	0	85
2024.05.21	14:00:00	18688.53	18698.08	18666.03	18681.53	1159	0	85
2024.05.21	15:00:00	18681.58	18685.08	18653.23	18665.28	1774	0	85
2024.05.21	16:00:00	18665.78	18700.68	18632.68	18672.28	2269	0	85
2024.05.21	17:00:00	18672.78	18714.73	18672.78	18706.78	1973	0	85
2024.05.21	18:00:00	18705.78	18731.78	18704.78	18721.48	1670	0	85
2024.05.21	19:00:00	18721.48	18728.48	18714.98	18720.58	754	0	125
2024.05.21	20:00:00	18720.08	18738.08	18712.48	18737.98	757	0	125
2024.05.21	21:00:00	18738.98	18739.08	18727.08	18734.08	653	0	125
2024.05.21	22:00:00	18734.08	18745.58	18730.08	18738.98	819	0	125
2024.05.21	23:00:00	18738.98	18739.48	18725.18	18731.48	957	0	145
2024.05.22	01:00:00	18735.58	18741.28	18734.58	18739.88	296	0	745
2024.05.22	02:00:00	18739.88	18743.68	18739.88	18742.08	300	0	735
2024.05.22	03:00:00	18741.08	18752.48	18736.58	18746.58	575	0	525
2024.05.22	04:00:00	18745.08	18756.58	18743.88	18755.08	301	0	525
2024.05.22	05:00:00	18755.58	18759.78	18745.58	18747.78	322	0	525
2024.05.22	06:00:00	18746.28	18746.68	18738.58	18740.08	160	0	525
2024.05.22	07:00:00	18740.08	18744.68	18735.28	18740.88	196	0	525
2024.05.22	08:00:00	18741.88	18744.18	18731.68	18739.98	260	0	525
2024.05.22	09:00:00	18740.98	18741.98	18689.98	18690.48	904	0	125
2024.05.22	10:00:00	18689.98	18705.03	18634.38	18675.53	2537	0	85
2024.05.22	11:00:00	18676.08	18686.98	18651.08	18665.58	1813	0	85
2024.05.22	12:00:00	18664.58	18681.38	18644.73	18676.88	1550	0	85
2024.05.22	13:00:00	18677.38	18692.48	18663.93	18672.98	1329	0	85
2024.05.22	14:00:00	18673.48	18684.98	18657.43	18659.93	1220	0	85
2024.05.22	15:00:00	18660.43	18690.38	18647.43	18682.98	1613	0	85
2024.05.22	16:00:00	18682.98	18718.18	18675.23	18704.03	2015	0	85
2024.05.22	17:00:00	18704.08	18706.53	18664.83	18681.53	2253	0	85
2024.05.22	18:00:00	18683.53	18693.03	18645.08	18662.78	1648	0	85
2024.05.22	19:00:00	18662.28	18671.38	18654.38	18658.88	899	0	125
2024.05.22	20:00:00	18659.38	18666.88	18613.08	18634.78	1885	0	125
2024.05.22	21:00:00	18632.78	18633.78	18590.08	18609.18	3645	0	135
2024.05.22	22:00:00	18608.68	18651.08	18595.08	18649.58	2882	0	145
2024.05.22	23:00:00	18649.58	18693.88	18614.98	18646.68	5627	0	175
2024.05.23	01:00:00	18668.98	18669.68	18651.68	18660.28	972	0	805
2024.05.23	02:00:00	18660.28	18677.98	18660.28	18675.58	606	0	785
2024.05.23	03:00:00	18675.88	18681.78	18662.38	18665.98	812	0	525
2024.05.23	04:00:00	18666.48	18680.28	18659.68	18677.58	420	0	525
2024.05.23	05:00:00	18677.58	18712.88	18670.78	18712.88	336	0	525
2024.05.23	06:00:00	18713.88	18728.38	18709.38	18723.28	500	0	535
2024.05.23	07:00:00	18723.78	18729.18	18716.68	18720.78	464	0	525
2024.05.23	08:00:00	18721.28	18722.88	18700.48	18701.48	550	0	585
2024.05.23	09:00:00	18700.48	18727.58	18695.78	18700.28	755	0	125
2024.05.23	10:00:00	18700.28	18755.48	18699.08	18727.53	2479	0	85
2024.05.23	11:00:00	18727.53	18727.53	18678.53	18700.53	1778	0	85
2024.05.23	12:00:00	18700.58	18754.58	18690.08	18715.03	1764	0	85
2024.05.23	13:00:00	18715.03	18738.03	18701.53	18726.08	1441	0	85
2024.05.23	14:00:00	18726.08	18749.53	18713.98	18739.83	1202	0	85
2024.05.23	15:00:00	18739.88	18766.78	18728.28	18735.28	1739	0	85
2024.05.23	16:00:00	18735.28	18737.28	18637.78	18652.78	3338	0	85
2024.05.23	17:00:00	18652.78	18699.78	18644.28	18649.78	3847	0	95
2024.05.23	18:00:00	18649.78	18715.48	18646.78	18705.98	2521	0	85
2024.05.23	19:00:00	18706.98	18714.38	18670.98	18673.48	2421	0	145
2024.05.23	20:00:00	18672.98	18677.88	18602.88	18604.88	4292	0	155
2024.05.23	21:00:00	18605.38	18606.38	18551.38	18556.88	4192	0	175
2024.05.23	22:00:00	18556.38	18593.88	18555.88	18585.88	3149	0	165
2024.05.23	23:00:00	18585.88	18593.98	18565.88	18582.28	1865	0	175
2024.05.24	01:00:00	18588.28	18589.28	18579.28	18584.68	539	0	765
2024.05.24	02:00:00	18584.98	18597.48	18583.88	18586.98	640	0	785
2024.05.24	03:00:00	18586.48	18599.28	18583.58	18597.78	757	0	525
2024.05.24	04:00:00	18598.78	18609.38	18596.88	18607.08	468	0	525
2024.05.24	05:00:00	18607.58	18611.38	18600.78	18608.88	281	0	525
2024.05.24	06:00:00	18608.38	18612.28	18603.88	18604.28	207	0	525
2024.05.24	07:00:00	18604.78	18611.78	18597.18	18599.28	213	0	525
2024.05.24	08:00:00	18598.78	18598.78	18579.38	18596.28	495	0	525
2024.05.24	09:00:00	18596.28	18596.78	18523.58	18533.08	1059	0	125
2024.05.24	10:00:00	18533.08	18583.48	18512.98	18575.43	2531	0	85
2024.05.24	11:00:00	18574.93	18632.98	18574.43	18621.48	2120	0	85
2024.05.24	12:00:00	18623.98	18625.48	18601.93	18615.43	1625	0	85
2024.05.24	13:00:00	18615.93	18630.98	18611.48	18617.98	1378	0	85
2024.05.24	14:00:00	18618.48	18626.98	18595.93	18620.43	1355	0	85
2024.05.24	15:00:00	18620.43	18644.38	18604.98	18607.38	2263	0	85
2024.05.24	16:00:00	18607.88	18625.98	18591.88	18603.43	3114	0	85
2024.05.24	17:00:00	18606.93	18663.08	18601.48	18654.13	3290	0	85
2024.05.24	18:00:00	18654.13	18710.08	18652.13	18676.28	2680	0	85
2024.05.24	19:00:00	18676.28	18701.38	18675.78	18684.38	1581	0	125
2024.05.24	20:00:00	18684.88	18693.48	18676.88	18690.98	1489	0	125
2024.05.24	21:00:00	18689.98	18703.18	18684.18	18684.18	1156	0	125
2024.05.24	22:00:00	18684.68	18692.58	18668.98	18684.58	1553	0	125
2024.05.27	01:00:00	18703.28	18711.08	18699.78	18701.48	415	0	775
2024.05.27	02:00:00	18701.48	18701.48	18678.18	18683.18	703	0	785
2024.05.27	03:00:00	18683.18	18695.98	18668.78	18676.08	628	0	525
2024.05.27	04:00:00	18676.08	18693.08	18676.08	18688.58	326	0	525
2024.05.27	05:00:00	18688.58	18691.08	18673.48	18683.08	247	0	525
2024.05.27	06:00:00	18682.58	18686.58	18677.68	18678.48	160	0	525
2024.05.27	07:00:00	18677.98	18683.98	18676.08	18682.88	166	0	525
2024.05.27	08:00:00	18683.38	18704.58	18682.88	18695.68	301	0	525
2024.05.27	09:00:00	18697.68	18710.28	18670.18	18703.28	600	0	125
2024.05.27	10:00:00	18703.88	18736.28	18675.98	18710.18	1332	0	85
2024.05.27	11:00:00	18709.18	18733.18	18700.58	18713.48	986	0	85
2024.05.27	12:00:00	18714.48	18727.98	18701.63	18704.13	780	0	85
2024.05.27	13:00:00	18704.08	18718.13	18693.58	18711.08	697	0	85
2024.05.27	14:00:00	18708.58	18721.13	18697.08	18718.63	594	0	85
2024.05.27	15:00:00	18718.58	18754.08	18717.58	18748.58	1003	0	85
2024.05.27	16:00:00	18748.58	18768.13	18724.08	18742.08	1050	0	85
2024.05.27	17:00:00	18741.58	18768.23	18741.58	18761.23	910	0	85
2024.05.27	18:00:00	18760.68	18789.08	18755.68	18788.08	920	0	85
2024.05.27	19:00:00	18788.18	18797.18	18786.18	18790.58	398	0	125
2024.05.27	20:00:00	18790.08	18794.68	18788.08	18789.68	123	0	125
2024.05.27	21:00:00	18789.18	18791.18	18786.68	18789.18	59	0	125
2024.05.27	22:00:00	18790.18	18797.68	18787.68	18792.08	212	0	125
2024.05.28	01:00:00	18785.28	18785.28	18763.48	18775.88	632	0	785
2024.05.28	02:00:00	18775.88	18775.88	18765.68	18765.98	456	0	765
2024.05.28	03:00:00	18766.18	18787.68	18761.08	18767.88	864	0	535
2024.05.28	04:00:00	18767.38	18778.18	18767.18	18772.58	312	0	525
2024.05.28	05:00:00	18772.58	18790.68	18772.08	18789.68	196	0	525
2024.05.28	06:00:00	18789.68	18802.68	18786.08	18798.68	205	0	525
2024.05.28	07:00:00	18799.68	18805.68	18788.78	18790.48	181	0	525
2024.05.28	08:00:00	18790.98	18798.28	18780.68	18791.88	283	0	525
2024.05.28	09:00:00	18791.38	18817.58	18770.98	18806.88	756	0	125
2024.05.28	10:00:00	18806.38	18839.28	18800.38	18809.73	2186	0	85
2024.05.28	11:00:00	18809.73	18853.73	18808.58	18844.68	1953	0	85
2024.05.28	12:00:00	18845.68	18851.18	18809.93	18809.93	1399	0	85
2024.05.28	13:00:00	18809.88	18810.88	18751.28	18773.88	1611	0	85
2024.05.28	14:00:00	18774.38	18784.88	18752.43	18763.13	1336	0	85
2024.05.28	15:00:00	18763.13	18765.58	18701.98	18716.08	2090	0	85
2024.05.28	16:00:00	18716.08	18731.98	18663.58	18669.58	3405	0	85
2024.05.28	17:00:00	18665.58	18686.58	18633.08	18667.58	3814	0	95
2024.05.28	18:00:00	18667.48	18692.68	18653.98	18677.28	2417	0	85
2024.05.28	19:00:00	18676.78	18691.88	18664.78	18667.68	1705	0	125
2024.05.28	20:00:00	18668.18	18673.78	18641.58	18649.18	2391	0	125
2024.05.28	21:00:00	18648.68	18663.28	18617.58	18643.18	3307	0	145
2024.05.28	22:00:00	18642.68	18671.28	18639.68	18669.68	1953	0	145
2024.05.28	23:00:00	18669.68	18682.08	18652.58	18661.98	1749	0	165
2024.05.29	01:00:00	18650.08	18654.48	18648.78	18653.38	333	0	745
2024.05.29	02:00:00	18653.38	18656.28	18640.88	18644.68	454	0	745
2024.05.29	03:00:00	18644.88	18674.18	18639.18	18657.78	699	0	575
2024.05.29	04:00:00	18657.78	18662.28	18634.48	18647.18	504	0	565
2024.05.29	05:00:00	18646.68	18657.58	18632.68	18633.28	269	0	525
2024.05.29	06:00:00	18635.78	18636.18	18627.28	18632.88	350	0	525
2024.05.29	07:00:00	18631.38	18647.28	18626.38	18637.88	277	0	525
2024.05.29	08:00:00	18638.38	18645.28	18602.98	18603.48	552	0	535
2024.05.29	09:00:00	18605.98	18639.78	18592.98	18625.28	1004	0	125
2024.05.29	10:00:00	18625.78	18652.08	18564.18	18564.68	3019	0	95
2024.05.29	11:00:00	18569.68	18616.93	18569.68	18592.38	2678	0	85
2024.05.29	12:00:00	18591.88	18603.28	18540.38	18563.43	2168	0	85
2024.05.29	13:00:00	18562.93	18578.93	18549.88	18558.88	1711	0	85
2024.05.29	14:00:00	18558.88	18562.43	18520.38	18534.83	1906	0	85
2024.05.29	15:00:00	18534.78	18534.78	18448.78	18451.78	2804	0	85
2024.05.29	16:00:00	18452.28	18504.18	18434.18	18499.68	3192	0	85
2024.05.29	17:00:00	18499.18	18514.68	18473.68	18491.18	3475	0	95
2024.05.29	18:00:00	18490.68	18497.28	18466.18	18492.28	2657	0	85
2024.05.29	19:00:00	18492.28	18511.18	18482.08	18507.08	1508	0	125
2024.05.29	20:00:00	18506.58	18509.58	18486.48	18503.58	1690	0	135
2024.05.29	21:00:00	18503.58	18505.58	18487.08	18492.58	1703	0	135
2024.05.29	22:00:00	18492.58	18514.08	18487.48	18490.98	1977	0	125
2024.05.29	23:00:00	18491.48	18499.08	18432.68	18432.68	3029	0	175
2024.05.30	01:00:00	18447.88	18450.28	18417.38	18421.38	785	0	795
2024.05.30	02:00:00	18421.38	18425.18	18408.28	18424.48	964	0	785
2024.05.30	03:00:00	18424.48	18452.68	18419.78	18437.78	991	0	525
2024.05.30	04:00:00	18439.28	18458.28	18435.88	18448.18	527	0	545
2024.05.30	05:00:00	18449.18	18455.28	18423.68	18432.58	382	0	525
2024.05.30	06:00:00	18431.58	18431.58	18406.18	18421.08	491	0	535
2024.05.30	07:00:00	18421.58	18421.98	18398.18	18406.68	404	0	525
2024.05.30	08:00:00	18406.68	18406.68	18375.28	18394.18	578	0	625
2024.05.30	09:00:00	18394.18	18424.48	18384.18	18395.98	1080	0	135
2024.05.30	10:00:00	18395.98	18468.78	18385.28	18467.88	3008	0	85
2024.05.30	11:00:00	18468.88	18499.68	18462.18	18487.78	2287	0	85
2024.05.30	12:00:00	18487.28	18499.78	18456.73	18475.23	1964	0	85
2024.05.30	13:00:00	18474.23	18487.78	18462.28	18480.78	1695	0	85
2024.05.30	14:00:00	18481.28	18495.28	18465.73	18480.73	1397	0	85
2024.05.30	15:00:00	18480.78	18508.58	18468.33	18492.63	2033	0	85
2024.05.30	16:00:00	18493.63	18532.08	18483.58	18512.58	3079	0	85
2024.05.30	17:00:00	18512.58	18534.08	18478.88	18495.33	3322	0	85
2024.05.30	18:00:00	18495.33	18516.28	18488.58	18501.78	2146	0	85
2024.05.30	19:00:00	18501.78	18527.98	18501.78	18527.98	1528	0	125
2024.05.30	20:00:00	18528.48	18537.28	18509.78	18520.88	1664	0	125
2024.05.30	21:00:00	18520.38	18523.28	18497.18	18507.88	1945	0	135
2024.05.30	22:00:00	18508.38	18509.38	18460.18	18487.68	2406	0	135
2024.05.30	23:00:00	18487.68	18487.68	18456.48	18473.38	2518	0	185
2024.05.31	01:00:00	18474.08	18474.08	18455.58	18464.78	981	0	805
2024.05.31	02:00:00	18464.78	18466.68	18451.78	18457.48	759	0	795
2024.05.31	03:00:00	18457.68	18468.68	18417.18	18463.88	1379	0	635
2024.05.31	04:00:00	18463.88	18484.68	18454.68	18465.88	706	0	655
2024.05.31	05:00:00	18466.38	18474.48	18451.18	18455.88	555	0	575
2024.05.31	06:00:00	18456.38	18483.18	18456.08	18476.08	611	0	575
2024.05.31	07:00:00	18477.08	18478.48	18462.28	18473.18	305	0	525
2024.05.31	08:00:00	18472.68	18490.28	18459.78	18481.68	723	0	525
2024.05.31	09:00:00	18483.68	18509.98	18467.18	18467.18	921	0	125
2024.05.31	10:00:00	18467.18	18493.88	18438.38	18467.83	2702	0	85
2024.05.31	11:00:00	18467.88	18507.88	18464.78	18488.88	2095	0	85
2024.05.31	12:00:00	18487.88	18488.38	18458.78	18480.83	2111	0	85
2024.05.31	13:00:00	18481.83	18495.38	18444.33	18492.88	1946	0	85
2024.05.31	14:00:00	18493.38	18497.88	18468.23	18473.23	1605	0	85
2024.05.31	15:00:00	18473.23	18541.18	18469.73	18515.28	3140	0	85
2024.05.31	16:00:00	18515.28	18540.68	18494.18	18511.68	3666	0	85
2024.05.31	17:00:00	18512.18	18514.68	18423.18	18484.88	4777	0	85
2024.05.31	18:00:00	18486.38	18504.98	18469.38	18493.98	3304	0	85
2024.05.31	19:00:00	18493.98	18493.98	18464.08	18481.08	1935	0	135
2024.05.31	20:00:00	18482.08	18510.18	18480.58	18497.98	1929	0	125
2024.05.31	21:00:00	18499.48	18522.08	18496.48	18522.08	1997	0	145
2024.05.31	22:00:00	18521.58	18561.48	18511.08	18557.98	1841	0	145
2024.06.03	01:00:00	18570.68	18595.48	18554.88	18571.58	1408	0	835
2024.06.03	02:00:00	18571.58	18601.38	18569.58	18595.08	1378	0	835
2024.06.03	03:00:00	18594.68	18642.98	18588.38	18641.68	1391	0	545
2024.06.03	04:00:00	18641.68	18651.78	18636.18	18647.58	529	0	525
2024.06.03	05:00:00	18648.08	18656.58	18648.08	18651.28	348	0	525
2024.06.03	06:00:00	18651.78	18665.38	18642.98	18652.38	403	0	555
2024.06.03	07:00:00	18651.38	18665.38	18650.38	18658.38	349	0	525
2024.06.03	08:00:00	18657.88	18663.48	18637.88	18651.08	565	0	585
2024.06.03	09:00:00	18654.08	18693.08	18652.58	18657.18	1334	0	135
2024.06.03	10:00:00	18685.98	18689.48	18585.98	18587.48	3415	0	95
2024.06.03	11:00:00	18586.98	18684.18	18581.48	18666.78	3121	0	85
2024.06.03	12:00:00	18667.78	18672.18	18616.88	18646.38	2566	0	85
2024.06.03	13:00:00	18647.88	18659.88	18630.53	18633.98	1933	0	85
2024.06.03	14:00:00	18633.48	18651.98	18610.48	18629.08	2019	0	85
2024.06.03	15:00:00	18629.03	18685.58	18624.53	18675.58	2008	0	85
2024.06.03	16:00:00	18675.53	18698.98	18619.98	18647.98	3369	0	85
2024.06.03	17:00:00	18646.98	18689.98	18588.48	18600.48	5560	0	95
2024.06.03	18:00:00	18600.98	18621.58	18574.48	18579.58	3586	0	85
2024.06.03	19:00:00	18579.08	18585.08	18516.08	18532.08	4292	0	175
2024.06.03	20:00:00	18531.58	18555.08	18502.58	18540.08	3334	0	165
2024.06.03	21:00:00	18539.58	18556.58	18528.08	18543.08	2669	0	155
2024.06.03	22:00:00	18542.58	18578.08	18539.58	18572.08	2660	0	145
2024.06.03	23:00:00	18572.58	18583.98	18557.98	18574.68	2124	0	175
2024.06.04	01:00:00	18566.98	18577.48	18565.48	18573.68	635	0	785
2024.06.04	02:00:00	18573.68	18578.18	18559.38	18561.48	722	0	775
2024.06.04	03:00:00	18561.28	18587.58	18561.28	18582.88	908	0	605
2024.06.04	04:00:00	18582.88	18585.88	18568.18	18578.38	525	0	565
2024.06.04	05:00:00	18578.88	18583.18	18572.58	18577.08	431	0	545
2024.06.04	06:00:00	18578.08	18578.08	18557.88	18569.88	407	0	525
2024.06.04	07:00:00	18569.38	18579.68	18563.78	18569.58	377	0	525
2024.06.04	08:00:00	18570.08	18576.28	18554.88	18568.38	562	0	535
2024.06.04	09:00:00	18568.38	18568.38	18518.58	18549.68	1102	0	125
2024.06.04	10:00:00	18549.68	18560.98	18486.48	18531.58	3205	0	95
2024.06.04	11:00:00	18530.58	18531.58	18434.58	18438.08	3493	0	95
2024.06.04	12:00:00	18438.58	18447.08	18373.08	18388.08	3612	0	95
2024.06.04	13:00:00	18388.08	18404.58	18360.58	18392.38	2482	0	85
2024.06.04	14:00:00	18392.88	18483.38	18392.28	18480.38	2087	0	85
2024.06.04	15:00:00	18480.38	18510.93	18464.38	18505.93	2414	0	85
2024.06.04	16:00:00	18505.93	18527.88	18482.38	18514.38	3311	0	85
2024.06.04	17:00:00	18514.88	18540.88	18423.48	18427.48	5562	0	95
2024.06.04	18:00:00	18427.98	18438.08	18386.58	18388.58	3519	0	85
2024.06.04	19:00:00	18389.58	18436.18	18379.58	18424.18	2761	0	165
2024.06.04	20:00:00	18423.68	18442.68	18404.58	18433.18	2710	0	155
2024.06.04	21:00:00	18433.18	18478.68	18430.58	18459.68	2332	0	145
2024.06.04	22:00:00	18459.18	18472.58	18430.08	18461.58	3248	0	155
2024.06.04	23:00:00	18461.08	18467.48	18446.48	18464.28	1592	0	185
2024.06.05	01:00:00	18463.38	18472.38	18453.38	18472.38	639	0	785
2024.06.05	02:00:00	18472.38	18483.68	18472.08	18481.58	911	0	785
2024.06.05	03:00:00	18481.58	18494.78	18472.28	18476.58	855	0	595
2024.06.05	04:00:00	18477.08	18505.48	18464.38	18505.48	504	0	575
2024.06.05	05:00:00	18505.48	18508.88	18495.38	18496.78	366	0	525
2024.06.05	06:00:00	18497.28	18500.48	18493.18	18498.18	278	0	525
2024.06.05	07:00:00	18498.18	18514.18	18497.08	18505.68	235	0	525
2024.06.05	08:00:00	18504.18	18525.18	18500.28	18520.68	578	0	615
2024.06.05	09:00:00	18520.68	18528.38	18501.98	18515.98	1056	0	125
2024.06.05	10:00:00	18514.98	18535.78	18485.78	18507.48	2630	0	85
2024.06.05	11:00:00	18506.98	18528.48	18484.38	18499.38	1998	0	85
2024.06.05	12:00:00	18500.38	18528.03	18494.78	18527.53	1552	0	85
2024.06.05	13:00:00	18527.53	18565.73	18521.73	18554.08	1495	0	85
2024.06.05	14:00:00	18553.58	18609.93	18548.08	18601.73	1605	0	85
2024.06.05	15:00:00	18600.73	18621.13	18581.98	18615.08	2063	0	85
2024.06.05	16:00:00	18614.58	18624.08	18534.08	18553.58	2830	0	85
2024.06.05	17:00:00	18554.08	18566.08	18513.98	18553.48	4567	0	95
2024.06.05	18:00:00	18553.98	18600.58	18553.88	18596.18	2309	0	85
2024.06.05	19:00:00	18596.68	18602.28	18579.18	18589.28	1245	0	125
2024.06.05	20:00:00	18591.28	18599.28	18579.08	18598.78	1244	0	125
2024.06.05	21:00:00	18598.28	18629.28	18596.68	18624.78	1205	0	125
2024.06.05	22:00:00	18624.28	18639.48	18614.58	18638.48	1436	0	125
2024.06.05	23:00:00	18637.98	18640.98	18620.88	18637.48	1728	0	185
2024.06.06	01:00:00	18641.88	18651.18	18635.38	18649.48	797	0	785
2024.06.06	02:00:00	18649.48	18659.98	18649.48	18651.78	648	0	775
2024.06.06	03:00:00	18651.78	18651.78	18623.28	18649.28	675	0	525
2024.06.06	04:00:00	18648.78	18660.48	18644.28	18653.18	401	0	545
2024.06.06	05:00:00	18653.28	18653.48	18640.68	18640.68	273	0	525
2024.06.06	06:00:00	18640.68	18653.98	18640.68	18646.68	204	0	525
2024.06.06	07:00:00	18646.68	18647.58	18640.38	18642.88	207	0	525
2024.06.06	08:00:00	18642.38	18646.58	18620.98	18621.58	481	0	525
2024.06.06	09:00:00	18620.08	18671.18	18607.38	18667.68	885	0	125
2024.06.06	10:00:00	18666.48	18771.18	18664.48	18764.18	2829	0	95
2024.06.06	11:00:00	18764.68	18785.73	18719.28	18724.78	2236	0	85
2024.06.06	12:00:00	18725.28	18735.18	18693.28	18706.78	1728	0	85
2024.06.06	13:00:00	18707.28	18718.28	18686.78	18716.78	1217	0	85
2024.06.06	14:00:00	18716.78	18725.78	18693.73	18708.23	1264	0	85
2024.06.06	15:00:00	18708.28	18716.18	18613.68	18677.28	3370	0	85
2024.06.06	16:00:00	18677.18	18680.18	18629.18	18641.18	3386	0	95
2024.06.06	17:00:00	18641.18	18665.18	18627.18	18629.98	3031	0	85
2024.06.06	18:00:00	18629.48	18656.58	18625.48	18642.68	2070	0	85
2024.06.06	19:00:00	18643.18	18645.28	18621.18	18628.38	1497	0	125
2024.06.06	20:00:00	18628.38	18646.68	18623.78	18636.78	1547	0	125
2024.06.06	21:00:00	18636.78	18641.68	18597.58	18635.78	2951	0	135
2024.06.06	22:00:00	18635.78	18643.68	18624.68	18634.68	2444	0	135
2024.06.06	23:00:00	18634.68	18634.68	18611.48	18620.48	1253	0	165
2024.06.07	01:00:00	18623.38	18635.88	18620.78	18633.58	313	0	735
2024.06.07	02:00:00	18633.58	18637.88	18629.18	18631.38	426	0	735
2024.06.07	03:00:00	18631.38	18637.58	18618.38	18628.88	604	0	525
2024.06.07	04:00:00	18629.38	18635.08	18621.48	18628.58	325	0	525
2024.06.07	05:00:00	18628.58	18639.38	18624.18	18632.88	121	0	525
2024.06.07	06:00:00	18632.88	18633.88	18627.68	18627.88	99	0	525
2024.06.07	07:00:00	18629.38	18633.78	18625.08	18632.38	118	0	525
2024.06.07	08:00:00	18632.38	18638.58	18619.88	18620.68	314	0	525
2024.06.07	09:00:00	18620.18	18653.18	18611.58	18615.08	780	0	115
2024.06.07	10:00:00	18621.08	18643.48	18569.58	18583.98	2450	0	85
2024.06.07	11:00:00	18582.98	18587.38	18504.98	18514.98	2073	0	85
2024.06.07	12:00:00	18514.88	18526.98	18488.38	18513.48	1977	0	85
2024.06.07	13:00:00	18512.98	18524.98	18468.48	18471.53	1626	0	85
2024.06.07	14:00:00	18471.03	18487.48	18450.98	18481.98	2099	0	85
2024.06.07	15:00:00	18482.98	18517.18	18420.18	18461.68	4487	0	85
2024.06.07	16:00:00	18460.68	18561.68	18454.58	18536.18	4504	0	85
2024.06.07	17:00:00	18536.68	18603.68	18534.18	18567.98	3975	0	95
2024.06.07	18:00:00	18567.88	18567.88	18543.98	18564.68	3410	0	85
2024.06.07	19:00:00	18566.18	18586.58	18554.08	18585.08	2106	0	125
2024.06.07	20:00:00	18584.58	18593.18	18567.68	18568.18	2033	0	135
2024.06.07	21:00:00	18567.68	18570.18	18526.48	18561.18	4609	0	145
2024.06.07	22:00:00	18560.68	18564.48	18537.08	18541.08	2393	0	145
2024.06.10	01:00:00	18488.38	18512.58	18487.88	18500.88	844	0	805
2024.06.10	02:00:00	18500.88	18501.58	18486.18	18486.98	458	0	775
2024.06.10	03:00:00	18486.98	18519.88	18480.28	18517.98	675	0	545
2024.06.10	04:00:00	18515.98	18518.48	18496.78	18501.38	297	0	525
2024.06.10	05:00:00	18500.38	18511.28	18492.28	18507.68	278	0	525
2024.06.10	06:00:00	18508.18	18520.78	18506.08	18508.48	215	0	525
2024.06.10	07:00:00	18508.98	18509.28	18499.58	18503.38	250	0	525
2024.06.10	08:00:00	18502.88	18512.38	18492.48	18495.48	424	0	555
2024.06.10	09:00:00	18494.98	18497.18	18433.28	18449.78	1686	0	155
2024.06.10	10:00:00	18448.78	18467.78	18366.08	18458.68	4338	0	95
2024.06.10	11:00:00	18457.68	18467.18	18403.18	18405.68	2389	0	45
2024.06.10	12:00:00	18405.68	18417.68	18357.18	18386.18	2378	0	85
2024.06.10	13:00:00	18385.68	18445.23	18375.68	18428.78	1922	0	85
2024.06.10	14:00:00	18429.78	18467.28	18426.73	18455.43	1438	0	85
2024.06.10	15:00:00	18455.48	18477.18	18424.28	18429.48	1727	0	85
2024.06.10	16:00:00	18428.98	18446.68	18396.68	18439.18	2564	0	85
2024.06.10	17:00:00	18439.18	18463.28	18428.18	18449.18	1968	0	85
2024.06.10	18:00:00	18449.68	18503.38	18444.28	18494.88	2076	0	85
2024.06.10	19:00:00	18495.38	18498.08	18484.98	18493.08	914	0	125
2024.06.10	20:00:00	18492.58	18519.78	18481.98	18506.48	1441	0	125
2024.06.10	21:00:00	18507.48	18522.58	18498.88	18519.58	2058	0	125
2024.06.10	22:00:00	18519.58	18529.98	18508.48	18524.28	1572	0	125
2024.06.10	23:00:00	18523.78	18523.78	18496.38	18505.38	1390	0	185
2024.06.11	01:00:00	18515.68	18520.08	18511.58	18511.88	423	0	765
2024.06.11	02:00:00	18511.38	18513.18	18497.18	18500.68	571	0	785
2024.06.11	03:00:00	18500.38	18513.78	18493.08	18499.38	631	0	565
2024.06.11	04:00:00	18498.88	18505.78	18492.48	18501.68	420	0	525
2024.06.11	05:00:00	18501.18	18501.58	18489.18	18489.48	232	0	525
2024.06.11	06:00:00	18490.48	18500.18	18484.88	18499.58	290	0	525
2024.06.11	07:00:00	18499.68	18500.78	18492.68	18496.68	259	0	525
2024.06.11	08:00:00	18497.68	18505.78	18491.18	18505.38	402	0	525
2024.06.11	09:00:00	18505.88	18551.28	18505.38	18520.88	1097	0	125
2024.06.11	10:00:00	18524.38	18541.38	18498.98	18503.78	2714	0	95
2024.06.11	11:00:00	18503.28	18525.78	18446.78	18458.78	2560	0	95
2024.06.11	12:00:00	18458.78	18490.78	18367.28	18368.78	3253	0	95
2024.06.11	13:00:00	18368.78	18399.98	18350.28	18392.08	3070	0	85
2024.06.11	14:00:00	18390.08	18393.08	18311.98	18339.58	2401	0	85
2024.06.11	15:00:00	18338.58	18383.08	18332.18	18350.78	2042	0	85
2024.06.11	16:00:00	18351.18	18389.68	18276.68	18350.68	3363	0	85
2024.06.11	17:00:00	18350.18	18395.68	18326.68	18385.68	3081	0	95
2024.06.11	18:00:00	18384.68	18389.18	18339.28	18346.38	2279	0	85
2024.06.11	19:00:00	18345.38	18376.98	18342.88	18375.98	1330	0	135
2024.06.11	20:00:00	18376.48	18397.98	18366.38	18394.48	996	0	125
2024.06.11	21:00:00	18393.48	18422.38	18382.38	18409.58	857	0	125
2024.06.11	22:00:00	18411.08	18417.38	18363.88	18384.38	1170	0	125
2024.06.11	23:00:00	18383.88	18388.48	18368.28	18379.08	1595	0	165
2024.06.12	01:00:00	18370.98	18389.08	18368.08	18389.08	459	0	765
2024.06.12	02:00:00	18389.08	18393.58	18383.98	18384.28	452	0	765
2024.06.12	03:00:00	18384.48	18406.78	18383.68	18399.48	603	0	555
2024.06.12	04:00:00	18399.58	18413.38	18394.28	18403.28	495	0	555
2024.06.12	05:00:00	18403.28	18409.78	18397.78	18403.88	360	0	525
2024.06.12	06:00:00	18403.78	18423.28	18402.88	18419.48	281	0	525
2024.06.12	07:00:00	18419.98	18426.28	18411.58	18416.48	196	0	525
2024.06.12	08:00:00	18415.98	18443.28	18411.48	18438.28	443	0	525
2024.06.12	09:00:00	18438.28	18471.68	18431.78	18444.58	1040	0	125
2024.06.12	10:00:00	18443.58	18496.98	18433.88	18479.48	2735	0	85
2024.06.12	11:00:00	18479.48	18489.48	18443.38	18447.48	1904	0	85
2024.06.12	12:00:00	18443.48	18467.38	18421.38	18450.43	1288	0	85
2024.06.12	13:00:00	18450.48	18478.98	18444.38	18460.88	1139	0	85
2024.06.12	14:00:00	18461.38	18505.38	18460.93	18492.98	1227	0	85
2024.06.12	15:00:00	18492.98	18614.88	18475.88	18581.98	2658	0	85
2024.06.12	16:00:00	18582.48	18647.78	18571.88	18631.28	2079	0	85
2024.06.12	17:00:00	18632.28	18650.88	18611.88	18621.88	1750	0	95
2024.06.12	18:00:00	18621.88	18646.88	18611.88	18629.08	1602	0	85
2024.06.12	19:00:00	18628.58	18640.78	18623.58	18636.78	945	0	125
2024.06.12	20:00:00	18637.78	18651.28	18625.48	18636.58	1055	0	125
2024.06.12	21:00:00	18638.58	18642.48	18598.18	18628.48	3585	0	165
2024.06.12	22:00:00	18627.48	18650.48	18576.48	18616.48	2739	0	185
2024.06.12	23:00:00	18612.78	18651.58	18598.48	18651.28	2109	0	865
2024.06.13	01:00:00	18641.18	18649.58	18635.88	18642.18	509	0	785
2024.06.13	02:00:00	18642.38	18646.48	18636.38	18644.68	403	0	775
2024.06.13	03:00:00	18643.88	18646.78	18607.48	18612.98	528	0	585
2024.06.13	04:00:00	18613.08	18618.68	18606.88	18614.78	411	0	525
2024.06.13	05:00:00	18613.78	18618.58	18596.58	18603.58	272	0	525
2024.06.13	06:00:00	18600.08	18609.88	18597.98	18608.88	309	0	525
2024.06.13	07:00:00	18608.88	18616.68	18597.58	18615.78	189	0	525
2024.06.13	08:00:00	18615.88	18615.88	18579.58	18581.98	380	0	525
2024.06.13	09:00:00	18582.48	18624.18	18568.58	18611.18	1020	0	135
2024.06.13	10:00:00	18607.68	18607.98	18529.48	18531.48	2308	0	0
2024.06.13	11:00:00	18531.98	18531.98	18474.68	18494.18	1973	0	65
2024.06.13	12:00:00	18494.68	18513.68	18421.68	18436.68	1886	0	95
2024.06.13	13:00:00	18436.68	18446.18	18385.68	18421.78	1585	0	85
2024.06.13	14:00:00	18420.78	18454.68	18417.18	18428.68	1466	0	85
2024.06.13	15:00:00	18428.68	18478.78	18424.78	18432.38	2153	0	85
2024.06.13	16:00:00	18431.38	18442.28	18344.28	18348.78	2261	0	85
2024.06.13	17:00:00	18349.28	18368.78	18281.78	18293.78	2769	0	95
2024.06.13	18:00:00	18294.28	18294.28	18250.78	18253.98	2175	0	95
2024.06.13	19:00:00	18253.48	18269.38	18228.38	18256.88	1994	0	155
2024.06.13	20:00:00	18256.98	18277.98	18254.88	18271.48	1719	0	135
2024.06.13	21:00:00	18271.48	18298.08	18265.48	18296.58	1305	0	135
2024.06.13	22:00:00	18296.08	18310.48	18288.98	18290.58	1509	0	145
2024.06.13	23:00:00	18290.08	18303.18	18274.18	18275.18	1564	0	175
2024.06.14	01:00:00	18266.78	18287.68	18265.08	18284.58	531	0	775
2024.06.14	02:00:00	18285.48	18287.48	18280.38	18283.98	643	0	785
2024.06.14	03:00:00	18282.78	18299.28	18279.88	18285.08	636	0	545
2024.06.14	04:00:00	18284.08	18299.28	18277.28	18299.18	372	0	525
2024.06.14	05:00:00	18299.68	18311.18	18294.08	18309.78	286	0	525
2024.06.14	06:00:00	18309.78	18317.28	18305.78	18313.48	317	0	525
2024.06.14	07:00:00	18313.98	18314.28	18302.28	18305.48	213	0	525
2024.06.14	08:00:00	18305.98	18337.78	18304.48	18325.78	499	0	555
2024.06.14	09:00:00	18326.28	18344.48	18266.08	18271.08	1089	0	155
2024.06.14	10:00:00	18275.08	18306.38	18202.88	18203.28	2670	0	95
2024.06.14	11:00:00	18202.28	18217.28	18136.28	18148.28	2364	0	95
2024.06.14	12:00:00	18149.78	18173.78	18062.28	18063.28	2001	0	95
2024.06.14	13:00:00	18062.28	18063.28	17985.28	18017.38	2201	0	85
2024.06.14	14:00:00	18017.38	18113.28	17980.28	18026.28	2192	0	85
2024.06.14	15:00:00	18026.28	18066.28	18007.28	18039.38	1920	0	85
2024.06.14	16:00:00	18040.38	18078.28	18009.28	18028.78	2003	0	85
2024.06.14	17:00:00	18018.78	18021.28	17949.28	17990.28	2542	0	95
2024.06.14	18:00:00	17989.28	18029.88	17968.28	18014.88	1886	0	95
2024.06.14	19:00:00	18014.38	18017.88	17984.48	18008.08	1326	0	145
2024.06.14	20:00:00	18008.08	18021.88	17988.88	17993.88	1094	0	145
2024.06.14	21:00:00	17994.38	18005.58	17975.48	17997.88	1209	0	135
2024.06.14	22:00:00	17997.88	18006.58	17980.48	17981.48	680	0	135
2024.06.17	01:00:00	17991.98	18003.38	17989.08	18003.38	868	0	785
2024.06.17	02:00:00	18003.18	18003.48	17997.08	18000.68	691	0	785
2024.06.17	03:00:00	18000.88	18049.08	17997.08	18045.08	744	0	665
2024.06.17	04:00:00	18044.58	18066.58	18024.48	18064.08	363	0	545
2024.06.17	05:00:00	18063.08	18075.18	18050.78	18054.28	357	0	545
2024.06.17	06:00:00	18053.78	18066.08	18053.78	18060.58	235	0	525
2024.06.17	07:00:00	18061.08	18063.98	18048.28	18050.18	181	0	525
2024.06.17	08:00:00	18050.18	18079.08	18046.58	18075.08	379	0	525
2024.06.17	09:00:00	18075.58	18107.78	18033.78	18083.38	1460	0	165
2024.06.17	10:00:00	18087.38	18146.68	18057.68	18072.68	2501	0	95
2024.06.17	11:00:00	18069.18	18102.68	18007.78	18017.28	1937	0	95
2024.06.17	12:00:00	18016.78	18051.78	18012.28	18033.28	1255	0	85
2024.06.17	13:00:00	18033.28	18036.28	17968.28	18011.33	1393	0	85
2024.06.17	14:00:00	18012.83	18055.78	18010.33	18053.78	1181	0	85
2024.06.17	15:00:00	18054.28	18060.33	18006.83	18035.88	1221	0	85
2024.06.17	16:00:00	18035.88	18082.28	18035.78	18045.78	1465	0	85
2024.06.17	17:00:00	18052.78	18076.28	18011.18	18071.18	1686	0	85
2024.06.17	18:00:00	18070.68	18086.78	18058.48	18062.88	1118	0	85
2024.06.17	19:00:00	18062.88	18101.98	18061.88	18093.48	823	0	125
2024.06.17	20:00:00	18093.48	18136.98	18090.88	18134.88	1024	0	125
2024.06.17	21:00:00	18135.38	18157.38	18130.78	18138.48	1266	0	125
2024.06.17	22:00:00	18137.98	18162.38	18135.98	18151.28	1357	0	135
2024.06.17	23:00:00	18151.78	18151.78	18130.88	18146.58	1416	0	175
2024.06.18	01:00:00	18155.88	18170.08	18155.88	18160.08	663	0	775
2024.06.18	02:00:00	18160.08	18165.18	18153.08	18161.48	894	0	775
2024.06.18	03:00:00	18162.18	18177.28	18149.38	18149.38	744	0	595
2024.06.18	04:00:00	18149.38	18152.58	18121.38	18124.38	439	0	555
2024.06.18	05:00:00	18123.88	18140.98	18123.48	18140.48	321	0	525
2024.06.18	06:00:00	18139.48	18141.98	18131.88	18140.28	299	0	525
2024.06.18	07:00:00	18140.38	18146.88	18127.28	18134.88	244	0	525
2024.06.18	08:00:00	18135.38	18161.68	18127.48	18161.68	400	0	525
2024.06.18	09:00:00	18166.68	18209.08	18166.68	18188.68	897	0	135
2024.06.18	10:00:00	18188.18	18212.48	18118.38	18121.38	1909	0	95
2024.06.18	11:00:00	18121.28	18122.78	18071.38	18096.68	1585	0	85
2024.06.18	12:00:00	18096.58	18154.68	18096.08	18137.68	1455	0	95
2024.06.18	13:00:00	18136.18	18162.68	18114.68	18135.68	1246	0	85
2024.06.18	14:00:00	18134.58	18136.58	18088.18	18096.73	1078	0	85
2024.06.18	15:00:00	18096.73	18129.18	18077.18	18116.18	1580	0	0
2024.06.18	16:00:00	18116.08	18140.18	18084.08	18099.18	1545	0	85
2024.06.18	17:00:00	18099.08	18145.18	18096.08	18124.68	1498	0	85
2024.06.18	18:00:00	18124.58	18150.48	18110.58	18149.88	1190	0	85
2024.06.18	19:00:00	18148.88	18170.38	18148.38	18168.38	894	0	125
2024.06.18	20:00:00	18167.88	18183.98	18155.18	18171.98	764	0	125
2024.06.18	21:00:00	18171.48	18171.48	18144.18	18148.48	1158	0	135
2024.06.18	22:00:00	18147.48	18162.48	18133.38	18154.78	1245	0	125
2024.06.18	23:00:00	18154.78	18158.08	18143.08	18153.78	1373	0	175
2024.06.19	01:00:00	18160.28	18169.18	18158.48	18165.68	368	0	745
2024.06.19	02:00:00	18165.68	18167.08	18160.68	18160.88	360	0	755
2024.06.19	03:00:00	18161.18	18163.18	18131.08	18131.18	623	0	525
2024.06.19	04:00:00	18130.68	18141.68	18127.28	18138.38	448	0	525
2024.06.19	05:00:00	18138.88	18143.98	18132.48	18132.48	370	0	525
2024.06.19	06:00:00	18131.98	18135.58	18125.38	18128.38	168	0	525
2024.06.19	07:00:00	18128.38	18129.38	18118.58	18123.88	269	0	525
2024.06.19	08:00:00	18124.38	18159.88	18117.38	18146.88	521	0	525
2024.06.19	09:00:00	18149.38	18169.08	18122.38	18137.78	852	0	125
2024.06.19	10:00:00	18138.68	18144.58	18066.98	18114.48	2022	0	85
2024.06.19	11:00:00	18115.38	18132.48	18052.48	18069.48	1622	0	85
2024.06.19	12:00:00	18069.88	18098.48	18061.98	18087.48	1506	0	85
2024.06.19	13:00:00	18087.48	18100.48	18072.48	18092.48	1233	0	85
2024.06.19	14:00:00	18093.38	18118.98	18088.48	18103.98	1219	0	85
2024.06.19	15:00:00	18103.48	18110.03	18072.98	18088.48	1197	0	85
2024.06.19	16:00:00	18087.98	18111.53	18070.98	18084.08	1454	0	85
2024.06.19	17:00:00	18083.58	18107.98	18076.93	18089.88	1237	0	85
2024.06.19	18:00:00	18087.38	18088.93	18062.38	18066.58	1228	0	85
2024.06.19	19:00:00	18066.58	18068.98	18055.18	18061.18	359	0	125
2024.06.19	20:00:00	18061.68	18067.18	18061.18	18064.18	109	0	125
2024.06.19	21:00:00	18064.68	18069.18	18064.18	18068.68	57	0	125
2024.06.19	22:00:00	18069.18	18089.68	18065.18	18084.08	114	0	125
2024.06.20	01:00:00	18067.98	18069.38	18051.48	18059.38	350	0	775
2024.06.20	02:00:00	18058.98	18066.48	18058.88	18063.98	284	0	755
2024.06.20	03:00:00	18063.98	18094.28	18063.88	18087.48	437	0	555
2024.06.20	04:00:00	18087.98	18097.68	18086.88	18088.08	321	0	525
2024.06.20	05:00:00	18083.08	18084.28	18074.18	18076.78	254	0	525
2024.06.20	06:00:00	18077.28	18133.68	18077.28	18125.18	195	0	525
2024.06.20	07:00:00	18124.68	18135.68	18107.68	18120.08	289	0	525
2024.06.20	08:00:00	18118.08	18137.18	18115.68	18120.68	348	0	525
2024.06.20	09:00:00	18119.18	18145.48	18104.88	18110.08	841	0	125
2024.06.20	10:00:00	18110.38	18208.38	18104.78	18160.38	2433	0	85
2024.06.20	11:00:00	18156.28	18183.28	18137.68	18164.18	2040	0	85
2024.06.20	12:00:00	18165.08	18190.18	18153.58	18184.18	1454	0	85
2024.06.20	13:00:00	18184.18	18205.73	18156.73	18156.73	1282	0	85
2024.06.20	14:00:00	18156.73	18174.08	18142.68	18153.48	1405	0	85
2024.06.20	15:00:00	18152.38	18160.53	18118.48	18129.08	1545	0	85
2024.06.20	16:00:00	18126.48	18202.28	18116.48	18195.78	2011	0	85
2024.06.20	17:00:00	18198.78	18244.38	18164.78	18242.38	2020	0	85
2024.06.20	18:00:00	18243.38	18259.98	18227.88	18242.58	2017	0	85
2024.06.20	19:00:00	18241.58	18251.58	18203.88	18226.38	2031	0	155
2024.06.20	20:00:00	18225.38	18232.98	18201.48	18226.58	2243	0	165
2024.06.20	21:00:00	18227.08	18257.18	18226.58	18240.08	1703	0	145
2024.06.20	22:00:00	18239.58	18255.48	18223.58	18246.98	2248	0	175
2024.06.20	23:00:00	18242.28	18242.28	18019.78	18080.58	1357	0	815
2024.06.21	01:00:00	18239.48	18247.98	18239.08	18245.58	418	0	765
2024.06.21	02:00:00	18245.08	18254.98	18242.58	18252.78	428	0	765
2024.06.21	03:00:00	18252.08	18256.38	18214.18	18215.98	586	0	555
2024.06.21	04:00:00	18217.98	18227.58	18215.18	18221.58	251	0	525
2024.06.21	05:00:00	18222.58	18227.58	18218.38	18227.08	176	0	525
2024.06.21	06:00:00	18227.58	18239.48	18227.08	18231.58	171	0	525
2024.06.21	07:00:00	18231.58	18237.78	18225.88	18237.28	229	0	525
2024.06.21	08:00:00	18237.78	18252.68	18236.18	18250.88	344	0	525
2024.06.21	09:00:00	18251.38	18254.08	18226.38	18228.78	570	0	125
2024.06.21	10:00:00	18228.28	18241.28	18189.28	18222.28	1956	0	95
2024.06.21	11:00:00	18221.78	18238.28	18160.28	18164.28	1616	0	95
2024.06.21	12:00:00	18165.28	18188.38	18133.78	18158.28	1491	0	85
2024.06.21	13:00:00	18158.28	18163.28	18115.28	18159.33	1250	0	85
2024.06.21	14:00:00	18161.33	18186.28	18145.18	18146.63	1244	0	85
2024.06.21	15:00:00	18146.13	18171.48	18128.68	18164.13	1123	0	85
2024.06.21	16:00:00	18164.63	18169.08	18087.08	18131.48	1705	0	85
2024.06.21	17:00:00	18131.98	18223.08	18129.48	18208.08	1934	0	85
2024.06.21	18:00:00	18207.08	18217.08	18144.68	18187.78	1803	0	85
2024.06.21	19:00:00	18189.28	18205.68	18165.78	18192.68	1066	0	145
2024.06.21	20:00:00	18191.68	18193.38	18172.78	18182.78	776	0	135
2024.06.21	21:00:00	18181.78	18199.78	18179.18	18191.38	807	0	125
2024.06.21	22:00:00	18190.88	18200.28	18173.28	18176.78	794	0	135
2024.06.24	01:00:00	18193.58	18203.38	18193.18	18200.28	328	0	755
2024.06.24	02:00:00	18200.28	18206.78	18195.18	18196.58	282	0	725
2024.06.24	03:00:00	18196.58	18205.58	18192.68	18194.68	425	0	525
2024.06.24	04:00:00	18195.28	18196.38	18121.08	18159.78	493	0	525
2024.06.24	05:00:00	18159.78	18162.78	18148.88	18151.18	211	0	525
2024.06.24	06:00:00	18153.68	18163.88	18145.58	18148.38	192	0	525
2024.06.24	07:00:00	18148.88	18167.88	18146.88	18158.58	248	0	525
2024.06.24	08:00:00	18160.08	18201.58	18159.38	18195.08	402	0	565
2024.06.24	09:00:00	18198.08	18226.78	18189.58	18204.38	858	0	125
2024.06.24	10:00:00	18208.68	18266.68	18175.68	18258.18	1802	0	0
2024.06.24	11:00:00	18257.68	18303.68	18251.68	18267.28	1660	0	0
2024.06.24	12:00:00	18266.28	18294.98	18230.28	18244.78	1333	0	0
2024.06.24	13:00:00	18244.78	18281.78	18238.38	18276.88	1219	0	85
2024.06.24	14:00:00	18275.28	18295.78	18263.28	18274.18	1006	0	85
2024.06.24	15:00:00	18274.18	18278.18	18248.48	18263.43	1092	0	85
2024.06.24	16:00:00	18263.48	18350.38	18258.38	18339.38	1627	0	85
2024.06.24	17:00:00	18339.38	18357.38	18316.38	18339.38	2029	0	0
2024.06.24	18:00:00	18340.38	18347.43	18321.18	18323.78	1393	0	85
2024.06.24	19:00:00	18323.28	18323.38	18301.38	18305.28	804	0	125
2024.06.24	20:00:00	18302.28	18306.18	18217.18	18229.18	1796	0	135
2024.06.24	21:00:00	18228.68	18243.18	18211.18	18242.28	1142	0	135
2024.06.24	22:00:00	18241.28	18245.28	18202.18	18209.68	1018	0	125
2024.06.24	23:00:00	18209.18	18216.98	18195.48	18208.08	1805	0	185
2024.06.25	01:00:00	18221.18	18221.18	18211.18	18218.68	510	0	765
2024.06.25	02:00:00	18218.68	18226.88	18217.68	18226.18	508	0	765
2024.06.25	03:00:00	18225.88	18227.08	18179.68	18181.18	475	0	525
2024.06.25	04:00:00	18181.68	18209.88	18176.18	18205.78	273	0	525
2024.06.25	05:00:00	18206.28	18211.88	18200.88	18205.98	176	0	525
2024.06.25	06:00:00	18206.98	18231.98	18205.98	18228.08	220	0	525
2024.06.25	07:00:00	18228.08	18237.48	18215.58	18237.48	214	0	525
2024.06.25	08:00:00	18236.98	18251.48	18226.98	18233.48	400	0	555
2024.06.25	09:00:00	18234.48	18234.48	18169.28	18170.28	1018	0	125
2024.06.25	10:00:00	18172.28	18183.58	18077.68	18086.98	2995	0	95
2024.06.25	11:00:00	18085.98	18122.98	18071.88	18119.98	1972	0	85
2024.06.25	12:00:00	18119.98	18150.98	18091.88	18135.03	1478	0	85
2024.06.25	13:00:00	18135.03	18142.88	18112.38	18135.98	1050	0	85
2024.06.25	14:00:00	18134.98	18165.38	18123.68	18134.83	1226	0	85
2024.06.25	15:00:00	18134.83	18158.13	18119.08	18146.08	1326	0	85
2024.06.25	16:00:00	18145.98	18156.48	18101.48	18129.98	1671	0	0
2024.06.25	17:00:00	18129.88	18179.98	18129.88	18154.98	2030	0	0
2024.06.25	18:00:00	18153.48	18182.78	18148.88	18176.78	1332	0	85
2024.06.25	19:00:00	18176.28	18180.28	18150.08	18170.08	1046	0	125
2024.06.25	20:00:00	18169.58	18194.68	18160.98	18190.28	874	0	125
2024.06.25	21:00:00	18190.78	18201.28	18186.28	18195.18	699	0	125
2024.06.25	22:00:00	18195.68	18208.28	18192.08	18192.98	910	0	125
2024.06.25	23:00:00	18192.48	18192.48	18174.68	18183.68	1203	0	185
2024.06.26	01:00:00	18190.88	18196.38	18188.28	18194.98	453	0	765
2024.06.26	02:00:00	18194.98	18195.68	18186.38	18186.38	415	0	765
2024.06.26	03:00:00	18186.18	18221.38	18176.58	18215.68	482	0	535
2024.06.26	04:00:00	18215.78	18230.38	18203.58	18228.28	267	0	525
2024.06.26	05:00:00	18228.78	18235.68	18216.38	18218.88	233	0	525
2024.06.26	06:00:00	18219.38	18223.88	18216.38	18218.68	171	0	525
2024.06.26	07:00:00	18218.68	18235.48	18209.68	18229.38	219	0	525
2024.06.26	08:00:00	18229.88	18263.88	18228.88	18261.38	367	0	525
2024.06.26	09:00:00	18261.38	18295.78	18258.38	18276.18	1025	0	0
2024.06.26	10:00:00	18276.18	18366.98	18269.98	18359.18	2247	0	0
2024.06.26	11:00:00	18358.18	18366.18	18310.03	18315.08	1488	0	85
2024.06.26	12:00:00	18313.08	18316.03	18261.08	18267.03	1357	0	85
2024.06.26	13:00:00	18266.03	18266.03	18193.98	18205.08	1547	0	85
2024.06.26	14:00:00	18206.08	18206.48	18130.08	18141.98	1739	0	85
2024.06.26	15:00:00	18141.98	18141.98	18055.88	18061.38	1988	0	0
2024.06.26	16:00:00	18060.78	18145.28	18044.78	18139.78	2353	0	0
2024.06.26	17:00:00	18139.28	18175.88	18128.28	18169.78	1957	0	0
2024.06.26	18:00:00	18169.78	18180.38	18130.78	18176.38	1690	0	85
2024.06.26	19:00:00	18176.38	18179.98	18150.38	18169.18	1196	0	145
2024.06.26	20:00:00	18168.68	18170.98	18149.38	18167.08	1038	0	125
2024.06.26	21:00:00	18167.08	18174.08	18155.08	18162.98	721	0	125
2024.06.26	22:00:00	18163.98	18186.38	18151.98	18164.38	1155	0	125
2024.06.26	23:00:00	18164.38	18164.38	18121.58	18133.48	2211	0	185
2024.06.27	01:00:00	18142.38	18146.48	18126.28	18131.78	572	0	775
2024.06.27	02:00:00	18131.78	18132.18	18110.18	18112.88	705	0	785
2024.06.27	03:00:00	18112.68	18117.98	18081.78	18098.98	654	0	615
2024.06.27	04:00:00	18099.08	18127.58	18098.08	18126.98	407	0	525
2024.06.27	05:00:00	18127.08	18138.38	18116.28	18119.28	216	0	525
2024.06.27	06:00:00	18119.78	18131.18	18115.58	18115.98	192	0	525
2024.06.27	07:00:00	18116.98	18139.48	18113.98	18138.48	217	0	525
2024.06.27	08:00:00	18139.98	18173.78	18131.48	18155.28	434	0	525
2024.06.27	09:00:00	18160.28	18190.38	18160.28	18165.38	881	0	125
2024.06.27	10:00:00	18166.68	18238.68	18166.68	18215.88	2421	0	0
2024.06.27	11:00:00	18214.38	18217.38	18146.88	18182.38	1927	0	85
2024.06.27	12:00:00	18181.88	18185.88	18141.88	18148.93	1600	0	85
2024.06.27	13:00:00	18147.93	18184.43	18144.88	18183.93	1383	0	85
2024.06.27	14:00:00	18184.43	18218.38	18165.88	18200.88	1677	0	85
2024.06.27	15:00:00	18199.38	18211.28	18164.38	18187.88	1826	0	85
2024.06.27	16:00:00	18186.88	18236.88	18178.78	18220.38	2029	0	75
2024.06.27	17:00:00	18219.88	18264.38	18199.38	18204.88	2667	0	85
2024.06.27	18:00:00	18205.88	18228.98	18176.88	18223.98	2423	0	85
2024.06.27	19:00:00	18223.98	18249.68	18218.88	18236.48	1584	0	135
2024.06.27	20:00:00	18236.98	18245.58	18218.08	18218.08	1063	0	125
2024.06.27	21:00:00	18217.58	18222.08	18190.38	18218.58	1348	0	125
2024.06.27	22:00:00	18218.58	18237.38	18215.58	18237.38	1008	0	125
2024.06.27	23:00:00	18237.38	18250.68	18225.38	18234.48	1784	0	175
2024.06.28	01:00:00	18232.38	18244.88	18230.88	18241.58	477	0	775
2024.06.28	02:00:00	18241.88	18253.28	18241.58	18252.98	343	0	755
2024.06.28	03:00:00	18253.18	18261.98	18237.88	18239.38	561	0	525
2024.06.28	04:00:00	18239.48	18255.68	18233.48	18252.78	501	0	525
2024.06.28	05:00:00	18252.78	18262.28	18248.18	18252.98	275	0	525
2024.06.28	06:00:00	18252.98	18254.18	18249.08	18252.68	120	0	525
2024.06.28	07:00:00	18252.18	18253.18	18236.38	18241.68	189	0	525
2024.06.28	08:00:00	18241.68	18242.08	18227.18	18233.48	428	0	525
2024.06.28	09:00:00	18233.98	18298.48	18233.98	18296.38	909	0	65
2024.06.28	10:00:00	18296.88	18311.28	18238.28	18238.28	2481	0	0
2024.06.28	11:00:00	18238.78	18334.78	18209.78	18308.28	2172	0	0
2024.06.28	12:00:00	18308.28	18353.98	18288.58	18336.98	2041	0	0
2024.06.28	13:00:00	18336.48	18348.08	18307.98	18336.03	1409	0	85
2024.06.28	14:00:00	18334.03	18345.98	18252.98	18274.08	1637	0	85
2024.06.28	15:00:00	18273.08	18286.98	18193.98	18219.08	2647	0	0
2024.06.28	16:00:00	18219.48	18275.98	18212.98	18246.98	2698	0	85
2024.06.28	17:00:00	18246.98	18299.98	18239.98	18258.98	2948	0	85
2024.06.28	18:00:00	18255.98	18265.58	18201.98	18254.58	3218	0	85
2024.06.28	19:00:00	18254.08	18257.58	18208.58	18229.08	2086	0	175
2024.06.28	20:00:00	18229.58	18243.58	18217.28	18226.78	1172	0	135
2024.06.28	21:00:00	18224.78	18240.68	18207.58	18217.68	1222	0	135
2024.06.28	22:00:00	18215.68	18244.58	18189.58	18241.58	1465	0	135
2024.07.01	01:00:00	18299.08	18302.38	18281.28	18292.08	1026	0	815
2024.07.01	02:00:00	18292.08	18292.08	18272.68	18277.68	903	0	765
2024.07.01	03:00:00	18278.38	18347.28	18248.18	18322.18	885	0	605
2024.07.01	04:00:00	18322.18	18325.48	18309.28	18317.88	383	0	555
2024.07.01	05:00:00	18317.88	18333.78	18317.88	18331.68	188	0	525
2024.07.01	06:00:00	18331.18	18365.78	18331.18	18353.08	322	0	525
2024.07.01	07:00:00	18352.08	18365.48	18338.78	18354.68	245	0	525
2024.07.01	08:00:00	18353.18	18442.28	18349.08	18429.78	807	0	655
2024.07.01	09:00:00	18428.78	18452.48	18392.58	18403.58	1824	0	165
2024.07.01	10:00:00	18403.08	18464.88	18292.98	18312.48	4063	0	75
2024.07.01	11:00:00	18312.98	18363.98	18293.98	18317.98	3106	0	95
2024.07.01	12:00:00	18316.98	18322.88	18259.48	18291.98	2126	0	95
2024.07.01	13:00:00	18288.88	18314.98	18282.98	18293.43	1535	0	85
2024.07.01	14:00:00	18292.43	18322.43	18284.28	18322.43	1078	0	85
2024.07.01	15:00:00	18322.38	18347.38	18312.43	18331.48	1391	0	85
2024.07.01	16:00:00	18331.48	18380.98	18329.98	18356.98	2272	0	85
2024.07.01	17:00:00	18359.48	18376.48	18279.98	18302.48	4403	0	95
2024.07.01	18:00:00	18302.38	18329.48	18284.48	18310.48	3031	0	85
2024.07.01	19:00:00	18309.98	18333.08	18296.98	18328.18	1548	0	135
2024.07.01	20:00:00	18328.18	18333.18	18321.18	18326.08	805	0	125
2024.07.01	21:00:00	18325.08	18340.28	18313.58	18320.28	1037	0	125
2024.07.01	22:00:00	18319.78	18332.58	18299.08	18329.98	1116	0	125
2024.07.01	23:00:00	18330.48	18331.48	18321.08	18324.88	1328	0	185
2024.07.02	01:00:00	18332.38	18334.78	18316.28	18319.28	419	0	755
2024.07.02	02:00:00	18319.28	18319.68	18310.08	18315.38	626	0	755
2024.07.02	03:00:00	18315.38	18316.68	18286.28	18297.18	668	0	545
2024.07.02	04:00:00	18298.18	18300.98	18282.88	18293.48	349	0	535
2024.07.02	05:00:00	18292.98	18301.28	18280.98	18287.18	400	0	525
2024.07.02	06:00:00	18287.68	18288.18	18265.88	18270.38	230	0	525
2024.07.02	07:00:00	18270.38	18275.38	18267.48	18271.38	175	0	525
2024.07.02	08:00:00	18271.88	18299.18	18259.78	18289.58	350	0	525
2024.07.02	09:00:00	18290.08	18302.38	18240.18	18248.18	1206	0	125
2024.07.02	10:00:00	18251.68	18251.68	18135.58	18168.58	3724	0	95
2024.07.02	11:00:00	18167.58	18182.98	18140.58	18159.58	2317	0	85
2024.07.02	12:00:00	18160.08	18167.98	18091.08	18100.58	2159	0	85
2024.07.02	13:00:00	18100.48	18123.58	18094.63	18098.13	1578	0	85
2024.07.02	14:00:00	18099.63	18100.63	18045.28	18075.28	1800	0	5
2024.07.02	15:00:00	18075.18	18090.28	18024.18	18060.88	2161	0	0
2024.07.02	16:00:00	18060.78	18127.08	18060.28	18119.58	3322	0	0
2024.07.02	17:00:00	18121.98	18172.08	18110.58	18147.08	3401	0	0
2024.07.02	18:00:00	18146.98	18167.08	18141.98	18148.13	2540	0	0
2024.07.02	19:00:00	18148.13	18160.58	18136.28	18144.08	1810	0	0
2024.07.02	20:00:00	18144.08	18173.48	18140.98	18167.58	801	0	0
2024.07.02	21:00:00	18168.08	18185.08	18166.58	18173.58	649	0	125
2024.07.02	22:00:00	18173.58	18186.58	18173.58	18183.78	1069	0	125
2024.07.02	23:00:00	18183.78	18183.78	18154.68	18154.98	1522	0	185
2024.07.03	01:00:00	18159.38	18171.18	18158.28	18168.48	436	0	755
2024.07.03	02:00:00	18168.48	18171.08	18153.88	18157.98	514	0	765
2024.07.03	03:00:00	18158.38	18201.18	18158.38	18195.18	613	0	555
2024.07.03	04:00:00	18194.68	18196.18	18184.58	18190.18	404	0	525
2024.07.03	05:00:00	18190.68	18215.68	18190.68	18208.48	335	0	525
2024.07.03	06:00:00	18208.48	18212.38	18197.58	18205.58	336	0	525
2024.07.03	07:00:00	18206.08	18217.08	18205.18	18210.98	214	0	525
2024.07.03	08:00:00	18210.48	18215.88	18197.58	18209.78	554	0	565
2024.07.03	09:00:00	18209.78	18256.88	18209.78	18230.98	1348	0	125
2024.07.03	10:00:00	18231.98	18300.78	18224.18	18245.88	2588	0	0
2024.07.03	11:00:00	18245.88	18300.78	18224.88	18281.68	2073	0	85
2024.07.03	12:00:00	18281.68	18350.73	18271.68	18332.18	1966	0	0
2024.07.03	13:00:00	18331.68	18348.78	18324.78	18329.78	1373	0	0
2024.07.03	14:00:00	18329.28	18358.68	18329.28	18351.33	1171	0	85
2024.07.03	15:00:00	18351.38	18358.88	18297.28	18348.38	1768	0	0
2024.07.03	16:00:00	18348.28	18354.28	18316.28	18339.83	1902	0	0
2024.07.03	17:00:00	18363.88	18377.28	18329.18	18365.18	3199	0	85
2024.07.03	18:00:00	18365.68	18396.78	18356.18	18380.98	2315	0	35
2024.07.03	19:00:00	18381.48	18397.98	18377.98	18394.28	1165	0	125
2024.07.03	20:00:00	18394.78	18397.08	18388.08	18395.58	383	0	125
2024.07.03	21:00:00	18393.08	18398.68	18391.08	18398.18	131	0	125
2024.07.03	22:00:00	18398.68	18403.68	18392.68	18403.68	218	0	125
2024.07.04	01:00:00	18399.78	18413.78	18393.38	18409.28	511	0	755
2024.07.04	02:00:00	18409.28	18421.98	18409.28	18420.48	260	0	735
2024.07.04	03:00:00	18420.18	18422.68	18389.98	18390.68	618	0	525
2024.07.04	04:00:00	18391.68	18401.58	18386.68	18392.68	331	0	525
2024.07.04	05:00:00	18393.68	18404.58	18391.18	18398.58	262	0	525
2024.07.04	06:00:00	18398.08	18404.28	18394.28	18399.58	252	0	525
2024.07.04	07:00:00	18399.08	18405.68	18394.48	18402.28	231	0	525
2024.07.04	08:00:00	18401.78	18414.08	18385.88	18411.08	512	0	525
2024.07.04	09:00:00	18409.08	18440.28	18399.08	18436.28	896	0	125
2024.07.04	10:00:00	18437.28	18470.68	18410.28	18448.28	2087	0	0
2024.07.04	11:00:00	18448.78	18463.73	18431.68	18435.78	1449	0	85
2024.07.04	12:00:00	18437.78	18451.68	18421.73	18430.78	1284	0	85
2024.07.04	13:00:00	18431.73	18442.73	18421.73	18434.78	937	0	85
2024.07.04	14:00:00	18433.28	18445.73	18424.28	18425.73	948	0	85
2024.07.04	15:00:00	18426.73	18457.38	18416.73	18457.38	851	0	85
2024.07.04	16:00:00	18457.38	18460.88	18433.83	18435.83	952	0	85
2024.07.04	17:00:00	18434.83	18446.23	18416.63	18440.73	1022	0	85
2024.07.04	18:00:00	18441.73	18463.73	18437.28	18452.58	1214	0	85
2024.07.04	19:00:00	18453.08	18454.08	18440.28	18443.78	361	0	125
2024.07.04	20:00:00	18444.28	18449.28	18439.78	18442.28	117	0	125
2024.07.04	21:00:00	18442.28	18447.28	18439.78	18442.28	126	0	125
2024.07.04	22:00:00	18442.78	18457.68	18441.28	18454.18	228	0	125
2024.07.05	01:00:00	18445.98	18446.68	18437.18	18440.98	469	0	765
2024.07.05	02:00:00	18440.98	18450.78	18438.58	18438.68	330	0	745
2024.07.05	03:00:00	18440.08	18456.98	18440.08	18445.28	686	0	555
2024.07.05	04:00:00	18444.78	18451.58	18441.58	18450.08	448	0	525
2024.07.05	05:00:00	18450.08	18450.18	18438.38	18441.78	327	0	525
2024.07.05	06:00:00	18442.28	18450.88	18440.68	18443.88	479	0	525
2024.07.05	07:00:00	18443.88	18446.08	18434.98	18441.38	342	0	525
2024.07.05	08:00:00	18441.88	18489.78	18440.38	18476.28	534	0	425
2024.07.05	09:00:00	18476.78	18512.48	18458.48	18501.48	864	0	125
2024.07.05	10:00:00	18502.98	18614.78	18500.88	18602.78	2940	0	0
2024.07.05	11:00:00	18602.28	18623.78	18587.78	18610.88	2069	0	85
2024.07.05	12:00:00	18613.88	18636.28	18603.78	18622.78	1658	0	85
2024.07.05	13:00:00	18623.78	18628.78	18590.78	18592.78	1084	0	85
2024.07.05	14:00:00	18593.78	18613.88	18583.78	18589.33	1100	0	85
2024.07.05	15:00:00	18588.83	18665.28	18578.83	18595.88	2530	0	5
2024.07.05	16:00:00	18596.88	18608.28	18476.78	18479.78	2931	0	85
2024.07.05	17:00:00	18480.28	18486.28	18418.78	18467.28	4024	0	95
2024.07.05	18:00:00	18469.28	18488.28	18455.38	18465.08	2567	0	85
2024.07.05	19:00:00	18465.58	18473.58	18451.18	18458.58	1126	0	125
2024.07.05	20:00:00	18458.08	18477.18	18451.08	18470.08	695	0	125
2024.07.05	21:00:00	18470.08	18479.18	18464.48	18478.18	654	0	125
2024.07.05	22:00:00	18479.18	18508.08	18478.18	18506.58	626	0	125
2024.07.08	01:00:00	18470.08	18483.88	18469.68	18475.18	575	0	775
2024.07.08	02:00:00	18475.88	18480.18	18470.78	18471.38	524	0	745
2024.07.08	03:00:00	18471.18	18487.98	18460.18	18475.58	714	0	525
2024.07.08	04:00:00	18475.78	18487.88	18468.18	18482.98	285	0	525
2024.07.08	05:00:00	18482.98	18489.48	18477.98	18485.18	116	0	525
2024.07.08	06:00:00	18485.18	18508.18	18484.78	18497.98	210	0	525
2024.07.08	07:00:00	18497.98	18497.98	18466.98	18468.08	98	0	525
2024.07.08	08:00:00	18464.58	18471.48	18436.48	18441.48	470	0	605
2024.07.08	09:00:00	18441.98	18478.78	18429.78	18471.78	1362	0	125
2024.07.08	10:00:00	18471.78	18560.18	18444.08	18555.78	3711	0	0
2024.07.08	11:00:00	18556.78	18632.78	18553.28	18584.28	2567	0	0
2024.07.08	12:00:00	18584.78	18594.78	18531.78	18571.88	2383	0	85
2024.07.08	13:00:00	18571.88	18574.28	18516.83	18519.33	1981	0	85
2024.07.08	14:00:00	18519.83	18558.88	18518.88	18546.83	1604	0	85
2024.07.08	15:00:00	18546.88	18565.58	18522.83	18558.48	1671	0	85
2024.07.08	16:00:00	18559.48	18569.98	18531.28	18535.78	2031	0	0
2024.07.08	17:00:00	18534.78	18535.78	18470.78	18479.78	2795	0	85
2024.07.08	18:00:00	18478.78	18499.43	18470.98	18475.28	1455	0	85
2024.07.08	19:00:00	18475.78	18475.78	18450.48	18459.18	872	0	125
2024.07.08	20:00:00	18460.18	18466.28	18445.28	18466.28	696	0	125
2024.07.08	21:00:00	18466.78	18469.28	18437.98	18464.28	672	0	125
2024.07.08	22:00:00	18463.78	18475.18	18457.78	18460.68	1000	0	125
2024.07.08	23:00:00	18460.18	18465.08	18451.18	18460.68	1291	0	185
2024.07.09	01:00:00	18458.48	18471.88	18457.78	18470.58	390	0	765
2024.07.09	02:00:00	18470.58	18500.68	18470.58	18500.28	835	0	765
2024.07.09	03:00:00	18500.68	18503.68	18461.58	18462.08	586	0	525
2024.07.09	04:00:00	18460.58	18475.98	18459.08	18460.98	340	0	525
2024.07.09	05:00:00	18461.08	18461.18	18435.98	18436.38	264	0	525
2024.07.09	06:00:00	18437.88	18448.98	18432.18	18448.48	170	0	525
2024.07.09	07:00:00	18448.48	18468.48	18445.68	18466.38	241	0	525
2024.07.09	08:00:00	18466.88	18479.58	18439.48	18447.48	459	0	585
2024.07.09	09:00:00	18447.48	18464.98	18411.38	18421.68	1018	0	125
2024.07.09	10:00:00	18420.68	18434.08	18364.18	18418.38	3450	0	85
2024.07.09	11:00:00	18419.38	18463.88	18408.38	18458.38	2320	0	85
2024.07.09	12:00:00	18458.88	18469.38	18420.38	18433.43	1579	0	85
2024.07.09	13:00:00	18433.93	18444.43	18390.88	18395.38	1341	0	85
2024.07.09	14:00:00	18397.38	18397.38	18355.38	18385.43	1488	0	85
2024.07.09	15:00:00	18385.93	18392.93	18266.48	18304.48	2498	0	85
2024.07.09	16:00:00	18304.98	18335.38	18283.48	18285.48	2754	0	85
2024.07.09	17:00:00	18285.38	18291.98	18221.48	18227.48	4125	0	95
2024.07.09	18:00:00	18227.48	18266.48	18210.98	18263.98	2929	0	85
2024.07.09	19:00:00	18264.48	18274.18	18249.18	18272.18	1235	0	125
2024.07.09	20:00:00	18273.18	18281.08	18244.48	18253.28	1421	0	125
2024.07.09	21:00:00	18252.28	18259.28	18247.28	18252.28	788	0	125
2024.07.09	22:00:00	18253.28	18257.28	18244.28	18248.98	1161	0	125
2024.07.09	23:00:00	18248.98	18256.88	18240.88	18247.78	1210	0	185
2024.07.10	01:00:00	18243.88	18251.98	18242.08	18250.28	351	0	755
2024.07.10	02:00:00	18250.08	18254.08	18250.08	18251.28	364	0	755
2024.07.10	03:00:00	18251.08	18266.38	18251.08	18261.38	477	0	525
2024.07.10	04:00:00	18261.38	18261.88	18253.78	18255.78	162	0	525
2024.07.10	05:00:00	18255.88	18266.38	18255.88	18265.38	107	0	525
2024.07.10	06:00:00	18265.38	18265.38	18248.28	18251.88	177	0	525
2024.07.10	07:00:00	18252.38	18259.38	18248.38	18255.58	193	0	525
2024.07.10	08:00:00	18256.58	18256.58	18221.38	18222.08	396	0	525
2024.07.10	09:00:00	18221.58	18282.28	18219.38	18274.18	1022	0	125
2024.07.10	10:00:00	18278.18	18307.48	18240.98	18284.98	3026	0	95
2024.07.10	11:00:00	18285.98	18315.08	18275.98	18311.08	1761	0	85
2024.07.10	12:00:00	18311.08	18372.03	18301.53	18371.03	1830	0	85
2024.07.10	13:00:00	18372.03	18385.48	18348.08	18354.03	1552	0	85
2024.07.10	14:00:00	18354.03	18363.43	18323.58	18356.43	1389	0	85
2024.07.10	15:00:00	18356.48	18370.48	18337.93	18354.68	1221	0	85
2024.07.10	16:00:00	18354.63	18385.58	18354.63	18379.58	1698	0	85
2024.07.10	17:00:00	18378.58	18397.68	18366.58	18385.78	2049	0	85
2024.07.10	18:00:00	18386.28	18423.18	18384.18	18421.98	1596	0	85
2024.07.10	19:00:00	18421.48	18442.38	18417.48	18430.68	846	0	125
2024.07.10	20:00:00	18430.18	18442.58	18421.08	18435.18	939	0	125
2024.07.10	21:00:00	18434.68	18436.18	18415.58	18436.18	750	0	125
2024.07.10	22:00:00	18435.18	18461.38	18426.18	18457.38	1009	0	125
2024.07.10	23:00:00	18453.88	18456.28	18442.78	18444.28	1900	0	185
2024.07.11	01:00:00	18452.58	18457.78	18448.18	18454.08	508	0	775
2024.07.11	02:00:00	18453.78	18454.38	18448.68	18452.08	454	0	765
2024.07.11	03:00:00	18451.68	18468.58	18427.98	18435.18	576	0	525
2024.07.11	04:00:00	18435.18	18448.38	18428.08	18446.98	584	0	525
2024.07.11	05:00:00	18447.48	18453.98	18440.58	18451.48	276	0	525
2024.07.11	06:00:00	18449.98	18459.98	18440.08	18458.88	317	0	525
2024.07.11	07:00:00	18458.98	18458.98	18443.38	18443.38	195	0	525
2024.07.11	08:00:00	18443.88	18465.08	18443.88	18449.18	386	0	525
2024.07.11	09:00:00	18454.68	18502.38	18447.58	18490.38	986	0	125
2024.07.11	10:00:00	18494.38	18509.68	18414.18	18456.18	2876	0	95
2024.07.11	11:00:00	18456.18	18481.23	18450.78	18459.78	1668	0	85
2024.07.11	12:00:00	18460.28	18460.28	18426.18	18446.23	1324	0	85
2024.07.11	13:00:00	18446.28	18458.28	18422.28	18445.28	1127	0	85
2024.07.11	14:00:00	18444.28	18460.53	18421.23	18456.03	1143	0	85
2024.07.11	15:00:00	18456.08	18578.98	18445.68	18446.18	3519	0	85
2024.07.11	16:00:00	18446.68	18537.88	18439.58	18507.88	4008	0	85
2024.07.11	17:00:00	18508.88	18565.18	18499.28	18551.18	3830	0	95
2024.07.11	18:00:00	18551.18	18572.18	18518.28	18522.78	3021	0	85
2024.07.11	19:00:00	18521.78	18533.78	18506.78	18516.78	2715	0	175
2024.07.11	20:00:00	18518.78	18535.78	18506.38	18508.88	2148	0	135
2024.07.11	21:00:00	18509.38	18530.48	18507.38	18525.98	1404	0	125
2024.07.11	22:00:00	18526.48	18535.98	18513.98	18516.78	1715	0	125
2024.07.11	23:00:00	18516.28	18531.78	18503.78	18530.88	1820	0	185
2024.07.12	01:00:00	18519.38	18524.88	18502.58	18523.48	793	0	815
2024.07.12	02:00:00	18523.48	18533.68	18507.78	18514.78	1033	0	795
2024.07.12	03:00:00	18513.18	18557.18	18508.98	18527.58	1024	0	615
2024.07.12	04:00:00	18525.58	18547.08	18520.08	18542.78	525	0	525
2024.07.12	05:00:00	18543.78	18545.28	18519.58	18538.28	582	0	525
2024.07.12	06:00:00	18539.28	18547.68	18531.58	18540.98	423	0	525
2024.07.12	07:00:00	18540.98	18554.58	18537.78	18546.18	463	0	525
2024.07.12	08:00:00	18546.18	18557.68	18538.58	18545.58	711	0	595
2024.07.12	09:00:00	18546.08	18589.88	18546.08	18559.38	1201	0	135
2024.07.12	10:00:00	18557.88	18595.18	18528.18	18551.28	2723	0	85
2024.07.12	11:00:00	18551.18	18607.28	18551.18	18604.28	2199	0	85
2024.07.12	12:00:00	18604.18	18606.73	18554.18	18574.23	1653	0	85
2024.07.12	13:00:00	18574.23	18627.73	18570.78	18617.28	1233	0	85
2024.07.12	14:00:00	18617.28	18623.68	18599.23	18614.73	1323	0	85
2024.07.12	15:00:00	18615.28	18628.28	18537.58	18610.18	2805	0	85
2024.07.12	16:00:00	18611.18	18659.98	18595.08	18654.03	2572	0	85
2024.07.12	17:00:00	18653.03	18767.38	18653.03	18759.43	3606	0	85
2024.07.12	18:00:00	18761.43	18781.88	18739.08	18739.08	2531	0	85
2024.07.12	19:00:00	18738.08	18752.38	18725.98	18751.38	1597	0	125
2024.07.12	20:00:00	18750.88	18774.88	18748.78	18757.18	921	0	125
2024.07.12	21:00:00	18756.68	18762.38	18745.88	18751.88	901	0	125
2024.07.12	22:00:00	18751.38	18753.38	18718.58	18726.58	1620	0	125
2024.07.15	01:00:00	18716.98	18719.28	18700.08	18710.48	1792	0	825
2024.07.15	02:00:00	18710.48	18719.48	18702.98	18717.48	732	0	795
2024.07.15	03:00:00	18717.48	18729.58	18706.78	18715.38	707	0	575
2024.07.15	04:00:00	18716.38	18721.88	18701.78	18710.88	577	0	525
2024.07.15	05:00:00	18710.98	18717.88	18706.68	18711.08	271	0	525
2024.07.15	06:00:00	18710.58	18714.58	18697.78	18697.78	310	0	525
2024.07.15	07:00:00	18698.28	18709.68	18691.78	18706.88	329	0	525
2024.07.15	08:00:00	18706.38	18711.98	18681.28	18705.98	567	0	555
2024.07.15	09:00:00	18706.48	18708.78	18679.08	18695.48	1127	0	125
2024.07.15	10:00:00	18695.48	18723.08	18681.88	18722.08	2983	0	85
2024.07.15	11:00:00	18721.98	18733.58	18700.08	18714.38	1848	0	85
2024.07.15	12:00:00	18713.38	18746.43	18702.38	18718.93	1510	0	85
2024.07.15	13:00:00	18718.88	18728.88	18702.43	18704.38	1266	0	85
2024.07.15	14:00:00	18703.88	18708.38	18650.88	18661.38	1747	0	85
2024.07.15	15:00:00	18660.38	18670.43	18623.43	18623.43	1658	0	85
2024.07.15	16:00:00	18623.43	18633.88	18576.38	18614.38	2879	0	85
2024.07.15	17:00:00	18614.38	18627.38	18590.38	18601.38	2485	0	85
2024.07.15	18:00:00	18602.88	18624.93	18591.88	18603.68	3030	0	85
2024.07.15	19:00:00	18604.18	18604.18	18552.88	18570.88	3080	0	135
2024.07.15	20:00:00	18571.88	18573.88	18540.38	18550.08	2677	0	145
2024.07.15	21:00:00	18551.08	18586.98	18546.48	18585.68	1789	0	135
2024.07.15	22:00:00	18586.18	18595.18	18548.88	18567.88	2224	0	125
2024.07.15	23:00:00	18570.88	18570.88	18549.88	18565.78	1767	0	185
2024.07.16	01:00:00	18577.38	18593.08	18577.38	18586.98	640	0	775
2024.07.16	02:00:00	18586.98	18592.08	18584.18	18584.58	527	0	775
2024.07.16	03:00:00	18584.78	18586.98	18569.88	18580.18	755	0	525
2024.07.16	04:00:00	18580.18	18586.48	18574.48	18581.78	576	0	565
2024.07.16	05:00:00	18583.28	18586.98	18578.68	18586.78	236	0	525
2024.07.16	06:00:00	18586.78	18588.78	18580.58	18580.58	172	0	525
2024.07.16	07:00:00	18579.58	18581.58	18557.98	18565.58	267	0	525
2024.07.16	08:00:00	18565.58	18574.28	18538.58	18545.58	511	0	525
2024.07.16	09:00:00	18545.58	18545.58	18495.88	18506.38	1201	0	135
2024.07.16	10:00:00	18506.88	18537.28	18449.18	18482.28	3482	0	95
2024.07.16	11:00:00	18483.28	18525.28	18462.28	18518.28	2494	0	85
2024.07.16	12:00:00	18519.28	18534.28	18487.28	18500.28	2011	0	85
2024.07.16	13:00:00	18501.28	18530.63	18494.58	18503.58	1509	0	85
2024.07.16	14:00:00	18504.58	18510.63	18473.08	18478.58	1421	0	85
2024.07.16	15:00:00	18478.58	18516.18	18470.58	18488.18	1939	0	85
2024.07.16	16:00:00	18487.18	18506.18	18453.18	18484.18	2832	0	85
2024.07.16	17:00:00	18484.18	18535.18	18484.18	18525.18	3315	0	85
2024.07.16	18:00:00	18526.18	18546.18	18508.68	18539.68	2254	0	85
2024.07.16	19:00:00	18540.18	18554.38	18527.68	18553.38	1851	0	125
2024.07.16	20:00:00	18552.88	18562.98	18543.88	18555.48	1311	0	125
2024.07.16	21:00:00	18554.98	18571.88	18540.38	18569.88	1158	0	125
2024.07.16	22:00:00	18568.88	18584.88	18566.98	18583.78	1348	0	125
2024.07.16	23:00:00	18583.78	18583.78	18559.28	18573.18	1834	0	165
2024.07.17	01:00:00	18575.28	18583.08	18571.98	18577.18	551	0	775
2024.07.17	02:00:00	18577.58	18577.98	18560.58	18565.08	814	0	775
2024.07.17	03:00:00	18565.38	18565.58	18545.78	18554.58	734	0	545
2024.07.17	04:00:00	18554.08	18566.58	18549.78	18561.18	472	0	565
2024.07.17	05:00:00	18561.68	18572.68	18560.48	18561.48	350	0	525
2024.07.17	06:00:00	18561.48	18568.68	18527.68	18561.38	500	0	525
2024.07.17	07:00:00	18561.88	18567.38	18544.88	18554.68	569	0	525
2024.07.17	08:00:00	18555.68	18575.68	18522.68	18525.68	1196	0	625
2024.07.17	09:00:00	18528.18	18540.88	18474.98	18482.98	1723	0	135
2024.07.17	10:00:00	18483.98	18535.28	18437.28	18493.98	4033	0	95
2024.07.17	11:00:00	18493.98	18502.98	18449.48	18494.98	2950	0	95
2024.07.17	12:00:00	18495.48	18497.08	18441.03	18460.98	2051	0	85
2024.07.17	13:00:00	18460.98	18486.08	18440.08	18447.48	1750	0	85
2024.07.17	14:00:00	18447.48	18453.48	18343.98	18396.98	3064	0	85
2024.07.17	15:00:00	18396.48	18455.48	18393.48	18418.58	2196	0	85
2024.07.17	16:00:00	18419.58	18505.48	18411.98	18485.48	3051	0	85
2024.07.17	17:00:00	18486.48	18502.48	18451.48	18461.48	4048	0	95
2024.07.17	18:00:00	18460.98	18460.98	18431.08	18440.08	2875	0	85
2024.07.17	19:00:00	18441.08	18445.08	18415.28	18437.28	2231	0	155
2024.07.17	20:00:00	18436.78	18440.28	18410.28	18433.38	2103	0	155
2024.07.17	21:00:00	18433.38	18454.48	18422.28	18436.78	1749	0	135
2024.07.17	22:00:00	18436.28	18448.38	18420.88	18436.78	2394	0	155
2024.07.17	23:00:00	18436.78	18451.28	18416.48	18446.98	2457	0	185
2024.07.18	01:00:00	18473.18	18476.68	18461.58	18475.08	1022	0	785
2024.07.18	02:00:00	18475.08	18476.98	18468.18	18471.98	605	0	775
2024.07.18	03:00:00	18471.08	18494.38	18465.68	18471.28	853	0	585
2024.07.18	04:00:00	18471.78	18481.68	18464.18	18474.68	457	0	525
2024.07.18	05:00:00	18475.68	18478.58	18457.98	18466.58	375	0	525
2024.07.18	06:00:00	18466.68	18472.18	18454.18	18461.08	450	0	525
2024.07.18	07:00:00	18460.58	18470.48	18452.98	18467.88	357	0	525
2024.07.18	08:00:00	18467.38	18474.18	18443.08	18473.18	557	0	565
2024.07.18	09:00:00	18472.68	18509.38	18449.18	18501.28	1529	0	125
2024.07.18	10:00:00	18500.28	18513.58	18385.58	18405.28	5051	0	95
2024.07.18	11:00:00	18405.78	18474.28	18392.28	18474.28	2939	0	85
2024.07.18	12:00:00	18473.78	18486.83	18444.28	18472.78	2255	0	85
2024.07.18	13:00:00	18473.78	18483.88	18437.78	18483.88	1853	0	85
2024.07.18	14:00:00	18483.38	18494.33	18466.83	18489.58	1456	0	85
2024.07.18	15:00:00	18489.58	18508.13	18468.08	18499.68	2367	0	85
2024.07.18	16:00:00	18501.68	18536.58	18470.58	18498.58	3412	0	85
2024.07.18	17:00:00	18498.58	18501.58	18389.48	18401.48	4782	0	95
2024.07.18	18:00:00	18401.48	18419.48	18337.58	18338.08	5077	0	95
2024.07.18	19:00:00	18338.08	18378.58	18324.08	18377.58	3792	0	175
2024.07.18	20:00:00	18376.58	18382.08	18332.08	18335.08	2961	0	165
2024.07.18	21:00:00	18334.58	18336.08	18299.58	18323.58	3276	0	175
2024.07.18	22:00:00	18322.58	18343.58	18291.08	18318.58	4231	0	185
2024.07.18	23:00:00	18319.08	18339.38	18309.48	18337.48	3008	0	185
2024.07.19	01:00:00	18343.08	18355.48	18335.78	18341.88	950	0	785
2024.07.19	02:00:00	18341.88	18347.78	18339.78	18343.78	713	0	785
2024.07.19	03:00:00	18343.78	18351.88	18327.18	18336.28	1065	0	645
2024.07.19	04:00:00	18336.78	18341.18	18324.38	18327.58	631	0	575
2024.07.19	05:00:00	18327.58	18342.68	18314.98	18336.88	513	0	555
2024.07.19	06:00:00	18337.38	18347.78	18327.68	18347.28	501	0	525
2024.07.19	07:00:00	18346.28	18348.58	18341.08	18347.08	471	0	525
2024.07.19	08:00:00	18347.58	18357.28	18340.28	18357.28	559	0	525
2024.07.19	09:00:00	18357.28	18357.88	18278.08	18288.18	1345	0	135
2024.07.19	10:00:00	18286.18	18289.98	18175.98	18241.98	5481	0	95
2024.07.19	11:00:00	18241.48	18256.48	18183.98	18215.48	4010	0	95
2024.07.19	12:00:00	18212.48	18237.98	18182.48	18201.48	3718	0	95
2024.07.19	13:00:00	18200.48	18247.48	18199.48	18226.58	2606	0	85
2024.07.19	14:00:00	18226.58	18278.58	18214.48	18247.53	2036	0	85
2024.07.19	15:00:00	18247.53	18260.48	18212.48	18250.58	1976	0	85
2024.07.19	16:00:00	18250.48	18259.48	18200.48	18231.48	3884	0	85
2024.07.19	17:00:00	18230.98	18233.38	18180.68	18199.68	4160	0	95
2024.07.19	18:00:00	18199.68	18210.18	18148.28	18204.28	3719	0	85
2024.07.19	19:00:00	18203.78	18216.28	18165.28	18173.28	3379	0	175
2024.07.19	20:00:00	18172.78	18178.78	18148.78	18174.28	2846	0	175
2024.07.19	21:00:00	18173.28	18177.48	18156.28	18171.38	2270	0	135
2024.07.19	22:00:00	18170.38	18195.28	18163.78	18169.28	2373	0	155
2024.07.22	01:00:00	18188.78	18203.58	18180.68	18201.08	1960	0	855
2024.07.22	02:00:00	18201.08	18226.98	18200.88	18222.98	1471	0	815
2024.07.22	03:00:00	18222.78	18224.08	18195.88	18215.08	989	0	635
2024.07.22	04:00:00	18216.08	18216.08	18165.38	18170.38	1120	0	615
2024.07.22	05:00:00	18171.38	18200.38	18164.38	18194.38	903	0	575
2024.07.22	06:00:00	18194.88	18224.88	18194.88	18212.38	774	0	585
2024.07.22	07:00:00	18212.38	18220.38	18187.98	18216.98	589	0	535
2024.07.22	08:00:00	18216.48	18225.38	18201.98	18207.88	838	0	615
2024.07.22	09:00:00	18207.88	18277.18	18194.08	18250.18	1432	0	125
2024.07.22	10:00:00	18251.18	18274.58	18226.08	18263.08	3384	0	95
2024.07.22	11:00:00	18263.58	18372.58	18258.48	18352.58	2610	0	85
2024.07.22	12:00:00	18353.08	18406.13	18343.48	18401.63	2113	0	85
2024.07.22	13:00:00	18401.63	18435.13	18391.58	18424.58	1696	0	85
2024.07.22	14:00:00	18425.58	18435.93	18395.58	18426.38	1764	0	85
2024.07.22	15:00:00	18426.38	18455.93	18418.38	18441.38	1563	0	85
2024.07.22	16:00:00	18440.88	18469.08	18403.68	18407.68	2940	0	85
2024.07.22	17:00:00	18407.18	18435.88	18393.48	18431.38	4373	0	85
2024.07.22	18:00:00	18431.38	18455.88	18403.38	18413.38	4614	0	95
2024.07.22	19:00:00	18412.38	18441.58	18405.88	18433.98	2812	0	135
2024.07.22	20:00:00	18434.48	18458.18	18434.48	18456.18	2257	0	135
2024.07.22	21:00:00	18455.68	18468.28	18444.18	18459.78	1972	0	125
2024.07.22	22:00:00	18460.28	18474.08	18444.58	18468.48	2528	0	135
2024.07.22	23:00:00	18468.48	18475.58	18454.18	18468.78	1777	0	185
2024.07.23	01:00:00	18479.48	18490.88	18478.38	18487.98	610	0	785
2024.07.23	02:00:00	18487.98	18488.98	18472.58	18473.98	742	0	755
2024.07.23	03:00:00	18473.78	18505.38	18455.88	18463.38	1112	0	705
2024.07.23	04:00:00	18462.88	18489.38	18458.38	18489.38	970	0	685
2024.07.23	05:00:00	18486.88	18495.88	18474.88	18486.98	701	0	545
2024.07.23	06:00:00	18487.98	18493.58	18450.98	18455.98	741	0	535
2024.07.23	07:00:00	18456.98	18471.68	18448.58	18464.08	452	0	525
2024.07.23	08:00:00	18463.08	18478.38	18452.98	18473.38	885	0	565
2024.07.23	09:00:00	18472.88	18524.18	18444.58	18520.18	1703	0	145
2024.07.23	10:00:00	18521.18	18539.48	18462.98	18481.48	4343	0	0
2024.07.23	11:00:00	18482.48	18540.58	18467.98	18519.48	2584	0	85
2024.07.23	12:00:00	18520.48	18590.03	18511.48	18586.08	1952	0	85
2024.07.23	13:00:00	18586.58	18632.58	18583.08	18628.08	1834	0	85
2024.07.23	14:00:00	18627.08	18652.53	18618.03	18619.63	1961	0	85
2024.07.23	15:00:00	18620.13	18620.63	18561.18	18569.58	1979	0	85
2024.07.23	16:00:00	18570.58	18571.18	18512.58	18521.58	3119	0	85
2024.07.23	17:00:00	18522.58	18554.98	18507.08	18521.08	3835	0	85
2024.07.23	18:00:00	18522.58	18563.18	18521.08	18542.68	3119	0	85
2024.07.23	19:00:00	18543.18	18554.68	18520.68	18531.68	2984	0	165
2024.07.23	20:00:00	18530.68	18555.48	18528.68	18553.48	2560	0	125
2024.07.23	21:00:00	18552.48	18563.48	18544.38	18557.58	1898	0	125
2024.07.23	22:00:00	18556.58	18561.58	18528.78	18538.78	2193	0	125
2024.07.23	23:00:00	18538.28	18573.38	18510.28	18546.68	3323	0	185
2024.07.24	01:00:00	18502.98	18518.18	18484.78	18504.88	1990	0	835
2024.07.24	02:00:00	18505.28	18505.28	18484.68	18485.88	956	0	815
2024.07.24	03:00:00	18486.98	18518.98	18483.98	18509.68	1167	0	645
2024.07.24	04:00:00	18510.68	18512.68	18494.28	18498.58	874	0	585
2024.07.24	05:00:00	18497.08	18511.28	18491.68	18499.88	728	0	575
2024.07.24	06:00:00	18500.38	18503.88	18488.68	18490.88	579	0	525
2024.07.24	07:00:00	18490.88	18491.58	18453.68	18459.28	791	0	525
2024.07.24	08:00:00	18459.78	18470.68	18450.68	18464.68	1112	0	645
2024.07.24	09:00:00	18463.68	18475.38	18411.98	18418.48	1815	0	135
2024.07.24	10:00:00	18417.98	18430.28	18356.78	18378.88	4745	0	0
2024.07.24	11:00:00	18378.38	18412.38	18349.38	18410.88	3565	0	95
2024.07.24	12:00:00	18411.38	18421.48	18379.38	18415.43	2390	0	85
2024.07.24	13:00:00	18413.93	18457.48	18410.43	18431.48	2125	0	85
2024.07.24	14:00:00	18432.48	18455.43	18418.38	18429.78	1921	0	85
2024.07.24	15:00:00	18428.78	18437.38	18382.38	18388.48	2215	0	85
2024.07.24	16:00:00	18389.48	18430.38	18370.88	18389.88	3390	0	85
2024.07.24	17:00:00	18387.88	18446.88	18368.88	18402.88	4368	0	95
2024.07.24	18:00:00	18401.88	18407.88	18364.98	18371.98	3408	0	85
2024.07.24	19:00:00	18372.98	18387.98	18366.98	18373.58	2400	0	135
2024.07.24	20:00:00	18374.08	18399.48	18370.98	18375.08	2632	0	145
2024.07.24	21:00:00	18376.08	18380.58	18327.98	18342.38	2690	0	135
2024.07.24	22:00:00	18340.88	18355.88	18322.88	18339.38	3767	0	175
2024.07.24	23:00:00	18339.88	18377.78	18332.28	18368.28	2884	0	185
2024.07.25	01:00:00	18372.88	18389.48	18372.68	18374.38	932	0	825
2024.07.25	02:00:00	18374.38	18378.48	18367.68	18368.68	1176	0	835
2024.07.25	03:00:00	18367.98	18392.08	18356.88	18385.18	1226	0	595
2024.07.25	04:00:00	18385.18	18385.18	18352.08	18354.58	745	0	595
2024.07.25	05:00:00	18357.08	18371.18	18321.58	18329.68	1040	0	625
2024.07.25	06:00:00	18330.18	18349.08	18326.68	18330.58	991	0	685
2024.07.25	07:00:00	18331.08	18335.68	18312.28	18319.98	735	0	545
2024.07.25	08:00:00	18321.98	18325.08	18286.58	18293.58	935	0	645
2024.07.25	09:00:00	18296.08	18296.08	18219.28	18235.88	3007	0	165
2024.07.25	10:00:00	18235.88	18236.18	18139.18	18167.18	6475	0	95
2024.07.25	11:00:00	18167.68	18204.18	18095.18	18184.18	4550	0	95
2024.07.25	12:00:00	18185.18	18200.68	18126.18	18163.18	3046	0	95
2024.07.25	13:00:00	18163.18	18171.18	18095.18	18142.28	2920	0	85
2024.07.25	14:00:00	18143.28	18176.48	18143.18	18161.98	2593	0	85
2024.07.25	15:00:00	18161.48	18215.98	18147.98	18211.98	3387	0	85
2024.07.25	16:00:00	18209.98	18255.88	18184.88	18219.88	4628	0	85
2024.07.25	17:00:00	18218.88	18295.88	18173.38	18294.38	6261	0	95
2024.07.25	18:00:00	18294.38	18328.38	18281.38	18316.38	4934	0	85
2024.07.25	19:00:00	18316.38	18351.38	18301.88	18341.88	4127	0	185
2024.07.25	20:00:00	18342.38	18370.38	18319.88	18348.38	4366	0	185
2024.07.25	21:00:00	18347.88	18348.38	18280.08	18284.08	4702	0	185
2024.07.25	22:00:00	18283.08	18334.08	18256.08	18262.08	4346	0	185
2024.07.25	23:00:00	18262.58	18270.28	18233.68	18262.48	2945	0	185
2024.07.26	01:00:00	18293.78	18299.08	18280.18	18281.18	1352	0	855
2024.07.26	02:00:00	18281.68	18299.48	18276.98	18298.98	871	0	825
2024.07.26	03:00:00	18298.08	18319.38	18269.38	18279.88	1193	0	625
2024.07.26	04:00:00	18280.38	18293.98	18272.38	18287.58	837	0	615
2024.07.26	05:00:00	18288.58	18299.08	18282.88	18284.08	555	0	525
2024.07.26	06:00:00	18285.08	18295.68	18276.88	18286.98	589	0	565
2024.07.26	07:00:00	18287.08	18297.38	18282.98	18285.88	332	0	525
2024.07.26	08:00:00	18286.38	18288.88	18244.38	18251.38	1072	0	685
2024.07.26	09:00:00	18251.38	18287.08	18241.88	18260.18	1721	0	145
2024.07.26	10:00:00	18261.18	18322.08	18216.98	18314.08	4376	0	95
2024.07.26	11:00:00	18315.08	18362.58	18293.58	18344.08	2921	0	85
2024.07.26	12:00:00	18341.58	18344.08	18283.58	18334.08	2469	0	85
2024.07.26	13:00:00	18335.08	18369.63	18331.98	18357.58	1860	0	85
2024.07.26	14:00:00	18356.58	18394.68	18335.28	18389.23	1976	0	85
2024.07.26	15:00:00	18389.23	18396.68	18360.08	18380.53	2700	0	85
2024.07.26	16:00:00	18380.53	18382.58	18341.08	18380.08	4059	0	85
2024.07.26	17:00:00	18380.58	18425.08	18359.58	18421.58	7081	0	95
2024.07.26	18:00:00	18422.08	18448.88	18404.58	18446.88	4488	0	85
2024.07.26	19:00:00	18447.88	18466.98	18441.38	18464.48	3219	0	165
2024.07.26	20:00:00	18464.48	18477.48	18427.88	18444.38	4617	0	145
2024.07.26	21:00:00	18443.38	18454.38	18429.88	18436.88	4206	0	145
2024.07.26	22:00:00	18437.38	18452.88	18421.88	18448.38	3758	0	175
2024.07.29	01:00:00	18478.08	18502.48	18476.08	18499.78	1305	0	875
2024.07.29	02:00:00	18499.28	18511.28	18498.78	18503.98	1056	0	845
2024.07.29	03:00:00	18504.18	18531.98	18488.48	18515.98	1364	0	625
2024.07.29	04:00:00	18515.98	18523.48	18497.48	18505.98	1155	0	665
2024.07.29	05:00:00	18506.48	18509.98	18496.08	18497.78	721	0	555
2024.07.29	06:00:00	18498.28	18505.38	18489.78	18498.68	495	0	545
2024.07.29	07:00:00	18499.18	18505.58	18487.08	18493.08	347	0	525
2024.07.29	08:00:00	18492.08	18513.68	18489.78	18495.58	728	0	555
2024.07.29	09:00:00	18495.58	18519.18	18474.68	18509.28	1268	0	135
2024.07.29	10:00:00	18510.78	18546.58	18430.98	18435.98	3939	0	85
2024.07.29	11:00:00	18435.98	18466.98	18416.48	18437.98	2644	0	85
2024.07.29	12:00:00	18437.98	18500.73	18421.98	18491.73	2034	0	85
2024.07.29	13:00:00	18490.73	18505.28	18477.88	18480.88	1498	0	85
2024.07.29	14:00:00	18480.38	18483.38	18450.18	18458.18	1783	0	85
2024.07.29	15:00:00	18458.28	18481.48	18441.38	18441.38	1951	0	85
2024.07.29	16:00:00	18440.38	18441.48	18372.38	18406.38	4166	0	85
2024.07.29	17:00:00	18406.38	18416.88	18313.38	18325.38	5440	0	95
2024.07.29	18:00:00	18325.38	18362.68	18308.18	18359.18	3890	0	85
2024.07.29	19:00:00	18359.68	18382.68	18359.68	18369.68	2758	0	175
2024.07.29	20:00:00	18370.68	18381.18	18349.68	18362.18	2792	0	165
2024.07.29	21:00:00	18362.68	18369.68	18344.18	18356.18	2816	0	155
2024.07.29	22:00:00	18355.68	18381.28	18351.68	18356.68	2278	0	135
2024.07.29	23:00:00	18356.68	18359.98	18340.18	18357.88	1848	0	185
2024.07.30	01:00:00	18365.58	18366.28	18351.38	18357.78	502	0	785
2024.07.30	02:00:00	18357.78	18359.48	18298.58	18308.58	1464	0	825
2024.07.30	03:00:00	18307.48	18318.88	18295.98	18314.78	1000	0	615
2024.07.30	04:00:00	18315.28	18316.78	18263.58	18271.48	912	0	585
2024.07.30	05:00:00	18271.98	18284.68	18261.98	18278.78	583	0	525
2024.07.30	06:00:00	18278.78	18309.58	18277.68	18307.58	588	0	525
2024.07.30	07:00:00	18308.08	18336.08	18308.08	18331.28	598	0	575
2024.07.30	08:00:00	18333.78	18349.48	18320.28	18342.98	907	0	565
2024.07.30	09:00:00	18343.48	18352.98	18299.78	18342.78	1504	0	135
2024.07.30	10:00:00	18342.78	18401.08	18342.78	18374.33	3451	0	85
2024.07.30	11:00:00	18374.83	18393.28	18338.68	18380.78	2600	0	85
2024.07.30	12:00:00	18381.28	18400.28	18360.78	18377.53	1918	0	85
2024.07.30	13:00:00	18378.48	18417.53	18378.48	18398.98	1681	0	85
2024.07.30	14:00:00	18399.48	18406.53	18389.98	18401.13	1291	0	85
2024.07.30	15:00:00	18401.08	18434.68	18391.13	18434.68	1578	0	85
2024.07.30	16:00:00	18434.68	18471.08	18421.08	18455.68	3793	0	85
2024.07.30	17:00:00	18453.18	18461.68	18415.68	18420.68	5923	0	95
2024.07.30	18:00:00	18420.18	18433.48	18376.08	18415.98	5358	0	85
2024.07.30	19:00:00	18416.48	18437.38	18387.88	18389.38	4344	0	185
2024.07.30	20:00:00	18388.38	18431.38	18375.88	18426.38	4465	0	185
2024.07.30	21:00:00	18426.38	18451.38	18419.38	18426.88	3477	0	165
2024.07.30	22:00:00	18427.38	18456.38	18414.38	18435.38	3709	0	175
2024.07.30	23:00:00	18433.88	18443.18	18319.08	18409.28	5890	0	925
2024.07.31	01:00:00	18431.68	18452.48	18424.18	18429.38	2505	0	865
2024.07.31	02:00:00	18429.58	18462.68	18422.48	18454.58	1332	0	845
2024.07.31	03:00:00	18453.68	18455.98	18432.28	18448.58	1258	0	655
2024.07.31	04:00:00	18449.08	18450.18	18413.28	18416.28	1370	0	655
2024.07.31	05:00:00	18415.78	18443.28	18405.28	18435.98	851	0	635
2024.07.31	06:00:00	18435.48	18444.28	18419.68	18442.28	799	0	585
2024.07.31	07:00:00	18441.78	18464.28	18421.28	18448.28	1379	0	655
2024.07.31	08:00:00	18446.28	18538.78	18436.78	18509.28	1758	0	715
2024.07.31	09:00:00	18507.28	18535.58	18487.08	18493.58	2414	0	145
2024.07.31	10:00:00	18493.58	18563.98	18474.88	18539.68	5086	0	95
2024.07.31	11:00:00	18538.68	18553.68	18489.68	18510.33	2731	0	85
2024.07.31	12:00:00	18509.33	18511.33	18460.28	18483.88	2452	0	85
2024.07.31	13:00:00	18483.88	18512.48	18479.88	18506.38	1722	0	85
2024.07.31	14:00:00	18505.88	18514.38	18479.48	18492.43	1688	0	85
2024.07.31	15:00:00	18491.43	18526.68	18485.48	18502.58	2107	0	85
2024.07.31	16:00:00	18503.58	18528.58	18435.18	18440.68	4056	0	85
2024.07.31	17:00:00	18443.68	18519.68	18440.18	18484.68	5645	0	85
2024.07.31	18:00:00	18484.18	18533.58	18476.68	18506.58	3985	0	85
2024.07.31	19:00:00	18507.08	18534.68	18505.08	18528.18	2674	0	135
2024.07.31	20:00:00	18528.68	18540.78	18497.48	18515.48	2980	0	135
2024.07.31	21:00:00	18515.98	18576.48	18503.48	18575.48	5497	0	185
2024.07.31	22:00:00	18574.98	18577.98	18467.98	18477.98	6926	0	185
2024.07.31	23:00:00	18478.98	18531.58	18473.28	18495.18	3434	0	185
2024.08.01	01:00:00	18519.98	18535.08	18509.68	18526.78	1489	0	875
2024.08.01	02:00:00	18526.78	18548.28	18523.18	18538.68	1249	0	845
2024.08.01	03:00:00	18538.28	18550.38	18489.28	18491.78	1449	0	675
2024.08.01	04:00:00	18491.28	18513.28	18473.28	18482.28	1001	0	705
2024.08.01	05:00:00	18483.78	18491.48	18461.78	18485.88	856	0	565
2024.08.01	06:00:00	18485.88	18511.78	18476.28	18510.28	595	0	525
2024.08.01	07:00:00	18510.78	18512.78	18481.88	18491.28	615	0	575
2024.08.01	08:00:00	18490.78	18522.78	18483.08	18510.28	775	0	575
2024.08.01	09:00:00	18510.28	18513.28	18393.58	18399.58	1867	0	155
2024.08.01	10:00:00	18406.58	18437.18	18297.18	18317.68	4893	0	95
2024.08.01	11:00:00	18318.18	18319.68	18261.18	18280.18	4078	0	85
2024.08.01	12:00:00	18280.68	18336.73	18270.08	18335.23	2534	0	85
2024.08.01	13:00:00	18335.73	18377.18	18325.23	18370.58	1874	0	85
2024.08.01	14:00:00	18371.08	18390.18	18296.68	18298.18	2485	0	85
2024.08.01	15:00:00	18297.68	18325.28	18274.28	18294.78	2481	0	85
2024.08.01	16:00:00	18294.28	18330.28	18281.28	18312.78	3786	0	85
2024.08.01	17:00:00	18305.68	18309.78	18080.78	18088.28	7919	0	95
2024.08.01	18:00:00	18088.28	18101.18	18056.18	18079.18	6760	0	95
2024.08.01	19:00:00	18079.68	18104.18	18047.68	18061.68	5804	0	185
2024.08.01	20:00:00	18062.68	18067.68	18012.68	18043.68	4994	0	185
2024.08.01	21:00:00	18043.18	18047.18	17986.68	17996.68	5186	0	185
2024.08.01	22:00:00	17995.68	18060.68	17992.68	18046.68	6025	0	185
2024.08.01	23:00:00	18046.98	18055.58	17980.88	18029.98	6029	0	925
2024.08.02	01:00:00	18040.08	18041.38	17984.38	17999.18	3196	0	915
2024.08.02	02:00:00	17999.18	18046.18	17995.38	18024.28	2568	0	915
2024.08.02	03:00:00	18022.48	18029.88	17963.38	18000.88	1783	0	715
2024.08.02	04:00:00	18000.38	18050.88	17981.38	18023.88	693	0	685
2024.08.02	05:00:00	18024.88	18028.88	17937.88	17976.88	1256	0	695
2024.08.02	06:00:00	17977.38	18007.38	17977.38	17998.28	606	0	645
2024.08.02	07:00:00	17998.78	18008.88	17967.88	17974.38	523	0	595
2024.08.02	08:00:00	17974.88	17996.88	17919.88	17962.88	842	0	685
2024.08.02	09:00:00	17964.38	17968.08	17876.18	17907.68	3882	0	165
2024.08.02	10:00:00	17905.68	17908.98	17785.08	17861.18	6749	0	95
2024.08.02	11:00:00	17861.68	17919.28	17842.18	17908.78	4311	0	95
2024.08.02	12:00:00	17908.28	17913.68	17805.78	17823.78	3049	0	85
2024.08.02	13:00:00	17823.68	17836.18	17771.78	17794.78	3070	0	85
2024.08.02	14:00:00	17794.28	17818.78	17765.28	17804.78	3126	0	85
2024.08.02	15:00:00	17804.78	17843.88	17663.38	17750.38	5506	0	85
2024.08.02	16:00:00	17749.88	17790.88	17692.88	17740.88	4766	0	85
2024.08.02	17:00:00	17742.88	17776.78	17656.88	17659.28	8424	0	85
2024.08.02	18:00:00	17659.18	17704.78	17621.18	17690.78	8063	0	95
2024.08.02	19:00:00	17690.28	17719.28	17670.28	17692.78	8521	0	185
2024.08.02	20:00:00	17693.28	17714.28	17668.78	17678.78	5967	0	185
2024.08.02	21:00:00	17678.28	17728.78	17664.78	17706.78	4593	0	185
2024.08.02	22:00:00	17707.78	17730.28	17691.28	17700.78	4418	0	185
2024.08.05	01:00:00	17544.08	17614.48	17536.08	17590.38	1598	0	875
2024.08.05	02:00:00	17590.38	17593.48	17516.58	17549.68	2924	0	925
2024.08.05	03:00:00	17549.88	17575.68	17513.08	17545.58	2395	0	725
2024.08.05	04:00:00	17544.58	17571.08	17490.58	17560.08	1845	0	725
2024.08.05	05:00:00	17559.08	17649.08	17540.08	17593.08	1539	0	725
2024.08.05	06:00:00	17595.08	17606.58	17538.08	17538.58	800	0	685
2024.08.05	07:00:00	17538.08	17545.58	17432.08	17432.58	1155	0	725
2024.08.05	08:00:00	17429.08	17458.58	17198.58	17224.58	2543	0	725
2024.08.05	09:00:00	17225.58	17347.38	17203.38	17209.38	5295	0	165
2024.08.05	10:00:00	17208.38	17315.78	17088.78	17258.28	9984	0	95
2024.08.05	11:00:00	17258.18	17322.28	17221.28	17255.78	7937	0	95
2024.08.05	12:00:00	17255.28	17291.18	17168.28	17242.78	6329	0	95
2024.08.05	13:00:00	17242.78	17257.68	17146.78	17201.28	5380	0	85
2024.08.05	14:00:00	17200.78	17223.28	17062.78	17081.28	5767	0	85
2024.08.05	15:00:00	17081.28	17107.68	17020.28	17084.28	8514	0	85
2024.08.05	16:00:00	17082.78	17258.78	17068.18	17220.28	10130	0	85
2024.08.05	17:00:00	17220.78	17335.78	17220.78	17247.28	12524	0	95
2024.08.05	18:00:00	17247.28	17369.28	17217.68	17327.28	9234	0	95
2024.08.05	19:00:00	17327.78	17422.28	17314.78	17321.28	6509	0	185
2024.08.05	20:00:00	17321.28	17393.78	17307.28	17354.28	4814	0	185
2024.08.05	21:00:00	17353.28	17383.38	17320.88	17321.38	5914	0	185
2024.08.05	22:00:00	17323.88	17345.38	17313.38	17333.38	5316	0	185
2024.08.05	23:00:00	17333.38	17409.98	17324.38	17378.48	5761	0	185
2024.08.06	01:00:00	17432.38	17477.78	17417.68	17440.18	2260	0	905
2024.08.06	02:00:00	17440.18	17486.88	17433.38	17483.28	2716	0	925
2024.08.06	03:00:00	17483.48	17535.58	17419.08	17532.58	2553	0	725
2024.08.06	04:00:00	17530.58	17562.58	17413.58	17468.08	1285	0	725
2024.08.06	05:00:00	17473.08	17487.08	17417.58	17443.78	714	0	685
2024.08.06	06:00:00	17443.78	17535.08	17443.78	17500.58	643	0	535
2024.08.06	07:00:00	17501.08	17502.08	17456.58	17467.58	609	0	665
2024.08.06	08:00:00	17468.58	17526.08	17413.08	17488.58	1428	0	725
2024.08.06	09:00:00	17489.58	17569.88	17412.88	17449.38	3830	0	165
2024.08.06	10:00:00	17442.38	17507.28	17280.18	17434.78	8010	0	95
2024.08.06	11:00:00	17433.78	17440.18	17327.18	17355.68	6037	0	95
2024.08.06	12:00:00	17354.68	17354.68	17259.68	17317.58	5406	0	95
2024.08.06	13:00:00	17318.58	17370.08	17285.48	17344.58	4974	0	85
2024.08.06	14:00:00	17346.48	17385.08	17286.48	17334.98	4394	0	95
2024.08.06	15:00:00	17334.88	17343.88	17229.48	17246.48	5444	0	85
2024.08.06	16:00:00	17248.88	17353.98	17237.38	17340.18	9376	0	95
2024.08.06	17:00:00	17340.08	17433.18	17295.18	17398.68	9228	0	95
2024.08.06	18:00:00	17398.58	17415.08	17309.68	17372.68	7308	0	95
2024.08.06	19:00:00	17374.68	17416.18	17363.68	17406.68	4768	0	185
2024.08.06	20:00:00	17407.18	17427.68	17389.68	17416.68	3751	0	185
2024.08.06	21:00:00	17416.68	17461.68	17399.18	17417.68	3092	0	185
2024.08.06	22:00:00	17417.18	17429.18	17359.68	17360.68	6261	0	185
2024.08.06	23:00:00	17361.48	17409.88	17295.08	17296.18	6413	0	925
2024.08.07	01:00:00	17297.28	17347.08	17297.28	17308.98	1781	0	895
2024.08.07	02:00:00	17308.98	17324.88	17274.68	17285.08	2260	0	905
2024.08.07	03:00:00	17285.28	17399.88	17279.08	17386.38	2495	0	725
2024.08.07	04:00:00	17385.38	17501.38	17368.88	17491.38	898	0	635
2024.08.07	05:00:00	17493.88	17531.38	17469.88	17491.88	975	0	665
2024.08.07	06:00:00	17492.38	17547.38	17482.88	17532.38	864	0	725
2024.08.07	07:00:00	17533.88	17556.38	17529.38	17545.88	692	0	645
2024.08.07	08:00:00	17548.38	17549.38	17482.88	17488.88	1094	0	725
2024.08.07	09:00:00	17491.88	17491.88	17380.58	17436.18	2835	0	165
2024.08.07	10:00:00	17440.18	17488.88	17384.98	17472.88	6618	0	95
2024.08.07	11:00:00	17473.88	17555.88	17454.88	17554.88	4608	0	95
2024.08.07	12:00:00	17555.88	17591.88	17529.88	17568.88	3916	0	95
2024.08.07	13:00:00	17567.88	17603.78	17558.88	17590.88	2776	0	85
2024.08.07	14:00:00	17590.78	17597.78	17535.98	17540.48	2950	0	85
2024.08.07	15:00:00	17541.48	17574.58	17508.88	17572.58	2697	0	85
2024.08.07	16:00:00	17572.58	17655.38	17564.48	17650.38	4906	0	85
2024.08.07	17:00:00	17650.38	17670.18	17598.38	17648.18	6766	0	95
2024.08.07	18:00:00	17648.68	17650.58	17562.18	17601.18	6042	0	95
2024.08.07	19:00:00	17602.68	17611.68	17535.18	17544.68	5398	0	185
2024.08.07	20:00:00	17543.68	17552.18	17464.68	17481.18	6111	0	185
2024.08.07	21:00:00	17480.18	17482.18	17408.08	17423.08	6369	0	185
2024.08.07	22:00:00	17421.58	17472.08	17416.08	17427.08	6169	0	185
2024.08.07	23:00:00	17426.08	17439.78	17352.98	17357.08	4334	0	185
2024.08.08	01:00:00	17367.68	17409.38	17359.68	17391.18	2107	0	925
2024.08.08	02:00:00	17391.58	17393.18	17271.28	17329.68	3366	0	925
2024.08.08	03:00:00	17331.28	17428.68	17326.08	17395.68	1936	0	725
2024.08.08	04:00:00	17396.18	17436.68	17389.68	17431.68	661	0	655
2024.08.08	05:00:00	17432.18	17491.68	17431.68	17487.88	440	0	525
2024.08.08	06:00:00	17488.38	17502.88	17461.68	17474.18	540	0	625
2024.08.08	07:00:00	17476.18	17478.68	17419.18	17446.18	889	0	725
2024.08.08	08:00:00	17446.68	17528.68	17436.68	17499.68	1264	0	725
2024.08.08	09:00:00	17500.18	17585.38	17487.88	17540.48	3120	0	165
2024.08.08	10:00:00	17541.98	17553.78	17435.68	17510.88	6611	0	95
2024.08.08	11:00:00	17510.38	17554.38	17465.38	17544.38	4260	0	95
2024.08.08	12:00:00	17544.88	17554.38	17454.38	17480.38	3288	0	95
2024.08.08	13:00:00	17480.38	17526.88	17477.38	17490.48	2820	0	85
2024.08.08	14:00:00	17490.48	17537.98	17466.38	17536.88	2566	0	85
2024.08.08	15:00:00	17538.38	17603.78	17489.38	17571.88	5033	0	85
2024.08.08	16:00:00	17573.88	17633.48	17564.78	17603.48	6781	0	85
2024.08.08	17:00:00	17604.48	17689.48	17595.48	17687.48	6174	0	95
2024.08.08	18:00:00	17687.48	17699.98	17641.48	17678.08	5749	0	95
2024.08.08	19:00:00	17678.08	17696.08	17647.88	17666.38	3875	0	185
2024.08.08	20:00:00	17666.88	17701.88	17645.88	17692.38	3699	0	165
2024.08.08	21:00:00	17691.88	17728.88	17687.38	17710.38	3076	0	165
2024.08.08	22:00:00	17709.38	17723.38	17678.88	17717.38	4408	0	185
2024.08.08	23:00:00	17717.38	17748.38	17702.18	17731.38	3394	0	185
2024.08.09	01:00:00	17727.88	17728.38	17701.18	17720.68	1104	0	815
2024.08.09	02:00:00	17720.68	17758.58	17717.28	17741.78	1939	0	885
2024.08.09	03:00:00	17741.58	17741.58	17660.38	17695.88	2092	0	725
2024.08.09	04:00:00	17695.38	17717.88	17680.38	17706.58	640	0	615
2024.08.09	05:00:00	17707.08	17752.38	17694.38	17752.38	521	0	585
2024.08.09	06:00:00	17747.38	17748.38	17717.48	17732.88	461	0	595
2024.08.09	07:00:00	17732.38	17737.88	17656.88	17666.38	587	0	535
2024.08.09	08:00:00	17666.88	17705.38	17652.88	17683.88	893	0	705
2024.08.09	09:00:00	17684.88	17709.18	17668.38	17689.68	1782	0	155
2024.08.09	10:00:00	17690.18	17749.38	17649.48	17746.38	4089	0	95
2024.08.09	11:00:00	17748.38	17789.48	17725.88	17784.38	2963	0	85
2024.08.09	12:00:00	17784.38	17790.38	17737.43	17775.38	2218	0	85
2024.08.09	13:00:00	17775.38	17775.38	17727.48	17732.93	2172	0	85
2024.08.09	14:00:00	17732.93	17751.48	17687.68	17710.73	2547	0	85
2024.08.09	15:00:00	17711.23	17713.23	17644.68	17670.78	3020	0	85
2024.08.09	16:00:00	17671.68	17683.18	17616.18	17658.18	5226	0	85
2024.08.09	17:00:00	17658.18	17706.68	17646.18	17701.68	6711	0	95
2024.08.09	18:00:00	17701.18	17728.68	17691.08	17692.58	5147	0	85
2024.08.09	19:00:00	17694.08	17712.58	17677.08	17709.08	3452	0	185
2024.08.09	20:00:00	17709.58	17776.08	17707.08	17739.08	3854	0	185
2024.08.09	21:00:00	17739.58	17753.08	17722.08	17745.08	4011	0	185
2024.08.09	22:00:00	17745.58	17767.58	17739.08	17764.58	3176	0	175
2024.08.12	01:00:00	17765.28	17773.08	17708.18	17749.68	2035	0	855
2024.08.12	02:00:00	17749.68	17765.68	17738.18	17761.68	1176	0	815
2024.08.12	03:00:00	17761.68	17797.78	17745.58	17783.88	1130	0	635
2024.08.12	04:00:00	17783.38	17810.78	17769.28	17792.38	852	0	645
2024.08.12	05:00:00	17792.88	17819.68	17790.78	17815.68	451	0	525
2024.08.12	06:00:00	17816.68	17820.28	17786.78	17806.78	502	0	525
2024.08.12	07:00:00	17806.78	17808.98	17787.78	17795.78	439	0	525
2024.08.12	08:00:00	17795.28	17811.28	17782.78	17801.28	717	0	605
2024.08.12	09:00:00	17801.78	17820.48	17765.18	17794.08	1407	0	125
2024.08.12	10:00:00	17793.58	17827.88	17757.38	17816.38	3159	0	95
2024.08.12	11:00:00	17814.38	17831.38	17727.93	17731.43	2164	0	85
2024.08.12	12:00:00	17731.43	17752.98	17712.13	17743.28	1788	0	85
2024.08.12	13:00:00	17743.23	17751.78	17718.23	17751.78	1417	0	85
2024.08.12	14:00:00	17750.78	17775.88	17749.78	17760.83	1553	0	85
2024.08.12	15:00:00	17760.83	17770.33	17735.83	17748.88	1451	0	85
2024.08.12	16:00:00	17748.38	17777.78	17674.78	17691.28	3507	0	85
2024.08.12	17:00:00	17692.78	17764.93	17690.28	17760.43	4848	0	85
2024.08.12	18:00:00	17760.43	17764.93	17695.68	17759.28	5192	0	85
2024.08.12	19:00:00	17758.78	17764.28	17712.78	17712.78	3908	0	175
2024.08.12	20:00:00	17711.78	17744.78	17697.28	17710.78	4207	0	185
2024.08.12	21:00:00	17711.78	17725.78	17703.78	17721.78	3245	0	175
2024.08.12	22:00:00	17720.78	17724.38	17695.28	17711.78	3391	0	155
2024.08.12	23:00:00	17711.78	17720.28	17692.08	17700.68	1871	0	185
2024.08.13	01:00:00	17709.08	17719.58	17704.28	17707.68	631	0	815
2024.08.13	02:00:00	17707.68	17725.98	17705.88	17716.18	929	0	795
2024.08.13	03:00:00	17716.18	17747.38	17696.88	17736.88	1357	0	595
2024.08.13	04:00:00	17734.38	17738.58	17712.88	17721.68	427	0	605
2024.08.13	05:00:00	17721.18	17732.88	17718.38	17732.68	318	0	525
2024.08.13	06:00:00	17732.68	17741.28	17722.18	17724.78	272	0	525
2024.08.13	07:00:00	17724.88	17745.98	17724.88	17741.78	167	0	525
2024.08.13	08:00:00	17740.78	17766.38	17736.38	17761.38	560	0	525
2024.08.13	09:00:00	17761.88	17802.68	17735.58	17798.68	1258	0	135
2024.08.13	10:00:00	17798.68	17815.48	17767.48	17787.48	3167	0	85
2024.08.13	11:00:00	17786.48	17797.38	17738.48	17765.43	2191	0	85
2024.08.13	12:00:00	17765.48	17783.43	17738.43	17749.98	1761	0	85
2024.08.13	13:00:00	17750.48	17751.43	17668.38	17695.43	2505	0	85
2024.08.13	14:00:00	17694.93	17726.98	17690.38	17722.43	1878	0	85
2024.08.13	15:00:00	17721.43	17779.38	17718.98	17759.88	2932	0	85
2024.08.13	16:00:00	17758.88	17776.78	17732.78	17756.78	4328	0	85
2024.08.13	17:00:00	17756.78	17801.78	17739.78	17795.23	5117	0	85
2024.08.13	18:00:00	17796.23	17814.28	17792.28	17801.88	2934	0	85
2024.08.13	19:00:00	17801.38	17836.38	17794.78	17835.88	2336	0	135
2024.08.13	20:00:00	17835.88	17835.98	17809.28	17828.38	2476	0	125
2024.08.13	21:00:00	17827.38	17851.58	17819.38	17847.48	2274	0	125
2024.08.13	22:00:00	17847.98	17864.78	17837.78	17855.28	2821	0	135
2024.08.13	23:00:00	17854.78	17854.78	17834.38	17841.88	1970	0	185
2024.08.14	01:00:00	17857.68	17859.68	17841.48	17850.58	596	0	785
2024.08.14	02:00:00	17850.98	17856.98	17847.08	17853.88	709	0	815
2024.08.14	03:00:00	17854.78	17858.08	17838.38	17843.08	1079	0	615
2024.08.14	04:00:00	17841.58	17875.68	17837.68	17872.08	564	0	565
2024.08.14	05:00:00	17872.58	17874.58	17825.88	17833.58	618	0	585
2024.08.14	06:00:00	17833.58	17845.88	17828.98	17838.78	403	0	525
2024.08.14	07:00:00	17837.78	17864.38	17833.88	17853.08	525	0	525
2024.08.14	08:00:00	17853.08	17881.88	17844.18	17859.88	540	0	535
2024.08.14	09:00:00	17856.88	17890.18	17852.88	17872.68	1696	0	135
2024.08.14	10:00:00	17873.68	17898.68	17845.73	17846.73	2893	0	85
2024.08.14	11:00:00	17844.73	17896.73	17829.68	17894.23	2238	0	85
2024.08.14	12:00:00	17894.73	17900.18	17871.83	17873.33	1529	0	85
2024.08.14	13:00:00	17874.33	17902.33	17860.33	17889.28	1468	0	85
2024.08.14	14:00:00	17889.78	17894.53	17870.28	17889.03	1460	0	85
2024.08.14	15:00:00	17888.53	17923.38	17867.38	17905.48	3707	0	85
2024.08.14	16:00:00	17906.48	17914.38	17845.98	17848.48	4372	0	85
2024.08.14	17:00:00	17848.98	17869.73	17824.48	17865.73	5015	0	85
2024.08.14	18:00:00	17866.23	17897.78	17863.18	17890.38	2968	0	85
2024.08.14	19:00:00	17890.88	17899.78	17849.18	17868.68	4066	0	155
2024.08.14	20:00:00	17868.68	17880.38	17856.18	17874.88	3138	0	135
2024.08.14	21:00:00	17874.38	17900.38	17862.18	17898.28	2699	0	135
2024.08.14	22:00:00	17898.28	17904.18	17875.28	17897.28	2944	0	135
2024.08.14	23:00:00	17897.78	17922.78	17891.78	17909.28	2128	0	175
2024.08.15	01:00:00	17903.38	17905.48	17890.18	17900.38	746	0	805
2024.08.15	02:00:00	17900.38	17906.58	17886.68	17894.88	817	0	795
2024.08.15	03:00:00	17895.58	17936.28	17894.48	17931.88	952	0	565
2024.08.15	04:00:00	17931.88	17944.78	17923.18	17941.68	483	0	525
2024.08.15	05:00:00	17941.78	17979.28	17933.28	17959.28	402	0	525
2024.08.15	06:00:00	17959.78	17965.68	17948.28	17953.28	276	0	525
2024.08.15	07:00:00	17953.28	17968.68	17948.88	17961.78	196	0	525
2024.08.15	08:00:00	17962.28	17962.28	17926.78	17948.28	577	0	525
2024.08.15	09:00:00	17948.78	17974.48	17931.48	17972.08	1426	0	125
2024.08.15	10:00:00	17971.58	18013.88	17943.88	17990.18	2550	0	85
2024.08.15	11:00:00	17990.68	17995.68	17938.73	17954.73	1912	0	85
2024.08.15	12:00:00	17954.23	17962.28	17943.38	17954.33	1220	0	85
2024.08.15	13:00:00	17954.38	17955.88	17909.28	17927.98	1346	0	85
2024.08.15	14:00:00	17928.98	17972.93	17924.38	17960.43	1474	0	85
2024.08.15	15:00:00	17960.48	18149.88	17952.48	18123.98	3649	0	85
2024.08.15	16:00:00	18124.88	18200.38	18117.38	18188.38	4919	0	85
2024.08.15	17:00:00	18187.88	18204.48	18144.88	18175.88	4404	0	85
2024.08.15	18:00:00	18175.88	18206.28	18170.38	18194.78	2663	0	85
2024.08.15	19:00:00	18194.28	18209.98	18182.28	18191.88	2093	0	125
2024.08.15	20:00:00	18191.88	18208.48	18183.48	18204.58	1759	0	125
2024.08.15	21:00:00	18205.08	18207.08	18187.88	18192.08	1580	0	125
2024.08.15	22:00:00	18191.58	18209.98	18184.98	18206.28	2285	0	125
2024.08.15	23:00:00	18206.28	18207.78	18183.88	18199.78	2456	0	185
2024.08.16	01:00:00	18204.58	18235.88	18194.88	18228.58	927	0	845
2024.08.16	02:00:00	18228.58	18251.58	18227.78	18237.88	1006	0	815
2024.08.16	03:00:00	18237.48	18238.58	18192.38	18213.38	1105	0	645
2024.08.16	04:00:00	18212.88	18227.88	18197.38	18222.88	455	0	575
2024.08.16	05:00:00	18224.38	18235.58	18214.18	18214.88	296	0	525
2024.08.16	06:00:00	18214.88	18218.48	18206.68	18214.78	230	0	525
2024.08.16	07:00:00	18214.78	18214.78	18192.08	18199.88	211	0	525
2024.08.16	08:00:00	18201.38	18235.38	18200.38	18232.08	476	0	525
2024.08.16	09:00:00	18231.58	18262.78	18224.88	18228.28	1240	0	135
2024.08.16	10:00:00	18228.28	18261.23	18222.58	18261.18	2691	0	85
2024.08.16	11:00:00	18262.18	18297.73	18247.18	18288.23	2226	0	85
2024.08.16	12:00:00	18289.23	18345.23	18284.23	18336.18	2077	0	85
2024.08.16	13:00:00	18336.23	18336.23	18283.23	18304.18	2140	0	85
2024.08.16	14:00:00	18304.18	18311.58	18272.23	18277.73	1766	0	85
2024.08.16	15:00:00	18278.23	18287.73	18238.58	18261.68	2419	0	85
2024.08.16	16:00:00	18261.18	18302.18	18256.18	18293.58	3874	0	85
2024.08.16	17:00:00	18292.58	18329.28	18289.28	18310.28	4833	0	85
2024.08.16	18:00:00	18310.28	18336.28	18309.28	18322.98	3043	0	85
2024.08.16	19:00:00	18322.98	18354.98	18316.88	18349.88	1581	0	125
2024.08.16	20:00:00	18349.88	18351.88	18328.88	18344.08	2040	0	125
2024.08.16	21:00:00	18344.08	18344.08	18326.98	18339.58	2036	0	125
2024.08.16	22:00:00	18338.58	18344.58	18304.78	18304.78	1719	0	125
2024.08.19	01:00:00	18345.68	18351.28	18329.28	18337.48	1193	0	825
2024.08.19	02:00:00	18337.48	18351.18	18333.48	18340.98	1029	0	795
2024.08.19	03:00:00	18341.38	18351.98	18330.28	18339.88	1264	0	595
2024.08.19	04:00:00	18340.38	18340.38	18316.38	18329.38	936	0	595
2024.08.19	05:00:00	18329.38	18335.88	18309.88	18312.38	465	0	545
2024.08.19	06:00:00	18312.38	18333.88	18312.38	18323.68	312	0	525
2024.08.19	07:00:00	18323.68	18324.18	18294.88	18302.18	442	0	525
2024.08.19	08:00:00	18302.68	18317.88	18295.38	18304.88	1019	0	635
2024.08.19	09:00:00	18306.38	18328.58	18292.18	18295.08	1303	0	125
2024.08.19	10:00:00	18298.08	18321.98	18281.48	18297.63	2556	0	85
2024.08.19	11:00:00	18296.63	18328.78	18288.78	18325.28	2149	0	85
2024.08.19	12:00:00	18324.28	18349.98	18295.78	18339.48	1554	0	85
2024.08.19	13:00:00	18339.53	18358.88	18333.53	18343.48	1473	0	85
2024.08.19	14:00:00	18344.48	18374.53	18340.48	18364.03	1178	0	85
2024.08.19	15:00:00	18365.03	18395.53	18359.98	18372.53	1089	0	85
2024.08.19	16:00:00	18372.48	18418.98	18365.98	18405.48	2596	0	85
2024.08.19	17:00:00	18406.48	18455.13	18399.48	18436.13	3333	0	85
2024.08.19	18:00:00	18436.63	18444.58	18395.58	18409.58	2126	0	85
2024.08.19	19:00:00	18410.08	18427.88	18399.58	18423.38	1737	0	125
2024.08.19	20:00:00	18423.38	18427.78	18415.88	18423.88	1345	0	125
2024.08.19	21:00:00	18422.88	18436.38	18416.88	18432.88	1178	0	125
2024.08.19	22:00:00	18432.38	18435.68	18420.88	18435.68	1599	0	125
2024.08.19	23:00:00	18431.88	18432.78	18410.18	18423.18	1860	0	835
2024.08.20	01:00:00	18436.28	18440.38	18435.38	18437.48	562	0	775
2024.08.20	02:00:00	18437.48	18438.88	18432.48	18434.58	382	0	745
2024.08.20	03:00:00	18435.48	18435.88	18415.38	18426.48	543	0	525
2024.08.20	04:00:00	18426.58	18432.08	18414.68	18421.58	451	0	525
2024.08.20	05:00:00	18422.58	18446.58	18414.88	18446.48	454	0	525
2024.08.20	06:00:00	18445.98	18445.98	18417.88	18419.28	431	0	525
2024.08.20	07:00:00	18419.78	18437.98	18418.28	18437.98	393	0	525
2024.08.20	08:00:00	18437.48	18448.98	18434.48	18443.18	441	0	565
2024.08.20	09:00:00	18441.68	18485.68	18433.38	18473.18	1068	0	135
2024.08.20	10:00:00	18476.18	18492.83	18454.58	18492.83	2635	0	85
2024.08.20	11:00:00	18492.33	18496.33	18425.08	18448.08	1990	0	85
2024.08.20	12:00:00	18448.13	18463.63	18418.13	18424.13	1576	0	85
2024.08.20	13:00:00	18424.08	18432.63	18401.08	18414.08	1483	0	85
2024.08.20	14:00:00	18414.08	18416.63	18400.13	18408.13	1111	0	85
2024.08.20	15:00:00	18408.13	18413.58	18380.58	18386.58	1351	0	85
2024.08.20	16:00:00	18388.08	18423.58	18368.58	18419.08	2493	0	85
2024.08.20	17:00:00	18419.58	18420.58	18365.58	18370.58	4106	0	85
2024.08.20	18:00:00	18370.08	18373.13	18345.08	18371.18	2955	0	85
2024.08.20	19:00:00	18371.68	18372.68	18337.38	18337.88	2183	0	125
2024.08.20	20:00:00	18338.88	18342.28	18316.58	18338.38	2456	0	125
2024.08.20	21:00:00	18337.88	18360.38	18336.38	18349.88	1705	0	125
2024.08.20	22:00:00	18349.38	18360.68	18345.18	18347.18	1721	0	125
2024.08.20	23:00:00	18346.68	18359.78	18342.88	18344.78	1521	0	175
2024.08.21	01:00:00	18342.88	18347.78	18335.98	18345.08	490	0	805
2024.08.21	02:00:00	18345.08	18347.48	18339.58	18344.58	557	0	795
2024.08.21	03:00:00	18344.08	18370.48	18341.98	18362.88	581	0	535
2024.08.21	04:00:00	18362.38	18362.98	18341.48	18346.48	544	0	595
2024.08.21	05:00:00	18346.98	18362.28	18343.38	18359.08	353	0	525
2024.08.21	06:00:00	18359.08	18375.88	18358.68	18366.88	276	0	525
2024.08.21	07:00:00	18366.78	18385.88	18366.18	18381.98	337	0	525
2024.08.21	08:00:00	18381.48	18388.48	18360.28	18366.28	536	0	525
2024.08.21	09:00:00	18365.28	18382.38	18352.18	18356.78	872	0	135
2024.08.21	10:00:00	18357.28	18415.83	18351.08	18398.28	2166	0	85
2024.08.21	11:00:00	18397.78	18421.33	18389.33	18399.33	1621	0	85
2024.08.21	12:00:00	18400.33	18435.28	18399.88	18415.73	1351	0	85
2024.08.21	13:00:00	18415.73	18435.78	18411.28	18433.78	1189	0	85
2024.08.21	14:00:00	18433.78	18467.23	18430.78	18457.63	1248	0	85
2024.08.21	15:00:00	18457.68	18477.03	18447.18	18470.58	1189	0	85
2024.08.21	16:00:00	18469.58	18470.58	18424.08	18441.58	2509	0	85
2024.08.21	17:00:00	18440.58	18468.48	18401.48	18428.98	5853	0	85
2024.08.21	18:00:00	18429.48	18461.98	18422.48	18433.88	3715	0	85
2024.08.21	19:00:00	18433.38	18461.08	18415.38	18456.58	2365	0	125
2024.08.21	20:00:00	18457.58	18461.58	18448.48	18458.58	1678	0	125
2024.08.21	21:00:00	18458.08	18476.98	18453.38	18468.38	3109	0	135
2024.08.21	22:00:00	18468.38	18475.88	18448.88	18468.88	2819	0	155
2024.08.21	23:00:00	18468.88	18480.98	18455.38	18469.08	2177	0	185
2024.08.22	01:00:00	18469.28	18482.68	18468.08	18475.58	547	0	795
2024.08.22	02:00:00	18475.58	18478.68	18471.28	18478.28	373	0	765
2024.08.22	03:00:00	18477.38	18497.68	18476.78	18481.08	618	0	525
2024.08.22	04:00:00	18481.08	18483.38	18465.98	18468.98	246	0	525
2024.08.22	05:00:00	18467.98	18467.98	18444.08	18447.48	425	0	525
2024.08.22	06:00:00	18448.48	18451.68	18427.58	18437.48	347	0	525
2024.08.22	07:00:00	18437.98	18448.18	18437.18	18444.48	165	0	525
2024.08.22	08:00:00	18444.98	18452.98	18440.68	18442.38	337	0	525
2024.08.22	09:00:00	18442.88	18456.88	18435.28	18452.88	643	0	125
2024.08.22	10:00:00	18453.88	18528.88	18449.18	18480.48	2268	0	85
2024.08.22	11:00:00	18480.48	18515.38	18477.48	18505.48	1606	0	85
2024.08.22	12:00:00	18505.48	18534.53	18492.53	18494.43	1304	0	85
2024.08.22	13:00:00	18494.38	18519.43	18490.88	18502.88	991	0	85
2024.08.22	14:00:00	18503.38	18508.43	18494.73	18500.23	921	0	85
2024.08.22	15:00:00	18500.23	18506.68	18479.23	18498.18	1381	0	85
2024.08.22	16:00:00	18499.18	18552.08	18495.18	18538.58	2876	0	85
2024.08.22	17:00:00	18538.08	18541.18	18490.18	18502.18	3924	0	85
2024.08.22	18:00:00	18502.18	18520.18	18458.68	18469.68	3778	0	85
2024.08.22	19:00:00	18470.18	18520.28	18467.68	18486.68	3410	0	155
2024.08.22	20:00:00	18486.68	18501.68	18447.68	18451.68	3737	0	175
2024.08.22	21:00:00	18452.18	18475.68	18437.68	18450.68	2983	0	155
2024.08.22	22:00:00	18451.68	18466.18	18436.68	18447.68	3349	0	165
2024.08.22	23:00:00	18443.98	18459.98	18433.78	18457.98	2382	0	875
2024.08.23	01:00:00	18459.38	18472.28	18457.58	18471.28	526	0	795
2024.08.23	02:00:00	18471.28	18474.48	18466.78	18474.48	555	0	805
2024.08.23	03:00:00	18474.98	18477.68	18450.88	18453.38	796	0	625
2024.08.23	04:00:00	18454.38	18465.28	18449.28	18457.28	419	0	525
2024.08.23	05:00:00	18457.28	18477.68	18455.68	18474.78	366	0	525
2024.08.23	06:00:00	18474.88	18491.08	18471.88	18487.68	439	0	525
2024.08.23	07:00:00	18486.68	18499.58	18484.38	18491.48	514	0	535
2024.08.23	08:00:00	18491.48	18512.28	18489.68	18499.08	703	0	525
2024.08.23	09:00:00	18500.58	18533.28	18497.38	18522.68	1071	0	125
2024.08.23	10:00:00	18524.18	18557.08	18519.78	18519.78	2231	0	85
2024.08.23	11:00:00	18519.28	18587.33	18515.28	18586.33	1548	0	85
2024.08.23	12:00:00	18586.33	18630.28	18575.28	18621.33	1557	0	85
2024.08.23	13:00:00	18621.83	18632.33	18604.28	18613.28	1281	0	85
2024.08.23	14:00:00	18612.78	18619.78	18591.33	18594.73	1153	0	85
2024.08.23	15:00:00	18594.23	18604.73	18568.73	18588.18	1513	0	85
2024.08.23	16:00:00	18587.68	18601.68	18568.18	18587.18	2872	0	85
2024.08.23	17:00:00	18587.18	18673.68	18587.18	18632.18	9013	0	85
2024.08.23	18:00:00	18631.68	18646.18	18604.18	18607.18	6232	0	85
2024.08.23	19:00:00	18606.68	18609.18	18558.68	18580.68	5339	0	185
2024.08.23	20:00:00	18579.68	18603.78	18575.68	18590.68	3414	0	155
2024.08.23	21:00:00	18591.18	18602.88	18580.88	18600.78	2743	0	135
2024.08.23	22:00:00	18600.28	18629.98	18594.68	18620.68	2385	0	135
2024.08.26	01:00:00	18625.28	18644.18	18586.28	18587.48	1540	0	845
2024.08.26	02:00:00	18588.08	18598.38	18578.08	18597.98	1300	0	825
2024.08.26	03:00:00	18598.18	18608.38	18566.88	18607.88	990	0	585
2024.08.26	04:00:00	18608.38	18611.38	18593.88	18594.48	789	0	555
2024.08.26	05:00:00	18593.48	18595.98	18574.98	18577.58	533	0	555
2024.08.26	06:00:00	18577.68	18589.78	18570.28	18574.48	540	0	535
2024.08.26	07:00:00	18574.48	18579.38	18567.48	18573.38	315	0	525
2024.08.26	08:00:00	18572.38	18595.08	18563.28	18586.08	504	0	525
2024.08.26	09:00:00	18586.58	18604.08	18564.68	18580.98	967	0	135
2024.08.26	10:00:00	18580.48	18604.98	18548.43	18575.88	2315	0	85
2024.08.26	11:00:00	18574.88	18601.88	18568.88	18597.33	1385	0	85
2024.08.26	12:00:00	18597.38	18601.88	18565.83	18574.83	924	0	85
2024.08.26	13:00:00	18573.83	18597.38	18571.88	18591.88	824	0	85
2024.08.26	14:00:00	18591.88	18618.33	18589.88	18618.33	1287	0	85
2024.08.26	15:00:00	18618.38	18622.38	18601.33	18620.88	1245	0	85
2024.08.26	16:00:00	18620.38	18636.38	18594.88	18635.38	2652	0	85
2024.08.26	17:00:00	18636.38	18640.53	18601.48	18621.03	4112	0	85
2024.08.26	18:00:00	18621.53	18637.03	18601.58	18606.08	3067	0	85
2024.08.26	19:00:00	18605.58	18641.78	18599.58	18628.28	2185	0	125
2024.08.26	20:00:00	18627.78	18638.28	18596.18	18601.18	2523	0	125
2024.08.26	21:00:00	18601.68	18643.78	18597.08	18641.68	2435	0	135
2024.08.26	22:00:00	18641.18	18641.18	18624.68	18634.68	2255	0	125
2024.08.26	23:00:00	18634.18	18634.18	18600.38	18605.88	1546	0	185
2024.08.27	01:00:00	18621.48	18624.68	18595.88	18601.88	885	0	825
2024.08.27	02:00:00	18601.88	18628.68	18601.18	18623.68	971	0	795
2024.08.27	03:00:00	18623.68	18640.58	18617.98	18625.28	873	0	525
2024.08.27	04:00:00	18625.78	18635.88	18620.58	18634.48	426	0	525
2024.08.27	05:00:00	18634.48	18648.58	18631.38	18640.78	275	0	525
2024.08.27	06:00:00	18642.78	18647.28	18634.88	18645.08	375	0	525
2024.08.27	07:00:00	18644.08	18651.18	18637.48	18648.48	309	0	525
2024.08.27	08:00:00	18649.48	18659.38	18646.88	18655.38	594	0	525
2024.08.27	09:00:00	18654.88	18662.88	18629.98	18642.78	1033	0	135
2024.08.27	10:00:00	18642.28	18655.18	18622.18	18653.03	2680	0	85
2024.08.27	11:00:00	18653.53	18702.28	18650.03	18687.28	2231	0	85
2024.08.27	12:00:00	18687.78	18698.28	18650.73	18654.23	1557	0	85
2024.08.27	13:00:00	18654.23	18667.28	18635.23	18661.28	1722	0	85
2024.08.27	14:00:00	18660.78	18706.28	18652.28	18700.23	1571	0	85
2024.08.27	15:00:00	18701.73	18727.73	18669.18	18686.18	2311	0	85
2024.08.27	16:00:00	18688.68	18721.18	18670.28	18682.57	4708	0	85
2024.08.27	17:00:00	18682.57	18720.28	18678.18	18710.23	5035	0	85
2024.08.27	18:00:00	18711.73	18718.28	18672.88	18686.48	3083	0	85
2024.08.27	19:00:00	18686.48	18699.08	18678.08	18695.08	2090	0	125
2024.08.27	20:00:00	18695.08	18716.18	18694.08	18708.68	1831	0	125
2024.08.27	21:00:00	18708.18	18711.08	18689.08	18700.08	1695	0	125
2024.08.27	22:00:00	18700.08	18702.18	18689.98	18694.38	1796	0	125
2024.08.27	23:00:00	18693.88	18698.98	18683.88	18686.38	1353	0	175
2024.08.28	01:00:00	18689.58	18692.28	18657.88	18670.58	1281	0	805
2024.08.28	02:00:00	18670.58	18678.68	18654.18	18668.08	1012	0	795
2024.08.28	03:00:00	18668.08	18689.68	18666.98	18685.38	798	0	555
2024.08.28	04:00:00	18685.38	18694.48	18677.28	18691.88	362	0	525
2024.08.28	05:00:00	18691.38	18699.98	18685.68	18695.18	278	0	525
2024.08.28	06:00:00	18698.68	18701.18	18691.38	18696.88	276	0	525
2024.08.28	07:00:00	18697.88	18708.38	18696.18	18705.38	256	0	525
2024.08.28	08:00:00	18703.38	18715.18	18697.18	18712.28	656	0	525
2024.08.28	09:00:00	18712.78	18740.18	18705.58	18736.68	1167	0	135
2024.08.28	10:00:00	18737.68	18775.23	18727.98	18775.23	2665	0	85
2024.08.28	11:00:00	18774.23	18799.73	18753.68	18780.18	1820	0	85
2024.08.28	12:00:00	18780.23	18816.73	18771.18	18815.73	1305	0	85
2024.08.28	13:00:00	18817.73	18848.23	18808.18	18828.18	1737	0	85
2024.08.28	14:00:00	18827.68	18853.73	18825.73	18838.73	1564	0	85
2024.08.28	15:00:00	18838.18	18845.68	18797.73	18820.68	1671	0	85
2024.08.28	16:00:00	18820.68	18858.58	18798.68	18844.08	3460	0	85
2024.08.28	17:00:00	18845.08	18846.18	18811.73	18821.23	4333	0	85
2024.08.28	18:00:00	18821.23	18821.68	18780.68	18799.48	3883	0	85
2024.08.28	19:00:00	18798.48	18807.68	18775.48	18804.78	3278	0	135
2024.08.28	20:00:00	18804.28	18813.28	18718.48	18720.48	3184	0	135
2024.08.28	21:00:00	18720.48	18777.48	18713.98	18776.48	4119	0	155
2024.08.28	22:00:00	18774.98	18788.98	18756.48	18778.48	4573	0	165
2024.08.28	23:00:00	18778.98	18819.58	18705.98	18736.58	6424	0	185
2024.08.29	01:00:00	18738.58	18747.68	18677.68	18699.88	2444	0	895
2024.08.29	02:00:00	18699.88	18715.68	18695.08	18708.58	1311	0	855
2024.08.29	03:00:00	18708.88	18781.28	18705.98	18768.58	1149	0	525
2024.08.29	04:00:00	18769.08	18774.88	18754.48	18756.38	515	0	585
2024.08.29	05:00:00	18754.38	18778.18	18748.38	18771.68	574	0	585
2024.08.29	06:00:00	18771.68	18780.78	18769.18	18777.18	352	0	525
2024.08.29	07:00:00	18778.68	18788.98	18775.18	18782.18	371	0	525
2024.08.29	08:00:00	18781.18	18800.28	18775.08	18791.58	804	0	525
2024.08.29	09:00:00	18791.58	18802.18	18775.68	18786.58	1362	0	135
2024.08.29	10:00:00	18787.58	18827.48	18784.48	18795.48	2863	0	85
2024.08.29	11:00:00	18794.48	18868.53	18789.48	18860.48	2880	0	85
2024.08.29	12:00:00	18860.48	18935.03	18860.48	18902.48	2236	0	85
2024.08.29	13:00:00	18902.98	18909.53	18882.38	18899.48	1969	0	85
2024.08.29	14:00:00	18898.48	18925.53	18883.48	18904.53	1679	0	85
2024.08.29	15:00:00	18904.48	18927.48	18890.53	18914.48	2614	0	85
2024.08.29	16:00:00	18914.53	18920.48	18855.08	18876.58	4743	0	85
2024.08.29	17:00:00	18876.58	18912.58	18875.08	18891.08	6103	0	85
2024.08.29	18:00:00	18891.58	18955.08	18888.08	18951.18	3752	0	85
2024.08.29	19:00:00	18951.68	18970.58	18941.08	18943.18	2768	0	125
2024.08.29	20:00:00	18942.68	18942.68	18909.18	18927.88	2708	0	125
2024.08.29	21:00:00	18928.38	18928.38	18820.58	18838.58	5338	0	135
2024.08.29	22:00:00	18838.58	18875.58	18823.58	18845.58	5842	0	185
2024.08.29	23:00:00	18842.58	18868.18	18836.88	18851.08	1857	0	185
2024.08.30	01:00:00	18853.48	18857.18	18836.18	18846.58	972	0	805
2024.08.30	02:00:00	18846.58	18856.78	18841.18	18850.58	875	0	815
2024.08.30	03:00:00	18850.28	18871.48	18832.48	18854.98	1110	0	585
2024.08.30	04:00:00	18854.98	18869.38	18851.58	18866.18	645	0	545
2024.08.30	05:00:00	18867.18	18882.88	18863.28	18880.08	489	0	525
2024.08.30	06:00:00	18880.58	18880.98	18860.08	18866.38	386	0	525
2024.08.30	07:00:00	18866.38	18873.18	18853.28	18870.18	355	0	525
2024.08.30	08:00:00	18870.18	18885.68	18859.98	18874.68	860	0	525
2024.08.30	09:00:00	18875.18	18893.08	18868.48	18876.38	1330	0	125
2024.08.30	10:00:00	18878.38	18938.38	18878.38	18928.28	2467	0	85
2024.08.30	11:00:00	18929.28	18942.43	18918.48	18938.43	1787	0	85
2024.08.30	12:00:00	18938.48	18959.93	18929.93	18944.43	1392	0	85
2024.08.30	13:00:00	18944.43	18958.33	18931.93	18957.38	1269	0	85
2024.08.30	14:00:00	18957.88	18966.38	18939.83	18951.83	1287	0	85
2024.08.30	15:00:00	18951.88	18972.83	18942.38	18949.88	1941	0	85
2024.08.30	16:00:00	18949.38	18970.88	18927.78	18948.08	3428	0	85
2024.08.30	17:00:00	18949.08	18955.08	18911.58	18915.68	4702	0	85
2024.08.30	18:00:00	18915.68	18930.63	18887.68	18897.38	3806	0	85
2024.08.30	19:00:00	18895.88	18902.78	18855.78	18897.28	3763	0	165
2024.08.30	20:00:00	18896.78	18914.58	18890.08	18906.68	3245	0	135
2024.08.30	21:00:00	18907.18	18930.88	18902.58	18924.38	2363	0	125
2024.08.30	22:00:00	18923.88	18933.28	18910.78	18932.68	2195	0	125
2024.09.02	01:00:00	18945.78	18946.18	18931.38	18932.28	663	0	815
2024.09.02	02:00:00	18932.48	18940.08	18930.78	18933.78	661	0	795
2024.09.02	03:00:00	18933.78	18938.78	18917.08	18917.58	880	0	525
2024.09.02	04:00:00	18918.08	18928.18	18914.28	18923.08	767	0	525
2024.09.02	05:00:00	18921.58	18921.58	18894.28	18905.88	666	0	545
2024.09.02	06:00:00	18906.08	18916.98	18897.68	18914.98	544	0	545
2024.09.02	07:00:00	18914.98	18920.18	18895.18	18919.28	590	0	525
2024.09.02	08:00:00	18919.28	18933.28	18911.48	18921.28	684	0	525
2024.09.02	09:00:00	18923.28	18935.98	18907.98	18917.98	1329	0	125
2024.09.02	10:00:00	18917.98	18924.38	18771.38	18851.88	3638	0	85
2024.09.02	11:00:00	18850.88	18888.38	18837.88	18872.43	2177	0	85
2024.09.02	12:00:00	18872.43	18890.43	18863.43	18889.43	1430	0	85
2024.09.02	13:00:00	18889.38	18889.88	18866.43	18874.38	1075	0	85
2024.09.02	14:00:00	18876.38	18891.93	18874.43	18889.43	985	0	85
2024.09.02	15:00:00	18889.38	18909.43	18883.38	18900.38	1054	0	85
2024.09.02	16:00:00	18900.38	18912.88	18875.93	18898.03	1438	0	85
2024.09.02	17:00:00	18897.98	18939.53	18889.03	18927.53	1631	0	85
2024.09.02	18:00:00	18928.53	18937.28	18923.28	18935.78	1015	0	85
2024.09.02	19:00:00	18935.28	18941.28	18933.78	18938.28	325	0	125
2024.09.02	20:00:00	18938.78	18946.28	18938.28	18943.28	172	0	125
2024.09.02	21:00:00	18943.78	18945.28	18941.28	18943.78	77	0	125
2024.09.02	22:00:00	18943.78	18949.28	18940.28	18946.78	200	0	125
2024.09.03	01:00:00	18936.18	18936.18	18907.38	18910.88	875	0	805
2024.09.03	02:00:00	18911.08	18911.58	18888.38	18898.98	1426	0	795
2024.09.03	03:00:00	18899.88	18937.28	18899.88	18936.68	770	0	525
2024.09.03	04:00:00	18936.78	18949.98	18931.58	18946.38	477	0	525
2024.09.03	05:00:00	18946.38	18952.58	18931.58	18932.98	378	0	525
2024.09.03	06:00:00	18932.48	18934.38	18915.18	18928.38	586	0	525
2024.09.03	07:00:00	18928.48	18936.08	18921.78	18930.48	334	0	525
2024.09.03	08:00:00	18930.98	18958.78	18923.18	18934.28	817	0	555
2024.09.03	09:00:00	18934.78	18958.68	18920.68	18936.08	1419	0	135
2024.09.03	10:00:00	18936.58	18993.48	18936.58	18964.88	2968	0	85
2024.09.03	11:00:00	18965.88	18973.88	18896.88	18907.38	2270	0	85
2024.09.03	12:00:00	18906.88	18908.88	18836.38	18840.38	2409	0	85
2024.09.03	13:00:00	18841.88	18871.88	18824.88	18863.88	2170	0	85
2024.09.03	14:00:00	18864.38	18882.83	18849.38	18876.83	1616	0	85
2024.09.03	15:00:00	18877.83	18886.38	18838.88	18840.88	1851	0	85
2024.09.03	16:00:00	18840.88	18855.88	18773.28	18798.28	4139	0	85
2024.09.03	17:00:00	18797.78	18797.78	18725.38	18739.98	6517	0	85
2024.09.03	18:00:00	18739.48	18774.38	18732.88	18737.08	4092	0	85
2024.09.03	19:00:00	18737.58	18753.08	18726.68	18732.18	2829	0	135
2024.09.03	20:00:00	18731.68	18745.98	18716.58	18717.08	3381	0	135
2024.09.03	21:00:00	18717.58	18717.58	18668.98	18672.48	4196	0	145
2024.09.03	22:00:00	18671.98	18688.48	18621.98	18654.48	5473	0	135
2024.09.03	23:00:00	18654.48	18661.68	18622.28	18625.08	3118	0	185
2024.09.04	01:00:00	18636.28	18650.48	18613.48	18632.38	1792	0	825
2024.09.04	02:00:00	18632.38	18645.98	18618.68	18633.28	1702	0	835
2024.09.04	03:00:00	18633.28	18648.58	18565.58	18568.08	2118	0	635
2024.09.04	04:00:00	18567.08	18612.58	18557.08	18588.58	1081	0	645
2024.09.04	05:00:00	18587.58	18600.18	18563.08	18571.58	632	0	625
2024.09.04	06:00:00	18571.58	18590.18	18557.58	18565.48	572	0	595
2024.09.04	07:00:00	18565.98	18588.18	18556.08	18558.58	641	0	575
2024.09.04	08:00:00	18558.08	18558.58	18518.08	18525.58	1140	0	625
2024.09.04	09:00:00	18526.08	18548.28	18472.38	18485.38	2756	0	155
2024.09.04	10:00:00	18485.38	18628.38	18485.38	18617.38	5009	0	95
2024.09.04	11:00:00	18617.38	18631.38	18578.48	18602.38	2945	0	85
2024.09.04	12:00:00	18602.38	18649.43	18582.98	18634.43	2056	0	85
2024.09.04	13:00:00	18634.48	18642.98	18591.48	18591.98	1864	0	85
2024.09.04	14:00:00	18594.48	18608.43	18574.48	18578.48	1696	0	85
2024.09.04	15:00:00	18578.43	18616.88	18572.43	18608.48	2239	0	85
2024.09.04	16:00:00	18605.48	18624.88	18571.43	18613.31	3860	0	85
2024.09.04	17:00:00	18613.31	18635.38	18539.38	18630.88	7461	0	95
2024.09.04	18:00:00	18631.88	18653.48	18565.78	18574.78	4085	0	85
2024.09.04	19:00:00	18573.78	18600.28	18554.78	18591.28	3482	0	175
2024.09.04	20:00:00	18590.28	18596.88	18565.28	18572.38	3412	0	145
2024.09.04	21:00:00	18572.38	18585.28	18550.78	18552.28	3895	0	155
2024.09.04	22:00:00	18551.78	18581.28	18545.28	18567.28	4487	0	155
2024.09.04	23:00:00	18567.28	18568.98	18534.18	18556.18	2288	0	185
2024.09.05	01:00:00	18575.18	18579.88	18563.48	18573.38	940	0	795
2024.09.05	02:00:00	18573.38	18575.38	18534.08	18556.28	1958	0	805
2024.09.05	03:00:00	18555.18	18583.88	18555.18	18576.08	2015	0	575
2024.09.05	04:00:00	18576.58	18594.38	18568.48	18574.48	1202	0	545
2024.09.05	05:00:00	18574.48	18586.78	18555.38	18579.78	702	0	525
2024.09.05	06:00:00	18579.78	18581.28	18538.78	18542.08	827	0	525
2024.09.05	07:00:00	18540.58	18547.38	18522.88	18535.88	440	0	525
2024.09.05	08:00:00	18535.38	18572.38	18518.38	18554.88	1102	0	645
2024.09.05	09:00:00	18551.38	18567.08	18513.98	18530.88	1697	0	125
2024.09.05	10:00:00	18530.38	18648.28	18505.18	18645.68	3566	0	85
2024.09.05	11:00:00	18645.68	18653.08	18600.63	18621.68	2340	0	85
2024.09.05	12:00:00	18621.68	18629.68	18556.58	18611.58	2148	0	85
2024.09.05	13:00:00	18610.08	18634.68	18603.13	18623.68	1872	0	85
2024.09.05	14:00:00	18622.68	18650.68	18607.13	18616.73	2182	0	85
2024.09.05	15:00:00	18615.73	18644.28	18582.18	18632.78	3815	0	85
2024.09.05	16:00:00	18633.78	18650.68	18593.68	18636.11	3827	0	85
2024.09.05	17:00:00	18636.06	18681.18	18621.38	18641.38	5673	0	85
2024.09.05	18:00:00	18642.38	18648.38	18549.98	18550.98	4741	0	85
2024.09.05	19:00:00	18550.48	18593.98	18538.98	18586.98	3562	0	145
2024.09.05	20:00:00	18585.98	18623.98	18566.98	18623.98	3282	0	135
2024.09.05	21:00:00	18624.48	18635.58	18606.58	18614.58	3848	0	135
2024.09.05	22:00:00	18614.58	18615.98	18567.98	18598.48	4181	0	145
2024.09.05	23:00:00	18598.98	18616.88	18575.88	18581.18	2988	0	185
2024.09.06	01:00:00	18591.08	18593.08	18573.38	18587.68	993	0	795
2024.09.06	02:00:00	18588.18	18590.68	18575.58	18589.38	957	0	785
2024.09.06	03:00:00	18589.38	18591.08	18545.98	18545.98	1798	0	635
2024.09.06	04:00:00	18546.08	18586.58	18508.08	18577.58	1040	0	635
2024.09.06	05:00:00	18577.08	18601.48	18574.08	18598.98	794	0	605
2024.09.06	06:00:00	18599.48	18604.38	18570.68	18573.08	505	0	525
2024.09.06	07:00:00	18573.08	18588.98	18567.78	18585.18	628	0	565
2024.09.06	08:00:00	18583.18	18594.08	18551.08	18575.08	1227	0	555
2024.09.06	09:00:00	18575.58	18585.08	18530.98	18537.38	1616	0	135
2024.09.06	10:00:00	18537.88	18549.68	18409.28	18497.28	5071	0	95
2024.09.06	11:00:00	18496.78	18519.28	18417.28	18435.38	2626	0	85
2024.09.06	12:00:00	18435.38	18510.28	18426.28	18508.23	2250	0	85
2024.09.06	13:00:00	18507.23	18512.18	18452.28	18457.38	1811	0	85
2024.09.06	14:00:00	18457.38	18504.98	18457.38	18495.33	1793	0	85
2024.09.06	15:00:00	18495.83	18569.68	18463.28	18544.38	5196	0	85
2024.09.06	16:00:00	18543.38	18611.18	18522.28	18525.68	6644	0	85
2024.09.06	17:00:00	18525.68	18532.68	18310.68	18331.68	7710	0	95
2024.09.06	18:00:00	18331.68	18421.18	18272.28	18285.78	8443	0	95
2024.09.06	19:00:00	18284.78	18305.28	18268.28	18288.28	3419	0	185
2024.09.06	20:00:00	18288.78	18319.28	18274.28	18293.28	2578	0	165
2024.09.06	21:00:00	18294.28	18300.28	18258.28	18278.28	1964	0	165
2024.09.06	22:00:00	18277.28	18299.88	18268.28	18281.28	2076	0	165
2024.09.09	01:00:00	18245.28	18251.68	18222.08	18242.88	1982	0	895
2024.09.09	02:00:00	18243.08	18265.88	18226.78	18258.98	2134	0	845
2024.09.09	03:00:00	18258.58	18325.98	18258.08	18314.88	1759	0	625
2024.09.09	04:00:00	18314.88	18344.38	18314.88	18331.88	1007	0	605
2024.09.09	05:00:00	18331.38	18336.58	18311.88	18319.88	769	0	525
2024.09.09	06:00:00	18320.38	18335.78	18320.38	18327.68	535	0	525
2024.09.09	07:00:00	18327.68	18372.38	18327.48	18359.48	964	0	555
2024.09.09	08:00:00	18358.48	18371.48	18333.88	18346.88	1454	0	685
2024.09.09	09:00:00	18347.38	18387.18	18339.88	18374.78	1960	0	135
2024.09.09	10:00:00	18376.28	18416.58	18357.08	18410.08	3769	0	5
2024.09.09	11:00:00	18409.08	18418.13	18371.13	18411.13	2291	0	85
2024.09.09	12:00:00	18411.13	18461.13	18405.18	18434.13	1880	0	85
2024.09.09	13:00:00	18433.18	18436.18	18389.13	18398.18	1672	0	85
2024.09.09	14:00:00	18398.18	18442.63	18398.18	18402.13	1579	0	85
2024.09.09	15:00:00	18402.18	18408.13	18356.63	18401.18	2105	0	85
2024.09.09	16:00:00	18402.18	18439.58	18375.68	18428.58	3783	0	85
2024.09.09	17:00:00	18429.58	18483.58	18416.08	18424.03	4813	0	85
2024.09.09	18:00:00	18423.53	18469.68	18399.48	18463.28	3719	0	85
2024.09.09	19:00:00	18463.78	18492.28	18455.68	18489.28	2510	0	125
2024.09.09	20:00:00	18489.78	18495.18	18454.08	18455.58	3792	0	125
2024.09.09	21:00:00	18455.08	18467.18	18440.58	18457.68	4531	0	145
2024.09.09	22:00:00	18458.18	18484.18	18450.68	18479.08	4146	0	135
2024.09.09	23:00:00	18478.58	18506.68	18471.48	18496.18	2404	0	185
2024.09.10	01:00:00	18508.98	18509.58	18490.58	18493.78	945	0	805
2024.09.10	02:00:00	18493.78	18505.98	18490.68	18494.68	1143	0	815
2024.09.10	03:00:00	18494.88	18496.68	18449.18	18485.48	1795	0	605
2024.09.10	04:00:00	18484.48	18489.68	18464.68	18483.28	1073	0	615
2024.09.10	05:00:00	18482.78	18483.28	18446.98	18458.28	565	0	525
2024.09.10	06:00:00	18458.78	18460.28	18434.68	18435.78	709	0	525
2024.09.10	07:00:00	18436.28	18443.18	18406.68	18415.78	623	0	535
2024.09.10	08:00:00	18416.28	18443.68	18412.68	18435.98	1041	0	585
2024.09.10	09:00:00	18436.48	18449.48	18412.88	18440.88	1570	0	125
2024.09.10	10:00:00	18440.88	18480.08	18406.28	18473.08	3285	0	85
2024.09.10	11:00:00	18476.08	18491.98	18402.08	18410.03	2320	0	85
2024.09.10	12:00:00	18409.53	18451.93	18355.98	18432.88	2372	0	85
2024.09.10	13:00:00	18433.88	18442.98	18369.38	18386.88	2216	0	85
2024.09.10	14:00:00	18389.88	18405.38	18327.38	18357.93	2847	0	85
2024.09.10	15:00:00	18356.93	18378.48	18343.98	18367.98	2255	0	85
2024.09.10	16:00:00	18366.98	18370.38	18272.38	18287.88	4041	0	85
2024.09.10	17:00:00	18286.88	18287.88	18229.88	18243.38	6096	0	95
2024.09.10	18:00:00	18243.38	18293.38	18204.98	18206.98	4796	0	85
2024.09.10	19:00:00	18207.98	18246.98	18185.98	18237.98	3778	0	155
2024.09.10	20:00:00	18237.48	18283.58	18231.98	18283.58	2898	0	145
2024.09.10	21:00:00	18284.08	18327.68	18284.08	18323.18	3148	0	125
2024.09.10	22:00:00	18322.68	18337.78	18313.48	18329.48	2863	0	125
2024.09.10	23:00:00	18326.28	18337.48	18300.98	18305.88	1642	0	825
2024.09.11	01:00:00	18308.18	18318.78	18304.98	18317.78	462	0	775
2024.09.11	02:00:00	18317.38	18324.98	18305.68	18312.38	717	0	765
2024.09.11	03:00:00	18313.28	18315.98	18279.58	18290.98	1226	0	605
2024.09.11	04:00:00	18291.48	18305.08	18256.58	18277.08	963	0	595
2024.09.11	05:00:00	18276.58	18303.88	18275.08	18295.38	818	0	545
2024.09.11	06:00:00	18294.88	18299.98	18269.08	18279.08	772	0	535
2024.09.11	07:00:00	18278.08	18280.68	18261.78	18267.58	877	0	555
2024.09.11	08:00:00	18268.08	18292.08	18257.08	18285.78	1109	0	575
2024.09.11	09:00:00	18285.28	18363.38	18281.58	18320.38	2024	0	135
2024.09.11	10:00:00	18320.38	18370.18	18316.68	18341.88	3506	0	95
2024.09.11	11:00:00	18341.88	18356.88	18270.38	18289.38	2460	0	85
2024.09.11	12:00:00	18291.38	18304.93	18261.48	18293.43	2318	0	85
2024.09.11	13:00:00	18291.48	18347.93	18290.48	18337.48	1801	0	85
2024.09.11	14:00:00	18338.48	18367.98	18318.38	18344.33	1710	0	85
2024.09.11	15:00:00	18344.33	18405.78	18290.28	18392.88	4545	0	85
2024.09.11	16:00:00	18392.38	18434.78	18319.28	18322.78	5805	0	85
2024.09.11	17:00:00	18321.78	18323.28	18205.88	18271.38	7654	0	95
2024.09.11	18:00:00	18271.88	18376.38	18261.38	18360.88	5821	0	95
2024.09.11	19:00:00	18360.88	18412.38	18357.38	18392.38	4943	0	185
2024.09.11	20:00:00	18392.88	18456.88	18392.88	18432.38	3930	0	155
2024.09.11	21:00:00	18431.88	18472.38	18426.88	18448.38	5056	0	145
2024.09.11	22:00:00	18447.38	18483.88	18442.38	18475.38	4362	0	145
2024.09.11	23:00:00	18475.38	18491.18	18459.18	18477.98	2601	0	185
2024.09.12	01:00:00	18474.38	18480.78	18471.48	18477.98	616	0	785
2024.09.12	02:00:00	18477.98	18480.28	18473.48	18476.78	665	0	785
2024.09.12	03:00:00	18477.68	18511.88	18473.88	18497.38	1228	0	575
2024.09.12	04:00:00	18497.38	18509.68	18474.18	18498.68	1001	0	585
2024.09.12	05:00:00	18498.78	18503.08	18466.28	18474.88	852	0	585
2024.09.12	06:00:00	18472.88	18501.68	18464.48	18493.48	736	0	535
2024.09.12	07:00:00	18492.48	18518.68	18487.38	18514.78	661	0	525
2024.09.12	08:00:00	18514.28	18527.88	18502.88	18515.18	1135	0	585
2024.09.12	09:00:00	18515.18	18549.88	18490.48	18494.48	1856	0	125
2024.09.12	10:00:00	18495.48	18590.78	18495.48	18541.98	4148	0	95
2024.09.12	11:00:00	18540.48	18561.48	18522.48	18543.48	2726	0	85
2024.09.12	12:00:00	18543.48	18596.98	18532.98	18560.48	2010	0	85
2024.09.12	13:00:00	18560.48	18580.93	18544.98	18557.98	1547	0	85
2024.09.12	14:00:00	18558.98	18559.98	18528.48	18552.93	1525	0	85
2024.09.12	15:00:00	18552.98	18575.98	18462.88	18474.98	3854	0	85
2024.09.12	16:00:00	18474.48	18490.88	18378.88	18424.88	5736	0	85
2024.09.12	17:00:00	18425.88	18528.38	18408.38	18484.38	5452	0	95
2024.09.12	18:00:00	18483.88	18532.88	18477.38	18487.08	5312	0	95
2024.09.12	19:00:00	18486.08	18555.58	18482.08	18552.58	3400	0	135
2024.09.12	20:00:00	18552.58	18588.58	18546.58	18585.58	3179	0	135
2024.09.12	21:00:00	18586.08	18589.18	18517.08	18553.58	4033	0	135
2024.09.12	22:00:00	18554.08	18573.58	18547.58	18573.58	4179	0	135
2024.09.12	23:00:00	18573.58	18573.58	18542.48	18552.78	2094	0	185
2024.09.13	01:00:00	18556.88	18574.98	18553.18	18571.78	622	0	765
2024.09.13	02:00:00	18571.78	18592.18	18571.78	18584.48	946	0	785
2024.09.13	03:00:00	18584.48	18600.68	18565.98	18599.48	1342	0	585
2024.09.13	04:00:00	18599.58	18600.58	18576.88	18582.58	559	0	525
2024.09.13	05:00:00	18582.08	18583.98	18562.08	18565.98	323	0	525
2024.09.13	06:00:00	18565.48	18588.08	18565.48	18584.78	417	0	525
2024.09.13	07:00:00	18584.28	18586.98	18580.38	18581.88	348	0	525
2024.09.13	08:00:00	18581.88	18597.98	18568.18	18568.68	942	0	535
2024.09.13	09:00:00	18568.68	18581.28	18530.88	18543.28	1507	0	125
2024.09.13	10:00:00	18543.28	18657.18	18541.08	18607.58	2863	0	85
2024.09.13	11:00:00	18603.58	18626.48	18574.58	18585.63	2341	0	85
2024.09.13	12:00:00	18586.13	18620.13	18575.48	18605.58	2059	0	85
2024.09.13	13:00:00	18604.58	18626.13	18594.13	18617.58	1555	0	85
2024.09.13	14:00:00	18618.08	18622.13	18592.63	18614.13	1512	0	85
2024.09.13	15:00:00	18612.63	18650.63	18608.08	18638.58	1989	0	85
2024.09.13	16:00:00	18641.58	18681.58	18623.58	18673.58	3543	0	85
2024.09.13	17:00:00	18679.08	18725.48	18659.58	18690.48	5318	0	85
2024.09.13	18:00:00	18689.98	18711.68	18681.48	18704.78	3352	0	85
2024.09.13	19:00:00	18704.78	18709.78	18658.18	18678.78	2785	0	125
2024.09.13	20:00:00	18678.78	18698.68	18674.78	18682.78	2453	0	125
2024.09.13	21:00:00	18682.78	18692.58	18654.98	18665.78	3953	0	135
2024.09.13	22:00:00	18664.28	18685.68	18656.18	18679.18	2285	0	125
2024.09.16	01:00:00	18682.28	18684.78	18664.68	18675.88	1005	0	805
2024.09.16	02:00:00	18675.68	18703.18	18675.18	18700.78	964	0	795
2024.09.16	03:00:00	18701.28	18713.88	18691.48	18706.38	869	0	595
2024.09.16	04:00:00	18705.88	18706.68	18680.78	18698.68	589	0	525
2024.09.16	05:00:00	18698.68	18718.88	18694.98	18718.38	455	0	525
2024.09.16	06:00:00	18718.88	18725.68	18713.38	18723.08	292	0	525
2024.09.16	07:00:00	18723.58	18724.18	18712.48	18714.28	201	0	525
2024.09.16	08:00:00	18713.78	18714.78	18691.58	18695.98	553	0	525
2024.09.16	09:00:00	18696.48	18699.48	18626.98	18629.48	1546	0	125
2024.09.16	10:00:00	18629.98	18664.28	18608.28	18656.08	2917	0	85
2024.09.16	11:00:00	18655.08	18666.48	18628.58	18649.03	2065	0	85
2024.09.16	12:00:00	18649.03	18667.53	18623.03	18631.03	1696	0	85
2024.09.16	13:00:00	18631.03	18664.03	18627.08	18654.58	1579	0	85
2024.09.16	14:00:00	18655.08	18665.48	18643.53	18656.98	1462	0	85
2024.09.16	15:00:00	18656.98	18665.53	18629.03	18644.08	2280	0	85
2024.09.16	16:00:00	18643.08	18655.48	18596.48	18652.48	3486	0	85
2024.09.16	17:00:00	18652.48	18662.48	18610.48	18634.48	4743	0	95
2024.09.16	18:00:00	18633.48	18654.18	18618.98	18646.18	3319	0	85
2024.09.16	19:00:00	18646.68	18654.78	18636.78	18648.88	2391	0	125
2024.09.16	20:00:00	18649.38	18690.88	18646.88	18689.88	1902	0	125
2024.09.16	21:00:00	18689.88	18710.78	18679.78	18708.78	1790	0	125
2024.09.16	22:00:00	18709.28	18724.78	18695.88	18718.68	2128	0	125
2024.09.16	23:00:00	18719.18	18719.48	18697.58	18699.68	1508	0	155
2024.09.17	01:00:00	18699.48	18716.78	18698.58	18711.58	949	0	795
2024.09.17	02:00:00	18711.58	18715.08	18700.88	18704.08	1215	0	795
2024.09.17	03:00:00	18703.88	18709.68	18679.68	18681.38	1222	0	535
2024.09.17	04:00:00	18679.88	18694.68	18668.38	18690.58	667	0	525
2024.09.17	05:00:00	18691.08	18691.78	18678.98	18689.88	432	0	525
2024.09.17	06:00:00	18690.88	18696.28	18679.98	18687.68	542	0	525
2024.09.17	07:00:00	18687.18	18693.38	18681.28	18689.08	549	0	525
2024.09.17	08:00:00	18690.08	18713.88	18687.68	18708.88	799	0	525
2024.09.17	09:00:00	18709.88	18731.88	18691.58	18703.48	1253	0	135
2024.09.17	10:00:00	18701.98	18719.78	18667.68	18676.68	3250	0	85
2024.09.17	11:00:00	18676.18	18714.23	18674.58	18707.73	1842	0	85
2024.09.17	12:00:00	18708.18	18768.73	18702.58	18751.73	1986	0	85
2024.09.17	13:00:00	18751.68	18801.23	18751.68	18764.68	1737	0	85
2024.09.17	14:00:00	18765.68	18776.18	18723.73	18771.23	1812	0	85
2024.09.17	15:00:00	18771.23	18804.68	18749.08	18801.18	2828	0	85
2024.09.17	16:00:00	18801.08	18806.08	18732.18	18735.18	4121	0	85
2024.09.17	17:00:00	18735.18	18765.68	18714.68	18725.18	4541	0	85
2024.09.17	18:00:00	18728.18	18741.58	18717.48	18721.98	3109	0	85
2024.09.17	19:00:00	18721.48	18725.38	18615.68	18643.68	3883	0	125
2024.09.17	20:00:00	18643.68	18687.78	18638.18	18675.78	4220	0	145
2024.09.17	21:00:00	18675.28	18686.88	18658.18	18673.88	3386	0	145
2024.09.17	22:00:00	18674.38	18695.88	18661.28	18694.88	3400	0	135
2024.09.17	23:00:00	18690.98	18706.78	18689.48	18696.98	1616	0	825
2024.09.18	01:00:00	18691.58	18699.08	18687.58	18696.38	445	0	765
2024.09.18	02:00:00	18695.88	18706.78	18692.68	18703.88	557	0	775
2024.09.18	03:00:00	18705.28	18726.68	18702.78	18717.58	921	0	535
2024.09.18	04:00:00	18718.58	18718.58	18699.18	18712.28	561	0	525
2024.09.18	05:00:00	18712.78	18720.38	18709.68	18712.68	372	0	525
2024.09.18	06:00:00	18712.78	18714.48	18695.18	18696.58	468	0	525
2024.09.18	07:00:00	18696.08	18707.78	18688.88	18692.78	618	0	535
2024.09.18	08:00:00	18692.28	18719.48	18685.78	18711.88	759	0	525
2024.09.18	09:00:00	18711.88	18735.88	18704.38	18721.68	994	0	125
2024.09.18	10:00:00	18722.18	18751.08	18712.28	18728.73	3162	0	85
2024.09.18	11:00:00	18728.78	18739.68	18696.18	18718.83	2783	0	85
2024.09.18	12:00:00	18719.38	18728.83	18698.28	18724.83	1722	0	85
2024.09.18	13:00:00	18726.83	18726.88	18697.23	18703.28	1113	0	85
2024.09.18	14:00:00	18701.28	18737.18	18699.28	18727.23	2546	0	0
2024.09.18	15:00:00	18727.73	18745.53	18711.53	18740.58	1893	0	85
2024.09.18	16:00:00	18741.08	18761.33	18707.28	18716.38	3209	0	85
2024.09.18	17:00:00	18716.88	18739.88	18699.28	18724.28	4129	0	85
2024.09.18	18:00:00	18724.78	18735.38	18700.38	18702.88	2906	0	85
2024.09.18	19:00:00	18701.88	18739.18	18697.88	18738.08	1529	0	125
2024.09.18	20:00:00	18738.58	18769.08	18734.18	18761.64	1459	0	125
2024.09.18	21:00:00	18774.38	18915.88	18763.88	18773.38	7840	0	185
2024.09.18	22:00:00	18772.88	18797.88	18732.88	18744.38	7222	0	185
2024.09.18	23:00:00	18746.98	18786.28	18733.88	18759.98	3267	0	905
2024.09.19	01:00:00	18772.18	18791.28	18764.78	18780.78	1089	0	835
2024.09.19	02:00:00	18780.78	18846.08	18763.28	18846.08	2037	0	845
2024.09.19	03:00:00	18846.28	18869.98	18769.08	18777.08	2232	0	665
2024.09.19	04:00:00	18776.08	18814.68	18764.58	18814.58	317	0	525
2024.09.19	05:00:00	18815.08	18884.58	18814.58	18862.58	364	0	525
2024.09.19	06:00:00	18865.58	18887.28	18848.58	18886.28	266	0	525
2024.09.19	07:00:00	18886.38	18889.58	18875.78	18889.58	212	0	525
2024.09.19	08:00:00	18889.58	18889.58	18848.38	18850.78	531	0	525
2024.09.19	09:00:00	18850.68	18892.38	18816.38	18866.78	1816	0	135
2024.09.19	10:00:00	18866.28	18892.08	18802.68	18844.48	5086	0	85
2024.09.19	11:00:00	18844.48	18918.48	18831.38	18913.98	3211	0	85
2024.09.19	12:00:00	18913.98	18991.98	18911.48	18967.48	2517	0	85
2024.09.19	13:00:00	18966.98	19007.83	18964.98	18997.73	1540	0	85
2024.09.19	14:00:00	18997.23	19049.33	18973.28	19029.33	2183	0	85
2024.09.19	15:00:00	19029.33	19040.83	19003.03	19007.98	2213	0	85
2024.09.19	16:00:00	19010.98	19045.68	18946.68	18992.68	4205	0	85
2024.09.19	17:00:00	18992.68	19004.68	18952.68	18964.18	4647	0	95
2024.09.19	18:00:00	18964.68	19020.88	18955.68	19005.28	3006	0	85
2024.09.19	19:00:00	19005.28	19031.48	19002.28	19022.88	790	0	125
2024.09.19	20:00:00	19023.38	19044.98	19016.48	19043.48	547	0	125
2024.09.19	21:00:00	19043.98	19043.98	19010.38	19024.48	633	0	125
2024.09.19	22:00:00	19024.48	19024.98	18959.68	18968.18	1438	0	125
2024.09.19	23:00:00	18968.18	18968.18	18947.98	18966.88	2265	0	185
2024.09.20	01:00:00	18964.68	18967.08	18949.08	18958.88	697	0	815
2024.09.20	02:00:00	18958.88	18964.78	18951.38	18953.18	667	0	775
2024.09.20	03:00:00	18952.28	18955.98	18924.98	18934.98	1010	0	535
2024.09.20	04:00:00	18933.98	18948.98	18931.18	18943.18	603	0	525
2024.09.20	05:00:00	18943.18	18954.88	18930.18	18930.18	425	0	525
2024.09.20	06:00:00	18930.18	18939.88	18916.28	18935.48	703	0	535
2024.09.20	07:00:00	18935.48	18944.18	18919.98	18929.18	555	0	525
2024.09.20	08:00:00	18929.18	18930.18	18895.48	18907.98	1019	0	525
2024.09.20	09:00:00	18908.98	18938.78	18899.78	18902.28	1956	0	125
2024.09.20	10:00:00	18902.28	18914.58	18810.58	18849.08	3899	0	95
2024.09.20	11:00:00	18848.08	18857.08	18806.08	18821.58	3176	0	85
2024.09.20	12:00:00	18821.58	18841.58	18800.18	18810.13	2612	0	85
2024.09.20	13:00:00	18810.18	18854.13	18805.08	18847.18	2119	0	85
2024.09.20	14:00:00	18847.68	18881.68	18846.63	18874.23	2016	0	85
2024.09.20	15:00:00	18874.23	18886.78	18828.78	18830.28	2194	0	85
2024.09.20	16:00:00	18829.28	18832.68	18730.18	18733.18	4385	0	85
2024.09.20	17:00:00	18733.18	18777.38	18706.18	18737.38	5228	0	85
2024.09.20	18:00:00	18736.38	18749.38	18705.98	18728.48	4839	0	85
2024.09.20	19:00:00	18728.98	18739.28	18711.48	18731.78	2938	0	125
2024.09.20	20:00:00	18731.78	18748.48	18721.68	18735.98	2364	0	125
2024.09.20	21:00:00	18735.98	18737.98	18703.78	18728.68	3199	0	125
2024.09.20	22:00:00	18728.18	18758.18	18724.88	18740.58	2647	0	125
2024.09.23	01:00:00	18716.98	18740.78	18713.18	18739.58	666	0	805
2024.09.23	02:00:00	18739.28	18752.18	18731.78	18751.68	660	0	765
2024.09.23	03:00:00	18751.88	18800.48	18750.08	18798.58	513	0	525
2024.09.23	04:00:00	18798.58	18818.38	18787.08	18800.98	273	0	525
2024.09.23	05:00:00	18799.98	18810.28	18794.88	18807.78	370	0	525
2024.09.23	06:00:00	18808.78	18817.08	18797.68	18798.18	354	0	525
2024.09.23	07:00:00	18798.28	18818.78	18797.88	18809.38	429	0	525
2024.09.23	08:00:00	18808.38	18814.08	18784.48	18788.98	630	0	525
2024.09.23	09:00:00	18789.48	18799.68	18773.18	18776.08	1542	0	135
2024.09.23	10:00:00	18776.08	18791.53	18679.98	18791.53	4192	0	0
2024.09.23	11:00:00	18793.03	18805.38	18740.48	18783.98	3434	0	85
2024.09.23	12:00:00	18784.98	18796.03	18746.88	18795.53	2556	0	85
2024.09.23	13:00:00	18795.53	18828.03	18791.03	18814.48	1785	0	85
2024.09.23	14:00:00	18814.48	18828.53	18797.98	18823.53	1742	0	85
2024.09.23	15:00:00	18822.53	18853.03	18817.53	18846.38	1859	0	85
2024.09.23	16:00:00	18845.38	18854.38	18816.38	18842.38	3476	0	85
2024.09.23	17:00:00	18841.38	18859.38	18802.38	18835.13	4550	0	85
2024.09.23	18:00:00	18835.13	18866.18	18802.98	18850.18	3401	0	85
2024.09.23	19:00:00	18849.68	18851.88	18826.08	18849.88	3289	0	135
2024.09.23	20:00:00	18849.38	18871.38	18839.88	18870.38	1864	0	125
2024.09.23	21:00:00	18869.88	18879.38	18858.38	18878.38	1580	0	125
2024.09.23	22:00:00	18877.38	18888.88	18871.38	18877.28	1541	0	125
2024.09.23	23:00:00	18877.28	18879.48	18859.78	18861.68	1206	0	145
2024.09.24	01:00:00	18867.58	18867.58	18856.18	18860.78	440	0	775
2024.09.24	02:00:00	18860.78	18870.98	18857.58	18869.88	567	0	775
2024.09.24	03:00:00	18869.68	18880.38	18845.78	18859.08	952	0	545
2024.09.24	04:00:00	18858.58	18900.38	18858.58	18867.18	1005	0	575
2024.09.24	05:00:00	18867.28	18874.08	18843.78	18850.18	594	0	525
2024.09.24	06:00:00	18850.68	18858.98	18847.28	18855.78	584	0	525
2024.09.24	07:00:00	18856.28	18908.08	18851.68	18898.38	592	0	535
2024.09.24	08:00:00	18902.38	18937.38	18901.88	18936.38	1116	0	645
2024.09.24	09:00:00	18935.88	18995.18	18924.58	18987.18	2220	0	125
2024.09.24	10:00:00	18989.68	19005.98	18936.98	18989.08	3658	0	85
2024.09.24	11:00:00	18988.58	19030.98	18971.28	18990.28	2763	0	85
2024.09.24	12:00:00	18990.28	19000.78	18947.33	18972.33	2264	0	85
2024.09.24	13:00:00	18972.28	18997.83	18957.33	18979.28	1952	0	85
2024.09.24	14:00:00	18978.28	18982.78	18929.83	18932.83	2218	0	85
2024.09.24	15:00:00	18933.33	18965.33	18904.18	18949.28	2845	0	85
2024.09.24	16:00:00	18949.28	18975.48	18926.28	18957.63	3424	0	85
2024.09.24	17:00:00	18958.08	18966.08	18902.58	18954.73	5789	0	85
2024.09.24	18:00:00	18955.73	19002.68	18955.18	18994.58	3300	0	85
2024.09.24	19:00:00	18995.08	19003.48	18984.78	18989.28	2144	0	125
2024.09.24	20:00:00	18988.78	19002.78	18975.78	18976.78	1693	0	125
2024.09.24	21:00:00	18977.78	18987.28	18964.28	18984.28	1919	0	125
2024.09.24	22:00:00	18984.28	18995.68	18982.78	18994.58	1849	0	125
2024.09.24	23:00:00	18995.08	19003.58	18969.98	19001.58	1524	0	165
2024.09.25	01:00:00	18989.38	18993.98	18987.38	18991.08	352	0	755
2024.09.25	02:00:00	18991.08	18994.98	18987.68	18989.58	422	0	765
2024.09.25	03:00:00	18990.18	18991.58	18965.48	18966.08	831	0	555
2024.09.25	04:00:00	18966.58	18976.58	18945.98	18951.88	715	0	525
2024.09.25	05:00:00	18950.88	18960.08	18940.28	18943.98	770	0	555
2024.09.25	06:00:00	18943.98	18944.38	18916.78	18922.58	819	0	525
2024.09.25	07:00:00	18923.08	18927.68	18904.38	18905.78	491	0	525
2024.09.25	08:00:00	18905.28	18919.18	18855.28	18869.38	903	0	575
2024.09.25	09:00:00	18869.88	18897.48	18844.58	18858.08	2037	0	125
2024.09.25	10:00:00	18858.08	18936.93	18840.88	18933.43	3607	0	85
2024.09.25	11:00:00	18933.43	18939.43	18896.43	18905.88	2543	0	85
2024.09.25	12:00:00	18905.88	18905.93	18870.93	18900.93	2165	0	85
2024.09.25	13:00:00	18901.93	18923.43	18895.88	18918.38	1639	0	85
2024.09.25	14:00:00	18918.38	18948.38	18910.88	18939.43	1408	0	85
2024.09.25	15:00:00	18940.38	18965.93	18934.88	18951.38	1865	0	85
2024.09.25	16:00:00	18952.43	18957.93	18880.28	18896.43	2984	0	85
2024.09.25	17:00:00	18896.43	18935.88	18892.88	18916.43	3763	0	85
2024.09.25	18:00:00	18917.43	18930.88	18909.58	18925.28	2681	0	85
2024.09.25	19:00:00	18923.78	18931.78	18913.78	18915.78	2048	0	125
2024.09.25	20:00:00	18916.78	18921.28	18885.68	18914.68	2682	0	125
2024.09.25	21:00:00	18914.18	18918.78	18901.68	18911.28	1791	0	125
2024.09.25	22:00:00	18910.28	18916.28	18902.78	18910.78	1909	0	125
2024.09.25	23:00:00	18910.78	18921.48	18901.78	18918.78	1432	0	125
2024.09.26	01:00:00	18916.28	18929.08	18909.18	18925.88	568	0	785
2024.09.26	02:00:00	18926.78	18940.88	18923.28	18939.68	671	0	775
2024.09.26	03:00:00	18939.28	18977.18	18939.28	18964.68	1004	0	555
2024.09.26	04:00:00	18964.68	18991.58	18956.38	18990.58	654	0	525
2024.09.26	05:00:00	18990.58	18998.08	18982.98	18989.58	490	0	525
2024.09.26	06:00:00	18989.68	19015.78	18984.18	19005.58	527	0	525
2024.09.26	07:00:00	19005.08	19013.28	18995.48	19007.08	596	0	525
2024.09.26	08:00:00	19006.58	19091.58	19002.38	19077.08	1417	0	615
2024.09.26	09:00:00	19073.08	19108.88	19073.08	19076.88	2250	0	135
2024.09.26	10:00:00	19076.88	19158.18	19076.88	19146.28	4518	0	85
2024.09.26	11:00:00	19145.28	19170.68	19126.68	19162.48	3054	0	85
2024.09.26	12:00:00	19162.98	19164.48	19116.93	19124.43	2139	0	85
2024.09.26	13:00:00	19123.93	19144.43	19106.93	19137.98	1564	0	85
2024.09.26	14:00:00	19137.98	19154.93	19128.98	19149.13	1610	0	85
2024.09.26	15:00:00	19149.18	19202.18	19122.13	19196.18	2286	0	85
2024.09.26	16:00:00	19196.18	19256.58	19196.18	19229.58	4533	0	85
2024.09.26	17:00:00	19230.08	19246.58	19162.48	19178.48	5167	0	85
2024.09.26	18:00:00	19178.48	19275.58	19171.98	19268.58	3821	0	85
2024.09.26	19:00:00	19268.58	19269.08	19250.98	19258.08	2687	0	125
2024.09.26	20:00:00	19257.58	19267.08	19232.28	19266.08	2344	0	125
2024.09.26	21:00:00	19266.08	19279.48	19264.08	19274.58	1624	0	125
2024.09.26	22:00:00	19272.58	19294.28	19258.58	19279.28	1637	0	125
2024.09.26	23:00:00	19278.78	19284.28	19270.98	19274.78	1170	0	185
2024.09.27	01:00:00	19283.68	19307.38	19283.48	19303.28	890	0	805
2024.09.27	02:00:00	19303.28	19306.58	19284.88	19291.08	723	0	785
2024.09.27	03:00:00	19291.28	19292.28	19263.68	19288.48	1232	0	615
2024.09.27	04:00:00	19287.98	19293.28	19245.08	19246.58	1020	0	545
2024.09.27	05:00:00	19247.08	19250.68	19232.28	19242.88	881	0	565
2024.09.27	06:00:00	19242.88	19260.48	19229.48	19259.88	716	0	535
2024.09.27	07:00:00	19259.38	19284.18	19259.38	19282.08	768	0	545
2024.09.27	08:00:00	19284.08	19289.78	19244.48	19258.48	1756	0	605
2024.09.27	09:00:00	19263.48	19285.28	19256.38	19257.78	2327	0	125
2024.09.27	10:00:00	19258.78	19286.68	19243.08	19269.63	4640	0	85
2024.09.27	11:00:00	19270.63	19321.63	19262.58	19303.63	2909	0	85
2024.09.27	12:00:00	19304.08	19365.63	19300.08	19358.48	2757	0	85
2024.09.27	13:00:00	19358.48	19396.63	19350.48	19395.58	2200	0	85
2024.09.27	14:00:00	19395.58	19435.63	19379.58	19428.63	2029	0	85
2024.09.27	15:00:00	19428.13	19478.13	19420.58	19456.08	2853	0	85
2024.09.27	16:00:00	19456.58	19459.63	19420.38	19435.53	3649	0	85
2024.09.27	17:00:00	19434.03	19493.03	19424.53	19482.53	4077	0	85
2024.09.27	18:00:00	19482.53	19489.03	19454.18	19454.68	3017	0	85
2024.09.27	19:00:00	19454.68	19456.18	19423.78	19423.78	2591	0	125
2024.09.27	20:00:00	19424.28	19436.78	19397.78	19415.28	2143	0	125
2024.09.27	21:00:00	19414.28	19419.28	19372.98	19405.28	2747	0	125
2024.09.27	22:00:00	19404.78	19411.78	19394.68	19409.28	2118	0	125
2024.09.30	01:00:00	19369.28	19406.18	19369.28	19405.18	928	0	775
2024.09.30	02:00:00	19405.18	19438.08	19403.38	19430.68	960	0	775
2024.09.30	03:00:00	19432.28	19469.78	19430.68	19442.98	1308	0	585
2024.09.30	04:00:00	19441.48	19468.68	19428.18	19445.18	1265	0	625
2024.09.30	05:00:00	19443.68	19451.38	19428.68	19449.18	915	0	525
2024.09.30	06:00:00	19449.68	19474.98	19448.08	19473.58	650	0	525
2024.09.30	07:00:00	19473.68	19476.58	19454.28	19459.08	629	0	525
2024.09.30	08:00:00	19459.08	19460.88	19421.18	19425.18	1253	0	635
2024.09.30	09:00:00	19429.18	19439.48	19395.58	19401.88	2104	0	125
2024.09.30	10:00:00	19402.88	19446.88	19397.78	19409.93	3667	0	85
2024.09.30	11:00:00	19403.88	19413.28	19366.38	19371.88	2857	0	85
2024.09.30	12:00:00	19370.88	19391.43	19349.88	19391.43	2360	0	85
2024.09.30	13:00:00	19390.93	19396.88	19360.93	19362.88	1841	0	85
2024.09.30	14:00:00	19363.88	19367.88	19309.43	19314.93	2055	0	85
2024.09.30	15:00:00	19314.93	19328.43	19310.43	19319.38	2094	0	85
2024.09.30	16:00:00	19319.88	19363.38	19312.88	19340.78	3645	0	85
2024.09.30	17:00:00	19340.78	19369.83	19332.28	19343.58	4212	0	85
2024.09.30	18:00:00	19343.08	19367.63	19320.58	19341.38	3060	0	85
2024.09.30	19:00:00	19340.88	19358.38	19337.38	19354.38	2031	0	125
2024.09.30	20:00:00	19353.88	19355.68	19339.18	19353.68	1975	0	125
2024.09.30	21:00:00	19353.18	19358.68	19306.08	19347.28	4545	0	125
2024.09.30	22:00:00	19347.78	19391.58	19334.68	19384.58	3594	0	125
2024.09.30	23:00:00	19383.58	19383.58	19352.58	19361.68	1876	0	185
2024.10.01	01:00:00	19362.08	19366.18	19343.78	19360.98	869	0	815
2024.10.01	02:00:00	19360.98	19362.78	19350.98	19361.78	635	0	795
2024.10.01	03:00:00	19361.78	19397.38	19356.58	19391.98	930	0	525
2024.10.01	04:00:00	19392.98	19404.88	19390.38	19403.08	695	0	525
2024.10.01	05:00:00	19403.58	19404.18	19378.08	19383.48	479	0	525
2024.10.01	06:00:00	19383.98	19401.38	19376.18	19399.28	685	0	525
2024.10.01	07:00:00	19399.38	19402.98	19388.58	19391.08	573	0	525
2024.10.01	08:00:00	19390.58	19398.88	19371.78	19381.48	798	0	525
2024.10.01	09:00:00	19381.48	19418.38	19365.68	19408.38	1567	0	135
2024.10.01	10:00:00	19407.38	19422.08	19341.58	19400.23	3619	0	85
2024.10.01	11:00:00	19400.23	19403.73	19357.23	19383.23	2461	0	85
2024.10.01	12:00:00	19382.73	19382.73	19351.73	19378.23	2010	0	85
2024.10.01	13:00:00	19378.28	19389.58	19368.53	19386.58	1516	0	85
2024.10.01	14:00:00	19385.58	19415.03	19385.08	19410.53	1760	0	85
2024.10.01	15:00:00	19410.58	19448.53	19408.58	19438.08	1854	0	85
2024.10.01	16:00:00	19434.58	19443.58	19248.48	19276.33	6163	0	85
2024.10.01	17:00:00	19274.83	19316.83	19135.48	19205.48	9921	0	95
2024.10.01	18:00:00	19205.48	19226.58	19147.48	19198.08	6003	0	95
2024.10.01	19:00:00	19197.58	19212.58	19151.18	19184.68	5822	0	175
2024.10.01	20:00:00	19184.68	19203.18	19129.18	19203.18	5079	0	185
2024.10.01	21:00:00	19202.18	19264.18	19201.18	19244.18	3883	0	165
2024.10.01	22:00:00	19244.18	19247.18	19199.18	19212.68	3454	0	135
2024.10.01	23:00:00	19212.68	19233.78	19198.48	19198.98	2394	0	185
2024.10.02	01:00:00	19182.48	19182.48	19154.68	19162.28	1293	0	855
2024.10.02	02:00:00	19162.28	19181.68	19144.88	19169.78	1378	0	845
2024.10.02	03:00:00	19170.28	19222.48	19168.88	19213.38	1145	0	585
2024.10.02	04:00:00	19213.88	19253.58	19212.18	19253.08	868	0	585
2024.10.02	05:00:00	19253.58	19262.58	19231.48	19239.98	831	0	605
2024.10.02	06:00:00	19240.48	19267.98	19223.58	19259.58	857	0	615
2024.10.02	07:00:00	19259.58	19264.28	19225.48	19232.48	709	0	545
2024.10.02	08:00:00	19231.98	19248.98	19183.98	19212.98	1031	0	675
2024.10.02	09:00:00	19213.98	19226.68	19180.18	19199.28	1975	0	135
2024.10.02	10:00:00	19201.28	19242.78	19182.78	19222.78	4025	0	95
2024.10.02	11:00:00	19224.78	19249.78	19191.78	19211.88	2760	0	85
2024.10.02	12:00:00	19211.88	19211.88	19130.88	19151.28	2702	0	85
2024.10.02	13:00:00	19150.73	19169.18	19110.18	19130.78	2918	0	85
2024.10.02	14:00:00	19131.78	19133.78	19069.68	19076.63	2919	0	85
2024.10.02	15:00:00	19077.63	19146.68	19067.58	19131.63	3017	0	85
2024.10.02	16:00:00	19132.63	19136.18	19058.08	19089.58	4889	0	85
2024.10.02	17:00:00	19088.58	19158.38	19082.58	19121.88	5738	0	95
2024.10.02	18:00:00	19121.88	19182.08	19114.88	19179.48	3930	0	85
2024.10.02	19:00:00	19179.58	19186.18	19128.58	19128.58	2643	0	125
2024.10.02	20:00:00	19128.58	19165.68	19123.18	19162.68	2651	0	125
2024.10.02	21:00:00	19162.68	19170.78	19135.98	19156.78	2286	0	125
2024.10.02	22:00:00	19158.78	19167.18	19143.58	19145.08	2106	0	125
2024.10.02	23:00:00	19145.08	19181.68	19137.98	19180.28	1438	0	165
2024.10.03	01:00:00	19176.48	19183.48	19169.68	19169.88	537	0	775
2024.10.03	02:00:00	19169.88	19173.78	19162.48	19169.48	630	0	785
2024.10.03	03:00:00	19167.88	19168.78	19111.68	19123.88	1104	0	545
2024.10.03	04:00:00	19123.38	19130.58	19080.28	19095.18	707	0	575
2024.10.03	05:00:00	19093.68	19093.68	19063.48	19069.58	834	0	605
2024.10.03	06:00:00	19069.08	19090.98	19053.28	19059.48	832	0	565
2024.10.03	07:00:00	19059.48	19066.58	19020.18	19042.38	636	0	535
2024.10.03	08:00:00	19041.88	19058.38	19034.18	19035.18	980	0	615
2024.10.03	09:00:00	19036.68	19093.08	19030.18	19079.48	1484	0	125
2024.10.03	10:00:00	19078.98	19099.28	18977.48	18992.98	4162	0	85
2024.10.03	11:00:00	18991.88	19033.48	18979.48	19029.98	3532	0	85
2024.10.03	12:00:00	19030.48	19057.03	19011.98	19045.98	2303	0	85
2024.10.03	13:00:00	19046.48	19084.03	19031.53	19077.98	1938	0	85
2024.10.03	14:00:00	19078.98	19112.03	19074.48	19100.03	1969	0	85
2024.10.03	15:00:00	19099.98	19103.98	19021.83	19032.33	3234	0	85
2024.10.03	16:00:00	19031.33	19056.78	18983.38	19004.23	4025	0	85
2024.10.03	17:00:00	19003.73	19065.38	18960.38	18981.38	7589	0	95
2024.10.03	18:00:00	18982.38	19044.78	18960.68	19028.88	4761	0	85
2024.10.03	19:00:00	19029.38	19043.98	18985.78	18994.78	3471	0	125
2024.10.03	20:00:00	18994.78	19009.78	18974.88	18993.98	3655	0	145
2024.10.03	21:00:00	18993.98	19002.08	18984.98	18989.58	2552	0	125
2024.10.03	22:00:00	18988.58	18993.88	18972.78	18988.78	2586	0	125
2024.10.03	23:00:00	18989.78	19001.08	18979.68	18982.88	1720	0	185
2024.10.04	01:00:00	18970.78	18997.38	18962.38	18988.38	735	0	795
2024.10.04	02:00:00	18988.18	18994.68	18978.28	18989.38	1093	0	815
2024.10.04	03:00:00	18989.18	18991.08	18963.58	18982.88	1305	0	615
2024.10.04	04:00:00	18982.98	19022.58	18965.68	19016.88	1070	0	565
2024.10.04	05:00:00	19016.38	19033.58	19003.88	19022.68	789	0	565
2024.10.04	06:00:00	19022.18	19025.58	19003.98	19014.98	701	0	535
2024.10.04	07:00:00	19015.08	19028.18	18998.78	19002.28	731	0	525
2024.10.04	08:00:00	19004.28	19022.68	18994.58	19010.58	1026	0	615
2024.10.04	09:00:00	19011.58	19014.48	18975.78	18976.78	1591	0	135
2024.10.04	10:00:00	18976.78	19047.18	18949.18	19027.68	3298	0	85
2024.10.04	11:00:00	19029.18	19044.28	19004.68	19011.28	2448	0	85
2024.10.04	12:00:00	19010.28	19061.23	19009.28	19055.28	2096	0	85
2024.10.04	13:00:00	19055.28	19064.18	19030.28	19034.78	1952	0	85
2024.10.04	14:00:00	19035.28	19065.28	19034.28	19047.33	1764	0	85
2024.10.04	15:00:00	19047.38	19166.28	19046.88	19165.38	4636	0	85
2024.10.04	16:00:00	19167.28	19174.78	19079.78	19105.28	4722	0	85
2024.10.04	17:00:00	19106.28	19147.28	19089.28	19144.28	6140	0	95
2024.10.04	18:00:00	19145.28	19173.78	19101.78	19173.78	4421	0	85
2024.10.04	19:00:00	19174.78	19184.28	19146.38	19168.48	3400	0	145
2024.10.04	20:00:00	19167.48	19181.08	19140.28	19145.98	3098	0	125
2024.10.04	21:00:00	19145.98	19179.08	19143.88	19178.08	2340	0	125
2024.10.04	22:00:00	19177.08	19198.58	19170.58	19191.48	1623	0	125
2024.10.07	01:00:00	19221.68	19224.88	19207.68	19210.78	997	0	825
2024.10.07	02:00:00	19210.78	19223.28	19204.28	19205.08	912	0	795
2024.10.07	03:00:00	19204.18	19206.78	19159.98	19179.68	1395	0	625
2024.10.07	04:00:00	19179.18	19229.38	19175.08	19190.88	1181	0	615
2024.10.07	05:00:00	19189.38	19206.38	19172.88	19184.08	971	0	635
2024.10.07	06:00:00	19184.58	19193.08	19172.48	19180.58	820	0	565
2024.10.07	07:00:00	19179.58	19194.88	19175.28	19179.18	761	0	525
2024.10.07	08:00:00	19180.18	19192.48	19159.18	19164.58	1218	0	605
2024.10.07	09:00:00	19162.08	19197.68	19156.68	19188.18	1904	0	135
2024.10.07	10:00:00	19188.18	19188.18	19022.48	19034.98	4504	0	95
2024.10.07	11:00:00	19035.98	19086.08	19024.98	19051.08	2475	0	85
2024.10.07	12:00:00	19051.08	19073.83	19009.38	19069.88	2789	0	85
2024.10.07	13:00:00	19069.78	19090.38	19049.28	19065.78	1905	0	85
2024.10.07	14:00:00	19062.78	19089.83	19052.78	19083.33	1950	0	85
2024.10.07	15:00:00	19082.83	19121.73	19070.38	19103.28	1679	0	85
2024.10.07	16:00:00	19104.28	19136.18	19076.18	19080.18	3563	0	85
2024.10.07	17:00:00	19080.68	19120.18	19080.68	19101.18	4152	0	85
2024.10.07	18:00:00	19101.68	19110.28	19081.88	19085.88	2938	0	85
2024.10.07	19:00:00	19086.88	19095.38	19071.28	19094.08	2398	0	125
2024.10.07	20:00:00	19094.08	19105.08	19077.98	19087.58	1947	0	125
2024.10.07	21:00:00	19087.08	19088.08	18984.78	18988.78	4133	0	125
2024.10.07	22:00:00	18987.78	19032.78	18982.28	19024.28	4155	0	135
2024.10.07	23:00:00	19024.78	19042.88	19021.08	19037.08	1572	0	185
2024.10.08	01:00:00	19029.78	19032.48	18959.98	19001.38	2271	0	785
2024.10.08	02:00:00	19001.38	19028.38	18997.48	19015.88	1567	0	845
2024.10.08	03:00:00	19017.18	19058.38	19017.18	19045.58	993	0	535
2024.10.08	04:00:00	19046.08	19046.68	18981.98	18987.58	1110	0	555
2024.10.08	05:00:00	18990.08	18995.48	18905.98	18934.98	1152	0	715
2024.10.08	06:00:00	18933.98	18960.48	18929.88	18939.58	533	0	555
2024.10.08	07:00:00	18939.58	18962.58	18938.08	18956.58	442	0	525
2024.10.08	08:00:00	18955.58	18972.98	18919.48	18935.48	1069	0	635
2024.10.08	09:00:00	18935.98	18965.88	18908.78	18957.78	2047	0	125
2024.10.08	10:00:00	18960.08	18981.18	18908.68	18955.88	4588	0	0
2024.10.08	11:00:00	18955.78	18982.23	18936.68	18952.68	3217	0	85
2024.10.08	12:00:00	18951.68	19035.68	18951.68	19019.68	2441	0	85
2024.10.08	13:00:00	19020.18	19069.28	19018.68	19065.28	1873	0	85
2024.10.08	14:00:00	19066.28	19087.33	19057.28	19082.73	1807	0	85
2024.10.08	15:00:00	19083.18	19092.18	19065.23	19079.68	2060	0	85
2024.10.08	16:00:00	19082.68	19094.68	19057.98	19087.08	3394	0	85
2024.10.08	17:00:00	19087.08	19098.58	19038.58	19067.93	4000	0	85
2024.10.08	18:00:00	19068.43	19096.68	19057.88	19095.68	2611	0	85
2024.10.08	19:00:00	19094.68	19101.68	19075.48	19097.68	1800	0	125
2024.10.08	20:00:00	19098.18	19098.18	19062.88	19078.68	2406	0	125
2024.10.08	21:00:00	19079.68	19096.68	19077.18	19094.68	1565	0	125
2024.10.08	22:00:00	19093.68	19118.08	19087.18	19101.48	1684	0	125
2024.10.08	23:00:00	19101.48	19101.48	19082.58	19095.08	1044	0	165
2024.10.09	01:00:00	19087.78	19093.48	19080.78	19089.78	456	0	745
2024.10.09	02:00:00	19089.78	19093.68	19080.48	19081.88	545	0	775
2024.10.09	03:00:00	19082.38	19112.18	19075.98	19109.68	719	0	565
2024.10.09	04:00:00	19109.78	19115.38	19087.68	19095.88	1224	0	605
2024.10.09	05:00:00	19095.38	19096.38	19052.98	19056.98	1101	0	545
2024.10.09	06:00:00	19056.48	19064.08	19044.48	19054.48	1047	0	575
2024.10.09	07:00:00	19053.98	19066.38	19048.58	19057.28	537	0	525
2024.10.09	08:00:00	19058.28	19093.68	19056.68	19080.18	1748	0	695
2024.10.09	09:00:00	19078.68	19098.88	19055.18	19089.48	1694	0	125
2024.10.09	10:00:00	19089.48	19089.48	19004.88	19073.38	3368	0	0
2024.10.09	11:00:00	19073.38	19079.43	19035.88	19051.43	2338	0	85
2024.10.09	12:00:00	19051.48	19109.43	19050.48	19082.43	1838	0	85
2024.10.09	13:00:00	19082.48	19123.43	19079.98	19114.98	1511	0	85
2024.10.09	14:00:00	19114.98	19130.43	19112.43	19119.43	1185	0	85
2024.10.09	15:00:00	19119.48	19130.48	19070.43	19098.48	1777	0	85
2024.10.09	16:00:00	19097.48	19187.38	19091.48	19177.88	2850	0	85
2024.10.09	17:00:00	19177.88	19222.83	19177.88	19219.83	3059	0	85
2024.10.09	18:00:00	19218.83	19262.78	19218.83	19255.28	2254	0	85
2024.10.09	19:00:00	19255.78	19260.28	19243.08	19252.28	1933	0	125
2024.10.09	20:00:00	19252.28	19272.28	19240.98	19256.18	1987	0	125
2024.10.09	21:00:00	19256.68	19268.28	19250.18	19260.78	2817	0	125
2024.10.09	22:00:00	19260.28	19284.18	19254.28	19274.08	2407	0	125
2024.10.09	23:00:00	19270.28	19273.58	19239.68	19250.78	1566	0	815
2024.10.10	01:00:00	19258.58	19269.98	19256.38	19268.78	495	0	765
2024.10.10	02:00:00	19268.78	19275.88	19265.18	19271.58	750	0	785
2024.10.10	03:00:00	19271.58	19295.18	19260.68	19283.78	860	0	525
2024.10.10	04:00:00	19283.88	19303.28	19274.98	19289.68	1076	0	575
2024.10.10	05:00:00	19288.68	19295.48	19272.68	19283.58	1014	0	585
2024.10.10	06:00:00	19283.58	19292.08	19266.48	19275.78	633	0	525
2024.10.10	07:00:00	19275.88	19281.28	19270.48	19279.48	317	0	525
2024.10.10	08:00:00	19279.48	19287.98	19231.48	19233.98	916	0	525
2024.10.10	09:00:00	19234.48	19250.48	19226.28	19228.28	1771	0	125
2024.10.10	10:00:00	19227.28	19253.08	19176.08	19193.33	3019	0	85
2024.10.10	11:00:00	19193.33	19213.33	19185.33	19192.33	2101	0	85
2024.10.10	12:00:00	19192.28	19233.83	19175.83	19233.33	1831	0	85
2024.10.10	13:00:00	19233.28	19267.33	19230.78	19234.78	1660	0	85
2024.10.10	14:00:00	19234.28	19263.83	19224.78	19258.83	1468	0	85
2024.10.10	15:00:00	19259.33	19283.83	19193.27	19223.28	3719	0	85
2024.10.10	16:00:00	19223.18	19247.78	19144.28	19156.38	4000	0	85
2024.10.10	17:00:00	19155.88	19212.88	19154.88	19181.88	4334	0	85
2024.10.10	18:00:00	19182.38	19228.58	19175.88	19227.58	2691	0	85
2024.10.10	19:00:00	19227.08	19241.18	19208.38	19218.58	2431	0	125
2024.10.10	20:00:00	19218.58	19231.08	19200.58	19229.58	2844	0	125
2024.10.10	21:00:00	19229.58	19229.58	19184.58	19197.68	2683	0	125
2024.10.10	22:00:00	19197.18	19225.68	19187.88	19224.88	2101	0	125
2024.10.10	23:00:00	19224.88	19235.48	19212.48	19233.98	1124	0	185
2024.10.11	01:00:00	19226.68	19236.18	19225.88	19229.88	427	0	775
2024.10.11	02:00:00	19230.28	19248.58	19230.28	19245.18	801	0	785
2024.10.11	03:00:00	19245.88	19253.48	19232.48	19240.38	862	0	585
2024.10.11	04:00:00	19240.88	19254.68	19238.58	19251.48	553	0	525
2024.10.11	05:00:00	19251.98	19257.58	19245.78	19248.78	368	0	525
2024.10.11	06:00:00	19249.78	19251.58	19239.78	19248.78	403	0	525
2024.10.11	07:00:00	19248.78	19249.78	19227.68	19229.98	369	0	525
2024.10.11	08:00:00	19227.98	19231.08	19208.38	19220.78	644	0	525
2024.10.11	09:00:00	19221.28	19235.58	19201.48	19205.48	1226	0	135
2024.10.11	10:00:00	19205.48	19236.08	19176.28	19231.13	2938	0	85
2024.10.11	11:00:00	19232.13	19235.08	19179.98	19200.13	2303	0	85
2024.10.11	12:00:00	19200.13	19238.63	19192.08	19215.13	2215	0	85
2024.10.11	13:00:00	19216.13	19245.13	19204.58	19244.08	1864	0	85
2024.10.11	14:00:00	19244.08	19260.58	19232.63	19243.93	1477	0	85
2024.10.11	15:00:00	19244.93	19266.03	19222.93	19251.48	2588	0	85
2024.10.11	16:00:00	19251.48	19309.88	19235.48	19307.48	3628	0	85
2024.10.11	17:00:00	19305.98	19370.38	19299.48	19342.13	3957	0	85
2024.10.11	18:00:00	19340.13	19380.28	19337.08	19365.88	2572	0	85
2024.10.11	19:00:00	19365.38	19372.88	19349.88	19357.88	1878	0	125
2024.10.11	20:00:00	19357.88	19386.88	19352.38	19384.88	1413	0	125
2024.10.11	21:00:00	19384.38	19390.88	19370.88	19388.88	1264	0	125
2024.10.11	22:00:00	19390.88	19400.88	19387.88	19389.38	1279	0	125
2024.10.14	01:00:00	19360.98	19362.38	19344.08	19355.18	753	0	795
2024.10.14	02:00:00	19354.78	19360.68	19343.18	19347.28	796	0	795
2024.10.14	03:00:00	19346.78	19383.88	19338.18	19366.88	644	0	525
2024.10.14	04:00:00	19366.38	19378.88	19353.18	19358.58	732	0	545
2024.10.14	05:00:00	19358.08	19366.08	19339.18	19365.38	519	0	525
2024.10.14	06:00:00	19365.88	19380.68	19356.08	19369.68	334	0	525
2024.10.14	07:00:00	19369.18	19371.48	19363.18	19365.68	142	0	525
2024.10.14	08:00:00	19365.68	19382.98	19364.98	19376.78	434	0	525
2024.10.14	09:00:00	19378.78	19422.48	19376.78	19407.38	935	0	125
2024.10.14	10:00:00	19409.88	19482.38	19403.28	19480.38	2648	0	85
2024.10.14	11:00:00	19480.88	19486.38	19389.08	19404.03	2257	0	85
2024.10.14	12:00:00	19404.08	19435.08	19399.03	19412.53	1550	0	85
2024.10.14	13:00:00	19412.58	19432.03	19403.03	19404.08	1324	0	85
2024.10.14	14:00:00	19406.08	19430.03	19403.08	19415.53	1052	0	85
2024.10.14	15:00:00	19415.53	19450.53	19415.53	19432.58	996	0	85
2024.10.14	16:00:00	19432.58	19516.48	19425.98	19508.98	2433	0	85
2024.10.14	17:00:00	19509.98	19518.98	19479.98	19483.23	2806	0	85
2024.10.14	18:00:00	19484.23	19514.58	19475.18	19511.08	1752	0	85
2024.10.14	19:00:00	19510.08	19531.08	19508.08	19528.08	820	0	125
2024.10.14	20:00:00	19527.08	19531.08	19510.58	19516.08	504	0	125
2024.10.14	21:00:00	19515.58	19543.08	19511.58	19537.08	626	0	125
2024.10.14	22:00:00	19538.58	19548.08	19532.88	19534.88	987	0	125
2024.10.14	23:00:00	19534.38	19544.38	19520.48	19543.48	1419	0	165
2024.10.15	01:00:00	19545.48	19559.28	19535.98	19557.28	449	0	765
2024.10.15	02:00:00	19557.28	19581.78	19554.78	19578.78	486	0	775
2024.10.15	03:00:00	19579.28	19581.28	19552.98	19562.38	592	0	525
2024.10.15	04:00:00	19563.38	19573.98	19558.38	19572.88	315	0	525
2024.10.15	05:00:00	19571.88	19595.48	19570.38	19577.68	428	0	525
2024.10.15	06:00:00	19577.78	19580.98	19567.68	19573.98	265	0	525
2024.10.15	07:00:00	19574.48	19580.98	19570.08	19570.98	182	0	525
2024.10.15	08:00:00	19570.48	19570.88	19531.88	19534.38	471	0	525
2024.10.15	09:00:00	19533.38	19585.88	19528.28	19580.78	963	0	135
2024.10.15	10:00:00	19582.78	19638.18	19571.58	19597.83	3074	0	85
2024.10.15	11:00:00	19597.33	19610.33	19535.53	19538.53	2524	0	85
2024.10.15	12:00:00	19539.03	19560.53	19517.48	19548.48	1747	0	85
2024.10.15	13:00:00	19548.53	19578.03	19543.98	19558.53	1466	0	85
2024.10.15	14:00:00	19559.53	19573.03	19535.53	19568.98	1488	0	85
2024.10.15	15:00:00	19568.98	19582.48	19547.53	19548.53	1468	0	85
2024.10.15	16:00:00	19548.48	19572.48	19538.38	19545.48	2239	0	85
2024.10.15	17:00:00	19544.48	19563.88	19451.88	19507.88	5084	0	85
2024.10.15	18:00:00	19507.38	19537.88	19454.88	19487.88	3964	0	85
2024.10.15	19:00:00	19487.88	19520.98	19482.38	19505.18	1988	0	125
2024.10.15	20:00:00	19505.68	19513.18	19476.58	19477.18	1193	0	125
2024.10.15	21:00:00	19477.68	19484.18	19462.18	19468.18	1003	0	125
2024.10.15	22:00:00	19467.68	19482.08	19451.88	19476.88	1799	0	125
2024.10.15	23:00:00	19476.88	19476.88	19456.48	19460.48	1454	0	185
2024.10.16	01:00:00	19448.48	19471.68	19446.68	19469.98	739	0	795
2024.10.16	02:00:00	19469.78	19482.38	19469.68	19472.98	853	0	785
2024.10.16	03:00:00	19473.68	19480.08	19451.88	19465.28	986	0	545
2024.10.16	04:00:00	19465.28	19487.48	19458.88	19477.78	663	0	555
2024.10.16	05:00:00	19478.28	19491.68	19471.48	19487.58	462	0	525
2024.10.16	06:00:00	19487.68	19491.78	19472.08	19482.58	438	0	525
2024.10.16	07:00:00	19483.58	19484.48	19471.08	19478.68	335	0	525
2024.10.16	08:00:00	19477.68	19484.68	19444.08	19484.68	674	0	525
2024.10.16	09:00:00	19483.68	19488.98	19455.48	19475.98	1476	0	125
2024.10.16	10:00:00	19475.98	19493.28	19422.38	19472.63	3613	0	85
2024.10.16	11:00:00	19473.63	19477.58	19407.58	19408.58	2004	0	85
2024.10.16	12:00:00	19408.08	19446.63	19401.63	19420.63	1996	0	85
2024.10.16	13:00:00	19420.63	19436.13	19402.13	19426.58	1480	0	85
2024.10.16	14:00:00	19426.58	19447.58	19416.03	19432.03	1223	0	85
2024.10.16	15:00:00	19431.98	19459.03	19431.98	19441.48	1323	0	85
2024.10.16	16:00:00	19441.48	19478.38	19431.48	19475.53	2431	0	85
2024.10.16	17:00:00	19475.48	19512.03	19468.98	19479.03	2539	0	85
2024.10.16	18:00:00	19479.53	19481.53	19407.98	19407.98	1892	0	85
2024.10.16	19:00:00	19407.98	19450.28	19404.48	19445.28	991	0	125
2024.10.16	20:00:00	19445.78	19455.78	19434.28	19455.28	667	0	125
2024.10.16	21:00:00	19454.28	19481.28	19453.28	19473.28	714	0	125
2024.10.16	22:00:00	19474.28	19483.28	19462.28	19481.18	652	0	125
2024.10.16	23:00:00	19481.18	19481.58	19465.88	19479.38	913	0	145
2024.10.17	01:00:00	19475.48	19475.48	19463.98	19471.28	604	0	785
2024.10.17	02:00:00	19471.28	19471.28	19458.58	19460.98	489	0	765
2024.10.17	03:00:00	19459.88	19480.68	19450.08	19480.08	758	0	525
2024.10.17	04:00:00	19480.08	19489.58	19459.38	19469.88	638	0	525
2024.10.17	05:00:00	19469.88	19475.58	19433.38	19452.48	617	0	535
2024.10.17	06:00:00	19451.98	19461.88	19439.48	19447.28	304	0	525
2024.10.17	07:00:00	19446.28	19450.68	19431.98	19436.68	349	0	525
2024.10.17	08:00:00	19436.78	19473.38	19430.98	19457.18	675	0	525
2024.10.17	09:00:00	19459.18	19503.18	19449.08	19491.48	1507	0	125
2024.10.17	10:00:00	19493.48	19555.88	19473.78	19544.88	2825	0	85
2024.10.17	11:00:00	19544.38	19604.83	19527.78	19593.33	2111	0	85
2024.10.17	12:00:00	19594.33	19607.28	19550.33	19572.83	1531	0	85
2024.10.17	13:00:00	19572.33	19601.28	19569.28	19599.28	1317	0	85
2024.10.17	14:00:00	19599.28	19600.78	19537.83	19548.33	1194	0	85
2024.10.17	15:00:00	19547.83	19612.28	19539.28	19603.28	1850	0	85
2024.10.17	16:00:00	19604.28	19680.28	19598.28	19599.78	3475	0	85
2024.10.17	17:00:00	19600.28	19609.28	19544.88	19579.08	3556	0	85
2024.10.17	18:00:00	19578.08	19594.18	19555.48	19578.58	1979	0	85
2024.10.17	19:00:00	19577.58	19599.88	19571.58	19594.88	1092	0	125
2024.10.17	20:00:00	19594.88	19598.88	19576.88	19587.88	754	0	125
2024.10.17	21:00:00	19588.38	19589.38	19549.88	19561.88	1270	0	125
2024.10.17	22:00:00	19562.38	19568.88	19553.38	19565.38	1011	0	125
2024.10.17	23:00:00	19565.38	19580.48	19559.08	19564.38	1449	0	135
2024.10.18	01:00:00	19558.28	19582.68	19557.18	19576.98	550	0	785
2024.10.18	02:00:00	19576.98	19579.08	19573.38	19577.48	475	0	755
2024.10.18	03:00:00	19577.98	19578.28	19477.78	19528.98	874	0	565
2024.10.18	04:00:00	19527.98	19544.28	19523.78	19536.58	462	0	525
2024.10.18	05:00:00	19536.68	19543.38	19519.98	19530.78	469	0	525
2024.10.18	06:00:00	19530.28	19536.08	19504.88	19512.48	350	0	525
2024.10.18	07:00:00	19512.58	19527.78	19508.28	19519.88	410	0	525
2024.10.18	08:00:00	19520.88	19556.28	19518.08	19554.78	668	0	575
2024.10.18	09:00:00	19558.28	19570.98	19537.68	19548.58	869	0	135
2024.10.18	10:00:00	19548.58	19635.73	19538.88	19632.78	2417	0	85
2024.10.18	11:00:00	19632.78	19639.73	19611.68	19621.73	2020	0	85
2024.10.18	12:00:00	19621.78	19636.78	19606.83	19621.83	1644	0	85
2024.10.18	13:00:00	19623.33	19630.83	19596.33	19613.88	1359	0	85
2024.10.18	14:00:00	19613.88	19657.23	19608.88	19653.23	1351	0	85
2024.10.18	15:00:00	19653.23	19668.23	19627.78	19627.78	1206	0	85
2024.10.18	16:00:00	19627.78	19655.78	19602.28	19618.78	2334	0	85
2024.10.18	17:00:00	19619.78	19663.43	19606.38	19655.93	2186	0	85
2024.10.18	18:00:00	19655.43	19667.48	19645.78	19649.78	1385	0	85
2024.10.18	19:00:00	19649.28	19663.58	19643.28	19655.58	819	0	125
2024.10.18	20:00:00	19656.08	19664.08	19654.08	19654.18	959	0	125
2024.10.18	21:00:00	19653.18	19663.18	19639.68	19648.18	979	0	125
2024.10.18	22:00:00	19648.18	19650.18	19634.18	19637.18	1034	0	125
2024.10.21	01:00:00	19661.08	19671.58	19658.28	19671.08	568	0	795
2024.10.21	02:00:00	19671.08	19676.18	19669.08	19673.18	760	0	795
2024.10.21	03:00:00	19673.58	19674.28	19637.08	19646.98	887	0	525
2024.10.21	04:00:00	19646.48	19658.28	19643.68	19644.08	770	0	545
2024.10.21	05:00:00	19644.58	19649.38	19632.18	19635.98	521	0	525
2024.10.21	06:00:00	19635.88	19640.68	19627.58	19629.58	536	0	525
2024.10.21	07:00:00	19629.58	19639.68	19618.08	19624.58	432	0	525
2024.10.21	08:00:00	19624.08	19625.08	19599.88	19608.98	981	0	525
2024.10.21	09:00:00	19609.48	19630.98	19603.48	19604.98	1315	0	125
2024.10.21	10:00:00	19604.98	19644.83	19596.68	19620.43	2627	0	85
2024.10.21	11:00:00	19619.93	19630.93	19593.93	19597.93	1886	0	85
2024.10.21	12:00:00	19596.93	19610.88	19537.78	19558.43	1948	0	85
2024.10.21	13:00:00	19556.88	19562.43	19495.43	19498.38	1972	0	85
2024.10.21	14:00:00	19497.88	19502.93	19459.88	19479.33	2150	0	85
2024.10.21	15:00:00	19480.33	19517.98	19473.28	19514.98	1714	0	85
2024.10.21	16:00:00	19514.48	19550.53	19512.48	19543.83	2485	0	85
2024.10.21	17:00:00	19544.83	19558.33	19492.18	19501.23	2877	0	85
2024.10.21	18:00:00	19501.23	19503.68	19449.18	19489.88	2888	0	85
2024.10.21	19:00:00	19488.38	19496.98	19472.98	19493.98	1850	0	125
2024.10.21	20:00:00	19493.98	19506.48	19488.98	19505.48	1530	0	125
2024.10.21	21:00:00	19506.48	19506.98	19486.98	19489.98	1355	0	125
2024.10.21	22:00:00	19488.98	19506.48	19488.48	19501.88	1874	0	125
2024.10.21	23:00:00	19501.38	19531.28	19491.28	19525.48	1336	0	155
2024.10.22	01:00:00	19531.98	19536.98	19525.18	19525.28	484	0	775
2024.10.22	02:00:00	19525.28	19527.28	19519.78	19525.48	630	0	775
2024.10.22	03:00:00	19525.98	19550.58	19508.68	19516.58	1017	0	545
2024.10.22	04:00:00	19516.58	19528.48	19501.58	19524.28	1162	0	655
2024.10.22	05:00:00	19524.38	19534.38	19509.88	19512.58	646	0	535
2024.10.22	06:00:00	19510.58	19537.08	19510.48	19527.98	608	0	525
2024.10.22	07:00:00	19529.98	19544.78	19519.78	19526.08	523	0	525
2024.10.22	08:00:00	19525.58	19565.98	19516.68	19537.98	996	0	595
2024.10.22	09:00:00	19536.48	19552.78	19512.88	19542.78	1336	0	125
2024.10.22	10:00:00	19543.78	19588.18	19508.08	19551.18	3586	0	85
2024.10.22	11:00:00	19551.18	19563.68	19498.68	19500.18	2683	0	85
2024.10.22	12:00:00	19499.18	19513.23	19394.18	19425.18	2865	0	85
2024.10.22	13:00:00	19424.08	19430.08	19367.18	19379.68	2873	0	85
2024.10.22	14:00:00	19380.18	19451.73	19371.68	19425.23	2022	0	85
2024.10.22	15:00:00	19425.23	19458.18	19399.23	19422.18	2067	0	85
2024.10.22	16:00:00	19422.18	19462.08	19414.68	19448.18	3086	0	85
2024.10.22	17:00:00	19448.08	19469.18	19433.73	19453.18	3272	0	85
2024.10.22	18:00:00	19453.18	19456.68	19420.78	19436.98	1902	0	85
2024.10.22	19:00:00	19436.98	19436.98	19406.48	19426.48	1543	0	125
2024.10.22	20:00:00	19426.98	19466.48	19424.48	19464.98	1499	0	125
2024.10.22	21:00:00	19463.98	19476.98	19448.48	19449.98	1566	0	125
2024.10.22	22:00:00	19449.48	19475.98	19447.48	19459.88	1433	0	125
2024.10.22	23:00:00	19459.88	19459.88	19422.98	19437.28	2933	0	145
2024.10.23	01:00:00	19420.48	19427.18	19411.98	19420.68	574	0	775
2024.10.23	02:00:00	19420.68	19437.78	19416.18	19436.78	888	0	795
2024.10.23	03:00:00	19436.78	19473.68	19414.98	19420.98	803	0	605
2024.10.23	04:00:00	19420.98	19443.88	19415.48	19436.18	895	0	525
2024.10.23	05:00:00	19435.68	19458.38	19432.98	19453.38	588	0	545
2024.10.23	06:00:00	19453.88	19462.48	19433.58	19445.08	517	0	525
2024.10.23	07:00:00	19445.58	19462.58	19437.48	19456.78	515	0	525
2024.10.23	08:00:00	19457.28	19469.08	19452.38	19462.38	625	0	525
2024.10.23	09:00:00	19462.38	19470.38	19397.28	19402.68	1052	0	135
2024.10.23	10:00:00	19402.68	19454.18	19373.08	19397.03	2801	0	85
2024.10.23	11:00:00	19394.03	19422.98	19381.53	19389.03	2234	0	85
2024.10.23	12:00:00	19388.53	19444.03	19387.98	19431.03	1763	0	85
2024.10.23	13:00:00	19430.98	19437.03	19325.98	19341.88	1811	0	85
2024.10.23	14:00:00	19341.38	19409.03	19338.98	19400.03	1678	0	85
2024.10.23	15:00:00	19401.03	19404.03	19350.03	19365.98	1649	0	85
2024.10.23	16:00:00	19365.98	19443.48	19355.98	19425.03	2606	0	85
2024.10.23	17:00:00	19423.98	19465.48	19401.98	19446.53	2846	0	85
2024.10.23	18:00:00	19445.53	19452.98	19372.18	19415.78	2600	0	85
2024.10.23	19:00:00	19414.78	19416.88	19371.78	19384.68	1849	0	125
2024.10.23	20:00:00	19383.68	19385.78	19340.38	19341.88	1921	0	125
2024.10.23	21:00:00	19340.88	19359.78	19300.28	19356.88	1911	0	125
2024.10.23	22:00:00	19355.88	19356.88	19323.08	19339.78	1847	0	125
2024.10.23	23:00:00	19334.88	19369.08	19309.08	19360.48	3081	0	855
2024.10.24	01:00:00	19353.38	19360.28	19349.78	19353.98	646	0	795
2024.10.24	02:00:00	19353.98	19356.78	19344.68	19353.88	686	0	795
2024.10.24	03:00:00	19353.88	19393.68	19325.28	19393.18	946	0	565
2024.10.24	04:00:00	19392.68	19401.38	19377.58	19386.08	650	0	595
2024.10.24	05:00:00	19385.08	19400.28	19373.08	19393.48	541	0	525
2024.10.24	06:00:00	19393.98	19398.38	19375.48	19375.98	416	0	525
2024.10.24	07:00:00	19376.48	19378.68	19353.28	19367.28	386	0	525
2024.10.24	08:00:00	19367.78	19367.78	19349.68	19356.58	638	0	585
2024.10.24	09:00:00	19356.08	19437.88	19356.08	19400.78	1369	0	125
2024.10.24	10:00:00	19400.78	19504.18	19400.78	19497.18	2964	0	85
2024.10.24	11:00:00	19496.68	19549.18	19473.18	19497.73	2454	0	85
2024.10.24	12:00:00	19496.68	19515.18	19460.73	19487.23	1798	0	85
2024.10.24	13:00:00	19487.73	19508.23	19469.08	19499.18	1559	0	85
2024.10.24	14:00:00	19499.18	19549.73	19498.18	19540.23	1070	0	85
2024.10.24	15:00:00	19540.18	19540.18	19486.13	19518.13	1613	0	85
2024.10.24	16:00:00	19519.13	19557.68	19498.03	19524.63	2816	0	85
2024.10.24	17:00:00	19524.53	19529.13	19450.23	19464.83	2996	0	85
2024.10.24	18:00:00	19465.33	19476.73	19415.73	19433.33	2289	0	85
2024.10.24	19:00:00	19433.33	19437.93	19393.83	19435.53	2080	0	135
2024.10.24	20:00:00	19435.53	19450.03	19421.43	19422.53	1238	0	135
2024.10.24	21:00:00	19423.53	19437.03	19414.33	19427.33	1218	0	135
2024.10.24	22:00:00	19426.33	19444.83	19418.33	19438.18	1283	0	135
2024.10.24	23:00:00	19437.68	19454.03	19432.38	19441.23	1285	0	165
2024.10.25	01:00:00	19439.58	19443.58	19436.38	19439.38	515	0	785
2024.10.25	02:00:00	19439.33	19440.33	19427.93	19439.73	622	0	785
2024.10.25	03:00:00	19440.23	19449.93	19423.03	19436.83	962	0	605
2024.10.25	04:00:00	19436.33	19450.33	19434.43	19438.03	672	0	535
2024.10.25	05:00:00	19437.53	19448.03	19430.63	19436.03	436	0	535
2024.10.25	06:00:00	19436.03	19440.93	19410.03	19415.63	635	0	535
2024.10.25	07:00:00	19415.63	19415.63	19396.43	19402.33	529	0	535
2024.10.25	08:00:00	19403.33	19408.03	19349.53	19400.63	1029	0	585
2024.10.25	09:00:00	19401.13	19437.93	19397.33	19404.33	1192	0	145
2024.10.25	10:00:00	19403.23	19438.63	19385.73	19429.18	3095	0	85
2024.10.25	11:00:00	19429.18	19455.23	19391.53	19449.73	2206	0	85
2024.10.25	12:00:00	19449.73	19513.73	19449.68	19477.73	1881	0	85
2024.10.25	13:00:00	19477.73	19490.23	19431.63	19432.63	1469	0	85
2024.10.25	14:00:00	19432.68	19461.13	19412.63	19452.13	1595	0	85
2024.10.25	15:00:00	19452.08	19473.08	19443.63	19459.03	1708	0	85
2024.10.25	16:00:00	19460.03	19492.13	19435.93	19456.03	2482	0	85
2024.10.25	17:00:00	19456.03	19517.13	19447.03	19480.13	3135	0	85
2024.10.25	18:00:00	19479.63	19495.08	19440.08	19465.63	2449	0	85
2024.10.25	19:00:00	19464.63	19494.23	19455.73	19473.73	1628	0	135
2024.10.25	20:00:00	19473.73	19474.23	19389.43	19403.43	2953	0	135
2024.10.25	21:00:00	19404.43	19433.23	19384.93	19425.23	3133	0	135
2024.10.25	22:00:00	19424.73	19425.73	19403.13	19410.33	1632	0	135
2024.10.28	01:00:00	19491.18	19508.78	19485.68	19494.18	1421	0	815
2024.10.28	02:00:00	19493.48	19496.83	19472.63	19478.73	1117	0	825
2024.10.28	03:00:00	19478.73	19525.33	19476.43	19502.33	2053	0	855
2024.10.28	04:00:00	19500.83	19522.93	19487.63	19492.73	1433	0	625
2024.10.28	05:00:00	19492.73	19518.33	19489.73	19492.93	802	0	535
2024.10.28	06:00:00	19493.43	19496.43	19469.43	19481.73	591	0	535
2024.10.28	07:00:00	19480.23	19518.93	19474.33	19517.83	815	0	565
2024.10.28	08:00:00	19518.83	19520.93	19475.33	19478.23	865	0	565
2024.10.28	09:00:00	19477.73	19545.33	19473.23	19523.43	1029	0	605
2024.10.28	10:00:00	19522.93	19582.33	19518.93	19528.13	1858	0	135
2024.10.28	11:00:00	19528.13	19568.58	19480.43	19556.53	3604	0	85
2024.10.28	12:00:00	19557.03	19571.83	19464.83	19479.33	2978	0	85
2024.10.28	13:00:00	19475.33	19491.33	19429.43	19435.33	2637	0	85
2024.10.28	14:00:00	19435.83	19444.83	19400.83	19411.43	2397	0	85
2024.10.28	15:00:00	19411.33	19489.93	19396.23	19484.33	2455	0	85
2024.10.28	16:00:00	19483.83	19495.43	19448.93	19459.83	3805	0	85
2024.10.28	17:00:00	19460.83	19524.03	19427.23	19512.43	3239	0	85
2024.10.28	18:00:00	19515.43	19556.53	19495.33	19523.93	3052	0	85
2024.10.28	19:00:00	19524.53	19544.73	19506.53	19538.23	2464	0	85
2024.10.28	20:00:00	19538.23	19556.73	19532.73	19555.23	1803	0	135
2024.10.28	21:00:00	19555.23	19557.23	19539.23	19540.23	1966	0	135
2024.10.28	22:00:00	19538.73	19545.03	19527.28	19529.18	1953	0	125
2024.10.28	23:00:00	19530.18	19534.73	19523.73	19532.73	356	0	125
2024.10.29	01:00:00	19526.38	19526.38	19511.18	19514.58	753	0	775
2024.10.29	02:00:00	19514.53	19522.13	19513.63	19519.13	782	0	805
2024.10.29	03:00:00	19520.43	19531.03	19506.23	19522.03	975	0	535
2024.10.29	04:00:00	19522.03	19526.23	19498.23	19511.33	895	0	575
2024.10.29	05:00:00	19511.43	19525.23	19502.83	19518.83	974	0	615
2024.10.29	06:00:00	19518.83	19534.03	19497.23	19501.23	721	0	535
2024.10.29	07:00:00	19501.73	19530.23	19497.73	19528.83	616	0	535
2024.10.29	08:00:00	19528.33	19545.03	19519.13	19541.63	756	0	535
2024.10.29	09:00:00	19542.13	19567.93	19540.13	19560.83	786	0	565
2024.10.29	10:00:00	19559.83	19615.63	19558.33	19596.93	1947	0	135
2024.10.29	11:00:00	19593.93	19644.83	19568.13	19612.13	4180	0	85
2024.10.29	12:00:00	19612.13	19637.28	19590.13	19637.28	3031	0	85
2024.10.29	13:00:00	19637.28	19638.28	19570.63	19601.73	2669	0	0
2024.10.29	14:00:00	19601.73	19614.13	19564.13	19564.63	2500	0	0
2024.10.29	15:00:00	19564.18	19585.13	19533.33	19537.83	2409	0	85
2024.10.29	16:00:00	19538.33	19548.38	19472.23	19503.33	3873	0	85
2024.10.29	17:00:00	19502.83	19530.23	19477.33	19497.38	4495	0	85
2024.10.29	18:00:00	19496.38	19506.33	19461.33	19487.83	3081	0	85
2024.10.29	19:00:00	19488.33	19503.33	19465.83	19492.53	2693	0	85
2024.10.29	20:00:00	19493.03	19504.83	19460.03	19467.43	2542	0	135
2024.10.29	21:00:00	19466.93	19491.63	19462.13	19477.13	1826	0	135
2024.10.29	22:00:00	19477.63	19478.63	19465.53	19472.58	1674	0	135
2024.10.29	23:00:00	19473.58	19486.13	19470.98	19478.63	989	0	135
2024.10.30	01:00:00	19480.48	19500.68	19480.48	19498.08	744	0	805
2024.10.30	02:00:00	19498.08	19498.93	19483.33	19487.73	940	0	815
2024.10.30	03:00:00	19487.43	19498.83	19480.33	19484.83	984	0	555
2024.10.30	04:00:00	19484.83	19489.23	19474.43	19475.93	813	0	555
2024.10.30	05:00:00	19475.93	19477.63	19445.83	19451.03	588	0	535
2024.10.30	06:00:00	19447.53	19449.43	19416.33	19423.03	693	0	565
2024.10.30	07:00:00	19422.53	19425.13	19407.53	19412.53	645	0	535
2024.10.30	08:00:00	19412.53	19422.53	19399.73	19405.93	671	0	555
2024.10.30	09:00:00	19406.43	19447.83	19394.13	19444.33	979	0	545
2024.10.30	10:00:00	19444.83	19453.53	19399.83	19399.83	1765	0	135
2024.10.30	11:00:00	19399.83	19424.23	19373.13	19384.33	3920	0	85
2024.10.30	12:00:00	19382.33	19390.83	19346.83	19363.93	3247	0	0
2024.10.30	13:00:00	19363.93	19370.93	19313.83	19317.43	2766	0	85
2024.10.30	14:00:00	19317.93	19330.43	19250.83	19257.83	2422	0	85
2024.10.30	15:00:00	19255.83	19264.33	19200.83	19219.48	2887	0	85
2024.10.30	16:00:00	19218.98	19302.83	19197.98	19300.83	4723	0	85
2024.10.30	17:00:00	19299.83	19335.83	19285.83	19310.23	4544	0	85
2024.10.30	18:00:00	19310.13	19320.83	19280.98	19286.93	3382	0	85
2024.10.30	19:00:00	19286.43	19295.43	19241.43	19272.53	2680	0	85
2024.10.30	20:00:00	19272.53	19290.73	19245.93	19264.63	2412	0	135
2024.10.30	21:00:00	19264.63	19282.63	19262.23	19271.23	2028	0	135
2024.10.30	22:00:00	19270.23	19272.13	19244.43	19252.48	2841	0	135
2024.10.30	23:00:00	19252.48	19259.23	19242.48	19248.73	1297	0	135
2024.10.31	01:00:00	19208.28	19233.08	19204.38	19218.88	1705	0	855
2024.10.31	02:00:00	19219.18	19224.33	19210.13	19211.93	1285	0	815
2024.10.31	03:00:00	19211.73	19219.53	19195.23	19195.23	1140	0	575
2024.10.31	04:00:00	19194.23	19220.03	19192.33	19197.23	769	0	535
2024.10.31	05:00:00	19196.73	19200.63	19179.53	19182.83	658	0	565
2024.10.31	06:00:00	19183.33	19195.33	19177.63	19184.63	628	0	545
2024.10.31	07:00:00	19184.63	19188.13	19161.53	19174.03	510	0	535
2024.10.31	08:00:00	19173.03	19188.63	19170.03	19182.73	685	0	535
2024.10.31	09:00:00	19185.73	19188.13	19146.63	19158.33	803	0	555
2024.10.31	10:00:00	19156.33	19170.43	19116.43	19122.43	2463	0	155
2024.10.31	11:00:00	19122.43	19171.83	19081.73	19153.33	4510	0	0
2024.10.31	12:00:00	19152.83	19156.83	19123.33	19151.38	2846	0	0
2024.10.31	13:00:00	19151.88	19178.43	19138.93	19160.83	2648	0	85
2024.10.31	14:00:00	19160.83	19173.88	19142.93	19161.33	2048	0	85
2024.10.31	15:00:00	19160.83	19182.43	19147.88	19172.83	2573	0	85
2024.10.31	16:00:00	19172.93	19185.93	19114.63	19134.13	3748	0	85
2024.10.31	17:00:00	19133.13	19133.13	19003.63	19015.13	4474	0	85
2024.10.31	18:00:00	19014.63	19055.13	19012.03	19032.63	4199	0	85
2024.10.31	19:00:00	19032.13	19099.43	19024.53	19097.93	3451	0	85
2024.10.31	20:00:00	19097.43	19115.93	19073.83	19083.93	2537	0	135
2024.10.31	21:00:00	19084.43	19090.93	19059.13	19082.83	2703	0	135
2024.10.31	22:00:00	19082.33	19102.43	19072.23	19076.68	3190	0	135
2024.10.31	23:00:00	19076.18	19089.93	19064.63	19080.43	1569	0	135
2024.11.01	01:00:00	19106.28	19125.98	19091.18	19110.78	1313	0	845
2024.11.01	02:00:00	19110.73	19113.43	19092.13	19098.23	1595	0	845
2024.11.01	03:00:00	19098.63	19098.93	19070.33	19077.93	1408	0	625
2024.11.01	04:00:00	19077.43	19086.93	19061.23	19068.13	1106	0	585
2024.11.01	05:00:00	19067.13	19074.83	19039.83	19074.83	1007	0	545
2024.11.01	06:00:00	19074.83	19087.83	19067.53	19081.33	585	0	535
2024.11.01	07:00:00	19081.83	19083.63	19065.33	19069.93	655	0	535
2024.11.01	08:00:00	19070.93	19074.33	19058.63	19065.13	964	0	615
2024.11.01	09:00:00	19066.13	19072.13	19051.23	19056.43	841	0	535
2024.11.01	10:00:00	19055.93	19094.73	19054.33	19084.63	1841	0	135
2024.11.01	11:00:00	19083.63	19154.03	19064.43	19132.03	3613	0	85
2024.11.01	12:00:00	19133.03	19173.63	19130.43	19163.23	2552	0	85
2024.11.01	13:00:00	19164.23	19192.23	19146.73	19189.23	2195	0	85
2024.11.01	14:00:00	19189.23	19212.23	19178.23	19202.43	1763	0	85
2024.11.01	15:00:00	19202.93	19215.13	19170.75	19210.23	3088	0	85
2024.11.01	16:00:00	19210.18	19238.03	19200.13	19218.70	3520	0	85
2024.11.01	17:00:00	19218.65	19263.03	19214.03	19260.93	4013	0	85
2024.11.01	18:00:00	19259.93	19299.03	19257.93	19279.63	3287	0	85
2024.11.01	19:00:00	19279.63	19297.58	19232.63	19235.23	2902	0	85
2024.11.01	20:00:00	19235.73	19256.33	19221.03	19225.13	3494	0	145
2024.11.01	21:00:00	19224.63	19237.83	19211.23	19234.83	2918	0	135
2024.11.01	22:00:00	19234.33	19243.23	19219.73	19224.23	2245	0	135
2024.11.04	01:00:00	19195.33	19218.83	19190.93	19201.83	1826	0	885
2024.11.04	02:00:00	19202.03	19217.63	19176.33	19210.73	1100	0	625
2024.11.04	03:00:00	19211.23	19245.33	19211.13	19237.93	1123	0	625
2024.11.04	04:00:00	19237.93	19268.53	19235.23	19252.83	810	0	535
2024.11.04	05:00:00	19252.83	19270.23	19250.63	19268.33	671	0	535
2024.11.04	06:00:00	19267.83	19274.63	19253.23	19264.53	558	0	535
2024.11.04	07:00:00	19264.53	19269.03	19247.83	19267.83	501	0	535
2024.11.04	08:00:00	19265.83	19281.53	19263.13	19269.83	818	0	555
2024.11.04	09:00:00	19270.33	19294.63	19229.63	19230.13	1601	0	0
2024.11.04	10:00:00	19236.63	19261.03	19213.53	19235.03	3295	0	85
2024.11.04	11:00:00	19235.03	19275.03	19216.93	19269.13	2632	0	85
2024.11.04	12:00:00	19269.63	19286.13	19259.53	19268.13	2076	0	85
2024.11.04	13:00:00	19268.08	19280.13	19242.63	19246.53	1637	0	85
2024.11.04	14:00:00	19247.03	19256.08	19218.13	19248.13	1643	0	85
2024.11.04	15:00:00	19248.08	19254.13	19183.43	19194.93	1791	0	85
2024.11.04	16:00:00	19195.43	19204.83	19157.33	19180.93	3259	0	85
2024.11.04	17:00:00	19181.93	19216.43	19172.33	19190.53	3842	0	85
2024.11.04	18:00:00	19190.53	19196.03	19099.53	19108.93	3389	0	85
2024.11.04	19:00:00	19109.43	19149.13	19092.93	19140.63	2856	0	145
2024.11.04	20:00:00	19141.13	19153.23	19115.93	19143.73	2540	0	135
2024.11.04	21:00:00	19144.23	19152.23	19133.23	19144.68	1676	0	125
2024.11.04	22:00:00	19144.68	19148.08	19116.03	19134.43	2240	0	125
2024.11.04	23:00:00	19134.43	19151.18	19122.48	19140.88	1572	0	165
2024.11.05	01:00:00	19149.43	19150.53	19126.13	19126.63	1231	0	825
2024.11.05	02:00:00	19126.63	19127.63	19105.03	19124.63	1043	0	535
2024.11.05	03:00:00	19123.13	19155.93	19106.23	19151.83	1196	0	625
2024.11.05	04:00:00	19151.33	19151.33	19127.33	19139.63	830	0	605
2024.11.05	05:00:00	19137.63	19151.03	19137.03	19140.93	701	0	545
2024.11.05	06:00:00	19140.93	19158.43	19139.33	19139.83	503	0	535
2024.11.05	07:00:00	19139.83	19165.53	19139.83	19161.13	617	0	535
2024.11.05	08:00:00	19162.13	19185.83	19156.03	19177.03	743	0	535
2024.11.05	09:00:00	19178.03	19191.43	19158.53	19173.28	1022	0	135
2024.11.05	10:00:00	19174.28	19185.78	19102.18	19184.18	3410	0	95
2024.11.05	11:00:00	19183.68	19222.68	19174.08	19207.58	2448	0	85
2024.11.05	12:00:00	19207.08	19208.58	19136.98	19170.08	2195	0	85
2024.11.05	13:00:00	19169.08	19188.08	19154.18	19158.58	2002	0	85
2024.11.05	14:00:00	19157.58	19184.68	19157.18	19184.18	1976	0	85
2024.11.05	15:00:00	19184.18	19204.68	19178.18	19184.68	1691	0	85
2024.11.05	16:00:00	19184.68	19197.98	19145.08	19180.08	3195	0	85
2024.11.05	17:00:00	19182.58	19248.18	19174.98	19244.58	3920	0	95
2024.11.05	18:00:00	19246.08	19280.58	19238.08	19278.08	3161	0	85
2024.11.05	19:00:00	19279.08	19307.18	19273.28	19300.68	2356	0	145
2024.11.05	20:00:00	19301.18	19303.18	19257.98	19266.48	2427	0	145
2024.11.05	21:00:00	19266.48	19284.48	19242.68	19243.28	2672	0	145
2024.11.05	22:00:00	19243.78	19285.78	19239.28	19284.78	2675	0	155
2024.11.05	23:00:00	19285.38	19310.38	19274.68	19295.58	2223	0	205
2024.11.06	01:00:00	19297.58	19307.88	19280.38	19284.78	1637	0	1135
2024.11.06	02:00:00	19284.48	19343.98	19282.68	19312.38	1459	0	835
2024.11.06	03:00:00	19311.88	19357.48	19311.88	19344.78	1130	0	845
2024.11.06	04:00:00	19345.18	19409.48	19341.38	19409.48	1063	0	825
2024.11.06	05:00:00	19409.48	19430.98	19167.48	19202.98	1576	0	985
2024.11.06	06:00:00	19202.48	19257.98	19155.98	19193.98	1097	0	1075
2024.11.06	07:00:00	19192.98	19192.98	19087.98	19105.98	1111	0	1075
2024.11.06	08:00:00	19099.98	19322.98	19078.48	19259.98	1697	0	1075
2024.11.06	09:00:00	19261.48	19459.58	19260.48	19335.68	3603	0	235
2024.11.06	10:00:00	19333.18	19554.78	19320.08	19544.98	6197	0	125
2024.11.06	11:00:00	19544.38	19564.48	19361.48	19421.98	4467	0	125
2024.11.06	12:00:00	19422.48	19482.98	19401.48	19417.58	2848	0	105
2024.11.06	13:00:00	19417.58	19428.48	19289.48	19309.48	2784	0	105
2024.11.06	14:00:00	19309.48	19390.98	19291.88	19376.98	2936	0	125
2024.11.06	15:00:00	19377.48	19386.38	19188.98	19222.98	3115	0	125
2024.11.06	16:00:00	19223.48	19223.48	19007.48	19048.98	6370	0	125
2024.11.06	17:00:00	19049.48	19083.48	19012.98	19043.48	6359	0	125
2024.11.06	18:00:00	19044.48	19069.98	19003.48	19018.38	3520	0	135
2024.11.06	19:00:00	19018.38	19055.68	19002.28	19051.58	2667	0	195
2024.11.06	20:00:00	19050.58	19095.28	19043.58	19084.48	2175	0	145
2024.11.06	21:00:00	19084.98	19090.98	19062.98	19070.58	1974	0	185
2024.11.06	22:00:00	19072.58	19128.38	19071.48	19100.28	2198	0	195
2024.11.06	23:00:00	19100.23	19117.00	19088.05	19116.80	2035	0	275
2024.11.07	01:00:00	19121.48	19124.98	19099.68	19100.88	1347	0	1005
2024.11.07	02:00:00	19100.90	19113.60	19048.88	19065.28	1207	0	705
2024.11.07	03:00:00	19064.28	19069.38	19022.98	19059.68	1020	0	775
2024.11.07	04:00:00	19058.68	19069.18	19026.18	19038.48	858	0	565
2024.11.07	05:00:00	19039.98	19073.48	19039.08	19067.48	578	0	545
2024.11.07	06:00:00	19066.48	19068.88	19043.58	19048.68	593	0	545
2024.11.07	07:00:00	19048.58	19100.48	19045.88	19099.88	744	0	615
2024.11.07	08:00:00	19098.38	19121.18	19081.98	19108.68	767	0	605
2024.11.07	09:00:00	19109.68	19143.78	19078.28	19095.88	1794	0	195
2024.11.07	10:00:00	19104.38	19284.81	19104.38	19283.81	5079	0	0
2024.11.07	11:00:00	19282.81	19295.81	19246.91	19261.01	3171	0	89
2024.11.07	12:00:00	19262.01	19288.38	19233.31	19278.31	2443	0	85
2024.11.07	13:00:00	19278.31	19303.91	19258.31	19286.41	2016	0	85
2024.11.07	14:00:00	19284.91	19324.41	19267.71	19283.31	2584	0	85
2024.11.07	15:00:00	19282.81	19335.81	19280.41	19317.31	2450	0	85
2024.11.07	16:00:00	19318.31	19428.33	19308.21	19414.33	3439	0	85
2024.11.07	17:00:00	19416.33	19437.23	19379.73	19411.93	3523	0	85
2024.11.07	18:00:00	19411.93	19418.43	19353.83	19385.03	3015	0	85
2024.11.07	19:00:00	19384.53	19408.13	19371.03	19402.13	1872	0	135
2024.11.07	20:00:00	19402.63	19411.13	19390.13	19403.09	1925	0	135
2024.11.07	21:00:00	19402.76	19440.43	19390.49	19440.43	3457	0	155
2024.11.07	22:00:00	19439.93	19451.03	19417.43	19439.43	2803	0	145
2024.11.07	23:00:00	19431.73	19458.53	19429.23	19443.13	1724	0	855
2024.11.08	01:00:00	19430.78	19447.58	19429.88	19437.88	971	0	825
2024.11.08	02:00:00	19437.83	19449.73	19432.03	19437.03	543	0	535
2024.11.08	03:00:00	19436.03	19443.13	19424.43	19428.23	693	0	535
2024.11.08	04:00:00	19428.23	19431.03	19406.33	19411.63	542	0	535
2024.11.08	05:00:00	19411.63	19424.63	19401.73	19403.53	460	0	535
2024.11.08	06:00:00	19403.03	19414.83	19400.73	19405.73	412	0	535
2024.11.08	07:00:00	19406.73	19429.83	19403.53	19419.23	602	0	535
2024.11.08	08:00:00	19419.73	19425.63	19387.23	19393.83	786	0	565
2024.11.08	09:00:00	19393.83	19424.43	19383.93	19402.73	1153	0	145
2024.11.08	10:00:00	19402.73	19417.13	19319.13	19334.73	4612	0	105
2024.11.08	11:00:00	19335.23	19345.13	19215.23	19215.23	2871	0	85
2024.11.08	12:00:00	19215.23	19226.73	19142.23	19169.23	3270	0	95
2024.11.08	13:00:00	19168.23	19230.23	19147.13	19223.33	2424	0	85
2024.11.08	14:00:00	19225.33	19262.93	19223.93	19250.93	1950	0	85
2024.11.08	15:00:00	19249.43	19258.53	19206.93	19216.53	2214	0	85
2024.11.08	16:00:00	19217.03	19245.63	19177.03	19205.53	2903	0	85
2024.11.08	17:00:00	19206.03	19231.58	19176.43	19220.63	3292	0	85
2024.11.08	18:00:00	19220.63	19220.63	19198.53	19204.53	2781	0	85
2024.11.08	19:00:00	19205.03	19209.13	19186.73	19198.33	2168	0	135
2024.11.08	20:00:00	19198.83	19211.83	19191.33	19203.83	1546	0	135
2024.11.08	21:00:00	19203.33	19240.33	19197.23	19223.83	1475	0	135
2024.11.08	22:00:00	19225.83	19230.33	19211.23	19219.33	1703	0	135
2024.11.11	01:00:00	19250.08	19277.88	19250.08	19274.08	1094	0	795
2024.11.11	02:00:00	19273.78	19294.03	19262.13	19278.23	567	0	535
2024.11.11	03:00:00	19277.73	19277.73	19244.93	19264.23	607	0	535
2024.11.11	04:00:00	19264.33	19266.83	19245.93	19252.93	401	0	535
2024.11.11	05:00:00	19254.43	19256.63	19247.83	19250.53	533	0	535
2024.11.11	06:00:00	19250.53	19267.33	19248.43	19257.73	557	0	535
2024.11.11	07:00:00	19258.23	19287.33	19257.63	19279.23	422	0	535
2024.11.11	08:00:00	19279.23	19304.13	19279.23	19303.53	489	0	535
2024.11.11	09:00:00	19302.03	19391.63	19287.53	19390.13	1398	0	135
2024.11.11	10:00:00	19390.63	19465.93	19369.93	19426.03	3667	0	85
2024.11.11	11:00:00	19426.03	19456.73	19413.03	19447.23	2529	0	85
2024.11.11	12:00:00	19447.23	19475.23	19446.23	19453.23	1805	0	85
2024.11.11	13:00:00	19454.23	19481.23	19442.28	19470.23	1644	0	85
2024.11.11	14:00:00	19472.23	19502.73	19462.28	19498.23	1425	0	85
2024.11.11	15:00:00	19498.28	19547.23	19484.28	19530.73	1616	0	85
2024.11.11	16:00:00	19530.23	19531.28	19482.23	19491.83	3054	0	85
2024.11.11	17:00:00	19491.83	19492.83	19465.93	19478.43	2867	0	85
2024.11.11	18:00:00	19477.93	19485.48	19442.73	19454.83	2400	0	85
2024.11.11	19:00:00	19454.33	19458.33	19410.43	19411.93	1694	0	135
2024.11.11	20:00:00	19411.43	19426.83	19370.73	19423.83	2397	0	135
2024.11.11	21:00:00	19424.33	19438.93	19417.33	19429.43	1574	0	135
2024.11.11	22:00:00	19428.43	19437.43	19403.43	19416.73	1755	0	135
2024.11.11	23:00:00	19415.63	19416.13	19398.43	19406.13	1393	0	195
2024.11.12	01:00:00	19402.28	19410.78	19399.28	19410.78	851	0	315
2024.11.12	02:00:00	19409.88	19411.93	19383.13	19392.43	878	0	315
2024.11.12	03:00:00	19392.43	19417.03	19383.23	19397.43	710	0	315
2024.11.12	04:00:00	19397.93	19401.83	19342.73	19347.23	701	0	315
2024.11.12	05:00:00	19347.23	19369.73	19346.73	19347.33	698	0	315
2024.11.12	06:00:00	19347.33	19359.33	19331.13	19358.33	607	0	315
2024.11.12	07:00:00	19357.83	19359.33	19295.63	19298.63	898	0	315
2024.11.12	08:00:00	19297.63	19301.03	19267.13	19273.53	1226	0	355
2024.11.12	09:00:00	19270.03	19308.73	19248.73	19263.23	1661	0	155
2024.11.12	10:00:00	19258.23	19301.13	19221.73	19291.23	3916	0	145
2024.11.12	11:00:00	19289.73	19342.13	19272.23	19319.23	2929	0	145
2024.11.12	12:00:00	19318.23	19318.23	19253.53	19266.03	2609	0	145
2024.11.12	13:00:00	19266.53	19302.53	19254.03	19263.53	1800	0	135
2024.11.12	14:00:00	19262.53	19283.03	19221.53	19228.53	2008	0	135
2024.11.12	15:00:00	19228.53	19265.53	19217.03	19262.53	2337	0	135
2024.11.12	16:00:00	19261.53	19273.53	19219.53	19223.53	2500	0	135
2024.11.12	17:00:00	19225.53	19227.53	19072.13	19076.53	4412	0	145
2024.11.12	18:00:00	19076.53	19077.53	18984.53	18986.03	3818	0	145
2024.11.12	19:00:00	18986.03	19000.23	18961.03	18968.03	2756	0	165
2024.11.12	20:00:00	18967.53	19048.33	18966.53	19042.23	2646	0	155
2024.11.12	21:00:00	19042.73	19085.03	19041.23	19068.03	1925	0	155
2024.11.12	22:00:00	19068.53	19083.03	19066.93	19074.73	1987	0	155
2024.11.12	23:00:00	19074.73	19089.63	19065.93	19079.63	1284	0	225
2024.11.13	01:00:00	19056.13	19059.23	19041.83	19054.53	1296	0	335
2024.11.13	02:00:00	19054.93	19060.03	19039.43	19051.63	836	0	315
2024.11.13	03:00:00	19052.13	19072.03	19040.23	19055.83	758	0	315
2024.11.13	04:00:00	19056.33	19079.03	19050.33	19076.53	623	0	315
2024.11.13	05:00:00	19076.03	19087.43	19059.83	19061.33	772	0	315
2024.11.13	06:00:00	19061.83	19064.53	19044.43	19056.43	758	0	315
2024.11.13	07:00:00	19055.93	19064.93	19016.33	19020.43	986	0	335
2024.11.13	08:00:00	19020.93	19030.43	18976.73	19005.23	1066	0	345
2024.11.13	09:00:00	19001.73	19070.03	19000.53	19061.03	1694	0	165
2024.11.13	10:00:00	19062.03	19092.03	19010.93	19090.03	3850	0	145
2024.11.13	11:00:00	19089.03	19125.13	19082.53	19118.03	2105	0	135
2024.11.13	12:00:00	19118.53	19119.03	19054.43	19083.93	2365	0	135
2024.11.13	13:00:00	19084.93	19100.93	19005.43	19005.43	1917	0	135
2024.11.13	14:00:00	19006.43	19024.93	18931.93	18932.43	2517	0	135
2024.11.13	15:00:00	18931.93	19006.43	18914.08	18976.43	3679	0	145
2024.11.13	16:00:00	18975.93	18979.43	18834.43	18891.43	4479	0	145
2024.11.13	17:00:00	18891.43	18935.93	18842.93	18934.43	5509	0	145
2024.11.13	18:00:00	18935.43	19014.93	18933.93	19013.03	3112	0	135
2024.11.13	19:00:00	19013.03	19034.23	19004.43	19032.33	2851	0	155
2024.11.13	20:00:00	19032.33	19046.23	19016.13	19044.23	1944	0	155
2024.11.13	21:00:00	19043.73	19044.23	18971.93	18978.03	2332	0	155
2024.11.13	22:00:00	18978.03	19012.03	18956.23	18990.23	2540	0	155
2024.11.13	23:00:00	18990.23	19015.74	18982.44	19002.84	1541	0	255
2024.11.14	01:00:00	18998.08	19012.28	18996.48	19007.78	886	0	315
2024.11.14	02:00:00	19007.78	19011.43	18984.33	18998.43	748	0	315
2024.11.14	03:00:00	18997.93	18998.43	18968.43	18973.93	782	0	315
2024.11.14	04:00:00	18974.43	18974.43	18947.53	18953.53	613	0	315
2024.11.14	05:00:00	18953.03	18980.83	18952.03	18970.33	564	0	315
2024.11.14	06:00:00	18970.33	18995.43	18967.43	18986.53	537	0	315
2024.11.14	07:00:00	18987.53	18988.53	18931.63	18958.43	773	0	315
2024.11.14	08:00:00	18957.43	18987.63	18953.73	18954.23	841	0	345
2024.11.14	09:00:00	18952.73	19058.83	18940.83	19056.83	1764	0	205
2024.11.14	10:00:00	19059.33	19149.33	19038.33	19134.33	4663	0	155
2024.11.14	11:00:00	19134.33	19242.33	19133.83	19210.43	3314	0	145
2024.11.14	12:00:00	19210.43	19238.83	19200.43	19211.43	2460	0	135
2024.11.14	13:00:00	19211.43	19264.93	19204.43	19251.43	2156	0	135
2024.11.14	14:00:00	19251.93	19264.43	19233.43	19244.43	2027	0	135
2024.11.14	15:00:00	19244.43	19306.20	19244.43	19293.33	3162	0	135
2024.11.14	16:00:00	19292.33	19307.33	19239.33	19261.33	4264	0	145
2024.11.14	17:00:00	19262.33	19294.33	19228.83	19249.33	4370	0	145
2024.11.14	18:00:00	19249.33	19279.03	19240.43	19249.13	3303	0	135
2024.11.14	19:00:00	19249.13	19250.13	19187.33	19213.93	3538	0	195
2024.11.14	20:00:00	19213.93	19241.23	19207.93	19213.93	2824	0	165
2024.11.14	21:00:00	19213.43	19241.73	19212.43	19234.83	2421	0	155
2024.11.14	22:00:00	19232.83	19233.83	19199.03	19223.83	3963	0	155
2024.11.14	23:00:00	19223.83	19223.84	19181.14	19213.44	2448	0	255
2024.11.15	01:00:00	19198.43	19198.63	19183.23	19191.63	1215	0	335
2024.11.15	02:00:00	19191.33	19207.53	19185.73	19197.63	1467	0	345
2024.11.15	03:00:00	19198.13	19200.13	19172.53	19186.13	1632	0	355
2024.11.15	04:00:00	19186.13	19202.33	19174.23	19201.83	992	0	315
2024.11.15	05:00:00	19202.33	19222.73	19191.23	19206.23	708	0	325
2024.11.15	06:00:00	19205.23	19209.23	19197.13	19208.13	766	0	315
2024.11.15	07:00:00	19207.63	19215.13	19179.13	19183.63	913	0	315
2024.11.15	08:00:00	19182.63	19182.63	19142.93	19166.63	1297	0	335
2024.11.15	09:00:00	19165.63	19175.63	19124.33	19130.13	1820	0	155
2024.11.15	10:00:00	19132.63	19213.93	19119.63	19212.93	3996	0	145
2024.11.15	11:00:00	19213.93	19260.93	19199.83	19258.43	2683	0	135
2024.11.15	12:00:00	19258.93	19289.93	19233.83	19277.43	2507	0	135
2024.11.15	13:00:00	19277.43	19279.43	19219.43	19220.93	1787	0	135
2024.11.15	14:00:00	19223.93	19273.93	19223.93	19254.93	1916	0	135
2024.11.15	15:00:00	19254.93	19256.93	19192.93	19222.93	2846	0	135
2024.11.15	16:00:00	19222.93	19261.83	19206.43	19245.33	4378	0	135
2024.11.15	17:00:00	19244.83	19252.83	19198.83	19209.43	5351	0	145
2024.11.15	18:00:00	19208.93	19227.83	19170.93	19180.33	3916	0	135
2024.11.15	19:00:00	19181.33	19185.33	19160.43	19175.43	3921	0	215
2024.11.15	20:00:00	19175.43	19184.63	19148.53	19160.53	3246	0	185
2024.11.15	21:00:00	19161.53	19213.83	19160.43	19197.63	2892	0	155
2024.11.15	22:00:00	19197.63	19230.63	19193.73	19223.43	2874	0	185
2024.11.18	01:00:00	19234.83	19243.73	19228.03	19238.63	1231	0	315
2024.11.18	02:00:00	19238.43	19287.53	19235.73	19284.53	862	0	325
2024.11.18	03:00:00	19284.03	19289.03	19257.83	19269.93	630	0	315
2024.11.18	04:00:00	19269.43	19282.03	19256.93	19279.63	738	0	315
2024.11.18	05:00:00	19280.13	19281.13	19261.03	19267.13	668	0	315
2024.11.18	06:00:00	19269.13	19295.13	19265.03	19287.63	624	0	315
2024.11.18	07:00:00	19287.63	19288.13	19262.53	19269.53	695	0	315
2024.11.18	08:00:00	19270.03	19275.03	19246.93	19268.53	736	0	315
2024.11.18	09:00:00	19269.03	19286.93	19215.43	19223.43	1786	0	155
2024.11.18	10:00:00	19223.43	19282.93	19211.43	19226.93	4049	0	145
2024.11.18	11:00:00	19226.43	19227.43	19153.33	19177.33	3772	0	145
2024.11.18	12:00:00	19177.33	19216.43	19165.33	19204.43	2324	0	135
2024.11.18	13:00:00	19203.93	19205.43	19120.43	19155.43	2057	0	135
2024.11.18	14:00:00	19154.43	19188.93	19140.43	19140.43	1882	0	135
2024.11.18	15:00:00	19139.43	19145.43	19087.83	19130.43	2640	0	135
2024.11.18	16:00:00	19129.43	19158.83	19105.33	19123.33	3727	0	145
2024.11.18	17:00:00	19125.33	19206.43	19116.83	19178.93	3814	0	145
2024.11.18	18:00:00	19179.93	19200.33	19155.93	19164.43	3245	0	135
2024.11.18	19:00:00	19163.93	19179.23	19159.93	19174.43	3074	0	155
2024.11.18	20:00:00	19173.93	19175.43	19117.93	19156.63	2374	0	155
2024.11.18	21:00:00	19156.63	19158.13	19123.73	19138.43	2514	0	155
2024.11.18	22:00:00	19136.93	19143.43	19125.83	19138.63	2256	0	155
2024.11.18	23:00:00	19138.63	19141.34	19125.34	19134.24	928	0	215
2024.11.19	01:00:00	19130.33	19130.43	19111.83	19126.63	962	0	315
2024.11.19	02:00:00	19126.63	19185.13	19125.23	19165.03	912	0	315
2024.11.19	03:00:00	19165.03	19184.43	19144.53	19178.03	1056	0	335
2024.11.19	04:00:00	19178.03	19190.63	19165.53	19188.13	818	0	315
2024.11.19	05:00:00	19189.13	19247.43	19187.63	19235.93	764	0	315
2024.11.19	06:00:00	19236.43	19248.83	19218.93	19222.13	715	0	315
2024.11.19	07:00:00	19221.63	19222.63	19201.53	19214.03	652	0	315
2024.11.19	08:00:00	19214.13	19219.43	19190.43	19191.53	762	0	325
2024.11.19	09:00:00	19192.53	19196.13	19152.73	19158.93	1413	0	155
2024.11.19	10:00:00	19157.93	19210.43	19059.93	19093.33	4654	0	155
2024.11.19	11:00:00	19094.33	19109.33	18921.33	18948.83	6473	0	155
2024.11.19	12:00:00	18948.33	18992.13	18921.63	18966.63	3780	0	145
2024.11.19	13:00:00	18966.63	18987.63	18937.23	18972.23	2548	0	145
2024.11.19	14:00:00	18972.23	19015.13	18960.23	19007.23	2505	0	135
2024.11.19	15:00:00	19007.73	19009.73	18838.33	18842.33	3577	0	145
2024.11.19	16:00:00	18841.33	18934.33	18808.83	18900.83	6812	0	155
2024.11.19	17:00:00	18901.83	19014.33	18893.33	19006.43	4990	0	145
2024.11.19	18:00:00	19006.93	19067.93	18985.33	19049.43	3784	0	135
2024.11.19	19:00:00	19049.43	19060.93	19025.43	19045.33	3089	0	175
2024.11.19	20:00:00	19045.83	19104.73	19039.23	19101.33	2187	0	155
2024.11.19	21:00:00	19101.33	19104.83	19033.03	19044.63	2689	0	155
2024.11.19	22:00:00	19044.63	19073.63	19042.03	19057.33	1946	0	155
2024.11.19	23:00:00	19057.33	19069.44	19054.74	19058.24	1481	0	245
2024.11.20	01:00:00	19057.23	19079.33	19057.23	19072.73	1033	0	335
2024.11.20	02:00:00	19073.13	19127.13	19071.43	19104.63	565	0	295
2024.11.20	03:00:00	19103.63	19112.63	19077.63	19094.63	841	0	295
2024.11.20	04:00:00	19094.63	19126.63	19092.63	19122.63	481	0	295
2024.11.20	05:00:00	19122.63	19125.63	19089.63	19097.63	517	0	295
2024.11.20	06:00:00	19097.63	19124.63	19097.63	19121.63	380	0	295
2024.11.20	07:00:00	19121.63	19127.63	19107.63	19117.63	529	0	295
2024.11.20	08:00:00	19117.63	19179.63	19112.63	19163.63	747	0	295
2024.11.20	09:00:00	19163.63	19198.43	19129.43	19182.43	1592	0	135
2024.11.20	10:00:00	19174.43	19212.93	19149.93	19153.93	3445	0	135
2024.11.20	11:00:00	19153.93	19194.93	19122.93	19153.93	2432	0	135
2024.11.20	12:00:00	19153.93	19180.93	19117.93	19124.93	1865	0	135
2024.11.20	13:00:00	19124.93	19141.93	19109.93	19131.93	1813	0	135
2024.11.20	14:00:00	19131.73	19173.43	19102.43	19166.43	1573	0	135
2024.11.20	15:00:00	19166.43	19181.43	19125.23	19127.43	1650	0	135
2024.11.20	16:00:00	19127.43	19137.43	19018.43	19029.43	3427	0	135
2024.11.20	17:00:00	19029.43	19085.43	18972.43	19078.43	4102	0	135
2024.11.20	18:00:00	19078.43	19081.43	18997.43	19066.43	2993	0	135
2024.11.20	19:00:00	19065.43	19071.43	19022.23	19042.43	2249	0	135
2024.11.20	20:00:00	19041.43	19056.43	19022.43	19034.43	1972	0	135
2024.11.20	21:00:00	19034.43	19059.43	19024.43	19047.43	1311	0	135
2024.11.20	22:00:00	19046.43	19104.43	19040.43	19102.53	1439	0	135
2024.11.20	23:00:00	19102.53	19111.09	19029.09	19096.09	2385	0	315
2024.11.21	01:00:00	19086.33	19105.43	19062.43	19098.03	1570	0	335
2024.11.21	02:00:00	19098.03	19102.23	19029.83	19030.33	1352	0	325
2024.11.21	03:00:00	19030.33	19050.53	19020.53	19024.93	1105	0	345
2024.11.21	04:00:00	19024.43	19050.03	19024.43	19034.03	592	0	315
2024.11.21	05:00:00	19034.53	19057.23	19033.63	19036.93	576	0	315
2024.11.21	06:00:00	19036.43	19053.53	19025.93	19048.13	753	0	325
2024.11.21	07:00:00	19047.13	19073.53	19042.03	19072.53	728	0	315
2024.11.21	08:00:00	19073.03	19091.53	19063.03	19088.93	893	0	315
2024.11.21	09:00:00	19089.93	19118.83	18994.53	19029.53	2612	0	155
2024.11.21	10:00:00	19030.03	19062.53	18928.33	19005.33	5303	0	155
2024.11.21	11:00:00	19004.83	19006.83	18896.33	18983.33	4850	0	155
2024.11.21	12:00:00	18979.83	19007.83	18940.83	18993.33	2919	0	145
2024.11.21	13:00:00	18992.33	19066.33	18990.83	19045.33	3090	0	145
2024.11.21	14:00:00	19038.33	19089.33	19036.33	19042.33	2873	0	145
2024.11.21	15:00:00	19042.83	19093.83	19041.33	19046.33	2982	0	145
2024.11.21	16:00:00	19046.33	19094.53	19000.53	19061.03	5544	0	145
2024.11.21	17:00:00	19063.03	19144.73	19035.03	19139.73	6714	0	155
2024.11.21	18:00:00	19140.73	19156.73	19116.73	19142.73	4679	0	145
2024.11.21	19:00:00	19143.23	19184.93	19122.23	19177.33	3561	0	185
2024.11.21	20:00:00	19177.33	19196.13	19169.53	19181.53	2438	0	155
2024.11.21	21:00:00	19181.53	19185.63	19163.13	19180.73	2397	0	155
2024.11.21	22:00:00	19180.23	19188.23	19158.93	19173.83	2169	0	155
2024.11.21	23:00:00	19173.83	19185.14	19159.94	19169.34	1361	0	215
2024.11.22	01:00:00	19155.03	19165.63	19146.83	19154.23	1120	0	335
2024.11.22	02:00:00	19154.23	19177.93	19149.83	19167.03	1648	0	325
2024.11.22	03:00:00	19167.53	19210.33	19167.03	19200.03	1232	0	315
2024.11.22	04:00:00	19199.53	19207.03	19174.93	19201.03	1227	0	335
2024.11.22	05:00:00	19200.53	19213.53	19172.73	19188.93	1266	0	315
2024.11.22	06:00:00	19188.43	19204.43	19182.73	19193.63	1056	0	315
2024.11.22	07:00:00	19194.13	19196.53	19157.33	19158.83	1424	0	325
2024.11.22	08:00:00	19158.83	19185.83	19155.83	19170.43	1065	0	335
2024.11.22	09:00:00	19170.93	19226.93	19166.43	19211.43	1708	0	155
2024.11.22	10:00:00	19211.93	19273.93	19202.93	19250.13	3778	0	155
2024.11.22	11:00:00	19249.89	19249.89	19029.63	19128.13	5141	0	155
2024.11.22	12:00:00	19129.13	19140.13	19068.63	19127.13	3932	0	145
2024.11.22	13:00:00	19128.13	19141.63	19095.63	19140.23	2448	0	135
2024.11.22	14:00:00	19140.23	19231.63	19140.23	19225.13	2434	0	135
2024.11.22	15:00:00	19225.13	19264.41	19215.63	19228.63	2613	0	145
2024.11.22	16:00:00	19228.63	19333.13	19212.63	19324.13	3972	0	135
2024.11.22	17:00:00	19323.63	19338.63	19273.13	19305.13	5769	0	145
2024.11.22	18:00:00	19305.63	19339.63	19289.13	19335.63	3757	0	145
2024.11.22	19:00:00	19335.13	19356.03	19327.53	19354.03	2824	0	155
2024.11.22	20:00:00	19354.03	19368.93	19348.53	19359.03	2185	0	155
2024.11.22	21:00:00	19358.03	19362.13	19333.83	19352.63	2061	0	155
2024.11.22	22:00:00	19353.63	19353.63	19313.13	19338.63	2008	0	155
2024.11.25	01:00:00	19423.43	19440.33	19417.93	19432.83	1350	0	335
2024.11.25	02:00:00	19432.63	19457.33	19405.83	19456.83	897	0	335
2024.11.25	03:00:00	19456.83	19463.23	19424.33	19430.83	891	0	325
2024.11.25	04:00:00	19430.83	19447.03	19423.83	19439.53	634	0	315
2024.11.25	05:00:00	19439.03	19446.53	19423.33	19435.63	676	0	315
2024.11.25	06:00:00	19436.13	19438.13	19414.43	19419.93	453	0	315
2024.11.25	07:00:00	19419.93	19431.93	19407.93	19431.43	635	0	315
2024.11.25	08:00:00	19430.43	19430.43	19389.73	19401.43	952	0	315
2024.11.25	09:00:00	19401.43	19430.23	19383.43	19411.93	1538	0	155
2024.11.25	10:00:00	19418.93	19468.93	19367.93	19368.43	4377	0	145
2024.11.25	11:00:00	19369.43	19422.93	19357.43	19396.83	2789	0	135
2024.11.25	12:00:00	19396.83	19414.83	19381.83	19381.83	2090	0	135
2024.11.25	13:00:00	19381.33	19382.93	19343.83	19345.33	1985	0	135
2024.11.25	14:00:00	19345.83	19395.43	19326.33	19386.93	2118	0	135
2024.11.25	15:00:00	19385.93	19428.63	19385.93	19422.93	2460	0	135
2024.11.25	16:00:00	19422.43	19438.93	19393.93	19419.93	4086	0	135
2024.11.25	17:00:00	19416.93	19428.43	19374.93	19425.93	4653	0	145
2024.11.25	18:00:00	19423.93	19437.93	19376.93	19380.23	3583	0	135
2024.11.25	19:00:00	19380.23	19395.43	19337.53	19369.83	3490	0	165
2024.11.25	20:00:00	19370.33	19399.93	19369.83	19393.43	2212	0	155
2024.11.25	21:00:00	19392.93	19404.03	19378.13	19397.43	2091	0	155
2024.11.25	22:00:00	19397.43	19399.13	19377.33	19378.83	2199	0	155
2024.11.25	23:00:00	19378.33	19404.24	19367.54	19389.74	1861	0	225
2024.11.26	01:00:00	19407.53	19409.73	19311.53	19335.83	3457	0	325
2024.11.26	02:00:00	19335.83	19337.83	19230.43	19234.43	2393	0	365
2024.11.26	03:00:00	19234.93	19275.93	19220.43	19269.03	1433	0	345
2024.11.26	04:00:00	19269.03	19291.33	19269.03	19274.63	787	0	315
2024.11.26	05:00:00	19274.73	19300.03	19273.73	19292.63	842	0	325
2024.11.26	06:00:00	19292.63	19307.03	19277.63	19285.53	615	0	315
2024.11.26	07:00:00	19285.53	19296.63	19273.03	19275.43	686	0	345
2024.11.26	08:00:00	19276.43	19305.03	19272.53	19295.03	887	0	335
2024.11.26	09:00:00	19295.03	19349.13	19273.63	19318.63	1935	0	155
2024.11.26	10:00:00	19317.13	19322.13	19236.63	19269.13	4497	0	145
2024.11.26	11:00:00	19267.63	19324.63	19267.63	19290.63	3357	0	135
2024.11.26	12:00:00	19289.63	19313.63	19270.63	19302.63	2491	0	135
2024.11.26	13:00:00	19304.63	19345.53	19293.13	19341.03	2216	0	135
2024.11.26	14:00:00	19341.03	19380.53	19333.53	19375.03	2807	0	135
2024.11.26	15:00:00	19374.53	19385.03	19332.63	19346.03	2783	0	135
2024.11.26	16:00:00	19345.53	19376.13	19332.53	19341.53	3775	0	135
2024.11.26	17:00:00	19345.53	19345.53	19259.53	19294.03	4080	0	145
2024.11.26	18:00:00	19295.03	19317.03	19281.03	19295.43	3236	0	135
2024.11.26	19:00:00	19295.93	19318.03	19278.33	19311.93	2611	0	155
2024.11.26	20:00:00	19311.93	19322.93	19303.23	19312.43	1632	0	155
2024.11.26	21:00:00	19312.93	19319.33	19288.13	19304.43	2314	0	155
2024.11.26	22:00:00	19304.43	19335.33	19303.43	19316.13	1920	0	155
2024.11.26	23:00:00	19315.33	19336.44	19313.84	19335.44	1056	0	343
2024.11.27	01:00:00	19323.53	19334.03	19323.33	19329.83	783	0	315
2024.11.27	02:00:00	19329.43	19334.33	19312.93	19324.43	784	0	315
2024.11.27	03:00:00	19323.43	19323.43	19308.63	19310.13	686	0	315
2024.11.27	04:00:00	19310.13	19320.73	19300.33	19300.83	591	0	315
2024.11.27	05:00:00	19300.33	19301.93	19274.43	19290.13	626	0	315
2024.11.27	06:00:00	19289.63	19295.73	19279.13	19291.03	633	0	315
2024.11.27	07:00:00	19291.53	19300.13	19283.53	19284.93	806	0	315
2024.11.27	08:00:00	19285.43	19308.53	19269.43	19300.93	791	0	315
2024.11.27	09:00:00	19301.93	19340.63	19289.53	19304.53	1749	0	155
2024.11.27	10:00:00	19303.53	19312.53	19204.53	19244.23	5001	0	155
2024.11.27	11:00:00	19244.73	19272.23	19146.23	19211.23	3510	0	145
2024.11.27	12:00:00	19210.23	19220.23	19159.33	19180.23	2549	0	145
2024.11.27	13:00:00	19180.23	19218.23	19143.23	19217.23	2587	0	145
2024.11.27	14:00:00	19217.23	19236.83	19188.23	19214.83	2090	0	135
2024.11.27	15:00:00	19215.83	19271.23	19209.83	19229.73	2301	0	135
2024.11.27	16:00:00	19229.23	19266.23	19182.73	19256.63	3532	0	145
2024.11.27	17:00:00	19257.63	19268.13	19220.13	19250.23	4491	0	145
2024.11.27	18:00:00	19250.73	19281.23	19236.23	19248.83	3417	0	135
2024.11.27	19:00:00	19249.33	19261.33	19231.23	19255.73	2808	0	165
2024.11.27	20:00:00	19254.73	19278.43	19250.23	19272.93	1810	0	155
2024.11.27	21:00:00	19272.43	19278.93	19257.93	19264.43	1599	0	155
2024.11.27	22:00:00	19263.93	19278.33	19256.43	19274.73	1814	0	155
2024.11.27	23:00:00	19274.23	19282.64	19268.34	19276.44	983	0	195
2024.11.28	01:00:00	19295.53	19300.63	19285.73	19291.53	500	0	315
2024.11.28	02:00:00	19291.93	19314.23	19288.53	19297.63	677	0	315
2024.11.28	03:00:00	19297.63	19333.23	19289.03	19298.93	768	0	315
2024.11.28	04:00:00	19300.43	19326.13	19298.93	19324.13	505	0	315
2024.11.28	05:00:00	19323.63	19342.63	19313.63	19342.03	577	0	315
2024.11.28	06:00:00	19342.03	19342.63	19327.63	19334.43	365	0	315
2024.11.28	07:00:00	19333.93	19348.43	19324.73	19345.33	491	0	315
2024.11.28	08:00:00	19346.33	19352.33	19320.43	19322.43	570	0	315
2024.11.28	09:00:00	19322.93	19358.33	19309.73	19335.23	1641	0	155
2024.11.28	10:00:00	19338.23	19399.83	19338.23	19390.33	3719	0	145
2024.11.28	11:00:00	19388.33	19437.83	19379.83	19426.83	2557	0	135
2024.11.28	12:00:00	19426.83	19435.33	19380.83	19394.33	2260	0	135
2024.11.28	13:00:00	19394.33	19404.33	19358.83	19396.33	1692	0	135
2024.11.28	14:00:00	19396.33	19399.83	19369.83	19379.83	1470	0	135
2024.11.28	15:00:00	19379.83	19405.33	19343.83	19392.33	1794	0	135
2024.11.28	16:00:00	19391.83	19430.33	19389.33	19411.83	1981	0	135
2024.11.28	17:00:00	19411.83	19435.83	19402.33	19405.83	1904	0	135
2024.11.28	18:00:00	19405.33	19434.33	19405.33	19426.53	1738	0	135
2024.11.28	19:00:00	19426.03	19435.53	19417.03	19420.03	653	0	155
2024.11.28	20:00:00	19421.03	19421.53	19413.03	19418.03	167	0	155
2024.11.28	21:00:00	19419.03	19421.53	19414.03	19421.03	124	0	155
2024.11.28	22:00:00	19420.53	19435.93	19415.53	19435.43	290	0	155
2024.11.29	01:00:00	19418.73	19439.03	19416.83	19436.83	805	0	325
2024.11.29	02:00:00	19437.33	19438.13	19352.73	19357.53	1066	0	315
2024.11.29	03:00:00	19357.03	19403.03	19349.33	19402.53	564	0	315
2024.11.29	04:00:00	19402.03	19405.53	19399.53	19403.13	509	0	315
2024.11.29	05:00:00	19404.13	19406.63	19396.03	19405.63	436	0	315
2024.11.29	06:00:00	19405.63	19429.13	19405.63	19428.13	387	0	315
2024.11.29	07:00:00	19428.63	19431.03	19398.93	19408.93	774	0	315
2024.11.29	08:00:00	19408.43	19420.93	19386.83	19392.43	640	0	315
2024.11.29	09:00:00	19390.93	19420.43	19376.43	19394.43	1824	0	165
2024.11.29	10:00:00	19396.43	19427.43	19383.93	19402.83	3587	0	145
2024.11.29	11:00:00	19402.83	19424.83	19379.83	19417.83	2231	0	135
2024.11.29	12:00:00	19417.83	19449.33	19399.83	19433.83	1970	0	135
2024.11.29	13:00:00	19431.83	19509.83	19422.83	19505.33	1851	0	135
2024.11.29	14:00:00	19504.83	19526.83	19491.83	19504.93	2206	0	135
2024.11.29	15:00:00	19505.43	19519.43	19440.43	19452.93	2471	0	135
2024.11.29	16:00:00	19453.43	19515.83	19452.43	19501.43	3441	0	135
2024.11.29	17:00:00	19502.43	19565.83	19498.43	19554.13	4089	0	135
2024.11.29	18:00:00	19555.13	19643.63	19555.13	19633.93	3473	0	145
2024.11.29	19:00:00	19633.43	19680.83	19632.03	19667.63	2408	0	155
2024.11.29	20:00:00	19667.63	19668.63	19652.83	19659.33	522	0	155
2024.11.29	21:00:00	19659.83	19661.83	19644.83	19646.83	191	0	155
2024.11.29	22:00:00	19646.83	19666.83	19635.83	19658.83	321	0	155
2024.12.02	01:00:00	19669.33	19670.83	19642.43	19647.93	1282	0	325
2024.12.02	02:00:00	19647.93	19662.53	19609.63	19618.13	912	0	315
2024.12.02	03:00:00	19619.13	19619.13	19595.03	19611.73	459	0	315
2024.12.02	04:00:00	19611.73	19619.23	19604.23	19615.23	210	0	315
2024.12.02	05:00:00	19615.73	19621.53	19608.03	19614.03	288	0	315
2024.12.02	06:00:00	19614.03	19630.33	19610.53	19614.93	380	0	315
2024.12.02	07:00:00	19613.93	19615.43	19584.33	19588.73	465	0	315
2024.12.02	08:00:00	19588.23	19588.23	19561.13	19579.33	652	0	335
2024.12.02	09:00:00	19579.33	19612.83	19570.33	19599.83	1779	0	155
2024.12.02	10:00:00	19599.33	19613.83	19571.33	19613.43	3698	0	145
2024.12.02	11:00:00	19612.43	19634.43	19591.33	19624.43	2657	0	135
2024.12.02	12:00:00	19625.43	19745.33	19614.43	19708.13	2928	0	145
2024.12.02	13:00:00	19709.13	19832.13	19709.13	19828.03	2807	0	145
2024.12.02	14:00:00	19828.53	19885.13	19822.03	19871.63	3130	0	145
2024.12.02	15:00:00	19871.63	19926.53	19858.53	19891.03	3147	0	135
2024.12.02	16:00:00	19891.03	19896.03	19807.53	19809.29	4071	0	145
2024.12.02	17:00:00	19809.15	19861.53	19791.03	19852.03	4873	0	145
2024.12.02	18:00:00	19854.03	19950.03	19852.03	19922.83	3520	0	145
2024.12.02	19:00:00	19922.83	19926.43	19901.93	19916.03	1834	0	155
2024.12.02	20:00:00	19916.03	19928.53	19905.53	19926.53	1351	0	155
2024.12.02	21:00:00	19926.03	19939.03	19904.53	19936.53	1400	0	155
2024.12.02	22:00:00	19937.03	19941.03	19918.93	19922.23	1854	0	155
2024.12.02	23:00:00	19921.23	19942.14	19916.44	19918.24	1380	0	225
2024.12.03	01:00:00	19915.13	19932.83	19913.53	19923.13	624	0	315
2024.12.03	02:00:00	19922.83	19944.33	19914.43	19914.53	618	0	315
2024.12.03	03:00:00	19916.53	19934.93	19902.43	19911.03	466	0	315
2024.12.03	04:00:00	19910.53	19911.03	19895.03	19905.03	289	0	315
2024.12.03	05:00:00	19905.53	19937.53	19905.53	19929.53	337	0	315
2024.12.03	06:00:00	19928.53	19937.43	19922.43	19925.53	304	0	315
2024.12.03	07:00:00	19925.03	19941.03	19918.93	19940.93	417	0	315
2024.12.03	08:00:00	19941.43	19948.33	19906.43	19906.43	604	0	315
2024.12.03	09:00:00	19905.43	19928.83	19892.73	19912.83	1658	0	155
2024.12.03	10:00:00	19912.33	20039.23	19902.93	20009.23	4426	0	145
2024.12.03	11:00:00	20009.73	20011.73	19966.73	19994.73	3179	0	145
2024.12.03	12:00:00	19995.73	20001.73	19956.23	19972.23	2641	0	135
2024.12.03	13:00:00	19974.23	19979.23	19940.23	19967.83	2602	0	135
2024.12.03	14:00:00	19968.33	19980.83	19955.83	19966.83	2011	0	135
2024.12.03	15:00:00	19966.83	19994.33	19940.23	19947.73	2357	0	135
2024.12.03	16:00:00	19948.73	19971.73	19926.73	19955.55	3652	0	145
2024.12.03	17:00:00	19955.05	20000.73	19950.55	19989.23	3835	0	145
2024.12.03	18:00:00	19990.73	20037.73	19980.73	19995.53	3236	0	135
2024.12.03	19:00:00	19995.53	20032.63	19994.53	20027.23	1801	0	155
2024.12.03	20:00:00	20027.73	20028.23	20005.73	20008.23	1213	0	155
2024.12.03	21:00:00	20008.23	20025.23	19998.23	20018.23	1307	0	155
2024.12.03	22:00:00	20018.73	20022.63	20003.73	20013.93	1480	0	155
2024.12.03	23:00:00	20013.93	20071.54	19984.04	20040.54	2538	0	215
2024.12.04	01:00:00	20026.53	20045.93	20022.93	20045.03	1053	0	315
2024.12.04	02:00:00	20045.03	20045.53	20001.53	20010.53	921	0	335
2024.12.04	03:00:00	20010.53	20019.93	20000.63	20009.23	617	0	315
2024.12.04	04:00:00	20009.73	20027.73	20009.23	20024.73	228	0	315
2024.12.04	05:00:00	20025.23	20052.43	20022.73	20047.53	303	0	315
2024.12.04	06:00:00	20046.53	20048.53	20033.73	20033.73	382	0	315
2024.12.04	07:00:00	20034.23	20046.43	20026.13	20045.93	461	0	315
2024.12.04	08:00:00	20044.93	20045.93	20016.13	20029.03	538	0	315
2024.12.04	09:00:00	20028.53	20086.53	20010.53	20079.53	1316	0	155
2024.12.04	10:00:00	20079.53	20198.73	20079.03	20197.23	4052	0	145
2024.12.04	11:00:00	20197.73	20208.73	20154.73	20191.73	3153	0	145
2024.12.04	12:00:00	20193.23	20213.73	20157.23	20185.23	2310	0	135
2024.12.04	13:00:00	20185.23	20224.23	20181.73	20213.83	2044	0	135
2024.12.04	14:00:00	20213.33	20231.33	20153.23	20157.23	2006	0	135
2024.12.04	15:00:00	20156.73	20203.33	20128.73	20190.23	2345	0	135
2024.12.04	16:00:00	20189.73	20226.73	20184.73	20205.55	2846	0	135
2024.12.04	17:00:00	20205.55	20262.73	20183.73	20227.23	3641	0	135
2024.12.04	18:00:00	20227.73	20238.73	20202.33	20227.13	2393	0	135
2024.12.04	19:00:00	20226.63	20228.23	20198.13	20212.73	1719	0	155
2024.12.04	20:00:00	20213.23	20216.03	20178.23	20207.03	1888	0	155
2024.12.04	21:00:00	20207.03	20227.63	20196.83	20223.63	1842	0	155
2024.12.04	22:00:00	20223.13	20235.03	20216.53	20230.33	1639	0	155
2024.12.04	23:00:00	20230.33	20234.74	20215.04	20219.64	1165	0	205
2024.12.05	01:00:00	20220.73	20226.73	20217.23	20218.63	745	0	325
2024.12.05	02:00:00	20218.63	20227.83	20208.23	20208.23	548	0	315
2024.12.05	03:00:00	20208.73	20219.63	20200.23	20205.73	285	0	315
2024.12.05	04:00:00	20204.73	20218.73	20201.23	20202.73	255	0	315
2024.12.05	05:00:00	20203.23	20216.63	20196.13	20212.73	273	0	315
2024.12.05	06:00:00	20212.23	20213.63	20198.63	20202.73	234	0	315
2024.12.05	07:00:00	20202.23	20217.63	20198.63	20217.63	357	0	315
2024.12.05	08:00:00	20218.63	20221.23	20193.43	20199.53	519	0	315
2024.12.05	09:00:00	20197.03	20231.23	20191.83	20217.03	1375	0	155
2024.12.05	10:00:00	20224.03	20290.53	20212.03	20283.03	3855	0	145
2024.12.05	11:00:00	20283.03	20293.53	20250.53	20270.53	2610	0	135
2024.12.05	12:00:00	20270.53	20325.13	20269.03	20285.03	2350	0	135
2024.12.05	13:00:00	20286.03	20325.63	20285.13	20311.13	2028	0	135
2024.12.05	14:00:00	20310.63	20318.13	20291.03	20308.13	2008	0	135
2024.12.05	15:00:00	20308.13	20317.53	20288.63	20311.53	2352	0	135
2024.12.05	16:00:00	20310.03	20340.03	20283.53	20332.03	3188	0	135
2024.12.05	17:00:00	20332.03	20377.13	20331.03	20353.63	3388	0	135
2024.12.05	18:00:00	20353.63	20372.33	20343.03	20352.53	2466	0	135
2024.12.05	19:00:00	20352.03	20367.03	20350.03	20365.03	1399	0	155
2024.12.05	20:00:00	20365.03	20366.53	20325.43	20348.83	1856	0	155
2024.12.05	21:00:00	20348.83	20359.43	20337.63	20348.93	1701	0	155
2024.12.05	22:00:00	20347.93	20356.93	20333.93	20338.13	2013	0	155
2024.12.05	23:00:00	20337.63	20337.63	20312.14	20328.54	1640	0	205
2024.12.06	01:00:00	20322.53	20327.33	20317.03	20321.43	693	0	315
2024.12.06	02:00:00	20321.43	20333.33	20311.03	20324.23	640	0	315
2024.12.06	03:00:00	20322.23	20325.83	20304.83	20315.73	513	0	315
2024.12.06	04:00:00	20314.73	20335.93	20310.73	20315.33	398	0	315
2024.12.06	05:00:00	20316.33	20323.73	20310.33	20314.93	384	0	315
2024.12.06	06:00:00	20314.43	20318.33	20301.83	20317.83	337	0	315
2024.12.06	07:00:00	20318.83	20330.93	20314.33	20329.83	332	0	315
2024.12.06	08:00:00	20329.83	20344.43	20309.73	20314.13	527	0	315
2024.12.06	09:00:00	20316.63	20362.63	20316.03	20349.23	1432	0	155
2024.12.06	10:00:00	20349.23	20410.03	20330.73	20394.53	3374	0	135
2024.12.06	11:00:00	20394.03	20426.53	20375.53	20407.03	2394	0	135
2024.12.06	12:00:00	20407.03	20417.03	20383.03	20398.03	2320	0	135
2024.12.06	13:00:00	20400.03	20408.53	20384.03	20391.53	1782	0	135
2024.12.06	14:00:00	20390.53	20414.53	20389.03	20414.03	1749	0	135
2024.12.06	15:00:00	20413.53	20426.43	20400.03	20406.03	2293	0	135
2024.12.06	16:00:00	20407.03	20419.03	20372.93	20387.03	2940	0	135
2024.12.06	17:00:00	20386.53	20412.53	20369.43	20369.43	3056	0	135
2024.12.06	18:00:00	20372.43	20397.53	20369.43	20381.33	2359	0	135
2024.12.06	19:00:00	20380.83	20388.33	20367.63	20379.83	1633	0	155
2024.12.06	20:00:00	20380.33	20396.33	20375.83	20382.13	1285	0	155
2024.12.06	21:00:00	20382.13	20390.13	20367.63	20384.13	1387	0	155
2024.12.06	22:00:00	20383.13	20386.13	20376.13	20378.63	939	0	155
2024.12.09	01:00:00	20379.83	20424.83	20379.13	20411.33	1008	0	325
2024.12.09	02:00:00	20410.93	20410.93	20382.63	20398.03	797	0	315
2024.12.09	03:00:00	20399.03	20404.43	20384.43	20403.53	421	0	315
2024.12.09	04:00:00	20404.03	20414.43	20386.93	20392.43	411	0	315
2024.12.09	05:00:00	20392.53	20398.93	20379.53	20383.43	303	0	315
2024.12.09	06:00:00	20382.93	20390.43	20378.83	20390.43	379	0	315
2024.12.09	07:00:00	20390.93	20399.83	20377.43	20386.53	385	0	315
2024.12.09	08:00:00	20386.03	20393.03	20379.03	20379.03	539	0	315
2024.12.09	09:00:00	20379.03	20455.63	20370.73	20452.63	2016	0	155
2024.12.09	10:00:00	20449.63	20476.13	20389.13	20403.13	3950	0	145
2024.12.09	11:00:00	20403.63	20406.13	20348.13	20362.73	2880	0	135
2024.12.09	12:00:00	20362.73	20372.23	20317.73	20348.73	2313	0	135
2024.12.09	13:00:00	20348.23	20369.23	20338.23	20360.23	2058	0	135
2024.12.09	14:00:00	20363.73	20382.73	20358.23	20358.73	1827	0	135
2024.12.09	15:00:00	20358.23	20406.93	20353.23	20397.93	1672	0	135
2024.12.09	16:00:00	20398.93	20419.43	20390.83	20412.93	2607	0	135
2024.12.09	17:00:00	20412.93	20417.93	20360.03	20363.63	3148	0	135
2024.12.09	18:00:00	20363.63	20372.53	20322.53	20356.83	3128	0	135
2024.12.09	19:00:00	20356.83	20356.83	20328.53	20329.03	1919	0	155
2024.12.09	20:00:00	20327.03	20371.43	20323.93	20364.03	1708	0	155
2024.12.09	21:00:00	20364.53	20364.53	20329.53	20342.53	1770	0	155
2024.12.09	22:00:00	20342.53	20344.03	20317.23	20322.33	1978	0	155
2024.12.09	23:00:00	20322.33	20322.33	20299.04	20311.44	1248	0	185
2024.12.10	01:00:00	20314.73	20317.83	20307.53	20314.63	615	0	315
2024.12.10	02:00:00	20314.23	20321.43	20297.63	20309.23	583	0	315
2024.12.10	03:00:00	20310.73	20313.13	20264.63	20269.83	653	0	315
2024.12.10	04:00:00	20270.33	20278.23	20258.73	20262.83	407	0	315
2024.12.10	05:00:00	20262.83	20285.83	20262.73	20276.83	534	0	315
2024.12.10	06:00:00	20277.33	20291.33	20276.33	20287.33	289	0	315
2024.12.10	07:00:00	20286.83	20297.73	20273.43	20284.73	629	0	315
2024.12.10	08:00:00	20284.23	20300.63	20270.13	20274.23	744	0	315
2024.12.10	09:00:00	20273.73	20318.13	20269.73	20275.23	1420	0	155
2024.12.10	10:00:00	20280.23	20340.73	20279.23	20320.73	3685	0	135
2024.12.10	11:00:00	20321.23	20350.23	20310.73	20321.73	2763	0	135
2024.12.10	12:00:00	20320.73	20334.73	20298.73	20319.23	2042	0	135
2024.12.10	13:00:00	20320.73	20369.23	20320.73	20363.73	2002	0	135
2024.12.10	14:00:00	20366.23	20375.73	20353.73	20366.23	1697	0	135
2024.12.10	15:00:00	20366.73	20395.23	20345.23	20377.73	1916	0	135
2024.12.10	16:00:00	20377.73	20386.23	20345.23	20366.23	3191	0	135
2024.12.10	17:00:00	20365.73	20384.73	20352.73	20367.23	3080	0	135
2024.12.10	18:00:00	20368.73	20374.73	20321.13	20330.13	2534	0	135
2024.12.10	19:00:00	20330.13	20356.03	20326.63	20340.23	1897	0	155
2024.12.10	20:00:00	20340.23	20347.73	20328.73	20330.73	1213	0	155
2024.12.10	21:00:00	20331.23	20348.73	20318.73	20339.73	1451	0	155
2024.12.10	22:00:00	20339.23	20339.23	20301.03	20305.53	2014	0	155
2024.12.10	23:00:00	20305.53	20323.14	20301.74	20320.54	1056	0	205
2024.12.11	01:00:00	20321.43	20322.33	20311.83	20315.43	431	0	305
2024.12.11	02:00:00	20314.93	20314.93	20282.13	20293.73	451	0	305
2024.12.11	03:00:00	20294.23	20306.63	20285.63	20297.73	405	0	315
2024.12.11	04:00:00	20298.73	20299.23	20282.73	20287.73	289	0	315
2024.12.11	05:00:00	20288.23	20296.23	20278.13	20294.23	295	0	315
2024.12.11	06:00:00	20293.73	20298.23	20281.23	20296.23	271	0	315
2024.12.11	07:00:00	20295.73	20304.73	20290.73	20303.23	288	0	315
2024.12.11	08:00:00	20303.73	20326.03	20302.23	20318.73	520	0	315
2024.12.11	09:00:00	20318.73	20345.53	20303.03	20307.53	1543	0	155
2024.12.11	10:00:00	20312.03	20343.63	20291.03	20331.73	3636	0	135
2024.12.11	11:00:00	20330.73	20355.63	20314.73	20340.23	2636	0	135
2024.12.11	12:00:00	20341.23	20349.63	20315.73	20340.73	1786	0	135
2024.12.11	13:00:00	20341.23	20347.23	20325.73	20338.73	1616	0	135
2024.12.11	14:00:00	20337.73	20339.23	20319.53	20323.03	1722	0	135
2024.12.11	15:00:00	20325.53	20369.93	20322.03	20359.03	2233	0	135
2024.12.11	16:00:00	20360.03	20382.33	20327.53	20359.33	3125	0	135
2024.12.11	17:00:00	20359.33	20375.03	20341.13	20373.03	2973	0	135
2024.12.11	18:00:00	20373.53	20414.13	20366.13	20398.83	2457	0	135
2024.12.11	19:00:00	20398.83	20422.83	20389.73	20417.33	1595	0	155
2024.12.11	20:00:00	20417.33	20424.83	20402.83	20405.83	1165	0	155
2024.12.11	21:00:00	20406.33	20423.33	20405.83	20421.83	1129	0	155
2024.12.11	22:00:00	20422.83	20427.33	20406.23	20420.33	1211	0	155
2024.12.11	23:00:00	20420.24	20420.24	20400.34	20403.14	1152	0	273
2024.12.12	01:00:00	20402.93	20406.23	20398.33	20401.63	711	0	315
2024.12.12	02:00:00	20401.63	20408.03	20389.43	20394.33	700	0	315
2024.12.12	03:00:00	20394.33	20406.33	20389.93	20389.93	440	0	315
2024.12.12	04:00:00	20390.43	20413.33	20390.43	20406.93	411	0	315
2024.12.12	05:00:00	20408.93	20411.83	20398.33	20408.33	432	0	315
2024.12.12	06:00:00	20407.33	20408.43	20391.93	20391.93	223	0	315
2024.12.12	07:00:00	20392.43	20400.33	20383.83	20390.33	452	0	315
2024.12.12	08:00:00	20390.83	20395.43	20362.83	20373.23	514	0	315
2024.12.12	09:00:00	20375.23	20412.23	20359.13	20388.23	1230	0	155
2024.12.12	10:00:00	20388.23	20446.23	20381.23	20421.13	3261	0	135
2024.12.12	11:00:00	20421.13	20435.13	20399.63	20420.73	2177	0	135
2024.12.12	12:00:00	20420.73	20422.63	20395.63	20408.23	1948	0	135
2024.12.12	13:00:00	20407.73	20427.13	20387.13	20395.23	1936	0	135
2024.12.12	14:00:00	20394.73	20412.23	20393.23	20404.53	1676	0	135
2024.12.12	15:00:00	20404.03	20456.80	20393.03	20419.53	2484	0	135
2024.12.12	16:00:00	20420.53	20437.43	20391.43	20429.43	2969	0	135
2024.12.12	17:00:00	20429.43	20439.93	20402.43	20423.03	2902	0	135
2024.12.12	18:00:00	20423.03	20434.43	20399.33	20400.83	2563	0	135
2024.12.12	19:00:00	20400.33	20430.33	20398.33	20420.03	2196	0	155
2024.12.12	20:00:00	20419.03	20432.03	20406.03	20406.03	1702	0	155
2024.12.12	21:00:00	20405.53	20414.73	20390.93	20400.03	1959	0	155
2024.12.12	22:00:00	20399.53	20413.93	20395.43	20409.03	1821	0	155
2024.12.12	23:00:00	20408.53	20420.54	20384.24	20407.14	2241	0	155
2024.12.13	01:00:00	20417.83	20420.83	20400.93	20415.73	1165	0	335
2024.12.13	02:00:00	20415.93	20434.73	20409.03	20416.83	766	0	315
2024.12.13	03:00:00	20416.83	20416.83	20390.03	20395.43	591	0	315
2024.12.13	04:00:00	20395.43	20397.43	20372.33	20395.03	742	0	315
2024.12.13	05:00:00	20395.53	20397.53	20388.53	20391.53	397	0	315
2024.12.13	06:00:00	20392.03	20412.53	20389.03	20412.03	421	0	315
2024.12.13	07:00:00	20413.53	20414.03	20393.43	20394.93	384	0	315
2024.12.13	08:00:00	20395.43	20408.23	20391.43	20405.93	537	0	315
2024.12.13	09:00:00	20404.93	20451.33	20404.93	20435.33	1399	0	155
2024.12.13	10:00:00	20435.33	20526.33	20430.83	20498.03	3456	0	145
2024.12.13	11:00:00	20498.53	20503.03	20470.53	20489.03	2320	0	135
2024.12.13	12:00:00	20491.03	20517.53	20466.53	20501.03	2218	0	135
2024.12.13	13:00:00	20501.53	20507.03	20469.03	20474.53	1643	0	135
2024.12.13	14:00:00	20475.03	20483.53	20438.53	20440.53	1605	0	135
2024.12.13	15:00:00	20440.53	20471.53	20419.53	20459.03	1761	0	135
2024.12.13	16:00:00	20460.03	20477.03	20429.03	20432.03	2477	0	135
2024.12.13	17:00:00	20433.53	20434.03	20380.03	20388.03	3187	0	135
2024.12.13	18:00:00	20388.03	20408.43	20364.03	20396.73	3155	0	135
2024.12.13	19:00:00	20396.23	20409.73	20376.23	20390.83	2316	0	155
2024.12.13	20:00:00	20391.33	20425.43	20387.83	20412.93	1873	0	155
2024.12.13	21:00:00	20412.93	20432.93	20410.93	20425.93	1768	0	155
2024.12.13	22:00:00	20426.43	20428.93	20405.93	20412.93	1484	0	155
2024.12.16	01:00:00	20426.83	20462.93	20423.83	20459.03	1308	0	335
2024.12.16	02:00:00	20459.03	20479.43	20426.13	20448.93	758	0	315
2024.12.16	03:00:00	20448.93	20454.83	20436.43	20449.43	526	0	315
2024.12.16	04:00:00	20450.43	20450.43	20433.93	20437.43	354	0	315
2024.12.16	05:00:00	20437.43	20438.53	20420.93	20425.53	336	0	315
2024.12.16	06:00:00	20425.53	20427.53	20415.43	20417.03	326	0	315
2024.12.16	07:00:00	20416.53	20420.53	20403.23	20405.23	491	0	315
2024.12.16	08:00:00	20405.23	20408.23	20391.83	20405.33	482	0	315
2024.12.16	09:00:00	20408.33	20411.23	20377.43	20378.13	1105	0	155
2024.12.16	10:00:00	20378.13	20394.03	20342.03	20353.13	3024	0	135
2024.12.16	11:00:00	20355.13	20361.03	20327.03	20343.13	2032	0	135
2024.12.16	12:00:00	20343.13	20361.13	20309.63	20345.03	2317	0	135
2024.12.16	13:00:00	20344.53	20347.53	20323.53	20329.13	1908	0	135
2024.12.16	14:00:00	20330.13	20349.63	20317.63	20319.63	1635	0	135
2024.12.16	15:00:00	20319.63	20350.83	20315.13	20346.33	1793	0	135
2024.12.16	16:00:00	20345.83	20346.83	20316.73	20333.23	2525	0	135
2024.12.16	17:00:00	20335.23	20358.23	20323.23	20327.33	2718	0	135
2024.12.16	18:00:00	20328.33	20330.43	20297.73	20328.53	2524	0	135
2024.12.16	19:00:00	20327.53	20347.73	20317.43	20343.13	1619	0	155
2024.12.16	20:00:00	20343.13	20353.73	20338.73	20339.23	1018	0	155
2024.12.16	21:00:00	20339.23	20349.73	20332.73	20347.73	844	0	155
2024.12.16	22:00:00	20348.23	20351.23	20324.23	20324.53	1337	0	155
2024.12.16	23:00:00	20324.44	20331.74	20300.94	20307.44	1598	0	213
2024.12.17	01:00:00	20312.63	20314.63	20294.63	20310.63	1037	0	325
2024.12.17	02:00:00	20310.63	20332.63	20308.23	20310.03	502	0	315
2024.12.17	03:00:00	20309.53	20319.33	20291.93	20315.93	678	0	315
2024.12.17	04:00:00	20315.43	20316.03	20288.93	20291.93	365	0	315
2024.12.17	05:00:00	20290.93	20305.53	20290.83	20301.03	323	0	315
2024.12.17	06:00:00	20301.53	20316.03	20293.43	20294.93	272	0	315
2024.12.17	07:00:00	20294.83	20295.83	20281.93	20282.93	409	0	315
2024.12.17	08:00:00	20283.93	20286.03	20262.53	20277.93	440	0	315
2024.12.17	09:00:00	20277.93	20292.53	20266.73	20268.73	1260	0	155
2024.12.17	10:00:00	20268.23	20307.93	20260.83	20297.93	3071	0	135
2024.12.17	11:00:00	20298.93	20336.43	20296.93	20325.93	2178	0	135
2024.12.17	12:00:00	20325.43	20354.93	20325.43	20344.43	2193	0	135
2024.12.17	13:00:00	20344.93	20356.73	20307.23	20311.23	1777	0	135
2024.12.17	14:00:00	20311.23	20319.23	20285.23	20286.23	1654	0	135
2024.12.17	15:00:00	20286.23	20307.23	20260.73	20304.23	1876	0	135
2024.12.17	16:00:00	20304.23	20318.23	20262.43	20278.93	2866	0	135
2024.12.17	17:00:00	20278.93	20285.93	20248.43	20266.13	3126	0	135
2024.12.17	18:00:00	20265.63	20279.13	20239.13	20270.53	2592	0	135
2024.12.17	19:00:00	20271.03	20279.03	20251.93	20273.43	1963	0	155
2024.12.17	20:00:00	20273.43	20276.43	20253.03	20257.53	1511	0	155
2024.12.17	21:00:00	20257.03	20259.53	20237.03	20241.03	1275	0	155
2024.12.17	22:00:00	20240.53	20249.23	20220.03	20243.53	1972	0	155
2024.12.17	23:00:00	20243.44	20255.44	20222.84	20242.64	2535	0	273
2024.12.18	01:00:00	20197.63	20236.83	20197.63	20231.83	1224	0	325
2024.12.18	02:00:00	20232.03	20249.43	20210.53	20211.03	538	0	315
2024.12.18	03:00:00	20213.03	20219.83	20203.93	20208.53	327	0	315
2024.12.18	04:00:00	20209.03	20219.03	20204.93	20208.53	294	0	315
2024.12.18	05:00:00	20207.53	20210.53	20180.83	20185.93	322	0	315
2024.12.18	06:00:00	20185.43	20208.03	20179.93	20207.03	332	0	315
2024.12.18	07:00:00	20206.03	20222.93	20197.43	20222.43	392	0	315
2024.12.18	08:00:00	20221.93	20236.83	20214.43	20228.53	413	0	315
2024.12.18	09:00:00	20234.53	20244.43	20218.83	20243.13	966	0	155
2024.12.18	10:00:00	20238.13	20299.23	20237.13	20268.53	2877	0	135
2024.12.18	11:00:00	20268.53	20283.13	20249.63	20265.23	1986	0	135
2024.12.18	12:00:00	20265.23	20323.73	20261.23	20321.73	1404	0	135
2024.12.18	13:00:00	20322.23	20333.73	20296.33	20298.33	1647	0	135
2024.12.18	14:00:00	20297.83	20315.33	20291.33	20295.33	1128	0	135
2024.12.18	15:00:00	20294.83	20294.83	20248.43	20252.43	1212	0	135
2024.12.18	16:00:00	20252.43	20299.43	20244.33	20278.33	2141	0	135
2024.12.18	17:00:00	20280.33	20299.43	20267.83	20280.23	1827	0	135
2024.12.18	18:00:00	20280.23	20284.73	20240.73	20253.03	2719	0	135
2024.12.18	19:00:00	20252.53	20277.03	20252.03	20257.13	1050	0	155
2024.12.18	20:00:00	20256.63	20271.63	20250.13	20267.95	773	0	155
2024.12.18	21:00:00	20267.95	20273.50	20101.63	20107.13	4632	0	182
2024.12.18	22:00:00	20107.63	20125.13	19995.63	20019.63	5773	0	255
2024.12.18	23:00:00	20019.13	20047.14	19918.04	20035.34	9532	0	255
2024.12.19	01:00:00	20056.23	20074.63	20013.53	20028.43	3251	0	355
2024.12.19	02:00:00	20028.43	20044.93	19970.73	19985.43	1501	0	325
2024.12.19	03:00:00	19989.43	20005.33	19956.13	20003.23	542	0	335
2024.12.19	04:00:00	20003.23	20003.23	19976.93	19984.83	308	0	315
2024.12.19	05:00:00	19984.83	19999.83	19966.63	19999.53	311	0	315
2024.12.19	06:00:00	20000.03	20014.53	19991.83	20000.03	244	0	315
2024.12.19	07:00:00	20000.03	20012.53	19978.33	19979.73	366	0	315
2024.12.19	08:00:00	19979.83	19995.73	19970.23	19982.73	585	0	325
2024.12.19	09:00:00	19982.23	20082.93	19977.43	20056.93	2114	0	155
2024.12.19	10:00:00	20056.43	20106.23	20011.93	20097.23	3318	0	135
2024.12.19	11:00:00	20096.23	20096.23	20026.23	20036.23	2397	0	135
2024.12.19	12:00:00	20036.23	20072.23	19974.23	19983.73	2183	0	135
2024.12.19	13:00:00	19982.73	20029.83	19978.83	20028.83	1567	0	135
2024.12.19	14:00:00	20029.83	20077.83	20026.83	20066.33	1789	0	135
2024.12.19	15:00:00	20065.83	20078.33	20032.73	20050.73	1818	0	135
2024.12.19	16:00:00	20052.23	20062.33	19991.73	20002.23	3142	0	135
2024.12.19	17:00:00	20002.23	20010.73	19953.73	19992.23	4572	0	145
2024.12.19	18:00:00	19989.23	20004.23	19957.23	19975.73	5144	0	145
2024.12.19	19:00:00	19975.23	19976.73	19932.73	19963.23	1432	0	155
2024.12.19	20:00:00	19962.23	19993.53	19942.03	19993.43	763	0	155
2024.12.19	21:00:00	19992.93	19995.13	19952.23	19956.93	651	0	155
2024.12.19	22:00:00	19957.93	19977.73	19941.73	19942.73	970	0	155
2024.12.19	23:00:00	19950.94	19973.54	19934.64	19968.64	3693	0	373
2024.12.20	01:00:00	19962.83	19965.93	19930.63	19937.43	1462	0	325
2024.12.20	02:00:00	19937.43	19949.43	19861.63	19887.33	1550	0	315
2024.12.20	03:00:00	19886.83	19901.13	19827.13	19827.13	521	0	315
2024.12.20	04:00:00	19825.13	19834.73	19814.53	19833.53	253	0	315
2024.12.20	05:00:00	19833.53	19835.03	19778.13	19786.83	406	0	315
2024.12.20	06:00:00	19787.33	19832.93	19787.33	19832.93	382	0	315
2024.12.20	07:00:00	19835.43	19863.13	19818.73	19846.83	463	0	315
2024.12.20	08:00:00	19846.83	19856.13	19814.13	19852.63	549	0	335
2024.12.20	09:00:00	19853.13	19880.33	19802.83	19831.83	1351	0	155
2024.12.20	10:00:00	19831.83	19837.33	19701.83	19751.33	2294	0	145
2024.12.20	11:00:00	19753.33	19761.33	19703.33	19718.83	2379	0	145
2024.12.20	12:00:00	19718.33	19756.33	19685.33	19725.33	3884	0	145
2024.12.20	13:00:00	19725.33	19733.83	19655.33	19658.83	3073	0	145
2024.12.20	14:00:00	19658.33	19705.83	19633.93	19691.43	3040	0	145
2024.12.20	15:00:00	19690.43	19750.33	19683.43	19711.83	3613	0	135
2024.12.20	16:00:00	19711.33	19771.83	19693.33	19758.33	5437	0	145
2024.12.20	17:00:00	19758.83	19872.83	19758.83	19861.33	5490	0	145
2024.12.20	18:00:00	19862.33	19915.33	19860.33	19899.83	5012	0	145
2024.12.20	19:00:00	19900.33	19929.33	19894.83	19914.83	3682	0	255
2024.12.20	20:00:00	19914.33	19918.83	19886.83	19897.83	2937	0	235
2024.12.20	21:00:00	19896.83	19940.03	19889.83	19920.43	2734	0	195
2024.12.20	22:00:00	19920.93	19927.43	19849.83	19871.33	2500	0	235
2024.12.23	01:00:00	19933.73	19949.93	19917.93	19938.03	2119	0	365
2024.12.23	02:00:00	19938.03	19938.93	19839.83	19891.73	1136	0	335
2024.12.23	03:00:00	19890.73	19920.53	19865.43	19912.53	520	0	315
2024.12.23	04:00:00	19912.53	19920.63	19895.53	19919.63	521	0	315
2024.12.23	05:00:00	19920.13	19921.53	19893.13	19901.23	471	0	315
2024.12.23	06:00:00	19902.23	19908.73	19892.63	19904.43	466	0	315
2024.12.23	07:00:00	19902.93	19924.33	19902.43	19919.23	449	0	315
2024.12.23	08:00:00	19918.73	19921.13	19903.63	19905.03	428	0	315
2024.12.23	09:00:00	19905.03	19907.03	19852.03	19863.63	1347	0	155
2024.12.23	10:00:00	19863.63	19865.63	19796.13	19857.13	2962	0	145
2024.12.23	11:00:00	19858.63	19890.63	19855.13	19861.13	2333	0	145
2024.12.23	12:00:00	19860.13	19894.23	19860.13	19864.23	1761	0	135
2024.12.23	13:00:00	19864.23	19874.13	19831.23	19837.23	1871	0	135
2024.12.23	14:00:00	19838.23	19881.23	19836.73	19880.23	1720	0	135
2024.12.23	15:00:00	19880.23	19882.73	19809.23	19819.23	1844	0	135
2024.12.23	16:00:00	19820.23	19886.13	19812.13	19870.63	3611	0	135
2024.12.23	17:00:00	19870.13	19879.13	19794.63	19802.13	4927	0	145
2024.12.23	18:00:00	19801.13	19862.33	19801.13	19861.83	2726	0	135
2024.12.23	19:00:00	19861.33	19879.43	19846.13	19872.53	2840	0	175
2024.12.23	20:00:00	19872.53	19878.63	19858.13	19873.33	2088	0	155
2024.12.23	21:00:00	19872.83	19884.43	19864.43	19864.43	2175	0	155
2024.12.23	22:00:00	19864.93	19894.13	19822.63	19885.13	2330	0	185
2024.12.23	23:00:00	19885.13	19912.04	19875.24	19891.84	2219	0	255
2024.12.27	02:00:00	19927.63	19942.13	19900.53	19907.43	409	0	385
2024.12.27	03:00:00	19905.43	19919.03	19886.43	19911.23	552	0	315
2024.12.27	04:00:00	19911.73	19912.23	19897.33	19901.73	382	0	315
2024.12.27	05:00:00	19901.83	19919.13	19901.53	19907.83	261	0	315
2024.12.27	06:00:00	19908.33	19913.33	19881.63	19886.83	258	0	315
2024.12.27	07:00:00	19885.33	19898.83	19884.23	19898.33	392	0	315
2024.12.27	08:00:00	19893.33	19893.63	19865.63	19870.63	762	0	315
2024.12.27	09:00:00	19869.13	19875.93	19838.23	19841.23	1259	0	155
2024.12.27	10:00:00	19834.23	19865.53	19787.73	19864.73	2949	0	145
2024.12.27	11:00:00	19864.73	19912.73	19858.53	19906.73	1972	0	135
2024.12.27	12:00:00	19907.23	19921.73	19868.73	19914.03	1751	0	135
2024.12.27	13:00:00	19913.03	19918.53	19885.73	19912.73	1318	0	135
2024.12.27	14:00:00	19912.73	19950.73	19911.73	19949.73	1168	0	135
2024.12.27	15:00:00	19949.23	19951.23	19894.23	19894.23	1427	0	135
2024.12.27	16:00:00	19893.73	19971.43	19893.23	19958.43	2993	0	135
2024.12.27	17:00:00	19959.43	19962.43	19872.23	19944.33	5592	0	165
2024.12.27	18:00:00	19944.83	19971.53	19901.53	19917.03	4442	0	155
2024.12.27	19:00:00	19916.53	19928.53	19898.53	19922.53	3337	0	325
2024.12.27	20:00:00	19921.53	19963.83	19921.53	19960.23	2236	0	185
2024.12.27	21:00:00	19960.23	19966.23	19940.73	19960.13	2439	0	175
2024.12.27	22:00:00	19959.63	19959.63	19916.53	19937.53	2269	0	215
2024.12.30	01:00:00	19951.63	19951.93	19908.03	19933.93	1753	0	455
2024.12.30	02:00:00	19933.93	19968.33	19916.03	19963.93	1043	0	315
2024.12.30	03:00:00	19963.43	19992.83	19957.83	19986.43	537	0	315
2024.12.30	04:00:00	19985.93	19985.93	19959.23	19969.53	269	0	315
2024.12.30	05:00:00	19968.03	19970.43	19948.33	19954.03	348	0	315
2024.12.30	06:00:00	19956.03	19960.73	19948.43	19954.63	437	0	315
2024.12.30	07:00:00	19954.13	19963.03	19932.93	19941.03	557	0	315
2024.12.30	08:00:00	19941.13	19954.43	19915.53	19918.83	649	0	315
2024.12.30	09:00:00	19917.83	19924.03	19890.73	19913.23	1322	0	155
2024.12.30	10:00:00	19913.73	19935.93	19872.33	19929.73	2551	0	135
2024.12.30	11:00:00	19929.23	19964.03	19922.03	19941.13	2118	0	135
2024.12.30	12:00:00	19940.63	19966.23	19929.63	19937.13	1544	0	135
2024.12.30	13:00:00	19937.63	19968.73	19937.03	19966.23	1131	0	135
2024.12.30	14:00:00	19967.23	19970.63	19875.93	19896.93	2436	0	135
2024.12.30	15:00:00	19890.93	19906.93	19805.03	19817.03	2443	0	145
2024.12.30	16:00:00	19816.03	19844.13	19785.43	19794.53	3852	0	135
2024.12.30	17:00:00	19788.53	19806.93	19758.93	19805.03	4963	0	165
2024.12.30	18:00:00	19805.03	19855.13	19802.53	19833.13	3370	0	135
2024.12.30	19:00:00	19833.13	19881.13	19832.13	19873.13	2714	0	275
2024.12.30	20:00:00	19873.63	19879.23	19849.13	19873.63	2811	0	235
2024.12.30	21:00:00	19874.13	19878.83	19845.13	19873.33	2276	0	225
2024.12.30	22:00:00	19872.83	19884.43	19834.63	19836.63	2834	0	185
2024.12.30	23:00:00	19836.63	19839.14	19813.14	19834.34	3329	0	345
2025.01.02	02:00:00	19779.53	19850.03	19776.03	19840.83	547	0	395
2025.01.02	03:00:00	19842.83	19894.53	19838.53	19888.13	799	0	315
2025.01.02	04:00:00	19886.13	19907.03	19882.83	19895.03	601	0	315
2025.01.02	05:00:00	19896.03	19897.93	19866.43	19870.23	536	0	315
2025.01.02	06:00:00	19870.73	19881.23	19862.13	19878.53	512	0	315
2025.01.02	07:00:00	19879.03	19923.63	19875.93	19921.63	684	0	315
2025.01.02	08:00:00	19922.13	19942.53	19909.53	19915.13	843	0	345
2025.01.02	09:00:00	19914.63	19967.03	19914.63	19934.53	1683	0	155
2025.01.02	10:00:00	19934.53	20021.33	19892.33	19940.33	4426	0	175
2025.01.02	11:00:00	19939.33	19960.93	19879.53	19914.03	3471	0	145
2025.01.02	12:00:00	19914.53	19918.53	19840.63	19859.63	2723	0	135
2025.01.02	13:00:00	19860.63	19908.63	19828.13	19906.63	2166	0	135
2025.01.02	14:00:00	19906.63	19941.13	19886.13	19914.63	2376	0	135
2025.01.02	15:00:00	19915.13	19962.63	19914.63	19939.63	1925	0	135
2025.01.02	16:00:00	19940.13	19983.53	19909.53	19967.03	4376	0	135
2025.01.02	17:00:00	19966.53	19997.53	19931.53	19985.53	5836	0	145
2025.01.02	18:00:00	19986.53	20036.53	19945.53	19983.03	5174	0	145
2025.01.02	19:00:00	19984.53	20009.53	19892.53	19938.03	5981	0	255
2025.01.02	20:00:00	19938.53	19939.03	19902.03	19924.03	4917	0	255
2025.01.02	21:00:00	19923.53	19949.03	19917.03	19923.03	3657	0	255
2025.01.02	22:00:00	19923.53	19964.03	19923.53	19957.03	3843	0	255
2025.01.02	23:00:00	19956.94	19982.14	19952.84	19971.54	2097	0	273
2025.01.03	01:00:00	19962.53	19963.63	19938.03	19949.63	1031	0	335
2025.01.03	02:00:00	19949.63	19990.03	19933.13	19986.53	817	0	315
2025.01.03	03:00:00	19987.03	19993.23	19973.83	19987.83	523	0	315
2025.01.03	04:00:00	19987.33	20002.43	19983.43	19995.03	506	0	315
2025.01.03	05:00:00	19996.03	20006.03	19993.03	19993.53	413	0	315
2025.01.03	06:00:00	19994.03	19996.03	19986.03	19987.53	271	0	315
2025.01.03	07:00:00	19988.03	19988.53	19974.93	19986.03	366	0	315
2025.01.03	08:00:00	19985.53	19994.33	19981.03	19984.33	506	0	315
2025.01.03	09:00:00	19981.33	20009.83	19968.33	20001.33	1351	0	155
2025.01.03	10:00:00	20001.33	20031.83	19915.33	19925.03	3951	0	135
2025.01.03	11:00:00	19923.53	19979.53	19917.03	19967.63	2596	0	135
2025.01.03	12:00:00	19968.63	19970.13	19919.13	19927.63	1948	0	135
2025.01.03	13:00:00	19927.13	19966.63	19927.13	19953.13	1525	0	135
2025.01.03	14:00:00	19952.63	19963.03	19939.13	19956.13	1490	0	135
2025.01.03	15:00:00	19956.13	19970.13	19890.53	19908.13	1810	0	135
2025.01.03	16:00:00	19911.13	19950.03	19890.03	19925.03	3338	0	135
2025.01.03	17:00:00	19926.03	19930.53	19864.03	19903.03	5113	0	145
2025.01.03	18:00:00	19903.03	19926.03	19879.53	19899.53	3555	0	135
2025.01.03	19:00:00	19899.53	19912.03	19891.53	19902.83	2400	0	155
2025.01.03	20:00:00	19902.33	19917.43	19892.33	19900.03	1804	0	155
2025.01.03	21:00:00	19900.53	19916.03	19897.53	19904.53	1773	0	155
2025.01.03	22:00:00	19903.53	19910.33	19894.53	19901.73	1479	0	155
2025.01.06	01:00:00	19912.33	19919.93	19895.73	19907.93	1352	0	325
2025.01.06	02:00:00	19907.63	19938.53	19893.93	19925.83	847	0	315
2025.01.06	03:00:00	19925.33	19940.93	19916.83	19939.53	375	0	315
2025.01.06	04:00:00	19939.03	19949.83	19930.03	19948.03	363	0	315
2025.01.06	05:00:00	19948.53	19962.03	19947.03	19952.93	218	0	315
2025.01.06	06:00:00	19952.43	19965.93	19944.03	19964.93	223	0	315
2025.01.06	07:00:00	19964.93	19986.83	19964.93	19986.53	330	0	315
2025.01.06	08:00:00	19986.53	20008.43	19986.43	19992.43	376	0	315
2025.01.06	09:00:00	19988.43	20002.63	19935.83	19969.53	1263	0	155
2025.01.06	10:00:00	19972.03	19996.33	19915.33	19974.43	2650	0	145
2025.01.06	11:00:00	19974.43	20007.63	19969.93	19991.63	1935	0	135
2025.01.06	12:00:00	19991.63	19993.13	19948.63	19975.63	1299	0	135
2025.01.06	13:00:00	19975.63	20175.53	19949.53	20166.53	3970	0	135
2025.01.06	14:00:00	20167.03	20198.53	20151.53	20158.13	2444	0	145
2025.01.06	15:00:00	20157.63	20158.63	20088.53	20146.53	2073	0	135
2025.01.06	16:00:00	20146.53	20157.53	19993.43	20103.43	4969	0	135
2025.01.06	17:00:00	20102.93	20203.63	20089.63	20195.13	3639	0	145
2025.01.06	18:00:00	20195.63	20245.83	20173.43	20223.33	2852	0	135
2025.01.06	19:00:00	20222.33	20222.33	20185.93	20195.33	2015	0	205
2025.01.06	20:00:00	20194.83	20196.03	20152.33	20156.43	2035	0	215
2025.01.06	21:00:00	20156.93	20158.93	20118.33	20119.33	2104	0	225
2025.01.06	22:00:00	20118.33	20137.03	20108.33	20135.83	1916	0	215
2025.01.06	23:00:00	20135.23	20152.34	20135.14	20146.84	1804	0	343
2025.01.07	01:00:00	20161.43	20161.43	20138.03	20139.93	1085	0	325
2025.01.07	02:00:00	20139.93	20151.23	20130.43	20136.23	856	0	315
2025.01.07	03:00:00	20135.23	20145.93	20125.23	20138.13	568	0	315
2025.01.07	04:00:00	20137.63	20145.43	20115.43	20116.43	290	0	315
2025.01.07	05:00:00	20115.93	20132.33	20105.63	20131.93	339	0	315
2025.01.07	06:00:00	20132.43	20142.43	20127.43	20128.43	311	0	315
2025.01.07	07:00:00	20128.93	20134.73	20107.03	20132.83	477	0	315
2025.01.07	08:00:00	20132.33	20143.43	20113.13	20118.73	540	0	315
2025.01.07	09:00:00	20116.73	20183.23	20113.73	20174.33	1328	0	155
2025.01.07	10:00:00	20174.83	20238.73	20147.23	20218.83	3823	0	145
2025.01.07	11:00:00	20219.83	20266.33	20203.73	20219.83	2447	0	135
2025.01.07	12:00:00	20219.83	20287.33	20219.83	20271.33	1813	0	135
2025.01.07	13:00:00	20269.83	20302.83	20262.33	20271.63	1665	0	135
2025.01.07	14:00:00	20271.63	20325.63	20264.13	20310.63	1344	0	135
2025.01.07	15:00:00	20312.13	20349.63	20309.63	20346.13	1500	0	135
2025.01.07	16:00:00	20345.63	20395.13	20342.52	20343.45	2433	0	135
2025.01.07	17:00:00	20343.45	20348.45	20256.03	20318.53	6198	0	155
2025.01.07	18:00:00	20319.03	20353.53	20307.03	20320.53	4504	0	145
2025.01.07	19:00:00	20321.53	20341.53	20303.53	20324.53	2747	0	245
2025.01.07	20:00:00	20324.53	20350.73	20324.03	20329.03	1742	0	165
2025.01.07	21:00:00	20329.03	20336.33	20303.03	20308.73	1376	0	155
2025.01.07	22:00:00	20308.83	20309.83	20263.03	20295.53	2409	0	175
2025.01.07	23:00:00	20295.53	20306.14	20286.34	20299.14	1586	0	255
2025.01.08	01:00:00	20287.53	20317.23	20272.53	20316.53	927	0	325
2025.01.08	02:00:00	20316.73	20327.73	20297.23	20303.13	601	0	315
2025.01.08	03:00:00	20302.13	20324.63	20301.63	20320.63	244	0	315
2025.01.08	04:00:00	20319.13	20322.63	20297.43	20316.13	308	0	315
2025.01.08	05:00:00	20316.13	20319.63	20304.03	20313.53	361	0	315
2025.01.08	06:00:00	20313.53	20317.63	20299.53	20303.13	232	0	315
2025.01.08	07:00:00	20302.63	20324.43	20300.03	20322.93	334	0	315
2025.01.08	08:00:00	20323.93	20324.43	20287.93	20288.93	462	0	315
2025.01.08	09:00:00	20290.43	20302.93	20264.93	20300.93	1077	0	155
2025.01.08	10:00:00	20301.93	20409.43	20287.03	20381.63	3131	0	135
2025.01.08	11:00:00	20381.63	20418.13	20375.53	20402.63	2116	0	135
2025.01.08	12:00:00	20401.13	20469.63	20400.63	20466.13	1630	0	135
2025.01.08	13:00:00	20465.63	20485.13	20279.53	20355.53	4311	0	135
2025.01.08	14:00:00	20355.03	20355.03	20273.53	20274.53	4040	0	145
2025.01.08	15:00:00	20274.53	20327.53	20252.23	20308.33	3897	0	145
2025.01.08	16:00:00	20308.83	20325.33	20240.23	20272.73	4233	0	135
2025.01.08	17:00:00	20270.23	20322.33	20245.23	20321.33	5047	0	145
2025.01.08	18:00:00	20321.33	20350.23	20302.73	20331.73	3299	0	145
2025.01.08	19:00:00	20331.23	20336.83	20256.23	20300.73	2949	0	245
2025.01.08	20:00:00	20301.23	20342.73	20287.73	20307.23	2581	0	215
2025.01.08	21:00:00	20308.73	20356.23	20296.23	20326.23	3270	0	255
2025.01.08	22:00:00	20326.23	20350.73	20317.23	20346.23	1963	0	205
2025.01.08	23:00:00	20345.23	20363.74	20322.24	20337.44	1891	0	255
2025.01.09	01:00:00	20329.73	20341.53	20319.43	20320.83	843	0	325
2025.01.09	02:00:00	20320.63	20332.33	20305.03	20329.83	815	0	315
2025.01.09	03:00:00	20328.83	20340.83	20320.03	20329.23	383	0	315
2025.01.09	04:00:00	20329.23	20358.33	20329.23	20356.83	305	0	315
2025.01.09	05:00:00	20355.83	20358.83	20337.13	20337.63	250	0	315
2025.01.09	06:00:00	20338.63	20341.73	20322.33	20332.83	324	0	315
2025.01.09	07:00:00	20332.33	20342.33	20327.83	20333.83	265	0	315
2025.01.09	08:00:00	20333.33	20336.83	20314.33	20319.53	450	0	315
2025.01.09	09:00:00	20318.53	20324.13	20261.83	20269.83	1370	0	155
2025.01.09	10:00:00	20266.83	20318.43	20248.33	20308.43	3493	0	135
2025.01.09	11:00:00	20309.43	20314.43	20264.43	20285.93	2036	0	135
2025.01.09	12:00:00	20286.93	20322.43	20283.43	20303.43	1495	0	135
2025.01.09	13:00:00	20303.43	20319.43	20285.93	20309.93	1460	0	135
2025.01.09	14:00:00	20310.43	20329.93	20300.43	20328.43	1254	0	135
2025.01.09	15:00:00	20328.43	20361.43	20321.43	20340.43	1620	0	135
2025.01.09	16:00:00	20340.43	20359.43	20328.93	20338.43	1237	0	135
2025.01.09	17:00:00	20338.43	20349.93	20312.93	20329.13	1139	0	135
2025.01.09	18:00:00	20329.13	20331.53	20311.63	20329.03	1045	0	135
2025.01.09	19:00:00	20328.53	20333.03	20321.53	20324.03	308	0	155
2025.01.09	20:00:00	20324.03	20327.03	20319.03	20322.53	200	0	155
2025.01.09	21:00:00	20322.53	20328.03	20321.03	20324.53	141	0	155
2025.01.09	22:00:00	20324.53	20338.03	20323.53	20333.33	225	0	155
2025.01.10	01:00:00	20333.33	20347.83	20291.63	20314.13	2310	0	365
2025.01.10	02:00:00	20314.83	20317.43	20260.73	20290.03	1145	0	315
2025.01.10	03:00:00	20290.03	20330.13	20280.83	20309.53	469	0	315
2025.01.10	04:00:00	20309.03	20331.63	20297.93	20329.13	397	0	315
2025.01.10	05:00:00	20329.63	20343.13	20328.13	20336.63	329	0	315
2025.01.10	06:00:00	20337.63	20341.03	20319.13	20332.63	257	0	315
2025.01.10	07:00:00	20333.63	20341.63	20323.43	20330.53	332	0	315
2025.01.10	08:00:00	20331.53	20331.53	20286.93	20290.03	479	0	315
2025.01.10	09:00:00	20292.03	20317.43	20289.43	20310.53	1092	0	155
2025.01.10	10:00:00	20310.03	20350.03	20297.53	20334.53	2802	0	135
2025.01.10	11:00:00	20334.53	20339.53	20294.53	20333.53	2130	0	135
2025.01.10	12:00:00	20333.53	20391.53	20325.53	20351.53	1696	0	135
2025.01.10	13:00:00	20351.53	20402.53	20351.53	20391.53	1460	0	135
2025.01.10	14:00:00	20393.53	20401.53	20367.03	20394.53	1651	0	135
2025.01.10	15:00:00	20394.03	20394.53	20265.93	20311.43	4647	0	135
2025.01.10	16:00:00	20311.43	20374.43	20296.43	20314.93	5379	0	145
2025.01.10	17:00:00	20313.43	20313.43	20193.43	20246.43	6816	0	155
2025.01.10	18:00:00	20247.43	20251.43	20188.43	20212.93	4954	0	155
2025.01.10	19:00:00	20214.93	20275.43	20198.93	20271.93	3007	0	225
2025.01.10	20:00:00	20270.93	20307.93	20252.93	20305.43	2343	0	245
2025.01.10	21:00:00	20305.93	20306.93	20263.93	20276.93	2608	0	245
2025.01.10	22:00:00	20275.93	20278.43	20229.93	20239.43	2147	0	215
2025.01.13	01:00:00	20224.53	20257.73	20190.03	20224.63	1813	0	355
2025.01.13	02:00:00	20224.93	20264.33	20224.93	20240.53	917	0	325
2025.01.13	03:00:00	20240.03	20241.53	20182.33	20203.43	837	0	325
2025.01.13	04:00:00	20203.43	20221.93	20197.53	20209.73	507	0	315
2025.01.13	05:00:00	20210.23	20217.53	20175.33	20184.53	505	0	315
2025.01.13	06:00:00	20184.53	20198.73	20178.63	20189.53	325	0	315
2025.01.13	07:00:00	20187.53	20197.23	20177.03	20183.93	342	0	315
2025.01.13	08:00:00	20185.43	20195.23	20177.03	20177.03	486	0	315
2025.01.13	09:00:00	20176.53	20187.83	20139.03	20161.73	1506	0	155
2025.01.13	10:00:00	20159.73	20186.23	20075.23	20076.23	3913	0	145
2025.01.13	11:00:00	20079.73	20095.23	20048.83	20054.23	2959	0	145
2025.01.13	12:00:00	20053.73	20101.33	20046.83	20069.33	1888	0	135
2025.01.13	13:00:00	20069.33	20086.33	20023.83	20071.33	1640	0	135
2025.01.13	14:00:00	20072.33	20152.23	20054.33	20119.33	2095	0	135
2025.01.13	15:00:00	20120.33	20121.33	20081.33	20091.83	1902	0	135
2025.01.13	16:00:00	20092.83	20161.73	20070.83	20146.73	3742	0	135
2025.01.13	17:00:00	20146.73	20176.83	20128.73	20164.33	3756	0	145
2025.01.13	18:00:00	20164.83	20170.83	20113.73	20116.23	3892	0	145
2025.01.13	19:00:00	20116.73	20172.43	20109.23	20170.43	2805	0	205
2025.01.13	20:00:00	20170.93	20179.33	20155.93	20177.53	1764	0	165
2025.01.13	21:00:00	20176.53	20184.93	20156.83	20177.23	1801	0	165
2025.01.13	22:00:00	20176.73	20201.23	20166.73	20200.73	1751	0	175
2025.01.13	23:00:00	20200.73	20225.14	20193.34	20218.44	2028	0	255
2025.01.14	01:00:00	20237.13	20275.53	20236.73	20242.33	1506	0	335
2025.01.14	02:00:00	20242.83	20260.53	20221.63	20231.13	959	0	315
2025.01.14	03:00:00	20232.13	20234.23	20212.53	20220.73	556	0	315
2025.01.14	04:00:00	20220.73	20231.13	20200.93	20231.13	351	0	315
2025.01.14	05:00:00	20229.13	20248.63	20225.13	20228.83	445	0	315
2025.01.14	06:00:00	20229.33	20243.43	20219.23	20243.33	244	0	315
2025.01.14	07:00:00	20243.43	20255.13	20231.93	20247.23	328	0	315
2025.01.14	08:00:00	20248.73	20258.23	20238.33	20241.63	557	0	315
2025.01.14	09:00:00	20239.13	20256.63	20206.73	20218.23	1160	0	155
2025.01.14	10:00:00	20222.23	20281.73	20215.73	20261.33	3112	0	135
2025.01.14	11:00:00	20260.83	20276.03	20236.53	20261.13	1842	0	135
2025.01.14	12:00:00	20261.13	20304.63	20255.13	20302.63	1435	0	135
2025.01.14	13:00:00	20302.13	20303.13	20273.13	20290.13	1199	0	135
2025.01.14	14:00:00	20290.13	20298.13	20250.13	20296.43	1595	0	135
2025.01.14	15:00:00	20297.43	20362.93	20275.53	20297.43	3066	0	135
2025.01.14	16:00:00	20299.43	20313.03	20235.43	20243.43	3455	0	135
2025.01.14	17:00:00	20244.43	20285.43	20243.93	20261.43	3615	0	145
2025.01.14	18:00:00	20262.43	20280.43	20231.43	20231.43	3953	0	135
2025.01.14	19:00:00	20230.43	20267.03	20226.43	20258.93	2468	0	205
2025.01.14	20:00:00	20258.93	20296.83	20257.43	20288.23	1600	0	165
2025.01.14	21:00:00	20287.73	20296.43	20240.93	20244.93	1792	0	155
2025.01.14	22:00:00	20244.93	20268.93	20221.93	20265.43	2897	0	255
2025.01.14	23:00:00	20265.43	20306.34	20261.34	20300.24	2192	0	255
2025.01.15	01:00:00	20286.53	20286.73	20269.53	20278.43	790	0	315
2025.01.15	02:00:00	20278.43	20291.13	20271.03	20286.03	402	0	315
2025.01.15	03:00:00	20288.03	20304.53	20284.93	20300.93	273	0	315
2025.01.15	04:00:00	20300.43	20302.03	20283.53	20285.53	216	0	315
2025.01.15	05:00:00	20285.03	20285.53	20270.53	20270.93	151	0	315
2025.01.15	06:00:00	20271.03	20282.03	20267.53	20282.03	124	0	315
2025.01.15	07:00:00	20280.53	20280.53	20265.53	20268.03	206	0	315
2025.01.15	08:00:00	20267.53	20286.53	20267.53	20282.43	251	0	315
2025.01.15	09:00:00	20280.43	20313.33	20277.83	20313.23	820	0	155
2025.01.15	10:00:00	20316.23	20355.83	20286.33	20340.93	2663	0	135
2025.01.15	11:00:00	20339.43	20379.33	20337.33	20366.33	1712	0	135
2025.01.15	12:00:00	20366.83	20403.83	20344.83	20397.83	1526	0	135
2025.01.15	13:00:00	20399.83	20459.23	20396.33	20449.23	1586	0	135
2025.01.15	14:00:00	20450.23	20470.33	20439.33	20447.63	1432	0	135
2025.01.15	15:00:00	20446.63	20615.53	20427.63	20603.53	4173	0	135
2025.01.15	16:00:00	20603.53	20614.53	20540.53	20593.53	3688	0	145
2025.01.15	17:00:00	20594.53	20617.03	20572.53	20603.53	2722	0	135
2025.01.15	18:00:00	20603.53	20632.03	20581.93	20592.43	3232	0	135
2025.01.15	19:00:00	20591.93	20615.43	20587.93	20600.93	1985	0	155
2025.01.15	20:00:00	20601.43	20625.43	20600.93	20619.93	1145	0	155
2025.01.15	21:00:00	20619.93	20623.93	20604.93	20612.43	1025	0	155
2025.01.15	22:00:00	20612.93	20627.43	20612.43	20620.53	1067	0	155
2025.01.15	23:00:00	20620.03	20627.94	20606.84	20613.04	1405	0	225
2025.01.16	01:00:00	20628.03	20649.33	20626.53	20648.53	685	0	325
2025.01.16	02:00:00	20648.53	20657.53	20629.53	20638.53	576	0	315
2025.01.16	03:00:00	20639.03	20639.53	20602.43	20603.43	359	0	315
2025.01.16	04:00:00	20603.93	20606.33	20590.93	20598.93	450	0	315
2025.01.16	05:00:00	20597.43	20612.33	20590.53	20595.53	312	0	315
2025.01.16	06:00:00	20595.53	20608.03	20594.53	20603.03	164	0	315
2025.01.16	07:00:00	20602.53	20604.53	20580.63	20582.53	304	0	315
2025.01.16	08:00:00	20583.03	20628.73	20581.53	20616.73	961	0	315
2025.01.16	09:00:00	20618.23	20703.03	20612.13	20700.53	1678	0	155
2025.01.16	10:00:00	20700.53	20700.53	20586.43	20586.43	3696	0	145
2025.01.16	11:00:00	20586.93	20618.43	20582.83	20586.93	2445	0	135
2025.01.16	12:00:00	20586.93	20617.93	20575.93	20593.93	1548	0	135
2025.01.16	13:00:00	20594.93	20633.43	20583.93	20626.93	1252	0	135
2025.01.16	14:00:00	20627.43	20650.93	20610.93	20634.93	1306	0	135
2025.01.16	15:00:00	20635.93	20655.43	20623.93	20633.93	1565	0	135
2025.01.16	16:00:00	20633.93	20662.83	20599.43	20603.93	2329	0	135
2025.01.16	17:00:00	20604.93	20615.83	20580.83	20602.93	3618	0	135
2025.01.16	18:00:00	20602.93	20666.13	20597.43	20660.63	3432	0	135
2025.01.16	19:00:00	20659.63	20662.63	20640.93	20644.13	1960	0	155
2025.01.16	20:00:00	20644.63	20659.03	20619.23	20626.13	1481	0	155
2025.01.16	21:00:00	20626.13	20649.73	20616.73	20646.73	1341	0	155
2025.01.16	22:00:00	20645.73	20654.03	20631.03	20641.83	1287	0	155
2025.01.16	23:00:00	20641.83	20643.64	20599.94	20615.84	2544	0	235
2025.01.17	01:00:00	20632.23	20642.63	20622.63	20640.93	1007	0	325
2025.01.17	02:00:00	20640.93	20645.13	20628.03	20636.93	530	0	315
2025.01.17	03:00:00	20636.93	20653.63	20634.93	20652.43	321	0	315
2025.01.17	04:00:00	20653.43	20671.43	20644.83	20647.73	416	0	315
2025.01.17	05:00:00	20647.73	20666.33	20644.43	20665.33	304	0	315
2025.01.17	06:00:00	20665.33	20676.93	20662.43	20665.33	332	0	315
2025.01.17	07:00:00	20664.83	20672.73	20649.73	20663.63	383	0	315
2025.01.17	08:00:00	20663.13	20669.13	20651.13	20662.13	456	0	315
2025.01.17	09:00:00	20665.63	20714.23	20665.53	20711.23	891	0	155
2025.01.17	10:00:00	20715.23	20807.23	20712.23	20794.73	2550	0	135
2025.01.17	11:00:00	20796.23	20887.73	20794.73	20853.83	2150	0	135
2025.01.17	12:00:00	20854.33	20886.23	20822.73	20853.23	1917	0	135
2025.01.17	13:00:00	20854.23	20878.33	20853.83	20860.33	1297	0	135
2025.01.17	14:00:00	20860.33	20867.83	20827.23	20864.83	1412	0	135
2025.01.17	15:00:00	20863.33	20894.33	20852.83	20874.33	1337	0	135
2025.01.17	16:00:00	20874.33	20922.73	20868.33	20915.23	2500	0	135
2025.01.17	17:00:00	20916.23	20925.83	20881.03	20893.63	2194	0	135
2025.01.17	18:00:00	20894.13	20909.33	20889.63	20900.93	2016	0	135
2025.01.17	19:00:00	20900.43	20912.23	20891.33	20896.63	1100	0	155
2025.01.17	20:00:00	20896.13	20899.73	20877.73	20883.63	1114	0	155
2025.01.17	21:00:00	20884.13	20896.23	20875.23	20880.73	963	0	155
2025.01.17	22:00:00	20879.73	20908.33	20869.43	20897.23	916	0	155
2025.01.20	01:00:00	20883.33	20883.33	20853.73	20873.73	1890	0	345
2025.01.20	02:00:00	20874.73	20893.43	20858.93	20891.43	818	0	315
2025.01.20	03:00:00	20890.93	20908.43	20887.93	20899.13	640	0	315
2025.01.20	04:00:00	20898.63	20903.63	20890.43	20895.43	551	0	315
2025.01.20	05:00:00	20895.43	20911.53	20893.53	20911.53	466	0	315
2025.01.20	06:00:00	20912.03	20918.43	20902.53	20909.63	367	0	315
2025.01.20	07:00:00	20909.63	20919.63	20907.63	20918.63	261	0	315
2025.01.20	08:00:00	20919.63	20919.63	20880.93	20887.63	538	0	315
2025.01.20	09:00:00	20888.63	20905.43	20885.43	20887.43	881	0	155
2025.01.20	10:00:00	20887.43	20930.43	20883.93	20907.03	2587	0	135
2025.01.20	11:00:00	20907.03	20921.53	20899.93	20914.03	1642	0	135
2025.01.20	12:00:00	20914.03	20923.53	20901.53	20910.03	1459	0	135
2025.01.20	13:00:00	20910.03	20921.53	20892.53	20893.53	1171	0	135
2025.01.20	14:00:00	20894.03	20918.53	20893.03	20906.03	1374	0	135
2025.01.20	15:00:00	20906.53	21032.93	20878.93	21022.43	3681	0	135
2025.01.20	16:00:00	21020.93	21053.89	20993.89	21034.89	3094	0	143
2025.01.20	17:00:00	21034.39	21042.89	20980.89	21002.99	2444	0	143
2025.01.20	18:00:00	21002.99	21013.99	20981.39	20984.69	1738	0	143
2025.01.20	19:00:00	20983.69	20996.19	20879.89	20978.89	2479	0	163
2025.01.20	20:00:00	20978.89	20986.79	20952.19	20974.39	373	0	163
2025.01.20	21:00:00	20973.89	20991.39	20961.39	20990.39	204	0	163
2025.01.20	22:00:00	20989.89	21020.39	20984.29	21018.39	357	0	163
2025.01.21	01:00:00	21005.63	21034.53	21002.03	21032.83	1325	0	345
2025.01.21	02:00:00	21033.33	21052.69	20894.19	20894.19	1468	0	323
2025.01.21	03:00:00	20888.69	20966.29	20863.19	20958.29	757	0	363
2025.01.21	04:00:00	20958.29	20983.29	20958.29	20972.59	484	0	323
2025.01.21	05:00:00	20973.59	21009.49	20972.09	20979.49	378	0	323
2025.01.21	06:00:00	20980.49	20981.49	20943.39	20948.49	350	0	323
2025.01.21	07:00:00	20948.49	20957.49	20927.39	20940.49	443	0	323
2025.01.21	08:00:00	20940.99	20943.39	20901.79	20923.49	525	0	323
2025.01.21	09:00:00	20922.99	20966.39	20912.89	20944.39	1466	0	163
2025.01.21	10:00:00	20941.39	20998.99	20915.89	20967.79	2779	0	143
2025.01.21	11:00:00	20967.79	20989.69	20946.69	20980.79	2044	0	143
2025.01.21	12:00:00	20981.29	21001.69	20961.69	20964.19	1842	0	143
2025.01.21	13:00:00	20963.69	20984.69	20953.69	20967.29	1665	0	143
2025.01.21	14:00:00	20967.29	20986.29	20955.19	20966.29	1478	0	143
2025.01.21	15:00:00	20966.29	20995.29	20953.79	20993.79	1608	0	143
2025.01.21	16:00:00	20994.79	21018.79	20983.19	21005.19	2817	0	143
2025.01.21	17:00:00	21005.19	21017.33	20982.73	21010.33	3731	0	135
2025.01.21	18:00:00	21010.33	21066.73	21004.33	21062.73	2758	0	135
2025.01.21	19:00:00	21062.23	21091.83	21053.63	21086.83	1745	0	155
2025.01.21	20:00:00	21086.33	21090.73	21072.73	21084.23	1315	0	155
2025.01.21	21:00:00	21083.23	21096.73	21080.13	21096.23	1294	0	155
2025.01.21	22:00:00	21095.73	21131.83	21092.73	21122.23	1583	0	155
2025.01.21	23:00:00	21122.23	21148.64	21119.54	21135.64	1489	0	255
2025.01.22	01:00:00	21135.63	21157.03	21130.33	21156.53	1741	0	335
2025.01.22	02:00:00	21156.73	21173.63	21136.03	21168.73	620	0	315
2025.01.22	03:00:00	21169.23	21169.23	21137.53	21146.33	452	0	315
2025.01.22	04:00:00	21145.83	21156.93	21133.43	21134.93	493	0	315
2025.01.22	05:00:00	21136.43	21146.93	21134.93	21145.83	315	0	315
2025.01.22	06:00:00	21145.83	21160.43	21138.43	21159.33	299	0	315
2025.01.22	07:00:00	21157.83	21158.33	21141.73	21146.13	378	0	315
2025.01.22	08:00:00	21145.63	21155.33	21125.73	21127.23	599	0	315
2025.01.22	09:00:00	21127.23	21177.23	21121.53	21153.93	1253	0	155
2025.01.22	10:00:00	21149.93	21277.23	21147.83	21252.83	3395	0	135
2025.01.22	11:00:00	21252.33	21272.93	21246.93	21250.43	1994	0	135
2025.01.22	12:00:00	21250.93	21287.93	21248.93	21287.43	1465	0	135
2025.01.22	13:00:00	21286.93	21307.43	21272.93	21287.93	1497	0	135
2025.01.22	14:00:00	21288.93	21333.93	21286.93	21313.93	1812	0	135
2025.01.22	15:00:00	21313.93	21329.93	21289.93	21300.43	1423	0	135
2025.01.22	16:00:00	21301.93	21306.43	21258.93	21275.93	2468	0	135
2025.01.22	17:00:00	21275.43	21275.93	21214.43	21219.93	2631	0	135
2025.01.22	18:00:00	21220.93	21275.83	21211.93	21272.33	2369	0	135
2025.01.22	19:00:00	21271.83	21274.83	21253.83	21253.83	1359	0	155
2025.01.22	20:00:00	21253.33	21263.33	21238.83	21239.83	1094	0	155
2025.01.22	21:00:00	21239.83	21254.33	21235.83	21252.33	1151	0	155
2025.01.22	22:00:00	21252.33	21258.83	21237.83	21241.83	1550	0	155
2025.01.22	23:00:00	21241.74	21246.24	21224.34	21232.44	991	0	273
2025.01.23	01:00:00	21244.23	21248.73	21233.13	21238.73	800	0	325
2025.01.23	02:00:00	21238.73	21244.53	21227.03	21237.63	458	0	315
2025.01.23	03:00:00	21236.63	21259.93	21232.43	21233.43	250	0	315
2025.01.23	04:00:00	21232.43	21254.03	21220.53	21250.63	264	0	315
2025.01.23	05:00:00	21251.13	21255.13	21244.53	21248.63	137	0	315
2025.01.23	06:00:00	21248.63	21267.13	21248.63	21267.13	115	0	315
2025.01.23	07:00:00	21268.13	21276.03	21248.03	21250.93	203	0	315
2025.01.23	08:00:00	21251.03	21264.03	21240.93	21249.63	300	0	315
2025.01.23	09:00:00	21249.63	21293.93	21249.63	21282.43	881	0	155
2025.01.23	10:00:00	21280.43	21305.43	21251.93	21259.03	2590	0	135
2025.01.23	11:00:00	21259.03	21300.53	21257.03	21298.03	1495	0	135
2025.01.23	12:00:00	21298.53	21322.13	21295.13	21315.13	1115	0	135
2025.01.23	13:00:00	21312.63	21320.63	21301.13	21301.63	891	0	135
2025.01.23	14:00:00	21301.63	21324.63	21297.63	21314.63	769	0	135
2025.01.23	15:00:00	21314.63	21346.03	21293.63	21328.63	1211	0	135
2025.01.23	16:00:00	21329.63	21345.13	21309.13	21313.63	1687	0	135
2025.01.23	17:00:00	21314.63	21361.83	21307.13	21356.33	1574	0	135
2025.01.23	18:00:00	21355.83	21441.23	21329.73	21434.33	2635	0	135
2025.01.23	19:00:00	21432.83	21464.93	21425.23	21460.53	1077	0	155
2025.01.23	20:00:00	21460.53	21467.03	21437.53	21450.03	734	0	155
2025.01.23	21:00:00	21449.53	21459.03	21437.53	21455.53	617	0	155
2025.01.23	22:00:00	21454.53	21495.83	21451.53	21490.13	1026	0	155
2025.01.23	23:00:00	21489.04	21492.64	21458.34	21470.14	1591	0	253
2025.01.24	01:00:00	21471.73	21482.83	21470.63	21480.43	655	0	315
2025.01.24	02:00:00	21480.43	21496.33	21469.93	21484.13	384	0	315
2025.01.24	03:00:00	21484.63	21492.23	21475.23	21481.23	312	0	315
2025.01.24	04:00:00	21481.73	21522.03	21481.73	21519.43	349	0	315
2025.01.24	05:00:00	21518.93	21527.63	21486.93	21504.73	385	0	315
2025.01.24	06:00:00	21504.23	21508.73	21485.63	21504.63	242	0	315
2025.01.24	07:00:00	21504.73	21523.13	21501.73	21505.63	226	0	315
2025.01.24	08:00:00	21506.13	21516.23	21494.93	21503.13	339	0	315
2025.01.24	09:00:00	21504.13	21508.13	21465.13	21470.03	1091	0	155
2025.01.24	10:00:00	21462.03	21491.13	21451.53	21484.13	2619	0	135
2025.01.24	11:00:00	21484.63	21518.63	21464.63	21504.63	1652	0	135
2025.01.24	12:00:00	21503.63	21519.63	21468.63	21491.03	1406	0	135
2025.01.24	13:00:00	21490.53	21496.03	21462.63	21475.63	1041	0	135
2025.01.24	14:00:00	21474.63	21481.63	21434.13	21452.63	1024	0	135
2025.01.24	15:00:00	21452.13	21452.63	21429.43	21431.93	999	0	135
2025.01.24	16:00:00	21430.93	21430.93	21375.83	21381.33	1741	0	135
2025.01.24	17:00:00	21381.33	21382.43	21348.33	21366.93	2082	0	135
2025.01.24	18:00:00	21366.43	21409.23	21362.43	21386.93	1686	0	135
2025.01.24	19:00:00	21386.93	21397.23	21363.33	21365.83	1267	0	155
2025.01.24	20:00:00	21365.83	21384.23	21357.03	21363.93	1028	0	155
2025.01.24	21:00:00	21363.43	21387.33	21361.03	21374.83	892	0	155
2025.01.24	22:00:00	21374.83	21382.73	21353.73	21355.73	742	0	155
2025.01.27	01:00:00	21293.33	21311.93	21286.03	21304.73	1954	0	345
2025.01.27	02:00:00	21304.73	21338.33	21299.23	21315.83	818	0	315
2025.01.27	03:00:00	21314.83	21322.43	21264.23	21269.73	672	0	315
2025.01.27	04:00:00	21269.73	21290.03	21251.73	21282.93	490	0	315
2025.01.27	05:00:00	21282.93	21327.33	21278.33	21316.13	414	0	315
2025.01.27	06:00:00	21316.63	21336.43	21295.03	21335.43	461	0	315
2025.01.27	07:00:00	21335.93	21338.43	21267.73	21267.73	560	0	315
2025.01.27	08:00:00	21268.73	21274.23	21193.73	21201.23	977	0	345
2025.01.27	09:00:00	21201.23	21228.93	21150.43	21157.43	2595	0	175
2025.01.27	10:00:00	21158.43	21207.93	21106.93	21163.93	5962	0	145
2025.01.27	11:00:00	21164.43	21192.93	21135.93	21171.93	3737	0	145
2025.01.27	12:00:00	21172.93	21175.43	21078.93	21101.43	3852	0	145
2025.01.27	13:00:00	21101.93	21167.93	21097.43	21151.93	4141	0	135
2025.01.27	14:00:00	21153.43	21214.93	21152.93	21209.03	2664	0	135
2025.01.27	15:00:00	21209.03	21249.43	21197.93	21239.93	2663	0	135
2025.01.27	16:00:00	21238.93	21298.63	21209.73	21297.63	3785	0	135
2025.01.27	17:00:00	21299.63	21343.13	21280.63	21306.63	4821	0	145
2025.01.27	18:00:00	21305.63	21324.63	21270.13	21295.93	3985	0	135
2025.01.27	19:00:00	21296.43	21327.93	21282.93	21288.53	3039	0	235
2025.01.27	20:00:00	21289.03	21320.13	21285.03	21305.63	2767	0	185
2025.01.27	21:00:00	21305.63	21348.53	21305.63	21315.53	2713	0	215
2025.01.27	22:00:00	21315.53	21382.03	21314.53	21378.53	2859	0	205
2025.01.27	23:00:00	21377.53	21410.24	21369.84	21399.24	2928	0	255
2025.01.28	01:00:00	21399.73	21422.73	21353.73	21402.93	3655	0	375
2025.01.28	02:00:00	21402.43	21402.43	21355.03	21364.33	1207	0	325
2025.01.28	03:00:00	21364.83	21383.23	21325.93	21331.93	452	0	315
2025.01.28	04:00:00	21330.43	21357.13	21320.43	21346.63	512	0	315
2025.01.28	05:00:00	21346.63	21364.53	21342.23	21347.73	394	0	315
2025.01.28	06:00:00	21348.23	21361.33	21340.73	21359.83	322	0	315
2025.01.28	07:00:00	21358.33	21429.93	21323.13	21343.63	544	0	315
2025.01.28	08:00:00	21344.13	21373.63	21342.63	21364.53	572	0	335
2025.01.28	09:00:00	21364.03	21399.63	21342.63	21386.63	1840	0	165
2025.01.28	10:00:00	21380.63	21397.13	21297.13	21336.33	4295	0	135
2025.01.28	11:00:00	21341.83	21382.83	21331.33	21371.43	2293	0	135
2025.01.28	12:00:00	21372.43	21427.93	21369.43	21421.43	1661	0	135
2025.01.28	13:00:00	21422.43	21437.43	21402.93	21413.43	1696	0	135
2025.01.28	14:00:00	21416.43	21477.93	21400.43	21474.93	2063	0	135
2025.01.28	15:00:00	21475.43	21478.43	21432.43	21458.43	1880	0	135
2025.01.28	16:00:00	21459.43	21462.43	21377.33	21406.83	3240	0	135
2025.01.28	17:00:00	21407.83	21458.33	21404.83	21452.63	3394	0	135
2025.01.28	18:00:00	21453.13	21471.63	21403.53	21431.03	3820	0	135
2025.01.28	19:00:00	21430.53	21472.53	21429.53	21462.03	2472	0	175
2025.01.28	20:00:00	21463.03	21488.83	21462.33	21471.23	1885	0	155
2025.01.28	21:00:00	21471.73	21510.63	21458.93	21506.43	1442	0	155
2025.01.28	22:00:00	21504.43	21515.03	21485.53	21487.53	1568	0	155
2025.01.28	23:00:00	21484.53	21484.53	21464.34	21475.24	1409	0	255
2025.01.29	01:00:00	21470.83	21485.53	21466.83	21469.23	807	0	315
2025.01.29	02:00:00	21469.73	21489.33	21467.13	21477.83	694	0	315
2025.01.29	03:00:00	21477.83	21499.83	21477.33	21487.83	196	0	315
2025.01.29	04:00:00	21487.83	21499.33	21483.33	21490.33	149	0	315
2025.01.29	05:00:00	21490.83	21491.33	21470.23	21490.83	170	0	315
2025.01.29	06:00:00	21491.33	21508.33	21491.33	21501.33	144	0	315
2025.01.29	07:00:00	21500.33	21500.33	21477.33	21482.33	125	0	315
2025.01.29	08:00:00	21494.33	21549.93	21481.43	21528.63	781	0	315
2025.01.29	09:00:00	21529.13	21530.13	21480.13	21503.13	1129	0	155
2025.01.29	10:00:00	21496.63	21528.63	21483.63	21491.73	3279	0	135
2025.01.29	11:00:00	21491.73	21562.73	21475.73	21550.73	2056	0	135
2025.01.29	12:00:00	21551.23	21599.83	21550.73	21594.83	1384	0	135
2025.01.29	13:00:00	21594.83	21616.83	21588.83	21599.83	957	0	135
2025.01.29	14:00:00	21599.33	21613.33	21579.83	21589.83	1224	0	135
2025.01.29	15:00:00	21589.83	21596.83	21559.83	21596.83	1191	0	135
2025.01.29	16:00:00	21596.83	21640.83	21596.83	21635.53	1737	0	135
2025.01.29	17:00:00	21636.53	21673.53	21632.53	21638.53	2083	0	135
2025.01.29	18:00:00	21639.53	21647.63	21610.03	21636.93	1967	0	135
2025.01.29	19:00:00	21637.43	21662.33	21636.43	21645.33	1368	0	155
2025.01.29	20:00:00	21645.33	21649.03	21612.93	21636.33	2459	0	175
2025.01.29	21:00:00	21636.83	21650.33	21594.83	21632.33	4771	0	225
2025.01.29	22:00:00	21631.83	21652.83	21612.33	21635.83	3762	0	255
2025.01.29	23:00:00	21635.83	21669.04	21558.54	21667.34	6789	0	255
2025.01.30	01:00:00	21644.73	21663.03	21624.33	21641.13	2987	0	365
2025.01.30	02:00:00	21641.13	21662.03	21634.53	21650.93	1016	0	315
2025.01.30	03:00:00	21650.43	21666.03	21640.83	21656.23	394	0	315
2025.01.30	04:00:00	21656.73	21669.73	21650.23	21650.23	135	0	315
2025.01.30	05:00:00	21650.23	21655.23	21643.23	21652.63	139	0	315
2025.01.30	06:00:00	21653.13	21654.73	21632.73	21632.73	121	0	315
2025.01.30	07:00:00	21630.73	21640.63	21624.73	21638.63	257	0	315
2025.01.30	08:00:00	21638.63	21641.43	21625.43	21638.13	464	0	315
2025.01.30	09:00:00	21634.63	21668.03	21626.53	21666.03	672	0	155
2025.01.30	10:00:00	21665.53	21715.13	21647.03	21694.93	2326	0	135
2025.01.30	11:00:00	21694.93	21703.43	21661.43	21677.93	1654	0	135
2025.01.30	12:00:00	21677.93	21714.43	21669.43	21699.43	1388	0	135
2025.01.30	13:00:00	21699.93	21722.93	21692.93	21696.43	1074	0	135
2025.01.30	14:00:00	21697.43	21702.93	21678.43	21681.43	1219	0	135
2025.01.30	15:00:00	21680.43	21699.43	21677.43	21687.93	1483	0	135
2025.01.30	16:00:00	21688.43	21698.43	21659.43	21683.33	2034	0	135
2025.01.30	17:00:00	21685.33	21730.33	21653.73	21696.73	2381	0	135
2025.01.30	18:00:00	21696.23	21773.13	21694.73	21766.23	2803	0	135
2025.01.30	19:00:00	21765.73	21770.13	21743.83	21767.13	1709	0	155
2025.01.30	20:00:00	21767.63	21783.63	21764.63	21778.13	1006	0	155
2025.01.30	21:00:00	21777.63	21791.13	21771.13	21790.13	729	0	155
2025.01.30	22:00:00	21789.63	21793.13	21666.13	21728.63	2963	0	155
2025.01.30	23:00:00	21728.63	21753.04	21690.54	21705.94	3877	0	255
2025.01.31	01:00:00	21753.63	21762.73	21729.83	21753.73	1509	0	345
2025.01.31	02:00:00	21753.73	21754.23	21733.43	21733.43	877	0	315
2025.01.31	03:00:00	21734.43	21734.43	21685.03	21710.33	450	0	315
2025.01.31	04:00:00	21710.83	21713.93	21702.93	21706.93	252	0	315
2025.01.31	05:00:00	21705.43	21710.43	21701.93	21705.43	140	0	315
2025.01.31	06:00:00	21705.93	21715.83	21698.93	21703.43	209	0	315
2025.01.31	07:00:00	21703.93	21721.43	21702.93	21721.43	205	0	315
2025.01.31	08:00:00	21720.93	21751.43	21719.43	21726.93	247	0	315
2025.01.31	09:00:00	21725.43	21801.23	21724.83	21784.03	747	0	155
2025.01.31	10:00:00	21785.03	21791.33	21722.33	21733.83	2296	0	135
2025.01.31	11:00:00	21744.33	21801.83	21741.73	21758.83	1539	0	135
2025.01.31	12:00:00	21757.83	21774.33	21753.83	21767.73	1212	0	135
2025.01.31	13:00:00	21767.73	21800.33	21765.73	21793.83	967	0	135
2025.01.31	14:00:00	21794.83	21797.33	21775.83	21775.83	1071	0	135
2025.01.31	15:00:00	21775.83	21799.13	21765.33	21797.13	1217	0	135
2025.01.31	16:00:00	21797.13	21797.13	21701.03	21723.03	1970	0	135
2025.01.31	17:00:00	21723.03	21742.03	21705.13	21717.13	1912	0	135
2025.01.31	18:00:00	21718.13	21739.53	21688.13	21730.03	2550	0	135
2025.01.31	19:00:00	21729.03	21777.83	21703.53	21769.23	1528	0	155
2025.01.31	20:00:00	21767.23	21780.03	21618.53	21650.03	3697	0	155
2025.01.31	21:00:00	21649.53	21659.53	21602.53	21635.03	4007	0	255
2025.01.31	22:00:00	21634.03	21639.53	21603.03	21634.53	3130	0	255
2025.02.03	01:00:00	21264.43	21388.73	21262.23	21376.83	5258	0	375
2025.02.03	02:00:00	21376.83	21417.63	21097.63	21205.63	2639	0	375
2025.02.03	03:00:00	21202.13	21282.63	21186.23	21201.13	701	0	325
2025.02.03	04:00:00	21203.13	21206.63	21121.63	21155.63	751	0	385
2025.02.03	05:00:00	21156.13	21248.83	21147.63	21244.83	342	0	315
2025.02.03	06:00:00	21244.33	21272.63	21106.63	21190.73	702	0	335
2025.02.03	07:00:00	21191.23	21263.63	21179.63	21255.63	542	0	345
2025.02.03	08:00:00	21252.63	21266.63	21181.13	21200.13	774	0	365
2025.02.03	09:00:00	21201.63	21314.73	21199.63	21268.73	2497	0	255
2025.02.03	10:00:00	21277.73	21407.73	21256.73	21402.73	5533	0	155
2025.02.03	11:00:00	21404.23	21413.73	21290.23	21295.23	3416	0	145
2025.02.03	12:00:00	21295.23	21365.73	21266.73	21357.13	2496	0	135
2025.02.03	13:00:00	21357.13	21387.73	21345.73	21347.73	1666	0	135
2025.02.03	14:00:00	21348.73	21373.73	21299.63	21311.13	2154	0	135
2025.02.03	15:00:00	21311.63	21391.63	21310.13	21364.63	3009	0	135
2025.02.03	16:00:00	21363.63	21378.03	21285.40	21300.40	4529	0	145
2025.02.03	17:00:00	21300.40	21465.53	21262.90	21414.03	10099	0	155
2025.02.03	18:00:00	21412.03	21442.53	21367.03	21375.53	6198	0	155
2025.02.03	19:00:00	21376.03	21415.53	21347.03	21382.03	4526	0	255
2025.02.03	20:00:00	21381.53	21420.03	21352.53	21413.53	2912	0	245
2025.02.03	21:00:00	21413.03	21460.03	21411.53	21446.03	1568	0	175
2025.02.03	22:00:00	21447.53	21450.53	21400.03	21400.03	1742	0	155
2025.02.03	23:00:00	21399.94	21543.44	21392.84	21521.74	4954	0	273
2025.02.04	01:00:00	21533.83	21539.13	21505.13	21520.03	1483	0	345
2025.02.04	02:00:00	21519.53	21520.03	21464.43	21483.33	818	0	315
2025.02.04	03:00:00	21482.83	21482.83	21441.53	21468.13	464	0	315
2025.02.04	04:00:00	21468.63	21492.23	21462.13	21474.33	479	0	315
2025.02.04	05:00:00	21474.33	21474.43	21436.63	21441.73	302	0	315
2025.02.04	06:00:00	21443.73	21456.23	21437.33	21439.33	223	0	315
2025.02.04	07:00:00	21438.83	21438.83	21295.03	21391.03	1301	0	325
2025.02.04	08:00:00	21390.53	21437.03	21374.03	21436.03	764	0	355
2025.02.04	09:00:00	21435.53	21489.73	21417.33	21458.23	1546	0	175
2025.02.04	10:00:00	21461.73	21505.73	21297.23	21371.13	5428	0	145
2025.02.04	11:00:00	21371.63	21415.63	21371.63	21405.13	3129	0	135
2025.02.04	12:00:00	21405.63	21447.23	21405.13	21430.73	2140	0	135
2025.02.04	13:00:00	21430.73	21447.63	21418.63	21433.23	2077	0	135
2025.02.04	14:00:00	21435.73	21463.63	21409.63	21454.73	1601	0	135
2025.02.04	15:00:00	21453.73	21481.63	21440.73	21466.73	1632	0	135
2025.02.04	16:00:00	21464.73	21499.63	21451.63	21496.13	2635	0	135
2025.02.04	17:00:00	21496.63	21514.13	21446.63	21470.63	3886	0	135
2025.02.04	18:00:00	21471.63	21514.63	21471.63	21495.83	2511	0	135
2025.02.04	19:00:00	21496.33	21505.03	21464.13	21492.53	2441	0	155
2025.02.04	20:00:00	21491.53	21493.33	21473.13	21475.63	1256	0	155
2025.02.04	21:00:00	21475.13	21503.63	21470.53	21486.63	1097	0	155
2025.02.04	22:00:00	21487.13	21496.13	21471.53	21489.13	1458	0	155
2025.02.04	23:00:00	21488.63	21502.34	21427.14	21441.44	3247	0	255
2025.02.05	01:00:00	21444.13	21447.83	21428.23	21432.93	1475	0	345
2025.02.05	02:00:00	21433.13	21493.03	21430.63	21489.03	858	0	315
2025.02.05	03:00:00	21488.53	21494.83	21439.73	21439.73	485	0	315
2025.02.05	04:00:00	21439.23	21453.33	21429.33	21432.33	351	0	315
2025.02.05	05:00:00	21432.83	21443.43	21423.93	21427.33	300	0	315
2025.02.05	06:00:00	21427.83	21435.93	21416.83	21433.53	250	0	315
2025.02.05	07:00:00	21434.53	21435.03	21413.73	21419.53	278	0	315
2025.02.05	08:00:00	21420.03	21436.83	21408.83	21415.93	418	0	315
2025.02.05	09:00:00	21416.43	21450.43	21391.83	21397.33	1455	0	155
2025.02.05	10:00:00	21392.83	21437.83	21383.33	21402.73	3700	0	135
2025.02.05	11:00:00	21405.73	21431.73	21397.23	21416.73	2672	0	135
2025.02.05	12:00:00	21416.23	21473.23	21410.23	21462.73	2158	0	135
2025.02.05	13:00:00	21464.23	21506.73	21461.23	21493.73	1701	0	135
2025.02.05	14:00:00	21493.73	21505.53	21482.53	21498.03	1378	0	85
2025.02.05	15:00:00	21498.53	21547.03	21484.53	21538.03	1936	0	85
2025.02.05	16:00:00	21538.53	21543.53	21500.53	21509.80	2414	0	85
2025.02.05	17:00:00	21510.30	21536.03	21475.93	21534.53	3879	0	85
2025.02.05	18:00:00	21531.53	21609.43	21523.53	21603.93	2927	0	85
2025.02.05	19:00:00	21604.93	21606.83	21582.43	21589.43	1591	0	95
2025.02.05	20:00:00	21590.43	21605.93	21579.43	21601.93	1420	0	95
2025.02.05	21:00:00	21601.43	21618.93	21600.93	21609.93	1075	0	95
2025.02.05	22:00:00	21610.43	21648.43	21609.93	21631.83	1577	0	95
2025.02.05	23:00:00	21632.33	21654.64	21620.44	21636.94	1654	0	115
2025.02.06	01:00:00	21644.43	21651.83	21633.43	21650.43	802	0	255
2025.02.06	02:00:00	21650.43	21676.43	21649.43	21658.03	765	0	105
2025.02.06	03:00:00	21659.03	21664.53	21646.03	21652.03	357	0	105
2025.02.06	04:00:00	21650.53	21652.03	21635.43	21650.03	303	0	105
2025.02.06	05:00:00	21650.53	21654.03	21635.03	21643.03	216	0	105
2025.02.06	06:00:00	21642.53	21654.53	21641.53	21649.53	200	0	105
2025.02.06	07:00:00	21649.53	21675.53	21648.03	21674.03	219	0	105
2025.02.06	08:00:00	21675.03	21675.03	21659.03	21661.03	227	0	105
2025.02.06	09:00:00	21662.03	21708.03	21662.03	21681.93	1016	0	105
2025.02.06	10:00:00	21681.93	21752.63	21681.93	21742.63	3515	0	85
2025.02.06	11:00:00	21743.13	21785.63	21729.13	21779.13	2105	0	85
2025.02.06	12:00:00	21779.63	21806.13	21724.63	21730.13	1845	0	85
2025.02.06	13:00:00	21730.13	21764.13	21710.63	21757.63	2428	0	85
2025.02.06	14:00:00	21755.63	21791.13	21754.63	21784.13	1688	0	85
2025.02.06	15:00:00	21784.63	21792.13	21743.63	21770.13	1678	0	85
2025.02.06	16:00:00	21772.63	21852.13	21771.13	21843.53	2877	0	85
2025.02.06	17:00:00	21846.03	21889.13	21829.23	21840.33	3797	0	85
2025.02.06	18:00:00	21839.33	21923.83	21830.33	21886.33	3123	0	85
2025.02.06	19:00:00	21886.33	21912.83	21875.73	21901.33	1544	0	95
2025.02.06	20:00:00	21900.83	21906.73	21878.73	21889.83	1227	0	95
2025.02.06	21:00:00	21889.33	21897.83	21853.73	21872.23	2072	0	95
2025.02.06	22:00:00	21871.73	21912.73	21869.23	21902.73	1953	0	95
2025.02.06	23:00:00	21902.73	21902.74	21808.14	21874.64	3033	0	105
2025.02.07	01:00:00	21881.93	21905.63	21880.03	21901.93	1086	0	275
2025.02.07	02:00:00	21901.93	21910.53	21886.23	21901.33	493	0	105
2025.02.07	03:00:00	21900.33	21907.73	21888.83	21891.33	339	0	105
2025.02.07	04:00:00	21891.83	21899.33	21884.83	21897.33	224	0	105
2025.02.07	05:00:00	21897.83	21901.33	21890.83	21894.33	189	0	105
2025.02.07	06:00:00	21895.83	21898.33	21889.33	21892.33	184	0	105
2025.02.07	07:00:00	21892.83	21902.83	21888.83	21892.83	229	0	105
2025.02.07	08:00:00	21894.33	21907.33	21874.13	21906.33	395	0	105
2025.02.07	09:00:00	21908.33	21937.33	21908.23	21919.33	897	0	105
2025.02.07	10:00:00	21918.83	21947.93	21892.93	21912.43	3342	0	85
2025.02.07	11:00:00	21914.43	21944.53	21906.93	21923.03	2151	0	85
2025.02.07	12:00:00	21923.03	21929.53	21909.03	21922.53	1732	0	85
2025.02.07	13:00:00	21922.03	21935.03	21916.03	21921.53	1207	0	85
2025.02.07	14:00:00	21921.53	21927.53	21895.03	21910.53	1389	0	85
2025.02.07	15:00:00	21911.53	21911.53	21866.74	21895.03	3098	0	85
2025.02.07	16:00:00	21895.03	21913.53	21882.43	21899.03	2746	0	85
2025.02.07	17:00:00	21894.53	21894.53	21764.93	21822.43	6702	0	85
2025.02.07	18:00:00	21822.93	21834.93	21748.83	21753.83	6080	0	105
2025.02.07	19:00:00	21752.83	21798.33	21731.33	21755.23	4550	0	105
2025.02.07	20:00:00	21755.73	21783.73	21753.73	21755.73	1804	0	95
2025.02.07	21:00:00	21755.23	21766.33	21741.23	21744.43	1747	0	95
2025.02.07	22:00:00	21743.93	21746.43	21725.93	21738.33	1575	0	95
2025.02.10	01:00:00	21699.73	21796.03	21695.53	21789.03	2094	0	335
2025.02.10	02:00:00	21789.03	21802.53	21767.63	21797.93	1260	0	105
2025.02.10	03:00:00	21797.43	21798.93	21781.83	21789.93	628	0	105
2025.02.10	04:00:00	21789.43	21795.93	21784.93	21795.93	362	0	105
2025.02.10	05:00:00	21796.43	21798.43	21786.93	21792.43	158	0	105
2025.02.10	06:00:00	21792.93	21793.93	21784.43	21784.93	158	0	105
2025.02.10	07:00:00	21784.93	21806.43	21782.93	21797.33	356	0	105
2025.02.10	08:00:00	21797.83	21804.43	21785.83	21799.33	340	0	105
2025.02.10	09:00:00	21801.33	21829.93	21784.93	21818.83	1087	0	105
2025.02.10	10:00:00	21819.33	21877.53	21814.03	21823.03	3071	0	85
2025.02.10	11:00:00	21824.03	21838.43	21783.73	21789.73	1946	0	85
2025.02.10	12:00:00	21787.73	21837.23	21786.73	21829.73	1591	0	85
2025.02.10	13:00:00	21828.73	21843.73	21824.23	21834.73	1483	0	85
2025.02.10	14:00:00	21834.73	21882.23	21828.23	21881.73	1517	0	85
2025.02.10	15:00:00	21882.73	21921.23	21875.73	21915.73	1443	0	85
2025.02.10	16:00:00	21917.73	21922.23	21865.73	21912.73	2714	0	85
2025.02.10	17:00:00	21913.23	21928.23	21905.23	21914.03	2439	0	85
2025.02.10	18:00:00	21914.03	21945.53	21913.53	21921.93	2754	0	85
2025.02.10	19:00:00	21921.93	21934.13	21906.13	21931.63	1522	0	95
2025.02.10	20:00:00	21931.63	21939.13	21924.63	21934.63	1001	0	95
2025.02.10	21:00:00	21934.13	21945.13	21928.13	21937.63	1003	0	95
2025.02.10	22:00:00	21937.13	21947.13	21932.13	21945.63	1181	0	95
2025.02.10	23:00:00	21945.63	21945.63	21924.84	21939.34	1211	0	105
2025.02.11	01:00:00	21922.23	21923.53	21887.63	21921.53	1377	0	295
2025.02.11	02:00:00	21921.53	21940.73	21905.53	21927.93	561	0	105
2025.02.11	03:00:00	21927.43	21931.83	21922.23	21924.83	377	0	105
2025.02.11	04:00:00	21923.83	21923.83	21898.93	21902.43	350	0	105
2025.02.11	05:00:00	21903.93	21923.73	21899.33	21918.83	266	0	105
2025.02.11	06:00:00	21918.83	21921.93	21913.43	21917.43	192	0	105
2025.02.11	07:00:00	21917.43	21930.83	21917.33	21929.43	257	0	105
2025.02.11	08:00:00	21928.93	21935.33	21908.73	21910.73	357	0	105
2025.02.11	09:00:00	21911.73	21915.93	21896.93	21901.83	892	0	105
2025.02.11	10:00:00	21901.83	21980.43	21881.93	21961.53	3335	0	85
2025.02.11	11:00:00	21964.53	21970.53	21906.53	21925.53	1944	0	85
2025.02.11	12:00:00	21925.53	21943.53	21917.53	21923.53	1574	0	85
2025.02.11	13:00:00	21922.53	21952.93	21922.53	21942.93	1274	0	85
2025.02.11	14:00:00	21944.43	21944.43	21898.43	21940.43	1571	0	85
2025.02.11	15:00:00	21941.43	22004.43	21940.43	21964.43	2106	0	85
2025.02.11	16:00:00	21963.93	21988.93	21943.93	21988.93	2666	0	85
2025.02.11	17:00:00	21988.43	22022.43	21980.33	22018.93	3119	0	85
2025.02.11	18:00:00	22018.43	22046.93	22016.83	22031.83	2702	0	85
2025.02.11	19:00:00	22031.33	22039.73	22017.13	22033.73	1968	0	95
2025.02.11	20:00:00	22033.23	22048.73	22028.23	22041.23	1396	0	95
2025.02.11	21:00:00	22040.73	22114.63	22037.73	22093.13	1812	0	95
2025.02.11	22:00:00	22093.13	22109.43	22089.93	22097.93	1851	0	95
2025.02.11	23:00:00	22097.93	22104.74	22084.24	22087.04	1278	0	105
2025.02.12	01:00:00	22093.13	22107.93	22076.83	22100.53	961	0	255
2025.02.12	02:00:00	22100.33	22105.23	22078.43	22090.13	701	0	105
2025.02.12	03:00:00	22089.13	22104.73	22079.63	22102.63	439	0	105
2025.02.12	04:00:00	22103.13	22108.63	22093.13	22104.23	321	0	105
2025.02.12	05:00:00	22103.73	22108.23	22096.63	22106.13	267	0	105
2025.02.12	06:00:00	22105.13	22114.63	22094.73	22102.63	279	0	105
2025.02.12	07:00:00	22103.63	22106.53	22093.63	22095.73	280	0	105
2025.02.12	08:00:00	22097.23	22104.23	22088.63	22090.23	299	0	105
2025.02.12	09:00:00	22091.73	22105.23	22082.73	22093.73	788	0	105
2025.02.12	10:00:00	22093.73	22129.73	22068.23	22116.33	3110	0	85
2025.02.12	11:00:00	22117.33	22122.33	22082.73	22108.83	2212	0	85
2025.02.12	12:00:00	22108.33	22112.83	22075.33	22099.23	1794	0	85
2025.02.12	13:00:00	22098.23	22105.33	22071.23	22094.33	1553	0	85
2025.02.12	14:00:00	22095.33	22113.33	22092.33	22106.23	1369	0	85
2025.02.12	15:00:00	22106.23	22120.33	21963.23	22045.23	4489	0	85
2025.02.12	16:00:00	22048.23	22096.23	22025.23	22094.23	3492	0	85
2025.02.12	17:00:00	22094.23	22207.73	22075.23	22172.73	5025	0	85
2025.02.12	18:00:00	22173.23	22216.13	22131.83	22213.13	4033	0	85
2025.02.12	19:00:00	22212.63	22291.13	22206.13	22280.13	3202	0	105
2025.02.12	20:00:00	22280.13	22287.13	22253.63	22273.73	1892	0	95
2025.02.12	21:00:00	22273.23	22312.73	22260.73	22305.23	1421	0	95
2025.02.12	22:00:00	22305.73	22316.73	22292.13	22298.13	2126	0	95
2025.02.12	23:00:00	22298.63	22327.34	22286.34	22327.34	1972	0	115
2025.02.13	01:00:00	22317.53	22341.63	22312.63	22336.33	991	0	265
2025.02.13	02:00:00	22336.03	22354.33	22315.73	22339.53	628	0	105
2025.02.13	03:00:00	22339.03	22365.53	22333.03	22365.53	344	0	105
2025.02.13	04:00:00	22364.03	22364.03	22346.53	22356.03	281	0	105
2025.02.13	05:00:00	22356.53	22375.03	22356.53	22369.03	177	0	105
2025.02.13	06:00:00	22368.03	22379.53	22352.53	22353.03	185	0	105
2025.02.13	07:00:00	22352.53	22367.33	22349.33	22366.73	171	0	105
2025.02.13	08:00:00	22365.73	22420.23	22365.73	22383.43	507	0	105
2025.02.13	09:00:00	22381.93	22469.43	22370.73	22445.43	1878	0	105
2025.02.13	10:00:00	22446.43	22452.53	22309.03	22327.23	5301	0	105
2025.02.13	11:00:00	22327.73	22421.73	22304.73	22411.73	2460	0	85
2025.02.13	12:00:00	22412.73	22479.23	22399.73	22475.73	2079	0	85
2025.02.13	13:00:00	22475.73	22568.73	22463.23	22503.73	3356	0	85
2025.02.13	14:00:00	22504.23	22517.73	22453.23	22510.73	2539	0	85
2025.02.13	15:00:00	22510.23	22561.73	22500.23	22512.73	3701	0	85
2025.02.13	16:00:00	22512.73	22547.73	22472.73	22536.73	4316	0	95
2025.02.13	17:00:00	22537.73	22577.73	22508.73	22563.23	5003	0	95
2025.02.13	18:00:00	22563.73	22625.83	22562.23	22569.63	3475	0	85
2025.02.13	19:00:00	22568.63	22592.23	22553.73	22560.23	1347	0	95
2025.02.13	20:00:00	22560.73	22569.63	22424.63	22500.13	3422	0	105
2025.02.13	21:00:00	22497.63	22516.13	22481.63	22492.63	1342	0	105
2025.02.13	22:00:00	22490.63	22503.13	22469.73	22499.13	1040	0	95
2025.02.13	23:00:00	22499.13	22504.24	22482.24	22493.04	1429	0	115
2025.02.14	01:00:00	22489.93	22499.73	22481.63	22496.33	1130	0	255
2025.02.14	02:00:00	22496.33	22503.93	22487.13	22493.13	665	0	105
2025.02.14	03:00:00	22493.63	22509.53	22493.63	22508.63	365	0	105
2025.02.14	04:00:00	22507.63	22510.63	22500.63	22504.13	248	0	105
2025.02.14	05:00:00	22504.63	22515.13	22497.13	22497.13	230	0	105
2025.02.14	06:00:00	22497.63	22506.63	22493.63	22504.63	167	0	105
2025.02.14	07:00:00	22505.13	22507.13	22470.63	22477.03	204	0	105
2025.02.14	08:00:00	22477.13	22502.03	22476.83	22497.63	305	0	105
2025.02.14	09:00:00	22496.13	22537.03	22492.43	22528.03	1183	0	105
2025.02.14	10:00:00	22529.03	22572.23	22480.13	22567.13	3471	0	85
2025.02.14	11:00:00	22565.13	22596.73	22555.63	22577.23	2196	0	85
2025.02.14	12:00:00	22577.23	22586.23	22488.63	22505.13	1821	0	85
2025.02.14	13:00:00	22506.13	22555.23	22498.13	22552.73	1364	0	85
2025.02.14	14:00:00	22552.23	22562.73	22493.13	22505.13	1335	0	85
2025.02.14	15:00:00	22505.13	22538.73	22503.13	22531.13	1746	0	85
2025.02.14	16:00:00	22531.63	22556.13	22521.13	22540.13	2631	0	85
2025.02.14	17:00:00	22540.63	22541.13	22473.33	22490.83	3163	0	85
2025.02.14	18:00:00	22491.33	22516.33	22461.83	22510.83	2626	0	85
2025.02.14	19:00:00	22510.33	22510.33	22473.83	22499.83	1009	0	95
2025.02.14	20:00:00	22499.83	22503.83	22481.83	22500.83	595	0	95
2025.02.14	21:00:00	22500.33	22507.83	22488.83	22498.33	633	0	95
2025.02.14	22:00:00	22498.83	22512.83	22494.33	22496.83	533	0	95
2025.02.17	01:00:00	22518.03	22519.93	22495.83	22514.13	987	0	265
2025.02.17	02:00:00	22513.63	22539.43	22504.13	22538.83	795	0	105
2025.02.17	03:00:00	22537.33	22549.83	22529.23	22539.93	713	0	105
2025.02.17	04:00:00	22539.43	22543.83	22529.73	22532.33	629	0	105
2025.02.17	05:00:00	22532.83	22536.43	22515.73	22530.33	538	0	105
2025.02.17	06:00:00	22529.83	22529.83	22514.33	22525.83	309	0	105
2025.02.17	07:00:00	22526.33	22528.73	22508.23	22508.33	644	0	105
2025.02.17	08:00:00	22507.33	22529.83	22497.83	22528.33	512	0	105
2025.02.17	09:00:00	22528.33	22548.93	22519.33	22540.63	1018	0	105
2025.02.17	10:00:00	22542.13	22592.63	22542.13	22566.03	2753	0	85
2025.02.17	11:00:00	22566.03	22717.43	22566.03	22714.93	2115	0	85
2025.02.17	12:00:00	22714.93	22720.93	22665.43	22688.03	1884	0	85
2025.02.17	13:00:00	22688.03	22702.03	22672.03	22702.03	1220	0	85
2025.02.17	14:00:00	22702.53	22726.03	22701.03	22709.53	1173	0	85
2025.02.17	15:00:00	22710.53	22727.53	22691.03	22704.53	1107	0	85
2025.02.17	16:00:00	22704.03	22763.03	22697.53	22763.03	1546	0	85
2025.02.17	17:00:00	22766.03	22787.03	22743.03	22784.53	1637	0	85
2025.02.17	18:00:00	22784.53	22803.53	22781.03	22797.43	1603	0	85
2025.02.17	19:00:00	22797.43	22807.43	22793.43	22804.43	486	0	95
2025.02.17	20:00:00	22803.93	22805.43	22797.43	22803.43	179	0	95
2025.02.17	21:00:00	22803.93	22844.43	22803.93	22839.43	401	0	95
2025.02.17	22:00:00	22839.93	22881.43	22836.93	22866.93	644	0	95
2025.02.18	01:00:00	22813.03	22824.73	22804.93	22824.73	759	0	225
2025.02.18	02:00:00	22824.43	22855.73	22821.63	22827.43	616	0	105
2025.02.18	03:00:00	22826.93	22844.43	22819.03	22841.93	489	0	105
2025.02.18	04:00:00	22841.43	22873.53	22840.43	22860.53	342	0	105
2025.02.18	05:00:00	22860.53	22865.53	22856.93	22858.53	216	0	105
2025.02.18	06:00:00	22859.53	22859.53	22837.93	22844.03	233	0	105
2025.02.18	07:00:00	22844.03	22851.43	22815.23	22822.73	284	0	105
2025.02.18	08:00:00	22823.73	22841.93	22810.33	22837.33	481	0	105
2025.02.18	09:00:00	22836.83	22882.93	22831.23	22852.93	1446	0	105
2025.02.18	10:00:00	22851.43	22864.03	22760.03	22768.03	3194	0	85
2025.02.18	11:00:00	22769.03	22776.03	22711.03	22741.13	2064	0	85
2025.02.18	12:00:00	22740.63	22784.13	22734.03	22771.13	1781	0	85
2025.02.18	13:00:00	22771.13	22796.13	22753.13	22782.13	1364	0	85
2025.02.18	14:00:00	22786.13	22820.63	22772.13	22820.13	1568	0	85
2025.02.18	15:00:00	22820.13	22855.63	22812.13	22854.13	1898	0	85
2025.02.18	16:00:00	22854.63	22863.63	22803.53	22839.03	3927	0	85
2025.02.18	17:00:00	22839.03	22880.13	22833.13	22879.13	3848	0	85
2025.02.18	18:00:00	22877.63	22881.63	22838.93	22855.03	2561	0	85
2025.02.18	19:00:00	22854.53	22872.53	22851.03	22872.53	1394	0	95
2025.02.18	20:00:00	22872.53	22875.53	22858.03	22868.53	1434	0	95
2025.02.18	21:00:00	22868.53	22873.53	22845.53	22853.03	1816	0	95
2025.02.18	22:00:00	22853.03	22876.03	22850.53	22875.03	1509	0	95
2025.02.18	23:00:00	22875.03	22883.84	22856.64	22859.64	1720	0	105
2025.02.19	01:00:00	22881.53	22884.63	22868.33	22875.33	702	0	225
2025.02.19	02:00:00	22875.33	22887.83	22861.23	22884.03	525	0	105
2025.02.19	03:00:00	22884.53	22888.43	22869.83	22872.93	580	0	105
2025.02.19	04:00:00	22873.43	22881.93	22866.93	22881.43	761	0	105
2025.02.19	05:00:00	22881.43	22881.43	22867.83	22874.53	308	0	105
2025.02.19	06:00:00	22874.03	22875.93	22860.43	22872.93	307	0	105
2025.02.19	07:00:00	22873.43	22874.43	22864.93	22868.53	496	0	105
2025.02.19	08:00:00	22868.53	22876.93	22859.33	22862.23	489	0	105
2025.02.19	09:00:00	22861.73	22887.03	22852.03	22870.03	777	0	105
2025.02.19	10:00:00	22871.03	22937.53	22868.03	22896.03	2292	0	85
2025.02.19	11:00:00	22894.03	22912.63	22873.13	22876.13	1457	0	85
2025.02.19	12:00:00	22877.13	22878.13	22708.03	22725.53	2397	0	85
2025.02.19	13:00:00	22727.03	22729.03	22613.03	22669.03	2785	0	95
2025.02.19	14:00:00	22668.53	22706.53	22609.03	22610.03	2099	0	85
2025.02.19	15:00:00	22609.53	22624.13	22551.53	22561.03	2100	0	85
2025.02.19	16:00:00	22561.03	22571.03	22437.53	22455.03	3188	0	95
2025.02.19	17:00:00	22452.03	22526.03	22411.03	22428.03	3473	0	95
2025.02.19	18:00:00	22428.53	22467.03	22411.93	22419.03	2497	0	95
2025.02.19	19:00:00	22418.53	22429.93	22378.93	22414.03	1110	0	95
2025.02.19	20:00:00	22413.03	22413.03	22367.53	22373.53	1270	0	95
2025.02.19	21:00:00	22373.43	22436.43	22371.93	22428.03	1583	0	95
2025.02.19	22:00:00	22427.03	22435.93	22408.43	22433.03	1814	0	95
2025.02.19	23:00:00	22433.53	22433.53	22397.44	22410.14	1331	0	105
2025.02.20	01:00:00	22423.23	22423.23	22403.43	22409.43	1078	0	265
2025.02.20	02:00:00	22409.43	22457.83	22387.73	22456.43	677	0	115
2025.02.20	03:00:00	22454.93	22469.93	22429.43	22429.93	462	0	105
2025.02.20	04:00:00	22429.43	22480.83	22426.43	22474.43	537	0	105
2025.02.20	05:00:00	22474.93	22485.73	22461.83	22477.43	321	0	105
2025.02.20	06:00:00	22477.43	22485.53	22463.53	22483.53	280	0	105
2025.02.20	07:00:00	22483.03	22499.03	22463.53	22466.93	280	0	105
2025.02.20	08:00:00	22466.43	22490.23	22451.73	22472.93	442	0	115
2025.02.20	09:00:00	22475.43	22545.93	22456.43	22517.93	1470	0	105
2025.02.20	10:00:00	22518.93	22535.53	22440.03	22509.13	4108	0	95
2025.02.20	11:00:00	22509.13	22569.13	22483.03	22559.63	2406	0	85
2025.02.20	12:00:00	22559.63	22573.13	22520.13	22536.13	1692	0	85
2025.02.20	13:00:00	22535.63	22552.63	22489.53	22504.63	1654	0	85
2025.02.20	14:00:00	22504.13	22533.13	22495.63	22507.13	1400	0	85
2025.02.20	15:00:00	22507.13	22510.13	22449.13	22464.13	1530	0	85
2025.02.20	16:00:00	22461.63	22518.53	22423.03	22423.03	2627	0	85
2025.02.20	17:00:00	22422.53	22449.53	22306.03	22312.53	5265	0	105
2025.02.20	18:00:00	22310.53	22362.03	22269.03	22284.03	4024	0	105
2025.02.20	19:00:00	22284.53	22330.53	22278.53	22308.03	1815	0	95
2025.02.20	20:00:00	22307.53	22321.33	22294.63	22317.83	1344	0	95
2025.02.20	21:00:00	22318.33	22345.33	22312.83	22333.43	1227	0	95
2025.02.20	22:00:00	22333.93	22337.93	22314.83	22323.33	1285	0	95
2025.02.20	23:00:00	22323.33	22326.44	22297.64	22304.74	1495	0	105
2025.02.21	01:00:00	22318.13	22334.73	22310.73	22333.23	925	0	245
2025.02.21	02:00:00	22333.23	22334.23	22306.73	22323.73	478	0	105
2025.02.21	03:00:00	22323.23	22323.73	22292.13	22299.73	486	0	105
2025.02.21	04:00:00	22300.23	22331.13	22300.13	22322.03	350	0	105
2025.02.21	05:00:00	22322.13	22322.13	22304.73	22306.63	374	0	105
2025.02.21	06:00:00	22307.63	22308.23	22292.23	22294.73	193	0	105
2025.02.21	07:00:00	22294.23	22308.23	22288.53	22301.63	363	0	105
2025.02.21	08:00:00	22302.63	22356.93	22301.13	22344.53	469	0	105
2025.02.21	09:00:00	22348.03	22366.73	22320.13	22323.13	930	0	105
2025.02.21	10:00:00	22323.13	22351.23	22276.23	22304.73	3733	0	85
2025.02.21	11:00:00	22311.23	22355.13	22263.63	22302.23	2425	0	85
2025.02.21	12:00:00	22302.23	22385.13	22287.73	22376.13	2174	0	85
2025.02.21	13:00:00	22375.63	22394.23	22354.23	22359.23	1461	0	85
2025.02.21	14:00:00	22358.23	22368.23	22328.63	22361.23	1578	0	85
2025.02.21	15:00:00	22361.23	22395.23	22348.73	22350.73	1392	0	85
2025.02.21	16:00:00	22350.73	22383.23	22250.43	22258.93	3586	0	85
2025.02.21	17:00:00	22248.43	22289.43	22221.93	22265.53	4839	0	95
2025.02.21	18:00:00	22266.53	22310.13	22240.93	22306.13	3034	0	85
2025.02.21	19:00:00	22305.13	22312.63	22246.13	22249.13	2434	0	105
2025.02.21	20:00:00	22248.13	22249.13	22165.13	22170.63	3310	0	115
2025.02.21	21:00:00	22171.13	22191.13	22114.63	22148.13	2982	0	115
2025.02.21	22:00:00	22147.13	22172.63	22142.13	22162.13	2282	0	115
2025.02.24	01:00:00	22281.83	22325.93	22281.83	22313.93	1967	0	305
2025.02.24	02:00:00	22314.13	22436.53	22246.03	22424.03	1150	0	155
2025.02.24	03:00:00	22425.03	22589.03	22409.03	22516.53	736	0	135
2025.02.24	04:00:00	22518.03	22525.03	22487.53	22487.53	428	0	115
2025.02.24	05:00:00	22492.03	22494.33	22464.53	22479.03	353	0	115
2025.02.24	06:00:00	22480.03	22521.13	22479.53	22491.53	383	0	115
2025.02.24	07:00:00	22493.53	22526.03	22476.53	22526.03	336	0	105
2025.02.24	08:00:00	22526.53	22537.53	22455.03	22475.53	451	0	125
2025.02.24	09:00:00	22478.03	22528.73	22446.23	22492.23	2015	0	125
2025.02.24	10:00:00	22493.73	22534.83	22239.53	22382.03	6143	0	105
2025.02.24	11:00:00	22382.53	22495.53	22377.03	22468.63	3706	0	85
2025.02.24	12:00:00	22469.13	22503.53	22408.63	22414.63	2270	0	95
2025.02.24	13:00:00	22415.63	22511.63	22397.53	22468.63	2199	0	85
2025.02.24	14:00:00	22464.63	22476.13	22395.03	22476.13	1964	0	85
2025.02.24	15:00:00	22475.63	22491.63	22450.63	22463.13	1616	0	85
2025.02.24	16:00:00	22463.63	22475.63	22288.53	22304.03	4665	0	85
2025.02.24	17:00:00	22306.03	22357.53	22227.03	22344.53	8098	0	105
2025.02.24	18:00:00	22346.53	22428.53	22340.03	22402.53	4852	0	95
2025.02.24	19:00:00	22401.53	22431.53	22397.03	22403.03	2779	0	105
2025.02.24	20:00:00	22403.03	22421.53	22364.53	22370.53	2039	0	105
2025.02.24	21:00:00	22370.03	22390.03	22344.53	22350.03	2046	0	105
2025.02.24	22:00:00	22351.03	22355.03	22297.53	22307.53	2373	0	105
2025.02.24	23:00:00	22303.53	22331.14	22297.94	22313.64	2430	0	115
2025.02.25	01:00:00	22316.73	22329.13	22275.63	22289.33	1707	0	275
2025.02.25	02:00:00	22289.33	22334.33	22289.33	22319.83	998	0	105
2025.02.25	03:00:00	22320.83	22343.53	22315.73	22341.03	448	0	105
2025.02.25	04:00:00	22340.53	22372.43	22330.43	22370.93	426	0	105
2025.02.25	05:00:00	22370.93	22398.83	22370.93	22378.03	276	0	105
2025.02.25	06:00:00	22378.03	22384.03	22359.43	22359.43	291	0	105
2025.02.25	07:00:00	22360.43	22400.03	22356.33	22395.43	321	0	105
2025.02.25	08:00:00	22394.93	22403.83	22342.23	22347.73	446	0	105
2025.02.25	09:00:00	22346.23	22349.53	22267.43	22279.93	1943	0	115
2025.02.25	10:00:00	22271.03	22416.03	22252.53	22340.03	4867	0	105
2025.02.25	11:00:00	22341.53	22474.53	22333.53	22422.13	3552	0	95
2025.02.25	12:00:00	22423.13	22486.13	22386.53	22396.53	2559	0	85
2025.02.25	13:00:00	22396.03	22475.13	22393.03	22463.13	2545	0	85
2025.02.25	14:00:00	22465.13	22491.13	22447.13	22488.13	1825	0	85
2025.02.25	15:00:00	22488.13	22580.13	22464.13	22567.03	2189	0	85
2025.02.25	16:00:00	22566.53	22569.03	22452.53	22468.03	4711	0	95
2025.02.25	17:00:00	22468.03	22468.53	22332.03	22423.03	8666	0	105
2025.02.25	18:00:00	22423.53	22494.03	22372.53	22480.53	6035	0	105
2025.02.25	19:00:00	22480.03	22491.03	22423.53	22490.03	3052	0	115
2025.02.25	20:00:00	22491.03	22574.53	22471.03	22536.03	3258	0	115
2025.02.25	21:00:00	22534.53	22575.03	22493.03	22560.03	3855	0	115
2025.02.25	22:00:00	22557.53	22591.53	22517.03	22522.03	4081	0	115
2025.02.25	23:00:00	22522.03	22559.54	22518.64	22544.74	2566	0	115
2025.02.26	01:00:00	22566.13	22570.03	22552.03	22565.43	1003	0	295
2025.02.26	02:00:00	22564.63	22568.03	22532.03	22540.03	735	0	105
2025.02.26	03:00:00	22541.03	22544.03	22510.53	22524.53	340	0	105
2025.02.26	04:00:00	22525.03	22536.03	22507.93	22533.53	260	0	105
2025.02.26	05:00:00	22533.53	22536.43	22520.93	22521.13	233	0	105
2025.02.26	06:00:00	22520.63	22557.83	22519.63	22557.83	129	0	105
2025.02.26	07:00:00	22559.33	22606.83	22559.33	22601.53	381	0	105
2025.02.26	08:00:00	22601.03	22624.83	22588.93	22616.33	364	0	105
2025.02.26	09:00:00	22615.83	22619.83	22525.53	22532.03	1266	0	105
2025.02.26	10:00:00	22538.03	22634.53	22518.63	22627.53	4174	0	95
2025.02.26	11:00:00	22626.53	22681.03	22607.53	22673.53	2680	0	95
2025.02.26	12:00:00	22673.53	22722.53	22673.53	22703.50	2056	0	85
2025.02.26	13:00:00	22703.50	22763.50	22686.50	22716.00	1787	0	90
2025.02.26	14:00:00	22716.50	22807.50	22715.50	22794.80	2003	0	90
2025.02.26	15:00:00	22794.80	22831.80	22754.80	22768.80	2231	0	90
2025.02.26	16:00:00	22768.80	22770.80	22658.80	22733.80	4989	0	100
2025.02.26	17:00:00	22734.80	22781.80	22723.80	22779.30	4575	0	100
2025.02.26	18:00:00	22778.80	22808.70	22758.70	22766.70	3501	0	100
2025.02.26	19:00:00	22765.70	22791.20	22665.20	22678.20	4329	0	120
2025.02.26	20:00:00	22675.70	22681.70	22589.20	22602.70	3403	0	120
2025.02.26	21:00:00	22602.20	22641.20	22582.70	22601.70	3003	0	110
2025.02.26	22:00:00	22602.20	22653.20	22597.20	22635.70	2743	0	120
2025.02.26	23:00:00	22637.70	22713.24	22578.94	22685.64	5968	0	120
2025.02.27	01:00:00	22658.63	22668.03	22621.83	22661.53	2353	0	355
2025.02.27	02:00:00	22661.33	22687.50	22639.60	22639.60	1238	0	130
2025.02.27	03:00:00	22641.10	22641.10	22604.50	22624.10	287	0	110
2025.02.27	04:00:00	22622.10	22636.70	22596.50	22621.10	378	0	110
2025.02.27	05:00:00	22622.10	22649.20	22621.70	22621.70	243	0	110
2025.02.27	06:00:00	22619.70	22628.70	22595.00	22612.70	299	0	110
2025.02.27	07:00:00	22614.20	22657.20	22611.10	22645.60	320	0	110
2025.02.27	08:00:00	22645.70	22694.00	22640.60	22670.50	521	0	130
2025.02.27	09:00:00	22673.00	22673.00	22543.70	22560.70	1650	0	110
2025.02.27	10:00:00	22560.20	22609.30	22479.30	22523.30	5430	0	110
2025.02.27	11:00:00	22524.30	22595.30	22515.30	22586.80	3701	0	100
2025.02.27	12:00:00	22587.80	22597.80	22532.30	22584.30	2616	0	90
2025.02.27	13:00:00	22584.30	22652.30	22576.80	22646.30	2247	0	90
2025.02.27	14:00:00	22645.30	22676.30	22622.30	22629.30	2281	0	90
2025.02.27	15:00:00	22629.80	22651.40	22468.30	22519.30	4469	0	90
2025.02.27	16:00:00	22519.30	22567.30	22410.80	22425.80	7259	0	110
2025.02.27	17:00:00	22423.80	22544.20	22367.20	22508.70	9854	0	110
2025.02.27	18:00:00	22510.70	22554.20	22478.10	22483.10	5071	0	100
2025.02.27	19:00:00	22484.10	22509.10	22452.10	22497.60	3173	0	120
2025.02.27	20:00:00	22498.10	22554.60	22497.60	22532.60	2309	0	110
2025.02.27	21:00:00	22532.10	22535.10	22394.10	22421.60	3971	0	120
2025.02.27	22:00:00	22422.10	22423.10	22363.10	22394.60	3752	0	120
2025.02.27	23:00:00	22394.60	22432.94	22388.54	22430.04	3362	0	120
2025.02.28	01:00:00	22433.03	22439.33	22417.63	22436.93	1946	0	305
2025.02.28	02:00:00	22435.63	22444.40	22325.60	22325.60	883	0	110
2025.02.28	03:00:00	22326.10	22372.30	22306.60	22329.60	479	0	110
2025.02.28	04:00:00	22330.10	22348.60	22256.60	22257.70	589	0	120
2025.02.28	05:00:00	22258.20	22271.60	22211.10	22242.60	563	0	130
2025.02.28	06:00:00	22243.10	22292.10	22228.20	22273.10	390	0	130
2025.02.28	07:00:00	22273.60	22305.70	22272.10	22291.60	356	0	110
2025.02.28	08:00:00	22291.10	22306.70	22262.10	22271.10	537	0	110
2025.02.28	09:00:00	22270.10	22383.30	22232.80	22363.80	2303	0	130
2025.02.28	10:00:00	22361.90	22440.40	22319.90	22430.90	5355	0	100
2025.02.28	11:00:00	22430.90	22484.90	22404.40	22466.40	3518	0	100
2025.02.28	12:00:00	22467.90	22500.40	22437.90	22465.90	2667	0	90
2025.02.28	13:00:00	22466.90	22492.90	22452.40	22472.90	1781	0	90
2025.02.28	14:00:00	22470.90	22477.90	22379.70	22429.20	2699	0	100
2025.02.28	15:00:00	22429.20	22450.70	22399.70	22435.70	3447	0	140
2025.02.28	16:00:00	22436.70	22476.20	22359.70	22470.20	6147	0	140
2025.02.28	17:00:00	22468.70	22526.20	22460.70	22503.20	6692	0	150
2025.02.28	18:00:00	22503.70	22567.10	22471.70	22554.60	5287	0	140
2025.02.28	19:00:00	22554.60	22566.10	22422.60	22427.10	4510	0	160
2025.02.28	20:00:00	22426.10	22464.10	22297.60	22299.60	5105	0	160
2025.02.28	21:00:00	22300.10	22438.60	22294.10	22427.60	4235	0	160
2025.02.28	22:00:00	22428.60	22485.60	22426.60	22472.10	3429	0	160
2025.03.03	01:00:00	22618.70	22668.50	22612.80	22632.90	2951	0	400
2025.03.03	02:00:00	22632.90	22671.10	22576.50	22595.60	1573	0	190
2025.03.03	03:00:00	22594.60	22625.30	22581.10	22624.70	509	0	150
2025.03.03	04:00:00	22622.70	22644.20	22610.60	22631.60	387	0	170
2025.03.03	05:00:00	22632.10	22634.10	22610.10	22633.10	285	0	150
2025.03.03	06:00:00	22634.60	22651.70	22630.20	22647.20	269	0	150
2025.03.03	07:00:00	22646.70	22683.20	22640.80	22675.60	387	0	150
2025.03.03	08:00:00	22673.60	22717.10	22653.80	22671.60	705	0	160
2025.03.03	09:00:00	22675.60	22689.60	22592.80	22631.30	1899	0	150
2025.03.03	10:00:00	22630.90	22753.90	22520.90	22616.10	6565	0	150
2025.03.03	11:00:00	22615.10	22820.60	22593.10	22818.10	4526	0	150
2025.03.03	12:00:00	22818.10	22834.10	22748.60	22801.90	3577	0	140
2025.03.03	13:00:00	22802.40	22873.90	22782.80	22869.90	2239	0	130
2025.03.03	14:00:00	22867.90	23189.80	22864.40	23178.80	6100	0	140
2025.03.03	15:00:00	23178.80	23186.80	23132.50	23173.00	3589	0	140
2025.03.03	16:00:00	23172.50	23310.50	23166.50	23178.00	6563	0	150
2025.03.03	17:00:00	23177.00	23229.50	23071.50	23184.00	9741	0	150
2025.03.03	18:00:00	23184.50	23207.50	23118.50	23171.50	7043	0	150
2025.03.03	19:00:00	23172.00	23211.00	23147.50	23161.00	3716	0	160
2025.03.03	20:00:00	23157.50	23165.50	23056.00	23118.50	5339	0	160
2025.03.03	21:00:00	23117.50	23158.00	23031.00	23035.00	4500	0	160
2025.03.03	22:00:00	23036.50	23041.50	22913.50	23027.50	6481	0	160
2025.03.03	23:00:00	23028.12	23076.22	23028.12	23067.62	4039	0	376
2025.03.04	01:00:00	23050.80	23090.00	23029.80	23037.20	2756	0	380
2025.03.04	02:00:00	23037.20	23052.30	22961.80	23008.80	1533	0	160
2025.03.04	03:00:00	23005.80	23010.80	22936.30	22941.80	736	0	170
2025.03.04	04:00:00	22941.30	22987.80	22939.80	22973.40	540	0	170
2025.03.04	05:00:00	22973.40	22993.30	22959.80	22981.90	427	0	150
2025.03.04	06:00:00	22981.90	23000.30	22954.30	22963.30	420	0	150
2025.03.04	07:00:00	22965.80	23042.80	22941.80	23029.30	705	0	180
2025.03.04	08:00:00	23029.30	23039.30	22987.30	23019.80	549	0	190
2025.03.04	09:00:00	23019.80	23024.30	22902.00	22916.00	3031	0	170
2025.03.04	10:00:00	22916.00	22930.10	22716.60	22751.60	8022	0	150
2025.03.04	11:00:00	22751.10	22787.60	22677.10	22711.60	5531	0	150
2025.03.04	12:00:00	22710.60	22718.10	22615.10	22662.10	6224	0	150
2025.03.04	13:00:00	22662.10	22688.10	22602.60	22614.10	4480	0	150
2025.03.04	14:00:00	22614.60	22623.10	22544.60	22551.10	5492	0	150
2025.03.04	15:00:00	22552.10	22567.10	22431.10	22433.60	6420	0	150
2025.03.04	16:00:00	22432.60	22540.10	22409.10	22415.60	11312	0	150
2025.03.04	17:00:00	22416.10	22434.10	22313.60	22380.60	13183	0	150
2025.03.04	18:00:00	22381.10	22427.10	22310.60	22419.60	9901	0	150
2025.03.04	19:00:00	22420.10	22484.60	22398.60	22437.60	7972	0	160
2025.03.04	20:00:00	22437.10	22760.60	22430.10	22743.10	7169	0	160
2025.03.04	21:00:00	22742.10	22853.60	22733.10	22808.10	4921	0	160
2025.03.04	22:00:00	22807.10	22887.10	22651.10	22661.60	5745	0	160
2025.03.04	23:00:00	22661.60	22843.02	22660.22	22783.22	8545	0	160
2025.03.05	01:00:00	22806.80	22816.40	22779.90	22800.70	2707	0	410
2025.03.05	02:00:00	22799.90	22806.10	22720.30	22765.30	1661	0	170
2025.03.05	03:00:00	22766.80	22785.30	22669.30	22753.80	801	0	190
2025.03.05	04:00:00	22754.30	22763.90	22722.80	22726.30	458	0	180
2025.03.05	05:00:00	22727.80	22798.30	22719.30	22797.30	731	0	180
2025.03.05	06:00:00	22796.30	22806.90	22760.90	22762.90	330	0	150
2025.03.05	07:00:00	22763.90	22779.80	22741.30	22773.90	317	0	150
2025.03.05	08:00:00	22773.90	22797.80	22716.80	22788.30	521	0	160
2025.03.05	09:00:00	22792.30	22871.00	22791.80	22837.00	2330	0	170
2025.03.05	10:00:00	22833.00	23017.60	22787.60	22906.30	7746	0	150
2025.03.05	11:00:00	22905.80	23138.80	22880.80	23137.80	5910	0	150
2025.03.05	12:00:00	23138.80	23181.80	23034.80	23043.80	4830	0	150
2025.03.05	13:00:00	23043.80	23133.30	23025.30	23066.80	3901	0	150
2025.03.05	14:00:00	23065.30	23104.30	23017.80	23063.80	4212	0	150
2025.03.05	15:00:00	23065.30	23165.30	23037.30	23055.80	4780	0	150
2025.03.05	16:00:00	23059.30	23081.30	22987.80	23017.64	6093	0	150
2025.03.05	17:00:00	23056.64	23161.30	23033.30	23131.30	8120	0	150
2025.03.05	18:00:00	23130.30	23187.70	23062.80	23126.20	7208	0	150
2025.03.05	19:00:00	23125.20	23164.70	23109.70	23162.20	5655	0	160
2025.03.05	20:00:00	23162.70	23170.70	23089.70	23159.70	5705	0	160
2025.03.05	21:00:00	23158.70	23224.20	23151.20	23197.70	4125	0	160
2025.03.05	22:00:00	23196.70	23229.20	23172.20	23194.20	3907	0	160
2025.03.05	23:00:00	23193.70	23198.52	23157.92	23169.82	4007	0	160
2025.03.06	01:00:00	23193.90	23204.70	23161.80	23176.80	1509	0	360
2025.03.06	02:00:00	23176.60	23209.50	23151.00	23151.00	1048	0	150
2025.03.06	03:00:00	23150.50	23185.50	23131.00	23175.50	471	0	150
2025.03.06	04:00:00	23182.00	23203.50	23164.20	23180.60	459	0	150
2025.03.06	05:00:00	23179.60	23192.80	23160.10	23187.70	324	0	150
2025.03.06	06:00:00	23188.20	23209.00	23183.70	23204.20	221	0	150
2025.03.06	07:00:00	23204.70	23211.10	23189.10	23194.20	287	0	150
2025.03.06	08:00:00	23194.20	23293.00	23194.20	23269.60	442	0	150
2025.03.06	09:00:00	23273.60	23398.20	23258.20	23289.70	2328	0	160
2025.03.06	10:00:00	23291.20	23437.80	23208.30	23246.30	8425	0	150
2025.03.06	11:00:00	23249.80	23335.30	23142.80	23158.30	6833	0	150
2025.03.06	12:00:00	23155.80	23171.80	23078.30	23081.80	5396	0	150
2025.03.06	13:00:00	23081.30	23240.80	23060.30	23185.80	3878	0	150
2025.03.06	14:00:00	23186.30	23200.80	23119.80	23147.80	3595	0	150
2025.03.06	15:00:00	23144.30	23220.80	23053.30	23178.80	5111	0	150
2025.03.06	16:00:00	23178.30	23295.30	23099.30	23245.80	8068	0	150
2025.03.06	17:00:00	23244.80	23414.30	23224.80	23405.80	8734	0	150
2025.03.06	18:00:00	23405.30	23474.30	23240.30	23245.80	8584	0	150
2025.03.06	19:00:00	23245.80	23307.80	23182.30	23239.30	7647	0	160
2025.03.06	20:00:00	23239.80	23266.30	23175.30	23218.80	5607	0	160
2025.03.06	21:00:00	23219.80	23285.30	23151.80	23187.80	5448	0	160
2025.03.06	22:00:00	23186.30	23260.30	23177.30	23194.30	4622	0	160
2025.03.06	23:00:00	23193.80	23291.72	23186.12	23259.02	3942	0	160
2025.03.07	01:00:00	23268.60	23276.50	23242.40	23250.60	1553	0	360
2025.03.07	02:00:00	23251.10	23255.00	23165.80	23195.90	1311	0	180
2025.03.07	03:00:00	23196.40	23253.30	23191.30	23251.80	545	0	150
2025.03.07	04:00:00	23251.30	23286.30	23237.30	23246.90	468	0	150
2025.03.07	05:00:00	23246.90	23249.90	23210.90	23218.90	350	0	150
2025.03.07	06:00:00	23218.40	23235.00	23211.40	23220.30	332	0	150
2025.03.07	07:00:00	23220.30	23222.30	23161.80	23174.30	416	0	150
2025.03.07	08:00:00	23174.80	23174.80	23117.80	23118.80	628	0	150
2025.03.07	09:00:00	23116.80	23216.00	23105.80	23203.50	1953	0	170
2025.03.07	10:00:00	23201.50	23222.60	23006.10	23051.10	6164	0	150
2025.03.07	11:00:00	23052.10	23168.10	23028.10	23149.60	4345	0	150
2025.03.07	12:00:00	23151.60	23155.60	23019.60	23036.10	3654	0	150
2025.03.07	13:00:00	23036.60	23095.90	23016.60	23052.40	2806	0	130
2025.03.07	14:00:00	23050.40	23072.90	22936.90	22976.40	3651	0	140
2025.03.07	15:00:00	22975.90	23106.90	22911.40	22925.40	6244	0	150
2025.03.07	16:00:00	22924.90	23067.40	22854.40	23041.40	9292	0	150
2025.03.07	17:00:00	23040.40	23154.90	22924.40	23082.90	10903	0	150
2025.03.07	18:00:00	23083.90	23116.40	22947.80	22972.80	9508	0	150
2025.03.07	19:00:00	22974.30	23138.80	22938.80	23060.80	7665	0	160
2025.03.07	20:00:00	23062.30	23167.80	23061.80	23163.30	7443	0	160
2025.03.07	21:00:00	23163.80	23216.80	23132.80	23174.80	5784	0	160
2025.03.07	22:00:00	23174.30	23202.30	23124.30	23185.30	4837	0	160
2025.03.10	01:00:00	23070.13	23076.43	22996.33	23019.73	4347	0	375
2025.03.10	02:00:00	23020.03	23070.33	22944.53	23059.93	4573	0	365
2025.03.10	03:00:00	23059.33	23124.23	23042.13	23122.83	2112	0	315
2025.03.10	04:00:00	23123.33	23168.83	23121.83	23160.33	561	0	345
2025.03.10	05:00:00	23158.83	23160.43	23119.33	23124.23	351	0	315
2025.03.10	06:00:00	23123.73	23148.53	23095.73	23134.73	424	0	315
2025.03.10	07:00:00	23133.73	23156.73	23108.93	23111.13	301	0	315
2025.03.10	08:00:00	23111.63	23144.43	23100.23	23109.23	370	0	315
2025.03.10	09:00:00	23109.73	23184.23	23109.73	23168.73	520	0	355
2025.03.10	10:00:00	23167.73	23214.93	23134.93	23144.03	1648	0	205
2025.03.10	11:00:00	23144.03	23175.03	22741.03	22762.53	7411	0	155
2025.03.10	12:00:00	22761.03	22929.83	22742.83	22832.33	6575	0	155
2025.03.10	13:00:00	22831.83	22902.83	22750.33	22803.83	4781	0	155
2025.03.10	14:00:00	22802.33	22842.83	22704.33	22818.83	4722	0	155
2025.03.10	15:00:00	22819.33	22840.33	22634.33	22766.83	4026	0	155
2025.03.10	16:00:00	22767.83	22815.83	22697.33	22737.33	7085	0	155
2025.03.10	17:00:00	22735.83	22735.83	22514.33	22578.83	7593	0	155
2025.03.10	18:00:00	22579.33	22709.83	22579.33	22621.83	7223	0	155
2025.03.10	19:00:00	22621.83	22647.33	22568.83	22589.83	5686	0	155
2025.03.10	20:00:00	22587.83	22609.83	22505.83	22512.33	5564	0	255
2025.03.10	21:00:00	22509.83	22598.83	22486.33	22493.33	4076	0	255
2025.03.10	22:00:00	22492.33	22610.83	22447.33	22602.83	5165	0	255
2025.03.10	23:00:00	22602.76	22627.76	22583.26	22600.46	694	0	199
2025.03.11	01:00:00	22571.43	22576.33	22495.33	22529.33	3645	0	365
2025.03.11	02:00:00	22528.53	22543.83	22431.83	22502.43	5438	0	365
2025.03.11	03:00:00	22502.43	22535.33	22410.33	22447.83	2003	0	315
2025.03.11	04:00:00	22447.33	22484.53	22410.33	22477.93	559	0	335
2025.03.11	05:00:00	22478.43	22593.33	22467.33	22551.53	612	0	335
2025.03.11	06:00:00	22551.53	22629.83	22551.53	22607.13	446	0	315
2025.03.11	07:00:00	22606.63	22658.23	22594.53	22646.43	313	0	315
2025.03.11	08:00:00	22646.43	22680.33	22626.93	22670.83	321	0	315
2025.03.11	09:00:00	22670.33	22788.33	22634.33	22729.83	625	0	355
2025.03.11	10:00:00	22735.83	22773.53	22690.53	22735.53	1296	0	195
2025.03.11	11:00:00	22734.03	22792.03	22627.03	22773.43	5861	0	155
2025.03.11	12:00:00	22773.43	22836.43	22725.43	22768.93	4048	0	155
2025.03.11	13:00:00	22768.93	22779.43	22683.43	22711.93	2993	0	145
2025.03.11	14:00:00	22711.43	22717.93	22633.93	22698.93	3269	0	145
2025.03.11	15:00:00	22695.93	22701.93	22597.93	22663.43	3734	0	155
2025.03.11	16:00:00	22663.93	22710.43	22505.93	22539.93	6620	0	155
2025.03.11	17:00:00	22540.93	22606.43	22250.43	22323.93	10793	0	155
2025.03.11	18:00:00	22324.43	22469.93	22306.43	22351.43	9521	0	155
2025.03.11	19:00:00	22346.93	22351.93	22257.93	22286.93	8768	0	155
2025.03.11	20:00:00	22288.93	22330.93	22236.93	22309.93	3868	0	255
2025.03.11	21:00:00	22306.93	22550.93	22302.93	22523.93	2542	0	255
2025.03.11	22:00:00	22522.93	22541.93	22435.93	22442.93	1718	0	255
2025.03.11	23:00:00	22441.93	22476.66	22408.36	22432.86	386	0	169
2025.03.12	01:00:00	22424.43	22486.93	22424.43	22478.83	2391	0	355
2025.03.12	02:00:00	22478.83	22484.43	22443.43	22483.93	3053	0	355
2025.03.12	03:00:00	22485.23	22494.83	22447.93	22487.63	1338	0	325
2025.03.12	04:00:00	22487.13	22507.53	22469.83	22500.93	382	0	325
2025.03.12	05:00:00	22501.03	22539.33	22494.93	22537.13	222	0	315
2025.03.12	06:00:00	22537.13	22543.73	22488.33	22506.63	224	0	315
2025.03.12	07:00:00	22505.63	22531.13	22496.53	22523.13	225	0	315
2025.03.12	08:00:00	22523.03	22564.03	22522.63	22560.63	276	0	315
2025.03.12	09:00:00	22560.73	22563.13	22431.33	22458.83	502	0	325
2025.03.12	10:00:00	22458.83	22538.53	22433.53	22532.53	1258	0	175
2025.03.12	11:00:00	22531.53	22624.43	22459.03	22612.93	4477	0	155
2025.03.12	12:00:00	22613.93	22700.93	22586.93	22664.93	3798	0	155
2025.03.12	13:00:00	22665.43	22719.93	22635.43	22702.93	2963	0	145
2025.03.12	14:00:00	22701.93	22793.43	22698.93	22719.93	2964	0	145
2025.03.12	15:00:00	22717.43	22807.80	22673.43	22740.43	3458	0	145
2025.03.12	16:00:00	22740.43	22751.43	22634.93	22692.93	5656	0	155
2025.03.12	17:00:00	22691.93	22708.43	22549.43	22561.43	6936	0	155
2025.03.12	18:00:00	22562.93	22667.43	22487.43	22655.93	5202	0	155
2025.03.12	19:00:00	22654.93	22690.43	22613.43	22630.93	5522	0	155
2025.03.12	20:00:00	22631.43	22715.43	22568.93	22569.93	3963	0	255
2025.03.12	21:00:00	22571.43	22698.93	22561.93	22670.43	2993	0	245
2025.03.12	22:00:00	22669.43	22672.43	22616.93	22652.93	2255	0	255
2025.03.12	23:00:00	22652.86	22655.36	22620.76	22628.26	437	0	169
2025.03.13	01:00:00	22658.63	22696.63	22650.43	22682.43	2027	0	345
2025.03.13	02:00:00	22682.73	22723.33	22680.53	22720.03	2474	0	345
2025.03.13	03:00:00	22721.13	22724.93	22665.23	22669.33	1181	0	315
2025.03.13	04:00:00	22666.83	22669.33	22627.23	22648.23	327	0	315
2025.03.13	05:00:00	22648.23	22666.03	22603.33	22611.63	264	0	315
2025.03.13	06:00:00	22611.63	22624.33	22558.83	22563.03	278	0	315
2025.03.13	07:00:00	22563.53	22600.73	22561.73	22586.83	278	0	315
2025.03.13	08:00:00	22586.33	22586.43	22520.93	22569.73	366	0	315
2025.03.13	09:00:00	22571.23	22625.73	22532.73	22612.73	481	0	355
2025.03.13	10:00:00	22611.73	22657.43	22541.63	22562.13	1089	0	215
2025.03.13	11:00:00	22561.13	22612.63	22429.13	22582.63	5270	0	155
2025.03.13	12:00:00	22582.63	22712.63	22506.13	22710.13	3767	0	155
2025.03.13	13:00:00	22711.13	22754.13	22604.13	22639.63	3580	0	145
2025.03.13	14:00:00	22635.13	22656.63	22449.66	22516.16	3218	0	139
2025.03.13	15:00:00	22510.16	22538.16	22445.66	22515.16	2405	0	149
2025.03.13	16:00:00	22515.16	22610.16	22409.16	22435.16	3731	0	149
2025.03.13	17:00:00	22432.66	22570.66	22421.66	22560.16	4342	0	149
2025.03.13	18:00:00	22561.66	22600.16	22463.66	22520.16	4401	0	149
2025.03.13	19:00:00	22521.66	22581.66	22492.66	22534.16	4635	0	149
2025.03.13	20:00:00	22535.16	22563.16	22470.66	22474.16	2281	0	249
2025.03.13	21:00:00	22473.66	22551.16	22465.16	22545.16	2417	0	249
2025.03.13	22:00:00	22544.66	22564.16	22480.16	22503.66	2040	0	249
2025.03.13	23:00:00	22504.16	22531.59	22502.09	22520.59	314	0	163
2025.03.14	01:00:00	22524.86	22578.96	22524.06	22564.76	2867	0	339
2025.03.14	02:00:00	22564.46	22582.56	22552.56	22563.36	2687	0	339
2025.03.14	03:00:00	22563.56	22627.36	22543.36	22592.36	1681	0	309
2025.03.14	04:00:00	22592.86	22605.86	22563.86	22594.36	414	0	309
2025.03.14	05:00:00	22595.86	22641.56	22588.46	22640.76	244	0	309
2025.03.14	06:00:00	22638.76	22683.56	22638.26	22682.06	273	0	309
2025.03.14	07:00:00	22681.06	22685.06	22647.86	22662.76	333	0	309
2025.03.14	08:00:00	22661.26	22698.36	22660.16	22672.16	314	0	309
2025.03.14	09:00:00	22671.66	22675.66	22598.86	22635.86	388	0	309
2025.03.14	10:00:00	22635.86	22635.86	22544.56	22553.56	831	0	169
2025.03.14	11:00:00	22553.56	22685.36	22454.06	22659.86	3512	0	149
2025.03.14	12:00:00	22660.36	22688.86	22590.36	22659.86	2905	0	149
2025.03.14	13:00:00	22659.86	22922.36	22647.86	22918.86	4911	0	149
2025.03.14	14:00:00	22917.86	23001.36	22865.86	22940.86	4253	0	149
2025.03.14	15:00:00	22942.36	23052.36	22925.86	22936.86	3015	0	149
2025.03.14	16:00:00	22937.36	22984.36	22892.36	22937.20	4160	0	149
2025.03.14	17:00:00	22897.70	22971.86	22884.36	22956.86	5697	0	149
2025.03.14	18:00:00	22957.36	23023.36	22945.36	22987.36	3592	0	139
2025.03.14	19:00:00	22988.36	23021.36	22922.86	23019.36	4936	0	149
2025.03.14	20:00:00	23017.86	23036.36	22980.86	22987.36	3457	0	249
2025.03.14	21:00:00	22987.86	23056.86	22987.86	23038.36	2074	0	159
2025.03.14	22:00:00	23037.36	23069.56	23027.86	23068.96	1543	0	209
2025.03.17	01:00:00	23067.66	23076.66	22999.96	23005.26	2085	0	339
2025.03.17	02:00:00	23005.26	23041.06	22995.16	23016.96	2057	0	339
2025.03.17	03:00:00	23017.26	23043.26	22986.16	23024.76	1549	0	339
2025.03.17	04:00:00	23023.76	23063.66	23016.66	23047.26	447	0	309
2025.03.17	05:00:00	23047.26	23053.66	23026.16	23048.06	195	0	309
2025.03.17	06:00:00	23048.06	23048.56	23021.46	23037.76	140	0	309
2025.03.17	07:00:00	23037.76	23054.66	23031.66	23035.76	197	0	309
2025.03.17	08:00:00	23035.76	23045.86	23013.76	23016.96	233	0	309
2025.03.17	09:00:00	23017.96	23020.46	22951.16	22999.26	405	0	319
2025.03.17	10:00:00	23000.26	23013.36	22941.36	23010.36	1678	0	199
2025.03.17	11:00:00	23013.86	23075.86	22942.36	23030.76	4364	0	149
2025.03.17	12:00:00	23030.76	23037.76	22927.26	22999.76	3922	0	149
2025.03.17	13:00:00	23000.76	23086.76	22986.76	23060.26	2830	0	139
2025.03.17	14:00:00	23060.26	23079.76	22997.76	23030.26	2347	0	139
2025.03.17	15:00:00	23030.26	23074.26	23005.26	23041.76	2795	0	139
2025.03.17	16:00:00	23041.76	23153.76	23015.76	23130.26	4793	0	139
2025.03.17	17:00:00	23130.76	23154.26	23075.26	23115.26	5231	0	139
2025.03.17	18:00:00	23117.26	23141.26	23079.26	23121.76	3535	0	139
2025.03.17	19:00:00	23122.26	23157.26	23108.76	23140.76	2998	0	139
2025.03.17	20:00:00	23140.26	23210.26	23130.76	23208.26	1752	0	199
2025.03.17	21:00:00	23208.76	23255.96	23199.76	23244.96	1506	0	179
2025.03.17	22:00:00	23245.96	23257.26	23222.26	23227.26	1563	0	189
2025.03.17	23:00:00	23226.76	23241.19	23212.19	23237.69	302	0	163
2025.03.18	01:00:00	23253.66	23268.96	23244.46	23264.16	1181	0	319
2025.03.18	02:00:00	23263.56	23264.36	23233.96	23239.86	1150	0	319
2025.03.18	03:00:00	23239.66	23246.46	23223.96	23240.56	841	0	309
2025.03.18	04:00:00	23239.56	23246.06	23220.56	23224.46	323	0	309
2025.03.18	05:00:00	23224.46	23233.96	23215.56	23223.16	274	0	309
2025.03.18	06:00:00	23223.16	23224.26	23196.96	23202.76	283	0	309
2025.03.18	07:00:00	23203.26	23212.76	23187.36	23198.06	192	0	309
2025.03.18	08:00:00	23198.06	23235.96	23198.06	23234.36	253	0	309
2025.03.18	09:00:00	23234.86	23271.36	23219.96	23265.96	394	0	309
2025.03.18	10:00:00	23266.46	23289.06	23224.56	23286.56	1243	0	159
2025.03.18	11:00:00	23286.56	23420.56	23242.06	23375.06	4606	0	149
2025.03.18	12:00:00	23377.06	23477.46	23369.06	23441.96	3777	0	139
2025.03.18	13:00:00	23440.96	23448.96	23365.96	23427.06	3411	0	139
2025.03.18	14:00:00	23428.56	23457.56	23387.56	23442.06	2559	0	139
2025.03.18	15:00:00	23443.56	23471.06	23425.06	23434.56	2113	0	139
2025.03.18	16:00:00	23434.56	23434.56	23287.06	23301.56	4626	0	139
2025.03.18	17:00:00	23301.06	23412.06	23281.06	23383.56	5401	0	149
2025.03.18	18:00:00	23381.56	23385.56	23267.06	23339.56	4682	0	139
2025.03.18	19:00:00	23340.56	23398.56	23332.56	23359.06	3821	0	139
2025.03.18	20:00:00	23357.56	23372.16	23283.16	23350.66	2987	0	249
2025.03.18	21:00:00	23351.66	23391.16	23322.16	23369.66	2001	0	249
2025.03.18	22:00:00	23368.66	23380.16	23339.16	23359.16	2203	0	249
2025.03.18	23:00:00	23360.16	23379.09	23353.59	23358.09	336	0	163
2025.03.19	01:00:00	23353.36	23369.56	23319.06	23357.16	1482	0	329
2025.03.19	02:00:00	23357.16	23368.86	23342.16	23366.76	1488	0	329
2025.03.19	03:00:00	23366.96	23432.96	23364.86	23426.16	1016	0	319
2025.03.19	04:00:00	23425.16	23425.16	23401.86	23414.26	423	0	309
2025.03.19	05:00:00	23413.76	23413.76	23399.56	23399.76	270	0	309
2025.03.19	06:00:00	23400.26	23409.86	23396.36	23399.76	189	0	309
2025.03.19	07:00:00	23399.26	23400.26	23375.06	23381.46	162	0	309
2025.03.19	08:00:00	23380.96	23420.06	23375.46	23381.96	381	0	309
2025.03.19	09:00:00	23381.96	23386.56	23321.86	23344.86	594	0	329
2025.03.19	10:00:00	23347.36	23348.36	23193.56	23236.56	2648	0	249
2025.03.19	11:00:00	23237.06	23318.06	23216.56	23300.56	4748	0	139
2025.03.19	12:00:00	23300.06	23340.56	23259.56	23319.56	3180	0	139
2025.03.19	13:00:00	23319.56	23368.06	23268.56	23283.06	2863	0	139
2025.03.19	14:00:00	23286.56	23323.06	23260.46	23284.46	2782	0	129
2025.03.19	15:00:00	23284.46	23289.96	23188.96	23213.46	2814	0	139
2025.03.19	16:00:00	23213.96	23214.96	23129.46	23169.46	4565	0	139
2025.03.19	17:00:00	23169.46	23249.96	23169.46	23230.46	4446	0	139
2025.03.19	18:00:00	23232.46	23325.96	23229.46	23313.96	3428	0	139
2025.03.19	19:00:00	23313.46	23315.46	23271.46	23284.46	3110	0	139
2025.03.19	20:00:00	23282.96	23288.46	23240.56	23256.96	2060	0	199
2025.03.19	21:00:00	23258.46	23327.96	23245.96	23322.96	3938	0	249
2025.03.19	22:00:00	23322.46	23375.96	23261.46	23301.46	3773	0	249
2025.03.19	23:00:00	23301.39	23317.39	23292.69	23308.69	520	0	163
2025.03.20	01:00:00	23335.46	23379.86	23329.66	23359.66	1589	0	329
2025.03.20	02:00:00	23359.66	23365.66	23341.66	23362.56	1226	0	329
2025.03.20	03:00:00	23362.86	23371.46	23321.96	23333.86	704	0	309
2025.03.20	04:00:00	23333.36	23333.36	23274.66	23278.96	424	0	309
2025.03.20	05:00:00	23279.46	23301.46	23279.46	23286.36	283	0	309
2025.03.20	06:00:00	23286.86	23308.76	23260.96	23272.36	297	0	309
2025.03.20	07:00:00	23270.86	23289.36	23262.96	23284.66	241	0	309
2025.03.20	08:00:00	23284.76	23293.16	23247.46	23283.46	402	0	309
2025.03.20	09:00:00	23282.46	23304.46	23238.46	23245.46	544	0	339
2025.03.20	10:00:00	23246.46	23295.76	23245.46	23275.16	1565	0	159
2025.03.20	11:00:00	23279.16	23316.66	23144.06	23151.56	4474	0	149
2025.03.20	12:00:00	23151.06	23157.56	22935.56	22980.06	5360	0	149
2025.03.20	13:00:00	22980.56	22999.56	22810.06	22971.06	6560	0	149
2025.03.20	14:00:00	22971.56	22989.06	22896.56	22957.66	3207	0	139
2025.03.20	15:00:00	22954.66	22973.16	22905.16	22943.66	2438	0	139
2025.03.20	16:00:00	22943.16	22962.56	22872.06	22960.06	4324	0	139
2025.03.20	17:00:00	22957.56	23017.66	22937.66	22983.16	5239	0	149
2025.03.20	18:00:00	22984.16	23011.16	22931.66	22987.16	3905	0	139
2025.03.20	19:00:00	22984.16	23042.66	22974.16	22988.16	4182	0	139
2025.03.20	20:00:00	22990.66	23025.16	22941.16	22949.66	2010	0	239
2025.03.20	21:00:00	22949.16	22987.16	22927.16	22948.66	1548	0	169
2025.03.20	22:00:00	22948.16	22991.16	22948.16	22966.16	1700	0	229
2025.03.20	23:00:00	22966.66	22981.59	22945.09	22951.09	387	0	163
2025.03.21	01:00:00	22962.56	22978.96	22956.16	22960.76	863	0	319
2025.03.21	02:00:00	22960.76	22965.26	22928.56	22961.46	1643	0	319
2025.03.21	03:00:00	22961.16	23000.66	22956.16	22975.66	791	0	309
2025.03.21	04:00:00	22974.16	23006.26	22972.56	23006.26	351	0	309
2025.03.21	05:00:00	23005.76	23011.66	22968.66	22971.56	368	0	319
2025.03.21	06:00:00	22972.56	22972.56	22941.46	22941.46	431	0	309
2025.03.21	07:00:00	22941.46	22953.26	22931.36	22940.66	316	0	309
2025.03.21	08:00:00	22940.16	22946.76	22877.66	22884.16	473	0	329
2025.03.21	09:00:00	22883.66	22958.56	22861.56	22958.56	556	0	319
2025.03.21	10:00:00	22958.06	22988.26	22853.76	22895.76	1443	0	189
2025.03.21	11:00:00	22893.26	22954.76	22770.26	22859.76	4034	0	149
2025.03.21	12:00:00	22857.76	22873.76	22730.76	22757.76	4023	0	149
2025.03.21	13:00:00	22762.26	22894.26	22761.26	22861.76	4677	0	149
2025.03.21	14:00:00	22862.26	22874.26	22769.40	22806.40	3231	0	0
2025.03.21	15:00:00	22805.40	22856.30	22765.26	22770.76	4039	0	0
2025.03.21	16:00:00	22770.26	22805.76	22716.26	22779.26	6371	0	149
2025.03.21	17:00:00	22785.76	22823.26	22719.76	22822.76	5736	0	149
2025.03.21	18:00:00	22826.76	22862.26	22777.76	22809.76	4757	0	149
2025.03.21	19:00:00	22809.26	22896.36	22806.76	22877.36	4929	0	149
2025.03.21	20:00:00	22876.36	22908.86	22848.86	22883.36	2419	0	239
2025.03.21	21:00:00	22882.36	22900.36	22859.36	22869.86	2045	0	219
2025.03.21	22:00:00	22869.36	22876.36	22849.36	22870.36	1773	0	229
2025.03.24	01:00:00	22971.76	22984.06	22942.96	22947.06	1856	0	329
2025.03.24	02:00:00	22947.86	22984.76	22941.06	22984.06	1152	0	319
2025.03.24	03:00:00	22985.76	23012.76	22975.16	23010.26	982	0	309
2025.03.24	04:00:00	23009.26	23010.76	22974.16	22995.16	660	0	339
2025.03.24	05:00:00	22993.16	23011.76	22988.66	23004.66	377	0	309
2025.03.24	06:00:00	23003.16	23007.66	22968.96	22975.96	422	0	309
2025.03.24	07:00:00	22975.46	22975.46	22961.16	22970.36	355	0	309
2025.03.24	08:00:00	22969.36	22989.36	22969.36	22982.26	391	0	309
2025.03.24	09:00:00	22982.26	23031.16	22952.16	23020.66	832	0	329
2025.03.24	10:00:00	23021.66	23058.26	23015.86	23048.86	1601	0	149
2025.03.24	11:00:00	23048.86	23142.36	22982.66	23033.16	5587	0	149
2025.03.24	12:00:00	23032.66	23046.66	22916.66	22925.66	4563	0	139
2025.03.24	13:00:00	22925.66	23034.16	22914.66	23021.66	3817	0	139
2025.03.24	14:00:00	23021.66	23042.66	22937.16	22940.16	3130	0	139
2025.03.24	15:00:00	22935.16	22949.16	22832.16	22843.66	3703	0	139
2025.03.24	16:00:00	22849.16	22925.16	22810.16	22914.66	5489	0	149
2025.03.24	17:00:00	22914.66	22976.26	22889.36	22925.36	5632	0	149
2025.03.24	18:00:00	22926.36	22945.86	22841.06	22877.56	4573	0	139
2025.03.24	19:00:00	22878.06	22894.56	22832.56	22846.06	4427	0	139
2025.03.24	20:00:00	22846.56	22860.56	22815.56	22847.26	3517	0	179
2025.03.24	21:00:00	22847.76	22874.06	22805.66	22863.56	3182	0	189
2025.03.24	22:00:00	22863.06	22897.56	22858.06	22886.56	2133	0	149
2025.03.24	23:00:00	22886.49	22895.49	22874.49	22884.49	573	0	163
2025.03.25	01:00:00	22889.66	22890.66	22866.96	22871.66	587	0	299
2025.03.25	02:00:00	22871.66	22888.16	22869.16	22881.76	528	0	299
2025.03.25	03:00:00	22882.76	22920.46	22858.96	22918.46	653	0	309
2025.03.25	04:00:00	22918.96	22918.96	22870.06	22871.06	445	0	309
2025.03.25	05:00:00	22868.06	22868.06	22799.46	22820.56	480	0	309
2025.03.25	06:00:00	22822.56	22832.56	22800.56	22808.36	478	0	319
2025.03.25	07:00:00	22808.36	22819.26	22792.26	22793.76	333	0	319
2025.03.25	08:00:00	22793.76	22825.26	22792.76	22800.46	437	0	309
2025.03.25	09:00:00	22800.46	22843.56	22794.56	22843.56	470	0	309
2025.03.25	10:00:00	22846.06	22931.66	22842.96	22908.16	1933	0	179
2025.03.25	11:00:00	22909.16	22984.66	22838.66	22963.16	5471	0	149
2025.03.25	12:00:00	22963.16	23007.16	22925.66	23003.16	4149	0	139
2025.03.25	13:00:00	23000.16	23081.16	22976.16	23071.16	3465	0	139
2025.03.25	14:00:00	23071.66	23169.26	23058.16	23160.76	3238	0	129
2025.03.25	15:00:00	23160.26	23183.76	23095.26	23109.26	3017	0	139
2025.03.25	16:00:00	23110.26	23110.76	23015.66	23034.66	4727	0	139
2025.03.25	17:00:00	23035.66	23064.66	22999.16	23051.26	5475	0	139
2025.03.25	18:00:00	23051.76	23069.26	23015.16	23042.26	3776	0	129
2025.03.25	19:00:00	23041.76	23130.76	23041.26	23130.26	3156	0	129
2025.03.25	20:00:00	23130.76	23147.56	23105.86	23111.46	2724	0	159
2025.03.25	21:00:00	23110.96	23133.06	23097.96	23116.16	2566	0	159
2025.03.25	22:00:00	23115.66	23148.26	23109.16	23137.26	3144	0	159
2025.03.25	23:00:00	23137.19	23147.69	23130.89	23144.19	372	0	163
2025.03.26	01:00:00	23143.26	23155.16	23133.46	23139.56	754	0	309
2025.03.26	02:00:00	23139.56	23151.46	23137.66	23143.36	683	0	309
2025.03.26	03:00:00	23142.26	23164.56	23136.06	23148.86	566	0	309
2025.03.26	04:00:00	23146.86	23174.86	23133.46	23152.96	322	0	309
2025.03.26	05:00:00	23152.46	23157.36	23131.36	23151.06	527	0	309
2025.03.26	06:00:00	23149.56	23154.56	23135.56	23144.26	381	0	309
2025.03.26	07:00:00	23144.76	23151.66	23136.16	23151.66	216	0	309
2025.03.26	08:00:00	23151.16	23157.06	23117.06	23117.56	403	0	309
2025.03.26	09:00:00	23118.06	23129.06	23107.96	23122.36	499	0	309
2025.03.26	10:00:00	23118.36	23225.36	23118.36	23194.86	1582	0	149
2025.03.26	11:00:00	23195.86	23207.06	22944.16	22956.16	5738	0	139
2025.03.26	12:00:00	22957.66	22984.66	22892.66	22895.16	4762	0	149
2025.03.26	13:00:00	22890.66	22996.66	22881.16	22988.66	3585	0	139
2025.03.26	14:00:00	22988.66	23006.16	22957.66	22987.16	2513	0	139
2025.03.26	15:00:00	22987.16	23015.96	22955.46	22980.46	2564	0	139
2025.03.26	16:00:00	22979.96	23001.46	22825.46	22841.96	5005	0	139
2025.03.26	17:00:00	22841.46	22988.96	22833.46	22985.96	6356	0	139
2025.03.26	18:00:00	22986.96	22994.46	22865.46	22887.96	5171	0	139
2025.03.26	19:00:00	22888.46	22888.96	22785.46	22799.46	5249	0	139
2025.03.26	20:00:00	22798.46	22821.46	22664.46	22703.46	5368	0	249
2025.03.26	21:00:00	22704.96	22751.16	22668.66	22670.66	3770	0	249
2025.03.26	22:00:00	22673.66	22744.66	22658.16	22728.16	3955	0	249
2025.03.26	23:00:00	22728.09	22732.09	22698.09	22713.59	799	0	163
2025.03.27	01:00:00	22684.26	22712.46	22630.16	22651.76	3515	0	339
2025.03.27	02:00:00	22651.76	22689.96	22645.26	22678.06	2003	0	329
2025.03.27	03:00:00	22677.76	22693.26	22638.16	22668.26	1190	0	309
2025.03.27	04:00:00	22668.26	22688.76	22646.66	22658.76	771	0	309
2025.03.27	05:00:00	22659.26	22683.66	22659.26	22663.46	475	0	309
2025.03.27	06:00:00	22664.46	22686.86	22655.36	22682.46	421	0	309
2025.03.27	07:00:00	22682.96	22698.96	22679.36	22683.36	296	0	309
2025.03.27	08:00:00	22680.36	22682.46	22652.16	22652.66	415	0	309
2025.03.27	09:00:00	22653.16	22681.66	22612.66	22632.16	908	0	339
2025.03.27	10:00:00	22629.66	22654.16	22545.86	22575.86	2537	0	249
2025.03.27	11:00:00	22577.86	22636.86	22466.36	22629.36	7112	0	149
2025.03.27	12:00:00	22630.86	22707.86	22603.86	22696.86	4240	0	149
2025.03.27	13:00:00	22697.36	22724.86	22628.86	22646.36	3817	0	149
2025.03.27	14:00:00	22646.36	22672.86	22600.36	22638.86	3386	0	139
2025.03.27	15:00:00	22638.36	22650.36	22565.86	22567.36	3726	0	139
2025.03.27	16:00:00	22566.86	22660.86	22520.86	22645.36	6168	0	149
2025.03.27	17:00:00	22643.36	22707.36	22616.36	22707.36	6667	0	149
2025.03.27	18:00:00	22711.36	22741.36	22643.86	22651.36	5126	0	139
2025.03.27	19:00:00	22651.36	22679.86	22612.36	22613.36	4820	0	139
2025.03.27	20:00:00	22613.86	22662.86	22609.86	22648.36	4480	0	249
2025.03.27	21:00:00	22647.86	22687.36	22641.86	22651.86	3970	0	219
2025.03.27	22:00:00	22652.36	22700.36	22646.86	22654.36	4286	0	249
2025.03.27	23:00:00	22654.86	22668.29	22652.79	22667.29	751	0	163
2025.03.28	01:00:00	22666.16	22671.56	22653.66	22659.06	873	0	319
2025.03.28	02:00:00	22659.06	22664.86	22630.76	22649.86	1707	0	319
2025.03.28	03:00:00	22649.86	22664.56	22624.36	22655.06	923	0	309
2025.03.28	04:00:00	22657.06	22680.16	22640.86	22641.86	493	0	309
2025.03.28	05:00:00	22640.86	22652.96	22631.56	22633.26	485	0	309
2025.03.28	06:00:00	22633.76	22640.76	22615.06	22629.56	242	0	309
2025.03.28	07:00:00	22628.06	22628.66	22611.06	22618.66	346	0	309
2025.03.28	08:00:00	22618.16	22634.46	22595.46	22607.06	511	0	309
2025.03.28	09:00:00	22606.56	22649.86	22535.36	22537.36	807	0	339
2025.03.28	10:00:00	22538.36	22605.56	22515.56	22521.06	2216	0	249
2025.03.28	11:00:00	22521.06	22610.36	22503.06	22599.36	5781	0	149
2025.03.28	12:00:00	22604.36	22622.36	22432.46	22461.46	4434	0	139
2025.03.28	13:00:00	22463.96	22596.46	22458.96	22521.96	4078	0	149
2025.03.28	14:00:00	22522.46	22585.46	22506.46	22576.96	2902	0	139
2025.03.28	15:00:00	22576.96	22593.46	22466.96	22487.96	3906	0	139
2025.03.28	16:00:00	22489.96	22597.46	22445.96	22469.96	7837	0	149
2025.03.28	17:00:00	22464.46	22503.46	22395.46	22404.96	8417	0	149
2025.03.28	18:00:00	22403.96	22565.96	22373.46	22466.96	6744	0	149
2025.03.28	19:00:00	22465.96	22514.46	22446.96	22458.96	5597	0	149
2025.03.28	20:00:00	22457.46	22482.46	22422.96	22482.46	4976	0	249
2025.03.28	21:00:00	22481.96	22501.46	22472.46	22492.46	3900	0	239
2025.03.28	22:00:00	22492.46	22503.96	22458.96	22488.96	3314	0	239
2025.03.31	01:00:00	22401.56	22442.56	22396.16	22433.06	2591	0	329
2025.03.31	02:00:00	22433.06	22433.66	22389.26	22428.36	3404	0	329
2025.03.31	03:00:00	22427.86	22429.46	22307.26	22325.96	2339	0	349
2025.03.31	04:00:00	22326.96	22375.76	22326.96	22343.76	848	0	349
2025.03.31	05:00:00	22344.76	22344.76	22317.96	22327.06	476	0	319
2025.03.31	06:00:00	22327.06	22329.56	22305.66	22311.36	492	0	319
2025.03.31	07:00:00	22310.86	22344.16	22305.56	22312.26	427	0	319
2025.03.31	08:00:00	22312.26	22318.66	22234.06	22234.06	858	0	349
2025.03.31	09:00:00	22234.56	22301.26	22201.26	22276.26	2951	0	249
2025.03.31	10:00:00	22273.76	22290.26	22155.76	22287.76	7305	0	149
2025.03.31	11:00:00	22287.76	22319.26	22187.76	22220.76	5098	0	149
2025.03.31	12:00:00	22220.26	22234.76	22107.76	22125.26	4074	0	149
2025.03.31	13:00:00	22125.76	22138.76	21987.26	21994.26	4182	0	149
2025.03.31	14:00:00	21999.26	22067.76	21982.26	22044.76	4213	0	139
2025.03.31	15:00:00	22044.76	22092.76	21971.76	22077.76	4161	0	139
2025.03.31	16:00:00	22077.76	22134.26	22015.26	22110.76	6381	0	149
2025.03.31	17:00:00	22110.26	22164.26	22064.76	22115.76	7536	0	149
2025.03.31	18:00:00	22117.76	22207.76	22117.76	22189.26	5903	0	149
2025.03.31	19:00:00	22191.26	22215.76	22135.76	22181.26	4267	0	249
2025.03.31	20:00:00	22180.76	22236.76	22177.26	22196.76	3220	0	249
2025.03.31	21:00:00	22197.26	22289.26	22193.76	22263.26	3562	0	249
2025.03.31	22:00:00	22263.26	22338.76	22261.76	22295.76	4258	0	249
2025.03.31	23:00:00	22295.69	22295.69	22234.69	22270.89	3116	0	263
2025.04.01	01:00:00	22258.76	22269.96	22205.76	22253.16	2658	0	329
2025.04.01	02:00:00	22253.16	22274.76	22231.06	22246.86	2999	0	349
2025.04.01	03:00:00	22246.66	22277.26	22217.26	22234.36	2182	0	359
2025.04.01	04:00:00	22231.36	22274.86	22221.76	22259.96	752	0	339
2025.04.01	05:00:00	22259.96	22291.86	22254.26	22283.46	496	0	329
2025.04.01	06:00:00	22283.46	22289.36	22257.86	22258.56	519	0	319
2025.04.01	07:00:00	22257.56	22271.26	22228.26	22264.86	546	0	329
2025.04.01	08:00:00	22265.36	22291.76	22249.26	22251.26	767	0	359
2025.04.01	09:00:00	22251.76	22320.96	22231.96	22311.46	2453	0	229
2025.04.01	10:00:00	22310.96	22405.96	22289.96	22331.86	5418	0	149
2025.04.01	11:00:00	22327.86	22455.46	22306.36	22450.96	4197	0	149
2025.04.01	12:00:00	22451.96	22533.46	22440.46	22503.96	3353	0	139
2025.04.01	13:00:00	22503.96	22507.96	22340.96	22395.96	5301	0	139
2025.04.01	14:00:00	22395.96	22415.46	22300.96	22405.46	4435	0	149
2025.04.01	15:00:00	22405.96	22471.96	22382.96	22424.96	4092	0	139
2025.04.01	16:00:00	22424.46	22461.96	22352.46	22403.80	6273	0	139
2025.04.01	17:00:00	22369.30	22503.16	22313.46	22495.66	8557	0	149
2025.04.01	18:00:00	22492.66	22575.16	22488.66	22529.66	6096	0	139
2025.04.01	19:00:00	22530.16	22552.16	22442.16	22492.16	4620	0	249
2025.04.01	20:00:00	22492.16	22500.16	22452.66	22455.66	3831	0	249
2025.04.01	21:00:00	22455.16	22460.66	22400.66	22432.66	4282	0	249
2025.04.01	22:00:00	22431.66	22513.16	22426.16	22509.16	3670	0	219
2025.04.01	23:00:00	22509.16	22520.09	22470.69	22491.89	3370	0	249
2025.04.02	01:00:00	22514.46	22583.16	22514.46	22529.06	1985	0	329
2025.04.02	02:00:00	22529.06	22550.06	22516.06	22524.76	2074	0	329
2025.04.02	03:00:00	22524.76	22526.96	22468.26	22470.86	2007	0	339
2025.04.02	04:00:00	22470.86	22503.66	22468.26	22497.26	786	0	349
2025.04.02	05:00:00	22499.76	22514.66	22481.86	22496.56	504	0	309
2025.04.02	06:00:00	22497.06	22501.46	22477.76	22491.96	385	0	309
2025.04.02	07:00:00	22492.46	22500.36	22486.26	22496.46	305	0	309
2025.04.02	08:00:00	22497.46	22509.66	22472.66	22481.66	509	0	319
2025.04.02	09:00:00	22481.16	22481.16	22400.36	22413.86	1705	0	169
2025.04.02	10:00:00	22414.36	22494.86	22252.36	22292.36	6034	0	149
2025.04.02	11:00:00	22295.86	22338.86	22184.36	22298.36	4567	0	149
2025.04.02	12:00:00	22297.36	22360.86	22279.36	22307.86	3201	0	139
2025.04.02	13:00:00	22307.86	22319.36	22225.36	22235.36	3973	0	139
2025.04.02	14:00:00	22239.36	22270.36	22177.86	22207.36	3337	0	139
2025.04.02	15:00:00	22208.86	22219.86	22139.36	22192.66	4549	0	149
2025.04.02	16:00:00	22192.66	22289.66	22164.66	22239.66	6814	0	139
2025.04.02	17:00:00	22238.66	22376.16	22231.66	22363.66	7358	0	149
2025.04.02	18:00:00	22362.66	22409.66	22327.16	22359.16	6085	0	139
2025.04.02	19:00:00	22358.66	22426.66	22354.16	22417.16	4679	0	249
2025.04.02	20:00:00	22416.66	22463.16	22348.16	22377.16	4285	0	249
2025.04.02	21:00:00	22378.16	22400.66	22312.16	22316.66	4935	0	249
2025.04.02	22:00:00	22317.16	22430.66	22317.16	22421.16	3532	0	249
2025.04.02	23:00:00	22420.16	22663.29	21857.69	21996.89	11618	0	249
2025.04.03	01:00:00	21738.86	21803.66	21571.96	21769.16	4235	0	369
2025.04.03	02:00:00	21769.16	21769.16	21669.66	21717.46	4422	0	369
2025.04.03	03:00:00	21721.46	22064.66	21716.66	21814.16	3631	0	369
2025.04.03	04:00:00	21815.16	21972.66	21815.16	21941.66	1132	0	389
2025.04.03	05:00:00	21942.16	22007.66	21938.66	21993.66	673	0	389
2025.04.03	06:00:00	21991.66	21999.66	21914.16	21945.66	967	0	369
2025.04.03	07:00:00	21946.16	22013.16	21922.66	21945.66	917	0	369
2025.04.03	08:00:00	21946.66	21978.66	21827.16	21837.16	1115	0	379
2025.04.03	09:00:00	21838.16	22037.86	21827.86	21876.36	2708	0	249
2025.04.03	10:00:00	21878.86	22080.86	21801.36	22024.86	6586	0	149
2025.04.03	11:00:00	22025.86	22149.86	21999.86	22114.36	4725	0	149
2025.04.03	12:00:00	22112.36	22123.86	21948.86	21952.86	4762	0	149
2025.04.03	13:00:00	21952.86	21985.36	21816.36	21837.86	5613	0	149
2025.04.03	14:00:00	21839.86	21901.36	21811.36	21867.86	4445	0	149
2025.04.03	15:00:00	21865.36	21973.36	21836.86	21865.36	4961	0	149
2025.04.03	16:00:00	21864.36	21945.86	21810.86	21857.70	7513	0	149
2025.04.03	17:00:00	21837.70	21865.20	21696.36	21704.86	8369	0	149
2025.04.03	18:00:00	21701.36	21767.86	21661.86	21756.86	8000	0	149
2025.04.03	19:00:00	21756.36	21862.36	21753.86	21780.36	6395	0	249
2025.04.03	20:00:00	21781.86	21810.36	21731.86	21765.86	4466	0	249
2025.04.03	21:00:00	21766.36	21783.86	21717.36	21766.86	4847	0	249
2025.04.03	22:00:00	21764.36	21775.36	21628.86	21647.86	4540	0	249
2025.04.03	23:00:00	21647.86	21662.49	21578.29	21596.49	5267	0	249
2025.04.04	01:00:00	21638.96	21640.06	21568.26	21610.76	2626	0	349
2025.04.04	02:00:00	21612.06	21649.96	21586.66	21623.46	3677	0	349
2025.04.04	03:00:00	21623.76	21682.86	21619.96	21648.86	2571	0	369
2025.04.04	04:00:00	21651.36	21685.86	21612.36	21614.86	793	0	379
2025.04.04	05:00:00	21616.86	21659.36	21599.36	21601.46	606	0	349
2025.04.04	06:00:00	21600.46	21604.86	21531.86	21573.36	698	0	329
2025.04.04	07:00:00	21572.86	21594.36	21515.86	21531.36	815	0	379
2025.04.04	08:00:00	21530.36	21664.36	21519.36	21663.36	1277	0	389
2025.04.04	09:00:00	21659.86	21701.06	21581.56	21589.56	1890	0	249
2025.04.04	10:00:00	21588.06	21646.56	21373.06	21389.56	9602	0	149
2025.04.04	11:00:00	21388.06	21399.06	21243.56	21293.06	6261	0	149
2025.04.04	12:00:00	21301.56	21321.56	21142.56	21184.06	5495	0	149
2025.04.04	13:00:00	21186.56	21210.06	20525.56	20613.56	7152	0	149
2025.04.04	14:00:00	20619.56	20871.56	20424.56	20866.56	4543	0	149
2025.04.04	15:00:00	20848.06	20979.56	20740.56	20868.06	3408	0	149
2025.04.04	16:00:00	20868.56	21070.56	20727.56	20822.06	8955	0	149
2025.04.04	17:00:00	20821.56	20828.56	20431.56	20599.96	10217	0	149
2025.04.04	18:00:00	20597.46	20818.46	20527.46	20541.46	8070	0	149
2025.04.04	19:00:00	20541.96	20631.96	20427.96	20495.96	4078	0	249
2025.04.04	20:00:00	20496.46	20631.96	20423.96	20617.46	3584	0	249
2025.04.04	21:00:00	20622.96	20642.96	20408.96	20458.96	3678	0	249
2025.04.04	22:00:00	20458.46	20543.46	20432.96	20438.46	3678	0	249
2025.04.07	01:00:00	19578.46	19749.76	19325.46	19562.26	7552	0	369
2025.04.07	02:00:00	19562.26	19683.06	19421.76	19633.06	7388	0	369
2025.04.07	03:00:00	19638.66	19800.56	19561.76	19800.56	3755	0	369
2025.04.07	04:00:00	19800.56	20102.56	19790.06	20034.56	1249	0	389
2025.04.07	05:00:00	20035.06	20050.06	19900.56	19991.06	837	0	389
2025.04.07	06:00:00	19990.56	19990.56	19793.06	19903.56	612	0	389
2025.04.07	07:00:00	19903.56	19940.56	19727.06	19773.56	611	0	389
2025.04.07	08:00:00	19775.06	19926.06	19659.06	19695.56	1554	0	389
2025.04.07	09:00:00	19695.56	19863.26	19230.26	19230.26	2306	0	249
2025.04.07	10:00:00	19231.26	19412.26	18813.26	19404.26	4195	0	149
2025.04.07	11:00:00	19401.26	19560.26	19268.26	19374.26	1851	0	149
2025.04.07	12:00:00	19374.26	19619.26	19264.26	19495.26	1644	0	149
2025.04.07	13:00:00	19511.26	19937.26	19492.26	19695.26	1629	0	149
2025.04.07	14:00:00	19700.26	19907.26	19571.26	19661.26	1248	0	149
2025.04.07	15:00:00	19664.26	20019.96	19588.26	19942.46	1197	0	149
2025.04.07	16:00:00	19942.46	19947.46	19540.46	19941.46	1532	0	149
2025.04.07	17:00:00	19939.46	20824.39	19816.39	20147.39	1070	0	149
2025.04.07	18:00:00	20154.39	20246.39	19673.39	19805.89	1746	0	163
2025.04.07	19:00:00	19795.39	19871.89	19652.39	19743.39	580	0	263
2025.04.07	20:00:00	19828.39	20115.89	19772.39	20110.39	658	0	263
2025.04.07	21:00:00	20114.89	20126.39	19880.39	19895.39	382	0	263
2025.04.07	22:00:00	19892.89	19973.39	19865.39	19876.39	534	0	263
2025.04.07	23:00:00	19870.89	20065.19	19870.89	19958.09	5901	0	263
2025.04.08	01:00:00	19976.86	20044.96	19976.06	20044.96	1654	0	339
2025.04.08	02:00:00	20044.89	20084.89	20030.99	20051.19	2827	0	363
2025.04.08	03:00:00	20049.69	20199.19	20026.49	20039.69	2399	0	383
2025.04.08	04:00:00	20038.69	20305.19	19982.19	20298.69	1436	0	403
2025.04.08	05:00:00	20298.19	20311.69	20228.69	20261.19	533	0	383
2025.04.08	06:00:00	20261.19	20261.19	20131.69	20163.79	610	0	393
2025.04.08	07:00:00	20164.29	20210.19	20074.69	20151.19	641	0	393
2025.04.08	08:00:00	20149.69	20244.69	20054.69	20223.19	969	0	403
2025.04.08	09:00:00	20223.69	20225.19	19966.89	20083.89	1529	0	263
2025.04.08	10:00:00	20079.39	20177.46	19866.89	20060.16	5521	0	149
2025.04.08	11:00:00	20060.16	20111.66	19882.16	20099.66	2895	0	149
2025.04.08	12:00:00	20097.16	20131.16	19942.16	19952.16	2586	0	149
2025.04.08	13:00:00	19954.16	20092.16	19914.16	20070.66	2620	0	149
2025.04.08	14:00:00	20073.16	20297.16	20071.66	20274.16	3573	0	149
2025.04.08	15:00:00	20274.16	20303.16	20181.16	20265.66	3248	0	149
2025.04.08	16:00:00	20260.16	20457.16	20234.66	20362.16	5588	0	149
2025.04.08	17:00:00	20362.16	20468.66	20295.66	20295.66	7065	0	149
2025.04.08	18:00:00	20297.66	20370.16	20221.66	20310.66	5749	0	149
2025.04.08	19:00:00	20310.16	20336.16	20013.16	20020.66	5596	0	249
2025.04.08	20:00:00	20023.16	20039.66	19790.66	19948.16	4955	0	249
2025.04.08	21:00:00	19949.16	19970.66	19807.16	19820.16	3322	0	249
2025.04.08	22:00:00	19819.66	19824.66	19389.66	19651.66	3382	0	249
2025.04.08	23:00:00	19651.59	19716.09	19558.99	19633.99	5493	0	263
2025.04.09	01:00:00	19532.46	19566.26	19426.46	19527.46	5564	0	369
2025.04.09	02:00:00	19527.46	19527.46	19363.66	19467.96	5403	0	369
2025.04.09	03:00:00	19467.16	19473.96	19302.46	19428.96	3224	0	369
2025.04.09	04:00:00	19429.46	19620.46	19391.46	19620.46	1720	0	389
2025.04.09	05:00:00	19622.46	19731.96	19608.46	19632.96	1204	0	389
2025.04.09	06:00:00	19631.46	19685.46	19499.46	19521.96	1389	0	389
2025.04.09	07:00:00	19520.96	19588.46	19368.46	19442.46	1383	0	389
2025.04.09	08:00:00	19447.46	19531.46	19331.96	19518.46	1485	0	389
2025.04.09	09:00:00	19518.96	19708.16	19507.16	19630.16	1864	0	249
2025.04.09	10:00:00	19632.16	20025.16	19571.16	19893.16	5261	0	149
2025.04.09	11:00:00	19893.16	19928.16	19540.16	19761.16	3854	0	149
2025.04.09	12:00:00	19761.16	19860.66	19642.16	19643.16	2989	0	149
2025.04.09	13:00:00	19644.66	19808.16	19609.16	19662.16	3054	0	149
2025.04.09	14:00:00	19679.16	19680.16	19336.16	19453.16	3948	0	149
2025.04.09	15:00:00	19447.16	19617.16	19373.16	19566.16	2909	0	149
2025.04.09	16:00:00	19565.16	19819.66	19550.16	19781.56	5343	0	149
2025.04.09	17:00:00	19783.56	19887.56	19585.56	19604.36	4379	0	149
2025.04.09	18:00:00	19604.36	19720.86	19588.86	19634.86	5327	0	149
2025.04.09	19:00:00	19635.36	19786.36	19603.36	19755.36	2309	0	249
2025.04.09	20:00:00	19756.36	21229.36	19667.36	21151.36	3208	0	249
2025.04.09	21:00:00	21132.36	21362.36	20970.29	21095.79	2606	0	249
2025.04.09	22:00:00	21031.29	21526.29	21024.29	21401.29	2314	0	263
2025.04.09	23:00:00	21430.59	21492.09	21377.19	21483.99	7686	0	383
2025.04.10	01:00:00	21423.66	21523.36	21422.56	21522.96	3279	0	369
2025.04.10	02:00:00	21521.86	21554.59	21483.99	21506.09	2282	0	369
2025.04.10	03:00:00	21504.79	21504.79	21232.99	21297.99	2107	0	383
2025.04.10	04:00:00	21297.99	21325.99	21244.99	21301.49	1239	0	403
2025.04.10	05:00:00	21302.49	21363.99	21257.99	21304.99	573	0	403
2025.04.10	06:00:00	21302.49	21302.49	21162.49	21227.99	591	0	403
2025.04.10	07:00:00	21224.99	21265.49	21188.49	21243.49	538	0	403
2025.04.10	08:00:00	21242.99	21263.49	21123.99	21200.99	1195	0	403
2025.04.10	09:00:00	21201.99	21375.76	21085.69	21372.76	2015	0	249
2025.04.10	10:00:00	21379.26	21405.76	20850.76	20856.76	4696	0	149
2025.04.10	11:00:00	20857.76	20909.26	20683.26	20757.76	4981	0	149
2025.04.10	12:00:00	20757.76	20803.26	20654.76	20751.76	2391	0	149
2025.04.10	13:00:00	20752.26	20842.76	20691.76	20815.76	2663	0	149
2025.04.10	14:00:00	20815.76	20838.76	20697.76	20761.76	1847	0	149
2025.04.10	15:00:00	20764.76	20767.76	20576.26	20669.76	2981	0	149
2025.04.10	16:00:00	20669.76	20811.26	20572.76	20635.66	5677	0	149
2025.04.10	17:00:00	20636.66	20792.16	20570.66	20635.16	4688	0	149
2025.04.10	18:00:00	20633.16	20754.16	20367.66	20393.66	5444	0	149
2025.04.10	19:00:00	20392.16	20497.16	20150.66	20447.66	4443	0	249
2025.04.10	20:00:00	20447.66	20593.66	20292.16	20574.66	2662	0	249
2025.04.10	21:00:00	20574.16	20729.66	20510.66	20665.66	2235	0	249
2025.04.10	22:00:00	20665.66	20740.76	20495.76	20686.76	2478	0	249
2025.04.10	23:00:00	20682.43	20771.33	20640.43	20668.73	6562	0	395
2025.04.11	01:00:00	20713.06	20775.26	20702.26	20712.56	2913	0	369
2025.04.11	02:00:00	20713.36	20726.66	20553.36	20591.26	4101	0	369
2025.04.11	03:00:00	20588.96	20602.06	20417.06	20508.56	2908	0	369
2025.04.11	04:00:00	20509.06	20642.56	20489.06	20641.56	839	0	389
2025.04.11	05:00:00	20641.56	20707.06	20594.56	20657.56	392	0	319
2025.04.11	06:00:00	20661.56	20761.06	20655.66	20721.56	491	0	339
2025.04.11	07:00:00	20721.06	20766.06	20691.56	20725.56	254	0	359
2025.04.11	08:00:00	20727.56	20841.56	20674.06	20812.06	712	0	389
2025.04.11	09:00:00	20812.56	20909.76	20790.76	20826.26	1631	0	249
2025.04.11	10:00:00	20825.26	20830.26	20468.26	20475.26	3499	0	149
2025.04.11	11:00:00	20471.26	20540.26	20178.26	20254.26	3623	0	149
2025.04.11	12:00:00	20253.26	20431.26	20104.26	20424.26	2904	0	149
2025.04.11	13:00:00	20425.26	20493.76	20320.76	20429.26	2451	0	149
2025.04.11	14:00:00	20429.26	20431.26	20175.26	20266.76	2380	0	149
2025.04.11	15:00:00	20271.26	20408.26	20256.26	20318.26	2734	0	149
2025.04.11	16:00:00	20318.26	20419.26	20176.26	20377.88	4163	0	149
2025.04.11	17:00:00	20377.88	20465.76	20230.26	20347.76	4990	0	149
2025.04.11	18:00:00	20347.76	20491.76	20305.26	20491.26	5837	0	149
2025.04.11	19:00:00	20491.26	20664.76	20464.76	20630.76	3619	0	249
2025.04.11	20:00:00	20630.26	20737.26	20552.26	20724.76	2128	0	249
2025.04.11	21:00:00	20725.76	20732.76	20636.26	20662.76	2746	0	249
2025.04.11	22:00:00	20662.26	20780.76	20661.76	20728.76	1870	0	249
2025.04.14	01:00:00	20828.66	20850.86	20731.86	20754.76	4154	0	369
2025.04.14	02:00:00	20757.86	20844.96	20741.36	20799.26	4984	0	369
2025.04.14	03:00:00	20800.26	20867.16	20777.36	20809.66	1729	0	369
2025.04.14	04:00:00	20809.66	20839.66	20781.16	20810.16	558	0	309
2025.04.14	05:00:00	20810.16	20825.26	20807.86	20824.16	168	0	309
2025.04.14	06:00:00	20824.26	20852.16	20773.66	20808.66	251	0	309
2025.04.14	07:00:00	20808.66	20839.16	20794.66	20820.76	181	0	309
2025.04.14	08:00:00	20821.06	20858.16	20798.16	20798.16	440	0	319
2025.04.14	09:00:00	20798.66	20880.36	20772.66	20872.86	1199	0	229
2025.04.14	10:00:00	20870.36	20881.36	20698.36	20831.36	3070	0	149
2025.04.14	11:00:00	20831.36	20922.86	20807.36	20862.36	1969	0	149
2025.04.14	12:00:00	20864.86	20951.86	20789.86	20845.86	1903	0	149
2025.04.14	13:00:00	20845.86	20898.36	20833.86	20884.36	1357	0	139
2025.04.14	14:00:00	20884.86	20908.36	20814.36	20818.36	1888	0	149
2025.04.14	15:00:00	20818.86	20959.86	20792.86	20947.86	2435	0	139
2025.04.14	16:00:00	20948.36	20956.36	20860.86	20897.36	5611	0	149
2025.04.14	17:00:00	20901.36	21052.96	20896.96	20992.46	6814	0	149
2025.04.14	18:00:00	20992.96	21006.46	20799.46	20812.96	6705	0	149
2025.04.14	19:00:00	20813.96	20895.46	20768.96	20852.46	3400	0	249
2025.04.14	20:00:00	20852.96	20934.46	20844.96	20902.46	2020	0	249
2025.04.14	21:00:00	20900.46	20984.96	20898.96	20975.46	1294	0	249
2025.04.14	22:00:00	20975.46	21026.46	20938.46	20963.96	1935	0	239
2025.04.14	23:00:00	20963.96	20980.63	20847.43	20942.63	6121	0	249
2025.04.15	01:00:00	20935.06	20935.06	20873.06	20881.26	1366	0	349
2025.04.15	02:00:00	20881.26	20918.86	20877.86	20902.86	1131	0	329
2025.04.15	03:00:00	20902.36	20931.16	20863.36	20924.76	1536	0	309
2025.04.15	04:00:00	20924.76	20940.56	20914.56	20925.76	190	0	309
2025.04.15	05:00:00	20926.76	20942.36	20919.06	20936.16	229	0	309
2025.04.15	06:00:00	20938.66	20982.26	20913.46	20980.06	388	0	309
2025.04.15	07:00:00	20981.06	20995.36	20942.86	20974.86	307	0	309
2025.04.15	08:00:00	20974.36	20981.36	20923.86	20934.86	484	0	339
2025.04.15	09:00:00	20935.86	21038.06	20934.86	21032.06	1099	0	149
2025.04.15	10:00:00	21032.56	21230.56	21020.06	21226.56	3301	0	149
2025.04.15	11:00:00	21226.56	21289.56	21148.06	21279.06	3563	0	149
2025.04.15	12:00:00	21278.56	21278.56	21188.06	21212.56	3347	0	149
2025.04.15	13:00:00	21212.06	21252.56	21145.06	21170.06	3113	0	139
2025.04.15	14:00:00	21166.56	21194.56	21104.56	21114.06	3498	0	139
2025.04.15	15:00:00	21114.56	21177.06	21041.06	21162.06	3647	0	149
2025.04.15	16:00:00	21166.06	21292.06	21158.06	21265.06	6276	0	149
2025.04.15	17:00:00	21265.56	21281.86	21137.36	21242.86	7030	0	149
2025.04.15	18:00:00	21241.86	21265.36	21214.86	21238.86	6322	0	149
2025.04.15	19:00:00	21238.86	21322.86	21235.36	21259.86	3956	0	249
2025.04.15	20:00:00	21259.86	21284.36	21225.86	21252.86	2343	0	249
2025.04.15	21:00:00	21252.36	21283.86	21211.86	21274.36	2908	0	249
2025.04.15	22:00:00	21272.86	21299.36	21249.36	21267.86	2268	0	219
2025.04.15	23:00:00	21267.36	21290.83	21244.03	21253.83	2994	0	249
2025.04.16	01:00:00	21144.86	21182.36	21133.26	21166.36	1763	0	339
2025.04.16	02:00:00	21166.36	21170.56	21126.46	21151.06	2095	0	339
2025.04.16	03:00:00	21150.26	21173.76	21131.76	21169.76	2122	0	339
2025.04.16	04:00:00	21170.26	21179.96	21147.26	21161.56	334	0	319
2025.04.16	05:00:00	21162.06	21186.26	21148.36	21165.36	305	0	319
2025.04.16	06:00:00	21164.86	21179.86	21141.26	21142.56	329	0	309
2025.04.16	07:00:00	21144.06	21155.16	21126.86	21151.26	494	0	309
2025.04.16	08:00:00	21151.76	21159.26	20961.76	20964.26	1381	0	389
2025.04.16	09:00:00	20985.26	21107.96	20972.96	21089.46	1635	0	249
2025.04.16	10:00:00	21088.96	21138.96	20988.46	20995.96	2524	0	149
2025.04.16	11:00:00	20996.96	21222.46	20948.96	21104.46	3897	0	149
2025.04.16	12:00:00	21104.46	21162.96	21084.96	21113.46	2663	0	149
2025.04.16	13:00:00	21113.46	21169.46	21109.46	21134.46	2247	0	139
2025.04.16	14:00:00	21133.46	21177.96	21120.96	21176.96	2495	0	139
2025.04.16	15:00:00	21176.46	21227.46	21127.96	21163.46	3064	0	139
2025.04.16	16:00:00	21164.96	21197.46	21099.46	21133.46	5680	0	149
2025.04.16	17:00:00	21133.96	21204.96	21119.96	21199.96	5998	0	149
2025.04.16	18:00:00	21200.96	21313.96	21195.46	21227.96	5353	0	149
2025.04.16	19:00:00	21227.46	21238.96	21185.46	21212.96	4017	0	249
2025.04.16	20:00:00	21212.46	21272.46	21070.46	21075.96	3227	0	249
2025.04.16	21:00:00	21077.96	21154.46	21056.96	21058.96	3315	0	249
2025.04.16	22:00:00	21058.96	21133.96	21010.46	21111.96	4090	0	249
2025.04.16	23:00:00	21111.96	21152.63	21093.53	21105.33	5349	0	349
2025.04.17	01:00:00	21137.76	21138.76	21084.66	21118.66	1431	0	339
2025.04.17	02:00:00	21118.66	21135.36	21067.06	21120.46	3196	0	349
2025.04.17	03:00:00	21120.66	21185.36	21097.46	21185.36	1404	0	329
2025.04.17	04:00:00	21182.86	21222.96	21165.86	21217.46	272	0	309
2025.04.17	05:00:00	21217.46	21269.66	21214.26	21269.66	314	0	309
2025.04.17	06:00:00	21269.66	21324.36	21268.06	21322.86	397	0	309
2025.04.17	07:00:00	21319.36	21319.46	21290.86	21312.86	358	0	309
2025.04.17	08:00:00	21312.36	21339.86	21297.86	21320.86	476	0	339
2025.04.17	09:00:00	21321.36	21412.56	21306.36	21360.06	1388	0	189
2025.04.17	10:00:00	21361.06	21437.56	21236.46	21249.96	3576	0	149
2025.04.17	11:00:00	21248.96	21275.46	21197.46	21230.46	2915	0	149
2025.04.17	12:00:00	21230.96	21289.46	21203.46	21261.96	3421	0	139
2025.04.17	13:00:00	21261.46	21280.46	21142.46	21175.46	3426	0	149
2025.04.17	14:00:00	21177.96	21203.46	21148.46	21189.46	3058	0	139
2025.04.17	15:00:00	21191.46	21295.96	21162.46	21199.46	3047	0	139
2025.04.17	16:00:00	21199.96	21240.46	21154.96	21223.96	6778	0	149
2025.04.17	17:00:00	21224.96	21253.96	21148.46	21148.46	6814	0	149
2025.04.17	18:00:00	21147.46	21234.66	21147.46	21194.16	6185	0	149
2025.04.17	19:00:00	21209.66	21333.66	21195.16	21314.16	3988	0	249
2025.04.17	20:00:00	21313.66	21331.16	21271.76	21298.76	1751	0	249
2025.04.17	21:00:00	21299.76	21336.26	21278.76	21281.76	1861	0	249
2025.04.17	22:00:00	21282.76	21283.26	21194.76	21201.26	2348	0	249
2025.04.17	23:00:00	21200.26	21250.13	21192.83	21240.03	3632	0	375
2025.04.22	03:00:00	21027.66	21058.76	21026.16	21056.76	499	0	309
2025.04.22	04:00:00	21057.76	21117.16	21046.16	21086.66	722	0	329
2025.04.22	05:00:00	21084.16	21094.36	21060.16	21091.76	651	0	319
2025.04.22	06:00:00	21092.26	21116.66	21065.66	21100.66	706	0	349
2025.04.22	07:00:00	21100.16	21102.76	21069.66	21069.66	473	0	309
2025.04.22	08:00:00	21069.66	21101.16	21042.66	21056.66	842	0	369
2025.04.22	09:00:00	21053.16	21187.46	21023.16	21158.96	1945	0	249
2025.04.22	10:00:00	21157.96	21179.46	21070.96	21089.46	4829	0	149
2025.04.22	11:00:00	21091.96	21195.86	21078.96	21181.36	4146	0	149
2025.04.22	12:00:00	21185.36	21195.86	21142.86	21176.86	2816	0	139
2025.04.22	13:00:00	21174.86	21176.36	21090.86	21112.86	2854	0	139
2025.04.22	14:00:00	21114.36	21114.36	21045.86	21076.96	3136	0	139
2025.04.22	15:00:00	21076.96	21125.96	21063.96	21084.36	2924	0	139
2025.04.22	16:00:00	21085.36	21188.56	21081.36	21154.56	5370	0	139
2025.04.22	17:00:00	21154.56	21253.56	21142.06	21250.06	4809	0	139
2025.04.22	18:00:00	21251.06	21384.16	21251.06	21356.16	4682	0	139
2025.04.22	19:00:00	21359.16	21446.66	21357.16	21402.66	5892	0	249
2025.04.22	20:00:00	21403.66	21450.66	21324.16	21330.66	6668	0	249
2025.04.22	21:00:00	21328.66	21479.66	21325.16	21472.66	3720	0	249
2025.04.22	22:00:00	21473.16	21481.66	21422.16	21454.66	4591	0	249
2025.04.22	23:00:00	21455.03	21506.43	21441.63	21457.83	3275	0	275
2025.04.23	01:00:00	21739.96	21765.56	21641.76	21761.66	3898	0	369
2025.04.23	02:00:00	21761.66	21785.36	21708.76	21728.06	2447	0	339
2025.04.23	03:00:00	21727.46	21784.26	21675.76	21755.76	2377	0	349
2025.04.23	04:00:00	21756.26	21808.26	21723.26	21724.76	1320	0	389
2025.04.23	05:00:00	21728.26	21774.76	21714.76	21748.26	870	0	309
2025.04.23	06:00:00	21748.76	21790.76	21721.26	21790.76	944	0	369
2025.04.23	07:00:00	21788.76	21839.26	21788.26	21823.76	798	0	359
2025.04.23	08:00:00	21824.26	21824.26	21739.76	21791.76	1109	0	379
2025.04.23	09:00:00	21792.76	21819.46	21763.46	21813.46	2355	0	249
2025.04.23	10:00:00	21815.46	21842.46	21721.96	21823.46	4915	0	149
2025.04.23	11:00:00	21825.96	21983.46	21812.46	21947.46	3920	0	149
2025.04.23	12:00:00	21947.46	21966.96	21847.96	21884.16	3136	0	139
2025.04.23	13:00:00	21883.16	21885.16	21822.16	21872.16	3165	0	139
2025.04.23	14:00:00	21871.66	21877.66	21774.66	21790.16	3106	0	139
2025.04.23	15:00:00	21792.16	21829.16	21757.66	21809.16	3044	0	139
2025.04.23	16:00:00	21808.16	22068.16	21770.16	21921.16	5014	0	139
2025.04.23	17:00:00	21938.16	22033.16	21875.16	22006.16	2070	0	149
2025.04.23	18:00:00	22008.16	22027.16	21892.66	21949.16	8591	0	149
2025.04.23	19:00:00	21949.66	21953.16	21850.16	21942.16	6585	0	249
2025.04.23	20:00:00	21942.66	21976.16	21902.16	21962.66	4002	0	249
2025.04.23	21:00:00	21963.16	21973.66	21903.16	21908.16	4640	0	249
2025.04.23	22:00:00	21907.16	21936.16	21870.66	21923.16	5867	0	249
2025.04.23	23:00:00	21923.16	22031.03	21905.83	21962.03	4625	0	249
2025.04.24	01:00:00	21894.16	21951.96	21876.16	21944.16	1862	0	339
2025.04.24	02:00:00	21944.16	21975.16	21929.46	21954.86	1467	0	339
2025.04.24	03:00:00	21955.96	21985.36	21942.06	21958.26	1912	0	369
2025.04.24	04:00:00	21958.76	21961.26	21919.26	21920.26	821	0	329
2025.04.24	05:00:00	21919.76	21935.46	21903.26	21907.36	625	0	319
2025.04.24	06:00:00	21907.36	21937.86	21897.76	21928.56	555	0	309
2025.04.24	07:00:00	21928.06	21941.76	21902.86	21932.26	710	0	329
2025.04.24	08:00:00	21931.26	21959.76	21879.76	21902.26	1164	0	379
2025.04.24	09:00:00	21899.76	21912.46	21876.46	21887.96	2467	0	249
2025.04.24	10:00:00	21887.96	21911.96	21749.26	21759.26	7147	0	149
2025.04.24	11:00:00	21760.76	21807.26	21729.76	21801.26	5344	0	149
2025.04.24	12:00:00	21801.76	21885.76	21794.26	21855.76	3590	0	139
2025.04.24	13:00:00	21856.26	21921.76	21856.26	21911.76	4135	0	139
2025.04.24	14:00:00	21914.76	21971.26	21873.26	21907.76	4163	0	139
2025.04.24	15:00:00	21907.26	21931.26	21868.88	21906.76	3788	0	139
2025.04.24	16:00:00	21907.26	21973.26	21892.76	21958.76	6021	0	139
2025.04.24	17:00:00	21960.26	22028.76	21949.76	22022.76	6065	0	139
2025.04.24	18:00:00	22023.26	22089.76	22023.26	22052.26	5102	0	139
2025.04.24	19:00:00	22053.76	22091.76	22031.26	22080.76	4496	0	239
2025.04.24	20:00:00	22080.26	22099.26	22063.26	22089.26	3404	0	239
2025.04.24	21:00:00	22089.26	22121.26	22087.26	22098.66	3040	0	199
2025.04.24	22:00:00	22098.16	22124.66	22072.66	22118.66	3883	0	229
2025.04.24	23:00:00	22119.16	22204.03	22119.16	22141.33	3763	0	249
2025.04.25	01:00:00	22146.66	22203.16	22141.36	22186.26	1156	0	329
2025.04.25	02:00:00	22186.26	22199.66	22171.46	22174.66	846	0	319
2025.04.25	03:00:00	22174.66	22181.46	22128.26	22155.76	1338	0	309
2025.04.25	04:00:00	22155.26	22157.26	22107.26	22132.06	616	0	309
2025.04.25	05:00:00	22132.56	22137.96	22115.96	22130.26	655	0	309
2025.04.25	06:00:00	22130.76	22186.26	22128.76	22163.26	967	0	309
2025.04.25	07:00:00	22164.26	22197.26	22126.76	22130.86	824	0	359
2025.04.25	08:00:00	22131.86	22154.26	22118.76	22136.76	756	0	329
2025.04.25	09:00:00	22139.26	22168.46	22115.46	22146.96	2005	0	209
2025.04.25	10:00:00	22147.46	22220.46	22072.56	22143.76	6562	0	149
2025.04.25	11:00:00	22144.26	22210.26	22112.26	22189.26	4072	0	149
2025.04.25	12:00:00	22190.76	22253.26	22167.26	22246.76	3487	0	139
2025.04.25	13:00:00	22246.76	22328.26	22151.26	22170.26	4652	0	149
2025.04.25	14:00:00	22170.26	22225.16	22166.76	22208.66	3505	0	139
2025.04.25	15:00:00	22208.66	22270.16	22182.16	22225.16	3476	0	139
2025.04.25	16:00:00	22225.66	22277.66	22205.66	22228.66	5871	0	149
2025.04.25	17:00:00	22228.16	22269.16	22195.16	22237.16	6715	0	149
2025.04.25	18:00:00	22236.66	22291.26	22216.66	22290.26	5432	0	139
2025.04.25	19:00:00	22289.76	22330.26	22282.26	22314.46	3651	0	249
2025.04.25	20:00:00	22313.46	22340.46	22243.96	22273.46	4357	0	219
2025.04.25	21:00:00	22272.46	22347.46	22263.46	22330.46	3605	0	249
2025.04.25	22:00:00	22330.96	22347.46	22292.96	22321.46	3140	0	209
2025.04.28	01:00:00	22321.56	22336.76	22291.76	22305.06	1552	0	339
2025.04.28	02:00:00	22305.06	22314.06	22283.36	22302.76	1002	0	329
2025.04.28	03:00:00	22303.06	22331.16	22276.16	22283.66	992	0	349
2025.04.28	04:00:00	22279.16	22301.16	22248.16	22265.66	979	0	309
2025.04.28	05:00:00	22265.66	22302.66	22256.66	22274.66	739	0	309
2025.04.28	06:00:00	22276.16	22284.16	22262.16	22265.66	555	0	309
2025.04.28	07:00:00	22265.66	22289.86	22265.66	22289.76	411	0	309
2025.04.28	08:00:00	22288.26	22299.16	22235.66	22245.66	979	0	349
2025.04.28	09:00:00	22246.16	22321.46	22245.66	22318.96	1969	0	179
2025.04.28	10:00:00	22324.46	22375.96	22298.86	22302.36	5099	0	139
2025.04.28	11:00:00	22300.36	22367.36	22287.86	22366.86	3224	0	139
2025.04.28	12:00:00	22368.36	22444.86	22363.86	22408.86	2829	0	139
2025.04.28	13:00:00	22409.36	22423.86	22348.36	22359.36	2645	0	139
2025.04.28	14:00:00	22359.86	22376.36	22318.86	22373.46	2577	0	129
2025.04.28	15:00:00	22373.96	22407.26	22346.36	22402.26	2974	0	129
2025.04.28	16:00:00	22401.76	22430.26	22386.26	22395.76	4944	0	129
2025.04.28	17:00:00	22396.26	22409.76	22322.26	22327.76	6304	0	139
2025.04.28	18:00:00	22329.76	22338.26	22249.66	22288.66	5471	0	139
2025.04.28	19:00:00	22287.16	22295.66	22250.66	22266.66	4676	0	249
2025.04.28	20:00:00	22265.16	22299.76	22233.66	22297.66	3552	0	219
2025.04.28	21:00:00	22295.66	22321.66	22285.16	22308.66	2817	0	239
2025.04.28	22:00:00	22309.16	22354.66	22304.66	22337.16	3869	0	249
2025.04.28	23:00:00	22337.16	22342.33	22299.23	22302.63	2270	0	345
2025.04.29	01:00:00	22300.06	22311.56	22282.36	22304.96	512	0	299
2025.04.29	02:00:00	22304.96	22346.96	22299.06	22344.16	1345	0	329
2025.04.29	03:00:00	22344.46	22348.86	22318.86	22338.86	1174	0	339
2025.04.29	04:00:00	22337.36	22341.36	22309.36	22323.96	775	0	359
2025.04.29	05:00:00	22323.96	22342.86	22298.86	22315.86	938	0	339
2025.04.29	06:00:00	22316.36	22323.56	22301.86	22317.96	654	0	329
2025.04.29	07:00:00	22317.96	22325.36	22291.86	22305.36	592	0	329
2025.04.29	08:00:00	22305.36	22338.86	22300.36	22319.36	1029	0	349
2025.04.29	09:00:00	22320.36	22366.26	22307.86	22348.36	1640	0	149
2025.04.29	10:00:00	22347.86	22422.16	22347.86	22408.16	5416	0	149
2025.04.29	11:00:00	22404.66	22431.16	22342.66	22415.76	3503	0	139
2025.04.29	12:00:00	22416.26	22440.16	22379.16	22422.76	3116	0	139
2025.04.29	13:00:00	22422.26	22455.76	22373.76	22402.86	3181	0	129
2025.04.29	14:00:00	22402.86	22442.76	22374.36	22438.76	3067	0	139
2025.04.29	15:00:00	22438.26	22448.26	22373.76	22394.76	3797	0	139
2025.04.29	16:00:00	22396.76	22436.26	22315.26	22398.75	6142	0	139
2025.04.29	17:00:00	22398.43	22442.36	22383.76	22440.86	5989	0	139
2025.04.29	18:00:00	22440.36	22453.36	22413.26	22433.26	4322	0	139
2025.04.29	19:00:00	22433.76	22472.26	22409.26	22428.26	4179	0	249
2025.04.29	20:00:00	22429.26	22499.26	22421.26	22493.76	3202	0	199
2025.04.29	21:00:00	22494.26	22508.76	22473.76	22497.86	2828	0	169
2025.04.29	22:00:00	22497.36	22531.76	22490.76	22511.26	3697	0	239
2025.04.29	23:00:00	22511.26	22538.43	22485.23	22499.03	3330	0	249
2025.04.30	01:00:00	22497.86	22519.16	22478.56	22479.96	733	0	309
2025.04.30	02:00:00	22479.96	22482.96	22461.36	22473.16	1243	0	319
2025.04.30	03:00:00	22471.16	22517.46	22468.66	22494.46	1859	0	339
2025.04.30	04:00:00	22492.96	22500.46	22472.46	22474.96	1177	0	349
2025.04.30	05:00:00	22473.96	22492.46	22465.56	22470.56	726	0	309
2025.04.30	06:00:00	22470.06	22477.56	22455.06	22471.26	722	0	319
2025.04.30	07:00:00	22471.26	22500.46	22466.76	22492.96	627	0	319
2025.04.30	08:00:00	22493.46	22495.46	22466.96	22481.96	770	0	329
2025.04.30	09:00:00	22482.46	22506.16	22457.16	22497.66	1694	0	149
2025.04.30	10:00:00	22497.66	22608.16	22492.16	22553.66	5134	0	149
2025.04.30	11:00:00	22547.66	22575.66	22501.66	22504.76	4027	0	139
2025.04.30	12:00:00	22504.26	22564.76	22489.66	22561.66	3062	0	139
2025.04.30	13:00:00	22562.16	22575.26	22525.66	22564.76	2827	0	139
2025.04.30	14:00:00	22565.76	22598.76	22544.26	22562.76	2643	0	129
2025.04.30	15:00:00	22563.26	22563.76	22314.66	22347.96	5879	0	139
2025.04.30	16:00:00	22348.46	22365.46	22230.46	22244.95	7602	0	149
2025.04.30	17:00:00	22244.63	22417.46	22237.95	22412.46	7906	0	149
2025.04.30	18:00:00	22411.96	22489.56	22406.96	22475.06	6949	0	149
2025.04.30	19:00:00	22475.06	22505.56	22457.06	22499.06	5536	0	249
2025.04.30	20:00:00	22498.56	22570.56	22462.56	22554.56	4284	0	249
2025.04.30	21:00:00	22555.06	22627.06	22533.56	22551.06	5467	0	249
2025.04.30	22:00:00	22550.06	22620.06	22547.06	22583.06	4900	0	239
2025.04.30	23:00:00	22582.56	22729.53	22546.43	22702.53	5232	0	249
2025.05.02	03:00:00	22688.06	22771.06	22673.56	22758.06	1504	0	389
2025.05.02	04:00:00	22756.56	22766.56	22726.56	22745.06	1605	0	379
2025.05.02	05:00:00	22744.56	22795.56	22737.56	22788.56	1313	0	379
2025.05.02	06:00:00	22788.06	22802.06	22778.06	22797.66	648	0	309
2025.05.02	07:00:00	22798.66	22832.06	22789.56	22824.06	846	0	369
2025.05.02	08:00:00	22823.56	22824.16	22770.06	22803.16	1037	0	359
2025.05.02	09:00:00	22804.66	22806.06	22719.76	22767.76	2492	0	249
2025.05.02	10:00:00	22767.76	22858.16	22759.76	22826.16	5533	0	149
2025.05.02	11:00:00	22827.16	22864.66	22801.66	22802.66	3876	0	139
2025.05.02	12:00:00	22802.66	22892.66	22791.16	22882.16	3491	0	139
2025.05.02	13:00:00	22884.16	22899.76	22852.66	22874.76	2794	0	129
2025.05.02	14:00:00	22875.26	22920.76	22870.26	22897.26	2608	0	129
2025.05.02	15:00:00	22896.76	23051.16	22873.76	23039.16	3946	0	139
2025.05.02	16:00:00	23040.16	23046.16	22937.66	22971.16	6001	0	139
2025.05.02	17:00:00	22971.16	23079.46	22968.66	23075.46	6082	0	139
2025.05.02	18:00:00	23078.46	23104.36	23022.36	23076.36	4761	0	139
2025.05.02	19:00:00	23077.86	23140.36	23077.86	23117.46	4217	0	249
2025.05.02	20:00:00	23118.46	23134.56	23097.96	23113.66	2916	0	229
2025.05.02	21:00:00	23113.66	23154.16	23112.16	23123.06	2400	0	169
2025.05.02	22:00:00	23123.56	23140.06	23103.56	23108.56	2922	0	239
2025.05.05	01:00:00	23083.56	23089.06	23037.76	23043.56	1956	0	329
2025.05.05	02:00:00	23043.56	23051.46	22980.66	23019.36	2336	0	329
2025.05.05	03:00:00	23019.66	23068.26	23011.66	23058.66	1389	0	349
2025.05.05	04:00:00	23056.66	23071.66	23005.66	23017.16	1100	0	339
2025.05.05	05:00:00	23014.66	23027.66	23001.16	23022.66	794	0	319
2025.05.05	06:00:00	23022.66	23050.16	23009.26	23043.26	709	0	329
2025.05.05	07:00:00	23042.76	23045.36	23012.16	23022.16	629	0	309
2025.05.05	08:00:00	23025.16	23053.16	23024.66	23043.66	867	0	329
2025.05.05	09:00:00	23044.66	23119.36	23041.36	23083.86	1745	0	169
2025.05.05	10:00:00	23085.36	23169.46	23057.36	23158.46	3754	0	139
2025.05.05	11:00:00	23156.96	23211.46	23152.46	23166.46	2670	0	139
2025.05.05	12:00:00	23164.96	23212.96	23149.46	23191.46	2363	0	129
2025.05.05	13:00:00	23191.96	23240.86	23183.96	23230.76	1911	0	129
2025.05.05	14:00:00	23231.26	23249.26	23200.26	23245.36	2060	0	129
2025.05.05	15:00:00	23245.36	23294.56	23242.26	23289.66	2259	0	129
2025.05.05	16:00:00	23287.16	23304.56	23231.56	23282.18	3826	0	129
2025.05.05	17:00:00	23283.68	23352.86	23275.06	23350.86	4657	0	139
2025.05.05	18:00:00	23350.86	23362.96	23323.86	23361.36	3397	0	129
2025.05.05	19:00:00	23361.36	23397.26	23358.86	23372.16	2172	0	149
2025.05.05	20:00:00	23371.66	23390.26	23351.06	23376.26	1871	0	149
2025.05.05	21:00:00	23376.26	23407.36	23375.66	23384.96	1392	0	149
2025.05.05	22:00:00	23383.46	23393.66	23333.86	23343.86	3079	0	159
2025.05.05	23:00:00	23343.86	23353.53	23314.93	23332.03	2224	0	249
2025.05.06	01:00:00	23331.06	23347.26	23323.16	23331.06	387	0	299
2025.05.06	02:00:00	23331.06	23338.36	23322.96	23325.86	970	0	319
2025.05.06	03:00:00	23325.86	23344.76	23298.36	23308.36	1208	0	339
2025.05.06	04:00:00	23308.36	23319.36	23275.86	23288.36	1189	0	319
2025.05.06	05:00:00	23289.86	23298.96	23281.06	23286.96	695	0	329
2025.05.06	06:00:00	23286.96	23319.66	23270.46	23319.66	643	0	319
2025.05.06	07:00:00	23320.66	23324.96	23304.16	23316.06	456	0	309
2025.05.06	08:00:00	23317.06	23319.46	23280.36	23285.86	821	0	329
2025.05.06	09:00:00	23284.86	23397.06	23283.86	23388.06	1839	0	169
2025.05.06	10:00:00	23387.06	23428.06	23238.76	23240.26	4669	0	149
2025.05.06	11:00:00	23239.76	23251.76	23054.26	23067.76	4986	0	149
2025.05.06	12:00:00	23067.76	23071.76	22852.26	23053.76	5020	0	149
2025.05.06	13:00:00	23053.26	23144.26	23010.26	23144.26	3389	0	139
2025.05.06	14:00:00	23143.26	23173.26	23117.76	23162.76	3270	0	139
2025.05.06	15:00:00	23162.76	23227.36	23151.76	23219.36	3085	0	139
2025.05.06	16:00:00	23218.36	23233.36	23129.86	23154.36	4552	0	139
2025.05.06	17:00:00	23151.86	23258.86	23139.36	23222.36	5338	0	139
2025.05.06	18:00:00	23224.36	23266.36	23214.36	23215.86	3881	0	139
2025.05.06	19:00:00	23215.36	23284.86	23204.86	23206.86	4990	0	249
2025.05.06	20:00:00	23208.36	23237.36	23160.36	23162.36	3266	0	239
2025.05.06	21:00:00	23161.36	23217.86	23158.86	23216.26	2605	0	169
2025.05.06	22:00:00	23216.26	23229.46	23184.46	23188.96	2747	0	179
2025.05.06	23:00:00	23187.96	23194.83	23108.63	23149.63	3918	0	249
2025.05.07	01:00:00	23325.36	23404.26	23268.16	23335.16	5116	0	369
2025.05.07	02:00:00	23335.16	23343.96	23299.36	23322.96	3089	0	339
2025.05.07	03:00:00	23322.96	23357.96	23268.46	23326.56	2405	0	359
2025.05.07	04:00:00	23327.06	23361.96	23277.46	23297.06	1009	0	359
2025.05.07	05:00:00	23297.06	23297.06	23232.96	23267.06	945	0	359
2025.05.07	06:00:00	23267.56	23274.66	23255.16	23268.96	596	0	309
2025.05.07	07:00:00	23267.96	23304.06	23267.46	23282.86	541	0	309
2025.05.07	08:00:00	23283.36	23295.56	23262.96	23281.46	787	0	309
2025.05.07	09:00:00	23281.46	23324.66	23254.16	23277.66	1733	0	189
2025.05.07	10:00:00	23275.66	23286.16	23203.96	23253.96	4644	0	139
2025.05.07	11:00:00	23253.96	23300.96	23201.46	23228.96	3108	0	139
2025.05.07	12:00:00	23228.46	23256.96	23199.46	23223.96	2739	0	139
2025.05.07	13:00:00	23223.96	23230.56	23182.96	23201.96	2333	0	129
2025.05.07	14:00:00	23201.96	23241.96	23199.46	23226.06	2176	0	129
2025.05.07	15:00:00	23226.06	23246.46	23130.26	23147.26	2965	0	129
2025.05.07	16:00:00	23147.76	23173.86	23095.76	23159.36	5441	0	139
2025.05.07	17:00:00	23161.36	23199.86	23113.36	23124.36	4515	0	139
2025.05.07	18:00:00	23122.36	23152.36	23101.36	23127.36	5406	0	139
2025.05.07	19:00:00	23127.86	23154.06	23111.06	23147.06	3785	0	219
2025.05.07	20:00:00	23146.56	23156.96	23102.46	23111.96	2990	0	199
2025.05.07	21:00:00	23110.96	23164.46	23041.46	23147.96	6170	0	249
2025.05.07	22:00:00	23147.96	23246.46	23093.46	23173.46	7440	0	249
2025.05.07	23:00:00	23173.46	23207.43	23150.93	23167.63	4359	0	249
2025.05.08	01:00:00	23141.26	23176.36	23140.66	23168.76	690	0	299
2025.05.08	02:00:00	23169.66	23186.86	23160.16	23165.46	1221	0	319
2025.05.08	03:00:00	23166.56	23245.46	23159.46	23228.96	1664	0	309
2025.05.08	04:00:00	23230.46	23267.96	23216.96	23242.46	1923	0	389
2025.05.08	05:00:00	23242.96	23290.16	23242.46	23288.66	935	0	329
2025.05.08	06:00:00	23290.16	23321.96	23287.96	23312.96	872	0	339
2025.05.08	07:00:00	23311.96	23317.96	23289.16	23304.96	766	0	329
2025.05.08	08:00:00	23303.96	23312.96	23259.96	23265.46	992	0	349
2025.05.08	09:00:00	23266.96	23269.26	23227.26	23251.76	1746	0	169
2025.05.08	10:00:00	23262.76	23322.26	23237.76	23266.76	5048	0	149
2025.05.08	11:00:00	23266.26	23362.26	23261.26	23338.26	3533	0	139
2025.05.08	12:00:00	23340.26	23409.26	23332.26	23405.76	2637	0	129
2025.05.08	13:00:00	23407.26	23415.26	23356.76	23383.26	2269	0	129
2025.05.08	14:00:00	23383.26	23407.26	23364.26	23385.26	2367	0	139
2025.05.08	15:00:00	23384.76	23401.76	23232.76	23292.26	3805	0	139
2025.05.08	16:00:00	23288.26	23340.76	23273.26	23287.76	5390	0	139
2025.05.08	17:00:00	23285.26	23346.76	23247.26	23298.76	6278	0	139
2025.05.08	18:00:00	23301.26	23435.76	23274.76	23404.76	6796	0	139
2025.05.08	19:00:00	23404.76	23478.46	23403.76	23468.56	4261	0	209
2025.05.08	20:00:00	23468.06	23472.56	23413.46	23416.96	2939	0	199
2025.05.08	21:00:00	23416.46	23472.56	23413.46	23449.96	2790	0	159
2025.05.08	22:00:00	23448.96	23487.96	23385.96	23393.96	4081	0	229
2025.05.08	23:00:00	23393.36	23419.73	23380.33	23389.93	2719	0	355
2025.05.09	01:00:00	23376.26	23398.16	23374.36	23390.46	718	0	299
2025.05.09	02:00:00	23390.46	23398.06	23360.86	23372.66	1885	0	319
2025.05.09	03:00:00	23371.56	23374.36	23338.76	23360.26	1885	0	349
2025.05.09	04:00:00	23359.76	23413.26	23357.26	23402.06	874	0	329
2025.05.09	05:00:00	23402.06	23436.86	23390.76	23401.26	775	0	329
2025.05.09	06:00:00	23400.26	23425.46	23375.26	23411.26	1080	0	319
2025.05.09	07:00:00	23412.76	23440.86	23407.76	23430.26	630	0	329
2025.05.09	08:00:00	23429.26	23447.76	23411.76	23442.76	872	0	329
2025.05.09	09:00:00	23442.26	23483.36	23436.16	23462.46	1594	0	149
2025.05.09	10:00:00	23460.46	23529.36	23453.96	23481.36	4405	0	139
2025.05.09	11:00:00	23482.36	23495.36	23440.36	23446.86	2722	0	139
2025.05.09	12:00:00	23446.86	23503.36	23444.86	23482.16	2264	0	129
2025.05.09	13:00:00	23483.16	23518.26	23472.66	23516.06	1807	0	129
2025.05.09	14:00:00	23514.06	23514.56	23425.46	23469.46	3286	0	129
2025.05.09	15:00:00	23469.46	23536.46	23466.46	23508.56	2375	0	129
2025.05.09	16:00:00	23508.06	23545.06	23487.96	23537.46	3461	0	129
2025.05.09	17:00:00	23538.96	23539.96	23454.46	23500.96	4620	0	129
2025.05.09	18:00:00	23501.96	23516.46	23470.96	23512.96	4118	0	139
2025.05.09	19:00:00	23511.96	23514.46	23457.46	23467.96	3648	0	229
2025.05.09	20:00:00	23467.96	23522.66	23454.96	23519.16	2635	0	169
2025.05.09	21:00:00	23518.16	23520.16	23492.56	23511.96	2249	0	149
2025.05.09	22:00:00	23512.46	23525.66	23485.46	23493.96	2351	0	149
2025.05.12	01:00:00	23726.16	23752.36	23691.76	23702.16	3300	0	359
2025.05.12	02:00:00	23702.16	23751.96	23697.56	23721.66	3085	0	349
2025.05.12	03:00:00	23721.96	23736.56	23659.66	23674.26	2095	0	349
2025.05.12	04:00:00	23673.76	23700.66	23661.16	23690.86	792	0	339
2025.05.12	05:00:00	23689.86	23699.76	23661.76	23661.76	660	0	319
2025.05.12	06:00:00	23662.26	23674.86	23641.76	23670.36	703	0	309
2025.05.12	07:00:00	23670.86	23694.16	23668.76	23685.66	691	0	319
2025.05.12	08:00:00	23688.16	23735.16	23682.66	23735.16	927	0	349
2025.05.12	09:00:00	23739.66	23763.86	23705.96	23706.96	2107	0	149
2025.05.12	10:00:00	23702.46	23924.46	23688.96	23723.96	8405	0	139
2025.05.12	11:00:00	23723.46	23772.36	23616.36	23731.86	5948	0	149
2025.05.12	12:00:00	23733.36	23800.36	23711.36	23757.86	3895	0	149
2025.05.12	13:00:00	23758.36	23763.36	23635.76	23655.76	3965	0	139
2025.05.12	14:00:00	23655.26	23668.26	23562.76	23626.26	4111	0	139
2025.05.12	15:00:00	23626.26	23678.66	23593.66	23598.16	3199	0	139
2025.05.12	16:00:00	23597.66	23614.16	23446.66	23481.36	6574	0	139
2025.05.12	17:00:00	23480.36	23544.66	23354.16	23514.66	6935	0	149
2025.05.12	18:00:00	23520.16	23571.66	23501.16	23501.16	4830	0	149
2025.05.12	19:00:00	23501.66	23588.66	23498.66	23584.16	2883	0	219
2025.05.12	20:00:00	23585.16	23616.66	23585.16	23597.76	2457	0	169
2025.05.12	21:00:00	23598.76	23632.36	23596.26	23605.26	2032	0	169
2025.05.12	22:00:00	23605.76	23653.66	23593.66	23648.66	2696	0	189
2025.05.12	23:00:00	23649.16	23687.53	23638.63	23646.63	2747	0	249
2025.05.13	01:00:00	23650.36	23655.36	23625.06	23631.96	1282	0	319
2025.05.13	02:00:00	23631.96	23659.16	23614.86	23614.86	1481	0	319
2025.05.13	03:00:00	23614.86	23618.76	23580.26	23584.86	2141	0	339
2025.05.13	04:00:00	23584.36	23605.26	23576.26	23601.36	1171	0	359
2025.05.13	05:00:00	23600.86	23617.26	23526.26	23543.86	833	0	349
2025.05.13	06:00:00	23544.86	23556.96	23528.76	23540.86	778	0	349
2025.05.13	07:00:00	23541.36	23555.96	23486.26	23526.26	928	0	309
2025.05.13	08:00:00	23526.26	23578.76	23521.76	23569.26	1016	0	379
2025.05.13	09:00:00	23569.76	23648.06	23569.76	23608.46	1767	0	169
2025.05.13	10:00:00	23608.46	23630.06	23555.46	23567.96	5061	0	139
2025.05.13	11:00:00	23567.96	23603.46	23538.96	23559.06	3044	0	129
2025.05.13	12:00:00	23561.06	23590.36	23550.06	23589.86	2278	0	129
2025.05.13	13:00:00	23590.36	23612.36	23564.36	23574.36	2212	0	129
2025.05.13	14:00:00	23576.86	23613.36	23567.36	23577.36	2115	0	129
2025.05.13	15:00:00	23576.36	23626.66	23550.36	23587.76	3095	0	139
2025.05.13	16:00:00	23587.76	23622.26	23565.16	23606.66	4253	0	139
2025.05.13	17:00:00	23607.66	23653.16	23588.76	23627.26	4294	0	139
2025.05.13	18:00:00	23626.76	23655.66	23603.76	23608.26	3172	0	129
2025.05.13	19:00:00	23608.26	23630.46	23593.66	23619.06	2400	0	169
2025.05.13	20:00:00	23619.06	23643.06	23612.46	23616.96	1967	0	149
2025.05.13	21:00:00	23616.96	23625.96	23604.56	23624.56	2226	0	149
2025.05.13	22:00:00	23624.06	23634.66	23580.66	23583.66	2300	0	149
2025.05.13	23:00:00	23584.16	23592.13	23573.23	23581.13	2358	0	249
2025.05.14	01:00:00	23578.76	23597.76	23573.96	23592.06	859	0	309
2025.05.14	02:00:00	23592.06	23611.16	23583.86	23604.36	1448	0	319
2025.05.14	03:00:00	23603.76	23606.36	23558.96	23562.06	1654	0	319
2025.05.14	04:00:00	23561.56	23562.06	23522.86	23543.56	976	0	329
2025.05.14	05:00:00	23543.06	23547.26	23526.46	23545.76	684	0	309
2025.05.14	06:00:00	23545.76	23561.06	23544.76	23560.66	679	0	309
2025.05.14	07:00:00	23561.16	23594.96	23553.46	23579.96	767	0	309
2025.05.14	08:00:00	23578.96	23614.86	23570.86	23603.06	976	0	349
2025.05.14	09:00:00	23603.56	23646.06	23588.66	23639.86	1618	0	149
2025.05.14	10:00:00	23643.36	23700.16	23579.76	23626.76	4645	0	139
2025.05.14	11:00:00	23628.26	23629.76	23546.36	23546.86	3444	0	139
2025.05.14	12:00:00	23546.86	23553.36	23438.76	23519.36	3397	0	139
2025.05.14	13:00:00	23519.36	23531.86	23489.86	23522.36	2118	0	129
2025.05.14	14:00:00	23521.36	23568.36	23521.36	23552.36	2345	0	129
2025.05.14	15:00:00	23551.86	23617.86	23537.26	23596.86	2878	0	129
2025.05.14	16:00:00	23598.36	23606.86	23510.16	23545.76	4172	0	129
2025.05.14	17:00:00	23542.26	23566.66	23513.66	23548.26	4652	0	139
2025.05.14	18:00:00	23550.76	23550.76	23482.26	23515.36	3382	0	139
2025.05.14	19:00:00	23514.86	23528.96	23491.16	23497.06	2490	0	149
2025.05.14	20:00:00	23498.06	23498.06	23449.66	23484.56	2792	0	169
2025.05.14	21:00:00	23485.06	23496.66	23468.66	23477.16	2620	0	149
2025.05.14	22:00:00	23477.66	23498.16	23462.16	23493.16	2792	0	149
2025.05.14	23:00:00	23493.16	23503.63	23482.33	23486.33	2377	0	249
2025.05.15	01:00:00	23463.56	23470.36	23454.26	23463.26	862	0	309
2025.05.15	02:00:00	23463.46	23464.06	23428.86	23447.06	2412	0	319
2025.05.15	03:00:00	23446.46	23480.86	23442.56	23455.36	1125	0	319
2025.05.15	04:00:00	23456.36	23477.36	23455.36	23467.56	773	0	309
2025.05.15	05:00:00	23467.56	23481.56	23452.36	23471.06	529	0	309
2025.05.15	06:00:00	23471.06	23474.46	23450.66	23458.06	532	0	309
2025.05.15	07:00:00	23458.56	23464.26	23445.86	23450.66	530	0	309
2025.05.15	08:00:00	23452.16	23468.66	23403.76	23420.26	1052	0	329
2025.05.15	09:00:00	23420.26	23446.86	23387.06	23387.06	1605	0	149
2025.05.15	10:00:00	23392.56	23465.26	23338.76	23424.76	5392	0	139
2025.05.15	11:00:00	23423.76	23504.36	23419.76	23461.86	3546	0	139
2025.05.15	12:00:00	23461.86	23477.86	23426.26	23476.86	2731	0	129
2025.05.15	13:00:00	23476.36	23527.36	23454.36	23508.36	2036	0	129
2025.05.15	14:00:00	23507.86	23549.36	23505.36	23512.86	1947	0	129
2025.05.15	15:00:00	23512.36	23578.86	23486.36	23543.36	2750	0	129
2025.05.15	16:00:00	23544.36	23604.86	23530.36	23602.26	4086	0	129
2025.05.15	17:00:00	23602.76	23647.26	23583.86	23627.36	4556	0	139
2025.05.15	18:00:00	23627.36	23714.26	23617.36	23698.16	3185	0	129
2025.05.15	19:00:00	23698.66	23723.36	23695.46	23721.56	2189	0	149
2025.05.15	20:00:00	23721.56	23729.66	23699.16	23700.66	1572	0	149
2025.05.15	21:00:00	23700.16	23715.36	23676.86	23706.06	2592	0	149
2025.05.15	22:00:00	23706.56	23727.46	23694.26	23720.16	3293	0	169
2025.05.15	23:00:00	23718.43	23731.33	23713.03	23718.73	2587	0	355
2025.05.16	01:00:00	23717.26	23726.36	23708.26	23712.06	988	0	319
2025.05.16	02:00:00	23712.06	23725.56	23709.36	23721.16	1011	0	309
2025.05.16	03:00:00	23721.46	23737.36	23677.66	23678.16	1268	0	329
2025.05.16	04:00:00	23678.16	23698.16	23669.26	23684.36	920	0	319
2025.05.16	05:00:00	23683.36	23695.46	23675.86	23688.46	619	0	309
2025.05.16	06:00:00	23688.46	23697.36	23682.96	23683.46	390	0	309
2025.05.16	07:00:00	23682.96	23708.86	23681.36	23700.86	482	0	309
2025.05.16	08:00:00	23699.36	23720.76	23690.06	23715.26	637	0	309
2025.05.16	09:00:00	23717.76	23796.46	23717.76	23784.96	1620	0	149
2025.05.16	10:00:00	23782.96	23882.36	23759.36	23876.56	4325	0	139
2025.05.16	11:00:00	23876.06	23888.06	23832.06	23835.56	2547	0	129
2025.05.16	12:00:00	23836.06	23888.56	23826.46	23873.46	2584	0	129
2025.05.16	13:00:00	23873.96	23874.46	23826.56	23838.56	1620	0	129
2025.05.16	14:00:00	23839.06	23862.96	23808.06	23830.06	1822	0	129
2025.05.16	15:00:00	23828.56	23829.56	23704.76	23710.36	2494	0	129
2025.05.16	16:00:00	23710.36	23729.86	23661.46	23726.18	3878	0	129
2025.05.16	17:00:00	23725.94	23738.96	23681.46	23691.06	4433	0	139
2025.05.16	18:00:00	23692.06	23790.56	23691.56	23771.76	2512	0	129
2025.05.16	19:00:00	23772.76	23803.76	23771.36	23790.96	1733	0	149
2025.05.16	20:00:00	23789.96	23818.96	23788.96	23803.96	1447	0	149
2025.05.16	21:00:00	23804.46	23820.46	23795.86	23810.86	1586	0	149
2025.05.16	22:00:00	23811.86	23819.36	23797.36	23806.36	1596	0	149
2025.05.19	01:00:00	23705.76	23742.36	23704.36	23739.86	1502	0	319
2025.05.19	02:00:00	23739.86	23759.96	23728.06	23738.06	1916	0	319
2025.05.19	03:00:00	23738.26	23771.66	23702.46	23766.96	1205	0	309
2025.05.19	04:00:00	23766.46	23769.46	23739.26	23758.66	349	0	309
2025.05.19	05:00:00	23755.66	23776.66	23746.86	23747.86	747	0	319
2025.05.19	06:00:00	23746.86	23750.06	23711.06	23717.76	865	0	319
2025.05.19	07:00:00	23718.26	23734.16	23705.76	23714.26	667	0	319
2025.05.19	08:00:00	23713.26	23741.66	23710.06	23714.76	837	0	329
2025.05.19	09:00:00	23716.26	23749.96	23666.06	23678.76	1847	0	149
2025.05.19	10:00:00	23687.26	23758.76	23684.26	23733.46	4568	0	139
2025.05.19	11:00:00	23733.96	23749.46	23693.96	23701.56	3034	0	129
2025.05.19	12:00:00	23702.56	23729.46	23673.06	23718.06	2455	0	129
2025.05.19	13:00:00	23718.56	23757.06	23707.96	23737.06	2008	0	129
2025.05.19	14:00:00	23738.06	23771.06	23723.06	23767.06	1718	0	129
2025.05.19	15:00:00	23767.06	23784.06	23753.96	23760.06	2098	0	129
2025.05.19	16:00:00	23760.56	23829.46	23726.46	23817.96	4188	0	129
2025.05.19	17:00:00	23817.96	23879.56	23813.46	23867.56	3692	0	129
2025.05.19	18:00:00	23868.56	23960.56	23864.56	23935.16	2806	0	129
2025.05.19	19:00:00	23935.66	23985.36	23935.56	23981.36	2322	0	169
2025.05.19	20:00:00	23980.36	24027.46	23977.36	23996.26	1946	0	159
2025.05.19	21:00:00	23996.76	24013.86	23979.26	24012.86	2031	0	149
2025.05.19	22:00:00	24012.86	24036.86	23994.26	24034.36	2366	0	149
2025.05.19	23:00:00	24034.36	24040.43	24003.53	24040.43	2090	0	249
2025.05.20	01:00:00	24038.36	24049.16	24034.76	24045.76	813	0	299
2025.05.20	02:00:00	24045.76	24074.16	24037.06	24062.36	1640	0	319
2025.05.20	03:00:00	24061.56	24078.56	24016.96	24024.06	1555	0	329
2025.05.20	04:00:00	24022.06	24022.56	23982.16	23997.16	1079	0	329
2025.05.20	05:00:00	23997.66	24012.26	23989.16	24002.16	899	0	319
2025.05.20	06:00:00	24001.66	24009.16	23987.86	23993.36	653	0	309
2025.05.20	07:00:00	23992.86	24000.86	23986.26	23988.66	558	0	309
2025.05.20	08:00:00	23988.16	23990.16	23944.66	23946.16	875	0	309
2025.05.20	09:00:00	23945.16	23986.96	23938.56	23976.06	1444	0	149
2025.05.20	10:00:00	23979.56	24005.16	23896.66	23923.96	3938	0	139
2025.05.20	11:00:00	23923.46	23981.46	23904.96	23977.46	2674	0	129
2025.05.20	12:00:00	23978.46	24031.56	23975.96	24031.56	2120	0	129
2025.05.20	13:00:00	24031.56	24069.06	24020.06	24055.96	2045	0	129
2025.05.20	14:00:00	24060.46	24066.96	24013.46	24056.06	2042	0	129
2025.05.20	15:00:00	24056.06	24071.46	24021.56	24041.96	1866	0	129
2025.05.20	16:00:00	24042.46	24082.46	24037.46	24056.46	3590	0	129
2025.05.20	17:00:00	24056.46	24067.96	24009.16	24009.16	3896	0	129
2025.05.20	18:00:00	24007.66	24062.36	24000.66	24056.86	2760	0	129
2025.05.20	19:00:00	24056.36	24069.56	24033.46	24067.16	2021	0	149
2025.05.20	20:00:00	24067.16	24080.86	24049.96	24057.16	1891	0	149
2025.05.20	21:00:00	24056.66	24060.16	24004.66	24027.86	2991	0	149
2025.05.20	22:00:00	24026.86	24057.66	24000.16	24045.16	2792	0	159
2025.05.20	23:00:00	24045.16	24045.16	24017.13	24030.73	1990	0	249
2025.05.21	01:00:00	24027.26	24027.56	23972.46	24016.26	2511	0	339
2025.05.21	02:00:00	24016.26	24040.16	24014.26	24039.96	1083	0	319
2025.05.21	03:00:00	24041.06	24041.56	24015.86	24032.06	1501	0	339
2025.05.21	04:00:00	24032.06	24051.06	24022.46	24039.46	1139	0	329
2025.05.21	05:00:00	24038.96	24039.46	24012.06	24031.56	926	0	309
2025.05.21	06:00:00	24032.06	24048.46	24029.46	24035.66	817	0	309
2025.05.21	07:00:00	24035.66	24041.16	23999.86	24001.46	910	0	319
2025.05.21	08:00:00	24000.96	24044.36	23999.86	24011.86	1079	0	329
2025.05.21	09:00:00	24012.36	24012.36	23934.36	23940.56	1897	0	149
2025.05.21	10:00:00	23938.56	24043.46	23938.56	24036.96	3312	0	129
2025.05.21	11:00:00	24037.46	24054.46	23956.46	23972.46	2238	0	129
2025.05.21	12:00:00	23973.46	23992.46	23942.96	23944.46	2132	0	129
2025.05.21	13:00:00	23945.96	23957.46	23868.36	23956.96	2275	0	129
2025.05.21	14:00:00	23957.46	24019.46	23956.46	24004.96	2072	0	129
2025.05.21	15:00:00	24004.46	24008.46	23961.96	23993.96	2179	0	129
2025.05.21	16:00:00	23993.96	24067.16	23979.96	24056.16	3598	0	129
2025.05.21	17:00:00	24055.66	24159.06	24054.66	24090.66	4563	0	139
2025.05.21	18:00:00	24090.66	24134.76	24081.66	24115.76	3219	0	129
2025.05.21	19:00:00	24115.26	24131.16	24101.26	24111.96	2392	0	149
2025.05.21	20:00:00	24111.96	24116.26	23876.16	23965.16	8105	0	199
2025.05.21	21:00:00	23965.66	23990.66	23926.16	23929.16	6259	0	249
2025.05.21	22:00:00	23929.66	23950.66	23878.66	23925.16	6034	0	249
2025.05.21	23:00:00	23925.66	23926.23	23894.33	23921.93	4187	0	249
2025.05.22	01:00:00	23931.56	23933.86	23902.86	23920.76	1462	0	319
2025.05.22	02:00:00	23919.66	23944.56	23913.66	23935.56	1610	0	329
2025.05.22	03:00:00	23935.86	23969.96	23913.86	23967.96	1939	0	339
2025.05.22	04:00:00	23967.96	23993.96	23963.86	23968.56	1198	0	339
2025.05.22	05:00:00	23968.56	23989.06	23958.56	23962.56	862	0	319
2025.05.22	06:00:00	23964.06	23992.06	23964.06	23971.96	810	0	319
2025.05.22	07:00:00	23971.46	23983.96	23933.56	23953.46	722	0	309
2025.05.22	08:00:00	23953.46	23986.86	23926.46	23964.86	1051	0	349
2025.05.22	09:00:00	23965.36	24010.36	23945.86	24003.96	1465	0	149
2025.05.22	10:00:00	24002.46	24035.56	23904.06	23928.66	4024	0	129
2025.05.22	11:00:00	23928.66	23978.66	23887.56	23952.66	3165	0	139
2025.05.22	12:00:00	23951.16	23958.66	23904.16	23920.66	2299	0	129
2025.05.22	13:00:00	23920.16	23945.16	23873.66	23899.66	2200	0	129
2025.05.22	14:00:00	23901.16	23939.16	23855.56	23855.56	2920	0	139
2025.05.22	15:00:00	23858.06	23931.86	23838.16	23924.86	3791	0	139
2025.05.22	16:00:00	23925.86	23948.86	23866.76	23904.26	5096	0	139
2025.05.22	17:00:00	23903.76	23979.86	23902.76	23978.86	5635	0	139
2025.05.22	18:00:00	23978.36	24023.96	23977.76	24014.96	4369	0	139
2025.05.22	19:00:00	24014.46	24041.36	23990.96	23996.16	3641	0	199
2025.05.22	20:00:00	23997.16	24066.56	23988.36	24055.86	3050	0	179
2025.05.22	21:00:00	24055.86	24074.76	24048.96	24068.66	2726	0	149
2025.05.22	22:00:00	24068.16	24084.16	24015.86	24029.36	3233	0	159
2025.05.22	23:00:00	24029.36	24046.73	24020.13	24044.63	3130	0	249
2025.05.23	01:00:00	24046.56	24051.16	24004.96	24012.46	1474	0	319
2025.05.23	02:00:00	24012.46	24039.46	24003.86	24030.26	1620	0	329
2025.05.23	03:00:00	24031.96	24070.16	24031.66	24068.46	1522	0	319
2025.05.23	04:00:00	24067.96	24070.06	24044.56	24049.66	1135	0	339
2025.05.23	05:00:00	24049.16	24065.16	24047.76	24051.66	710	0	309
2025.05.23	06:00:00	24052.16	24059.16	24029.36	24036.26	713	0	309
2025.05.23	07:00:00	24035.76	24035.76	24010.46	24017.26	604	0	309
2025.05.23	08:00:00	24016.76	24033.76	23999.06	24008.96	796	0	319
2025.05.23	09:00:00	24013.96	24019.86	23974.56	23999.16	1442	0	149
2025.05.23	10:00:00	23999.16	24127.16	23999.16	24109.66	3399	0	139
2025.05.23	11:00:00	24109.16	24142.66	24089.56	24102.06	2555	0	129
2025.05.23	12:00:00	24100.06	24101.56	24004.86	24069.86	2869	0	129
2025.05.23	13:00:00	24070.36	24087.36	24026.86	24039.36	2013	0	129
2025.05.23	14:00:00	24036.36	24053.36	23464.86	23482.36	5985	0	129
2025.05.23	15:00:00	23482.36	23530.36	23267.86	23486.36	9538	0	149
2025.05.23	16:00:00	23486.86	23611.86	23370.36	23597.86	8519	0	149
2025.05.23	17:00:00	23599.86	23673.86	23563.86	23639.86	7247	0	149
2025.05.23	18:00:00	23642.36	23668.36	23590.36	23597.36	5729	0	149
2025.05.23	19:00:00	23597.36	23635.86	23575.86	23599.16	3940	0	229
2025.05.23	20:00:00	23597.66	23659.66	23589.16	23643.16	2935	0	239
2025.05.23	21:00:00	23642.16	23665.66	23593.16	23601.16	3596	0	229
2025.05.23	22:00:00	23600.66	23617.16	23563.16	23587.66	2834	0	239
2025.05.26	01:00:00	23644.36	23838.56	23636.06	23796.46	2600	0	349
2025.05.26	02:00:00	23796.46	23830.46	23796.46	23811.86	2529	0	329
2025.05.26	03:00:00	23812.36	24004.86	23803.86	23927.36	1905	0	349
2025.05.26	04:00:00	23925.86	23946.46	23901.36	23935.46	708	0	309
2025.05.26	05:00:00	23936.96	23949.86	23899.36	23901.36	872	0	329
2025.05.26	06:00:00	23902.86	23983.46	23900.86	23974.86	613	0	319
2025.05.26	07:00:00	23974.36	24003.36	23959.36	23999.86	630	0	309
2025.05.26	08:00:00	23999.86	24007.46	23936.86	23944.86	783	0	349
2025.05.26	09:00:00	23944.36	24022.06	23938.06	24003.06	2003	0	209
2025.05.26	10:00:00	24005.06	24045.56	23929.56	24008.46	3579	0	139
2025.05.26	11:00:00	24008.46	24031.96	23971.96	23982.46	2273	0	129
2025.05.26	12:00:00	23982.46	24034.46	23979.96	24022.56	1724	0	129
2025.05.26	13:00:00	24023.06	24042.06	24000.06	24016.06	1251	0	129
2025.05.26	14:00:00	24016.06	24045.06	24000.96	24025.86	1044	0	129
2025.05.26	15:00:00	24026.36	24027.36	23956.36	23965.36	1510	0	129
2025.05.26	16:00:00	23967.36	24011.36	23958.36	23989.86	1819	0	129
2025.05.26	17:00:00	23989.86	24013.96	23972.36	24004.96	2093	0	129
2025.05.26	18:00:00	24004.96	24027.36	23967.96	24019.86	1916	0	129
2025.05.26	19:00:00	24019.36	24027.26	24003.66	24008.56	833	0	149
2025.05.26	20:00:00	24007.56	24008.86	23993.86	24005.86	246	0	149
2025.05.26	21:00:00	24005.86	24006.86	24001.86	24004.86	186	0	149
2025.05.26	22:00:00	24004.36	24015.86	23998.86	24007.16	329	0	149
2025.05.27	01:00:00	23980.96	24003.46	23954.16	23961.36	483	0	299
2025.05.27	02:00:00	23961.36	23970.76	23948.96	23958.36	1393	0	319
2025.05.27	03:00:00	23958.36	24003.46	23954.26	24003.06	1589	0	319
2025.05.27	04:00:00	24003.06	24003.06	23965.86	23971.16	1105	0	309
2025.05.27	05:00:00	23970.66	23992.46	23965.56	23980.46	818	0	309
2025.05.27	06:00:00	23980.96	23993.56	23953.36	23958.86	767	0	319
2025.05.27	07:00:00	23957.86	23979.06	23951.86	23976.66	563	0	309
2025.05.27	08:00:00	23976.16	24012.86	23966.76	23999.96	1028	0	309
2025.05.27	09:00:00	23999.96	24036.96	23984.86	24021.96	1338	0	149
2025.05.27	10:00:00	24025.46	24163.46	24017.96	24133.46	3964	0	139
2025.05.27	11:00:00	24133.46	24172.46	24099.46	24165.56	2826	0	129
2025.05.27	12:00:00	24166.06	24233.46	24159.46	24221.46	2455	0	129
2025.05.27	13:00:00	24221.46	24231.46	24187.06	24207.46	2041	0	129
2025.05.27	14:00:00	24206.96	24218.46	24194.96	24204.56	1843	0	129
2025.05.27	15:00:00	24204.06	24220.96	24152.66	24175.16	2321	0	129
2025.05.27	16:00:00	24175.66	24210.06	24159.56	24191.06	4042	0	129
2025.05.27	17:00:00	24191.06	24302.56	24191.06	24264.56	3412	0	139
2025.05.27	18:00:00	24265.56	24275.66	24230.06	24235.36	2609	0	129
2025.05.27	19:00:00	24235.86	24291.36	24235.86	24269.16	2194	0	149
2025.05.27	20:00:00	24269.66	24273.06	24246.76	24263.86	1396	0	149
2025.05.27	21:00:00	24263.86	24267.76	24250.86	24253.36	1154	0	149
2025.05.27	22:00:00	24252.86	24280.86	24249.86	24280.36	1805	0	149
2025.05.27	23:00:00	24280.36	24306.73	24267.93	24298.23	2163	0	239
2025.05.28	01:00:00	24288.86	24296.46	24280.96	24293.86	780	0	319
2025.05.28	02:00:00	24293.36	24309.66	24287.86	24292.86	1109	0	319
2025.05.28	03:00:00	24292.36	24292.36	24249.76	24275.96	1414	0	319
2025.05.28	04:00:00	24276.46	24306.36	24269.76	24302.36	1014	0	309
2025.05.28	05:00:00	24302.36	24305.96	24261.16	24261.66	651	0	309
2025.05.28	06:00:00	24261.16	24279.46	24252.46	24258.06	662	0	309
2025.05.28	07:00:00	24258.06	24263.06	24224.56	24226.16	515	0	309
2025.05.28	08:00:00	24227.16	24243.06	24220.06	24228.46	950	0	309
2025.05.28	09:00:00	24230.96	24254.36	24201.46	24235.26	1245	0	149
2025.05.28	10:00:00	24235.76	24325.56	24231.06	24298.36	3436	0	139
2025.05.28	11:00:00	24297.86	24305.36	24179.36	24180.36	2381	0	129
2025.05.28	12:00:00	24180.86	24199.36	24125.86	24188.36	2666	0	139
2025.05.28	13:00:00	24188.36	24209.86	24157.86	24197.36	2276	0	129
2025.05.28	14:00:00	24200.36	24205.36	24116.36	24135.36	2164	0	129
2025.05.28	15:00:00	24134.86	24141.86	24070.46	24073.96	2235	0	129
2025.05.28	16:00:00	24074.46	24159.46	24071.96	24119.96	4181	0	139
2025.05.28	17:00:00	24121.96	24141.46	24046.46	24068.96	4320	0	139
2025.05.28	18:00:00	24068.46	24105.96	24021.96	24037.96	3364	0	139
2025.05.28	19:00:00	24038.46	24091.56	24037.96	24083.36	2383	0	159
2025.05.28	20:00:00	24083.86	24114.36	24080.36	24095.96	1833	0	149
2025.05.28	21:00:00	24094.96	24111.96	24058.46	24095.46	1964	0	149
2025.05.28	22:00:00	24094.46	24123.46	24055.46	24076.96	3683	0	199
2025.05.28	23:00:00	24076.96	24136.73	24048.03	24131.43	6183	0	249
2025.05.29	01:00:00	24126.06	24206.16	24117.16	24184.36	2562	0	339
2025.05.29	02:00:00	24184.36	24376.26	24184.36	24342.96	10247	0	369
2025.05.29	03:00:00	24343.26	24354.46	24187.26	24263.76	2967	0	369
2025.05.29	04:00:00	24261.76	24317.76	24224.26	24307.26	1009	0	369
2025.05.29	05:00:00	24306.76	24334.36	24290.46	24314.86	897	0	309
2025.05.29	06:00:00	24315.36	24387.26	24311.96	24322.96	825	0	329
2025.05.29	07:00:00	24324.46	24336.06	24297.36	24330.36	758	0	319
2025.05.29	08:00:00	24331.36	24364.86	24305.76	24306.26	806	0	329
2025.05.29	09:00:00	24305.76	24324.76	24242.36	24280.46	1821	0	159
2025.05.29	10:00:00	24280.96	24293.06	24131.46	24233.16	4232	0	139
2025.05.29	11:00:00	24231.66	24235.16	24084.66	24151.66	2596	0	139
2025.05.29	12:00:00	24151.66	24191.66	24134.66	24147.66	2055	0	129
2025.05.29	13:00:00	24148.66	24150.16	24098.16	24123.26	2331	0	129
2025.05.29	14:00:00	24123.26	24148.26	24086.76	24092.26	2088	0	129
2025.05.29	15:00:00	24089.76	24108.16	24013.66	24024.66	3142	0	129
2025.05.29	16:00:00	24024.66	24057.16	23959.66	23982.66	4888	0	139
2025.05.29	17:00:00	23981.16	24007.66	23912.66	23969.16	5948	0	139
2025.05.29	18:00:00	23970.66	23981.66	23852.66	23867.16	4785	0	139
2025.05.29	19:00:00	23867.66	23947.76	23837.66	23940.66	4681	0	199
2025.05.29	20:00:00	23939.16	23961.16	23895.16	23898.16	3665	0	239
2025.05.29	21:00:00	23898.16	23919.66	23883.16	23901.66	3327	0	159
2025.05.29	22:00:00	23902.66	23967.66	23899.66	23949.66	3552	0	189
2025.05.29	23:00:00	23948.66	23958.23	23925.13	23935.33	2395	0	355
2025.05.30	01:00:00	23922.76	23947.76	23908.86	23924.16	1843	0	329
2025.05.30	02:00:00	23924.16	23937.06	23906.06	23906.86	2083	0	329
2025.05.30	03:00:00	23906.36	23956.06	23906.36	23950.16	1897	0	349
2025.05.30	04:00:00	23950.16	23961.06	23896.96	23927.66	1645	0	349
2025.05.30	05:00:00	23928.16	23940.16	23914.86	23921.26	812	0	309
2025.05.30	06:00:00	23920.76	23934.26	23917.66	23925.76	858	0	309
2025.05.30	07:00:00	23926.26	23954.16	23925.76	23953.16	585	0	309
2025.05.30	08:00:00	23953.66	24007.46	23948.66	23987.06	1175	0	339
2025.05.30	09:00:00	23984.56	24027.36	23963.76	23974.66	2131	0	149
2025.05.30	10:00:00	23975.16	24092.26	23953.16	24080.26	4654	0	139
2025.05.30	11:00:00	24080.76	24152.16	24079.76	24118.26	3394	0	129
2025.05.30	12:00:00	24118.76	24181.76	24118.76	24143.36	2580	0	129
2025.05.30	13:00:00	24143.36	24170.86	24126.36	24147.86	2048	0	129
2025.05.30	14:00:00	24148.86	24167.86	24096.86	24106.86	2183	0	129
2025.05.30	15:00:00	24106.86	24150.86	24014.76	24085.36	5732	0	129
2025.05.30	16:00:00	24087.36	24135.86	24035.76	24076.86	5561	0	139
2025.05.30	17:00:00	24086.36	24112.76	23984.76	23995.26	5309	0	139
2025.05.30	18:00:00	23993.26	24058.76	23969.26	24003.26	5626	0	139
2025.05.30	19:00:00	24004.26	24018.26	23881.26	23913.26	6774	0	249
2025.05.30	20:00:00	23914.26	23957.26	23905.76	23931.26	3918	0	239
2025.05.30	21:00:00	23931.26	24017.76	23931.26	24007.36	3981	0	219
2025.05.30	22:00:00	24006.86	24045.36	24003.86	24036.26	3164	0	209
2025.06.02	01:00:00	23989.26	24016.56	23986.06	23991.06	1617	0	329
2025.06.02	02:00:00	23991.56	23992.66	23972.16	23986.96	1675	0	329
2025.06.02	03:00:00	23987.26	24019.56	23981.86	23999.16	1712	0	349
2025.06.02	04:00:00	23999.16	24013.16	23974.66	23980.16	1369	0	339
2025.06.02	05:00:00	23980.66	23994.66	23972.16	23975.26	1063	0	339
2025.06.02	06:00:00	23975.26	23976.26	23942.76	23945.26	990	0	329
2025.06.02	07:00:00	23946.26	23972.26	23944.26	23971.26	657	0	309
2025.06.02	08:00:00	23972.26	23981.26	23922.06	23939.06	1032	0	339
2025.06.02	09:00:00	23938.56	23939.56	23845.76	23856.76	2046	0	169
2025.06.02	10:00:00	23856.26	23990.76	23762.86	23833.36	6605	0	149
2025.06.02	11:00:00	23833.36	23939.36	23828.86	23917.36	4736	0	139
2025.06.02	12:00:00	23919.36	23922.86	23825.86	23862.86	3750	0	139
2025.06.02	13:00:00	23862.86	23894.86	23830.36	23894.36	2914	0	139
2025.06.02	14:00:00	23894.36	23943.86	23876.36	23916.36	2621	0	139
2025.06.02	15:00:00	23918.36	23934.36	23851.86	23886.36	2460	0	129
2025.06.02	16:00:00	23885.86	23913.86	23759.86	23797.51	6721	0	139
2025.06.02	17:00:00	23797.29	23953.86	23733.36	23939.36	8267	0	149
2025.06.02	18:00:00	23939.86	23972.86	23917.36	23952.36	5006	0	139
2025.06.02	19:00:00	23952.36	23972.86	23937.86	23970.56	3680	0	199
2025.06.02	20:00:00	23970.56	23995.36	23967.76	23986.86	2759	0	149
2025.06.02	21:00:00	23986.86	24074.06	23979.36	24070.16	2781	0	149
2025.06.02	22:00:00	24069.66	24084.16	24050.36	24075.36	2820	0	159
2025.06.02	23:00:00	24075.36	24100.83	24073.63	24086.93	2461	0	249
2025.06.03	01:00:00	24072.96	24075.96	24060.06	24060.36	351	0	289
2025.06.03	02:00:00	24060.36	24074.56	24026.26	24039.46	2135	0	319
2025.06.03	03:00:00	24040.56	24056.16	24027.76	24038.56	1304	0	309
2025.06.03	04:00:00	24037.56	24041.56	24016.16	24020.56	688	0	309
2025.06.03	05:00:00	24021.06	24023.46	23978.26	23990.46	531	0	309
2025.06.03	06:00:00	23989.96	23995.06	23969.86	23986.46	521	0	309
2025.06.03	07:00:00	23987.46	23992.86	23978.06	23988.96	270	0	309
2025.06.03	08:00:00	23989.46	24013.96	23984.76	24013.96	490	0	309
2025.06.03	09:00:00	24013.96	24055.26	24009.36	24041.06	1223	0	149
2025.06.03	10:00:00	24041.56	24053.36	23815.36	23879.66	5587	0	139
2025.06.03	11:00:00	23881.66	23946.66	23836.16	23937.66	4162	0	139
2025.06.03	12:00:00	23937.16	23995.16	23915.16	23961.16	3015	0	139
2025.06.03	13:00:00	23962.66	23986.16	23937.16	23973.66	2480	0	139
2025.06.03	14:00:00	23975.66	23979.16	23917.16	23955.76	2651	0	129
2025.06.03	15:00:00	23955.76	23986.46	23930.16	23978.96	2907	0	129
2025.06.03	16:00:00	23985.46	24019.46	23943.96	23988.11	4548	0	129
2025.06.03	17:00:00	23987.39	24038.96	23968.46	24018.96	5297	0	139
2025.06.03	18:00:00	24020.46	24107.46	24018.96	24104.86	3352	0	139
2025.06.03	19:00:00	24104.86	24118.86	24093.66	24115.86	2104	0	149
2025.06.03	20:00:00	24116.36	24132.96	24109.26	24120.26	2047	0	149
2025.06.03	21:00:00	24120.76	24132.46	24096.96	24129.46	2981	0	149
2025.06.03	22:00:00	24128.96	24141.36	24110.06	24133.46	2404	0	149
2025.06.03	23:00:00	24132.83	24135.13	24115.73	24128.33	1904	0	275
2025.06.04	01:00:00	24129.16	24163.66	24127.36	24149.36	595	0	309
2025.06.04	02:00:00	24149.36	24161.06	24139.46	24153.96	1527	0	319
2025.06.04	03:00:00	24153.96	24166.26	24122.36	24131.36	1697	0	339
2025.06.04	04:00:00	24130.86	24143.66	24128.06	24136.66	821	0	319
2025.06.04	05:00:00	24136.16	24140.16	24127.06	24131.26	470	0	309
2025.06.04	06:00:00	24132.26	24151.66	24129.56	24147.66	415	0	309
2025.06.04	07:00:00	24147.66	24157.56	24142.96	24147.66	364	0	309
2025.06.04	08:00:00	24147.16	24192.96	24143.16	24192.96	628	0	309
2025.06.04	09:00:00	24192.96	24247.06	24177.76	24241.06	1731	0	149
2025.06.04	10:00:00	24241.06	24304.06	24206.56	24297.56	4881	0	139
2025.06.04	11:00:00	24296.56	24323.66	24268.06	24300.56	3531	0	139
2025.06.04	12:00:00	24301.06	24344.16	24246.06	24257.06	3016	0	129
2025.06.04	13:00:00	24257.06	24270.56	24203.56	24256.16	3010	0	129
2025.06.04	14:00:00	24260.16	24264.16	24205.16	24240.16	2428	0	139
2025.06.04	15:00:00	24240.16	24248.66	24150.06	24215.86	3770	0	129
2025.06.04	16:00:00	24215.86	24223.36	24124.26	24201.41	4425	0	139
2025.06.04	17:00:00	24201.19	24266.36	24148.26	24244.16	5564	0	139
2025.06.04	18:00:00	24245.16	24285.56	24240.16	24270.16	4441	0	139
2025.06.04	19:00:00	24268.16	24278.06	24244.06	24270.56	3273	0	149
2025.06.04	20:00:00	24271.56	24294.56	24270.56	24289.06	1662	0	149
2025.06.04	21:00:00	24288.56	24295.56	24266.36	24271.96	2011	0	149
2025.06.04	22:00:00	24272.06	24289.46	24259.06	24259.56	2642	0	149
2025.06.04	23:00:00	24258.56	24263.63	24244.43	24254.13	1760	0	249
2025.06.05	01:00:00	24253.96	24272.06	24252.86	24256.06	882	0	319
2025.06.05	02:00:00	24256.06	24261.76	24248.86	24253.96	1128	0	309
2025.06.05	03:00:00	24254.26	24285.16	24252.86	24269.66	976	0	309
2025.06.05	04:00:00	24270.16	24280.26	24256.56	24279.16	646	0	319
2025.06.05	05:00:00	24279.16	24283.16	24266.06	24272.36	393	0	309
2025.06.05	06:00:00	24271.86	24285.36	24268.86	24278.26	335	0	309
2025.06.05	07:00:00	24276.76	24279.66	24268.36	24268.86	196	0	309
2025.06.05	08:00:00	24269.36	24269.36	24246.36	24255.66	411	0	309
2025.06.05	09:00:00	24252.16	24260.56	24232.96	24246.16	1034	0	149
2025.06.05	10:00:00	24248.16	24341.06	24244.26	24336.56	3941	0	129
2025.06.05	11:00:00	24337.56	24398.56	24326.56	24357.06	2710	0	129
2025.06.05	12:00:00	24357.06	24386.56	24342.06	24360.66	2302	0	129
2025.06.05	13:00:00	24361.16	24386.16	24339.56	24348.56	1861	0	129
2025.06.05	14:00:00	24348.06	24357.56	24316.56	24335.06	2330	0	129
2025.06.05	15:00:00	24333.06	24482.56	24307.06	24409.06	3909	0	129
2025.06.05	16:00:00	24410.56	24422.06	24216.06	24225.06	7048	0	149
2025.06.05	17:00:00	24224.56	24370.56	24223.06	24339.56	7060	0	139
2025.06.05	18:00:00	24341.06	24346.06	24289.56	24323.56	3898	0	139
2025.06.05	19:00:00	24324.56	24331.56	24221.06	24235.56	4474	0	199
2025.06.05	20:00:00	24234.56	24314.06	24223.56	24279.56	3223	0	169
2025.06.05	21:00:00	24280.06	24289.06	24202.56	24258.56	4051	0	229
2025.06.05	22:00:00	24258.56	24268.56	24178.06	24236.06	7134	0	249
2025.06.05	23:00:00	24236.06	24258.93	24207.83	24233.63	4536	0	249
2025.06.06	01:00:00	24214.36	24249.56	24204.96	24249.56	1505	0	329
2025.06.06	02:00:00	24249.56	24267.96	24225.46	24227.76	2322	0	329
2025.06.06	03:00:00	24226.66	24282.66	24226.66	24274.86	1691	0	339
2025.06.06	04:00:00	24274.86	24284.86	24258.76	24260.36	793	0	319
2025.06.06	05:00:00	24261.36	24272.46	24254.96	24256.86	417	0	309
2025.06.06	06:00:00	24258.36	24273.86	24247.86	24269.96	491	0	309
2025.06.06	07:00:00	24269.46	24306.26	24256.26	24305.26	497	0	329
2025.06.06	08:00:00	24304.26	24319.76	24287.26	24304.36	633	0	309
2025.06.06	09:00:00	24305.36	24314.16	24278.36	24299.36	1390	0	149
2025.06.06	10:00:00	24299.86	24322.36	24208.86	24232.36	3874	0	129
2025.06.06	11:00:00	24232.36	24280.86	24213.36	24271.86	2652	0	129
2025.06.06	12:00:00	24271.86	24305.36	24255.86	24278.86	2280	0	129
2025.06.06	13:00:00	24278.86	24292.86	24265.36	24267.86	1820	0	129
2025.06.06	14:00:00	24267.86	24289.36	24251.86	24265.36	2115	0	129
2025.06.06	15:00:00	24263.86	24316.17	24240.36	24276.56	3317	0	139
2025.06.06	16:00:00	24276.06	24354.06	24259.46	24325.56	4796	0	139
2025.06.06	17:00:00	24325.06	24327.06	24262.56	24304.06	4403	0	129
2025.06.06	18:00:00	24303.56	24337.56	24281.56	24315.56	4249	0	139
2025.06.06	19:00:00	24315.56	24321.06	24261.46	24277.46	3654	0	169
2025.06.06	20:00:00	24276.46	24299.46	24262.96	24294.46	2718	0	149
2025.06.06	21:00:00	24293.96	24318.76	24293.46	24309.96	2477	0	149
2025.06.06	22:00:00	24309.96	24324.36	24305.46	24313.26	2170	0	149
2025.06.09	01:00:00	24327.36	24333.66	24273.16	24279.76	2414	0	339
2025.06.09	02:00:00	24279.76	24299.26	24274.06	24292.76	1675	0	319
2025.06.09	03:00:00	24292.96	24313.66	24287.86	24302.86	1029	0	319
2025.06.09	04:00:00	24302.36	24305.36	24286.36	24300.06	456	0	309
2025.06.09	05:00:00	24300.56	24309.46	24269.36	24281.46	344	0	309
2025.06.09	06:00:00	24280.46	24280.46	24253.86	24262.06	296	0	309
2025.06.09	07:00:00	24262.56	24269.06	24254.86	24263.56	319	0	309
2025.06.09	08:00:00	24264.06	24271.86	24245.26	24270.86	354	0	309
2025.06.09	09:00:00	24273.36	24287.86	24248.26	24257.36	1108	0	149
2025.06.09	10:00:00	24268.36	24297.86	24151.86	24225.66	3849	0	139
2025.06.09	11:00:00	24225.66	24255.16	24199.66	24240.16	2405	0	129
2025.06.09	12:00:00	24240.66	24249.16	24168.66	24174.16	2023	0	129
2025.06.09	13:00:00	24173.66	24214.16	24159.66	24174.26	1732	0	129
2025.06.09	14:00:00	24175.76	24199.76	24113.66	24115.66	2142	0	129
2025.06.09	15:00:00	24115.16	24149.16	24095.16	24107.16	1978	0	129
2025.06.09	16:00:00	24110.66	24176.16	24109.16	24152.66	3362	0	129
2025.06.09	17:00:00	24153.16	24177.66	24140.66	24160.26	3207	0	129
2025.06.09	18:00:00	24161.76	24190.66	24141.16	24174.56	2191	0	129
2025.06.09	19:00:00	24174.06	24184.46	24145.66	24177.06	2047	0	149
2025.06.09	20:00:00	24176.06	24203.56	24174.96	24193.16	1743	0	149
2025.06.09	21:00:00	24192.66	24199.26	24166.96	24177.16	1533	0	149
2025.06.09	22:00:00	24177.66	24183.26	24134.26	24140.26	2224	0	149
2025.06.09	23:00:00	24141.26	24147.83	24130.33	24139.43	1659	0	249
2025.06.10	01:00:00	24159.16	24165.36	24145.16	24145.96	596	0	309
2025.06.10	02:00:00	24147.06	24159.36	24146.16	24156.06	697	0	309
2025.06.10	03:00:00	24155.76	24174.16	24132.86	24166.26	1001	0	309
2025.06.10	04:00:00	24163.26	24241.26	24163.26	24237.76	728	0	329
2025.06.10	05:00:00	24237.26	24253.76	24230.26	24247.06	405	0	309
2025.06.10	06:00:00	24247.06	24247.06	24223.66	24224.26	318	0	309
2025.06.10	07:00:00	24227.26	24235.46	24214.76	24226.76	231	0	309
2025.06.10	08:00:00	24226.26	24242.26	24128.66	24174.66	1411	0	309
2025.06.10	09:00:00	24174.16	24206.16	24163.56	24169.86	1595	0	149
2025.06.10	10:00:00	24169.36	24180.36	24086.36	24125.36	5611	0	139
2025.06.10	11:00:00	24122.86	24132.86	23956.86	23987.36	4165	0	149
2025.06.10	12:00:00	23981.36	24062.36	23967.36	24043.86	2903	0	139
2025.06.10	13:00:00	24042.86	24078.36	24035.86	24072.36	2404	0	129
2025.06.10	14:00:00	24072.86	24112.86	24056.36	24109.86	2309	0	129
2025.06.10	15:00:00	24110.36	24117.86	24054.36	24072.36	2316	0	129
2025.06.10	16:00:00	24072.86	24120.86	24061.86	24107.86	3663	0	139
2025.06.10	17:00:00	24100.86	24112.36	23992.46	23995.96	3907	0	139
2025.06.10	18:00:00	23995.46	24044.46	23984.46	24000.96	3857	0	139
2025.06.10	19:00:00	24000.96	24021.56	23987.36	23996.36	2196	0	149
2025.06.10	20:00:00	23995.86	24008.86	23969.86	23971.36	1978	0	149
2025.06.10	21:00:00	23972.86	23995.96	23950.46	23989.46	2893	0	149
2025.06.10	22:00:00	23989.46	24011.16	23984.16	24005.46	3018	0	169
2025.06.10	23:00:00	24004.46	24006.83	23978.73	23994.03	1999	0	249
2025.06.11	01:00:00	23989.46	24011.16	23986.76	24006.26	833	0	299
2025.06.11	02:00:00	24006.46	24028.66	23969.26	24000.06	3033	0	339
2025.06.11	03:00:00	23999.56	24010.56	23966.16	23969.66	1680	0	339
2025.06.11	04:00:00	23969.16	23972.56	23921.06	23927.06	693	0	339
2025.06.11	05:00:00	23927.16	23939.66	23913.26	23914.26	504	0	309
2025.06.11	06:00:00	23907.26	23907.26	23861.56	23899.66	550	0	309
2025.06.11	07:00:00	23900.66	23920.06	23876.06	23878.06	506	0	319
2025.06.11	08:00:00	23877.56	23972.56	23877.56	23938.56	790	0	339
2025.06.11	09:00:00	23939.06	23979.66	23923.26	23959.46	1392	0	149
2025.06.11	10:00:00	23960.46	24050.86	23960.46	24044.86	4529	0	139
2025.06.11	11:00:00	24045.36	24087.86	24022.36	24050.86	2717	0	139
2025.06.11	12:00:00	24050.86	24082.36	24028.86	24034.96	2202	0	129
2025.06.11	13:00:00	24034.96	24073.46	23997.46	24015.96	1891	0	129
2025.06.11	14:00:00	24015.96	24041.36	23962.36	24028.36	2600	0	129
2025.06.11	15:00:00	24027.36	24150.10	23971.86	24057.86	5210	0	139
2025.06.11	16:00:00	24057.86	24073.86	23945.86	24013.36	4773	0	139
2025.06.11	17:00:00	24013.86	24029.86	23974.86	24008.86	3818	0	129
2025.06.11	18:00:00	24008.86	24016.36	23937.86	23951.36	3740	0	139
2025.06.11	19:00:00	23951.36	23960.36	23919.86	23953.76	3614	0	159
2025.06.11	20:00:00	23953.26	23969.36	23922.36	23925.86	2493	0	149
2025.06.11	21:00:00	23925.36	23928.86	23837.86	23868.36	5680	0	249
2025.06.11	22:00:00	23867.36	23873.86	23829.86	23858.36	5040	0	249
2025.06.11	23:00:00	23858.36	23874.33	23846.63	23855.73	2618	0	249
2025.06.12	01:00:00	23842.66	23878.76	23833.56	23843.56	1474	0	319
2025.06.12	02:00:00	23841.96	23857.46	23831.96	23838.36	1655	0	329
2025.06.12	03:00:00	23839.46	23844.96	23786.36	23796.96	1676	0	329
2025.06.12	04:00:00	23796.46	23825.46	23763.86	23792.06	810	0	349
2025.06.12	05:00:00	23792.06	23794.56	23759.86	23771.06	508	0	319
2025.06.12	06:00:00	23771.56	23782.66	23760.66	23763.96	350	0	309
2025.06.12	07:00:00	23761.96	23789.06	23761.96	23786.56	392	0	309
2025.06.12	08:00:00	23786.56	23809.36	23765.96	23772.36	586	0	309
2025.06.12	09:00:00	23771.36	23810.06	23749.36	23768.56	1560	0	159
2025.06.12	10:00:00	23768.06	23807.06	23629.06	23641.06	5029	0	149
2025.06.12	11:00:00	23638.06	23713.56	23611.06	23702.06	3744	0	139
2025.06.12	12:00:00	23703.06	23734.56	23664.06	23679.06	2701	0	139
2025.06.12	13:00:00	23678.56	23711.56	23624.06	23687.06	2629	0	139
2025.06.12	14:00:00	23687.06	23704.56	23649.06	23680.16	2328	0	129
2025.06.12	15:00:00	23679.66	23763.06	23678.66	23751.06	2429	0	129
2025.06.12	16:00:00	23750.06	23786.56	23731.06	23766.06	3365	0	139
2025.06.12	17:00:00	23765.56	23885.36	23763.06	23832.36	2930	0	139
2025.06.12	18:00:00	23832.36	23852.36	23725.86	23742.86	3538	0	139
2025.06.12	19:00:00	23747.36	23783.16	23729.66	23766.26	2527	0	199
2025.06.12	20:00:00	23768.26	23798.56	23766.76	23791.56	1869	0	149
2025.06.12	21:00:00	23792.56	23801.06	23760.66	23775.06	1433	0	149
2025.06.12	22:00:00	23774.56	23779.66	23744.26	23775.16	1665	0	149
2025.06.12	23:00:00	23774.66	23778.03	23749.83	23750.83	1854	0	249
2025.06.13	01:00:00	23734.06	23736.66	23712.46	23725.86	1394	0	319
2025.06.13	02:00:00	23725.86	23731.96	23654.96	23668.46	1869	0	309
2025.06.13	03:00:00	23671.46	23671.46	23316.76	23370.76	6596	0	369
2025.06.13	04:00:00	23372.76	23479.76	23306.76	23461.76	2190	0	389
2025.06.13	05:00:00	23460.76	23467.26	23312.26	23364.26	1679	0	389
2025.06.13	06:00:00	23364.76	23421.76	23321.76	23408.26	1189	0	359
2025.06.13	07:00:00	23411.26	23413.26	23360.26	23379.26	1234	0	369
2025.06.13	08:00:00	23378.76	23394.76	23284.76	23343.76	1646	0	389
2025.06.13	09:00:00	23348.26	23434.46	23313.76	23389.46	3202	0	249
2025.06.13	10:00:00	23387.96	23542.96	23387.96	23515.96	5756	0	149
2025.06.13	11:00:00	23516.46	23559.96	23353.96	23385.46	3684	0	149
2025.06.13	12:00:00	23384.46	23474.96	23381.46	23470.46	3698	0	139
2025.06.13	13:00:00	23471.96	23482.46	23395.46	23445.96	2834	0	139
2025.06.13	14:00:00	23446.46	23536.96	23413.46	23518.96	2439	0	139
2025.06.13	15:00:00	23518.96	23528.96	23434.96	23437.46	2184	0	139
2025.06.13	16:00:00	23437.46	23510.46	23418.46	23448.46	4115	0	139
2025.06.13	17:00:00	23460.46	23505.96	23434.46	23487.46	5370	0	149
2025.06.13	18:00:00	23487.96	23538.46	23476.96	23527.96	3339	0	139
2025.06.13	19:00:00	23527.96	23563.96	23514.26	23530.46	2283	0	169
2025.06.13	20:00:00	23529.96	23534.46	23477.96	23501.66	2782	0	209
2025.06.13	21:00:00	23501.66	23510.46	23376.46	23421.96	4737	0	209
2025.06.13	22:00:00	23420.46	23434.36	23389.86	23408.86	3827	0	249
2025.06.16	01:00:00	23363.36	23443.96	23348.26	23420.36	2323	0	329
2025.06.16	02:00:00	23420.36	23470.76	23406.66	23468.96	2556	0	329
2025.06.16	03:00:00	23468.66	23496.46	23429.06	23439.66	1302	0	339
2025.06.16	04:00:00	23438.16	23439.36	23404.56	23407.26	1005	0	309
2025.06.16	05:00:00	23407.76	23465.56	23405.26	23455.46	612	0	309
2025.06.16	06:00:00	23456.46	23460.96	23435.16	23436.76	348	0	309
2025.06.16	07:00:00	23436.76	23452.36	23403.36	23412.66	339	0	309
2025.06.16	08:00:00	23413.16	23484.56	23407.26	23469.16	659	0	309
2025.06.16	09:00:00	23470.66	23576.76	23470.16	23554.56	1790	0	169
2025.06.16	10:00:00	23561.56	23608.46	23499.46	23574.96	4405	0	139
2025.06.16	11:00:00	23573.96	23614.96	23553.96	23604.46	3163	0	139
2025.06.16	12:00:00	23600.46	23622.46	23546.46	23569.96	2755	0	139
2025.06.16	13:00:00	23569.96	23627.96	23565.46	23627.46	2213	0	129
2025.06.16	14:00:00	23627.96	23628.96	23585.96	23620.06	2250	0	129
2025.06.16	15:00:00	23620.06	23670.46	23611.56	23617.56	2415	0	129
2025.06.16	16:00:00	23619.06	23658.06	23545.06	23657.06	4724	0	139
2025.06.16	17:00:00	23657.56	23705.56	23633.56	23694.06	4344	0	139
2025.06.16	18:00:00	23694.06	23713.56	23663.56	23674.06	3691	0	129
2025.06.16	19:00:00	23674.56	23686.36	23618.16	23625.16	2601	0	169
2025.06.16	20:00:00	23624.16	23638.06	23595.16	23598.16	2621	0	169
2025.06.16	21:00:00	23598.66	23612.36	23587.86	23607.46	2013	0	149
2025.06.16	22:00:00	23606.96	23607.96	23572.06	23579.56	2746	0	149
2025.06.16	23:00:00	23579.43	23596.43	23575.83	23582.73	2653	0	275
2025.06.17	01:00:00	23578.26	23578.26	23485.16	23500.86	2263	0	319
2025.06.17	02:00:00	23500.86	23520.56	23419.26	23419.56	4417	0	349
2025.06.17	03:00:00	23420.36	23516.26	23415.66	23510.26	2321	0	359
2025.06.17	04:00:00	23510.76	23550.26	23484.76	23517.96	985	0	349
2025.06.17	05:00:00	23518.46	23518.46	23444.26	23501.76	747	0	319
2025.06.17	06:00:00	23502.76	23511.86	23473.26	23509.26	918	0	339
2025.06.17	07:00:00	23509.76	23528.26	23471.76	23493.96	668	0	319
2025.06.17	08:00:00	23494.46	23525.76	23474.26	23502.26	901	0	309
2025.06.17	09:00:00	23507.76	23557.46	23457.96	23479.96	1848	0	229
2025.06.17	10:00:00	23481.46	23506.46	23307.96	23427.16	5999	0	149
2025.06.17	11:00:00	23428.66	23466.66	23400.16	23446.66	3918	0	139
2025.06.17	12:00:00	23446.66	23467.16	23358.66	23389.16	3606	0	139
2025.06.17	13:00:00	23387.66	23441.26	23379.76	23431.26	2967	0	129
2025.06.17	14:00:00	23429.76	23521.76	23428.26	23520.26	2371	0	129
2025.06.17	15:00:00	23520.76	23550.76	23485.66	23506.76	3328	0	139
2025.06.17	16:00:00	23503.76	23524.66	23442.66	23492.16	4525	0	139
2025.06.17	17:00:00	23493.66	23505.26	23459.66	23471.76	4297	0	139
2025.06.17	18:00:00	23471.76	23501.76	23424.66	23448.66	3433	0	139
2025.06.17	19:00:00	23449.16	23478.16	23414.16	23419.16	3082	0	159
2025.06.17	20:00:00	23418.16	23422.66	23343.16	23358.16	4109	0	239
2025.06.17	21:00:00	23357.16	23366.66	23331.16	23358.66	4150	0	249
2025.06.17	22:00:00	23359.16	23376.16	23294.16	23321.16	4032	0	189
2025.06.17	23:00:00	23320.66	23336.43	23300.43	23302.33	3948	0	249
2025.06.18	01:00:00	23289.56	23290.16	23248.86	23253.26	1892	0	339
2025.06.18	02:00:00	23253.26	23280.06	23239.76	23263.86	2547	0	339
2025.06.18	03:00:00	23264.96	23352.26	23262.76	23345.46	1849	0	359
2025.06.18	04:00:00	23345.96	23378.36	23345.96	23354.96	712	0	309
2025.06.18	05:00:00	23354.96	23355.66	23329.86	23329.86	627	0	309
2025.06.18	06:00:00	23330.36	23333.06	23313.36	23315.36	594	0	329
2025.06.18	07:00:00	23315.86	23332.66	23299.76	23326.86	482	0	309
2025.06.18	08:00:00	23327.86	23379.76	23325.76	23366.46	704	0	319
2025.06.18	09:00:00	23363.96	23454.46	23363.86	23418.46	1637	0	149
2025.06.18	10:00:00	23418.46	23490.46	23408.06	23468.56	3898	0	139
2025.06.18	11:00:00	23470.56	23505.06	23399.56	23448.66	2691	0	129
2025.06.18	12:00:00	23448.66	23474.56	23416.06	23423.16	2272	0	129
2025.06.18	13:00:00	23422.66	23429.16	23281.06	23297.56	2883	0	129
2025.06.18	14:00:00	23296.56	23392.06	23290.56	23370.56	2567	0	129
2025.06.18	15:00:00	23370.56	23392.06	23296.16	23307.66	2385	0	129
2025.06.18	16:00:00	23308.16	23338.16	23258.16	23292.66	4340	0	139
2025.06.18	17:00:00	23293.66	23428.66	23273.66	23372.66	4429	0	139
2025.06.18	18:00:00	23372.16	23379.16	23317.66	23349.16	3553	0	139
2025.06.18	19:00:00	23349.66	23361.66	23311.66	23315.76	2553	0	169
2025.06.18	20:00:00	23315.76	23347.66	23293.66	23344.16	2467	0	199
2025.06.18	21:00:00	23350.16	23373.16	23262.66	23281.16	5509	0	249
2025.06.18	22:00:00	23281.66	23335.66	23265.16	23309.16	6439	0	249
2025.06.18	23:00:00	23309.16	23331.23	23306.73	23316.63	2377	0	249
2025.06.19	01:00:00	23317.03	23317.93	23277.73	23294.23	954	0	355
2025.06.19	02:00:00	23293.63	23316.36	23288.26	23312.16	1196	0	319
2025.06.19	03:00:00	23312.76	23319.96	23265.36	23277.96	1375	0	329
2025.06.19	04:00:00	23281.96	23281.96	23207.86	23238.36	868	0	309
2025.06.19	05:00:00	23238.86	23262.56	23220.86	23251.66	462	0	309
2025.06.19	06:00:00	23252.66	23266.36	23246.46	23264.06	354	0	309
2025.06.19	07:00:00	23264.06	23282.56	23260.86	23271.76	358	0	309
2025.06.19	08:00:00	23271.76	23279.86	23178.36	23193.86	584	0	309
2025.06.19	09:00:00	23192.36	23215.06	23101.06	23150.56	2011	0	199
2025.06.19	10:00:00	23149.56	23207.06	23111.56	23123.56	4393	0	139
2025.06.19	11:00:00	23124.56	23208.06	23120.06	23188.66	2785	0	129
2025.06.19	12:00:00	23189.16	23251.16	23179.06	23232.56	2278	0	129
2025.06.19	13:00:00	23232.56	23247.16	23198.56	23241.66	1855	0	129
2025.06.19	14:00:00	23242.16	23245.66	23149.06	23188.56	2112	0	129
2025.06.19	15:00:00	23188.56	23201.56	23120.06	23146.26	2347	0	129
2025.06.19	16:00:00	23145.26	23189.26	23091.76	23110.76	3016	0	129
2025.06.19	17:00:00	23111.76	23154.86	23093.76	23109.76	2596	0	129
2025.06.19	18:00:00	23111.76	23126.26	23022.76	23029.76	3274	0	139
2025.06.19	19:00:00	23029.76	23083.76	23029.76	23043.76	891	0	149
2025.06.19	20:00:00	23044.76	23074.76	23028.76	23071.26	560	0	149
2025.06.19	21:00:00	23067.26	23096.26	23035.76	23065.66	601	0	149
2025.06.19	22:00:00	23063.16	23084.76	23031.76	23050.26	586	0	149
2025.06.20	01:00:00	23093.03	23147.43	23080.43	23126.53	3134	0	375
2025.06.20	02:00:00	23126.66	23137.06	23112.66	23123.66	2207	0	329
2025.06.20	03:00:00	23122.86	23183.36	23113.36	23169.36	1750	0	339
2025.06.20	04:00:00	23171.86	23183.36	23141.86	23164.76	907	0	309
2025.06.20	05:00:00	23165.76	23188.06	23160.76	23177.26	506	0	309
2025.06.20	06:00:00	23177.26	23231.96	23173.96	23220.06	748	0	319
2025.06.20	07:00:00	23222.56	23235.96	23215.56	23217.96	503	0	309
2025.06.20	08:00:00	23218.06	23274.36	23188.86	23260.86	945	0	319
2025.06.20	09:00:00	23260.86	23300.56	23181.06	23187.06	2048	0	169
2025.06.20	10:00:00	23187.06	23307.56	23176.56	23292.16	3433	0	139
2025.06.20	11:00:00	23291.66	23303.16	23197.06	23225.16	2807	0	139
2025.06.20	12:00:00	23225.16	23315.06	23213.06	23292.56	3217	0	129
2025.06.20	13:00:00	23293.56	23301.66	23243.66	23294.66	2210	0	129
2025.06.20	14:00:00	23293.66	23488.06	23285.56	23397.06	3699	0	139
2025.06.20	15:00:00	23397.06	23443.16	23369.56	23389.56	3128	0	139
2025.06.20	16:00:00	23390.56	23418.56	23343.56	23367.06	4403	0	129
2025.06.20	17:00:00	23367.06	23386.56	23320.56	23339.06	5749	0	139
2025.06.20	18:00:00	23339.06	23397.56	23316.06	23351.56	4929	0	139
2025.06.20	19:00:00	23351.06	23372.66	23339.56	23353.56	3698	0	179
2025.06.20	20:00:00	23354.06	23366.56	23283.06	23317.26	3524	0	199
2025.06.20	21:00:00	23316.76	23336.66	23280.06	23291.56	2792	0	159
2025.06.20	22:00:00	23292.06	23305.06	23279.16	23288.56	2971	0	229
2025.06.23	01:00:00	23163.73	23240.73	23159.33	23212.93	2611	0	365
2025.06.23	02:00:00	23213.06	23222.36	23196.36	23211.96	2359	0	339
2025.06.23	03:00:00	23211.66	23220.36	23145.36	23216.96	2341	0	359
2025.06.23	04:00:00	23218.46	23234.86	23188.36	23226.86	557	0	319
2025.06.23	05:00:00	23224.36	23239.86	23205.86	23228.06	360	0	309
2025.06.23	06:00:00	23228.56	23230.96	23214.46	23228.56	281	0	309
2025.06.23	07:00:00	23229.56	23233.06	23199.56	23206.96	299	0	309
2025.06.23	08:00:00	23206.46	23244.86	23203.96	23214.36	686	0	339
2025.06.23	09:00:00	23212.36	23246.56	23156.56	23202.56	1647	0	189
2025.06.23	10:00:00	23204.06	23366.66	23181.56	23360.16	4154	0	139
2025.06.23	11:00:00	23360.66	23391.06	23317.06	23341.06	2790	0	139
2025.06.23	12:00:00	23341.06	23341.06	23235.56	23255.66	2669	0	139
2025.06.23	13:00:00	23256.16	23306.56	23217.56	23269.16	2868	0	139
2025.06.23	14:00:00	23268.66	23286.66	23075.56	23191.06	3349	0	139
2025.06.23	15:00:00	23192.56	23269.16	23192.56	23260.16	2957	0	139
2025.06.23	16:00:00	23260.16	23264.06	23188.56	23256.06	4878	0	139
2025.06.23	17:00:00	23257.56	23313.16	23257.56	23265.66	4528	0	139
2025.06.23	18:00:00	23265.66	23300.76	23215.66	23229.66	3948	0	139
2025.06.23	19:00:00	23229.16	23234.76	23120.66	23181.16	6793	0	219
2025.06.23	20:00:00	23180.66	23365.66	23173.66	23338.16	5901	0	249
2025.06.23	21:00:00	23338.66	23364.16	23332.66	23357.36	3264	0	209
2025.06.23	22:00:00	23357.36	23436.16	23355.86	23419.66	3195	0	159
2025.06.23	23:00:00	23420.16	23428.33	23407.33	23418.23	1888	0	249
2025.06.24	01:00:00	23458.73	23530.43	23443.13	23503.73	3313	0	375
2025.06.24	02:00:00	23503.86	23538.46	23499.66	23524.46	2514	0	339
2025.06.24	03:00:00	23524.16	23551.86	23504.36	23539.36	1555	0	349
2025.06.24	04:00:00	23533.36	23604.86	23513.36	23595.06	661	0	329
2025.06.24	05:00:00	23595.56	23596.86	23543.36	23553.56	610	0	329
2025.06.24	06:00:00	23553.56	23566.56	23549.36	23554.36	412	0	309
2025.06.24	07:00:00	23552.86	23556.96	23517.86	23553.56	526	0	309
2025.06.24	08:00:00	23554.06	23689.86	23553.56	23669.36	1024	0	349
2025.06.24	09:00:00	23668.36	23773.06	23667.86	23720.06	2282	0	209
2025.06.24	10:00:00	23718.06	23744.06	23598.06	23688.56	6648	0	149
2025.06.24	11:00:00	23689.06	23760.56	23638.56	23758.06	3792	0	139
2025.06.24	12:00:00	23758.56	23818.56	23749.36	23771.36	2840	0	139
2025.06.24	13:00:00	23765.86	23785.36	23679.36	23715.36	2614	0	129
2025.06.24	14:00:00	23716.86	23725.36	23662.36	23677.46	2452	0	129
2025.06.24	15:00:00	23677.46	23724.96	23659.36	23678.46	2573	0	129
2025.06.24	16:00:00	23678.96	23699.36	23600.36	23616.86	3923	0	129
2025.06.24	17:00:00	23618.86	23690.66	23577.36	23646.06	3619	0	129
2025.06.24	18:00:00	23646.56	23664.56	23617.56	23638.96	2662	0	129
2025.06.24	19:00:00	23638.46	23670.46	23637.96	23665.06	1666	0	149
2025.06.24	20:00:00	23664.06	23696.06	23660.06	23694.56	1705	0	149
2025.06.24	21:00:00	23695.06	23715.06	23691.56	23696.56	1310	0	149
2025.06.24	22:00:00	23697.06	23723.56	23696.56	23717.36	1796	0	149
2025.06.24	23:00:00	23717.36	23721.83	23703.83	23717.33	1642	0	179
2025.06.25	01:00:00	23690.63	23698.33	23683.63	23694.33	1044	0	315
2025.06.25	02:00:00	23694.63	23710.66	23683.96	23706.26	1012	0	289
2025.06.25	03:00:00	23707.36	23724.16	23701.66	23709.16	1144	0	309
2025.06.25	04:00:00	23708.16	23713.76	23693.66	23700.66	363	0	309
2025.06.25	05:00:00	23699.16	23704.16	23686.06	23697.66	264	0	309
2025.06.25	06:00:00	23698.16	23706.16	23692.66	23694.16	216	0	309
2025.06.25	07:00:00	23695.16	23705.16	23692.16	23703.66	176	0	309
2025.06.25	08:00:00	23703.66	23721.66	23701.66	23717.06	254	0	309
2025.06.25	09:00:00	23718.56	23754.36	23715.06	23726.96	1064	0	149
2025.06.25	10:00:00	23725.46	23725.46	23619.46	23644.76	4304	0	129
2025.06.25	11:00:00	23645.26	23663.36	23573.76	23608.36	2810	0	129
2025.06.25	12:00:00	23612.36	23612.86	23534.36	23549.86	2115	0	129
2025.06.25	13:00:00	23551.36	23567.36	23503.76	23535.36	2303	0	129
2025.06.25	14:00:00	23536.86	23567.36	23497.26	23556.36	2308	0	129
2025.06.25	15:00:00	23556.36	23563.36	23513.86	23541.86	2319	0	129
2025.06.25	16:00:00	23539.86	23561.36	23496.76	23518.26	3286	0	129
2025.06.25	17:00:00	23518.26	23531.26	23464.76	23494.36	3922	0	129
2025.06.25	18:00:00	23494.86	23519.86	23472.76	23501.66	3482	0	129
2025.06.25	19:00:00	23502.66	23508.66	23481.66	23498.16	2407	0	149
2025.06.25	20:00:00	23499.16	23518.76	23461.46	23480.66	2336	0	149
2025.06.25	21:00:00	23481.66	23488.76	23474.16	23487.76	1949	0	149
2025.06.25	22:00:00	23487.76	23516.76	23486.66	23503.56	1881	0	149
2025.06.25	23:00:00	23503.43	23508.53	23485.83	23492.93	1515	0	205
2025.06.26	01:00:00	23500.53	23513.73	23495.93	23503.83	666	0	315
2025.06.26	02:00:00	23503.96	23506.16	23482.56	23503.26	1436	0	299
2025.06.26	03:00:00	23503.26	23531.36	23496.46	23517.36	1009	0	299
2025.06.26	04:00:00	23516.36	23525.36	23500.36	23503.86	465	0	309
2025.06.26	05:00:00	23503.36	23518.26	23486.76	23494.86	393	0	309
2025.06.26	06:00:00	23494.36	23519.76	23493.36	23515.86	321	0	309
2025.06.26	07:00:00	23515.36	23541.36	23506.86	23540.66	326	0	309
2025.06.26	08:00:00	23541.66	23567.16	23531.86	23567.06	448	0	309
2025.06.26	09:00:00	23561.56	23609.26	23561.56	23604.06	1308	0	149
2025.06.26	10:00:00	23615.06	23655.26	23574.26	23627.56	3721	0	129
2025.06.26	11:00:00	23628.56	23692.56	23624.56	23676.06	2480	0	129
2025.06.26	12:00:00	23676.06	23701.56	23645.56	23692.06	2108	0	129
2025.06.26	13:00:00	23692.06	23712.06	23613.56	23632.06	1954	0	129
2025.06.26	14:00:00	23632.06	23664.06	23590.56	23617.56	1871	0	129
2025.06.26	15:00:00	23617.56	23617.56	23545.46	23565.56	2501	0	129
2025.06.26	16:00:00	23561.56	23603.56	23515.46	23564.06	3716	0	129
2025.06.26	17:00:00	23562.06	23651.06	23562.06	23633.06	3496	0	129
2025.06.26	18:00:00	23632.06	23664.96	23614.56	23662.96	2860	0	129
2025.06.26	19:00:00	23662.46	23683.96	23652.46	23662.46	1675	0	149
2025.06.26	20:00:00	23663.46	23693.46	23662.96	23678.46	1446	0	149
2025.06.26	21:00:00	23678.46	23704.46	23675.96	23702.96	1745	0	149
2025.06.26	22:00:00	23702.96	23733.86	23698.96	23731.26	1878	0	149
2025.06.26	23:00:00	23731.26	23733.53	23711.23	23730.73	1881	0	189
2025.06.27	01:00:00	23736.53	23761.73	23735.23	23745.23	1381	0	315
2025.06.27	02:00:00	23745.36	23749.06	23728.86	23733.26	1261	0	289
2025.06.27	03:00:00	23734.06	23803.66	23728.86	23753.36	1260	0	299
2025.06.27	04:00:00	23749.36	23763.36	23732.36	23752.96	632	0	309
2025.06.27	05:00:00	23752.96	23772.06	23747.56	23755.56	332	0	309
2025.06.27	06:00:00	23756.06	23783.06	23752.96	23775.06	321	0	309
2025.06.27	07:00:00	23774.56	23778.06	23751.46	23752.56	270	0	309
2025.06.27	08:00:00	23752.06	23799.46	23752.06	23784.76	494	0	309
2025.06.27	09:00:00	23783.76	23850.36	23772.26	23843.86	1574	0	149
2025.06.27	10:00:00	23841.86	23869.86	23792.86	23856.06	4256	0	129
2025.06.27	11:00:00	23857.06	23887.66	23825.56	23865.66	2676	0	129
2025.06.27	12:00:00	23866.16	23871.16	23815.16	23831.06	2249	0	129
2025.06.27	13:00:00	23831.06	23844.56	23779.66	23814.16	1938	0	129
2025.06.27	14:00:00	23813.66	23838.66	23780.66	23838.66	1811	0	129
2025.06.27	15:00:00	23838.66	23858.26	23809.66	23832.26	2298	0	129
2025.06.27	16:00:00	23832.26	23896.26	23822.26	23886.06	3110	0	129
2025.06.27	17:00:00	23888.06	24016.56	23885.16	23967.06	4261	0	129
2025.06.27	18:00:00	23967.56	24082.46	23967.56	24072.86	3232	0	129
2025.06.27	19:00:00	24073.36	24100.96	24065.96	24082.06	2166	0	149
2025.06.27	20:00:00	24082.56	24091.56	24025.16	24044.26	2759	0	149
2025.06.27	21:00:00	24044.26	24052.96	23984.56	23996.76	4133	0	159
2025.06.27	22:00:00	23993.76	24058.46	23991.76	24049.86	2674	0	149
2025.06.30	01:00:00	24112.43	24174.73	24095.43	24157.43	1355	0	315
2025.06.30	02:00:00	24157.56	24176.86	24145.36	24148.46	1561	0	299
2025.06.30	03:00:00	24148.96	24149.96	24113.86	24113.86	1165	0	309
2025.06.30	04:00:00	24113.36	24113.36	24077.86	24080.36	537	0	309
2025.06.30	05:00:00	24078.86	24101.86	24074.76	24092.36	486	0	309
2025.06.30	06:00:00	24093.36	24107.86	24088.36	24099.86	314	0	309
2025.06.30	07:00:00	24099.36	24114.36	24096.86	24099.86	313	0	309
2025.06.30	08:00:00	24098.36	24109.36	24081.26	24089.26	527	0	309
2025.06.30	09:00:00	24085.76	24174.66	24082.66	24166.76	1439	0	149
2025.06.30	10:00:00	24167.26	24167.26	24030.66	24064.26	3771	0	129
2025.06.30	11:00:00	24092.26	24101.76	23967.66	23969.16	2614	0	129
2025.06.30	12:00:00	23966.16	24033.76	23966.16	23983.26	2174	0	129
2025.06.30	13:00:00	23986.76	24013.76	23976.26	24003.76	1723	0	129
2025.06.30	14:00:00	24002.26	24009.76	23968.76	24002.76	1624	0	129
2025.06.30	15:00:00	24004.26	24009.76	23949.76	23956.26	2027	0	129
2025.06.30	16:00:00	23957.76	23967.26	23864.66	23877.16	3081	0	129
2025.06.30	17:00:00	23877.66	23954.16	23849.66	23946.16	3570	0	129
2025.06.30	18:00:00	23948.16	23953.66	23900.66	23915.86	3013	0	129
2025.06.30	19:00:00	23915.36	23932.46	23914.36	23925.46	1955	0	149
2025.06.30	20:00:00	23925.96	23930.96	23877.46	23899.46	1803	0	149
2025.06.30	21:00:00	23899.46	23919.66	23892.16	23919.16	1980	0	149
2025.06.30	22:00:00	23920.16	23960.56	23919.16	23940.86	2436	0	149
2025.06.30	23:00:00	23940.86	23947.33	23918.73	23924.73	2022	0	199
2025.07.01	01:00:00	23932.43	23934.63	23912.83	23916.53	551	0	315
2025.07.01	02:00:00	23916.66	23929.66	23906.06	23929.36	885	0	289
2025.07.01	03:00:00	23930.16	23962.76	23929.36	23962.06	1090	0	299
2025.07.01	04:00:00	23963.06	23991.26	23963.06	23986.46	497	0	309
2025.07.01	05:00:00	23985.96	23992.76	23957.76	23959.76	397	0	309
2025.07.01	06:00:00	23960.26	23977.26	23952.76	23969.76	397	0	309
2025.07.01	07:00:00	23971.26	23972.26	23956.76	23968.66	376	0	309
2025.07.01	08:00:00	23969.16	23981.26	23952.16	23952.16	504	0	309
2025.07.01	09:00:00	23951.16	23965.56	23923.96	23944.56	1077	0	149
2025.07.01	10:00:00	23943.06	23977.56	23857.56	23907.06	3557	0	129
2025.07.01	11:00:00	23907.56	23912.56	23811.56	23862.16	2848	0	129
2025.07.01	12:00:00	23862.16	23874.56	23755.06	23793.66	2648	0	129
2025.07.01	13:00:00	23792.16	23824.16	23791.16	23800.66	1977	0	129
2025.07.01	14:00:00	23799.66	23818.16	23743.96	23759.46	1859	0	129
2025.07.01	15:00:00	23759.96	23796.46	23676.86	23714.46	2647	0	129
2025.07.01	16:00:00	23713.96	23816.06	23703.06	23785.21	3519	0	129
2025.07.01	17:00:00	23784.99	23792.16	23691.56	23734.56	4428	0	129
2025.07.01	18:00:00	23735.06	23742.56	23629.66	23660.36	4279	0	129
2025.07.01	19:00:00	23660.86	23710.26	23660.86	23677.86	3141	0	149
2025.07.01	20:00:00	23677.86	23726.36	23677.86	23718.96	2276	0	149
2025.07.01	21:00:00	23719.96	23743.96	23716.96	23728.36	1855	0	149
2025.07.01	22:00:00	23727.86	23727.86	23687.66	23704.26	3176	0	149
2025.07.01	23:00:00	23704.03	23709.13	23687.93	23704.13	2102	0	225
2025.07.02	01:00:00	23705.93	23720.53	23696.93	23720.33	835	0	315
2025.07.02	02:00:00	23720.46	23727.46	23714.36	23720.16	853	0	289
2025.07.02	03:00:00	23721.46	23753.06	23703.66	23752.56	1063	0	299
2025.07.02	04:00:00	23751.56	23761.36	23723.96	23725.96	639	0	309
2025.07.02	05:00:00	23725.46	23773.06	23723.56	23771.56	486	0	309
2025.07.02	06:00:00	23772.06	23806.06	23768.76	23806.06	462	0	309
2025.07.02	07:00:00	23806.56	23853.16	23797.96	23834.56	487	0	309
2025.07.02	08:00:00	23832.56	23833.56	23766.66	23783.76	712	0	309
2025.07.02	09:00:00	23783.26	23809.86	23760.36	23785.86	1474	0	149
2025.07.02	10:00:00	23785.36	23826.86	23701.86	23736.86	4597	0	129
2025.07.02	11:00:00	23736.36	23799.86	23730.86	23741.46	2986	0	129
2025.07.02	12:00:00	23741.46	23791.46	23736.46	23769.46	2582	0	129
2025.07.02	13:00:00	23769.46	23773.46	23726.46	23744.46	2314	0	129
2025.07.02	14:00:00	23743.46	23795.46	23734.46	23751.96	2221	0	129
2025.07.02	15:00:00	23751.46	23757.46	23614.36	23696.46	4255	0	129
2025.07.02	16:00:00	23697.46	23751.96	23685.46	23709.96	4288	0	129
2025.07.02	17:00:00	23709.46	23807.86	23699.46	23777.96	4079	0	129
2025.07.02	18:00:00	23778.46	23805.76	23754.46	23780.86	2724	0	129
2025.07.02	19:00:00	23780.86	23802.06	23770.06	23792.06	2021	0	149
2025.07.02	20:00:00	23791.56	23794.06	23774.06	23790.56	1415	0	149
2025.07.02	21:00:00	23791.06	23801.06	23787.56	23793.56	1368	0	149
2025.07.02	22:00:00	23793.06	23817.06	23783.06	23807.36	1310	0	149
2025.07.02	23:00:00	23807.36	23814.73	23788.23	23814.73	1297	0	199
2025.07.03	01:00:00	23809.33	23817.13	23800.23	23816.03	532	0	315
2025.07.03	02:00:00	23816.33	23819.96	23810.96	23817.86	609	0	289
2025.07.03	03:00:00	23818.16	23831.26	23805.66	23816.66	649	0	289
2025.07.03	04:00:00	23813.66	23819.06	23798.06	23802.66	518	0	309
2025.07.03	05:00:00	23803.16	23813.16	23793.66	23812.66	388	0	309
2025.07.03	06:00:00	23811.16	23846.16	23810.66	23829.16	483	0	309
2025.07.03	07:00:00	23830.66	23843.66	23826.16	23832.16	321	0	309
2025.07.03	08:00:00	23831.66	23838.96	23822.66	23836.56	489	0	309
2025.07.03	09:00:00	23836.56	23893.46	23824.46	23887.96	1285	0	149
2025.07.03	10:00:00	23886.46	23892.86	23823.06	23870.36	3429	0	129
2025.07.03	11:00:00	23869.86	23876.86	23803.86	23808.36	2195	0	129
2025.07.03	12:00:00	23806.86	23832.36	23756.86	23792.36	2304	0	129
2025.07.03	13:00:00	23791.86	23823.36	23776.86	23799.86	2013	0	129
2025.07.03	14:00:00	23799.86	23823.86	23793.36	23811.86	1662	0	129
2025.07.03	15:00:00	23811.86	23917.81	23784.36	23865.86	3187	0	129
2025.07.03	16:00:00	23866.36	23915.76	23844.26	23909.91	3530	0	129
2025.07.03	17:00:00	23909.69	23946.26	23858.76	23869.76	3345	0	129
2025.07.03	18:00:00	23869.76	23951.56	23859.26	23934.66	2277	0	129
2025.07.03	19:00:00	23934.16	23939.66	23902.16	23923.56	1667	0	149
2025.07.03	20:00:00	23923.56	23938.66	23917.66	23930.66	713	0	149
2025.07.03	21:00:00	23929.66	23938.66	23928.16	23928.66	382	0	149
2025.07.03	22:00:00	23927.66	23935.16	23909.66	23926.66	379	0	149
2025.07.04	01:00:00	23903.53	23930.33	23902.43	23917.83	1143	0	315
2025.07.04	02:00:00	23917.96	23921.46	23901.16	23905.16	680	0	289
2025.07.04	03:00:00	23904.56	23905.16	23869.86	23890.26	1083	0	299
2025.07.04	04:00:00	23889.76	23908.16	23882.76	23885.76	556	0	309
2025.07.04	05:00:00	23883.76	23887.76	23852.76	23859.76	475	0	309
2025.07.04	06:00:00	23859.26	23867.76	23840.26	23840.26	364	0	309
2025.07.04	07:00:00	23838.76	23846.76	23826.06	23835.76	434	0	309
2025.07.04	08:00:00	23836.26	23836.76	23798.96	23826.76	631	0	309
2025.07.04	09:00:00	23828.76	23828.76	23792.86	23797.56	1482	0	149
2025.07.04	10:00:00	23797.56	23869.56	23763.66	23779.16	4201	0	129
2025.07.04	11:00:00	23777.66	23820.66	23698.16	23719.16	3220	0	129
2025.07.04	12:00:00	23719.66	23781.66	23714.66	23768.66	2726	0	129
2025.07.04	13:00:00	23768.66	23791.66	23724.56	23745.56	2214	0	129
2025.07.04	14:00:00	23746.06	23783.06	23737.56	23775.06	2032	0	129
2025.07.04	15:00:00	23775.06	23788.06	23752.06	23757.56	1707	0	129
2025.07.04	16:00:00	23757.06	23836.56	23753.06	23819.56	2535	0	129
2025.07.04	17:00:00	23819.06	23828.06	23785.96	23807.46	1900	0	129
2025.07.04	18:00:00	23807.46	23829.96	23774.46	23789.36	1903	0	129
2025.07.04	19:00:00	23789.86	23790.86	23743.76	23751.36	934	0	149
2025.07.04	20:00:00	23752.86	23780.86	23747.86	23765.16	284	0	149
2025.07.04	21:00:00	23765.16	23768.86	23749.36	23759.86	240	0	149
2025.07.04	22:00:00	23759.36	23765.36	23727.56	23758.86	393	0	149
2025.07.07	01:00:00	23850.23	23876.53	23835.43	23836.43	1385	0	335
2025.07.07	02:00:00	23836.36	23846.46	23824.96	23833.86	1613	0	299
2025.07.07	03:00:00	23834.36	23877.06	23828.26	23858.96	937	0	309
2025.07.07	04:00:00	23858.46	23865.66	23803.56	23814.26	651	0	309
2025.07.07	05:00:00	23812.76	23828.36	23794.86	23799.76	537	0	309
2025.07.07	06:00:00	23800.76	23843.36	23793.16	23843.36	484	0	309
2025.07.07	07:00:00	23842.86	23858.56	23828.76	23831.26	483	0	309
2025.07.07	08:00:00	23830.26	23857.26	23826.36	23845.46	587	0	309
2025.07.07	09:00:00	23845.46	23856.86	23796.76	23834.86	1278	0	149
2025.07.07	10:00:00	23832.86	23894.26	23832.86	23865.86	3418	0	129
2025.07.07	11:00:00	23867.36	23889.86	23833.26	23880.86	2379	0	129
2025.07.07	12:00:00	23880.86	23951.36	23864.86	23950.36	1924	0	129
2025.07.07	13:00:00	23949.86	23970.36	23924.36	23969.36	1556	0	129
2025.07.07	14:00:00	23972.36	24003.36	23955.36	23999.86	1383	0	129
2025.07.07	15:00:00	23999.86	24008.86	23950.86	23954.36	1436	0	129
2025.07.07	16:00:00	23954.36	24048.36	23926.86	24043.36	2318	0	129
2025.07.07	17:00:00	24042.86	24048.36	23998.86	24020.86	2464	0	129
2025.07.07	18:00:00	24020.86	24078.66	24020.86	24070.16	2173	0	129
2025.07.07	19:00:00	24070.66	24080.76	23984.26	23999.96	4263	0	149
2025.07.07	20:00:00	23999.46	24128.26	23998.96	24020.56	2983	0	149
2025.07.07	21:00:00	24021.06	24029.16	23959.26	24013.26	2886	0	149
2025.07.07	22:00:00	24012.26	24016.76	23983.66	23989.96	2272	0	149
2025.07.07	23:00:00	23989.83	23990.83	23935.83	23938.03	2135	0	235
2025.07.08	01:00:00	23957.43	23968.33	23932.83	23964.23	1530	0	335
2025.07.08	02:00:00	23964.36	23989.66	23960.26	23988.66	1611	0	299
2025.07.08	03:00:00	23988.96	24038.26	23974.86	24028.76	1507	0	309
2025.07.08	04:00:00	24028.76	24037.76	23996.86	24000.26	796	0	309
2025.07.08	05:00:00	24000.36	24025.26	23996.36	24022.36	609	0	309
2025.07.08	06:00:00	24022.86	24022.86	24005.86	24010.86	322	0	309
2025.07.08	07:00:00	24010.36	24018.86	24002.66	24011.86	415	0	309
2025.07.08	08:00:00	24010.86	24071.06	24006.86	24064.96	728	0	309
2025.07.08	09:00:00	24067.46	24108.66	24053.96	24104.56	1521	0	149
2025.07.08	10:00:00	24112.56	24152.26	24061.76	24133.86	4069	0	129
2025.07.08	11:00:00	24134.86	24138.86	24083.36	24095.86	2947	0	129
2025.07.08	12:00:00	24094.86	24153.86	24091.36	24132.36	2304	0	129
2025.07.08	13:00:00	24132.86	24187.06	24121.86	24169.56	2062	0	129
2025.07.08	14:00:00	24171.06	24177.06	24104.06	24107.56	2047	0	129
2025.07.08	15:00:00	24107.06	24126.06	24074.06	24113.56	2392	0	129
2025.07.08	16:00:00	24113.56	24232.06	24113.56	24199.56	3715	0	129
2025.07.08	17:00:00	24199.06	24244.26	24172.76	24217.76	5145	0	129
2025.07.08	18:00:00	24217.76	24235.16	24186.46	24225.86	3906	0	129
2025.07.08	19:00:00	24225.36	24270.46	24206.46	24221.96	4265	0	149
2025.07.08	20:00:00	24224.46	24252.36	24213.26	24247.36	3668	0	149
2025.07.08	21:00:00	24244.86	24257.36	24236.36	24251.86	2579	0	149
2025.07.08	22:00:00	24251.36	24251.36	24224.86	24238.16	2774	0	149
2025.07.08	23:00:00	24238.03	24248.83	24223.13	24240.53	1337	0	215
2025.07.09	01:00:00	24252.03	24252.33	24236.73	24244.93	350	0	315
2025.07.09	02:00:00	24245.06	24252.66	24226.56	24231.26	861	0	289
2025.07.09	03:00:00	24227.66	24228.36	24190.86	24206.26	1108	0	309
2025.07.09	04:00:00	24206.76	24232.06	24190.26	24229.56	776	0	309
2025.07.09	05:00:00	24230.56	24238.56	24218.06	24223.56	378	0	309
2025.07.09	06:00:00	24224.06	24235.56	24213.96	24228.56	401	0	309
2025.07.09	07:00:00	24228.06	24242.06	24226.06	24234.06	273	0	309
2025.07.09	08:00:00	24233.06	24238.56	24209.36	24221.56	512	0	309
2025.07.09	09:00:00	24224.06	24255.26	24206.66	24246.76	1461	0	149
2025.07.09	10:00:00	24248.26	24352.96	24248.26	24345.36	4649	0	129
2025.07.09	11:00:00	24345.36	24412.36	24340.36	24384.96	3055	0	129
2025.07.09	12:00:00	24383.96	24486.96	24374.46	24461.96	3368	0	129
2025.07.09	13:00:00	24462.96	24477.96	24432.96	24456.46	2341	0	129
2025.07.09	14:00:00	24456.46	24499.96	24456.46	24491.96	2135	0	129
2025.07.09	15:00:00	24491.96	24528.46	24474.96	24522.96	2413	0	129
2025.07.09	16:00:00	24522.96	24612.46	24521.46	24583.46	4242	0	129
2025.07.09	17:00:00	24583.96	24583.96	24511.06	24524.66	4739	0	129
2025.07.09	18:00:00	24523.16	24574.36	24508.16	24567.36	3583	0	129
2025.07.09	19:00:00	24566.86	24578.36	24559.36	24569.46	2880	0	149
2025.07.09	20:00:00	24569.46	24591.46	24566.36	24586.96	2803	0	149
2025.07.09	21:00:00	24587.46	24609.56	24585.46	24607.06	2196	0	149
2025.07.09	22:00:00	24607.06	24631.46	24604.06	24623.46	2321	0	149
2025.07.09	23:00:00	24623.33	24635.13	24606.63	24623.23	1366	0	195
2025.07.10	01:00:00	24630.83	24653.53	24627.83	24639.43	594	0	315
2025.07.10	02:00:00	24639.56	24642.06	24613.56	24615.76	869	0	289
2025.07.10	03:00:00	24615.76	24615.76	24565.66	24570.56	1398	0	299
2025.07.10	04:00:00	24571.06	24580.66	24556.56	24565.66	641	0	309
2025.07.10	05:00:00	24567.16	24599.26	24565.66	24597.76	433	0	309
2025.07.10	06:00:00	24597.26	24597.26	24573.26	24580.76	370	0	309
2025.07.10	07:00:00	24580.26	24588.66	24572.76	24579.76	425	0	309
2025.07.10	08:00:00	24579.26	24585.26	24544.86	24565.16	603	0	309
2025.07.10	09:00:00	24564.16	24625.56	24563.26	24619.56	1577	0	149
2025.07.10	10:00:00	24617.56	24641.06	24578.56	24590.56	4712	0	129
2025.07.10	11:00:00	24589.56	24614.86	24563.36	24599.56	3124	0	129
2025.07.10	12:00:00	24599.56	24610.06	24579.06	24585.06	2529	0	129
2025.07.10	13:00:00	24585.06	24605.56	24567.06	24571.56	2012	0	129
2025.07.10	14:00:00	24572.06	24578.06	24543.26	24549.26	2128	0	129
2025.07.10	15:00:00	24547.76	24572.26	24528.26	24562.26	2686	0	129
2025.07.10	16:00:00	24563.76	24574.76	24485.26	24515.26	3905	0	129
2025.07.10	17:00:00	24519.26	24526.26	24451.36	24460.36	4855	0	129
2025.07.10	18:00:00	24461.36	24493.06	24451.36	24481.26	2932	0	129
2025.07.10	19:00:00	24481.26	24483.26	24428.76	24432.86	2151	0	149
2025.07.10	20:00:00	24433.36	24462.86	24430.86	24458.86	2021	0	149
2025.07.10	21:00:00	24459.36	24468.86	24451.96	24452.96	1603	0	149
2025.07.10	22:00:00	24452.46	24468.96	24449.96	24451.26	2092	0	149
2025.07.10	23:00:00	24451.76	24454.83	24432.03	24443.73	1498	0	179
2025.07.11	01:00:00	24450.73	24464.73	24449.53	24462.83	807	0	315
2025.07.11	02:00:00	24462.96	24475.26	24455.86	24468.86	749	0	289
2025.07.11	03:00:00	24469.06	24474.26	24270.16	24311.66	2952	0	299
2025.07.11	04:00:00	24311.66	24368.46	24285.16	24353.86	1196	0	319
2025.07.11	05:00:00	24353.36	24391.96	24352.36	24373.06	605	0	309
2025.07.11	06:00:00	24374.06	24401.06	24371.56	24391.06	465	0	309
2025.07.11	07:00:00	24391.56	24398.56	24384.56	24389.06	421	0	309
2025.07.11	08:00:00	24389.56	24418.36	24353.16	24357.16	656	0	309
2025.07.11	09:00:00	24357.16	24373.86	24310.86	24330.26	1796	0	149
2025.07.11	10:00:00	24329.76	24364.86	24279.36	24295.96	5034	0	129
2025.07.11	11:00:00	24297.46	24328.96	24204.96	24228.56	3661	0	129
2025.07.11	12:00:00	24228.56	24240.56	24162.46	24178.96	3070	0	129
2025.07.11	13:00:00	24177.96	24208.96	24168.46	24183.56	2677	0	129
2025.07.11	14:00:00	24186.06	24264.56	24176.96	24248.06	2425	0	129
2025.07.11	15:00:00	24248.06	24266.56	24204.06	24261.06	2363	0	129
2025.07.11	16:00:00	24261.06	24296.06	24234.06	24260.06	3793	0	129
2025.07.11	17:00:00	24262.56	24267.56	24224.96	24258.06	3749	0	129
2025.07.11	18:00:00	24259.06	24269.76	24225.06	24238.86	3562	0	129
2025.07.11	19:00:00	24239.36	24241.36	24198.16	24235.46	3181	0	149
2025.07.11	20:00:00	24234.96	24242.46	24218.86	24236.96	2129	0	149
2025.07.11	21:00:00	24236.46	24261.46	24232.26	24250.96	1944	0	149
2025.07.11	22:00:00	24250.96	24251.96	24227.96	24235.96	2063	0	149
2025.07.14	01:00:00	24085.63	24103.73	24052.13	24097.73	1568	0	325
2025.07.14	02:00:00	24097.86	24100.76	24058.16	24086.16	2033	0	299
2025.07.14	03:00:00	24087.26	24137.36	24076.96	24082.46	1476	0	309
2025.07.14	04:00:00	24082.96	24098.16	24051.26	24055.76	676	0	309
2025.07.14	05:00:00	24056.76	24067.16	24047.56	24062.26	386	0	309
2025.07.14	06:00:00	24060.76	24086.26	24058.76	24082.26	303	0	309
2025.07.14	07:00:00	24084.26	24092.76	24079.26	24082.56	329	0	309
2025.07.14	08:00:00	24082.06	24098.16	24014.96	24022.56	599	0	309
2025.07.14	09:00:00	24022.06	24044.86	23970.56	24006.56	1852	0	149
2025.07.14	10:00:00	24008.56	24099.66	23985.56	24084.16	4540	0	129
2025.07.14	11:00:00	24083.16	24091.06	24026.56	24081.56	2709	0	129
2025.07.14	12:00:00	24083.06	24103.16	24057.16	24086.66	2247	0	129
2025.07.14	13:00:00	24086.66	24091.66	24003.56	24024.66	1872	0	129
2025.07.14	14:00:00	24024.66	24041.16	23974.16	24038.16	2156	0	129
2025.07.14	15:00:00	24037.66	24060.66	24019.16	24027.66	1975	0	129
2025.07.14	16:00:00	24029.16	24069.16	24010.66	24058.16	3235	0	129
2025.07.14	17:00:00	24059.16	24099.66	24048.56	24097.66	3393	0	129
2025.07.14	18:00:00	24097.66	24180.66	24091.66	24174.46	3038	0	129
2025.07.14	19:00:00	24174.96	24203.56	24174.46	24200.66	2033	0	149
2025.07.14	20:00:00	24200.66	24227.66	24200.66	24221.16	1244	0	149
2025.07.14	21:00:00	24220.66	24236.66	24220.66	24226.16	1185	0	149
2025.07.14	22:00:00	24226.16	24229.16	24204.66	24220.56	1450	0	149
2025.07.14	23:00:00	24220.56	24221.13	24205.43	24215.73	927	0	169
2025.07.15	01:00:00	24206.93	24212.03	24192.63	24193.23	874	0	315
2025.07.15	02:00:00	24193.36	24203.36	24187.06	24197.96	681	0	289
2025.07.15	03:00:00	24198.26	24221.36	24188.06	24193.26	987	0	299
2025.07.15	04:00:00	24192.26	24291.86	24180.76	24233.86	735	0	309
2025.07.15	05:00:00	24235.86	24236.36	24168.56	24179.66	1041	0	319
2025.07.15	06:00:00	24179.16	24200.26	24172.66	24181.26	379	0	309
2025.07.15	07:00:00	24176.76	24213.66	24174.66	24208.96	319	0	309
2025.07.15	08:00:00	24207.46	24248.56	24205.46	24236.46	644	0	309
2025.07.15	09:00:00	24237.46	24274.86	24212.06	24220.56	1397	0	149
2025.07.15	10:00:00	24220.56	24258.26	24178.16	24249.76	3878	0	129
2025.07.15	11:00:00	24250.76	24264.76	24217.26	24236.96	2618	0	129
2025.07.15	12:00:00	24236.96	24238.96	24185.16	24234.16	2232	0	129
2025.07.15	13:00:00	24229.16	24233.66	24181.16	24208.16	2056	0	129
2025.07.15	14:00:00	24207.66	24213.16	24164.66	24172.66	1967	0	129
2025.07.15	15:00:00	24171.66	24236.56	24159.16	24196.66	2755	0	129
2025.07.15	16:00:00	24199.16	24247.16	24110.66	24126.66	4064	0	129
2025.07.15	17:00:00	24127.66	24174.16	24062.16	24063.16	5015	0	129
2025.07.15	18:00:00	24065.66	24108.16	24056.56	24088.86	4055	0	129
2025.07.15	19:00:00	24089.86	24098.96	24058.66	24059.66	3168	0	149
2025.07.15	20:00:00	24058.66	24098.96	24056.16	24088.56	2331	0	149
2025.07.15	21:00:00	24088.06	24092.06	24061.56	24062.06	1705	0	149
2025.07.15	22:00:00	24061.56	24079.06	24043.36	24043.86	2343	0	149
2025.07.15	23:00:00	24043.86	24052.33	24010.63	24011.53	3143	0	199
2025.07.16	01:00:00	24019.73	24020.83	23983.53	23998.03	1270	0	325
2025.07.16	02:00:00	23998.16	24015.06	23980.36	24013.16	1437	0	299
2025.07.16	03:00:00	24013.46	24030.56	23984.16	24025.06	1363	0	309
2025.07.16	04:00:00	24025.06	24046.66	24024.06	24038.66	504	0	309
2025.07.16	05:00:00	24039.16	24039.66	24014.16	24021.16	327	0	309
2025.07.16	06:00:00	24022.16	24031.66	24022.16	24024.16	279	0	309
2025.07.16	07:00:00	24024.16	24037.66	24012.66	24019.66	224	0	309
2025.07.16	08:00:00	24023.16	24068.76	23944.26	23966.76	943	0	309
2025.07.16	09:00:00	23966.26	23966.26	23924.46	23954.76	1727	0	149
2025.07.16	10:00:00	23956.26	24081.76	23956.26	24078.26	4448	0	129
2025.07.16	11:00:00	24079.76	24116.96	24052.36	24100.46	2827	0	129
2025.07.16	12:00:00	24101.96	24132.96	24064.96	24121.46	2445	0	129
2025.07.16	13:00:00	24122.46	24154.46	24105.46	24123.96	2185	0	129
2025.07.16	14:00:00	24123.46	24173.46	24123.46	24163.46	1916	0	129
2025.07.16	15:00:00	24164.46	24210.46	24145.96	24182.96	2377	0	129
2025.07.16	16:00:00	24182.46	24206.46	24120.86	24134.36	3769	0	129
2025.07.16	17:00:00	24137.86	24169.36	24083.36	24100.86	4498	0	129
2025.07.16	18:00:00	24102.36	24136.86	23966.86	24090.86	7845	0	129
2025.07.16	19:00:00	24088.86	24135.76	24064.56	24133.26	3841	0	159
2025.07.16	20:00:00	24134.26	24164.26	24129.76	24144.76	1999	0	149
2025.07.16	21:00:00	24145.26	24188.56	24138.76	24187.96	1569	0	149
2025.07.16	22:00:00	24186.46	24200.06	24180.96	24188.96	1894	0	149
2025.07.16	23:00:00	24188.46	24188.83	24169.63	24177.03	1265	0	159
2025.07.17	01:00:00	24173.83	24175.73	24159.63	24167.03	1033	0	325
2025.07.17	02:00:00	24167.16	24175.26	24161.06	24165.26	838	0	289
2025.07.17	03:00:00	24165.26	24189.26	24154.26	24182.16	1033	0	299
2025.07.17	04:00:00	24181.66	24186.16	24159.96	24173.56	404	0	309
2025.07.17	05:00:00	24173.56	24180.06	24161.06	24176.16	359	0	309
2025.07.17	06:00:00	24176.66	24191.16	24169.66	24190.66	257	0	309
2025.07.17	07:00:00	24189.66	24196.96	24176.16	24196.16	238	0	309
2025.07.17	08:00:00	24195.16	24257.36	24192.66	24239.26	590	0	309
2025.07.17	09:00:00	24239.26	24288.16	24215.36	24225.66	1683	0	149
2025.07.17	10:00:00	24226.16	24317.96	24202.46	24240.26	4883	0	129
2025.07.17	11:00:00	24240.76	24250.26	24193.26	24217.26	2890	0	129
2025.07.17	12:00:00	24216.76	24239.76	24202.26	24235.76	2163	0	129
2025.07.17	13:00:00	24235.26	24236.76	24175.76	24206.26	1939	0	129
2025.07.17	14:00:00	24207.26	24217.76	24180.76	24198.76	1939	0	129
2025.07.17	15:00:00	24198.26	24245.26	24195.26	24240.76	2204	0	129
2025.07.17	16:00:00	24240.76	24313.76	24237.76	24287.76	3125	0	129
2025.07.17	17:00:00	24289.76	24316.86	24259.86	24290.36	3113	0	129
2025.07.17	18:00:00	24290.36	24385.36	24285.36	24362.26	2542	0	129
2025.07.17	19:00:00	24361.76	24369.16	24337.26	24341.76	1887	0	149
2025.07.17	20:00:00	24341.76	24372.26	24336.66	24371.76	1458	0	149
2025.07.17	21:00:00	24371.76	24411.76	24367.26	24404.76	1433	0	149
2025.07.17	22:00:00	24404.26	24420.26	24384.26	24404.06	1561	0	149
2025.07.17	23:00:00	24404.06	24414.13	24394.33	24408.13	1344	0	199
2025.07.18	01:00:00	24394.73	24407.13	24391.63	24399.33	551	0	315
2025.07.18	02:00:00	24399.46	24428.96	24397.96	24425.26	1243	0	289
2025.07.18	03:00:00	24424.76	24443.36	24414.56	24428.46	1055	0	309
2025.07.18	04:00:00	24427.96	24436.96	24416.26	24425.86	643	0	309
2025.07.18	05:00:00	24426.36	24462.46	24419.46	24456.96	565	0	309
2025.07.18	06:00:00	24456.46	24473.36	24451.46	24467.46	375	0	309
2025.07.18	07:00:00	24467.46	24489.76	24461.46	24482.96	307	0	309
2025.07.18	08:00:00	24481.96	24492.26	24468.26	24475.16	578	0	309
2025.07.18	09:00:00	24475.66	24490.06	24451.26	24468.16	1167	0	149
2025.07.18	10:00:00	24468.16	24496.26	24427.76	24483.76	3883	0	129
2025.07.18	11:00:00	24484.26	24489.26	24447.76	24459.76	2454	0	129
2025.07.18	12:00:00	24459.76	24475.76	24444.26	24459.76	2377	0	129
2025.07.18	13:00:00	24460.26	24463.76	24353.76	24360.26	2237	0	129
2025.07.18	14:00:00	24362.76	24378.26	24309.76	24340.26	2374	0	129
2025.07.18	15:00:00	24340.26	24355.76	24279.76	24342.26	2372	0	129
2025.07.18	16:00:00	24342.26	24370.76	24290.76	24298.76	3452	0	129
2025.07.18	17:00:00	24317.76	24317.76	24249.76	24275.76	3749	0	129
2025.07.18	18:00:00	24277.76	24311.16	24270.76	24301.66	2865	0	129
2025.07.18	19:00:00	24302.66	24312.66	24197.16	24219.46	3123	0	149
2025.07.18	20:00:00	24219.96	24232.56	24186.46	24201.16	2050	0	149
2025.07.18	21:00:00	24201.66	24209.66	24170.16	24184.16	1489	0	149
2025.07.18	22:00:00	24185.16	24212.16	24184.66	24205.56	1325	0	149
2025.07.21	01:00:00	24193.53	24220.93	24188.23	24214.93	678	0	315
2025.07.21	02:00:00	24215.06	24235.66	24212.86	24232.06	879	0	289
2025.07.21	03:00:00	24232.06	24244.86	24225.46	24232.26	634	0	299
2025.07.21	04:00:00	24232.26	24239.76	24221.06	24229.26	548	0	309
2025.07.21	05:00:00	24229.26	24232.26	24220.76	24227.76	267	0	309
2025.07.21	06:00:00	24227.26	24230.26	24181.76	24187.76	244	0	309
2025.07.21	07:00:00	24188.26	24220.86	24186.76	24219.86	205	0	309
2025.07.21	08:00:00	24220.36	24230.56	24196.86	24218.96	358	0	309
2025.07.21	09:00:00	24219.96	24292.66	24215.06	24292.16	1064	0	149
2025.07.21	10:00:00	24292.66	24332.16	24246.56	24275.56	3904	0	129
2025.07.21	11:00:00	24277.06	24308.56	24261.96	24298.56	2447	0	129
2025.07.21	12:00:00	24298.56	24310.56	24255.06	24258.06	1861	0	129
2025.07.21	13:00:00	24258.06	24271.06	24201.56	24227.06	1990	0	129
2025.07.21	14:00:00	24224.06	24283.06	24221.56	24271.56	1909	0	129
2025.07.21	15:00:00	24271.56	24281.06	24217.56	24221.56	1903	0	129
2025.07.21	16:00:00	24221.06	24261.56	24187.96	24251.56	3384	0	129
2025.07.21	17:00:00	24253.06	24309.56	24239.06	24280.06	3192	0	129
2025.07.21	18:00:00	24279.56	24313.26	24277.86	24279.36	2418	0	129
2025.07.21	19:00:00	24278.36	24285.96	24269.96	24283.96	1665	0	149
2025.07.21	20:00:00	24283.96	24294.96	24265.96	24268.96	1033	0	149
2025.07.21	21:00:00	24268.46	24275.96	24257.36	24265.96	1647	0	149
2025.07.21	22:00:00	24265.96	24265.96	24226.86	24244.76	2737	0	149
2025.07.21	23:00:00	24244.26	24254.13	24240.63	24252.13	1258	0	179
2025.07.22	01:00:00	24251.13	24257.43	24242.03	24245.03	321	0	315
2025.07.22	02:00:00	24245.16	24251.16	24241.56	24248.96	532	0	289
2025.07.22	03:00:00	24248.46	24269.06	24248.46	24258.96	746	0	289
2025.07.22	04:00:00	24260.96	24264.06	24243.06	24251.46	385	0	309
2025.07.22	05:00:00	24251.46	24252.46	24208.06	24214.06	407	0	309
2025.07.22	06:00:00	24214.56	24222.56	24198.56	24216.06	344	0	309
2025.07.22	07:00:00	24215.56	24217.06	24169.16	24191.06	491	0	309
2025.07.22	08:00:00	24190.56	24232.76	24182.36	24219.46	588	0	309
2025.07.22	09:00:00	24222.46	24226.36	24185.86	24212.36	1158	0	149
2025.07.22	10:00:00	24211.86	24244.86	24130.76	24138.26	4047	0	129
2025.07.22	11:00:00	24134.76	24187.26	24108.76	24114.76	3382	0	129
2025.07.22	12:00:00	24114.76	24118.76	24081.76	24099.76	2667	0	129
2025.07.22	13:00:00	24099.76	24125.26	24052.76	24060.76	2402	0	129
2025.07.22	14:00:00	24060.26	24089.26	24016.26	24067.76	2657	0	129
2025.07.22	15:00:00	24067.26	24070.76	23995.76	24056.76	2830	0	129
2025.07.22	16:00:00	24056.76	24118.76	23926.16	23946.16	4942	0	129
2025.07.22	17:00:00	23944.16	24045.26	23920.16	24032.26	6145	0	129
2025.07.22	18:00:00	24032.76	24051.26	24013.76	24039.46	3867	0	129
2025.07.22	19:00:00	24040.46	24042.16	24014.66	24039.66	3050	0	149
2025.07.22	20:00:00	24039.66	24068.16	24035.66	24058.66	1778	0	149
2025.07.22	21:00:00	24058.66	24089.66	24045.06	24087.66	1826	0	149
2025.07.22	22:00:00	24087.16	24108.66	24086.66	24089.06	1693	0	149
2025.07.22	23:00:00	24088.93	24095.13	24070.33	24071.83	1792	0	205
2025.07.23	01:00:00	24081.83	24081.83	24059.13	24065.13	717	0	315
2025.07.23	02:00:00	24065.26	24123.16	24064.46	24104.46	3220	0	289
2025.07.23	03:00:00	24105.56	24125.46	24073.46	24116.46	1708	0	329
2025.07.23	04:00:00	24114.96	24236.46	24107.96	24236.46	772	0	349
2025.07.23	05:00:00	24236.46	24257.46	24218.76	24239.96	504	0	309
2025.07.23	06:00:00	24239.96	24261.86	24227.56	24250.06	527	0	309
2025.07.23	07:00:00	24249.56	24312.96	24242.86	24291.96	546	0	309
2025.07.23	08:00:00	24292.46	24308.06	24281.16	24287.16	651	0	309
2025.07.23	09:00:00	24288.66	24326.16	24249.06	24294.86	2082	0	149
2025.07.23	10:00:00	24303.36	24317.66	24163.16	24213.16	6532	0	129
2025.07.23	11:00:00	24212.16	24317.76	24200.16	24282.66	3988	0	129
2025.07.23	12:00:00	24282.16	24302.26	24229.76	24253.76	3073	0	129
2025.07.23	13:00:00	24253.76	24256.76	24175.16	24176.76	2854	0	129
2025.07.23	14:00:00	24177.76	24211.16	24131.16	24191.76	3059	0	129
2025.07.23	15:00:00	24191.26	24218.26	24165.16	24204.36	2748	0	129
2025.07.23	16:00:00	24203.36	24207.36	24144.26	24150.26	4714	0	129
2025.07.23	17:00:00	24157.76	24218.26	24120.66	24207.76	4271	0	129
2025.07.23	18:00:00	24211.76	24503.46	24173.26	24438.96	4153	0	129
2025.07.23	19:00:00	24436.96	24520.46	24372.96	24435.16	4952	0	199
2025.07.23	20:00:00	24437.16	24494.26	24409.76	24479.56	2537	0	149
2025.07.23	21:00:00	24480.06	24520.76	24478.16	24492.96	1656	0	149
2025.07.23	22:00:00	24491.46	24523.46	24467.86	24521.46	1750	0	149
2025.07.23	23:00:00	24521.46	24543.53	24493.03	24530.03	3633	0	249
2025.07.24	01:00:00	24514.53	24527.23	24505.93	24515.03	920	0	315
2025.07.24	02:00:00	24515.16	24528.86	24511.96	24519.76	860	0	289
2025.07.24	03:00:00	24519.26	24541.26	24506.46	24529.46	1100	0	299
2025.07.24	04:00:00	24527.46	24556.76	24521.86	24550.26	632	0	309
2025.07.24	05:00:00	24549.76	24561.16	24541.16	24545.16	439	0	309
2025.07.24	06:00:00	24544.66	24546.16	24502.76	24506.86	430	0	309
2025.07.24	07:00:00	24506.86	24510.16	24484.16	24500.56	404	0	309
2025.07.24	08:00:00	24501.06	24544.46	24501.06	24525.36	531	0	309
2025.07.24	09:00:00	24522.36	24547.96	24446.46	24455.46	1859	0	149
2025.07.24	10:00:00	24453.96	24511.96	24433.56	24460.06	6115	0	129
2025.07.24	11:00:00	24460.06	24498.06	24448.56	24477.96	3767	0	129
2025.07.24	12:00:00	24478.46	24491.96	24400.96	24401.46	2808	0	129
2025.07.24	13:00:00	24400.96	24404.96	24318.96	24333.46	3042	0	129
2025.07.24	14:00:00	24333.46	24384.46	24322.46	24349.46	2807	0	129
2025.07.24	15:00:00	24349.46	24379.46	24323.46	24357.46	2652	0	129
2025.07.24	16:00:00	24358.46	24361.96	24243.86	24287.46	5100	0	129
2025.07.24	17:00:00	24287.96	24300.46	24233.46	24279.96	4798	0	129
2025.07.24	18:00:00	24280.46	24329.96	24258.46	24292.86	3404	0	129
2025.07.24	19:00:00	24292.36	24294.86	24251.26	24268.86	2305	0	149
2025.07.24	20:00:00	24267.86	24295.36	24263.86	24286.36	1652	0	149
2025.07.24	21:00:00	24285.86	24302.36	24259.86	24275.86	1783	0	149
2025.07.24	22:00:00	24274.86	24289.36	24242.66	24245.16	1767	0	149
2025.07.24	23:00:00	24245.03	24266.73	24233.73	24266.73	1514	0	225
2025.07.25	01:00:00	24269.13	24284.63	24268.63	24273.63	509	0	315
2025.07.25	02:00:00	24273.76	24286.76	24266.56	24283.96	732	0	289
2025.07.25	03:00:00	24284.56	24289.96	24270.96	24283.56	783	0	299
2025.07.25	04:00:00	24283.56	24306.86	24276.86	24291.06	536	0	309
2025.07.25	05:00:00	24293.56	24297.06	24282.06	24282.56	393	0	309
2025.07.25	06:00:00	24284.06	24306.56	24283.56	24294.06	445	0	309
2025.07.25	07:00:00	24293.56	24295.06	24254.26	24257.56	402	0	309
2025.07.25	08:00:00	24258.06	24275.46	24206.16	24214.76	577	0	309
2025.07.25	09:00:00	24214.26	24236.86	24153.36	24160.86	1441	0	149
2025.07.25	10:00:00	24163.26	24169.96	24066.46	24080.96	5978	0	129
2025.07.25	11:00:00	24081.96	24151.46	24062.86	24141.46	3864	0	129
2025.07.25	12:00:00	24140.96	24207.46	24127.96	24173.46	2643	0	129
2025.07.25	13:00:00	24173.46	24173.46	24122.46	24132.96	2045	0	129
2025.07.25	14:00:00	24133.46	24135.46	24098.96	24109.46	1895	0	129
2025.07.25	15:00:00	24112.46	24162.46	24112.46	24128.46	1992	0	129
2025.07.25	16:00:00	24128.96	24184.96	24073.86	24178.46	4077	0	129
2025.07.25	17:00:00	24177.96	24254.86	24142.46	24232.36	3760	0	129
2025.07.25	18:00:00	24230.86	24254.36	24193.66	24207.76	2848	0	129
2025.07.25	19:00:00	24207.76	24256.96	24205.76	24256.46	2031	0	149
2025.07.25	20:00:00	24256.96	24281.76	24255.46	24281.26	1172	0	149
2025.07.25	21:00:00	24281.76	24314.76	24279.76	24304.26	1293	0	149
2025.07.25	22:00:00	24303.26	24311.76	24296.26	24306.26	827	0	149
2025.07.28	01:00:00	24386.23	24399.93	24369.43	24378.73	658	0	315
2025.07.28	02:00:00	24378.86	24401.26	24371.36	24389.06	1231	0	289
2025.07.28	03:00:00	24389.06	24468.46	24380.36	24465.96	966	0	289
2025.07.28	04:00:00	24465.46	24466.96	24446.76	24460.26	468	0	309
2025.07.28	05:00:00	24460.26	24486.26	24451.76	24484.86	345	0	309
2025.07.28	06:00:00	24483.36	24489.26	24471.36	24487.96	296	0	309
2025.07.28	07:00:00	24487.46	24493.96	24467.36	24477.96	239	0	309
2025.07.28	08:00:00	24478.96	24545.76	24478.96	24520.76	612	0	309
2025.07.28	09:00:00	24521.26	24564.26	24473.96	24478.46	1871	0	149
2025.07.28	10:00:00	24480.46	24504.96	24299.96	24369.46	4938	0	129
2025.07.28	11:00:00	24369.96	24375.96	24279.56	24285.06	2869	0	129
2025.07.28	12:00:00	24286.06	24319.06	24245.06	24305.56	2579	0	129
2025.07.28	13:00:00	24305.56	24316.56	24260.56	24270.56	2126	0	129
2025.07.28	14:00:00	24270.56	24285.06	24209.06	24211.56	2220	0	129
2025.07.28	15:00:00	24211.56	24228.46	24130.96	24175.56	2896	0	129
2025.07.28	16:00:00	24176.06	24181.56	23988.96	24000.96	4625	0	129
2025.07.28	17:00:00	23999.96	24022.46	23937.96	23952.06	4384	0	129
2025.07.28	18:00:00	23951.56	23996.46	23938.46	23965.86	3015	0	129
2025.07.28	19:00:00	23965.86	23975.96	23946.36	23953.46	1747	0	149
2025.07.28	20:00:00	23953.96	23958.96	23930.46	23935.46	1762	0	149
2025.07.28	21:00:00	23935.96	23956.46	23922.96	23948.46	1384	0	149
2025.07.28	22:00:00	23947.96	23975.86	23944.46	23975.26	1675	0	149
2025.07.28	23:00:00	23974.76	23983.33	23963.03	23972.73	1257	0	179
2025.07.29	01:00:00	23979.23	23991.33	23979.03	23988.33	584	0	315
2025.07.29	02:00:00	23988.46	23991.46	23977.06	23987.06	539	0	289
2025.07.29	03:00:00	23987.36	23991.46	23963.76	23976.16	789	0	289
2025.07.29	04:00:00	23975.16	24012.96	23961.96	23991.66	546	0	309
2025.07.29	05:00:00	23992.66	24014.66	23989.66	24013.66	454	0	309
2025.07.29	06:00:00	24013.66	24019.66	23995.66	24003.06	218	0	309
2025.07.29	07:00:00	24004.06	24010.66	23985.16	23992.66	287	0	309
2025.07.29	08:00:00	23993.16	24050.46	23988.16	24048.36	476	0	309
2025.07.29	09:00:00	24047.86	24087.46	24025.46	24035.46	1721	0	149
2025.07.29	10:00:00	24033.96	24199.56	24033.96	24188.06	4167	0	129
2025.07.29	11:00:00	24187.06	24230.56	24159.56	24227.06	2761	0	129
2025.07.29	12:00:00	24228.06	24258.56	24224.56	24251.06	2479	0	129
2025.07.29	13:00:00	24251.56	24311.56	24239.56	24293.56	2296	0	129
2025.07.29	14:00:00	24292.56	24307.06	24191.56	24243.56	2813	0	129
2025.07.29	15:00:00	24243.06	24290.16	24217.16	24272.16	2397	0	129
2025.07.29	16:00:00	24272.16	24300.16	24240.16	24246.66	3214	0	129
2025.07.29	17:00:00	24246.16	24264.66	24198.16	24207.66	3844	0	129
2025.07.29	18:00:00	24207.16	24276.56	24172.16	24243.86	3866	0	129
2025.07.29	19:00:00	24243.86	24262.06	24218.46	24261.06	3016	0	149
2025.07.29	20:00:00	24257.06	24269.56	24214.06	24227.06	2089	0	149
2025.07.29	21:00:00	24225.06	24236.56	24214.06	24224.56	1631	0	149
2025.07.29	22:00:00	24224.06	24228.56	24180.96	24216.16	2040	0	149
2025.07.29	23:00:00	24216.03	24227.33	24201.53	24211.33	1755	0	235
2025.07.30	01:00:00	24222.93	24225.83	24213.03	24223.63	549	0	315
2025.07.30	02:00:00	24223.76	24237.56	24221.36	24231.96	569	0	289
2025.07.30	03:00:00	24231.66	24246.16	24220.26	24227.16	708	0	289
2025.07.30	04:00:00	24226.16	24235.26	24181.56	24214.76	577	0	309
2025.07.30	05:00:00	24214.76	24265.26	24214.76	24254.76	365	0	309
2025.07.30	06:00:00	24255.76	24260.26	24246.76	24251.26	178	0	309
2025.07.30	07:00:00	24251.76	24272.76	24251.26	24264.66	251	0	309
2025.07.30	08:00:00	24264.16	24281.86	24237.66	24252.86	688	0	309
2025.07.30	09:00:00	24254.36	24288.56	24197.96	24206.96	1357	0	149
2025.07.30	10:00:00	24208.46	24208.46	24134.56	24181.96	4749	0	129
2025.07.30	11:00:00	24179.96	24225.86	24174.46	24216.46	2975	0	129
2025.07.30	12:00:00	24214.96	24277.36	24210.46	24270.86	2628	0	129
2025.07.30	13:00:00	24272.86	24282.96	24240.46	24249.96	2561	0	129
2025.07.30	14:00:00	24248.96	24268.96	24225.96	24259.46	2364	0	129
2025.07.30	15:00:00	24259.46	24262.96	24222.86	24244.96	3012	0	129
2025.07.30	16:00:00	24244.96	24294.76	24226.96	24290.76	3364	0	129
2025.07.30	17:00:00	24291.76	24304.16	24254.26	24270.26	3436	0	129
2025.07.30	18:00:00	24270.26	24295.66	24258.26	24291.06	2686	0	129
2025.07.30	19:00:00	24290.56	24308.16	24280.66	24284.16	1716	0	149
2025.07.30	20:00:00	24283.66	24301.16	24274.66	24299.69	1226	0	149
2025.07.30	21:00:00	24299.59	24313.76	24205.16	24212.66	4325	0	149
2025.07.30	22:00:00	24212.66	24269.16	24167.66	24266.66	5972	0	199
2025.07.30	23:00:00	24267.43	24356.83	24255.73	24299.93	3050	0	325
2025.07.31	01:00:00	24333.93	24355.73	24315.93	24350.23	1698	0	325
2025.07.31	02:00:00	24350.36	24368.36	24349.16	24350.96	1069	0	289
2025.07.31	03:00:00	24350.76	24351.26	24296.56	24311.46	1043	0	309
2025.07.31	04:00:00	24311.96	24320.46	24294.76	24306.96	484	0	309
2025.07.31	05:00:00	24306.96	24330.46	24295.66	24320.46	423	0	309
2025.07.31	06:00:00	24322.46	24332.96	24304.66	24327.96	501	0	309
2025.07.31	07:00:00	24329.46	24350.96	24303.66	24338.36	476	0	309
2025.07.31	08:00:00	24338.36	24342.96	24276.66	24304.26	699	0	309
2025.07.31	09:00:00	24304.76	24383.76	24294.16	24361.36	1839	0	149
2025.07.31	10:00:00	24363.86	24430.76	24308.26	24387.76	5433	0	129
2025.07.31	11:00:00	24384.26	24417.26	24332.26	24344.76	3192	0	129
2025.07.31	12:00:00	24344.76	24354.86	24267.26	24330.76	2742	0	129
2025.07.31	13:00:00	24329.26	24358.26	24213.26	24222.76	2539	0	129
2025.07.31	14:00:00	24223.26	24249.26	24199.26	24212.86	2493	0	129
2025.07.31	15:00:00	24213.86	24245.76	24185.26	24191.26	2803	0	129
2025.07.31	16:00:00	24191.76	24229.26	24122.76	24143.96	4756	0	139
2025.07.31	17:00:00	24144.46	24166.46	24046.46	24050.96	5684	0	149
2025.07.31	18:00:00	24051.46	24101.96	24031.96	24094.56	4496	0	139
2025.07.31	19:00:00	24094.06	24106.26	24075.16	24083.46	2252	0	149
2025.07.31	20:00:00	24082.96	24082.96	23982.06	24001.56	3571	0	149
2025.07.31	21:00:00	24001.06	24053.66	23965.06	24030.16	3614	0	209
2025.07.31	22:00:00	24032.66	24045.66	23997.56	24023.56	3521	0	189
2025.07.31	23:00:00	24022.43	24088.83	23983.33	24028.63	3018	0	275
2025.08.01	01:00:00	24025.63	24030.23	23947.73	23969.73	2682	0	375
2025.08.01	02:00:00	23969.86	23983.16	23954.36	23975.46	2911	0	349
2025.08.01	03:00:00	23974.96	23993.86	23819.86	23974.36	2110	0	359
2025.08.01	04:00:00	23973.86	24027.96	23968.86	24011.36	646	0	329
2025.08.01	05:00:00	24011.36	24015.46	23948.86	23989.56	511	0	319
2025.08.01	06:00:00	23995.06	24003.16	23939.36	23939.36	365	0	309
2025.08.01	07:00:00	23936.86	23951.86	23913.86	23949.56	444	0	329
2025.08.01	08:00:00	23948.56	23965.06	23876.86	23899.36	741	0	329
2025.08.01	09:00:00	23898.36	23912.36	23797.56	23812.06	2354	0	199
2025.08.01	10:00:00	23818.06	23844.06	23655.56	23682.56	6807	0	149
2025.08.01	11:00:00	23685.06	23717.56	23612.06	23648.06	5419	0	139
2025.08.01	12:00:00	23648.06	23710.06	23608.06	23667.06	4263	0	139
2025.08.01	13:00:00	23667.06	23696.16	23591.16	23604.66	3588	0	139
2025.08.01	14:00:00	23604.16	23658.16	23585.66	23630.16	3498	0	129
2025.08.01	15:00:00	23633.66	23642.66	23526.66	23550.66	5349	0	139
2025.08.01	16:00:00	23549.16	23567.16	23379.16	23414.19	7952	0	149
2025.08.01	17:00:00	23413.90	23523.66	23375.16	23483.66	9570	0	149
2025.08.01	18:00:00	23482.16	23533.16	23405.16	23473.66	6926	0	149
2025.08.01	19:00:00	23471.16	23505.16	23408.66	23411.66	5031	0	249
2025.08.01	20:00:00	23411.16	23441.66	23384.16	23413.66	4848	0	229
2025.08.01	21:00:00	23414.16	23481.16	23388.66	23447.66	4211	0	219
2025.08.01	22:00:00	23448.66	23484.16	23439.16	23474.16	3506	0	209
2025.08.04	01:00:00	23430.63	23460.03	23396.33	23456.33	1074	0	365
2025.08.04	02:00:00	23456.46	23471.16	23436.16	23468.86	3458	0	349
2025.08.04	03:00:00	23469.66	23530.16	23463.96	23521.16	1933	0	349
2025.08.04	04:00:00	23520.16	23545.26	23495.66	23540.16	1162	0	349
2025.08.04	05:00:00	23540.16	23571.76	23535.66	23570.96	852	0	319
2025.08.04	06:00:00	23571.96	23596.86	23566.96	23596.86	387	0	309
2025.08.04	07:00:00	23595.36	23595.36	23542.16	23549.36	631	0	319
2025.08.04	08:00:00	23549.36	23604.16	23548.26	23573.86	754	0	319
2025.08.04	09:00:00	23572.86	23610.66	23480.36	23544.86	2344	0	199
2025.08.04	10:00:00	23544.86	23691.16	23504.36	23669.16	5392	0	139
2025.08.04	11:00:00	23669.66	23743.76	23627.16	23741.26	3029	0	129
2025.08.04	12:00:00	23740.76	23760.76	23696.66	23697.16	2600	0	129
2025.08.04	13:00:00	23697.16	23739.66	23695.66	23720.66	2192	0	129
2025.08.04	14:00:00	23721.66	23749.66	23681.16	23746.16	2173	0	129
2025.08.04	15:00:00	23746.66	23787.16	23737.16	23773.16	2393	0	129
2025.08.04	16:00:00	23772.66	23774.16	23718.06	23739.16	3174	0	129
2025.08.04	17:00:00	23739.66	23770.16	23685.06	23720.16	3421	0	129
2025.08.04	18:00:00	23718.16	23760.86	23716.66	23757.76	2999	0	129
2025.08.04	19:00:00	23758.76	23768.96	23745.96	23758.56	1957	0	149
2025.08.04	20:00:00	23758.06	23777.06	23755.86	23760.56	1097	0	149
2025.08.04	21:00:00	23760.56	23775.06	23754.06	23766.06	1047	0	149
2025.08.04	22:00:00	23766.56	23807.16	23764.56	23803.06	1672	0	149
2025.08.04	23:00:00	23803.56	23842.63	23798.53	23841.83	2243	0	249
2025.08.05	01:00:00	23839.33	23840.83	23822.23	23825.33	906	0	335
2025.08.05	02:00:00	23825.46	23842.86	23814.46	23821.86	1524	0	319
2025.08.05	03:00:00	23821.36	23849.96	23786.36	23829.06	1179	0	309
2025.08.05	04:00:00	23828.56	23842.96	23798.96	23800.96	661	0	309
2025.08.05	05:00:00	23801.46	23813.56	23790.86	23804.26	366	0	309
2025.08.05	06:00:00	23806.76	23821.66	23795.06	23799.26	359	0	309
2025.08.05	07:00:00	23798.76	23832.66	23798.66	23827.86	416	0	309
2025.08.05	08:00:00	23828.36	23885.36	23812.56	23859.96	562	0	329
2025.08.05	09:00:00	23859.96	23916.86	23841.16	23905.86	1511	0	149
2025.08.05	10:00:00	23901.86	23936.56	23820.06	23839.66	4139	0	129
2025.08.05	11:00:00	23841.16	23875.16	23809.56	23859.16	2943	0	129
2025.08.05	12:00:00	23861.16	23905.16	23821.66	23901.66	2109	0	129
2025.08.05	13:00:00	23901.66	23954.66	23901.66	23938.66	1950	0	129
2025.08.05	14:00:00	23938.66	23973.66	23923.16	23968.16	1851	0	129
2025.08.05	15:00:00	23968.16	23983.16	23897.06	23951.66	2914	0	129
2025.08.05	16:00:00	23951.66	23966.16	23920.66	23932.81	3003	0	129
2025.08.05	17:00:00	23910.81	23917.56	23784.06	23826.06	5618	0	139
2025.08.05	18:00:00	23825.56	23876.06	23803.06	23824.56	4858	0	139
2025.08.05	19:00:00	23823.06	23872.06	23819.56	23862.96	3236	0	149
2025.08.05	20:00:00	23862.96	23916.56	23853.76	23912.06	2113	0	149
2025.08.05	21:00:00	23911.56	23912.06	23856.76	23871.06	2944	0	149
2025.08.05	22:00:00	23870.56	23885.96	23863.36	23871.26	2241	0	149
2025.08.05	23:00:00	23871.26	23896.83	23854.13	23872.53	2760	0	219
2025.08.06	01:00:00	23857.13	23867.93	23835.73	23865.63	1795	0	355
2025.08.06	02:00:00	23865.76	23876.16	23847.96	23847.96	1854	0	319
2025.08.06	03:00:00	23847.66	23880.46	23844.96	23849.96	1601	0	319
2025.08.06	04:00:00	23850.46	23895.06	23834.06	23893.56	552	0	309
2025.08.06	05:00:00	23893.66	23923.56	23891.76	23913.66	463	0	309
2025.08.06	06:00:00	23914.66	23923.46	23903.06	23911.26	326	0	309
2025.08.06	07:00:00	23911.76	23929.56	23909.66	23924.76	364	0	309
2025.08.06	08:00:00	23925.26	24037.86	23920.76	24004.36	818	0	309
2025.08.06	09:00:00	24005.36	24038.56	23970.76	23977.66	1557	0	149
2025.08.06	10:00:00	23979.16	24000.06	23944.06	23974.76	4612	0	139
2025.08.06	11:00:00	23974.76	23998.76	23878.26	23884.76	2812	0	129
2025.08.06	12:00:00	23884.76	23918.36	23873.26	23901.86	2582	0	129
2025.08.06	13:00:00	23896.86	23901.76	23813.26	23831.36	2452	0	129
2025.08.06	14:00:00	23831.86	23875.26	23803.86	23866.86	2346	0	129
2025.08.06	15:00:00	23866.36	23873.86	23827.26	23848.26	2315	0	129
2025.08.06	16:00:00	23847.76	23901.76	23839.26	23871.26	4053	0	129
2025.08.06	17:00:00	23871.26	23926.76	23866.76	23888.26	4866	0	129
2025.08.06	18:00:00	23888.76	23950.26	23873.36	23946.86	3761	0	129
2025.08.06	19:00:00	23946.36	23971.26	23909.76	23923.06	2690	0	159
2025.08.06	20:00:00	23923.06	23941.76	23913.56	23927.26	2070	0	149
2025.08.06	21:00:00	23927.76	23961.56	23926.76	23940.76	1444	0	149
2025.08.06	22:00:00	23940.26	23971.56	23940.16	23944.86	1764	0	149
2025.08.06	23:00:00	23945.23	23949.23	23932.63	23941.13	1533	0	245
2025.08.07	01:00:00	23934.83	24000.03	23931.93	23987.73	1667	0	355
2025.08.07	02:00:00	23987.86	24003.66	23974.06	23978.36	1398	0	329
2025.08.07	03:00:00	23978.96	23983.86	23904.56	23929.66	1597	0	339
2025.08.07	04:00:00	23929.16	23969.56	23922.56	23956.26	667	0	319
2025.08.07	05:00:00	23955.76	23962.76	23948.66	23957.46	539	0	309
2025.08.07	06:00:00	23957.96	23981.26	23956.86	23959.26	464	0	309
2025.08.07	07:00:00	23958.76	23985.56	23954.26	23984.06	477	0	309
2025.08.07	08:00:00	23984.56	24096.06	23968.56	24039.06	845	0	359
2025.08.07	09:00:00	24038.56	24066.76	23918.26	23935.76	1967	0	149
2025.08.07	10:00:00	23928.26	24021.26	23900.26	24007.76	6329	0	139
2025.08.07	11:00:00	24007.76	24249.26	24001.26	24220.76	5214	0	139
2025.08.07	12:00:00	24220.76	24390.76	24206.26	24322.26	5019	0	139
2025.08.07	13:00:00	24321.26	24338.76	24250.26	24275.86	3538	0	129
2025.08.07	14:00:00	24276.36	24353.76	24260.26	24299.26	3540	0	129
2025.08.07	15:00:00	24302.26	24358.76	24282.26	24343.76	3534	0	129
2025.08.07	16:00:00	24344.76	24351.26	24278.26	24288.26	4614	0	129
2025.08.07	17:00:00	24287.26	24293.26	24178.76	24211.26	6051	0	139
2025.08.07	18:00:00	24211.26	24233.76	24174.26	24189.36	4771	0	139
2025.08.07	19:00:00	24188.36	24206.36	24128.26	24161.26	4082	0	199
2025.08.07	20:00:00	24160.26	24169.26	24123.76	24142.46	4351	0	209
2025.08.07	21:00:00	24142.96	24149.46	24092.26	24135.96	3016	0	189
2025.08.07	22:00:00	24135.46	24206.26	24128.46	24195.76	2719	0	159
2025.08.07	23:00:00	24195.13	24217.23	24191.33	24203.13	2342	0	275
2025.08.08	01:00:00	24212.53	24240.63	24207.03	24230.03	1396	0	355
2025.08.08	02:00:00	24230.03	24234.46	24215.96	24221.76	1183	0	329
2025.08.08	03:00:00	24221.96	24306.06	24212.56	24288.26	1176	0	309
2025.08.08	04:00:00	24289.26	24295.66	24252.16	24256.86	710	0	309
2025.08.08	05:00:00	24256.86	24277.46	24254.26	24271.96	357	0	309
2025.08.08	06:00:00	24270.96	24272.16	24240.16	24240.16	321	0	309
2025.08.08	07:00:00	24241.16	24255.76	24231.86	24239.16	527	0	309
2025.08.08	08:00:00	24239.16	24253.76	24163.56	24173.06	693	0	339
2025.08.08	09:00:00	24175.56	24220.26	24161.86	24190.06	1323	0	149
2025.08.08	10:00:00	24195.56	24195.56	24089.76	24114.76	4404	0	129
2025.08.08	11:00:00	24114.26	24166.76	24102.26	24132.76	2864	0	139
2025.08.08	12:00:00	24132.76	24161.76	24122.26	24147.76	2341	0	129
2025.08.08	13:00:00	24150.76	24182.76	24150.76	24170.76	1596	0	129
2025.08.08	14:00:00	24170.26	24211.76	24166.26	24202.76	1760	0	129
2025.08.08	15:00:00	24202.76	24216.76	24147.26	24175.26	2195	0	129
2025.08.08	16:00:00	24176.26	24186.26	24107.76	24116.26	3129	0	129
2025.08.08	17:00:00	24118.76	24270.66	24112.26	24145.16	5251	0	139
2025.08.08	18:00:00	24147.66	24195.76	24143.16	24173.96	3453	0	139
2025.08.08	19:00:00	24173.46	24192.16	24168.06	24171.56	1900	0	149
2025.08.08	20:00:00	24171.56	24211.16	24161.56	24204.66	1554	0	149
2025.08.08	21:00:00	24204.66	24217.16	24200.66	24210.16	1107	0	149
2025.08.08	22:00:00	24209.66	24220.66	24203.36	24212.86	1010	0	149
2025.08.11	01:00:00	24225.63	24244.33	24221.23	24232.83	995	0	335
2025.08.11	02:00:00	24232.96	24240.96	24210.76	24220.16	1143	0	319
2025.08.11	03:00:00	24220.16	24267.46	24217.76	24258.36	1132	0	309
2025.08.11	04:00:00	24257.86	24269.26	24244.66	24267.76	510	0	309
2025.08.11	05:00:00	24267.76	24287.56	24256.86	24264.26	439	0	309
2025.08.11	06:00:00	24264.26	24271.76	24252.16	24260.16	286	0	309
2025.08.11	07:00:00	24259.66	24271.26	24245.56	24256.36	368	0	309
2025.08.11	08:00:00	24255.86	24258.06	24229.06	24242.96	568	0	309
2025.08.11	09:00:00	24243.46	24283.66	24216.66	24270.86	1410	0	149
2025.08.11	10:00:00	24269.86	24272.76	24093.66	24102.16	4102	0	129
2025.08.11	11:00:00	24101.66	24105.16	24050.66	24059.66	3085	0	139
2025.08.11	12:00:00	24060.16	24134.26	24055.66	24121.26	1882	0	129
2025.08.11	13:00:00	24121.26	24133.76	24063.26	24086.76	1580	0	129
2025.08.11	14:00:00	24082.76	24149.76	24075.66	24148.26	1469	0	129
2025.08.11	15:00:00	24147.76	24161.26	24082.76	24084.26	1897	0	129
2025.08.11	16:00:00	24083.76	24084.26	24028.16	24066.66	3360	0	129
2025.08.11	17:00:00	24067.16	24084.16	24037.86	24050.36	2994	0	129
2025.08.11	18:00:00	24050.36	24101.76	24034.76	24099.06	2715	0	129
2025.08.11	19:00:00	24099.06	24119.16	24069.06	24069.06	2136	0	149
2025.08.11	20:00:00	24069.06	24077.76	24051.96	24067.66	2136	0	149
2025.08.11	21:00:00	24067.66	24094.76	24055.96	24089.76	2174	0	149
2025.08.11	22:00:00	24089.26	24104.16	24067.76	24085.26	2340	0	149
2025.08.11	23:00:00	24085.26	24091.43	24070.33	24076.43	1465	0	249
2025.08.12	01:00:00	24080.53	24086.93	24065.23	24086.93	1424	0	345
2025.08.12	02:00:00	24087.06	24095.96	24081.76	24088.26	993	0	309
2025.08.12	03:00:00	24088.26	24144.76	24082.56	24121.66	1265	0	309
2025.08.12	04:00:00	24120.66	24124.76	24107.26	24120.86	680	0	319
2025.08.12	05:00:00	24121.36	24140.96	24118.36	24130.36	273	0	309
2025.08.12	06:00:00	24129.86	24149.46	24123.86	24135.96	460	0	309
2025.08.12	07:00:00	24134.46	24193.76	24129.26	24190.76	539	0	309
2025.08.12	08:00:00	24191.26	24194.76	24107.06	24136.56	1402	0	359
2025.08.12	09:00:00	24136.06	24173.26	24115.76	24145.06	1607	0	149
2025.08.12	10:00:00	24144.06	24167.36	24053.26	24096.06	4107	0	129
2025.08.12	11:00:00	24097.06	24098.06	24046.56	24055.16	2529	0	129
2025.08.12	12:00:00	24056.16	24072.56	23978.56	23989.56	2532	0	129
2025.08.12	13:00:00	23990.06	23991.66	23941.56	23978.16	2511	0	129
2025.08.12	14:00:00	23977.66	23986.66	23942.66	23962.16	2289	0	129
2025.08.12	15:00:00	23963.16	24087.56	23958.66	24034.06	4513	0	129
2025.08.12	16:00:00	24037.06	24069.06	23957.56	23986.06	6442	0	139
2025.08.12	17:00:00	23985.56	24068.56	23971.06	24044.66	5645	0	129
2025.08.12	18:00:00	24043.16	24068.06	24025.26	24045.86	3316	0	129
2025.08.12	19:00:00	24045.86	24068.06	24020.76	24057.16	1967	0	149
2025.08.12	20:00:00	24056.66	24100.16	24052.16	24097.16	1501	0	149
2025.08.12	21:00:00	24097.16	24118.06	24084.66	24095.66	1421	0	149
2025.08.12	22:00:00	24095.66	24139.76	24095.66	24139.26	1903	0	149
2025.08.12	23:00:00	24139.26	24143.03	24128.93	24134.33	1339	0	219
2025.08.13	01:00:00	24133.53	24135.83	24125.13	24128.33	705	0	335
2025.08.13	02:00:00	24128.46	24144.26	24123.46	24143.76	1073	0	309
2025.08.13	03:00:00	24142.86	24149.06	24119.66	24131.36	1180	0	309
2025.08.13	04:00:00	24131.36	24133.46	24103.86	24106.96	301	0	309
2025.08.13	05:00:00	24107.46	24127.46	24096.76	24123.96	271	0	309
2025.08.13	06:00:00	24124.46	24148.46	24123.46	24145.46	279	0	309
2025.08.13	07:00:00	24146.46	24178.56	24134.06	24167.26	415	0	309
2025.08.13	08:00:00	24167.76	24175.46	24139.06	24149.16	387	0	309
2025.08.13	09:00:00	24147.66	24169.16	24069.76	24141.26	1451	0	149
2025.08.13	10:00:00	24141.26	24210.76	24135.76	24156.26	3783	0	129
2025.08.13	11:00:00	24156.76	24236.86	24146.26	24236.86	2405	0	129
2025.08.13	12:00:00	24236.86	24247.86	24185.86	24220.86	1989	0	129
2025.08.13	13:00:00	24220.86	24236.86	24191.36	24216.36	1629	0	129
2025.08.13	14:00:00	24215.86	24240.86	24195.86	24199.86	1564	0	129
2025.08.13	15:00:00	24200.86	24223.86	24192.36	24195.36	1686	0	129
2025.08.13	16:00:00	24194.86	24229.76	24175.86	24205.36	2929	0	129
2025.08.13	17:00:00	24204.86	24235.26	24156.76	24173.76	4102	0	129
2025.08.13	18:00:00	24173.76	24195.26	24148.76	24161.96	3364	0	129
2025.08.13	19:00:00	24163.96	24194.26	24162.86	24194.26	2713	0	149
2025.08.13	20:00:00	24194.26	24202.96	24165.06	24191.26	2195	0	149
2025.08.13	21:00:00	24189.76	24205.76	24184.76	24193.76	2237	0	149
2025.08.13	22:00:00	24194.76	24222.96	24188.76	24218.46	2036	0	149
2025.08.13	23:00:00	24218.46	24238.83	24204.23	24205.53	1535	0	209
2025.08.14	01:00:00	24195.93	24217.33	24190.63	24216.53	591	0	335
2025.08.14	02:00:00	24216.66	24225.46	24209.26	24213.86	605	0	309
2025.08.14	03:00:00	24214.76	24220.16	24177.36	24189.96	918	0	309
2025.08.14	04:00:00	24190.46	24192.46	24172.86	24182.56	469	0	309
2025.08.14	05:00:00	24182.56	24187.56	24175.56	24182.56	240	0	309
2025.08.14	06:00:00	24182.56	24183.56	24162.46	24169.56	321	0	309
2025.08.14	07:00:00	24169.06	24175.56	24160.06	24170.06	357	0	309
2025.08.14	08:00:00	24170.06	24173.06	24113.16	24140.76	739	0	309
2025.08.14	09:00:00	24136.76	24193.26	24120.86	24189.16	1477	0	149
2025.08.14	10:00:00	24189.16	24279.46	24189.16	24279.46	3642	0	129
2025.08.14	11:00:00	24278.46	24302.46	24223.16	24230.16	2188	0	129
2025.08.14	12:00:00	24228.66	24308.66	24228.16	24280.66	1974	0	129
2025.08.14	13:00:00	24280.16	24299.66	24259.16	24293.16	1682	0	129
2025.08.14	14:00:00	24293.66	24366.66	24290.66	24356.66	1718	0	129
2025.08.14	15:00:00	24356.16	24356.16	24265.06	24282.66	3664	0	129
2025.08.14	16:00:00	24282.16	24332.66	24261.66	24331.66	3539	0	129
2025.08.14	17:00:00	24334.66	24412.66	24328.16	24378.66	3195	0	129
2025.08.14	18:00:00	24380.66	24405.76	24348.16	24396.26	3871	0	129
2025.08.14	19:00:00	24396.76	24413.46	24363.16	24404.56	3553	0	149
2025.08.14	20:00:00	24402.56	24437.56	24402.06	24414.06	1870	0	149
2025.08.14	21:00:00	24413.56	24420.06	24392.56	24405.06	1884	0	149
2025.08.14	22:00:00	24405.56	24433.66	24402.56	24423.56	2097	0	149
2025.08.14	23:00:00	24423.56	24453.13	24394.63	24417.53	3768	0	249
2025.08.15	01:00:00	24418.93	24434.33	24418.63	24433.23	827	0	345
2025.08.15	02:00:00	24433.36	24438.56	24421.96	24421.96	796	0	309
2025.08.15	03:00:00	24422.46	24448.56	24415.46	24440.36	899	0	309
2025.08.15	04:00:00	24438.36	24458.66	24437.16	24445.16	626	0	309
2025.08.15	05:00:00	24446.16	24457.56	24441.16	24449.76	355	0	309
2025.08.15	06:00:00	24448.76	24448.86	24434.36	24437.66	282	0	309
2025.08.15	07:00:00	24437.76	24460.86	24437.76	24456.36	303	0	309
2025.08.15	08:00:00	24455.86	24495.76	24455.86	24495.56	454	0	309
2025.08.15	09:00:00	24494.56	24536.06	24469.66	24487.66	1775	0	149
2025.08.15	10:00:00	24486.16	24540.16	24428.16	24507.16	3958	0	129
2025.08.15	11:00:00	24507.16	24529.66	24444.66	24446.66	2679	0	129
2025.08.15	12:00:00	24447.66	24506.16	24445.66	24475.16	2577	0	129
2025.08.15	13:00:00	24474.66	24474.66	24421.66	24434.16	2010	0	129
2025.08.15	14:00:00	24434.16	24443.06	24384.16	24397.16	1732	0	129
2025.08.15	15:00:00	24397.16	24405.16	24353.56	24376.16	2110	0	129
2025.08.15	16:00:00	24376.66	24407.16	24334.66	24354.37	3472	0	129
2025.08.15	17:00:00	24354.37	24373.06	24322.66	24356.66	3836	0	129
2025.08.15	18:00:00	24357.16	24387.16	24326.06	24345.46	3254	0	129
2025.08.15	19:00:00	24343.96	24351.06	24325.36	24344.06	2708	0	149
2025.08.15	20:00:00	24343.56	24369.06	24333.96	24366.56	2054	0	149
2025.08.15	21:00:00	24366.56	24371.56	24349.06	24363.06	1615	0	149
2025.08.15	22:00:00	24364.06	24373.06	24341.16	24370.56	1727	0	149
2025.08.18	01:00:00	24388.63	24408.03	24387.23	24406.63	812	0	335
2025.08.18	02:00:00	24406.03	24418.66	24403.76	24411.56	760	0	299
2025.08.18	03:00:00	24411.36	24435.56	24403.76	24405.26	920	0	309
2025.08.18	04:00:00	24404.76	24413.86	24397.86	24409.96	528	0	309
2025.08.18	05:00:00	24409.96	24416.86	24403.36	24411.96	228	0	309
2025.08.18	06:00:00	24410.96	24430.26	24410.26	24424.36	353	0	309
2025.08.18	07:00:00	24423.86	24424.96	24407.26	24424.46	257	0	309
2025.08.18	08:00:00	24422.46	24432.26	24402.16	24428.26	440	0	309
2025.08.18	09:00:00	24427.26	24445.16	24335.76	24340.16	1505	0	149
2025.08.18	10:00:00	24339.66	24365.76	24239.76	24283.86	4524	0	129
2025.08.18	11:00:00	24284.86	24317.36	24245.76	24303.76	2839	0	129
2025.08.18	12:00:00	24303.76	24318.86	24264.36	24265.76	2282	0	129
2025.08.18	13:00:00	24262.76	24285.86	24251.86	24264.36	1851	0	129
2025.08.18	14:00:00	24262.86	24280.86	24255.36	24273.86	1742	0	129
2025.08.18	15:00:00	24270.86	24306.36	24261.86	24295.36	1750	0	129
2025.08.18	16:00:00	24294.86	24340.76	24287.26	24291.26	2621	0	129
2025.08.18	17:00:00	24291.76	24311.76	24242.86	24265.86	2628	0	129
2025.08.18	18:00:00	24265.36	24334.46	24255.86	24325.06	2173	0	129
2025.08.18	19:00:00	24326.06	24331.66	24296.66	24301.76	1336	0	149
2025.08.18	20:00:00	24302.76	24333.76	24300.76	24313.26	1399	0	149
2025.08.18	21:00:00	24313.76	24351.06	24310.26	24349.06	1339	0	149
2025.08.18	22:00:00	24348.56	24363.26	24331.76	24354.06	1395	0	149
2025.08.18	23:00:00	24354.06	24360.93	24345.93	24352.03	1133	0	179
2025.08.19	01:00:00	24375.33	24384.53	24364.63	24373.23	724	0	335
2025.08.19	02:00:00	24372.93	24375.46	24362.06	24364.16	758	0	309
2025.08.19	03:00:00	24364.76	24369.86	24341.16	24364.86	1129	0	319
2025.08.19	04:00:00	24367.36	24376.66	24350.46	24351.76	400	0	309
2025.08.19	05:00:00	24352.26	24355.36	24331.86	24334.76	453	0	309
2025.08.19	06:00:00	24335.26	24350.86	24326.96	24329.46	294	0	309
2025.08.19	07:00:00	24329.46	24337.96	24323.86	24334.26	179	0	309
2025.08.19	08:00:00	24335.76	24336.76	24308.36	24313.96	423	0	309
2025.08.19	09:00:00	24313.46	24357.26	24312.96	24344.26	946	0	149
2025.08.19	10:00:00	24344.26	24372.26	24279.66	24295.66	3254	0	129
2025.08.19	11:00:00	24294.66	24382.76	24294.66	24379.76	2227	0	129
2025.08.19	12:00:00	24379.76	24429.76	24368.76	24379.16	2054	0	129
2025.08.19	13:00:00	24379.66	24397.26	24349.26	24376.76	1879	0	129
2025.08.19	14:00:00	24374.76	24385.26	24358.76	24362.26	1694	0	129
2025.08.19	15:00:00	24362.26	24407.26	24357.26	24404.76	1736	0	129
2025.08.19	16:00:00	24406.76	24444.76	24402.16	24406.16	2519	0	129
2025.08.19	17:00:00	24406.66	24442.76	24405.66	24424.76	2932	0	129
2025.08.19	18:00:00	24423.76	24440.76	24379.76	24383.16	3333	0	129
2025.08.19	19:00:00	24384.16	24388.26	24328.16	24348.86	3350	0	169
2025.08.19	20:00:00	24349.36	24374.66	24319.76	24358.16	2261	0	149
2025.08.19	21:00:00	24357.66	24357.66	24321.96	24330.66	2247	0	149
2025.08.19	22:00:00	24330.16	24349.46	24320.16	24348.96	2039	0	149
2025.08.19	23:00:00	24348.96	24358.83	24345.93	24350.03	1417	0	179
2025.08.20	01:00:00	24360.33	24361.43	24336.93	24344.73	1303	0	345
2025.08.20	02:00:00	24345.33	24351.36	24315.06	24332.36	1665	0	329
2025.08.20	03:00:00	24332.86	24332.86	24297.86	24310.16	1487	0	309
2025.08.20	04:00:00	24308.66	24319.56	24285.06	24305.16	494	0	309
2025.08.20	05:00:00	24305.16	24318.36	24291.06	24309.26	342	0	309
2025.08.20	06:00:00	24309.26	24314.26	24264.16	24270.86	480	0	309
2025.08.20	07:00:00	24269.86	24296.96	24269.36	24284.86	361	0	309
2025.08.20	08:00:00	24284.36	24317.66	24271.16	24317.66	555	0	309
2025.08.20	09:00:00	24317.66	24333.26	24235.76	24244.76	1624	0	149
2025.08.20	10:00:00	24238.76	24321.26	24209.26	24314.06	3927	0	129
2025.08.20	11:00:00	24315.56	24338.16	24279.06	24324.16	2385	0	129
2025.08.20	12:00:00	24324.16	24370.16	24319.16	24346.16	1711	0	129
2025.08.20	13:00:00	24346.16	24365.16	24327.16	24339.66	1443	0	129
2025.08.20	14:00:00	24339.66	24357.16	24325.66	24338.66	1441	0	129
2025.08.20	15:00:00	24338.16	24352.16	24315.66	24316.16	1471	0	129
2025.08.20	16:00:00	24316.16	24324.06	24244.06	24263.56	3599	0	129
2025.08.20	17:00:00	24264.06	24308.56	24215.56	24236.16	5465	0	129
2025.08.20	18:00:00	24234.16	24286.16	24217.06	24252.16	3848	0	129
2025.08.20	19:00:00	24252.16	24285.76	24246.36	24254.36	3600	0	149
2025.08.20	20:00:00	24253.86	24280.46	24242.16	24264.56	2997	0	149
2025.08.20	21:00:00	24265.06	24278.46	24230.66	24257.06	3494	0	149
2025.08.20	22:00:00	24256.56	24305.36	24254.86	24293.66	2862	0	149
2025.08.20	23:00:00	24293.56	24296.63	24284.13	24291.33	1640	0	239
2025.08.21	01:00:00	24295.43	24303.23	24281.73	24289.63	1445	0	345
2025.08.21	02:00:00	24289.43	24295.36	24275.06	24289.46	1132	0	319
2025.08.21	03:00:00	24289.46	24318.16	24278.26	24298.76	1335	0	309
2025.08.21	04:00:00	24298.76	24313.16	24286.16	24313.16	676	0	309
2025.08.21	05:00:00	24312.16	24323.86	24308.66	24322.86	334	0	309
2025.08.21	06:00:00	24322.36	24324.36	24305.26	24306.86	288	0	309
2025.08.21	07:00:00	24307.36	24310.16	24277.56	24278.06	330	0	309
2025.08.21	08:00:00	24276.56	24284.26	24249.56	24272.66	640	0	319
2025.08.21	09:00:00	24273.16	24297.66	24247.06	24258.66	1064	0	149
2025.08.21	10:00:00	24258.66	24310.16	24244.16	24275.76	3001	0	129
2025.08.21	11:00:00	24273.76	24295.76	24233.16	24251.26	1938	0	129
2025.08.21	12:00:00	24250.76	24257.16	24229.16	24242.26	1796	0	129
2025.08.21	13:00:00	24242.26	24249.66	24197.16	24210.66	1912	0	129
2025.08.21	14:00:00	24206.66	24250.66	24174.66	24207.76	2254	0	129
2025.08.21	15:00:00	24205.76	24226.66	24187.76	24195.76	2027	0	129
2025.08.21	16:00:00	24198.76	24245.76	24191.76	24243.16	3599	0	129
2025.08.21	17:00:00	24242.16	24308.26	24229.66	24291.26	3526	0	129
2025.08.21	18:00:00	24290.76	24306.26	24251.16	24253.66	3134	0	129
2025.08.21	19:00:00	24254.16	24279.36	24235.26	24257.86	2914	0	159
2025.08.21	20:00:00	24258.86	24276.06	24231.26	24266.66	2879	0	149
2025.08.21	21:00:00	24266.16	24281.56	24257.16	24279.16	2217	0	149
2025.08.21	22:00:00	24278.66	24290.16	24269.66	24279.86	2334	0	149
2025.08.21	23:00:00	24279.86	24290.73	24268.23	24285.83	1432	0	199
2025.08.22	01:00:00	24291.43	24303.53	24287.83	24295.73	850	0	335
2025.08.22	02:00:00	24295.53	24307.16	24290.86	24305.46	832	0	309
2025.08.22	03:00:00	24304.46	24314.56	24262.96	24291.76	1583	0	319
2025.08.22	04:00:00	24292.26	24298.66	24280.16	24283.26	755	0	319
2025.08.22	05:00:00	24283.76	24306.06	24283.76	24285.26	454	0	309
2025.08.22	06:00:00	24285.26	24285.36	24270.56	24273.36	451	0	309
2025.08.22	07:00:00	24272.86	24287.36	24270.76	24274.66	339	0	309
2025.08.22	08:00:00	24275.16	24278.66	24240.76	24261.26	475	0	309
2025.08.22	09:00:00	24261.26	24261.26	24200.26	24230.86	1750	0	149
2025.08.22	10:00:00	24230.36	24275.56	24220.16	24270.06	3007	0	129
2025.08.22	11:00:00	24267.56	24338.56	24259.56	24336.06	1942	0	129
2025.08.22	12:00:00	24335.56	24336.56	24293.56	24317.06	1951	0	129
2025.08.22	13:00:00	24316.56	24336.06	24300.56	24320.56	1360	0	129
2025.08.22	14:00:00	24321.06	24332.56	24278.56	24287.56	1408	0	129
2025.08.22	15:00:00	24287.56	24302.56	24278.06	24287.56	1459	0	129
2025.08.22	16:00:00	24287.06	24345.06	24283.56	24325.56	2289	0	129
2025.08.22	17:00:00	24333.56	24450.46	24331.06	24381.56	9055	0	139
2025.08.22	18:00:00	24381.56	24400.06	24341.06	24344.06	3935	0	129
2025.08.22	19:00:00	24345.06	24368.06	24330.26	24340.16	2969	0	149
2025.08.22	20:00:00	24341.16	24376.96	24341.16	24359.96	1671	0	149
2025.08.22	21:00:00	24360.46	24365.46	24345.96	24352.46	1373	0	149
2025.08.22	22:00:00	24352.96	24361.86	24340.46	24356.36	1133	0	149
2025.08.25	01:00:00	24362.63	24363.93	24338.53	24354.93	1203	0	345
2025.08.25	02:00:00	24355.06	24366.86	24348.96	24356.76	1617	0	319
2025.08.25	03:00:00	24357.26	24371.06	24332.26	24336.76	1492	0	309
2025.08.25	04:00:00	24338.26	24338.76	24292.46	24292.46	599	0	309
2025.08.25	05:00:00	24294.46	24302.46	24285.86	24293.96	332	0	309
2025.08.25	06:00:00	24294.96	24303.26	24282.96	24297.46	317	0	309
2025.08.25	07:00:00	24296.96	24305.86	24290.36	24294.96	239	0	309
2025.08.25	08:00:00	24294.46	24311.26	24275.76	24311.26	394	0	309
2025.08.25	09:00:00	24314.26	24316.56	24217.96	24225.46	1432	0	149
2025.08.25	10:00:00	24221.96	24275.26	24219.46	24263.66	2979	0	129
2025.08.25	11:00:00	24263.16	24287.16	24220.66	24269.16	1951	0	129
2025.08.25	12:00:00	24269.16	24293.16	24252.66	24286.66	1504	0	129
2025.08.25	13:00:00	24286.16	24326.16	24273.66	24313.66	1513	0	129
2025.08.25	14:00:00	24313.66	24333.16	24297.16	24313.16	1275	0	129
2025.08.25	15:00:00	24313.16	24329.16	24287.66	24325.16	1602	0	129
2025.08.25	16:00:00	24325.16	24378.66	24325.16	24347.16	2577	0	129
2025.08.25	17:00:00	24345.16	24357.16	24232.16	24258.16	3329	0	129
2025.08.25	18:00:00	24258.16	24290.16	24238.06	24275.06	3007	0	129
2025.08.25	19:00:00	24275.56	24300.56	24274.06	24288.06	1586	0	149
2025.08.25	20:00:00	24288.06	24296.56	24268.76	24281.06	1532	0	149
2025.08.25	21:00:00	24281.56	24291.06	24270.06	24284.06	1073	0	149
2025.08.25	22:00:00	24284.56	24288.06	24262.26	24268.66	1277	0	149
2025.08.25	23:00:00	24268.66	24286.03	24261.33	24280.33	1515	0	239
2025.08.26	01:00:00	24283.73	24291.93	24282.23	24286.63	605	0	325
2025.08.26	02:00:00	24286.76	24290.56	24274.36	24283.56	917	0	299
2025.08.26	03:00:00	24283.26	24288.76	24084.96	24150.96	2937	0	329
2025.08.26	04:00:00	24149.96	24193.06	24137.96	24147.66	567	0	309
2025.08.26	05:00:00	24147.66	24176.86	24142.06	24156.06	262	0	309
2025.08.26	06:00:00	24155.06	24161.86	24131.66	24143.86	392	0	309
2025.08.26	07:00:00	24145.86	24154.76	24105.96	24135.16	264	0	309
2025.08.26	08:00:00	24136.16	24193.26	24136.16	24191.06	464	0	309
2025.08.26	09:00:00	24192.06	24217.96	24112.66	24145.66	2181	0	189
2025.08.26	10:00:00	24145.16	24157.66	24034.66	24144.16	6561	0	139
2025.08.26	11:00:00	24144.66	24185.66	24132.66	24159.76	3874	0	139
2025.08.26	12:00:00	24159.76	24183.76	24124.76	24170.76	2643	0	129
2025.08.26	13:00:00	24174.26	24205.76	24164.76	24196.76	2101	0	129
2025.08.26	14:00:00	24199.76	24205.76	24154.76	24164.26	1791	0	129
2025.08.26	15:00:00	24163.76	24230.26	24159.26	24206.76	2141	0	129
2025.08.26	16:00:00	24205.76	24237.76	24196.76	24237.76	3072	0	129
2025.08.26	17:00:00	24239.26	24268.76	24215.76	24216.76	3493	0	129
2025.08.26	18:00:00	24216.26	24224.76	24161.16	24183.56	3274	0	129
2025.08.26	19:00:00	24184.06	24197.66	24175.66	24186.16	1702	0	149
2025.08.26	20:00:00	24185.66	24196.66	24175.46	24186.16	1534	0	149
2025.08.26	21:00:00	24185.66	24201.66	24181.66	24190.66	1086	0	149
2025.08.26	22:00:00	24190.16	24226.36	24184.66	24215.26	1877	0	149
2025.08.26	23:00:00	24214.76	24229.73	24202.93	24227.93	1417	0	239
2025.08.27	01:00:00	24222.03	24224.63	24215.83	24221.03	477	0	335
2025.08.27	02:00:00	24221.16	24224.86	24214.76	24214.76	460	0	299
2025.08.27	03:00:00	24215.26	24231.96	24207.76	24229.46	640	0	309
2025.08.27	04:00:00	24229.46	24246.16	24228.16	24246.16	197	0	309
2025.08.27	05:00:00	24245.16	24253.16	24239.56	24241.66	108	0	309
2025.08.27	06:00:00	24244.16	24253.66	24240.46	24249.66	89	0	309
2025.08.27	07:00:00	24249.16	24252.16	24234.46	24243.66	201	0	309
2025.08.27	08:00:00	24243.16	24244.16	24200.06	24201.66	263	0	309
2025.08.27	09:00:00	24201.16	24209.66	24169.76	24186.66	1334	0	149
2025.08.27	10:00:00	24187.66	24203.46	24109.56	24142.06	3978	0	139
2025.08.27	11:00:00	24140.56	24149.06	24011.06	24070.06	3238	0	139
2025.08.27	12:00:00	24070.06	24142.16	24068.56	24119.16	2187	0	129
2025.08.27	13:00:00	24121.16	24134.16	24103.16	24113.16	1556	0	129
2025.08.27	14:00:00	24113.16	24153.16	24106.66	24107.16	1287	0	129
2025.08.27	15:00:00	24105.16	24138.66	24044.06	24066.06	2074	0	129
2025.08.27	16:00:00	24066.06	24082.06	24027.06	24042.06	3444	0	129
2025.08.27	17:00:00	24045.06	24069.06	23976.06	24010.06	3089	0	129
2025.08.27	18:00:00	24011.06	24081.06	24011.06	24051.26	1997	0	129
2025.08.27	19:00:00	24052.26	24053.86	24009.46	24035.36	905	0	149
2025.08.27	20:00:00	24033.86	24052.36	24021.56	24052.36	472	0	149
2025.08.27	21:00:00	24053.86	24062.36	24040.36	24052.86	404	0	149
2025.08.27	22:00:00	24052.36	24075.86	24043.56	24055.96	774	0	149
2025.08.27	23:00:00	24055.83	24078.93	23963.23	24021.33	6465	0	245
2025.08.28	01:00:00	24021.83	24027.43	24003.93	24018.23	1544	0	345
2025.08.28	02:00:00	24018.36	24024.36	24007.26	24015.96	1292	0	319
2025.08.28	03:00:00	24015.16	24057.16	23972.46	24057.06	1201	0	329
2025.08.28	04:00:00	24056.06	24095.26	24047.36	24092.76	317	0	309
2025.08.28	05:00:00	24093.26	24104.76	24091.26	24096.26	97	0	309
2025.08.28	06:00:00	24096.26	24115.76	24096.26	24114.76	102	0	309
2025.08.28	07:00:00	24114.26	24114.26	24089.16	24090.26	193	0	309
2025.08.28	08:00:00	24090.26	24097.26	24066.16	24072.26	256	0	309
2025.08.28	09:00:00	24069.76	24165.26	24057.06	24148.16	1828	0	149
2025.08.28	10:00:00	24151.66	24202.56	24112.16	24160.16	3834	0	129
2025.08.28	11:00:00	24160.16	24178.16	24069.16	24088.16	2898	0	129
2025.08.28	12:00:00	24087.66	24099.46	24034.46	24060.96	2021	0	129
2025.08.28	13:00:00	24060.96	24061.96	23985.96	23998.46	2065	0	129
2025.08.28	14:00:00	24001.96	24041.46	23969.86	24038.96	2098	0	129
2025.08.28	15:00:00	24039.46	24088.46	24026.46	24082.96	2191	0	129
2025.08.28	16:00:00	24082.96	24103.96	24043.96	24049.46	3972	0	129
2025.08.28	17:00:00	24049.96	24093.96	24022.96	24045.96	3375	0	129
2025.08.28	18:00:00	24044.96	24065.96	24018.36	24059.76	2895	0	129
2025.08.28	19:00:00	24059.76	24084.36	24056.86	24058.86	1848	0	149
2025.08.28	20:00:00	24058.86	24071.86	24041.26	24061.76	1360	0	149
2025.08.28	21:00:00	24061.76	24066.36	24054.36	24059.86	876	0	149
2025.08.28	22:00:00	24059.86	24069.86	24041.76	24047.46	1130	0	149
2025.08.28	23:00:00	24047.33	24059.83	24034.73	24053.43	1769	0	255
2025.08.29	01:00:00	24048.03	24052.53	24031.13	24037.23	734	0	335
2025.08.29	02:00:00	24036.93	24044.96	24034.56	24040.46	663	0	299
2025.08.29	03:00:00	24040.16	24061.66	24033.86	24044.06	760	0	309
2025.08.29	04:00:00	24044.56	24046.66	23977.26	23989.46	391	0	309
2025.08.29	05:00:00	23989.46	23999.66	23988.06	23999.06	124	0	309
2025.08.29	06:00:00	23999.06	24026.86	23999.06	24005.16	139	0	309
2025.08.29	07:00:00	24005.16	24005.66	23996.66	24004.16	91	0	309
2025.08.29	08:00:00	24004.66	24026.26	23984.26	24005.26	395	0	309
2025.08.29	09:00:00	24005.26	24031.96	23927.46	23939.46	1588	0	149
2025.08.29	10:00:00	23939.96	24047.46	23914.96	23934.96	4154	0	129
2025.08.29	11:00:00	23934.96	23953.46	23874.96	23893.56	3488	0	129
2025.08.29	12:00:00	23893.56	23962.06	23880.96	23951.46	2458	0	129
2025.08.29	13:00:00	23951.46	23952.46	23899.96	23938.06	1933	0	129
2025.08.29	14:00:00	23938.56	24005.56	23935.46	23994.06	1780	0	129
2025.08.29	15:00:00	23994.56	24029.56	23964.56	24028.56	2227	0	129
2025.08.29	16:00:00	24028.56	24063.46	23979.46	23982.46	3291	0	129
2025.08.29	17:00:00	23992.46	24010.96	23906.96	23916.96	5125	0	139
2025.08.29	18:00:00	23914.46	23965.56	23887.96	23912.16	3904	0	129
2025.08.29	19:00:00	23911.16	23959.46	23910.16	23949.46	2174	0	149
2025.08.29	20:00:00	23948.96	23955.96	23922.06	23943.96	2151	0	149
2025.08.29	21:00:00	23943.46	23945.96	23928.46	23933.46	1518	0	149
2025.08.29	22:00:00	23934.46	23955.46	23928.46	23946.86	1254	0	149
2025.09.01	01:00:00	23955.23	23987.53	23954.73	23987.23	1190	0	345
2025.09.01	02:00:00	23987.03	23999.96	23987.03	23993.66	957	0	319
2025.09.01	03:00:00	23993.96	24023.36	23985.66	24008.76	1065	0	309
2025.09.01	04:00:00	24007.76	24009.56	23957.86	23963.86	389	0	309
2025.09.01	05:00:00	23964.36	23965.96	23933.46	23946.16	390	0	309
2025.09.01	06:00:00	23947.66	23952.26	23927.06	23934.26	270	0	309
2025.09.01	07:00:00	23933.76	23958.56	23932.26	23953.76	295	0	309
2025.09.01	08:00:00	23950.76	23983.46	23935.56	23966.96	382	0	309
2025.09.01	09:00:00	23963.96	24014.86	23936.46	23968.66	1557	0	149
2025.09.01	10:00:00	23976.16	24044.56	23970.56	24007.16	3378	0	129
2025.09.01	11:00:00	24007.16	24051.06	23994.06	24030.16	2382	0	129
2025.09.01	12:00:00	24030.16	24030.16	23971.16	23997.66	1744	0	129
2025.09.01	13:00:00	23998.16	24009.66	23963.66	23988.66	1259	0	129
2025.09.01	14:00:00	23989.16	24012.16	23979.66	23998.16	1386	0	129
2025.09.01	15:00:00	23997.66	24014.66	23981.16	24012.16	1353	0	129
2025.09.01	16:00:00	24012.16	24022.16	23975.16	24005.16	1519	0	129
2025.09.01	17:00:00	24007.16	24018.16	23981.16	23997.66	1267	0	129
2025.09.01	18:00:00	23998.16	24039.66	23990.16	24021.06	1171	0	129
2025.09.01	19:00:00	24020.06	24036.56	24016.56	24025.56	354	0	149
2025.09.01	20:00:00	24024.06	24033.06	24018.06	24029.56	139	0	149
2025.09.01	21:00:00	24029.56	24032.06	24024.06	24028.56	87	0	149
2025.09.01	22:00:00	24030.06	24045.86	24020.06	24043.86	236	0	149
2025.09.02	01:00:00	24025.43	24037.53	24005.43	24011.13	570	0	335
2025.09.02	02:00:00	24011.63	24015.26	23985.86	24000.36	1464	0	329
2025.09.02	03:00:00	24000.86	24085.26	23995.86	24083.36	1103	0	329
2025.09.02	04:00:00	24083.46	24098.16	24075.66	24082.16	493	0	309
2025.09.02	05:00:00	24082.66	24090.76	24033.86	24036.96	585	0	309
2025.09.02	06:00:00	24037.46	24038.96	23986.06	24024.16	492	0	309
2025.09.02	07:00:00	24026.16	24026.16	23999.26	24007.66	448	0	309
2025.09.02	08:00:00	24007.16	24007.66	23925.56	23931.06	725	0	349
2025.09.02	09:00:00	23931.56	23994.36	23915.06	23982.36	1417	0	149
2025.09.02	10:00:00	23987.36	24000.76	23765.26	23785.76	6596	0	139
2025.09.02	11:00:00	23785.76	23834.26	23748.26	23787.26	4270	0	139
2025.09.02	12:00:00	23787.76	23789.76	23745.76	23768.26	2996	0	129
2025.09.02	13:00:00	23768.26	23777.36	23660.76	23694.76	3241	0	129
2025.09.02	14:00:00	23695.26	23708.76	23657.26	23672.76	2913	0	129
2025.09.02	15:00:00	23672.76	23682.26	23538.76	23562.76	4801	0	139
2025.09.02	16:00:00	23565.26	23665.26	23546.26	23650.54	6334	0	139
2025.09.02	17:00:00	23647.04	23666.26	23547.76	23554.76	6105	0	139
2025.09.02	18:00:00	23554.76	23565.26	23475.26	23489.26	5181	0	139
2025.09.02	19:00:00	23488.76	23538.96	23488.76	23538.46	2866	0	179
2025.09.02	20:00:00	23538.46	23596.76	23532.36	23571.96	2179	0	149
2025.09.02	21:00:00	23572.46	23591.46	23556.76	23576.56	2327	0	149
2025.09.02	22:00:00	23577.06	23617.56	23577.06	23614.86	2205	0	149
2025.09.02	23:00:00	23614.86	23661.73	23603.63	23654.23	4070	0	219
2025.09.03	01:00:00	23653.43	23654.73	23616.43	23620.03	1642	0	345
2025.09.03	02:00:00	23620.33	23622.36	23608.56	23610.96	1017	0	319
2025.09.03	03:00:00	23609.86	23652.76	23605.16	23643.86	1022	0	319
2025.09.03	04:00:00	23642.86	23642.86	23616.26	23632.66	564	0	309
2025.09.03	05:00:00	23634.16	23635.16	23605.36	23616.46	402	0	309
2025.09.03	06:00:00	23613.46	23617.66	23562.76	23582.06	458	0	309
2025.09.03	07:00:00	23581.56	23582.06	23562.06	23566.46	396	0	309
2025.09.03	08:00:00	23566.96	23575.86	23551.96	23562.46	654	0	309
2025.09.03	09:00:00	23561.96	23630.26	23560.96	23610.06	1667	0	149
2025.09.03	10:00:00	23612.06	23633.46	23504.46	23570.46	4577	0	139
2025.09.03	11:00:00	23568.46	23638.56	23559.96	23622.46	3046	0	129
2025.09.03	12:00:00	23622.46	23662.56	23593.96	23660.56	2100	0	129
2025.09.03	13:00:00	23660.06	23709.56	23653.96	23655.96	1644	0	129
2025.09.03	14:00:00	23656.46	23674.56	23638.56	23657.56	1734	0	129
2025.09.03	15:00:00	23660.06	23662.56	23579.56	23582.56	2104	0	129
2025.09.03	16:00:00	23582.56	23604.46	23554.96	23569.67	3973	0	129
2025.09.03	17:00:00	23569.17	23633.46	23547.46	23597.56	4172	0	129
2025.09.03	18:00:00	23598.56	23626.46	23569.16	23573.16	3401	0	129
2025.09.03	19:00:00	23572.16	23590.86	23552.06	23568.26	2524	0	159
2025.09.03	20:00:00	23568.26	23589.26	23538.96	23547.26	2127	0	149
2025.09.03	21:00:00	23546.26	23565.86	23540.66	23554.76	2741	0	149
2025.09.03	22:00:00	23554.26	23605.06	23545.16	23602.56	1844	0	149
2025.09.03	23:00:00	23603.06	23617.73	23578.43	23610.63	2150	0	229
2025.09.04	01:00:00	23596.93	23606.03	23593.53	23595.63	780	0	335
2025.09.04	02:00:00	23596.13	23606.16	23589.56	23598.36	716	0	309
2025.09.04	03:00:00	23597.86	23637.96	23594.16	23633.76	1396	0	319
2025.09.04	04:00:00	23633.26	23633.26	23584.06	23589.06	703	0	319
2025.09.04	05:00:00	23588.56	23609.56	23566.56	23573.56	704	0	319
2025.09.04	06:00:00	23572.56	23588.76	23562.06	23587.36	531	0	309
2025.09.04	07:00:00	23587.86	23631.36	23587.76	23630.86	399	0	309
2025.09.04	08:00:00	23631.36	23644.06	23594.96	23615.46	719	0	319
2025.09.04	09:00:00	23615.46	23643.76	23589.96	23608.66	1674	0	149
2025.09.04	10:00:00	23608.16	23705.46	23604.36	23701.96	4656	0	139
2025.09.04	11:00:00	23702.46	23711.96	23647.46	23648.96	2775	0	129
2025.09.04	12:00:00	23648.96	23720.96	23648.46	23690.96	2580	0	129
2025.09.04	13:00:00	23691.46	23801.86	23684.96	23762.96	2741	0	129
2025.09.04	14:00:00	23762.96	23791.46	23730.96	23765.96	2101	0	129
2025.09.04	15:00:00	23764.96	23782.96	23709.46	23754.96	2272	0	129
2025.09.04	16:00:00	23749.96	23784.96	23727.96	23768.74	3211	0	129
2025.09.04	17:00:00	23768.24	23797.46	23725.86	23778.96	3723	0	129
2025.09.04	18:00:00	23779.46	23789.96	23756.56	23762.56	2855	0	129
2025.09.04	19:00:00	23762.56	23782.86	23757.86	23772.86	1689	0	149
2025.09.04	20:00:00	23772.86	23803.86	23772.86	23797.86	1302	0	149
2025.09.04	21:00:00	23798.36	23809.86	23787.36	23804.86	843	0	149
2025.09.04	22:00:00	23804.86	23835.86	23801.86	23820.56	1355	0	149
2025.09.04	23:00:00	23820.56	23840.73	23808.33	23837.03	2048	0	219
2025.09.05	01:00:00	23839.23	23844.63	23829.13	23837.23	919	0	345
2025.09.05	02:00:00	23836.93	23839.66	23831.16	23832.96	708	0	299
2025.09.05	03:00:00	23832.66	23842.06	23817.76	23823.36	964	0	319
2025.09.05	04:00:00	23823.36	23832.96	23812.86	23830.86	589	0	309
2025.09.05	05:00:00	23830.86	23835.96	23822.86	23828.46	260	0	309
2025.09.05	06:00:00	23827.96	23835.46	23820.96	23834.96	171	0	309
2025.09.05	07:00:00	23835.46	23841.96	23827.46	23829.46	219	0	309
2025.09.05	08:00:00	23829.96	23892.56	23823.36	23865.66	536	0	309
2025.09.05	09:00:00	23865.66	23888.46	23826.26	23866.26	1414	0	149
2025.09.05	10:00:00	23866.76	23885.76	23753.36	23821.46	4177	0	139
2025.09.05	11:00:00	23821.96	23835.06	23789.46	23802.56	2792	0	129
2025.09.05	12:00:00	23802.56	23845.56	23781.46	23840.56	2610	0	129
2025.09.05	13:00:00	23841.06	23850.46	23793.56	23799.06	1622	0	129
2025.09.05	14:00:00	23799.56	23827.56	23793.56	23812.56	1627	0	129
2025.09.05	15:00:00	23813.56	23816.56	23742.28	23814.06	4165	0	129
2025.09.05	16:00:00	23813.56	23833.46	23710.96	23728.46	5571	0	129
2025.09.05	17:00:00	23727.96	23731.46	23551.46	23551.46	9940	0	149
2025.09.05	18:00:00	23552.96	23616.96	23546.46	23588.96	6547	0	139
2025.09.05	19:00:00	23588.96	23622.06	23577.96	23610.06	5178	0	219
2025.09.05	20:00:00	23610.56	23617.06	23573.46	23594.16	4259	0	189
2025.09.05	21:00:00	23593.16	23656.26	23588.06	23655.76	2644	0	149
2025.09.05	22:00:00	23654.76	23668.96	23624.96	23660.26	1449	0	149
2025.09.08	01:00:00	23614.53	23677.93	23614.33	23664.83	1821	0	355
2025.09.08	02:00:00	23664.96	23688.76	23662.86	23684.46	2223	0	319
2025.09.08	03:00:00	23683.86	23738.96	23680.96	23711.26	1558	0	309
2025.09.08	04:00:00	23711.76	23728.56	23699.66	23717.36	454	0	309
2025.09.08	05:00:00	23718.86	23720.36	23689.26	23707.26	385	0	309
2025.09.08	06:00:00	23707.76	23724.86	23704.56	23722.86	244	0	309
2025.09.08	07:00:00	23722.36	23725.26	23688.76	23692.66	351	0	309
2025.09.08	08:00:00	23692.16	23703.76	23668.66	23670.76	446	0	309
2025.09.08	09:00:00	23670.26	23751.66	23670.26	23740.36	1546	0	149
2025.09.08	10:00:00	23743.86	23801.66	23731.16	23771.66	3938	0	129
2025.09.08	11:00:00	23773.66	23777.66	23719.66	23748.26	2723	0	129
2025.09.08	12:00:00	23747.76	23779.76	23732.66	23779.76	2049	0	129
2025.09.08	13:00:00	23779.26	23780.26	23729.96	23738.96	2002	0	129
2025.09.08	14:00:00	23739.96	23740.96	23690.46	23690.96	2005	0	129
2025.09.08	15:00:00	23691.46	23707.46	23654.86	23688.96	2530	0	129
2025.09.08	16:00:00	23685.96	23760.86	23685.96	23741.36	4051	0	129
2025.09.08	17:00:00	23740.86	23776.96	23720.36	23769.96	3542	0	129
2025.09.08	18:00:00	23770.96	23833.86	23767.96	23804.86	2695	0	129
2025.09.08	19:00:00	23803.86	23804.36	23770.06	23790.26	2323	0	149
2025.09.08	20:00:00	23790.76	23792.76	23762.46	23766.36	1868	0	149
2025.09.08	21:00:00	23766.86	23798.86	23760.36	23791.36	1522	0	149
2025.09.08	22:00:00	23790.86	23798.66	23767.36	23794.96	1782	0	149
2025.09.08	23:00:00	23794.83	23800.93	23785.03	23790.23	1365	0	245
2025.09.09	01:00:00	23802.63	23815.83	23796.53	23815.13	685	0	335
2025.09.09	02:00:00	23815.26	23819.96	23804.96	23805.76	661	0	309
2025.09.09	03:00:00	23807.36	23815.16	23769.06	23776.66	922	0	309
2025.09.09	04:00:00	23775.16	23786.16	23748.66	23758.76	289	0	309
2025.09.09	05:00:00	23759.26	23786.06	23759.26	23769.06	184	0	309
2025.09.09	06:00:00	23769.16	23783.56	23765.26	23779.46	268	0	309
2025.09.09	07:00:00	23781.46	23786.36	23767.16	23767.16	178	0	309
2025.09.09	08:00:00	23764.66	23769.76	23702.96	23740.86	543	0	309
2025.09.09	09:00:00	23741.36	23816.56	23734.66	23809.66	1122	0	149
2025.09.09	10:00:00	23812.16	23862.56	23767.76	23784.26	3675	0	139
2025.09.09	11:00:00	23785.76	23788.26	23663.26	23675.76	3124	0	139
2025.09.09	12:00:00	23676.26	23724.26	23647.76	23719.26	2315	0	129
2025.09.09	13:00:00	23718.76	23756.26	23712.26	23719.26	1630	0	129
2025.09.09	14:00:00	23718.76	23728.76	23663.76	23683.26	1625	0	129
2025.09.09	15:00:00	23683.76	23741.76	23675.26	23676.76	1887	0	129
2025.09.09	16:00:00	23677.26	23693.16	23631.66	23676.66	4543	0	129
2025.09.09	17:00:00	23677.16	23728.26	23646.66	23720.26	4560	0	129
2025.09.09	18:00:00	23720.76	23733.26	23695.76	23709.06	2571	0	129
2025.09.09	19:00:00	23709.56	23740.16	23703.66	23725.16	1353	0	149
2025.09.09	20:00:00	23724.66	23761.36	23722.46	23756.16	1056	0	149
2025.09.09	21:00:00	23757.16	23774.16	23745.56	23765.66	1032	0	149
2025.09.09	22:00:00	23764.16	23790.06	23757.66	23782.76	891	0	149
2025.09.09	23:00:00	23782.63	23822.63	23765.93	23816.53	2740	0	255
2025.09.10	01:00:00	23811.63	23822.03	23810.03	23813.53	939	0	345
2025.09.10	02:00:00	23813.66	23814.66	23793.36	23798.56	1220	0	319
2025.09.10	03:00:00	23798.06	23844.46	23794.36	23839.36	921	0	309
2025.09.10	04:00:00	23838.86	23845.86	23820.96	23836.56	395	0	309
2025.09.10	05:00:00	23838.56	23840.06	23816.26	23818.06	103	0	309
2025.09.10	06:00:00	23817.56	23845.96	23817.56	23842.66	114	0	309
2025.09.10	07:00:00	23843.16	23843.16	23795.16	23807.16	188	0	309
2025.09.10	08:00:00	23806.16	23829.06	23795.56	23824.86	346	0	309
2025.09.10	09:00:00	23825.86	23855.76	23802.76	23829.16	1492	0	149
2025.09.10	10:00:00	23830.16	23884.66	23790.46	23873.66	4504	0	129
2025.09.10	11:00:00	23875.66	23882.66	23715.56	23729.56	3476	0	129
2025.09.10	12:00:00	23728.56	23770.66	23684.16	23768.66	2849	0	129
2025.09.10	13:00:00	23768.16	23778.66	23731.66	23755.16	1912	0	129
2025.09.10	14:00:00	23758.16	23763.66	23716.16	23733.66	1557	0	129
2025.09.10	15:00:00	23734.16	23803.59	23714.16	23725.66	2891	0	129
2025.09.10	16:00:00	23726.16	23733.66	23633.06	23650.56	4296	0	129
2025.09.10	17:00:00	23651.06	23675.56	23598.56	23615.66	3860	0	139
2025.09.10	18:00:00	23616.16	23649.36	23599.66	23631.86	2748	0	129
2025.09.10	19:00:00	23631.36	23644.56	23590.16	23616.06	1442	0	149
2025.09.10	20:00:00	23615.56	23631.06	23602.16	23618.06	1381	0	149
2025.09.10	21:00:00	23617.56	23627.36	23598.56	23623.86	1359	0	149
2025.09.10	22:00:00	23623.36	23628.36	23584.26	23606.06	1626	0	149
2025.09.10	23:00:00	23601.06	23614.43	23593.33	23597.63	1732	0	345
2025.09.11	01:00:00	23610.63	23625.13	23601.53	23614.63	650	0	335
2025.09.11	02:00:00	23614.76	23630.76	23611.56	23619.86	998	0	309
2025.09.11	03:00:00	23617.56	23645.46	23603.56	23637.86	1036	0	309
2025.09.11	04:00:00	23635.86	23644.66	23619.16	23640.76	336	0	309
2025.09.11	05:00:00	23640.26	23645.96	23629.26	23634.46	190	0	309
2025.09.11	06:00:00	23631.96	23644.46	23626.56	23631.06	181	0	309
2025.09.11	07:00:00	23630.56	23630.66	23585.66	23597.86	338	0	309
2025.09.11	08:00:00	23598.86	23624.86	23585.56	23589.56	493	0	309
2025.09.11	09:00:00	23590.06	23668.76	23578.56	23665.76	1332	0	149
2025.09.11	10:00:00	23667.26	23667.26	23555.26	23640.36	4352	0	129
2025.09.11	11:00:00	23641.86	23666.86	23601.76	23605.86	2995	0	129
2025.09.11	12:00:00	23603.36	23634.86	23597.26	23632.36	2482	0	129
2025.09.11	13:00:00	23631.86	23693.36	23631.86	23683.36	1828	0	129
2025.09.11	14:00:00	23684.36	23702.16	23662.66	23679.16	1884	0	129
2025.09.11	15:00:00	23677.66	23728.06	23637.06	23713.56	4457	0	129
2025.09.11	16:00:00	23713.06	23790.56	23661.06	23778.06	4884	0	129
2025.09.11	17:00:00	23777.06	23782.06	23649.06	23663.06	4685	0	139
2025.09.11	18:00:00	23661.56	23714.36	23652.56	23706.06	2783	0	129
2025.09.11	19:00:00	23705.56	23726.06	23704.56	23717.06	1595	0	149
2025.09.11	20:00:00	23717.56	23733.56	23708.06	23733.06	1698	0	149
2025.09.11	21:00:00	23734.06	23741.06	23724.06	23738.06	1488	0	149
2025.09.11	22:00:00	23736.56	23765.96	23734.06	23754.86	1410	0	149
2025.09.11	23:00:00	23754.73	23761.33	23749.23	23760.93	1381	0	215
2025.09.12	01:00:00	23761.83	23766.13	23749.13	23750.23	800	0	335
2025.09.12	02:00:00	23751.03	23759.66	23748.36	23756.06	681	0	299
2025.09.12	03:00:00	23755.76	23762.36	23742.26	23751.16	659	0	309
2025.09.12	04:00:00	23750.16	23754.66	23708.26	23719.06	297	0	309
2025.09.12	05:00:00	23718.56	23730.66	23705.56	23718.06	289	0	309
2025.09.12	06:00:00	23718.06	23724.16	23704.46	23720.66	223	0	309
2025.09.12	07:00:00	23721.16	23740.16	23719.16	23727.36	152	0	309
2025.09.12	08:00:00	23727.66	23760.66	23726.16	23754.06	475	0	309
2025.09.12	09:00:00	23754.56	23774.56	23715.16	23736.46	1693	0	149
2025.09.12	10:00:00	23739.46	23794.46	23678.26	23679.26	4849	0	139
2025.09.12	11:00:00	23678.76	23699.26	23601.76	23637.26	4254	0	139
2025.09.12	12:00:00	23636.26	23665.26	23613.36	23630.26	3211	0	129
2025.09.12	13:00:00	23629.26	23658.26	23601.76	23648.36	2298	0	129
2025.09.12	14:00:00	23647.36	23682.36	23644.86	23681.36	1965	0	129
2025.09.12	15:00:00	23679.36	23691.86	23649.76	23672.26	2460	0	129
2025.09.12	16:00:00	23673.26	23722.26	23663.36	23713.14	3140	0	129
2025.09.12	17:00:00	23712.64	23715.26	23683.86	23688.36	3262	0	129
2025.09.12	18:00:00	23687.36	23710.26	23677.86	23708.76	2167	0	129
2025.09.12	19:00:00	23709.26	23730.76	23709.26	23724.26	923	0	149
2025.09.12	20:00:00	23723.26	23727.26	23711.26	23718.26	635	0	149
2025.09.12	21:00:00	23717.76	23727.06	23712.26	23719.76	825	0	149
2025.09.12	22:00:00	23717.76	23720.26	23692.96	23712.16	1349	0	149
2025.09.15	01:00:00	23706.63	23725.03	23706.63	23721.83	397	0	325
2025.09.15	02:00:00	23721.96	23723.56	23707.36	23714.46	798	0	299
2025.09.15	03:00:00	23714.96	23717.06	23658.76	23661.56	874	0	309
2025.09.15	04:00:00	23662.06	23692.86	23661.56	23690.86	128	0	309
2025.09.15	05:00:00	23688.86	23696.36	23685.16	23692.86	190	0	309
2025.09.15	06:00:00	23692.36	23729.56	23684.36	23718.76	176	0	309
2025.09.15	07:00:00	23718.76	23742.36	23718.76	23739.16	132	0	309
2025.09.15	08:00:00	23740.66	23749.26	23725.26	23738.76	294	0	309
2025.09.15	09:00:00	23745.26	23802.66	23742.96	23793.66	1325	0	149
2025.09.15	10:00:00	23794.16	23820.76	23754.66	23820.26	4193	0	129
2025.09.15	11:00:00	23821.76	23859.16	23774.66	23789.66	3553	0	129
2025.09.15	12:00:00	23789.16	23798.16	23734.16	23748.76	2846	0	129
2025.09.15	13:00:00	23749.76	23808.26	23749.76	23800.26	1982	0	129
2025.09.15	14:00:00	23800.76	23855.26	23787.76	23848.26	1860	0	129
2025.09.15	15:00:00	23849.26	23854.16	23765.16	23768.16	2856	0	129
2025.09.15	16:00:00	23767.16	23771.66	23667.16	23710.16	3897	0	129
2025.09.15	17:00:00	23711.16	23777.66	23684.16	23746.26	3084	0	129
2025.09.15	18:00:00	23745.26	23766.06	23726.76	23760.06	2569	0	129
2025.09.15	19:00:00	23759.56	23762.56	23738.66	23740.66	1651	0	149
2025.09.15	20:00:00	23741.16	23758.16	23717.06	23754.66	1684	0	149
2025.09.15	21:00:00	23754.16	23756.16	23723.06	23735.66	1665	0	149
2025.09.15	22:00:00	23736.16	23746.26	23724.56	23746.26	2034	0	149
2025.09.15	23:00:00	23746.13	23746.23	23725.73	23731.43	1647	0	245
2025.09.16	01:00:00	23725.53	23732.83	23715.33	23717.43	673	0	335
2025.09.16	02:00:00	23717.56	23742.16	23717.26	23735.76	863	0	309
2025.09.16	03:00:00	23736.46	23736.46	23708.36	23715.06	631	0	309
2025.09.16	04:00:00	23715.56	23749.86	23708.96	23741.36	309	0	309
2025.09.16	05:00:00	23740.86	23753.46	23737.36	23746.06	195	0	309
2025.09.16	06:00:00	23747.56	23770.16	23746.56	23758.46	228	0	309
2025.09.16	07:00:00	23756.46	23760.86	23744.96	23760.86	207	0	309
2025.09.16	08:00:00	23762.36	23773.16	23749.36	23765.76	387	0	309
2025.09.16	09:00:00	23764.76	23791.86	23738.96	23739.96	1163	0	149
2025.09.16	10:00:00	23740.96	23751.36	23619.36	23636.16	4684	0	139
2025.09.16	11:00:00	23637.16	23706.76	23629.66	23688.76	3160	0	129
2025.09.16	12:00:00	23689.26	23689.26	23618.26	23621.26	2585	0	129
2025.09.16	13:00:00	23620.76	23654.26	23601.26	23609.26	2166	0	129
2025.09.16	14:00:00	23611.26	23636.76	23591.26	23600.26	2547	0	129
2025.09.16	15:00:00	23600.76	23613.76	23522.66	23547.66	2520	0	129
2025.09.16	16:00:00	23544.66	23577.26	23454.16	23481.26	4686	0	129
2025.09.16	17:00:00	23480.76	23483.66	23379.66	23387.26	4813	0	129
2025.09.16	18:00:00	23388.26	23390.26	23314.26	23362.86	3639	0	129
2025.09.16	19:00:00	23362.36	23385.16	23353.26	23380.16	2162	0	149
2025.09.16	20:00:00	23379.66	23407.06	23364.46	23400.06	1552	0	149
2025.09.16	21:00:00	23399.56	23412.06	23387.66	23411.16	1364	0	149
2025.09.16	22:00:00	23410.66	23412.66	23387.66	23391.96	1910	0	149
2025.09.16	23:00:00	23391.83	23407.03	23389.53	23404.53	1234	0	225
2025.09.17	01:00:00	23390.43	23410.53	23390.43	23406.43	521	0	335
2025.09.17	02:00:00	23406.56	23410.16	23397.46	23404.56	445	0	299
2025.09.17	03:00:00	23404.06	23410.56	23378.76	23389.06	761	0	309
2025.09.17	04:00:00	23389.16	23403.86	23368.46	23369.46	384	0	309
2025.09.17	05:00:00	23369.96	23383.66	23366.16	23383.16	314	0	309
2025.09.17	06:00:00	23382.16	23394.16	23374.56	23394.16	248	0	309
2025.09.17	07:00:00	23394.66	23404.26	23379.76	23398.96	281	0	309
2025.09.17	08:00:00	23399.46	23406.96	23373.36	23399.66	421	0	309
2025.09.17	09:00:00	23395.76	23422.76	23371.66	23406.06	1413	0	149
2025.09.17	10:00:00	23405.56	23465.46	23388.96	23459.96	3577	0	129
2025.09.17	11:00:00	23460.46	23470.96	23392.46	23419.46	2867	0	129
2025.09.17	12:00:00	23419.96	23422.46	23333.06	23340.46	2381	0	129
2025.09.17	13:00:00	23338.96	23370.06	23285.46	23306.96	2049	0	129
2025.09.17	14:00:00	23307.96	23342.46	23277.46	23329.46	1958	0	129
2025.09.17	15:00:00	23329.96	23385.46	23317.46	23381.46	2125	0	129
2025.09.17	16:00:00	23381.96	23450.86	23373.96	23416.36	3153	0	129
2025.09.17	17:00:00	23418.86	23429.86	23331.36	23332.86	3044	0	129
2025.09.17	18:00:00	23333.86	23399.26	23309.86	23395.66	2602	0	129
2025.09.17	19:00:00	23395.16	23397.16	23365.56	23369.56	1445	0	149
2025.09.17	20:00:00	23369.06	23410.49	23369.06	23409.19	1342	0	149
2025.09.17	21:00:00	23408.97	23436.69	23304.56	23386.56	8598	0	249
2025.09.17	22:00:00	23386.06	23416.56	23361.56	23389.06	7482	0	249
2025.09.17	23:00:00	23394.13	23411.43	23379.03	23392.93	2524	0	355
2025.09.18	01:00:00	23405.93	23448.03	23405.93	23440.03	1109	0	345
2025.09.18	02:00:00	23440.16	23464.66	23439.06	23451.66	1121	0	309
2025.09.18	03:00:00	23451.96	23457.96	23395.26	23455.76	1040	0	329
2025.09.18	04:00:00	23456.26	23507.56	23449.06	23460.16	544	0	309
2025.09.18	05:00:00	23459.66	23467.76	23447.46	23465.66	320	0	309
2025.09.18	06:00:00	23469.66	23509.66	23469.66	23496.76	412	0	309
2025.09.18	07:00:00	23497.26	23501.76	23460.26	23467.06	384	0	309
2025.09.18	08:00:00	23466.56	23472.26	23419.76	23422.76	670	0	309
2025.09.18	09:00:00	23421.26	23497.06	23412.56	23492.46	1800	0	179
2025.09.18	10:00:00	23492.06	23627.96	23492.06	23614.46	4019	0	139
2025.09.18	11:00:00	23612.96	23685.46	23579.96	23680.46	3115	0	139
2025.09.18	12:00:00	23681.46	23693.46	23621.46	23623.46	2315	0	129
2025.09.18	13:00:00	23623.96	23655.06	23612.56	23623.56	1880	0	129
2025.09.18	14:00:00	23621.06	23672.46	23616.46	23641.06	2657	0	129
2025.09.18	15:00:00	23641.56	23643.06	23598.46	23632.96	2545	0	129
2025.09.18	16:00:00	23627.46	23633.46	23572.46	23615.96	4307	0	129
2025.09.18	17:00:00	23618.46	23689.76	23611.26	23627.76	3574	0	129
2025.09.18	18:00:00	23629.26	23696.26	23602.26	23646.76	3237	0	129
2025.09.18	19:00:00	23646.26	23716.16	23646.26	23716.16	2022	0	149
2025.09.18	20:00:00	23715.66	23720.66	23687.56	23695.06	1153	0	149
2025.09.18	21:00:00	23694.56	23722.16	23675.06	23710.66	859	0	149
2025.09.18	22:00:00	23708.66	23723.96	23676.86	23691.26	990	0	149
2025.09.18	23:00:00	23691.13	23710.23	23687.53	23708.73	1607	0	275
2025.09.19	01:00:00	23723.23	23728.83	23710.03	23725.63	875	0	335
2025.09.19	02:00:00	23725.93	23737.06	23721.26	23727.06	902	0	309
2025.09.19	03:00:00	23728.06	23738.76	23689.66	23701.86	974	0	309
2025.09.19	04:00:00	23701.36	23705.26	23693.76	23700.76	394	0	309
2025.09.19	05:00:00	23700.26	23707.26	23675.26	23693.46	252	0	309
2025.09.19	06:00:00	23692.46	23703.16	23676.66	23689.66	303	0	309
2025.09.19	07:00:00	23689.16	23689.16	23653.56	23684.76	465	0	309
2025.09.19	08:00:00	23685.26	23699.16	23660.36	23672.06	375	0	309
2025.09.19	09:00:00	23671.06	23738.26	23667.56	23723.36	2022	0	169
2025.09.19	10:00:00	23721.86	23757.66	23664.76	23750.16	4567	0	129
2025.09.19	11:00:00	23749.66	23787.66	23699.66	23712.66	3378	0	129
2025.09.19	12:00:00	23712.16	23722.66	23636.66	23639.56	3540	0	129
2025.09.19	13:00:00	23640.06	23645.66	23604.06	23624.66	2476	0	129
2025.09.19	14:00:00	23626.66	23642.06	23595.16	23627.16	2477	0	129
2025.09.19	15:00:00	23626.16	23667.26	23622.66	23662.76	2255	0	129
2025.09.19	16:00:00	23662.26	23688.26	23642.26	23672.76	4147	0	129
2025.09.19	17:00:00	23670.76	23706.66	23654.26	23666.76	4041	0	129
2025.09.19	18:00:00	23665.26	23678.26	23614.66	23638.76	4264	0	129
2025.09.19	19:00:00	23638.26	23644.26	23618.16	23626.66	2141	0	149
2025.09.19	20:00:00	23626.16	23657.16	23622.66	23655.16	1299	0	149
2025.09.19	21:00:00	23654.66	23658.16	23638.66	23653.16	1369	0	149
2025.09.19	22:00:00	23652.16	23666.16	23650.66	23661.16	1132	0	149
2025.09.22	01:00:00	23639.23	23645.83	23620.03	23634.13	978	0	345
2025.09.22	02:00:00	23634.43	23637.46	23625.76	23628.46	738	0	309
2025.09.22	03:00:00	23627.96	23691.96	23626.86	23655.76	809	0	309
2025.09.22	04:00:00	23655.26	23682.76	23651.06	23657.86	374	0	309
2025.09.22	05:00:00	23657.86	23668.46	23654.66	23660.66	174	0	309
2025.09.22	06:00:00	23658.66	23672.76	23644.96	23669.46	209	0	309
2025.09.22	07:00:00	23670.96	23677.96	23647.26	23655.76	153	0	309
2025.09.22	08:00:00	23657.26	23663.56	23620.96	23620.96	416	0	309
2025.09.22	09:00:00	23622.96	23638.46	23558.86	23559.86	1613	0	149
2025.09.22	10:00:00	23559.36	23586.76	23468.26	23515.36	5561	0	139
2025.09.22	11:00:00	23513.86	23550.36	23498.86	23504.86	3392	0	129
2025.09.22	12:00:00	23504.36	23520.86	23426.86	23431.86	3341	0	129
2025.09.22	13:00:00	23430.86	23510.96	23418.86	23481.96	2404	0	129
2025.09.22	14:00:00	23479.46	23503.46	23455.86	23485.46	2346	0	129
2025.09.22	15:00:00	23485.96	23526.96	23477.36	23494.46	2244	0	129
2025.09.22	16:00:00	23493.96	23507.96	23453.86	23501.36	3636	0	129
2025.09.22	17:00:00	23500.86	23512.46	23464.96	23499.96	3157	0	129
2025.09.22	18:00:00	23498.96	23546.36	23497.96	23520.56	2488	0	129
2025.09.22	19:00:00	23519.06	23560.86	23518.56	23560.86	2176	0	149
2025.09.22	20:00:00	23561.36	23588.36	23559.36	23579.86	1237	0	149
2025.09.22	21:00:00	23578.86	23599.36	23571.86	23595.86	1150	0	149
2025.09.22	22:00:00	23596.36	23598.86	23583.16	23585.06	1424	0	149
2025.09.22	23:00:00	23584.43	23584.63	23559.43	23567.63	1377	0	235
2025.09.23	01:00:00	23574.63	23578.03	23564.63	23569.83	697	0	335
2025.09.23	02:00:00	23569.96	23586.96	23567.26	23579.16	624	0	299
2025.09.23	03:00:00	23579.96	23589.06	23573.76	23577.46	520	0	309
2025.09.23	04:00:00	23577.96	23590.86	23573.86	23579.56	296	0	309
2025.09.23	05:00:00	23580.06	23585.06	23567.96	23570.56	226	0	309
2025.09.23	06:00:00	23571.56	23595.26	23568.56	23587.46	257	0	309
2025.09.23	07:00:00	23586.46	23590.86	23559.86	23572.56	264	0	309
2025.09.23	08:00:00	23573.06	23632.76	23573.06	23597.66	589	0	309
2025.09.23	09:00:00	23598.16	23648.26	23598.16	23640.06	1262	0	149
2025.09.23	10:00:00	23640.56	23673.86	23592.86	23631.36	4473	0	139
2025.09.23	11:00:00	23632.36	23725.36	23626.36	23709.86	3065	0	129
2025.09.23	12:00:00	23710.36	23714.86	23654.96	23663.96	2333	0	129
2025.09.23	13:00:00	23664.96	23664.96	23561.16	23593.06	2493	0	129
2025.09.23	14:00:00	23594.56	23617.16	23579.16	23617.16	1771	0	129
2025.09.23	15:00:00	23616.66	23647.16	23610.16	23645.76	1947	0	129
2025.09.23	16:00:00	23644.76	23687.66	23618.76	23665.66	3074	0	129
2025.09.23	17:00:00	23667.66	23677.76	23625.66	23668.76	2859	0	129
2025.09.23	18:00:00	23669.26	23670.26	23610.16	23618.56	2526	0	129
2025.09.23	19:00:00	23619.56	23634.66	23597.96	23624.06	2225	0	149
2025.09.23	20:00:00	23624.56	23627.66	23545.16	23566.76	3323	0	149
2025.09.23	21:00:00	23567.26	23577.06	23538.76	23550.26	2622	0	149
2025.09.23	22:00:00	23549.76	23556.96	23499.16	23546.26	2173	0	149
2025.09.23	23:00:00	23546.13	23556.13	23540.43	23547.83	1226	0	255
2025.09.24	01:00:00	23555.53	23561.43	23546.73	23558.83	602	0	335
2025.09.24	02:00:00	23558.96	23559.56	23548.06	23549.96	561	0	309
2025.09.24	03:00:00	23549.46	23551.96	23524.06	23539.96	960	0	309
2025.09.24	04:00:00	23537.96	23544.86	23529.46	23534.36	333	0	309
2025.09.24	05:00:00	23535.36	23556.76	23534.36	23551.96	391	0	309
2025.09.24	06:00:00	23553.46	23555.96	23548.26	23552.96	186	0	309
2025.09.24	07:00:00	23553.96	23556.96	23546.96	23552.36	191	0	309
2025.09.24	08:00:00	23553.36	23590.86	23547.16	23589.66	484	0	309
2025.09.24	09:00:00	23586.66	23609.16	23566.26	23593.26	1189	0	149
2025.09.24	10:00:00	23589.36	23627.76	23494.26	23593.76	4759	0	129
2025.09.24	11:00:00	23595.76	23610.26	23579.86	23585.36	2792	0	129
2025.09.24	12:00:00	23583.36	23587.76	23554.36	23576.36	2224	0	129
2025.09.24	13:00:00	23576.86	23614.36	23559.86	23597.36	1948	0	129
2025.09.24	14:00:00	23597.86	23609.76	23542.36	23607.76	2494	0	129
2025.09.24	15:00:00	23607.26	23661.36	23606.26	23624.86	3073	0	129
2025.09.24	16:00:00	23624.36	23697.86	23620.86	23651.86	3972	0	129
2025.09.24	17:00:00	23652.36	23737.96	23642.36	23703.46	3823	0	129
2025.09.24	18:00:00	23701.46	23703.86	23644.46	23646.86	3591	0	129
2025.09.24	19:00:00	23646.36	23685.36	23637.56	23671.66	3423	0	149
2025.09.24	20:00:00	23673.26	23691.86	23658.26	23661.86	2462	0	149
2025.09.24	21:00:00	23662.36	23674.76	23647.36	23673.26	1962	0	149
2025.09.24	22:00:00	23672.76	23691.76	23667.76	23690.96	2172	0	149
2025.09.24	23:00:00	23692.96	23711.73	23692.83	23703.53	1359	0	229
2025.09.25	01:00:00	23703.13	23708.13	23698.23	23706.83	528	0	325
2025.09.25	02:00:00	23706.96	23712.56	23698.46	23711.46	619	0	299
2025.09.25	03:00:00	23711.76	23726.26	23687.96	23692.96	964	0	319
2025.09.25	04:00:00	23693.46	23703.46	23672.36	23701.56	603	0	309
2025.09.25	05:00:00	23702.06	23710.16	23701.56	23705.16	331	0	309
2025.09.25	06:00:00	23705.66	23717.46	23703.96	23707.16	419	0	309
2025.09.25	07:00:00	23706.66	23716.26	23689.26	23695.06	352	0	309
2025.09.25	08:00:00	23694.06	23708.46	23679.26	23708.46	585	0	309
2025.09.25	09:00:00	23708.96	23729.76	23659.26	23661.26	1540	0	149
2025.09.25	10:00:00	23654.26	23663.96	23535.96	23595.46	5374	0	139
2025.09.25	11:00:00	23597.46	23615.96	23524.96	23533.46	3227	0	129
2025.09.25	12:00:00	23534.46	23586.46	23423.96	23468.46	3700	0	129
2025.09.25	13:00:00	23469.46	23533.56	23461.46	23497.06	2965	0	129
2025.09.25	14:00:00	23495.56	23499.06	23373.96	23418.46	3594	0	129
2025.09.25	15:00:00	23417.96	23434.96	23389.56	23426.56	3819	0	139
2025.09.25	16:00:00	23426.06	23504.06	23424.06	23489.06	5600	0	129
2025.09.25	17:00:00	23486.06	23565.16	23486.06	23554.16	4573	0	129
2025.09.25	18:00:00	23553.66	23565.56	23513.16	23555.86	3597	0	129
2025.09.25	19:00:00	23555.36	23573.16	23536.66	23561.96	3253	0	149
2025.09.25	20:00:00	23560.96	23578.86	23503.06	23503.56	3719	0	149
2025.09.25	21:00:00	23503.06	23560.66	23457.06	23552.36	4077	0	189
2025.09.25	22:00:00	23550.36	23577.56	23533.76	23572.06	3003	0	169
2025.09.25	23:00:00	23571.56	23592.43	23570.33	23585.33	1788	0	249
2025.09.26	01:00:00	23580.63	23592.33	23566.63	23573.83	646	0	335
2025.09.26	02:00:00	23573.96	23578.36	23561.76	23563.56	1281	0	319
2025.09.26	03:00:00	23562.76	23585.46	23551.36	23578.86	1246	0	309
2025.09.26	04:00:00	23576.86	23577.86	23550.96	23566.06	884	0	319
2025.09.26	05:00:00	23565.56	23581.96	23558.56	23569.06	545	0	309
2025.09.26	06:00:00	23568.06	23569.16	23542.76	23559.56	505	0	309
2025.09.26	07:00:00	23558.56	23571.36	23530.86	23535.86	770	0	309
2025.09.26	08:00:00	23536.86	23574.86	23526.86	23566.36	817	0	309
2025.09.26	09:00:00	23569.36	23619.76	23566.86	23610.66	1700	0	149
2025.09.26	10:00:00	23609.16	23672.06	23582.06	23649.96	4446	0	129
2025.09.26	11:00:00	23650.46	23686.96	23597.96	23599.96	2672	0	129
2025.09.26	12:00:00	23597.96	23624.96	23573.86	23611.96	2675	0	129
2025.09.26	13:00:00	23610.96	23632.86	23590.06	23600.16	1940	0	129
2025.09.26	14:00:00	23601.16	23690.66	23591.66	23683.26	2125	0	129
2025.09.26	15:00:00	23680.26	23750.66	23655.76	23730.16	2974	0	129
2025.09.26	16:00:00	23731.16	23749.16	23669.16	23740.66	4068	0	129
2025.09.26	17:00:00	23743.66	23758.66	23677.16	23698.86	5362	0	129
2025.09.26	18:00:00	23697.86	23743.46	23689.86	23706.56	4004	0	129
2025.09.26	19:00:00	23707.06	23746.96	23696.96	23743.86	3363	0	149
2025.09.26	20:00:00	23742.86	23743.36	23718.76	23729.86	2033	0	149
2025.09.26	21:00:00	23729.36	23747.46	23718.36	23741.96	1815	0	149
2025.09.26	22:00:00	23738.46	23748.96	23731.26	23748.96	1377	0	149
2025.09.29	01:00:00	23754.03	23773.13	23751.43	23765.23	785	0	325
2025.09.29	02:00:00	23765.03	23780.76	23763.86	23772.56	1001	0	289
2025.09.29	03:00:00	23772.76	23830.06	23767.16	23808.06	1353	0	309
2025.09.29	04:00:00	23806.56	23810.56	23784.06	23795.76	757	0	299
2025.09.29	05:00:00	23794.26	23813.36	23787.16	23812.36	451	0	289
2025.09.29	06:00:00	23810.36	23819.36	23799.76	23814.56	427	0	289
2025.09.29	07:00:00	23814.06	23847.66	23811.06	23837.36	488	0	289
2025.09.29	08:00:00	23834.36	23850.06	23824.56	23825.56	743	0	289
2025.09.29	09:00:00	23822.06	23876.46	23796.66	23838.76	1758	0	129
2025.09.29	10:00:00	23844.76	23864.66	23732.26	23741.66	4817	0	119
2025.09.29	11:00:00	23741.16	23813.76	23736.66	23798.76	2995	0	109
2025.09.29	12:00:00	23798.26	23822.26	23763.26	23769.26	2392	0	109
2025.09.29	13:00:00	23770.26	23816.26	23756.26	23772.26	2005	0	109
2025.09.29	14:00:00	23772.76	23773.26	23729.26	23748.76	2001	0	109
2025.09.29	15:00:00	23748.26	23751.76	23676.16	23680.16	2365	0	109
2025.09.29	16:00:00	23679.66	23734.26	23665.26	23708.26	4060	0	109
2025.09.29	17:00:00	23709.76	23762.06	23702.76	23758.06	3360	0	109
2025.09.29	18:00:00	23756.06	23787.06	23717.66	23727.76	2928	0	109
2025.09.29	19:00:00	23728.26	23743.96	23721.76	23734.96	2020	0	129
2025.09.29	20:00:00	23735.46	23735.46	23710.96	23735.46	1565	0	129
2025.09.29	21:00:00	23734.96	23757.96	23734.46	23751.96	1069	0	129
2025.09.29	22:00:00	23751.46	23764.96	23725.86	23763.96	1909	0	129
2025.09.29	23:00:00	23762.46	23769.03	23741.73	23744.33	1352	0	325
2025.09.30	01:00:00	23753.93	23762.93	23744.93	23759.13	544	0	315
2025.09.30	02:00:00	23759.26	23767.26	23753.76	23755.06	592	0	279
2025.09.30	03:00:00	23754.36	23774.46	23738.86	23759.56	1443	0	299
2025.09.30	04:00:00	23758.56	23760.96	23736.36	23752.46	923	0	289
2025.09.30	05:00:00	23751.46	23758.66	23749.76	23755.76	555	0	289
2025.09.30	06:00:00	23753.26	23782.66	23748.76	23758.76	453	0	289
2025.09.30	07:00:00	23759.26	23773.96	23749.66	23751.56	431	0	289
2025.09.30	08:00:00	23751.06	23773.96	23740.16	23756.26	709	0	289
2025.09.30	09:00:00	23755.76	23770.06	23716.66	23716.66	1553	0	129
2025.09.30	10:00:00	23716.56	23736.06	23680.56	23711.86	4539	0	109
2025.09.30	11:00:00	23706.86	23749.36	23673.86	23727.36	3296	0	109
2025.09.30	12:00:00	23726.86	23762.36	23713.36	23740.86	2406	0	109
2025.09.30	13:00:00	23740.36	23781.36	23740.36	23762.36	1717	0	109
2025.09.30	14:00:00	23761.86	23780.86	23745.36	23773.86	1548	0	109
2025.09.30	15:00:00	23774.36	23808.86	23765.86	23799.36	2045	0	109
2025.09.30	16:00:00	23799.86	23828.36	23788.36	23800.07	3193	0	109
2025.09.30	17:00:00	23808.07	23836.16	23767.36	23833.16	4255	0	109
2025.09.30	18:00:00	23832.66	23893.16	23832.16	23882.46	3712	0	109
2025.09.30	19:00:00	23882.96	23928.16	23880.76	23887.06	2618	0	129
2025.09.30	20:00:00	23887.56	23907.06	23871.56	23892.06	1960	0	129
2025.09.30	21:00:00	23892.56	23917.06	23890.06	23911.06	1713	0	129
2025.09.30	22:00:00	23912.06	23954.66	23905.06	23936.06	2148	0	129
2025.09.30	23:00:00	23936.56	23936.93	23893.33	23900.73	2744	0	229
2025.10.01	01:00:00	23915.03	23925.03	23890.63	23900.33	1294	0	325
2025.10.01	02:00:00	23900.03	23910.16	23887.56	23902.76	1465	0	289
2025.10.01	03:00:00	23902.46	23943.16	23893.36	23916.66	1590	0	319
2025.10.01	04:00:00	23915.66	23925.56	23901.56	23906.26	718	0	289
2025.10.01	05:00:00	23905.26	23908.76	23891.86	23895.86	534	0	289
2025.10.01	06:00:00	23896.36	23911.56	23884.26	23904.36	594	0	289
2025.10.01	07:00:00	23904.86	23907.86	23879.16	23883.26	506	0	289
2025.10.01	08:00:00	23880.26	23880.26	23829.46	23836.96	732	0	289
2025.10.01	09:00:00	23836.46	23863.16	23776.16	23794.66	2115	0	129
2025.10.01	10:00:00	23786.66	23817.76	23741.66	23806.76	4677	0	109
2025.10.01	11:00:00	23804.76	23887.76	23780.26	23861.76	3334	0	109
2025.10.01	12:00:00	23860.76	23987.76	23853.76	23970.26	2936	0	109
2025.10.01	13:00:00	23969.76	24010.26	23963.26	24002.76	2444	0	109
2025.10.01	14:00:00	24003.76	24016.76	23980.76	24002.26	2321	0	109
2025.10.01	15:00:00	24001.76	24005.76	23939.16	23984.26	3119	0	109
2025.10.01	16:00:00	23983.76	24095.26	23974.76	24074.47	3901	0	109
2025.10.01	17:00:00	24076.97	24145.76	24070.76	24093.76	3569	0	109
2025.10.01	18:00:00	24092.76	24166.26	24091.26	24142.66	2962	0	109
2025.10.01	19:00:00	24143.66	24193.26	24138.16	24188.76	1939	0	129
2025.10.01	20:00:00	24188.26	24235.46	24181.96	24228.36	2028	0	129
2025.10.01	21:00:00	24229.86	24254.66	24216.76	24248.16	1748	0	129
2025.10.01	22:00:00	24248.66	24267.06	24227.96	24233.66	1721	0	129
2025.10.01	23:00:00	24225.83	24228.43	24206.93	24216.63	1698	0	325
2025.10.02	01:00:00	24226.73	24231.43	24221.13	24226.13	447	0	305
2025.10.02	02:00:00	24226.26	24236.86	24213.76	24228.96	1034	0	289
2025.10.02	03:00:00	24229.96	24251.36	24211.16	24243.86	1358	0	289
2025.10.02	04:00:00	24244.36	24272.26	24236.76	24267.46	848	0	289
2025.10.02	05:00:00	24267.96	24267.96	24243.86	24260.06	543	0	289
2025.10.02	06:00:00	24260.56	24275.76	24253.86	24269.66	560	0	289
2025.10.02	07:00:00	24270.16	24290.26	24248.26	24253.46	716	0	289
2025.10.02	08:00:00	24252.96	24288.26	24250.96	24271.16	708	0	299
2025.10.02	09:00:00	24271.66	24311.86	24241.86	24282.36	1778	0	129
2025.10.02	10:00:00	24271.86	24309.86	24240.36	24280.86	5338	0	119
2025.10.02	11:00:00	24285.36	24448.86	24284.36	24442.36	3854	0	109
2025.10.02	12:00:00	24436.36	24465.36	24384.36	24402.36	3055	0	109
2025.10.02	13:00:00	24400.86	24444.46	24398.36	24443.46	2184	0	109
2025.10.02	14:00:00	24442.96	24462.96	24415.86	24446.46	2206	0	109
2025.10.02	15:00:00	24446.96	24490.96	24432.96	24441.96	2057	0	109
2025.10.02	16:00:00	24442.96	24503.36	24440.96	24458.86	4156	0	109
2025.10.02	17:00:00	24458.36	24462.86	24386.56	24390.66	4464	0	109
2025.10.02	18:00:00	24389.66	24457.76	24384.66	24456.26	3396	0	109
2025.10.02	19:00:00	24455.26	24483.46	24448.36	24461.46	2478	0	129
2025.10.02	20:00:00	24460.96	24483.56	24451.46	24481.06	1744	0	129
2025.10.02	21:00:00	24480.56	24496.56	24471.56	24480.06	1396	0	129
2025.10.02	22:00:00	24479.56	24492.06	24458.66	24462.16	1611	0	129
2025.10.02	23:00:00	24462.03	24471.73	24457.53	24458.53	1109	0	235
2025.10.03	01:00:00	24461.83	24466.73	24442.43	24459.93	730	0	315
2025.10.03	02:00:00	24460.06	24475.96	24455.76	24474.06	782	0	289
2025.10.03	03:00:00	24472.46	24512.86	24463.76	24502.26	857	0	289
2025.10.03	04:00:00	24502.76	24512.16	24481.16	24511.36	568	0	289
2025.10.03	05:00:00	24511.86	24512.76	24487.86	24509.36	463	0	289
2025.10.03	06:00:00	24508.36	24530.26	24502.36	24526.86	292	0	289
2025.10.03	07:00:00	24525.86	24539.26	24505.16	24517.66	429	0	289
2025.10.03	08:00:00	24515.66	24525.66	24489.46	24490.56	534	0	289
2025.10.03	09:00:00	24491.06	24513.56	24472.36	24511.06	1189	0	129
2025.10.03	10:00:00	24514.06	24528.66	24447.26	24483.26	3586	0	109
2025.10.03	11:00:00	24480.76	24487.66	24437.16	24450.26	2547	0	109
2025.10.03	12:00:00	24449.76	24463.26	24439.26	24458.26	1949	0	109
2025.10.03	13:00:00	24457.26	24466.46	24431.46	24437.46	1309	0	109
2025.10.03	14:00:00	24433.96	24440.96	24367.46	24373.46	2039	0	109
2025.10.03	15:00:00	24371.46	24385.46	24352.46	24369.46	1918	0	109
2025.10.03	16:00:00	24370.46	24396.96	24346.46	24363.96	2393	0	109
2025.10.03	17:00:00	24354.86	24397.46	24344.36	24383.46	3129	0	109
2025.10.03	18:00:00	24380.46	24407.26	24359.46	24404.36	2279	0	109
2025.10.03	19:00:00	24404.86	24404.86	24384.86	24390.86	1133	0	129
2025.10.03	20:00:00	24390.36	24390.36	24336.86	24351.36	3724	0	129
2025.10.03	21:00:00	24351.86	24385.76	24340.36	24374.26	3422	0	129
2025.10.03	22:00:00	24375.76	24390.26	24369.86	24389.76	1677	0	129
2025.10.06	01:00:00	24400.03	24425.43	24393.53	24418.93	1489	0	325
2025.10.06	02:00:00	24419.06	24446.26	24416.96	24426.26	2020	0	299
2025.10.06	03:00:00	24426.56	24449.46	24398.46	24406.16	1757	0	309
2025.10.06	04:00:00	24407.16	24407.26	24374.66	24390.06	606	0	299
2025.10.06	05:00:00	24388.06	24396.16	24377.26	24387.36	449	0	289
2025.10.06	06:00:00	24386.86	24401.66	24365.96	24386.16	646	0	289
2025.10.06	07:00:00	24386.66	24431.76	24379.16	24418.36	904	0	289
2025.10.06	08:00:00	24418.86	24418.86	24381.16	24397.06	829	0	289
2025.10.06	09:00:00	24400.56	24417.66	24364.56	24373.16	1695	0	129
2025.10.06	10:00:00	24377.66	24411.76	24265.16	24320.06	5629	0	119
2025.10.06	11:00:00	24321.06	24400.56	24312.06	24392.56	4154	0	119
2025.10.06	12:00:00	24391.56	24411.66	24353.06	24366.16	2486	0	109
2025.10.06	13:00:00	24365.66	24399.16	24364.66	24394.66	2048	0	109
2025.10.06	14:00:00	24395.16	24458.66	24392.16	24450.66	2407	0	109
2025.10.06	15:00:00	24449.66	24456.16	24402.66	24432.16	2233	0	109
2025.10.06	16:00:00	24432.66	24484.56	24395.06	24398.56	3404	0	109
2025.10.06	17:00:00	24399.56	24451.56	24375.06	24426.16	3392	0	109
2025.10.06	18:00:00	24425.66	24432.16	24365.56	24397.36	2503	0	109
2025.10.06	19:00:00	24396.86	24414.96	24392.46	24410.56	1595	0	129
2025.10.06	20:00:00	24408.56	24444.56	24405.56	24440.06	1269	0	129
2025.10.06	21:00:00	24440.56	24441.96	24420.56	24427.56	1061	0	129
2025.10.06	22:00:00	24428.06	24454.56	24418.56	24439.56	1403	0	129
2025.10.06	23:00:00	24440.06	24450.63	24429.63	24443.93	1185	0	219
2025.10.07	01:00:00	24440.53	24449.53	24408.63	24412.03	788	0	295
2025.10.07	02:00:00	24412.16	24425.56	24406.76	24415.16	1522	0	309
2025.10.07	03:00:00	24413.36	24440.06	24399.56	24429.66	1386	0	319
2025.10.07	04:00:00	24432.16	24457.26	24425.56	24447.86	623	0	289
2025.10.07	05:00:00	24448.36	24449.36	24435.26	24435.26	318	0	289
2025.10.07	06:00:00	24434.26	24437.86	24427.86	24432.86	263	0	289
2025.10.07	07:00:00	24433.36	24447.86	24429.86	24434.86	324	0	289
2025.10.07	08:00:00	24433.86	24447.16	24409.16	24413.56	503	0	289
2025.10.07	09:00:00	24412.56	24426.16	24365.26	24408.46	1196	0	129
2025.10.07	10:00:00	24408.96	24421.76	24340.66	24345.16	3944	0	109
2025.10.07	11:00:00	24346.16	24358.16	24303.66	24355.66	2259	0	109
2025.10.07	12:00:00	24356.66	24390.66	24352.16	24390.66	1609	0	109
2025.10.07	13:00:00	24390.16	24431.66	24389.66	24417.66	1480	0	109
2025.10.07	14:00:00	24421.66	24440.16	24400.66	24429.16	1328	0	109
2025.10.07	15:00:00	24428.66	24430.16	24391.66	24418.16	1537	0	109
2025.10.07	16:00:00	24418.66	24453.66	24413.16	24428.66	2259	0	109
2025.10.07	17:00:00	24423.66	24429.66	24401.16	24415.16	2398	0	109
2025.10.07	18:00:00	24415.66	24422.16	24357.06	24374.16	4575	0	109
2025.10.07	19:00:00	24373.66	24404.26	24340.56	24389.36	3116	0	159
2025.10.07	20:00:00	24389.86	24402.96	24370.46	24371.96	2146	0	129
2025.10.07	21:00:00	24372.96	24383.06	24353.86	24369.06	1661	0	129
2025.10.07	22:00:00	24368.06	24387.96	24360.36	24372.76	1395	0	129
2025.10.07	23:00:00	24372.63	24387.83	24372.13	24381.83	1338	0	225
2025.10.08	01:00:00	24389.63	24393.73	24377.53	24389.23	503	0	315
2025.10.08	02:00:00	24389.36	24389.36	24355.26	24361.06	1414	0	299
2025.10.08	03:00:00	24362.06	24390.26	24351.26	24386.76	1202	0	289
2025.10.08	04:00:00	24388.26	24401.06	24378.76	24387.96	611	0	289
2025.10.08	05:00:00	24387.46	24402.96	24387.46	24394.96	420	0	289
2025.10.08	06:00:00	24394.46	24412.76	24390.96	24399.76	342	0	289
2025.10.08	07:00:00	24399.86	24419.76	24387.96	24411.76	302	0	289
2025.10.08	08:00:00	24410.76	24430.26	24404.76	24418.26	690	0	289
2025.10.08	09:00:00	24419.76	24433.16	24374.26	24378.46	1167	0	129
2025.10.08	10:00:00	24383.96	24474.26	24360.26	24468.26	4067	0	109
2025.10.08	11:00:00	24470.26	24486.76	24421.46	24452.46	2494	0	109
2025.10.08	12:00:00	24453.96	24501.56	24453.46	24476.56	2291	0	109
2025.10.08	13:00:00	24477.06	24569.96	24468.06	24553.96	1852	0	109
2025.10.08	14:00:00	24553.46	24568.06	24521.56	24534.06	1752	0	109
2025.10.08	15:00:00	24533.06	24580.06	24529.06	24577.06	1708	0	109
2025.10.08	16:00:00	24577.56	24586.56	24527.96	24564.96	2460	0	109
2025.10.08	17:00:00	24566.46	24634.06	24566.46	24612.56	2479	0	109
2025.10.08	18:00:00	24613.56	24630.06	24588.06	24599.46	1841	0	109
2025.10.08	19:00:00	24600.96	24616.46	24588.96	24599.46	958	0	129
2025.10.08	20:00:00	24599.96	24607.46	24590.46	24607.46	794	0	129
2025.10.08	21:00:00	24606.96	24611.46	24585.46	24591.96	1326	0	129
2025.10.08	22:00:00	24591.46	24629.76	24591.46	24621.66	1201	0	129
2025.10.08	23:00:00	24621.53	24633.23	24616.03	24626.03	1185	0	215
2025.10.09	01:00:00	24630.03	24641.13	24628.43	24634.83	701	0	325
2025.10.09	02:00:00	24634.96	24649.96	24628.06	24640.76	1156	0	289
2025.10.09	03:00:00	24639.66	24641.76	24613.36	24617.36	729	0	289
2025.10.09	04:00:00	24616.36	24617.86	24547.96	24574.16	964	0	289
2025.10.09	05:00:00	24573.66	24591.16	24564.76	24574.36	540	0	289
2025.10.09	06:00:00	24575.86	24591.06	24574.36	24586.66	442	0	289
2025.10.09	07:00:00	24588.66	24615.56	24585.06	24605.26	449	0	289
2025.10.09	08:00:00	24605.76	24641.96	24594.06	24635.06	697	0	309
2025.10.09	09:00:00	24635.56	24673.86	24622.36	24662.16	1260	0	129
2025.10.09	10:00:00	24663.16	24705.16	24612.46	24617.46	3992	0	119
2025.10.09	11:00:00	24618.46	24639.96	24597.96	24631.96	2270	0	109
2025.10.09	12:00:00	24631.46	24683.46	24616.46	24662.46	2061	0	109
2025.10.09	13:00:00	24665.46	24691.46	24655.66	24682.66	1746	0	109
2025.10.09	14:00:00	24682.16	24773.66	24676.16	24747.66	1711	0	109
2025.10.09	15:00:00	24748.16	24757.16	24706.16	24720.66	1665	0	109
2025.10.09	16:00:00	24720.16	24724.16	24620.06	24633.16	2995	0	109
2025.10.09	17:00:00	24632.16	24682.16	24629.16	24665.16	2977	0	109
2025.10.09	18:00:00	24666.16	24686.66	24605.56	24650.86	2513	0	109
2025.10.09	19:00:00	24651.36	24662.26	24587.66	24588.16	2094	0	129
2025.10.09	20:00:00	24588.66	24618.46	24573.26	24617.96	2585	0	139
2025.10.09	21:00:00	24618.46	24619.36	24583.46	24598.46	1589	0	129
2025.10.09	22:00:00	24598.96	24630.06	24594.96	24619.16	1462	0	129
2025.10.09	23:00:00	24619.03	24628.83	24606.03	24608.03	1294	0	245
2025.10.10	01:00:00	24627.73	24633.93	24614.33	24631.33	852	0	315
2025.10.10	02:00:00	24631.46	24646.56	24625.36	24646.36	838	0	289
2025.10.10	03:00:00	24646.56	24660.36	24627.66	24657.76	1090	0	299
2025.10.10	04:00:00	24658.26	24666.76	24643.36	24660.86	594	0	289
2025.10.10	05:00:00	24660.36	24663.46	24646.96	24647.96	334	0	289
2025.10.10	06:00:00	24648.46	24661.36	24641.86	24650.26	509	0	289
2025.10.10	07:00:00	24651.26	24660.76	24627.86	24632.16	382	0	289
2025.10.10	08:00:00	24631.66	24646.96	24609.16	24646.96	451	0	289
2025.10.10	09:00:00	24647.46	24681.16	24633.76	24647.06	1718	0	129
2025.10.10	10:00:00	24650.06	24693.36	24643.36	24666.66	3739	0	109
2025.10.10	11:00:00	24666.16	24683.56	24616.16	24638.66	2481	0	109
2025.10.10	12:00:00	24639.16	24641.16	24533.06	24538.56	2549	0	109
2025.10.10	13:00:00	24538.06	24602.16	24529.56	24595.66	1800	0	109
2025.10.10	14:00:00	24596.66	24621.66	24572.16	24620.66	1656	0	109
2025.10.10	15:00:00	24620.16	24627.66	24566.06	24594.66	1534	0	109
2025.10.10	16:00:00	24595.16	24627.66	24576.06	24597.16	2621	0	109
2025.10.10	17:00:00	24596.66	24616.66	24439.06	24480.06	4092	0	109
2025.10.10	18:00:00	24485.56	24485.56	24177.06	24284.06	14655	0	129
2025.10.10	19:00:00	24283.06	24329.56	24250.56	24262.06	9567	0	229
2025.10.10	20:00:00	24260.06	24281.56	24223.56	24259.06	5768	0	229
2025.10.10	21:00:00	24259.56	24268.56	24186.56	24195.56	4028	0	229
2025.10.10	22:00:00	24198.56	24227.56	24165.06	24210.56	3617	0	219
2025.10.13	01:00:00	24296.33	24316.83	24246.13	24272.03	4340	0	375
2025.10.13	02:00:00	24272.16	24314.16	24254.56	24306.16	5793	0	349
2025.10.13	03:00:00	24305.86	24381.16	24294.76	24362.66	2712	0	329
2025.10.13	04:00:00	24363.16	24402.76	24354.66	24400.66	1258	0	319
2025.10.13	05:00:00	24401.16	24421.46	24383.26	24389.16	685	0	289
2025.10.13	06:00:00	24387.16	24402.76	24340.76	24348.76	962	0	289
2025.10.13	07:00:00	24349.26	24366.76	24334.96	24354.06	653	0	289
2025.10.13	08:00:00	24351.56	24401.66	24340.26	24397.26	958	0	289
2025.10.13	09:00:00	24397.76	24412.36	24353.96	24385.46	2143	0	149
2025.10.13	10:00:00	24384.46	24452.36	24351.86	24392.46	5385	0	119
2025.10.13	11:00:00	24391.96	24401.36	24349.46	24388.46	3395	0	109
2025.10.13	12:00:00	24388.96	24401.46	24349.96	24369.96	2483	0	109
2025.10.13	13:00:00	24368.46	24381.96	24336.96	24349.96	2270	0	109
2025.10.13	14:00:00	24352.96	24379.36	24291.46	24316.46	4282	0	109
2025.10.13	15:00:00	24313.96	24348.46	24283.86	24310.46	2964	0	109
2025.10.13	16:00:00	24310.96	24340.46	24257.36	24326.96	5540	0	109
2025.10.13	17:00:00	24326.46	24368.96	24303.86	24342.96	5315	0	109
2025.10.13	18:00:00	24343.46	24402.56	24336.46	24394.66	3526	0	109
2025.10.13	19:00:00	24395.16	24417.86	24381.36	24415.36	3053	0	129
2025.10.13	20:00:00	24414.86	24424.36	24388.26	24398.86	2197	0	129
2025.10.13	21:00:00	24399.86	24425.86	24395.66	24399.86	1809	0	129
2025.10.13	22:00:00	24400.36	24434.56	24396.66	24429.56	2423	0	129
2025.10.13	23:00:00	24429.43	24437.23	24410.73	24411.73	1705	0	225
2025.10.14	01:00:00	24431.43	24441.93	24420.03	24432.73	1177	0	325
2025.10.14	02:00:00	24432.86	24434.26	24412.56	24424.66	1939	0	309
2025.10.14	03:00:00	24423.86	24482.36	24414.56	24474.36	3301	0	309
2025.10.14	04:00:00	24472.36	24473.36	24443.96	24458.96	2086	0	329
2025.10.14	05:00:00	24459.46	24461.46	24421.56	24421.56	1234	0	289
2025.10.14	06:00:00	24422.56	24425.46	24396.36	24401.56	1425	0	319
2025.10.14	07:00:00	24401.06	24402.06	24279.36	24317.36	3612	0	319
2025.10.14	08:00:00	24314.86	24325.86	24203.36	24244.36	3310	0	369
2025.10.14	09:00:00	24245.36	24278.06	24216.06	24227.06	3006	0	189
2025.10.14	10:00:00	24226.06	24226.06	24066.56	24136.26	7327	0	129
2025.10.14	11:00:00	24136.76	24201.76	24106.76	24181.26	4346	0	109
2025.10.14	12:00:00	24182.76	24217.76	24137.26	24137.76	3032	0	109
2025.10.14	13:00:00	24138.26	24153.86	23981.76	24029.76	4257	0	109
2025.10.14	14:00:00	24031.76	24133.86	24021.76	24122.86	3480	0	109
2025.10.14	15:00:00	24123.36	24123.36	24042.26	24088.86	3099	0	109
2025.10.14	16:00:00	24086.36	24190.76	24086.36	24179.26	6516	0	109
2025.10.14	17:00:00	24178.26	24244.76	24166.26	24218.86	5333	0	109
2025.10.14	18:00:00	24219.86	24301.26	24211.76	24284.26	4664	0	109
2025.10.14	19:00:00	24284.76	24322.86	24258.76	24299.96	3746	0	179
2025.10.14	20:00:00	24298.96	24336.46	24284.86	24325.76	2862	0	129
2025.10.14	21:00:00	24327.26	24338.76	24313.96	24333.26	2372	0	129
2025.10.14	22:00:00	24333.76	24339.76	24234.76	24283.76	4654	0	129
2025.10.14	23:00:00	24283.63	24307.33	24245.73	24272.83	3062	0	255
2025.10.15	01:00:00	24312.83	24316.83	24281.63	24296.43	1936	0	335
2025.10.15	02:00:00	24296.56	24320.46	24291.26	24295.56	2359	0	309
2025.10.15	03:00:00	24295.06	24317.26	24279.26	24311.36	2422	0	309
2025.10.15	04:00:00	24310.36	24320.86	24282.76	24313.06	1120	0	289
2025.10.15	05:00:00	24312.56	24338.26	24306.46	24309.36	831	0	289
2025.10.15	06:00:00	24309.46	24325.36	24303.26	24307.86	748	0	289
2025.10.15	07:00:00	24308.36	24334.46	24304.46	24333.56	629	0	289
2025.10.15	08:00:00	24348.06	24358.96	24332.86	24340.36	1197	0	289
2025.10.15	09:00:00	24340.86	24363.96	24284.06	24285.86	1750	0	129
2025.10.15	10:00:00	24286.46	24321.16	24235.36	24316.66	4492	0	109
2025.10.15	11:00:00	24317.66	24339.66	24214.06	24224.56	3102	0	109
2025.10.15	12:00:00	24220.06	24298.16	24216.56	24288.66	2361	0	109
2025.10.15	13:00:00	24289.16	24312.16	24249.16	24249.16	1804	0	109
2025.10.15	14:00:00	24248.16	24269.66	24198.66	24236.16	2142	0	109
2025.10.15	15:00:00	24235.66	24266.66	24186.56	24214.66	2238	0	109
2025.10.15	16:00:00	24213.66	24263.06	24178.56	24246.56	4485	0	109
2025.10.15	17:00:00	24247.06	24282.56	24195.16	24218.16	3763	0	109
2025.10.15	18:00:00	24219.16	24226.16	24122.56	24157.06	4692	0	109
2025.10.15	19:00:00	24156.56	24206.16	24146.16	24155.66	4210	0	209
2025.10.15	20:00:00	24156.66	24156.66	24004.56	24131.06	5475	0	209
2025.10.15	21:00:00	24131.56	24145.96	24098.06	24139.46	2693	0	129
2025.10.15	22:00:00	24138.96	24148.06	24114.16	24144.56	2551	0	129
2025.10.15	23:00:00	24144.43	24175.43	24123.73	24147.53	2739	0	255
2025.10.16	01:00:00	24159.33	24176.43	24143.83	24168.53	1580	0	345
2025.10.16	02:00:00	24168.66	24168.66	24134.16	24147.56	2412	0	319
2025.10.16	03:00:00	24145.96	24161.16	24130.56	24153.66	2402	0	329
2025.10.16	04:00:00	24150.16	24172.56	24142.56	24151.66	1761	0	329
2025.10.16	05:00:00	24152.16	24156.66	24117.56	24144.16	1421	0	309
2025.10.16	06:00:00	24143.66	24155.16	24121.66	24132.76	1062	0	299
2025.10.16	07:00:00	24131.26	24144.76	24123.66	24140.76	727	0	289
2025.10.16	08:00:00	24140.26	24168.76	24131.66	24167.26	1295	0	309
2025.10.16	09:00:00	24168.26	24207.76	24162.26	24200.36	1482	0	129
2025.10.16	10:00:00	24201.36	24222.76	24042.76	24142.26	5725	0	119
2025.10.16	11:00:00	24140.26	24170.36	24100.36	24150.86	3475	0	109
2025.10.16	12:00:00	24150.36	24214.36	24147.86	24203.36	2564	0	109
2025.10.16	13:00:00	24203.86	24230.36	24191.36	24203.86	1895	0	109
2025.10.16	14:00:00	24204.36	24217.36	24168.36	24177.36	1925	0	109
2025.10.16	15:00:00	24176.36	24224.86	24155.86	24213.86	2198	0	109
2025.10.16	16:00:00	24212.36	24213.36	24137.26	24144.86	4666	0	109
2025.10.16	17:00:00	24145.36	24238.66	24111.86	24229.16	5703	0	119
2025.10.16	18:00:00	24230.66	24287.06	24230.06	24244.06	5661	0	109
2025.10.16	19:00:00	24244.56	24258.06	24091.56	24209.06	8467	0	229
2025.10.16	20:00:00	24210.56	24241.56	24163.06	24173.56	6615	0	229
2025.10.16	21:00:00	24173.06	24177.56	24043.56	24118.06	7195	0	229
2025.10.16	22:00:00	24118.56	24121.56	24016.56	24074.06	5744	0	229
2025.10.16	23:00:00	24073.93	24092.53	24030.73	24054.83	3836	0	255
2025.10.17	01:00:00	24070.53	24084.93	24021.63	24022.43	2073	0	335
2025.10.17	02:00:00	24022.56	24044.56	24013.66	24042.66	4156	0	339
2025.10.17	03:00:00	24040.06	24056.76	24000.96	24006.46	2828	0	339
2025.10.17	04:00:00	24005.96	24046.96	23967.46	23978.96	2026	0	339
2025.10.17	05:00:00	23978.46	23986.46	23951.96	23963.76	1786	0	309
2025.10.17	06:00:00	23963.26	23995.06	23951.46	23969.56	1649	0	299
2025.10.17	07:00:00	23970.06	23980.56	23959.46	23964.56	1207	0	299
2025.10.17	08:00:00	23965.56	23970.16	23899.46	23952.96	1819	0	329
2025.10.17	09:00:00	23953.46	23973.16	23877.66	23890.16	3306	0	189
2025.10.17	10:00:00	23886.66	23887.16	23675.16	23771.36	9593	0	129
2025.10.17	11:00:00	23774.36	23809.36	23722.86	23735.86	6124	0	119
2025.10.17	12:00:00	23735.36	23805.36	23729.86	23778.36	4672	0	119
2025.10.17	13:00:00	23780.36	23797.86	23726.36	23776.86	4707	0	119
2025.10.17	14:00:00	23777.86	23880.86	23761.36	23874.36	6120	0	119
2025.10.17	15:00:00	23873.86	23940.86	23872.36	23885.36	4302	0	109
2025.10.17	16:00:00	23885.86	23960.36	23831.36	23945.86	6651	0	109
2025.10.17	17:00:00	23946.36	23990.56	23868.06	23880.06	7830	0	119
2025.10.17	18:00:00	23877.56	23920.06	23825.56	23908.06	7191	0	119
2025.10.17	19:00:00	23908.56	23927.06	23887.56	23899.56	4512	0	179
2025.10.17	20:00:00	23900.06	23923.16	23875.06	23917.56	4696	0	189
2025.10.17	21:00:00	23918.06	23979.46	23918.06	23969.96	2595	0	139
2025.10.17	22:00:00	23970.46	23989.96	23966.36	23984.86	2173	0	129
2025.10.20	01:00:00	24000.93	24011.03	23993.43	24001.23	1067	0	335
2025.10.20	02:00:00	24001.36	24002.96	23960.36	23969.96	2879	0	319
2025.10.20	03:00:00	23969.76	23981.96	23916.06	23974.86	1921	0	299
2025.10.20	04:00:00	23974.36	24008.46	23968.26	23984.36	888	0	289
2025.10.20	05:00:00	23983.86	24006.26	23975.26	24002.76	640	0	289
2025.10.20	06:00:00	24003.26	24016.86	23990.86	24015.36	457	0	289
2025.10.20	07:00:00	24014.36	24019.96	24002.66	24015.26	551	0	289
2025.10.20	08:00:00	24014.76	24044.36	24014.26	24044.26	716	0	289
2025.10.20	09:00:00	24044.76	24076.96	24010.46	24051.16	1567	0	129
2025.10.20	10:00:00	24049.66	24124.06	24005.96	24097.66	4611	0	109
2025.10.20	11:00:00	24098.16	24103.56	24023.56	24051.06	3201	0	109
2025.10.20	12:00:00	24047.56	24136.06	24040.56	24131.06	3140	0	109
2025.10.20	13:00:00	24130.06	24151.26	24094.26	24096.26	2415	0	109
2025.10.20	14:00:00	24092.26	24136.26	24081.76	24125.76	1902	0	109
2025.10.20	15:00:00	24129.26	24157.76	24106.26	24156.26	1738	0	109
2025.10.20	16:00:00	24158.26	24246.26	24156.26	24230.16	3585	0	109
2025.10.20	17:00:00	24233.16	24270.26	24218.16	24253.46	3338	0	109
2025.10.20	18:00:00	24254.96	24299.46	24250.96	24263.36	3318	0	109
2025.10.20	19:00:00	24264.36	24284.76	24258.46	24280.86	2195	0	129
2025.10.20	20:00:00	24280.36	24323.86	24280.36	24322.36	1120	0	129
2025.10.20	21:00:00	24321.86	24335.86	24314.86	24322.86	884	0	129
2025.10.20	22:00:00	24322.36	24331.86	24302.86	24325.96	1270	0	129
2025.10.20	23:00:00	24325.83	24340.03	24311.63	24333.43	1252	0	235
2025.10.21	01:00:00	24333.33	24342.13	24327.83	24334.43	853	0	325
2025.10.21	02:00:00	24335.03	24349.86	24330.16	24334.86	1408	0	309
2025.10.21	03:00:00	24334.66	24364.36	24332.96	24355.16	1166	0	289
2025.10.21	04:00:00	24354.66	24354.76	24337.56	24347.26	454	0	289
2025.10.21	05:00:00	24346.76	24369.76	24345.76	24353.26	438	0	289
2025.10.21	06:00:00	24353.76	24364.76	24336.46	24344.26	340	0	289
2025.10.21	07:00:00	24345.26	24346.06	24307.86	24319.86	564	0	289
2025.10.21	08:00:00	24320.36	24323.26	24273.86	24287.36	696	0	289
2025.10.21	09:00:00	24285.36	24299.36	24261.56	24285.36	1159	0	129
2025.10.21	10:00:00	24291.86	24309.56	24256.56	24279.86	3456	0	109
2025.10.21	11:00:00	24280.36	24291.36	24217.86	24223.36	2355	0	109
2025.10.21	12:00:00	24222.86	24250.36	24221.36	24233.36	1636	0	109
2025.10.21	13:00:00	24233.86	24269.86	24198.86	24269.36	1810	0	109
2025.10.21	14:00:00	24269.86	24329.86	24261.36	24322.86	1576	0	109
2025.10.21	15:00:00	24323.36	24330.86	24275.36	24314.86	1602	0	109
2025.10.21	16:00:00	24315.36	24319.86	24229.36	24237.36	3150	0	109
2025.10.21	17:00:00	24236.86	24331.36	24228.76	24327.86	3225	0	109
2025.10.21	18:00:00	24328.36	24385.86	24322.26	24355.06	2530	0	109
2025.10.21	19:00:00	24347.56	24363.26	24316.36	24319.36	2108	0	129
2025.10.21	20:00:00	24319.86	24339.86	24295.86	24334.86	2567	0	129
2025.10.21	21:00:00	24334.36	24343.36	24317.36	24325.36	1148	0	129
2025.10.21	22:00:00	24323.86	24338.86	24318.36	24324.16	946	0	129
2025.10.21	23:00:00	24324.03	24335.53	24301.03	24320.13	2497	0	195
2025.10.22	01:00:00	24326.73	24339.63	24321.43	24332.83	1059	0	325
2025.10.22	02:00:00	24332.96	24332.96	24314.56	24315.66	1744	0	299
2025.10.22	03:00:00	24316.96	24327.66	24275.46	24277.46	1647	0	309
2025.10.22	04:00:00	24279.46	24306.16	24263.86	24305.16	726	0	289
2025.10.22	05:00:00	24304.16	24319.26	24301.16	24308.26	336	0	289
2025.10.22	06:00:00	24307.76	24327.96	24286.76	24326.46	630	0	289
2025.10.22	07:00:00	24326.96	24349.56	24326.46	24331.66	581	0	289
2025.10.22	08:00:00	24331.16	24340.46	24296.56	24299.56	626	0	289
2025.10.22	09:00:00	24300.06	24360.56	24277.56	24339.76	1366	0	129
2025.10.22	10:00:00	24341.76	24351.66	24253.56	24306.66	4079	0	109
2025.10.22	11:00:00	24306.16	24307.16	24230.06	24258.66	2865	0	109
2025.10.22	12:00:00	24256.66	24277.16	24225.66	24273.66	2151	0	109
2025.10.22	13:00:00	24275.16	24331.66	24270.16	24316.66	2366	0	109
2025.10.22	14:00:00	24315.16	24327.16	24271.16	24290.66	2092	0	109
2025.10.22	15:00:00	24291.16	24312.16	24276.16	24300.66	2169	0	109
2025.10.22	16:00:00	24301.16	24310.16	24232.16	24255.66	3682	0	109
2025.10.22	17:00:00	24255.16	24273.16	24170.56	24213.56	5301	0	109
2025.10.22	18:00:00	24213.06	24227.16	24134.16	24169.16	5222	0	109
2025.10.22	19:00:00	24168.66	24172.16	23943.56	24100.06	6732	0	209
2025.10.22	20:00:00	24100.56	24112.06	24013.06	24054.06	5427	0	229
2025.10.22	21:00:00	24052.56	24110.06	24036.06	24106.56	4572	0	209
2025.10.22	22:00:00	24106.06	24152.56	24079.56	24147.06	3464	0	169
2025.10.22	23:00:00	24146.93	24180.83	24120.43	24132.83	2037	0	255
2025.10.23	01:00:00	24142.13	24163.63	24140.43	24158.53	1471	0	335
2025.10.23	02:00:00	24158.23	24167.76	24125.16	24128.76	2097	0	309
2025.10.23	03:00:00	24128.26	24138.26	24072.56	24085.16	2478	0	339
2025.10.23	04:00:00	24081.66	24116.56	24073.66	24115.26	1181	0	319
2025.10.23	05:00:00	24114.76	24139.36	24114.26	24133.86	711	0	289
2025.10.23	06:00:00	24134.36	24136.86	24096.76	24121.36	768	0	299
2025.10.23	07:00:00	24123.36	24133.36	24108.76	24127.96	696	0	289
2025.10.23	08:00:00	24128.46	24175.06	24121.26	24168.06	764	0	289
2025.10.23	09:00:00	24167.06	24183.56	24132.66	24163.96	1314	0	129
2025.10.23	10:00:00	24166.46	24207.76	24082.26	24111.56	4907	0	119
2025.10.23	11:00:00	24117.56	24130.56	24042.16	24061.16	3154	0	109
2025.10.23	12:00:00	24062.16	24083.16	24034.16	24067.66	2472	0	109
2025.10.23	13:00:00	24068.16	24145.56	24040.66	24135.56	2241	0	109
2025.10.23	14:00:00	24129.06	24149.66	24085.66	24090.16	2768	0	109
2025.10.23	15:00:00	24089.16	24113.66	24072.16	24101.66	2616	0	109
2025.10.23	16:00:00	24099.66	24179.16	24074.16	24141.66	3988	0	109
2025.10.23	17:00:00	24142.16	24198.16	24118.16	24193.16	3998	0	109
2025.10.23	18:00:00	24192.66	24227.56	24181.56	24203.76	3307	0	109
2025.10.23	19:00:00	24202.76	24209.06	24186.36	24204.06	1469	0	129
2025.10.23	20:00:00	24203.56	24234.06	24173.56	24230.56	2087	0	129
2025.10.23	21:00:00	24231.56	24233.06	24209.86	24220.56	852	0	129
2025.10.23	22:00:00	24221.56	24222.06	24199.76	24207.36	969	0	129
2025.10.23	23:00:00	24206.86	24219.73	24194.73	24216.93	1730	0	179
2025.10.24	01:00:00	24213.03	24226.93	24212.53	24225.13	1057	0	325
2025.10.24	02:00:00	24225.26	24226.06	24216.96	24221.56	846	0	289
2025.10.24	03:00:00	24222.86	24245.86	24215.06	24243.26	957	0	289
2025.10.24	04:00:00	24242.26	24260.26	24240.16	24256.76	738	0	289
2025.10.24	05:00:00	24256.26	24270.66	24254.76	24263.36	513	0	289
2025.10.24	06:00:00	24262.36	24271.26	24253.86	24257.86	375	0	289
2025.10.24	07:00:00	24258.36	24266.16	24245.76	24254.36	434	0	289
2025.10.24	08:00:00	24254.86	24277.26	24244.56	24266.06	590	0	289
2025.10.24	09:00:00	24261.56	24305.66	24255.86	24292.96	1162	0	129
2025.10.24	10:00:00	24294.46	24305.66	24174.26	24193.76	3973	0	109
2025.10.24	11:00:00	24194.26	24223.26	24140.76	24201.76	2918	0	109
2025.10.24	12:00:00	24201.26	24238.76	24169.76	24218.76	2164	0	109
2025.10.24	13:00:00	24218.26	24230.26	24181.26	24183.76	1494	0	109
2025.10.24	14:00:00	24184.26	24205.76	24171.76	24177.76	1774	0	109
2025.10.24	15:00:00	24177.26	24270.16	24155.76	24202.76	3201	0	109
2025.10.24	16:00:00	24203.26	24245.76	24196.26	24214.76	4194	0	109
2025.10.24	17:00:00	24216.76	24250.76	24197.76	24210.76	3539	0	109
2025.10.24	18:00:00	24208.76	24256.26	24200.76	24225.66	2697	0	109
2025.10.24	19:00:00	24226.16	24238.16	24203.66	24223.66	1623	0	129
2025.10.24	20:00:00	24223.16	24239.66	24222.16	24223.66	977	0	129
2025.10.24	21:00:00	24224.16	24227.66	24213.66	24223.66	972	0	129
2025.10.24	22:00:00	24221.66	24227.66	24209.16	24211.16	740	0	129
2025.10.27	01:00:00	24323.93	24333.23	24303.03	24310.23	1759	0	335
2025.10.27	02:00:00	24310.43	24326.06	24304.66	24308.76	1717	0	309
2025.10.27	03:00:00	24308.26	24410.16	24303.36	24377.86	1293	0	289
2025.10.27	04:00:00	24377.36	24379.86	24325.16	24350.06	803	0	289
2025.10.27	05:00:00	24349.56	24354.96	24333.76	24345.06	503	0	289
2025.10.27	06:00:00	24344.06	24352.96	24301.36	24306.86	708	0	289
2025.10.27	07:00:00	24305.86	24333.16	24299.26	24322.86	612	0	289
2025.10.27	08:00:00	24322.36	24366.96	24321.86	24365.76	679	0	289
2025.10.27	09:00:00	24364.26	24383.26	24342.66	24359.46	895	0	289
2025.10.27	10:00:00	24359.96	24375.96	24305.86	24308.36	1322	0	129
2025.10.27	11:00:00	24307.36	24341.86	24248.46	24287.96	3421	0	109
2025.10.27	12:00:00	24287.46	24292.96	24239.46	24281.46	2379	0	109
2025.10.27	13:00:00	24282.46	24286.96	24246.46	24249.96	1687	0	109
2025.10.27	14:00:00	24248.96	24261.96	24197.96	24217.96	1686	0	109
2025.10.27	15:00:00	24220.96	24243.96	24213.96	24222.96	1656	0	109
2025.10.27	16:00:00	24223.46	24271.96	24184.46	24266.96	2870	0	109
2025.10.27	17:00:00	24267.96	24299.46	24259.96	24281.96	2533	0	109
2025.10.27	18:00:00	24282.46	24284.46	24241.96	24259.96	1872	0	109
2025.10.27	19:00:00	24260.96	24316.36	24259.96	24302.36	1720	0	109
2025.10.27	20:00:00	24302.86	24302.86	24266.36	24291.86	905	0	129
2025.10.27	21:00:00	24292.36	24306.86	24286.86	24290.36	425	0	129
2025.10.27	22:00:00	24289.86	24317.36	24280.36	24301.76	999	0	129
2025.10.27	23:00:00	24301.63	24330.73	24299.73	24328.73	344	0	155
2025.10.28	01:00:00	24307.03	24315.53	24304.03	24310.23	567	0	305
2025.10.28	02:00:00	24310.36	24328.56	24306.66	24312.36	1546	0	289
2025.10.28	03:00:00	24311.86	24326.96	24309.36	24315.26	787	0	289
2025.10.28	04:00:00	24314.26	24315.26	24287.56	24288.66	429	0	289
2025.10.28	05:00:00	24289.16	24291.66	24265.16	24270.76	375	0	289
2025.10.28	06:00:00	24271.26	24275.26	24257.76	24265.16	391	0	289
2025.10.28	07:00:00	24264.66	24272.96	24233.46	24270.56	598	0	289
2025.10.28	08:00:00	24269.06	24273.46	24243.96	24252.76	599	0	289
2025.10.28	09:00:00	24252.26	24288.86	24247.96	24270.06	821	0	289
2025.10.28	10:00:00	24272.06	24297.46	24259.06	24274.86	1211	0	129
2025.10.28	11:00:00	24280.66	24281.16	24180.56	24244.66	3828	0	109
2025.10.28	12:00:00	24244.16	24305.66	24239.66	24239.66	2013	0	109
2025.10.28	13:00:00	24247.66	24289.66	24240.16	24285.66	1926	0	109
2025.10.28	14:00:00	24286.66	24300.66	24255.66	24292.16	1435	0	109
2025.10.28	15:00:00	24292.66	24320.66	24275.16	24285.16	1334	0	109
2025.10.28	16:00:00	24284.66	24345.16	24258.66	24280.66	2613	0	109
2025.10.28	17:00:00	24281.16	24338.16	24268.66	24315.66	2556	0	109
2025.10.28	18:00:00	24317.66	24331.16	24298.66	24301.66	2140	0	109
2025.10.28	19:00:00	24302.66	24327.56	24275.06	24297.06	2449	0	109
2025.10.28	20:00:00	24298.06	24304.56	24279.06	24290.06	1369	0	129
2025.10.28	21:00:00	24290.56	24303.06	24274.56	24277.56	895	0	129
2025.10.28	22:00:00	24277.06	24283.06	24234.36	24236.16	1402	0	129
2025.10.28	23:00:00	24236.03	24266.93	24234.03	24258.43	495	0	155
2025.10.29	01:00:00	24252.13	24263.43	24244.33	24244.33	763	0	315
2025.10.29	02:00:00	24244.46	24258.96	24240.36	24252.06	1119	0	299
2025.10.29	03:00:00	24252.86	24255.86	24191.96	24202.66	861	0	289
2025.10.29	04:00:00	24202.76	24220.26	24158.56	24181.06	1119	0	299
2025.10.29	05:00:00	24182.06	24198.36	24173.66	24191.26	745	0	289
2025.10.29	06:00:00	24191.76	24204.46	24181.76	24199.46	476	0	289
2025.10.29	07:00:00	24198.96	24208.26	24172.26	24204.46	559	0	289
2025.10.29	08:00:00	24204.96	24214.76	24191.66	24202.86	588	0	289
2025.10.29	09:00:00	24201.86	24261.06	24195.26	24261.06	840	0	299
2025.10.29	10:00:00	24256.56	24269.26	24227.26	24249.16	1027	0	129
2025.10.29	11:00:00	24245.16	24321.36	24224.76	24269.86	4432	0	109
2025.10.29	12:00:00	24269.36	24287.86	24245.86	24263.86	3104	0	109
2025.10.29	13:00:00	24264.86	24307.36	24252.36	24267.86	2445	0	109
2025.10.29	14:00:00	24266.86	24282.36	24237.86	24272.86	2322	0	109
2025.10.29	15:00:00	24271.86	24309.36	24255.86	24258.36	1830	0	109
2025.10.29	16:00:00	24254.36	24266.36	24189.36	24215.36	3304	0	109
2025.10.29	17:00:00	24214.86	24217.86	24081.26	24131.36	4188	0	109
2025.10.29	18:00:00	24130.36	24167.36	24122.36	24130.36	3316	0	109
2025.10.29	19:00:00	24129.36	24160.26	24103.86	24151.76	2526	0	109
2025.10.29	20:00:00	24152.26	24186.96	24148.26	24155.26	1506	0	129
2025.10.29	21:00:00	24154.76	24179.76	24001.76	24115.26	6982	0	139
2025.10.29	22:00:00	24117.26	24161.26	24075.76	24141.26	6318	0	229
2025.10.29	23:00:00	24141.13	24178.63	24106.93	24133.13	1187	0	155
2025.10.30	01:00:00	24110.63	24147.33	24108.33	24120.23	872	0	335
2025.10.30	02:00:00	24120.36	24154.46	24111.76	24143.36	2423	0	309
2025.10.30	03:00:00	24144.66	24207.26	24134.06	24183.86	2041	0	319
2025.10.30	04:00:00	24185.36	24250.76	24183.26	24232.86	1530	0	339
2025.10.30	05:00:00	24233.36	24257.86	24221.46	24222.96	1087	0	309
2025.10.30	06:00:00	24223.46	24238.76	24187.76	24201.26	1211	0	299
2025.10.30	07:00:00	24201.76	24205.76	24051.76	24117.76	5579	0	349
2025.10.30	08:00:00	24119.76	24201.26	24110.76	24184.76	2670	0	369
2025.10.30	09:00:00	24184.26	24191.76	24141.76	24159.76	1848	0	349
2025.10.30	10:00:00	24164.26	24219.16	24134.96	24200.46	2205	0	129
2025.10.30	11:00:00	24207.46	24217.96	24143.46	24175.96	5207	0	119
2025.10.30	12:00:00	24176.96	24184.46	24071.46	24093.46	3628	0	119
2025.10.30	13:00:00	24092.46	24122.06	24050.46	24061.56	3006	0	109
2025.10.30	14:00:00	24062.06	24101.96	24048.46	24070.56	2741	0	109
2025.10.30	15:00:00	24066.06	24099.96	24052.96	24076.96	3628	0	109
2025.10.30	16:00:00	24077.06	24160.96	24027.46	24137.46	5919	0	109
2025.10.30	17:00:00	24136.96	24153.96	24089.96	24130.96	7573	0	119
2025.10.30	18:00:00	24133.96	24145.96	24102.46	24111.96	4859	0	109
2025.10.30	19:00:00	24109.96	24147.26	24097.46	24142.26	3844	0	109
2025.10.30	20:00:00	24141.26	24160.86	24121.06	24157.96	3351	0	129
2025.10.30	21:00:00	24157.46	24157.96	24126.16	24131.76	2689	0	129
2025.10.30	22:00:00	24131.26	24134.26	24072.46	24081.96	3422	0	129
2025.10.30	23:00:00	24081.46	24135.23	24078.83	24129.23	2277	0	155
2025.10.31	01:00:00	24135.23	24141.13	24120.83	24121.63	1698	0	335
2025.10.31	02:00:00	24121.76	24147.66	24108.56	24139.96	1982	0	309
2025.10.31	03:00:00	24139.46	24145.56	24114.86	24124.56	1196	0	289
2025.10.31	04:00:00	24123.56	24138.06	24107.36	24135.96	1391	0	309
2025.10.31	05:00:00	24136.56	24141.36	24103.46	24117.06	1254	0	309
2025.10.31	06:00:00	24116.56	24130.26	24099.06	24111.16	1172	0	289
2025.10.31	07:00:00	24110.16	24127.16	24102.56	24111.46	875	0	289
2025.10.31	08:00:00	24110.46	24119.06	24072.86	24074.36	1062	0	309
2025.10.31	09:00:00	24073.86	24099.86	24064.96	24077.16	1099	0	289
2025.10.31	10:00:00	24073.16	24140.56	24071.66	24128.56	1390	0	129
2025.10.31	11:00:00	24130.56	24137.16	24006.36	24035.36	4068	0	109
2025.10.31	12:00:00	24038.36	24060.36	23988.36	24006.36	2613	0	109
2025.10.31	13:00:00	24002.36	24052.86	23976.86	24014.86	2588	0	109
2025.10.31	14:00:00	24015.36	24078.36	23986.76	24062.36	2641	0	109
2025.10.31	15:00:00	24059.36	24061.36	23993.86	24000.36	2380	0	109
2025.10.31	16:00:00	23999.86	24019.36	23931.36	23942.86	3980	0	109
2025.10.31	17:00:00	23944.86	23994.36	23916.86	23991.86	4075	0	109
2025.10.31	18:00:00	23990.86	24012.26	23951.36	23951.36	4061	0	109
2025.10.31	19:00:00	23952.36	23975.76	23927.86	23935.86	4938	0	109
2025.10.31	20:00:00	23934.36	23946.36	23905.76	23938.06	4262	0	159
2025.10.31	21:00:00	23938.56	23981.16	23937.06	23977.66	2405	0	129
2025.10.31	22:00:00	23977.16	24002.76	23973.06	23994.76	1819	0	129
2025.11.03	01:00:00	23990.33	24020.23	23989.63	24013.23	1787	0	335
2025.11.03	02:00:00	24013.36	24037.96	24007.86	24029.26	864	0	289
2025.11.03	03:00:00	24028.76	24040.06	24018.26	24021.66	982	0	309
2025.11.03	04:00:00	24021.16	24041.26	24015.16	24023.26	934	0	289
2025.11.03	05:00:00	24022.76	24027.26	23991.56	24026.76	825	0	289
2025.11.03	06:00:00	24026.26	24026.26	24011.06	24015.36	578	0	289
2025.11.03	07:00:00	24014.86	24034.76	24012.76	24020.16	765	0	289
2025.11.03	08:00:00	24020.66	24027.56	23994.66	24015.36	874	0	289
2025.11.03	09:00:00	24009.36	24015.46	23972.66	23978.96	1306	0	129
2025.11.03	10:00:00	23975.96	24150.26	23965.26	24126.76	3907	0	109
2025.11.03	11:00:00	24125.76	24183.26	24116.76	24161.76	2709	0	109
2025.11.03	12:00:00	24162.76	24220.26	24144.26	24218.26	2251	0	109
2025.11.03	13:00:00	24218.76	24251.76	24208.76	24218.76	1820	0	109
2025.11.03	14:00:00	24218.26	24243.26	24183.76	24187.26	1809	0	109
2025.11.03	15:00:00	24186.76	24186.76	24114.76	24129.26	2106	0	109
2025.11.03	16:00:00	24129.76	24188.76	24118.26	24133.54	4120	0	109
2025.11.03	17:00:00	24133.40	24166.76	24108.26	24114.76	4898	0	109
2025.11.03	18:00:00	24117.76	24135.36	24102.26	24126.56	3808	0	109
2025.11.03	19:00:00	24127.06	24159.66	24117.36	24155.66	2698	0	129
2025.11.03	20:00:00	24156.16	24175.16	24151.66	24164.16	1418	0	129
2025.11.03	21:00:00	24166.16	24171.16	24150.16	24153.16	2045	0	129
2025.11.03	22:00:00	24154.66	24158.66	24126.36	24126.36	1934	0	129
2025.11.03	23:00:00	24125.86	24137.33	24112.23	24121.83	1661	0	189
2025.11.04	01:00:00	24128.73	24129.23	24101.43	24108.13	524	0	315
2025.11.04	02:00:00	24108.26	24108.26	24031.66	24080.26	1069	0	299
2025.11.04	03:00:00	24081.26	24082.76	24053.66	24058.66	832	0	289
2025.11.04	04:00:00	24058.16	24058.76	24030.76	24035.66	912	0	289
2025.11.04	05:00:00	24036.16	24059.96	24033.66	24041.86	858	0	289
2025.11.04	06:00:00	24042.36	24048.06	24015.76	24027.36	855	0	289
2025.11.04	07:00:00	24027.86	24033.86	23938.16	23951.16	1463	0	309
2025.11.04	08:00:00	23952.66	23954.66	23867.66	23902.16	1858	0	349
2025.11.04	09:00:00	23901.66	23902.66	23800.36	23830.36	2300	0	129
2025.11.04	10:00:00	23828.86	23834.36	23710.86	23778.96	5510	0	119
2025.11.04	11:00:00	23781.46	23806.96	23668.96	23675.46	3678	0	119
2025.11.04	12:00:00	23675.96	23786.96	23666.96	23778.96	2961	0	109
2025.11.04	13:00:00	23778.46	23820.96	23771.46	23798.96	2442	0	109
2025.11.04	14:00:00	23799.96	23833.46	23761.46	23825.96	2283	0	109
2025.11.04	15:00:00	23823.46	23870.96	23816.96	23858.46	2189	0	109
2025.11.04	16:00:00	23857.96	23933.96	23826.96	23932.96	3870	0	109
2025.11.04	17:00:00	23934.96	23972.46	23906.36	23934.46	3620	0	109
2025.11.04	18:00:00	23934.96	23957.36	23905.46	23950.56	3727	0	109
2025.11.04	19:00:00	23950.06	23951.16	23898.46	23915.66	3236	0	149
2025.11.04	20:00:00	23915.16	23921.16	23883.16	23909.96	2724	0	159
2025.11.04	21:00:00	23909.46	23914.46	23872.66	23880.16	2989	0	149
2025.11.04	22:00:00	23881.16	23895.56	23864.66	23882.46	2690	0	129
2025.11.04	23:00:00	23882.33	23928.63	23871.13	23884.83	3597	0	235
2025.11.05	01:00:00	23876.03	23880.93	23855.33	23855.53	1933	0	335
2025.11.05	02:00:00	23855.66	23860.46	23727.86	23727.86	2132	0	309
2025.11.05	03:00:00	23728.36	23730.36	23576.86	23659.86	3353	0	359
2025.11.05	04:00:00	23660.86	23726.36	23652.36	23725.86	2675	0	369
2025.11.05	05:00:00	23726.36	23828.36	23726.36	23797.36	2270	0	349
2025.11.05	06:00:00	23796.36	23802.46	23769.86	23794.36	1810	0	319
2025.11.05	07:00:00	23794.86	23826.86	23783.36	23796.96	1841	0	329
2025.11.05	08:00:00	23796.46	23863.36	23769.36	23839.36	1539	0	329
2025.11.05	09:00:00	23838.36	23845.36	23780.66	23791.16	1602	0	129
2025.11.05	10:00:00	23792.16	23872.26	23743.06	23820.26	4678	0	119
2025.11.05	11:00:00	23824.26	23832.76	23752.26	23797.36	2837	0	109
2025.11.05	12:00:00	23796.36	23806.86	23752.26	23760.76	2514	0	109
2025.11.05	13:00:00	23760.26	23836.36	23729.26	23828.26	2529	0	109
2025.11.05	14:00:00	23830.26	23892.86	23825.26	23884.36	2281	0	109
2025.11.05	15:00:00	23883.36	23918.36	23859.36	23903.26	2415	0	109
2025.11.05	16:00:00	23903.76	23991.26	23875.26	23987.26	3754	0	109
2025.11.05	17:00:00	23976.76	24106.26	23976.76	24057.26	5471	0	119
2025.11.05	18:00:00	24057.76	24086.16	23998.26	24074.96	3658	0	119
2025.11.05	19:00:00	24074.46	24121.26	24071.86	24108.76	1740	0	129
2025.11.05	20:00:00	24109.26	24121.26	24101.76	24109.26	996	0	129
2025.11.05	21:00:00	24108.76	24114.26	24096.76	24106.26	939	0	129
2025.11.05	22:00:00	24106.76	24113.76	24080.96	24092.36	1322	0	129
2025.11.05	23:00:00	24091.73	24107.83	24077.03	24101.53	2686	0	235
2025.11.06	01:00:00	24089.43	24117.53	24084.93	24116.53	1676	0	335
2025.11.06	02:00:00	24116.66	24116.66	24035.76	24050.26	1866	0	319
2025.11.06	03:00:00	24049.26	24060.86	23996.76	24055.26	1563	0	329
2025.11.06	04:00:00	24054.76	24076.76	24039.86	24075.66	1127	0	289
2025.11.06	05:00:00	24075.16	24082.96	24054.26	24072.26	875	0	289
2025.11.06	06:00:00	24071.76	24084.46	24057.36	24068.86	916	0	299
2025.11.06	07:00:00	24070.36	24074.96	24039.96	24047.56	906	0	289
2025.11.06	08:00:00	24046.06	24070.26	24033.36	24058.36	992	0	289
2025.11.06	09:00:00	24060.36	24101.66	24032.26	24036.06	1468	0	129
2025.11.06	10:00:00	24034.96	24034.96	23929.46	23952.46	5495	0	119
2025.11.06	11:00:00	23953.96	24021.96	23945.86	23984.46	3096	0	109
2025.11.06	12:00:00	23984.96	24054.96	23973.96	24008.46	2742	0	109
2025.11.06	13:00:00	24007.96	24048.96	24002.46	24015.46	2358	0	109
2025.11.06	14:00:00	24020.96	24028.96	23965.96	24007.96	2518	0	109
2025.11.06	15:00:00	24007.46	24019.46	23968.46	23977.46	2321	0	109
2025.11.06	16:00:00	23978.46	23986.46	23810.36	23818.36	5043	0	109
2025.11.06	17:00:00	23818.86	23885.46	23726.46	23731.46	7179	0	119
2025.11.06	18:00:00	23732.96	23777.46	23683.46	23693.96	6444	0	119
2025.11.06	19:00:00	23693.46	23769.06	23692.96	23757.76	4490	0	179
2025.11.06	20:00:00	23757.26	23774.16	23707.46	23756.66	3436	0	149
2025.11.06	21:00:00	23757.16	23808.66	23752.16	23788.76	2967	0	149
2025.11.06	22:00:00	23789.76	23798.76	23730.96	23742.96	3207	0	159
2025.11.06	23:00:00	23742.83	23780.13	23739.23	23777.03	2813	0	255
2025.11.07	01:00:00	23763.93	23781.13	23746.33	23769.73	966	0	325
2025.11.07	02:00:00	23769.86	23793.56	23743.86	23774.36	2020	0	319
2025.11.07	03:00:00	23775.36	23776.36	23706.86	23720.96	1688	0	329
2025.11.07	04:00:00	23721.96	23724.46	23679.96	23705.56	1111	0	309
2025.11.07	05:00:00	23708.06	23710.56	23670.46	23680.56	997	0	299
2025.11.07	06:00:00	23680.06	23700.56	23650.36	23699.06	898	0	299
2025.11.07	07:00:00	23698.56	23754.86	23696.56	23754.36	845	0	319
2025.11.07	08:00:00	23753.86	23782.36	23746.86	23777.56	1021	0	319
2025.11.07	09:00:00	23776.06	23802.16	23756.06	23787.76	1373	0	129
2025.11.07	10:00:00	23786.76	23836.56	23726.76	23744.06	4100	0	109
2025.11.07	11:00:00	23744.56	23750.76	23634.26	23664.76	3423	0	109
2025.11.07	12:00:00	23663.76	23677.26	23579.26	23605.26	3053	0	109
2025.11.07	13:00:00	23606.26	23606.76	23470.76	23574.76	4183	0	119
2025.11.07	14:00:00	23573.76	23577.26	23489.76	23499.26	3020	0	109
2025.11.07	15:00:00	23498.76	23532.26	23483.26	23507.86	2931	0	109
2025.11.07	16:00:00	23508.86	23561.26	23450.76	23546.26	5718	0	109
2025.11.07	17:00:00	23545.26	23600.76	23517.76	23547.76	7052	0	119
2025.11.07	18:00:00	23547.26	23583.76	23529.76	23559.26	5135	0	119
2025.11.07	19:00:00	23559.76	23653.26	23543.26	23650.76	4333	0	209
2025.11.07	20:00:00	23651.26	23693.26	23650.26	23671.86	3331	0	179
2025.11.07	21:00:00	23671.36	23766.26	23666.76	23765.76	3318	0	169
2025.11.07	22:00:00	23764.76	23769.86	23727.26	23738.36	3851	0	189
2025.11.10	01:00:00	23840.13	23843.63	23815.23	23830.63	1857	0	335
2025.11.10	02:00:00	23830.76	23862.56	23807.56	23852.36	2203	0	289
2025.11.10	03:00:00	23851.86	23887.56	23849.06	23881.06	707	0	289
2025.11.10	04:00:00	23881.16	23898.56	23865.06	23865.06	386	0	289
2025.11.10	05:00:00	23866.56	23887.06	23861.66	23870.36	430	0	299
2025.11.10	06:00:00	23870.36	23885.16	23861.16	23876.56	490	0	289
2025.11.10	07:00:00	23878.56	23918.06	23868.56	23879.76	565	0	289
2025.11.10	08:00:00	23880.26	23901.06	23857.56	23866.56	724	0	299
2025.11.10	09:00:00	23867.56	23939.26	23867.56	23927.86	1543	0	129
2025.11.10	10:00:00	23936.86	23962.26	23859.26	23939.76	4373	0	119
2025.11.10	11:00:00	23939.26	24007.76	23914.26	24005.26	3013	0	109
2025.11.10	12:00:00	24004.76	24013.76	23981.36	23996.36	2140	0	109
2025.11.10	13:00:00	23996.86	24033.86	23935.86	24030.36	1581	0	109
2025.11.10	14:00:00	24029.86	24033.36	23979.86	23980.36	1973	0	109
2025.11.10	15:00:00	23979.86	24016.36	23978.36	24001.36	1758	0	109
2025.11.10	16:00:00	24001.86	24018.16	23948.06	23965.56	3650	0	109
2025.11.10	17:00:00	23966.06	24016.16	23952.06	23968.66	4068	0	109
2025.11.10	18:00:00	23969.16	24003.66	23954.56	23991.56	4607	0	109
2025.11.10	19:00:00	23990.06	24059.36	23990.06	24041.76	2632	0	129
2025.11.10	20:00:00	24042.26	24049.86	24035.06	24036.06	1491	0	129
2025.11.10	21:00:00	24036.56	24076.16	24036.06	24068.66	1091	0	129
2025.11.10	22:00:00	24068.16	24085.16	24066.16	24076.16	1765	0	129
2025.11.10	23:00:00	24076.03	24087.33	24067.33	24076.03	1617	0	255
2025.11.11	01:00:00	24072.43	24087.83	24069.03	24087.03	1781	0	315
2025.11.11	02:00:00	24087.16	24112.26	24075.26	24077.86	1826	0	319
2025.11.11	03:00:00	24078.86	24101.36	24071.96	24101.36	1083	0	319
2025.11.11	04:00:00	24099.86	24100.86	24069.06	24086.06	543	0	289
2025.11.11	05:00:00	24086.56	24094.06	24075.96	24088.56	421	0	289
2025.11.11	06:00:00	24087.56	24087.56	24053.26	24059.26	532	0	289
2025.11.11	07:00:00	24059.76	24066.76	24035.76	24036.26	843	0	299
2025.11.11	08:00:00	24037.26	24081.86	24026.26	24038.16	688	0	289
2025.11.11	09:00:00	24041.66	24059.76	24004.96	24010.06	1492	0	129
2025.11.11	10:00:00	24008.06	24039.96	23972.96	23991.46	4511	0	119
2025.11.11	11:00:00	23991.96	24055.96	23980.96	23998.46	3008	0	109
2025.11.11	12:00:00	23997.46	23999.46	23958.46	23985.46	2428	0	109
2025.11.11	13:00:00	23985.96	24012.96	23950.96	23955.96	1978	0	109
2025.11.11	14:00:00	23957.46	23996.96	23945.46	23990.46	2128	0	109
2025.11.11	15:00:00	23990.96	24021.46	23966.96	23999.96	2225	0	109
2025.11.11	16:00:00	24000.96	24068.96	23987.96	24061.96	3168	0	109
2025.11.11	17:00:00	24060.96	24088.96	24040.96	24050.96	4176	0	109
2025.11.11	18:00:00	24051.96	24121.06	24045.46	24097.56	3546	0	109
2025.11.11	19:00:00	24097.06	24113.36	24086.56	24106.86	2485	0	129
2025.11.11	20:00:00	24105.86	24161.86	24105.86	24158.56	2097	0	129
2025.11.11	21:00:00	24158.06	24177.56	24144.06	24165.06	1711	0	129
2025.11.11	22:00:00	24165.56	24194.06	24165.06	24176.66	1595	0	129
2025.11.11	23:00:00	24176.53	24198.53	24165.53	24183.53	2022	0	235
2025.11.12	01:00:00	24191.23	24191.83	24174.23	24181.53	1350	0	325
2025.11.12	02:00:00	24181.66	24205.06	24178.26	24192.86	1268	0	289
2025.11.12	03:00:00	24192.86	24222.36	24192.36	24220.86	451	0	289
2025.11.12	04:00:00	24221.36	24250.06	24211.36	24215.46	352	0	289
2025.11.12	05:00:00	24214.96	24215.46	24206.86	24210.96	232	0	289
2025.11.12	06:00:00	24209.96	24210.96	24190.76	24205.46	241	0	289
2025.11.12	07:00:00	24204.46	24218.26	24199.36	24213.26	252	0	289
2025.11.12	08:00:00	24212.26	24222.76	24197.96	24197.96	351	0	289
2025.11.12	09:00:00	24198.46	24287.66	24197.96	24251.76	1378	0	129
2025.11.12	10:00:00	24249.26	24371.36	24223.76	24328.36	4416	0	109
2025.11.12	11:00:00	24327.86	24395.86	24306.86	24370.36	3361	0	109
2025.11.12	12:00:00	24371.86	24397.86	24340.86	24372.86	2490	0	109
2025.11.12	13:00:00	24373.86	24393.86	24319.86	24340.86	2642	0	109
2025.11.12	14:00:00	24342.36	24429.86	24333.86	24412.86	2042	0	109
2025.11.12	15:00:00	24413.36	24418.86	24363.86	24363.86	2181	0	109
2025.11.12	16:00:00	24364.36	24431.56	24341.86	24428.56	3463	0	109
2025.11.12	17:00:00	24429.06	24446.06	24348.06	24360.06	4494	0	109
2025.11.12	18:00:00	24358.06	24400.46	24356.06	24378.46	4769	0	109
2025.11.12	19:00:00	24378.96	24402.76	24369.56	24398.86	3638	0	149
2025.11.12	20:00:00	24399.36	24411.46	24387.76	24395.46	1892	0	129
2025.11.12	21:00:00	24395.96	24405.26	24380.96	24394.36	1791	0	129
2025.11.12	22:00:00	24393.36	24427.26	24388.76	24422.86	2067	0	129
2025.11.12	23:00:00	24422.73	24440.43	24414.23	24417.63	2343	0	255
2025.11.13	01:00:00	24363.43	24384.43	24353.43	24366.93	2830	0	345
2025.11.13	02:00:00	24367.06	24431.56	24366.56	24410.06	1549	0	299
2025.11.13	03:00:00	24409.56	24490.56	24406.06	24470.16	1248	0	319
2025.11.13	04:00:00	24469.16	24469.16	24438.06	24447.26	640	0	299
2025.11.13	05:00:00	24448.26	24474.06	24439.76	24464.76	481	0	289
2025.11.13	06:00:00	24464.86	24475.26	24453.26	24471.86	312	0	289
2025.11.13	07:00:00	24472.36	24487.76	24458.76	24462.56	426	0	289
2025.11.13	08:00:00	24462.06	24502.06	24435.56	24445.56	763	0	289
2025.11.13	09:00:00	24446.06	24491.96	24413.76	24421.26	1946	0	129
2025.11.13	10:00:00	24417.76	24419.26	24368.26	24403.16	5160	0	119
2025.11.13	11:00:00	24404.66	24407.16	24283.66	24319.16	4037	0	109
2025.11.13	12:00:00	24318.66	24322.66	24263.66	24266.16	2816	0	109
2025.11.13	13:00:00	24265.66	24271.66	24194.66	24232.66	3194	0	109
2025.11.13	14:00:00	24233.16	24264.16	24207.16	24247.16	2475	0	109
2025.11.13	15:00:00	24247.66	24261.66	24219.16	24232.16	3022	0	109
2025.11.13	16:00:00	24231.66	24249.66	24154.06	24160.56	5676	0	109
2025.11.13	17:00:00	24159.06	24178.86	24067.26	24087.86	6681	0	119
2025.11.13	18:00:00	24087.36	24092.36	24001.76	24026.26	6887	0	119
2025.11.13	19:00:00	24025.26	24057.26	24009.76	24014.26	5492	0	229
2025.11.13	20:00:00	24015.26	24037.26	23942.76	23975.26	4417	0	209
2025.11.13	21:00:00	23976.76	23997.76	23932.76	23950.26	5103	0	229
2025.11.13	22:00:00	23951.76	24078.76	23946.26	24073.76	4974	0	229
2025.11.13	23:00:00	24073.63	24109.03	24055.43	24063.23	3426	0	255
2025.11.14	01:00:00	24079.73	24092.83	24063.93	24069.43	2823	0	355
2025.11.14	02:00:00	24069.56	24100.26	24059.86	24063.56	1677	0	289
2025.11.14	03:00:00	24063.66	24076.96	24046.46	24062.66	816	0	299
2025.11.14	04:00:00	24061.16	24119.46	24058.66	24103.06	587	0	289
2025.11.14	05:00:00	24104.06	24109.66	24074.86	24083.16	648	0	289
2025.11.14	06:00:00	24084.66	24086.66	24046.96	24067.46	798	0	309
2025.11.14	07:00:00	24067.96	24103.96	24036.36	24094.16	778	0	309
2025.11.14	08:00:00	24096.16	24109.96	24049.96	24109.96	1179	0	319
2025.11.14	09:00:00	24109.46	24112.56	23980.66	23996.16	3024	0	199
2025.11.14	10:00:00	23995.66	24027.06	23809.06	23869.06	7285	0	119
2025.11.14	11:00:00	23871.06	23901.06	23786.56	23830.16	4604	0	119
2025.11.14	12:00:00	23829.16	23860.16	23764.06	23782.56	4042	0	119
2025.11.14	13:00:00	23782.06	23792.16	23641.06	23664.56	5208	0	119
2025.11.14	14:00:00	23665.06	23681.06	23620.06	23648.06	5278	0	119
2025.11.14	15:00:00	23646.06	23673.66	23602.06	23668.06	4807	0	119
2025.11.14	16:00:00	23670.56	23821.66	23650.66	23821.66	7452	0	119
2025.11.14	17:00:00	23822.66	23885.66	23798.66	23853.26	9382	0	119
2025.11.14	18:00:00	23854.26	23895.16	23801.76	23879.66	6215	0	109
2025.11.14	19:00:00	23879.16	23904.76	23856.76	23879.66	4956	0	199
2025.11.14	20:00:00	23879.16	23890.66	23825.16	23855.76	4585	0	189
2025.11.14	21:00:00	23855.26	23881.26	23838.26	23878.46	3786	0	179
2025.11.14	22:00:00	23876.96	23885.36	23834.26	23834.26	2862	0	159
2025.11.17	01:00:00	23793.53	23862.13	23793.53	23852.83	3343	0	345
2025.11.17	02:00:00	23852.13	23867.86	23819.26	23858.86	2059	0	319
2025.11.17	03:00:00	23859.36	23879.26	23839.36	23840.36	944	0	319
2025.11.17	04:00:00	23841.36	23866.26	23834.86	23861.46	749	0	299
2025.11.17	05:00:00	23860.96	23874.26	23850.86	23870.46	534	0	289
2025.11.17	06:00:00	23870.96	23882.16	23870.96	23874.66	264	0	289
2025.11.17	07:00:00	23872.66	23881.66	23855.96	23859.46	472	0	289
2025.11.17	08:00:00	23858.96	23874.06	23847.96	23861.46	594	0	299
2025.11.17	09:00:00	23859.96	23925.26	23838.06	23898.16	1610	0	129
2025.11.17	10:00:00	23898.66	23934.46	23870.46	23897.46	4565	0	109
2025.11.17	11:00:00	23895.96	23900.46	23815.46	23819.46	3680	0	109
2025.11.17	12:00:00	23818.46	23821.46	23737.96	23744.46	3485	0	119
2025.11.17	13:00:00	23742.46	23791.96	23726.46	23749.96	3322	0	109
2025.11.17	14:00:00	23749.46	23749.96	23689.46	23728.46	3256	0	109
2025.11.17	15:00:00	23728.96	23738.56	23633.06	23671.56	3481	0	109
2025.11.17	16:00:00	23670.06	23714.06	23642.56	23708.06	5169	0	109
2025.11.17	17:00:00	23707.56	23715.06	23572.56	23582.06	7751	0	119
2025.11.17	18:00:00	23582.56	23645.06	23525.56	23644.56	5715	0	119
2025.11.17	19:00:00	23645.06	23650.16	23571.06	23573.06	3843	0	199
2025.11.17	20:00:00	23572.06	23588.56	23498.56	23501.06	3762	0	209
2025.11.17	21:00:00	23498.56	23509.56	23383.06	23385.06	4532	0	229
2025.11.17	22:00:00	23384.06	23459.56	23356.06	23443.56	4991	0	229
2025.11.17	23:00:00	23444.56	23469.73	23442.93	23454.33	3518	0	229
2025.11.18	01:00:00	23472.23	23481.13	23450.23	23471.93	2783	0	345
2025.11.18	02:00:00	23472.93	23480.86	23383.16	23402.66	1825	0	319
2025.11.18	03:00:00	23403.16	23446.16	23395.66	23422.26	1153	0	349
2025.11.18	04:00:00	23421.26	23432.16	23376.16	23376.66	1305	0	329
2025.11.18	05:00:00	23376.16	23377.66	23305.16	23316.16	1186	0	359
2025.11.18	06:00:00	23311.66	23312.66	23170.16	23269.16	2643	0	359
2025.11.18	07:00:00	23268.66	23289.16	23223.16	23265.66	1647	0	349
2025.11.18	08:00:00	23266.16	23303.16	23228.16	23256.66	2030	0	369
2025.11.18	09:00:00	23252.66	23282.86	23141.36	23228.86	3379	0	229
2025.11.18	10:00:00	23229.36	23355.36	23216.86	23289.36	7592	0	129
2025.11.18	11:00:00	23290.36	23352.36	23274.36	23340.36	4265	0	119
2025.11.18	12:00:00	23338.86	23342.86	23272.36	23331.66	3166	0	109
2025.11.18	13:00:00	23328.66	23357.66	23284.66	23298.26	2896	0	109
2025.11.18	14:00:00	23296.76	23301.16	23223.16	23232.16	3772	0	109
2025.11.18	15:00:00	23233.66	23262.66	23191.66	23206.16	4026	0	119
2025.11.18	16:00:00	23205.66	23256.16	23157.16	23171.16	7593	0	119
2025.11.18	17:00:00	23171.66	23187.66	23081.66	23129.66	12870	0	129
2025.11.18	18:00:00	23130.16	23226.16	23101.66	23214.66	8714	0	129
2025.11.18	19:00:00	23215.16	23261.66	23151.16	23252.16	6303	0	229
2025.11.18	20:00:00	23253.16	23279.66	23224.66	23230.16	4709	0	229
2025.11.18	21:00:00	23231.66	23251.66	23203.66	23236.66	4298	0	229
2025.11.18	22:00:00	23237.16	23245.66	23189.16	23195.16	4226	0	219
2025.11.18	23:00:00	23195.66	23198.43	23161.93	23170.93	4968	0	229
2025.11.19	01:00:00	23198.73	23225.93	23194.63	23210.53	3210	0	365
2025.11.19	02:00:00	23210.83	23215.76	23133.06	23168.66	3098	0	339
2025.11.19	03:00:00	23170.16	23191.06	23138.66	23155.66	1092	0	349
2025.11.19	04:00:00	23156.16	23196.76	23156.16	23179.26	928	0	319
2025.11.19	05:00:00	23178.76	23186.16	23109.16	23116.66	643	0	289
2025.11.19	06:00:00	23118.66	23134.26	23100.66	23115.76	782	0	319
2025.11.19	07:00:00	23116.26	23138.06	23071.06	23134.06	999	0	329
2025.11.19	08:00:00	23138.06	23175.56	23119.56	23157.26	1123	0	309
2025.11.19	09:00:00	23155.76	23187.36	23133.76	23163.76	2060	0	159
2025.11.19	10:00:00	23154.76	23220.26	23110.26	23124.96	5071	0	119
2025.11.19	11:00:00	23123.46	23204.06	23099.96	23203.06	3650	0	109
2025.11.19	12:00:00	23202.56	23219.56	23168.06	23212.56	2820	0	109
2025.11.19	13:00:00	23212.06	23269.56	23196.06	23233.56	3586	0	109
2025.11.19	14:00:00	23235.56	23262.56	23212.56	23216.56	2943	0	109
2025.11.19	15:00:00	23216.06	23288.56	23191.96	23278.56	3630	0	109
2025.11.19	16:00:00	23279.06	23352.06	23265.96	23349.56	5126	0	109
2025.11.19	17:00:00	23349.06	23378.06	23230.46	23239.96	5585	0	119
2025.11.19	18:00:00	23238.96	23252.96	23150.46	23198.46	7110	0	119
2025.11.19	19:00:00	23197.96	23216.96	23160.46	23206.46	5904	0	229
2025.11.19	20:00:00	23206.96	23292.96	23199.96	23258.06	4153	0	199
2025.11.19	21:00:00	23261.06	23263.56	23195.06	23226.96	3881	0	209
2025.11.19	22:00:00	23226.46	23292.06	23215.46	23248.96	4206	0	209
2025.11.19	23:00:00	23247.46	23336.63	23224.33	23317.73	8786	0	329
2025.11.20	01:00:00	23346.83	23387.73	23340.53	23384.73	4318	0	355
2025.11.20	02:00:00	23384.86	23426.26	23350.46	23375.46	1736	0	299
2025.11.20	03:00:00	23375.96	23396.86	23359.86	23390.46	553	0	299
2025.11.20	04:00:00	23389.46	23397.56	23367.46	23377.56	636	0	289
2025.11.20	05:00:00	23379.06	23399.96	23353.46	23362.46	454	0	289
2025.11.20	06:00:00	23362.96	23395.96	23360.26	23392.46	501	0	289
2025.11.20	07:00:00	23392.96	23416.56	23375.56	23390.76	585	0	299
2025.11.20	08:00:00	23391.26	23408.86	23367.26	23391.06	755	0	309
2025.11.20	09:00:00	23389.56	23455.66	23374.06	23394.96	1994	0	149
2025.11.20	10:00:00	23394.46	23451.66	23356.96	23424.66	5225	0	119
2025.11.20	11:00:00	23426.66	23429.16	23308.16	23323.66	3876	0	119
2025.11.20	12:00:00	23324.16	23444.66	23314.66	23439.66	3040	0	109
2025.11.20	13:00:00	23440.16	23441.66	23330.66	23347.16	3493	0	109
2025.11.20	14:00:00	23346.16	23412.76	23320.66	23408.26	2829	0	109
2025.11.20	15:00:00	23407.76	23477.66	23388.16	23466.66	3894	0	109
2025.11.20	16:00:00	23467.16	23480.66	23402.66	23480.16	6283	0	109
2025.11.20	17:00:00	23479.16	23512.66	23423.66	23427.16	6265	0	119
2025.11.20	18:00:00	23427.66	23432.66	23122.16	23130.66	11329	0	119
2025.11.20	19:00:00	23129.66	23184.16	23014.16	23052.16	12570	0	229
2025.11.20	20:00:00	23052.66	23218.16	22978.66	23005.66	8066	0	229
2025.11.20	21:00:00	23006.16	23088.66	22980.66	23080.16	6341	0	229
2025.11.20	22:00:00	23079.66	23080.16	22916.66	22929.66	6115	0	229
2025.11.20	23:00:00	22929.53	22942.43	22913.03	22933.33	5426	0	255
2025.11.21	01:00:00	22930.03	22978.83	22894.13	22966.63	6102	0	375
2025.11.21	02:00:00	22965.63	23018.46	22957.66	23009.06	2955	0	319
2025.11.21	03:00:00	23008.56	23024.96	22980.96	23011.46	1316	0	339
2025.11.21	04:00:00	23011.96	23022.56	22988.46	22996.06	849	0	319
2025.11.21	05:00:00	22997.56	23029.46	22984.46	22984.46	1155	0	329
2025.11.21	06:00:00	22984.96	22986.96	22928.46	22969.96	1154	0	319
2025.11.21	07:00:00	22968.96	22995.46	22959.46	22975.06	1228	0	329
2025.11.21	08:00:00	22977.06	23014.96	22964.96	22996.46	1268	0	339
2025.11.21	09:00:00	22997.96	23031.66	22938.66	22946.16	2768	0	179
2025.11.21	10:00:00	22946.66	23184.66	22937.16	23181.66	7384	0	129
2025.11.21	11:00:00	23182.16	23186.16	23024.66	23051.66	5399	0	129
2025.11.21	12:00:00	23051.16	23084.66	22944.16	23079.16	6870	0	119
2025.11.21	13:00:00	23079.66	23172.16	23074.66	23096.66	4731	0	119
2025.11.21	14:00:00	23097.66	23196.16	23030.66	23182.66	7167	0	129
2025.11.21	15:00:00	23184.16	23262.16	23148.66	23243.16	4960	0	119
2025.11.21	16:00:00	23241.16	23243.16	23156.16	23172.66	8538	0	119
2025.11.21	17:00:00	23172.16	23188.66	23068.16	23094.66	14267	0	129
2025.11.21	18:00:00	23095.16	23223.16	23057.16	23216.16	10292	0	129
2025.11.21	19:00:00	23217.16	23252.16	23198.66	23208.66	6396	0	229
2025.11.21	20:00:00	23210.16	23297.16	23139.66	23256.16	5639	0	229
2025.11.21	21:00:00	23256.66	23299.66	23228.06	23240.06	4443	0	219
2025.11.21	22:00:00	23239.06	23247.06	23202.56	23237.06	3860	0	209
2025.11.24	01:00:00	23297.53	23313.13	23279.83	23287.13	2608	0	345
2025.11.24	02:00:00	23287.26	23305.56	23244.96	23284.46	1564	0	299
2025.11.24	03:00:00	23284.96	23300.96	23253.56	23270.46	1126	0	329
2025.11.24	04:00:00	23270.96	23314.56	23260.56	23298.16	965	0	289
2025.11.24	05:00:00	23298.16	23304.26	23289.06	23300.26	513	0	289
2025.11.24	06:00:00	23299.76	23303.76	23268.56	23283.06	869	0	299
2025.11.24	07:00:00	23283.56	23301.56	23270.96	23290.66	717	0	289
2025.11.24	08:00:00	23291.66	23295.26	23264.46	23268.96	895	0	299
2025.11.24	09:00:00	23262.96	23316.66	23239.66	23284.66	1561	0	129
2025.11.24	10:00:00	23285.16	23397.16	23225.66	23372.16	6314	0	119
2025.11.24	11:00:00	23372.66	23390.66	23207.16	23274.66	5827	0	119
2025.11.24	12:00:00	23275.16	23309.16	23167.16	23199.16	4741	0	119
2025.11.24	13:00:00	23198.66	23238.16	23148.16	23220.16	4030	0	119
2025.11.24	14:00:00	23220.66	23245.16	23192.66	23236.26	3356	0	109
2025.11.24	15:00:00	23236.76	23293.16	23197.16	23197.16	3132	0	109
2025.11.24	16:00:00	23196.16	23275.16	23182.16	23264.66	7864	0	109
2025.11.24	17:00:00	23264.16	23320.66	23260.66	23271.66	7313	0	119
2025.11.24	18:00:00	23270.66	23286.16	23186.16	23197.16	4276	0	109
2025.11.24	19:00:00	23196.16	23250.06	23173.66	23246.56	3145	0	159
2025.11.24	20:00:00	23246.56	23277.46	23241.36	23245.96	1682	0	129
2025.11.24	21:00:00	23245.46	23251.96	23187.96	23198.86	2061	0	129
2025.11.24	22:00:00	23199.36	23264.86	23198.36	23227.76	2324	0	129
2025.11.24	23:00:00	23227.26	23247.23	23221.23	23240.53	2515	0	229
2025.11.25	01:00:00	23247.63	23258.73	23231.13	23234.63	1861	0	335
2025.11.25	02:00:00	23234.43	23239.16	23189.86	23199.06	1425	0	289
2025.11.25	03:00:00	23198.56	23199.06	23163.56	23173.06	579	0	309
2025.11.25	04:00:00	23173.56	23197.66	23171.16	23195.66	497	0	289
2025.11.25	05:00:00	23196.66	23202.16	23162.56	23167.16	420	0	289
2025.11.25	06:00:00	23167.66	23199.26	23166.56	23199.16	244	0	289
2025.11.25	07:00:00	23198.66	23217.16	23179.06	23212.16	460	0	289
2025.11.25	08:00:00	23215.16	23228.96	23186.06	23209.86	469	0	289
2025.11.25	09:00:00	23210.86	23270.46	23209.36	23245.26	1392	0	129
2025.11.25	10:00:00	23247.76	23296.56	23159.06	23195.06	5428	0	109
2025.11.25	11:00:00	23194.56	23252.56	23134.56	23223.06	4522	0	119
2025.11.25	12:00:00	23223.56	23242.56	23159.06	23233.06	3188	0	109
2025.11.25	13:00:00	23233.56	23268.76	23219.56	23252.76	2706	0	109
2025.11.25	14:00:00	23252.26	23465.06	23247.26	23342.06	4873	0	109
2025.11.25	15:00:00	23341.56	23441.06	23338.06	23436.06	4721	0	119
2025.11.25	16:00:00	23438.06	23462.06	23269.06	23406.56	7238	0	119
2025.11.25	17:00:00	23406.56	23494.06	23345.56	23472.06	10424	0	119
2025.11.25	18:00:00	23472.56	23539.06	23439.56	23526.56	5233	0	119
2025.11.25	19:00:00	23525.06	23566.86	23522.56	23526.26	2931	0	159
2025.11.25	20:00:00	23526.76	23550.36	23518.86	23520.36	1754	0	129
2025.11.25	21:00:00	23520.86	23529.76	23495.36	23525.96	1840	0	129
2025.11.25	22:00:00	23526.96	23579.66	23526.46	23567.06	1616	0	129
2025.11.25	23:00:00	23565.86	23576.73	23556.43	23562.43	1704	0	325
2025.11.26	01:00:00	23568.93	23577.03	23552.63	23568.63	1307	0	325
2025.11.26	02:00:00	23568.76	23620.56	23558.56	23599.96	1141	0	289
2025.11.26	03:00:00	23600.46	23623.86	23586.66	23622.76	515	0	289
2025.11.26	04:00:00	23621.76	23621.86	23591.16	23601.26	377	0	289
2025.11.26	05:00:00	23600.76	23607.96	23594.36	23595.36	182	0	289
2025.11.26	06:00:00	23591.86	23606.26	23585.16	23602.96	274	0	289
2025.11.26	07:00:00	23602.46	23639.36	23601.46	23617.76	351	0	289
2025.11.26	08:00:00	23617.26	23618.56	23595.86	23606.66	443	0	289
2025.11.26	09:00:00	23604.66	23663.46	23585.86	23595.26	1430	0	129
2025.11.26	10:00:00	23593.26	23602.76	23500.66	23514.16	4694	0	119
2025.11.26	11:00:00	23515.66	23543.26	23443.66	23501.16	3827	0	109
2025.11.26	12:00:00	23503.16	23555.26	23498.16	23554.26	2334	0	109
2025.11.26	13:00:00	23556.26	23581.16	23518.16	23546.66	3070	0	109
2025.11.26	14:00:00	23544.66	23559.76	23449.16	23554.66	3933	0	109
2025.11.26	15:00:00	23555.16	23612.16	23542.16	23608.26	3225	0	109
2025.11.26	16:00:00	23608.76	23677.16	23570.66	23619.66	4948	0	109
2025.11.26	17:00:00	23619.16	23700.16	23602.16	23696.16	5686	0	109
2025.11.26	18:00:00	23695.66	23749.76	23686.66	23744.46	2809	0	109
2025.11.26	19:00:00	23745.46	23765.16	23721.86	23751.96	1587	0	129
2025.11.26	20:00:00	23752.96	23764.96	23716.06	23736.76	1959	0	129
2025.11.26	21:00:00	23736.26	23761.86	23733.66	23741.86	1396	0	129
2025.11.26	22:00:00	23741.36	23756.36	23730.96	23741.86	1247	0	129
2025.11.26	23:00:00	23741.36	23754.63	23740.63	23746.83	1302	0	229
2025.11.27	01:00:00	23742.33	23758.13	23735.93	23738.33	968	0	315
2025.11.27	02:00:00	23738.53	23753.56	23730.96	23737.86	854	0	289
2025.11.27	03:00:00	23737.66	23748.16	23718.56	23736.86	415	0	289
2025.11.27	04:00:00	23738.86	23738.86	23719.86	23721.36	197	0	289
2025.11.27	05:00:00	23721.86	23722.36	23710.66	23721.36	182	0	289
2025.11.27	06:00:00	23720.36	23741.56	23714.16	23734.86	275	0	289
2025.11.27	07:00:00	23734.36	23751.86	23730.76	23741.76	265	0	289
2025.11.27	08:00:00	23739.26	23740.36	23699.66	23706.26	520	0	289
2025.11.27	09:00:00	23706.76	23725.16	23690.46	23720.66	824	0	129
2025.11.27	10:00:00	23721.16	23826.26	23700.16	23751.66	3994	0	109
2025.11.27	11:00:00	23751.16	23808.76	23747.16	23748.26	2754	0	109
2025.11.27	12:00:00	23747.26	23791.76	23737.76	23784.76	2162	0	109
2025.11.27	13:00:00	23784.26	23794.26	23761.26	23770.26	1871	0	109
2025.11.27	14:00:00	23772.26	23796.76	23763.26	23789.26	1630	0	109
2025.11.27	15:00:00	23790.26	23835.16	23764.26	23774.26	2321	0	109
2025.11.27	16:00:00	23775.76	23805.76	23760.26	23802.26	2171	0	109
2025.11.27	17:00:00	23801.76	23812.66	23778.76	23785.16	1943	0	109
2025.11.27	18:00:00	23786.16	23787.66	23727.96	23749.06	1412	0	109
2025.11.27	19:00:00	23751.56	23769.06	23746.56	23763.56	285	0	129
2025.11.27	20:00:00	23766.06	23771.56	23763.56	23766.56	99	0	129
2025.11.27	21:00:00	23767.06	23771.06	23766.06	23769.06	73	0	129
2025.11.27	22:00:00	23769.06	23781.56	23768.56	23779.36	225	0	129
2025.11.28	01:00:00	23771.43	23793.23	23771.43	23786.03	753	0	315
2025.11.28	02:00:00	23786.16	23820.26	23783.06	23807.46	451	0	289
2025.11.28	03:00:00	23807.46	23815.96	23790.46	23796.46	181	0	289
2025.11.28	04:00:00	23795.46	23796.46	23783.96	23787.96	86	0	289
2025.11.28	05:00:00	23787.96	23793.16	23779.96	23784.96	89	0	289
2025.11.28	06:00:00	23784.96	23786.46	23771.16	23782.96	133	0	289
2025.11.28	07:00:00	23783.96	23801.96	23771.96	23771.96	197	0	289
2025.11.28	08:00:00	23770.96	23799.06	23768.36	23776.96	244	0	289
2025.11.28	09:00:00	23775.96	23801.86	23760.06	23767.26	801	0	129
2025.11.28	10:00:00	23763.26	23775.86	23712.36	23731.46	3004	0	109
2025.11.28	11:00:00	23730.96	23773.86	23719.86	23750.46	1895	0	109
2025.11.28	12:00:00	23751.46	23768.96	23746.46	23759.46	1803	0	109
2025.11.28	13:00:00	23758.96	23785.96	23749.96	23778.46	1080	0	109
2025.11.28	14:00:00	23778.96	23828.46	23777.46	23815.46	1281	0	109
2025.11.28	15:00:00	23814.46	23832.46	23791.46	23830.46	1625	0	109
2025.11.28	16:00:00	23830.96	23864.86	23818.36	23862.36	2286	0	109
2025.11.28	17:00:00	23864.36	23886.46	23821.46	23823.46	2508	0	109
2025.11.28	18:00:00	23824.46	23862.46	23819.36	23850.36	2137	0	109
2025.11.28	19:00:00	23850.86	23863.86	23835.86	23841.86	1054	0	129
2025.11.28	20:00:00	23842.36	23847.36	23832.76	23841.36	316	0	129
2025.11.28	21:00:00	23840.86	23859.36	23836.86	23852.36	144	0	129
2025.11.28	22:00:00	23851.86	23861.86	23845.26	23849.36	217	0	129
2025.12.01	01:00:00	23842.83	23865.03	23830.23	23845.13	2616	0	345
2025.12.01	02:00:00	23845.26	23851.46	23749.26	23755.76	1598	0	289
2025.12.01	03:00:00	23756.76	23778.86	23724.06	23767.36	937	0	309
2025.12.01	04:00:00	23766.36	23769.76	23732.16	23746.16	582	0	289
2025.12.01	05:00:00	23744.66	23747.26	23721.06	23745.96	451	0	289
2025.12.01	06:00:00	23742.96	23746.96	23712.06	23716.36	272	0	289
2025.12.01	07:00:00	23716.86	23728.76	23684.76	23728.76	625	0	299
2025.12.01	08:00:00	23726.26	23745.16	23713.26	23725.66	574	0	289
2025.12.01	09:00:00	23728.66	23746.26	23679.96	23743.16	1937	0	129
2025.12.01	10:00:00	23742.16	23765.36	23655.76	23670.36	4825	0	109
2025.12.01	11:00:00	23670.86	23723.86	23571.76	23588.26	4192	0	119
2025.12.01	12:00:00	23589.76	23647.36	23528.36	23531.36	3841	0	109
2025.12.01	13:00:00	23530.36	23545.36	23475.36	23483.86	4283	0	109
2025.12.01	14:00:00	23483.36	23503.96	23427.36	23482.96	4471	0	119
2025.12.01	15:00:00	23483.96	23582.96	23483.46	23567.96	3672	0	109
2025.12.01	16:00:00	23565.96	23617.46	23541.96	23610.46	4775	0	109
2025.12.01	17:00:00	23610.46	23622.96	23571.96	23607.96	5623	0	109
2025.12.01	18:00:00	23608.96	23626.56	23575.36	23618.76	3512	0	109
2025.12.01	19:00:00	23618.26	23638.36	23595.46	23626.76	1961	0	129
2025.12.01	20:00:00	23626.26	23665.86	23626.26	23661.36	1162	0	129
2025.12.01	21:00:00	23660.86	23660.86	23566.46	23569.56	2408	0	129
2025.12.01	22:00:00	23569.06	23591.66	23549.46	23559.86	2093	0	129
2025.12.01	23:00:00	23559.73	23563.63	23544.33	23556.13	1859	0	255
2025.12.02	01:00:00	23561.33	23572.23	23548.03	23553.73	1673	0	335
2025.12.02	02:00:00	23553.86	23576.26	23545.86	23561.46	1396	0	289
2025.12.02	03:00:00	23563.46	23601.76	23562.46	23592.46	482	0	289
2025.12.02	04:00:00	23581.96	23606.86	23571.96	23592.26	386	0	289
2025.12.02	05:00:00	23593.76	23599.96	23567.66	23592.86	470	0	289
2025.12.02	06:00:00	23590.86	23602.46	23580.26	23586.66	254	0	289
2025.12.02	07:00:00	23586.16	23607.96	23585.66	23599.96	270	0	289
2025.12.02	08:00:00	23600.46	23631.56	23575.26	23616.06	658	0	289
2025.12.02	09:00:00	23615.56	23651.26	23613.06	23639.16	1179	0	129
2025.12.02	10:00:00	23641.16	23718.86	23600.76	23712.66	4732	0	109
2025.12.02	11:00:00	23713.16	23737.16	23690.66	23703.16	3020	0	109
2025.12.02	12:00:00	23702.66	23771.66	23675.16	23768.16	2542	0	109
2025.12.02	13:00:00	23767.66	23784.66	23738.66	23771.66	2420	0	109
2025.12.02	14:00:00	23771.16	23774.66	23683.66	23708.66	2721	0	109
2025.12.02	15:00:00	23707.66	23709.66	23659.46	23699.96	2718	0	109
2025.12.02	16:00:00	23699.46	23732.86	23686.96	23724.46	4985	0	109
2025.12.02	17:00:00	23727.96	23771.96	23685.36	23769.96	5600	0	109
2025.12.02	18:00:00	23768.96	23797.46	23695.86	23738.36	5807	0	119
2025.12.02	19:00:00	23737.86	23774.86	23696.06	23696.06	2662	0	129
2025.12.02	20:00:00	23695.06	23730.76	23690.96	23723.56	2409	0	129
2025.12.02	21:00:00	23723.06	23752.36	23717.26	23747.36	1750	0	129
2025.12.02	22:00:00	23747.86	23758.36	23726.46	23726.46	1578	0	129
2025.12.02	23:00:00	23726.96	23736.73	23720.63	23728.03	1351	0	209
2025.12.03	01:00:00	23735.03	23750.03	23730.13	23739.83	1137	0	325
2025.12.03	02:00:00	23739.96	23752.26	23707.56	23740.36	1041	0	289
2025.12.03	03:00:00	23740.86	23751.86	23727.36	23731.36	390	0	289
2025.12.03	04:00:00	23731.86	23745.96	23725.96	23739.26	320	0	289
2025.12.03	05:00:00	23737.26	23754.36	23730.76	23752.96	411	0	289
2025.12.03	06:00:00	23752.46	23756.96	23744.96	23750.96	174	0	289
2025.12.03	07:00:00	23748.46	23764.46	23739.16	23744.86	241	0	289
2025.12.03	08:00:00	23744.86	23761.06	23733.76	23761.06	390	0	289
2025.12.03	09:00:00	23763.06	23786.76	23752.06	23760.86	1009	0	129
2025.12.03	10:00:00	23760.36	23825.76	23756.26	23813.76	4286	0	109
2025.12.03	11:00:00	23813.26	23841.16	23772.26	23785.26	3067	0	109
2025.12.03	12:00:00	23783.26	23799.76	23739.66	23747.26	2772	0	109
2025.12.03	13:00:00	23747.76	23770.26	23723.26	23751.26	2392	0	109
2025.12.03	14:00:00	23749.26	23789.76	23739.26	23763.76	2081	0	109
2025.12.03	15:00:00	23762.76	23784.26	23720.26	23721.76	2307	0	109
2025.12.03	16:00:00	23721.26	23736.16	23639.66	23718.26	7865	0	109
2025.12.03	17:00:00	23719.26	23746.76	23695.76	23713.26	5451	0	109
2025.12.03	18:00:00	23711.76	23719.26	23662.16	23667.66	3730	0	109
2025.12.03	19:00:00	23666.66	23720.16	23665.76	23716.16	1867	0	129
2025.12.03	20:00:00	23716.66	23740.66	23702.16	23728.16	952	0	129
2025.12.03	21:00:00	23726.16	23776.66	23726.16	23771.16	803	0	129
2025.12.03	22:00:00	23772.66	23785.16	23758.66	23771.36	1040	0	129
2025.12.03	23:00:00	23771.23	23824.33	23747.53	23772.83	2492	0	215
2025.12.04	01:00:00	23781.23	23785.73	23772.23	23776.83	922	0	315
2025.12.04	02:00:00	23776.96	23788.06	23754.96	23761.96	1095	0	289
2025.12.04	03:00:00	23761.46	23784.16	23758.46	23775.16	535	0	289
2025.12.04	04:00:00	23774.16	23815.66	23767.56	23809.16	467	0	289
2025.12.04	05:00:00	23809.66	23809.66	23776.66	23788.06	293	0	289
2025.12.04	06:00:00	23787.06	23794.16	23780.16	23791.76	277	0	289
2025.12.04	07:00:00	23792.26	23806.26	23789.26	23806.26	306	0	289
2025.12.04	08:00:00	23805.76	23827.26	23801.46	23821.76	419	0	289
2025.12.04	09:00:00	23821.26	23856.06	23818.56	23855.06	988	0	129
2025.12.04	10:00:00	23854.06	23908.56	23814.06	23838.06	4610	0	109
2025.12.04	11:00:00	23838.56	23867.16	23789.06	23859.66	3380	0	109
2025.12.04	12:00:00	23860.66	23878.16	23830.66	23839.16	2503	0	109
2025.12.04	13:00:00	23838.66	23888.16	23838.66	23871.16	2327	0	109
2025.12.04	14:00:00	23870.16	23919.56	23850.16	23903.66	1963	0	109
2025.12.04	15:00:00	23902.66	23925.16	23874.16	23894.16	2382	0	109
2025.12.04	16:00:00	23894.66	23919.06	23857.06	23873.56	4487	0	109
2025.12.04	17:00:00	23873.06	23909.06	23859.56	23887.16	4996	0	109
2025.12.04	18:00:00	23887.66	23919.16	23870.56	23900.96	3621	0	109
2025.12.04	19:00:00	23899.96	23905.96	23886.46	23891.06	1723	0	129
2025.12.04	20:00:00	23890.56	23908.46	23887.46	23891.96	1084	0	129
2025.12.04	21:00:00	23892.46	23895.46	23827.46	23876.16	2447	0	129
2025.12.04	22:00:00	23875.16	23889.36	23854.26	23889.16	1897	0	129
2025.12.04	23:00:00	23889.03	23889.83	23879.73	23889.53	1206	0	215
2025.12.05	01:00:00	23894.23	23894.23	23871.53	23879.13	1000	0	325
2025.12.05	02:00:00	23878.93	23889.96	23873.66	23882.26	1017	0	289
2025.12.05	03:00:00	23883.26	23899.76	23879.76	23896.76	386	0	289
2025.12.05	04:00:00	23896.26	23927.56	23895.26	23904.16	319	0	289
2025.12.05	05:00:00	23904.66	23913.26	23897.16	23912.16	227	0	289
2025.12.05	06:00:00	23909.66	23925.26	23908.66	23924.76	215	0	289
2025.12.05	07:00:00	23925.26	23937.76	23925.26	23937.26	324	0	289
2025.12.05	08:00:00	23937.76	23943.16	23924.66	23933.26	274	0	289
2025.12.05	09:00:00	23931.26	23949.76	23919.96	23940.76	876	0	129
2025.12.05	10:00:00	23942.16	24020.06	23921.56	23996.56	3983	0	109
2025.12.05	11:00:00	23997.56	24029.56	23962.56	24006.16	2715	0	109
2025.12.05	12:00:00	24005.66	24046.16	23979.16	24033.16	2259	0	109
2025.12.05	13:00:00	24032.66	24054.66	24011.66	24032.16	1747	0	109
2025.12.05	14:00:00	24031.16	24062.16	24027.16	24059.16	1902	0	109
2025.12.05	15:00:00	24058.66	24100.16	24050.16	24063.66	2443	0	109
2025.12.05	16:00:00	24062.66	24107.56	24061.16	24096.69	3680	0	109
2025.12.05	17:00:00	24097.19	24131.56	24051.06	24069.06	3777	0	109
2025.12.05	18:00:00	24069.56	24085.56	24015.56	24048.26	4640	0	109
2025.12.05	19:00:00	24048.76	24056.16	24023.86	24055.06	2767	0	129
2025.12.05	20:00:00	24055.56	24077.06	24048.86	24062.06	1360	0	129
2025.12.05	21:00:00	24063.06	24063.56	24036.56	24051.06	1225	0	129
2025.12.05	22:00:00	24050.06	24050.06	24022.56	24028.46	954	0	129
2025.12.08	01:00:00	24048.03	24049.83	24034.93	24044.33	1320	0	325
2025.12.08	02:00:00	24044.53	24055.76	24022.46	24051.46	1547	0	289
2025.12.08	03:00:00	24050.46	24053.46	24033.96	24043.56	390	0	289
2025.12.08	04:00:00	24041.56	24048.96	24033.36	24035.06	199	0	289
2025.12.08	05:00:00	24035.56	24040.56	24029.56	24031.06	116	0	289
2025.12.08	06:00:00	24032.06	24050.36	24031.96	24032.06	304	0	289
2025.12.08	07:00:00	24030.56	24048.26	24022.86	24034.06	450	0	289
2025.12.08	08:00:00	24033.56	24034.06	24004.76	24020.96	445	0	289
2025.12.08	09:00:00	24018.46	24041.86	24006.86	24036.86	949	0	129
2025.12.08	10:00:00	24037.36	24069.36	23990.86	24036.46	3942	0	109
2025.12.08	11:00:00	24034.96	24093.46	24020.86	24093.46	2601	0	109
2025.12.08	12:00:00	24093.96	24094.96	24063.46	24078.46	1980	0	109
2025.12.08	13:00:00	24078.96	24097.46	24057.96	24071.46	1839	0	109
2025.12.08	14:00:00	24070.96	24087.96	24059.96	24077.96	1570	0	109
2025.12.08	15:00:00	24078.46	24116.96	24073.96	24091.46	1929	0	109
2025.12.08	16:00:00	24091.96	24119.96	24081.46	24098.96	3313	0	109
2025.12.08	17:00:00	24099.46	24102.46	24012.36	24019.86	3794	0	109
2025.12.08	18:00:00	24018.86	24062.86	23996.86	24043.26	3307	0	109
2025.12.08	19:00:00	24042.76	24048.26	24013.16	24044.86	2388	0	129
2025.12.08	20:00:00	24045.36	24045.86	24000.36	24010.96	2123	0	129
2025.12.08	21:00:00	24010.46	24025.76	24006.46	24014.76	1568	0	129
2025.12.08	22:00:00	24016.26	24025.56	24009.06	24017.96	1434	0	129
2025.12.08	23:00:00	24017.83	24035.23	24010.03	24030.53	2031	0	225
2025.12.09	01:00:00	24044.93	24052.33	24022.73	24051.93	1606	0	325
2025.12.09	02:00:00	24052.06	24058.66	24031.96	24054.26	734	0	289
2025.12.09	03:00:00	24053.76	24064.06	24037.66	24045.86	472	0	289
2025.12.09	04:00:00	24046.86	24050.86	24036.66	24045.36	328	0	289
2025.12.09	05:00:00	24045.36	24049.66	24037.36	24045.86	208	0	289
2025.12.09	06:00:00	24045.36	24048.86	24041.86	24046.36	128	0	289
2025.12.09	07:00:00	24045.36	24057.96	24036.76	24044.76	266	0	289
2025.12.09	08:00:00	24045.26	24091.96	24032.86	24089.06	466	0	289
2025.12.09	09:00:00	24090.06	24103.66	24068.66	24093.86	1132	0	129
2025.12.09	10:00:00	24092.86	24188.66	24070.66	24157.86	4542	0	109
2025.12.09	11:00:00	24158.86	24169.86	24122.86	24146.86	3315	0	109
2025.12.09	12:00:00	24147.36	24165.86	24118.76	24148.86	3166	0	109
2025.12.09	13:00:00	24149.86	24151.86	24095.86	24112.86	2918	0	109
2025.12.09	14:00:00	24110.86	24133.36	24094.36	24128.86	2229	0	109
2025.12.09	15:00:00	24127.86	24143.86	24103.86	24115.86	2236	0	109
2025.12.09	16:00:00	24115.36	24149.86	24089.86	24147.64	3536	0	109
2025.12.09	17:00:00	24147.50	24167.86	24131.26	24152.26	3801	0	109
2025.12.09	18:00:00	24153.26	24173.76	24146.06	24155.16	2530	0	109
2025.12.09	19:00:00	24154.66	24161.16	24115.06	24135.66	1860	0	129
2025.12.09	20:00:00	24135.16	24154.16	24125.66	24142.16	1110	0	129
2025.12.09	21:00:00	24142.66	24146.16	24128.66	24133.66	979	0	129
2025.12.09	22:00:00	24133.16	24140.16	24113.76	24119.66	1200	0	129
2025.12.09	23:00:00	24119.53	24124.53	24104.23	24110.83	1641	0	255
2025.12.10	01:00:00	24121.43	24126.53	24109.43	24115.43	830	0	315
2025.12.10	02:00:00	24115.56	24138.26	24098.56	24105.86	640	0	289
2025.12.10	03:00:00	24106.36	24109.36	24084.66	24096.76	439	0	289
2025.12.10	04:00:00	24096.26	24117.36	24096.26	24109.36	250	0	289
2025.12.10	05:00:00	24109.86	24123.36	24109.86	24119.86	210	0	289
2025.12.10	06:00:00	24120.36	24142.46	24120.36	24140.46	177	0	289
2025.12.10	07:00:00	24139.96	24139.96	24100.36	24105.96	344	0	289
2025.12.10	08:00:00	24106.46	24129.86	24103.26	24125.46	387	0	289
2025.12.10	09:00:00	24123.46	24156.26	24109.76	24142.26	890	0	129
2025.12.10	10:00:00	24143.26	24168.26	24051.26	24079.16	5340	0	109
2025.12.10	11:00:00	24079.66	24107.66	23997.16	24068.66	3962	0	109
2025.12.10	12:00:00	24068.16	24078.16	24017.16	24017.16	3687	0	109
2025.12.10	13:00:00	24016.66	24067.26	24005.66	24053.76	2711	0	109
2025.12.10	14:00:00	24054.26	24084.26	24042.66	24050.26	2079	0	109
2025.12.10	15:00:00	24049.76	24058.26	24022.16	24036.66	2503	0	109
2025.12.10	16:00:00	24037.66	24076.66	24027.76	24072.16	4312	0	109
2025.12.10	17:00:00	24072.66	24102.66	24053.66	24077.16	4421	0	109
2025.12.10	18:00:00	24075.16	24151.06	24062.76	24138.56	3073	0	109
2025.12.10	19:00:00	24138.06	24139.16	24106.06	24128.96	1907	0	129
2025.12.10	20:00:00	24128.46	24138.16	24112.46	24122.96	1672	0	129
2025.12.10	21:00:00	24123.96	24187.16	24093.16	24180.16	7099	0	189
2025.12.10	22:00:00	24181.66	24226.66	24171.66	24194.26	3749	0	169
2025.12.10	23:00:00	24194.13	24206.03	24176.63	24197.23	2527	0	225
2025.12.11	01:00:00	24187.83	24191.23	24167.93	24178.33	688	0	325
2025.12.11	02:00:00	24178.46	24196.96	24168.16	24171.76	859	0	299
2025.12.11	03:00:00	24171.26	24171.76	24143.16	24144.16	554	0	289
2025.12.11	04:00:00	24144.66	24146.26	24073.36	24089.96	749	0	289
2025.12.11	05:00:00	24092.46	24094.46	23968.36	24016.86	2002	0	349
2025.12.11	06:00:00	24014.36	24026.46	24004.86	24012.56	694	0	309
2025.12.11	07:00:00	24011.06	24060.96	24009.56	24050.86	865	0	309
2025.12.11	08:00:00	24052.36	24082.06	24030.86	24079.46	882	0	319
2025.12.11	09:00:00	24074.96	24121.86	24033.56	24104.86	1794	0	129
2025.12.11	10:00:00	24102.86	24123.16	24002.06	24102.06	6433	0	109
2025.12.11	11:00:00	24101.56	24134.66	24081.16	24124.86	4229	0	119
2025.12.11	12:00:00	24125.36	24168.36	24105.86	24163.36	3480	0	109
2025.12.11	13:00:00	24163.86	24176.36	24131.36	24140.36	2591	0	109
2025.12.11	14:00:00	24140.86	24185.86	24126.86	24178.86	2369	0	109
2025.12.11	15:00:00	24179.36	24217.36	24170.36	24215.36	2453	0	109
2025.12.11	16:00:00	24216.36	24286.86	24213.36	24255.26	5116	0	109
2025.12.11	17:00:00	24255.76	24361.26	24251.26	24342.86	5716	0	109
2025.12.11	18:00:00	24342.36	24367.76	24266.36	24307.76	5292	0	109
2025.12.11	19:00:00	24306.26	24359.66	24304.26	24347.96	2829	0	129
2025.12.11	20:00:00	24346.96	24370.66	24344.26	24349.76	1961	0	129
2025.12.11	21:00:00	24350.26	24382.26	24349.76	24380.26	1224	0	129
2025.12.11	22:00:00	24377.76	24383.26	24336.96	24366.76	1559	0	129
2025.12.11	23:00:00	24366.63	24402.43	24353.53	24385.43	3146	0	255
2025.12.12	01:00:00	24363.83	24370.83	24344.73	24352.63	1273	0	315
2025.12.12	02:00:00	24352.76	24375.16	24341.96	24354.26	687	0	299
2025.12.12	03:00:00	24352.26	24367.86	24346.16	24367.26	470	0	289
2025.12.12	04:00:00	24367.76	24379.86	24359.76	24378.86	450	0	289
2025.12.12	05:00:00	24380.36	24382.36	24363.26	24378.36	342	0	289
2025.12.12	06:00:00	24378.86	24393.66	24361.26	24382.26	295	0	289
2025.12.12	07:00:00	24382.76	24422.36	24380.06	24415.66	436	0	289
2025.12.12	08:00:00	24416.16	24422.66	24392.66	24395.36	400	0	289
2025.12.12	09:00:00	24394.86	24409.66	24382.16	24386.66	863	0	129
2025.12.12	10:00:00	24385.16	24475.66	24356.16	24428.26	4764	0	109
2025.12.12	11:00:00	24427.26	24458.26	24401.16	24418.26	3850	0	109
2025.12.12	12:00:00	24419.26	24437.26	24347.76	24376.26	2847	0	109
2025.12.12	13:00:00	24375.26	24377.26	24328.26	24340.26	2222	0	109
2025.12.12	14:00:00	24339.26	24343.26	24311.26	24331.76	2196	0	109
2025.12.12	15:00:00	24331.26	24344.26	24303.26	24343.76	2061	0	109
2025.12.12	16:00:00	24343.26	24404.26	24341.26	24362.76	3321	0	109
2025.12.12	17:00:00	24363.26	24364.76	24194.66	24214.66	7400	0	119
2025.12.12	18:00:00	24211.66	24230.66	24156.16	24193.66	9035	0	129
2025.12.12	19:00:00	24193.16	24252.26	24189.16	24231.96	4451	0	169
2025.12.12	20:00:00	24232.46	24272.66	24226.36	24239.56	2765	0	139
2025.12.12	21:00:00	24240.06	24241.56	24217.86	24230.16	2220	0	129
2025.12.12	22:00:00	24229.66	24232.56	24186.06	24221.56	1771	0	129
2025.12.15	01:00:00	24235.53	24240.33	24207.23	24238.63	852	0	315
2025.12.15	02:00:00	24238.83	24282.46	24232.66	24279.96	928	0	289
2025.12.15	03:00:00	24280.46	24300.66	24273.96	24300.06	484	0	289
2025.12.15	04:00:00	24300.16	24320.06	24298.06	24311.56	467	0	289
2025.12.15	05:00:00	24312.06	24315.66	24301.06	24302.16	220	0	289
2025.12.15	06:00:00	24301.66	24317.66	24294.66	24310.06	346	0	289
2025.12.15	07:00:00	24309.06	24329.66	24306.86	24310.66	423	0	289
2025.12.15	08:00:00	24310.66	24319.56	24287.06	24300.96	549	0	289
2025.12.15	09:00:00	24299.46	24323.06	24283.86	24317.76	1308	0	129
2025.12.15	10:00:00	24317.26	24333.16	24245.16	24248.16	5213	0	109
2025.12.15	11:00:00	24248.66	24278.66	24230.66	24255.16	3165	0	109
2025.12.15	12:00:00	24254.66	24306.66	24249.16	24305.16	2245	0	109
2025.12.15	13:00:00	24304.66	24317.66	24298.16	24304.16	1637	0	109
2025.12.15	14:00:00	24303.16	24307.16	24246.16	24278.16	2030	0	109
2025.12.15	15:00:00	24278.66	24286.16	24258.66	24275.16	1999	0	109
2025.12.15	16:00:00	24275.66	24287.16	24225.16	24227.16	4755	0	109
2025.12.15	17:00:00	24228.16	24231.66	24167.06	24199.16	7217	0	119
2025.12.15	18:00:00	24200.16	24262.66	24189.16	24213.06	5406	0	109
2025.12.15	19:00:00	24213.56	24220.56	24153.06	24166.26	3934	0	179
2025.12.15	20:00:00	24165.26	24197.96	24151.66	24190.36	2926	0	139
2025.12.15	21:00:00	24189.36	24200.86	24167.86	24191.06	2184	0	129
2025.12.15	22:00:00	24190.56	24204.56	24180.96	24193.26	1891	0	129
2025.12.15	23:00:00	24193.13	24205.53	24186.13	24197.03	2371	0	225
2025.12.16	01:00:00	24206.93	24209.73	24163.73	24180.33	1689	0	325
2025.12.16	02:00:00	24179.33	24199.26	24152.86	24173.26	1487	0	289
2025.12.16	03:00:00	24172.76	24174.56	24083.06	24092.06	1260	0	289
2025.12.16	04:00:00	24091.56	24105.66	24070.56	24086.16	678	0	309
2025.12.16	05:00:00	24086.16	24101.26	24057.56	24093.76	548	0	289
2025.12.16	06:00:00	24094.26	24108.46	24071.76	24101.36	435	0	289
2025.12.16	07:00:00	24101.86	24107.26	24057.06	24063.56	497	0	289
2025.12.16	08:00:00	24064.06	24088.16	24060.06	24088.16	566	0	299
2025.12.16	09:00:00	24091.66	24114.36	24071.66	24105.26	1494	0	129
2025.12.16	10:00:00	24108.26	24165.86	24073.26	24161.36	4571	0	109
2025.12.16	11:00:00	24156.36	24193.86	24113.86	24125.86	3015	0	109
2025.12.16	12:00:00	24123.86	24178.86	24114.36	24148.86	2591	0	109
2025.12.16	13:00:00	24147.86	24163.86	24117.86	24126.86	2470	0	109
2025.12.16	14:00:00	24126.36	24155.36	24108.86	24143.86	2419	0	109
2025.12.16	15:00:00	24145.86	24164.26	24114.36	24122.86	3349	0	109
2025.12.16	16:00:00	24122.36	24126.36	24066.76	24104.36	6470	0	109
2025.12.16	17:00:00	24104.86	24110.36	24007.36	24087.86	7596	0	119
2025.12.16	18:00:00	24087.36	24125.26	24056.86	24120.26	6166	0	109
2025.12.16	19:00:00	24121.26	24139.56	24062.76	24070.76	4459	0	169
2025.12.16	20:00:00	24070.26	24134.66	24000.26	24116.06	3183	0	149
2025.12.16	21:00:00	24115.06	24132.66	24074.36	24124.16	2977	0	139
2025.12.16	22:00:00	24123.66	24158.36	24118.56	24121.36	2420	0	129
2025.12.16	23:00:00	24121.23	24128.83	24094.23	24112.33	3859	0	245
2025.12.17	01:00:00	24101.93	24131.83	24096.73	24101.53	1782	0	335
2025.12.17	02:00:00	24100.73	24110.66	24069.96	24087.66	2404	0	309
2025.12.17	03:00:00	24088.16	24139.56	24088.16	24139.56	972	0	319
2025.12.17	04:00:00	24141.06	24142.06	24098.56	24111.16	625	0	289
2025.12.17	05:00:00	24112.66	24119.36	24099.66	24101.16	354	0	289
2025.12.17	06:00:00	24101.66	24118.16	24080.66	24081.86	320	0	289
2025.12.17	07:00:00	24083.86	24103.76	24068.06	24099.36	462	0	289
2025.12.17	08:00:00	24100.36	24135.16	24097.76	24127.16	652	0	289
2025.12.17	09:00:00	24129.66	24172.56	24118.36	24161.26	1640	0	129
2025.12.17	10:00:00	24162.76	24191.66	24123.86	24152.86	5101	0	109
2025.12.17	11:00:00	24152.86	24158.36	24097.36	24123.86	3391	0	109
2025.12.17	12:00:00	24123.36	24135.36	24083.36	24091.86	2452	0	109
2025.12.17	13:00:00	24092.86	24095.36	24050.86	24075.86	2094	0	109
2025.12.17	14:00:00	24074.86	24089.36	24038.36	24065.86	1914	0	109
2025.12.17	15:00:00	24064.86	24080.36	24026.76	24037.76	3353	0	109
2025.12.17	16:00:00	24039.76	24108.86	24028.36	24100.86	5643	0	109
2025.12.17	17:00:00	24101.36	24104.86	23970.76	23976.26	6599	0	109
2025.12.17	18:00:00	23973.26	23993.26	23942.26	23985.76	6938	0	119
2025.12.17	19:00:00	23986.76	23994.26	23944.76	23967.26	5008	0	229
2025.12.17	20:00:00	23968.26	23986.26	23892.76	23908.26	3898	0	179
2025.12.17	21:00:00	23908.76	23916.76	23877.26	23914.46	3777	0	189
2025.12.17	22:00:00	23914.96	23922.06	23875.26	23884.26	2965	0	129
2025.12.17	23:00:00	23884.76	23930.93	23884.63	23910.23	2736	0	229
2025.12.18	01:00:00	23915.83	23919.33	23887.33	23892.63	2117	0	335
2025.12.18	02:00:00	23892.76	23910.76	23872.96	23909.76	2749	0	309
2025.12.18	03:00:00	23909.26	23909.66	23858.46	23861.96	1947	0	319
2025.12.18	04:00:00	23864.96	23899.46	23860.46	23884.16	1707	0	319
2025.12.18	05:00:00	23883.66	23885.66	23849.96	23859.56	1244	0	319
2025.12.18	06:00:00	23860.06	23894.26	23856.56	23891.76	694	0	289
2025.12.18	07:00:00	23890.76	23921.56	23881.06	23913.56	1060	0	309
2025.12.18	08:00:00	23913.06	23935.56	23906.56	23924.96	1227	0	309
2025.12.18	09:00:00	23923.96	23941.16	23901.96	23924.96	1849	0	129
2025.12.18	10:00:00	23928.26	23977.66	23912.16	23961.76	4897	0	109
2025.12.18	11:00:00	23961.26	24010.76	23940.76	23986.26	3130	0	109
2025.12.18	12:00:00	23986.76	24015.96	23981.26	24000.46	2034	0	109
2025.12.18	13:00:00	24001.46	24039.96	23992.96	24012.46	1945	0	109
2025.12.18	14:00:00	24013.96	24037.46	24005.96	24018.46	1972	0	109
2025.12.18	15:00:00	24019.96	24086.96	24015.96	24032.86	3657	0	109
2025.12.18	16:00:00	24032.36	24107.86	24030.86	24072.76	5679	0	109
2025.12.18	17:00:00	24072.26	24192.86	24057.26	24191.36	5216	0	109
2025.12.18	18:00:00	24190.36	24225.26	24159.36	24176.86	3695	0	109
2025.12.18	19:00:00	24177.36	24180.86	24079.26	24162.26	5941	0	209
2025.12.18	20:00:00	24163.26	24194.26	24142.76	24160.46	1650	0	129
2025.12.18	21:00:00	24160.96	24162.46	24116.46	24125.76	1711	0	129
2025.12.18	22:00:00	24126.26	24177.96	24123.26	24142.76	1499	0	129
2025.12.18	23:00:00	24142.63	24145.33	24115.13	24124.93	2508	0	335
2025.12.19	01:00:00	24132.13	24143.23	24122.43	24143.23	1628	0	335
2025.12.19	02:00:00	24143.36	24151.26	24116.56	24118.96	1607	0	289
2025.12.19	03:00:00	24118.46	24143.86	24096.36	24132.46	671	0	289
2025.12.19	04:00:00	24131.46	24135.96	24111.16	24117.46	498	0	289
2025.12.19	05:00:00	24115.96	24153.86	24110.56	24127.56	949	0	289
2025.12.19	06:00:00	24129.06	24136.06	24121.56	24133.16	395	0	289
2025.12.19	07:00:00	24133.66	24136.46	24111.46	24123.66	401	0	289
2025.12.19	08:00:00	24121.16	24155.96	24114.46	24140.66	730	0	309
2025.12.19	09:00:00	24145.16	24201.86	24145.16	24188.36	1578	0	129
2025.12.19	10:00:00	24185.86	24239.06	24163.06	24199.46	5048	0	109
2025.12.19	11:00:00	24198.96	24264.06	24173.46	24242.96	3546	0	109
2025.12.19	12:00:00	24243.46	24255.06	24197.46	24198.46	3187	0	109
2025.12.19	13:00:00	24198.96	24210.66	24154.96	24202.66	2568	0	109
2025.12.19	14:00:00	24205.66	24218.16	24157.56	24206.66	2825	0	109
2025.12.19	15:00:00	24207.16	24237.66	24205.16	24211.66	2431	0	109
2025.12.19	16:00:00	24212.66	24273.56	24204.56	24270.66	4058	0	109
2025.12.19	17:00:00	24271.66	24303.66	24255.06	24272.06	4561	0	109
2025.12.19	18:00:00	24270.06	24310.16	24263.06	24309.36	3543	0	109
2025.12.19	19:00:00	24308.86	24342.56	24299.86	24331.56	1688	0	129
2025.12.19	20:00:00	24331.06	24339.56	24302.66	24302.66	945	0	129
2025.12.19	21:00:00	24302.16	24318.16	24296.16	24308.16	910	0	129
2025.12.19	22:00:00	24306.66	24307.66	24277.96	24293.16	959	0	129
2025.12.22	01:00:00	24314.73	24329.93	24308.13	24325.33	1232	0	325
2025.12.22	02:00:00	24325.63	24327.46	24299.16	24310.86	1017	0	289
2025.12.22	03:00:00	24311.86	24336.56	24311.86	24314.26	330	0	289
2025.12.22	04:00:00	24314.76	24320.26	24304.36	24309.86	281	0	289
2025.12.22	05:00:00	24310.36	24314.36	24297.86	24301.86	224	0	289
2025.12.22	06:00:00	24302.86	24312.16	24261.96	24272.86	411	0	289
2025.12.22	07:00:00	24273.36	24279.76	24258.16	24265.96	247	0	289
2025.12.22	08:00:00	24265.46	24284.06	24252.16	24283.16	472	0	289
2025.12.22	09:00:00	24281.66	24324.16	24281.06	24287.86	1421	0	129
2025.12.22	10:00:00	24288.36	24354.76	24277.76	24308.26	4206	0	109
2025.12.22	11:00:00	24305.76	24322.76	24285.76	24294.26	2916	0	109
2025.12.22	12:00:00	24294.76	24306.16	24263.16	24273.16	2324	0	109
2025.12.22	13:00:00	24273.66	24302.16	24264.66	24283.66	1771	0	109
2025.12.22	14:00:00	24285.66	24311.66	24282.66	24290.66	1902	0	109
2025.12.22	15:00:00	24291.16	24292.16	24228.16	24264.16	1971	0	109
2025.12.22	16:00:00	24264.66	24272.66	24204.16	24207.66	4255	0	109
2025.12.22	17:00:00	24209.16	24283.26	24197.76	24279.26	3647	0	109
2025.12.22	18:00:00	24278.76	24305.76	24268.96	24278.36	2608	0	109
2025.12.22	19:00:00	24279.36	24296.86	24268.16	24295.86	1444	0	129
2025.12.22	20:00:00	24295.36	24295.36	24272.86	24278.36	933	0	129
2025.12.22	21:00:00	24278.86	24293.56	24274.86	24290.56	660	0	129
2025.12.22	22:00:00	24291.06	24300.06	24284.06	24293.56	794	0	129
2025.12.22	23:00:00	24293.06	24301.03	24285.53	24293.83	864	0	139
2025.12.23	01:00:00	24294.93	24303.83	24287.53	24291.03	545	0	315
2025.12.23	02:00:00	24291.16	24319.66	24289.06	24315.76	521	0	289
2025.12.23	03:00:00	24316.26	24319.76	24292.66	24312.16	389	0	289
2025.12.23	04:00:00	24311.66	24325.26	24309.56	24318.26	400	0	289
2025.12.23	05:00:00	24318.76	24325.26	24314.76	24319.66	200	0	289
2025.12.23	06:00:00	24317.66	24323.26	24299.06	24303.06	198	0	289
2025.12.23	07:00:00	24303.56	24308.86	24294.46	24297.66	327	0	289
2025.12.23	08:00:00	24297.16	24303.26	24280.46	24300.66	350	0	289
2025.12.23	09:00:00	24302.66	24313.56	24289.46	24291.46	963	0	129
2025.12.23	10:00:00	24293.46	24341.56	24278.06	24293.46	3356	0	109
2025.12.23	11:00:00	24292.96	24317.26	24281.76	24315.26	2662	0	109
2025.12.23	12:00:00	24315.76	24332.26	24307.26	24313.26	1741	0	109
2025.12.23	13:00:00	24312.76	24325.26	24297.76	24310.76	1420	0	109
2025.12.23	14:00:00	24309.76	24313.26	24281.26	24302.76	1482	0	109
2025.12.23	15:00:00	24304.26	24311.26	24248.26	24267.16	2289	0	109
2025.12.23	16:00:00	24266.16	24340.26	24257.16	24315.76	3056	0	109
2025.12.23	17:00:00	24316.76	24363.86	24304.26	24356.16	2957	0	109
2025.12.23	18:00:00	24355.66	24359.16	24328.56	24346.06	2259	0	109
2025.12.23	19:00:00	24346.56	24351.06	24325.56	24326.56	1116	0	129
2025.12.23	20:00:00	24326.06	24350.06	24325.56	24341.06	662	0	129
2025.12.23	21:00:00	24340.56	24344.06	24323.06	24327.56	419	0	129
2025.12.23	22:00:00	24327.06	24335.56	24319.46	24324.06	830	0	129
2025.12.23	23:00:00	24323.56	24326.03	24313.43	24314.53	1067	0	229
2025.12.29	02:00:00	24393.46	24410.66	24388.16	24392.86	338	0	289
2025.12.29	03:00:00	24392.36	24406.66	24388.16	24390.86	303	0	289
2025.12.29	04:00:00	24391.36	24399.46	24383.66	24386.86	349	0	289
2025.12.29	05:00:00	24386.36	24393.16	24377.26	24385.66	171	0	289
2025.12.29	06:00:00	24385.66	24393.16	24382.86	24384.16	159	0	289
2025.12.29	07:00:00	24384.66	24385.66	24372.56	24379.66	288	0	289
2025.12.29	08:00:00	24380.66	24425.16	24377.86	24406.16	858	0	289
2025.12.29	09:00:00	24405.16	24437.46	24394.96	24398.46	1310	0	129
2025.12.29	10:00:00	24397.46	24429.76	24257.76	24270.76	5462	0	149
2025.12.29	11:00:00	24270.26	24308.36	24255.96	24282.36	3189	0	109
2025.12.29	12:00:00	24281.36	24330.56	24268.86	24323.56	2241	0	109
2025.12.29	13:00:00	24324.06	24372.56	24323.56	24345.06	1707	0	109
2025.12.29	14:00:00	24343.56	24359.06	24311.06	24321.56	1839	0	109
2025.12.29	15:00:00	24321.06	24355.56	24316.06	24347.56	2017	0	109
2025.12.29	16:00:00	24348.56	24393.36	24324.26	24326.96	4215	0	109
2025.12.29	17:00:00	24328.46	24387.46	24315.46	24382.86	4314	0	109
2025.12.29	18:00:00	24383.86	24394.96	24342.06	24357.56	3150	0	109
2025.12.29	19:00:00	24357.66	24373.76	24345.86	24371.76	1769	0	129
2025.12.29	20:00:00	24369.76	24390.76	24364.26	24365.76	1179	0	129
2025.12.29	21:00:00	24365.26	24382.76	24357.76	24377.76	1005	0	129
2025.12.29	22:00:00	24377.26	24381.06	24348.36	24365.06	1221	0	129
2025.12.29	23:00:00	24364.96	24372.63	24356.73	24366.93	1021	0	249
2025.12.30	01:00:00	24356.53	24362.63	24349.53	24352.93	1049	0	355
2025.12.30	02:00:00	24353.06	24361.46	24337.26	24347.66	745	0	289
2025.12.30	03:00:00	24349.16	24385.16	24341.06	24383.46	351	0	289
2025.12.30	04:00:00	24385.96	24390.76	24369.66	24385.26	334	0	289
2025.12.30	05:00:00	24385.46	24398.76	24385.46	24393.06	218	0	289
2025.12.30	06:00:00	24392.56	24400.16	24388.16	24388.16	144	0	289
2025.12.30	07:00:00	24387.66	24387.66	24369.16	24378.16	207	0	289
2025.12.30	08:00:00	24377.16	24377.66	24351.06	24360.66	357	0	289
2025.12.30	09:00:00	24362.66	24374.96	24319.36	24320.36	949	0	129
2025.12.30	10:00:00	24328.36	24369.46	24323.96	24366.16	2957	0	109
2025.12.30	11:00:00	24364.16	24416.06	24360.66	24412.06	2061	0	109
2025.12.30	12:00:00	24413.06	24450.16	24413.06	24445.16	1877	0	109
2025.12.30	13:00:00	24446.16	24486.16	24405.66	24476.16	1761	0	109
2025.12.30	14:00:00	24475.66	24536.06	24472.16	24534.06	1993	0	109
2025.12.30	15:00:00	24533.06	24539.06	24495.66	24525.66	1790	0	109
2025.12.30	16:00:00	24528.16	24562.06	24520.16	24559.06	2282	0	109
2025.12.30	17:00:00	24559.56	24621.06	24550.56	24606.06	2380	0	109
2025.12.30	18:00:00	24603.06	24638.56	24597.56	24619.16	2231	0	109
2025.12.30	19:00:00	24618.66	24620.26	24583.96	24587.96	1576	0	129
2025.12.30	20:00:00	24587.46	24610.46	24582.96	24585.96	1035	0	129
2025.12.30	21:00:00	24586.46	24595.46	24572.46	24580.46	927	0	129
2025.12.30	22:00:00	24579.96	24595.46	24554.56	24566.06	1162	0	129
2025.12.30	23:00:00	24560.83	24575.33	24555.23	24570.83	1268	0	365
2026.01.02	02:00:00	24505.06	24551.06	24461.06	24504.96	424	0	289
2026.01.02	03:00:00	24505.46	24528.56	24495.16	24502.56	816	0	339
2026.01.02	04:00:00	24505.56	24510.76	24490.46	24502.36	770	0	289
2026.01.02	05:00:00	24498.86	24513.56	24483.96	24506.16	632	0	289
2026.01.02	06:00:00	24506.26	24521.26	24496.86	24504.06	515	0	289
2026.01.02	07:00:00	24505.56	24540.76	24493.66	24539.26	454	0	289
2026.01.02	08:00:00	24539.76	24560.56	24524.56	24555.06	594	0	289
2026.01.02	09:00:00	24550.06	24579.16	24475.56	24484.66	1805	0	129
2026.01.02	10:00:00	24485.16	24635.96	24454.86	24631.46	5335	0	129
2026.01.02	11:00:00	24630.96	24672.46	24574.46	24584.46	3985	0	109
2026.01.02	12:00:00	24584.96	24587.96	24466.06	24518.06	3378	0	109
2026.01.02	13:00:00	24518.56	24560.16	24505.16	24554.66	2030	0	109
2026.01.02	14:00:00	24555.16	24567.16	24510.16	24564.16	2455	0	109
2026.01.02	15:00:00	24564.66	24587.16	24542.16	24584.16	2242	0	109
2026.01.02	16:00:00	24583.66	24603.06	24548.56	24582.76	4607	0	109
2026.01.02	17:00:00	24583.26	24584.76	24459.76	24509.26	7891	0	119
2026.01.02	18:00:00	24509.76	24547.86	24442.26	24517.36	7986	0	119
2026.01.02	19:00:00	24516.36	24530.36	24480.86	24486.36	4998	0	219
2026.01.02	20:00:00	24485.86	24497.16	24458.56	24486.16	3087	0	149
2026.01.02	21:00:00	24486.66	24554.56	24485.06	24540.56	3427	0	159
2026.01.02	22:00:00	24541.06	24546.46	24525.16	24530.56	2308	0	139
2026.01.05	01:00:00	24565.13	24575.53	24550.53	24571.73	2846	0	345
2026.01.05	02:00:00	24571.53	24638.96	24556.56	24624.56	1879	0	289
2026.01.05	03:00:00	24624.56	24632.36	24605.86	24623.06	955	0	299
2026.01.05	04:00:00	24622.56	24643.46	24616.46	24624.76	566	0	289
2026.01.05	05:00:00	24624.26	24629.16	24613.56	24623.66	486	0	289
2026.01.05	06:00:00	24621.66	24655.96	24621.66	24647.66	430	0	289
2026.01.05	07:00:00	24644.66	24665.96	24640.96	24648.86	499	0	289
2026.01.05	08:00:00	24649.86	24654.86	24615.46	24645.56	703	0	289
2026.01.05	09:00:00	24644.56	24662.66	24617.26	24659.76	1704	0	129
2026.01.05	10:00:00	24660.26	24824.46	24634.16	24794.96	7156	0	119
2026.01.05	11:00:00	24794.46	24808.46	24713.46	24742.46	4403	0	109
2026.01.05	12:00:00	24741.46	24742.96	24675.96	24702.56	3364	0	109
2026.01.05	13:00:00	24703.56	24727.56	24672.06	24681.86	2705	0	109
2026.01.05	14:00:00	24682.86	24705.36	24658.86	24691.86	2591	0	109
2026.01.05	15:00:00	24692.86	24720.86	24681.86	24712.26	2739	0	109
2026.01.05	16:00:00	24712.76	24793.76	24708.76	24776.26	4973	0	109
2026.01.05	17:00:00	24773.26	24853.36	24758.86	24848.86	4365	0	109
2026.01.05	18:00:00	24848.36	24884.66	24827.86	24859.56	3066	0	109
2026.01.05	19:00:00	24860.06	24872.66	24847.26	24851.26	1849	0	129
2026.01.05	20:00:00	24850.76	24852.76	24823.66	24835.86	1164	0	129
2026.01.05	21:00:00	24836.86	24848.86	24830.86	24842.86	979	0	129
2026.01.05	22:00:00	24842.36	24867.06	24840.86	24866.46	1193	0	129
2026.01.05	23:00:00	24866.33	24867.83	24854.33	24857.13	1299	0	225
2026.01.06	01:00:00	24868.03	24870.93	24847.33	24848.63	1125	0	325
2026.01.06	02:00:00	24848.83	24871.56	24842.96	24848.46	1073	0	289
2026.01.06	03:00:00	24848.96	24897.56	24844.36	24882.96	486	0	289
2026.01.06	04:00:00	24883.46	24895.46	24874.46	24890.96	212	0	289
2026.01.06	05:00:00	24890.46	24918.86	24883.96	24918.86	288	0	289
2026.01.06	06:00:00	24918.86	24938.46	24916.96	24934.96	235	0	289
2026.01.06	07:00:00	24935.46	24935.96	24908.66	24911.46	238	0	289
2026.01.06	08:00:00	24910.46	24931.46	24906.96	24919.96	307	0	289
2026.01.06	09:00:00	24920.46	24941.36	24880.26	24900.16	900	0	129
2026.01.06	10:00:00	24899.16	24922.76	24836.76	24865.26	4926	0	109
2026.01.06	11:00:00	24866.76	24910.46	24850.96	24860.46	3938	0	109
2026.01.06	12:00:00	24861.46	24900.56	24858.46	24873.56	2605	0	109
2026.01.06	13:00:00	24872.56	24927.06	24871.56	24917.56	1917	0	109
2026.01.06	14:00:00	24916.56	24967.56	24912.56	24955.56	1808	0	109
2026.01.06	15:00:00	24963.06	24970.46	24931.56	24948.06	2257	0	109
2026.01.06	16:00:00	24948.56	24962.56	24912.46	24936.46	3364	0	109
2026.01.06	17:00:00	24937.46	24951.96	24867.46	24876.46	4681	0	109
2026.01.06	18:00:00	24875.96	24921.56	24863.46	24892.76	3398	0	109
2026.01.06	19:00:00	24893.26	24938.96	24887.26	24930.96	1407	0	129
2026.01.06	20:00:00	24931.46	24957.46	24929.46	24957.46	767	0	129
2026.01.06	21:00:00	24956.46	24973.96	24956.46	24968.46	745	0	129
2026.01.06	22:00:00	24967.46	24984.96	24960.46	24964.56	899	0	129
2026.01.06	23:00:00	24963.06	24974.03	24957.03	24958.83	1272	0	209
2026.01.07	01:00:00	24964.53	24966.23	24952.73	24958.53	1001	0	315
2026.01.07	02:00:00	24959.53	24992.76	24956.66	24974.06	752	0	289
2026.01.07	03:00:00	24973.06	24973.56	24944.46	24945.46	583	0	289
2026.01.07	04:00:00	24944.46	24968.06	24943.46	24965.06	311	0	289
2026.01.07	05:00:00	24966.06	24987.16	24964.56	24970.06	340	0	289
2026.01.07	06:00:00	24970.56	24973.56	24949.16	24965.56	514	0	289
2026.01.07	07:00:00	24965.06	24968.56	24939.66	24951.96	362	0	289
2026.01.07	08:00:00	24952.96	24970.96	24949.56	24955.46	411	0	289
2026.01.07	09:00:00	24952.96	25005.86	24952.36	24983.26	1292	0	129
2026.01.07	10:00:00	24987.76	25037.86	24983.86	24994.96	5710	0	119
2026.01.07	11:00:00	24993.46	25034.26	24980.76	25023.36	3766	0	109
2026.01.07	12:00:00	25023.86	25090.76	25015.86	25060.86	3071	0	109
2026.01.07	13:00:00	25061.36	25079.76	25032.86	25051.36	2412	0	109
2026.01.07	14:00:00	25051.86	25058.86	25013.86	25056.36	2535	0	109
2026.01.07	15:00:00	25055.86	25082.86	25039.86	25078.86	2378	0	109
2026.01.07	16:00:00	25078.36	25113.76	25056.76	25072.54	3665	0	109
2026.01.07	17:00:00	25072.40	25094.86	25036.76	25089.86	4720	0	109
2026.01.07	18:00:00	25090.36	25145.06	25082.26	25144.56	2976	0	109
2026.01.07	19:00:00	25145.06	25146.56	25116.76	25124.66	1143	0	129
2026.01.07	20:00:00	25124.16	25150.06	25111.06	25150.06	1065	0	129
2026.01.07	21:00:00	25149.56	25152.06	25121.56	25143.06	1279	0	129
2026.01.07	22:00:00	25144.06	25147.06	25100.66	25102.66	1563	0	129
2026.01.07	23:00:00	25102.53	25111.13	25084.13	25109.23	1756	0	235
2026.01.08	01:00:00	25115.53	25122.33	25102.53	25114.73	1209	0	315
2026.01.08	02:00:00	25114.93	25118.36	25060.76	25101.66	686	0	289
2026.01.08	03:00:00	25101.16	25136.06	25094.56	25135.56	586	0	289
2026.01.08	04:00:00	25131.56	25147.26	25090.76	25107.76	769	0	299
2026.01.08	05:00:00	25108.26	25115.36	25093.86	25105.66	390	0	289
2026.01.08	06:00:00	25105.16	25109.66	25084.96	25087.66	319	0	289
2026.01.08	07:00:00	25086.66	25092.96	25042.76	25048.36	577	0	289
2026.01.08	08:00:00	25049.86	25049.86	25004.26	25043.96	1157	0	289
2026.01.08	09:00:00	25043.46	25114.96	25043.46	25092.46	2023	0	129
2026.01.08	10:00:00	25091.96	25218.96	25069.96	25173.66	5579	0	119
2026.01.08	11:00:00	25175.66	25191.66	25111.76	25125.76	3192	0	109
2026.01.08	12:00:00	25126.26	25126.76	25066.66	25079.76	3040	0	109
2026.01.08	13:00:00	25080.26	25114.26	25070.16	25105.76	2490	0	109
2026.01.08	14:00:00	25104.76	25109.26	25040.66	25044.66	2502	0	109
2026.01.08	15:00:00	25043.66	25090.76	25021.66	25074.26	2418	0	109
2026.01.08	16:00:00	25074.76	25098.16	25040.66	25082.66	4423	0	109
2026.01.08	17:00:00	25081.66	25163.96	25076.66	25141.46	4485	0	119
2026.01.08	18:00:00	25142.46	25150.96	25109.46	25137.66	3575	0	109
2026.01.08	19:00:00	25138.16	25174.46	25133.66	25171.36	2253	0	129
2026.01.08	20:00:00	25170.86	25174.46	25146.26	25158.86	1600	0	129
2026.01.08	21:00:00	25158.36	25168.86	25147.36	25152.86	1507	0	129
2026.01.08	22:00:00	25150.86	25179.66	25146.86	25175.96	1246	0	129
2026.01.08	23:00:00	25173.96	25220.93	25169.23	25211.63	1551	0	199
2026.01.09	01:00:00	25196.03	25202.33	25175.23	25179.83	1221	0	325
2026.01.09	02:00:00	25179.63	25195.36	25173.96	25178.86	923	0	289
2026.01.09	03:00:00	25178.36	25188.56	25152.16	25164.46	630	0	289
2026.01.09	04:00:00	25165.46	25174.96	25155.36	25156.86	477	0	289
2026.01.09	05:00:00	25155.86	25160.96	25139.76	25141.46	350	0	289
2026.01.09	06:00:00	25141.96	25167.16	25138.46	25159.66	323	0	289
2026.01.09	07:00:00	25160.66	25172.86	25153.46	25170.76	288	0	289
2026.01.09	08:00:00	25171.26	25187.96	25153.36	25166.46	434	0	289
2026.01.09	09:00:00	25166.96	25174.26	25138.76	25146.76	950	0	129
2026.01.09	10:00:00	25146.26	25151.26	25104.26	25136.46	4737	0	109
2026.01.09	11:00:00	25136.96	25164.96	25127.46	25138.46	2957	0	109
2026.01.09	12:00:00	25136.96	25169.46	25126.46	25165.96	2488	0	109
2026.01.09	13:00:00	25165.46	25229.46	25165.46	25227.46	1871	0	109
2026.01.09	14:00:00	25229.46	25264.96	25219.96	25234.46	2264	0	109
2026.01.09	15:00:00	25232.96	25278.96	25202.46	25278.96	2627	0	109
2026.01.09	16:00:00	25279.46	25281.46	25210.86	25223.14	5333	0	109
2026.01.09	17:00:00	25224.14	25254.46	25139.36	25243.96	6779	0	119
2026.01.09	18:00:00	25244.46	25272.96	25224.96	25254.86	3126	0	109
2026.01.09	19:00:00	25254.36	25265.36	25241.06	25242.06	1589	0	129
2026.01.09	20:00:00	25240.06	25274.06	25235.06	25262.56	1124	0	129
2026.01.09	21:00:00	25262.06	25271.56	25248.56	25262.06	729	0	129
2026.01.09	22:00:00	25260.56	25280.06	25257.56	25272.06	679	0	129
2026.01.12	01:00:00	25265.73	25279.13	25252.43	25264.93	2162	0	335
2026.01.12	02:00:00	25265.06	25269.96	25228.46	25229.76	1717	0	289
2026.01.12	03:00:00	25229.76	25245.46	25207.96	25237.96	1058	0	289
2026.01.12	04:00:00	25236.96	25245.36	25222.86	25237.26	461	0	289
2026.01.12	05:00:00	25238.76	25241.86	25226.46	25234.86	348	0	289
2026.01.12	06:00:00	25235.36	25242.36	25221.86	25233.86	366	0	289
2026.01.12	07:00:00	25234.36	25238.16	25210.06	25218.56	639	0	289
2026.01.12	08:00:00	25218.06	25242.86	25209.96	25240.36	403	0	289
2026.01.12	09:00:00	25239.36	25266.16	25206.66	25234.06	1119	0	129
2026.01.12	10:00:00	25235.56	25279.96	25214.16	25269.46	4396	0	109
2026.01.12	11:00:00	25269.96	25295.46	25261.96	25279.46	2627	0	109
2026.01.12	12:00:00	25279.96	25327.46	25267.46	25307.46	1885	0	109
2026.01.12	13:00:00	25308.46	25355.96	25307.46	25352.46	1529	0	109
2026.01.12	14:00:00	25351.96	25410.46	25351.96	25409.46	1458	0	109
2026.01.12	15:00:00	25408.96	25409.46	25343.46	25353.46	1733	0	109
2026.01.12	16:00:00	25354.46	25412.96	25339.46	25409.46	2747	0	109
2026.01.12	17:00:00	25407.46	25420.96	25365.46	25419.46	2741	0	109
2026.01.12	18:00:00	25417.96	25434.36	25393.96	25420.36	1923	0	109
2026.01.12	19:00:00	25419.86	25423.36	25401.36	25405.36	820	0	129
2026.01.12	20:00:00	25406.36	25417.36	25403.86	25415.36	478	0	129
2026.01.12	21:00:00	25415.86	25424.86	25409.36	25423.36	424	0	129
2026.01.12	22:00:00	25423.86	25455.56	25410.36	25453.36	722	0	129
2026.01.12	23:00:00	25453.23	25456.73	25432.43	25432.43	1172	0	255
2026.01.13	01:00:00	25425.63	25442.53	25419.53	25419.73	1301	0	325
2026.01.13	02:00:00	25419.53	25432.56	25403.66	25432.56	821	0	289
2026.01.13	03:00:00	25432.06	25453.66	25421.06	25435.16	712	0	289
2026.01.13	04:00:00	25436.16	25452.16	25433.66	25437.96	486	0	289
2026.01.13	05:00:00	25438.06	25442.36	25427.96	25436.56	419	0	289
2026.01.13	06:00:00	25437.06	25450.56	25432.06	25447.56	380	0	289
2026.01.13	07:00:00	25448.06	25453.06	25430.96	25448.56	405	0	289
2026.01.13	08:00:00	25449.56	25455.56	25427.66	25442.86	534	0	289
2026.01.13	09:00:00	25441.86	25469.76	25427.36	25447.66	1044	0	129
2026.01.13	10:00:00	25447.16	25450.96	25392.36	25403.46	3952	0	109
2026.01.13	11:00:00	25402.96	25416.36	25361.46	25375.46	2358	0	109
2026.01.13	12:00:00	25376.46	25377.46	25338.46	25364.46	1920	0	109
2026.01.13	13:00:00	25364.96	25387.96	25356.96	25387.46	1511	0	109
2026.01.13	14:00:00	25388.46	25435.46	25377.46	25434.46	1361	0	109
2026.01.13	15:00:00	25433.46	25485.86	25433.46	25456.46	2711	0	109
2026.01.13	16:00:00	25455.46	25512.46	25421.56	25441.56	3892	0	109
2026.01.13	17:00:00	25441.06	25442.66	25390.56	25434.16	4146	0	109
2026.01.13	18:00:00	25435.16	25446.86	25391.56	25439.86	2771	0	109
2026.01.13	19:00:00	25440.36	25449.96	25418.36	25424.36	2184	0	129
2026.01.13	20:00:00	25423.86	25427.06	25392.16	25393.16	1879	0	129
2026.01.13	21:00:00	25393.66	25398.76	25371.96	25395.26	1670	0	129
2026.01.13	22:00:00	25394.26	25394.26	25352.06	25389.96	1280	0	129
2026.01.13	23:00:00	25387.66	25394.53	25382.23	25384.03	1454	0	325
2026.01.14	01:00:00	25389.03	25395.43	25379.23	25381.03	1027	0	325
2026.01.14	02:00:00	25380.86	25420.86	25376.46	25409.36	1107	0	289
2026.01.14	03:00:00	25409.86	25414.56	25385.06	25390.26	581	0	289
2026.01.14	04:00:00	25389.76	25404.26	25384.16	25402.36	395	0	289
2026.01.14	05:00:00	25402.86	25420.86	25400.36	25417.36	320	0	289
2026.01.14	06:00:00	25415.36	25421.26	25400.36	25416.46	386	0	289
2026.01.14	07:00:00	25414.96	25414.96	25383.56	25390.36	659	0	289
2026.01.14	08:00:00	25390.86	25390.86	25353.96	25389.86	671	0	289
2026.01.14	09:00:00	25390.36	25421.16	25390.36	25421.16	827	0	129
2026.01.14	10:00:00	25423.16	25458.26	25403.26	25430.26	3457	0	109
2026.01.14	11:00:00	25429.76	25434.26	25380.76	25393.26	2221	0	109
2026.01.14	12:00:00	25394.26	25404.26	25309.16	25328.26	2709	0	109
2026.01.14	13:00:00	25327.26	25344.26	25295.26	25308.76	2343	0	109
2026.01.14	14:00:00	25308.26	25346.26	25293.26	25331.26	2068	0	109
2026.01.14	15:00:00	25330.26	25338.26	25280.26	25289.26	2561	0	109
2026.01.14	16:00:00	25291.76	25328.26	25286.16	25289.26	4532	0	109
2026.01.14	17:00:00	25287.76	25361.66	25268.76	25282.26	5271	0	119
2026.01.14	18:00:00	25283.26	25320.16	25242.76	25259.26	3369	0	109
2026.01.14	19:00:00	25258.76	25281.46	25239.86	25245.86	2412	0	159
2026.01.14	20:00:00	25244.86	25265.96	25215.86	25264.96	2139	0	149
2026.01.14	21:00:00	25263.96	25275.06	25241.46	25264.56	1758	0	129
2026.01.14	22:00:00	25265.06	25319.16	25244.36	25319.16	2715	0	159
2026.01.14	23:00:00	25319.03	25326.43	25291.73	25298.83	2249	0	255
2026.01.15	01:00:00	25302.63	25306.53	25274.43	25303.23	1975	0	345
2026.01.15	02:00:00	25303.36	25333.36	25292.66	25326.06	1031	0	289
2026.01.15	03:00:00	25326.56	25362.26	25324.96	25359.16	685	0	289
2026.01.15	04:00:00	25360.16	25362.06	25336.36	25345.86	435	0	289
2026.01.15	05:00:00	25344.86	25352.36	25317.06	25333.36	584	0	289
2026.01.15	06:00:00	25334.36	25349.36	25333.86	25338.36	242	0	289
2026.01.15	07:00:00	25337.36	25383.96	25324.06	25354.26	654	0	289
2026.01.15	08:00:00	25353.76	25384.96	25324.96	25347.06	1113	0	299
2026.01.15	09:00:00	25347.56	25365.66	25306.16	25312.16	1310	0	129
2026.01.15	10:00:00	25310.66	25315.76	25228.66	25267.66	4203	0	109
2026.01.15	11:00:00	25266.66	25286.66	25233.66	25256.16	2586	0	109
2026.01.15	12:00:00	25257.66	25301.66	25248.16	25299.66	1926	0	109
2026.01.15	13:00:00	25298.66	25299.66	25247.66	25259.66	1472	0	109
2026.01.15	14:00:00	25258.66	25292.66	25247.66	25276.66	1465	0	109
2026.01.15	15:00:00	25276.16	25312.16	25275.66	25295.66	1694	0	109
2026.01.15	16:00:00	25296.66	25337.16	25285.66	25302.66	2547	0	109
2026.01.15	17:00:00	25302.16	25356.56	25285.66	25355.06	2598	0	109
2026.01.15	18:00:00	25355.56	25379.56	25340.06	25342.56	1938	0	109
2026.01.15	19:00:00	25342.06	25345.96	25296.36	25305.06	1203	0	129
2026.01.15	20:00:00	25302.56	25326.06	25302.56	25313.06	879	0	129
2026.01.15	21:00:00	25313.56	25314.06	25275.46	25277.46	1460	0	129
2026.01.15	22:00:00	25276.96	25276.96	25234.26	25251.66	1641	0	129
2026.01.15	23:00:00	25251.96	25263.33	25242.63	25248.33	1539	0	325
2026.01.16	01:00:00	25258.23	25273.63	25252.13	25270.23	1096	0	325
2026.01.16	02:00:00	25269.93	25279.96	25257.36	25270.76	775	0	289
2026.01.16	03:00:00	25271.76	25289.76	25267.26	25286.76	590	0	289
2026.01.16	04:00:00	25285.26	25287.76	25278.76	25283.76	315	0	289
2026.01.16	05:00:00	25284.26	25291.26	25276.26	25284.76	203	0	289
2026.01.16	06:00:00	25285.26	25300.26	25280.16	25292.56	399	0	289
2026.01.16	07:00:00	25292.66	25303.96	25284.66	25290.26	353	0	289
2026.01.16	08:00:00	25289.26	25289.26	25264.76	25285.76	551	0	289
2026.01.16	09:00:00	25286.76	25320.06	25286.76	25306.36	838	0	129
2026.01.16	10:00:00	25307.36	25349.66	25295.16	25306.76	3434	0	109
2026.01.16	11:00:00	25308.76	25318.76	25276.76	25293.76	2172	0	109
2026.01.16	12:00:00	25294.26	25342.76	25290.66	25294.66	1897	0	109
2026.01.16	13:00:00	25294.16	25325.76	25281.66	25292.76	1611	0	109
2026.01.16	14:00:00	25292.26	25294.76	25260.26	25285.26	1935	0	109
2026.01.16	15:00:00	25285.76	25298.76	25277.76	25279.26	1662	0	109
2026.01.16	16:00:00	25278.76	25293.76	25211.66	25212.16	3305	0	109
2026.01.16	17:00:00	25212.66	25275.76	25198.16	25256.76	3731	0	109
2026.01.16	18:00:00	25256.26	25298.06	25250.76	25274.46	2581	0	109
2026.01.16	19:00:00	25273.96	25280.76	25261.56	25276.26	1701	0	129
2026.01.16	20:00:00	25275.76	25299.86	25273.86	25280.86	1004	0	129
2026.01.16	21:00:00	25280.36	25338.86	25273.86	25327.06	1509	0	129
2026.01.16	22:00:00	25326.56	25329.66	25297.76	25307.86	841	0	129
2026.01.19	01:00:00	25096.33	25128.33	25059.33	25102.53	2906	0	365
2026.01.19	02:00:00	25102.33	25109.56	24927.56	24973.56	2093	0	349
2026.01.19	03:00:00	24973.06	25000.56	24930.06	24949.56	2252	0	369
2026.01.19	04:00:00	24952.06	25003.46	24950.56	24999.16	1119	0	299
2026.01.19	05:00:00	24997.16	25036.56	24967.06	25031.56	1023	0	309
2026.01.19	06:00:00	25032.06	25038.56	24977.56	24995.56	873	0	299
2026.01.19	07:00:00	24994.56	25017.56	24936.06	25005.56	1262	0	339
2026.01.19	08:00:00	25004.56	25039.06	24930.06	24943.56	1088	0	339
2026.01.19	09:00:00	24943.06	24994.76	24926.76	24937.76	2381	0	199
2026.01.19	10:00:00	24939.76	25068.76	24917.76	25037.06	6805	0	119
2026.01.19	11:00:00	25037.56	25042.56	24951.06	24954.06	4258	0	119
2026.01.19	12:00:00	24953.56	24990.56	24908.56	24923.06	2905	0	109
2026.01.19	13:00:00	24922.56	24960.56	24921.56	24942.56	2806	0	109
2026.01.19	14:00:00	24942.06	25023.06	24940.56	25001.56	2180	0	109
2026.01.19	15:00:00	25001.06	25048.56	25001.06	25043.56	2249	0	109
2026.01.19	16:00:00	25044.56	25046.56	24967.06	25002.56	2735	0	109
2026.01.19	17:00:00	25003.06	25006.56	24933.56	24939.56	2920	0	109
2026.01.19	18:00:00	24940.06	24993.56	24934.56	24954.36	2259	0	109
2026.01.19	19:00:00	24954.76	24972.46	24944.46	24954.86	737	0	129
2026.01.19	20:00:00	24955.36	24966.46	24952.46	24955.46	182	0	129
2026.01.19	21:00:00	24953.46	24959.46	24950.96	24953.46	154	0	129
2026.01.19	22:00:00	24954.46	24967.46	24950.56	24952.56	339	0	129
2026.01.20	01:00:00	24967.53	24967.73	24930.63	24935.63	836	0	315
2026.01.20	02:00:00	24936.63	24936.76	24822.16	24882.76	1205	0	289
2026.01.20	03:00:00	24884.26	24933.26	24884.26	24922.86	572	0	289
2026.01.20	04:00:00	24924.36	24928.46	24889.96	24921.16	400	0	289
2026.01.20	05:00:00	24920.66	24920.66	24906.66	24914.16	130	0	289
2026.01.20	06:00:00	24912.16	24917.66	24901.66	24908.66	214	0	289
2026.01.20	07:00:00	24908.66	24933.16	24902.16	24909.96	318	0	289
2026.01.20	08:00:00	24909.96	24910.06	24739.26	24811.26	908	0	299
2026.01.20	09:00:00	24810.76	24857.46	24773.46	24803.96	2073	0	189
2026.01.20	10:00:00	24802.96	24815.56	24651.96	24656.46	7326	0	119
2026.01.20	11:00:00	24657.46	24667.46	24550.46	24572.06	5626	0	119
2026.01.20	12:00:00	24570.06	24637.56	24540.46	24567.56	3976	0	119
2026.01.20	13:00:00	24565.56	24590.56	24506.06	24539.06	3393	0	109
2026.01.20	14:00:00	24537.56	24653.56	24531.56	24629.56	3231	0	109
2026.01.20	15:00:00	24632.56	24663.56	24591.46	24613.06	4568	0	109
2026.01.20	16:00:00	24613.56	24696.96	24595.56	24663.96	7636	0	109
2026.01.20	17:00:00	24662.96	24721.06	24626.96	24687.56	7343	0	119
2026.01.20	18:00:00	24687.46	24715.56	24665.96	24698.46	5390	0	119
2026.01.20	19:00:00	24697.96	24707.46	24627.46	24643.56	4399	0	179
2026.01.20	20:00:00	24642.06	24653.56	24581.56	24591.56	3012	0	149
2026.01.20	21:00:00	24591.06	24603.06	24556.96	24581.06	3120	0	169
2026.01.20	22:00:00	24580.56	24614.46	24556.46	24587.46	2906	0	139
2026.01.20	23:00:00	24588.96	24605.13	24582.53	24599.13	2456	0	229
2026.01.21	01:00:00	24615.73	24615.73	24580.53	24585.33	2032	0	325
2026.01.21	02:00:00	24585.46	24619.26	24585.46	24604.46	1466	0	289
2026.01.21	03:00:00	24604.46	24637.76	24599.96	24622.86	802	0	289
2026.01.21	04:00:00	24624.36	24635.46	24611.76	24626.06	806	0	289
2026.01.21	05:00:00	24624.06	24683.76	24623.96	24663.36	1011	0	289
2026.01.21	06:00:00	24661.86	24672.46	24647.56	24647.56	640	0	289
2026.01.21	07:00:00	24648.06	24680.76	24640.06	24665.46	646	0	289
2026.01.21	08:00:00	24661.46	24674.46	24639.26	24646.46	704	0	289
2026.01.21	09:00:00	24644.46	24708.46	24638.46	24664.06	1836	0	129
2026.01.21	10:00:00	24663.06	24674.96	24595.96	24638.86	5577	0	119
2026.01.21	11:00:00	24637.36	24649.86	24539.76	24541.76	4007	0	119
2026.01.21	12:00:00	24542.76	24579.36	24520.26	24530.36	3179	0	109
2026.01.21	13:00:00	24530.86	24534.36	24432.36	24433.86	3196	0	109
2026.01.21	14:00:00	24430.36	24464.86	24394.86	24423.36	3254	0	109
2026.01.21	15:00:00	24422.86	24439.76	24342.36	24422.76	4267	0	109
2026.01.21	16:00:00	24422.26	24603.26	24383.26	24597.26	11090	0	129
2026.01.21	17:00:00	24600.26	24648.86	24560.26	24611.36	6297	0	109
2026.01.21	18:00:00	24611.86	24612.36	24472.76	24478.76	6086	0	119
2026.01.21	19:00:00	24478.26	24511.76	24409.26	24507.26	7655	0	229
2026.01.21	20:00:00	24505.76	24525.26	24454.76	24518.36	5934	0	209
2026.01.21	21:00:00	24519.36	24879.26	24492.36	24878.76	8477	0	189
2026.01.21	22:00:00	24879.26	24896.26	24797.26	24839.76	5357	0	229
2026.01.21	23:00:00	24839.63	24865.23	24839.03	24847.13	2834	0	255
2026.01.22	01:00:00	24891.73	24901.23	24876.93	24885.33	1768	0	335
2026.01.22	02:00:00	24885.63	24898.36	24849.46	24860.36	1407	0	289
2026.01.22	03:00:00	24860.86	24905.56	24851.26	24893.06	666	0	289
2026.01.22	04:00:00	24892.96	24893.96	24845.46	24865.26	461	0	289
2026.01.22	05:00:00	24866.26	24922.46	24859.26	24921.46	532	0	289
2026.01.22	06:00:00	24919.96	24938.96	24887.86	24902.36	458	0	289
2026.01.22	07:00:00	24902.86	24904.36	24848.66	24854.66	422	0	289
2026.01.22	08:00:00	24855.16	24864.66	24806.46	24833.56	882	0	299
2026.01.22	09:00:00	24830.56	24843.66	24770.66	24836.66	2233	0	139
2026.01.22	10:00:00	24833.66	24889.66	24815.66	24840.66	7082	0	129
2026.01.22	11:00:00	24842.16	24931.76	24833.66	24918.76	3969	0	109
2026.01.22	12:00:00	24918.26	24923.76	24843.76	24862.76	2953	0	109
2026.01.22	13:00:00	24863.76	24901.76	24808.26	24837.76	3502	0	109
2026.01.22	14:00:00	24836.26	24871.76	24813.26	24840.76	2503	0	109
2026.01.22	15:00:00	24839.76	24858.76	24788.26	24835.76	2937	0	109
2026.01.22	16:00:00	24835.26	24927.66	24810.76	24838.76	5071	0	109
2026.01.22	17:00:00	24839.26	24871.26	24765.66	24843.76	6143	0	109
2026.01.22	18:00:00	24844.76	24896.76	24824.26	24831.26	3425	0	109
2026.01.22	19:00:00	24830.26	24846.56	24811.76	24842.66	2272	0	129
2026.01.22	20:00:00	24842.16	24849.06	24811.66	24838.46	1646	0	129
2026.01.22	21:00:00	24838.96	24859.66	24819.96	24823.86	1476	0	129
2026.01.22	22:00:00	24823.36	24851.06	24813.46	24822.66	1894	0	129
2026.01.22	23:00:00	24822.16	24831.73	24812.23	24815.53	2552	0	229
2026.01.23	01:00:00	24799.03	24814.23	24793.33	24806.93	1379	0	325
2026.01.23	02:00:00	24806.73	24832.76	24800.36	24821.06	1139	0	289
2026.01.23	03:00:00	24820.56	24841.86	24814.86	24834.06	761	0	289
2026.01.23	04:00:00	24832.56	24839.16	24805.36	24809.66	507	0	289
2026.01.23	05:00:00	24810.16	24841.26	24809.16	24839.26	502	0	289
2026.01.23	06:00:00	24838.26	24850.56	24832.06	24846.16	472	0	289
2026.01.23	07:00:00	24847.16	24881.16	24844.16	24881.16	457	0	289
2026.01.23	08:00:00	24879.16	24889.36	24847.06	24852.46	518	0	289
2026.01.23	09:00:00	24854.46	24854.46	24814.46	24830.16	1351	0	129
2026.01.23	10:00:00	24830.66	24874.56	24804.56	24841.56	5400	0	119
2026.01.23	11:00:00	24842.06	24903.06	24827.06	24835.06	3999	0	109
2026.01.23	12:00:00	24834.56	24842.56	24787.56	24834.06	3610	0	109
2026.01.23	13:00:00	24833.56	24898.66	24829.56	24875.06	3269	0	109
2026.01.23	14:00:00	24877.06	24895.56	24846.66	24885.66	2782	0	109
2026.01.23	15:00:00	24886.66	24890.16	24839.26	24848.26	2982	0	109
2026.01.23	16:00:00	24849.26	24865.76	24799.16	24848.16	4719	0	109
2026.01.23	17:00:00	24848.66	24932.26	24841.16	24911.26	4216	0	109
2026.01.23	18:00:00	24910.76	24921.66	24843.66	24893.36	3837	0	109
2026.01.23	19:00:00	24893.86	24920.06	24848.76	24857.76	3128	0	139
2026.01.23	20:00:00	24858.26	24918.96	24856.26	24903.96	2815	0	139
2026.01.23	21:00:00	24903.46	24921.56	24890.56	24897.06	1912	0	129
2026.01.23	22:00:00	24896.06	24897.06	24872.96	24889.66	1628	0	129
2026.01.26	01:00:00	24689.23	24775.23	24684.23	24768.93	4346	0	375
2026.01.26	02:00:00	24768.43	24834.46	24762.96	24774.46	2689	0	319
2026.01.26	03:00:00	24771.96	24815.96	24753.46	24770.96	2026	0	369
2026.01.26	04:00:00	24771.96	24792.96	24737.46	24747.26	1245	0	309
2026.01.26	05:00:00	24748.26	24786.46	24748.26	24780.96	1237	0	309
2026.01.26	06:00:00	24780.46	24793.46	24765.56	24778.76	796	0	299
2026.01.26	07:00:00	24777.26	24810.66	24766.96	24804.96	824	0	299
2026.01.26	08:00:00	24805.46	24853.46	24797.96	24842.46	998	0	319
2026.01.26	09:00:00	24841.96	24880.66	24840.96	24878.66	1596	0	129
2026.01.26	10:00:00	24879.16	24915.66	24860.66	24881.36	5107	0	109
2026.01.26	11:00:00	24881.86	24896.36	24791.36	24812.36	3639	0	109
2026.01.26	12:00:00	24811.36	24855.86	24796.86	24816.36	3198	0	109
2026.01.26	13:00:00	24818.86	24860.36	24815.86	24853.36	2055	0	109
2026.01.26	14:00:00	24852.86	24902.36	24848.86	24891.36	2017	0	109
2026.01.26	15:00:00	24892.36	24928.36	24879.86	24927.36	2251	0	109
2026.01.26	16:00:00	24927.86	24987.76	24927.86	24941.26	3843	0	109
2026.01.26	17:00:00	24942.26	24972.26	24893.76	24953.26	3575	0	109
2026.01.26	18:00:00	24954.26	24966.26	24919.86	24935.06	3287	0	109
2026.01.26	19:00:00	24934.06	24966.66	24931.56	24956.16	1505	0	129
2026.01.26	20:00:00	24954.66	24968.16	24938.66	24944.16	1044	0	129
2026.01.26	21:00:00	24943.66	24952.16	24917.66	24921.66	1111	0	129
2026.01.26	22:00:00	24921.16	24949.16	24917.66	24926.76	1293	0	129
2026.01.26	23:00:00	24926.63	24943.13	24904.23	24929.73	2741	0	235
2026.01.27	01:00:00	24903.03	24941.83	24901.23	24930.63	1519	0	325
2026.01.27	02:00:00	24930.76	24950.66	24926.46	24934.36	777	0	289
2026.01.27	03:00:00	24934.86	24942.56	24927.36	24936.26	296	0	289
2026.01.27	04:00:00	24935.26	24970.26	24934.26	24968.76	334	0	289
2026.01.27	05:00:00	24966.76	24972.86	24953.76	24969.76	218	0	289
2026.01.27	06:00:00	24970.26	25000.76	24968.36	24995.36	397	0	289
2026.01.27	07:00:00	24992.36	25003.86	24975.86	25002.86	278	0	289
2026.01.27	08:00:00	25004.36	25015.56	24988.36	24989.86	384	0	289
2026.01.27	09:00:00	24990.36	25019.16	24982.46	24991.16	1201	0	129
2026.01.27	10:00:00	24990.66	25015.66	24899.66	24910.46	5397	0	119
2026.01.27	11:00:00	24909.96	24916.46	24860.96	24896.96	3481	0	109
2026.01.27	12:00:00	24895.96	24934.46	24890.96	24907.46	2520	0	109
2026.01.27	13:00:00	24906.96	24963.46	24896.96	24932.96	2908	0	109
2026.01.27	14:00:00	24933.46	24934.96	24896.96	24929.46	2636	0	109
2026.01.27	15:00:00	24929.96	24957.46	24898.96	24908.96	2695	0	109
2026.01.27	16:00:00	24909.96	24953.96	24904.96	24911.96	3972	0	109
2026.01.27	17:00:00	24912.96	24920.96	24844.96	24906.46	4373	0	109
2026.01.27	18:00:00	24905.96	24930.46	24860.06	24876.36	3155	0	109
2026.01.27	19:00:00	24876.86	24889.36	24864.66	24872.96	1869	0	129
2026.01.27	20:00:00	24870.96	24888.96	24853.76	24885.96	1214	0	129
2026.01.27	21:00:00	24884.96	24904.96	24882.46	24898.46	930	0	129
2026.01.27	22:00:00	24896.46	24917.96	24849.46	24849.46	1409	0	129
2026.01.27	23:00:00	24849.33	24866.73	24836.73	24858.13	1883	0	255
2026.01.28	01:00:00	24864.23	24874.23	24859.43	24869.63	1055	0	315
2026.01.28	02:00:00	24869.76	24904.16	24864.66	24898.96	799	0	289
2026.01.28	03:00:00	24899.96	24913.46	24875.46	24879.56	453	0	289
2026.01.28	04:00:00	24873.56	24895.66	24873.56	24882.06	451	0	289
2026.01.28	05:00:00	24882.56	24910.46	24882.26	24884.26	375	0	289
2026.01.28	06:00:00	24884.76	24914.06	24884.76	24896.56	305	0	289
2026.01.28	07:00:00	24896.56	24932.16	24895.06	24913.46	364	0	289
2026.01.28	08:00:00	24931.96	24946.16	24906.16	24938.16	908	0	299
2026.01.28	09:00:00	24937.16	24943.16	24863.36	24868.36	1822	0	129
2026.01.28	10:00:00	24869.36	24922.86	24788.86	24797.86	6552	0	119
2026.01.28	11:00:00	24800.86	24849.96	24794.86	24837.96	3865	0	109
2026.01.28	12:00:00	24836.96	24857.96	24813.96	24838.46	3236	0	109
2026.01.28	13:00:00	24837.96	24891.46	24826.96	24837.96	3417	0	109
2026.01.28	14:00:00	24838.96	24847.96	24704.36	24710.86	5391	0	119
2026.01.28	15:00:00	24708.86	24777.46	24708.86	24761.96	4454	0	119
2026.01.28	16:00:00	24760.96	24813.86	24744.86	24798.36	6763	0	109
2026.01.28	17:00:00	24797.36	24847.86	24787.86	24825.36	6988	0	119
2026.01.28	18:00:00	24824.86	24846.86	24784.86	24795.76	4439	0	119
2026.01.28	19:00:00	24796.26	24842.66	24795.26	24823.96	2447	0	139
2026.01.28	20:00:00	24823.46	24848.26	24820.36	24834.29	1440	0	129
2026.01.28	21:00:00	24824.57	24871.26	24817.76	24851.26	4656	0	169
2026.01.28	22:00:00	24850.26	24876.86	24848.26	24860.26	2591	0	139
2026.01.28	23:00:00	24860.13	24902.93	24788.33	24878.63	7432	0	255
2026.01.29	01:00:00	24880.73	24881.73	24825.43	24833.63	4425	0	355
2026.01.29	02:00:00	24833.33	24879.16	24812.16	24873.76	3130	0	289
2026.01.29	03:00:00	24874.76	24876.06	24799.96	24840.26	788	0	289
2026.01.29	04:00:00	24840.36	24868.46	24823.46	24853.46	665	0	289
2026.01.29	05:00:00	24854.46	24888.56	24851.76	24860.36	605	0	289
2026.01.29	06:00:00	24860.86	24885.36	24853.86	24871.26	326	0	289
2026.01.29	07:00:00	24874.26	24919.86	24751.46	24751.46	461	0	289
2026.01.29	08:00:00	24750.96	24837.46	24750.46	24801.46	490	0	289
2026.01.29	09:00:00	24796.46	24834.96	24780.16	24782.66	1530	0	129
2026.01.29	10:00:00	24782.16	24784.66	24585.66	24631.26	8639	0	129
2026.01.29	11:00:00	24629.76	24671.76	24520.76	24529.26	5589	0	119
2026.01.29	12:00:00	24530.26	24591.26	24510.26	24516.26	5405	0	119
2026.01.29	13:00:00	24515.76	24626.26	24505.76	24622.26	4880	0	119
2026.01.29	14:00:00	24621.26	24639.86	24563.76	24564.76	3977	0	109
2026.01.29	15:00:00	24565.76	24609.76	24541.76	24607.76	4133	0	109
2026.01.29	16:00:00	24609.26	24623.26	24431.26	24431.76	7394	0	119
2026.01.29	17:00:00	24432.26	24473.76	24274.26	24299.26	12050	0	129
2026.01.29	18:00:00	24298.76	24370.26	24265.26	24356.76	9445	0	129
2026.01.29	19:00:00	24356.26	24470.76	24354.26	24393.26	4666	0	229
2026.01.29	20:00:00	24392.76	24462.76	24388.76	24432.26	3500	0	179
2026.01.29	21:00:00	24430.76	24466.06	24429.26	24441.86	2381	0	149
2026.01.29	22:00:00	24442.36	24485.26	24433.86	24476.76	2323	0	149
2026.01.29	23:00:00	24476.63	24494.43	24460.43	24463.63	4484	0	255
2026.01.30	01:00:00	24452.03	24485.23	24413.23	24466.83	4041	0	355
2026.01.30	02:00:00	24466.96	24523.36	24456.46	24484.46	1996	0	319
2026.01.30	03:00:00	24484.96	24485.46	24414.36	24446.86	780	0	329
2026.01.30	04:00:00	24448.36	24461.36	24390.36	24433.36	1042	0	349
2026.01.30	05:00:00	24435.36	24482.86	24435.36	24457.16	525	0	309
2026.01.30	06:00:00	24456.16	24472.26	24430.96	24436.06	449	0	289
2026.01.30	07:00:00	24436.56	24447.36	24409.36	24424.26	562	0	289
2026.01.30	08:00:00	24426.26	24455.86	24407.36	24414.86	753	0	289
2026.01.30	09:00:00	24413.36	24441.96	24316.06	24328.06	2223	0	149
2026.01.30	10:00:00	24333.56	24526.56	24310.56	24523.76	6096	0	119
2026.01.30	11:00:00	24522.26	24524.26	24451.66	24460.76	4475	0	119
2026.01.30	12:00:00	24462.26	24475.26	24405.66	24444.26	4081	0	119
2026.01.30	13:00:00	24444.76	24553.76	24434.16	24541.66	3140	0	109
2026.01.30	14:00:00	24541.16	24569.66	24504.26	24512.26	3598	0	109
2026.01.30	15:00:00	24511.76	24530.76	24469.26	24470.26	4228	0	109
2026.01.30	16:00:00	24469.76	24581.66	24465.76	24518.16	6887	0	119
2026.01.30	17:00:00	24518.66	24586.06	24512.66	24521.96	8984	0	119
2026.01.30	18:00:00	24521.46	24568.96	24491.06	24508.96	7476	0	119
2026.01.30	19:00:00	24507.96	24537.46	24478.96	24499.46	6441	0	229
2026.01.30	20:00:00	24497.96	24513.96	24423.96	24499.46	4838	0	209
2026.01.30	21:00:00	24499.96	24527.76	24486.96	24493.96	4616	0	169
2026.01.30	22:00:00	24494.46	24523.06	24483.06	24523.06	2713	0	169
2026.02.02	01:00:00	24398.63	24488.63	24375.93	24468.03	4965	0	375
2026.02.02	02:00:00	24468.33	24505.26	24431.26	24477.76	2560	0	309
2026.02.02	03:00:00	24479.26	24498.26	24362.76	24376.26	1365	0	339
2026.02.02	04:00:00	24375.26	24397.26	24341.26	24350.96	1382	0	299
2026.02.02	05:00:00	24351.46	24374.26	24264.76	24292.76	1124	0	299
2026.02.02	06:00:00	24295.76	24324.76	24225.76	24312.26	939	0	299
2026.02.02	07:00:00	24311.76	24324.76	24247.26	24277.26	813	0	329
2026.02.02	08:00:00	24277.76	24307.76	24208.76	24288.26	1211	0	349
2026.02.02	09:00:00	24289.76	24354.46	24254.46	24351.46	3314	0	229
2026.02.02	10:00:00	24351.96	24563.46	24351.96	24544.46	6787	0	119
2026.02.02	11:00:00	24545.96	24608.46	24508.46	24583.96	4953	0	119
2026.02.02	12:00:00	24583.46	24633.96	24583.46	24615.46	3713	0	109
2026.02.02	13:00:00	24616.46	24705.46	24615.46	24696.56	3042	0	109
2026.02.02	14:00:00	24697.06	24766.56	24691.46	24733.56	3460	0	109
2026.02.02	15:00:00	24734.06	24762.46	24704.46	24756.46	4166	0	109
2026.02.02	16:00:00	24757.96	24783.56	24735.96	24748.74	6396	0	109
2026.02.02	17:00:00	24749.74	24858.96	24737.46	24803.46	7076	0	119
2026.02.02	18:00:00	24801.96	24829.46	24775.56	24788.06	5277	0	119
2026.02.02	19:00:00	24788.56	24824.96	24785.56	24815.36	2457	0	129
2026.02.02	20:00:00	24814.86	24826.06	24793.86	24816.56	1718	0	129
2026.02.02	21:00:00	24816.06	24836.06	24809.06	24811.56	1513	0	129
2026.02.02	22:00:00	24812.56	24856.86	24806.06	24844.56	2786	0	129
2026.02.02	23:00:00	24844.06	24853.53	24826.93	24848.33	2484	0	229
2026.02.03	01:00:00	24871.43	24911.03	24871.43	24890.13	2345	0	335
2026.02.03	02:00:00	24890.63	24890.76	24859.96	24878.16	1396	0	289
2026.02.03	03:00:00	24877.66	24900.16	24877.16	24899.46	705	0	289
2026.02.03	04:00:00	24898.96	24898.96	24858.86	24880.06	477	0	299
2026.02.03	05:00:00	24880.16	24893.16	24866.46	24892.16	277	0	289
2026.02.03	06:00:00	24894.16	24945.16	24894.16	24929.86	409	0	289
2026.02.03	07:00:00	24930.36	24930.86	24865.26	24886.56	611	0	299
2026.02.03	08:00:00	24886.06	24919.66	24877.36	24915.16	517	0	289
2026.02.03	09:00:00	24914.66	24975.86	24909.96	24949.56	1869	0	129
2026.02.03	10:00:00	24951.06	25102.46	24937.96	25071.56	6470	0	119
2026.02.03	11:00:00	25070.06	25089.56	24926.56	24943.56	4533	0	119
2026.02.03	12:00:00	24944.56	24969.56	24848.56	24849.06	4003	0	109
2026.02.03	13:00:00	24848.06	24883.56	24815.46	24879.56	4210	0	109
2026.02.03	14:00:00	24877.56	24915.56	24843.06	24855.56	3320	0	109
2026.02.03	15:00:00	24856.06	24874.56	24791.96	24804.46	3923	0	109
2026.02.03	16:00:00	24803.46	24812.46	24704.36	24709.36	7992	0	119
2026.02.03	17:00:00	24708.36	24812.36	24702.36	24796.86	11880	0	129
2026.02.03	18:00:00	24798.86	24816.36	24738.86	24757.36	8380	0	119
2026.02.03	19:00:00	24758.86	24761.36	24680.86	24701.36	6435	0	229
2026.02.03	20:00:00	24700.86	24738.36	24643.86	24644.86	5174	0	209
2026.02.03	21:00:00	24644.36	24714.86	24619.36	24711.36	6704	0	229
2026.02.03	22:00:00	24709.86	24756.36	24688.86	24748.36	4571	0	199
2026.02.03	23:00:00	24748.23	24774.83	24721.43	24733.33	4513	0	255
2026.02.04	01:00:00	24739.93	24755.03	24725.83	24747.43	2007	0	335
2026.02.04	02:00:00	24747.93	24789.06	24731.86	24771.86	1910	0	289
2026.02.04	03:00:00	24772.36	24821.86	24772.36	24805.46	460	0	289
2026.02.04	04:00:00	24805.46	24829.06	24776.66	24782.56	461	0	289
2026.02.04	05:00:00	24785.06	24812.16	24771.56	24802.96	339	0	289
2026.02.04	06:00:00	24802.46	24807.96	24777.26	24783.16	331	0	289
2026.02.04	07:00:00	24782.66	24789.36	24761.26	24783.86	400	0	289
2026.02.04	08:00:00	24784.86	24821.56	24763.06	24815.16	658	0	289
2026.02.04	09:00:00	24814.66	24871.66	24811.66	24855.06	1624	0	129
2026.02.04	10:00:00	24856.06	24878.26	24695.26	24700.26	7284	0	129
2026.02.04	11:00:00	24700.76	24712.36	24619.26	24703.36	6696	0	119
2026.02.04	12:00:00	24702.86	24779.86	24698.86	24760.36	4806	0	109
2026.02.04	13:00:00	24761.36	24787.36	24713.36	24776.86	4002	0	109
2026.02.04	14:00:00	24773.86	24800.26	24684.26	24710.86	4322	0	109
2026.02.04	15:00:00	24713.36	24726.26	24673.26	24676.26	4812	0	119
2026.02.04	16:00:00	24674.26	24712.16	24628.66	24637.44	9548	0	119
2026.02.04	17:00:00	24637.44	24757.56	24624.06	24672.06	14499	0	129
2026.02.04	18:00:00	24671.56	24682.56	24563.56	24631.56	9524	0	129
2026.02.04	19:00:00	24630.56	24643.56	24516.56	24582.06	6876	0	229
2026.02.04	20:00:00	24581.56	24606.06	24527.56	24586.56	5123	0	229
2026.02.04	21:00:00	24586.06	24668.06	24558.06	24651.56	4686	0	209
2026.02.04	22:00:00	24650.56	24661.56	24595.06	24613.06	3612	0	169
2026.02.04	23:00:00	24614.56	24709.13	24576.63	24694.53	7008	0	229
2026.02.05	01:00:00	24656.23	24666.93	24630.13	24637.33	2202	0	345
2026.02.05	02:00:00	24635.63	24680.46	24627.16	24671.56	2081	0	289
2026.02.05	03:00:00	24672.56	24716.56	24666.46	24710.56	869	0	289
2026.02.05	04:00:00	24710.06	24715.16	24589.96	24591.46	1269	0	319
2026.02.05	05:00:00	24592.96	24641.46	24568.96	24582.46	1044	0	339
2026.02.05	06:00:00	24584.96	24612.46	24541.46	24602.46	687	0	299
2026.02.05	07:00:00	24602.96	24643.46	24564.96	24604.96	861	0	339
2026.02.05	08:00:00	24606.46	24645.16	24604.96	24639.96	803	0	289
2026.02.05	09:00:00	24639.46	24674.16	24609.66	24617.16	2017	0	149
2026.02.05	10:00:00	24619.16	24661.66	24494.66	24494.66	9344	0	129
2026.02.05	11:00:00	24494.16	24532.66	24429.16	24485.16	6303	0	119
2026.02.05	12:00:00	24485.66	24562.66	24449.66	24548.16	4881	0	119
2026.02.05	13:00:00	24547.66	24599.16	24520.66	24574.16	4823	0	119
2026.02.05	14:00:00	24573.66	24596.66	24364.16	24410.16	9239	0	119
2026.02.05	15:00:00	24408.16	24448.66	24311.66	24321.16	8341	0	119
2026.02.05	16:00:00	24320.66	24472.56	24271.16	24394.84	14750	0	129
2026.02.05	17:00:00	24392.34	24421.16	24325.56	24388.16	15595	0	129
2026.02.05	18:00:00	24388.66	24519.16	24334.66	24518.16	11715	0	129
2026.02.05	19:00:00	24519.16	24571.16	24453.16	24500.66	7923	0	229
2026.02.05	20:00:00	24500.16	24523.16	24443.66	24467.16	4514	0	229
2026.02.05	21:00:00	24465.16	24534.66	24457.66	24510.16	4307	0	209
2026.02.05	22:00:00	24510.66	24540.66	24449.66	24451.66	4113	0	219
2026.02.05	23:00:00	24451.16	24473.63	24376.23	24378.13	7323	0	229
2026.02.06	01:00:00	24407.33	24409.93	24345.93	24361.03	5684	0	375
2026.02.06	02:00:00	24360.03	24389.36	24199.86	24389.36	3196	0	299
2026.02.06	03:00:00	24388.36	24474.36	24342.36	24474.36	1115	0	369
2026.02.06	04:00:00	24474.86	24493.86	24455.36	24474.96	1195	0	339
2026.02.06	05:00:00	24472.96	24482.36	24434.36	24470.56	937	0	319
2026.02.06	06:00:00	24469.56	24469.66	24389.86	24414.56	753	0	299
2026.02.06	07:00:00	24416.06	24530.86	24390.36	24513.86	563	0	289
2026.02.06	08:00:00	24512.86	24537.36	24467.36	24496.36	609	0	309
2026.02.06	09:00:00	24495.86	24533.56	24439.56	24527.56	2266	0	219
2026.02.06	10:00:00	24526.06	24531.56	24387.56	24463.96	9427	0	129
2026.02.06	11:00:00	24466.96	24577.96	24447.46	24528.96	6853	0	119
2026.02.06	12:00:00	24529.46	24606.06	24517.46	24599.06	4684	0	119
2026.02.06	13:00:00	24596.06	24651.56	24596.06	24641.06	3913	0	109
2026.02.06	14:00:00	24641.56	24658.56	24595.56	24604.06	3855	0	109
2026.02.06	15:00:00	24603.56	24634.06	24577.96	24588.96	4481	0	109
2026.02.06	16:00:00	24588.46	24689.46	24583.46	24628.74	8832	0	109
2026.02.06	17:00:00	24641.74	24720.06	24605.46	24707.46	12647	0	119
2026.02.06	18:00:00	24705.46	24737.56	24694.46	24704.46	6081	0	119
2026.02.06	19:00:00	24703.96	24740.76	24694.96	24716.06	3744	0	159
2026.02.06	20:00:00	24715.56	24741.96	24706.76	24721.46	2008	0	129
2026.02.06	21:00:00	24721.96	24746.46	24720.96	24738.86	1769	0	129
2026.02.06	22:00:00	24737.86	24759.86	24733.76	24759.46	1132	0	129
2026.02.09	01:00:00	24839.53	24857.33	24819.73	24840.03	4543	0	365
2026.02.09	02:00:00	24838.73	24860.76	24795.06	24806.06	3011	0	339
2026.02.09	03:00:00	24807.06	24808.06	24770.56	24785.66	1104	0	329
2026.02.09	04:00:00	24785.16	24820.76	24778.06	24785.06	864	0	299
2026.02.09	05:00:00	24786.56	24797.56	24776.16	24785.06	611	0	299
2026.02.09	06:00:00	24785.56	24798.46	24781.46	24792.36	512	0	289
2026.02.09	07:00:00	24791.86	24824.96	24785.46	24818.86	643	0	289
2026.02.09	08:00:00	24818.96	24832.06	24787.06	24818.06	1489	0	289
2026.02.09	09:00:00	24819.56	24847.76	24794.76	24802.26	1892	0	129
2026.02.09	10:00:00	24800.26	24944.76	24798.76	24821.46	5367	0	119
2026.02.09	11:00:00	24820.46	24847.96	24777.96	24798.96	4067	0	119
2026.02.09	12:00:00	24800.46	24805.96	24712.46	24769.96	4334	0	119
2026.02.09	13:00:00	24771.46	24814.56	24750.96	24806.06	3486	0	109
2026.02.09	14:00:00	24806.96	24841.96	24791.46	24834.56	3148	0	109
2026.02.09	15:00:00	24835.56	24853.46	24823.96	24836.46	3148	0	109
2026.02.09	16:00:00	24836.96	24872.36	24805.36	24850.36	7232	0	109
2026.02.09	17:00:00	24848.36	24985.96	24844.86	24975.46	4396	0	109
2026.02.09	18:00:00	24974.96	25025.06	24971.36	25006.26	3132	0	109
2026.02.09	19:00:00	25005.76	25017.26	24993.36	25000.36	1657	0	129
2026.02.09	20:00:00	25000.86	25012.86	24971.36	25005.86	1696	0	129
2026.02.09	21:00:00	25005.36	25037.36	25003.86	25033.36	1130	0	129
2026.02.09	22:00:00	25032.36	25041.36	25018.66	25024.96	1650	0	129
2026.02.09	23:00:00	25024.46	25041.43	25015.33	25038.13	1808	0	199
2026.02.10	01:00:00	25046.13	25047.43	25013.43	25019.93	2363	0	335
2026.02.10	02:00:00	25019.23	25026.06	24982.66	24998.96	1665	0	289
2026.02.10	03:00:00	24999.96	25010.76	24984.36	25005.66	952	0	289
2026.02.10	04:00:00	25005.16	25005.16	24969.16	24983.76	769	0	289
2026.02.10	05:00:00	24983.86	24988.56	24968.86	24980.86	539	0	289
2026.02.10	06:00:00	24980.36	25001.06	24976.76	24999.56	252	0	289
2026.02.10	07:00:00	24999.06	25010.16	24988.46	24997.06	442	0	289
2026.02.10	08:00:00	24998.06	25003.26	24970.26	24984.96	632	0	289
2026.02.10	09:00:00	24985.96	25034.36	24976.66	24997.46	1460	0	129
2026.02.10	10:00:00	24995.96	25007.36	24940.36	24998.86	5500	0	119
2026.02.10	11:00:00	24999.86	25082.36	24995.86	25051.86	3396	0	109
2026.02.10	12:00:00	25052.36	25060.46	25002.46	25017.36	2952	0	109
2026.02.10	13:00:00	25016.86	25042.46	24992.36	25025.46	2741	0	109
2026.02.10	14:00:00	25027.46	25036.96	24966.96	24968.46	3104	0	109
2026.02.10	15:00:00	24967.96	25002.96	24935.36	24984.46	3539	0	109
2026.02.10	16:00:00	24984.96	25013.36	24959.46	25006.86	5602	0	109
2026.02.10	17:00:00	25007.36	25037.36	24990.36	24993.36	5908	0	119
2026.02.10	18:00:00	24992.86	25026.16	24958.36	25021.16	5394	0	119
2026.02.10	19:00:00	25020.66	25040.36	25003.86	25031.26	2563	0	129
2026.02.10	20:00:00	25030.76	25030.76	24985.46	25010.96	3325	0	139
2026.02.10	21:00:00	25011.56	25025.76	25001.66	25019.36	2430	0	129
2026.02.10	22:00:00	25018.86	25021.76	24973.86	24987.86	2136	0	129
2026.02.10	23:00:00	24987.73	25004.83	24980.33	25002.53	1964	0	255
2026.02.11	01:00:00	25027.83	25036.63	25025.73	25033.73	1010	0	325
2026.02.11	02:00:00	25034.23	25041.66	25020.96	25020.96	736	0	289
2026.02.11	03:00:00	25021.96	25033.86	25009.46	25019.36	419	0	289
2026.02.11	04:00:00	25018.86	25033.56	25017.46	25026.56	303	0	289
2026.02.11	05:00:00	25028.06	25033.56	25013.56	25029.56	268	0	289
2026.02.11	06:00:00	25030.06	25030.06	24986.46	24995.06	283	0	289
2026.02.11	07:00:00	24994.06	25018.56	24994.06	25002.06	309	0	289
2026.02.11	08:00:00	25024.06	25047.76	25019.66	25026.26	531	0	289
2026.02.11	09:00:00	25028.26	25040.86	24977.26	24988.66	1313	0	129
2026.02.11	10:00:00	24989.16	24989.16	24862.36	24880.26	6134	0	109
2026.02.11	11:00:00	24881.76	24950.86	24846.36	24869.86	4009	0	109
2026.02.11	12:00:00	24869.36	24918.86	24849.76	24903.36	3820	0	109
2026.02.11	13:00:00	24903.86	24969.36	24898.26	24921.86	3362	0	109
2026.02.11	14:00:00	24919.86	24973.36	24900.36	24901.36	4022	0	109
2026.02.11	15:00:00	24899.86	24988.76	24891.36	24964.36	4998	0	109
2026.02.11	16:00:00	24964.86	25000.26	24924.86	24962.26	7675	0	119
2026.02.11	17:00:00	24965.26	24973.26	24829.76	24905.76	11446	0	129
2026.02.11	18:00:00	24902.76	24939.76	24838.76	24843.26	7343	0	119
2026.02.11	19:00:00	24843.76	24902.86	24833.76	24883.76	4713	0	199
2026.02.11	20:00:00	24882.76	24902.76	24845.76	24895.96	3920	0	179
2026.02.11	21:00:00	24894.46	24948.56	24890.26	24933.06	2510	0	139
2026.02.11	22:00:00	24932.06	24938.06	24909.36	24911.86	2264	0	139
2026.02.11	23:00:00	24912.36	24934.53	24904.83	24928.43	2864	0	219
2026.02.12	01:00:00	24929.73	24930.73	24895.43	24906.33	2604	0	345
2026.02.12	02:00:00	24905.83	24931.36	24892.26	24929.26	1787	0	289
2026.02.12	03:00:00	24928.26	24948.26	24922.36	24944.56	634	0	289
2026.02.12	04:00:00	24945.56	24948.06	24916.26	24926.86	639	0	289
2026.02.12	05:00:00	24926.86	24952.66	24920.96	24947.46	299	0	289
2026.02.12	06:00:00	24946.96	24964.56	24944.86	24954.76	435	0	289
2026.02.12	07:00:00	24955.26	25007.06	24955.26	25003.06	399	0	289
2026.02.12	08:00:00	25002.06	25028.06	24958.56	24975.86	759	0	299
2026.02.12	09:00:00	24973.86	25012.76	24948.76	25012.76	1336	0	129
2026.02.12	10:00:00	25016.26	25144.26	25016.26	25129.76	6959	0	119
2026.02.12	11:00:00	25130.26	25198.76	25130.26	25184.26	4757	0	119
2026.02.12	12:00:00	25184.76	25216.26	25166.26	25197.26	3630	0	109
2026.02.12	13:00:00	25195.26	25219.36	25163.26	25196.26	3075	0	109
2026.02.12	14:00:00	25195.76	25227.56	25175.46	25221.56	2869	0	109
2026.02.12	15:00:00	25221.06	25222.06	25176.46	25202.46	3020	0	109
2026.02.12	16:00:00	25202.96	25236.96	25163.46	25168.46	5496	0	109
2026.02.12	17:00:00	25167.46	25194.46	24986.96	24990.96	7870	0	129
2026.02.12	18:00:00	24989.96	24990.96	24808.46	24880.46	12406	0	129
2026.02.12	19:00:00	24867.46	24952.96	24848.96	24874.46	8949	0	229
2026.02.12	20:00:00	24874.96	24941.96	24860.96	24932.96	5388	0	199
2026.02.12	21:00:00	24932.46	24967.96	24927.96	24951.96	4078	0	169
2026.02.12	22:00:00	24952.46	24966.06	24872.46	24892.96	3856	0	179
2026.02.12	23:00:00	24892.36	24927.43	24879.83	24924.93	4463	0	349
2026.02.13	01:00:00	24904.93	24926.63	24877.33	24916.83	4043	0	355
2026.02.13	02:00:00	24916.33	24938.36	24852.16	24872.16	2672	0	349
2026.02.13	03:00:00	24872.66	24936.16	24872.66	24922.66	764	0	319
2026.02.13	04:00:00	24923.16	24946.06	24923.16	24945.06	812	0	289
2026.02.13	05:00:00	24945.56	24955.46	24918.16	24920.66	546	0	289
2026.02.13	06:00:00	24920.16	24947.16	24913.16	24924.86	595	0	299
2026.02.13	07:00:00	24924.36	24928.16	24850.76	24854.66	957	0	319
2026.02.13	08:00:00	24853.16	24870.66	24797.66	24844.16	1385	0	349
2026.02.13	09:00:00	24845.16	24890.36	24816.86	24844.86	2232	0	129
2026.02.13	10:00:00	24843.86	24883.36	24735.86	24852.36	8113	0	129
2026.02.13	11:00:00	24851.86	24857.36	24786.36	24813.86	5893	0	129
2026.02.13	12:00:00	24813.36	24864.46	24795.36	24804.46	5384	0	119
2026.02.13	13:00:00	24804.96	24847.46	24762.36	24842.96	6195	0	119
2026.02.13	14:00:00	24837.46	24861.46	24795.86	24834.36	5685	0	119
2026.02.13	15:00:00	24833.86	24927.76	24814.96	24904.66	7029	0	119
2026.02.13	16:00:00	24905.66	24942.66	24807.16	24832.66	12083	0	119
2026.02.13	17:00:00	24833.66	24947.16	24827.66	24894.16	13908	0	129
2026.02.13	18:00:00	24893.66	24953.66	24878.66	24920.66	8741	0	129
2026.02.13	19:00:00	24920.16	24981.16	24913.16	24944.16	4596	0	179
2026.02.13	20:00:00	24944.66	24975.66	24918.16	24934.76	3571	0	169
2026.02.13	21:00:00	24935.26	24954.86	24889.66	24891.16	3792	0	169
2026.02.13	22:00:00	24891.66	24905.66	24854.16	24904.66	3149	0	189
2026.02.16	01:00:00	24896.63	24935.93	24880.83	24934.83	2711	0	355
2026.02.16	02:00:00	24935.33	24945.66	24900.76	24910.16	1715	0	289
2026.02.16	03:00:00	24912.16	24923.56	24898.36	24921.66	479	0	289
2026.02.16	04:00:00	24922.16	24933.36	24908.46	24922.66	369	0	289
2026.02.16	05:00:00	24923.16	24939.66	24918.66	24939.66	307	0	289
2026.02.16	06:00:00	24939.16	24958.16	24937.66	24952.16	208	0	289
2026.02.16	07:00:00	24950.16	24950.16	24918.66	24927.36	325	0	289
2026.02.16	08:00:00	24927.46	24948.16	24914.56	24948.16	450	0	289
2026.02.16	09:00:00	24949.16	25012.86	24942.66	25012.86	1116	0	129
2026.02.16	10:00:00	25011.36	25019.46	24937.46	24957.56	5121	0	109
2026.02.16	11:00:00	24958.56	24994.56	24927.06	24940.56	3282	0	109
2026.02.16	12:00:00	24940.06	24952.06	24898.06	24931.06	2657	0	109
2026.02.16	13:00:00	24929.56	24952.06	24904.06	24939.06	2257	0	109
2026.02.16	14:00:00	24936.06	24959.06	24914.06	24921.56	2320	0	109
2026.02.16	15:00:00	24923.06	24933.06	24895.56	24910.56	2581	0	109
2026.02.16	16:00:00	24909.56	24915.06	24833.96	24867.06	4250	0	109
2026.02.16	17:00:00	24868.06	24897.06	24814.46	24815.96	4012	0	109
2026.02.16	18:00:00	24816.46	24834.66	24787.46	24822.36	3016	0	119
2026.02.16	19:00:00	24821.36	24836.46	24818.86	24832.96	976	0	129
2026.02.16	20:00:00	24832.96	24834.96	24821.96	24821.96	93	0	129
2026.02.16	21:00:00	24822.96	24828.96	24817.46	24828.96	70	0	129
2026.02.16	22:00:00	24829.46	24831.96	24819.46	24827.96	147	0	129
2026.02.17	01:00:00	24836.53	24870.93	24836.53	24854.83	1601	0	325
2026.02.17	02:00:00	24855.03	24859.36	24819.86	24826.96	1434	0	289
2026.02.17	03:00:00	24827.96	24845.46	24762.46	24770.96	634	0	289
2026.02.17	04:00:00	24768.46	24793.66	24754.46	24786.26	799	0	299
2026.02.17	05:00:00	24786.36	24786.86	24711.46	24729.96	874	0	289
2026.02.17	06:00:00	24730.46	24735.26	24709.16	24724.36	425	0	289
2026.02.17	07:00:00	24725.36	24732.36	24678.46	24698.06	739	0	289
2026.02.17	08:00:00	24698.56	24738.16	24698.56	24721.06	676	0	299
2026.02.17	09:00:00	24721.56	24760.16	24696.16	24747.16	1742	0	129
2026.02.17	10:00:00	24747.66	24821.66	24733.16	24795.76	5646	0	119
2026.02.17	11:00:00	24796.76	24876.36	24796.76	24862.86	3508	0	109
2026.02.17	12:00:00	24863.36	24880.86	24809.86	24814.36	2934	0	109
2026.02.17	13:00:00	24813.86	24869.76	24777.76	24859.76	3266	0	109
2026.02.17	14:00:00	24858.76	24867.36	24763.81	24769.31	3164	0	109
2026.02.17	15:00:00	24768.31	24876.21	24730.71	24837.21	4541	0	129
2026.02.17	16:00:00	24836.71	24940.71	24818.71	24831.21	8269	0	129
2026.02.17	17:00:00	24834.71	24924.71	24828.21	24893.71	10891	0	139
2026.02.17	18:00:00	24894.71	25023.21	24879.71	24997.71	6084	0	129
2026.02.17	19:00:00	24998.21	25001.21	24928.21	24969.71	5368	0	219
2026.02.17	20:00:00	24970.21	25051.21	24953.21	25041.71	3593	0	219
2026.02.17	21:00:00	25041.21	25046.11	25022.41	25026.61	2422	0	149
2026.02.17	22:00:00	25027.11	25039.51	25013.91	25035.71	2225	0	139
2026.02.17	23:00:00	25035.58	25053.48	25021.48	25037.48	3208	0	265
2026.02.18	01:00:00	25022.48	25029.58	24999.58	25003.78	2078	0	345
2026.02.18	02:00:00	25004.28	25029.31	24997.01	25019.11	1275	0	299
2026.02.18	03:00:00	25022.11	25036.41	25015.61	25023.11	528	0	299
2026.02.18	04:00:00	25022.61	25028.11	25013.11	25018.11	222	0	299
2026.02.18	05:00:00	25018.61	25033.11	25001.81	25029.61	299	0	299
2026.02.18	06:00:00	25030.11	25071.61	25026.61	25070.11	292	0	299
2026.02.18	07:00:00	25071.11	25081.11	25061.61	25071.11	252	0	299
2026.02.18	08:00:00	25071.61	25083.51	25060.71	25064.71	488	0	299
2026.02.18	09:00:00	25064.21	25075.41	25039.91	25052.91	1185	0	139
2026.02.18	10:00:00	25052.41	25176.91	25050.51	25165.91	4813	0	129
2026.02.18	11:00:00	25166.41	25202.91	25122.91	25191.91	3246	0	119
2026.02.18	12:00:00	25192.41	25247.51	25184.91	25246.51	1994	0	119
2026.02.18	13:00:00	25247.01	25267.41	25194.91	25207.51	2261	0	119
2026.02.18	14:00:00	25208.51	25248.51	25174.41	25210.51	2957	0	119
2026.02.18	15:00:00	25210.01	25213.51	25111.41	25117.91	2965	0	119
2026.02.18	16:00:00	25119.91	25242.91	25096.41	25240.41	5976	0	119
2026.02.18	17:00:00	25240.91	25310.61	25240.91	25303.61	3746	0	119
2026.02.18	18:00:00	25303.11	25318.61	25263.21	25269.71	3262	0	119
2026.02.18	19:00:00	25268.71	25298.41	25262.61	25288.11	1970	0	139
2026.02.18	20:00:00	25287.61	25300.51	25221.71	25248.91	1925	0	139
2026.02.18	21:00:00	25239.31	25258.71	25176.21	25191.71	3193	0	179
2026.02.18	22:00:00	25191.21	25245.31	25167.21	25223.21	2510	0	149
2026.02.18	23:00:00	25220.11	25231.88	25210.58	25219.08	1655	0	335
2026.02.19	01:00:00	25234.18	25247.18	25226.98	25229.48	1358	0	335
2026.02.19	02:00:00	25229.78	25232.91	25212.01	25230.61	989	0	299
2026.02.19	03:00:00	25229.61	25266.51	25227.21	25244.81	641	0	299
2026.02.19	04:00:00	25244.91	25256.61	25236.61	25247.11	219	0	299
2026.02.19	05:00:00	25247.61	25257.11	25234.61	25240.61	212	0	299
2026.02.19	06:00:00	25240.61	25247.61	25226.61	25229.61	150	0	299
2026.02.19	07:00:00	25229.61	25231.11	25209.71	25214.61	355	0	299
2026.02.19	08:00:00	25215.11	25222.71	25185.41	25199.31	506	0	299
2026.02.19	09:00:00	25200.81	25214.21	25164.21	25182.91	1038	0	139
2026.02.19	10:00:00	25184.41	25221.91	25130.01	25135.01	4945	0	129
2026.02.19	11:00:00	25135.51	25156.51	25050.01	25054.51	3514	0	119
2026.02.19	12:00:00	25053.01	25074.51	25016.41	25064.51	3666	0	119
2026.02.19	13:00:00	25066.01	25107.01	25047.01	25053.01	2586	0	119
2026.02.19	14:00:00	25054.01	25076.51	25024.01	25049.51	2675	0	119
2026.02.19	15:00:00	25050.01	25062.51	24994.51	25043.51	2932	0	119
2026.02.19	16:00:00	25045.01	25052.51	24978.91	25021.51	6533	0	119
2026.02.19	17:00:00	25020.51	25061.11	24998.01	25036.01	7173	0	129
2026.02.19	18:00:00	25036.51	25053.51	24996.01	25008.51	4758	0	129
2026.02.19	19:00:00	25009.01	25027.51	24981.51	24987.51	4198	0	209
2026.02.19	20:00:00	24988.01	25023.71	24971.01	25018.21	3223	0	189
2026.02.19	21:00:00	25017.21	25018.21	24980.01	25002.41	2434	0	159
2026.02.19	22:00:00	25001.91	25030.61	25001.91	25026.01	1902	0	139
2026.02.19	23:00:00	25025.51	25038.98	25003.58	25006.38	2174	0	239
2026.02.20	01:00:00	25018.38	25036.38	25010.78	25027.68	1255	0	325
2026.02.20	02:00:00	25027.98	25066.21	25016.81	25057.21	1176	0	299
2026.02.20	03:00:00	25057.71	25082.61	25054.71	25057.91	532	0	299
2026.02.20	04:00:00	25059.91	25077.01	25036.11	25054.01	535	0	299
2026.02.20	05:00:00	25054.51	25061.21	25046.71	25049.21	224	0	299
2026.02.20	06:00:00	25050.71	25066.21	25046.71	25063.61	249	0	299
2026.02.20	07:00:00	25064.11	25092.21	25061.91	25090.71	397	0	299
2026.02.20	08:00:00	25091.71	25105.21	25082.21	25086.21	479	0	299
2026.02.20	09:00:00	25085.71	25098.01	25055.81	25071.21	1299	0	139
2026.02.20	10:00:00	25069.71	25091.41	25000.51	25089.91	4639	0	119
2026.02.20	11:00:00	25090.91	25144.31	25080.41	25108.91	2900	0	119
2026.02.20	12:00:00	25109.91	25135.91	25093.81	25094.31	2799	0	119
2026.02.20	13:00:00	25094.81	25124.41	25063.81	25101.41	3059	0	119
2026.02.20	14:00:00	25101.91	25115.41	25066.91	25081.41	3007	0	119
2026.02.20	15:00:00	25080.91	25123.12	25074.91	25104.91	3042	0	119
2026.02.20	16:00:00	25105.41	25161.81	25090.41	25156.31	5570	0	119
2026.02.20	17:00:00	25156.31	25340.81	25149.31	25279.81	12509	0	129
2026.02.20	18:00:00	25280.81	25286.81	25232.81	25257.31	6478	0	129
2026.02.20	19:00:00	25257.81	25263.31	25181.81	25231.81	5777	0	219
2026.02.20	20:00:00	25231.31	25266.31	25181.81	25260.41	4505	0	199
2026.02.20	21:00:00	25260.91	25264.91	25218.11	25219.21	2674	0	169
2026.02.20	22:00:00	25220.71	25247.21	25220.71	25239.41	1793	0	139
2026.02.23	01:00:00	25221.38	25226.98	25164.78	25181.18	2981	0	365
2026.02.23	02:00:00	25181.38	25183.91	25117.41	25121.41	1634	0	299
2026.02.23	03:00:00	25121.91	25132.21	25093.41	25100.51	711	0	299
2026.02.23	04:00:00	25100.41	25121.61	25087.51	25107.31	479	0	299
2026.02.23	05:00:00	25108.81	25114.31	25086.01	25100.81	244	0	299
2026.02.23	06:00:00	25101.31	25107.81	25086.91	25092.31	263	0	299
2026.02.23	07:00:00	25093.81	25093.81	25052.91	25076.21	329	0	299
2026.02.23	08:00:00	25075.71	25110.71	25067.51	25110.21	404	0	299
2026.02.23	09:00:00	25111.71	25141.61	25111.71	25130.61	1225	0	139
2026.02.23	10:00:00	25126.11	25176.21	25070.61	25174.71	4837	0	119
2026.02.23	11:00:00	25178.71	25197.11	25123.11	25123.11	2836	0	119
2026.02.23	12:00:00	25123.61	25155.11	25018.61	25142.21	2856	0	119
2026.02.23	13:00:00	25141.71	25163.61	25128.11	25147.61	2357	0	119
2026.02.23	14:00:00	25148.11	25162.11	25095.71	25110.21	2529	0	119
2026.02.23	15:00:00	25111.21	25178.21	25095.61	25159.21	2424	0	119
2026.02.23	16:00:00	25160.71	25175.71	25102.61	25118.61	5449	0	119
2026.02.23	17:00:00	25119.61	25138.11	24983.61	24990.61	6984	0	129
2026.02.23	18:00:00	24990.11	25019.61	24940.61	24996.11	6386	0	129
2026.02.23	19:00:00	24995.61	25005.11	24934.31	24985.31	4467	0	189
2026.02.23	20:00:00	24984.81	25027.71	24977.41	24980.81	2660	0	149
2026.02.23	21:00:00	24982.31	24995.01	24957.51	24986.01	2528	0	149
2026.02.23	22:00:00	24985.01	24999.21	24965.51	24982.81	2158	0	139
2026.02.23	23:00:00	24982.68	24997.28	24972.88	24986.98	2153	0	265
2026.02.24	01:00:00	24986.28	25007.38	24981.18	24990.78	1960	0	345
2026.02.24	02:00:00	24990.91	25009.81	24977.51	25005.01	1477	0	299
2026.02.24	03:00:00	25005.51	25009.61	24988.91	24996.11	686	0	299
2026.02.24	04:00:00	24996.61	25041.41	24987.71	25031.11	713	0	299
2026.02.24	05:00:00	25032.61	25039.61	25022.31	25035.11	289	0	299
2026.02.24	06:00:00	25035.61	25049.61	25031.11	25047.61	227	0	299
2026.02.24	07:00:00	25047.11	25054.11	25022.31	25024.11	441	0	299
2026.02.24	08:00:00	25025.61	25028.61	25011.01	25014.61	353	0	299
2026.02.24	09:00:00	25014.11	25033.21	24967.51	24970.51	1708	0	139
2026.02.24	10:00:00	24971.51	24982.91	24880.41	24908.31	8633	0	129
2026.02.24	11:00:00	24909.81	24964.91	24900.31	24960.41	4710	0	119
2026.02.24	12:00:00	24959.91	24987.81	24948.31	24969.31	3458	0	119
2026.02.24	13:00:00	24970.31	24999.41	24956.41	24996.41	3090	0	119
2026.02.24	14:00:00	24998.91	25013.31	24915.31	24942.41	3714	0	119
2026.02.24	15:00:00	24942.91	24993.91	24931.31	24984.31	3313	0	119
2026.02.24	16:00:00	24983.31	25054.31	24894.31	25032.31	8512	0	119
2026.02.24	17:00:00	25033.31	25093.81	25003.31	25013.81	7998	0	119
2026.02.24	18:00:00	25015.81	25029.21	24982.21	25016.21	5152	0	119
2026.02.24	19:00:00	25015.21	25043.01	24999.71	25037.11	2756	0	139
2026.02.24	20:00:00	25036.61	25062.01	25027.01	25053.61	2104	0	139
2026.02.24	21:00:00	25054.11	25063.71	25038.91	25056.11	2237	0	139
2026.02.24	22:00:00	25055.11	25072.01	25036.21	25039.71	1974	0	139
2026.02.24	23:00:00	25039.21	25041.28	25019.68	25024.58	1251	0	239
2026.02.25	01:00:00	25018.28	25034.88	25010.78	25034.88	1059	0	335
2026.02.25	02:00:00	25034.38	25053.91	25026.11	25052.11	818	0	299
2026.02.25	03:00:00	25051.61	25061.01	25039.31	25052.11	601	0	299
2026.02.25	04:00:00	25051.11	25056.11	25035.91	25052.11	538	0	299
2026.02.25	05:00:00	25052.01	25055.51	24998.71	25043.71	970	0	299
2026.02.25	06:00:00	25041.71	25046.31	25017.31	25034.11	476	0	299
2026.02.25	07:00:00	25035.61	25045.31	25028.91	25035.41	589	0	299
2026.02.25	08:00:00	25033.41	25040.41	25020.61	25023.11	513	0	299
2026.02.25	09:00:00	25023.61	25071.31	25018.91	25044.51	1488	0	139
2026.02.25	10:00:00	25045.51	25097.41	24990.91	25047.61	6644	0	129
2026.02.25	11:00:00	25046.61	25068.71	25013.61	25067.71	3989	0	119
2026.02.25	12:00:00	25068.21	25106.71	25048.61	25078.61	3005	0	119
2026.02.25	13:00:00	25079.11	25104.21	25068.61	25094.21	2867	0	119
2026.02.25	14:00:00	25091.71	25120.21	25074.21	25078.61	2783	0	119
2026.02.25	15:00:00	25078.11	25157.21	25074.61	25144.71	2888	0	119
2026.02.25	16:00:00	25145.71	25186.11	25127.21	25163.61	5261	0	119
2026.02.25	17:00:00	25164.61	25178.11	25115.61	25138.71	6209	0	119
2026.02.25	18:00:00	25138.21	25186.91	25123.61	25172.51	3508	0	119
2026.02.25	19:00:00	25172.01	25205.61	25169.91	25198.11	1647	0	139
2026.02.25	20:00:00	25197.61	25204.11	25189.11	25199.11	1007	0	139
2026.02.25	21:00:00	25198.61	25207.61	25195.11	25197.11	968	0	139
2026.02.25	22:00:00	25197.61	25216.41	25197.11	25209.61	1498	0	139
2026.02.25	23:00:00	25210.11	25252.98	25185.38	25224.28	4916	0	239
2026.02.26	01:00:00	25205.08	25219.58	25151.88	25175.18	2883	0	355
2026.02.26	02:00:00	25175.48	25195.41	25172.31	25176.51	1358	0	299
2026.02.26	03:00:00	25176.01	25177.01	25150.11	25167.41	890	0	299
2026.02.26	04:00:00	25166.91	25167.41	25142.51	25151.01	648	0	299
2026.02.26	05:00:00	25150.51	25167.01	25147.51	25148.01	517	0	299
2026.02.26	06:00:00	25147.51	25152.41	25129.01	25136.01	418	0	299
2026.02.26	07:00:00	25135.51	25138.51	25121.61	25130.01	604	0	299
2026.02.26	08:00:00	25129.51	25135.11	25093.11	25131.31	625	0	309
2026.02.26	09:00:00	25133.31	25176.31	25133.31	25154.11	1465	0	139
2026.02.26	10:00:00	25154.01	25167.41	25084.81	25142.51	7822	0	129
2026.02.26	11:00:00	25142.01	25213.11	25110.51	25190.61	4426	0	119
2026.02.26	12:00:00	25191.11	25262.11	25173.01	25234.01	3529	0	119
2026.02.26	13:00:00	25233.51	25291.61	25224.01	25283.61	3085	0	119
2026.02.26	14:00:00	25286.11	25302.11	25268.61	25273.51	2926	0	119
2026.02.26	15:00:00	25272.01	25308.51	25268.11	25268.11	3572	0	119
2026.02.26	16:00:00	25268.61	25315.01	25246.01	25255.01	8529	0	119
2026.02.26	17:00:00	25253.51	25306.51	25155.51	25295.51	11847	0	129
2026.02.26	18:00:00	25296.01	25310.51	25222.01	25224.01	7729	0	129
2026.02.26	19:00:00	25224.51	25263.51	25219.61	25234.21	5027	0	179
2026.02.26	20:00:00	25234.21	25310.51	25220.01	25279.61	5151	0	179
2026.02.26	21:00:00	25279.11	25333.31	25276.11	25328.81	3729	0	149
2026.02.26	22:00:00	25329.81	25351.81	25320.41	25338.61	2812	0	139
2026.02.26	23:00:00	25336.61	25350.38	25301.08	25301.58	2741	0	219
2026.02.27	01:00:00	25257.58	25300.28	25239.38	25266.58	3336	0	365
2026.02.27	02:00:00	25265.28	25289.01	25246.91	25254.01	1332	0	299
2026.02.27	03:00:00	25253.61	25267.51	25242.01	25257.11	1119	0	299
2026.02.27	04:00:00	25256.61	25277.31	25244.51	25275.31	767	0	299
2026.02.27	05:00:00	25275.81	25284.31	25268.51	25277.81	611	0	299
2026.02.27	06:00:00	25278.31	25285.31	25258.81	25279.31	343	0	299
2026.02.27	07:00:00	25278.31	25302.21	25278.31	25280.81	603	0	299
2026.02.27	08:00:00	25280.31	25284.81	25250.81	25267.81	608	0	299
2026.02.27	09:00:00	25268.31	25313.71	25267.81	25307.61	1403	0	139
2026.02.27	10:00:00	25307.11	25384.71	25232.11	25366.61	7378	0	129
2026.02.27	11:00:00	25371.61	25405.71	25335.21	25354.71	5492	0	119
2026.02.27	12:00:00	25355.21	25363.21	25281.21	25294.71	5069	0	119
2026.02.27	13:00:00	25295.71	25324.21	25281.21	25313.71	4786	0	119
2026.02.27	14:00:00	25315.71	25354.71	25293.21	25309.71	4610	0	119
2026.02.27	15:00:00	25306.71	25317.71	25204.14	25276.21	6670	0	119
2026.02.27	16:00:00	25276.71	25278.71	25185.61	25218.11	10892	0	129
2026.02.27	17:00:00	25217.61	25295.61	25213.11	25282.21	11216	0	129
2026.02.27	18:00:00	25283.21	25334.61	25234.11	25237.11	8017	0	129
2026.02.27	19:00:00	25236.11	25273.11	25192.11	25218.61	6410	0	229
2026.02.27	20:00:00	25219.11	25225.61	25191.61	25209.71	4316	0	179
2026.02.27	21:00:00	25209.21	25230.81	25152.71	25159.81	3551	0	169
2026.02.27	22:00:00	25158.31	25203.81	25157.81	25178.61	3286	0	179
2026.03.02	01:00:00	24888.28	25019.68	24885.18	24963.98	6062	0	385
2026.03.02	02:00:00	24964.48	24991.01	24838.71	24930.71	3777	0	359
2026.03.02	03:00:00	24926.71	25016.21	24926.71	24961.21	3465	0	379
2026.03.02	04:00:00	24960.71	24967.71	24872.21	24935.21	2264	0	379
2026.03.02	05:00:00	24934.21	24961.21	24909.71	24951.21	1644	0	379
2026.03.02	06:00:00	24950.71	24976.21	24915.71	24920.71	1715	0	379
2026.03.02	07:00:00	24921.21	24945.71	24843.71	24846.21	1549	0	379
2026.03.02	08:00:00	24847.21	24880.71	24727.71	24784.71	2705	0	379
2026.03.02	09:00:00	24790.21	24792.91	24674.91	24703.91	4980	0	239
2026.03.02	10:00:00	24704.41	24823.01	24645.91	24763.01	13330	0	139
2026.03.02	11:00:00	24764.01	24897.01	24723.51	24849.51	9172	0	139
2026.03.02	12:00:00	24849.01	24901.01	24800.01	24834.01	7106	0	139
2026.03.02	13:00:00	24835.51	24874.01	24773.51	24794.01	6469	0	129
2026.03.02	14:00:00	24793.51	24804.51	24665.51	24687.01	7586	0	139
2026.03.02	15:00:00	24690.01	24706.01	24588.01	24606.51	7464	0	139
2026.03.02	16:00:00	24608.01	24721.01	24575.01	24662.51	12004	0	129
2026.03.02	17:00:00	24677.01	24718.51	24620.51	24625.51	12712	0	139
2026.03.02	18:00:00	24627.01	24724.01	24602.01	24701.51	9167	0	139
2026.03.02	19:00:00	24702.01	24736.51	24681.51	24718.01	4935	0	209
2026.03.02	20:00:00	24719.01	24729.11	24680.51	24682.51	3909	0	209
2026.03.02	21:00:00	24683.51	24723.61	24678.51	24697.91	3110	0	139
2026.03.02	22:00:00	24698.41	24706.31	24586.51	24611.51	6755	0	149
2026.03.02	23:00:00	24624.08	24625.28	24585.88	24589.98	2740	0	335
2026.03.03	01:00:00	24598.38	24600.88	24563.78	24578.98	2968	0	355
2026.03.03	02:00:00	24579.98	24642.31	24558.31	24626.31	2702	0	319
2026.03.03	03:00:00	24624.81	24659.81	24525.81	24525.81	2735	0	379
2026.03.03	04:00:00	24524.31	24547.31	24453.31	24519.81	3125	0	379
2026.03.03	05:00:00	24520.81	24536.31	24476.81	24501.81	2121	0	379
2026.03.03	06:00:00	24501.31	24512.31	24407.31	24417.81	1932	0	369
2026.03.03	07:00:00	24422.31	24444.81	24362.81	24379.31	1709	0	379
2026.03.03	08:00:00	24379.81	24429.31	24356.81	24379.31	2117	0	379
2026.03.03	09:00:00	24375.31	24390.01	24217.51	24251.51	4342	0	239
2026.03.03	10:00:00	24251.01	24270.51	23872.01	23887.01	14987	0	139
2026.03.03	11:00:00	23893.51	23974.01	23802.51	23844.01	12375	0	139
2026.03.03	12:00:00	23845.51	23888.51	23592.51	23727.01	11919	0	139
2026.03.03	13:00:00	23726.01	23759.51	23608.51	23738.01	11508	0	139
2026.03.03	14:00:00	23736.01	23855.51	23693.51	23831.01	8782	0	139
2026.03.03	15:00:00	23832.01	23846.51	23700.01	23723.01	9595	0	139
2026.03.03	16:00:00	23726.01	23776.51	23618.51	23656.01	14249	0	139
2026.03.03	17:00:00	23656.51	23711.51	23595.51	23699.51	17785	0	139
2026.03.03	18:00:00	23698.51	23941.51	23669.01	23887.51	13883	0	139
2026.03.03	19:00:00	23886.01	23917.01	23837.01	23872.51	4256	0	239
2026.03.03	20:00:00	23873.01	24020.51	23872.01	23990.51	3089	0	239
2026.03.03	21:00:00	23991.01	24118.51	23948.51	24077.01	3062	0	239
2026.03.03	22:00:00	24077.51	24095.51	23987.01	24026.51	2710	0	239
2026.03.03	23:00:00	24032.08	24036.48	23973.58	23986.18	3837	0	365
2026.03.04	01:00:00	23975.38	24017.68	23959.98	23975.58	3997	0	375
2026.03.04	02:00:00	23976.58	24046.21	23962.71	24007.71	3547	0	359
2026.03.04	03:00:00	24001.21	24035.71	23867.71	23898.71	3445	0	379
2026.03.04	04:00:00	23897.71	23918.21	23802.21	23826.21	2543	0	379
2026.03.04	05:00:00	23824.21	23835.71	23748.21	23830.71	3210	0	379
2026.03.04	06:00:00	23829.21	23843.71	23776.71	23796.21	2130	0	379
2026.03.04	07:00:00	23797.21	23817.21	23732.21	23764.21	2233	0	379
2026.03.04	08:00:00	23762.21	23884.21	23708.21	23825.21	2211	0	379
2026.03.04	09:00:00	23823.71	23922.41	23775.91	23876.41	5153	0	239
2026.03.04	10:00:00	23877.91	23948.41	23812.41	23845.71	13671	0	139
2026.03.04	11:00:00	23845.21	24025.21	23805.21	24022.21	8912	0	139
2026.03.04	12:00:00	24020.21	24175.21	23994.71	24166.71	10544	0	139
2026.03.04	13:00:00	24164.71	24218.21	24127.71	24135.21	8187	0	139
2026.03.04	14:00:00	24135.71	24168.71	24013.71	24108.21	8062	0	139
2026.03.04	15:00:00	24104.71	24222.21	24104.71	24177.71	7907	0	139
2026.03.04	16:00:00	24176.21	24179.21	24066.71	24162.21	12615	0	139
2026.03.04	17:00:00	24172.21	24241.21	24150.21	24208.21	10673	0	139
2026.03.04	18:00:00	24206.71	24236.71	24170.71	24213.21	8840	0	139
2026.03.04	19:00:00	24212.21	24228.21	24164.21	24212.21	5445	0	229
2026.03.04	20:00:00	24211.21	24274.71	24201.81	24261.01	3750	0	189
2026.03.04	21:00:00	24261.51	24293.61	24253.81	24277.41	3041	0	139
2026.03.04	22:00:00	24276.91	24283.51	24246.81	24261.21	3628	0	169
2026.03.04	23:00:00	24261.08	24273.98	24232.18	24265.28	3780	0	265
2026.03.05	01:00:00	24279.28	24305.98	24277.08	24294.08	2674	0	365
2026.03.05	02:00:00	24293.78	24321.81	24286.71	24312.31	2020	0	319
2026.03.05	03:00:00	24312.81	24314.31	24150.31	24180.31	3053	0	369
2026.03.05	04:00:00	24182.31	24206.31	24131.31	24175.81	2396	0	379
2026.03.05	05:00:00	24176.31	24187.81	24059.31	24074.31	2113	0	379
2026.03.05	06:00:00	24077.81	24156.81	24065.31	24151.31	1489	0	369
2026.03.05	07:00:00	24152.31	24158.31	24047.31	24051.31	1330	0	379
2026.03.05	08:00:00	24055.31	24116.31	23998.81	24116.31	2340	0	379
2026.03.05	09:00:00	24114.81	24196.01	24094.51	24133.01	3570	0	239
2026.03.05	10:00:00	24131.51	24170.51	24025.01	24169.51	12590	0	139
2026.03.05	11:00:00	24169.01	24365.01	24164.51	24270.51	11061	0	139
2026.03.05	12:00:00	24271.01	24304.01	24235.01	24261.01	6427	0	129
2026.03.05	13:00:00	24261.51	24321.51	24219.51	24230.51	5641	0	129
2026.03.05	14:00:00	24232.01	24262.01	24152.01	24161.51	6144	0	129
2026.03.05	15:00:00	24160.01	24171.51	23990.01	24006.51	6724	0	129
2026.03.05	16:00:00	24004.51	24077.01	23944.01	24076.51	11904	0	139
2026.03.05	17:00:00	24074.51	24105.01	23877.01	23930.51	14169	0	139
2026.03.05	18:00:00	23928.51	23939.01	23743.01	23887.51	13863	0	139
2026.03.05	19:00:00	23888.01	23936.01	23676.01	23687.51	10171	0	239
2026.03.05	20:00:00	23688.01	23775.51	23669.01	23737.81	8464	0	239
2026.03.05	21:00:00	23734.81	23769.31	23697.81	23735.81	7092	0	239
2026.03.05	22:00:00	23734.81	23873.31	23710.81	23849.31	7790	0	239
2026.03.05	23:00:00	23849.18	23849.18	23797.28	23799.78	3332	0	265
2026.03.06	01:00:00	23812.48	23871.78	23807.48	23865.28	2804	0	355
2026.03.06	02:00:00	23864.78	23895.61	23864.78	23884.11	2410	0	359
2026.03.06	03:00:00	23882.11	23919.11	23848.11	23897.61	2432	0	379
2026.03.06	04:00:00	23900.11	23977.61	23898.61	23926.61	1575	0	379
2026.03.06	05:00:00	23927.61	23970.61	23922.61	23968.61	1369	0	379
2026.03.06	06:00:00	23968.11	23972.61	23932.71	23949.11	968	0	299
2026.03.06	07:00:00	23949.61	23998.61	23948.11	23962.61	1189	0	369
2026.03.06	08:00:00	23960.11	23992.11	23952.61	23961.11	1059	0	339
2026.03.06	09:00:00	23959.11	23970.31	23903.81	23939.81	2613	0	219
2026.03.06	10:00:00	23940.81	24030.81	23905.31	23982.21	10381	0	139
2026.03.06	11:00:00	23985.21	23994.71	23734.21	23782.21	11376	0	139
2026.03.06	12:00:00	23785.21	23881.71	23775.21	23788.21	8253	0	139
2026.03.06	13:00:00	23787.21	23799.21	23540.21	23561.71	9085	0	139
2026.03.06	14:00:00	23563.71	23657.71	23532.71	23608.21	9111	0	139
2026.03.06	15:00:00	23604.21	23689.21	23385.71	23407.71	10002	0	139
2026.03.06	16:00:00	23409.71	23495.21	23337.21	23444.71	16054	0	139
2026.03.06	17:00:00	23443.71	23621.21	23443.71	23547.71	15178	0	139
2026.03.06	18:00:00	23547.21	23654.21	23509.71	23620.21	12889	0	139
2026.03.06	19:00:00	23616.71	23637.21	23541.71	23569.21	9600	0	239
2026.03.06	20:00:00	23568.71	23678.71	23567.71	23624.21	6728	0	239
2026.03.06	21:00:00	23625.71	23671.71	23607.71	23654.71	5518	0	239
2026.03.06	22:00:00	23653.71	23698.21	23609.21	23648.21	5074	0	239
2026.03.09	01:00:00	23332.68	23335.38	23204.88	23285.58	6105	0	385
2026.03.09	02:00:00	23286.08	23305.11	23194.91	23218.51	7405	0	359
2026.03.09	03:00:00	23218.81	23223.51	22901.31	22938.81	4714	0	359
2026.03.09	04:00:00	22939.81	22961.31	22745.81	22752.31	4290	0	379
2026.03.09	05:00:00	22748.81	22844.31	22706.31	22779.31	3469	0	379
2026.03.09	06:00:00	22779.81	22812.81	22716.31	22743.81	1692	0	379
2026.03.09	07:00:00	22747.81	22805.81	22737.81	22753.31	1204	0	379
2026.03.09	08:00:00	22755.81	22978.31	22730.31	22975.31	2307	0	379
2026.03.09	09:00:00	22977.31	23065.31	22905.81	22915.81	2722	0	379
2026.03.09	10:00:00	22914.31	23076.51	22857.01	22974.01	7048	0	239
2026.03.09	11:00:00	22972.01	23104.01	22923.51	23037.01	15481	0	139
2026.03.09	12:00:00	23041.01	23289.01	22959.01	23229.01	13850	0	139
2026.03.09	13:00:00	23228.51	23258.51	23140.51	23207.01	11018	0	139
2026.03.09	14:00:00	23208.51	23247.51	23155.01	23211.01	9078	0	139
2026.03.09	15:00:00	23212.01	23317.01	23177.51	23215.51	8258	0	139
2026.03.09	16:00:00	23216.01	23355.01	23168.51	23241.01	14614	0	139
2026.03.09	17:00:00	23238.01	23355.01	23123.01	23327.01	16501	0	139
2026.03.09	18:00:00	23328.01	23473.51	23324.51	23418.51	10979	0	139
2026.03.09	19:00:00	23419.01	23470.01	23347.51	23455.51	9254	0	139
2026.03.09	20:00:00	23456.01	23459.01	23309.01	23353.51	7211	0	239
2026.03.09	21:00:00	23354.01	23450.01	23351.51	23366.51	6004	0	239
2026.03.09	22:00:00	23367.01	23949.51	23365.01	23784.51	9127	0	239
2026.03.09	23:00:00	23786.01	23812.38	23707.38	23783.88	2960	0	239
2026.03.10	01:00:00	23751.88	23806.08	23719.88	23743.88	5919	0	385
2026.03.10	02:00:00	23744.38	23759.31	23699.81	23716.11	4365	0	339
2026.03.10	03:00:00	23715.31	23766.01	23665.21	23716.51	4171	0	359
2026.03.10	04:00:00	23717.51	23754.51	23681.01	23740.01	2725	0	379
2026.03.10	05:00:00	23741.01	23751.51	23592.01	23605.01	2056	0	379
2026.03.10	06:00:00	23605.51	23636.51	23523.51	23531.51	2236	0	379
2026.03.10	07:00:00	23532.51	23596.01	23518.01	23569.01	1763	0	379
2026.03.10	08:00:00	23568.51	23676.51	23568.01	23665.61	1715	0	339
2026.03.10	09:00:00	23671.11	23718.01	23665.01	23693.01	1619	0	349
2026.03.10	10:00:00	23681.01	23877.71	23639.51	23876.21	5115	0	239
2026.03.10	11:00:00	23876.71	24000.21	23840.71	23896.31	11498	0	139
2026.03.10	12:00:00	23895.31	24047.31	23882.81	23954.81	7581	0	139
2026.03.10	13:00:00	23953.81	24005.81	23899.81	24002.81	7591	0	139
2026.03.10	14:00:00	24001.81	24068.31	23890.31	23907.81	7817	0	129
2026.03.10	15:00:00	23908.81	23930.81	23794.81	23916.41	7686	0	129
2026.03.10	16:00:00	23915.41	23972.31	23816.31	23832.31	11656	0	129
2026.03.10	17:00:00	23832.81	24055.31	23765.81	24039.81	11785	0	139
2026.03.10	18:00:00	24040.31	24067.81	23962.81	23970.31	7836	0	129
2026.03.10	19:00:00	23970.81	24031.31	23896.81	24029.81	8193	0	139
2026.03.10	20:00:00	24029.31	24107.81	23980.31	24030.31	7462	0	239
2026.03.10	21:00:00	24030.81	24036.31	23749.81	23818.31	10503	0	239
2026.03.10	22:00:00	23819.31	23877.31	23759.31	23791.81	7376	0	239
2026.03.10	23:00:00	23791.68	23816.48	23773.68	23806.78	1392	0	175
2026.03.11	01:00:00	23783.08	23797.08	23751.48	23760.28	1838	0	345
2026.03.11	02:00:00	23760.41	23819.01	23759.91	23813.01	2552	0	319
2026.03.11	03:00:00	23815.51	23942.11	23811.01	23895.61	3196	0	349
2026.03.11	04:00:00	23896.11	23957.11	23889.11	23935.11	1676	0	369
2026.03.11	05:00:00	23936.11	23960.81	23934.61	23947.71	925	0	319
2026.03.11	06:00:00	23944.71	23994.11	23943.61	23989.71	883	0	299
2026.03.11	07:00:00	23989.21	23989.21	23958.51	23962.11	669	0	299
2026.03.11	08:00:00	23961.11	23964.81	23853.11	23855.11	1433	0	339
2026.03.11	09:00:00	23854.61	23870.61	23821.11	23852.11	1422	0	369
2026.03.11	10:00:00	23852.61	23884.81	23718.31	23722.31	3841	0	239
2026.03.11	11:00:00	23720.31	23730.31	23571.31	23602.81	10425	0	139
2026.03.11	12:00:00	23603.81	23616.31	23540.81	23554.81	7767	0	139
2026.03.11	13:00:00	23558.81	23807.31	23545.81	23801.31	6837	0	139
2026.03.11	14:00:00	23799.31	23817.31	23593.31	23640.31	6980	0	139
2026.03.11	15:00:00	23640.81	23701.87	23528.81	23579.31	7385	0	139
2026.03.11	16:00:00	23578.81	23720.81	23576.81	23706.81	10334	0	139
2026.03.11	17:00:00	23705.81	23833.31	23592.31	23736.81	12283	0	139
2026.03.11	18:00:00	23737.31	23743.31	23564.81	23601.81	8924	0	139
2026.03.11	19:00:00	23599.31	23690.81	23558.81	23685.31	7467	0	139
2026.03.11	20:00:00	23684.31	23702.31	23594.31	23653.81	6488	0	239
2026.03.11	21:00:00	23652.81	23695.81	23616.81	23678.81	4247	0	239
2026.03.11	22:00:00	23678.31	23709.31	23650.81	23700.31	3359	0	189
2026.03.11	23:00:00	23700.18	23703.68	23627.68	23634.08	887	0	165
2026.03.12	01:00:00	23590.38	23594.18	23477.68	23492.78	4121	0	385
2026.03.12	02:00:00	23492.48	23502.71	23395.81	23449.41	5975	0	359
2026.03.12	03:00:00	23449.91	23455.61	23363.31	23420.31	3727	0	359
2026.03.12	04:00:00	23418.81	23492.31	23399.31	23423.31	2293	0	379
2026.03.12	05:00:00	23423.81	23429.81	23284.81	23294.31	1955	0	379
2026.03.12	06:00:00	23294.81	23313.81	23248.31	23284.81	1603	0	379
2026.03.12	07:00:00	23283.81	23322.31	23275.31	23298.41	921	0	319
2026.03.12	08:00:00	23297.41	23363.31	23296.91	23354.81	1698	0	369
2026.03.12	09:00:00	23349.81	23409.31	23336.31	23392.81	1139	0	359
2026.03.12	10:00:00	23392.31	23494.51	23383.31	23484.51	3376	0	239
2026.03.12	11:00:00	23488.51	23615.01	23481.51	23600.01	9961	0	139
2026.03.12	12:00:00	23598.51	23636.51	23476.51	23628.01	7749	0	139
2026.03.12	13:00:00	23628.51	23661.51	23561.01	23615.01	6328	0	139
2026.03.12	14:00:00	23612.51	23700.51	23578.01	23614.51	5899	0	129
2026.03.12	15:00:00	23615.51	23621.51	23528.61	23596.61	6978	0	139
2026.03.12	16:00:00	23598.11	23630.71	23454.11	23496.61	12839	0	129
2026.03.12	17:00:00	23496.11	23567.61	23388.61	23507.61	13335	0	139
2026.03.12	18:00:00	23504.11	23552.11	23362.61	23538.61	12022	0	139
2026.03.12	19:00:00	23538.11	23626.61	23485.11	23565.61	10989	0	139
2026.03.12	20:00:00	23564.61	23635.61	23555.11	23582.61	7938	0	239
2026.03.12	21:00:00	23583.11	23611.61	23560.11	23565.71	4963	0	239
2026.03.12	22:00:00	23564.71	23595.71	23526.21	23535.71	4533	0	239
2026.03.12	23:00:00	23535.58	23551.48	23509.08	23520.08	1042	0	165
2026.03.13	01:00:00	23492.58	23539.08	23485.18	23532.38	3151	0	365
2026.03.13	02:00:00	23532.51	23549.71	23495.31	23495.31	3391	0	339
2026.03.13	03:00:00	23495.11	23610.81	23459.21	23605.81	3555	0	359
2026.03.13	04:00:00	23605.31	23672.31	23605.31	23626.31	1475	0	379
2026.03.13	05:00:00	23625.81	23650.81	23609.81	23610.81	1286	0	349
2026.03.13	06:00:00	23611.31	23632.41	23589.31	23629.31	992	0	309
2026.03.13	07:00:00	23628.31	23641.91	23592.31	23603.81	941	0	339
2026.03.13	08:00:00	23603.31	23617.31	23581.31	23611.91	1256	0	329
2026.03.13	09:00:00	23612.41	23612.41	23492.31	23501.31	1508	0	349
2026.03.13	10:00:00	23494.31	23507.81	23385.01	23403.01	4296	0	239
2026.03.13	11:00:00	23405.51	23421.81	23285.51	23409.81	10217	0	139
2026.03.13	12:00:00	23411.81	23460.81	23364.31	23422.91	7468	0	129
2026.03.13	13:00:00	23423.41	23560.81	23407.31	23555.31	6086	0	129
2026.03.13	14:00:00	23554.81	23607.41	23530.81	23605.91	6696	0	129
2026.03.13	15:00:00	23605.41	23706.81	23580.91	23647.81	7055	0	129
2026.03.13	16:00:00	23647.31	23765.81	23618.81	23676.68	10209	0	129
2026.03.13	17:00:00	23676.59	23696.68	23489.81	23494.31	13438	0	139
2026.03.13	18:00:00	23495.31	23558.81	23410.31	23415.31	12567	0	139
2026.03.13	19:00:00	23412.81	23466.31	23380.81	23415.31	11394	0	139
2026.03.13	20:00:00	23415.81	23456.81	23374.31	23383.31	8085	0	239
2026.03.13	21:00:00	23383.81	23443.81	23367.31	23432.31	4995	0	239
2026.03.13	22:00:00	23431.81	23431.81	23355.81	23394.31	4232	0	229
2026.03.13	23:00:00	23394.18	23401.18	23368.68	23375.78	974	0	165
2026.03.16	01:00:00	23350.88	23447.48	23289.38	23447.48	4053	0	375
2026.03.16	02:00:00	23447.61	23472.21	23390.51	23411.01	7679	0	359
2026.03.16	03:00:00	23411.21	23563.01	23404.21	23545.01	4130	0	329
2026.03.16	04:00:00	23545.51	23562.51	23457.01	23497.51	2220	0	379
2026.03.16	05:00:00	23497.01	23499.01	23446.01	23462.51	1295	0	349
2026.03.16	06:00:00	23463.01	23540.51	23452.61	23537.51	900	0	319
2026.03.16	07:00:00	23535.01	23536.51	23478.01	23478.51	645	0	299
2026.03.16	08:00:00	23479.01	23540.01	23470.01	23531.51	1020	0	319
2026.03.16	09:00:00	23531.01	23569.01	23517.01	23563.01	1105	0	309
2026.03.16	10:00:00	23562.51	23564.51	23452.21	23458.21	3245	0	229
2026.03.16	11:00:00	23460.71	23509.21	23392.71	23434.21	10196	0	139
2026.03.16	12:00:00	23434.71	23461.21	23333.21	23344.71	8271	0	139
2026.03.16	13:00:00	23343.21	23501.21	23336.71	23500.71	6673	0	129
2026.03.16	14:00:00	23500.21	23544.71	23471.21	23541.71	5052	0	129
2026.03.16	15:00:00	23542.21	23625.21	23537.71	23576.71	4926	0	129
2026.03.16	16:00:00	23577.21	23679.01	23577.21	23677.01	7491	0	129
2026.03.16	17:00:00	23677.51	23702.51	23565.51	23651.51	9132	0	139
2026.03.16	18:00:00	23652.01	23694.51	23615.01	23615.01	6946	0	129
2026.03.16	19:00:00	23615.51	23638.51	23557.51	23570.51	7973	0	139
2026.03.16	20:00:00	23571.01	23622.01	23558.01	23581.01	5607	0	239
2026.03.16	21:00:00	23581.51	23632.01	23579.51	23621.01	3480	0	179
2026.03.16	22:00:00	23620.01	23671.01	23594.01	23637.51	4750	0	219
2026.03.16	23:00:00	23637.38	23640.88	23608.18	23617.88	889	0	165
2026.03.17	01:00:00	23592.38	23615.18	23587.38	23590.18	2973	0	335
2026.03.17	02:00:00	23589.88	23627.91	23589.88	23627.11	3187	0	329
2026.03.17	03:00:00	23627.41	23627.41	23527.21	23540.21	2711	0	309
2026.03.17	04:00:00	23539.21	23589.21	23534.71	23572.41	1280	0	319
2026.03.17	05:00:00	23572.31	23578.31	23549.41	23549.91	925	0	299
2026.03.17	06:00:00	23549.41	23576.01	23538.91	23543.41	978	0	299
2026.03.17	07:00:00	23542.91	23569.51	23527.31	23559.11	603	0	299
2026.03.17	08:00:00	23558.61	23561.61	23440.21	23441.21	821	0	299
2026.03.17	09:00:00	23439.71	23462.71	23407.71	23452.71	2081	0	379
2026.03.17	10:00:00	23448.71	23533.41	23435.41	23499.91	2844	0	159
2026.03.17	11:00:00	23497.91	23549.91	23457.41	23502.91	8630	0	139
2026.03.17	12:00:00	23503.41	23653.91	23503.41	23636.41	6100	0	139
2026.03.17	13:00:00	23636.91	23636.91	23530.91	23594.41	5503	0	129
2026.03.17	14:00:00	23593.91	23639.51	23591.41	23595.51	4811	0	129
2026.03.17	15:00:00	23598.01	23705.01	23594.01	23682.51	4609	0	129
2026.03.17	16:00:00	23683.01	23790.41	23680.01	23754.51	6535	0	129
2026.03.17	17:00:00	23755.01	23816.41	23719.41	23813.51	7443	0	129
2026.03.17	18:00:00	23813.01	23821.51	23697.41	23739.91	8516	0	129
2026.03.17	19:00:00	23739.41	23741.91	23678.91	23699.41	8235	0	139
2026.03.17	20:00:00	23698.41	23746.41	23698.41	23725.51	4416	0	219
2026.03.17	21:00:00	23726.01	23732.51	23670.41	23699.21	2908	0	159
2026.03.17	22:00:00	23699.71	23705.71	23676.31	23698.91	2726	0	149
2026.03.17	23:00:00	23699.41	23710.78	23698.18	23698.68	548	0	165
2026.03.18	01:00:00	23687.28	23693.68	23659.58	23686.88	1194	0	345
2026.03.18	02:00:00	23687.01	23691.51	23664.81	23680.11	1585	0	319
2026.03.18	03:00:00	23679.11	23746.21	23668.51	23744.71	1341	0	299
2026.03.18	04:00:00	23745.71	23771.61	23745.71	23757.91	613	0	299
2026.03.18	05:00:00	23758.41	23787.41	23752.51	23777.91	721	0	299
2026.03.18	06:00:00	23778.41	23819.01	23777.41	23810.51	618	0	299
2026.03.18	07:00:00	23810.01	23845.61	23810.01	23836.11	418	0	299
2026.03.18	08:00:00	23836.61	23889.01	23830.21	23885.01	695	0	299
2026.03.18	09:00:00	23885.51	23918.01	23878.01	23912.51	1172	0	339
2026.03.18	10:00:00	23909.51	23927.51	23826.21	23845.21	2169	0	169
2026.03.18	11:00:00	23846.21	23892.71	23803.21	23877.51	6375	0	129
2026.03.18	12:00:00	23878.51	23939.61	23854.51	23908.11	4237	0	129
2026.03.18	13:00:00	23907.11	23956.11	23894.11	23898.61	3228	0	129
2026.03.18	14:00:00	23896.11	23952.61	23832.51	23844.01	4967	0	119
2026.03.18	15:00:00	23844.51	23853.01	23595.51	23606.51	8198	0	139
2026.03.18	16:00:00	23607.51	23672.01	23555.01	23603.01	9409	0	139
2026.03.18	17:00:00	23602.01	23647.51	23445.01	23509.51	8899	0	139
2026.03.18	18:00:00	23509.01	23576.51	23480.01	23510.01	7859	0	139
2026.03.18	19:00:00	23511.51	23547.01	23479.51	23503.51	6028	0	129
2026.03.18	20:00:00	23502.51	23538.51	23470.51	23531.61	3932	0	239
2026.03.18	21:00:00	23533.61	23546.61	23381.21	23382.71	6684	0	239
2026.03.18	22:00:00	23383.21	23403.71	23230.21	23250.21	5167	0	239
2026.03.18	23:00:00	23249.21	23261.08	23110.08	23159.08	1863	0	239
2026.03.19	01:00:00	23148.48	23153.88	23115.98	23131.98	1956	0	355
2026.03.19	02:00:00	23132.11	23183.01	23128.31	23161.41	2639	0	309
2026.03.19	03:00:00	23161.71	23193.11	23081.31	23125.41	2717	0	319
2026.03.19	04:00:00	23125.91	23208.31	23114.81	23181.81	1170	0	349
2026.03.19	05:00:00	23181.31	23270.81	23156.81	23239.81	1130	0	299
2026.03.19	06:00:00	23240.31	23257.31	23220.81	23224.81	551	0	299
2026.03.19	07:00:00	23225.81	23225.81	23093.31	23125.31	740	0	319
2026.03.19	08:00:00	23123.31	23148.31	23055.31	23064.81	859	0	339
2026.03.19	09:00:00	23065.81	23147.31	23061.81	23090.31	1226	0	379
2026.03.19	10:00:00	23083.81	23171.51	23021.51	23127.51	4247	0	239
2026.03.19	11:00:00	23128.51	23190.51	22921.01	22959.51	10616	0	139
2026.03.19	12:00:00	22962.51	23051.51	22849.01	23027.51	10089	0	139
2026.03.19	13:00:00	23028.01	23030.51	22913.01	22929.51	6531	0	139
2026.03.19	14:00:00	22934.51	22965.01	22881.51	22949.01	5612	0	139
2026.03.19	15:00:00	22940.01	22965.01	22785.51	22820.51	6756	0	139
2026.03.19	16:00:00	22819.51	22970.01	22752.01	22951.01	11409	0	139
2026.03.19	17:00:00	22952.01	22998.51	22848.51	22866.51	10448	0	139
2026.03.19	18:00:00	22867.01	22990.01	22842.51	22920.51	8599	0	139
2026.03.19	19:00:00	22921.01	22976.51	22781.61	22812.11	8360	0	139
2026.03.19	20:00:00	22813.11	22842.11	22726.61	22795.61	5068	0	239
2026.03.19	21:00:00	22795.11	22856.11	22761.61	22845.11	2400	0	219
2026.03.19	22:00:00	22842.61	23124.61	22842.61	22993.61	3410	0	239
2026.03.19	23:00:00	22993.48	23047.98	22978.98	23015.48	660	0	215
2026.03.20	01:00:00	23007.88	23044.58	22999.58	23033.68	1626	0	365
2026.03.20	02:00:00	23034.48	23050.01	23005.11	23016.71	2514	0	339
2026.03.20	03:00:00	23016.51	23068.61	22986.41	23016.61	1986	0	329
2026.03.20	04:00:00	23015.61	23088.11	23005.11	23051.11	1634	0	369
2026.03.20	05:00:00	23051.61	23056.11	23027.61	23029.61	1277	0	349
2026.03.20	06:00:00	23031.11	23035.61	22999.21	23009.11	862	0	299
2026.03.20	07:00:00	23009.61	23023.21	22979.11	22987.71	697	0	299
2026.03.20	08:00:00	22987.21	23014.61	22953.11	23001.11	1245	0	319
2026.03.20	09:00:00	23003.11	23018.71	22940.11	22954.61	1138	0	349
2026.03.20	10:00:00	22951.61	23074.81	22900.31	23066.81	3412	0	229
2026.03.20	11:00:00	23067.81	23175.81	23042.81	23052.31	8489	0	139
2026.03.20	12:00:00	23052.81	23063.31	22834.81	22875.31	9316	0	139
2026.03.20	13:00:00	22876.81	22884.31	22691.31	22735.31	10971	0	139
2026.03.20	14:00:00	22731.81	22914.81	22727.31	22903.81	8179	0	139
2026.03.20	15:00:00	22905.81	22930.81	22841.31	22903.81	8560	0	139
2026.03.20	16:00:00	22904.31	22915.81	22676.81	22685.81	12280	0	139
2026.03.20	17:00:00	22686.31	22690.81	22395.31	22434.31	13980	0	139
2026.03.20	18:00:00	22433.81	22523.81	22376.31	22430.31	12771	0	139
2026.03.20	19:00:00	22429.31	22486.31	22277.81	22323.81	10638	0	139
2026.03.20	20:00:00	22324.81	22357.81	22256.81	22304.81	8117	0	239
2026.03.20	21:00:00	22305.81	22316.31	22153.81	22174.31	6958	0	239
2026.03.20	22:00:00	22175.31	22205.81	22087.81	22182.31	6946	0	239
2026.03.20	23:00:00	22180.81	22228.68	22174.68	22197.68	1776	0	205
2026.03.23	01:00:00	21916.38	22057.38	21916.38	21998.38	5539	0	385
2026.03.23	02:00:00	21998.51	22035.01	21950.61	21962.31	5741	0	359
2026.03.23	03:00:00	21963.11	22120.21	21945.71	21997.21	5501	0	359
2026.03.23	04:00:00	21997.71	22210.71	21980.21	22172.71	4784	0	379
2026.03.23	05:00:00	22173.21	22190.71	22084.21	22099.71	2989	0	379
2026.03.23	06:00:00	22098.71	22116.21	22017.21	22025.71	2452	0	379
2026.03.23	07:00:00	22026.71	22068.71	22003.21	22068.71	1738	0	379
2026.03.23	08:00:00	22071.71	22107.21	22004.21	22046.21	2701	0	379
2026.03.23	09:00:00	22045.71	22052.71	21908.71	21933.21	3700	0	379
2026.03.23	10:00:00	21932.71	22013.91	21871.41	21892.41	7218	0	239
2026.03.23	11:00:00	21893.41	22008.91	21878.41	21968.41	14875	0	139
2026.03.23	12:00:00	21966.41	22042.41	21885.91	21925.91	11894	0	139
2026.03.23	13:00:00	21924.91	21975.91	21863.41	21919.91	10544	0	139
2026.03.23	14:00:00	21920.41	23234.41	21920.41	22654.41	10168	0	139
2026.03.23	15:00:00	22653.41	22943.41	22574.91	22892.41	15923	0	139
2026.03.23	16:00:00	22900.41	22945.41	22690.41	22859.91	16446	0	139
2026.03.23	17:00:00	22866.91	23014.91	22817.91	22977.41	14137	0	139
2026.03.23	18:00:00	22982.41	23098.41	22670.91	22682.91	12960	0	139
2026.03.23	19:00:00	22681.41	22746.41	22586.91	22696.31	13511	0	139
2026.03.23	20:00:00	22699.31	22870.31	22672.81	22816.31	8545	0	239
2026.03.23	21:00:00	22814.31	22900.31	22727.81	22851.81	6478	0	239
2026.03.23	22:00:00	22849.81	22852.81	22730.31	22753.81	4703	0	239
2026.03.23	23:00:00	22754.31	22794.18	22720.68	22787.18	1528	0	195
2026.03.24	01:00:00	22757.78	22859.08	22752.28	22853.68	2829	0	355
2026.03.24	02:00:00	22853.81	22853.81	22809.11	22831.61	3842	0	339
2026.03.24	03:00:00	22831.41	22831.61	22556.41	22583.91	4517	0	359
2026.03.24	04:00:00	22582.91	22587.91	22409.91	22458.41	3758	0	379
2026.03.24	05:00:00	22456.91	22513.91	22400.91	22467.91	3175	0	379
2026.03.24	06:00:00	22465.41	22486.41	22418.41	22486.41	2087	0	379
2026.03.24	07:00:00	22488.41	22502.41	22437.41	22449.41	1378	0	309
2026.03.24	08:00:00	22449.91	22487.91	22373.91	22452.91	2550	0	379
2026.03.24	09:00:00	22452.41	22590.41	22440.91	22566.91	2624	0	379
2026.03.24	10:00:00	22562.41	22707.11	22562.41	22646.61	5200	0	239
2026.03.24	11:00:00	22650.11	22737.11	22472.61	22489.61	11957	0	139
2026.03.24	12:00:00	22492.61	22595.61	22405.11	22574.11	9925	0	139
2026.03.24	13:00:00	22574.61	22642.11	22521.61	22586.61	8580	0	139
2026.03.24	14:00:00	22586.11	22652.11	22504.61	22631.11	8995	0	139
2026.03.24	15:00:00	22632.11	22645.11	22425.11	22438.61	9772	0	139
2026.03.24	16:00:00	22435.11	22463.11	22348.11	22451.61	14655	0	139
2026.03.24	17:00:00	22452.11	22648.11	22427.11	22585.61	16120	0	139
2026.03.24	18:00:00	22586.61	22676.61	22556.11	22556.11	12372	0	139
2026.03.24	19:00:00	22555.61	22665.11	22546.11	22595.11	10139	0	139
2026.03.24	20:00:00	22594.11	22603.61	22483.11	22600.11	10402	0	239
2026.03.24	21:00:00	22599.61	22682.11	22550.61	22615.11	6937	0	239
2026.03.24	22:00:00	22615.61	22662.61	22569.91	22578.41	5287	0	239
2026.03.24	23:00:00	22577.41	22936.78	22560.28	22839.78	4886	0	215
2026.03.25	01:00:00	22876.58	22895.38	22819.68	22877.18	3409	0	385
2026.03.25	02:00:00	22877.31	22901.61	22850.61	22875.31	3459	0	349
2026.03.25	03:00:00	22875.51	22990.01	22852.41	22949.51	3227	0	359
2026.03.25	04:00:00	22948.01	22988.01	22918.01	22920.01	2295	0	379
2026.03.25	05:00:00	22919.51	22920.51	22836.01	22841.01	2034	0	369
2026.03.25	06:00:00	22841.51	22869.51	22824.01	22866.01	1449	0	369
2026.03.25	07:00:00	22866.51	22926.51	22862.51	22921.51	1067	0	329
2026.03.25	08:00:00	22922.51	22922.51	22873.51	22883.51	1554	0	379
2026.03.25	09:00:00	22882.51	22883.51	22837.51	22861.01	1902	0	379
2026.03.25	10:00:00	22850.51	22924.21	22807.21	22923.71	4016	0	239
2026.03.25	11:00:00	22927.21	23074.21	22922.71	22988.21	11047	0	139
2026.03.25	12:00:00	22988.71	23062.71	22916.71	22990.71	8049	0	139
2026.03.25	13:00:00	22995.21	23033.21	22953.21	22997.71	6864	0	139
2026.03.25	14:00:00	22996.71	23055.31	22967.71	23035.71	5834	0	129
2026.03.25	15:00:00	23037.21	23085.71	22882.71	22992.91	9987	0	139
2026.03.25	16:00:00	22995.91	23056.41	22936.41	22951.41	11642	0	139
2026.03.25	17:00:00	22949.41	23031.91	22905.91	22978.41	12358	0	139
2026.03.25	18:00:00	22978.91	22987.41	22811.41	22901.41	11279	0	139
2026.03.25	19:00:00	22900.91	22996.41	22869.41	22952.41	9470	0	139
2026.03.25	20:00:00	22952.91	23004.91	22922.91	22939.41	6357	0	239
2026.03.25	21:00:00	22938.91	22960.91	22865.91	22912.91	4117	0	199
2026.03.25	22:00:00	22912.41	22956.91	22887.41	22927.41	4088	0	219
2026.03.25	23:00:00	22926.91	22935.28	22895.38	22908.68	825	0	165
