<DATE>	<TIME>	<OPEN>	<HIGH>	<LOW>	<CLOSE>	<TICKVOL>	<VOL>	<SPREAD>
2024.03.01	01:00:00	18044.40	18046.60	18003.70	18019.00	3253	0	140
2024.03.01	02:00:00	18019.00	18042.10	18018.50	18041.90	3059	0	140
2024.03.01	03:00:00	18041.90	18080.50	18032.10	18077.30	4446	0	140
2024.03.01	04:00:00	18077.00	18088.20	18070.80	18085.80	3332	0	140
2024.03.01	05:00:00	18085.80	18090.80	18083.00	18089.20	2535	0	140
2024.03.01	06:00:00	18089.40	18092.20	18077.20	18079.20	1742	0	140
2024.03.01	07:00:00	18079.20	18090.30	18076.30	18088.10	2381	0	140
2024.03.01	08:00:00	18088.30	18103.10	18087.60	18101.00	2632	0	140
2024.03.01	09:00:00	18101.00	18123.00	18094.80	18115.20	3944	0	140
2024.03.01	10:00:00	18115.00	18116.50	18076.90	18084.40	6036	0	160
2024.03.01	11:00:00	18084.20	18106.20	18078.60	18088.70	5509	0	150
2024.03.01	12:00:00	18088.80	18088.80	17991.40	18024.90	8590	0	160
2024.03.01	13:00:00	18025.40	18054.90	18019.40	18052.70	5322	0	170
2024.03.01	14:00:00	18052.80	18063.90	18034.80	18054.10	5386	0	160
2024.03.01	15:00:00	18053.90	18071.00	18031.60	18050.80	7232	0	170
2024.03.01	16:00:00	18050.20	18105.70	18042.30	18095.00	11859	0	60
2024.03.01	17:00:00	18111.60	18165.50	18083.60	18153.60	15888	0	60
2024.03.01	18:00:00	18154.00	18211.60	18150.50	18202.10	13771	0	60
2024.03.01	19:00:00	18202.30	18254.20	18184.60	18248.40	12346	0	60
2024.03.01	20:00:00	18248.80	18310.60	18243.50	18307.30	11806	0	60
2024.03.01	21:00:00	18307.20	18335.00	18295.30	18329.00	12386	0	60
2024.03.01	22:00:00	18328.90	18329.40	18284.50	18296.70	12782	0	60
2024.03.01	23:00:00	18297.60	18297.60	18277.00	18280.10	3703	0	90
2024.03.04	01:00:00	18309.20	18329.30	18291.40	18307.30	4258	0	140
2024.03.04	02:00:00	18307.30	18310.20	18290.40	18304.50	4202	0	140
2024.03.04	03:00:00	18304.50	18314.00	18300.00	18310.70	4174	0	140
2024.03.04	04:00:00	18310.80	18325.40	18306.70	18320.50	3049	0	140
2024.03.04	05:00:00	18320.50	18321.60	18312.30	18316.80	1899	0	140
2024.03.04	06:00:00	18316.80	18318.80	18308.30	18312.80	1427	0	140
2024.03.04	07:00:00	18313.00	18318.50	18309.90	18311.50	1943	0	140
2024.03.04	08:00:00	18311.30	18320.90	18307.30	18315.10	2252	0	140
2024.03.04	09:00:00	18315.50	18324.10	18312.00	18323.20	3118	0	140
2024.03.04	10:00:00	18323.70	18334.70	18316.60	18327.60	5078	0	150
2024.03.04	11:00:00	18326.70	18340.40	18294.40	18295.60	5633	0	140
2024.03.04	12:00:00	18295.90	18298.40	18282.10	18292.40	4644	0	150
2024.03.04	13:00:00	18292.40	18299.90	18274.10	18298.20	4945	0	150
2024.03.04	14:00:00	18298.30	18315.80	18292.40	18296.90	4522	0	150
2024.03.04	15:00:00	18296.80	18314.10	18290.30	18298.30	5069	0	150
2024.03.04	16:00:00	18298.50	18299.60	18251.70	18259.90	11925	0	60
2024.03.04	17:00:00	18260.00	18299.90	18245.00	18288.80	15467	0	70
2024.03.04	18:00:00	18288.80	18293.60	18248.90	18283.40	14381	0	60
2024.03.04	19:00:00	18283.80	18293.50	18259.90	18269.40	12536	0	60
2024.03.04	20:00:00	18269.10	18278.00	18236.70	18267.90	11582	0	60
2024.03.04	21:00:00	18267.90	18310.60	18255.30	18297.10	11831	0	60
2024.03.04	22:00:00	18297.50	18312.10	18221.10	18226.00	13545	0	60
2024.03.04	23:00:00	18226.20	18227.70	18202.80	18205.30	3291	0	90
2024.03.05	01:00:00	18218.80	18219.10	18186.90	18190.10	2988	0	140
2024.03.05	02:00:00	18189.90	18205.00	18179.90	18190.70	3147	0	140
2024.03.05	03:00:00	18190.70	18195.60	18158.70	18171.10	4574	0	140
2024.03.05	04:00:00	18171.10	18175.30	18152.20	18160.40	3557	0	140
2024.03.05	05:00:00	18160.60	18179.90	18160.10	18178.40	2561	0	140
2024.03.05	06:00:00	18178.40	18184.20	18172.10	18175.20	1668	0	140
2024.03.05	07:00:00	18175.20	18175.70	18150.50	18157.60	2861	0	140
2024.03.05	08:00:00	18157.80	18163.00	18134.50	18147.60	3951	0	140
2024.03.05	09:00:00	18147.70	18154.50	18122.40	18141.00	4346	0	150
2024.03.05	10:00:00	18141.20	18157.20	18103.00	18112.80	6279	0	170
2024.03.05	11:00:00	18115.10	18123.00	18091.10	18095.00	6740	0	180
2024.03.05	12:00:00	18095.50	18105.20	18074.00	18101.20	5101	0	160
2024.03.05	13:00:00	18101.10	18128.90	18101.00	18126.30	4488	0	150
2024.03.05	14:00:00	18126.80	18151.20	18109.20	18118.00	6026	0	180
2024.03.05	15:00:00	18117.90	18144.40	18099.70	18101.20	7024	0	200
2024.03.05	16:00:00	18101.40	18113.50	17993.60	18008.60	12776	0	60
2024.03.05	17:00:00	18009.80	18054.10	17880.80	17910.20	16689	0	70
2024.03.05	18:00:00	17911.20	17935.80	17878.70	17909.20	15183	0	70
2024.03.05	19:00:00	17909.30	17949.00	17907.40	17922.70	13172	0	60
2024.03.05	20:00:00	17923.00	17924.60	17847.20	17850.30	13690	0	60
2024.03.05	21:00:00	17849.50	17881.70	17820.70	17827.40	13849	0	60
2024.03.05	22:00:00	17826.90	17906.90	17803.50	17901.20	14680	0	70
2024.03.05	23:00:00	17902.40	17949.40	17899.50	17948.60	4612	0	100
2024.03.06	01:00:00	17939.40	17941.80	17922.10	17932.20	3077	0	140
2024.03.06	02:00:00	17931.80	17934.20	17912.10	17915.40	3470	0	140
2024.03.06	03:00:00	17915.20	17935.70	17913.40	17929.50	4006	0	140
2024.03.06	04:00:00	17929.80	17946.30	17927.80	17937.50	3804	0	140
2024.03.06	05:00:00	17937.30	17956.70	17933.10	17952.20	2839	0	140
2024.03.06	06:00:00	17952.20	17953.90	17945.00	17951.10	1787	0	140
2024.03.06	07:00:00	17951.20	17956.30	17946.50	17951.70	2409	0	140
2024.03.06	08:00:00	17951.60	17954.30	17937.50	17952.00	2944	0	140
2024.03.06	09:00:00	17952.10	17976.20	17938.70	17972.50	4390	0	140
2024.03.06	10:00:00	17971.40	18007.80	17971.40	17989.40	6385	0	180
2024.03.06	11:00:00	17990.20	18033.80	17989.90	18026.30	6008	0	180
2024.03.06	12:00:00	18026.20	18045.10	18020.10	18021.10	5213	0	160
2024.03.06	13:00:00	18021.10	18034.20	18004.80	18011.40	4966	0	150
2024.03.06	14:00:00	18011.10	18044.40	18003.90	18037.30	6453	0	180
2024.03.06	15:00:00	18037.30	18067.60	18024.40	18067.60	9784	0	200
2024.03.06	16:00:00	18066.60	18095.70	18008.90	18019.40	13012	0	60
2024.03.06	17:00:00	18019.20	18058.20	17935.80	18048.40	16736	0	70
2024.03.06	18:00:00	18048.30	18103.80	18032.60	18095.50	14529	0	70
2024.03.06	19:00:00	18096.10	18147.70	18090.00	18105.60	14010	0	60
2024.03.06	20:00:00	18105.70	18134.00	18004.50	18051.30	14583	0	60
2024.03.06	21:00:00	18051.00	18065.00	17975.80	18001.60	15968	0	80
2024.03.06	22:00:00	18001.80	18034.70	17957.90	18015.60	15858	0	80
2024.03.06	23:00:00	18016.70	18023.70	18000.10	18015.70	3149	0	90
2024.03.07	01:00:00	18010.00	18024.10	17995.80	17995.80	2490	0	140
2024.03.07	02:00:00	17995.90	18005.50	17953.00	17972.60	5049	0	160
2024.03.07	03:00:00	17972.90	17973.00	17929.50	17936.80	7881	0	180
2024.03.07	04:00:00	17936.60	17946.90	17909.80	17925.00	6379	0	150
2024.03.07	05:00:00	17924.90	17953.30	17921.30	17949.80	4365	0	140
2024.03.07	06:00:00	17949.60	17957.70	17934.90	17950.50	3484	0	140
2024.03.07	07:00:00	17951.00	17968.90	17950.20	17956.60	4516	0	140
2024.03.07	08:00:00	17956.60	17969.40	17930.00	17938.10	4513	0	140
2024.03.07	09:00:00	17938.10	17942.60	17914.50	17926.80	6014	0	200
2024.03.07	10:00:00	17926.70	17960.40	17893.60	17955.50	8666	0	210
2024.03.07	11:00:00	17955.50	18054.80	17952.70	18048.00	7947	0	220
2024.03.07	12:00:00	18047.80	18099.80	18047.80	18097.20	6219	0	190
2024.03.07	13:00:00	18097.50	18103.80	18074.00	18088.90	5331	0	150
2024.03.07	14:00:00	18089.30	18114.70	18083.30	18098.60	5595	0	170
2024.03.07	15:00:00	18099.20	18140.30	18084.20	18131.30	8903	0	180
2024.03.07	16:00:00	18131.00	18203.80	18098.50	18171.80	14109	0	70
2024.03.07	17:00:00	18171.70	18260.90	18153.10	18229.10	16254	0	70
2024.03.07	18:00:00	18229.30	18285.60	18220.60	18280.60	13964	0	60
2024.03.07	19:00:00	18280.60	18306.70	18264.50	18287.10	12725	0	60
2024.03.07	20:00:00	18287.30	18338.70	18270.50	18332.30	11942	0	60
2024.03.07	21:00:00	18332.10	18336.70	18302.00	18306.30	11963	0	60
2024.03.07	22:00:00	18306.30	18318.60	18268.40	18290.20	14116	0	60
2024.03.07	23:00:00	18288.20	18289.70	18137.90	18217.70	7569	0	100
2024.03.08	01:00:00	18242.80	18258.80	18237.30	18247.00	3061	0	140
2024.03.08	02:00:00	18246.90	18259.30	18229.70	18248.40	4700	0	140
2024.03.08	03:00:00	18248.10	18257.80	18238.70	18254.80	4101	0	140
2024.03.08	04:00:00	18254.40	18255.00	18242.90	18246.80	2775	0	140
2024.03.08	05:00:00	18246.70	18273.00	18242.40	18267.40	3314	0	140
2024.03.08	06:00:00	18267.60	18290.50	18260.50	18264.30	3160	0	140
2024.03.08	07:00:00	18264.30	18275.30	18257.80	18272.90	3422	0	140
2024.03.08	08:00:00	18273.10	18276.40	18262.60	18265.60	2413	0	140
2024.03.08	09:00:00	18265.60	18283.90	18252.70	18280.20	3862	0	150
2024.03.08	10:00:00	18279.70	18334.90	18270.40	18304.80	7162	0	190
2024.03.08	11:00:00	18304.70	18326.80	18290.20	18316.00	7529	0	200
2024.03.08	12:00:00	18316.30	18320.50	18289.00	18304.00	5577	0	170
2024.03.08	13:00:00	18304.50	18311.30	18252.40	18273.40	5927	0	190
2024.03.08	14:00:00	18273.00	18281.90	18232.70	18250.00	7063	0	200
2024.03.08	15:00:00	18249.90	18350.50	18195.70	18332.80	12328	0	220
2024.03.08	16:00:00	18332.90	18370.90	18269.90	18368.50	16340	0	80
2024.03.08	17:00:00	18369.40	18417.20	18325.90	18362.70	16360	0	80
2024.03.08	18:00:00	18360.20	18365.80	18132.10	18158.20	17904	0	90
2024.03.08	19:00:00	18157.70	18193.80	18035.00	18046.20	17509	0	80
2024.03.08	20:00:00	18046.20	18087.60	17994.80	18027.30	15843	0	70
2024.03.08	21:00:00	18028.00	18156.70	18021.70	18124.50	14940	0	70
2024.03.08	22:00:00	18124.50	18149.90	18021.30	18021.80	16292	0	80
2024.03.08	23:00:00	18021.30	18059.80	18020.70	18039.40	3969	0	90
2024.03.11	01:00:00	17983.30	18008.30	17957.60	17959.50	3677	0	180
2024.03.11	02:00:00	17960.50	18025.10	17960.50	18025.00	3667	0	150
2024.03.11	03:00:00	18024.80	18028.00	17992.60	17998.90	4657	0	160
2024.03.11	04:00:00	17999.00	18036.50	17997.30	18008.90	4591	0	160
2024.03.11	05:00:00	18009.20	18014.40	17991.50	17992.60	3672	0	140
2024.03.11	06:00:00	17992.70	18004.80	17972.10	17975.50	2388	0	140
2024.03.11	07:00:00	17975.60	17977.20	17955.30	17966.60	3027	0	140
2024.03.11	08:00:00	17966.70	18003.20	17963.20	18001.90	3364	0	140
2024.03.11	09:00:00	18001.90	18013.80	17992.40	18011.20	2764	0	140
2024.03.11	10:00:00	18010.40	18029.70	17992.80	18005.50	5453	0	150
2024.03.11	11:00:00	18005.50	18023.00	17921.30	17994.10	11016	0	220
2024.03.11	12:00:00	17994.00	18033.00	17992.20	18008.10	6924	0	210
2024.03.11	13:00:00	18008.00	18030.50	17969.10	18015.30	4518	0	170
2024.03.11	14:00:00	18015.60	18020.50	17955.60	17966.10	6005	0	180
2024.03.11	15:00:00	17965.60	17965.70	17906.50	17935.70	9757	0	220
2024.03.11	16:00:00	17935.90	17986.10	17883.70	17884.90	14984	0	80
2024.03.11	17:00:00	17884.80	18006.10	17875.50	17985.10	17880	0	80
2024.03.11	18:00:00	17985.00	18001.30	17903.30	17983.30	15799	0	70
2024.03.11	19:00:00	17983.60	17984.30	17929.10	17971.20	14494	0	60
2024.03.11	20:00:00	17971.20	17987.90	17922.70	17956.40	14171	0	60
2024.03.11	21:00:00	17956.70	18006.30	17940.80	17983.60	13287	0	70
2024.03.11	22:00:00	17982.90	17983.30	17930.60	17951.30	14079	0	60
2024.03.11	23:00:00	17952.00	17995.50	17948.90	17977.30	3718	0	90
2024.03.12	01:00:00	17996.70	18030.40	17994.90	18014.10	2165	0	140
2024.03.12	02:00:00	18014.00	18031.50	18011.40	18029.30	1591	0	140
2024.03.12	03:00:00	18029.50	18046.60	18016.90	18021.90	3696	0	140
2024.03.12	04:00:00	18021.80	18037.00	18018.00	18027.40	3297	0	140
2024.03.12	05:00:00	18027.40	18033.40	18022.20	18033.20	2600	0	140
2024.03.12	06:00:00	18033.00	18041.70	18032.20	18035.80	2047	0	140
2024.03.12	07:00:00	18035.80	18055.40	18034.80	18053.90	1669	0	140
2024.03.12	08:00:00	18054.20	18078.10	18053.80	18075.10	2848	0	140
2024.03.12	09:00:00	18075.00	18077.50	18050.20	18062.50	2748	0	140
2024.03.12	10:00:00	18062.80	18070.30	18056.20	18063.00	3530	0	140
2024.03.12	11:00:00	18062.00	18079.20	18013.00	18022.70	6578	0	170
2024.03.12	12:00:00	18022.80	18036.60	18014.10	18015.30	4458	0	150
2024.03.12	13:00:00	18015.30	18045.00	18014.50	18032.80	4367	0	160
2024.03.12	14:00:00	18032.20	18043.60	18015.00	18032.20	4700	0	160
2024.03.12	15:00:00	18032.00	18114.20	17943.30	18050.30	11679	0	150
2024.03.12	16:00:00	18050.40	18075.60	17913.10	18031.10	17007	0	80
2024.03.12	17:00:00	18031.00	18185.00	18012.60	18159.00	17100	0	70
2024.03.12	18:00:00	18159.00	18197.40	18129.90	18157.30	15167	0	70
2024.03.12	19:00:00	18157.60	18162.30	18064.40	18096.10	14170	0	70
2024.03.12	20:00:00	18095.80	18147.80	18065.40	18141.10	13634	0	60
2024.03.12	21:00:00	18141.70	18204.70	18135.80	18195.10	12449	0	60
2024.03.12	22:00:00	18195.10	18227.80	18173.40	18212.60	12500	0	60
2024.03.12	23:00:00	18213.00	18219.20	18201.60	18212.50	3676	0	90
2024.03.13	01:00:00	18203.30	18219.00	18203.10	18214.00	1356	0	140
2024.03.13	02:00:00	18214.00	18226.80	18210.50	18216.90	1972	0	140
2024.03.13	03:00:00	18217.00	18219.90	18197.30	18200.80	3505	0	140
2024.03.13	04:00:00	18200.90	18203.40	18192.90	18200.40	4870	0	140
2024.03.13	05:00:00	18200.40	18202.10	18190.90	18191.90	3403	0	140
2024.03.13	06:00:00	18192.10	18197.60	18184.40	18196.10	2730	0	140
2024.03.13	07:00:00	18196.00	18209.60	18195.60	18207.60	2179	0	140
2024.03.13	08:00:00	18207.80	18224.80	18207.00	18222.70	3019	0	140
2024.03.13	09:00:00	18222.60	18222.80	18206.60	18214.10	2794	0	140
2024.03.13	10:00:00	18213.90	18243.40	18213.90	18237.00	4988	0	140
2024.03.13	11:00:00	18237.10	18245.60	18176.20	18200.40	7418	0	170
2024.03.13	12:00:00	18200.50	18201.70	18180.50	18197.50	6556	0	180
2024.03.13	13:00:00	18197.70	18216.40	18185.10	18215.60	5102	0	170
2024.03.13	14:00:00	18215.70	18226.70	18200.90	18201.40	5247	0	160
2024.03.13	15:00:00	18201.60	18207.10	18152.80	18165.30	7436	0	190
2024.03.13	16:00:00	18165.20	18181.00	18076.40	18079.50	12999	0	60
2024.03.13	17:00:00	18079.70	18128.20	18044.00	18076.70	16153	0	80
2024.03.13	18:00:00	18077.20	18109.50	18026.30	18078.70	14474	0	60
2024.03.13	19:00:00	18078.90	18105.50	18063.20	18095.10	12197	0	60
2024.03.13	20:00:00	18095.40	18141.30	18095.10	18131.70	12665	0	60
2024.03.13	21:00:00	18131.70	18147.70	18111.30	18123.60	11504	0	60
2024.03.13	22:00:00	18123.30	18133.00	18032.50	18070.80	13829	0	60
2024.03.13	23:00:00	18071.20	18092.00	18065.80	18091.30	3371	0	90
2024.03.14	01:00:00	18089.20	18101.90	18087.00	18098.80	1880	0	140
2024.03.14	02:00:00	18098.90	18122.70	18097.90	18118.50	2014	0	140
2024.03.14	03:00:00	18117.90	18117.90	18099.50	18113.40	2679	0	140
2024.03.14	04:00:00	18113.50	18125.90	18106.60	18124.50	3804	0	140
2024.03.14	05:00:00	18124.30	18126.00	18116.00	18117.00	2378	0	140
2024.03.14	06:00:00	18117.20	18120.20	18109.00	18117.00	2284	0	140
2024.03.14	07:00:00	18117.00	18126.30	18111.50	18125.80	1612	0	140
2024.03.14	08:00:00	18125.30	18132.60	18120.50	18128.90	2602	0	140
2024.03.14	09:00:00	18129.00	18139.10	18124.00	18135.90	2617	0	140
2024.03.14	10:00:00	18135.80	18145.80	18120.40	18143.00	3963	0	150
2024.03.14	11:00:00	18142.00	18173.00	18139.90	18161.60	6906	0	170
2024.03.14	12:00:00	18161.70	18168.90	18151.90	18162.90	4859	0	150
2024.03.14	13:00:00	18162.70	18167.00	18146.70	18154.00	4001	0	150
2024.03.14	14:00:00	18152.80	18166.00	18134.70	18140.60	4851	0	150
2024.03.14	15:00:00	18141.80	18158.00	18096.80	18115.50	10093	0	160
2024.03.14	16:00:00	18115.60	18143.60	17975.80	17983.60	15075	0	80
2024.03.14	17:00:00	17983.80	18091.10	17950.20	18048.80	16913	0	80
2024.03.14	18:00:00	18051.80	18087.20	18013.40	18052.40	15635	0	70
2024.03.14	19:00:00	18051.90	18063.10	17993.10	18002.40	14473	0	70
2024.03.14	20:00:00	18002.20	18044.50	17960.90	18042.30	14099	0	70
2024.03.14	21:00:00	18041.30	18080.80	17998.90	18000.60	13811	0	70
2024.03.14	22:00:00	18000.40	18026.10	17909.90	18026.10	15357	0	70
2024.03.14	23:00:00	18025.60	18047.00	18003.80	18018.40	5504	0	90
2024.03.15	01:00:00	18003.60	18013.70	17995.20	18000.40	1946	0	140
2024.03.15	02:00:00	18000.40	18001.00	17973.50	17987.90	2511	0	140
2024.03.15	03:00:00	17987.90	18013.30	17986.80	18010.30	3303	0	140
2024.03.15	04:00:00	18010.50	18018.30	17994.70	17995.20	4288	0	150
2024.03.15	05:00:00	17994.90	17995.10	17977.60	17991.00	3397	0	140
2024.03.15	06:00:00	17990.80	17998.40	17983.50	17995.60	2427	0	140
2024.03.15	07:00:00	17995.80	17996.20	17971.30	17976.20	2248	0	140
2024.03.15	08:00:00	17975.90	17983.10	17957.00	17967.40	3207	0	140
2024.03.15	09:00:00	17967.40	17974.50	17960.30	17970.10	2962	0	150
2024.03.15	10:00:00	17970.20	17993.60	17959.60	17961.70	4295	0	140
2024.03.15	11:00:00	17961.60	18015.30	17960.60	18010.20	5995	0	180
2024.03.15	12:00:00	18010.10	18051.60	18005.30	18040.30	5353	0	170
2024.03.15	13:00:00	18040.50	18073.70	18040.50	18059.10	5103	0	180
2024.03.15	14:00:00	18059.00	18059.90	18025.20	18032.70	5186	0	170
2024.03.15	15:00:00	18033.80	18033.80	17983.70	18003.70	9166	0	220
2024.03.15	16:00:00	18003.70	18006.20	17821.90	17846.30	15847	0	80
2024.03.15	17:00:00	17845.70	17923.50	17782.20	17875.50	17044	0	80
2024.03.15	18:00:00	17875.80	17880.50	17806.20	17818.10	14893	0	70
2024.03.15	19:00:00	17818.00	17829.50	17760.90	17765.30	13871	0	70
2024.03.15	20:00:00	17765.30	17841.30	17763.40	17838.10	13240	0	70
2024.03.15	21:00:00	17838.10	17857.40	17798.90	17840.00	12746	0	60
2024.03.15	22:00:00	17839.70	17861.60	17800.20	17814.80	13713	0	70
2024.03.15	23:00:00	17813.80	17836.10	17813.20	17816.90	3954	0	90
2024.03.18	01:00:00	17829.40	17857.40	17823.70	17825.90	3269	0	150
2024.03.18	02:00:00	17825.70	17843.00	17817.80	17834.30	3279	0	140
2024.03.18	03:00:00	17834.30	17848.30	17818.30	17843.70	4243	0	140
2024.03.18	04:00:00	17843.80	17867.40	17840.20	17864.80	4564	0	140
2024.03.18	05:00:00	17864.90	17878.50	17861.40	17874.60	3553	0	140
2024.03.18	06:00:00	17874.70	17881.70	17871.80	17880.40	2403	0	140
2024.03.18	07:00:00	17880.40	17896.40	17877.70	17892.20	1970	0	140
2024.03.18	08:00:00	17892.30	17914.10	17890.20	17910.60	2852	0	140
2024.03.18	09:00:00	17910.60	17920.80	17906.50	17909.00	2619	0	140
2024.03.18	10:00:00	17909.00	17923.30	17900.70	17902.20	4026	0	150
2024.03.18	11:00:00	17901.90	17942.80	17893.80	17942.30	6768	0	170
2024.03.18	12:00:00	17942.20	17950.20	17922.30	17929.60	5017	0	150
2024.03.18	13:00:00	17930.00	17959.00	17928.20	17952.80	4811	0	150
2024.03.18	14:00:00	17952.60	18021.70	17946.00	18017.30	6860	0	180
2024.03.18	15:00:00	18017.70	18042.70	18016.90	18032.90	6565	0	180
2024.03.18	16:00:00	18032.90	18116.80	18027.10	18044.40	12655	0	80
2024.03.18	17:00:00	18044.10	18126.60	18041.40	18103.10	15785	0	70
2024.03.18	18:00:00	18104.60	18110.80	18025.00	18042.80	14844	0	60
2024.03.18	19:00:00	18044.30	18061.70	17994.30	17996.90	13694	0	60
2024.03.18	20:00:00	17997.60	18039.60	17983.80	18023.30	13307	0	60
2024.03.18	21:00:00	18024.10	18061.30	18005.90	18027.80	12623	0	60
2024.03.18	22:00:00	18028.80	18047.40	17969.80	17979.70	12565	0	60
2024.03.18	23:00:00	17980.60	18000.00	17959.30	17984.10	6762	0	100
2024.03.19	01:00:00	17967.90	17974.10	17932.90	17941.00	2737	0	140
2024.03.19	02:00:00	17941.20	17951.90	17929.60	17946.00	2785	0	140
2024.03.19	03:00:00	17946.00	17948.80	17913.30	17918.00	3964	0	140
2024.03.19	04:00:00	17917.90	17926.60	17905.30	17925.30	5015	0	150
2024.03.19	05:00:00	17924.80	17950.00	17923.80	17942.60	3911	0	140
2024.03.19	06:00:00	17942.40	17965.10	17911.30	17934.60	5822	0	140
2024.03.19	07:00:00	17934.50	17954.00	17927.90	17944.60	4038	0	150
2024.03.19	08:00:00	17944.70	17961.30	17928.90	17954.70	3834	0	140
2024.03.19	09:00:00	17954.70	17960.50	17929.10	17939.90	3787	0	140
2024.03.19	10:00:00	17939.60	17955.10	17924.70	17934.00	4340	0	160
2024.03.19	11:00:00	17933.30	18007.30	17914.50	17977.70	8177	0	210
2024.03.19	12:00:00	17977.80	17987.30	17925.70	17931.80	6412	0	210
2024.03.19	13:00:00	17931.70	17955.80	17922.60	17936.20	5626	0	180
2024.03.19	14:00:00	17936.30	17936.30	17858.80	17874.50	7758	0	220
2024.03.19	15:00:00	17874.50	17889.20	17832.80	17886.10	9050	0	220
2024.03.19	16:00:00	17886.30	17906.90	17809.20	17845.50	13876	0	70
2024.03.19	17:00:00	17846.00	17902.60	17824.00	17873.10	16190	0	70
2024.03.19	18:00:00	17872.80	17925.00	17861.70	17917.00	13490	0	70
2024.03.19	19:00:00	17916.40	18025.10	17905.20	18000.00	13625	0	60
2024.03.19	20:00:00	18001.20	18041.70	17989.00	18020.00	12911	0	70
2024.03.19	21:00:00	18019.80	18044.50	17997.70	18020.50	11888	0	60
2024.03.19	22:00:00	18020.20	18037.70	17971.50	18027.20	13366	0	60
2024.03.19	23:00:00	18024.50	18040.40	18016.60	18032.80	3909	0	90
2024.03.20	01:00:00	18024.70	18032.60	18021.40	18029.00	1352	0	140
2024.03.20	02:00:00	18028.80	18034.80	18019.10	18019.30	1686	0	140
2024.03.20	03:00:00	18019.30	18019.30	17997.60	18003.00	2558	0	140
2024.03.20	04:00:00	18003.10	18006.50	17978.70	17984.50	2676	0	140
2024.03.20	05:00:00	17984.60	17999.50	17980.80	17998.70	1953	0	140
2024.03.20	06:00:00	17998.50	18001.20	17992.40	17998.20	1783	0	140
2024.03.20	07:00:00	17998.40	18004.90	17988.60	17989.00	1365	0	140
2024.03.20	08:00:00	17989.10	18004.30	17986.30	17999.80	2189	0	140
2024.03.20	09:00:00	18000.00	18012.70	17993.40	18007.50	2321	0	140
2024.03.20	10:00:00	18008.20	18031.10	18005.90	18013.20	3681	0	150
2024.03.20	11:00:00	18012.70	18030.50	17986.30	17996.50	5743	0	160
2024.03.20	12:00:00	17996.30	18024.40	17988.20	18024.10	4720	0	150
2024.03.20	13:00:00	18024.20	18045.30	18009.80	18039.60	4555	0	150
2024.03.20	14:00:00	18039.10	18083.10	18036.40	18075.00	4939	0	170
2024.03.20	15:00:00	18075.20	18079.10	18034.80	18050.40	5495	0	170
2024.03.20	16:00:00	18050.80	18086.30	17999.10	18011.10	11352	0	60
2024.03.20	17:00:00	18011.40	18061.80	18003.60	18019.80	14456	0	60
2024.03.20	18:00:00	18019.90	18053.20	18013.20	18036.40	11951	0	60
2024.03.20	19:00:00	18036.40	18047.90	18011.20	18047.90	11241	0	60
2024.03.20	20:00:00	18048.10	18049.10	18000.10	18026.40	10202	0	60
2024.03.20	21:00:00	18026.20	18206.90	18025.90	18171.20	18983	0	60
2024.03.20	22:00:00	18171.30	18251.30	18167.90	18239.30	16538	0	70
2024.03.20	23:00:00	18238.60	18296.60	18222.10	18290.80	6102	0	90
2024.03.21	01:00:00	18284.90	18316.90	18284.50	18313.40	3109	0	140
2024.03.21	02:00:00	18312.90	18343.10	18311.00	18333.10	3519	0	140
2024.03.21	03:00:00	18333.00	18333.20	18318.50	18319.20	3735	0	140
2024.03.21	04:00:00	18318.50	18331.90	18316.90	18328.50	3839	0	140
2024.03.21	05:00:00	18328.30	18352.40	18326.80	18346.60	3168	0	140
2024.03.21	06:00:00	18346.60	18354.50	18342.80	18350.40	2260	0	140
2024.03.21	07:00:00	18350.30	18364.10	18347.30	18359.30	2027	0	140
2024.03.21	08:00:00	18359.70	18372.90	18355.90	18368.90	2815	0	140
2024.03.21	09:00:00	18368.80	18390.80	18364.80	18390.70	3244	0	140
2024.03.21	10:00:00	18390.80	18425.60	18386.70	18418.70	4524	0	150
2024.03.21	11:00:00	18419.40	18419.40	18367.00	18377.60	7686	0	200
2024.03.21	12:00:00	18377.80	18382.30	18348.20	18366.00	6217	0	180
2024.03.21	13:00:00	18366.10	18369.70	18353.40	18364.70	4573	0	160
2024.03.21	14:00:00	18364.70	18406.40	18364.50	18398.60	5916	0	160
2024.03.21	15:00:00	18400.00	18433.10	18397.10	18417.10	6989	0	180
2024.03.21	16:00:00	18417.30	18467.30	18382.10	18404.20	12526	0	80
2024.03.21	17:00:00	18403.90	18444.90	18379.20	18403.10	15697	0	70
2024.03.21	18:00:00	18402.70	18459.90	18377.70	18441.70	14433	0	60
2024.03.21	19:00:00	18441.40	18466.70	18434.50	18448.40	12398	0	60
2024.03.21	20:00:00	18448.40	18448.70	18371.10	18378.10	12294	0	60
2024.03.21	21:00:00	18377.20	18381.70	18311.60	18332.00	13455	0	60
2024.03.21	22:00:00	18332.00	18359.10	18312.40	18315.40	12971	0	60
2024.03.21	23:00:00	18317.50	18344.30	18314.90	18335.50	3928	0	140
2024.03.22	01:00:00	18344.20	18351.30	18330.10	18349.20	1982	0	140
2024.03.22	02:00:00	18349.20	18352.70	18341.10	18349.90	2070	0	140
2024.03.22	03:00:00	18349.90	18355.70	18338.60	18348.70	3429	0	140
2024.03.22	04:00:00	18348.70	18356.10	18319.70	18321.10	5225	0	140
2024.03.22	05:00:00	18320.70	18329.30	18292.70	18297.40	5377	0	140
2024.03.22	06:00:00	18297.30	18314.10	18295.30	18314.10	4113	0	140
2024.03.22	07:00:00	18313.80	18340.80	18313.80	18336.80	3031	0	140
2024.03.22	08:00:00	18336.60	18345.90	18332.90	18338.40	3529	0	140
2024.03.22	09:00:00	18338.40	18348.60	18323.50	18329.00	3577	0	140
2024.03.22	10:00:00	18328.70	18336.50	18301.80	18327.70	5245	0	160
2024.03.22	11:00:00	18327.30	18361.80	18321.90	18357.20	6969	0	190
2024.03.22	12:00:00	18357.40	18369.70	18339.00	18354.80	5755	0	170
2024.03.22	13:00:00	18354.80	18357.90	18333.40	18338.30	4616	0	160
2024.03.22	14:00:00	18338.70	18347.10	18269.40	18274.50	6461	0	160
2024.03.22	15:00:00	18274.80	18297.80	18257.20	18293.60	8221	0	220
2024.03.22	16:00:00	18294.30	18311.00	18265.70	18295.60	13036	0	70
2024.03.22	17:00:00	18295.60	18328.90	18267.60	18278.30	15475	0	60
2024.03.22	18:00:00	18277.10	18327.40	18275.60	18324.30	13637	0	60
2024.03.22	19:00:00	18324.30	18346.40	18295.60	18345.60	12806	0	60
2024.03.22	20:00:00	18345.30	18389.50	18342.90	18385.60	11638	0	60
2024.03.22	21:00:00	18385.60	18387.50	18344.50	18358.00	11852	0	60
2024.03.22	22:00:00	18358.30	18368.70	18310.00	18333.70	13129	0	60
2024.03.22	23:00:00	18334.70	18338.80	18317.60	18326.60	3654	0	140
2024.03.25	01:00:00	18337.40	18350.70	18316.60	18324.90	2477	0	140
2024.03.25	02:00:00	18324.90	18352.00	18319.80	18350.00	2545	0	140
2024.03.25	03:00:00	18350.20	18361.40	18345.60	18347.70	2939	0	140
2024.03.25	04:00:00	18347.80	18364.50	18341.50	18354.70	4671	0	140
2024.03.25	05:00:00	18354.90	18355.00	18329.50	18341.20	3962	0	140
2024.03.25	06:00:00	18341.40	18341.70	18331.10	18340.30	2769	0	140
2024.03.25	07:00:00	18340.30	18340.30	18329.80	18331.20	1530	0	140
2024.03.25	08:00:00	18331.40	18335.60	18315.90	18318.30	2898	0	140
2024.03.25	09:00:00	18318.20	18318.80	18295.70	18310.50	3504	0	140
2024.03.25	10:00:00	18310.70	18314.00	18299.20	18305.60	3485	0	140
2024.03.25	11:00:00	18305.40	18328.40	18301.80	18314.70	5422	0	170
2024.03.25	12:00:00	18314.60	18319.80	18283.30	18287.90	4727	0	150
2024.03.25	13:00:00	18288.10	18292.90	18259.30	18264.40	5166	0	160
2024.03.25	14:00:00	18265.20	18266.40	18220.40	18233.50	5803	0	160
2024.03.25	15:00:00	18233.50	18251.10	18223.40	18239.40	5641	0	170
2024.03.25	16:00:00	18239.40	18251.30	18179.40	18243.80	11655	0	70
2024.03.25	17:00:00	18243.30	18313.50	18232.20	18291.80	15325	0	70
2024.03.25	18:00:00	18292.10	18321.20	18284.90	18307.00	13398	0	60
2024.03.25	19:00:00	18306.60	18308.10	18280.00	18297.70	11940	0	60
2024.03.25	20:00:00	18297.80	18325.70	18284.50	18320.70	10618	0	60
2024.03.25	21:00:00	18320.80	18340.20	18316.90	18335.90	10071	0	60
2024.03.25	22:00:00	18335.90	18338.30	18275.70	18279.20	12487	0	60
2024.03.25	23:00:00	18278.00	18293.90	18276.60	18289.60	2774	0	80
2024.03.26	01:00:00	18307.80	18312.90	18299.90	18301.30	1270	0	140
2024.03.26	02:00:00	18301.80	18312.70	18296.00	18309.80	1660	0	140
2024.03.26	03:00:00	18309.80	18318.50	18305.70	18316.20	2767	0	140
2024.03.26	04:00:00	18316.20	18324.90	18309.50	18311.80	3344	0	140
2024.03.26	05:00:00	18312.00	18316.40	18303.90	18304.30	2338	0	140
2024.03.26	06:00:00	18304.70	18308.20	18285.90	18292.70	2622	0	140
2024.03.26	07:00:00	18293.20	18308.70	18292.40	18303.80	1691	0	140
2024.03.26	08:00:00	18303.50	18319.40	18301.90	18316.70	2511	0	140
2024.03.26	09:00:00	18316.90	18347.40	18309.20	18344.00	3077	0	140
2024.03.26	10:00:00	18344.60	18377.00	18333.00	18339.00	5231	0	150
2024.03.26	11:00:00	18338.70	18369.80	18334.50	18361.20	5265	0	150
2024.03.26	12:00:00	18361.20	18382.50	18357.40	18372.20	4949	0	160
2024.03.26	13:00:00	18372.50	18381.90	18366.00	18376.80	4406	0	150
2024.03.26	14:00:00	18374.50	18387.10	18362.00	18382.50	4560	0	140
2024.03.26	15:00:00	18383.70	18385.30	18326.10	18337.40	6781	0	170
2024.03.26	16:00:00	18337.90	18363.90	18320.00	18361.10	12206	0	60
2024.03.26	17:00:00	18362.30	18379.10	18305.10	18332.90	15762	0	60
2024.03.26	18:00:00	18332.60	18353.20	18321.00	18351.50	13824	0	60
2024.03.26	19:00:00	18351.40	18359.30	18308.20	18315.00	12759	0	60
2024.03.26	20:00:00	18315.00	18328.50	18302.60	18310.10	11583	0	60
2024.03.26	21:00:00	18310.00	18334.00	18308.10	18326.00	10710	0	60
2024.03.26	22:00:00	18325.80	18326.60	18211.10	18222.50	13844	0	60
2024.03.26	23:00:00	18221.70	18253.90	18218.90	18247.10	3836	0	100
2024.03.27	01:00:00	18247.20	18249.40	18239.50	18247.30	1461	0	140
2024.03.27	02:00:00	18247.00	18264.00	18244.30	18260.80	1549	0	140
2024.03.27	03:00:00	18260.50	18272.10	18255.50	18268.00	2128	0	140
2024.03.27	04:00:00	18267.90	18274.00	18261.90	18273.00	3030	0	140
2024.03.27	05:00:00	18273.30	18278.20	18267.70	18273.00	2146	0	140
2024.03.27	06:00:00	18273.00	18281.80	18272.70	18277.20	1670	0	140
2024.03.27	07:00:00	18277.00	18297.00	18275.70	18296.70	1553	0	140
2024.03.27	08:00:00	18296.50	18303.60	18288.00	18288.20	2512	0	140
2024.03.27	09:00:00	18288.50	18292.40	18279.10	18280.80	2420	0	140
2024.03.27	10:00:00	18280.50	18283.90	18252.00	18259.90	3868	0	150
2024.03.27	11:00:00	18260.10	18301.90	18260.10	18290.60	5028	0	150
2024.03.27	12:00:00	18290.90	18306.30	18281.90	18297.30	4411	0	150
2024.03.27	13:00:00	18296.80	18322.90	18291.70	18317.50	4001	0	150
2024.03.27	14:00:00	18317.00	18318.50	18301.10	18303.20	3709	0	150
2024.03.27	15:00:00	18302.50	18330.60	18292.70	18329.10	4266	0	150
2024.03.27	16:00:00	18329.30	18353.40	18223.60	18228.10	11675	0	60
2024.03.27	17:00:00	18228.10	18234.90	18156.40	18198.30	16054	0	70
2024.03.27	18:00:00	18198.20	18208.60	18169.10	18175.00	14304	0	60
2024.03.27	19:00:00	18174.80	18231.90	18170.70	18219.30	12979	0	60
2024.03.27	20:00:00	18220.00	18224.30	18185.90	18208.90	11903	0	60
2024.03.27	21:00:00	18208.60	18239.50	18191.90	18198.50	12253	0	60
2024.03.27	22:00:00	18198.00	18283.40	18175.90	18282.50	14472	0	60
2024.03.27	23:00:00	18282.00	18301.80	18276.30	18288.80	4820	0	100
2024.03.28	01:00:00	18272.00	18273.80	18253.10	18258.00	2764	0	140
2024.03.28	02:00:00	18258.00	18268.70	18251.60	18256.30	2169	0	140
2024.03.28	03:00:00	18256.30	18279.40	18255.40	18277.00	3585	0	140
2024.03.28	04:00:00	18277.30	18280.70	18260.40	18261.00	4572	0	140
2024.03.28	05:00:00	18261.30	18269.50	18259.70	18266.00	3375	0	140
2024.03.28	06:00:00	18265.40	18276.30	18264.80	18272.20	2485	0	140
2024.03.28	07:00:00	18272.30	18283.20	18270.50	18279.00	1531	0	140
2024.03.28	08:00:00	18279.00	18287.00	18273.00	18281.80	3174	0	140
2024.03.28	09:00:00	18282.30	18282.40	18265.70	18273.70	2504	0	140
2024.03.28	10:00:00	18273.80	18287.00	18261.10	18283.10	3563	0	140
2024.03.28	11:00:00	18283.20	18292.30	18256.30	18259.60	5534	0	150
2024.03.28	12:00:00	18259.50	18270.50	18237.10	18256.70	4660	0	150
2024.03.28	13:00:00	18256.70	18284.60	18256.20	18266.50	4475	0	150
2024.03.28	14:00:00	18266.40	18280.40	18252.60	18269.20	4555	0	150
2024.03.28	15:00:00	18267.80	18304.60	18251.90	18276.40	7953	0	160
2024.03.28	16:00:00	18276.90	18311.30	18235.70	18288.70	12498	0	70
2024.03.28	17:00:00	18289.30	18313.10	18251.40	18279.70	15311	0	60
2024.03.28	18:00:00	18279.20	18291.50	18259.70	18287.50	13441	0	60
2024.03.28	19:00:00	18287.60	18288.70	18243.70	18253.20	13004	0	60
2024.03.28	20:00:00	18253.30	18255.70	18226.80	18240.30	11440	0	60
2024.03.28	21:00:00	18241.50	18285.40	18221.60	18278.30	11592	0	60
2024.03.28	22:00:00	18278.90	18289.90	18238.00	18242.20	13792	0	60
2024.03.28	23:00:00	18242.30	18254.70	18226.60	18237.20	4664	0	90
2024.04.01	01:00:00	18340.40	18366.10	18339.10	18352.80	3916	0	140
2024.04.01	02:00:00	18352.50	18392.10	18352.30	18389.40	3595	0	140
2024.04.01	03:00:00	18389.10	18391.20	18370.30	18375.10	3627	0	140
2024.04.01	04:00:00	18375.00	18377.30	18364.90	18366.40	3040	0	140
2024.04.01	05:00:00	18366.40	18367.20	18347.40	18354.00	3177	0	140
2024.04.01	06:00:00	18353.80	18365.90	18344.00	18365.40	2565	0	140
2024.04.01	07:00:00	18365.20	18371.10	18361.40	18370.30	1786	0	140
2024.04.01	08:00:00	18370.20	18373.20	18351.90	18353.30	1948	0	140
2024.04.01	09:00:00	18353.30	18365.40	18350.80	18352.20	2023	0	140
2024.04.01	10:00:00	18352.30	18385.80	18352.20	18380.90	2533	0	140
2024.04.01	11:00:00	18379.80	18381.20	18340.30	18361.00	3224	0	140
2024.04.01	12:00:00	18361.20	18363.20	18344.00	18355.00	1983	0	140
2024.04.01	13:00:00	18355.00	18366.70	18352.10	18363.60	1881	0	140
2024.04.01	14:00:00	18362.50	18362.50	18311.40	18325.40	3847	0	140
2024.04.01	15:00:00	18325.50	18325.50	18277.70	18298.20	5949	0	150
2024.04.01	16:00:00	18298.40	18389.90	18261.80	18367.90	12053	0	60
2024.04.01	17:00:00	18368.10	18386.60	18253.00	18267.80	15454	0	70
2024.04.01	18:00:00	18269.00	18274.70	18208.60	18212.20	14041	0	70
2024.04.01	19:00:00	18213.20	18278.10	18202.00	18256.00	11913	0	60
2024.04.01	20:00:00	18256.20	18259.90	18213.00	18251.60	10916	0	60
2024.04.01	21:00:00	18251.80	18269.00	18237.50	18255.70	10015	0	60
2024.04.01	22:00:00	18255.50	18300.40	18243.80	18281.20	12042	0	60
2024.04.01	23:00:00	18279.90	18292.00	18275.50	18286.10	3995	0	90
2024.04.02	01:00:00	18278.00	18282.70	18261.80	18264.90	2024	0	140
2024.04.02	02:00:00	18265.10	18270.90	18246.20	18257.60	2263	0	140
2024.04.02	03:00:00	18257.40	18260.50	18245.40	18253.10	3942	0	140
2024.04.02	04:00:00	18252.50	18264.00	18245.00	18257.20	5099	0	140
2024.04.02	05:00:00	18257.20	18277.10	18253.30	18274.00	3332	0	140
2024.04.02	06:00:00	18274.10	18280.40	18268.00	18269.60	2649	0	140
2024.04.02	07:00:00	18269.70	18272.30	18259.20	18266.20	2095	0	140
2024.04.02	08:00:00	18266.10	18266.90	18246.50	18259.50	3395	0	140
2024.04.02	09:00:00	18259.60	18290.00	18258.10	18272.90	4202	0	150
2024.04.02	10:00:00	18271.90	18293.20	18240.60	18257.60	7904	0	200
2024.04.02	11:00:00	18257.40	18303.60	18257.40	18269.90	7132	0	180
2024.04.02	12:00:00	18269.70	18284.40	18252.20	18252.20	5258	0	170
2024.04.02	13:00:00	18252.60	18254.60	18213.90	18230.60	6041	0	180
2024.04.02	14:00:00	18230.90	18236.40	18192.70	18196.10	6625	0	200
2024.04.02	15:00:00	18196.20	18207.30	18121.70	18131.20	8845	0	200
2024.04.02	16:00:00	18130.90	18132.70	18018.20	18043.30	15118	0	70
2024.04.02	17:00:00	18042.70	18070.20	17997.00	18013.00	15735	0	60
2024.04.02	18:00:00	18013.10	18081.60	18009.00	18029.90	13798	0	60
2024.04.02	19:00:00	18030.10	18085.50	18028.50	18084.90	11412	0	60
2024.04.02	20:00:00	18086.00	18095.50	18064.70	18072.40	11096	0	60
2024.04.02	21:00:00	18072.40	18091.80	18063.80	18073.10	10599	0	60
2024.04.02	22:00:00	18072.60	18139.80	18071.70	18124.20	12826	0	60
2024.04.02	23:00:00	18123.40	18140.20	18120.50	18137.40	2823	0	90
2024.04.03	01:00:00	18128.10	18129.20	18116.20	18119.20	2047	0	140
2024.04.03	02:00:00	18119.10	18124.30	18115.80	18119.80	1576	0	140
2024.04.03	03:00:00	18119.80	18119.80	18091.70	18101.80	4203	0	140
2024.04.03	04:00:00	18101.90	18102.00	18082.90	18084.60	5018	0	150
2024.04.03	05:00:00	18085.10	18098.30	18084.30	18086.00	3066	0	140
2024.04.03	06:00:00	18086.00	18104.70	18085.80	18102.00	2108	0	140
2024.04.03	07:00:00	18102.20	18103.20	18085.90	18091.20	2176	0	140
2024.04.03	08:00:00	18091.30	18093.70	18064.40	18067.60	3170	0	140
2024.04.03	09:00:00	18067.50	18080.90	18055.20	18073.60	4271	0	140
2024.04.03	10:00:00	18073.60	18091.80	18055.70	18065.80	8156	0	190
2024.04.03	11:00:00	18065.50	18098.90	18063.90	18082.20	6198	0	190
2024.04.03	12:00:00	18082.30	18091.00	18059.50	18060.10	5045	0	160
2024.04.03	13:00:00	18060.30	18073.20	18047.00	18062.90	4917	0	160
2024.04.03	14:00:00	18063.00	18104.20	18063.00	18098.20	6480	0	190
2024.04.03	15:00:00	18098.50	18113.70	18043.50	18061.90	9218	0	220
2024.04.03	16:00:00	18062.00	18078.80	18026.40	18064.80	12583	0	70
2024.04.03	17:00:00	18065.30	18227.70	18065.30	18222.90	15156	0	60
2024.04.03	18:00:00	18223.20	18245.70	18191.70	18197.30	12978	0	60
2024.04.03	19:00:00	18198.10	18231.70	18163.50	18204.80	13651	0	60
2024.04.03	20:00:00	18206.50	18224.40	18200.50	18209.90	10765	0	60
2024.04.03	21:00:00	18209.20	18224.90	18183.30	18189.60	10586	0	60
2024.04.03	22:00:00	18189.30	18189.80	18095.60	18163.40	14007	0	60
2024.04.03	23:00:00	18163.00	18190.90	18160.80	18184.10	3779	0	90
2024.04.04	01:00:00	18172.80	18183.80	18172.80	18183.10	1196	0	140
2024.04.04	02:00:00	18183.10	18278.40	18182.40	18240.30	3774	0	140
2024.04.04	03:00:00	18240.20	18242.50	18224.70	18234.70	3519	0	140
2024.04.04	04:00:00	18234.80	18242.20	18228.80	18238.20	2166	0	140
2024.04.04	05:00:00	18238.10	18248.70	18237.10	18243.80	1658	0	140
2024.04.04	06:00:00	18244.30	18252.30	18243.40	18251.30	1589	0	140
2024.04.04	07:00:00	18251.20	18259.40	18249.00	18250.50	1487	0	140
2024.04.04	08:00:00	18250.50	18252.00	18230.30	18231.10	2102	0	140
2024.04.04	09:00:00	18230.90	18230.90	18217.60	18221.50	3049	0	140
2024.04.04	10:00:00	18221.60	18245.00	18209.70	18239.60	6550	0	150
2024.04.04	11:00:00	18239.40	18260.20	18234.70	18243.80	5494	0	180
2024.04.04	12:00:00	18244.10	18258.20	18239.50	18253.50	4001	0	150
2024.04.04	13:00:00	18253.80	18262.30	18239.10	18261.30	4001	0	150
2024.04.04	14:00:00	18261.90	18262.30	18244.60	18253.20	4472	0	160
2024.04.04	15:00:00	18254.10	18339.50	18242.00	18334.70	7896	0	170
2024.04.04	16:00:00	18334.70	18367.30	18306.40	18317.40	12710	0	70
2024.04.04	17:00:00	18317.50	18330.30	18282.60	18297.10	13969	0	60
2024.04.04	18:00:00	18297.50	18331.50	18277.30	18331.50	12020	0	60
2024.04.04	19:00:00	18331.80	18363.30	18328.60	18353.80	10974	0	60
2024.04.04	20:00:00	18353.80	18355.40	18284.70	18295.30	10891	0	60
2024.04.04	21:00:00	18295.00	18295.10	18005.30	18023.80	17092	0	70
2024.04.04	22:00:00	18023.80	18023.80	17877.40	17884.60	17140	0	80
2024.04.04	23:00:00	17883.50	17906.50	17862.80	17886.00	6923	0	90
2024.04.05	01:00:00	17911.30	17924.80	17881.90	17901.20	5223	0	200
2024.04.05	02:00:00	17901.30	17913.20	17890.30	17898.40	4189	0	150
2024.04.05	03:00:00	17898.30	17916.30	17864.70	17907.00	5690	0	150
2024.04.05	04:00:00	17907.30	17908.80	17873.20	17881.40	5302	0	150
2024.04.05	05:00:00	17881.90	17900.30	17876.40	17898.00	3903	0	140
2024.04.05	06:00:00	17898.30	17922.30	17891.40	17920.90	3407	0	140
2024.04.05	07:00:00	17920.30	17930.10	17910.70	17922.70	2493	0	140
2024.04.05	08:00:00	17922.60	17935.80	17907.70	17918.80	4090	0	150
2024.04.05	09:00:00	17918.70	17939.40	17912.90	17933.90	5574	0	200
2024.04.05	10:00:00	17933.30	17950.00	17919.90	17945.60	8312	0	210
2024.04.05	11:00:00	17945.70	17957.90	17931.00	17948.70	6181	0	190
2024.04.05	12:00:00	17948.90	17956.60	17937.20	17948.70	5367	0	170
2024.04.05	13:00:00	17948.80	17953.60	17932.50	17950.80	4466	0	160
2024.04.05	14:00:00	17950.50	17976.90	17943.30	17955.20	5342	0	160
2024.04.05	15:00:00	17955.30	18000.70	17863.50	17954.90	11633	0	180
2024.04.05	16:00:00	17955.90	18039.40	17914.10	18017.20	16316	0	80
2024.04.05	17:00:00	18018.10	18118.90	17986.70	18118.20	16153	0	70
2024.04.05	18:00:00	18117.50	18169.20	18042.40	18159.80	15616	0	70
2024.04.05	19:00:00	18160.30	18208.60	18138.50	18203.30	13492	0	60
2024.04.05	20:00:00	18203.40	18210.00	18080.20	18089.70	13320	0	60
2024.04.05	21:00:00	18090.40	18141.70	18050.70	18081.00	15443	0	80
2024.04.05	22:00:00	18081.00	18133.20	18072.20	18097.20	13304	0	70
2024.04.05	23:00:00	18096.10	18106.50	18084.40	18105.60	3263	0	80
2024.04.08	01:00:00	18131.40	18136.30	18107.90	18113.70	2871	0	140
2024.04.08	02:00:00	18113.30	18128.30	18112.00	18121.70	2558	0	140
2024.04.08	03:00:00	18121.60	18123.50	18085.90	18118.30	4460	0	150
2024.04.08	04:00:00	18118.40	18137.80	18111.90	18126.70	4878	0	160
2024.04.08	05:00:00	18127.10	18131.80	18120.40	18130.50	3015	0	140
2024.04.08	06:00:00	18130.50	18131.00	18074.90	18089.70	3642	0	140
2024.04.08	07:00:00	18089.90	18100.00	18087.90	18093.90	1967	0	140
2024.04.08	08:00:00	18093.90	18110.80	18089.70	18102.80	3429	0	140
2024.04.08	09:00:00	18104.30	18117.10	18083.60	18089.20	4473	0	170
2024.04.08	10:00:00	18090.10	18149.50	18080.80	18128.80	8649	0	210
2024.04.08	11:00:00	18128.70	18138.50	18053.20	18080.90	8805	0	220
2024.04.08	12:00:00	18081.40	18113.40	18070.90	18112.00	6813	0	220
2024.04.08	13:00:00	18111.50	18119.70	18084.70	18118.50	5707	0	190
2024.04.08	14:00:00	18118.70	18130.20	18087.30	18107.70	6461	0	210
2024.04.08	15:00:00	18107.00	18169.80	18090.70	18160.80	7667	0	210
2024.04.08	16:00:00	18161.10	18170.00	18041.60	18107.50	12907	0	80
2024.04.08	17:00:00	18107.20	18183.00	18083.40	18172.10	15338	0	60
2024.04.08	18:00:00	18173.20	18180.30	18085.70	18108.50	13943	0	60
2024.04.08	19:00:00	18108.50	18121.50	18058.50	18120.60	12905	0	60
2024.04.08	20:00:00	18120.70	18123.20	18086.20	18114.00	10810	0	60
2024.04.08	21:00:00	18115.00	18130.20	18092.50	18124.20	10582	0	60
2024.04.08	22:00:00	18125.90	18138.50	18093.30	18102.50	11799	0	60
2024.04.08	23:00:00	18104.00	18121.60	18101.90	18115.60	2489	0	90
2024.04.09	01:00:00	18124.50	18127.30	18118.10	18120.10	1018	0	140
2024.04.09	02:00:00	18120.00	18121.40	18106.90	18107.20	1230	0	140
2024.04.09	03:00:00	18106.70	18111.60	18098.40	18101.70	2987	0	140
2024.04.09	04:00:00	18101.50	18112.20	18092.70	18093.70	3887	0	140
2024.04.09	05:00:00	18093.50	18104.30	18092.00	18101.80	2966	0	140
2024.04.09	06:00:00	18101.80	18110.00	18100.50	18109.70	1949	0	140
2024.04.09	07:00:00	18109.70	18123.70	18108.30	18120.70	1583	0	140
2024.04.09	08:00:00	18121.10	18131.00	18117.30	18119.20	2559	0	140
2024.04.09	09:00:00	18119.10	18131.30	18116.20	18125.40	3075	0	140
2024.04.09	10:00:00	18124.70	18141.00	18072.90	18082.60	6691	0	170
2024.04.09	11:00:00	18082.60	18118.20	18076.50	18111.40	6413	0	170
2024.04.09	12:00:00	18111.30	18141.10	18101.20	18124.90	6042	0	160
2024.04.09	13:00:00	18124.90	18132.00	18060.40	18090.20	6711	0	170
2024.04.09	14:00:00	18090.10	18150.60	18090.10	18147.40	6975	0	200
2024.04.09	15:00:00	18147.50	18178.80	18143.20	18169.80	7521	0	190
2024.04.09	16:00:00	18169.60	18212.20	18144.20	18152.40	13010	0	60
2024.04.09	17:00:00	18151.90	18179.60	17970.80	18026.70	17007	0	80
2024.04.09	18:00:00	18026.30	18081.50	18014.00	18071.40	15144	0	70
2024.04.09	19:00:00	18071.70	18113.70	18066.30	18073.60	12927	0	60
2024.04.09	20:00:00	18073.40	18106.50	18063.60	18065.20	12091	0	70
2024.04.09	21:00:00	18065.50	18094.40	18048.00	18060.60	11736	0	60
2024.04.09	22:00:00	18060.40	18173.00	18024.10	18169.60	13919	0	60
2024.04.09	23:00:00	18170.30	18212.10	18167.50	18187.90	4717	0	80
2024.04.10	01:00:00	18184.80	18189.70	18179.20	18183.50	1385	0	140
2024.04.10	02:00:00	18183.50	18185.10	18175.50	18176.50	1222	0	140
2024.04.10	03:00:00	18176.70	18190.50	18175.00	18187.20	2279	0	140
2024.04.10	04:00:00	18187.40	18192.70	18175.90	18188.20	3669	0	140
2024.04.10	05:00:00	18187.70	18190.00	18179.90	18189.10	2701	0	140
2024.04.10	06:00:00	18188.90	18191.10	18184.00	18186.70	1863	0	140
2024.04.10	07:00:00	18186.90	18194.10	18186.50	18189.70	1078	0	140
2024.04.10	08:00:00	18189.90	18199.00	18178.40	18178.40	2697	0	140
2024.04.10	09:00:00	18178.60	18191.40	18178.60	18180.30	3642	0	140
2024.04.10	10:00:00	18180.80	18209.80	18179.90	18198.40	6355	0	150
2024.04.10	11:00:00	18198.60	18216.60	18188.40	18211.30	4948	0	160
2024.04.10	12:00:00	18211.70	18218.80	18162.90	18164.10	5234	0	160
2024.04.10	13:00:00	18164.10	18184.30	18149.00	18177.80	5559	0	170
2024.04.10	14:00:00	18176.80	18191.45	18174.80	18189.65	5173	0	160
2024.04.10	15:00:00	18189.55	18273.15	17862.05	17912.25	13197	0	200
2024.04.10	16:00:00	17913.25	18026.45	17867.75	17998.35	17555	0	100
2024.04.10	17:00:00	17997.95	18050.45	17955.25	17976.45	17132	0	100
2024.04.10	18:00:00	17977.35	18000.75	17944.05	17962.25	14050	0	80
2024.04.10	19:00:00	17961.55	18018.95	17944.25	18009.15	11808	0	70
2024.04.10	20:00:00	18009.25	18040.85	17930.25	17980.05	16114	0	80
2024.04.10	21:00:00	17980.25	18011.65	17941.25	17944.15	15755	0	80
2024.04.10	22:00:00	17944.25	18041.45	17934.65	18011.15	14646	0	80
2024.04.10	23:00:00	18009.65	18011.65	17967.55	17996.15	4729	0	90
2024.04.11	01:00:00	17985.55	17997.15	17978.95	17991.25	2034	0	150
2024.04.11	02:00:00	17991.35	17991.75	17961.35	17977.25	2976	0	150
2024.04.11	03:00:00	17977.75	17994.25	17970.05	17983.65	4257	0	160
2024.04.11	04:00:00	17982.65	18007.15	17978.15	18001.15	4443	0	160
2024.04.11	05:00:00	18001.15	18017.45	18000.05	18012.75	3035	0	150
2024.04.11	06:00:00	18012.65	18027.65	18008.35	18021.85	2461	0	150
2024.04.11	07:00:00	18021.95	18030.15	18018.25	18027.25	1778	0	150
2024.04.11	08:00:00	18027.35	18036.15	18024.65	18028.75	2857	0	150
2024.04.11	09:00:00	18028.65	18041.15	18015.65	18016.65	4369	0	150
2024.04.11	10:00:00	18016.95	18040.75	18012.55	18025.05	8275	0	210
2024.04.11	11:00:00	18025.65	18034.35	17983.55	17983.75	7531	0	230
2024.04.11	12:00:00	17983.55	17999.05	17970.75	17986.05	7652	0	220
2024.04.11	13:00:00	17985.25	17996.05	17967.55	17990.75	7151	0	220
2024.04.11	14:00:00	17990.05	17997.25	17937.55	17951.15	8595	0	230
2024.04.11	15:00:00	17950.95	18088.75	17915.65	18071.65	14061	0	230
2024.04.11	16:00:00	18071.75	18111.65	18045.05	18081.15	15693	0	90
2024.04.11	17:00:00	18082.75	18088.25	17994.15	18061.15	16200	0	70
2024.04.11	18:00:00	18061.75	18147.05	18061.15	18141.35	14261	0	80
2024.04.11	19:00:00	18141.85	18150.85	18111.85	18132.05	12562	0	70
2024.04.11	20:00:00	18132.35	18266.75	18116.75	18259.75	14084	0	70
2024.04.11	21:00:00	18260.15	18335.65	18256.95	18302.85	13221	0	70
2024.04.11	22:00:00	18302.85	18341.35	18302.85	18307.05	12744	0	70
2024.04.11	23:00:00	18306.15	18317.35	18301.35	18308.55	3929	0	100
2024.04.12	01:00:00	18303.55	18322.85	18303.35	18314.45	1612	0	150
2024.04.12	02:00:00	18314.95	18318.55	18293.05	18310.15	1887	0	150
2024.04.12	03:00:00	18309.75	18318.15	18294.65	18312.25	3294	0	150
2024.04.12	04:00:00	18312.35	18318.95	18302.85	18317.65	4116	0	150
2024.04.12	05:00:00	18317.65	18319.15	18311.15	18316.25	2768	0	150
2024.04.12	06:00:00	18315.95	18322.85	18311.65	18311.85	1817	0	150
2024.04.12	07:00:00	18311.25	18316.45	18307.45	18309.45	1241	0	150
2024.04.12	08:00:00	18309.45	18318.45	18307.15	18311.75	2226	0	150
2024.04.12	09:00:00	18312.15	18329.85	18303.45	18320.55	4907	0	150
2024.04.12	10:00:00	18320.85	18323.45	18289.25	18291.85	7408	0	170
2024.04.12	11:00:00	18292.05	18304.65	18265.85	18266.25	7109	0	200
2024.04.12	12:00:00	18266.85	18268.85	18233.35	18248.15	6967	0	210
2024.04.12	13:00:00	18247.75	18249.15	18183.25	18206.25	7562	0	200
2024.04.12	14:00:00	18206.95	18252.05	18199.05	18235.55	8581	0	230
2024.04.12	15:00:00	18235.75	18251.55	18135.35	18141.05	10842	0	230
2024.04.12	16:00:00	18140.85	18165.95	18098.55	18159.45	15266	0	90
2024.04.12	17:00:00	18160.05	18160.55	18021.15	18025.35	16560	0	80
2024.04.12	18:00:00	18025.85	18118.65	18021.35	18085.05	15454	0	80
2024.04.12	19:00:00	18085.15	18096.65	17976.85	17987.95	15442	0	80
2024.04.12	20:00:00	17987.65	18021.55	17953.85	17990.15	14316	0	70
2024.04.12	21:00:00	17990.05	18016.05	17961.65	17962.35	14009	0	80
2024.04.12	22:00:00	17962.85	18026.25	17949.55	18009.95	14735	0	80
2024.04.12	23:00:00	18008.75	18022.35	18007.55	18008.75	3794	0	90
2024.04.15	01:00:00	18016.45	18072.45	18000.65	18051.65	6865	0	220
2024.04.15	02:00:00	18052.05	18084.55	18050.65	18067.45	4844	0	160
2024.04.15	03:00:00	18067.45	18075.65	18022.65	18053.55	7152	0	210
2024.04.15	04:00:00	18053.45	18057.75	18024.55	18051.95	6600	0	200
2024.04.15	05:00:00	18052.05	18063.15	18050.55	18051.15	4150	0	150
2024.04.15	06:00:00	18051.25	18073.15	18042.15	18060.95	3498	0	150
2024.04.15	07:00:00	18061.05	18081.25	18058.25	18078.75	2820	0	150
2024.04.15	08:00:00	18078.75	18092.45	18073.45	18087.45	4434	0	160
2024.04.15	09:00:00	18087.65	18104.05	18073.65	18090.45	5404	0	170
2024.04.15	10:00:00	18090.85	18116.35	18072.15	18109.95	9832	0	230
2024.04.15	11:00:00	18107.85	18117.15	18095.35	18106.55	7876	0	220
2024.04.15	12:00:00	18106.45	18124.85	18089.15	18100.65	6992	0	200
2024.04.15	13:00:00	18100.15	18117.75	18095.75	18106.15	5528	0	180
2024.04.15	14:00:00	18106.45	18127.45	18094.55	18122.45	6873	0	200
2024.04.15	15:00:00	18120.55	18174.05	18097.65	18157.65	10008	0	200
2024.04.15	16:00:00	18157.55	18176.75	18088.65	18132.25	13522	0	80
2024.04.15	17:00:00	18132.05	18152.65	18001.15	18001.85	16865	0	80
2024.04.15	18:00:00	18002.85	18051.75	17988.85	18039.95	15363	0	80
2024.04.15	19:00:00	18040.45	18055.25	17914.65	17937.65	13371	0	70
2024.04.15	20:00:00	17938.15	17959.65	17709.35	17754.85	15774	0	80
2024.04.15	21:00:00	17755.55	17769.85	17700.15	17719.15	15916	0	80
2024.04.15	22:00:00	17718.85	17739.15	17676.35	17708.45	15046	0	80
2024.04.15	23:00:00	17707.95	17709.45	17675.55	17685.75	4029	0	100
2024.04.16	01:00:00	17711.65	17724.25	17710.35	17716.25	2590	0	160
2024.04.16	02:00:00	17716.95	17716.95	17681.05	17705.25	3842	0	160
2024.04.16	03:00:00	17706.75	17727.55	17701.35	17715.15	5495	0	160
2024.04.16	04:00:00	17715.55	17718.45	17690.75	17706.35	5437	0	160
2024.04.16	05:00:00	17707.65	17710.45	17630.25	17669.65	6705	0	170
2024.04.16	06:00:00	17669.85	17681.15	17653.65	17680.35	4388	0	180
2024.04.16	07:00:00	17680.55	17680.95	17656.55	17677.85	3062	0	160
2024.04.16	08:00:00	17678.05	17707.85	17675.35	17697.55	5005	0	180
2024.04.16	09:00:00	17696.85	17700.75	17663.55	17679.75	6324	0	230
2024.04.16	10:00:00	17679.35	17709.05	17674.15	17707.75	11578	0	230
2024.04.16	11:00:00	17707.85	17717.25	17689.05	17701.35	8092	0	230
2024.04.16	12:00:00	17701.25	17710.35	17657.05	17678.55	7813	0	230
2024.04.16	13:00:00	17678.15	17694.15	17627.75	17692.25	8741	0	230
2024.04.16	14:00:00	17693.85	17751.75	17685.85	17741.65	8988	0	230
2024.04.16	15:00:00	17740.35	17751.55	17699.15	17727.05	10403	0	230
2024.04.16	16:00:00	17727.55	17744.95	17657.05	17732.05	15364	0	90
2024.04.16	17:00:00	17731.55	17764.65	17669.55	17698.05	16307	0	90
2024.04.16	18:00:00	17696.05	17771.05	17686.95	17725.35	14349	0	80
2024.04.16	19:00:00	17725.95	17764.85	17697.25	17747.85	13547	0	80
2024.04.16	20:00:00	17748.35	17764.05	17656.05	17723.75	16099	0	80
2024.04.16	21:00:00	17723.55	17821.65	17680.55	17783.85	17105	0	90
2024.04.16	22:00:00	17783.35	17787.75	17709.65	17712.65	14472	0	80
2024.04.16	23:00:00	17711.95	17725.85	17707.55	17724.85	3656	0	100
2024.04.17	01:00:00	17748.75	17751.45	17734.45	17745.35	2056	0	150
2024.04.17	02:00:00	17745.45	17777.45	17736.35	17773.45	2856	0	150
2024.04.17	03:00:00	17773.25	17773.45	17728.05	17748.05	5321	0	190
2024.04.17	04:00:00	17747.85	17768.95	17741.55	17762.15	6082	0	180
2024.04.17	05:00:00	17762.35	17772.55	17753.15	17768.05	3996	0	150
2024.04.17	06:00:00	17768.55	17775.15	17763.95	17766.95	2700	0	150
2024.04.17	07:00:00	17768.85	17773.25	17761.45	17772.45	1858	0	150
2024.04.17	08:00:00	17772.35	17772.35	17679.75	17694.75	5619	0	150
2024.04.17	09:00:00	17693.95	17699.55	17615.45	17661.75	8605	0	230
2024.04.17	10:00:00	17661.55	17722.35	17658.05	17714.85	10959	0	230
2024.04.17	11:00:00	17715.35	17758.95	17699.85	17749.75	8594	0	220
2024.04.17	12:00:00	17749.35	17766.85	17720.35	17766.75	7170	0	210
2024.04.17	13:00:00	17766.85	17779.85	17752.55	17758.75	6811	0	210
2024.04.17	14:00:00	17758.95	17774.95	17741.85	17746.85	6994	0	220
2024.04.17	15:00:00	17746.45	17777.05	17731.05	17767.35	9355	0	230
2024.04.17	16:00:00	17765.75	17805.85	17713.15	17730.05	14168	0	90
2024.04.17	17:00:00	17731.25	17732.15	17602.75	17640.85	16230	0	90
2024.04.17	18:00:00	17640.25	17688.15	17564.95	17585.85	15218	0	80
2024.04.17	19:00:00	17586.05	17588.25	17457.45	17482.25	15089	0	80
2024.04.17	20:00:00	17483.25	17586.95	17477.45	17581.75	14613	0	80
2024.04.17	21:00:00	17581.95	17635.45	17526.45	17544.25	14501	0	90
2024.04.17	22:00:00	17543.85	17553.45	17488.95	17494.35	15446	0	90
2024.04.17	23:00:00	17494.15	17509.25	17478.75	17502.35	4180	0	100
2024.04.18	01:00:00	17520.55	17527.45	17516.75	17521.95	2240	0	150
2024.04.18	02:00:00	17521.55	17530.55	17515.45	17528.55	2332	0	150
2024.04.18	03:00:00	17528.75	17544.55	17521.45	17541.15	4280	0	150
2024.04.18	04:00:00	17541.05	17549.55	17536.95	17549.05	5010	0	160
2024.04.18	05:00:00	17549.15	17570.25	17546.45	17565.95	4128	0	150
2024.04.18	06:00:00	17566.05	17579.65	17566.05	17576.05	2409	0	150
2024.04.18	07:00:00	17575.95	17582.75	17570.05	17572.25	2146	0	150
2024.04.18	08:00:00	17572.75	17601.45	17558.55	17589.85	4838	0	150
2024.04.18	09:00:00	17590.05	17616.75	17586.55	17609.65	4924	0	180
2024.04.18	10:00:00	17609.55	17610.65	17576.35	17592.85	8688	0	230
2024.04.18	11:00:00	17592.55	17602.85	17555.55	17568.95	7381	0	220
2024.04.18	12:00:00	17568.35	17577.55	17521.45	17556.15	6958	0	210
2024.04.18	13:00:00	17556.55	17567.65	17530.85	17554.45	6072	0	210
2024.04.18	14:00:00	17553.75	17570.35	17540.95	17556.15	6827	0	220
2024.04.18	15:00:00	17556.15	17559.35	17510.15	17527.65	10201	0	230
2024.04.18	16:00:00	17527.65	17542.25	17399.45	17456.95	14104	0	80
2024.04.18	17:00:00	17457.45	17579.95	17430.15	17561.75	16146	0	90
2024.04.18	18:00:00	17561.45	17595.45	17534.15	17543.05	14660	0	80
2024.04.18	19:00:00	17542.85	17562.25	17453.05	17460.25	13773	0	70
2024.04.18	20:00:00	17459.75	17474.65	17387.35	17411.95	14460	0	80
2024.04.18	21:00:00	17411.95	17445.95	17372.45	17384.95	14026	0	90
2024.04.18	22:00:00	17384.95	17441.35	17378.25	17394.75	13834	0	80
2024.04.18	23:00:00	17402.75	17433.65	17355.25	17366.15	6903	0	100
2024.04.19	01:00:00	17390.55	17392.85	17370.75	17373.85	2421	0	150
2024.04.19	02:00:00	17373.25	17373.55	17324.85	17339.45	3923	0	160
2024.04.19	03:00:00	17339.45	17346.45	17271.75	17288.75	8889	0	220
2024.04.19	04:00:00	17287.85	17296.25	17085.75	17126.35	15430	0	230
2024.04.19	05:00:00	17127.15	17137.75	17032.95	17131.35	14010	0	230
2024.04.19	06:00:00	17132.65	17203.75	17108.45	17188.85	10529	0	230
2024.04.19	07:00:00	17188.95	17242.45	17187.65	17218.65	6297	0	230
2024.04.19	08:00:00	17218.85	17237.45	17198.65	17222.75	6137	0	230
2024.04.19	09:00:00	17222.85	17286.65	17201.95	17277.35	9160	0	230
2024.04.19	10:00:00	17277.45	17310.25	17264.65	17283.85	10218	0	230
2024.04.19	11:00:00	17284.25	17298.65	17240.35	17263.15	8578	0	230
2024.04.19	12:00:00	17263.25	17314.15	17261.35	17285.75	6797	0	230
2024.04.19	13:00:00	17285.95	17315.95	17259.75	17295.95	6674	0	230
2024.04.19	14:00:00	17295.35	17357.65	17282.35	17354.65	9342	0	230
2024.04.19	15:00:00	17354.45	17403.25	17332.45	17368.45	10337	0	230
2024.04.19	16:00:00	17368.15	17373.45	17281.05	17306.55	15425	0	100
2024.04.19	17:00:00	17306.55	17323.85	17195.25	17242.45	17484	0	100
2024.04.19	18:00:00	17241.75	17241.75	17143.05	17144.75	15648	0	100
2024.04.19	19:00:00	17143.45	17172.45	17058.75	17138.25	15273	0	90
2024.04.19	20:00:00	17137.05	17194.75	17111.45	17143.95	14766	0	90
2024.04.19	21:00:00	17142.45	17145.95	16987.95	17014.75	16318	0	90
2024.04.19	22:00:00	17014.95	17061.15	16969.65	17037.95	16444	0	90
2024.04.19	23:00:00	17037.45	17042.15	17013.25	17030.85	4826	0	100
2024.04.22	01:00:00	17085.15	17118.45	17069.75	17112.85	4664	0	190
2024.04.22	02:00:00	17113.15	17128.75	17100.25	17126.15	3648	0	160
2024.04.22	03:00:00	17125.45	17126.25	17057.05	17074.55	6805	0	200
2024.04.22	04:00:00	17074.05	17110.15	17069.65	17103.95	8757	0	230
2024.04.22	05:00:00	17104.65	17114.25	17092.35	17097.65	5088	0	170
2024.04.22	06:00:00	17097.65	17108.85	17092.15	17096.35	3721	0	160
2024.04.22	07:00:00	17095.95	17124.75	17093.45	17122.15	3000	0	150
2024.04.22	08:00:00	17122.05	17138.75	17110.95	17138.65	4178	0	160
2024.04.22	09:00:00	17138.65	17161.95	17132.35	17156.75	5651	0	210
2024.04.22	10:00:00	17156.35	17157.95	17104.95	17114.85	8273	0	230
2024.04.22	11:00:00	17112.45	17130.75	17090.65	17118.75	7666	0	230
2024.04.22	12:00:00	17118.25	17155.75	17115.25	17149.25	6325	0	230
2024.04.22	13:00:00	17149.25	17170.45	17128.95	17135.95	5838	0	220
2024.04.22	14:00:00	17137.85	17155.65	17113.75	17135.25	7188	0	230
2024.04.22	15:00:00	17135.15	17159.85	17104.35	17152.35	8304	0	230
2024.04.22	16:00:00	17152.45	17187.35	17121.85	17140.15	12907	0	90
2024.04.22	17:00:00	17140.15	17170.85	17022.55	17043.15	16329	0	90
2024.04.22	18:00:00	17042.65	17110.75	17006.05	17108.45	14173	0	70
2024.04.22	19:00:00	17108.25	17152.65	17092.65	17132.25	12230	0	80
2024.04.22	20:00:00	17131.65	17272.25	17125.45	17254.45	12609	0	70
2024.04.22	21:00:00	17255.75	17305.65	17239.25	17268.55	12900	0	70
2024.04.22	22:00:00	17268.15	17275.75	17184.05	17209.75	13239	0	80
2024.04.22	23:00:00	17210.15	17213.75	17182.05	17193.85	4057	0	100
2024.04.23	01:00:00	17220.75	17221.35	17190.85	17197.35	2481	0	150
2024.04.23	02:00:00	17196.85	17200.95	17146.05	17181.75	3881	0	160
2024.04.23	03:00:00	17182.05	17197.05	17175.25	17191.25	4808	0	180
2024.04.23	04:00:00	17191.05	17192.45	17151.15	17164.85	7047	0	180
2024.04.23	05:00:00	17164.85	17189.05	17161.05	17183.65	4993	0	150
2024.04.23	06:00:00	17184.15	17195.65	17174.55	17191.25	3988	0	160
2024.04.23	07:00:00	17191.35	17201.55	17184.25	17190.55	2615	0	150
2024.04.23	08:00:00	17190.15	17201.35	17177.05	17195.85	4440	0	150
2024.04.23	09:00:00	17195.85	17214.55	17181.05	17212.15	4346	0	180
2024.04.23	10:00:00	17211.95	17230.25	17203.95	17224.65	8552	0	230
2024.04.23	11:00:00	17227.95	17261.65	17225.65	17243.75	7788	0	230
2024.04.23	12:00:00	17243.25	17264.55	17227.65	17235.95	6957	0	230
2024.04.23	13:00:00	17235.65	17276.75	17231.95	17271.55	5900	0	210
2024.04.23	14:00:00	17271.05	17289.95	17245.95	17251.65	6743	0	210
2024.04.23	15:00:00	17251.65	17287.15	17221.15	17282.45	8198	0	230
2024.04.23	16:00:00	17282.65	17388.85	17272.95	17363.85	12860	0	90
2024.04.23	17:00:00	17361.65	17459.85	17337.65	17453.65	16383	0	90
2024.04.23	18:00:00	17454.15	17468.15	17402.75	17421.95	14308	0	80
2024.04.23	19:00:00	17422.25	17473.45	17422.25	17452.85	12950	0	80
2024.04.23	20:00:00	17452.85	17499.55	17431.55	17495.45	12488	0	70
2024.04.23	21:00:00	17495.45	17514.25	17479.45	17504.45	11244	0	70
2024.04.23	22:00:00	17504.15	17507.25	17452.45	17467.55	12534	0	70
2024.04.23	23:00:00	17461.15	17516.85	17452.75	17515.25	6123	0	110
2024.04.24	01:00:00	17539.75	17543.55	17525.95	17539.25	2986	0	150
2024.04.24	02:00:00	17539.25	17576.65	17532.05	17560.15	4199	0	160
2024.04.24	03:00:00	17560.35	17580.05	17547.15	17574.15	4703	0	160
2024.04.24	04:00:00	17574.15	17590.35	17567.75	17585.95	4821	0	160
2024.04.24	05:00:00	17585.95	17596.75	17581.45	17587.75	3635	0	150
2024.04.24	06:00:00	17587.85	17604.25	17586.85	17592.65	3421	0	150
2024.04.24	07:00:00	17592.55	17593.15	17584.75	17587.65	1947	0	150
2024.04.24	08:00:00	17588.05	17606.35	17585.95	17600.25	2910	0	150
2024.04.24	09:00:00	17600.25	17603.45	17578.85	17590.15	4345	0	190
2024.04.24	10:00:00	17590.35	17598.55	17569.65	17586.75	7351	0	210
2024.04.24	11:00:00	17586.65	17587.05	17551.45	17556.65	6815	0	210
2024.04.24	12:00:00	17556.55	17569.45	17527.85	17541.65	6325	0	210
2024.04.24	13:00:00	17541.65	17571.85	17536.15	17555.65	6030	0	210
2024.04.24	14:00:00	17555.65	17591.15	17553.05	17585.15	6820	0	220
2024.04.24	15:00:00	17585.45	17614.45	17557.55	17565.85	8651	0	220
2024.04.24	16:00:00	17566.05	17656.45	17549.05	17596.75	13792	0	90
2024.04.24	17:00:00	17597.55	17639.05	17542.05	17557.35	16120	0	90
2024.04.24	18:00:00	17557.55	17564.35	17467.35	17471.45	15058	0	80
2024.04.24	19:00:00	17471.35	17494.25	17429.55	17484.85	14014	0	80
2024.04.24	20:00:00	17484.65	17566.65	17470.45	17560.55	12733	0	70
2024.04.24	21:00:00	17561.05	17564.65	17474.15	17477.15	13960	0	80
2024.04.24	22:00:00	17476.95	17550.05	17469.75	17521.65	13230	0	70
2024.04.24	23:00:00	17521.85	17537.55	17344.55	17369.55	9191	0	100
2024.04.25	01:00:00	17328.15	17351.25	17323.15	17331.55	3979	0	210
2024.04.25	02:00:00	17331.75	17347.25	17315.75	17331.95	3205	0	160
2024.04.25	03:00:00	17332.05	17362.85	17326.75	17357.05	4443	0	160
2024.04.25	04:00:00	17357.15	17360.05	17328.55	17330.05	4500	0	170
2024.04.25	05:00:00	17330.15	17342.35	17325.15	17333.65	3968	0	150
2024.04.25	06:00:00	17333.75	17335.25	17325.55	17329.05	2198	0	150
2024.04.25	07:00:00	17328.45	17330.55	17317.05	17322.55	1658	0	150
2024.04.25	08:00:00	17322.55	17323.75	17283.55	17290.75	4070	0	150
2024.04.25	09:00:00	17290.55	17327.75	17276.55	17322.65	5118	0	200
2024.04.25	10:00:00	17322.15	17332.55	17302.05	17321.15	8435	0	230
2024.04.25	11:00:00	17321.05	17377.55	17320.25	17364.65	7387	0	230
2024.04.25	12:00:00	17364.05	17393.15	17359.75	17384.85	5592	0	210
2024.04.25	13:00:00	17384.65	17389.65	17343.15	17351.85	6832	0	210
2024.04.25	14:00:00	17351.25	17371.25	17330.05	17369.35	7225	0	230
2024.04.25	15:00:00	17369.55	17382.55	17236.85	17248.15	12526	0	230
2024.04.25	16:00:00	17252.55	17260.15	17177.75	17225.55	16395	0	90
2024.04.25	17:00:00	17225.75	17320.05	17198.75	17226.05	17209	0	90
2024.04.25	18:00:00	17226.15	17291.75	17223.45	17287.25	15557	0	90
2024.04.25	19:00:00	17285.75	17379.55	17270.75	17367.85	14921	0	80
2024.04.25	20:00:00	17368.85	17453.35	17337.25	17440.95	14400	0	80
2024.04.25	21:00:00	17441.85	17456.55	17365.35	17397.85	14006	0	80
2024.04.25	22:00:00	17398.65	17476.15	17395.95	17441.25	14333	0	80
2024.04.25	23:00:00	17439.25	17697.65	17420.45	17695.95	9258	0	100
2024.04.26	01:00:00	17652.35	17658.55	17628.85	17650.15	3501	0	160
2024.04.26	02:00:00	17649.15	17649.95	17620.35	17632.25	3594	0	160
2024.04.26	03:00:00	17632.35	17634.45	17615.95	17628.75	4932	0	160
2024.04.26	04:00:00	17628.85	17654.85	17621.65	17645.95	5763	0	160
2024.04.26	05:00:00	17645.75	17649.05	17624.95	17636.55	3685	0	150
2024.04.26	06:00:00	17636.55	17659.65	17635.05	17643.45	4038	0	150
2024.04.26	07:00:00	17643.55	17648.55	17633.25	17639.15	2624	0	150
2024.04.26	08:00:00	17639.15	17648.35	17629.05	17644.35	4076	0	160
2024.04.26	09:00:00	17644.35	17666.55	17634.75	17646.15	4447	0	160
2024.04.26	10:00:00	17646.45	17646.65	17608.45	17631.85	7511	0	180
2024.04.26	11:00:00	17632.05	17638.15	17600.95	17608.15	6783	0	220
2024.04.26	12:00:00	17608.45	17611.35	17585.85	17602.35	5834	0	210
2024.04.26	13:00:00	17602.35	17621.05	17589.35	17600.95	5136	0	190
2024.04.26	14:00:00	17600.55	17637.05	17600.55	17616.95	6765	0	230
2024.04.26	15:00:00	17617.15	17690.85	17567.85	17600.95	12659	0	230
2024.04.26	16:00:00	17600.95	17676.25	17542.15	17659.75	16125	0	90
2024.04.26	17:00:00	17668.25	17733.75	17643.25	17727.85	16339	0	90
2024.04.26	18:00:00	17729.05	17759.85	17688.65	17720.15	15076	0	90
2024.04.26	19:00:00	17720.45	17754.05	17698.75	17754.05	12865	0	80
2024.04.26	20:00:00	17754.25	17771.85	17732.95	17748.05	12240	0	70
2024.04.26	21:00:00	17747.95	17751.35	17707.55	17738.25	12547	0	70
2024.04.26	22:00:00	17738.05	17760.15	17707.25	17711.15	12746	0	70
2024.04.26	23:00:00	17710.65	17717.75	17700.85	17710.15	3470	0	100
2024.04.29	01:00:00	17728.85	17738.35	17725.85	17731.45	2297	0	150
2024.04.29	02:00:00	17731.75	17761.75	17726.05	17759.05	2998	0	150
2024.04.29	03:00:00	17758.95	17766.55	17746.75	17756.65	3138	0	150
2024.04.29	04:00:00	17756.65	17784.55	17750.55	17778.75	5595	0	150
2024.04.29	05:00:00	17778.55	17781.55	17766.35	17774.55	5172	0	160
2024.04.29	06:00:00	17774.85	17779.95	17771.05	17773.15	2667	0	150
2024.04.29	07:00:00	17773.25	17788.75	17769.65	17782.65	4934	0	150
2024.04.29	08:00:00	17782.65	17793.85	17775.35	17793.65	4209	0	150
2024.04.29	09:00:00	17793.65	17794.55	17761.25	17764.25	4261	0	160
2024.04.29	10:00:00	17763.75	17780.65	17754.55	17777.15	6825	0	180
2024.04.29	11:00:00	17777.85	17785.45	17760.45	17766.95	5669	0	190
2024.04.29	12:00:00	17766.25	17774.45	17738.55	17740.25	5469	0	190
2024.04.29	13:00:00	17740.25	17779.65	17738.45	17770.65	5033	0	160
2024.04.29	14:00:00	17771.15	17792.45	17755.25	17785.45	5385	0	190
2024.04.29	15:00:00	17784.85	17800.65	17776.35	17793.75	6474	0	200
2024.04.29	16:00:00	17794.25	17821.15	17702.95	17739.95	12685	0	70
2024.04.29	17:00:00	17739.45	17790.25	17736.65	17760.75	16135	0	80
2024.04.29	18:00:00	17760.55	17765.75	17719.85	17762.85	15157	0	70
2024.04.29	19:00:00	17762.85	17788.05	17757.05	17771.25	13428	0	70
2024.04.29	20:00:00	17771.05	17805.75	17748.85	17791.35	12852	0	70
2024.04.29	21:00:00	17790.75	17790.75	17718.95	17762.45	13478	0	70
2024.04.29	22:00:00	17758.55	17783.35	17665.95	17780.45	14323	0	70
2024.04.29	23:00:00	17780.35	17805.05	17779.35	17788.35	4042	0	100
2024.04.30	01:00:00	17786.05	17790.95	17781.65	17785.65	1321	0	150
2024.04.30	02:00:00	17785.65	17789.45	17781.15	17785.85	1122	0	150
2024.04.30	03:00:00	17785.85	17789.85	17774.25	17781.75	2927	0	150
2024.04.30	04:00:00	17781.85	17793.55	17781.35	17787.65	2849	0	150
2024.04.30	05:00:00	17787.55	17796.85	17786.45	17787.15	1915	0	150
2024.04.30	06:00:00	17787.35	17790.35	17784.15	17787.95	1537	0	150
2024.04.30	07:00:00	17787.95	17788.55	17779.35	17781.65	1151	0	150
2024.04.30	08:00:00	17781.95	17782.55	17748.55	17767.25	3144	0	150
2024.04.30	09:00:00	17767.25	17787.15	17764.25	17776.25	3713	0	160
2024.04.30	10:00:00	17776.65	17784.05	17756.55	17774.95	6105	0	160
2024.04.30	11:00:00	17775.15	17780.85	17747.15	17747.15	5255	0	190
2024.04.30	12:00:00	17747.75	17763.85	17738.15	17749.85	5330	0	190
2024.04.30	13:00:00	17749.95	17772.05	17745.85	17768.05	4645	0	170
2024.04.30	14:00:00	17767.85	17770.65	17746.65	17751.55	5266	0	170
2024.04.30	15:00:00	17750.65	17763.35	17668.15	17702.55	9481	0	200
2024.04.30	16:00:00	17702.55	17763.65	17689.55	17747.45	13955	0	80
2024.04.30	17:00:00	17747.35	17771.85	17695.85	17715.95	15864	0	80
2024.04.30	18:00:00	17715.55	17718.05	17610.35	17641.95	15181	0	70
2024.04.30	19:00:00	17643.15	17653.35	17561.85	17583.85	13537	0	70
2024.04.30	20:00:00	17583.05	17615.85	17554.95	17607.85	12214	0	80
2024.04.30	21:00:00	17608.45	17624.05	17547.75	17561.25	12294	0	70
2024.04.30	22:00:00	17560.85	17587.55	17444.55	17444.65	13366	0	70
2024.04.30	23:00:00	17444.85	17507.75	17356.25	17396.85	8702	0	100
2024.05.01	01:00:00	17378.45	17383.45	17353.65	17375.55	3869	0	190
2024.05.01	02:00:00	17375.05	17391.55	17361.15	17387.95	3393	0	160
2024.05.01	03:00:00	17388.05	17396.75	17380.55	17393.95	3883	0	160
2024.05.01	04:00:00	17393.85	17398.75	17379.45	17391.55	2927	0	150
2024.05.01	05:00:00	17391.55	17401.25	17381.55	17396.15	2051	0	150
2024.05.01	06:00:00	17396.15	17408.05	17396.05	17406.65	1965	0	150
2024.05.01	07:00:00	17406.55	17409.15	17400.95	17407.95	1430	0	150
2024.05.01	08:00:00	17407.45	17408.35	17385.95	17388.15	1946	0	150
2024.05.01	09:00:00	17388.35	17396.75	17346.45	17365.65	4009	0	160
2024.05.01	10:00:00	17365.95	17378.45	17335.45	17347.55	4460	0	210
2024.05.01	11:00:00	17347.15	17369.05	17339.65	17354.45	4777	0	200
2024.05.01	12:00:00	17353.95	17355.05	17297.15	17315.95	5767	0	230
2024.05.01	13:00:00	17315.75	17340.65	17292.25	17340.05	5104	0	220
2024.05.01	14:00:00	17339.55	17352.65	17318.15	17326.25	5155	0	190
2024.05.01	15:00:00	17325.75	17395.25	17320.55	17378.25	9122	0	230
2024.05.01	16:00:00	17378.15	17400.55	17338.25	17359.15	13016	0	80
2024.05.01	17:00:00	17360.45	17388.65	17308.95	17371.05	16266	0	90
2024.05.01	18:00:00	17370.25	17375.45	17295.45	17304.85	14650	0	80
2024.05.01	19:00:00	17304.05	17349.75	17282.15	17316.05	13375	0	70
2024.05.01	20:00:00	17316.05	17357.55	17296.35	17351.05	12149	0	70
2024.05.01	21:00:00	17353.55	17632.05	17343.35	17630.85	19145	0	70
2024.05.01	22:00:00	17633.55	17673.05	17312.35	17318.65	19329	0	90
2024.05.01	23:00:00	17318.25	17371.85	17318.25	17354.35	6725	0	100
2024.05.02	01:00:00	17384.95	17399.75	17378.05	17388.85	3014	0	160
2024.05.02	02:00:00	17389.05	17420.25	17382.65	17416.85	3091	0	150
2024.05.02	03:00:00	17417.85	17430.25	17404.35	17425.45	4800	0	170
2024.05.02	04:00:00	17425.65	17434.65	17412.95	17427.75	5298	0	160
2024.05.02	05:00:00	17427.75	17447.95	17425.45	17442.55	3933	0	150
2024.05.02	06:00:00	17442.35	17446.55	17432.25	17436.75	3029	0	150
2024.05.02	07:00:00	17436.55	17440.75	17431.35	17439.85	1865	0	150
2024.05.02	08:00:00	17439.85	17446.75	17427.75	17428.45	3315	0	150
2024.05.02	09:00:00	17428.55	17441.75	17416.75	17424.05	5486	0	190
2024.05.02	10:00:00	17423.95	17474.45	17406.85	17457.25	8716	0	220
2024.05.02	11:00:00	17457.15	17486.25	17446.35	17447.95	7742	0	230
2024.05.02	12:00:00	17446.95	17476.25	17446.95	17474.45	5394	0	200
2024.05.02	13:00:00	17474.35	17492.15	17463.75	17482.35	5783	0	210
2024.05.02	14:00:00	17482.25	17500.75	17454.85	17458.75	6350	0	210
2024.05.02	15:00:00	17459.95	17506.45	17446.35	17464.15	10140	0	230
2024.05.02	16:00:00	17464.25	17488.35	17374.55	17395.35	14013	0	90
2024.05.02	17:00:00	17394.55	17432.25	17283.95	17424.25	17158	0	90
2024.05.02	18:00:00	17423.55	17466.15	17384.75	17456.65	14578	0	80
2024.05.02	19:00:00	17457.65	17461.15	17388.65	17426.35	13553	0	80
2024.05.02	20:00:00	17427.45	17510.75	17427.35	17490.15	12629	0	70
2024.05.02	21:00:00	17490.65	17564.65	17483.05	17558.15	12923	0	70
2024.05.02	22:00:00	17558.45	17579.35	17505.95	17544.55	14142	0	80
2024.05.02	23:00:00	17542.85	17648.05	17527.95	17641.45	7990	0	100
2024.05.03	01:00:00	17628.15	17701.55	17618.15	17642.95	4377	0	180
2024.05.03	02:00:00	17643.25	17656.45	17635.75	17648.35	2237	0	150
2024.05.03	03:00:00	17648.55	17665.95	17632.75	17657.95	3178	0	150
2024.05.03	04:00:00	17658.05	17681.25	17655.85	17665.65	3544	0	150
2024.05.03	05:00:00	17665.85	17667.95	17653.45	17655.35	2578	0	150
2024.05.03	06:00:00	17655.05	17663.35	17652.65	17657.35	1881	0	150
2024.05.03	07:00:00	17657.45	17660.65	17642.95	17645.75	1479	0	150
2024.05.03	08:00:00	17645.55	17655.55	17640.35	17650.75	2219	0	150
2024.05.03	09:00:00	17650.55	17651.05	17626.45	17628.25	3945	0	160
2024.05.03	10:00:00	17628.05	17640.35	17613.65	17640.35	5856	0	210
2024.05.03	11:00:00	17640.35	17662.45	17635.75	17654.55	4803	0	180
2024.05.03	12:00:00	17655.05	17657.85	17638.05	17654.55	3892	0	170
2024.05.03	13:00:00	17654.55	17672.55	17646.35	17647.85	4388	0	170
2024.05.03	14:00:00	17647.75	17666.55	17634.65	17641.65	4872	0	180
2024.05.03	15:00:00	17641.55	17856.15	17641.15	17817.75	12127	0	230
2024.05.03	16:00:00	17817.55	17908.05	17810.45	17889.85	15201	0	90
2024.05.03	17:00:00	17912.25	17936.55	17784.65	17815.05	18470	0	90
2024.05.03	18:00:00	17815.55	17893.95	17786.25	17875.75	15087	0	80
2024.05.03	19:00:00	17876.95	17896.25	17851.25	17861.15	12246	0	70
2024.05.03	20:00:00	17861.45	17893.15	17856.45	17875.75	11018	0	70
2024.05.03	21:00:00	17875.45	17916.45	17874.95	17897.95	9938	0	70
2024.05.03	22:00:00	17897.85	17913.05	17877.75	17889.95	11307	0	70
2024.05.03	23:00:00	17891.25	17916.15	17889.35	17908.75	3653	0	110
2024.05.06	01:00:00	17935.65	17935.65	17916.25	17922.35	2168	0	150
2024.05.06	02:00:00	17922.45	17925.45	17892.55	17896.15	2798	0	150
2024.05.06	03:00:00	17896.85	17905.35	17886.85	17898.05	3160	0	150
2024.05.06	04:00:00	17897.95	17903.45	17891.35	17902.95	3584	0	150
2024.05.06	05:00:00	17903.25	17905.25	17895.95	17897.15	2690	0	150
2024.05.06	06:00:00	17897.15	17899.15	17890.15	17897.15	1808	0	150
2024.05.06	07:00:00	17897.25	17897.75	17881.95	17886.35	1253	0	150
2024.05.06	08:00:00	17886.25	17890.45	17875.65	17887.05	3031	0	150
2024.05.06	09:00:00	17886.75	17914.15	17886.75	17909.85	3391	0	150
2024.05.06	10:00:00	17910.15	17920.35	17891.95	17892.05	5014	0	160
2024.05.06	11:00:00	17893.25	17927.95	17891.95	17919.75	4365	0	160
2024.05.06	12:00:00	17919.75	17936.85	17916.15	17935.25	3747	0	150
2024.05.06	13:00:00	17934.95	17951.05	17932.65	17943.35	4351	0	150
2024.05.06	14:00:00	17943.55	17943.55	17928.55	17934.05	4183	0	160
2024.05.06	15:00:00	17934.35	17963.85	17929.15	17950.45	5173	0	170
2024.05.06	16:00:00	17950.95	18003.15	17936.45	18002.85	11418	0	70
2024.05.06	17:00:00	18005.15	18010.15	17973.35	17991.35	14044	0	80
2024.05.06	18:00:00	17991.85	18015.35	17972.25	18005.35	11988	0	70
2024.05.06	19:00:00	18005.35	18012.75	17961.85	18011.65	11407	0	70
2024.05.06	20:00:00	18011.95	18025.95	17988.05	18022.55	10402	0	70
2024.05.06	21:00:00	18022.35	18047.55	18017.95	18039.65	10347	0	70
2024.05.06	22:00:00	18039.75	18092.25	18024.25	18090.75	11253	0	70
2024.05.06	23:00:00	18090.75	18093.95	18072.85	18080.15	3576	0	150
2024.05.07	01:00:00	18072.75	18087.85	18071.25	18086.95	1532	0	150
2024.05.07	02:00:00	18086.95	18091.55	18074.75	18079.15	1763	0	150
2024.05.07	03:00:00	18079.15	18082.85	18066.15	18072.75	2652	0	150
2024.05.07	04:00:00	18072.75	18078.35	18064.05	18076.65	2872	0	150
2024.05.07	05:00:00	18076.65	18081.25	18071.85	18074.15	2189	0	150
2024.05.07	06:00:00	18074.15	18083.35	18072.45	18082.85	1696	0	150
2024.05.07	07:00:00	18082.85	18085.25	18075.35	18079.25	1728	0	150
2024.05.07	08:00:00	18079.55	18082.65	18073.35	18075.05	1861	0	150
2024.05.07	09:00:00	18075.55	18083.05	18073.75	18081.05	2746	0	150
2024.05.07	10:00:00	18080.85	18090.95	18057.75	18058.65	5259	0	160
2024.05.07	11:00:00	18058.75	18089.45	18049.45	18089.25	4622	0	160
2024.05.07	12:00:00	18089.05	18092.95	18059.05	18068.25	4323	0	150
2024.05.07	13:00:00	18068.45	18076.85	18060.05	18075.35	4020	0	150
2024.05.07	14:00:00	18075.35	18078.95	18045.25	18059.15	5077	0	160
2024.05.07	15:00:00	18059.15	18089.75	18054.45	18086.25	4742	0	150
2024.05.07	16:00:00	18086.25	18130.05	18083.25	18087.85	11933	0	70
2024.05.07	17:00:00	18088.15	18144.05	18075.55	18143.15	15218	0	80
2024.05.07	18:00:00	18143.15	18154.85	18127.45	18145.75	13103	0	70
2024.05.07	19:00:00	18145.55	18156.45	18122.35	18132.75	12240	0	70
2024.05.07	20:00:00	18132.55	18157.85	18076.65	18086.45	12373	0	70
2024.05.07	21:00:00	18086.85	18106.45	18059.75	18086.75	13503	0	70
2024.05.07	22:00:00	18086.95	18112.45	18074.65	18088.05	12942	0	70
2024.05.07	23:00:00	18089.35	18107.75	18085.55	18095.65	3285	0	110
2024.05.08	01:00:00	18085.15	18099.05	18075.85	18098.35	2031	0	150
2024.05.08	02:00:00	18098.35	18102.85	18091.05	18098.95	1628	0	150
2024.05.08	03:00:00	18099.05	18106.25	18095.15	18103.45	2704	0	150
2024.05.08	04:00:00	18103.45	18109.25	18097.05	18098.95	2945	0	150
2024.05.08	05:00:00	18098.75	18103.05	18089.15	18095.75	2534	0	150
2024.05.08	06:00:00	18095.55	18097.55	18086.65	18089.05	1994	0	150
2024.05.08	07:00:00	18088.65	18090.45	18080.05	18080.55	1462	0	150
2024.05.08	08:00:00	18080.25	18090.75	18075.55	18089.05	2378	0	150
2024.05.08	09:00:00	18089.15	18096.95	18078.65	18091.35	2953	0	150
2024.05.08	10:00:00	18091.25	18107.35	18090.15	18095.45	5330	0	160
2024.05.08	11:00:00	18095.05	18110.45	18084.85	18086.65	4779	0	150
2024.05.08	12:00:00	18086.65	18096.95	18082.45	18088.15	3709	0	150
2024.05.08	13:00:00	18088.05	18094.05	18074.05	18075.85	3832	0	150
2024.05.08	14:00:00	18076.15	18078.55	18042.15	18047.75	5872	0	180
2024.05.08	15:00:00	18046.25	18046.75	17967.65	17986.95	8330	0	200
2024.05.08	16:00:00	17986.95	18070.05	17975.15	18063.85	11279	0	70
2024.05.08	17:00:00	18063.65	18137.85	18047.35	18114.15	14373	0	80
2024.05.08	18:00:00	18114.25	18130.85	18060.15	18070.95	13465	0	70
2024.05.08	19:00:00	18070.85	18087.45	18051.75	18064.75	11332	0	70
2024.05.08	20:00:00	18064.65	18076.55	18035.45	18074.95	11277	0	70
2024.05.08	21:00:00	18075.15	18090.05	18065.15	18068.85	10321	0	70
2024.05.08	22:00:00	18069.05	18097.05	18051.95	18080.35	11417	0	70
2024.05.08	23:00:00	18079.75	18079.75	18049.75	18053.05	3842	0	90
2024.05.09	01:00:00	18055.85	18072.55	18055.85	18064.95	1450	0	150
2024.05.09	02:00:00	18065.15	18066.65	18057.25	18058.65	1115	0	150
2024.05.09	03:00:00	18059.85	18067.35	18050.45	18063.25	2577	0	150
2024.05.09	04:00:00	18063.25	18078.15	18053.45	18075.95	3121	0	150
2024.05.09	05:00:00	18075.95	18076.85	18062.45	18065.95	2010	0	150
2024.05.09	06:00:00	18066.15	18069.05	18059.45	18061.05	1596	0	150
2024.05.09	07:00:00	18061.05	18062.65	18050.85	18051.15	1147	0	150
2024.05.09	08:00:00	18051.25	18056.95	18046.15	18050.95	1966	0	150
2024.05.09	09:00:00	18051.05	18051.45	18039.85	18040.05	2593	0	150
2024.05.09	10:00:00	18040.15	18063.05	18021.25	18027.05	5460	0	160
2024.05.09	11:00:00	18027.45	18044.65	18023.55	18025.85	4427	0	170
2024.05.09	12:00:00	18025.85	18031.35	18005.65	18031.35	3859	0	160
2024.05.09	13:00:00	18031.35	18056.25	18029.85	18036.95	3899	0	150
2024.05.09	14:00:00	18037.05	18065.55	18027.55	18058.15	5667	0	180
2024.05.09	15:00:00	18057.75	18101.55	18042.05	18092.05	8474	0	200
2024.05.09	16:00:00	18092.15	18111.75	18010.85	18058.15	12426	0	70
2024.05.09	17:00:00	18058.25	18125.05	18030.05	18114.65	15710	0	70
2024.05.09	18:00:00	18114.25	18140.35	18075.05	18081.85	13492	0	70
2024.05.09	19:00:00	18082.05	18123.75	18073.45	18116.95	12058	0	70
2024.05.09	20:00:00	18117.05	18135.25	18091.65	18109.95	12375	0	70
2024.05.09	21:00:00	18109.65	18141.85	18094.15	18135.15	11224	0	70
2024.05.09	22:00:00	18134.95	18137.55	18098.75	18118.35	12449	0	70
2024.05.09	23:00:00	18117.35	18141.75	18113.45	18131.05	3212	0	100
2024.05.10	01:00:00	18124.15	18139.85	18123.75	18135.55	1505	0	150
2024.05.10	02:00:00	18135.45	18145.55	18132.75	18134.85	1528	0	150
2024.05.10	03:00:00	18134.55	18136.55	18126.15	18133.95	2476	0	150
2024.05.10	04:00:00	18133.85	18137.45	18120.75	18121.25	3555	0	150
2024.05.10	05:00:00	18120.95	18125.05	18117.75	18121.35	2798	0	150
2024.05.10	06:00:00	18121.25	18124.85	18116.35	18119.75	1782	0	150
2024.05.10	07:00:00	18119.85	18131.45	18118.25	18130.45	1648	0	150
2024.05.10	08:00:00	18130.45	18138.45	18127.75	18130.55	2864	0	150
2024.05.10	09:00:00	18130.25	18157.85	18124.45	18156.45	3122	0	150
2024.05.10	10:00:00	18157.75	18180.05	18145.65	18147.25	5760	0	170
2024.05.10	11:00:00	18148.25	18193.65	18133.55	18193.55	4945	0	150
2024.05.10	12:00:00	18193.45	18207.35	18189.35	18205.15	5040	0	170
2024.05.10	13:00:00	18205.25	18206.35	18189.15	18192.95	3694	0	150
2024.05.10	14:00:00	18193.35	18204.45	18181.55	18188.25	4045	0	150
2024.05.10	15:00:00	18188.25	18204.45	18152.65	18155.15	6283	0	150
2024.05.10	16:00:00	18155.25	18251.25	18150.35	18232.45	11076	0	70
2024.05.10	17:00:00	18226.45	18230.25	18092.25	18121.55	15516	0	70
2024.05.10	18:00:00	18121.75	18145.85	18096.35	18139.65	13318	0	70
2024.05.10	19:00:00	18139.75	18156.25	18112.05	18147.95	10931	0	70
2024.05.10	20:00:00	18147.55	18156.65	18110.65	18154.85	10792	0	70
2024.05.10	21:00:00	18154.75	18165.65	18131.75	18159.35	10514	0	70
2024.05.10	22:00:00	18158.95	18173.15	18144.45	18156.85	11215	0	70
2024.05.10	23:00:00	18155.85	18156.45	18141.85	18146.15	2423	0	90
2024.05.13	01:00:00	18147.95	18155.95	18135.55	18153.75	1941	0	150
2024.05.13	02:00:00	18153.75	18161.35	18147.75	18152.25	1894	0	150
2024.05.13	03:00:00	18152.45	18165.15	18144.85	18164.85	2612	0	150
2024.05.13	04:00:00	18164.75	18169.25	18159.85	18164.95	2948	0	150
2024.05.13	05:00:00	18164.75	18166.75	18159.95	18161.05	1905	0	150
2024.05.13	06:00:00	18161.25	18184.35	18157.45	18182.95	2559	0	150
2024.05.13	07:00:00	18182.95	18192.45	18179.65	18191.15	1842	0	150
2024.05.13	08:00:00	18191.45	18202.95	18189.75	18201.95	2523	0	150
2024.05.13	09:00:00	18201.95	18205.05	18193.75	18194.25	2303	0	150
2024.05.13	10:00:00	18194.45	18201.75	18182.65	18195.05	4163	0	150
2024.05.13	11:00:00	18193.65	18199.45	18177.85	18183.05	4386	0	160
2024.05.13	12:00:00	18182.95	18206.25	18180.55	18193.45	3274	0	150
2024.05.13	13:00:00	18193.25	18208.75	18189.65	18208.75	2839	0	150
2024.05.13	14:00:00	18205.95	18224.95	18201.75	18221.95	3642	0	150
2024.05.13	15:00:00	18219.95	18232.85	18201.15	18229.45	4402	0	150
2024.05.13	16:00:00	18229.45	18239.15	18156.95	18190.25	11985	0	70
2024.05.13	17:00:00	18191.25	18215.85	18182.65	18198.35	14582	0	70
2024.05.13	18:00:00	18198.55	18212.85	18163.25	18198.15	13063	0	70
2024.05.13	19:00:00	18198.15	18213.85	18196.85	18198.95	10576	0	70
2024.05.13	20:00:00	18198.95	18201.45	18140.35	18189.15	12641	0	70
2024.05.13	21:00:00	18189.15	18193.65	18172.85	18192.35	9652	0	70
2024.05.13	22:00:00	18192.45	18204.35	18177.75	18199.25	10695	0	70
2024.05.13	23:00:00	18198.55	18203.85	18187.25	18188.85	2610	0	100
2024.05.14	01:00:00	18189.15	18192.85	18179.55	18187.45	1398	0	150
2024.05.14	02:00:00	18187.45	18192.05	18183.95	18188.45	993	0	150
2024.05.14	03:00:00	18188.75	18194.35	18178.55	18182.05	2200	0	150
2024.05.14	04:00:00	18182.25	18185.05	18174.55	18181.35	3614	0	150
2024.05.14	05:00:00	18181.35	18183.05	18175.95	18176.25	2584	0	150
2024.05.14	06:00:00	18176.55	18177.45	18167.85	18170.55	2312	0	150
2024.05.14	07:00:00	18170.75	18178.85	18168.95	18174.55	1617	0	150
2024.05.14	08:00:00	18174.45	18188.35	18174.45	18187.45	2608	0	150
2024.05.14	09:00:00	18187.05	18195.95	18184.75	18194.35	2481	0	150
2024.05.14	10:00:00	18194.35	18202.05	18187.95	18194.05	4099	0	150
2024.05.14	11:00:00	18193.95	18212.65	18191.85	18210.55	3689	0	150
2024.05.14	12:00:00	18210.35	18212.85	18193.85	18205.85	3337	0	150
2024.05.14	13:00:00	18205.55	18208.45	18194.55	18206.95	3703	0	150
2024.05.14	14:00:00	18206.75	18208.45	18184.55	18191.15	3829	0	150
2024.05.14	15:00:00	18189.75	18208.65	18073.65	18166.25	10462	0	160
2024.05.14	16:00:00	18166.45	18231.65	18155.15	18195.85	14608	0	80
2024.05.14	17:00:00	18194.75	18275.55	18180.15	18244.05	16604	0	80
2024.05.14	18:00:00	18244.05	18272.35	18210.35	18225.45	14609	0	70
2024.05.14	19:00:00	18225.65	18236.45	18205.15	18224.05	12536	0	70
2024.05.14	20:00:00	18224.25	18246.15	18205.65	18237.95	12133	0	70
2024.05.14	21:00:00	18238.05	18320.85	18235.65	18314.25	12338	0	70
2024.05.14	22:00:00	18314.05	18336.65	18301.85	18315.45	12233	0	70
2024.05.14	23:00:00	18313.45	18321.45	18306.85	18313.55	3121	0	150
2024.05.15	01:00:00	18311.55	18330.15	18311.55	18328.75	2063	0	150
2024.05.15	02:00:00	18328.75	18329.25	18318.85	18321.15	1606	0	150
2024.05.15	03:00:00	18321.15	18329.85	18303.45	18312.75	3135	0	150
2024.05.15	04:00:00	18312.85	18327.75	18312.15	18324.65	2512	0	150
2024.05.15	05:00:00	18324.85	18341.45	18322.95	18330.85	2132	0	150
2024.05.15	06:00:00	18330.75	18336.35	18327.35	18327.65	1755	0	150
2024.05.15	07:00:00	18327.35	18328.45	18314.85	18314.85	1970	0	150
2024.05.15	08:00:00	18314.85	18320.45	18310.45	18318.35	1944	0	150
2024.05.15	09:00:00	18318.35	18322.55	18309.05	18317.55	2793	0	150
2024.05.15	10:00:00	18317.05	18322.05	18296.55	18306.75	4768	0	160
2024.05.15	11:00:00	18306.75	18320.85	18302.25	18320.05	4116	0	150
2024.05.15	12:00:00	18320.05	18324.85	18311.45	18316.55	3212	0	150
2024.05.15	13:00:00	18316.85	18319.25	18306.25	18308.85	3435	0	150
2024.05.15	14:00:00	18309.15	18321.65	18307.75	18314.45	4214	0	150
2024.05.15	15:00:00	18314.55	18450.45	18297.05	18413.45	11310	0	170
2024.05.15	16:00:00	18413.25	18435.55	18352.35	18386.65	15277	0	90
2024.05.15	17:00:00	18386.95	18476.85	18386.95	18475.85	15619	0	70
2024.05.15	18:00:00	18475.95	18508.35	18474.35	18498.65	13734	0	70
2024.05.15	19:00:00	18498.85	18535.15	18483.15	18533.25	11940	0	70
2024.05.15	20:00:00	18533.25	18585.75	18532.75	18583.85	11783	0	70
2024.05.15	21:00:00	18583.75	18603.95	18573.15	18587.25	12579	0	70
2024.05.15	22:00:00	18587.05	18608.05	18578.05	18596.05	12943	0	70
2024.05.15	23:00:00	18594.05	18596.65	18568.15	18586.25	5105	0	100
2024.05.16	01:00:00	18590.45	18612.15	18590.25	18603.75	2466	0	150
2024.05.16	02:00:00	18603.65	18627.95	18603.15	18622.45	3598	0	150
2024.05.16	03:00:00	18623.85	18635.45	18618.65	18629.15	4113	0	150
2024.05.16	04:00:00	18629.15	18631.65	18619.25	18624.65	4572	0	150
2024.05.16	05:00:00	18624.65	18630.85	18615.55	18630.85	3605	0	150
2024.05.16	06:00:00	18630.85	18639.65	18629.05	18633.85	2945	0	150
2024.05.16	07:00:00	18633.95	18634.15	18625.55	18625.85	2062	0	150
2024.05.16	08:00:00	18625.95	18634.65	18620.55	18624.45	3220	0	150
2024.05.16	09:00:00	18624.35	18625.45	18607.25	18617.15	4299	0	150
2024.05.16	10:00:00	18617.15	18632.75	18612.45	18627.95	6053	0	160
2024.05.16	11:00:00	18627.85	18630.15	18612.25	18621.35	5079	0	150
2024.05.16	12:00:00	18621.35	18631.35	18618.25	18622.25	3884	0	150
2024.05.16	13:00:00	18622.35	18627.15	18616.25	18620.55	3599	0	150
2024.05.16	14:00:00	18621.05	18626.05	18613.65	18616.35	4639	0	150
2024.05.16	15:00:00	18616.05	18634.55	18587.75	18595.75	8368	0	160
2024.05.16	16:00:00	18595.55	18623.25	18573.85	18615.95	12994	0	70
2024.05.16	17:00:00	18615.85	18660.65	18584.55	18659.15	15018	0	70
2024.05.16	18:00:00	18659.35	18671.75	18634.85	18651.85	13787	0	70
2024.05.16	19:00:00	18651.95	18651.95	18619.35	18644.75	13199	0	70
2024.05.16	20:00:00	18644.85	18651.85	18583.75	18621.05	13530	0	70
2024.05.16	21:00:00	18621.45	18621.95	18571.85	18604.15	13095	0	70
2024.05.16	22:00:00	18604.95	18612.45	18551.15	18559.15	13236	0	70
2024.05.16	23:00:00	18558.75	18561.85	18540.65	18547.75	4169	0	110
2024.05.17	01:00:00	18555.75	18563.75	18551.15	18559.65	2106	0	150
2024.05.17	02:00:00	18559.75	18565.35	18553.45	18559.35	1792	0	150
2024.05.17	03:00:00	18559.65	18564.85	18553.95	18563.25	2750	0	150
2024.05.17	04:00:00	18563.05	18575.35	18562.65	18572.55	3979	0	150
2024.05.17	05:00:00	18572.85	18573.75	18554.15	18558.75	3197	0	150
2024.05.17	06:00:00	18558.55	18560.55	18553.55	18558.85	2106	0	150
2024.05.17	07:00:00	18558.85	18567.55	18554.85	18567.05	1609	0	150
2024.05.17	08:00:00	18567.05	18573.25	18563.05	18571.85	2959	0	150
2024.05.17	09:00:00	18571.95	18582.75	18565.95	18566.45	3584	0	150
2024.05.17	10:00:00	18566.45	18571.85	18552.55	18555.75	5305	0	150
2024.05.17	11:00:00	18555.75	18557.25	18525.55	18543.35	6079	0	150
2024.05.17	12:00:00	18543.55	18567.95	18543.25	18563.05	5141	0	150
2024.05.17	13:00:00	18563.05	18575.45	18555.05	18575.15	4515	0	160
2024.05.17	14:00:00	18574.95	18585.35	18563.25	18576.95	4433	0	150
2024.05.17	15:00:00	18576.85	18595.25	18572.05	18593.15	5724	0	170
2024.05.17	16:00:00	18592.65	18593.95	18529.95	18547.85	12542	0	70
2024.05.17	17:00:00	18547.55	18589.65	18534.75	18578.15	14714	0	70
2024.05.17	18:00:00	18578.05	18578.65	18534.75	18566.65	13641	0	70
2024.05.17	19:00:00	18566.85	18572.95	18520.85	18553.35	11880	0	70
2024.05.17	20:00:00	18552.95	18554.15	18522.75	18526.75	11077	0	70
2024.05.17	21:00:00	18526.95	18533.25	18457.25	18529.15	13498	0	70
2024.05.17	22:00:00	18529.15	18552.45	18520.85	18552.15	12796	0	70
2024.05.17	23:00:00	18549.85	18550.55	18532.05	18542.55	2998	0	80
2024.05.20	01:00:00	18559.55	18569.15	18559.45	18564.65	1795	0	150
2024.05.20	02:00:00	18564.65	18582.15	18564.35	18578.35	1829	0	150
2024.05.20	03:00:00	18578.35	18584.15	18569.45	18577.95	3360	0	150
2024.05.20	04:00:00	18577.95	18582.75	18572.05	18577.25	3703	0	150
2024.05.20	05:00:00	18576.95	18588.15	18571.15	18585.95	2815	0	150
2024.05.20	06:00:00	18585.95	18590.15	18580.55	18581.45	2538	0	150
2024.05.20	07:00:00	18581.45	18585.75	18579.45	18583.45	1773	0	150
2024.05.20	08:00:00	18583.45	18590.55	18581.95	18588.75	2574	0	150
2024.05.20	09:00:00	18588.65	18588.65	18574.05	18576.95	2934	0	150
2024.05.20	10:00:00	18576.75	18580.15	18566.75	18573.05	4011	0	150
2024.05.20	11:00:00	18572.95	18581.95	18566.55	18572.75	2943	0	150
2024.05.20	12:00:00	18572.65	18583.15	18565.45	18582.15	2490	0	150
2024.05.20	13:00:00	18582.15	18589.75	18576.75	18588.45	2138	0	150
2024.05.20	14:00:00	18588.65	18602.15	18580.25	18594.55	2935	0	150
2024.05.20	15:00:00	18594.55	18599.55	18556.45	18561.55	4983	0	150
2024.05.20	16:00:00	18562.05	18668.85	18548.85	18664.55	11308	0	70
2024.05.20	17:00:00	18664.65	18682.35	18647.05	18655.55	13823	0	70
2024.05.20	18:00:00	18655.65	18673.45	18641.35	18653.05	11920	0	70
2024.05.20	19:00:00	18653.25	18706.65	18652.75	18703.75	10629	0	70
2024.05.20	20:00:00	18703.25	18705.75	18645.95	18655.95	11341	0	70
2024.05.20	21:00:00	18656.15	18677.45	18617.35	18658.55	11950	0	70
2024.05.20	22:00:00	18658.95	18694.45	18652.55	18677.55	12165	0	70
2024.05.20	23:00:00	18677.45	18685.35	18649.05	18656.65	3731	0	80
2024.05.21	01:00:00	18664.95	18667.55	18656.75	18659.45	1088	0	150
2024.05.21	02:00:00	18659.55	18665.35	18656.95	18664.85	1142	0	150
2024.05.21	03:00:00	18665.15	18672.45	18661.15	18668.85	2343	0	150
2024.05.21	04:00:00	18668.85	18669.75	18654.75	18656.85	3807	0	150
2024.05.21	05:00:00	18657.05	18667.45	18656.05	18662.65	3066	0	150
2024.05.21	06:00:00	18661.85	18665.75	18661.35	18664.25	1845	0	150
2024.05.21	07:00:00	18664.15	18668.35	18663.15	18666.85	1043	0	150
2024.05.21	08:00:00	18666.85	18669.65	18658.25	18660.75	1609	0	150
2024.05.21	09:00:00	18660.75	18667.45	18656.25	18657.85	2140	0	150
2024.05.21	10:00:00	18658.15	18676.45	18654.85	18668.15	3389	0	150
2024.05.21	11:00:00	18667.65	18668.35	18649.35	18654.55	3370	0	150
2024.05.21	12:00:00	18654.85	18659.05	18642.25	18649.35	3024	0	150
2024.05.21	13:00:00	18649.65	18666.65	18649.65	18665.85	2876	0	150
2024.05.21	14:00:00	18666.55	18672.95	18661.75	18663.85	3179	0	150
2024.05.21	15:00:00	18664.15	18670.85	18630.25	18630.95	5963	0	160
2024.05.21	16:00:00	18631.25	18633.35	18592.25	18621.75	14455	0	70
2024.05.21	17:00:00	18621.75	18672.25	18616.35	18668.45	13932	0	70
2024.05.21	18:00:00	18668.75	18677.55	18646.35	18659.75	11740	0	70
2024.05.21	19:00:00	18659.75	18686.65	18653.15	18662.45	10750	0	70
2024.05.21	20:00:00	18661.55	18689.35	18648.55	18689.25	10692	0	70
2024.05.21	21:00:00	18689.85	18693.85	18669.85	18683.75	10152	0	70
2024.05.21	22:00:00	18683.25	18722.05	18678.55	18713.85	10855	0	70
2024.05.21	23:00:00	18714.05	18720.55	18706.45	18719.25	2483	0	90
2024.05.22	01:00:00	18715.65	18727.25	18715.65	18726.45	1016	0	150
2024.05.22	02:00:00	18726.35	18730.85	18724.75	18729.25	1070	0	150
2024.05.22	03:00:00	18728.95	18732.35	18722.95	18725.95	2355	0	150
2024.05.22	04:00:00	18725.85	18732.45	18721.95	18731.45	2830	0	150
2024.05.22	05:00:00	18731.75	18739.05	18724.35	18727.45	2307	0	150
2024.05.22	06:00:00	18726.95	18727.75	18722.95	18725.45	1447	0	150
2024.05.22	07:00:00	18725.55	18728.75	18723.75	18724.75	967	0	150
2024.05.22	08:00:00	18724.75	18735.75	18724.45	18735.05	1464	0	150
2024.05.22	09:00:00	18735.25	18736.05	18716.65	18722.15	3023	0	150
2024.05.22	10:00:00	18722.95	18723.55	18704.25	18715.65	5091	0	150
2024.05.22	11:00:00	18714.95	18723.15	18701.45	18708.05	3605	0	150
2024.05.22	12:00:00	18708.05	18713.65	18686.85	18694.75	3766	0	150
2024.05.22	13:00:00	18694.75	18697.65	18670.15	18690.45	3603	0	150
2024.05.22	14:00:00	18690.65	18725.85	18690.65	18708.05	4812	0	160
2024.05.22	15:00:00	18708.25	18720.15	18701.55	18718.45	4425	0	150
2024.05.22	16:00:00	18718.25	18746.05	18705.05	18741.35	10972	0	70
2024.05.22	17:00:00	18740.55	18749.45	18719.75	18738.15	14342	0	70
2024.05.22	18:00:00	18738.35	18756.05	18718.85	18737.65	11946	0	70
2024.05.22	19:00:00	18737.85	18750.55	18708.65	18721.75	10234	0	70
2024.05.22	20:00:00	18721.05	18743.85	18664.85	18690.05	12058	0	70
2024.05.22	21:00:00	18689.65	18689.65	18602.65	18648.05	14507	0	70
2024.05.22	22:00:00	18648.15	18709.15	18612.15	18709.15	13983	0	70
2024.05.22	23:00:00	18710.45	18806.45	18609.65	18729.25	10251	0	100
2024.05.23	01:00:00	18781.35	18782.85	18760.75	18772.05	2621	0	150
2024.05.23	02:00:00	18772.05	18795.05	18770.25	18793.15	2105	0	150
2024.05.23	03:00:00	18793.15	18794.75	18780.35	18786.35	3257	0	150
2024.05.23	04:00:00	18786.25	18836.05	18781.85	18828.05	4376	0	150
2024.05.23	05:00:00	18827.95	18868.25	18825.25	18868.25	3481	0	150
2024.05.23	06:00:00	18868.95	18892.15	18861.35	18888.95	4628	0	150
2024.05.23	07:00:00	18888.85	18897.15	18888.35	18890.35	2304	0	150
2024.05.23	08:00:00	18890.35	18891.65	18875.05	18877.75	2882	0	150
2024.05.23	09:00:00	18877.55	18879.65	18858.05	18870.45	3389	0	150
2024.05.23	10:00:00	18870.15	18881.45	18855.45	18859.25	6535	0	170
2024.05.23	11:00:00	18859.15	18875.25	18855.85	18862.95	5568	0	160
2024.05.23	12:00:00	18862.85	18882.05	18856.85	18873.55	4312	0	150
2024.05.23	13:00:00	18874.35	18897.95	18869.85	18895.95	3447	0	150
2024.05.23	14:00:00	18895.45	18918.35	18891.75	18915.65	4299	0	150
2024.05.23	15:00:00	18915.15	18948.55	18914.35	18932.25	6456	0	170
2024.05.23	16:00:00	18932.25	18934.05	18765.75	18778.95	12777	0	70
2024.05.23	17:00:00	18778.05	18844.05	18730.65	18735.95	15789	0	80
2024.05.23	18:00:00	18736.65	18858.75	18733.35	18843.45	14094	0	70
2024.05.23	19:00:00	18843.35	18861.05	18771.45	18771.45	13078	0	70
2024.05.23	20:00:00	18771.75	18787.05	18639.95	18644.45	15099	0	80
2024.05.23	21:00:00	18644.65	18652.85	18556.05	18563.85	15807	0	90
2024.05.23	22:00:00	18563.45	18645.75	18551.75	18625.05	14813	0	80
2024.05.23	23:00:00	18625.35	18633.05	18608.45	18611.65	4006	0	100
2024.05.24	01:00:00	18622.15	18626.55	18613.45	18624.45	1350	0	150
2024.05.24	02:00:00	18624.55	18645.75	18623.25	18630.75	2135	0	150
2024.05.24	03:00:00	18629.85	18655.45	18624.45	18649.25	3765	0	160
2024.05.24	04:00:00	18648.45	18661.65	18644.85	18656.55	4002	0	150
2024.05.24	05:00:00	18656.75	18659.55	18647.15	18652.95	3192	0	150
2024.05.24	06:00:00	18652.85	18654.75	18640.15	18641.75	2018	0	150
2024.05.24	07:00:00	18641.95	18647.55	18638.05	18643.55	1431	0	150
2024.05.24	08:00:00	18642.75	18646.25	18633.95	18639.75	2989	0	150
2024.05.24	09:00:00	18640.15	18642.15	18620.05	18623.45	4322	0	150
2024.05.24	10:00:00	18623.55	18639.05	18613.25	18636.15	6386	0	170
2024.05.24	11:00:00	18636.05	18675.65	18632.45	18666.35	5117	0	170
2024.05.24	12:00:00	18666.85	18674.65	18654.15	18662.15	4041	0	150
2024.05.24	13:00:00	18662.05	18683.65	18660.75	18676.15	3546	0	150
2024.05.24	14:00:00	18676.35	18692.25	18666.45	18689.65	4747	0	170
2024.05.24	15:00:00	18689.75	18702.55	18654.85	18683.05	7985	0	190
2024.05.24	16:00:00	18682.55	18717.95	18663.75	18680.35	12735	0	80
2024.05.24	17:00:00	18693.85	18797.35	18689.55	18792.85	15624	0	80
2024.05.24	18:00:00	18793.95	18849.75	18790.25	18827.75	14510	0	70
2024.05.24	19:00:00	18828.25	18846.25	18814.75	18815.95	12017	0	70
2024.05.24	20:00:00	18816.15	18840.45	18805.35	18834.05	10580	0	70
2024.05.24	21:00:00	18833.35	18854.95	18797.95	18798.55	10340	0	70
2024.05.24	22:00:00	18798.35	18810.75	18764.65	18801.65	12815	0	70
2024.05.24	23:00:00	18802.35	18807.35	18792.95	18799.45	3314	0	90
2024.05.27	01:00:00	18808.65	18815.65	18800.35	18803.85	1427	0	150
2024.05.27	02:00:00	18803.85	18803.85	18765.25	18765.85	2931	0	150
2024.05.27	03:00:00	18766.05	18779.55	18763.25	18777.85	3844	0	150
2024.05.27	04:00:00	18777.85	18785.15	18774.45	18783.15	3850	0	150
2024.05.27	05:00:00	18783.15	18783.85	18767.25	18780.65	3115	0	150
2024.05.27	06:00:00	18780.65	18787.15	18780.65	18781.15	2213	0	150
2024.05.27	07:00:00	18781.15	18791.95	18778.95	18791.45	1375	0	150
2024.05.27	08:00:00	18791.45	18800.55	18791.35	18797.45	2791	0	150
2024.05.27	09:00:00	18797.45	18819.65	18790.35	18816.45	3048	0	150
2024.05.27	10:00:00	18815.65	18817.45	18799.15	18804.55	3632	0	150
2024.05.27	11:00:00	18805.05	18810.05	18794.05	18805.95	3106	0	150
2024.05.27	12:00:00	18806.45	18815.45	18799.35	18800.15	2693	0	150
2024.05.27	13:00:00	18800.25	18812.15	18797.75	18804.45	2546	0	150
2024.05.27	14:00:00	18804.45	18811.55	18801.85	18808.95	1755	0	150
2024.05.27	15:00:00	18808.95	18812.75	18799.45	18799.45	2862	0	150
2024.05.27	16:00:00	18799.45	18841.15	18798.45	18814.25	4363	0	70
2024.05.27	17:00:00	18813.95	18844.15	18806.95	18840.95	4213	0	70
2024.05.27	18:00:00	18840.25	18871.55	18840.25	18869.75	4567	0	70
2024.05.27	19:00:00	18869.75	18886.45	18864.25	18880.65	3581	0	70
2024.05.28	01:00:00	18862.25	18864.45	18836.85	18848.55	3062	0	150
2024.05.28	02:00:00	18848.55	18854.65	18836.75	18840.05	2212	0	150
2024.05.28	03:00:00	18839.85	18840.35	18817.05	18829.65	4374	0	150
2024.05.28	04:00:00	18829.55	18847.65	18826.05	18843.55	4166	0	150
2024.05.28	05:00:00	18843.65	18849.25	18839.95	18847.45	2729	0	150
2024.05.28	06:00:00	18847.15	18859.75	18844.95	18858.15	1845	0	150
2024.05.28	07:00:00	18857.95	18862.55	18851.45	18851.65	1535	0	150
2024.05.28	08:00:00	18851.95	18855.05	18845.65	18853.05	2381	0	150
2024.05.28	09:00:00	18853.05	18869.05	18839.25	18865.55	3620	0	150
2024.05.28	10:00:00	18865.75	18872.85	18841.95	18849.55	5531	0	160
2024.05.28	11:00:00	18848.25	18908.85	18848.25	18907.55	6148	0	160
2024.05.28	12:00:00	18907.55	18910.25	18894.55	18899.05	4060	0	150
2024.05.28	13:00:00	18899.25	18900.95	18845.25	18849.35	5572	0	150
2024.05.28	14:00:00	18849.55	18863.55	18839.45	18855.65	5653	0	190
2024.05.28	15:00:00	18855.65	18862.45	18829.65	18846.25	6912	0	180
2024.05.28	16:00:00	18845.95	18866.25	18773.75	18795.95	12679	0	80
2024.05.28	17:00:00	18796.15	18861.75	18774.85	18856.25	15023	0	70
2024.05.28	18:00:00	18857.45	18870.95	18831.95	18855.05	12344	0	70
2024.05.28	19:00:00	18854.75	18875.45	18841.95	18853.55	12579	0	70
2024.05.28	20:00:00	18853.65	18876.25	18823.65	18834.35	12521	0	70
2024.05.28	21:00:00	18834.65	18859.35	18751.55	18799.55	14099	0	70
2024.05.28	22:00:00	18799.35	18878.25	18794.65	18876.25	13741	0	80
2024.05.28	23:00:00	18875.95	18898.85	18874.45	18878.85	4092	0	100
2024.05.29	01:00:00	18872.65	18876.95	18870.95	18875.65	1111	0	150
2024.05.29	02:00:00	18875.65	18881.95	18860.55	18863.85	1482	0	150
2024.05.29	03:00:00	18863.75	18868.05	18836.65	18842.85	4497	0	150
2024.05.29	04:00:00	18842.85	18851.85	18836.55	18843.55	4947	0	150
2024.05.29	05:00:00	18843.45	18847.65	18825.35	18826.15	3490	0	150
2024.05.29	06:00:00	18825.85	18827.35	18809.15	18820.95	3846	0	150
2024.05.29	07:00:00	18820.95	18831.75	18817.45	18831.25	2292	0	150
2024.05.29	08:00:00	18831.65	18834.55	18790.55	18793.35	3855	0	150
2024.05.29	09:00:00	18793.65	18810.15	18784.35	18803.05	4855	0	180
2024.05.29	10:00:00	18803.55	18821.75	18779.05	18784.55	8035	0	190
2024.05.29	11:00:00	18787.15	18809.15	18736.15	18756.65	9035	0	230
2024.05.29	12:00:00	18756.75	18761.35	18732.55	18750.55	6701	0	210
2024.05.29	13:00:00	18750.85	18766.25	18741.45	18743.15	5172	0	170
2024.05.29	14:00:00	18747.25	18760.95	18729.25	18751.55	6441	0	170
2024.05.29	15:00:00	18752.25	18768.85	18706.85	18713.85	8499	0	190
2024.05.29	16:00:00	18714.15	18783.75	18689.55	18766.05	12843	0	70
2024.05.29	17:00:00	18766.25	18814.55	18745.95	18803.45	15063	0	80
2024.05.29	18:00:00	18802.75	18810.05	18758.45	18786.55	13280	0	80
2024.05.29	19:00:00	18785.85	18813.65	18757.15	18807.55	11754	0	70
2024.05.29	20:00:00	18807.55	18809.85	18752.45	18794.75	11864	0	70
2024.05.29	21:00:00	18794.45	18800.35	18750.25	18761.05	12462	0	70
2024.05.29	22:00:00	18760.75	18798.55	18720.95	18746.45	12382	0	70
2024.05.29	23:00:00	18746.05	18750.55	18684.15	18686.65	5733	0	110
2024.05.30	01:00:00	18690.15	18691.45	18657.85	18663.25	2718	0	150
2024.05.30	02:00:00	18663.25	18665.35	18641.85	18660.15	3243	0	150
2024.05.30	03:00:00	18660.15	18668.25	18649.05	18651.45	4834	0	150
2024.05.30	04:00:00	18651.95	18658.65	18641.35	18650.45	5284	0	150
2024.05.30	05:00:00	18650.65	18655.25	18621.85	18629.05	4437	0	150
2024.05.30	06:00:00	18628.95	18629.95	18614.35	18623.15	3790	0	150
2024.05.30	07:00:00	18623.25	18623.65	18606.95	18617.35	3064	0	150
2024.05.30	08:00:00	18615.95	18617.85	18598.05	18613.05	4799	0	150
2024.05.30	09:00:00	18613.25	18618.35	18597.15	18599.15	4275	0	150
2024.05.30	10:00:00	18598.95	18640.95	18598.95	18637.05	7017	0	170
2024.05.30	11:00:00	18636.95	18676.55	18636.55	18673.65	5719	0	180
2024.05.30	12:00:00	18673.65	18676.65	18658.55	18669.25	4461	0	160
2024.05.30	13:00:00	18668.75	18696.05	18653.85	18694.15	5043	0	160
2024.05.30	14:00:00	18693.85	18699.35	18679.25	18683.95	5028	0	170
2024.05.30	15:00:00	18683.95	18725.35	18677.25	18704.05	8221	0	180
2024.05.30	16:00:00	18704.35	18712.35	18637.15	18678.75	12879	0	80
2024.05.30	17:00:00	18680.05	18692.25	18580.95	18593.85	15712	0	90
2024.05.30	18:00:00	18593.35	18633.25	18558.65	18603.55	13619	0	70
2024.05.30	19:00:00	18603.85	18640.65	18603.15	18631.15	11742	0	70
2024.05.30	20:00:00	18632.35	18664.25	18622.55	18638.75	11020	0	70
2024.05.30	21:00:00	18638.65	18640.65	18587.95	18606.15	11225	0	70
2024.05.30	22:00:00	18605.95	18610.45	18484.25	18538.35	14094	0	70
2024.05.30	23:00:00	18537.75	18541.95	18488.35	18521.65	6086	0	100
2024.05.31	01:00:00	18512.95	18513.55	18493.75	18505.75	2520	0	150
2024.05.31	02:00:00	18505.75	18514.55	18490.95	18494.55	2486	0	150
2024.05.31	03:00:00	18494.25	18503.75	18439.15	18465.15	6871	0	160
2024.05.31	04:00:00	18465.65	18498.35	18463.65	18495.65	6419	0	180
2024.05.31	05:00:00	18495.85	18502.35	18468.25	18468.25	5061	0	160
2024.05.31	06:00:00	18468.25	18508.75	18467.85	18503.85	4599	0	160
2024.05.31	07:00:00	18503.75	18504.95	18489.25	18495.55	2604	0	150
2024.05.31	08:00:00	18495.25	18508.75	18477.75	18478.95	4653	0	150
2024.05.31	09:00:00	18478.95	18499.25	18477.25	18491.75	4558	0	170
2024.05.31	10:00:00	18490.75	18498.25	18455.15	18465.85	6885	0	180
2024.05.31	11:00:00	18465.85	18514.05	18459.75	18485.65	6178	0	170
2024.05.31	12:00:00	18484.95	18490.55	18467.55	18481.85	6054	0	190
2024.05.31	13:00:00	18481.95	18490.95	18426.65	18462.55	6220	0	210
2024.05.31	14:00:00	18462.75	18506.75	18456.35	18502.95	6334	0	190
2024.05.31	15:00:00	18501.95	18608.65	18497.75	18588.25	11207	0	220
2024.05.31	16:00:00	18588.05	18597.05	18470.65	18490.25	14332	0	90
2024.05.31	17:00:00	18489.55	18494.25	18302.25	18330.75	16888	0	90
2024.05.31	18:00:00	18330.75	18332.05	18239.85	18246.05	14731	0	80
2024.05.31	19:00:00	18245.85	18258.45	18187.25	18238.55	13121	0	70
2024.05.31	20:00:00	18237.75	18313.15	18237.55	18287.75	12131	0	70
2024.05.31	21:00:00	18288.05	18312.65	18257.65	18299.65	11688	0	70
2024.05.31	22:00:00	18299.65	18547.15	18286.25	18544.95	14562	0	80
2024.05.31	23:00:00	18545.35	18573.25	18516.75	18522.15	7023	0	100
2024.06.03	01:00:00	18500.35	18530.35	18485.85	18514.75	3754	0	160
2024.06.03	02:00:00	18514.65	18544.45	18509.75	18538.55	3609	0	160
2024.06.03	03:00:00	18538.35	18591.05	18538.15	18579.65	6078	0	160
2024.06.03	04:00:00	18579.65	18589.55	18562.85	18575.05	4884	0	150
2024.06.03	05:00:00	18574.95	18594.95	18574.35	18591.35	3500	0	150
2024.06.03	06:00:00	18591.35	18599.85	18583.05	18588.75	3048	0	150
2024.06.03	07:00:00	18588.85	18598.45	18587.75	18594.85	2034	0	150
2024.06.03	08:00:00	18594.85	18603.95	18586.95	18594.75	3503	0	150
2024.06.03	09:00:00	18593.55	18621.75	18579.05	18610.55	5090	0	170
2024.06.03	10:00:00	18610.35	18620.05	18569.95	18583.95	8309	0	210
2024.06.03	11:00:00	18583.95	18624.35	18571.95	18613.95	7879	0	200
2024.06.03	12:00:00	18614.05	18622.95	18597.55	18613.55	6218	0	210
2024.06.03	13:00:00	18614.05	18628.25	18604.95	18609.45	5563	0	200
2024.06.03	14:00:00	18609.65	18639.85	18606.55	18636.85	6638	0	200
2024.06.03	15:00:00	18635.95	18650.85	18624.35	18632.95	6705	0	210
2024.06.03	16:00:00	18632.95	18703.95	18604.95	18630.85	12552	0	80
2024.06.03	17:00:00	18631.15	18679.75	18522.95	18541.95	16935	0	90
2024.06.03	18:00:00	18542.55	18588.75	18516.05	18555.85	14793	0	80
2024.06.03	19:00:00	18556.95	18569.95	18419.15	18435.15	15536	0	90
2024.06.03	20:00:00	18434.85	18530.35	18387.55	18509.05	13949	0	80
2024.06.03	21:00:00	18508.85	18536.35	18478.75	18513.05	13083	0	80
2024.06.03	22:00:00	18512.75	18605.75	18505.25	18605.35	13245	0	70
2024.06.03	23:00:00	18604.95	18624.85	18596.15	18612.65	4341	0	90
2024.06.04	01:00:00	18607.05	18621.45	18604.45	18611.55	1841	0	150
2024.06.04	02:00:00	18611.45	18617.95	18600.95	18602.35	2009	0	150
2024.06.04	03:00:00	18602.45	18628.95	18602.45	18622.95	4380	0	150
2024.06.04	04:00:00	18623.15	18625.95	18610.85	18620.65	4317	0	150
2024.06.04	05:00:00	18620.65	18622.05	18603.15	18607.95	3364	0	150
2024.06.04	06:00:00	18608.05	18610.45	18591.95	18606.75	2926	0	150
2024.06.04	07:00:00	18606.35	18610.65	18598.35	18598.45	2045	0	150
2024.06.04	08:00:00	18598.65	18603.35	18589.35	18598.25	3314	0	150
2024.06.04	09:00:00	18599.45	18599.45	18543.85	18551.35	5001	0	160
2024.06.04	10:00:00	18551.55	18584.45	18518.75	18569.55	8503	0	230
2024.06.04	11:00:00	18569.05	18570.55	18496.45	18507.05	9700	0	230
2024.06.04	12:00:00	18507.85	18514.85	18463.75	18494.85	9040	0	230
2024.06.04	13:00:00	18494.85	18520.45	18481.55	18507.45	7091	0	220
2024.06.04	14:00:00	18507.35	18549.85	18507.35	18548.35	6544	0	200
2024.06.04	15:00:00	18547.55	18564.25	18514.25	18560.95	7583	0	220
2024.06.04	16:00:00	18560.55	18603.55	18533.35	18550.65	12448	0	70
2024.06.04	17:00:00	18552.35	18607.55	18520.95	18553.15	15956	0	90
2024.06.04	18:00:00	18553.25	18591.95	18528.95	18537.15	14328	0	80
2024.06.04	19:00:00	18536.85	18602.95	18521.55	18579.65	12927	0	80
2024.06.04	20:00:00	18579.65	18595.15	18544.55	18579.35	12275	0	70
2024.06.04	21:00:00	18578.55	18700.95	18573.85	18660.35	13883	0	80
2024.06.04	22:00:00	18659.35	18660.55	18581.25	18649.05	14714	0	80
2024.06.04	23:00:00	18651.15	18658.65	18632.15	18657.05	4300	0	100
2024.06.05	01:00:00	18655.15	18670.45	18646.05	18668.75	1689	0	150
2024.06.05	02:00:00	18668.75	18689.75	18668.75	18688.45	2966	0	150
2024.06.05	03:00:00	18687.95	18696.35	18677.25	18678.75	4492	0	150
2024.06.05	04:00:00	18679.05	18697.65	18665.95	18695.05	4811	0	150
2024.06.05	05:00:00	18695.05	18715.45	18692.85	18704.45	3750	0	150
2024.06.05	06:00:00	18704.15	18713.45	18700.65	18708.45	2712	0	150
2024.06.05	07:00:00	18707.95	18711.65	18702.65	18707.65	1711	0	150
2024.06.05	08:00:00	18707.65	18713.55	18692.95	18705.35	3000	0	150
2024.06.05	09:00:00	18705.75	18706.85	18672.35	18677.95	4516	0	160
2024.06.05	10:00:00	18677.45	18690.45	18653.15	18681.05	6866	0	200
2024.06.05	11:00:00	18679.55	18710.35	18678.55	18706.45	5417	0	160
2024.06.05	12:00:00	18706.75	18738.05	18704.35	18737.35	4870	0	150
2024.06.05	13:00:00	18737.25	18748.15	18725.35	18729.65	4610	0	170
2024.06.05	14:00:00	18728.85	18765.25	18715.35	18757.95	5447	0	180
2024.06.05	15:00:00	18757.95	18778.15	18728.85	18776.15	7511	0	200
2024.06.05	16:00:00	18775.95	18813.65	18765.15	18805.65	12020	0	70
2024.06.05	17:00:00	18776.65	18890.95	18756.35	18875.75	15497	0	80
2024.06.05	18:00:00	18875.95	18941.35	18875.95	18918.25	13364	0	80
2024.06.05	19:00:00	18918.35	18959.55	18907.95	18956.65	10952	0	70
2024.06.05	20:00:00	18956.45	18979.75	18930.65	18977.45	11485	0	70
2024.06.05	21:00:00	18977.35	18996.95	18958.55	18990.55	11172	0	70
2024.06.05	22:00:00	18990.55	19032.35	18973.85	19030.25	12675	0	70
2024.06.05	23:00:00	19030.85	19043.25	19003.65	19038.05	5044	0	110
2024.06.06	01:00:00	19035.45	19051.95	19030.95	19049.55	2220	0	150
2024.06.06	02:00:00	19049.55	19062.25	19044.35	19046.05	1831	0	150
2024.06.06	03:00:00	19045.75	19045.75	19021.15	19039.75	4046	0	150
2024.06.06	04:00:00	19040.55	19061.15	19028.85	19051.95	4582	0	160
2024.06.06	05:00:00	19051.75	19059.45	19046.55	19050.35	3168	0	150
2024.06.06	06:00:00	19050.55	19064.25	19048.85	19053.15	2464	0	150
2024.06.06	07:00:00	19052.85	19054.05	19045.15	19052.75	1938	0	150
2024.06.06	08:00:00	19052.85	19053.15	19034.95	19038.75	3126	0	150
2024.06.06	09:00:00	19037.55	19044.75	19027.15	19043.65	3908	0	150
2024.06.06	10:00:00	19043.95	19056.45	19032.95	19046.25	5941	0	170
2024.06.06	11:00:00	19046.45	19061.75	19041.35	19043.95	4939	0	150
2024.06.06	12:00:00	19044.25	19056.05	19025.85	19035.35	4512	0	160
2024.06.06	13:00:00	19035.35	19050.05	19033.05	19043.55	3611	0	150
2024.06.06	14:00:00	19043.55	19054.55	19040.75	19051.05	3813	0	150
2024.06.06	15:00:00	19050.55	19075.65	19010.35	19046.75	10069	0	160
2024.06.06	16:00:00	19046.45	19069.25	18986.15	18986.45	14130	0	80
2024.06.06	17:00:00	18987.65	19059.35	18986.35	19035.95	15441	0	80
2024.06.06	18:00:00	19035.65	19048.15	19005.05	19016.15	13490	0	80
2024.06.06	19:00:00	19015.85	19029.75	18988.45	19009.85	12858	0	70
2024.06.06	20:00:00	19010.15	19043.75	19002.05	19026.15	11933	0	70
2024.06.06	21:00:00	19025.95	19031.35	18971.35	19019.95	13271	0	70
2024.06.06	22:00:00	19018.95	19032.25	18998.45	19022.05	13477	0	70
2024.06.06	23:00:00	19024.05	19027.35	19001.75	19020.95	3751	0	100
2024.06.07	01:00:00	19021.25	19040.65	19019.45	19039.65	1261	0	150
2024.06.07	02:00:00	19039.85	19040.55	19033.15	19035.55	1621	0	150
2024.06.07	03:00:00	19035.85	19041.85	19027.85	19040.35	3450	0	150
2024.06.07	04:00:00	19040.55	19048.35	19035.55	19043.55	3586	0	150
2024.06.07	05:00:00	19043.55	19049.55	19040.55	19048.55	2311	0	150
2024.06.07	06:00:00	19048.65	19050.25	19041.05	19043.75	1919	0	150
2024.06.07	07:00:00	19044.05	19055.45	19043.75	19051.25	1658	0	150
2024.06.07	08:00:00	19051.15	19061.95	19049.55	19054.45	2666	0	150
2024.06.07	09:00:00	19054.65	19062.15	19045.55	19052.25	3359	0	150
2024.06.07	10:00:00	19051.75	19064.05	19034.25	19042.25	5412	0	150
2024.06.07	11:00:00	19042.55	19057.25	19034.65	19038.75	5566	0	160
2024.06.07	12:00:00	19038.75	19045.85	19032.65	19039.95	4955	0	160
2024.06.07	13:00:00	19040.45	19043.35	19025.75	19030.65	4353	0	150
2024.06.07	14:00:00	19030.95	19058.85	19014.05	19048.85	5740	0	150
2024.06.07	15:00:00	19049.65	19060.95	18901.75	18944.35	11769	0	190
2024.06.07	16:00:00	18944.45	19029.05	18935.75	18997.95	15203	0	90
2024.06.07	17:00:00	18997.35	19080.25	18985.05	19038.85	15151	0	80
2024.06.07	18:00:00	19039.15	19051.75	18978.65	19047.25	13781	0	70
2024.06.07	19:00:00	19046.95	19108.95	19034.65	19105.45	13110	0	70
2024.06.07	20:00:00	19105.35	19116.05	19075.65	19076.45	13557	0	70
2024.06.07	21:00:00	19075.05	19077.15	18959.75	19015.45	15003	0	70
2024.06.07	22:00:00	19015.45	19030.85	18963.15	19005.15	15074	0	80
2024.06.07	23:00:00	19003.15	19007.95	18980.45	18987.95	4144	0	100
2024.06.10	01:00:00	19003.55	19022.85	18995.75	19006.65	3272	0	160
2024.06.10	02:00:00	19006.65	19007.15	18988.35	18990.95	2896	0	150
2024.06.10	03:00:00	18991.15	19003.65	18978.75	18996.75	4487	0	150
2024.06.10	04:00:00	18996.65	19003.55	18991.35	19002.65	2857	0	150
2024.06.10	05:00:00	19002.65	19005.15	18996.45	19001.15	1882	0	150
2024.06.10	06:00:00	19001.25	19014.65	19000.65	19006.55	1911	0	150
2024.06.10	07:00:00	19006.75	19012.65	19000.75	19010.45	1853	0	150
2024.06.10	08:00:00	19010.25	19015.15	19001.95	19007.85	2469	0	150
2024.06.10	09:00:00	19007.95	19008.15	18965.25	18970.75	5345	0	160
2024.06.10	10:00:00	18970.35	18990.65	18956.25	18983.35	10082	0	230
2024.06.10	11:00:00	18983.75	18985.15	18955.25	18960.25	6870	0	190
2024.06.10	12:00:00	18960.35	18970.65	18937.85	18963.65	6075	0	170
2024.06.10	13:00:00	18963.45	19001.25	18958.95	18978.95	5900	0	170
2024.06.10	14:00:00	18979.15	19003.05	18978.35	18990.45	5151	0	170
2024.06.10	15:00:00	18990.15	18999.95	18952.95	18957.95	5877	0	180
2024.06.10	16:00:00	18958.25	18988.05	18943.45	18958.85	12371	0	90
2024.06.10	17:00:00	18958.65	19034.95	18953.65	19030.75	15363	0	70
2024.06.10	18:00:00	19031.55	19078.15	19028.35	19053.25	14259	0	70
2024.06.10	19:00:00	19053.35	19086.35	19049.05	19071.35	12813	0	70
2024.06.10	20:00:00	19071.25	19081.35	19018.05	19065.75	12844	0	70
2024.06.10	21:00:00	19065.65	19070.25	18997.85	19041.65	14343	0	70
2024.06.10	22:00:00	19041.65	19093.05	19036.85	19079.55	13723	0	70
2024.06.10	23:00:00	19076.75	19077.35	19045.45	19063.75	3063	0	110
2024.06.11	01:00:00	19065.25	19067.95	19058.15	19060.25	1270	0	150
2024.06.11	02:00:00	19060.15	19062.05	19040.85	19049.95	2138	0	150
2024.06.11	03:00:00	19049.65	19052.95	19043.25	19045.75	4121	0	150
2024.06.11	04:00:00	19045.65	19061.55	19043.75	19060.05	4268	0	150
2024.06.11	05:00:00	19059.95	19060.55	19049.25	19052.75	3562	0	150
2024.06.11	06:00:00	19052.65	19056.95	19043.95	19055.75	2519	0	150
2024.06.11	07:00:00	19055.95	19058.05	19051.75	19053.75	1715	0	150
2024.06.11	08:00:00	19053.65	19071.05	19052.05	19070.45	2797	0	150
2024.06.11	09:00:00	19070.35	19078.45	19059.15	19060.95	3661	0	150
2024.06.11	10:00:00	19061.25	19068.35	19047.35	19060.45	6150	0	160
2024.06.11	11:00:00	19060.45	19066.95	19022.35	19029.05	6078	0	170
2024.06.11	12:00:00	19029.15	19040.65	19013.05	19013.35	7337	0	170
2024.06.11	13:00:00	19013.35	19030.65	19002.35	19024.75	7257	0	190
2024.06.11	14:00:00	19024.25	19026.05	18994.15	19017.75	7725	0	210
2024.06.11	15:00:00	19017.45	19033.45	19012.75	19022.75	6678	0	190
2024.06.11	16:00:00	19022.25	19053.55	18961.35	18998.95	12954	0	80
2024.06.11	17:00:00	18998.65	19105.75	18992.55	19104.35	15863	0	80
2024.06.11	18:00:00	19104.15	19106.45	19033.65	19047.85	15334	0	70
2024.06.11	19:00:00	19047.65	19080.85	19044.35	19068.05	13405	0	70
2024.06.11	20:00:00	19068.65	19136.45	19056.75	19135.05	11808	0	70
2024.06.11	21:00:00	19135.35	19202.45	19122.85	19177.05	12758	0	70
2024.06.11	22:00:00	19177.25	19214.15	19154.45	19209.45	13226	0	70
2024.06.11	23:00:00	19209.85	19223.05	19193.55	19206.45	3970	0	100
2024.06.12	01:00:00	19205.45	19227.65	19203.05	19226.05	1659	0	150
2024.06.12	02:00:00	19226.05	19237.95	19221.25	19225.05	2216	0	150
2024.06.12	03:00:00	19224.95	19228.05	19206.75	19213.55	3859	0	150
2024.06.12	04:00:00	19213.55	19234.45	19212.05	19224.25	4041	0	150
2024.06.12	05:00:00	19224.25	19227.95	19221.65	19223.85	3014	0	150
2024.06.12	06:00:00	19223.85	19235.15	19220.05	19235.05	2280	0	150
2024.06.12	07:00:00	19235.35	19235.95	19222.95	19225.35	1468	0	150
2024.06.12	08:00:00	19225.05	19236.45	19223.15	19234.35	2560	0	150
2024.06.12	09:00:00	19234.45	19244.15	19223.55	19223.85	3657	0	150
2024.06.12	10:00:00	19223.75	19225.95	19209.35	19220.65	5678	0	160
2024.06.12	11:00:00	19220.65	19232.65	19213.45	19227.85	4630	0	160
2024.06.12	12:00:00	19227.75	19242.05	19224.55	19235.85	2694	0	150
2024.06.12	13:00:00	19236.05	19242.35	19228.75	19236.35	2445	0	150
2024.06.12	14:00:00	19235.75	19246.05	19230.95	19237.95	2959	0	150
2024.06.12	15:00:00	19237.35	19423.82	19231.35	19390.59	6254	0	170
2024.06.12	16:00:00	19390.89	19475.19	19344.09	19461.09	8348	0	93
2024.06.12	17:00:00	19461.19	19515.39	19449.49	19473.49	9265	0	83
2024.06.12	18:00:00	19473.79	19507.39	19466.79	19483.59	8156	0	83
2024.06.12	19:00:00	19483.09	19493.49	19461.19	19477.29	6991	0	83
2024.06.12	20:00:00	19478.29	19506.59	19461.29	19487.59	6304	0	83
2024.06.12	21:00:00	19487.47	19511.09	19421.07	19488.89	10305	0	103
2024.06.12	22:00:00	19488.79	19558.59	19403.39	19462.09	10120	0	113
2024.06.12	23:00:00	19460.49	19578.29	19432.09	19573.79	4026	0	113
2024.06.13	01:00:00	19561.85	19567.95	19556.45	19557.45	1240	0	150
2024.06.13	02:00:00	19557.39	19572.49	19550.69	19569.19	1167	0	163
2024.06.13	03:00:00	19567.79	19592.49	19567.49	19584.79	2121	0	163
2024.06.13	04:00:00	19584.79	19593.59	19584.79	19590.19	2126	0	163
2024.06.13	05:00:00	19590.19	19591.39	19580.19	19587.69	1486	0	163
2024.06.13	06:00:00	19587.39	19607.09	19586.59	19605.79	1584	0	163
2024.06.13	07:00:00	19605.69	19609.69	19600.59	19607.89	947	0	163
2024.06.13	08:00:00	19608.19	19608.19	19588.89	19595.99	1563	0	163
2024.06.13	09:00:00	19596.59	19621.69	19590.89	19618.59	2199	0	163
2024.06.13	10:00:00	19618.29	19640.69	19604.89	19624.69	3726	0	173
2024.06.13	11:00:00	19624.39	19629.39	19596.69	19609.29	3575	0	183
2024.06.13	12:00:00	19609.99	19616.19	19553.19	19566.29	3564	0	173
2024.06.13	13:00:00	19566.29	19588.49	19553.69	19584.99	3313	0	173
2024.06.13	14:00:00	19584.99	19598.09	19576.19	19579.49	3458	0	193
2024.06.13	15:00:00	19579.79	19658.99	19578.39	19600.09	6223	0	213
2024.06.13	16:00:00	19600.59	19633.99	19586.39	19602.59	8354	0	103
2024.06.13	17:00:00	19603.79	19622.89	19507.89	19526.49	9651	0	103
2024.06.13	18:00:00	19525.39	19579.09	19516.19	19558.09	7697	0	83
2024.06.13	19:00:00	19559.29	19559.29	19473.09	19516.49	8136	0	93
2024.06.13	20:00:00	19515.49	19557.19	19509.69	19539.79	6922	0	83
2024.06.13	21:00:00	19540.29	19578.09	19521.49	19571.99	6707	0	83
2024.06.13	22:00:00	19570.39	19603.79	19558.19	19564.79	7426	0	83
2024.06.13	23:00:00	19565.29	19609.89	19560.59	19567.99	3177	0	113
2024.06.14	01:00:00	19566.05	19586.25	19564.75	19581.15	1254	0	150
2024.06.14	02:00:00	19582.49	19593.59	19572.99	19589.99	1331	0	163
2024.06.14	03:00:00	19589.89	19595.09	19585.29	19586.69	2233	0	163
2024.06.14	04:00:00	19586.89	19600.79	19583.39	19598.89	1785	0	163
2024.06.14	05:00:00	19598.69	19608.49	19595.49	19605.39	1381	0	163
2024.06.14	06:00:00	19605.39	19614.49	19604.39	19611.49	1557	0	163
2024.06.14	07:00:00	19611.49	19611.99	19602.19	19611.19	978	0	163
2024.06.14	08:00:00	19610.99	19621.39	19608.89	19621.19	1406	0	163
2024.06.14	09:00:00	19620.99	19630.59	19598.69	19605.79	2653	0	163
2024.06.14	10:00:00	19607.09	19633.59	19583.99	19616.59	5092	0	183
2024.06.14	11:00:00	19616.19	19629.99	19589.79	19590.89	5048	0	223
2024.06.14	12:00:00	19590.99	19600.09	19531.69	19532.29	5148	0	233
2024.06.14	13:00:00	19532.19	19539.09	19496.59	19515.69	6147	0	243
2024.06.14	14:00:00	19515.09	19542.19	19477.69	19514.29	6091	0	243
2024.06.14	15:00:00	19513.99	19551.99	19509.79	19537.59	5733	0	243
2024.06.14	16:00:00	19537.29	19620.19	19528.49	19617.39	7666	0	93
2024.06.14	17:00:00	19605.99	19628.79	19554.79	19608.69	9535	0	93
2024.06.14	18:00:00	19609.79	19612.39	19544.29	19598.09	8448	0	93
2024.06.14	19:00:00	19597.99	19623.29	19581.89	19612.79	7514	0	83
2024.06.14	20:00:00	19612.59	19656.29	19608.19	19638.09	6895	0	83
2024.06.14	21:00:00	19637.59	19654.39	19609.59	19645.69	7254	0	83
2024.06.14	22:00:00	19644.69	19669.49	19626.59	19666.29	6839	0	83
2024.06.14	23:00:00	19664.99	19677.79	19657.59	19667.39	2463	0	103
2024.06.17	01:00:00	19661.85	19702.75	19661.75	19698.95	1991	0	150
2024.06.17	02:00:00	19698.49	19705.39	19686.99	19692.19	1655	0	163
2024.06.17	03:00:00	19692.49	19697.59	19679.49	19680.59	2298	0	163
2024.06.17	04:00:00	19680.59	19683.29	19665.49	19681.79	2357	0	163
2024.06.17	05:00:00	19681.49	19686.59	19675.39	19680.29	1995	0	163
2024.06.17	06:00:00	19680.29	19687.49	19678.29	19681.29	1481	0	163
2024.06.17	07:00:00	19681.29	19686.19	19672.69	19674.59	955	0	163
2024.06.17	08:00:00	19674.99	19687.79	19668.19	19680.89	1957	0	163
2024.06.17	09:00:00	19680.99	19689.79	19655.59	19684.79	3826	0	183
2024.06.17	10:00:00	19685.79	19713.69	19680.69	19699.09	4577	0	203
2024.06.17	11:00:00	19698.09	19728.69	19675.69	19687.09	4383	0	193
2024.06.17	12:00:00	19686.99	19702.39	19679.09	19696.99	3386	0	163
2024.06.17	13:00:00	19697.09	19699.49	19672.59	19686.09	3334	0	163
2024.06.17	14:00:00	19685.49	19704.09	19685.49	19696.89	3132	0	163
2024.06.17	15:00:00	19696.99	19700.49	19661.99	19673.59	4169	0	183
2024.06.17	16:00:00	19673.49	19690.25	19623.65	19672.35	7451	0	70
2024.06.17	17:00:00	19673.45	19701.85	19648.05	19695.95	8902	0	70
2024.06.17	18:00:00	19695.85	19743.55	19695.85	19733.35	7397	0	70
2024.06.17	19:00:00	19733.65	19829.65	19726.45	19808.65	7289	0	70
2024.06.17	20:00:00	19808.95	19947.75	19808.95	19943.45	7353	0	70
2024.06.17	21:00:00	19943.75	19980.65	19929.85	19947.25	7879	0	70
2024.06.17	22:00:00	19947.15	19972.05	19897.35	19905.65	7839	0	70
2024.06.17	23:00:00	19904.35	19906.75	19873.35	19887.05	2786	0	110
2024.06.18	01:00:00	19910.75	19928.75	19910.75	19916.55	1785	0	150
2024.06.18	02:00:00	19916.45	19921.05	19905.45	19915.05	1905	0	150
2024.06.18	03:00:00	19915.05	19915.65	19882.15	19897.15	2867	0	150
2024.06.18	04:00:00	19897.05	19900.05	19872.55	19879.05	3154	0	160
2024.06.18	05:00:00	19879.05	19896.05	19877.55	19894.85	2165	0	150
2024.06.18	06:00:00	19894.85	19909.35	19892.55	19899.05	1942	0	150
2024.06.18	07:00:00	19898.85	19902.25	19889.55	19893.75	1406	0	150
2024.06.18	08:00:00	19893.75	19907.15	19888.05	19905.65	1967	0	150
2024.06.18	09:00:00	19906.25	19916.85	19901.45	19913.15	2909	0	150
2024.06.18	10:00:00	19913.15	19928.45	19904.95	19918.15	4255	0	170
2024.06.18	11:00:00	19917.75	19946.15	19917.35	19938.45	3944	0	170
2024.06.18	12:00:00	19938.65	19963.35	19935.65	19949.45	3670	0	160
2024.06.18	13:00:00	19948.95	19957.85	19929.65	19941.95	3350	0	160
2024.06.18	14:00:00	19941.85	19948.55	19928.35	19938.65	3240	0	150
2024.06.18	15:00:00	19938.75	19982.35	19908.25	19924.45	5319	0	150
2024.06.18	16:00:00	19924.95	19935.85	19882.15	19896.95	8176	0	70
2024.06.18	17:00:00	19898.35	19929.25	19869.45	19875.35	9080	0	80
2024.06.18	18:00:00	19875.45	19902.85	19842.05	19901.55	8212	0	70
2024.06.18	19:00:00	19901.35	19922.45	19884.25	19917.85	7004	0	70
2024.06.18	20:00:00	19917.05	19942.85	19898.55	19916.95	7072	0	70
2024.06.18	21:00:00	19917.25	19921.55	19875.15	19912.65	7634	0	70
2024.06.18	22:00:00	19912.45	19921.65	19889.45	19912.85	7144	0	70
2024.06.18	23:00:00	19913.15	19920.75	19904.05	19915.85	2550	0	100
2024.06.19	01:00:00	19922.25	19943.75	19921.75	19940.85	1192	0	150
2024.06.19	02:00:00	19940.25	19940.65	19929.75	19935.55	1022	0	150
2024.06.19	03:00:00	19935.55	19936.25	19921.05	19923.65	2085	0	150
2024.06.19	04:00:00	19923.25	19933.05	19922.15	19927.15	1806	0	150
2024.06.19	05:00:00	19927.15	19938.45	19925.95	19932.95	1565	0	150
2024.06.19	06:00:00	19933.05	19939.85	19930.15	19932.45	1173	0	150
2024.06.19	07:00:00	19932.45	19935.45	19926.15	19930.15	888	0	150
2024.06.19	08:00:00	19930.65	19937.95	19927.45	19934.65	1596	0	150
2024.06.19	09:00:00	19934.65	19952.75	19931.15	19948.25	2316	0	150
2024.06.19	10:00:00	19947.85	19950.65	19937.55	19947.05	3086	0	150
2024.06.19	11:00:00	19946.45	19951.65	19935.75	19941.65	2441	0	150
2024.06.19	12:00:00	19941.85	19951.65	19940.65	19948.95	2185	0	150
2024.06.19	13:00:00	19948.95	19956.65	19944.15	19954.95	1710	0	150
2024.06.19	14:00:00	19954.95	19958.05	19947.25	19948.25	1699	0	150
2024.06.19	15:00:00	19948.85	19960.45	19944.45	19955.05	1921	0	150
2024.06.19	16:00:00	19955.65	19965.35	19948.75	19951.55	3377	0	70
2024.06.19	17:00:00	19950.85	19955.35	19937.05	19950.55	3043	0	70
2024.06.19	18:00:00	19949.85	19961.25	19949.35	19957.55	2330	0	70
2024.06.19	19:00:00	19957.55	19957.55	19941.55	19944.55	2115	0	70
2024.06.20	01:00:00	19952.85	19953.25	19943.45	19943.95	1032	0	150
2024.06.20	02:00:00	19943.95	19953.95	19943.55	19951.95	1012	0	150
2024.06.20	03:00:00	19951.95	19971.45	19950.75	19966.65	1970	0	150
2024.06.20	04:00:00	19966.25	19983.35	19965.75	19977.35	2219	0	150
2024.06.20	05:00:00	19977.25	19981.55	19972.35	19976.45	1673	0	150
2024.06.20	06:00:00	19976.75	20009.15	19976.05	20005.45	1838	0	150
2024.06.20	07:00:00	20005.35	20029.85	19999.45	20023.25	2049	0	150
2024.06.20	08:00:00	20022.55	20048.45	20021.25	20043.25	3134	0	150
2024.06.20	09:00:00	20043.25	20046.45	20021.35	20027.25	2799	0	150
2024.06.20	10:00:00	20027.45	20086.35	20025.25	20055.75	4353	0	150
2024.06.20	11:00:00	20053.95	20056.15	20026.95	20045.15	3926	0	170
2024.06.20	12:00:00	20045.65	20047.75	20023.65	20038.15	3532	0	170
2024.06.20	13:00:00	20038.35	20052.55	20026.85	20035.65	2798	0	150
2024.06.20	14:00:00	20032.15	20045.25	20006.55	20012.45	3672	0	160
2024.06.20	15:00:00	20011.15	20020.55	19974.05	19982.75	4871	0	170
2024.06.20	16:00:00	19982.75	19985.75	19916.35	19950.15	8165	0	70
2024.06.20	17:00:00	19950.05	19956.35	19834.85	19931.35	9476	0	80
2024.06.20	18:00:00	19932.25	19944.35	19872.35	19880.15	8402	0	70
2024.06.20	19:00:00	19879.25	19891.95	19728.35	19801.15	8985	0	70
2024.06.20	20:00:00	19800.45	19800.45	19681.65	19753.85	9302	0	80
2024.06.20	21:00:00	19753.65	19800.15	19734.75	19736.75	8715	0	80
2024.06.20	22:00:00	19737.55	19788.55	19685.25	19756.75	9159	0	80
2024.06.20	23:00:00	19760.75	19772.65	19747.35	19769.85	2796	0	100
2024.06.21	01:00:00	19776.05	19785.75	19775.55	19783.25	1192	0	150
2024.06.21	02:00:00	19784.25	19798.95	19783.65	19792.75	1424	0	150
2024.06.21	03:00:00	19791.55	19794.45	19765.05	19767.25	2867	0	150
2024.06.21	04:00:00	19768.05	19779.35	19764.15	19777.05	3034	0	150
2024.06.21	05:00:00	19777.05	19790.65	19770.05	19789.15	2295	0	150
2024.06.21	06:00:00	19789.15	19794.65	19784.45	19785.45	1534	0	150
2024.06.21	07:00:00	19785.55	19800.95	19781.95	19799.45	1297	0	150
2024.06.21	08:00:00	19799.55	19808.45	19796.05	19805.25	1966	0	150
2024.06.21	09:00:00	19805.15	19817.15	19795.15	19800.65	2615	0	150
2024.06.21	10:00:00	19800.95	19802.65	19736.35	19760.35	4921	0	180
2024.06.21	11:00:00	19760.85	19768.25	19679.85	19707.05	5211	0	220
2024.06.21	12:00:00	19707.15	19748.85	19698.85	19740.15	4003	0	180
2024.06.21	13:00:00	19740.25	19761.45	19716.05	19749.05	3943	0	200
2024.06.21	14:00:00	19749.05	19775.05	19722.55	19726.15	4017	0	180
2024.06.21	15:00:00	19725.85	19770.25	19710.85	19764.15	5211	0	230
2024.06.21	16:00:00	19764.65	19776.65	19647.25	19686.25	8429	0	90
2024.06.21	17:00:00	19685.95	19738.95	19670.25	19738.75	9280	0	90
2024.06.21	18:00:00	19738.75	19796.75	19704.15	19796.55	8165	0	70
2024.06.21	19:00:00	19797.05	19802.95	19722.35	19728.15	7673	0	70
2024.06.21	20:00:00	19727.95	19743.75	19679.15	19692.95	7523	0	70
2024.06.21	21:00:00	19691.95	19732.75	19688.15	19711.85	6991	0	70
2024.06.21	22:00:00	19712.25	19742.25	19702.45	19707.15	7133	0	70
2024.06.21	23:00:00	19704.15	19739.45	19702.15	19736.45	2460	0	110
2024.06.24	01:00:00	19734.35	19752.45	19732.05	19744.35	1480	0	150
2024.06.24	02:00:00	19743.95	19757.05	19733.95	19736.75	1665	0	150
2024.06.24	03:00:00	19737.05	19746.95	19729.05	19736.75	2242	0	150
2024.06.24	04:00:00	19736.55	19739.05	19647.05	19680.55	4909	0	150
2024.06.24	05:00:00	19680.65	19693.05	19670.05	19678.25	3211	0	150
2024.06.24	06:00:00	19678.45	19698.25	19678.25	19691.45	2133	0	150
2024.06.24	07:00:00	19691.55	19700.65	19681.65	19698.55	1804	0	150
2024.06.24	08:00:00	19698.25	19725.05	19697.95	19720.75	2810	0	150
2024.06.24	09:00:00	19721.05	19739.65	19714.75	19723.65	2977	0	150
2024.06.24	10:00:00	19724.45	19756.75	19710.35	19745.85	3736	0	170
2024.06.24	11:00:00	19746.15	19757.75	19726.05	19734.25	3497	0	170
2024.06.24	12:00:00	19734.25	19738.05	19667.65	19682.55	3562	0	160
2024.06.24	13:00:00	19683.45	19705.35	19677.65	19695.95	3511	0	170
2024.06.24	14:00:00	19696.15	19711.65	19678.65	19681.95	3531	0	160
2024.06.24	15:00:00	19683.45	19698.45	19651.05	19661.65	5280	0	210
2024.06.24	16:00:00	19661.65	19693.65	19595.45	19675.05	11025	0	80
2024.06.24	17:00:00	19674.35	19723.85	19550.05	19634.45	13772	0	90
2024.06.24	18:00:00	19635.85	19660.35	19602.55	19646.65	12008	0	80
2024.06.24	19:00:00	19646.15	19650.15	19570.65	19580.25	10639	0	80
2024.06.24	20:00:00	19579.25	19594.95	19517.35	19539.35	11055	0	80
2024.06.24	21:00:00	19539.55	19565.35	19499.65	19551.95	10717	0	80
2024.06.24	22:00:00	19551.95	19585.05	19472.85	19480.35	11258	0	80
2024.06.24	23:00:00	19479.35	19496.45	19459.15	19482.75	4153	0	100
2024.06.25	01:00:00	19497.55	19499.45	19485.35	19492.65	1510	0	150
2024.06.25	02:00:00	19492.65	19506.35	19489.05	19504.85	1620	0	150
2024.06.25	03:00:00	19504.65	19508.25	19483.35	19485.65	2699	0	150
2024.06.25	04:00:00	19485.85	19512.25	19475.95	19509.15	3616	0	150
2024.06.25	05:00:00	19509.35	19519.35	19506.35	19513.45	2532	0	150
2024.06.25	06:00:00	19513.55	19528.95	19513.35	19527.35	2366	0	150
2024.06.25	07:00:00	19527.35	19535.05	19524.05	19534.05	1499	0	150
2024.06.25	08:00:00	19533.95	19543.45	19531.65	19538.45	2217	0	150
2024.06.25	09:00:00	19537.95	19538.15	19509.25	19514.25	3737	0	150
2024.06.25	10:00:00	19514.75	19518.05	19464.55	19471.75	6304	0	230
2024.06.25	11:00:00	19471.05	19550.55	19459.75	19549.35	5863	0	210
2024.06.25	12:00:00	19549.55	19573.75	19545.75	19571.35	4981	0	180
2024.06.25	13:00:00	19571.35	19576.95	19556.25	19568.45	4042	0	200
2024.06.25	14:00:00	19568.25	19583.55	19537.95	19554.25	4669	0	200
2024.06.25	15:00:00	19554.55	19576.45	19543.75	19565.95	5554	0	210
2024.06.25	16:00:00	19565.75	19587.35	19528.05	19567.55	10045	0	80
2024.06.25	17:00:00	19567.65	19634.75	19564.35	19599.85	12828	0	90
2024.06.25	18:00:00	19599.65	19692.65	19599.65	19692.05	11549	0	80
2024.06.25	19:00:00	19691.65	19700.55	19589.35	19607.45	11262	0	70
2024.06.25	20:00:00	19607.35	19666.35	19570.95	19658.65	9760	0	70
2024.06.25	21:00:00	19658.85	19700.55	19650.95	19684.95	9264	0	70
2024.06.25	22:00:00	19684.75	19715.55	19669.05	19702.75	9664	0	70
2024.06.25	23:00:00	19702.25	19707.25	19689.05	19699.35	2884	0	110
2024.06.26	01:00:00	19716.35	19723.75	19703.35	19712.35	1533	0	150
2024.06.26	02:00:00	19712.45	19713.15	19699.15	19701.45	1445	0	150
2024.06.26	03:00:00	19701.55	19726.35	19699.35	19725.35	3032	0	150
2024.06.26	04:00:00	19725.25	19738.45	19721.75	19734.35	4175	0	160
2024.06.26	05:00:00	19734.35	19741.55	19731.05	19733.85	3086	0	150
2024.06.26	06:00:00	19733.85	19743.55	19716.85	19726.05	2492	0	150
2024.06.26	07:00:00	19725.95	19734.45	19717.35	19727.15	1617	0	150
2024.06.26	08:00:00	19727.15	19751.95	19727.15	19749.65	2805	0	150
2024.06.26	09:00:00	19749.85	19758.35	19740.65	19744.95	3467	0	160
2024.06.26	10:00:00	19745.95	19803.95	19726.15	19803.15	5557	0	170
2024.06.26	11:00:00	19803.15	19805.25	19778.95	19782.45	4412	0	190
2024.06.26	12:00:00	19782.25	19784.05	19757.25	19757.45	4028	0	190
2024.06.26	13:00:00	19757.25	19761.25	19728.65	19732.15	4806	0	210
2024.06.26	14:00:00	19732.75	19744.25	19715.95	19734.25	5239	0	210
2024.06.26	15:00:00	19734.25	19734.25	19667.45	19671.15	6755	0	230
2024.06.26	16:00:00	19671.15	19736.85	19637.95	19708.45	11651	0	80
2024.06.26	17:00:00	19707.75	19760.35	19682.35	19711.75	12777	0	90
2024.06.26	18:00:00	19711.45	19764.95	19649.35	19755.45	12393	0	80
2024.06.26	19:00:00	19756.45	19757.75	19681.45	19711.75	10066	0	70
2024.06.26	20:00:00	19710.75	19727.65	19672.65	19722.05	10222	0	70
2024.06.26	21:00:00	19721.95	19723.05	19685.65	19688.75	9926	0	70
2024.06.26	22:00:00	19688.45	19764.55	19664.85	19742.65	10887	0	80
2024.06.26	23:00:00	19741.25	19741.75	19656.95	19681.45	5332	0	110
2024.06.27	01:00:00	19692.05	19699.15	19666.55	19672.05	1959	0	150
2024.06.27	02:00:00	19672.15	19672.65	19647.85	19660.05	2462	0	150
2024.06.27	03:00:00	19659.95	19660.25	19615.75	19635.05	3960	0	150
2024.06.27	04:00:00	19634.85	19663.25	19634.55	19660.05	4050	0	150
2024.06.27	05:00:00	19660.35	19677.05	19659.65	19665.15	2735	0	150
2024.06.27	06:00:00	19665.25	19670.05	19651.25	19653.05	2075	0	150
2024.06.27	07:00:00	19651.55	19686.35	19651.25	19685.05	1806	0	150
2024.06.27	08:00:00	19685.15	19700.45	19678.45	19696.05	2888	0	150
2024.06.27	09:00:00	19697.45	19704.95	19689.05	19694.65	3423	0	150
2024.06.27	10:00:00	19694.85	19715.75	19688.75	19689.95	5589	0	160
2024.06.27	11:00:00	19689.75	19705.95	19676.35	19702.35	5586	0	180
2024.06.27	12:00:00	19701.85	19720.15	19694.55	19715.25	4897	0	160
2024.06.27	13:00:00	19715.65	19734.55	19714.85	19726.55	4169	0	160
2024.06.27	14:00:00	19727.05	19727.05	19703.05	19717.05	5506	0	160
2024.06.27	15:00:00	19716.75	19747.15	19695.53	19746.45	8388	0	210
2024.06.27	16:00:00	19745.95	19843.85	19730.95	19803.25	12810	0	70
2024.06.27	17:00:00	19801.75	19854.95	19741.45	19768.85	16267	0	90
2024.06.27	18:00:00	19768.75	19777.35	19693.05	19727.65	15121	0	80
2024.06.27	19:00:00	19728.15	19798.15	19719.85	19769.75	13520	0	70
2024.06.27	20:00:00	19769.25	19806.45	19764.05	19775.95	12187	0	70
2024.06.27	21:00:00	19776.05	19787.25	19735.55	19784.75	13013	0	70
2024.06.27	22:00:00	19784.75	19801.65	19741.65	19789.45	12727	0	70
2024.06.27	23:00:00	19788.95	19820.05	19787.05	19807.15	4434	0	110
2024.06.28	01:00:00	19809.55	19835.05	19808.25	19829.15	1618	0	150
2024.06.28	02:00:00	19829.25	19843.05	19829.05	19841.65	1517	0	150
2024.06.28	03:00:00	19842.25	19850.15	19829.35	19830.75	3509	0	150
2024.06.28	04:00:00	19830.75	19884.15	19829.35	19879.55	5508	0	150
2024.06.28	05:00:00	19880.05	19889.65	19872.05	19882.85	3821	0	150
2024.06.28	06:00:00	19883.65	19887.15	19876.25	19880.85	2181	0	150
2024.06.28	07:00:00	19880.85	19881.35	19854.45	19858.75	2539	0	150
2024.06.28	08:00:00	19858.85	19862.15	19850.45	19859.05	3183	0	150
2024.06.28	09:00:00	19858.95	19881.75	19858.75	19864.35	4039	0	150
2024.06.28	10:00:00	19864.35	19872.75	19854.25	19855.25	5715	0	160
2024.06.28	11:00:00	19854.95	19867.15	19841.75	19864.75	5119	0	170
2024.06.28	12:00:00	19864.85	19882.45	19864.15	19876.45	4571	0	160
2024.06.28	13:00:00	19876.35	19879.75	19865.95	19876.65	3346	0	150
2024.06.28	14:00:00	19876.15	19879.25	19868.95	19876.85	3794	0	150
2024.06.28	15:00:00	19876.75	19921.75	19828.35	19831.95	9620	0	150
2024.06.28	16:00:00	19831.75	19902.35	19791.15	19901.35	14167	0	80
2024.06.28	17:00:00	19902.85	20026.05	19869.75	19890.95	17023	0	90
2024.06.28	18:00:00	19890.95	19890.95	19826.95	19859.25	15567	0	80
2024.06.28	19:00:00	19859.15	19866.15	19738.25	19788.35	15525	0	80
2024.06.28	20:00:00	19788.55	19826.15	19769.75	19793.95	12781	0	70
2024.06.28	21:00:00	19793.15	19824.95	19757.55	19766.25	13013	0	70
2024.06.28	22:00:00	19766.55	19771.75	19660.95	19688.15	15041	0	70
2024.06.28	23:00:00	19688.35	19729.95	19688.35	19726.15	6175	0	100
2024.07.01	01:00:00	19722.15	19741.45	19703.05	19730.75	2883	0	150
2024.07.01	02:00:00	19730.75	19730.85	19691.55	19702.85	4425	0	160
2024.07.01	03:00:00	19704.15	19740.65	19689.45	19739.95	5978	0	160
2024.07.01	04:00:00	19740.05	19749.75	19733.25	19747.35	4169	0	150
2024.07.01	05:00:00	19747.45	19759.75	19745.75	19754.45	2808	0	150
2024.07.01	06:00:00	19755.25	19762.15	19743.25	19753.45	2890	0	150
2024.07.01	07:00:00	19753.45	19754.05	19731.85	19737.55	2616	0	150
2024.07.01	08:00:00	19737.45	19765.85	19735.15	19764.95	3522	0	150
2024.07.01	09:00:00	19764.85	19777.15	19757.75	19764.05	5117	0	150
2024.07.01	10:00:00	19763.85	19772.85	19688.45	19702.45	8791	0	200
2024.07.01	11:00:00	19705.35	19746.35	19673.65	19683.45	8840	0	210
2024.07.01	12:00:00	19684.15	19698.85	19658.55	19692.35	7909	0	230
2024.07.01	13:00:00	19690.65	19715.35	19687.15	19710.15	5200	0	180
2024.07.01	14:00:00	19710.15	19739.95	19708.15	19732.75	5316	0	210
2024.07.01	15:00:00	19732.45	19746.85	19720.85	19735.55	6744	0	220
2024.07.01	16:00:00	19735.65	19749.15	19599.45	19643.75	13634	0	90
2024.07.01	17:00:00	19651.55	19710.55	19569.65	19668.05	17757	0	90
2024.07.01	18:00:00	19667.75	19736.65	19645.85	19736.15	15441	0	90
2024.07.01	19:00:00	19735.15	19785.85	19717.75	19773.35	14078	0	80
2024.07.01	20:00:00	19772.65	19780.05	19736.85	19758.25	13702	0	80
2024.07.01	21:00:00	19757.95	19809.05	19741.25	19770.65	13870	0	80
2024.07.01	22:00:00	19770.55	19829.85	19739.85	19806.05	14272	0	70
2024.07.01	23:00:00	19806.05	19814.75	19793.45	19799.95	3873	0	110
2024.07.02	01:00:00	19810.45	19812.35	19787.75	19789.35	1448	0	150
2024.07.02	02:00:00	19789.35	19790.75	19770.45	19777.75	2325	0	150
2024.07.02	03:00:00	19778.45	19784.15	19727.15	19744.15	5512	0	150
2024.07.02	04:00:00	19744.05	19759.95	19737.05	19748.35	4890	0	150
2024.07.02	05:00:00	19748.35	19753.05	19722.65	19734.75	3843	0	150
2024.07.02	06:00:00	19734.55	19743.15	19723.05	19742.35	3233	0	150
2024.07.02	07:00:00	19742.45	19751.55	19739.05	19743.35	2563	0	150
2024.07.02	08:00:00	19743.65	19774.45	19737.35	19771.05	3358	0	150
2024.07.02	09:00:00	19770.95	19776.55	19742.85	19749.45	4570	0	170
2024.07.02	10:00:00	19749.35	19749.65	19696.45	19726.45	9220	0	230
2024.07.02	11:00:00	19725.75	19735.25	19694.65	19719.35	7446	0	230
2024.07.02	12:00:00	19719.65	19729.75	19700.65	19716.85	6072	0	190
2024.07.02	13:00:00	19717.85	19726.15	19705.25	19722.55	4610	0	190
2024.07.02	14:00:00	19723.55	19724.95	19670.25	19693.45	6560	0	220
2024.07.02	15:00:00	19693.65	19720.65	19687.95	19706.55	7446	0	200
2024.07.02	16:00:00	19706.25	19857.15	19703.95	19824.35	14587	0	80
2024.07.02	17:00:00	19831.85	19885.15	19779.55	19872.15	17092	0	90
2024.07.02	18:00:00	19872.55	19917.75	19846.35	19852.25	14478	0	30
2024.07.02	19:00:00	19851.55	19884.25	19821.85	19883.65	13186	0	70
2024.07.02	20:00:00	19883.65	19973.95	19877.05	19967.35	14104	0	70
2024.07.02	21:00:00	19967.65	19994.15	19962.65	19977.05	12542	0	70
2024.07.02	22:00:00	19976.85	20015.55	19967.15	20013.45	13156	0	70
2024.07.02	23:00:00	20013.05	20013.05	19984.85	19991.75	4379	0	100
2024.07.03	01:00:00	19990.15	20008.15	19990.15	20002.85	1700	0	150
2024.07.03	02:00:00	20002.85	20007.45	19988.85	19993.05	1788	0	150
2024.07.03	03:00:00	19993.55	20008.25	19991.95	20001.85	3876	0	150
2024.07.03	04:00:00	20001.55	20003.95	19989.55	19996.75	3586	0	150
2024.07.03	05:00:00	19996.65	20003.75	19989.95	19997.65	2895	0	150
2024.07.03	06:00:00	19997.65	20004.25	19989.25	19992.95	2918	0	150
2024.07.03	07:00:00	19993.25	20003.35	19991.95	20001.65	1689	0	150
2024.07.03	08:00:00	20001.95	20009.75	19999.75	20008.75	2970	0	150
2024.07.03	09:00:00	20008.65	20022.55	20001.35	20003.85	4039	0	150
2024.07.03	10:00:00	20004.45	20015.85	19994.65	20001.25	5412	0	190
2024.07.03	11:00:00	20001.65	20041.65	19994.65	20026.85	5504	0	160
2024.07.03	12:00:00	20027.15	20038.35	20016.55	20031.45	4710	0	170
2024.07.03	13:00:00	20030.85	20031.65	20017.35	20017.45	3807	0	150
2024.07.03	14:00:00	20017.45	20024.35	19998.55	20010.95	4748	0	150
2024.07.03	15:00:00	20010.65	20016.95	19965.65	19979.15	8192	0	200
2024.07.03	16:00:00	19979.35	20044.55	19967.35	20036.45	12206	0	80
2024.07.03	17:00:00	20036.15	20084.95	19997.35	20077.05	16025	0	0
2024.07.03	18:00:00	20077.55	20146.55	20056.95	20144.05	14613	0	70
2024.07.03	19:00:00	20144.35	20188.25	20135.05	20176.75	14271	0	70
2024.07.03	20:00:00	20177.45	20199.85	20170.65	20184.45	2743	0	70
2024.07.04	01:00:00	20164.75	20174.75	20155.65	20162.55	1807	0	150
2024.07.04	02:00:00	20162.55	20174.25	20160.95	20165.15	1363	0	150
2024.07.04	03:00:00	20164.95	20172.05	20159.95	20167.65	3157	0	150
2024.07.04	04:00:00	20167.65	20180.35	20162.35	20169.35	3472	0	150
2024.07.04	05:00:00	20169.35	20172.35	20163.65	20167.75	2558	0	150
2024.07.04	06:00:00	20167.65	20171.25	20162.15	20166.65	1864	0	150
2024.07.04	07:00:00	20166.65	20169.45	20160.55	20165.15	1683	0	150
2024.07.04	08:00:00	20165.25	20171.55	20160.55	20170.75	2358	0	150
2024.07.04	09:00:00	20170.45	20172.55	20163.95	20168.85	2562	0	150
2024.07.04	10:00:00	20169.15	20172.75	20161.25	20169.95	3709	0	150
2024.07.04	11:00:00	20169.65	20170.65	20160.05	20162.25	3014	0	150
2024.07.04	12:00:00	20162.55	20168.55	20159.25	20164.95	2421	0	150
2024.07.04	13:00:00	20164.75	20170.05	20161.25	20166.05	1723	0	150
2024.07.04	14:00:00	20166.55	20169.25	20165.25	20167.25	1953	0	150
2024.07.04	15:00:00	20167.25	20171.45	20164.75	20169.75	1808	0	150
2024.07.04	16:00:00	20169.75	20172.65	20148.05	20150.35	3851	0	70
2024.07.04	17:00:00	20150.45	20158.45	20144.45	20152.45	4609	0	70
2024.07.04	18:00:00	20153.05	20170.55	20152.15	20163.25	3849	0	70
2024.07.04	19:00:00	20162.85	20165.35	20142.45	20143.55	2882	0	70
2024.07.05	01:00:00	20147.65	20154.05	20140.85	20148.45	1520	0	150
2024.07.05	02:00:00	20148.45	20162.85	20147.25	20156.75	1414	0	150
2024.07.05	03:00:00	20158.55	20179.25	20156.85	20174.15	4014	0	150
2024.07.05	04:00:00	20174.15	20180.35	20171.55	20176.35	2937	0	150
2024.07.05	05:00:00	20176.65	20181.65	20170.85	20178.15	2224	0	150
2024.07.05	06:00:00	20178.35	20187.95	20173.25	20183.35	2305	0	150
2024.07.05	07:00:00	20183.35	20196.35	20182.15	20192.05	1683	0	150
2024.07.05	08:00:00	20192.05	20200.65	20187.15	20198.75	2481	0	150
2024.07.05	09:00:00	20198.85	20230.55	20196.85	20219.95	3556	0	150
2024.07.05	10:00:00	20220.05	20231.55	20202.95	20218.35	5703	0	160
2024.07.05	11:00:00	20217.95	20233.95	20202.25	20205.85	6003	0	180
2024.07.05	12:00:00	20206.05	20217.05	20202.75	20204.75	4153	0	160
2024.07.05	13:00:00	20204.75	20221.65	20200.15	20213.65	3726	0	150
2024.07.05	14:00:00	20212.75	20220.75	20199.45	20206.05	4180	0	150
2024.07.05	15:00:00	20205.95	20266.35	20156.75	20198.15	9867	0	180
2024.07.05	16:00:00	20198.15	20288.75	20183.65	20286.45	14462	0	80
2024.07.05	17:00:00	20286.65	20322.55	20233.35	20294.25	16244	0	90
2024.07.05	18:00:00	20295.45	20375.25	20280.95	20365.05	14496	0	70
2024.07.05	19:00:00	20365.95	20385.85	20345.65	20356.25	13676	0	70
2024.07.05	20:00:00	20356.25	20403.25	20343.95	20390.15	13110	0	70
2024.07.05	21:00:00	20390.45	20395.55	20360.75	20379.95	12568	0	70
2024.07.05	22:00:00	20379.35	20405.25	20374.85	20388.25	12725	0	70
2024.07.05	23:00:00	20388.45	20388.45	20365.45	20366.05	3668	0	90
2024.07.08	01:00:00	20372.55	20386.05	20366.05	20368.15	2412	0	150
2024.07.08	02:00:00	20369.05	20377.15	20355.15	20359.15	2285	0	150
2024.07.08	03:00:00	20358.85	20366.55	20352.55	20356.45	3996	0	150
2024.07.08	04:00:00	20356.55	20369.15	20347.75	20362.65	4862	0	150
2024.07.08	05:00:00	20362.35	20370.95	20359.05	20365.85	3144	0	150
2024.07.08	06:00:00	20365.85	20368.15	20359.55	20364.55	2389	0	150
2024.07.08	07:00:00	20364.65	20364.95	20355.65	20356.05	1572	0	150
2024.07.08	08:00:00	20355.95	20362.85	20350.95	20352.15	2875	0	150
2024.07.08	09:00:00	20352.15	20368.35	20350.55	20366.05	3805	0	150
2024.07.08	10:00:00	20366.05	20375.05	20356.55	20373.75	6036	0	160
2024.07.08	11:00:00	20374.45	20382.75	20366.95	20369.65	5024	0	150
2024.07.08	12:00:00	20369.85	20387.25	20368.65	20379.35	3588	0	150
2024.07.08	13:00:00	20379.35	20385.65	20375.55	20376.95	3400	0	150
2024.07.08	14:00:00	20376.45	20398.55	20372.85	20396.05	4051	0	150
2024.07.08	15:00:00	20395.85	20404.35	20391.65	20396.25	4344	0	150
2024.07.08	16:00:00	20396.55	20425.55	20368.35	20409.95	11499	0	70
2024.07.08	17:00:00	20411.05	20417.15	20360.75	20382.35	15820	0	80
2024.07.08	18:00:00	20381.85	20443.15	20376.85	20440.65	14557	0	30
2024.07.08	19:00:00	20440.55	20442.55	20382.05	20407.05	13426	0	70
2024.07.08	20:00:00	20407.35	20441.55	20398.95	20428.15	11983	0	70
2024.07.08	21:00:00	20427.45	20428.95	20382.55	20418.95	12462	0	70
2024.07.08	22:00:00	20418.95	20459.55	20390.45	20437.15	12424	0	70
2024.07.08	23:00:00	20438.15	20458.25	20427.35	20450.75	4070	0	110
2024.07.09	01:00:00	20453.95	20472.35	20452.65	20462.25	1755	0	150
2024.07.09	02:00:00	20462.25	20513.25	20462.25	20511.65	3386	0	150
2024.07.09	03:00:00	20511.45	20522.05	20494.75	20501.15	4007	0	150
2024.07.09	04:00:00	20501.05	20509.95	20481.75	20483.25	4318	0	150
2024.07.09	05:00:00	20483.55	20494.05	20476.85	20488.35	3566	0	150
2024.07.09	06:00:00	20488.35	20508.95	20487.45	20507.15	2590	0	150
2024.07.09	07:00:00	20507.15	20512.95	20502.25	20510.95	1866	0	150
2024.07.09	08:00:00	20510.95	20515.15	20494.35	20498.95	3322	0	150
2024.07.09	09:00:00	20498.85	20500.35	20488.65	20498.05	3305	0	150
2024.07.09	10:00:00	20497.95	20512.45	20485.25	20505.45	5471	0	150
2024.07.09	11:00:00	20504.55	20513.25	20497.65	20505.65	4618	0	150
2024.07.09	12:00:00	20505.75	20520.55	20504.45	20513.15	3148	0	150
2024.07.09	13:00:00	20513.15	20517.15	20504.65	20512.55	3147	0	150
2024.07.09	14:00:00	20513.05	20518.15	20491.55	20498.85	4033	0	150
2024.07.09	15:00:00	20499.35	20503.95	20476.45	20494.65	5416	0	160
2024.07.09	16:00:00	20494.95	20537.85	20489.65	20523.15	11249	0	70
2024.07.09	17:00:00	20523.15	20545.95	20455.35	20484.15	16230	0	80
2024.07.09	18:00:00	20484.15	20495.45	20445.25	20479.95	15148	0	70
2024.07.09	19:00:00	20480.15	20491.75	20419.25	20450.95	14570	0	70
2024.07.09	20:00:00	20449.65	20464.75	20390.35	20434.95	14820	0	70
2024.07.09	21:00:00	20434.95	20453.55	20416.05	20446.15	12462	0	70
2024.07.09	22:00:00	20446.15	20460.55	20430.55	20454.95	12078	0	70
2024.07.09	23:00:00	20453.95	20462.45	20445.45	20460.25	2891	0	100
2024.07.10	01:00:00	20460.75	20473.85	20460.25	20469.35	1255	0	150
2024.07.10	02:00:00	20469.35	20476.85	20468.75	20471.45	1294	0	150
2024.07.10	03:00:00	20471.35	20484.15	20470.95	20483.05	2723	0	150
2024.07.10	04:00:00	20483.05	20488.25	20478.55	20479.05	2468	0	150
2024.07.10	05:00:00	20479.05	20490.05	20478.75	20487.85	2078	0	150
2024.07.10	06:00:00	20487.85	20492.35	20486.05	20486.85	1249	0	150
2024.07.10	07:00:00	20486.65	20494.35	20481.25	20492.85	1538	0	150
2024.07.10	08:00:00	20493.65	20493.75	20473.65	20474.35	2650	0	150
2024.07.10	09:00:00	20474.25	20492.05	20474.15	20477.85	2996	0	150
2024.07.10	10:00:00	20477.85	20495.55	20474.45	20489.55	4518	0	150
2024.07.10	11:00:00	20489.45	20508.55	20488.35	20508.35	4142	0	150
2024.07.10	12:00:00	20508.35	20508.75	20498.25	20504.85	2743	0	150
2024.07.10	13:00:00	20504.85	20519.05	20502.15	20514.25	2592	0	150
2024.07.10	14:00:00	20513.85	20536.35	20507.65	20526.65	3380	0	150
2024.07.10	15:00:00	20526.95	20543.65	20525.15	20530.75	4396	0	150
2024.07.10	16:00:00	20530.95	20554.85	20498.55	20541.65	11312	0	70
2024.07.10	17:00:00	20541.55	20572.25	20500.35	20505.85	15941	0	80
2024.07.10	18:00:00	20504.35	20545.05	20479.65	20543.45	13865	0	70
2024.07.10	19:00:00	20543.15	20624.05	20536.85	20622.15	13879	0	70
2024.07.10	20:00:00	20621.95	20653.05	20615.05	20646.85	13578	0	70
2024.07.10	21:00:00	20646.85	20667.35	20634.05	20651.75	12103	0	70
2024.07.10	22:00:00	20651.75	20688.85	20625.55	20666.65	13607	0	70
2024.07.10	23:00:00	20665.85	20669.05	20650.45	20662.85	4276	0	100
2024.07.11	01:00:00	20673.65	20675.05	20656.85	20664.85	1545	0	150
2024.07.11	02:00:00	20664.85	20664.85	20652.45	20656.45	1490	0	150
2024.07.11	03:00:00	20656.45	20659.35	20635.65	20637.45	3363	0	150
2024.07.11	04:00:00	20637.45	20653.15	20628.85	20652.35	3466	0	150
2024.07.11	05:00:00	20652.45	20656.15	20646.95	20648.95	2482	0	150
2024.07.11	06:00:00	20648.45	20658.95	20644.95	20658.45	1937	0	150
2024.07.11	07:00:00	20658.65	20659.85	20653.75	20655.25	1536	0	150
2024.07.11	08:00:00	20655.25	20661.95	20642.65	20644.45	2048	0	150
2024.07.11	09:00:00	20644.35	20663.15	20643.35	20656.05	3333	0	150
2024.07.11	10:00:00	20656.05	20662.45	20648.25	20658.75	4736	0	150
2024.07.11	11:00:00	20658.75	20666.65	20651.75	20656.35	3520	0	150
2024.07.11	12:00:00	20656.65	20660.35	20647.95	20657.75	2995	0	150
2024.07.11	13:00:00	20657.85	20659.45	20651.45	20656.65	2381	0	150
2024.07.11	14:00:00	20656.65	20661.95	20654.35	20658.35	2496	0	150
2024.07.11	15:00:00	20658.45	20758.75	20641.55	20667.25	10450	0	150
2024.07.11	16:00:00	20667.45	20694.35	20600.15	20642.45	15221	0	90
2024.07.11	17:00:00	20641.75	20643.95	20379.75	20382.85	17554	0	90
2024.07.11	18:00:00	20382.85	20426.05	20254.85	20259.85	17114	0	100
2024.07.11	19:00:00	20260.05	20317.65	20214.65	20222.15	16221	0	90
2024.07.11	20:00:00	20223.45	20269.85	20173.55	20177.65	15614	0	80
2024.07.11	21:00:00	20179.45	20257.25	20164.25	20255.45	14798	0	80
2024.07.11	22:00:00	20255.75	20280.55	20214.85	20214.85	15408	0	80
2024.07.11	23:00:00	20213.65	20246.05	20193.55	20223.15	5115	0	100
2024.07.12	01:00:00	20233.85	20239.55	20210.55	20231.95	2579	0	150
2024.07.12	02:00:00	20232.15	20249.45	20193.75	20204.75	3578	0	150
2024.07.12	03:00:00	20204.85	20239.25	20199.95	20225.85	5566	0	160
2024.07.12	04:00:00	20225.75	20234.75	20213.05	20221.15	4149	0	150
2024.07.12	05:00:00	20221.15	20224.05	20208.55	20211.35	3207	0	150
2024.07.12	06:00:00	20211.35	20216.85	20203.65	20212.35	2237	0	150
2024.07.12	07:00:00	20212.35	20217.45	20178.65	20187.35	2312	0	150
2024.07.12	08:00:00	20187.45	20212.95	20166.15	20209.45	4280	0	160
2024.07.12	09:00:00	20209.95	20228.25	20195.45	20215.45	4382	0	160
2024.07.12	10:00:00	20214.55	20222.35	20172.15	20192.35	6487	0	200
2024.07.12	11:00:00	20192.15	20228.15	20192.15	20227.15	5675	0	190
2024.07.12	12:00:00	20227.35	20239.05	20208.95	20227.25	4525	0	160
2024.07.12	13:00:00	20227.05	20238.15	20204.45	20219.15	4655	0	160
2024.07.12	14:00:00	20219.45	20236.65	20195.65	20235.55	5196	0	190
2024.07.12	15:00:00	20235.55	20258.55	20128.85	20231.05	10466	0	190
2024.07.12	16:00:00	20231.05	20342.05	20213.55	20334.65	14859	0	80
2024.07.12	17:00:00	20340.15	20452.45	20315.15	20428.15	16454	0	90
2024.07.12	18:00:00	20427.95	20457.95	20382.35	20385.85	14578	0	70
2024.07.12	19:00:00	20383.15	20423.45	20346.15	20422.25	14701	0	70
2024.07.12	20:00:00	20421.95	20530.65	20414.95	20500.45	14220	0	70
2024.07.12	21:00:00	20500.65	20513.65	20471.45	20499.35	13891	0	70
2024.07.12	22:00:00	20499.55	20501.95	20299.55	20332.75	15677	0	70
2024.07.12	23:00:00	20331.65	20352.65	20317.65	20330.15	4908	0	90
2024.07.15	01:00:00	20329.65	20337.65	20300.15	20335.65	4938	0	160
2024.07.15	02:00:00	20335.25	20353.35	20322.45	20352.35	3056	0	150
2024.07.15	03:00:00	20352.25	20369.35	20340.95	20362.05	4060	0	150
2024.07.15	04:00:00	20362.15	20372.85	20360.05	20366.75	4257	0	150
2024.07.15	05:00:00	20367.05	20372.95	20352.15	20364.55	3571	0	150
2024.07.15	06:00:00	20364.15	20374.55	20361.95	20369.95	2341	0	150
2024.07.15	07:00:00	20369.95	20385.65	20368.15	20383.15	1909	0	150
2024.07.15	08:00:00	20383.05	20407.65	20380.95	20403.65	2848	0	150
2024.07.15	09:00:00	20403.45	20415.85	20391.75	20415.05	4122	0	150
2024.07.15	10:00:00	20414.95	20427.75	20407.05	20411.25	5695	0	170
2024.07.15	11:00:00	20411.75	20426.45	20410.95	20422.95	4599	0	150
2024.07.15	12:00:00	20422.65	20427.15	20416.95	20420.25	3273	0	150
2024.07.15	13:00:00	20420.15	20429.05	20403.35	20423.35	3213	0	150
2024.07.15	14:00:00	20423.35	20447.05	20411.75	20416.05	6127	0	160
2024.07.15	15:00:00	20416.85	20432.75	20390.65	20397.35	7281	0	220
2024.07.15	16:00:00	20397.35	20461.15	20380.35	20425.85	12974	0	70
2024.07.15	17:00:00	20426.35	20533.65	20422.05	20523.15	16103	0	80
2024.07.15	18:00:00	20523.35	20591.45	20459.85	20495.85	15596	0	70
2024.07.15	19:00:00	20496.05	20499.85	20399.35	20447.65	15934	0	90
2024.07.15	20:00:00	20447.15	20447.85	20350.95	20363.35	16158	0	90
2024.07.15	21:00:00	20363.65	20428.05	20342.35	20413.45	13943	0	80
2024.07.15	22:00:00	20409.15	20438.05	20301.95	20388.85	14877	0	80
2024.07.15	23:00:00	20387.45	20425.85	20381.05	20414.75	4441	0	100
2024.07.16	01:00:00	20431.45	20444.25	20427.85	20432.05	2282	0	150
2024.07.16	02:00:00	20432.05	20440.65	20427.55	20429.15	1836	0	150
2024.07.16	03:00:00	20429.65	20437.65	20416.45	20425.55	3549	0	150
2024.07.16	04:00:00	20425.45	20434.05	20417.25	20430.25	4692	0	150
2024.07.16	05:00:00	20430.25	20452.25	20430.15	20450.75	3426	0	150
2024.07.16	06:00:00	20450.95	20451.45	20437.65	20444.75	2523	0	150
2024.07.16	07:00:00	20444.95	20450.55	20436.25	20436.65	2075	0	150
2024.07.16	08:00:00	20436.75	20445.85	20430.75	20437.55	2937	0	150
2024.07.16	09:00:00	20437.75	20438.45	20411.05	20417.35	3854	0	160
2024.07.16	10:00:00	20417.25	20417.25	20360.65	20378.55	7404	0	190
2024.07.16	11:00:00	20379.15	20402.75	20338.65	20399.35	7646	0	230
2024.07.16	12:00:00	20399.55	20407.65	20373.15	20397.35	6013	0	200
2024.07.16	13:00:00	20397.75	20431.55	20393.65	20416.65	5311	0	170
2024.07.16	14:00:00	20417.75	20434.25	20414.25	20428.15	5008	0	160
2024.07.16	15:00:00	20428.35	20450.15	20385.75	20435.25	8134	0	170
2024.07.16	16:00:00	20435.05	20481.15	20364.95	20378.45	12908	0	70
2024.07.16	17:00:00	20378.35	20390.85	20284.15	20339.55	17204	0	90
2024.07.16	18:00:00	20339.95	20405.95	20320.35	20348.45	15189	0	80
2024.07.16	19:00:00	20348.45	20364.65	20262.85	20343.55	15163	0	80
2024.07.16	20:00:00	20340.55	20341.75	20292.95	20322.75	13362	0	70
2024.07.16	21:00:00	20323.25	20388.45	20283.75	20388.45	14519	0	70
2024.07.16	22:00:00	20387.95	20411.95	20357.65	20398.65	14279	0	80
2024.07.16	23:00:00	20397.65	20405.65	20384.25	20394.15	4095	0	100
2024.07.17	01:00:00	20389.95	20392.15	20382.95	20388.05	1569	0	150
2024.07.17	02:00:00	20388.35	20388.85	20356.05	20363.95	2649	0	150
2024.07.17	03:00:00	20364.35	20377.55	20356.55	20362.55	3738	0	150
2024.07.17	04:00:00	20362.55	20363.05	20345.85	20349.25	4223	0	150
2024.07.17	05:00:00	20350.15	20362.35	20346.05	20350.65	3110	0	150
2024.07.17	06:00:00	20350.65	20353.65	20323.65	20333.85	3498	0	150
2024.07.17	07:00:00	20334.25	20336.55	20315.85	20322.35	2843	0	150
2024.07.17	08:00:00	20322.55	20333.25	20305.85	20307.85	4734	0	150
2024.07.17	09:00:00	20309.15	20311.55	20213.75	20253.05	7496	0	210
2024.07.17	10:00:00	20253.15	20256.55	20145.55	20161.25	11163	0	230
2024.07.17	11:00:00	20161.45	20174.95	20106.55	20141.15	10884	0	230
2024.07.17	12:00:00	20141.15	20153.55	20119.45	20141.95	7223	0	220
2024.07.17	13:00:00	20141.85	20165.95	20119.05	20132.45	6530	0	180
2024.07.17	14:00:00	20134.45	20148.05	20058.15	20085.15	10594	0	230
2024.07.17	15:00:00	20082.95	20118.15	20071.95	20078.65	10133	0	230
2024.07.17	16:00:00	20078.75	20095.05	20005.45	20010.15	14832	0	90
2024.07.17	17:00:00	20009.95	20012.15	19900.05	19926.45	17781	0	90
2024.07.17	18:00:00	19924.15	19954.45	19856.75	19889.75	16776	0	100
2024.07.17	19:00:00	19889.95	19892.35	19813.45	19869.05	16069	0	90
2024.07.17	20:00:00	19868.55	19886.45	19816.55	19834.95	15676	0	80
2024.07.17	21:00:00	19836.25	19877.65	19815.65	19831.65	15383	0	90
2024.07.17	22:00:00	19831.65	19876.35	19793.65	19798.35	15781	0	90
2024.07.17	23:00:00	19798.05	19829.25	19770.95	19817.45	6404	0	100
2024.07.18	01:00:00	19865.15	19871.85	19842.85	19869.25	3214	0	150
2024.07.18	02:00:00	19868.65	19874.45	19859.45	19865.95	2966	0	150
2024.07.18	03:00:00	19866.05	19881.45	19861.15	19871.25	5716	0	150
2024.07.18	04:00:00	19871.35	19887.65	19860.25	19877.75	6290	0	150
2024.07.18	05:00:00	19877.95	19879.65	19863.35	19869.75	4271	0	150
2024.07.18	06:00:00	19869.65	19871.75	19832.35	19858.45	4188	0	150
2024.07.18	07:00:00	19859.05	19865.25	19843.65	19860.65	3590	0	150
2024.07.18	08:00:00	19860.65	19885.55	19852.65	19883.25	4955	0	160
2024.07.18	09:00:00	19883.15	19969.65	19865.75	19948.25	8496	0	200
2024.07.18	10:00:00	19948.45	19950.75	19843.95	19906.15	11564	0	230
2024.07.18	11:00:00	19905.45	19932.85	19866.75	19932.85	8531	0	230
2024.07.18	12:00:00	19932.85	19936.15	19866.15	19869.45	7508	0	230
2024.07.18	13:00:00	19869.65	19888.15	19826.15	19880.45	8005	0	230
2024.07.18	14:00:00	19880.85	19898.85	19866.45	19895.45	6439	0	230
2024.07.18	15:00:00	19895.45	19955.75	19881.15	19953.15	9147	0	230
2024.07.18	16:00:00	19952.95	19970.45	19829.05	19877.15	14136	0	90
2024.07.18	17:00:00	19876.55	19915.35	19703.65	19800.35	18005	0	100
2024.07.18	18:00:00	19798.85	19815.25	19596.65	19607.55	18113	0	100
2024.07.18	19:00:00	19606.55	19724.85	19583.65	19724.15	16980	0	90
2024.07.18	20:00:00	19724.15	19756.05	19666.05	19684.05	16788	0	90
2024.07.18	21:00:00	19683.95	19702.15	19612.05	19657.35	16488	0	90
2024.07.18	22:00:00	19657.35	19775.25	19570.05	19711.85	17699	0	90
2024.07.18	23:00:00	19709.05	19760.55	19679.25	19759.45	7239	0	100
2024.07.19	01:00:00	19776.75	19791.85	19751.65	19771.15	3468	0	150
2024.07.19	02:00:00	19771.15	19780.85	19758.75	19761.35	2421	0	150
2024.07.19	03:00:00	19761.15	19780.55	19750.95	19763.15	5383	0	160
2024.07.19	04:00:00	19763.35	19778.35	19756.35	19763.05	5280	0	160
2024.07.19	05:00:00	19763.05	19774.35	19751.55	19768.55	3742	0	150
2024.07.19	06:00:00	19768.55	19774.45	19761.65	19771.65	2963	0	150
2024.07.19	07:00:00	19771.55	19776.45	19765.25	19773.95	2333	0	150
2024.07.19	08:00:00	19773.95	19779.85	19764.55	19779.65	2925	0	150
2024.07.19	09:00:00	19779.85	19795.65	19715.25	19724.15	5098	0	150
2024.07.19	10:00:00	19723.75	19724.15	19574.55	19613.65	11456	0	230
2024.07.19	11:00:00	19611.95	19679.45	19601.65	19656.55	9189	0	230
2024.07.19	12:00:00	19657.25	19681.75	19623.95	19667.15	9236	0	230
2024.07.19	13:00:00	19666.95	19723.65	19664.45	19685.45	8914	0	230
2024.07.19	14:00:00	19687.05	19755.25	19680.45	19739.75	7969	0	230
2024.07.19	15:00:00	19739.75	19760.15	19716.25	19756.05	9541	0	230
2024.07.19	16:00:00	19755.45	19792.55	19653.35	19706.15	16010	0	90
2024.07.19	17:00:00	19706.15	19737.05	19596.75	19646.95	18652	0	90
2024.07.19	18:00:00	19647.95	19697.05	19526.35	19639.45	17690	0	100
2024.07.19	19:00:00	19638.95	19648.15	19507.85	19550.15	16438	0	90
2024.07.19	20:00:00	19550.35	19552.15	19475.55	19542.05	16542	0	90
2024.07.19	21:00:00	19542.35	19566.55	19491.45	19541.85	16073	0	90
2024.07.19	22:00:00	19542.35	19605.55	19507.35	19533.85	16469	0	90
2024.07.19	23:00:00	19532.45	19557.65	19512.95	19522.95	4890	0	100
2024.07.22	01:00:00	19581.55	19616.75	19557.95	19613.15	5583	0	210
2024.07.22	02:00:00	19612.25	19663.05	19612.15	19639.55	5942	0	180
2024.07.22	03:00:00	19639.45	19645.45	19589.15	19632.15	6776	0	180
2024.07.22	04:00:00	19632.55	19635.15	19557.15	19567.95	9134	0	230
2024.07.22	05:00:00	19568.45	19589.45	19541.45	19575.45	7702	0	220
2024.07.22	06:00:00	19575.95	19621.65	19574.25	19599.75	6109	0	200
2024.07.22	07:00:00	19599.75	19626.15	19563.55	19623.05	4637	0	180
2024.07.22	08:00:00	19623.15	19630.25	19600.95	19610.15	5167	0	180
2024.07.22	09:00:00	19609.65	19647.75	19586.55	19638.65	6794	0	230
2024.07.22	10:00:00	19638.25	19660.05	19580.25	19645.65	9842	0	230
2024.07.22	11:00:00	19640.55	19662.75	19628.95	19637.95	7157	0	230
2024.07.22	12:00:00	19638.05	19674.35	19631.25	19669.15	5526	0	190
2024.07.22	13:00:00	19668.95	19712.75	19660.15	19712.05	6372	0	210
2024.07.22	14:00:00	19711.65	19721.15	19689.05	19719.85	6150	0	210
2024.07.22	15:00:00	19719.85	19753.05	19714.95	19734.95	7488	0	220
2024.07.22	16:00:00	19734.75	19846.55	19705.85	19790.45	13801	0	90
2024.07.22	17:00:00	19790.75	19835.85	19713.05	19771.35	18562	0	90
2024.07.22	18:00:00	19770.95	19813.35	19627.05	19682.45	18678	0	100
2024.07.22	19:00:00	19680.95	19794.45	19653.15	19783.55	16044	0	80
2024.07.22	20:00:00	19783.95	19838.35	19779.95	19817.05	15154	0	80
2024.07.22	21:00:00	19817.15	19861.95	19809.85	19828.35	14023	0	80
2024.07.22	22:00:00	19830.45	19851.95	19797.65	19816.45	15675	0	80
2024.07.22	23:00:00	19818.25	19831.55	19784.25	19786.95	5069	0	100
2024.07.23	01:00:00	19807.85	19820.75	19804.85	19810.55	2042	0	150
2024.07.23	02:00:00	19810.25	19811.55	19777.15	19778.75	2690	0	150
2024.07.23	03:00:00	19778.55	19789.85	19748.85	19761.25	4982	0	160
2024.07.23	04:00:00	19761.35	19792.05	19756.45	19778.75	6213	0	180
2024.07.23	05:00:00	19778.75	19782.75	19758.75	19771.15	4063	0	150
2024.07.23	06:00:00	19771.05	19772.95	19735.95	19756.55	4536	0	160
2024.07.23	07:00:00	19757.05	19775.05	19755.65	19765.05	2562	0	150
2024.07.23	08:00:00	19765.35	19777.45	19746.15	19755.15	3986	0	150
2024.07.23	09:00:00	19755.35	19770.45	19722.45	19760.35	6002	0	220
2024.07.23	10:00:00	19760.65	19763.05	19691.95	19716.85	10007	0	230
2024.07.23	11:00:00	19716.85	19752.95	19699.85	19743.85	7830	0	230
2024.07.23	12:00:00	19743.95	19793.95	19743.95	19782.45	5681	0	180
2024.07.23	13:00:00	19782.45	19816.85	19775.65	19796.95	5524	0	190
2024.07.23	14:00:00	19796.95	19838.95	19796.45	19820.65	7193	0	230
2024.07.23	15:00:00	19820.15	19821.15	19749.15	19794.05	8877	0	230
2024.07.23	16:00:00	19794.05	19859.15	19759.75	19831.55	14256	0	90
2024.07.23	17:00:00	19834.95	19872.95	19754.65	19795.15	17770	0	90
2024.07.23	18:00:00	19795.75	19911.15	19794.55	19860.85	15451	0	80
2024.07.23	19:00:00	19861.35	19866.85	19754.15	19776.05	16441	0	90
2024.07.23	20:00:00	19776.15	19814.75	19742.55	19806.25	15254	0	70
2024.07.23	21:00:00	19806.55	19823.75	19774.65	19802.55	11777	0	70
2024.07.23	22:00:00	19802.45	19821.75	19731.05	19750.55	12844	0	70
2024.07.23	23:00:00	19751.55	19824.35	19730.55	19786.95	7740	0	110
2024.07.24	01:00:00	19663.45	19673.35	19614.05	19644.35	5773	0	220
2024.07.24	02:00:00	19645.35	19645.35	19619.85	19620.25	3717	0	180
2024.07.24	03:00:00	19620.25	19665.55	19620.25	19655.45	5341	0	200
2024.07.24	04:00:00	19656.15	19664.45	19639.65	19642.65	4947	0	160
2024.07.24	05:00:00	19642.75	19651.35	19636.55	19645.95	3146	0	150
2024.07.24	06:00:00	19645.65	19650.65	19620.95	19627.75	3191	0	150
2024.07.24	07:00:00	19627.95	19629.85	19550.25	19557.65	4625	0	150
2024.07.24	08:00:00	19558.55	19603.55	19555.15	19592.15	4954	0	180
2024.07.24	09:00:00	19592.25	19603.55	19541.65	19550.05	7045	0	210
2024.07.24	10:00:00	19549.85	19581.35	19537.05	19545.65	9600	0	230
2024.07.24	11:00:00	19546.75	19581.35	19512.35	19574.55	8966	0	220
2024.07.24	12:00:00	19574.85	19579.75	19531.85	19545.35	7323	0	230
2024.07.24	13:00:00	19546.35	19576.85	19534.75	19544.25	5822	0	170
2024.07.24	14:00:00	19544.55	19558.75	19518.55	19533.95	7761	0	230
2024.07.24	15:00:00	19533.75	19535.95	19438.25	19463.65	10353	0	230
2024.07.24	16:00:00	19463.75	19484.45	19338.45	19348.35	14405	0	90
2024.07.24	17:00:00	19347.85	19360.35	19250.65	19273.85	17405	0	90
2024.07.24	18:00:00	19273.85	19281.55	19194.55	19196.05	15155	0	90
2024.07.24	19:00:00	19196.05	19204.25	19145.25	19158.35	15224	0	80
2024.07.24	20:00:00	19158.35	19216.35	19148.25	19155.75	14467	0	80
2024.07.24	21:00:00	19157.75	19166.45	19061.25	19085.05	14154	0	80
2024.07.24	22:00:00	19085.05	19144.05	19005.85	19041.85	15833	0	80
2024.07.24	23:00:00	19040.15	19111.55	19026.45	19106.05	8676	0	100
2024.07.25	01:00:00	19108.55	19141.95	19108.05	19116.05	3798	0	180
2024.07.25	02:00:00	19116.05	19126.95	19101.75	19108.75	3846	0	210
2024.07.25	03:00:00	19108.25	19139.55	19095.55	19130.25	7610	0	220
2024.07.25	04:00:00	19129.95	19140.25	19085.45	19093.95	6835	0	220
2024.07.25	05:00:00	19094.55	19112.85	19054.95	19070.95	7133	0	210
2024.07.25	06:00:00	19071.05	19122.35	19070.95	19106.35	6047	0	220
2024.07.25	07:00:00	19106.35	19112.55	19085.85	19093.25	3985	0	160
2024.07.25	08:00:00	19093.35	19108.05	19071.35	19073.05	4966	0	170
2024.07.25	09:00:00	19074.25	19113.35	18992.95	19082.55	10357	0	230
2024.07.25	10:00:00	19082.85	19098.95	19002.25	19024.95	14322	0	230
2024.07.25	11:00:00	19024.25	19042.45	18900.95	19036.35	14538	0	230
2024.07.25	12:00:00	19036.45	19073.55	18973.75	18981.95	10937	0	230
2024.07.25	13:00:00	18982.75	19007.05	18935.45	18997.45	11230	0	230
2024.07.25	14:00:00	19000.85	19046.05	18967.25	18970.65	10320	0	230
2024.07.25	15:00:00	18971.15	19074.05	18928.25	19073.25	12886	0	230
2024.07.25	16:00:00	19070.45	19084.25	18857.55	18873.35	17384	0	90
2024.07.25	17:00:00	18871.35	19055.75	18724.05	19052.75	19758	0	90
2024.07.25	18:00:00	19052.75	19116.25	18981.75	19073.05	18959	0	100
2024.07.25	19:00:00	19072.85	19198.55	19029.45	19170.85	18548	0	90
2024.07.25	20:00:00	19171.65	19228.75	19085.25	19129.45	17872	0	90
2024.07.25	21:00:00	19129.05	19134.25	18950.35	18967.75	18268	0	90
2024.07.25	22:00:00	18967.75	19082.95	18821.45	18830.55	18682	0	90
2024.07.25	23:00:00	18829.05	18845.05	18779.65	18820.85	9257	0	100
2024.07.26	01:00:00	18867.05	18877.05	18847.15	18848.35	4173	0	210
2024.07.26	02:00:00	18849.35	18868.15	18838.95	18866.45	3480	0	160
2024.07.26	03:00:00	18866.35	18906.55	18861.85	18895.25	6941	0	200
2024.07.26	04:00:00	18895.15	18931.65	18893.75	18928.45	7506	0	200
2024.07.26	05:00:00	18928.15	18938.75	18916.65	18918.25	5565	0	180
2024.07.26	06:00:00	18918.45	18939.75	18908.35	18923.95	4978	0	180
2024.07.26	07:00:00	18924.25	18957.85	18916.35	18955.05	3383	0	160
2024.07.26	08:00:00	18955.15	18966.45	18916.05	18917.15	5481	0	180
2024.07.26	09:00:00	18917.15	18964.15	18915.25	18939.35	6621	0	230
2024.07.26	10:00:00	18939.65	19003.85	18935.15	18998.15	10512	0	230
2024.07.26	11:00:00	18998.15	19072.15	18982.55	19070.35	9234	0	230
2024.07.26	12:00:00	19070.85	19071.75	19030.65	19043.25	7773	0	230
2024.07.26	13:00:00	19043.25	19051.65	19014.25	19018.35	6460	0	230
2024.07.26	14:00:00	19018.05	19065.75	19005.75	19063.85	7425	0	220
2024.07.26	15:00:00	19063.35	19086.35	19010.85	19029.55	10788	0	220
2024.07.26	16:00:00	19030.15	19034.75	18912.55	18983.55	15304	0	90
2024.07.26	17:00:00	18983.55	19043.55	18894.15	18978.75	19117	0	90
2024.07.26	18:00:00	18978.95	19044.35	18943.55	19035.55	18134	0	100
2024.07.26	19:00:00	19035.55	19139.05	19027.75	19127.35	16171	0	90
2024.07.26	20:00:00	19126.35	19148.15	19000.45	19045.35	16945	0	90
2024.07.26	21:00:00	19045.35	19072.05	18969.95	18980.65	17430	0	90
2024.07.26	22:00:00	18979.15	19041.35	18956.25	19025.55	18153	0	90
2024.07.26	23:00:00	19023.55	19040.05	19017.05	19027.45	4489	0	100
2024.07.29	01:00:00	19052.35	19091.55	19049.95	19081.55	5145	0	230
2024.07.29	02:00:00	19080.35	19102.85	19075.45	19091.45	4413	0	190
2024.07.29	03:00:00	19091.95	19179.25	19088.25	19149.35	8293	0	180
2024.07.29	04:00:00	19149.75	19166.85	19129.85	19143.75	8814	0	230
2024.07.29	05:00:00	19144.35	19164.85	19134.95	19137.45	5911	0	210
2024.07.29	06:00:00	19137.45	19162.45	19135.95	19153.55	4006	0	160
2024.07.29	07:00:00	19153.55	19160.05	19143.75	19150.65	2315	0	150
2024.07.29	08:00:00	19150.45	19177.45	19147.75	19161.45	4066	0	160
2024.07.29	09:00:00	19161.15	19183.35	19142.35	19172.15	4832	0	190
2024.07.29	10:00:00	19172.45	19172.45	19069.85	19087.95	10845	0	230
2024.07.29	11:00:00	19087.85	19133.95	19076.95	19098.15	9056	0	230
2024.07.29	12:00:00	19099.45	19122.25	19084.95	19119.25	6077	0	220
2024.07.29	13:00:00	19119.15	19143.75	19110.25	19133.25	5380	0	200
2024.07.29	14:00:00	19133.15	19168.85	19127.75	19146.85	6649	0	230
2024.07.29	15:00:00	19145.45	19212.75	19138.75	19160.85	8781	0	230
2024.07.29	16:00:00	19161.85	19218.15	19074.55	19209.55	14837	0	90
2024.07.29	17:00:00	19210.05	19228.45	19072.05	19076.25	19023	0	90
2024.07.29	18:00:00	19075.05	19124.25	18966.85	19114.05	18323	0	100
2024.07.29	19:00:00	19114.75	19195.05	19113.45	19161.15	16402	0	90
2024.07.29	20:00:00	19162.05	19201.75	19098.75	19107.25	16468	0	90
2024.07.29	21:00:00	19108.55	19108.55	19038.55	19072.05	16638	0	90
2024.07.29	22:00:00	19072.55	19117.45	19048.85	19058.95	16003	0	80
2024.07.29	23:00:00	19058.75	19070.35	19038.25	19061.45	4596	0	100
2024.07.30	01:00:00	19082.05	19082.85	19059.15	19068.35	1440	0	150
2024.07.30	02:00:00	19068.35	19068.95	18975.25	18985.25	3881	0	160
2024.07.30	03:00:00	18985.05	19010.45	18978.75	19008.05	5111	0	210
2024.07.30	04:00:00	19008.05	19016.85	18948.25	18959.55	7427	0	210
2024.07.30	05:00:00	18960.05	18974.85	18928.55	18959.45	5728	0	200
2024.07.30	06:00:00	18959.85	18988.75	18955.85	18982.15	4881	0	200
2024.07.30	07:00:00	18982.15	19034.55	18982.15	19032.35	4977	0	190
2024.07.30	08:00:00	19032.75	19059.75	19020.85	19054.95	5443	0	170
2024.07.30	09:00:00	19054.35	19065.45	19036.15	19058.95	5573	0	220
2024.07.30	10:00:00	19059.15	19101.85	19059.15	19085.95	7924	0	230
2024.07.30	11:00:00	19086.15	19107.95	19057.15	19097.15	7824	0	230
2024.07.30	12:00:00	19095.95	19115.65	19058.25	19077.15	6442	0	210
2024.07.30	13:00:00	19077.35	19106.65	19070.15	19104.15	5300	0	190
2024.07.30	14:00:00	19103.75	19129.75	19096.25	19113.15	5465	0	200
2024.07.30	15:00:00	19113.15	19128.15	19102.45	19119.45	5992	0	170
2024.07.30	16:00:00	19119.15	19170.55	19058.75	19078.05	13055	0	80
2024.07.30	17:00:00	19077.85	19096.25	18950.85	18960.85	18642	0	90
2024.07.30	18:00:00	18960.05	18969.25	18781.45	18785.95	18679	0	100
2024.07.30	19:00:00	18786.25	18829.85	18671.05	18673.25	17636	0	90
2024.07.30	20:00:00	18672.75	18807.95	18660.05	18795.55	17303	0	90
2024.07.30	21:00:00	18795.35	18857.45	18781.15	18811.05	15735	0	90
2024.07.30	22:00:00	18810.25	18873.45	18762.45	18797.55	16228	0	90
2024.07.30	23:00:00	18804.95	18811.05	18585.95	18745.15	10086	0	100
2024.07.31	01:00:00	18813.95	18853.75	18804.55	18826.35	6868	0	230
2024.07.31	02:00:00	18826.95	18920.45	18822.85	18916.85	5603	0	200
2024.07.31	03:00:00	18916.75	18936.25	18871.35	18933.35	7710	0	230
2024.07.31	04:00:00	18933.45	18945.25	18913.35	18933.95	8085	0	230
2024.07.31	05:00:00	18933.45	18975.95	18931.35	18963.55	5470	0	190
2024.07.31	06:00:00	18962.95	18995.75	18951.35	18992.05	2748	0	150
2024.07.31	07:00:00	18991.85	19003.25	18951.25	18962.35	7105	0	190
2024.07.31	08:00:00	18962.55	19080.95	18951.85	19072.75	8543	0	220
2024.07.31	09:00:00	19072.85	19080.05	19023.35	19069.05	8926	0	230
2024.07.31	10:00:00	19069.25	19093.35	19036.55	19077.45	10800	0	230
2024.07.31	11:00:00	19074.05	19102.95	19035.05	19070.95	10010	0	230
2024.07.31	12:00:00	19071.35	19086.35	19049.95	19056.85	8057	0	230
2024.07.31	13:00:00	19053.85	19099.25	19053.85	19097.95	6308	0	220
2024.07.31	14:00:00	19098.45	19116.25	19070.35	19108.05	8386	0	230
2024.07.31	15:00:00	19106.85	19212.15	19103.65	19204.95	10707	0	230
2024.07.31	16:00:00	19204.65	19269.35	19169.95	19248.65	15236	0	90
2024.07.31	17:00:00	19248.85	19352.05	19230.25	19311.45	18795	0	90
2024.07.31	18:00:00	19310.35	19371.65	19300.55	19327.85	16778	0	100
2024.07.31	19:00:00	19328.05	19346.95	19281.15	19285.15	16603	0	90
2024.07.31	20:00:00	19285.85	19336.15	19201.85	19285.55	16224	0	80
2024.07.31	21:00:00	19286.55	19424.85	19253.35	19409.95	17927	0	90
2024.07.31	22:00:00	19410.45	19427.55	19271.55	19354.95	18959	0	90
2024.07.31	23:00:00	19353.35	19501.45	19346.45	19434.05	9640	0	100
2024.08.01	01:00:00	19486.05	19501.05	19461.75	19491.65	4567	0	210
2024.08.01	02:00:00	19491.35	19544.55	19490.75	19532.85	5346	0	190
2024.08.01	03:00:00	19532.85	19575.25	19498.75	19504.15	9402	0	230
2024.08.01	04:00:00	19504.55	19524.25	19477.85	19496.25	10434	0	230
2024.08.01	05:00:00	19495.85	19533.75	19481.65	19526.05	7984	0	230
2024.08.01	06:00:00	19525.35	19547.35	19519.65	19542.55	5677	0	200
2024.08.01	07:00:00	19542.65	19546.35	19517.25	19528.05	4912	0	180
2024.08.01	08:00:00	19528.25	19550.25	19511.25	19549.05	5347	0	190
2024.08.01	09:00:00	19548.65	19550.15	19444.65	19453.35	8733	0	230
2024.08.01	10:00:00	19454.35	19520.55	19447.55	19476.15	11526	0	230
2024.08.01	11:00:00	19475.85	19482.85	19363.55	19382.15	12786	0	230
2024.08.01	12:00:00	19383.15	19460.05	19374.85	19447.35	9193	0	230
2024.08.01	13:00:00	19447.55	19464.15	19416.85	19451.05	7477	0	230
2024.08.01	14:00:00	19447.35	19490.15	19428.65	19432.75	9470	0	230
2024.08.01	15:00:00	19434.25	19505.25	19425.35	19454.65	11189	0	230
2024.08.01	16:00:00	19454.65	19540.05	19364.35	19502.85	16658	0	90
2024.08.01	17:00:00	19502.55	19525.95	19188.65	19201.65	19465	0	100
2024.08.01	18:00:00	19202.45	19215.35	19011.35	19025.95	18585	0	90
2024.08.01	19:00:00	19026.15	19100.85	18939.35	18957.45	18440	0	90
2024.08.01	20:00:00	18959.45	18974.35	18778.95	18885.65	18284	0	100
2024.08.01	21:00:00	18881.65	18899.35	18736.25	18757.85	18403	0	90
2024.08.01	22:00:00	18755.85	18931.05	18750.45	18895.25	18701	0	90
2024.08.01	23:00:00	18893.35	18911.85	18720.25	18795.25	9534	0	100
2024.08.02	01:00:00	18830.05	18830.05	18714.55	18738.15	7838	0	230
2024.08.02	02:00:00	18738.15	18823.55	18726.95	18785.75	6996	0	230
2024.08.02	03:00:00	18782.15	18805.65	18738.65	18780.95	8351	0	230
2024.08.02	04:00:00	18781.15	18792.45	18740.45	18768.65	5176	0	230
2024.08.02	05:00:00	18770.15	18772.65	18559.05	18634.05	7081	0	230
2024.08.02	06:00:00	18635.25	18675.25	18629.95	18660.95	3209	0	230
2024.08.02	07:00:00	18660.95	18666.95	18618.65	18637.75	2404	0	230
2024.08.02	08:00:00	18637.65	18674.05	18615.95	18638.05	4364	0	230
2024.08.02	09:00:00	18638.15	18654.45	18569.25	18576.45	7986	0	230
2024.08.02	10:00:00	18576.15	18621.25	18513.95	18621.05	11520	0	230
2024.08.02	11:00:00	18621.05	18633.15	18544.75	18601.95	9713	0	230
2024.08.02	12:00:00	18601.15	18604.25	18528.75	18555.05	7113	0	230
2024.08.02	13:00:00	18555.75	18611.15	18517.95	18584.55	8581	0	230
2024.08.02	14:00:00	18584.65	18606.25	18544.05	18549.05	8655	0	230
2024.08.02	15:00:00	18548.45	18607.75	18383.85	18460.55	13527	0	230
2024.08.02	16:00:00	18460.95	18636.55	18419.05	18452.35	17778	0	90
2024.08.02	17:00:00	18453.95	18495.05	18263.05	18302.35	19753	0	100
2024.08.02	18:00:00	18301.45	18506.15	18281.15	18470.55	19550	0	100
2024.08.02	19:00:00	18471.95	18509.35	18360.05	18384.75	19228	0	90
2024.08.02	20:00:00	18386.35	18435.55	18322.05	18368.95	18605	0	90
2024.08.02	21:00:00	18369.85	18464.65	18329.85	18378.95	18123	0	90
2024.08.02	22:00:00	18378.85	18457.05	18338.65	18436.15	18221	0	90
2024.08.02	23:00:00	18438.35	18442.95	18385.35	18398.65	6810	0	100
2024.08.05	01:00:00	18187.85	18264.25	18153.45	18224.45	3628	0	230
2024.08.05	02:00:00	18224.45	18234.95	18099.25	18142.15	4712	0	230
2024.08.05	03:00:00	18142.45	18151.25	18043.15	18058.65	6312	0	230
2024.08.05	04:00:00	18058.65	18064.15	17952.45	18011.95	6560	0	230
2024.08.05	05:00:00	18011.95	18058.55	17969.05	17996.45	5039	0	230
2024.08.05	06:00:00	17996.45	18019.95	17906.55	17910.05	3642	0	230
2024.08.05	07:00:00	17910.05	17926.55	17773.65	17783.05	5331	0	230
2024.08.05	08:00:00	17783.05	17795.05	17237.95	17432.45	9078	0	230
2024.08.05	09:00:00	17428.45	17562.45	17344.95	17505.05	7620	0	230
2024.08.05	10:00:00	17504.25	17750.05	17502.45	17735.55	9458	0	230
2024.08.05	11:00:00	17746.15	17871.95	17678.75	17712.15	9383	0	230
2024.08.05	12:00:00	17712.75	17769.75	17557.25	17698.25	7166	0	230
2024.08.05	13:00:00	17696.25	17698.65	17520.95	17656.05	7067	0	230
2024.08.05	14:00:00	17663.65	17702.25	17477.95	17527.45	8972	0	230
2024.08.05	15:00:00	17530.25	17593.55	17247.55	17420.05	12752	0	230
2024.08.05	16:00:00	17416.65	17836.55	17394.65	17773.15	15478	0	90
2024.08.05	17:00:00	17789.65	17998.05	17739.85	17833.05	20070	0	100
2024.08.05	18:00:00	17828.75	18077.05	17778.65	17995.35	17409	0	100
2024.08.05	19:00:00	17995.55	18174.85	17907.45	17926.45	17194	0	90
2024.08.05	20:00:00	17927.25	18054.55	17908.85	17964.75	18168	0	90
2024.08.05	21:00:00	17963.75	17974.85	17780.25	17793.25	18968	0	90
2024.08.05	22:00:00	17796.35	17916.85	17795.35	17908.85	19119	0	90
2024.08.05	23:00:00	17898.45	18054.35	17886.05	17995.25	9817	0	100
2024.08.06	01:00:00	18087.15	18146.45	18054.25	18095.65	4118	0	230
2024.08.06	02:00:00	18095.75	18173.65	18081.45	18173.55	4692	0	230
2024.08.06	03:00:00	18179.25	18225.15	18116.05	18222.15	7938	0	230
2024.08.06	04:00:00	18221.75	18321.55	18195.75	18257.05	8462	0	230
2024.08.06	05:00:00	18256.15	18274.75	18199.25	18226.75	4993	0	230
2024.08.06	06:00:00	18226.95	18309.95	18225.95	18278.65	4238	0	230
2024.08.06	07:00:00	18278.75	18290.25	18207.55	18219.65	4826	0	230
2024.08.06	08:00:00	18220.95	18262.45	18119.65	18230.65	7986	0	230
2024.08.06	09:00:00	18230.75	18252.05	18134.15	18160.15	6925	0	230
2024.08.06	10:00:00	18158.55	18199.75	18109.15	18138.05	8173	0	230
2024.08.06	11:00:00	18136.45	18156.45	18015.65	18056.05	7337	0	230
2024.08.06	12:00:00	18055.75	18055.75	17905.15	17975.75	8001	0	230
2024.08.06	13:00:00	17974.95	18074.25	17941.75	18055.95	6575	0	230
2024.08.06	14:00:00	18057.25	18139.95	18017.45	18075.65	7061	0	230
2024.08.06	15:00:00	18075.65	18088.25	17941.95	17971.95	10641	0	230
2024.08.06	16:00:00	17970.45	18060.75	17854.05	18027.05	15668	0	90
2024.08.06	17:00:00	18028.75	18229.05	17989.65	18190.55	19801	0	90
2024.08.06	18:00:00	18190.65	18238.45	18071.75	18231.15	19130	0	100
2024.08.06	19:00:00	18230.75	18334.25	18205.45	18315.65	17367	0	90
2024.08.06	20:00:00	18316.35	18337.95	18268.45	18307.95	17573	0	100
2024.08.06	21:00:00	18307.75	18371.15	18274.45	18276.55	17042	0	90
2024.08.06	22:00:00	18280.05	18280.35	18053.95	18059.65	19334	0	100
2024.08.06	23:00:00	18060.75	18160.55	17987.25	17988.25	10964	0	230
2024.08.07	01:00:00	17959.25	18027.65	17959.25	17990.45	4154	0	230
2024.08.07	02:00:00	17990.45	18019.15	17938.95	17948.35	4372	0	230
2024.08.07	03:00:00	17948.65	18084.75	17940.85	18058.95	7372	0	230
2024.08.07	04:00:00	18058.75	18208.25	18035.25	18182.45	8151	0	230
2024.08.07	05:00:00	18182.65	18268.95	18144.45	18242.95	5588	0	230
2024.08.07	06:00:00	18243.15	18303.75	18240.75	18277.95	5254	0	230
2024.08.07	07:00:00	18278.95	18326.45	18262.45	18289.45	5663	0	230
2024.08.07	08:00:00	18289.45	18296.05	18206.05	18218.45	6796	0	230
2024.08.07	09:00:00	18219.45	18236.15	18143.45	18208.15	5812	0	230
2024.08.07	10:00:00	18207.45	18220.35	18110.95	18148.35	9344	0	230
2024.08.07	11:00:00	18155.55	18287.35	18133.55	18287.15	7598	0	230
2024.08.07	12:00:00	18286.45	18335.15	18262.65	18301.15	7735	0	230
2024.08.07	13:00:00	18299.85	18340.35	18288.55	18327.95	6275	0	230
2024.08.07	14:00:00	18327.65	18351.05	18268.95	18282.45	7504	0	230
2024.08.07	15:00:00	18285.45	18341.85	18274.95	18322.45	9055	0	230
2024.08.07	16:00:00	18320.45	18448.25	18295.95	18410.25	14751	0	90
2024.08.07	17:00:00	18411.05	18446.65	18299.15	18403.45	19139	0	90
2024.08.07	18:00:00	18405.45	18439.15	18233.75	18292.15	18694	0	100
2024.08.07	19:00:00	18290.15	18295.95	18151.45	18173.95	18264	0	90
2024.08.07	20:00:00	18173.75	18188.95	17987.15	18010.45	18335	0	90
2024.08.07	21:00:00	18006.55	18024.95	17892.45	17922.25	18638	0	90
2024.08.07	22:00:00	17921.55	18038.35	17843.95	17866.75	18354	0	90
2024.08.07	23:00:00	17863.95	17890.55	17773.65	17774.65	9423	0	100
2024.08.08	01:00:00	17764.75	17821.55	17757.65	17789.85	4176	0	230
2024.08.08	02:00:00	17789.95	17797.15	17642.85	17740.35	5916	0	230
2024.08.08	03:00:00	17739.05	17835.65	17720.35	17801.95	7961	0	230
2024.08.08	04:00:00	17801.85	17881.85	17789.05	17873.15	5572	0	230
2024.08.08	05:00:00	17873.15	17936.05	17872.55	17924.35	5894	0	230
2024.08.08	06:00:00	17924.35	17972.95	17894.65	17915.35	5634	0	230
2024.08.08	07:00:00	17915.55	17935.95	17858.85	17883.95	6267	0	230
2024.08.08	08:00:00	17883.85	17915.85	17821.95	17831.15	5542	0	230
2024.08.08	09:00:00	17829.55	17948.05	17811.15	17931.55	5953	0	230
2024.08.08	10:00:00	17931.65	17937.15	17773.95	17809.65	8431	0	230
2024.08.08	11:00:00	17804.05	17893.15	17798.45	17891.55	6648	0	230
2024.08.08	12:00:00	17891.45	17911.55	17806.15	17834.65	5765	0	230
2024.08.08	13:00:00	17835.95	17891.35	17814.35	17866.35	5654	0	230
2024.08.08	14:00:00	17865.35	17899.85	17830.85	17887.15	5071	0	230
2024.08.08	15:00:00	17890.05	18099.15	17854.65	18050.75	9764	0	230
2024.08.08	16:00:00	18053.85	18147.75	17961.35	18104.75	16161	0	90
2024.08.08	17:00:00	18104.45	18333.65	18086.15	18308.15	18759	0	90
2024.08.08	18:00:00	18309.75	18315.55	18220.45	18299.25	18171	0	100
2024.08.08	19:00:00	18300.35	18363.85	18255.25	18300.35	17323	0	90
2024.08.08	20:00:00	18300.85	18424.65	18251.75	18407.15	16474	0	90
2024.08.08	21:00:00	18406.95	18447.65	18365.65	18385.85	16158	0	90
2024.08.08	22:00:00	18386.45	18431.95	18297.55	18410.55	18147	0	90
2024.08.08	23:00:00	18413.45	18485.25	18405.45	18453.45	7777	0	100
2024.08.09	01:00:00	18457.45	18461.95	18421.95	18457.75	2397	0	190
2024.08.09	02:00:00	18457.75	18513.55	18454.95	18498.25	4055	0	230
2024.08.09	03:00:00	18498.55	18498.55	18387.05	18418.45	8535	0	230
2024.08.09	04:00:00	18418.25	18463.25	18410.95	18441.95	6881	0	230
2024.08.09	05:00:00	18442.15	18493.25	18427.15	18486.45	4673	0	230
2024.08.09	06:00:00	18484.95	18491.55	18438.95	18462.55	3937	0	230
2024.08.09	07:00:00	18462.55	18485.95	18329.25	18354.25	4738	0	210
2024.08.09	08:00:00	18354.25	18433.55	18334.15	18411.95	6702	0	230
2024.08.09	09:00:00	18411.15	18455.45	18390.55	18437.05	5020	0	230
2024.08.09	10:00:00	18437.25	18458.75	18391.25	18445.05	8644	0	230
2024.08.09	11:00:00	18445.25	18549.55	18445.25	18534.65	7910	0	230
2024.08.09	12:00:00	18534.75	18543.75	18484.15	18513.15	5894	0	230
2024.08.09	13:00:00	18513.75	18514.55	18447.45	18469.55	6147	0	230
2024.08.09	14:00:00	18469.95	18496.15	18388.45	18424.65	7868	0	230
2024.08.09	15:00:00	18424.85	18426.05	18283.25	18323.75	10507	0	230
2024.08.09	16:00:00	18325.25	18428.45	18305.05	18334.75	16078	0	90
2024.08.09	17:00:00	18335.45	18467.35	18308.15	18429.65	18434	0	90
2024.08.09	18:00:00	18429.85	18481.25	18373.45	18381.75	17536	0	100
2024.08.09	19:00:00	18385.85	18433.25	18358.95	18431.65	15803	0	90
2024.08.09	20:00:00	18431.75	18572.95	18424.35	18507.95	15762	0	90
2024.08.09	21:00:00	18508.55	18527.65	18465.05	18495.55	15934	0	90
2024.08.09	22:00:00	18495.35	18534.25	18468.05	18510.65	16246	0	90
2024.08.09	23:00:00	18510.75	18522.25	18494.65	18497.05	4220	0	100
2024.08.12	01:00:00	18545.35	18554.25	18413.35	18492.35	4145	0	230
2024.08.12	02:00:00	18492.35	18538.85	18481.05	18524.15	3036	0	230
2024.08.12	03:00:00	18523.85	18527.75	18485.85	18502.05	3810	0	230
2024.08.12	04:00:00	18500.35	18522.75	18481.25	18504.55	3732	0	220
2024.08.12	05:00:00	18504.25	18562.05	18503.55	18548.55	2807	0	160
2024.08.12	06:00:00	18549.25	18558.65	18509.55	18532.75	2808	0	180
2024.08.12	07:00:00	18532.75	18548.45	18520.65	18543.55	1879	0	170
2024.08.12	08:00:00	18543.55	18554.35	18532.05	18541.85	2754	0	170
2024.08.12	09:00:00	18541.85	18549.15	18508.15	18524.15	3687	0	220
2024.08.12	10:00:00	18525.15	18586.05	18499.35	18575.55	6144	0	230
2024.08.12	11:00:00	18571.85	18584.05	18525.15	18529.55	4249	0	220
2024.08.12	12:00:00	18530.05	18559.65	18523.25	18547.35	3327	0	220
2024.08.12	13:00:00	18547.65	18567.85	18530.25	18558.85	3296	0	220
2024.08.12	14:00:00	18561.15	18579.35	18537.75	18561.35	3964	0	230
2024.08.12	15:00:00	18561.55	18588.25	18547.35	18556.75	4958	0	230
2024.08.12	16:00:00	18556.55	18568.35	18424.25	18440.15	12743	0	90
2024.08.12	17:00:00	18440.45	18641.25	18431.95	18627.75	17904	0	90
2024.08.12	18:00:00	18628.35	18664.25	18477.65	18624.85	17700	0	100
2024.08.12	19:00:00	18623.45	18635.25	18524.85	18526.15	15884	0	80
2024.08.12	20:00:00	18524.85	18593.25	18489.85	18520.95	15864	0	90
2024.08.12	21:00:00	18521.55	18551.85	18501.75	18549.85	14692	0	80
2024.08.12	22:00:00	18550.65	18553.15	18484.95	18547.95	15098	0	80
2024.08.12	23:00:00	18548.35	18560.15	18520.15	18529.45	4576	0	100
2024.08.13	01:00:00	18548.35	18555.55	18531.45	18542.25	1664	0	170
2024.08.13	02:00:00	18542.45	18569.25	18534.15	18556.75	2285	0	150
2024.08.13	03:00:00	18556.75	18588.55	18538.75	18575.15	6762	0	230
2024.08.13	04:00:00	18575.55	18576.15	18541.25	18555.05	6190	0	230
2024.08.13	05:00:00	18554.65	18579.45	18554.25	18579.15	3673	0	170
2024.08.13	06:00:00	18579.15	18590.45	18567.45	18571.85	4314	0	170
2024.08.13	07:00:00	18571.85	18597.95	18571.85	18595.25	3704	0	160
2024.08.13	08:00:00	18595.05	18613.25	18588.05	18608.55	4626	0	170
2024.08.13	09:00:00	18608.15	18646.25	18590.55	18645.95	4686	0	200
2024.08.13	10:00:00	18644.95	18718.75	18640.95	18678.25	8750	0	230
2024.08.13	11:00:00	18674.75	18682.95	18638.65	18648.25	6943	0	230
2024.08.13	12:00:00	18648.25	18664.75	18630.25	18644.65	5529	0	210
2024.08.13	13:00:00	18645.15	18646.65	18550.95	18559.75	8570	0	230
2024.08.13	14:00:00	18559.05	18614.15	18550.15	18614.05	7179	0	230
2024.08.13	15:00:00	18614.05	18725.25	18612.05	18718.85	11323	0	230
2024.08.13	16:00:00	18718.25	18815.25	18695.55	18802.95	15552	0	90
2024.08.13	17:00:00	18805.05	18853.35	18759.25	18843.65	17359	0	90
2024.08.13	18:00:00	18844.75	18899.95	18836.05	18883.65	13123	0	70
2024.08.13	19:00:00	18883.95	18976.65	18868.95	18976.65	12311	0	70
2024.08.13	20:00:00	18976.45	18990.05	18909.65	18957.95	12743	0	70
2024.08.13	21:00:00	18957.85	18984.25	18937.85	18982.55	11705	0	70
2024.08.13	22:00:00	18982.75	19012.25	18932.85	19001.25	13769	0	70
2024.08.13	23:00:00	19001.35	19020.55	18981.45	18987.45	5472	0	100
2024.08.14	01:00:00	19018.65	19025.15	18990.75	18999.35	2463	0	160
2024.08.14	02:00:00	18999.25	19021.85	18994.35	19017.35	3070	0	170
2024.08.14	03:00:00	19017.25	19023.85	18993.15	19009.45	6912	0	200
2024.08.14	04:00:00	19008.95	19053.65	19001.15	19044.65	6790	0	210
2024.08.14	05:00:00	19044.95	19048.45	18984.45	19002.15	7468	0	220
2024.08.14	06:00:00	19002.75	19021.25	18996.65	19010.55	4615	0	170
2024.08.14	07:00:00	19009.95	19018.95	19003.65	19006.25	3488	0	160
2024.08.14	08:00:00	19006.25	19022.95	19000.25	19017.45	4716	0	170
2024.08.14	09:00:00	19017.45	19034.75	19006.45	19006.95	4952	0	180
2024.08.14	10:00:00	19007.75	19017.55	18988.75	18998.55	6832	0	230
2024.08.14	11:00:00	18995.75	19014.75	18966.15	18990.25	7144	0	220
2024.08.14	12:00:00	18990.25	19003.85	18977.15	18998.55	4488	0	190
2024.08.14	13:00:00	18998.55	19023.45	18996.05	19010.25	5011	0	220
2024.08.14	14:00:00	19010.55	19020.65	18993.75	19013.05	5388	0	230
2024.08.14	15:00:00	19011.95	19064.45	18935.61	19034.45	11133	0	230
2024.08.14	16:00:00	19035.25	19078.35	18917.05	18933.15	15512	0	90
2024.08.14	17:00:00	18934.85	18977.65	18832.65	18973.15	18238	0	90
2024.08.14	18:00:00	18972.55	19109.65	18960.05	19103.05	15198	0	80
2024.08.14	19:00:00	19103.55	19103.95	18925.55	18977.05	15874	0	80
2024.08.14	20:00:00	18976.25	19008.65	18959.75	18977.15	14936	0	70
2024.08.14	21:00:00	18976.85	19017.65	18949.75	19014.65	13685	0	70
2024.08.14	22:00:00	19014.85	19044.35	18944.95	19012.65	15041	0	70
2024.08.14	23:00:00	19013.65	19061.35	19005.15	19049.25	5084	0	100
2024.08.15	01:00:00	19042.85	19045.15	19021.35	19029.45	1746	0	160
2024.08.15	02:00:00	19029.45	19045.05	19000.15	19006.05	2675	0	150
2024.08.15	03:00:00	19007.55	19071.65	19005.15	19064.85	5452	0	220
2024.08.15	04:00:00	19065.05	19076.75	19045.05	19065.85	5465	0	230
2024.08.15	05:00:00	19066.05	19115.65	19057.25	19111.25	5201	0	180
2024.08.15	06:00:00	19111.15	19122.35	19101.95	19113.75	3972	0	160
2024.08.15	07:00:00	19113.75	19119.85	19105.85	19110.95	2638	0	150
2024.08.15	08:00:00	19110.85	19111.35	19072.45	19088.65	5105	0	170
2024.08.15	09:00:00	19088.75	19089.95	19047.65	19072.25	4788	0	210
2024.08.15	10:00:00	19071.75	19099.05	19056.05	19097.15	4915	0	230
2024.08.15	11:00:00	19096.15	19099.75	19025.15	19053.55	6063	0	230
2024.08.15	12:00:00	19053.45	19072.15	19048.75	19067.75	4349	0	190
2024.08.15	13:00:00	19068.25	19076.25	19013.95	19013.95	5890	0	220
2024.08.15	14:00:00	19014.25	19084.25	19006.65	19066.05	7233	0	230
2024.08.15	15:00:00	19064.95	19271.05	19048.05	19237.05	11621	0	230
2024.08.15	16:00:00	19237.95	19364.15	19219.15	19363.65	16069	0	90
2024.08.15	17:00:00	19362.95	19416.15	19308.55	19384.55	17105	0	80
2024.08.15	18:00:00	19383.35	19449.05	19374.25	19430.15	13041	0	80
2024.08.15	19:00:00	19428.45	19472.15	19413.25	19437.25	12274	0	70
2024.08.15	20:00:00	19438.05	19484.55	19419.75	19483.65	10839	0	70
2024.08.15	21:00:00	19483.65	19491.65	19465.15	19483.75	10919	0	70
2024.08.15	22:00:00	19483.25	19502.95	19443.05	19487.95	12730	0	70
2024.08.15	23:00:00	19487.15	19490.35	19459.35	19477.05	5428	0	110
2024.08.16	01:00:00	19480.45	19509.25	19467.85	19501.55	2623	0	160
2024.08.16	02:00:00	19501.65	19537.45	19500.35	19511.75	4441	0	160
2024.08.16	03:00:00	19511.45	19518.65	19477.95	19503.85	6321	0	230
2024.08.16	04:00:00	19503.55	19524.95	19490.55	19515.05	4960	0	210
2024.08.16	05:00:00	19515.65	19544.65	19513.45	19528.15	3435	0	150
2024.08.16	06:00:00	19528.25	19544.45	19520.85	19536.35	2732	0	150
2024.08.16	07:00:00	19536.25	19536.85	19513.45	19522.75	2606	0	150
2024.08.16	08:00:00	19522.55	19568.05	19521.25	19561.75	4090	0	150
2024.08.16	09:00:00	19561.75	19584.05	19558.65	19571.45	5256	0	180
2024.08.16	10:00:00	19571.35	19578.85	19531.05	19535.45	7293	0	220
2024.08.16	11:00:00	19537.05	19551.85	19506.65	19526.85	6918	0	220
2024.08.16	12:00:00	19526.95	19543.95	19514.35	19521.05	5906	0	220
2024.08.16	13:00:00	19521.35	19521.35	19474.55	19496.65	6156	0	230
2024.08.16	14:00:00	19495.95	19501.85	19450.65	19454.35	7731	0	230
2024.08.16	15:00:00	19455.85	19466.65	19350.35	19380.35	11676	0	230
2024.08.16	16:00:00	19380.85	19436.25	19365.15	19405.05	15866	0	90
2024.08.16	17:00:00	19403.25	19498.15	19397.35	19430.75	17602	0	90
2024.08.16	18:00:00	19430.85	19493.75	19405.35	19485.95	15513	0	70
2024.08.16	19:00:00	19485.45	19570.45	19474.65	19561.95	11483	0	70
2024.08.16	20:00:00	19561.95	19564.65	19513.95	19538.65	11158	0	70
2024.08.16	21:00:00	19538.45	19538.95	19500.95	19532.95	11736	0	70
2024.08.16	22:00:00	19532.95	19534.75	19482.55	19513.85	11560	0	70
2024.08.16	23:00:00	19512.45	19531.25	19508.25	19519.25	3463	0	110
2024.08.19	01:00:00	19566.05	19573.45	19532.65	19558.25	3323	0	180
2024.08.19	02:00:00	19558.45	19583.05	19533.95	19558.05	3238	0	170
2024.08.19	03:00:00	19557.65	19579.35	19537.45	19563.25	5319	0	220
2024.08.19	04:00:00	19563.25	19572.95	19549.45	19566.65	4787	0	190
2024.08.19	05:00:00	19566.55	19576.55	19560.45	19571.35	3074	0	160
2024.08.19	06:00:00	19571.45	19594.95	19550.45	19556.45	4119	0	160
2024.08.19	07:00:00	19555.95	19558.25	19502.75	19518.55	4711	0	160
2024.08.19	08:00:00	19518.95	19530.95	19488.25	19495.65	5447	0	210
2024.08.19	09:00:00	19495.65	19507.15	19473.75	19485.95	4526	0	220
2024.08.19	10:00:00	19486.15	19516.55	19471.75	19494.25	6789	0	230
2024.08.19	11:00:00	19494.05	19501.25	19435.65	19482.05	7641	0	230
2024.08.19	12:00:00	19482.05	19493.75	19454.25	19488.25	4969	0	200
2024.08.19	13:00:00	19488.45	19515.25	19486.05	19489.25	5490	0	220
2024.08.19	14:00:00	19489.75	19528.15	19489.05	19520.05	5314	0	190
2024.08.19	15:00:00	19519.95	19545.35	19516.65	19531.95	5718	0	190
2024.08.19	16:00:00	19531.85	19548.25	19455.55	19497.95	13344	0	90
2024.08.19	17:00:00	19497.85	19571.25	19440.05	19565.05	17151	0	80
2024.08.19	18:00:00	19565.05	19589.05	19530.85	19548.55	14338	0	80
2024.08.19	19:00:00	19549.15	19609.75	19531.15	19603.25	11390	0	70
2024.08.19	20:00:00	19601.85	19633.05	19585.45	19632.15	9570	0	70
2024.08.19	21:00:00	19632.55	19694.35	19627.55	19678.05	9735	0	70
2024.08.19	22:00:00	19677.75	19766.05	19664.65	19764.45	11015	0	70
2024.08.19	23:00:00	19765.45	19776.35	19737.45	19764.55	4980	0	170
2024.08.20	01:00:00	19777.45	19785.35	19770.15	19772.15	2155	0	150
2024.08.20	02:00:00	19772.25	19779.25	19762.05	19764.45	2169	0	150
2024.08.20	03:00:00	19764.55	19773.95	19761.95	19770.05	3828	0	150
2024.08.20	04:00:00	19769.85	19791.95	19749.25	19791.05	5622	0	160
2024.08.20	05:00:00	19791.25	19816.85	19785.85	19816.15	4526	0	150
2024.08.20	06:00:00	19816.15	19816.15	19773.05	19780.55	4122	0	150
2024.08.20	07:00:00	19780.15	19797.85	19776.65	19788.25	3509	0	150
2024.08.20	08:00:00	19788.25	19802.75	19782.05	19794.35	4444	0	170
2024.08.20	09:00:00	19794.25	19808.35	19779.25	19797.35	4194	0	180
2024.08.20	10:00:00	19798.35	19835.95	19788.45	19815.95	6111	0	190
2024.08.20	11:00:00	19816.45	19818.05	19754.95	19780.55	6382	0	210
2024.08.20	12:00:00	19780.55	19805.05	19779.55	19787.35	4592	0	170
2024.08.20	13:00:00	19787.25	19796.85	19774.75	19783.65	4601	0	180
2024.08.20	14:00:00	19783.15	19795.05	19766.85	19779.35	4533	0	190
2024.08.20	15:00:00	19779.45	19784.55	19747.85	19753.35	5972	0	200
2024.08.20	16:00:00	19753.85	19832.95	19717.95	19827.15	13241	0	70
2024.08.20	17:00:00	19827.65	19832.15	19652.15	19694.45	17711	0	90
2024.08.20	18:00:00	19694.15	19762.05	19681.85	19761.45	15988	0	80
2024.08.20	19:00:00	19762.05	19766.75	19685.45	19686.95	13428	0	70
2024.08.20	20:00:00	19686.95	19721.05	19657.45	19718.75	12715	0	80
2024.08.20	21:00:00	19719.05	19776.25	19711.25	19760.45	11206	0	70
2024.08.20	22:00:00	19761.15	19768.15	19712.85	19720.35	12160	0	70
2024.08.20	23:00:00	19719.45	19740.95	19716.45	19717.65	3880	0	100
2024.08.21	01:00:00	19714.25	19720.75	19697.55	19706.15	2020	0	150
2024.08.21	02:00:00	19705.95	19714.55	19695.35	19699.15	2925	0	150
2024.08.21	03:00:00	19699.05	19737.35	19698.15	19734.55	5359	0	160
2024.08.21	04:00:00	19734.25	19742.25	19723.65	19726.45	5903	0	190
2024.08.21	05:00:00	19726.45	19736.25	19716.25	19730.45	4268	0	150
2024.08.21	06:00:00	19730.75	19750.55	19730.25	19740.65	3257	0	150
2024.08.21	07:00:00	19740.85	19757.65	19739.25	19757.35	2355	0	150
2024.08.21	08:00:00	19757.35	19764.25	19736.75	19741.05	3902	0	160
2024.08.21	09:00:00	19741.05	19743.65	19716.65	19722.65	4108	0	170
2024.08.21	10:00:00	19722.65	19742.35	19708.75	19725.05	5815	0	180
2024.08.21	11:00:00	19725.05	19739.55	19703.55	19710.75	6179	0	220
2024.08.21	12:00:00	19710.75	19721.65	19699.35	19703.85	4585	0	200
2024.08.21	13:00:00	19703.85	19753.15	19703.75	19750.05	4278	0	160
2024.08.21	14:00:00	19749.65	19768.35	19732.95	19741.15	5725	0	200
2024.08.21	15:00:00	19741.45	19771.75	19732.85	19747.65	5796	0	210
2024.08.21	16:00:00	19747.85	19793.45	19722.85	19788.35	12720	0	70
2024.08.21	17:00:00	19789.85	19896.05	19720.25	19749.25	18608	0	90
2024.08.21	18:00:00	19749.75	19808.75	19718.45	19738.15	16800	0	90
2024.08.21	19:00:00	19738.35	19792.95	19685.35	19784.95	13655	0	70
2024.08.21	20:00:00	19784.95	19814.15	19768.75	19807.85	11359	0	70
2024.08.21	21:00:00	19807.65	19866.45	19792.45	19818.65	15397	0	70
2024.08.21	22:00:00	19818.15	19836.35	19746.75	19819.15	14976	0	80
2024.08.21	23:00:00	19820.55	19838.45	19794.95	19827.05	5434	0	100
2024.08.22	01:00:00	19832.55	19855.75	19828.25	19846.45	2163	0	150
2024.08.22	02:00:00	19846.15	19850.45	19835.75	19847.35	2267	0	150
2024.08.22	03:00:00	19846.25	19854.65	19839.55	19840.65	4467	0	150
2024.08.22	04:00:00	19840.55	19845.25	19829.65	19838.15	4261	0	150
2024.08.22	05:00:00	19838.25	19838.25	19789.05	19795.75	5316	0	150
2024.08.22	06:00:00	19796.25	19799.55	19778.35	19793.65	3919	0	150
2024.08.22	07:00:00	19793.55	19813.75	19787.25	19812.15	2987	0	150
2024.08.22	08:00:00	19812.25	19819.45	19804.25	19804.25	3233	0	150
2024.08.22	09:00:00	19804.45	19830.75	19798.95	19828.45	3444	0	150
2024.08.22	10:00:00	19827.95	19840.05	19810.05	19829.25	5654	0	160
2024.08.22	11:00:00	19825.65	19835.35	19808.45	19829.15	4839	0	160
2024.08.22	12:00:00	19829.25	19847.55	19824.55	19827.25	3595	0	160
2024.08.22	13:00:00	19827.25	19869.25	19824.45	19867.75	4066	0	170
2024.08.22	14:00:00	19868.35	19897.85	19863.15	19888.45	5396	0	190
2024.08.22	15:00:00	19888.65	19905.35	19849.95	19895.55	8373	0	220
2024.08.22	16:00:00	19896.05	19936.75	19857.25	19889.25	13927	0	70
2024.08.22	17:00:00	19889.05	19897.55	19769.55	19791.65	17701	0	90
2024.08.22	18:00:00	19791.85	19828.55	19578.05	19624.05	17370	0	100
2024.08.22	19:00:00	19624.85	19744.75	19606.35	19620.85	16829	0	90
2024.08.22	20:00:00	19620.95	19651.85	19500.95	19520.85	17180	0	90
2024.08.22	21:00:00	19521.85	19587.45	19497.65	19523.85	16267	0	80
2024.08.22	22:00:00	19524.15	19578.75	19456.35	19499.85	17071	0	90
2024.08.22	23:00:00	19497.05	19535.45	19479.65	19528.75	5789	0	210
2024.08.23	01:00:00	19537.35	19552.95	19534.05	19547.65	1915	0	150
2024.08.23	02:00:00	19547.65	19555.65	19536.05	19554.65	2786	0	150
2024.08.23	03:00:00	19554.65	19573.95	19554.35	19558.65	5494	0	150
2024.08.23	04:00:00	19558.45	19580.35	19557.35	19567.45	5405	0	180
2024.08.23	05:00:00	19567.45	19579.45	19563.05	19572.45	3457	0	160
2024.08.23	06:00:00	19572.65	19602.35	19569.05	19588.95	3412	0	150
2024.08.23	07:00:00	19588.75	19613.15	19588.05	19601.05	3115	0	150
2024.08.23	08:00:00	19601.45	19621.95	19599.85	19605.35	3471	0	150
2024.08.23	09:00:00	19605.45	19617.05	19593.95	19614.55	3620	0	160
2024.08.23	10:00:00	19614.95	19630.05	19601.65	19601.85	5410	0	220
2024.08.23	11:00:00	19602.55	19635.55	19596.15	19635.45	5156	0	200
2024.08.23	12:00:00	19635.55	19642.15	19609.85	19638.35	3929	0	150
2024.08.23	13:00:00	19638.35	19677.05	19638.35	19662.95	4347	0	170
2024.08.23	14:00:00	19661.45	19668.55	19644.35	19660.15	4651	0	200
2024.08.23	15:00:00	19660.05	19682.35	19641.85	19679.75	6066	0	220
2024.08.23	16:00:00	19679.85	19700.35	19630.55	19675.05	12656	0	90
2024.08.23	17:00:00	19675.65	19823.95	19545.05	19641.45	19199	0	90
2024.08.23	18:00:00	19641.65	19739.65	19584.85	19638.45	18130	0	100
2024.08.23	19:00:00	19638.95	19646.55	19514.45	19601.85	17422	0	90
2024.08.23	20:00:00	19601.95	19690.15	19587.85	19654.15	15335	0	80
2024.08.23	21:00:00	19654.65	19687.55	19644.25	19659.95	13976	0	70
2024.08.23	22:00:00	19660.65	19731.85	19627.85	19712.85	15378	0	80
2024.08.23	23:00:00	19710.15	19718.55	19693.95	19701.25	4300	0	100
2024.08.26	01:00:00	19728.55	19754.75	19656.55	19661.95	4112	0	180
2024.08.26	02:00:00	19663.85	19688.25	19641.55	19687.55	4062	0	220
2024.08.26	03:00:00	19688.25	19739.85	19676.25	19730.95	5879	0	220
2024.08.26	04:00:00	19731.35	19756.45	19725.45	19728.55	5517	0	220
2024.08.26	05:00:00	19728.75	19735.35	19706.95	19715.35	4129	0	170
2024.08.26	06:00:00	19715.55	19727.45	19679.25	19688.05	4297	0	170
2024.08.26	07:00:00	19687.95	19706.35	19679.55	19701.75	2701	0	150
2024.08.26	08:00:00	19701.75	19720.15	19688.75	19709.15	3541	0	150
2024.08.26	09:00:00	19709.35	19733.85	19704.25	19712.55	3906	0	170
2024.08.26	10:00:00	19712.75	19761.45	19707.35	19753.45	5886	0	220
2024.08.26	11:00:00	19752.85	19770.05	19738.05	19767.75	5752	0	200
2024.08.26	12:00:00	19767.75	19769.25	19746.55	19762.05	3712	0	170
2024.08.26	13:00:00	19761.85	19769.35	19724.35	19733.75	4645	0	150
2024.08.26	14:00:00	19734.05	19741.85	19670.05	19699.35	6895	0	230
2024.08.26	15:00:00	19698.75	19714.35	19673.85	19699.35	7285	0	210
2024.08.26	16:00:00	19699.35	19726.65	19636.75	19647.65	13739	0	90
2024.08.26	17:00:00	19650.05	19654.95	19432.25	19527.85	18347	0	90
2024.08.26	18:00:00	19527.35	19560.55	19473.65	19483.15	16888	0	100
2024.08.26	19:00:00	19484.25	19569.75	19469.05	19546.95	14493	0	70
2024.08.26	20:00:00	19547.25	19552.65	19450.75	19461.85	14887	0	70
2024.08.26	21:00:00	19463.15	19546.65	19440.85	19542.15	14595	0	80
2024.08.26	22:00:00	19542.15	19550.35	19484.25	19519.95	14237	0	80
2024.08.26	23:00:00	19521.75	19522.05	19474.15	19480.85	4464	0	100
2024.08.27	01:00:00	19497.35	19498.35	19450.45	19465.25	2252	0	160
2024.08.27	02:00:00	19465.45	19506.05	19460.85	19498.95	3057	0	150
2024.08.27	03:00:00	19499.55	19520.35	19477.25	19485.25	5653	0	170
2024.08.27	04:00:00	19485.15	19503.05	19471.25	19497.55	5208	0	180
2024.08.27	05:00:00	19497.45	19532.05	19493.65	19521.75	4142	0	160
2024.08.27	06:00:00	19522.05	19532.35	19514.85	19523.85	3088	0	150
2024.08.27	07:00:00	19523.85	19535.95	19511.75	19532.35	2551	0	150
2024.08.27	08:00:00	19532.25	19549.45	19531.85	19545.65	3272	0	150
2024.08.27	09:00:00	19546.05	19546.05	19523.65	19535.65	3878	0	170
2024.08.27	10:00:00	19537.55	19546.45	19511.75	19542.95	5670	0	180
2024.08.27	11:00:00	19542.15	19573.55	19538.55	19546.25	5629	0	200
2024.08.27	12:00:00	19546.45	19573.95	19545.05	19559.85	4190	0	180
2024.08.27	13:00:00	19559.85	19563.65	19486.15	19504.45	6351	0	190
2024.08.27	14:00:00	19504.45	19541.55	19481.75	19523.25	6231	0	230
2024.08.27	15:00:00	19523.15	19523.25	19430.65	19441.25	9009	0	230
2024.08.27	16:00:00	19441.45	19497.45	19370.95	19470.24	16006	0	90
2024.08.27	17:00:00	19470.14	19601.05	19460.15	19598.05	17798	0	100
2024.08.27	18:00:00	19598.05	19622.95	19507.55	19539.65	16184	0	80
2024.08.27	19:00:00	19539.15	19576.25	19512.75	19553.85	13479	0	70
2024.08.27	20:00:00	19553.55	19618.85	19548.65	19616.05	12168	0	70
2024.08.27	21:00:00	19614.65	19620.85	19570.05	19583.85	11330	0	70
2024.08.27	22:00:00	19584.75	19596.15	19559.85	19579.95	11668	0	70
2024.08.27	23:00:00	19579.25	19588.65	19554.25	19561.35	3129	0	110
2024.08.28	01:00:00	19572.35	19574.55	19508.25	19525.75	3837	0	160
2024.08.28	02:00:00	19525.35	19537.45	19490.95	19517.25	3804	0	180
2024.08.28	03:00:00	19517.45	19534.25	19509.75	19533.15	5075	0	190
2024.08.28	04:00:00	19532.95	19541.35	19514.05	19538.45	5163	0	190
2024.08.28	05:00:00	19538.45	19559.15	19529.05	19552.25	4332	0	150
2024.08.28	06:00:00	19551.85	19555.65	19541.45	19549.55	2844	0	150
2024.08.28	07:00:00	19549.35	19565.65	19547.15	19561.15	2125	0	150
2024.08.28	08:00:00	19560.85	19565.35	19548.75	19563.35	3508	0	150
2024.08.28	09:00:00	19563.35	19580.75	19559.85	19575.95	3161	0	150
2024.08.28	10:00:00	19576.15	19584.45	19554.55	19577.45	5075	0	170
2024.08.28	11:00:00	19576.75	19620.15	19554.75	19612.25	4976	0	200
2024.08.28	12:00:00	19612.45	19620.35	19590.15	19597.75	3925	0	160
2024.08.28	13:00:00	19598.35	19605.65	19587.65	19592.15	3842	0	160
2024.08.28	14:00:00	19592.65	19597.25	19540.25	19549.25	5623	0	210
2024.08.28	15:00:00	19547.95	19576.65	19535.75	19572.45	6561	0	210
2024.08.28	16:00:00	19572.45	19587.05	19463.05	19488.85	14370	0	80
2024.08.28	17:00:00	19489.85	19526.35	19388.55	19390.85	17878	0	90
2024.08.28	18:00:00	19388.55	19388.55	19273.35	19360.05	17835	0	90
2024.08.28	19:00:00	19359.85	19396.05	19296.25	19387.15	15730	0	80
2024.08.28	20:00:00	19386.85	19402.05	19225.25	19230.55	14795	0	80
2024.08.28	21:00:00	19230.55	19370.85	19212.35	19366.85	15404	0	80
2024.08.28	22:00:00	19363.55	19416.55	19343.65	19354.85	16545	0	90
2024.08.28	23:00:00	19357.35	19391.15	19162.55	19221.55	11381	0	100
2024.08.29	01:00:00	19185.45	19200.95	19078.55	19121.85	5972	0	230
2024.08.29	02:00:00	19121.65	19141.05	19110.45	19130.15	3779	0	210
2024.08.29	03:00:00	19130.35	19192.55	19129.45	19178.65	7204	0	230
2024.08.29	04:00:00	19178.45	19190.45	19152.85	19167.15	6024	0	230
2024.08.29	05:00:00	19167.35	19206.05	19155.65	19197.85	4431	0	190
2024.08.29	06:00:00	19197.85	19215.55	19197.45	19212.15	3731	0	160
2024.08.29	07:00:00	19212.15	19235.45	19211.85	19228.75	3398	0	160
2024.08.29	08:00:00	19228.75	19266.55	19215.65	19260.45	5295	0	210
2024.08.29	09:00:00	19259.65	19286.85	19245.85	19277.65	5810	0	230
2024.08.29	10:00:00	19277.15	19330.15	19277.15	19307.95	7962	0	230
2024.08.29	11:00:00	19305.55	19362.45	19298.95	19350.35	8370	0	230
2024.08.29	12:00:00	19350.05	19442.85	19346.85	19425.05	8438	0	230
2024.08.29	13:00:00	19425.35	19453.35	19373.85	19386.15	8183	0	230
2024.08.29	14:00:00	19383.05	19428.65	19356.35	19403.65	8105	0	230
2024.08.29	15:00:00	19402.65	19449.85	19381.85	19406.35	10757	0	230
2024.08.29	16:00:00	19406.55	19589.55	19401.45	19581.25	15471	0	90
2024.08.29	17:00:00	19583.55	19630.95	19470.35	19580.45	18620	0	90
2024.08.29	18:00:00	19580.15	19624.85	19530.95	19571.65	16856	0	100
2024.08.29	19:00:00	19571.65	19627.85	19565.45	19591.85	14911	0	70
2024.08.29	20:00:00	19591.75	19591.75	19515.25	19572.95	15315	0	80
2024.08.29	21:00:00	19572.85	19572.85	19283.45	19340.55	17644	0	90
2024.08.29	22:00:00	19340.45	19403.75	19276.35	19331.05	18101	0	90
2024.08.29	23:00:00	19332.45	19390.55	19331.55	19377.05	6005	0	100
2024.08.30	01:00:00	19380.85	19381.45	19345.45	19370.65	2534	0	160
2024.08.30	02:00:00	19370.65	19382.15	19361.55	19368.35	2243	0	160
2024.08.30	03:00:00	19368.15	19391.35	19332.95	19382.45	5025	0	170
2024.08.30	04:00:00	19382.35	19396.55	19362.45	19378.95	4442	0	210
2024.08.30	05:00:00	19378.85	19417.85	19376.85	19413.75	3624	0	150
2024.08.30	06:00:00	19414.05	19417.85	19377.55	19396.45	3724	0	170
2024.08.30	07:00:00	19396.35	19414.15	19382.35	19411.25	2754	0	150
2024.08.30	08:00:00	19411.05	19428.25	19398.85	19403.25	4512	0	160
2024.08.30	09:00:00	19407.95	19434.25	19399.15	19425.85	4226	0	170
2024.08.30	10:00:00	19425.15	19485.65	19407.65	19467.95	6837	0	230
2024.08.30	11:00:00	19467.75	19479.65	19449.85	19465.15	5806	0	230
2024.08.30	12:00:00	19465.15	19476.75	19457.75	19475.75	3750	0	170
2024.08.30	13:00:00	19476.55	19493.45	19445.45	19492.25	4396	0	200
2024.08.30	14:00:00	19492.45	19492.65	19459.75	19473.55	4746	0	220
2024.08.30	15:00:00	19473.45	19519.15	19455.85	19475.05	9471	0	220
2024.08.30	16:00:00	19475.25	19549.45	19463.15	19540.35	14698	0	90
2024.08.30	17:00:00	19540.35	19576.85	19416.65	19418.25	18258	0	90
2024.08.30	18:00:00	19419.45	19452.65	19364.45	19411.95	17580	0	90
2024.08.30	19:00:00	19411.55	19432.65	19320.65	19412.95	16510	0	90
2024.08.30	20:00:00	19411.95	19445.15	19388.75	19396.75	14382	0	70
2024.08.30	21:00:00	19397.25	19488.25	19384.45	19474.05	13074	0	70
2024.08.30	22:00:00	19474.25	19582.25	19445.45	19565.35	14563	0	70
2024.08.30	23:00:00	19562.35	19574.95	19540.25	19545.05	5684	0	100
2024.09.02	01:00:00	19569.45	19569.85	19518.95	19538.35	2241	0	160
2024.09.02	02:00:00	19537.95	19553.95	19533.15	19535.55	2318	0	150
2024.09.02	03:00:00	19535.55	19569.75	19531.95	19558.35	4572	0	170
2024.09.02	04:00:00	19558.25	19576.75	19558.25	19566.75	3980	0	150
2024.09.02	05:00:00	19565.65	19565.65	19539.25	19547.15	4147	0	150
2024.09.02	06:00:00	19547.05	19547.35	19524.95	19540.05	3424	0	150
2024.09.02	07:00:00	19540.05	19540.15	19515.55	19532.85	2907	0	150
2024.09.02	08:00:00	19532.45	19548.15	19529.55	19534.05	3156	0	150
2024.09.02	09:00:00	19533.95	19541.45	19503.85	19511.85	3361	0	160
2024.09.02	10:00:00	19513.05	19513.05	19460.95	19485.15	6835	0	220
2024.09.02	11:00:00	19484.85	19536.45	19484.85	19519.45	5879	0	220
2024.09.02	12:00:00	19519.35	19543.05	19514.85	19539.45	3985	0	190
2024.09.02	13:00:00	19539.35	19547.95	19529.35	19545.45	3204	0	150
2024.09.02	14:00:00	19546.45	19557.05	19534.35	19554.45	3065	0	160
2024.09.02	15:00:00	19554.05	19573.55	19551.95	19557.85	3508	0	150
2024.09.02	16:00:00	19557.95	19595.25	19557.95	19569.65	5535	0	70
2024.09.02	17:00:00	19569.45	19615.05	19538.25	19607.75	7227	0	70
2024.09.02	18:00:00	19607.75	19619.35	19592.45	19603.05	5215	0	70
2024.09.02	19:00:00	19603.05	19609.65	19578.85	19598.95	3281	0	70
2024.09.03	01:00:00	19631.75	19634.65	19565.65	19587.15	3668	0	160
2024.09.03	02:00:00	19587.05	19587.65	19495.55	19529.95	4762	0	160
2024.09.03	03:00:00	19530.95	19547.85	19516.85	19541.65	4742	0	150
2024.09.03	04:00:00	19541.75	19557.85	19537.15	19544.75	5263	0	160
2024.09.03	05:00:00	19544.45	19547.95	19498.35	19501.95	4702	0	150
2024.09.03	06:00:00	19502.05	19511.25	19463.65	19511.05	5925	0	170
2024.09.03	07:00:00	19510.85	19514.15	19499.25	19503.35	3143	0	150
2024.09.03	08:00:00	19503.55	19521.05	19495.55	19516.25	4256	0	150
2024.09.03	09:00:00	19516.15	19525.65	19468.85	19521.45	5289	0	180
2024.09.03	10:00:00	19520.75	19593.55	19520.75	19563.55	7335	0	190
2024.09.03	11:00:00	19568.15	19581.45	19450.95	19451.45	9266	0	210
2024.09.03	12:00:00	19448.05	19463.15	19395.35	19418.35	9384	0	230
2024.09.03	13:00:00	19418.15	19458.55	19405.05	19448.65	8293	0	230
2024.09.03	14:00:00	19449.35	19460.65	19407.55	19446.95	8091	0	230
2024.09.03	15:00:00	19447.65	19472.85	19429.85	19430.85	8347	0	220
2024.09.03	16:00:00	19430.65	19461.25	19283.65	19321.45	15330	0	80
2024.09.03	17:00:00	19309.25	19338.15	19112.85	19116.35	18737	0	90
2024.09.03	18:00:00	19116.35	19187.25	19098.25	19102.35	17177	0	80
2024.09.03	19:00:00	19101.65	19158.55	19088.65	19093.15	15483	0	80
2024.09.03	20:00:00	19092.95	19133.15	19059.45	19063.15	14834	0	80
2024.09.03	21:00:00	19064.15	19067.95	18986.15	18999.05	15893	0	80
2024.09.03	22:00:00	18999.05	19025.55	18864.45	18964.25	16492	0	70
2024.09.03	23:00:00	18965.05	18989.75	18920.75	18923.75	8829	0	90
2024.09.04	01:00:00	18936.05	18948.45	18900.25	18914.55	4013	0	170
2024.09.04	02:00:00	18914.55	18925.95	18884.55	18907.35	4812	0	180
2024.09.04	03:00:00	18907.55	18933.05	18793.35	18800.35	9180	0	230
2024.09.04	04:00:00	18800.75	18881.75	18776.35	18837.35	10276	0	230
2024.09.04	05:00:00	18837.85	18882.45	18828.85	18844.25	7465	0	230
2024.09.04	06:00:00	18844.35	18867.75	18815.05	18831.35	5727	0	230
2024.09.04	07:00:00	18831.45	18864.75	18805.55	18816.25	4600	0	230
2024.09.04	08:00:00	18816.45	18832.95	18788.05	18804.85	7259	0	230
2024.09.04	09:00:00	18805.55	18861.55	18791.85	18793.95	7568	0	230
2024.09.04	10:00:00	18792.95	18867.25	18781.55	18850.45	10445	0	230
2024.09.04	11:00:00	18851.35	18879.25	18825.05	18857.75	8191	0	230
2024.09.04	12:00:00	18858.35	18891.55	18846.35	18872.35	6298	0	220
2024.09.04	13:00:00	18872.35	18880.35	18809.95	18812.25	6464	0	230
2024.09.04	14:00:00	18812.25	18837.25	18795.55	18826.35	7569	0	210
2024.09.04	15:00:00	18825.05	18869.75	18807.35	18863.05	9116	0	230
2024.09.04	16:00:00	18863.25	18944.75	18814.05	18925.50	14898	0	90
2024.09.04	17:00:00	18927.30	19049.35	18792.97	19045.65	18854	0	100
2024.09.04	18:00:00	19045.35	19067.75	18932.75	18963.25	17470	0	90
2024.09.04	19:00:00	18962.85	19040.25	18934.05	19020.05	16357	0	80
2024.09.04	20:00:00	19018.85	19021.75	18951.05	18959.65	15671	0	80
2024.09.04	21:00:00	18959.65	18985.25	18888.05	18891.05	16013	0	80
2024.09.04	22:00:00	18890.65	18973.25	18862.95	18912.25	17060	0	80
2024.09.04	23:00:00	18910.35	18921.65	18874.85	18907.45	5999	0	100
2024.09.05	01:00:00	18929.15	18936.55	18913.45	18926.55	2101	0	150
2024.09.05	02:00:00	18926.55	18929.25	18843.45	18883.55	4936	0	160
2024.09.05	03:00:00	18883.55	18955.45	18881.55	18942.55	7305	0	210
2024.09.05	04:00:00	18942.65	18957.55	18922.85	18935.75	6355	0	170
2024.09.05	05:00:00	18934.65	18940.05	18899.85	18919.25	5955	0	170
2024.09.05	06:00:00	18918.75	18921.55	18849.35	18857.35	5994	0	200
2024.09.05	07:00:00	18856.45	18877.95	18853.35	18863.05	3944	0	160
2024.09.05	08:00:00	18862.65	18901.05	18836.05	18890.85	5501	0	230
2024.09.05	09:00:00	18890.05	18904.55	18842.65	18849.65	5253	0	230
2024.09.05	10:00:00	18849.65	18953.65	18840.15	18948.95	8823	0	230
2024.09.05	11:00:00	18948.05	18948.95	18914.45	18921.65	6156	0	220
2024.09.05	12:00:00	18921.45	18922.95	18849.65	18889.45	7733	0	230
2024.09.05	13:00:00	18889.55	18906.95	18875.15	18903.25	5169	0	210
2024.09.05	14:00:00	18902.05	18921.95	18864.25	18872.75	6546	0	230
2024.09.05	15:00:00	18872.35	18894.95	18784.95	18845.35	12874	0	230
2024.09.05	16:00:00	18845.75	19018.05	18837.05	19009.90	15473	0	90
2024.09.05	17:00:00	19013.80	19107.95	18939.05	18941.25	18390	0	100
2024.09.05	18:00:00	18943.55	18948.85	18801.05	18819.05	17705	0	90
2024.09.05	19:00:00	18819.05	18922.35	18814.85	18892.85	16020	0	80
2024.09.05	20:00:00	18892.35	18974.55	18848.25	18972.15	15461	0	80
2024.09.05	21:00:00	18972.05	18999.35	18943.05	18948.95	14879	0	80
2024.09.05	22:00:00	18949.95	18957.75	18859.35	18934.05	16257	0	80
2024.09.05	23:00:00	18934.55	18988.35	18862.05	18880.15	7092	0	100
2024.09.06	01:00:00	18886.65	18891.75	18860.75	18878.45	2454	0	160
2024.09.06	02:00:00	18878.75	18880.35	18850.15	18869.25	2532	0	150
2024.09.06	03:00:00	18869.45	18873.25	18797.65	18799.45	8340	0	210
2024.09.06	04:00:00	18799.55	18844.25	18755.65	18839.25	7129	0	220
2024.09.06	05:00:00	18839.75	18860.85	18829.45	18853.85	4736	0	190
2024.09.06	06:00:00	18855.25	18870.25	18827.25	18835.05	4005	0	160
2024.09.06	07:00:00	18835.15	18861.55	18826.65	18858.75	3243	0	160
2024.09.06	08:00:00	18858.85	18859.35	18794.85	18835.55	4897	0	180
2024.09.06	09:00:00	18836.35	18849.05	18791.75	18807.05	5421	0	230
2024.09.06	10:00:00	18808.75	18808.75	18671.25	18744.65	10648	0	230
2024.09.06	11:00:00	18743.85	18757.15	18676.85	18692.15	8030	0	230
2024.09.06	12:00:00	18691.75	18731.05	18671.05	18726.35	6824	0	230
2024.09.06	13:00:00	18726.25	18729.75	18687.85	18703.65	5830	0	230
2024.09.06	14:00:00	18704.25	18753.05	18704.25	18748.25	6624	0	220
2024.09.06	15:00:00	18748.05	18923.25	18705.89	18900.15	13498	0	230
2024.09.06	16:00:00	18899.75	18937.35	18708.95	18712.05	18010	0	90
2024.09.06	17:00:00	18713.55	18753.65	18474.25	18503.25	19122	0	90
2024.09.06	18:00:00	18502.05	18610.75	18413.95	18429.75	18613	0	100
2024.09.06	19:00:00	18430.45	18465.85	18398.45	18417.85	16720	0	80
2024.09.06	20:00:00	18418.65	18513.35	18407.65	18445.45	16498	0	80
2024.09.06	21:00:00	18445.35	18460.95	18401.05	18448.55	15375	0	80
2024.09.06	22:00:00	18448.55	18500.15	18403.75	18430.05	16541	0	80
2024.09.06	23:00:00	18429.55	18429.55	18325.75	18336.45	7942	0	90
2024.09.09	01:00:00	18397.25	18413.45	18360.75	18382.85	4863	0	230
2024.09.09	02:00:00	18383.35	18428.65	18354.15	18413.95	5701	0	230
2024.09.09	03:00:00	18413.95	18470.85	18408.45	18446.75	8459	0	220
2024.09.09	04:00:00	18446.75	18492.65	18446.75	18480.15	8225	0	230
2024.09.09	05:00:00	18480.45	18492.65	18465.85	18486.65	5812	0	170
2024.09.09	06:00:00	18486.65	18507.75	18483.75	18505.35	4265	0	160
2024.09.09	07:00:00	18504.85	18551.35	18502.85	18534.75	5687	0	170
2024.09.09	08:00:00	18534.75	18540.45	18509.85	18519.95	5626	0	230
2024.09.09	09:00:00	18521.85	18548.15	18513.75	18540.65	5270	0	220
2024.09.09	10:00:00	18543.35	18589.85	18537.05	18588.35	8184	0	230
2024.09.09	11:00:00	18587.55	18588.95	18551.25	18578.05	7903	0	230
2024.09.09	12:00:00	18577.05	18603.85	18568.95	18595.25	5970	0	200
2024.09.09	13:00:00	18595.15	18614.25	18565.55	18575.85	6475	0	170
2024.09.09	14:00:00	18573.55	18607.35	18556.45	18564.95	7112	0	210
2024.09.09	15:00:00	18564.85	18577.75	18534.25	18572.95	8317	0	210
2024.09.09	16:00:00	18573.25	18665.25	18560.35	18656.45	14545	0	90
2024.09.09	17:00:00	18656.55	18684.85	18483.85	18484.35	18042	0	90
2024.09.09	18:00:00	18482.15	18610.75	18463.65	18610.05	16469	0	80
2024.09.09	19:00:00	18610.25	18684.05	18598.45	18676.45	13404	0	70
2024.09.09	20:00:00	18676.75	18695.15	18595.15	18604.45	14310	0	70
2024.09.09	21:00:00	18604.15	18606.75	18535.55	18572.95	15586	0	80
2024.09.09	22:00:00	18572.75	18664.95	18550.25	18657.45	15105	0	70
2024.09.09	23:00:00	18655.65	18701.45	18645.55	18683.85	5937	0	110
2024.09.10	01:00:00	18707.75	18707.95	18667.35	18668.25	3075	0	160
2024.09.10	02:00:00	18668.85	18695.75	18666.55	18682.55	3572	0	160
2024.09.10	03:00:00	18682.45	18685.85	18606.85	18649.75	8378	0	190
2024.09.10	04:00:00	18649.85	18664.55	18631.95	18662.65	7195	0	210
2024.09.10	05:00:00	18662.85	18662.85	18620.85	18642.55	5427	0	170
2024.09.10	06:00:00	18642.75	18646.35	18607.35	18622.15	5002	0	170
2024.09.10	07:00:00	18622.05	18632.95	18581.75	18587.05	4121	0	160
2024.09.10	08:00:00	18587.45	18616.55	18582.45	18593.75	5067	0	190
2024.09.10	09:00:00	18593.05	18610.45	18574.55	18603.45	4336	0	180
2024.09.10	10:00:00	18603.35	18650.95	18583.05	18649.85	7124	0	230
2024.09.10	11:00:00	18649.45	18662.05	18607.35	18613.05	6306	0	220
2024.09.10	12:00:00	18613.05	18620.05	18551.95	18608.35	7723	0	220
2024.09.10	13:00:00	18608.95	18649.55	18585.35	18620.05	6809	0	210
2024.09.10	14:00:00	18619.95	18674.85	18619.95	18667.35	7472	0	220
2024.09.10	15:00:00	18666.85	18737.45	18663.25	18728.35	8288	0	190
2024.09.10	16:00:00	18728.25	18791.35	18691.95	18732.55	14194	0	70
2024.09.10	17:00:00	18733.25	18786.15	18645.45	18699.65	18532	0	90
2024.09.10	18:00:00	18699.15	18761.25	18593.55	18595.55	17075	0	80
2024.09.10	19:00:00	18595.55	18690.15	18561.75	18659.65	16270	0	80
2024.09.10	20:00:00	18658.95	18765.05	18656.45	18756.75	15031	0	80
2024.09.10	21:00:00	18757.15	18816.05	18757.15	18793.05	13847	0	70
2024.09.10	22:00:00	18793.15	18846.65	18788.85	18825.55	13890	0	70
2024.09.10	23:00:00	18824.05	18833.85	18790.05	18796.75	4207	0	150
2024.09.11	01:00:00	18806.15	18818.95	18798.25	18816.65	2000	0	150
2024.09.11	02:00:00	18815.95	18829.05	18794.65	18808.85	2799	0	150
2024.09.11	03:00:00	18809.75	18815.75	18774.55	18783.25	6791	0	190
2024.09.11	04:00:00	18783.65	18797.35	18720.85	18750.35	9087	0	210
2024.09.11	05:00:00	18750.25	18771.15	18738.35	18757.65	6062	0	180
2024.09.11	06:00:00	18757.55	18769.95	18706.15	18723.15	5455	0	200
2024.09.11	07:00:00	18723.35	18725.95	18692.65	18704.55	4432	0	180
2024.09.11	08:00:00	18704.65	18726.05	18677.25	18723.05	6610	0	180
2024.09.11	09:00:00	18722.75	18776.15	18718.15	18759.75	7029	0	200
2024.09.11	10:00:00	18759.65	18796.85	18757.05	18793.85	8528	0	230
2024.09.11	11:00:00	18792.65	18795.15	18736.95	18747.75	8658	0	220
2024.09.11	12:00:00	18747.85	18784.95	18739.85	18779.95	6767	0	190
2024.09.11	13:00:00	18779.25	18787.95	18761.25	18776.25	5995	0	170
2024.09.11	14:00:00	18776.45	18813.85	18765.25	18808.35	5891	0	180
2024.09.11	15:00:00	18807.95	18847.85	18705.35	18833.85	12526	0	200
2024.09.11	16:00:00	18832.95	18900.05	18748.35	18766.05	16564	0	90
2024.09.11	17:00:00	18764.35	18792.05	18523.45	18579.95	18927	0	90
2024.09.11	18:00:00	18579.35	18794.25	18544.45	18764.05	17685	0	90
2024.09.11	19:00:00	18764.25	18914.95	18759.65	18887.25	17467	0	90
2024.09.11	20:00:00	18888.15	19041.15	18885.05	19011.35	16513	0	80
2024.09.11	21:00:00	19010.55	19148.75	19002.45	19099.25	16537	0	80
2024.09.11	22:00:00	19098.65	19266.05	19070.55	19223.75	16610	0	80
2024.09.11	23:00:00	19227.15	19239.55	19202.05	19218.05	6138	0	100
2024.09.12	01:00:00	19208.15	19223.25	19205.95	19219.35	1979	0	150
2024.09.12	02:00:00	19219.35	19222.75	19208.45	19217.85	2291	0	150
2024.09.12	03:00:00	19219.15	19256.45	19207.95	19224.85	6443	0	180
2024.09.12	04:00:00	19224.65	19262.45	19211.65	19251.45	7806	0	210
2024.09.12	05:00:00	19250.95	19276.55	19237.55	19253.75	6107	0	160
2024.09.12	06:00:00	19253.15	19282.85	19242.95	19282.05	4914	0	150
2024.09.12	07:00:00	19281.35	19298.15	19273.15	19287.45	3871	0	150
2024.09.12	08:00:00	19287.55	19302.85	19275.35	19284.55	5052	0	150
2024.09.12	09:00:00	19284.35	19315.95	19273.55	19276.15	5937	0	170
2024.09.12	10:00:00	19276.15	19312.55	19247.35	19255.45	9600	0	230
2024.09.12	11:00:00	19255.35	19289.15	19233.85	19272.15	8266	0	230
2024.09.12	12:00:00	19272.35	19304.05	19263.65	19268.05	6733	0	200
2024.09.12	13:00:00	19268.05	19283.55	19256.15	19261.45	5752	0	180
2024.09.12	14:00:00	19261.45	19276.85	19246.55	19272.15	6288	0	190
2024.09.12	15:00:00	19272.35	19299.65	19223.95	19232.95	11517	0	210
2024.09.12	16:00:00	19232.85	19263.25	19161.05	19230.85	15771	0	80
2024.09.12	17:00:00	19233.15	19340.55	19197.25	19255.05	18520	0	90
2024.09.12	18:00:00	19255.75	19362.95	19222.75	19241.05	17826	0	90
2024.09.12	19:00:00	19241.25	19358.65	19234.45	19356.25	16045	0	70
2024.09.12	20:00:00	19356.85	19443.75	19348.95	19441.25	14378	0	70
2024.09.12	21:00:00	19441.45	19458.25	19333.75	19428.15	15687	0	70
2024.09.12	22:00:00	19428.55	19439.35	19386.45	19426.35	16101	0	80
2024.09.12	23:00:00	19423.15	19432.95	19373.75	19383.85	6005	0	180
2024.09.13	01:00:00	19397.05	19421.05	19394.05	19418.05	1784	0	150
2024.09.13	02:00:00	19418.05	19445.05	19417.85	19427.65	2592	0	150
2024.09.13	03:00:00	19428.75	19448.15	19418.95	19430.35	5088	0	170
2024.09.13	04:00:00	19430.35	19433.45	19409.25	19418.55	4398	0	160
2024.09.13	05:00:00	19418.45	19421.95	19395.15	19400.25	3435	0	150
2024.09.13	06:00:00	19400.15	19428.85	19399.55	19425.75	3485	0	150
2024.09.13	07:00:00	19425.85	19429.15	19416.15	19424.35	2011	0	150
2024.09.13	08:00:00	19424.45	19462.65	19419.45	19419.95	3991	0	150
2024.09.13	09:00:00	19419.75	19426.45	19405.55	19414.65	3826	0	150
2024.09.13	10:00:00	19415.55	19440.75	19408.45	19409.85	6487	0	160
2024.09.13	11:00:00	19412.35	19442.45	19400.15	19427.65	6829	0	200
2024.09.13	12:00:00	19427.65	19452.85	19423.45	19437.25	6122	0	170
2024.09.13	13:00:00	19437.25	19447.85	19429.15	19444.55	5338	0	150
2024.09.13	14:00:00	19444.55	19445.55	19414.45	19428.85	5934	0	160
2024.09.13	15:00:00	19427.85	19440.25	19387.55	19423.05	8224	0	170
2024.09.13	16:00:00	19423.35	19476.75	19374.75	19442.25	15073	0	80
2024.09.13	17:00:00	19442.45	19515.85	19392.35	19495.95	18092	0	90
2024.09.13	18:00:00	19495.65	19526.25	19481.75	19518.55	15707	0	70
2024.09.13	19:00:00	19518.05	19543.05	19460.95	19524.95	14898	0	70
2024.09.13	20:00:00	19524.95	19556.95	19517.15	19541.45	12014	0	70
2024.09.13	21:00:00	19541.45	19553.95	19477.15	19494.45	14948	0	70
2024.09.13	22:00:00	19494.45	19533.05	19474.95	19508.65	13394	0	70
2024.09.13	23:00:00	19508.15	19509.55	19481.85	19488.65	4242	0	100
2024.09.16	01:00:00	19499.45	19504.15	19458.55	19480.45	3184	0	160
2024.09.16	02:00:00	19479.75	19525.75	19478.35	19518.55	3564	0	160
2024.09.16	03:00:00	19518.55	19523.15	19493.55	19499.45	3939	0	150
2024.09.16	04:00:00	19499.05	19507.55	19475.95	19506.45	4171	0	150
2024.09.16	05:00:00	19506.45	19510.55	19491.15	19498.35	2615	0	150
2024.09.16	06:00:00	19498.65	19511.45	19491.65	19510.35	2016	0	150
2024.09.16	07:00:00	19510.55	19512.35	19503.45	19508.85	1027	0	150
2024.09.16	08:00:00	19508.65	19511.05	19488.05	19496.85	1779	0	150
2024.09.16	09:00:00	19497.65	19498.15	19461.55	19471.95	3528	0	150
2024.09.16	10:00:00	19471.95	19502.55	19466.75	19500.55	6672	0	150
2024.09.16	11:00:00	19501.25	19525.05	19495.75	19508.95	6153	0	160
2024.09.16	12:00:00	19509.05	19520.35	19493.55	19497.45	4770	0	150
2024.09.16	13:00:00	19497.55	19498.25	19446.95	19473.65	6159	0	160
2024.09.16	14:00:00	19474.15	19474.65	19424.15	19434.15	6887	0	180
2024.09.16	15:00:00	19434.45	19441.45	19408.75	19418.25	8454	0	190
2024.09.16	16:00:00	19417.45	19445.85	19308.75	19411.45	13904	0	70
2024.09.16	17:00:00	19409.45	19445.45	19285.65	19326.05	17617	0	90
2024.09.16	18:00:00	19325.75	19396.35	19289.35	19352.95	15875	0	80
2024.09.16	19:00:00	19354.25	19374.45	19298.25	19372.85	15022	0	80
2024.09.16	20:00:00	19372.65	19421.75	19344.05	19413.75	13902	0	70
2024.09.16	21:00:00	19413.65	19424.45	19380.05	19418.85	13535	0	70
2024.09.16	22:00:00	19418.95	19435.65	19389.85	19424.05	13893	0	70
2024.09.16	23:00:00	19422.95	19425.25	19406.65	19409.15	4080	0	100
2024.09.17	01:00:00	19417.65	19450.25	19416.95	19436.55	2825	0	150
2024.09.17	02:00:00	19436.55	19446.65	19424.85	19427.25	2784	0	150
2024.09.17	03:00:00	19426.45	19436.65	19404.35	19407.25	4805	0	150
2024.09.17	04:00:00	19407.15	19412.05	19388.75	19409.25	4885	0	150
2024.09.17	05:00:00	19408.35	19417.55	19399.85	19414.25	3531	0	150
2024.09.17	06:00:00	19414.55	19416.25	19392.35	19401.85	3164	0	150
2024.09.17	07:00:00	19401.75	19424.55	19396.95	19423.55	2750	0	150
2024.09.17	08:00:00	19423.65	19444.05	19423.15	19441.95	3513	0	150
2024.09.17	09:00:00	19441.75	19458.35	19428.25	19446.05	3539	0	150
2024.09.17	10:00:00	19446.55	19499.45	19444.25	19487.95	8052	0	170
2024.09.17	11:00:00	19487.25	19504.25	19481.95	19494.15	6484	0	170
2024.09.17	12:00:00	19494.05	19539.35	19493.35	19527.25	5453	0	150
2024.09.17	13:00:00	19527.45	19538.45	19501.15	19505.05	5528	0	160
2024.09.17	14:00:00	19505.15	19557.25	19492.15	19547.55	6756	0	160
2024.09.17	15:00:00	19547.65	19569.85	19521.85	19551.05	10355	0	190
2024.09.17	16:00:00	19551.25	19582.65	19464.85	19514.65	14969	0	80
2024.09.17	17:00:00	19520.05	19604.35	19495.95	19525.25	17336	0	80
2024.09.17	18:00:00	19526.65	19571.25	19497.25	19530.95	16274	0	80
2024.09.17	19:00:00	19530.95	19541.15	19353.55	19391.35	16587	0	70
2024.09.17	20:00:00	19390.85	19448.85	19330.25	19416.15	16147	0	80
2024.09.17	21:00:00	19415.85	19435.35	19362.35	19393.45	15083	0	70
2024.09.17	22:00:00	19393.75	19435.95	19374.55	19434.65	15295	0	80
2024.09.17	23:00:00	19432.85	19453.85	19424.15	19442.35	4695	0	110
2024.09.18	01:00:00	19437.55	19451.45	19433.75	19441.05	1446	0	150
2024.09.18	02:00:00	19441.05	19461.95	19433.75	19458.95	2017	0	150
2024.09.18	03:00:00	19460.45	19463.35	19449.35	19456.55	4187	0	150
2024.09.18	04:00:00	19457.05	19468.35	19449.45	19464.25	3852	0	150
2024.09.18	05:00:00	19464.15	19469.15	19459.85	19465.15	2313	0	150
2024.09.18	06:00:00	19465.05	19465.45	19437.65	19440.25	2821	0	150
2024.09.18	07:00:00	19440.45	19453.65	19424.55	19433.05	3006	0	150
2024.09.18	08:00:00	19432.75	19447.95	19423.85	19445.55	3683	0	150
2024.09.18	09:00:00	19444.35	19472.95	19443.75	19468.45	3443	0	150
2024.09.18	10:00:00	19468.55	19479.85	19433.55	19448.95	7011	0	190
2024.09.18	11:00:00	19446.85	19450.75	19411.25	19439.75	6906	0	170
2024.09.18	12:00:00	19439.55	19464.65	19436.85	19463.35	4516	0	150
2024.09.18	13:00:00	19463.55	19467.55	19452.35	19466.55	3867	0	150
2024.09.18	14:00:00	19465.15	19482.55	19454.45	19455.65	4808	0	150
2024.09.18	15:00:00	19456.55	19486.75	19426.15	19481.85	7041	0	160
2024.09.18	16:00:00	19481.45	19490.65	19424.45	19461.95	12903	0	70
2024.09.18	17:00:00	19463.65	19479.65	19402.55	19446.35	16719	0	80
2024.09.18	18:00:00	19446.25	19463.65	19343.65	19353.85	14495	0	70
2024.09.18	19:00:00	19352.95	19469.15	19341.25	19462.85	12083	0	70
2024.09.18	20:00:00	19463.15	19486.95	19429.35	19454.16	12100	0	70
2024.09.18	21:00:00	19405.55	19654.55	19405.55	19478.55	18916	0	90
2024.09.18	22:00:00	19477.25	19529.15	19317.85	19342.75	18767	0	90
2024.09.18	23:00:00	19339.75	19421.35	19322.35	19396.35	7686	0	100
2024.09.19	01:00:00	19416.85	19445.35	19405.05	19424.35	3064	0	150
2024.09.19	02:00:00	19426.05	19535.95	19400.25	19521.45	5673	0	190
2024.09.19	03:00:00	19521.75	19601.75	19463.95	19477.95	10491	0	230
2024.09.19	04:00:00	19478.35	19495.95	19435.95	19495.35	8433	0	230
2024.09.19	05:00:00	19495.45	19597.45	19488.75	19580.05	8544	0	230
2024.09.19	06:00:00	19579.95	19626.45	19557.55	19621.95	8361	0	230
2024.09.19	07:00:00	19622.45	19628.25	19605.95	19620.65	5185	0	190
2024.09.19	08:00:00	19620.45	19647.55	19600.35	19639.05	6419	0	210
2024.09.19	09:00:00	19638.55	19678.25	19621.35	19668.95	6803	0	200
2024.09.19	10:00:00	19671.25	19700.25	19632.55	19699.75	10271	0	230
2024.09.19	11:00:00	19698.75	19700.55	19657.95	19693.45	8751	0	230
2024.09.19	12:00:00	19693.75	19739.95	19683.25	19737.65	7188	0	180
2024.09.19	13:00:00	19737.35	19760.85	19723.35	19754.15	5638	0	180
2024.09.19	14:00:00	19753.65	19776.05	19736.15	19769.65	7184	0	200
2024.09.19	15:00:00	19767.75	19778.55	19751.45	19761.45	9061	0	200
2024.09.19	16:00:00	19761.55	19833.65	19718.75	19762.15	15500	0	70
2024.09.19	17:00:00	19765.05	19912.55	19754.75	19815.35	17667	0	90
2024.09.19	18:00:00	19815.55	19906.95	19802.85	19850.25	15937	0	80
2024.09.19	19:00:00	19850.65	19926.05	19845.35	19910.15	13787	0	70
2024.09.19	20:00:00	19910.25	19955.25	19890.05	19944.75	13175	0	70
2024.09.19	21:00:00	19944.85	19953.15	19860.15	19902.15	14510	0	70
2024.09.19	22:00:00	19901.55	19905.55	19818.75	19836.45	16354	0	70
2024.09.19	23:00:00	19835.95	19845.55	19805.45	19818.45	5186	0	100
2024.09.20	01:00:00	19825.55	19831.05	19789.55	19808.05	2181	0	150
2024.09.20	02:00:00	19807.15	19823.85	19799.45	19806.15	1893	0	150
2024.09.20	03:00:00	19805.95	19812.65	19780.85	19792.95	4079	0	180
2024.09.20	04:00:00	19792.95	19819.45	19791.05	19813.75	4403	0	160
2024.09.20	05:00:00	19813.55	19828.85	19779.55	19785.65	4015	0	150
2024.09.20	06:00:00	19785.85	19813.55	19780.75	19809.95	3860	0	150
2024.09.20	07:00:00	19810.75	19822.15	19801.35	19816.95	2859	0	150
2024.09.20	08:00:00	19816.75	19816.85	19787.35	19806.25	4102	0	150
2024.09.20	09:00:00	19806.35	19812.95	19786.05	19789.45	4815	0	160
2024.09.20	10:00:00	19790.95	19828.05	19782.25	19817.35	7298	0	210
2024.09.20	11:00:00	19817.05	19822.05	19766.25	19780.15	6308	0	190
2024.09.20	12:00:00	19780.15	19799.75	19766.75	19770.35	5662	0	160
2024.09.20	13:00:00	19770.35	19780.15	19740.45	19750.35	5676	0	180
2024.09.20	14:00:00	19750.95	19780.05	19741.35	19778.65	5778	0	170
2024.09.20	15:00:00	19778.85	19834.85	19774.75	19824.35	8223	0	180
2024.09.20	16:00:00	19824.25	19842.45	19752.65	19762.15	15772	0	90
2024.09.20	17:00:00	19762.15	19790.45	19697.55	19705.45	17224	0	80
2024.09.20	18:00:00	19705.45	19751.15	19624.35	19738.35	16432	0	80
2024.09.20	19:00:00	19738.25	19799.85	19732.35	19783.35	13293	0	70
2024.09.20	20:00:00	19783.35	19794.65	19752.85	19759.65	13121	0	70
2024.09.20	21:00:00	19759.25	19767.35	19698.65	19762.05	14463	0	70
2024.09.20	22:00:00	19762.35	19847.45	19745.95	19794.55	15232	0	70
2024.09.20	23:00:00	19798.55	19800.15	19758.95	19779.55	5181	0	100
2024.09.23	01:00:00	19772.45	19806.45	19759.35	19800.65	2238	0	150
2024.09.23	02:00:00	19800.35	19829.15	19787.25	19825.55	3111	0	150
2024.09.23	03:00:00	19825.65	19898.95	19818.55	19894.15	5616	0	160
2024.09.23	04:00:00	19895.05	19911.15	19888.75	19893.85	5514	0	170
2024.09.23	05:00:00	19893.95	19923.45	19888.95	19912.45	4129	0	150
2024.09.23	06:00:00	19912.05	19926.65	19906.35	19908.25	2624	0	150
2024.09.23	07:00:00	19908.15	19919.45	19902.45	19905.25	1904	0	150
2024.09.23	08:00:00	19905.55	19906.85	19866.85	19869.65	3236	0	150
2024.09.23	09:00:00	19869.35	19870.75	19845.75	19849.35	4358	0	150
2024.09.23	10:00:00	19849.75	19851.05	19718.45	19823.15	10024	0	200
2024.09.23	11:00:00	19821.95	19834.65	19779.55	19809.05	7455	0	230
2024.09.23	12:00:00	19808.85	19845.65	19789.95	19841.25	6092	0	170
2024.09.23	13:00:00	19841.15	19853.05	19833.25	19834.55	4768	0	160
2024.09.23	14:00:00	19834.15	19846.35	19807.45	19841.85	5829	0	190
2024.09.23	15:00:00	19837.85	19858.45	19822.45	19849.85	6805	0	170
2024.09.23	16:00:00	19850.05	19876.45	19795.45	19837.75	13575	0	80
2024.09.23	17:00:00	19838.45	19896.45	19816.55	19867.75	17571	0	90
2024.09.23	18:00:00	19868.35	19896.75	19818.35	19876.35	15505	0	70
2024.09.23	19:00:00	19875.95	19878.05	19805.55	19815.55	15563	0	70
2024.09.23	20:00:00	19815.55	19848.95	19788.15	19846.05	13733	0	70
2024.09.23	21:00:00	19846.35	19858.75	19830.55	19855.35	11033	0	70
2024.09.23	22:00:00	19854.65	19862.65	19828.15	19850.65	12109	0	70
2024.09.23	23:00:00	19849.55	19858.95	19829.25	19833.85	2805	0	90
2024.09.24	01:00:00	19838.15	19838.35	19821.85	19827.45	1607	0	150
2024.09.24	02:00:00	19827.35	19848.55	19820.65	19844.65	2017	0	150
2024.09.24	03:00:00	19844.75	19853.25	19817.45	19833.85	5011	0	150
2024.09.24	04:00:00	19833.65	19871.05	19823.95	19826.35	6521	0	160
2024.09.24	05:00:00	19826.15	19827.45	19799.25	19820.75	4805	0	160
2024.09.24	06:00:00	19820.75	19832.05	19809.25	19826.75	3012	0	150
2024.09.24	07:00:00	19826.45	19850.45	19821.65	19849.75	2476	0	150
2024.09.24	08:00:00	19850.35	19885.15	19850.35	19880.45	4704	0	150
2024.09.24	09:00:00	19880.95	19915.45	19872.25	19904.35	4635	0	150
2024.09.24	10:00:00	19904.35	19929.25	19868.85	19928.45	7012	0	170
2024.09.24	11:00:00	19926.05	19954.55	19910.05	19940.15	7344	0	210
2024.09.24	12:00:00	19940.15	19941.05	19898.85	19907.45	5834	0	190
2024.09.24	13:00:00	19906.95	19931.05	19889.55	19891.45	4848	0	160
2024.09.24	14:00:00	19891.25	19901.75	19827.05	19881.55	7740	0	190
2024.09.24	15:00:00	19881.55	19900.05	19861.85	19888.75	7463	0	190
2024.09.24	16:00:00	19888.75	19929.15	19858.85	19866.35	13009	0	70
2024.09.24	17:00:00	19866.95	19868.25	19733.05	19853.35	17555	0	80
2024.09.24	18:00:00	19853.35	19992.45	19848.15	19965.85	15382	0	70
2024.09.24	19:00:00	19965.55	19991.95	19938.25	19939.95	14788	0	70
2024.09.24	20:00:00	19940.25	19971.35	19929.35	19943.05	13499	0	70
2024.09.24	21:00:00	19944.35	19953.85	19887.65	19922.25	13132	0	70
2024.09.24	22:00:00	19921.55	19947.95	19914.55	19944.45	12723	0	70
2024.09.24	23:00:00	19944.05	19962.55	19936.55	19961.75	3507	0	100
2024.09.25	01:00:00	19957.05	19965.25	19951.25	19962.55	1209	0	150
2024.09.25	02:00:00	19962.55	19968.45	19954.95	19956.75	1792	0	150
2024.09.25	03:00:00	19957.25	19959.55	19915.25	19919.15	4862	0	150
2024.09.25	04:00:00	19919.25	19932.25	19893.45	19902.25	5622	0	160
2024.09.25	05:00:00	19902.15	19914.45	19895.85	19898.15	3871	0	150
2024.09.25	06:00:00	19898.15	19918.35	19886.45	19904.65	3931	0	150
2024.09.25	07:00:00	19905.95	19916.55	19901.85	19906.05	2395	0	150
2024.09.25	08:00:00	19905.95	19916.55	19867.15	19875.15	4235	0	150
2024.09.25	09:00:00	19875.05	19881.15	19847.45	19849.05	5769	0	170
2024.09.25	10:00:00	19849.55	19891.95	19841.15	19885.05	7712	0	210
2024.09.25	11:00:00	19885.75	19891.15	19862.95	19873.15	6623	0	210
2024.09.25	12:00:00	19873.25	19889.55	19857.65	19885.85	4564	0	160
2024.09.25	13:00:00	19886.35	19913.55	19886.15	19908.55	4973	0	160
2024.09.25	14:00:00	19908.85	19918.45	19899.35	19918.15	4432	0	150
2024.09.25	15:00:00	19918.45	19933.75	19902.75	19926.85	5477	0	160
2024.09.25	16:00:00	19926.55	20011.65	19917.35	20009.75	12596	0	70
2024.09.25	17:00:00	20010.15	20048.95	19983.55	20007.95	17073	0	70
2024.09.25	18:00:00	20008.15	20023.25	19958.45	19985.15	15265	0	70
2024.09.25	19:00:00	19984.45	19994.25	19950.05	19956.85	13609	0	70
2024.09.25	20:00:00	19957.75	19980.25	19915.05	19977.75	14580	0	70
2024.09.25	21:00:00	19977.25	19983.45	19923.25	19966.85	12461	0	70
2024.09.25	22:00:00	19966.85	19975.85	19950.95	19971.85	11524	0	70
2024.09.25	23:00:00	19970.55	20019.75	19964.65	20018.55	4298	0	80
2024.09.26	01:00:00	20013.65	20031.75	20009.45	20024.45	1731	0	150
2024.09.26	02:00:00	20025.05	20059.35	20018.45	20054.05	2682	0	150
2024.09.26	03:00:00	20054.35	20091.75	20052.85	20073.55	4762	0	150
2024.09.26	04:00:00	20073.55	20098.65	20064.15	20093.85	4127	0	150
2024.09.26	05:00:00	20093.85	20108.55	20086.95	20103.45	3576	0	150
2024.09.26	06:00:00	20103.25	20145.45	20102.95	20140.65	3598	0	150
2024.09.26	07:00:00	20140.65	20156.55	20131.25	20155.85	3224	0	150
2024.09.26	08:00:00	20155.95	20197.65	20140.85	20194.65	4844	0	150
2024.09.26	09:00:00	20194.95	20240.45	20194.55	20233.65	6609	0	170
2024.09.26	10:00:00	20234.35	20276.05	20228.55	20259.75	8417	0	210
2024.09.26	11:00:00	20260.35	20264.55	20232.05	20243.85	6992	0	180
2024.09.26	12:00:00	20243.35	20253.85	20227.35	20245.25	5043	0	160
2024.09.26	13:00:00	20244.75	20274.15	20237.35	20273.35	3956	0	160
2024.09.26	14:00:00	20273.55	20280.25	20253.35	20261.55	5713	0	170
2024.09.26	15:00:00	20261.55	20297.35	20238.85	20293.65	8885	0	180
2024.09.26	16:00:00	20294.65	20313.95	20182.45	20202.75	14385	0	90
2024.09.26	17:00:00	20201.95	20211.05	19983.35	19989.65	18225	0	90
2024.09.26	18:00:00	19990.05	20099.55	19963.55	20097.05	17680	0	80
2024.09.26	19:00:00	20097.25	20097.25	20005.65	20027.85	16034	0	70
2024.09.26	20:00:00	20026.45	20065.75	19964.85	20049.55	14713	0	70
2024.09.26	21:00:00	20049.55	20124.55	20049.35	20113.55	12434	0	70
2024.09.26	22:00:00	20113.05	20136.25	20096.05	20114.95	13017	0	70
2024.09.26	23:00:00	20115.45	20134.45	20109.75	20115.95	3500	0	110
2024.09.27	01:00:00	20126.95	20159.85	20126.95	20143.95	2768	0	150
2024.09.27	02:00:00	20143.75	20144.75	20111.25	20122.25	3192	0	150
2024.09.27	03:00:00	20122.25	20122.25	20085.15	20114.35	6042	0	180
2024.09.27	04:00:00	20114.15	20120.15	20077.05	20079.25	6076	0	180
2024.09.27	05:00:00	20079.35	20087.45	20065.05	20075.55	5247	0	160
2024.09.27	06:00:00	20075.35	20103.65	20060.35	20100.45	4925	0	160
2024.09.27	07:00:00	20100.65	20129.95	20097.55	20126.85	3668	0	150
2024.09.27	08:00:00	20126.65	20137.15	20070.35	20099.65	6883	0	160
2024.09.27	09:00:00	20099.65	20112.75	20034.35	20052.35	5747	0	220
2024.09.27	10:00:00	20052.95	20087.45	20018.55	20028.45	9244	0	230
2024.09.27	11:00:00	20025.95	20101.55	20025.95	20072.55	7825	0	230
2024.09.27	12:00:00	20072.35	20103.55	20060.85	20086.85	7592	0	220
2024.09.27	13:00:00	20087.05	20102.25	20062.25	20072.55	5999	0	200
2024.09.27	14:00:00	20072.75	20125.95	20072.75	20125.35	5781	0	180
2024.09.27	15:00:00	20124.65	20174.95	20120.25	20156.75	9766	0	200
2024.09.27	16:00:00	20157.25	20171.85	20091.45	20108.05	14226	0	70
2024.09.27	17:00:00	20110.15	20155.85	20053.85	20085.45	17973	0	80
2024.09.27	18:00:00	20083.85	20089.35	20009.75	20012.75	16511	0	80
2024.09.27	19:00:00	20012.95	20045.75	19987.95	20039.45	14187	0	70
2024.09.27	20:00:00	20040.15	20062.45	19999.35	20060.75	12730	0	70
2024.09.27	21:00:00	20060.25	20073.65	19954.15	20029.65	13975	0	70
2024.09.27	22:00:00	20029.65	20035.55	19994.55	20004.75	13652	0	70
2024.09.27	23:00:00	20004.75	20007.35	19970.65	19982.35	4081	0	100
2024.09.30	01:00:00	19964.85	20025.35	19963.25	20025.35	2535	0	150
2024.09.30	02:00:00	20025.35	20062.35	20020.15	20053.05	3971	0	150
2024.09.30	03:00:00	20054.45	20066.85	20024.75	20028.25	6246	0	170
2024.09.30	04:00:00	20027.75	20028.75	19957.85	19972.05	8783	0	230
2024.09.30	05:00:00	19972.05	19976.35	19940.05	19974.75	6623	0	170
2024.09.30	06:00:00	19974.55	20007.65	19969.75	20004.15	5676	0	170
2024.09.30	07:00:00	20004.05	20011.25	19973.95	19981.65	3617	0	150
2024.09.30	08:00:00	19981.75	19988.75	19952.55	19958.85	6127	0	160
2024.09.30	09:00:00	19959.05	19982.45	19931.75	19974.05	6171	0	200
2024.09.30	10:00:00	19974.15	20033.05	19969.75	20011.55	8305	0	220
2024.09.30	11:00:00	20010.05	20010.85	19962.55	19983.75	6502	0	220
2024.09.30	12:00:00	19983.35	19998.15	19957.35	19990.45	6247	0	210
2024.09.30	13:00:00	19990.45	20004.35	19969.15	19982.25	5455	0	170
2024.09.30	14:00:00	19982.15	19984.65	19906.35	19916.55	7872	0	220
2024.09.30	15:00:00	19916.55	19962.45	19911.15	19956.85	6705	0	200
2024.09.30	16:00:00	19956.65	20049.05	19949.05	19991.45	13682	0	70
2024.09.30	17:00:00	19991.75	20008.15	19914.95	19967.25	17199	0	80
2024.09.30	18:00:00	19967.05	20021.75	19954.45	19995.25	14956	0	80
2024.09.30	19:00:00	19995.05	20041.25	19991.85	19999.95	12323	0	70
2024.09.30	20:00:00	20000.05	20005.15	19957.05	19993.25	12263	0	70
2024.09.30	21:00:00	19993.15	19998.95	19845.25	19934.55	16188	0	70
2024.09.30	22:00:00	19934.05	20070.95	19906.15	20058.85	14931	0	70
2024.09.30	23:00:00	20055.65	20058.75	20025.15	20033.15	4807	0	100
2024.10.01	01:00:00	20026.25	20027.25	19998.65	20020.35	2809	0	160
2024.10.01	02:00:00	20020.15	20034.35	20006.15	20032.25	2632	0	150
2024.10.01	03:00:00	20031.35	20063.05	20006.65	20054.55	5683	0	160
2024.10.01	04:00:00	20054.35	20117.45	20054.35	20115.05	5204	0	150
2024.10.01	05:00:00	20115.85	20118.05	20070.85	20080.45	4167	0	150
2024.10.01	06:00:00	20080.65	20082.55	20056.15	20072.55	3763	0	160
2024.10.01	07:00:00	20072.75	20073.15	20040.95	20045.45	3556	0	150
2024.10.01	08:00:00	20045.05	20057.05	20020.95	20039.35	4587	0	160
2024.10.01	09:00:00	20039.05	20070.25	20031.35	20055.15	4536	0	170
2024.10.01	10:00:00	20054.55	20077.05	20003.05	20073.65	9930	0	230
2024.10.01	11:00:00	20073.35	20078.45	20039.15	20057.95	7475	0	220
2024.10.01	12:00:00	20056.35	20070.45	20043.35	20065.85	5251	0	170
2024.10.01	13:00:00	20065.75	20107.15	20058.95	20102.95	4299	0	170
2024.10.01	14:00:00	20102.85	20112.65	20044.65	20060.45	6555	0	200
2024.10.01	15:00:00	20059.05	20074.75	20041.85	20064.25	6932	0	170
2024.10.01	16:00:00	20063.85	20068.55	19771.45	19832.66	13962	0	70
2024.10.01	17:00:00	19832.66	19867.06	19658.95	19717.25	18802	0	100
2024.10.01	18:00:00	19716.75	19767.75	19611.05	19717.45	17763	0	90
2024.10.01	19:00:00	19714.95	19788.85	19648.25	19729.55	17113	0	80
2024.10.01	20:00:00	19727.85	19795.95	19641.35	19794.85	16946	0	90
2024.10.01	21:00:00	19791.85	19874.15	19791.85	19848.35	16228	0	80
2024.10.01	22:00:00	19846.55	19858.25	19752.75	19773.95	16033	0	80
2024.10.01	23:00:00	19772.75	19810.25	19749.05	19750.65	5854	0	100
2024.10.02	01:00:00	19726.95	19733.85	19694.85	19707.45	3050	0	170
2024.10.02	02:00:00	19707.45	19735.55	19682.55	19721.45	3831	0	180
2024.10.02	03:00:00	19721.25	19755.35	19713.15	19739.15	5245	0	210
2024.10.02	04:00:00	19739.15	19778.65	19734.75	19773.85	5650	0	170
2024.10.02	05:00:00	19773.75	19784.65	19745.85	19756.05	5154	0	170
2024.10.02	06:00:00	19756.25	19784.85	19731.55	19779.25	4887	0	170
2024.10.02	07:00:00	19779.25	19784.05	19705.15	19724.25	3629	0	150
2024.10.02	08:00:00	19724.05	19740.45	19675.25	19714.95	6404	0	230
2024.10.02	09:00:00	19715.05	19734.65	19686.15	19722.65	5664	0	230
2024.10.02	10:00:00	19726.25	19766.65	19693.15	19747.25	8534	0	230
2024.10.02	11:00:00	19746.65	19764.45	19726.95	19739.45	5305	0	200
2024.10.02	12:00:00	19739.25	19741.25	19687.45	19706.95	5432	0	220
2024.10.02	13:00:00	19706.25	19766.15	19673.55	19753.15	6464	0	230
2024.10.02	14:00:00	19754.25	19769.75	19718.95	19728.05	6547	0	230
2024.10.02	15:00:00	19728.15	19804.75	19719.95	19774.05	8295	0	230
2024.10.02	16:00:00	19775.25	19780.45	19629.15	19708.75	16107	0	90
2024.10.02	17:00:00	19711.25	19851.55	19701.15	19791.55	18403	0	90
2024.10.02	18:00:00	19791.65	19884.05	19786.75	19855.85	16118	0	80
2024.10.02	19:00:00	19855.55	19879.15	19772.65	19774.85	14311	0	70
2024.10.02	20:00:00	19774.35	19843.85	19765.25	19840.35	14123	0	70
2024.10.02	21:00:00	19840.35	19853.65	19780.75	19819.15	12336	0	70
2024.10.02	22:00:00	19818.95	19851.45	19799.15	19801.45	12313	0	70
2024.10.02	23:00:00	19804.25	19864.95	19797.85	19860.55	4018	0	100
2024.10.03	01:00:00	19854.95	19863.15	19840.45	19840.55	1845	0	150
2024.10.03	02:00:00	19840.85	19852.15	19825.75	19851.15	3060	0	150
2024.10.03	03:00:00	19849.05	19851.35	19778.45	19794.85	6800	0	180
2024.10.03	04:00:00	19795.15	19809.85	19747.05	19770.65	7858	0	220
2024.10.03	05:00:00	19770.45	19783.35	19749.45	19757.95	6501	0	180
2024.10.03	06:00:00	19757.85	19776.05	19732.05	19744.95	6297	0	180
2024.10.03	07:00:00	19745.15	19752.95	19735.45	19740.55	2781	0	160
2024.10.03	08:00:00	19740.75	19762.05	19729.35	19734.25	5534	0	160
2024.10.03	09:00:00	19733.15	19768.05	19720.55	19758.45	5136	0	160
2024.10.03	10:00:00	19758.15	19762.05	19647.35	19679.85	11129	0	230
2024.10.03	11:00:00	19683.55	19724.55	19678.55	19705.35	8507	0	230
2024.10.03	12:00:00	19705.65	19722.05	19694.55	19712.95	6876	0	200
2024.10.03	13:00:00	19712.95	19742.85	19700.15	19742.55	5807	0	160
2024.10.03	14:00:00	19742.05	19773.05	19725.35	19772.85	7181	0	210
2024.10.03	15:00:00	19773.05	19790.05	19713.65	19716.65	9843	0	210
2024.10.03	16:00:00	19716.85	19845.15	19692.15	19820.76	14828	0	100
2024.10.03	17:00:00	19834.26	19910.85	19711.15	19737.65	18778	0	100
2024.10.03	18:00:00	19737.55	19858.35	19727.15	19839.05	16639	0	80
2024.10.03	19:00:00	19839.05	19850.65	19702.35	19718.45	15579	0	70
2024.10.03	20:00:00	19718.75	19786.55	19678.65	19762.35	15956	0	70
2024.10.03	21:00:00	19761.65	19774.35	19724.85	19742.35	13200	0	70
2024.10.03	22:00:00	19742.85	19807.15	19714.35	19787.75	13097	0	50
2024.10.03	23:00:00	19788.05	19817.25	19764.65	19770.05	4297	0	110
2024.10.04	01:00:00	19755.45	19799.25	19745.35	19784.55	2426	0	150
2024.10.04	02:00:00	19785.05	19794.45	19770.95	19786.75	3536	0	170
2024.10.04	03:00:00	19785.55	19792.35	19752.65	19788.85	6359	0	190
2024.10.04	04:00:00	19788.45	19859.35	19779.45	19852.05	8661	0	220
2024.10.04	05:00:00	19852.05	19877.35	19838.35	19847.85	7347	0	190
2024.10.04	06:00:00	19847.85	19852.05	19812.55	19820.55	6492	0	200
2024.10.04	07:00:00	19820.55	19842.85	19801.65	19812.45	4417	0	160
2024.10.04	08:00:00	19812.65	19837.95	19809.55	19823.45	5555	0	210
2024.10.04	09:00:00	19823.55	19827.15	19800.65	19801.15	4597	0	160
2024.10.04	10:00:00	19801.45	19847.85	19780.15	19841.15	7940	0	220
2024.10.04	11:00:00	19841.45	19851.15	19807.85	19811.15	7683	0	200
2024.10.04	12:00:00	19811.35	19847.85	19805.15	19845.75	6042	0	200
2024.10.04	13:00:00	19845.45	19885.15	19845.45	19859.15	6112	0	180
2024.10.04	14:00:00	19859.95	19892.65	19851.75	19871.15	6268	0	210
2024.10.04	15:00:00	19870.55	20053.85	19859.85	20053.05	11657	0	210
2024.10.04	16:00:00	20053.15	20069.35	19873.75	19885.75	15740	0	90
2024.10.04	17:00:00	19886.65	19929.55	19814.85	19926.65	18652	0	90
2024.10.04	18:00:00	19926.65	19960.85	19835.15	19941.15	17608	0	80
2024.10.04	19:00:00	19941.25	19982.05	19882.95	19954.25	15539	0	80
2024.10.04	20:00:00	19954.25	19971.65	19886.05	19916.55	14965	0	70
2024.10.04	21:00:00	19917.05	19972.65	19896.75	19971.85	13242	0	70
2024.10.04	22:00:00	19971.35	20045.45	19956.45	20027.15	12378	0	70
2024.10.04	23:00:00	20020.85	20032.75	19997.15	20000.05	3721	0	150
2024.10.07	01:00:00	20041.55	20065.05	20036.45	20049.65	3660	0	150
2024.10.07	02:00:00	20049.45	20066.65	20029.95	20033.75	4349	0	160
2024.10.07	03:00:00	20033.25	20038.45	20004.45	20019.95	6716	0	170
2024.10.07	04:00:00	20019.85	20065.95	20005.75	20018.15	9690	0	200
2024.10.07	05:00:00	20017.95	20038.75	20014.15	20020.15	6317	0	210
2024.10.07	06:00:00	20020.05	20030.55	20007.95	20022.15	5545	0	160
2024.10.07	07:00:00	20022.25	20036.65	20012.75	20018.85	3208	0	150
2024.10.07	08:00:00	20019.15	20022.15	19985.55	19993.05	5704	0	160
2024.10.07	09:00:00	19992.25	20015.75	19971.65	20011.75	6040	0	180
2024.10.07	10:00:00	20012.25	20014.25	19935.55	19946.15	9668	0	230
2024.10.07	11:00:00	19947.55	19966.95	19914.25	19914.95	7794	0	230
2024.10.07	12:00:00	19915.45	19916.55	19860.75	19897.15	8887	0	230
2024.10.07	13:00:00	19897.45	19906.65	19877.65	19903.75	6469	0	220
2024.10.07	14:00:00	19901.35	19920.15	19883.55	19913.25	6273	0	180
2024.10.07	15:00:00	19913.25	19944.85	19904.75	19927.45	6950	0	180
2024.10.07	16:00:00	19927.55	19966.15	19892.05	19912.65	14091	0	70
2024.10.07	17:00:00	19913.25	19989.65	19907.45	19968.35	17694	0	80
2024.10.07	18:00:00	19968.35	19978.15	19922.85	19954.35	16140	0	80
2024.10.07	19:00:00	19955.15	19975.25	19913.65	19944.45	14076	0	70
2024.10.07	20:00:00	19944.45	19971.25	19923.25	19956.95	12801	0	70
2024.10.07	21:00:00	19957.05	19960.65	19770.65	19778.25	15743	0	70
2024.10.07	22:00:00	19777.75	19835.65	19756.75	19805.25	16865	0	80
2024.10.07	23:00:00	19807.75	19841.45	19807.55	19834.25	4153	0	100
2024.10.08	01:00:00	19826.95	19829.65	19714.35	19773.85	4624	0	150
2024.10.08	02:00:00	19773.75	19813.55	19763.95	19792.75	4614	0	170
2024.10.08	03:00:00	19792.85	19839.35	19792.85	19825.35	5996	0	190
2024.10.08	04:00:00	19825.75	19830.25	19764.85	19789.85	8015	0	200
2024.10.08	05:00:00	19789.85	19821.35	19765.25	19808.35	9544	0	230
2024.10.08	06:00:00	19808.35	19821.75	19779.85	19794.45	6569	0	210
2024.10.08	07:00:00	19794.45	19820.05	19793.55	19811.75	3329	0	150
2024.10.08	08:00:00	19811.85	19820.75	19775.45	19788.55	9138	0	180
2024.10.08	09:00:00	19787.95	19798.55	19764.35	19788.95	6136	0	220
2024.10.08	10:00:00	19788.55	19836.75	19752.25	19815.85	10459	0	230
2024.10.08	11:00:00	19816.25	19833.45	19794.65	19826.45	8290	0	230
2024.10.08	12:00:00	19826.55	19897.85	19826.55	19881.05	8401	0	230
2024.10.08	13:00:00	19881.85	19903.35	19863.55	19897.85	7258	0	210
2024.10.08	14:00:00	19895.05	19908.35	19878.15	19902.35	7491	0	200
2024.10.08	15:00:00	19902.25	19911.85	19866.25	19872.65	7575	0	210
2024.10.08	16:00:00	19872.85	19965.35	19864.85	19964.15	13705	0	70
2024.10.08	17:00:00	19965.35	20081.45	19963.35	20047.55	17705	0	80
2024.10.08	18:00:00	20049.15	20069.65	20019.85	20063.75	15365	0	80
2024.10.08	19:00:00	20063.15	20063.15	20006.35	20039.15	13258	0	70
2024.10.08	20:00:00	20038.85	20043.95	19971.45	20038.05	14527	0	70
2024.10.08	21:00:00	20037.65	20087.65	20029.65	20079.95	11214	0	70
2024.10.08	22:00:00	20080.15	20135.05	20061.65	20105.75	12236	0	70
2024.10.08	23:00:00	20105.25	20105.45	20081.55	20095.25	3837	0	100
2024.10.09	01:00:00	20091.85	20100.45	20080.95	20097.55	1859	0	150
2024.10.09	02:00:00	20097.75	20104.65	20079.75	20082.05	2553	0	150
2024.10.09	03:00:00	20082.15	20088.95	20073.25	20085.65	3240	0	150
2024.10.09	04:00:00	20085.65	20096.95	20069.65	20082.75	6784	0	160
2024.10.09	05:00:00	20082.65	20082.65	20047.35	20054.05	7908	0	170
2024.10.09	06:00:00	20054.05	20059.25	20042.35	20045.65	6099	0	160
2024.10.09	07:00:00	20044.85	20054.15	20031.45	20039.35	2303	0	150
2024.10.09	08:00:00	20039.15	20059.35	20034.75	20039.55	8491	0	150
2024.10.09	09:00:00	20039.25	20049.55	20019.15	20039.45	6343	0	180
2024.10.09	10:00:00	20039.15	20049.15	20003.85	20035.65	9893	0	220
2024.10.09	11:00:00	20035.75	20055.85	20017.15	20051.05	7399	0	190
2024.10.09	12:00:00	20051.25	20075.65	20050.45	20070.55	4944	0	160
2024.10.09	13:00:00	20070.05	20100.05	20063.35	20089.05	4962	0	160
2024.10.09	14:00:00	20087.15	20099.35	20062.35	20064.75	5145	0	160
2024.10.09	15:00:00	20065.55	20086.45	20057.75	20079.75	6830	0	190
2024.10.09	16:00:00	20079.25	20108.15	20048.45	20075.05	13872	0	70
2024.10.09	17:00:00	20075.05	20172.35	20071.95	20170.15	16959	0	80
2024.10.09	18:00:00	20170.35	20255.15	20170.35	20252.65	14154	0	70
2024.10.09	19:00:00	20253.05	20253.75	20176.55	20202.35	14062	0	70
2024.10.09	20:00:00	20202.45	20235.75	20163.05	20206.15	12588	0	70
2024.10.09	21:00:00	20206.55	20267.45	20196.35	20240.35	13807	0	80
2024.10.09	22:00:00	20240.35	20289.35	20213.15	20267.75	13315	0	70
2024.10.09	23:00:00	20264.15	20264.65	20223.25	20243.55	4493	0	150
2024.10.10	01:00:00	20245.25	20260.15	20244.35	20257.05	1523	0	150
2024.10.10	02:00:00	20257.15	20269.65	20247.25	20258.55	2627	0	150
2024.10.10	03:00:00	20259.25	20266.55	20244.45	20259.45	4088	0	150
2024.10.10	04:00:00	20259.05	20271.45	20253.95	20259.05	6036	0	160
2024.10.10	05:00:00	20258.55	20280.45	20251.75	20276.85	5298	0	150
2024.10.10	06:00:00	20276.85	20282.05	20267.55	20278.85	3748	0	150
2024.10.10	07:00:00	20278.75	20280.55	20271.35	20272.55	1404	0	150
2024.10.10	08:00:00	20272.35	20282.35	20247.95	20251.75	4142	0	150
2024.10.10	09:00:00	20251.55	20263.55	20231.95	20255.25	5480	0	160
2024.10.10	10:00:00	20255.35	20261.65	20221.35	20231.25	6846	0	160
2024.10.10	11:00:00	20231.25	20239.95	20215.15	20226.65	5126	0	160
2024.10.10	12:00:00	20227.05	20243.35	20217.45	20239.95	4363	0	160
2024.10.10	13:00:00	20239.95	20242.35	20216.05	20217.75	3822	0	150
2024.10.10	14:00:00	20217.65	20247.15	20210.05	20245.05	4138	0	150
2024.10.10	15:00:00	20243.95	20259.95	20130.35	20168.75	11031	0	170
2024.10.10	16:00:00	20168.75	20197.85	20110.35	20168.35	15613	0	70
2024.10.10	17:00:00	20170.15	20232.65	20165.75	20194.85	17867	0	80
2024.10.10	18:00:00	20195.75	20289.95	20176.05	20287.85	14683	0	70
2024.10.10	19:00:00	20287.95	20320.15	20230.25	20251.55	14629	0	70
2024.10.10	20:00:00	20251.75	20285.95	20192.05	20258.25	15227	0	70
2024.10.10	21:00:00	20259.15	20259.15	20185.65	20232.35	14401	0	70
2024.10.10	22:00:00	20230.35	20255.35	20201.85	20241.75	13158	0	70
2024.10.10	23:00:00	20241.85	20254.15	20229.95	20251.15	3337	0	100
2024.10.11	01:00:00	20244.35	20255.65	20242.45	20251.55	1363	0	150
2024.10.11	02:00:00	20251.55	20280.35	20251.55	20267.95	3007	0	150
2024.10.11	03:00:00	20268.25	20279.45	20258.25	20266.15	4440	0	150
2024.10.11	04:00:00	20266.05	20282.35	20263.35	20269.85	3049	0	150
2024.10.11	05:00:00	20270.05	20277.35	20259.05	20267.85	2248	0	150
2024.10.11	06:00:00	20267.85	20286.95	20262.55	20274.35	2727	0	150
2024.10.11	07:00:00	20274.35	20275.05	20252.25	20254.55	1992	0	150
2024.10.11	08:00:00	20254.55	20255.05	20233.25	20245.85	2675	0	150
2024.10.11	09:00:00	20245.25	20252.15	20231.25	20233.15	3121	0	150
2024.10.11	10:00:00	20233.35	20236.85	20190.65	20229.55	6571	0	190
2024.10.11	11:00:00	20229.15	20231.25	20174.65	20179.15	7103	0	210
2024.10.11	12:00:00	20179.45	20202.15	20176.15	20188.05	5097	0	170
2024.10.11	13:00:00	20188.15	20208.45	20179.25	20201.45	4984	0	160
2024.10.11	14:00:00	20199.95	20206.55	20183.75	20187.75	4221	0	150
2024.10.11	15:00:00	20188.75	20236.05	20175.15	20188.95	8819	0	160
2024.10.11	16:00:00	20189.05	20199.85	20135.55	20180.05	13784	0	80
2024.10.11	17:00:00	20179.85	20302.75	20155.55	20250.25	17421	0	80
2024.10.11	18:00:00	20250.25	20293.25	20227.55	20290.65	14580	0	80
2024.10.11	19:00:00	20290.05	20292.55	20227.05	20261.95	12449	0	70
2024.10.11	20:00:00	20262.75	20273.25	20239.35	20259.05	10518	0	70
2024.10.11	21:00:00	20258.55	20297.25	20247.25	20289.25	10124	0	70
2024.10.11	22:00:00	20288.95	20315.55	20267.95	20270.25	11406	0	70
2024.10.11	23:00:00	20269.95	20273.65	20226.65	20236.45	4196	0	100
2024.10.14	01:00:00	20239.65	20265.15	20232.25	20261.75	2565	0	150
2024.10.14	02:00:00	20261.65	20271.55	20244.45	20247.85	3207	0	150
2024.10.14	03:00:00	20248.05	20252.95	20233.75	20236.85	3247	0	150
2024.10.14	04:00:00	20236.85	20240.35	20216.15	20221.55	6857	0	160
2024.10.14	05:00:00	20221.45	20230.65	20204.95	20223.65	5750	0	150
2024.10.14	06:00:00	20223.65	20238.85	20212.05	20229.35	3655	0	150
2024.10.14	07:00:00	20229.55	20234.75	20224.55	20234.05	1316	0	150
2024.10.14	08:00:00	20234.05	20254.75	20232.35	20252.55	3628	0	150
2024.10.14	09:00:00	20252.75	20268.35	20246.25	20261.75	3682	0	150
2024.10.14	10:00:00	20261.55	20287.65	20245.05	20285.85	5648	0	160
2024.10.14	11:00:00	20285.85	20304.55	20276.65	20285.45	5073	0	150
2024.10.14	12:00:00	20285.25	20310.85	20285.25	20308.55	3623	0	150
2024.10.14	13:00:00	20308.55	20347.15	20308.55	20331.65	4374	0	150
2024.10.14	14:00:00	20331.75	20339.05	20319.35	20327.75	3908	0	150
2024.10.14	15:00:00	20328.35	20361.25	20323.55	20360.05	4258	0	150
2024.10.14	16:00:00	20360.05	20491.95	20359.75	20491.45	11989	0	70
2024.10.14	17:00:00	20493.25	20500.45	20371.25	20382.65	16029	0	80
2024.10.14	18:00:00	20383.15	20409.05	20349.35	20407.95	14488	0	70
2024.10.14	19:00:00	20407.65	20442.15	20401.65	20427.75	10974	0	70
2024.10.14	20:00:00	20427.75	20447.45	20417.45	20430.85	9591	0	70
2024.10.14	21:00:00	20431.55	20463.75	20419.55	20448.95	9820	0	70
2024.10.14	22:00:00	20448.95	20489.45	20436.05	20445.35	11124	0	70
2024.10.14	23:00:00	20444.25	20455.65	20425.35	20452.25	4008	0	100
2024.10.15	01:00:00	20464.25	20464.65	20439.95	20448.55	1744	0	150
2024.10.15	02:00:00	20448.55	20457.75	20442.15	20453.95	1974	0	150
2024.10.15	03:00:00	20454.15	20456.85	20414.55	20424.85	4117	0	150
2024.10.15	04:00:00	20424.15	20453.85	20421.35	20451.15	5516	0	150
2024.10.15	05:00:00	20451.05	20458.85	20443.25	20445.85	3906	0	150
2024.10.15	06:00:00	20445.75	20458.35	20440.85	20457.05	3019	0	150
2024.10.15	07:00:00	20457.35	20457.55	20448.55	20452.95	1590	0	150
2024.10.15	08:00:00	20452.95	20454.25	20430.05	20431.65	4213	0	150
2024.10.15	09:00:00	20431.55	20436.55	20414.75	20414.75	4157	0	150
2024.10.15	10:00:00	20414.75	20436.75	20411.05	20426.05	6233	0	170
2024.10.15	11:00:00	20425.55	20431.05	20387.05	20404.75	6589	0	190
2024.10.15	12:00:00	20404.85	20414.65	20391.65	20408.05	4585	0	160
2024.10.15	13:00:00	20408.15	20445.25	20402.45	20431.55	5306	0	170
2024.10.15	14:00:00	20431.55	20443.75	20417.25	20436.05	5452	0	170
2024.10.15	15:00:00	20435.75	20452.35	20427.25	20446.85	5838	0	160
2024.10.15	16:00:00	20447.15	20482.65	20429.65	20452.35	12795	0	70
2024.10.15	17:00:00	20452.75	20469.85	20154.65	20221.85	18647	0	80
2024.10.15	18:00:00	20222.05	20270.25	20170.85	20174.85	17833	0	90
2024.10.15	19:00:00	20174.55	20240.35	20162.25	20200.65	15941	0	70
2024.10.15	20:00:00	20200.85	20213.65	20159.55	20183.35	15007	0	70
2024.10.15	21:00:00	20183.05	20213.15	20148.15	20154.15	14127	0	70
2024.10.15	22:00:00	20155.45	20174.55	20078.85	20169.05	16315	0	70
2024.10.15	23:00:00	20167.25	20176.35	20144.85	20158.65	4495	0	100
2024.10.16	01:00:00	20143.25	20178.55	20141.75	20177.05	2103	0	150
2024.10.16	02:00:00	20176.35	20190.25	20172.35	20176.45	3146	0	150
2024.10.16	03:00:00	20177.55	20197.05	20169.45	20181.25	5027	0	160
2024.10.16	04:00:00	20181.15	20200.55	20165.45	20191.35	6094	0	150
2024.10.16	05:00:00	20191.75	20208.35	20185.55	20202.95	4283	0	150
2024.10.16	06:00:00	20202.85	20216.45	20195.65	20212.85	3519	0	150
2024.10.16	07:00:00	20212.35	20219.45	20207.85	20214.85	2083	0	150
2024.10.16	08:00:00	20214.95	20221.45	20201.05	20216.95	3952	0	150
2024.10.16	09:00:00	20216.85	20218.15	20190.35	20201.85	4802	0	160
2024.10.16	10:00:00	20201.95	20217.55	20155.95	20214.85	9334	0	220
2024.10.16	11:00:00	20214.95	20216.45	20161.05	20184.35	7550	0	220
2024.10.16	12:00:00	20183.35	20206.95	20175.35	20188.75	5952	0	200
2024.10.16	13:00:00	20188.85	20192.55	20173.55	20189.85	4308	0	160
2024.10.16	14:00:00	20190.35	20210.55	20181.75	20200.45	4534	0	160
2024.10.16	15:00:00	20199.95	20203.05	20166.55	20175.75	5787	0	180
2024.10.16	16:00:00	20175.85	20203.05	20041.25	20049.65	13870	0	70
2024.10.16	17:00:00	20050.05	20174.55	20032.25	20098.35	17733	0	90
2024.10.16	18:00:00	20099.15	20154.15	20090.55	20100.35	15644	0	70
2024.10.16	19:00:00	20100.55	20163.25	20096.15	20161.15	12290	0	70
2024.10.16	20:00:00	20161.85	20173.25	20129.25	20162.45	11794	0	70
2024.10.16	21:00:00	20162.45	20204.85	20144.15	20187.25	11217	0	70
2024.10.16	22:00:00	20187.15	20195.75	20157.55	20171.55	11062	0	70
2024.10.16	23:00:00	20170.45	20173.95	20144.05	20158.75	3352	0	80
2024.10.17	01:00:00	20157.35	20160.65	20147.45	20158.05	1990	0	150
2024.10.17	02:00:00	20158.05	20159.25	20139.75	20141.95	2122	0	150
2024.10.17	03:00:00	20141.55	20154.15	20104.95	20142.05	5462	0	160
2024.10.17	04:00:00	20142.05	20152.95	20124.15	20146.25	5724	0	160
2024.10.17	05:00:00	20146.05	20152.15	20108.45	20132.65	6082	0	160
2024.10.17	06:00:00	20132.15	20137.25	20119.05	20123.85	3915	0	150
2024.10.17	07:00:00	20123.85	20125.75	20114.85	20122.25	2097	0	150
2024.10.17	08:00:00	20122.35	20173.65	20119.85	20167.75	5178	0	150
2024.10.17	09:00:00	20167.45	20299.55	20166.15	20256.95	9124	0	200
2024.10.17	10:00:00	20256.35	20281.05	20231.45	20274.45	7309	0	230
2024.10.17	11:00:00	20274.05	20321.35	20264.35	20318.45	7026	0	170
2024.10.17	12:00:00	20318.65	20331.95	20293.95	20315.65	5534	0	170
2024.10.17	13:00:00	20316.05	20360.25	20313.55	20354.75	5051	0	170
2024.10.17	14:00:00	20352.15	20354.15	20331.35	20343.75	5409	0	170
2024.10.17	15:00:00	20342.65	20384.95	20336.15	20384.25	8630	0	170
2024.10.17	16:00:00	20383.95	20418.45	20228.35	20257.55	14922	0	70
2024.10.17	17:00:00	20258.45	20290.85	20192.95	20226.15	18472	0	90
2024.10.17	18:00:00	20226.45	20337.55	20196.85	20335.05	16124	0	80
2024.10.17	19:00:00	20334.85	20355.55	20274.95	20294.05	13857	0	70
2024.10.17	20:00:00	20295.65	20327.85	20286.35	20304.15	12348	0	70
2024.10.17	21:00:00	20303.85	20310.65	20192.85	20258.65	14619	0	70
2024.10.17	22:00:00	20258.85	20262.75	20179.85	20188.35	13763	0	70
2024.10.17	23:00:00	20182.75	20236.85	20182.75	20211.65	5816	0	100
2024.10.18	01:00:00	20209.25	20247.65	20205.35	20241.55	1954	0	150
2024.10.18	02:00:00	20241.65	20247.65	20231.65	20239.45	2071	0	150
2024.10.18	03:00:00	20239.65	20240.75	20155.05	20194.55	6373	0	150
2024.10.18	04:00:00	20193.75	20218.45	20184.25	20213.35	5995	0	160
2024.10.18	05:00:00	20213.45	20225.95	20199.45	20211.55	6138	0	160
2024.10.18	06:00:00	20211.55	20219.75	20186.95	20196.45	4014	0	150
2024.10.18	07:00:00	20195.95	20214.65	20192.85	20208.05	2370	0	150
2024.10.18	08:00:00	20208.45	20240.95	20204.15	20238.35	4384	0	150
2024.10.18	09:00:00	20238.65	20265.95	20231.35	20264.65	4483	0	150
2024.10.18	10:00:00	20264.95	20289.75	20256.35	20288.35	4385	0	150
2024.10.18	11:00:00	20289.15	20301.75	20270.25	20283.25	5286	0	170
2024.10.18	12:00:00	20283.25	20296.45	20257.25	20263.35	4639	0	150
2024.10.18	13:00:00	20263.85	20284.25	20252.45	20282.65	4798	0	160
2024.10.18	14:00:00	20280.15	20313.75	20270.85	20302.65	5341	0	170
2024.10.18	15:00:00	20302.55	20319.45	20290.85	20312.55	5817	0	160
2024.10.18	16:00:00	20312.55	20344.95	20268.45	20310.15	13704	0	90
2024.10.18	17:00:00	20310.05	20358.45	20289.25	20294.25	16707	0	70
2024.10.18	18:00:00	20294.75	20366.45	20292.65	20306.05	13551	0	70
2024.10.18	19:00:00	20306.05	20358.15	20279.35	20333.55	11746	0	70
2024.10.18	20:00:00	20333.55	20360.35	20315.95	20321.95	10987	0	70
2024.10.18	21:00:00	20320.65	20343.65	20289.15	20328.85	10318	0	70
2024.10.18	22:00:00	20328.15	20331.25	20293.25	20317.75	10982	0	70
2024.10.18	23:00:00	20318.45	20338.95	20310.25	20322.15	3201	0	90
2024.10.21	01:00:00	20339.15	20359.45	20335.65	20351.85	2093	0	150
2024.10.21	02:00:00	20351.45	20361.35	20341.15	20349.65	2925	0	150
2024.10.21	03:00:00	20350.35	20358.55	20334.65	20346.15	4300	0	150
2024.10.21	04:00:00	20345.95	20356.25	20341.25	20344.15	5320	0	150
2024.10.21	05:00:00	20343.95	20347.15	20321.45	20326.95	5018	0	150
2024.10.21	06:00:00	20326.85	20336.55	20313.15	20316.75	3300	0	150
2024.10.21	07:00:00	20316.95	20319.55	20301.95	20305.55	2119	0	150
2024.10.21	08:00:00	20305.55	20307.95	20281.15	20285.55	4595	0	150
2024.10.21	09:00:00	20284.85	20296.55	20261.55	20270.75	4516	0	150
2024.10.21	10:00:00	20271.15	20297.15	20265.05	20276.95	5605	0	160
2024.10.21	11:00:00	20276.85	20296.65	20274.55	20291.05	4423	0	150
2024.10.21	12:00:00	20291.35	20294.05	20231.75	20261.55	5321	0	160
2024.10.21	13:00:00	20261.55	20267.95	20206.55	20208.45	5893	0	180
2024.10.21	14:00:00	20208.95	20219.95	20180.75	20195.35	7562	0	200
2024.10.21	15:00:00	20195.55	20244.85	20187.55	20237.95	7030	0	190
2024.10.21	16:00:00	20238.35	20340.55	20233.45	20331.85	12353	0	70
2024.10.21	17:00:00	20332.35	20391.95	20220.85	20265.75	16826	0	80
2024.10.21	18:00:00	20266.75	20303.05	20183.85	20294.85	16044	0	70
2024.10.21	19:00:00	20294.35	20314.25	20264.65	20308.85	13119	0	70
2024.10.21	20:00:00	20309.25	20334.85	20293.85	20329.85	10945	0	70
2024.10.21	21:00:00	20331.65	20334.15	20290.35	20296.35	11320	0	70
2024.10.21	22:00:00	20296.45	20361.35	20284.45	20359.05	12057	0	70
2024.10.21	23:00:00	20357.65	20385.15	20349.65	20384.55	3747	0	100
2024.10.22	01:00:00	20372.15	20383.35	20355.95	20356.95	1745	0	150
2024.10.22	02:00:00	20357.25	20367.45	20349.75	20356.75	1959	0	150
2024.10.22	03:00:00	20357.05	20357.05	20313.45	20317.45	6146	0	150
2024.10.22	04:00:00	20317.95	20324.05	20300.65	20311.85	7625	0	180
2024.10.22	05:00:00	20311.15	20324.45	20298.75	20300.05	5481	0	160
2024.10.22	06:00:00	20300.05	20318.05	20298.85	20308.55	3806	0	150
2024.10.22	07:00:00	20308.55	20315.05	20291.35	20291.75	2666	0	150
2024.10.22	08:00:00	20291.45	20310.35	20281.95	20293.55	5000	0	150
2024.10.22	09:00:00	20295.05	20305.35	20273.15	20288.85	4156	0	150
2024.10.22	10:00:00	20289.15	20328.65	20281.35	20306.05	8416	0	190
2024.10.22	11:00:00	20306.05	20315.85	20271.05	20271.45	7912	0	210
2024.10.22	12:00:00	20271.45	20275.35	20217.15	20224.35	8154	0	230
2024.10.22	13:00:00	20224.45	20252.35	20217.05	20237.05	7560	0	220
2024.10.22	14:00:00	20237.95	20274.15	20237.95	20250.75	6527	0	190
2024.10.22	15:00:00	20251.35	20285.35	20201.35	20235.05	8557	0	180
2024.10.22	16:00:00	20234.85	20321.85	20203.95	20302.75	14111	0	70
2024.10.22	17:00:00	20302.95	20361.45	20282.75	20335.45	17326	0	80
2024.10.22	18:00:00	20335.45	20353.95	20299.75	20315.75	13978	0	70
2024.10.22	19:00:00	20315.45	20346.95	20268.75	20341.65	12530	0	70
2024.10.22	20:00:00	20341.55	20419.25	20323.25	20417.05	11411	0	70
2024.10.22	21:00:00	20417.25	20444.45	20356.75	20365.05	11665	0	70
2024.10.22	22:00:00	20362.75	20414.85	20359.45	20384.55	10959	0	70
2024.10.22	23:00:00	20381.55	20383.55	20350.45	20369.95	5082	0	100
2024.10.23	01:00:00	20347.85	20359.35	20332.15	20347.25	1367	0	150
2024.10.23	02:00:00	20347.25	20376.35	20340.95	20374.15	2907	0	150
2024.10.23	03:00:00	20374.15	20379.35	20337.35	20341.65	2999	0	150
2024.10.23	04:00:00	20341.65	20359.25	20336.35	20351.55	2613	0	150
2024.10.23	05:00:00	20351.95	20368.35	20345.55	20363.55	3880	0	150
2024.10.23	06:00:00	20363.75	20373.45	20352.95	20356.05	2804	0	150
2024.10.23	07:00:00	20355.75	20365.45	20352.25	20362.55	2314	0	150
2024.10.23	08:00:00	20362.65	20371.25	20350.45	20351.55	3409	0	150
2024.10.23	09:00:00	20351.55	20355.95	20338.35	20345.15	2873	0	150
2024.10.23	10:00:00	20345.05	20385.95	20339.65	20349.95	5594	0	150
2024.10.23	11:00:00	20348.55	20363.65	20327.95	20332.85	3868	0	160
2024.10.23	12:00:00	20332.45	20350.05	20318.55	20329.85	4987	0	160
2024.10.23	13:00:00	20329.65	20330.75	20293.85	20302.85	4464	0	160
2024.10.23	14:00:00	20302.45	20329.35	20298.65	20315.75	6064	0	180
2024.10.23	15:00:00	20316.05	20339.35	20289.15	20300.35	7286	0	190
2024.10.23	16:00:00	20300.35	20308.25	20254.55	20280.05	12738	0	70
2024.10.23	17:00:00	20278.95	20305.65	20193.15	20240.35	16767	0	80
2024.10.23	18:00:00	20241.25	20265.95	20150.85	20206.45	15284	0	80
2024.10.23	19:00:00	20205.45	20205.45	20081.85	20097.35	15263	0	70
2024.10.23	20:00:00	20096.55	20096.55	19970.65	19974.75	15574	0	70
2024.10.23	21:00:00	19974.65	20038.05	19928.05	20026.85	15109	0	80
2024.10.23	22:00:00	20025.15	20076.05	19992.85	20067.05	14151	0	70
2024.10.23	23:00:00	20066.45	20146.65	20054.75	20131.85	7426	0	200
2024.10.24	01:00:00	20140.95	20142.55	20126.75	20137.95	2366	0	160
2024.10.24	02:00:00	20138.35	20143.45	20117.25	20138.95	2578	0	150
2024.10.24	03:00:00	20138.55	20186.85	20124.85	20186.05	5709	0	150
2024.10.24	04:00:00	20185.55	20186.65	20170.75	20174.65	6486	0	170
2024.10.24	05:00:00	20174.15	20186.75	20159.75	20180.05	4973	0	150
2024.10.24	06:00:00	20180.05	20192.45	20169.05	20169.55	3412	0	150
2024.10.24	07:00:00	20169.55	20175.05	20160.35	20171.95	2840	0	150
2024.10.24	08:00:00	20171.95	20178.45	20155.35	20173.25	3668	0	150
2024.10.24	09:00:00	20173.15	20191.95	20165.45	20168.55	4368	0	160
2024.10.24	10:00:00	20168.35	20238.15	20164.45	20231.55	7018	0	190
2024.10.24	11:00:00	20232.15	20251.45	20202.65	20223.15	6415	0	160
2024.10.24	12:00:00	20223.15	20233.25	20212.75	20226.95	4999	0	170
2024.10.24	13:00:00	20227.35	20244.35	20219.65	20229.15	4179	0	160
2024.10.24	14:00:00	20229.05	20269.65	20222.45	20266.15	5244	0	180
2024.10.24	15:00:00	20266.05	20277.15	20227.15	20233.35	7981	0	190
2024.10.24	16:00:00	20233.85	20256.15	20148.05	20187.55	14161	0	100
2024.10.24	17:00:00	20189.35	20228.75	20156.75	20166.85	17462	0	100
2024.10.24	18:00:00	20167.25	20218.25	20114.55	20178.15	15873	0	90
2024.10.24	19:00:00	20178.85	20215.65	20112.85	20207.65	15017	0	90
2024.10.24	20:00:00	20207.75	20238.95	20192.65	20194.95	13021	0	90
2024.10.24	21:00:00	20196.35	20233.45	20179.15	20219.25	11837	0	90
2024.10.24	22:00:00	20219.45	20259.15	20195.55	20231.15	12089	0	90
2024.10.24	23:00:00	20231.45	20263.75	20222.25	20231.45	4106	0	100
2024.10.25	01:00:00	20234.05	20239.85	20227.85	20232.35	941	0	150
2024.10.25	02:00:00	20232.45	20234.55	20217.05	20234.35	2164	0	150
2024.10.25	03:00:00	20234.85	20260.15	20225.15	20254.15	4446	0	170
2024.10.25	04:00:00	20254.35	20269.95	20252.95	20254.05	5033	0	180
2024.10.25	05:00:00	20253.55	20267.75	20251.05	20255.65	3397	0	170
2024.10.25	06:00:00	20255.85	20258.05	20228.95	20232.95	3367	0	170
2024.10.25	07:00:00	20233.15	20233.35	20222.55	20229.65	2469	0	170
2024.10.25	08:00:00	20229.75	20253.05	20225.05	20247.15	3953	0	170
2024.10.25	09:00:00	20246.85	20263.35	20239.65	20244.75	3714	0	170
2024.10.25	10:00:00	20244.55	20295.95	20240.25	20295.75	7142	0	210
2024.10.25	11:00:00	20294.05	20300.95	20255.45	20277.85	6182	0	180
2024.10.25	12:00:00	20277.65	20302.75	20276.85	20291.45	3891	0	170
2024.10.25	13:00:00	20291.65	20300.85	20284.05	20287.35	3106	0	170
2024.10.25	14:00:00	20287.35	20313.85	20267.35	20303.15	5011	0	170
2024.10.25	15:00:00	20301.95	20351.15	20301.05	20349.65	6167	0	180
2024.10.25	16:00:00	20349.35	20515.95	20348.15	20507.95	12483	0	90
2024.10.25	17:00:00	20512.15	20565.25	20479.65	20514.35	16794	0	100
2024.10.25	18:00:00	20513.45	20534.35	20460.85	20478.65	15406	0	100
2024.10.25	19:00:00	20478.05	20522.25	20466.55	20496.55	12275	0	90
2024.10.25	20:00:00	20497.55	20499.65	20341.75	20367.75	14883	0	90
2024.10.25	21:00:00	20367.95	20417.65	20318.65	20400.85	15887	0	90
2024.10.25	22:00:00	20401.85	20401.85	20340.25	20351.95	14087	0	90
2024.10.25	23:00:00	20353.05	20361.05	20330.35	20333.55	4418	0	130
2024.10.28	01:00:00	20447.45	20482.05	20446.95	20469.15	3022	0	160
2024.10.28	02:00:00	20468.25	20475.55	20446.85	20458.35	4488	0	180
2024.10.28	03:00:00	20458.55	20508.75	20452.35	20475.55	7793	0	200
2024.10.28	04:00:00	20475.55	20506.65	20473.15	20486.35	7338	0	200
2024.10.28	05:00:00	20486.25	20497.55	20474.85	20487.15	5178	0	180
2024.10.28	06:00:00	20487.35	20494.55	20461.85	20473.95	3824	0	170
2024.10.28	07:00:00	20473.65	20518.65	20471.35	20516.75	3668	0	170
2024.10.28	08:00:00	20516.75	20518.95	20465.85	20468.55	4934	0	190
2024.10.28	09:00:00	20468.15	20495.65	20462.45	20479.85	4145	0	180
2024.10.28	10:00:00	20481.15	20511.85	20474.25	20490.55	5444	0	190
2024.10.28	11:00:00	20494.95	20527.65	20466.65	20519.55	8544	0	220
2024.10.28	12:00:00	20519.85	20528.95	20496.95	20528.45	6090	0	210
2024.10.28	13:00:00	20528.05	20535.15	20488.25	20491.85	5888	0	210
2024.10.28	14:00:00	20491.15	20497.95	20469.55	20476.65	6596	0	220
2024.10.28	15:00:00	20477.25	20517.65	20439.25	20517.35	8257	0	190
2024.10.28	16:00:00	20516.65	20522.95	20388.25	20414.45	14084	0	100
2024.10.28	17:00:00	20414.45	20475.85	20411.45	20433.85	16910	0	100
2024.10.28	18:00:00	20434.05	20438.25	20380.25	20391.45	16705	0	100
2024.10.28	19:00:00	20391.05	20428.95	20375.25	20389.05	14695	0	90
2024.10.28	20:00:00	20389.05	20418.85	20366.75	20414.05	12775	0	90
2024.10.28	21:00:00	20413.85	20418.55	20364.25	20382.15	12290	0	90
2024.10.28	22:00:00	20378.95	20397.55	20344.95	20358.55	12248	0	90
2024.10.28	23:00:00	20359.15	20381.65	20348.95	20370.95	3772	0	110
2024.10.29	01:00:00	20371.35	20371.35	20347.35	20356.15	1700	0	150
2024.10.29	02:00:00	20355.95	20368.55	20353.35	20365.75	1987	0	150
2024.10.29	03:00:00	20365.65	20381.05	20334.05	20370.85	4528	0	180
2024.10.29	04:00:00	20371.15	20376.75	20346.65	20364.15	7122	0	210
2024.10.29	05:00:00	20364.15	20369.45	20347.45	20359.05	4935	0	170
2024.10.29	06:00:00	20359.05	20376.15	20313.85	20317.95	4279	0	170
2024.10.29	07:00:00	20318.45	20351.55	20309.35	20349.95	3714	0	170
2024.10.29	08:00:00	20350.05	20367.05	20340.25	20364.85	4286	0	170
2024.10.29	09:00:00	20365.15	20405.85	20364.45	20401.45	3517	0	170
2024.10.29	10:00:00	20400.45	20412.35	20383.35	20385.45	4998	0	170
2024.10.29	11:00:00	20385.15	20404.35	20339.55	20383.65	9975	0	250
2024.10.29	12:00:00	20383.65	20386.95	20349.15	20375.05	8581	0	250
2024.10.29	13:00:00	20375.35	20378.05	20348.35	20371.25	6661	0	220
2024.10.29	14:00:00	20370.45	20376.85	20340.85	20353.65	7594	0	240
2024.10.29	15:00:00	20353.95	20363.45	20321.65	20348.45	7798	0	230
2024.10.29	16:00:00	20348.65	20386.85	20293.05	20375.15	13414	0	90
2024.10.29	17:00:00	20375.05	20464.55	20359.65	20460.05	17522	0	100
2024.10.29	18:00:00	20460.45	20484.65	20432.05	20482.35	14567	0	90
2024.10.29	19:00:00	20482.65	20518.55	20446.35	20508.95	13574	0	90
2024.10.29	20:00:00	20509.35	20546.05	20508.95	20532.65	12762	0	90
2024.10.29	21:00:00	20532.85	20573.85	20520.95	20554.65	10434	0	90
2024.10.29	22:00:00	20554.15	20604.75	20540.15	20553.15	11780	0	90
2024.10.29	23:00:00	20554.15	20617.55	20546.85	20561.25	8956	0	100
2024.10.30	01:00:00	20586.45	20621.85	20586.45	20613.05	2464	0	150
2024.10.30	02:00:00	20612.75	20615.65	20588.85	20608.95	3472	0	160
2024.10.30	03:00:00	20609.25	20634.35	20601.75	20627.85	4770	0	180
2024.10.30	04:00:00	20627.65	20649.15	20615.45	20643.15	5258	0	170
2024.10.30	05:00:00	20643.55	20644.65	20614.15	20619.65	4244	0	170
2024.10.30	06:00:00	20619.55	20622.35	20582.05	20589.85	4854	0	170
2024.10.30	07:00:00	20589.65	20591.95	20574.25	20584.05	3580	0	170
2024.10.30	08:00:00	20583.95	20593.55	20566.75	20576.05	4495	0	170
2024.10.30	09:00:00	20575.45	20612.85	20570.75	20609.55	4305	0	170
2024.10.30	10:00:00	20609.55	20623.25	20601.35	20607.65	4898	0	180
2024.10.30	11:00:00	20607.35	20627.45	20575.95	20585.75	8929	0	220
2024.10.30	12:00:00	20583.35	20613.35	20572.45	20593.85	7351	0	220
2024.10.30	13:00:00	20593.85	20602.15	20581.45	20596.45	6845	0	200
2024.10.30	14:00:00	20596.35	20617.35	20574.75	20576.95	6508	0	190
2024.10.30	15:00:00	20576.35	20589.68	20536.45	20550.55	10106	0	230
2024.10.30	16:00:00	20550.65	20550.95	20406.45	20494.75	16200	0	100
2024.10.30	17:00:00	20492.35	20561.65	20492.35	20512.75	17179	0	100
2024.10.30	18:00:00	20511.95	20547.95	20471.65	20534.95	15700	0	100
2024.10.30	19:00:00	20534.55	20545.75	20500.75	20508.55	13447	0	90
2024.10.30	20:00:00	20507.65	20516.65	20423.15	20440.75	13899	0	90
2024.10.30	21:00:00	20440.75	20485.95	20439.85	20468.35	12599	0	90
2024.10.30	22:00:00	20468.35	20468.35	20378.55	20399.55	14648	0	90
2024.10.30	23:00:00	20399.05	20450.35	20336.75	20383.05	7462	0	110
2024.10.31	01:00:00	20316.75	20327.85	20294.35	20302.35	3661	0	200
2024.10.31	02:00:00	20302.45	20311.15	20287.15	20290.05	3596	0	170
2024.10.31	03:00:00	20289.45	20307.45	20267.75	20301.35	5178	0	180
2024.10.31	04:00:00	20301.45	20327.75	20301.05	20305.75	5563	0	180
2024.10.31	05:00:00	20305.55	20310.55	20287.65	20297.55	5099	0	170
2024.10.31	06:00:00	20298.05	20305.35	20282.55	20286.05	3897	0	170
2024.10.31	07:00:00	20286.25	20288.65	20268.25	20273.35	3266	0	170
2024.10.31	08:00:00	20272.65	20275.35	20248.25	20256.15	4565	0	170
2024.10.31	09:00:00	20256.55	20260.65	20218.15	20223.55	4360	0	170
2024.10.31	10:00:00	20223.45	20223.45	20171.35	20183.95	8319	0	210
2024.10.31	11:00:00	20184.15	20197.75	20150.95	20181.75	10922	0	250
2024.10.31	12:00:00	20180.75	20195.85	20169.75	20184.55	7101	0	230
2024.10.31	13:00:00	20184.65	20207.85	20156.85	20204.65	6810	0	230
2024.10.31	14:00:00	20205.85	20258.65	20205.25	20258.55	7807	0	200
2024.10.31	15:00:00	20257.65	20279.28	20236.15	20246.75	11664	0	240
2024.10.31	16:00:00	20245.95	20260.25	20017.75	20033.35	15898	0	110
2024.10.31	17:00:00	20031.15	20067.45	19938.85	19956.65	18418	0	110
2024.10.31	18:00:00	19956.15	19983.65	19893.15	19938.65	16913	0	100
2024.10.31	19:00:00	19938.55	19973.65	19918.25	19954.85	15839	0	90
2024.10.31	20:00:00	19955.15	19983.15	19893.85	19904.35	14484	0	90
2024.10.31	21:00:00	19904.35	19923.05	19877.55	19916.55	15399	0	50
2024.10.31	22:00:00	19916.55	19999.75	19878.85	19884.55	15740	0	90
2024.10.31	23:00:00	19879.65	19966.75	19876.75	19918.15	8846	0	0
2024.11.01	01:00:00	19949.35	19980.55	19933.55	19961.15	3789	0	170
2024.11.01	02:00:00	19959.65	19968.05	19935.45	19944.75	4075	0	180
2024.11.01	03:00:00	19945.35	19956.95	19921.05	19945.95	6264	0	200
2024.11.01	04:00:00	19944.95	19954.75	19926.05	19930.95	7261	0	200
2024.11.01	05:00:00	19930.85	19951.55	19890.75	19951.55	6852	0	170
2024.11.01	06:00:00	19951.45	19977.55	19948.75	19963.35	4420	0	170
2024.11.01	07:00:00	19963.75	19976.55	19950.25	19957.95	3129	0	170
2024.11.01	08:00:00	19957.65	20002.85	19953.35	19996.95	5737	0	190
2024.11.01	09:00:00	19996.65	19999.55	19938.35	19951.95	4861	0	180
2024.11.01	10:00:00	19951.75	19974.25	19931.45	19966.35	6497	0	240
2024.11.01	11:00:00	19965.65	19992.65	19957.75	19972.15	8677	0	240
2024.11.01	12:00:00	19972.75	19988.35	19964.85	19972.45	5745	0	190
2024.11.01	13:00:00	19972.75	19998.35	19966.25	19989.75	4736	0	180
2024.11.01	14:00:00	19989.35	20008.85	19970.35	19987.05	5484	0	190
2024.11.01	15:00:00	19986.95	20023.85	19961.92	19991.45	10307	0	210
2024.11.01	16:00:00	19991.55	20053.45	19937.25	20046.59	15639	0	100
2024.11.01	17:00:00	20054.40	20154.85	20010.75	20113.85	17863	0	110
2024.11.01	18:00:00	20113.85	20165.65	20086.85	20101.95	16597	0	100
2024.11.01	19:00:00	20100.65	20132.15	20070.25	20089.05	15743	0	90
2024.11.01	20:00:00	20089.05	20130.65	20034.85	20036.05	16167	0	100
2024.11.01	21:00:00	20035.85	20057.45	20007.85	20044.65	15408	0	100
2024.11.01	22:00:00	20044.35	20080.65	20001.75	20026.15	15481	0	90
2024.11.01	23:00:00	20027.15	20062.65	20025.75	20041.45	4874	0	170
2024.11.04	01:00:00	19979.75	20035.65	19959.25	20012.75	4898	0	220
2024.11.04	02:00:00	20013.25	20023.55	19996.85	20007.85	4875	0	200
2024.11.04	03:00:00	20007.75	20077.65	20002.15	20068.55	6147	0	180
2024.11.04	04:00:00	20068.65	20126.65	20061.95	20089.55	5658	0	180
2024.11.04	05:00:00	20089.75	20110.85	20084.35	20097.35	4375	0	180
2024.11.04	06:00:00	20097.15	20119.35	20093.85	20112.35	3051	0	170
2024.11.04	07:00:00	20112.35	20112.35	20096.45	20108.55	3310	0	170
2024.11.04	08:00:00	20108.85	20128.45	20105.55	20118.45	3703	0	170
2024.11.04	09:00:00	20118.35	20124.45	20054.55	20059.55	6016	0	190
2024.11.04	10:00:00	20060.45	20085.25	20016.15	20049.05	9838	0	250
2024.11.04	11:00:00	20048.65	20052.45	20016.65	20046.15	7996	0	250
2024.11.04	12:00:00	20046.05	20092.75	20044.55	20079.75	6068	0	200
2024.11.04	13:00:00	20079.35	20083.95	20049.55	20062.75	5542	0	200
2024.11.04	14:00:00	20064.55	20075.15	19982.05	20046.65	8652	0	230
2024.11.04	15:00:00	20046.95	20059.85	20018.25	20027.65	9049	0	210
2024.11.04	16:00:00	20028.15	20028.35	19894.85	20014.45	15149	0	110
2024.11.04	17:00:00	20011.85	20090.35	20001.25	20067.75	17037	0	20
2024.11.04	18:00:00	20067.75	20107.75	19935.25	19959.25	16039	0	0
2024.11.04	19:00:00	19959.25	20028.85	19912.25	20010.25	14656	0	90
2024.11.04	20:00:00	20010.55	20057.15	19966.65	20030.65	14819	0	0
2024.11.04	21:00:00	20030.65	20050.65	20005.15	20017.95	12034	0	0
2024.11.04	22:00:00	20017.45	20023.35	19952.25	19966.85	13828	0	70
2024.11.04	23:00:00	19967.35	19996.35	19954.45	19990.55	4667	0	100
2024.11.05	01:00:00	20004.55	20004.85	19967.85	19970.85	3510	0	170
2024.11.05	02:00:00	19970.95	19972.55	19954.75	19959.25	5058	0	170
2024.11.05	03:00:00	19958.55	19991.85	19925.35	19982.85	7932	0	200
2024.11.05	04:00:00	19982.25	19994.55	19963.25	19986.35	5646	0	170
2024.11.05	05:00:00	19986.15	19998.85	19979.65	19985.95	3864	0	170
2024.11.05	06:00:00	19985.75	19988.85	19965.55	19967.95	2899	0	170
2024.11.05	07:00:00	19968.35	19992.25	19968.05	19985.85	4009	0	170
2024.11.05	08:00:00	19986.05	20007.75	19982.35	20001.05	3504	0	170
2024.11.05	09:00:00	20001.55	20025.15	19995.45	20009.06	4134	0	170
2024.11.05	10:00:00	20009.76	20030.26	19985.06	20029.76	7936	0	229
2024.11.05	11:00:00	20029.76	20049.96	20019.36	20032.86	6216	0	219
2024.11.05	12:00:00	20032.26	20032.26	19996.16	20025.96	5215	0	209
2024.11.05	13:00:00	20025.86	20054.16	20025.76	20037.36	4708	0	189
2024.11.05	14:00:00	20036.86	20050.66	20009.46	20032.06	6099	0	209
2024.11.05	15:00:00	20031.86	20047.06	20007.16	20008.36	6627	0	209
2024.11.05	16:00:00	20008.36	20182.66	19990.46	20176.16	13448	0	0
2024.11.05	17:00:00	20180.26	20203.56	20124.76	20140.86	17235	0	119
2024.11.05	18:00:00	20140.16	20231.56	20116.06	20224.66	14633	0	109
2024.11.05	19:00:00	20225.16	20256.46	20211.86	20235.56	12707	0	59
2024.11.05	20:00:00	20235.76	20252.16	20171.46	20192.56	13628	0	69
2024.11.05	21:00:00	20192.46	20218.86	20164.66	20178.35	12933	0	99
2024.11.05	22:00:00	20178.05	20233.56	20165.65	20225.26	13248	0	69
2024.11.05	23:00:00	20224.75	20268.35	20221.35	20240.55	6878	0	150
2024.11.06	01:00:00	20236.86	20249.86	20222.36	20228.56	3939	0	259
2024.11.06	02:00:00	20228.66	20298.16	20209.56	20274.16	8350	0	329
2024.11.06	03:00:00	20272.96	20308.66	20264.86	20287.86	7430	0	299
2024.11.06	04:00:00	20287.36	20474.56	20280.26	20473.86	9766	0	309
2024.11.06	05:00:00	20473.56	20525.16	20447.56	20479.36	10358	0	369
2024.11.06	06:00:00	20479.46	20509.66	20455.86	20482.36	7251	0	299
2024.11.06	07:00:00	20481.96	20485.56	20353.56	20470.46	7938	0	339
2024.11.06	08:00:00	20470.56	20553.06	20459.26	20532.46	6996	0	339
2024.11.06	09:00:00	20532.46	20596.46	20532.46	20567.16	8824	0	349
2024.11.06	10:00:00	20563.86	20615.36	20537.16	20584.36	10414	0	369
2024.11.06	11:00:00	20582.46	20613.96	20549.16	20613.66	8770	0	369
2024.11.06	12:00:00	20613.86	20613.86	20563.96	20570.36	6455	0	309
2024.11.06	13:00:00	20568.66	20577.16	20466.36	20492.46	7764	0	329
2024.11.06	14:00:00	20490.96	20593.66	20485.46	20570.66	8720	0	359
2024.11.06	15:00:00	20571.36	20603.96	20546.46	20572.36	10234	0	369
2024.11.06	16:00:00	20572.46	20691.66	20531.16	20562.66	16655	0	159
2024.11.06	17:00:00	20562.26	20705.86	20550.86	20608.46	18286	0	159
2024.11.06	18:00:00	20608.46	20693.36	20577.36	20683.66	16535	0	119
2024.11.06	19:00:00	20683.36	20706.76	20663.36	20698.46	14120	0	119
2024.11.06	20:00:00	20698.36	20757.76	20692.06	20742.76	13731	0	109
2024.11.06	21:00:00	20743.06	20775.56	20730.86	20771.66	12613	0	109
2024.11.06	22:00:00	20769.26	20811.56	20759.26	20775.66	13691	0	109
2024.11.06	23:00:00	20773.16	20809.76	20765.96	20799.86	6236	0	209
2024.11.07	01:00:00	20795.45	20800.35	20772.55	20774.05	3486	0	150
2024.11.07	02:00:00	20774.15	20791.66	20744.76	20756.56	7104	0	200
2024.11.07	03:00:00	20756.76	20803.46	20748.96	20795.16	8315	0	259
2024.11.07	04:00:00	20794.66	20799.76	20779.16	20792.86	6578	0	229
2024.11.07	05:00:00	20792.56	20815.46	20787.56	20800.46	5134	0	189
2024.11.07	06:00:00	20801.36	20814.16	20791.06	20804.86	3728	0	189
2024.11.07	07:00:00	20804.86	20836.66	20799.66	20831.96	5038	0	189
2024.11.07	08:00:00	20832.46	20847.36	20826.26	20833.26	4952	0	189
2024.11.07	09:00:00	20832.96	20835.46	20791.36	20806.26	6112	0	219
2024.11.07	10:00:00	20807.36	20843.71	20798.86	20817.51	9467	0	269
2024.11.07	11:00:00	20817.11	20841.51	20797.81	20824.11	6977	0	199
2024.11.07	12:00:00	20824.31	20835.21	20816.01	20828.81	4485	0	179
2024.11.07	13:00:00	20828.81	20829.51	20808.51	20827.51	4697	0	179
2024.11.07	14:00:00	20826.71	20860.31	20824.31	20850.61	6530	0	179
2024.11.07	15:00:00	20850.41	20882.41	20841.41	20869.11	9379	0	199
2024.11.07	16:00:00	20868.41	20994.15	20865.91	20992.85	14007	0	90
2024.11.07	17:00:00	20993.15	21050.65	20970.65	21044.85	16391	0	100
2024.11.07	18:00:00	21045.15	21082.65	21008.15	21078.35	14179	0	90
2024.11.07	19:00:00	21078.05	21080.95	21043.25	21078.35	11685	0	90
2024.11.07	20:00:00	21078.85	21079.95	21035.45	21064.45	11838	0	90
2024.11.07	21:00:00	21064.04	21116.55	21043.45	21116.55	15350	0	90
2024.11.07	22:00:00	21116.85	21137.15	21088.55	21105.25	14634	0	90
2024.11.07	23:00:00	21102.46	21133.86	21092.26	21105.46	5529	0	209
2024.11.08	01:00:00	21094.15	21109.95	21092.65	21109.15	2346	0	150
2024.11.08	02:00:00	21109.35	21118.75	21102.95	21106.55	3840	0	150
2024.11.08	03:00:00	21106.55	21115.75	21097.95	21114.05	5416	0	170
2024.11.08	04:00:00	21113.95	21127.05	21100.95	21101.95	4471	0	170
2024.11.08	05:00:00	21101.85	21117.05	21101.45	21108.85	3341	0	170
2024.11.08	06:00:00	21108.95	21116.55	21104.75	21106.75	2437	0	170
2024.11.08	07:00:00	21106.85	21145.15	21104.95	21134.05	3927	0	170
2024.11.08	08:00:00	21133.95	21139.55	21106.85	21113.25	3737	0	170
2024.11.08	09:00:00	21113.45	21129.85	21104.05	21122.45	3745	0	170
2024.11.08	10:00:00	21122.75	21132.65	21093.65	21114.15	9120	0	180
2024.11.08	11:00:00	21114.15	21125.55	21106.95	21107.65	6208	0	170
2024.11.08	12:00:00	21107.65	21107.75	21012.55	21026.05	8174	0	170
2024.11.08	13:00:00	21026.15	21049.15	21003.85	21044.15	7370	0	170
2024.11.08	14:00:00	21044.65	21070.65	21040.15	21065.45	6513	0	180
2024.11.08	15:00:00	21064.45	21076.95	21039.85	21045.25	8369	0	180
2024.11.08	16:00:00	21046.65	21115.05	21039.35	21094.15	13125	0	90
2024.11.08	17:00:00	21093.95	21112.05	21047.85	21086.55	16541	0	90
2024.11.08	18:00:00	21087.05	21124.75	21060.05	21107.75	13925	0	90
2024.11.08	19:00:00	21108.05	21117.65	21085.55	21106.45	11638	0	90
2024.11.08	20:00:00	21106.95	21153.45	21103.35	21139.95	11041	0	90
2024.11.08	21:00:00	21139.75	21154.15	21123.45	21124.55	10610	0	90
2024.11.08	22:00:00	21123.65	21128.25	21098.95	21121.65	12931	0	90
2024.11.08	23:00:00	21122.65	21130.56	21111.56	21118.46	3673	0	120
2024.11.11	01:00:00	21161.25	21200.45	21161.05	21193.45	3545	0	150
2024.11.11	02:00:00	21193.45	21199.15	21161.95	21164.05	4894	0	150
2024.11.11	03:00:00	21163.75	21178.15	21147.35	21172.65	5799	0	170
2024.11.11	04:00:00	21172.75	21173.55	21152.35	21159.65	4462	0	170
2024.11.11	05:00:00	21159.55	21167.35	21155.35	21163.45	2909	0	170
2024.11.11	06:00:00	21163.55	21178.15	21163.55	21176.95	2372	0	170
2024.11.11	07:00:00	21177.15	21189.45	21176.15	21178.35	3050	0	170
2024.11.11	08:00:00	21178.45	21183.05	21173.15	21177.55	2583	0	170
2024.11.11	09:00:00	21176.95	21190.95	21167.65	21189.55	3028	0	170
2024.11.11	10:00:00	21189.55	21214.35	21174.85	21183.25	6047	0	170
2024.11.11	11:00:00	21183.35	21198.35	21168.45	21183.55	6291	0	180
2024.11.11	12:00:00	21183.35	21194.05	21162.75	21163.25	4869	0	170
2024.11.11	13:00:00	21163.75	21182.15	21159.65	21177.15	3868	0	170
2024.11.11	14:00:00	21177.15	21226.65	21177.15	21218.25	4716	0	170
2024.11.11	15:00:00	21219.15	21231.35	21178.55	21192.25	7522	0	170
2024.11.11	16:00:00	21192.45	21198.15	21054.75	21063.75	13311	0	90
2024.11.11	17:00:00	21063.35	21134.85	21047.25	21114.65	15941	0	90
2024.11.11	18:00:00	21114.85	21123.95	21082.35	21094.85	14766	0	90
2024.11.11	19:00:00	21094.85	21104.65	21049.15	21049.85	12802	0	90
2024.11.11	20:00:00	21049.55	21089.25	20990.15	21071.35	13389	0	90
2024.11.11	21:00:00	21071.35	21074.45	21047.85	21066.85	10613	0	90
2024.11.11	22:00:00	21066.85	21113.45	21061.45	21110.35	11863	0	90
2024.11.11	23:00:00	21111.26	21122.76	21094.36	21109.86	4139	0	139
2024.11.12	01:00:00	21097.85	21111.55	21094.55	21109.05	1871	0	130
2024.11.12	02:00:00	21107.75	21114.05	21090.75	21106.25	4390	0	130
2024.11.12	03:00:00	21105.85	21142.35	21103.45	21123.25	6891	0	160
2024.11.12	04:00:00	21123.35	21134.05	21083.75	21098.95	6317	0	150
2024.11.12	05:00:00	21098.95	21117.75	21096.55	21101.05	4672	0	150
2024.11.12	06:00:00	21101.05	21116.85	21094.25	21115.65	3468	0	150
2024.11.12	07:00:00	21115.65	21117.45	21082.95	21088.55	5013	0	150
2024.11.12	08:00:00	21088.25	21104.15	21080.45	21102.05	4379	0	150
2024.11.12	09:00:00	21101.85	21120.15	21073.65	21101.15	5633	0	150
2024.11.12	10:00:00	21100.45	21133.25	21089.45	21123.05	7071	0	170
2024.11.12	11:00:00	21122.05	21124.95	21072.55	21076.95	7704	0	170
2024.11.12	12:00:00	21076.75	21077.45	21022.55	21061.15	9567	0	180
2024.11.12	13:00:00	21061.25	21086.85	21060.85	21070.75	6899	0	160
2024.11.12	14:00:00	21069.95	21105.45	21069.15	21085.55	8054	0	170
2024.11.12	15:00:00	21085.15	21125.25	21073.75	21114.15	8824	0	170
2024.11.12	16:00:00	21114.25	21144.25	21074.85	21128.45	13546	0	80
2024.11.12	17:00:00	21128.15	21134.45	21071.05	21076.85	16267	0	80
2024.11.12	18:00:00	21076.65	21097.55	21036.45	21047.15	15093	0	80
2024.11.12	19:00:00	21047.15	21062.75	20958.15	20958.55	14466	0	80
2024.11.12	20:00:00	20958.55	21090.45	20947.75	21074.15	13938	0	80
2024.11.12	21:00:00	21072.45	21102.45	21068.75	21081.25	11865	0	80
2024.11.12	22:00:00	21081.25	21098.25	21059.65	21078.05	12584	0	80
2024.11.12	23:00:00	21077.36	21091.56	21073.56	21078.96	3374	0	149
2024.11.13	01:00:00	21053.25	21063.75	21036.85	21054.75	3239	0	150
2024.11.13	02:00:00	21055.65	21056.75	21033.55	21039.25	4737	0	150
2024.11.13	03:00:00	21039.45	21051.65	21028.35	21034.25	6003	0	150
2024.11.13	04:00:00	21034.15	21047.15	21027.25	21045.05	5272	0	150
2024.11.13	05:00:00	21044.95	21055.95	21040.05	21041.15	3912	0	150
2024.11.13	06:00:00	21041.15	21042.95	21027.05	21034.65	3309	0	150
2024.11.13	07:00:00	21034.95	21036.25	21011.35	21015.05	4609	0	150
2024.11.13	08:00:00	21015.05	21023.75	20995.75	21013.05	5019	0	150
2024.11.13	09:00:00	21012.75	21039.35	21009.65	21024.35	4707	0	150
2024.11.13	10:00:00	21024.35	21073.95	21014.55	21072.65	6767	0	150
2024.11.13	11:00:00	21071.35	21077.35	21058.05	21071.05	5698	0	150
2024.11.13	12:00:00	21071.25	21077.75	21042.75	21046.15	5284	0	150
2024.11.13	13:00:00	21046.65	21051.35	21019.35	21021.15	5236	0	150
2024.11.13	14:00:00	21021.35	21050.05	21009.15	21026.45	7707	0	170
2024.11.13	15:00:00	21025.95	21137.35	21014.45	21067.95	11659	0	180
2024.11.13	16:00:00	21068.15	21093.75	21016.65	21035.05	16039	0	80
2024.11.13	17:00:00	21035.15	21035.45	20953.55	21010.25	17683	0	90
2024.11.13	18:00:00	21010.55	21070.55	20985.45	21060.05	15234	0	80
2024.11.13	19:00:00	21059.35	21126.65	21052.85	21123.65	13926	0	80
2024.11.13	20:00:00	21123.65	21161.55	21104.15	21150.55	12407	0	80
2024.11.13	21:00:00	21150.75	21151.25	21061.95	21075.75	13970	0	80
2024.11.13	22:00:00	21076.05	21111.35	21016.25	21049.45	14758	0	80
2024.11.13	23:00:00	21050.35	21077.14	21043.94	21058.04	5026	0	120
2024.11.14	01:00:00	21043.15	21068.45	21040.35	21059.75	2420	0	130
2024.11.14	02:00:00	21060.25	21065.35	21033.95	21046.65	3550	0	130
2024.11.14	03:00:00	21046.85	21046.85	21024.15	21027.05	6256	0	150
2024.11.14	04:00:00	21027.05	21028.55	21009.65	21013.85	5527	0	150
2024.11.14	05:00:00	21013.65	21029.55	21010.65	21021.65	4145	0	150
2024.11.14	06:00:00	21021.95	21045.05	21018.15	21032.35	3550	0	150
2024.11.14	07:00:00	21032.95	21036.35	21000.85	21015.35	4903	0	150
2024.11.14	08:00:00	21014.45	21018.45	20993.15	20994.45	4377	0	150
2024.11.14	09:00:00	20993.95	21025.65	20983.85	21023.15	5606	0	150
2024.11.14	10:00:00	21023.15	21067.95	21017.75	21059.65	7995	0	160
2024.11.14	11:00:00	21057.65	21083.75	21045.75	21048.05	7590	0	170
2024.11.14	12:00:00	21046.75	21075.95	21042.35	21056.55	5923	0	150
2024.11.14	13:00:00	21056.65	21073.75	21052.85	21071.35	5619	0	160
2024.11.14	14:00:00	21070.65	21076.05	21046.25	21049.35	6206	0	150
2024.11.14	15:00:00	21049.35	21069.49	21006.35	21027.75	10136	0	160
2024.11.14	16:00:00	21027.65	21068.05	20958.05	20985.75	15156	0	80
2024.11.14	17:00:00	20985.75	21032.05	20934.55	20984.95	17168	0	80
2024.11.14	18:00:00	20982.15	21034.05	20980.35	20995.25	14634	0	80
2024.11.14	19:00:00	20995.45	21005.25	20911.25	20976.85	15308	0	80
2024.11.14	20:00:00	20975.15	21013.95	20915.65	20921.05	14006	0	80
2024.11.14	21:00:00	20921.45	20983.75	20918.45	20962.95	13606	0	80
2024.11.14	22:00:00	20963.45	20963.45	20865.35	20903.25	17388	0	80
2024.11.14	23:00:00	20902.55	20905.74	20844.04	20871.04	6750	0	120
2024.11.15	01:00:00	20855.75	20859.15	20831.65	20844.65	3969	0	150
2024.11.15	02:00:00	20844.35	20850.75	20807.85	20821.25	6042	0	160
2024.11.15	03:00:00	20821.15	20821.15	20778.85	20785.85	7772	0	160
2024.11.15	04:00:00	20785.55	20810.75	20779.55	20809.25	6340	0	150
2024.11.15	05:00:00	20809.25	20818.55	20798.15	20800.55	5147	0	150
2024.11.15	06:00:00	20800.05	20813.75	20785.85	20813.75	3917	0	150
2024.11.15	07:00:00	20813.25	20823.45	20789.25	20794.15	4720	0	150
2024.11.15	08:00:00	20794.25	20794.25	20725.55	20763.75	6975	0	160
2024.11.15	09:00:00	20763.15	20769.45	20735.25	20739.45	6251	0	160
2024.11.15	10:00:00	20739.05	20753.55	20688.75	20728.75	10204	0	180
2024.11.15	11:00:00	20730.75	20733.95	20705.45	20716.95	7204	0	170
2024.11.15	12:00:00	20716.85	20728.05	20703.45	20724.05	5892	0	150
2024.11.15	13:00:00	20723.95	20752.65	20721.15	20740.75	5615	0	160
2024.11.15	14:00:00	20740.25	20762.85	20732.35	20758.45	5901	0	160
2024.11.15	15:00:00	20757.95	20760.25	20699.32	20709.45	10405	0	170
2024.11.15	16:00:00	20709.55	20715.95	20577.45	20588.65	15081	0	120
2024.11.15	17:00:00	20587.65	20595.05	20441.05	20460.25	17860	0	100
2024.11.15	18:00:00	20459.15	20492.25	20382.95	20397.15	16048	0	80
2024.11.15	19:00:00	20397.35	20415.15	20349.25	20386.15	15155	0	80
2024.11.15	20:00:00	20385.85	20393.45	20308.45	20331.35	15125	0	80
2024.11.15	21:00:00	20331.45	20395.45	20321.95	20363.15	13769	0	80
2024.11.15	22:00:00	20363.15	20414.25	20354.65	20393.05	14609	0	80
2024.11.15	23:00:00	20394.45	20423.44	20392.24	20402.44	4435	0	120
2024.11.18	01:00:00	20426.15	20470.55	20422.85	20470.35	4190	0	150
2024.11.18	02:00:00	20469.45	20531.75	20462.95	20530.65	5899	0	150
2024.11.18	03:00:00	20530.45	20532.15	20506.55	20511.75	6405	0	150
2024.11.18	04:00:00	20511.75	20530.65	20495.75	20530.65	5532	0	150
2024.11.18	05:00:00	20530.95	20543.05	20522.05	20532.95	4144	0	150
2024.11.18	06:00:00	20532.85	20558.85	20532.15	20551.45	3002	0	150
2024.11.18	07:00:00	20551.85	20559.15	20533.95	20542.05	3941	0	150
2024.11.18	08:00:00	20542.05	20554.45	20528.75	20550.85	3791	0	150
2024.11.18	09:00:00	20551.05	20551.65	20480.75	20498.95	5808	0	150
2024.11.18	10:00:00	20498.95	20550.35	20483.05	20537.75	8577	0	180
2024.11.18	11:00:00	20536.15	20537.35	20447.35	20460.25	10848	0	190
2024.11.18	12:00:00	20460.15	20492.75	20455.55	20490.55	6684	0	160
2024.11.18	13:00:00	20490.75	20492.05	20455.35	20474.15	6077	0	160
2024.11.18	14:00:00	20474.45	20485.45	20452.75	20459.95	7663	0	170
2024.11.18	15:00:00	20460.15	20465.85	20384.25	20457.45	10783	0	180
2024.11.18	16:00:00	20456.95	20489.15	20404.35	20433.95	13930	0	80
2024.11.18	17:00:00	20433.45	20598.65	20425.85	20584.05	15492	0	80
2024.11.18	18:00:00	20583.95	20627.25	20542.55	20565.05	13377	0	80
2024.11.18	19:00:00	20565.05	20573.45	20520.05	20564.05	13251	0	80
2024.11.18	20:00:00	20562.35	20570.85	20498.45	20564.45	12466	0	80
2024.11.18	21:00:00	20564.15	20564.15	20494.95	20542.95	12726	0	80
2024.11.18	22:00:00	20539.65	20557.45	20515.25	20534.55	12689	0	80
2024.11.18	23:00:00	20535.44	20552.94	20526.44	20537.14	3574	0	122
2024.11.19	01:00:00	20529.95	20532.35	20509.85	20527.95	2987	0	150
2024.11.19	02:00:00	20527.95	20555.75	20520.25	20531.85	4947	0	150
2024.11.19	03:00:00	20531.55	20548.15	20512.95	20543.35	5869	0	160
2024.11.19	04:00:00	20543.15	20564.55	20536.75	20561.85	5174	0	150
2024.11.19	05:00:00	20561.85	20594.15	20559.55	20583.45	4666	0	150
2024.11.19	06:00:00	20583.55	20602.15	20582.35	20587.55	3611	0	150
2024.11.19	07:00:00	20587.75	20589.65	20565.75	20574.85	4527	0	150
2024.11.19	08:00:00	20575.55	20589.85	20570.25	20582.75	3999	0	150
2024.11.19	09:00:00	20582.75	20585.45	20556.25	20579.05	4721	0	150
2024.11.19	10:00:00	20579.05	20593.55	20469.05	20534.75	11394	0	180
2024.11.19	11:00:00	20532.65	20553.15	20398.15	20446.45	14959	0	210
2024.11.19	12:00:00	20444.05	20499.75	20435.45	20484.45	11531	0	210
2024.11.19	13:00:00	20484.05	20492.75	20442.55	20486.65	8715	0	200
2024.11.19	14:00:00	20486.95	20530.05	20483.65	20521.15	9470	0	190
2024.11.19	15:00:00	20521.25	20527.95	20323.45	20328.75	12477	0	190
2024.11.19	16:00:00	20328.75	20492.95	20289.75	20460.95	17284	0	90
2024.11.19	17:00:00	20461.85	20564.55	20432.15	20544.55	17626	0	80
2024.11.19	18:00:00	20545.65	20607.65	20544.15	20577.05	14909	0	80
2024.11.19	19:00:00	20578.35	20616.45	20551.45	20602.75	13416	0	80
2024.11.19	20:00:00	20601.95	20699.95	20587.15	20692.45	12155	0	80
2024.11.19	21:00:00	20691.95	20699.45	20617.25	20646.65	12829	0	80
2024.11.19	22:00:00	20646.45	20686.95	20635.45	20672.55	12277	0	80
2024.11.19	23:00:00	20672.54	20698.54	20667.24	20672.44	4454	0	142
2024.11.20	01:00:00	20676.65	20697.35	20676.55	20691.35	2783	0	150
2024.11.20	02:00:00	20691.35	20773.65	20691.35	20754.40	1810	0	120
2024.11.20	03:00:00	20754.15	20763.90	20719.15	20731.15	4824	0	120
2024.11.20	04:00:00	20730.90	20755.40	20726.40	20750.65	3737	0	120
2024.11.20	05:00:00	20750.40	20753.90	20713.65	20726.65	3348	0	120
2024.11.20	06:00:00	20726.65	20749.65	20725.15	20743.15	2458	0	120
2024.11.20	07:00:00	20742.90	20746.65	20726.65	20737.15	2782	0	120
2024.11.20	08:00:00	20737.15	20780.40	20734.90	20771.90	3252	0	120
2024.11.20	09:00:00	20771.40	20780.65	20742.40	20766.65	4771	0	120
2024.11.20	10:00:00	20766.65	20784.15	20735.65	20736.40	6974	0	120
2024.11.20	11:00:00	20736.40	20769.65	20724.40	20736.15	5951	0	120
2024.11.20	12:00:00	20735.90	20740.15	20694.40	20722.90	5759	0	120
2024.11.20	13:00:00	20722.90	20744.90	20712.40	20734.15	5309	0	120
2024.11.20	14:00:00	20734.15	20763.65	20730.65	20760.65	4912	0	120
2024.11.20	15:00:00	20760.65	20770.65	20726.40	20734.15	5054	0	120
2024.11.20	16:00:00	20734.15	20734.15	20553.90	20555.65	9495	0	120
2024.11.20	17:00:00	20556.90	20585.40	20419.40	20567.40	11765	0	120
2024.11.20	18:00:00	20564.65	20647.40	20487.15	20628.15	11371	0	120
2024.11.20	19:00:00	20627.90	20645.90	20520.65	20547.90	10218	0	120
2024.11.20	20:00:00	20546.90	20571.15	20497.15	20529.40	9646	0	120
2024.11.20	21:00:00	20528.65	20565.90	20498.40	20548.65	9487	0	120
2024.11.20	22:00:00	20548.65	20703.65	20535.15	20693.15	9960	0	120
2024.11.20	23:00:00	20692.40	20726.04	20540.39	20667.79	9207	0	120
2024.11.21	01:00:00	20640.05	20671.75	20597.15	20662.05	4286	0	150
2024.11.21	02:00:00	20662.35	20667.25	20554.85	20559.25	8302	0	150
2024.11.21	03:00:00	20560.85	20582.85	20530.15	20540.65	9031	0	200
2024.11.21	04:00:00	20541.15	20569.15	20537.75	20557.85	6516	0	180
2024.11.21	05:00:00	20557.85	20598.05	20557.65	20564.35	5136	0	160
2024.11.21	06:00:00	20564.15	20592.95	20547.65	20587.15	4335	0	150
2024.11.21	07:00:00	20587.15	20613.45	20570.35	20587.65	4458	0	150
2024.11.21	08:00:00	20588.75	20602.85	20574.75	20598.75	4502	0	160
2024.11.21	09:00:00	20598.85	20633.85	20515.75	20578.85	9405	0	170
2024.11.21	10:00:00	20578.85	20611.25	20545.25	20585.35	12749	0	210
2024.11.21	11:00:00	20585.65	20585.65	20505.75	20556.55	12514	0	210
2024.11.21	12:00:00	20555.35	20596.35	20541.75	20589.35	8161	0	190
2024.11.21	13:00:00	20589.25	20651.15	20587.65	20641.75	10091	0	200
2024.11.21	14:00:00	20638.25	20718.05	20633.65	20671.15	11302	0	210
2024.11.21	15:00:00	20670.85	20781.85	20668.25	20753.65	11960	0	210
2024.11.21	16:00:00	20754.75	20816.35	20540.75	20578.75	15807	0	90
2024.11.21	17:00:00	20580.25	20629.45	20430.35	20622.45	18662	0	120
2024.11.21	18:00:00	20623.45	20705.15	20603.55	20645.95	17616	0	110
2024.11.21	19:00:00	20646.15	20770.35	20611.45	20732.35	16589	0	90
2024.11.21	20:00:00	20732.55	20779.55	20725.25	20770.65	15598	0	80
2024.11.21	21:00:00	20769.55	20780.85	20705.85	20760.75	15128	0	80
2024.11.21	22:00:00	20760.75	20791.05	20733.35	20736.85	14249	0	80
2024.11.21	23:00:00	20735.85	20742.64	20702.64	20711.44	4982	0	110
2024.11.22	01:00:00	20699.35	20725.85	20677.55	20692.75	3336	0	160
2024.11.22	02:00:00	20692.95	20711.15	20682.85	20688.85	6221	0	160
2024.11.22	03:00:00	20688.95	20730.25	20688.85	20718.25	6314	0	170
2024.11.22	04:00:00	20717.95	20743.15	20711.85	20738.85	4947	0	150
2024.11.22	05:00:00	20738.55	20762.75	20678.85	20709.55	6515	0	150
2024.11.22	06:00:00	20709.35	20739.65	20699.95	20727.35	4910	0	160
2024.11.22	07:00:00	20729.05	20735.75	20682.25	20683.75	6275	0	170
2024.11.22	08:00:00	20683.75	20732.25	20680.95	20720.05	5124	0	160
2024.11.22	09:00:00	20719.65	20745.75	20706.15	20729.75	6071	0	160
2024.11.22	10:00:00	20729.05	20749.25	20703.85	20725.35	10570	0	190
2024.11.22	11:00:00	20725.45	20726.17	20612.55	20675.55	14094	0	200
2024.11.22	12:00:00	20676.15	20677.95	20612.15	20659.85	11245	0	200
2024.11.22	13:00:00	20659.65	20690.95	20639.15	20688.75	8858	0	190
2024.11.22	14:00:00	20688.95	20720.95	20686.45	20715.15	8670	0	180
2024.11.22	15:00:00	20715.25	20733.95	20694.95	20703.75	10005	0	190
2024.11.22	16:00:00	20703.75	20791.85	20690.25	20774.15	15304	0	90
2024.11.22	17:00:00	20772.45	20774.35	20641.95	20762.25	18131	0	100
2024.11.22	18:00:00	20762.35	20766.75	20663.35	20732.55	16375	0	80
2024.11.22	19:00:00	20733.05	20784.05	20717.25	20774.85	14065	0	80
2024.11.22	20:00:00	20774.55	20799.35	20745.15	20765.65	13303	0	80
2024.11.22	21:00:00	20765.95	20773.25	20715.15	20766.45	12609	0	80
2024.11.22	22:00:00	20766.35	20787.65	20721.15	20767.65	13321	0	80
2024.11.22	23:00:00	20766.54	20798.04	20759.44	20796.54	4726	0	122
2024.11.25	01:00:00	20862.85	20875.65	20851.15	20857.55	3067	0	150
2024.11.25	02:00:00	20857.85	20877.45	20857.85	20876.35	2962	0	150
2024.11.25	03:00:00	20876.15	20889.05	20872.05	20874.35	4004	0	150
2024.11.25	04:00:00	20874.45	20885.95	20874.35	20881.35	3303	0	150
2024.11.25	05:00:00	20881.15	20889.45	20874.05	20882.45	2808	0	150
2024.11.25	06:00:00	20882.55	20890.85	20880.85	20887.35	2013	0	150
2024.11.25	07:00:00	20887.35	20893.55	20880.15	20892.45	2859	0	150
2024.11.25	08:00:00	20892.35	20892.35	20876.25	20880.65	3403	0	150
2024.11.25	09:00:00	20881.05	20887.95	20872.75	20876.55	3657	0	150
2024.11.25	10:00:00	20876.65	20885.85	20853.15	20880.25	6367	0	150
2024.11.25	11:00:00	20878.55	20891.95	20866.55	20889.15	5660	0	150
2024.11.25	12:00:00	20889.45	20902.45	20884.05	20900.85	3822	0	150
2024.11.25	13:00:00	20900.95	20901.65	20884.75	20886.65	4173	0	150
2024.11.25	14:00:00	20886.95	20893.95	20865.45	20876.65	6633	0	150
2024.11.25	15:00:00	20876.85	20947.95	20864.45	20920.05	8583	0	160
2024.11.25	16:00:00	20919.75	21002.15	20840.25	20866.45	15452	0	80
2024.11.25	17:00:00	20866.05	20878.55	20791.25	20817.25	18730	0	110
2024.11.25	18:00:00	20817.35	20883.25	20808.95	20827.25	16296	0	80
2024.11.25	19:00:00	20827.55	20832.55	20703.15	20773.95	15495	0	80
2024.11.25	20:00:00	20774.25	20812.25	20764.75	20774.25	13769	0	80
2024.11.25	21:00:00	20774.45	20801.25	20748.55	20783.75	12405	0	80
2024.11.25	22:00:00	20783.75	20808.45	20759.15	20801.45	12858	0	80
2024.11.25	23:00:00	20800.75	20839.84	20785.24	20823.34	5147	0	110
2024.11.26	01:00:00	20850.35	20858.25	20725.45	20758.85	5759	0	150
2024.11.26	02:00:00	20759.75	20763.45	20711.55	20722.25	9947	0	190
2024.11.26	03:00:00	20723.05	20771.05	20680.25	20768.15	10335	0	180
2024.11.26	04:00:00	20768.05	20806.65	20767.55	20796.45	6727	0	160
2024.11.26	05:00:00	20796.35	20832.35	20790.75	20819.75	4983	0	150
2024.11.26	06:00:00	20819.75	20838.35	20811.65	20826.85	4161	0	150
2024.11.26	07:00:00	20826.45	20833.75	20795.35	20807.75	4784	0	160
2024.11.26	08:00:00	20807.95	20849.05	20807.05	20832.15	4693	0	150
2024.11.26	09:00:00	20831.95	20834.15	20799.85	20802.85	6594	0	170
2024.11.26	10:00:00	20802.05	20818.75	20776.55	20794.75	10822	0	190
2024.11.26	11:00:00	20795.65	20821.65	20789.05	20811.15	8237	0	170
2024.11.26	12:00:00	20810.85	20830.05	20786.65	20819.15	6965	0	170
2024.11.26	13:00:00	20819.95	20869.25	20805.35	20864.35	6535	0	160
2024.11.26	14:00:00	20863.85	20879.75	20852.05	20872.95	8732	0	160
2024.11.26	15:00:00	20872.35	20879.95	20846.15	20869.05	9062	0	180
2024.11.26	16:00:00	20869.05	20950.65	20850.45	20895.65	14355	0	90
2024.11.26	17:00:00	20916.15	20922.75	20846.25	20877.25	17521	0	80
2024.11.26	18:00:00	20876.25	20910.15	20850.45	20891.55	14678	0	80
2024.11.26	19:00:00	20891.95	20910.15	20854.45	20907.15	12333	0	80
2024.11.26	20:00:00	20907.15	20907.45	20870.35	20895.55	11221	0	80
2024.11.26	21:00:00	20895.05	20907.45	20830.05	20858.45	12990	0	80
2024.11.26	22:00:00	20858.45	20933.15	20853.45	20915.15	12210	0	80
2024.11.26	23:00:00	20914.65	20932.64	20912.94	20927.24	4251	0	100
2024.11.27	01:00:00	20909.95	20923.35	20907.15	20911.65	2564	0	150
2024.11.27	02:00:00	20911.05	20914.75	20897.55	20911.45	4036	0	150
2024.11.27	03:00:00	20911.45	20922.95	20908.45	20920.25	4499	0	150
2024.11.27	04:00:00	20920.55	20943.05	20917.15	20931.05	4486	0	150
2024.11.27	05:00:00	20931.25	20931.75	20903.25	20909.75	3796	0	150
2024.11.27	06:00:00	20909.75	20910.75	20883.55	20892.05	3020	0	150
2024.11.27	07:00:00	20892.05	20896.75	20877.65	20884.25	3749	0	150
2024.11.27	08:00:00	20884.55	20903.15	20883.15	20895.05	3541	0	150
2024.11.27	09:00:00	20895.25	20918.35	20889.15	20907.45	4951	0	150
2024.11.27	10:00:00	20907.05	20910.45	20851.05	20865.45	10490	0	170
2024.11.27	11:00:00	20865.35	20881.55	20833.15	20850.35	8539	0	180
2024.11.27	12:00:00	20850.25	20867.55	20838.55	20864.15	6200	0	160
2024.11.27	13:00:00	20864.05	20867.55	20834.55	20858.95	5705	0	160
2024.11.27	14:00:00	20859.25	20880.25	20844.85	20872.85	6068	0	150
2024.11.27	15:00:00	20872.85	20900.15	20870.65	20883.55	7731	0	160
2024.11.27	16:00:00	20883.35	20885.35	20769.95	20790.15	13279	0	80
2024.11.27	17:00:00	20791.05	20791.05	20657.35	20674.75	17106	0	90
2024.11.27	18:00:00	20675.45	20694.55	20629.75	20649.15	15268	0	80
2024.11.27	19:00:00	20649.35	20679.25	20609.05	20676.65	13016	0	80
2024.11.27	20:00:00	20676.35	20751.65	20669.15	20743.65	11735	0	80
2024.11.27	21:00:00	20743.65	20758.85	20723.85	20737.35	11624	0	80
2024.11.27	22:00:00	20737.35	20762.95	20703.35	20747.85	12485	0	80
2024.11.27	23:00:00	20748.65	20758.94	20730.74	20739.44	4027	0	90
2024.11.28	01:00:00	20765.35	20768.95	20754.05	20759.45	1720	0	150
2024.11.28	02:00:00	20759.45	20787.65	20759.05	20781.15	2996	0	150
2024.11.28	03:00:00	20781.15	20788.05	20767.45	20770.65	4448	0	150
2024.11.28	04:00:00	20771.15	20785.35	20768.35	20782.25	3731	0	150
2024.11.28	05:00:00	20782.25	20791.45	20776.95	20786.95	2377	0	150
2024.11.28	06:00:00	20786.95	20795.65	20784.35	20789.15	1899	0	150
2024.11.28	07:00:00	20789.15	20793.65	20784.45	20791.35	2197	0	150
2024.11.28	08:00:00	20791.35	20797.65	20786.15	20797.25	2086	0	150
2024.11.28	09:00:00	20797.25	20803.65	20786.95	20795.45	2823	0	150
2024.11.28	10:00:00	20795.45	20800.15	20777.45	20788.15	4564	0	150
2024.11.28	11:00:00	20788.25	20794.25	20782.95	20791.25	3575	0	150
2024.11.28	12:00:00	20791.25	20794.95	20785.25	20792.65	2960	0	150
2024.11.28	13:00:00	20792.75	20797.45	20782.65	20795.65	2763	0	150
2024.11.28	14:00:00	20795.65	20808.85	20792.95	20806.85	2479	0	150
2024.11.28	15:00:00	20806.85	20811.75	20792.25	20804.95	3160	0	150
2024.11.28	16:00:00	20804.95	20830.25	20798.85	20822.75	4955	0	80
2024.11.28	17:00:00	20823.75	20839.75	20818.75	20832.35	5330	0	80
2024.11.28	18:00:00	20832.45	20843.45	20812.75	20816.45	4019	0	80
2024.11.28	19:00:00	20816.35	20835.05	20816.35	20821.35	3016	0	80
2024.11.29	01:00:00	20811.25	20830.35	20810.45	20826.25	2143	0	150
2024.11.29	02:00:00	20826.05	20828.05	20767.25	20777.45	5922	0	150
2024.11.29	03:00:00	20777.65	20814.95	20761.15	20814.85	7077	0	160
2024.11.29	04:00:00	20814.65	20839.75	20814.35	20838.95	4330	0	150
2024.11.29	05:00:00	20839.45	20857.15	20839.45	20852.55	4018	0	150
2024.11.29	06:00:00	20852.75	20875.65	20852.75	20870.25	2884	0	150
2024.11.29	07:00:00	20870.35	20873.75	20838.75	20840.45	4638	0	150
2024.11.29	08:00:00	20840.85	20850.85	20829.35	20844.65	3793	0	150
2024.11.29	09:00:00	20844.65	20845.65	20803.85	20819.15	5618	0	150
2024.11.29	10:00:00	20819.75	20843.35	20818.45	20838.75	6981	0	170
2024.11.29	11:00:00	20837.15	20848.05	20832.85	20835.75	5286	0	150
2024.11.29	12:00:00	20835.75	20847.15	20818.95	20833.95	4699	0	150
2024.11.29	13:00:00	20833.55	20833.65	20813.65	20823.15	4713	0	150
2024.11.29	14:00:00	20821.75	20824.85	20780.85	20796.15	6474	0	150
2024.11.29	15:00:00	20796.15	20802.45	20750.95	20766.95	8061	0	170
2024.11.29	16:00:00	20766.95	20857.45	20744.65	20854.45	13171	0	80
2024.11.29	17:00:00	20854.65	20920.95	20844.15	20893.65	14261	0	80
2024.11.29	18:00:00	20893.65	20945.85	20893.65	20935.95	12423	0	80
2024.11.29	19:00:00	20936.15	20955.15	20918.05	20928.65	12164	0	80
2024.11.29	20:00:00	20928.75	20932.95	20918.55	20926.65	2332	0	80
2024.12.02	01:00:00	20929.25	20929.55	20893.35	20905.45	4760	0	160
2024.12.02	02:00:00	20905.45	20923.45	20882.85	20896.95	7096	0	160
2024.12.02	03:00:00	20897.25	20915.05	20889.85	20897.45	6742	0	160
2024.12.02	04:00:00	20897.55	20902.25	20889.05	20894.25	4585	0	150
2024.12.02	05:00:00	20894.45	20905.15	20886.45	20890.45	3704	0	150
2024.12.02	06:00:00	20890.55	20907.05	20887.75	20897.95	3513	0	150
2024.12.02	07:00:00	20898.25	20904.05	20887.95	20894.85	3535	0	150
2024.12.02	08:00:00	20894.55	20897.25	20880.95	20893.85	3251	0	150
2024.12.02	09:00:00	20893.85	20903.15	20887.45	20901.95	4016	0	150
2024.12.02	10:00:00	20899.95	20913.45	20892.85	20911.55	4730	0	150
2024.12.02	11:00:00	20910.95	20914.25	20890.85	20893.25	4887	0	150
2024.12.02	12:00:00	20893.35	20904.25	20880.85	20890.15	5282	0	150
2024.12.02	13:00:00	20890.15	20910.25	20888.35	20908.75	4516	0	150
2024.12.02	14:00:00	20909.25	20952.25	20906.45	20947.45	6682	0	150
2024.12.02	15:00:00	20946.95	20976.55	20939.85	20967.35	8471	0	160
2024.12.02	16:00:00	20967.25	21110.85	20964.75	21092.39	13235	0	80
2024.12.02	17:00:00	21097.03	21143.85	21082.05	21096.35	15912	0	80
2024.12.02	18:00:00	21097.25	21178.05	21093.45	21170.05	13900	0	80
2024.12.02	19:00:00	21170.05	21200.05	21166.05	21168.35	11951	0	80
2024.12.02	20:00:00	21168.55	21173.85	21135.95	21153.35	11630	0	80
2024.12.02	21:00:00	21153.35	21160.55	21116.85	21160.05	11663	0	80
2024.12.02	22:00:00	21159.85	21180.95	21144.35	21157.15	12305	0	80
2024.12.02	23:00:00	21157.55	21179.34	21149.64	21154.74	4615	0	110
2024.12.03	01:00:00	21149.85	21166.25	21148.05	21156.35	2469	0	150
2024.12.03	02:00:00	21156.35	21162.05	21146.55	21153.05	3472	0	150
2024.12.03	03:00:00	21152.85	21168.55	21145.75	21158.25	4603	0	150
2024.12.03	04:00:00	21158.35	21162.45	21151.75	21160.35	2972	0	150
2024.12.03	05:00:00	21160.35	21179.25	21160.05	21172.45	2903	0	150
2024.12.03	06:00:00	21172.55	21181.25	21166.55	21166.95	2153	0	150
2024.12.03	07:00:00	21167.05	21175.55	21163.75	21173.05	2551	0	150
2024.12.03	08:00:00	21173.25	21179.55	21167.35	21169.05	2609	0	150
2024.12.03	09:00:00	21168.85	21177.35	21161.35	21169.25	3009	0	150
2024.12.03	10:00:00	21169.25	21185.05	21153.45	21159.55	6491	0	150
2024.12.03	11:00:00	21159.55	21165.15	21153.55	21158.95	4517	0	150
2024.12.03	12:00:00	21158.85	21164.25	21144.25	21144.55	3476	0	150
2024.12.03	13:00:00	21144.85	21153.45	21129.45	21148.95	4404	0	150
2024.12.03	14:00:00	21149.55	21163.45	21129.35	21148.75	5091	0	150
2024.12.03	15:00:00	21149.35	21169.15	21138.95	21139.55	5932	0	150
2024.12.03	16:00:00	21139.85	21153.75	21079.35	21146.89	14867	0	80
2024.12.03	17:00:00	21146.23	21177.45	21109.55	21151.65	15634	0	80
2024.12.03	18:00:00	21151.65	21206.75	21141.35	21150.65	14338	0	80
2024.12.03	19:00:00	21150.85	21187.65	21135.15	21187.15	12389	0	80
2024.12.03	20:00:00	21186.85	21190.95	21157.85	21177.85	11362	0	80
2024.12.03	21:00:00	21177.65	21207.45	21169.35	21200.65	11001	0	80
2024.12.03	22:00:00	21200.35	21234.75	21184.75	21224.75	11550	0	80
2024.12.03	23:00:00	21224.34	21273.54	21217.64	21272.44	5106	0	102
2024.12.04	01:00:00	21259.25	21283.65	21253.95	21280.95	2939	0	150
2024.12.04	02:00:00	21281.05	21281.55	21264.05	21270.95	4283	0	150
2024.12.04	03:00:00	21270.95	21282.55	21268.05	21271.95	4499	0	150
2024.12.04	04:00:00	21272.05	21289.25	21272.05	21284.05	3299	0	150
2024.12.04	05:00:00	21283.95	21291.55	21274.25	21288.45	2966	0	150
2024.12.04	06:00:00	21288.55	21302.05	21286.35	21299.55	2262	0	150
2024.12.04	07:00:00	21299.55	21315.95	21293.85	21304.85	2754	0	150
2024.12.04	08:00:00	21305.05	21310.05	21285.75	21301.45	3215	0	150
2024.12.04	09:00:00	21301.35	21306.75	21291.05	21296.05	3559	0	150
2024.12.04	10:00:00	21296.25	21334.55	21293.15	21333.25	6011	0	150
2024.12.04	11:00:00	21332.65	21350.35	21324.25	21346.95	6122	0	150
2024.12.04	12:00:00	21347.55	21360.75	21334.15	21354.05	4495	0	150
2024.12.04	13:00:00	21354.25	21375.75	21348.15	21365.95	4689	0	150
2024.12.04	14:00:00	21365.75	21374.35	21355.55	21358.25	4386	0	150
2024.12.04	15:00:00	21358.45	21396.85	21357.75	21396.35	6769	0	150
2024.12.04	16:00:00	21395.85	21404.05	21336.45	21365.09	12643	0	80
2024.12.04	17:00:00	21357.39	21439.15	21339.62	21430.65	15554	0	80
2024.12.04	18:00:00	21430.65	21443.85	21396.65	21421.65	13411	0	80
2024.12.04	19:00:00	21421.65	21440.95	21405.25	21430.05	11977	0	80
2024.12.04	20:00:00	21429.65	21443.25	21389.25	21419.35	11980	0	80
2024.12.04	21:00:00	21420.65	21466.85	21412.85	21461.65	11789	0	80
2024.12.04	22:00:00	21461.05	21497.65	21456.85	21486.55	11762	0	80
2024.12.04	23:00:00	21486.44	21487.44	21458.94	21460.44	3868	0	102
2024.12.05	01:00:00	21459.15	21473.35	21456.55	21460.55	2425	0	150
2024.12.05	02:00:00	21460.55	21460.75	21446.05	21447.55	3269	0	150
2024.12.05	03:00:00	21447.65	21469.65	21445.65	21464.35	3881	0	150
2024.12.05	04:00:00	21464.55	21470.55	21457.35	21458.75	2894	0	150
2024.12.05	05:00:00	21458.65	21467.75	21457.75	21465.55	2155	0	150
2024.12.05	06:00:00	21465.55	21465.55	21453.25	21460.25	1729	0	150
2024.12.05	07:00:00	21460.35	21465.75	21455.85	21464.75	2280	0	150
2024.12.05	08:00:00	21466.15	21469.75	21452.55	21453.85	2165	0	150
2024.12.05	09:00:00	21453.25	21454.25	21442.55	21444.15	3254	0	150
2024.12.05	10:00:00	21445.05	21459.95	21439.25	21453.85	5522	0	150
2024.12.05	11:00:00	21453.85	21458.75	21439.95	21457.25	4564	0	150
2024.12.05	12:00:00	21457.15	21467.05	21450.25	21454.75	3147	0	150
2024.12.05	13:00:00	21454.85	21472.25	21452.15	21467.75	2918	0	150
2024.12.05	14:00:00	21468.05	21487.65	21467.35	21487.05	3785	0	150
2024.12.05	15:00:00	21487.05	21487.75	21455.95	21476.65	6025	0	150
2024.12.05	16:00:00	21476.35	21501.15	21448.25	21459.85	11458	0	80
2024.12.05	17:00:00	21460.05	21486.15	21438.65	21453.15	15044	0	80
2024.12.05	18:00:00	21452.95	21490.15	21448.15	21481.05	13142	0	80
2024.12.05	19:00:00	21480.85	21518.05	21474.85	21511.05	11995	0	80
2024.12.05	20:00:00	21511.35	21511.85	21432.75	21444.85	13137	0	80
2024.12.05	21:00:00	21444.95	21467.85	21425.25	21445.05	12119	0	80
2024.12.05	22:00:00	21444.55	21461.95	21411.45	21426.35	13402	0	80
2024.12.05	23:00:00	21426.44	21426.44	21388.04	21406.14	4490	0	112
2024.12.06	01:00:00	21396.15	21411.95	21374.75	21408.95	3103	0	150
2024.12.06	02:00:00	21408.75	21414.65	21396.15	21411.55	3513	0	150
2024.12.06	03:00:00	21411.35	21425.55	21406.55	21419.25	4367	0	150
2024.12.06	04:00:00	21419.35	21437.85	21416.15	21433.35	3777	0	150
2024.12.06	05:00:00	21433.45	21434.85	21421.05	21421.15	2963	0	150
2024.12.06	06:00:00	21421.05	21430.45	21415.55	21429.15	2274	0	150
2024.12.06	07:00:00	21429.15	21434.35	21424.85	21433.35	2405	0	150
2024.12.06	08:00:00	21433.15	21439.55	21430.45	21432.85	2108	0	150
2024.12.06	09:00:00	21433.85	21442.45	21426.95	21432.55	2239	0	150
2024.12.06	10:00:00	21432.45	21450.85	21427.75	21445.05	4416	0	150
2024.12.06	11:00:00	21444.85	21445.55	21420.55	21427.05	4272	0	150
2024.12.06	12:00:00	21427.55	21431.45	21407.65	21410.15	3840	0	150
2024.12.06	13:00:00	21410.35	21419.85	21400.55	21417.35	3964	0	150
2024.12.06	14:00:00	21417.35	21441.15	21413.45	21434.95	4218	0	150
2024.12.06	15:00:00	21434.85	21486.35	21407.79	21448.05	8762	0	150
2024.12.06	16:00:00	21448.15	21570.95	21443.65	21566.05	13113	0	90
2024.12.06	17:00:00	21566.45	21602.35	21550.95	21576.25	15106	0	80
2024.12.06	18:00:00	21577.45	21593.45	21530.85	21571.45	14103	0	80
2024.12.06	19:00:00	21571.75	21593.65	21554.25	21576.05	12715	0	80
2024.12.06	20:00:00	21575.35	21625.55	21572.35	21615.95	12089	0	80
2024.12.06	21:00:00	21615.55	21615.55	21570.45	21592.55	11688	0	80
2024.12.06	22:00:00	21592.05	21620.35	21583.45	21615.45	12243	0	80
2024.12.06	23:00:00	21615.25	21615.25	21584.04	21589.74	3882	0	80
2024.12.09	01:00:00	21597.35	21627.25	21597.35	21614.85	3465	0	150
2024.12.09	02:00:00	21614.75	21619.05	21594.45	21600.65	4567	0	150
2024.12.09	03:00:00	21600.35	21610.35	21584.85	21609.15	4398	0	150
2024.12.09	04:00:00	21609.35	21614.85	21598.35	21607.25	3343	0	150
2024.12.09	05:00:00	21607.15	21612.65	21600.05	21600.65	2454	0	150
2024.12.09	06:00:00	21600.35	21606.05	21592.55	21596.05	2187	0	150
2024.12.09	07:00:00	21596.25	21606.05	21593.55	21605.65	2225	0	150
2024.12.09	08:00:00	21605.65	21613.75	21604.75	21606.85	2129	0	150
2024.12.09	09:00:00	21607.05	21659.25	21603.75	21653.45	5025	0	150
2024.12.09	10:00:00	21653.55	21663.25	21637.95	21661.45	6604	0	150
2024.12.09	11:00:00	21660.25	21661.35	21583.65	21591.25	7375	0	160
2024.12.09	12:00:00	21590.75	21594.05	21570.25	21572.35	5219	0	150
2024.12.09	13:00:00	21572.35	21584.75	21545.75	21573.15	6461	0	150
2024.12.09	14:00:00	21574.15	21587.05	21565.15	21583.95	5678	0	150
2024.12.09	15:00:00	21581.35	21587.85	21567.25	21577.35	5353	0	150
2024.12.09	16:00:00	21577.25	21605.55	21540.55	21582.05	11937	0	80
2024.12.09	17:00:00	21581.15	21588.85	21461.35	21465.65	15618	0	80
2024.12.09	18:00:00	21465.95	21485.85	21395.25	21469.35	15006	0	80
2024.12.09	19:00:00	21469.15	21481.15	21444.75	21446.45	12617	0	80
2024.12.09	20:00:00	21446.45	21508.25	21433.45	21488.45	12001	0	80
2024.12.09	21:00:00	21488.45	21488.45	21404.35	21435.25	11640	0	80
2024.12.09	22:00:00	21434.55	21448.25	21400.35	21444.15	12503	0	80
2024.12.09	23:00:00	21444.04	21444.84	21421.64	21433.94	4209	0	112
2024.12.10	01:00:00	21434.35	21439.55	21419.85	21426.05	2913	0	150
2024.12.10	02:00:00	21425.35	21440.55	21421.75	21437.85	3629	0	150
2024.12.10	03:00:00	21438.25	21445.55	21423.85	21429.35	5197	0	150
2024.12.10	04:00:00	21429.25	21434.95	21426.85	21428.45	3391	0	150
2024.12.10	05:00:00	21428.55	21437.75	21426.05	21433.95	2578	0	150
2024.12.10	06:00:00	21434.05	21436.85	21427.35	21429.05	1350	0	150
2024.12.10	07:00:00	21428.95	21437.45	21413.55	21424.85	2981	0	150
2024.12.10	08:00:00	21424.95	21429.35	21414.75	21420.35	2638	0	150
2024.12.10	09:00:00	21420.25	21426.95	21414.45	21419.05	2633	0	150
2024.12.10	10:00:00	21419.35	21427.05	21409.75	21423.05	4332	0	150
2024.12.10	11:00:00	21422.05	21425.05	21410.75	21422.45	4285	0	150
2024.12.10	12:00:00	21422.05	21458.45	21419.85	21451.95	3897	0	150
2024.12.10	13:00:00	21451.95	21478.45	21451.05	21471.55	3374	0	150
2024.12.10	14:00:00	21471.95	21496.05	21467.55	21489.55	4134	0	150
2024.12.10	15:00:00	21488.95	21498.35	21456.45	21462.55	5781	0	150
2024.12.10	16:00:00	21462.25	21550.15	21452.75	21507.35	12477	0	80
2024.12.10	17:00:00	21507.55	21567.55	21458.45	21466.65	16102	0	80
2024.12.10	18:00:00	21466.35	21476.85	21410.85	21445.45	14880	0	80
2024.12.10	19:00:00	21445.45	21463.55	21405.85	21430.95	13412	0	80
2024.12.10	20:00:00	21431.15	21445.85	21412.05	21414.15	11483	0	80
2024.12.10	21:00:00	21414.65	21420.95	21361.35	21372.15	12397	0	80
2024.12.10	22:00:00	21372.45	21373.95	21314.45	21369.65	13442	0	80
2024.12.10	23:00:00	21368.74	21398.34	21368.74	21395.84	4001	0	102
2024.12.11	01:00:00	21392.65	21394.05	21380.15	21391.15	2160	0	150
2024.12.11	02:00:00	21391.15	21391.85	21371.35	21385.25	3158	0	150
2024.12.11	03:00:00	21385.35	21397.95	21382.15	21391.65	3944	0	150
2024.12.11	04:00:00	21391.65	21393.95	21382.65	21390.45	3216	0	150
2024.12.11	05:00:00	21390.65	21400.25	21388.35	21389.15	2389	0	150
2024.12.11	06:00:00	21389.15	21394.45	21376.85	21393.95	1966	0	150
2024.12.11	07:00:00	21393.85	21395.85	21386.25	21392.85	2384	0	150
2024.12.11	08:00:00	21392.95	21409.75	21392.35	21407.25	1890	0	150
2024.12.11	09:00:00	21407.65	21412.75	21368.25	21382.65	4408	0	150
2024.12.11	10:00:00	21383.05	21409.25	21379.95	21395.35	5487	0	150
2024.12.11	11:00:00	21394.85	21418.55	21392.95	21411.65	5436	0	150
2024.12.11	12:00:00	21411.35	21416.25	21398.35	21410.45	3480	0	150
2024.12.11	13:00:00	21410.45	21422.15	21402.85	21405.15	3106	0	150
2024.12.11	14:00:00	21405.35	21410.85	21394.05	21400.15	3999	0	150
2024.12.11	15:00:00	21399.85	21497.85	21398.65	21491.75	7917	0	150
2024.12.11	16:00:00	21491.25	21659.75	21488.95	21658.45	13389	0	80
2024.12.11	17:00:00	21658.65	21698.95	21636.85	21659.45	15964	0	80
2024.12.11	18:00:00	21659.95	21731.65	21653.95	21722.65	14217	0	80
2024.12.11	19:00:00	21722.55	21752.05	21721.85	21743.65	12247	0	80
2024.12.11	20:00:00	21743.35	21774.45	21741.15	21756.05	11632	0	80
2024.12.11	21:00:00	21756.35	21773.55	21743.15	21763.35	11008	0	80
2024.12.11	22:00:00	21763.35	21782.95	21752.25	21756.05	11325	0	80
2024.12.11	23:00:00	21755.94	21756.44	21716.14	21719.94	5002	0	102
2024.12.12	01:00:00	21725.45	21733.85	21718.25	21725.25	2677	0	150
2024.12.12	02:00:00	21725.25	21728.55	21709.75	21719.25	3743	0	150
2024.12.12	03:00:00	21719.25	21725.75	21714.55	21719.35	3515	0	150
2024.12.12	04:00:00	21719.55	21726.15	21716.05	21720.15	2897	0	150
2024.12.12	05:00:00	21720.15	21730.25	21719.75	21727.75	2505	0	150
2024.12.12	06:00:00	21727.55	21729.85	21724.55	21728.25	1246	0	150
2024.12.12	07:00:00	21728.25	21731.85	21723.15	21731.75	2180	0	150
2024.12.12	08:00:00	21731.75	21739.25	21722.35	21728.55	2439	0	150
2024.12.12	09:00:00	21728.35	21732.65	21715.05	21719.65	2402	0	150
2024.12.12	10:00:00	21719.15	21737.45	21709.85	21719.55	4856	0	150
2024.12.12	11:00:00	21719.55	21729.55	21698.05	21700.95	4261	0	150
2024.12.12	12:00:00	21701.05	21713.75	21695.55	21710.75	3403	0	150
2024.12.12	13:00:00	21710.65	21715.25	21687.85	21691.55	4621	0	150
2024.12.12	14:00:00	21693.05	21698.85	21663.15	21670.65	4954	0	150
2024.12.12	15:00:00	21669.65	21698.26	21618.35	21652.75	9662	0	160
2024.12.12	16:00:00	21652.95	21668.15	21626.05	21652.25	14093	0	80
2024.12.12	17:00:00	21651.55	21698.15	21594.65	21691.05	15661	0	80
2024.12.12	18:00:00	21690.55	21709.35	21642.05	21643.45	13294	0	80
2024.12.12	19:00:00	21643.05	21710.85	21639.55	21708.95	12303	0	80
2024.12.12	20:00:00	21709.35	21714.05	21665.05	21667.15	11358	0	80
2024.12.12	21:00:00	21666.95	21685.55	21635.05	21654.55	11791	0	80
2024.12.12	22:00:00	21653.95	21657.45	21613.95	21613.95	11821	0	80
2024.12.12	23:00:00	21613.45	21653.54	21574.64	21612.84	6725	0	80
2024.12.13	01:00:00	21699.05	21721.55	21687.15	21715.15	4090	0	150
2024.12.13	02:00:00	21715.15	21738.65	21709.05	21723.45	4174	0	150
2024.12.13	03:00:00	21722.45	21730.25	21702.65	21704.25	4712	0	150
2024.12.13	04:00:00	21703.95	21704.25	21678.75	21697.25	4763	0	150
2024.12.13	05:00:00	21696.65	21699.15	21672.55	21681.45	3480	0	150
2024.12.13	06:00:00	21681.45	21696.05	21674.95	21695.25	2601	0	150
2024.12.13	07:00:00	21695.55	21700.75	21684.15	21699.95	2787	0	150
2024.12.13	08:00:00	21699.55	21723.55	21699.55	21723.05	3130	0	150
2024.12.13	09:00:00	21722.25	21726.65	21702.15	21713.15	4592	0	150
2024.12.13	10:00:00	21712.85	21743.15	21708.65	21735.55	5722	0	150
2024.12.13	11:00:00	21734.75	21763.95	21732.55	21762.95	5763	0	150
2024.12.13	12:00:00	21763.15	21775.65	21757.75	21768.75	4559	0	150
2024.12.13	13:00:00	21768.85	21780.75	21762.65	21765.25	4326	0	150
2024.12.13	14:00:00	21765.45	21812.65	21758.45	21808.65	5400	0	150
2024.12.13	15:00:00	21808.75	21820.15	21790.85	21798.45	6105	0	150
2024.12.13	16:00:00	21798.65	21884.95	21752.95	21857.35	13805	0	80
2024.12.13	17:00:00	21860.65	21862.35	21664.15	21666.15	16932	0	90
2024.12.13	18:00:00	21665.35	21735.05	21644.35	21677.05	16614	0	80
2024.12.13	19:00:00	21676.45	21718.75	21657.55	21662.05	14650	0	80
2024.12.13	20:00:00	21662.05	21754.05	21659.05	21752.05	12379	0	80
2024.12.13	21:00:00	21752.35	21793.95	21737.35	21779.85	11708	0	80
2024.12.13	22:00:00	21779.95	21802.55	21753.45	21774.55	11952	0	80
2024.12.13	23:00:00	21774.75	21776.35	21729.74	21736.84	4758	0	80
2024.12.16	01:00:00	21747.95	21778.75	21742.75	21767.75	3711	0	150
2024.12.16	02:00:00	21767.85	21786.85	21764.35	21780.05	4151	0	150
2024.12.16	03:00:00	21780.05	21792.45	21761.85	21792.25	4895	0	150
2024.12.16	04:00:00	21792.05	21800.15	21786.65	21795.15	3652	0	150
2024.12.16	05:00:00	21795.25	21798.15	21782.05	21783.05	3106	0	150
2024.12.16	06:00:00	21782.85	21793.15	21775.55	21779.55	2512	0	150
2024.12.16	07:00:00	21779.35	21782.65	21763.05	21769.35	3275	0	150
2024.12.16	08:00:00	21769.05	21788.05	21768.65	21787.15	2955	0	150
2024.12.16	09:00:00	21787.15	21790.85	21771.75	21784.85	3197	0	150
2024.12.16	10:00:00	21786.75	21799.65	21775.65	21792.15	6528	0	150
2024.12.16	11:00:00	21791.85	21828.65	21787.35	21827.35	5995	0	150
2024.12.16	12:00:00	21827.55	21847.15	21827.35	21843.25	4862	0	150
2024.12.16	13:00:00	21843.15	21845.05	21818.55	21841.75	5196	0	150
2024.12.16	14:00:00	21841.05	21863.75	21835.05	21854.85	6086	0	150
2024.12.16	15:00:00	21855.15	21893.85	21847.55	21891.25	7025	0	150
2024.12.16	16:00:00	21891.35	21952.55	21860.85	21951.55	14057	0	80
2024.12.16	17:00:00	21951.75	22004.45	21910.25	21972.95	17497	0	80
2024.12.16	18:00:00	21971.65	22037.95	21971.65	22036.95	15911	0	80
2024.12.16	19:00:00	22036.95	22067.95	22019.35	22067.15	13261	0	80
2024.12.16	20:00:00	22067.55	22104.95	22061.15	22097.15	11979	0	80
2024.12.16	21:00:00	22096.95	22121.65	22084.85	22104.65	12129	0	80
2024.12.16	22:00:00	22104.85	22131.95	22077.65	22091.65	13160	0	80
2024.12.16	23:00:00	22091.34	22096.94	22075.54	22090.64	4984	0	112
2024.12.17	01:00:00	22088.35	22096.05	22061.85	22080.85	3482	0	150
2024.12.17	02:00:00	22080.85	22082.05	22066.65	22069.65	4255	0	150
2024.12.17	03:00:00	22069.65	22099.05	22064.05	22096.15	4456	0	150
2024.12.17	04:00:00	22096.35	22104.85	22093.95	22100.55	3467	0	150
2024.12.17	05:00:00	22100.65	22105.85	22093.95	22097.05	2610	0	150
2024.12.17	06:00:00	22097.05	22106.15	22096.55	22096.55	2255	0	150
2024.12.17	07:00:00	22096.65	22100.85	22084.35	22087.55	3425	0	150
2024.12.17	08:00:00	22087.55	22092.15	22067.65	22073.85	3327	0	150
2024.12.17	09:00:00	22073.85	22083.65	22019.05	22024.05	5080	0	150
2024.12.17	10:00:00	22024.75	22052.95	22010.35	22025.55	8509	0	170
2024.12.17	11:00:00	22025.55	22076.05	22020.95	22069.75	8315	0	160
2024.12.17	12:00:00	22069.75	22090.85	22055.85	22088.45	6290	0	150
2024.12.17	13:00:00	22088.35	22102.25	22052.65	22069.05	6597	0	150
2024.12.17	14:00:00	22068.85	22077.75	22030.35	22032.15	6466	0	150
2024.12.17	15:00:00	22032.35	22049.05	22007.65	22035.25	7091	0	150
2024.12.17	16:00:00	22034.85	22052.95	21963.65	21990.55	14722	0	80
2024.12.17	17:00:00	21989.05	21999.45	21928.05	21989.05	17509	0	90
2024.12.17	18:00:00	21987.25	22063.75	21964.25	22020.45	16452	0	80
2024.12.17	19:00:00	22020.75	22036.55	21978.55	22020.05	15695	0	80
2024.12.17	20:00:00	22019.25	22027.85	21983.85	21987.55	14477	0	80
2024.12.17	21:00:00	21987.85	21989.75	21949.75	21965.05	14143	0	80
2024.12.17	22:00:00	21964.35	22011.05	21938.25	21994.65	14622	0	80
2024.12.17	23:00:00	21995.95	21998.64	21967.84	21980.74	6582	0	110
2024.12.18	01:00:00	21998.75	22044.75	21932.45	21959.55	3784	0	150
2024.12.18	02:00:00	21959.85	21982.35	21957.05	21971.55	4061	0	150
2024.12.18	03:00:00	21971.45	22007.35	21971.45	22006.05	4918	0	150
2024.12.18	04:00:00	22006.35	22014.85	22005.75	22008.95	3337	0	150
2024.12.18	05:00:00	22008.85	22010.25	21985.15	21994.55	3252	0	150
2024.12.18	06:00:00	21994.35	22025.25	21993.85	22020.95	2958	0	150
2024.12.18	07:00:00	22020.85	22027.75	22008.25	22025.95	3340	0	150
2024.12.18	08:00:00	22025.85	22033.25	21999.95	22022.05	3362	0	150
2024.12.18	09:00:00	22022.55	22023.95	22004.25	22015.15	3332	0	150
2024.12.18	10:00:00	22014.65	22044.75	22014.25	22021.65	6221	0	160
2024.12.18	11:00:00	22021.55	22040.05	21999.45	22035.65	6736	0	160
2024.12.18	12:00:00	22035.75	22060.85	22031.65	22053.95	5110	0	150
2024.12.18	13:00:00	22053.95	22069.75	22045.15	22055.75	4302	0	150
2024.12.18	14:00:00	22055.45	22072.95	22047.05	22062.05	5640	0	150
2024.12.18	15:00:00	22061.15	22063.55	21970.15	21972.65	8511	0	160
2024.12.18	16:00:00	21972.95	21989.15	21897.35	21973.65	14974	0	80
2024.12.18	17:00:00	21974.35	22037.35	21958.85	22006.05	15204	0	80
2024.12.18	18:00:00	22006.55	22026.45	21935.95	21991.05	14435	0	80
2024.12.18	19:00:00	21990.85	22008.45	21962.85	21985.85	12883	0	80
2024.12.18	20:00:00	21986.05	21997.05	21959.35	21976.55	10858	0	80
2024.12.18	21:00:00	21976.36	21976.36	21588.65	21595.95	18500	0	120
2024.12.18	22:00:00	21598.15	21619.45	21116.75	21180.85	19401	0	120
2024.12.18	23:00:00	21181.35	21199.64	20996.94	21144.14	10445	0	120
2024.12.19	01:00:00	21202.05	21234.25	21142.95	21158.85	6540	0	180
2024.12.19	02:00:00	21158.55	21235.25	21157.55	21233.75	7821	0	210
2024.12.19	03:00:00	21233.95	21246.45	21171.75	21204.95	9285	0	200
2024.12.19	04:00:00	21204.85	21205.15	21156.15	21165.05	7430	0	190
2024.12.19	05:00:00	21165.15	21188.95	21131.55	21183.75	6848	0	160
2024.12.19	06:00:00	21183.95	21201.35	21171.65	21186.95	4353	0	160
2024.12.19	07:00:00	21186.95	21210.65	21139.15	21144.65	5463	0	160
2024.12.19	08:00:00	21144.45	21206.15	21142.45	21192.55	6873	0	190
2024.12.19	09:00:00	21192.95	21270.65	21187.55	21266.45	9245	0	210
2024.12.19	10:00:00	21266.45	21294.15	21235.15	21292.35	10610	0	200
2024.12.19	11:00:00	21292.55	21302.15	21241.25	21273.45	10334	0	200
2024.12.19	12:00:00	21274.45	21319.15	21263.45	21269.75	8105	0	190
2024.12.19	13:00:00	21269.65	21288.95	21249.55	21280.05	7348	0	200
2024.12.19	14:00:00	21280.55	21380.75	21273.45	21380.25	10663	0	210
2024.12.19	15:00:00	21379.05	21385.45	21323.45	21328.65	11903	0	210
2024.12.19	16:00:00	21326.55	21403.15	21258.75	21284.85	16567	0	80
2024.12.19	17:00:00	21283.35	21342.85	21173.65	21257.35	18991	0	120
2024.12.19	18:00:00	21253.45	21333.65	21166.85	21268.15	18250	0	120
2024.12.19	19:00:00	21268.15	21274.75	21138.65	21224.75	17442	0	120
2024.12.19	20:00:00	21224.65	21304.15	21144.15	21302.65	16682	0	110
2024.12.19	21:00:00	21303.15	21303.75	21169.25	21169.65	16705	0	110
2024.12.19	22:00:00	21169.75	21238.45	21071.15	21084.35	17454	0	120
2024.12.19	23:00:00	21084.95	21126.34	21052.64	21124.64	8311	0	120
2024.12.20	01:00:00	21116.65	21124.85	21076.95	21088.45	4146	0	170
2024.12.20	02:00:00	21088.45	21102.15	20980.25	20992.05	9857	0	210
2024.12.20	03:00:00	20991.95	21014.95	20971.25	20984.65	9373	0	210
2024.12.20	04:00:00	20984.75	20986.75	20935.65	20967.85	7725	0	190
2024.12.20	05:00:00	20967.85	20987.95	20917.75	20934.05	6631	0	180
2024.12.20	06:00:00	20933.95	20962.85	20933.75	20961.85	5164	0	160
2024.12.20	07:00:00	20961.95	20978.05	20953.45	20977.35	5143	0	170
2024.12.20	08:00:00	20977.15	21009.85	20950.45	21007.25	5812	0	170
2024.12.20	09:00:00	21007.45	21015.15	20971.95	20993.95	7073	0	190
2024.12.20	10:00:00	20993.55	21004.25	20864.65	20904.45	12036	0	210
2024.12.20	11:00:00	20904.45	20906.95	20820.95	20837.05	12146	0	210
2024.12.20	12:00:00	20837.05	20861.75	20810.05	20819.05	11512	0	210
2024.12.20	13:00:00	20818.45	20839.05	20786.15	20801.95	10011	0	210
2024.12.20	14:00:00	20806.05	20817.25	20722.05	20813.45	12133	0	210
2024.12.20	15:00:00	20813.25	20946.95	20785.45	20931.55	14036	0	210
2024.12.20	16:00:00	20931.05	21026.75	20879.05	20948.95	17361	0	120
2024.12.20	17:00:00	20949.05	21269.15	20949.05	21231.15	18560	0	120
2024.12.20	18:00:00	21231.45	21503.15	21222.95	21469.15	17661	0	120
2024.12.20	19:00:00	21469.45	21529.95	21446.65	21479.45	16820	0	110
2024.12.20	20:00:00	21479.55	21489.55	21373.95	21384.95	17025	0	120
2024.12.20	21:00:00	21384.75	21470.95	21367.45	21416.95	16308	0	100
2024.12.20	22:00:00	21416.95	21431.85	21236.55	21285.15	17088	0	100
2024.12.20	23:00:00	21285.15	21345.34	21230.84	21253.44	9805	0	120
2024.12.23	01:00:00	21380.05	21403.85	21358.65	21378.05	4118	0	190
2024.12.23	02:00:00	21378.15	21387.75	21316.35	21352.15	6445	0	210
2024.12.23	03:00:00	21352.55	21419.15	21335.15	21412.05	6834	0	190
2024.12.23	04:00:00	21411.75	21421.05	21379.55	21400.35	6968	0	200
2024.12.23	05:00:00	21399.45	21411.05	21383.25	21399.75	4389	0	160
2024.12.23	06:00:00	21399.55	21434.25	21398.85	21430.95	3705	0	150
2024.12.23	07:00:00	21431.85	21456.75	21424.05	21454.25	4429	0	150
2024.12.23	08:00:00	21454.05	21467.05	21437.25	21457.65	4258	0	150
2024.12.23	09:00:00	21458.25	21460.05	21412.45	21438.45	6608	0	210
2024.12.23	10:00:00	21438.35	21446.85	21388.45	21401.65	10684	0	210
2024.12.23	11:00:00	21401.45	21419.45	21380.95	21392.75	9440	0	210
2024.12.23	12:00:00	21392.75	21406.25	21340.25	21351.35	7956	0	190
2024.12.23	13:00:00	21351.25	21356.95	21299.75	21320.25	9140	0	210
2024.12.23	14:00:00	21323.75	21397.75	21321.95	21395.75	9491	0	210
2024.12.23	15:00:00	21394.95	21398.75	21271.85	21299.35	11127	0	210
2024.12.23	16:00:00	21299.45	21402.15	21281.55	21354.65	15951	0	80
2024.12.23	17:00:00	21349.95	21365.45	21204.95	21287.65	18653	0	120
2024.12.23	18:00:00	21286.95	21423.05	21281.55	21420.75	16286	0	80
2024.12.23	19:00:00	21420.55	21452.95	21370.05	21422.95	16209	0	80
2024.12.23	20:00:00	21423.15	21483.85	21414.55	21473.55	14982	0	80
2024.12.23	21:00:00	21473.55	21505.15	21435.75	21435.75	14103	0	80
2024.12.23	22:00:00	21435.95	21495.45	21394.85	21481.05	16061	0	80
2024.12.23	23:00:00	21484.15	21495.64	21443.54	21466.24	6048	0	120
2024.12.24	01:00:00	21486.55	21498.65	21458.55	21475.05	2630	0	160
2024.12.24	02:00:00	21475.85	21477.25	21448.05	21474.25	3762	0	170
2024.12.24	03:00:00	21474.35	21484.65	21458.85	21477.05	5172	0	180
2024.12.24	04:00:00	21476.95	21493.35	21469.05	21491.95	4258	0	150
2024.12.24	05:00:00	21491.95	21500.75	21476.55	21484.65	3327	0	150
2024.12.24	06:00:00	21484.45	21493.45	21468.05	21492.75	2319	0	150
2024.12.24	07:00:00	21492.75	21495.45	21483.35	21487.65	2069	0	150
2024.12.24	08:00:00	21488.05	21512.25	21480.35	21506.45	2192	0	150
2024.12.24	09:00:00	21506.45	21538.05	21505.15	21514.35	3362	0	150
2024.12.24	10:00:00	21515.45	21519.45	21479.65	21504.25	5321	0	220
2024.12.24	11:00:00	21501.85	21544.15	21497.15	21538.85	4942	0	210
2024.12.24	12:00:00	21538.75	21547.65	21517.95	21540.15	3863	0	170
2024.12.24	13:00:00	21540.65	21546.15	21506.35	21526.55	4197	0	160
2024.12.24	14:00:00	21524.05	21544.05	21520.25	21540.55	4682	0	170
2024.12.24	15:00:00	21537.65	21568.15	21528.35	21567.75	5752	0	170
2024.12.24	16:00:00	21567.35	21648.45	21542.55	21644.65	13581	0	80
2024.12.24	17:00:00	21646.65	21712.45	21641.45	21705.95	15269	0	100
2024.12.24	18:00:00	21706.25	21739.35	21695.95	21706.15	12776	0	80
2024.12.24	19:00:00	21706.45	21777.95	21687.45	21776.25	13570	0	80
2024.12.24	20:00:00	21776.65	21794.15	21767.65	21791.85	2789	0	80
2024.12.26	01:00:00	21801.05	21829.25	21798.65	21808.85	2772	0	150
2024.12.26	02:00:00	21808.85	21816.35	21792.95	21802.45	2932	0	150
2024.12.26	03:00:00	21802.65	21814.95	21794.55	21809.15	2501	0	150
2024.12.26	04:00:00	21809.15	21824.05	21800.65	21822.15	1733	0	150
2024.12.26	05:00:00	21822.05	21860.05	21821.55	21859.95	2568	0	150
2024.12.26	06:00:00	21859.75	21859.75	21833.45	21835.15	2479	0	150
2024.12.26	07:00:00	21835.15	21845.75	21825.45	21839.05	2500	0	150
2024.12.26	08:00:00	21839.15	21847.05	21824.65	21826.25	2158	0	150
2024.12.26	09:00:00	21826.25	21831.95	21813.65	21827.85	1686	0	150
2024.12.26	10:00:00	21827.65	21827.65	21707.35	21732.25	7979	0	170
2024.12.26	11:00:00	21731.85	21741.55	21671.45	21682.05	8811	0	290
2024.12.26	12:00:00	21682.05	21694.35	21643.75	21682.25	6666	0	260
2024.12.26	13:00:00	21681.75	21711.95	21666.35	21709.85	5034	0	190
2024.12.26	14:00:00	21710.55	21725.75	21680.55	21697.55	6755	0	230
2024.12.26	15:00:00	21697.85	21711.55	21671.95	21699.55	8024	0	280
2024.12.26	16:00:00	21698.35	21757.25	21620.65	21707.05	14088	0	80
2024.12.26	17:00:00	21706.75	21763.05	21680.25	21759.15	16869	0	80
2024.12.26	18:00:00	21759.15	21794.95	21730.75	21793.95	12833	0	80
2024.12.26	19:00:00	21794.45	21829.75	21728.35	21760.85	13763	0	80
2024.12.26	20:00:00	21760.45	21795.55	21749.85	21771.55	14116	0	80
2024.12.26	21:00:00	21771.55	21801.45	21749.15	21799.15	12466	0	80
2024.12.26	22:00:00	21797.65	21815.45	21756.55	21761.85	12100	0	80
2024.12.26	23:00:00	21761.24	21775.24	21735.04	21743.34	5718	0	172
2024.12.27	01:00:00	21755.55	21770.55	21735.75	21769.45	2132	0	150
2024.12.27	02:00:00	21770.55	21771.65	21719.05	21736.95	3934	0	150
2024.12.27	03:00:00	21736.25	21741.55	21714.75	21727.15	4256	0	150
2024.12.27	04:00:00	21727.15	21735.95	21719.15	21725.25	3062	0	150
2024.12.27	05:00:00	21725.25	21730.95	21706.75	21716.75	2895	0	150
2024.12.27	06:00:00	21716.85	21724.25	21707.75	21712.15	2384	0	150
2024.12.27	07:00:00	21711.15	21729.95	21710.35	21717.05	2628	0	150
2024.12.27	08:00:00	21716.85	21718.05	21689.85	21700.95	2947	0	150
2024.12.27	09:00:00	21700.95	21707.45	21682.55	21691.25	3057	0	150
2024.12.27	10:00:00	21689.95	21700.25	21666.05	21671.15	8373	0	220
2024.12.27	11:00:00	21671.05	21691.35	21661.85	21676.25	6099	0	160
2024.12.27	12:00:00	21676.15	21689.75	21672.35	21689.35	4923	0	160
2024.12.27	13:00:00	21689.85	21699.15	21675.85	21698.05	4313	0	150
2024.12.27	14:00:00	21698.25	21719.15	21698.05	21705.55	4823	0	150
2024.12.27	15:00:00	21703.95	21704.25	21649.25	21657.65	7925	0	180
2024.12.27	16:00:00	21657.55	21662.75	21442.95	21465.25	15176	0	100
2024.12.27	17:00:00	21465.15	21476.25	21279.25	21368.05	19070	0	150
2024.12.27	18:00:00	21367.85	21422.95	21297.25	21322.85	17954	0	150
2024.12.27	19:00:00	21322.75	21350.75	21272.55	21343.75	16830	0	140
2024.12.27	20:00:00	21343.95	21449.05	21327.95	21440.05	15613	0	80
2024.12.27	21:00:00	21437.55	21487.85	21408.25	21477.75	15342	0	80
2024.12.27	22:00:00	21475.55	21483.45	21378.85	21473.95	16642	0	80
2024.12.27	23:00:00	21474.64	21503.54	21474.64	21486.74	5527	0	172
2024.12.30	01:00:00	21515.15	21515.15	21449.85	21480.75	4004	0	270
2024.12.30	02:00:00	21480.75	21500.35	21453.35	21490.15	4764	0	190
2024.12.30	03:00:00	21489.65	21491.15	21459.15	21488.65	4394	0	150
2024.12.30	04:00:00	21488.65	21490.55	21463.15	21467.75	3358	0	150
2024.12.30	05:00:00	21467.35	21470.75	21451.85	21457.35	2924	0	150
2024.12.30	06:00:00	21457.35	21472.45	21451.95	21466.05	2380	0	150
2024.12.30	07:00:00	21466.35	21467.75	21426.55	21436.55	3216	0	150
2024.12.30	08:00:00	21435.45	21465.85	21425.25	21433.45	3644	0	160
2024.12.30	09:00:00	21432.35	21434.55	21390.75	21410.15	6522	0	220
2024.12.30	10:00:00	21406.35	21449.65	21397.65	21428.85	8277	0	260
2024.12.30	11:00:00	21429.25	21438.35	21399.35	21420.95	6806	0	250
2024.12.30	12:00:00	21420.95	21441.65	21416.65	21427.85	4274	0	150
2024.12.30	13:00:00	21427.85	21444.85	21419.15	21423.95	3317	0	150
2024.12.30	14:00:00	21425.25	21430.05	21220.35	21259.85	9876	0	190
2024.12.30	15:00:00	21257.65	21272.75	21135.85	21155.15	14111	0	290
2024.12.30	16:00:00	21155.55	21201.85	21061.35	21066.35	16958	0	150
2024.12.30	17:00:00	21065.25	21179.55	21030.95	21149.85	18968	0	150
2024.12.30	18:00:00	21148.85	21247.25	21118.75	21237.45	16915	0	130
2024.12.30	19:00:00	21236.95	21344.25	21225.25	21330.05	16101	0	90
2024.12.30	20:00:00	21330.85	21345.75	21265.75	21320.05	15836	0	120
2024.12.30	21:00:00	21320.35	21326.05	21254.75	21307.45	15237	0	80
2024.12.30	22:00:00	21307.05	21322.05	21186.35	21192.25	16480	0	100
2024.12.30	23:00:00	21189.45	21196.14	21128.24	21171.74	7004	0	150
2024.12.31	01:00:00	21157.25	21172.55	21123.05	21170.55	2747	0	150
2024.12.31	02:00:00	21170.35	21181.85	21144.45	21148.65	2723	0	150
2024.12.31	03:00:00	21149.05	21201.55	21147.95	21196.65	3788	0	160
2024.12.31	04:00:00	21197.05	21234.45	21194.85	21200.25	3500	0	150
2024.12.31	05:00:00	21200.35	21207.25	21165.05	21187.65	3802	0	170
2024.12.31	06:00:00	21187.45	21192.65	21155.85	21189.15	2992	0	180
2024.12.31	07:00:00	21189.15	21196.65	21166.25	21186.85	2774	0	170
2024.12.31	08:00:00	21186.85	21188.45	21149.15	21158.35	2736	0	180
2024.12.31	09:00:00	21158.85	21187.85	21151.75	21173.25	4615	0	220
2024.12.31	10:00:00	21176.05	21183.75	21139.25	21164.05	5866	0	240
2024.12.31	11:00:00	21164.05	21289.15	21157.45	21267.65	7626	0	270
2024.12.31	12:00:00	21267.05	21288.35	21254.95	21275.75	4782	0	220
2024.12.31	13:00:00	21275.85	21297.75	21255.85	21280.15	5062	0	230
2024.12.31	14:00:00	21278.35	21303.25	21239.05	21243.65	5971	0	160
2024.12.31	15:00:00	21244.75	21277.85	21215.15	21239.55	9319	0	280
2024.12.31	16:00:00	21240.25	21267.55	21148.25	21214.05	14674	0	100
2024.12.31	17:00:00	21213.55	21247.35	21113.85	21158.85	18374	0	150
2024.12.31	18:00:00	21158.35	21163.45	21066.55	21109.75	16923	0	150
2024.12.31	19:00:00	21109.45	21123.35	20989.45	21094.05	16560	0	120
2024.12.31	20:00:00	21092.95	21116.45	20983.85	20999.55	16353	0	150
2024.12.31	21:00:00	20999.85	21054.45	20961.45	21048.05	16247	0	150
2024.12.31	22:00:00	21042.55	21094.75	20969.25	21000.55	17189	0	150
2024.12.31	23:00:00	21000.34	21029.44	20976.54	21014.74	6140	0	172
2025.01.02	01:00:00	21100.15	21104.25	21028.25	21050.95	3955	0	220
2025.01.02	02:00:00	21050.95	21051.65	20905.65	21015.05	8034	0	210
2025.01.02	03:00:00	21015.05	21095.85	21015.05	21078.85	8353	0	290
2025.01.02	04:00:00	21077.85	21116.75	21071.85	21106.25	5707	0	200
2025.01.02	05:00:00	21105.65	21123.15	21078.65	21090.75	5000	0	190
2025.01.02	06:00:00	21092.35	21119.45	21072.15	21108.55	4465	0	180
2025.01.02	07:00:00	21108.55	21160.65	21105.35	21155.05	4944	0	160
2025.01.02	08:00:00	21155.15	21179.95	21140.45	21173.25	4251	0	160
2025.01.02	09:00:00	21173.55	21181.35	21129.85	21141.35	5480	0	240
2025.01.02	10:00:00	21141.35	21207.85	21102.35	21159.05	12213	0	290
2025.01.02	11:00:00	21157.85	21189.15	21134.15	21186.55	9795	0	210
2025.01.02	12:00:00	21186.45	21195.05	21144.05	21181.75	7789	0	200
2025.01.02	13:00:00	21182.15	21253.75	21154.95	21251.25	7915	0	210
2025.01.02	14:00:00	21251.45	21273.95	21198.05	21227.95	10182	0	210
2025.01.02	15:00:00	21227.15	21250.55	21189.25	21201.45	11016	0	210
2025.01.02	16:00:00	21201.55	21203.95	20951.85	21180.85	17764	0	120
2025.01.02	17:00:00	21179.35	21232.65	21000.15	21065.75	19337	0	120
2025.01.02	18:00:00	21067.25	21145.65	20976.25	21105.45	18077	0	120
2025.01.02	19:00:00	21105.85	21131.45	20773.25	20864.25	18378	0	120
2025.01.02	20:00:00	20865.95	20878.75	20777.25	20837.35	17921	0	120
2025.01.02	21:00:00	20836.45	20932.85	20818.25	20852.75	17098	0	120
2025.01.02	22:00:00	20851.85	20983.25	20851.85	20958.85	17563	0	120
2025.01.02	23:00:00	20959.14	20991.54	20959.14	20974.14	5440	0	142
2025.01.03	01:00:00	20960.85	20972.65	20936.85	20956.15	3359	0	160
2025.01.03	02:00:00	20955.95	21031.95	20946.85	21031.85	5301	0	150
2025.01.03	03:00:00	21031.65	21040.35	20998.35	21017.25	5618	0	150
2025.01.03	04:00:00	21017.25	21042.05	21013.85	21035.25	4865	0	160
2025.01.03	05:00:00	21035.35	21052.15	21034.95	21041.05	3737	0	150
2025.01.03	06:00:00	21041.35	21047.95	21016.05	21017.05	2634	0	150
2025.01.03	07:00:00	21017.75	21031.75	20999.85	21025.65	3697	0	150
2025.01.03	08:00:00	21025.15	21056.15	21018.85	21037.35	3492	0	150
2025.01.03	09:00:00	21036.85	21052.75	21010.75	21045.15	5269	0	170
2025.01.03	10:00:00	21045.35	21074.75	21013.25	21036.45	9731	0	180
2025.01.03	11:00:00	21036.25	21087.25	21028.25	21070.95	6813	0	200
2025.01.03	12:00:00	21070.55	21071.45	21027.45	21037.85	5451	0	170
2025.01.03	13:00:00	21037.95	21052.05	21019.05	21046.95	4700	0	150
2025.01.03	14:00:00	21046.85	21046.85	21008.45	21042.05	6063	0	160
2025.01.03	15:00:00	21041.95	21073.15	21026.85	21027.25	7459	0	170
2025.01.03	16:00:00	21030.25	21234.15	21027.75	21184.75	14443	0	110
2025.01.03	17:00:00	21186.05	21238.95	21062.05	21177.35	18755	0	120
2025.01.03	18:00:00	21176.95	21291.45	21139.05	21265.75	16863	0	90
2025.01.03	19:00:00	21266.55	21287.95	21244.35	21272.35	15295	0	80
2025.01.03	20:00:00	21271.95	21332.75	21251.65	21308.45	12497	0	80
2025.01.03	21:00:00	21306.35	21359.25	21296.95	21334.85	11910	0	80
2025.01.03	22:00:00	21334.85	21334.85	21275.85	21309.15	13589	0	80
2025.01.03	23:00:00	21308.35	21312.84	21276.74	21286.54	4954	0	120
2025.01.06	01:00:00	21333.25	21343.05	21307.35	21330.35	3409	0	170
2025.01.06	02:00:00	21330.35	21340.45	21284.85	21301.85	5716	0	170
2025.01.06	03:00:00	21301.75	21311.95	21287.85	21305.75	5933	0	160
2025.01.06	04:00:00	21305.75	21323.55	21288.85	21315.65	5332	0	150
2025.01.06	05:00:00	21315.35	21322.45	21306.95	21314.05	3260	0	150
2025.01.06	06:00:00	21314.35	21328.85	21309.85	21328.25	2482	0	150
2025.01.06	07:00:00	21328.25	21356.55	21326.55	21344.65	3396	0	150
2025.01.06	08:00:00	21344.55	21360.75	21335.95	21354.75	3136	0	150
2025.01.06	09:00:00	21353.15	21381.95	21345.85	21370.35	4112	0	150
2025.01.06	10:00:00	21373.85	21429.85	21369.95	21423.55	7219	0	160
2025.01.06	11:00:00	21423.35	21475.95	21421.85	21474.65	7264	0	170
2025.01.06	12:00:00	21474.55	21497.55	21460.15	21476.45	6696	0	180
2025.01.06	13:00:00	21475.95	21549.55	21447.75	21535.95	10947	0	190
2025.01.06	14:00:00	21534.95	21565.35	21516.85	21540.55	8764	0	200
2025.01.06	15:00:00	21540.75	21556.65	21512.95	21556.55	9330	0	200
2025.01.06	16:00:00	21556.55	21652.35	21451.35	21626.65	16549	0	120
2025.01.06	17:00:00	21626.55	21698.55	21589.55	21676.95	18196	0	120
2025.01.06	18:00:00	21676.95	21703.45	21652.35	21665.15	15564	0	80
2025.01.06	19:00:00	21664.95	21676.65	21576.65	21600.85	15723	0	80
2025.01.06	20:00:00	21600.35	21601.65	21510.25	21513.75	16574	0	90
2025.01.06	21:00:00	21515.55	21531.25	21465.95	21468.65	16277	0	100
2025.01.06	22:00:00	21468.45	21561.95	21456.65	21558.65	15669	0	80
2025.01.06	23:00:00	21558.44	21591.24	21558.44	21589.84	5647	0	172
2025.01.07	01:00:00	21602.75	21603.25	21579.25	21581.65	2936	0	150
2025.01.07	02:00:00	21581.25	21592.25	21562.55	21571.85	4715	0	150
2025.01.07	03:00:00	21571.65	21582.75	21557.55	21579.05	5365	0	160
2025.01.07	04:00:00	21578.75	21595.85	21544.65	21548.25	4802	0	150
2025.01.07	05:00:00	21548.85	21562.45	21526.85	21557.85	4789	0	150
2025.01.07	06:00:00	21557.35	21558.15	21529.65	21531.15	3448	0	150
2025.01.07	07:00:00	21531.15	21537.25	21471.85	21516.05	5849	0	150
2025.01.07	08:00:00	21516.55	21526.45	21494.65	21500.05	4469	0	160
2025.01.07	09:00:00	21499.85	21542.55	21498.95	21539.35	6280	0	190
2025.01.07	10:00:00	21538.85	21575.85	21516.05	21567.85	9142	0	200
2025.01.07	11:00:00	21567.75	21584.25	21534.85	21538.05	7946	0	190
2025.01.07	12:00:00	21538.15	21580.95	21527.35	21578.25	6011	0	160
2025.01.07	13:00:00	21578.25	21581.75	21530.85	21546.25	7573	0	180
2025.01.07	14:00:00	21548.05	21574.05	21529.75	21555.35	7740	0	160
2025.01.07	15:00:00	21555.35	21589.45	21543.85	21589.25	7919	0	170
2025.01.07	16:00:00	21589.25	21616.45	21506.85	21522.92	15366	0	80
2025.01.07	17:00:00	21523.22	21523.22	21211.55	21360.45	19431	0	120
2025.01.07	18:00:00	21359.55	21383.95	21237.65	21245.45	18258	0	120
2025.01.07	19:00:00	21246.45	21286.45	21200.25	21259.55	17290	0	120
2025.01.07	20:00:00	21259.45	21331.15	21243.65	21254.05	16321	0	90
2025.01.07	21:00:00	21253.15	21288.85	21217.65	21231.65	15225	0	80
2025.01.07	22:00:00	21233.15	21236.95	21094.05	21173.05	17148	0	90
2025.01.07	23:00:00	21173.04	21208.34	21173.04	21194.74	5875	0	142
2025.01.08	01:00:00	21181.25	21210.25	21159.45	21207.55	3435	0	150
2025.01.08	02:00:00	21207.55	21228.95	21203.25	21221.35	4671	0	150
2025.01.08	03:00:00	21221.35	21249.65	21209.55	21244.65	4827	0	150
2025.01.08	04:00:00	21244.55	21251.75	21217.15	21233.65	4586	0	150
2025.01.08	05:00:00	21234.15	21239.35	21206.55	21220.75	4819	0	160
2025.01.08	06:00:00	21220.85	21234.25	21200.95	21208.25	3329	0	150
2025.01.08	07:00:00	21208.35	21247.15	21208.25	21244.75	3727	0	150
2025.01.08	08:00:00	21245.45	21249.65	21211.95	21214.45	3706	0	150
2025.01.08	09:00:00	21214.55	21216.25	21175.75	21205.25	5552	0	170
2025.01.08	10:00:00	21204.25	21234.65	21195.05	21226.75	8471	0	180
2025.01.08	11:00:00	21226.15	21248.15	21220.65	21244.95	6897	0	160
2025.01.08	12:00:00	21244.85	21262.95	21238.75	21258.65	5130	0	160
2025.01.08	13:00:00	21258.85	21262.25	21099.65	21178.95	11386	0	160
2025.01.08	14:00:00	21178.75	21180.45	21036.25	21072.25	14829	0	210
2025.01.08	15:00:00	21072.15	21208.55	21070.35	21192.75	14302	0	210
2025.01.08	16:00:00	21189.65	21203.15	21103.35	21160.35	17244	0	120
2025.01.08	17:00:00	21158.35	21220.85	21046.95	21173.75	18836	0	120
2025.01.08	18:00:00	21174.15	21233.95	21101.65	21200.65	17372	0	120
2025.01.08	19:00:00	21200.85	21202.65	20981.95	21083.75	17570	0	110
2025.01.08	20:00:00	21082.95	21220.85	21080.65	21141.25	17051	0	110
2025.01.08	21:00:00	21142.35	21246.35	21102.85	21152.75	17202	0	120
2025.01.08	22:00:00	21154.85	21192.35	21117.85	21173.15	16410	0	100
2025.01.08	23:00:00	21178.75	21204.14	21121.04	21147.14	6806	0	120
2025.01.09	01:00:00	21145.55	21164.15	21130.45	21133.15	2917	0	150
2025.01.09	02:00:00	21132.85	21141.15	21088.85	21124.75	5996	0	170
2025.01.09	03:00:00	21123.55	21147.35	21118.65	21133.45	5532	0	170
2025.01.09	04:00:00	21133.45	21166.45	21132.95	21163.85	4397	0	150
2025.01.09	05:00:00	21163.95	21164.05	21129.65	21129.95	3612	0	150
2025.01.09	06:00:00	21129.85	21136.55	21113.25	21130.35	3782	0	150
2025.01.09	07:00:00	21130.05	21148.45	21122.25	21142.35	3537	0	150
2025.01.09	08:00:00	21142.75	21147.55	21126.85	21134.35	3521	0	150
2025.01.09	09:00:00	21134.55	21135.45	21060.45	21068.75	6364	0	150
2025.01.09	10:00:00	21068.55	21125.55	21036.95	21113.05	9762	0	200
2025.01.09	11:00:00	21113.35	21133.35	21098.05	21129.95	7186	0	190
2025.01.09	12:00:00	21130.45	21154.05	21129.45	21147.65	5285	0	170
2025.01.09	13:00:00	21146.65	21147.95	21095.95	21119.75	7830	0	190
2025.01.09	14:00:00	21119.55	21136.55	21105.45	21130.85	6996	0	190
2025.01.09	15:00:00	21130.95	21155.75	21114.95	21126.05	7576	0	200
2025.01.09	16:00:00	21125.75	21131.85	21086.75	21121.35	5283	0	210
2025.01.10	01:00:00	21110.95	21120.85	21035.75	21061.55	5724	0	210
2025.01.10	02:00:00	21062.55	21068.35	21003.55	21019.45	6860	0	190
2025.01.10	03:00:00	21021.05	21081.35	21018.25	21074.45	6625	0	180
2025.01.10	04:00:00	21074.75	21106.25	21066.45	21101.15	5010	0	150
2025.01.10	05:00:00	21101.25	21141.15	21099.25	21128.75	4336	0	150
2025.01.10	06:00:00	21128.65	21135.65	21109.85	21129.95	3752	0	150
2025.01.10	07:00:00	21130.65	21155.45	21123.45	21128.55	4229	0	160
2025.01.10	08:00:00	21128.75	21128.75	21068.55	21072.65	4710	0	160
2025.01.10	09:00:00	21072.95	21119.45	21061.45	21097.65	5981	0	200
2025.01.10	10:00:00	21097.75	21126.45	21086.05	21110.55	7464	0	210
2025.01.10	11:00:00	21110.15	21121.75	21075.75	21104.95	6560	0	190
2025.01.10	12:00:00	21104.75	21148.65	21098.05	21143.65	5269	0	180
2025.01.10	13:00:00	21143.95	21199.25	21140.05	21143.55	6794	0	180
2025.01.10	14:00:00	21144.75	21151.15	21083.95	21150.05	8333	0	210
2025.01.10	15:00:00	21150.15	21151.95	20874.65	20945.45	13537	0	210
2025.01.10	16:00:00	20947.65	21024.85	20840.05	20883.85	18082	0	120
2025.01.10	17:00:00	20883.65	20953.25	20706.15	20820.95	19078	0	120
2025.01.10	18:00:00	20822.35	20831.75	20719.25	20730.65	17842	0	120
2025.01.10	19:00:00	20734.75	20869.85	20717.75	20864.45	17408	0	120
2025.01.10	20:00:00	20864.65	21006.35	20836.85	20997.85	16893	0	110
2025.01.10	21:00:00	20999.15	21001.95	20874.25	20917.15	16813	0	120
2025.01.10	22:00:00	20916.95	20929.45	20813.15	20848.15	17410	0	120
2025.01.10	23:00:00	20847.35	20865.94	20820.34	20828.04	6980	0	120
2025.01.13	01:00:00	20806.55	20859.45	20775.05	20831.25	4472	0	170
2025.01.13	02:00:00	20830.95	20868.45	20813.65	20830.55	4969	0	200
2025.01.13	03:00:00	20831.05	20833.95	20721.05	20758.15	7854	0	200
2025.01.13	04:00:00	20757.75	20780.05	20743.75	20757.15	5395	0	170
2025.01.13	05:00:00	20757.45	20768.65	20691.75	20712.95	5699	0	190
2025.01.13	06:00:00	20712.75	20733.25	20709.15	20730.15	3681	0	170
2025.01.13	07:00:00	20730.15	20731.65	20698.15	20719.25	3898	0	170
2025.01.13	08:00:00	20718.75	20761.15	20718.05	20737.85	4750	0	180
2025.01.13	09:00:00	20737.05	20748.15	20699.65	20714.85	6074	0	200
2025.01.13	10:00:00	20716.35	20744.75	20629.85	20636.45	9777	0	210
2025.01.13	11:00:00	20639.85	20644.15	20527.65	20554.65	9968	0	210
2025.01.13	12:00:00	20554.75	20608.65	20542.35	20583.95	9139	0	210
2025.01.13	13:00:00	20584.15	20609.65	20565.15	20598.65	8477	0	210
2025.01.13	14:00:00	20597.95	20678.65	20559.35	20652.85	10677	0	210
2025.01.13	15:00:00	20653.15	20676.65	20615.75	20645.15	11979	0	210
2025.01.13	16:00:00	20645.25	20677.25	20539.25	20637.75	17458	0	120
2025.01.13	17:00:00	20637.75	20715.95	20550.95	20634.25	18012	0	120
2025.01.13	18:00:00	20634.25	20662.05	20563.45	20573.75	17536	0	120
2025.01.13	19:00:00	20573.85	20728.75	20554.45	20724.65	17173	0	120
2025.01.13	20:00:00	20724.25	20748.15	20691.55	20727.05	16146	0	110
2025.01.13	21:00:00	20727.25	20761.05	20670.85	20740.65	16187	0	100
2025.01.13	22:00:00	20739.35	20798.85	20708.85	20782.55	16039	0	90
2025.01.13	23:00:00	20781.15	20827.44	20772.24	20817.04	6368	0	120
2025.01.14	01:00:00	20857.55	20923.95	20856.45	20881.75	5540	0	180
2025.01.14	02:00:00	20881.55	20891.05	20863.45	20888.65	6158	0	160
2025.01.14	03:00:00	20888.75	20888.75	20857.35	20862.35	6709	0	160
2025.01.14	04:00:00	20862.05	20879.75	20833.05	20878.55	5792	0	150
2025.01.14	05:00:00	20877.95	20883.45	20853.25	20853.95	4719	0	160
2025.01.14	06:00:00	20854.15	20882.35	20849.15	20878.95	3671	0	150
2025.01.14	07:00:00	20878.95	20894.95	20862.75	20893.75	4232	0	150
2025.01.14	08:00:00	20894.95	20903.35	20876.35	20882.15	4683	0	160
2025.01.14	09:00:00	20881.95	20901.65	20857.25	20894.75	5838	0	170
2025.01.14	10:00:00	20895.65	20979.15	20887.65	20958.95	9622	0	210
2025.01.14	11:00:00	20959.15	20965.15	20920.45	20936.55	8919	0	200
2025.01.14	12:00:00	20936.45	20943.45	20908.95	20930.95	6331	0	180
2025.01.14	13:00:00	20931.25	20931.25	20870.55	20878.05	7280	0	190
2025.01.14	14:00:00	20878.05	20893.75	20808.45	20838.95	10642	0	210
2025.01.14	15:00:00	20839.45	20971.75	20778.15	20890.65	13254	0	210
2025.01.14	16:00:00	20891.15	20963.45	20801.15	20815.45	16891	0	120
2025.01.14	17:00:00	20815.95	20945.55	20771.75	20771.75	17984	0	120
2025.01.14	18:00:00	20775.55	20791.95	20655.65	20658.95	17715	0	120
2025.01.14	19:00:00	20657.95	20721.25	20628.95	20700.45	16620	0	110
2025.01.14	20:00:00	20699.85	20846.85	20693.05	20834.75	14938	0	80
2025.01.14	21:00:00	20834.25	20848.75	20692.95	20696.75	14927	0	80
2025.01.14	22:00:00	20697.75	20763.25	20611.75	20759.15	17971	0	120
2025.01.14	23:00:00	20760.45	20829.94	20757.14	20810.94	6191	0	120
2025.01.15	01:00:00	20796.05	20799.25	20775.45	20785.05	2975	0	150
2025.01.15	02:00:00	20785.45	20794.85	20774.85	20791.85	3203	0	150
2025.01.15	03:00:00	20791.85	20799.75	20778.55	20790.35	3680	0	150
2025.01.15	04:00:00	20790.45	20793.55	20770.45	20775.65	3285	0	150
2025.01.15	05:00:00	20775.75	20782.05	20770.05	20773.75	2243	0	150
2025.01.15	06:00:00	20773.95	20784.65	20765.05	20783.05	2230	0	150
2025.01.15	07:00:00	20782.95	20788.75	20772.15	20780.95	2838	0	150
2025.01.15	08:00:00	20780.95	20794.85	20778.05	20786.25	1954	0	150
2025.01.15	09:00:00	20786.45	20797.25	20768.65	20772.95	3093	0	150
2025.01.15	10:00:00	20774.35	20789.45	20747.15	20769.95	6743	0	160
2025.01.15	11:00:00	20770.25	20809.55	20764.15	20797.75	5469	0	160
2025.01.15	12:00:00	20798.15	20808.65	20770.85	20803.05	4839	0	150
2025.01.15	13:00:00	20803.85	20852.35	20801.85	20834.95	5145	0	150
2025.01.15	14:00:00	20835.25	20853.35	20816.65	20836.05	7515	0	190
2025.01.15	15:00:00	20835.55	21166.85	20818.95	21119.65	12760	0	200
2025.01.15	16:00:00	21117.35	21183.45	21026.25	21165.95	16792	0	120
2025.01.15	17:00:00	21165.75	21245.75	21157.85	21157.85	17748	0	120
2025.01.15	18:00:00	21158.65	21209.25	21084.65	21110.75	17196	0	120
2025.01.15	19:00:00	21110.65	21202.65	21100.45	21160.05	15216	0	80
2025.01.15	20:00:00	21160.05	21233.35	21159.25	21218.85	12679	0	80
2025.01.15	21:00:00	21218.35	21271.25	21215.95	21255.25	11477	0	80
2025.01.15	22:00:00	21254.75	21288.55	21229.85	21236.55	12799	0	80
2025.01.15	23:00:00	21232.05	21241.04	21205.34	21213.04	5274	0	120
2025.01.16	01:00:00	21228.75	21258.55	21227.15	21253.25	2750	0	150
2025.01.16	02:00:00	21253.35	21285.45	21246.55	21263.95	4350	0	150
2025.01.16	03:00:00	21264.05	21266.35	21235.75	21238.95	6032	0	160
2025.01.16	04:00:00	21238.75	21243.95	21223.35	21236.25	4787	0	150
2025.01.16	05:00:00	21236.05	21250.25	21223.45	21230.95	3586	0	150
2025.01.16	06:00:00	21230.85	21237.05	21220.35	21227.75	2503	0	150
2025.01.16	07:00:00	21227.75	21229.05	21193.45	21204.75	4873	0	150
2025.01.16	08:00:00	21204.55	21292.25	21191.35	21279.05	6593	0	160
2025.01.16	09:00:00	21277.75	21397.25	21270.45	21393.55	8381	0	210
2025.01.16	10:00:00	21393.35	21403.45	21343.25	21377.35	11057	0	210
2025.01.16	11:00:00	21375.75	21385.05	21292.45	21312.65	10268	0	190
2025.01.16	12:00:00	21311.75	21350.55	21283.25	21334.95	7789	0	180
2025.01.16	13:00:00	21336.85	21356.05	21322.05	21344.45	7508	0	200
2025.01.16	14:00:00	21344.75	21344.75	21270.05	21277.75	9563	0	210
2025.01.16	15:00:00	21277.95	21320.25	21258.25	21312.45	11430	0	210
2025.01.16	16:00:00	21310.25	21336.85	21209.05	21216.65	15006	0	80
2025.01.16	17:00:00	21215.15	21264.05	21175.05	21263.05	18406	0	120
2025.01.16	18:00:00	21262.75	21312.05	21158.55	21241.05	17645	0	120
2025.01.16	19:00:00	21240.85	21266.55	21210.25	21226.25	15506	0	80
2025.01.16	20:00:00	21226.75	21253.25	21103.05	21131.55	15284	0	80
2025.01.16	21:00:00	21130.55	21221.35	21117.35	21214.65	13777	0	80
2025.01.16	22:00:00	21214.85	21236.15	21086.65	21088.25	14679	0	80
2025.01.16	23:00:00	21088.45	21090.04	21012.34	21047.64	8042	0	120
2025.01.17	01:00:00	21066.75	21082.05	21051.65	21077.65	3730	0	150
2025.01.17	02:00:00	21076.95	21091.35	21069.55	21089.75	4298	0	150
2025.01.17	03:00:00	21089.75	21123.45	21087.75	21114.95	4885	0	150
2025.01.17	04:00:00	21115.35	21132.75	21099.25	21107.45	4552	0	150
2025.01.17	05:00:00	21107.25	21132.25	21095.65	21130.25	4010	0	150
2025.01.17	06:00:00	21130.45	21156.85	21128.45	21138.25	3711	0	150
2025.01.17	07:00:00	21138.45	21158.65	21137.65	21147.95	4222	0	150
2025.01.17	08:00:00	21147.75	21154.15	21126.75	21137.75	3927	0	150
2025.01.17	09:00:00	21139.35	21141.65	21101.95	21125.45	5756	0	170
2025.01.17	10:00:00	21125.55	21170.15	21121.25	21164.15	8058	0	190
2025.01.17	11:00:00	21163.65	21205.75	21157.95	21192.35	7446	0	180
2025.01.17	12:00:00	21192.35	21202.55	21174.05	21183.45	6524	0	170
2025.01.17	13:00:00	21183.25	21211.55	21169.55	21177.95	5940	0	160
2025.01.17	14:00:00	21177.15	21202.55	21156.25	21194.65	7762	0	190
2025.01.17	15:00:00	21194.25	21395.45	21193.55	21390.95	11742	0	210
2025.01.17	16:00:00	21391.55	21529.45	21338.25	21357.65	17400	0	120
2025.01.17	17:00:00	21356.95	21445.65	21332.05	21443.35	17735	0	120
2025.01.17	18:00:00	21443.35	21485.95	21420.55	21432.45	14702	0	80
2025.01.17	19:00:00	21432.65	21478.25	21408.85	21474.25	12226	0	80
2025.01.17	20:00:00	21473.95	21520.25	21460.15	21479.85	12331	0	80
2025.01.17	21:00:00	21479.95	21492.85	21458.05	21469.45	11937	0	80
2025.01.17	22:00:00	21469.25	21485.35	21426.95	21448.25	14125	0	80
2025.01.17	23:00:00	21446.14	21446.24	21418.64	21431.74	5547	0	142
2025.01.20	01:00:00	21433.25	21433.45	21374.15	21391.35	4961	0	190
2025.01.20	02:00:00	21391.75	21406.15	21382.45	21403.25	5608	0	170
2025.01.20	03:00:00	21403.05	21422.85	21386.85	21410.65	7003	0	180
2025.01.20	04:00:00	21410.65	21417.35	21397.15	21407.35	4919	0	150
2025.01.20	05:00:00	21407.45	21421.05	21392.75	21408.15	4295	0	150
2025.01.20	06:00:00	21408.15	21413.95	21401.05	21412.45	2472	0	150
2025.01.20	07:00:00	21412.45	21417.45	21409.05	21414.95	2232	0	150
2025.01.20	08:00:00	21416.15	21451.45	21411.45	21441.45	3311	0	150
2025.01.20	09:00:00	21441.85	21477.65	21433.25	21468.55	4491	0	150
2025.01.20	10:00:00	21468.35	21484.15	21436.25	21464.15	7950	0	170
2025.01.20	11:00:00	21464.45	21479.05	21457.25	21469.15	5689	0	160
2025.01.20	12:00:00	21469.15	21482.55	21455.15	21471.85	5006	0	160
2025.01.20	13:00:00	21471.25	21477.35	21456.55	21470.85	4675	0	150
2025.01.20	14:00:00	21470.55	21473.25	21417.45	21430.15	7420	0	150
2025.01.20	15:00:00	21429.95	21539.15	21384.75	21534.95	10321	0	180
2025.01.20	16:00:00	21534.65	21624.00	21505.20	21589.90	14573	0	110
2025.01.20	17:00:00	21589.30	21589.30	21488.90	21530.40	14102	0	90
2025.01.20	18:00:00	21534.30	21578.20	21531.50	21544.50	10203	0	90
2025.01.20	19:00:00	21540.70	21564.00	21472.10	21533.50	8751	0	90
2025.01.21	01:00:00	21545.35	21588.85	21542.45	21581.05	4182	0	170
2025.01.21	02:00:00	21581.65	21595.20	21303.80	21319.50	9124	0	190
2025.01.21	03:00:00	21321.20	21474.80	21229.40	21434.80	11486	0	220
2025.01.21	04:00:00	21435.80	21458.70	21411.70	21437.80	5964	0	210
2025.01.21	05:00:00	21437.70	21496.50	21435.50	21474.10	4759	0	190
2025.01.21	06:00:00	21475.00	21480.00	21450.30	21455.10	3228	0	170
2025.01.21	07:00:00	21454.80	21464.10	21428.20	21440.30	3644	0	160
2025.01.21	08:00:00	21440.40	21475.70	21436.70	21450.70	3670	0	170
2025.01.21	09:00:00	21450.70	21493.40	21432.70	21486.40	5116	0	210
2025.01.21	10:00:00	21485.40	21521.50	21457.30	21500.30	6972	0	220
2025.01.21	11:00:00	21500.20	21557.70	21494.70	21557.40	6318	0	210
2025.01.21	12:00:00	21557.50	21580.00	21533.40	21538.00	7287	0	200
2025.01.21	13:00:00	21537.90	21560.00	21513.90	21524.70	7524	0	210
2025.01.21	14:00:00	21524.20	21556.40	21493.50	21544.80	8969	0	220
2025.01.21	15:00:00	21544.70	21578.90	21532.00	21575.00	9001	0	210
2025.01.21	16:00:00	21577.00	21585.70	21422.50	21480.80	15275	0	130
2025.01.21	17:00:00	21479.90	21498.75	21375.75	21483.55	18684	0	120
2025.01.21	18:00:00	21483.35	21531.15	21443.05	21524.65	16145	0	90
2025.01.21	19:00:00	21524.85	21592.75	21500.45	21590.85	13146	0	80
2025.01.21	20:00:00	21590.95	21621.95	21569.95	21602.95	12608	0	80
2025.01.21	21:00:00	21602.95	21613.05	21547.55	21574.45	12443	0	80
2025.01.21	22:00:00	21574.95	21605.45	21547.65	21564.25	12772	0	80
2025.01.21	23:00:00	21564.55	21632.04	21564.55	21623.74	5991	0	120
2025.01.22	01:00:00	21624.65	21664.35	21621.95	21661.65	5053	0	160
2025.01.22	02:00:00	21662.05	21694.65	21656.45	21688.65	5382	0	150
2025.01.22	03:00:00	21688.95	21693.35	21663.55	21686.45	5389	0	150
2025.01.22	04:00:00	21685.85	21700.75	21682.05	21686.65	3986	0	150
2025.01.22	05:00:00	21686.95	21710.15	21685.65	21709.05	3036	0	150
2025.01.22	06:00:00	21709.05	21728.65	21704.45	21721.45	2552	0	150
2025.01.22	07:00:00	21721.35	21721.35	21707.15	21710.25	2804	0	150
2025.01.22	08:00:00	21710.25	21717.85	21692.25	21693.95	3253	0	150
2025.01.22	09:00:00	21694.15	21717.95	21691.85	21706.65	4283	0	150
2025.01.22	10:00:00	21704.05	21747.65	21702.25	21744.05	7489	0	160
2025.01.22	11:00:00	21741.25	21758.95	21728.45	21734.95	6621	0	170
2025.01.22	12:00:00	21734.95	21747.85	21721.05	21742.65	5093	0	150
2025.01.22	13:00:00	21742.45	21757.15	21736.05	21738.15	4849	0	160
2025.01.22	14:00:00	21741.65	21771.55	21732.05	21763.15	6796	0	160
2025.01.22	15:00:00	21762.45	21786.55	21755.95	21782.05	7308	0	160
2025.01.22	16:00:00	21782.05	21880.05	21751.05	21867.55	14392	0	80
2025.01.22	17:00:00	21866.25	21893.85	21829.05	21846.75	16560	0	80
2025.01.22	18:00:00	21846.45	21929.75	21841.75	21926.95	13583	0	80
2025.01.22	19:00:00	21926.85	21944.85	21898.85	21908.85	12725	0	80
2025.01.22	20:00:00	21908.85	21913.65	21862.35	21879.35	13030	0	80
2025.01.22	21:00:00	21879.35	21896.35	21858.95	21892.15	12187	0	80
2025.01.22	22:00:00	21892.35	21893.15	21833.65	21849.45	13239	0	80
2025.01.22	23:00:00	21849.34	21856.34	21820.04	21822.04	4874	0	142
2025.01.23	01:00:00	21827.55	21832.75	21812.65	21819.35	3384	0	150
2025.01.23	02:00:00	21819.65	21824.85	21797.95	21805.15	4164	0	150
2025.01.23	03:00:00	21805.15	21820.35	21799.15	21802.55	4588	0	150
2025.01.23	04:00:00	21802.45	21810.15	21780.65	21808.85	3894	0	150
2025.01.23	05:00:00	21808.55	21818.95	21797.35	21805.95	3585	0	150
2025.01.23	06:00:00	21806.15	21820.45	21805.65	21818.15	2523	0	150
2025.01.23	07:00:00	21818.15	21823.05	21805.45	21806.85	3104	0	150
2025.01.23	08:00:00	21807.15	21817.95	21789.05	21796.65	3601	0	150
2025.01.23	09:00:00	21796.75	21801.65	21770.35	21774.65	4816	0	150
2025.01.23	10:00:00	21774.25	21779.25	21717.65	21734.85	7856	0	180
2025.01.23	11:00:00	21733.35	21754.05	21709.65	21748.05	7209	0	160
2025.01.23	12:00:00	21747.95	21760.75	21731.75	21735.55	5486	0	150
2025.01.23	13:00:00	21734.65	21757.55	21727.65	21751.55	5724	0	160
2025.01.23	14:00:00	21752.25	21758.55	21726.55	21753.85	6373	0	170
2025.01.23	15:00:00	21753.45	21771.85	21731.15	21750.05	8959	0	180
2025.01.23	16:00:00	21750.05	21772.05	21720.45	21751.85	13623	0	80
2025.01.23	17:00:00	21751.95	21796.95	21722.55	21786.95	15791	0	80
2025.01.23	18:00:00	21787.75	21826.95	21753.15	21803.75	15635	0	80
2025.01.23	19:00:00	21803.75	21803.75	21756.25	21794.45	12767	0	80
2025.01.23	20:00:00	21794.25	21838.85	21787.95	21809.75	11844	0	80
2025.01.23	21:00:00	21809.55	21818.25	21779.15	21808.95	12348	0	80
2025.01.23	22:00:00	21808.85	21897.65	21799.15	21897.65	13462	0	80
2025.01.23	23:00:00	21894.94	21903.84	21864.24	21870.54	5049	0	122
2025.01.24	01:00:00	21855.75	21876.15	21853.75	21872.05	2829	0	150
2025.01.24	02:00:00	21872.85	21875.75	21857.95	21869.45	3585	0	150
2025.01.24	03:00:00	21870.85	21895.15	21863.35	21871.75	5081	0	160
2025.01.24	04:00:00	21871.75	21919.75	21868.75	21910.95	6142	0	150
2025.01.24	05:00:00	21910.95	21919.85	21852.85	21864.55	6348	0	150
2025.01.24	06:00:00	21864.55	21869.85	21840.65	21857.15	4672	0	150
2025.01.24	07:00:00	21857.05	21872.15	21853.35	21857.55	3684	0	150
2025.01.24	08:00:00	21857.35	21876.55	21855.25	21864.85	4428	0	150
2025.01.24	09:00:00	21865.15	21866.35	21833.35	21847.35	5080	0	150
2025.01.24	10:00:00	21845.75	21869.35	21837.35	21844.55	7193	0	160
2025.01.24	11:00:00	21843.05	21884.15	21842.85	21867.35	6640	0	150
2025.01.24	12:00:00	21866.45	21871.25	21847.65	21869.95	5592	0	150
2025.01.24	13:00:00	21869.85	21874.15	21852.65	21872.45	5135	0	150
2025.01.24	14:00:00	21871.95	21905.95	21871.15	21893.85	6418	0	150
2025.01.24	15:00:00	21893.15	21894.15	21859.15	21873.95	7341	0	160
2025.01.24	16:00:00	21873.95	21941.45	21863.15	21921.35	15032	0	80
2025.01.24	17:00:00	21920.95	21933.25	21842.35	21850.15	16386	0	80
2025.01.24	18:00:00	21849.55	21899.55	21834.15	21846.45	14060	0	80
2025.01.24	19:00:00	21846.15	21871.75	21795.25	21805.05	13521	0	80
2025.01.24	20:00:00	21804.25	21816.15	21726.05	21730.95	14154	0	80
2025.01.24	21:00:00	21730.75	21758.35	21707.75	21731.45	13767	0	80
2025.01.24	22:00:00	21730.75	21781.35	21721.25	21770.05	13729	0	80
2025.01.24	23:00:00	21770.54	21780.24	21753.74	21763.94	4155	0	112
2025.01.27	01:00:00	21546.05	21574.45	21499.15	21531.65	9287	0	210
2025.01.27	02:00:00	21531.85	21538.65	21434.05	21450.15	7934	0	170
2025.01.27	03:00:00	21449.45	21481.65	21354.95	21393.95	12674	0	210
2025.01.27	04:00:00	21394.05	21406.65	21365.55	21388.95	8410	0	190
2025.01.27	05:00:00	21388.65	21428.55	21379.65	21390.45	7148	0	170
2025.01.27	06:00:00	21390.35	21396.45	21339.35	21363.65	7101	0	180
2025.01.27	07:00:00	21363.25	21372.55	21278.05	21298.15	9388	0	190
2025.01.27	08:00:00	21298.35	21305.65	21223.15	21254.35	9618	0	210
2025.01.27	09:00:00	21254.15	21277.55	21148.95	21149.65	12205	0	210
2025.01.27	10:00:00	21149.85	21177.95	21059.55	21108.65	15928	0	210
2025.01.27	11:00:00	21109.65	21134.55	21021.15	21029.85	15490	0	210
2025.01.27	12:00:00	21029.45	21035.65	20630.95	20754.35	16905	0	210
2025.01.27	13:00:00	20754.35	20898.15	20745.35	20866.65	14483	0	210
2025.01.27	14:00:00	20865.95	20971.85	20865.95	20949.15	11653	0	210
2025.01.27	15:00:00	20948.95	21039.65	20900.05	21027.85	13971	0	210
2025.01.27	16:00:00	21025.55	21206.65	20972.35	21198.55	17737	0	120
2025.01.27	17:00:00	21196.75	21284.35	21095.45	21179.05	19193	0	120
2025.01.27	18:00:00	21180.45	21192.75	21054.05	21077.55	18822	0	120
2025.01.27	19:00:00	21077.65	21134.05	21008.95	21010.15	18295	0	120
2025.01.27	20:00:00	21010.45	21084.85	21007.65	21019.35	17959	0	120
2025.01.27	21:00:00	21019.45	21128.05	20965.05	21000.95	18130	0	120
2025.01.27	22:00:00	20999.55	21132.45	20995.85	21126.85	18206	0	120
2025.01.27	23:00:00	21128.44	21197.24	21119.24	21166.14	9322	0	142
2025.01.28	01:00:00	21188.45	21226.15	21115.95	21197.45	7704	0	210
2025.01.28	02:00:00	21197.25	21210.75	21140.45	21155.45	6792	0	200
2025.01.28	03:00:00	21156.25	21196.45	21098.95	21107.35	6382	0	200
2025.01.28	04:00:00	21107.15	21178.35	21090.65	21161.95	6662	0	210
2025.01.28	05:00:00	21161.95	21201.65	21153.35	21159.95	5343	0	200
2025.01.28	06:00:00	21159.75	21175.05	21145.95	21172.35	4864	0	170
2025.01.28	07:00:00	21172.75	21185.15	21119.45	21162.95	4302	0	160
2025.01.28	08:00:00	21163.15	21182.65	21135.65	21161.25	4797	0	170
2025.01.28	09:00:00	21161.45	21220.95	21143.85	21210.85	6266	0	190
2025.01.28	10:00:00	21207.35	21268.25	21160.15	21265.45	10246	0	210
2025.01.28	11:00:00	21263.95	21274.65	21215.45	21265.75	9902	0	210
2025.01.28	12:00:00	21266.75	21293.25	21259.45	21261.75	8000	0	200
2025.01.28	13:00:00	21262.65	21280.15	21195.75	21211.45	8918	0	200
2025.01.28	14:00:00	21211.45	21218.15	21128.35	21177.85	12783	0	210
2025.01.28	15:00:00	21174.15	21227.25	21152.45	21171.35	11901	0	210
2025.01.28	16:00:00	21170.25	21189.55	21031.95	21155.65	16461	0	120
2025.01.28	17:00:00	21155.45	21351.55	21152.35	21326.85	18291	0	120
2025.01.28	18:00:00	21327.05	21350.05	21259.05	21344.35	17452	0	110
2025.01.28	19:00:00	21344.15	21434.45	21342.35	21415.85	15108	0	80
2025.01.28	20:00:00	21415.65	21455.25	21393.25	21411.25	14004	0	80
2025.01.28	21:00:00	21411.75	21496.95	21385.15	21486.45	12823	0	80
2025.01.28	22:00:00	21486.45	21494.85	21430.65	21447.95	13309	0	80
2025.01.28	23:00:00	21446.94	21446.94	21422.34	21436.64	5759	0	142
2025.01.29	01:00:00	21417.75	21452.75	21417.45	21419.95	3091	0	160
2025.01.29	02:00:00	21420.25	21445.85	21410.75	21439.75	4909	0	150
2025.01.29	03:00:00	21439.65	21450.75	21428.45	21441.45	3089	0	150
2025.01.29	04:00:00	21441.45	21460.05	21435.05	21453.35	2495	0	150
2025.01.29	05:00:00	21453.15	21457.85	21433.35	21457.65	2449	0	150
2025.01.29	06:00:00	21457.65	21482.65	21457.65	21471.15	2977	0	150
2025.01.29	07:00:00	21470.85	21477.25	21452.05	21454.65	2382	0	150
2025.01.29	08:00:00	21467.95	21559.65	21466.25	21536.55	5999	0	160
2025.01.29	09:00:00	21536.85	21545.05	21516.75	21543.65	4416	0	160
2025.01.29	10:00:00	21543.45	21570.95	21536.95	21541.85	7608	0	190
2025.01.29	11:00:00	21541.95	21551.45	21502.85	21541.65	9556	0	200
2025.01.29	12:00:00	21542.05	21548.25	21515.15	21540.15	6388	0	180
2025.01.29	13:00:00	21540.15	21563.95	21522.85	21555.35	5289	0	160
2025.01.29	14:00:00	21553.35	21553.35	21513.85	21521.15	7201	0	180
2025.01.29	15:00:00	21519.95	21521.85	21434.85	21477.85	12173	0	200
2025.01.29	16:00:00	21477.85	21501.35	21371.15	21392.65	15607	0	100
2025.01.29	17:00:00	21395.15	21440.85	21333.25	21382.35	17077	0	120
2025.01.29	18:00:00	21382.65	21401.15	21344.35	21360.15	15881	0	90
2025.01.29	19:00:00	21360.35	21421.05	21355.05	21361.25	14399	0	80
2025.01.29	20:00:00	21362.05	21391.35	21245.25	21342.45	16814	0	90
2025.01.29	21:00:00	21342.35	21453.65	21263.75	21413.75	18429	0	110
2025.01.29	22:00:00	21412.35	21477.05	21340.65	21406.85	18410	0	120
2025.01.29	23:00:00	21407.44	21484.44	21270.74	21464.04	10633	0	142
2025.01.30	01:00:00	21431.25	21462.45	21384.75	21416.75	6736	0	200
2025.01.30	02:00:00	21416.75	21466.05	21405.85	21463.85	5384	0	150
2025.01.30	03:00:00	21463.85	21545.45	21456.95	21528.85	5598	0	160
2025.01.30	04:00:00	21528.85	21555.35	21528.85	21534.65	3907	0	150
2025.01.30	05:00:00	21535.55	21554.05	21533.05	21551.85	2902	0	150
2025.01.30	06:00:00	21552.05	21558.55	21538.15	21539.15	2666	0	150
2025.01.30	07:00:00	21539.15	21541.85	21524.85	21537.95	2870	0	150
2025.01.30	08:00:00	21538.05	21544.25	21510.05	21520.75	3054	0	150
2025.01.30	09:00:00	21520.65	21548.05	21502.25	21541.05	4213	0	150
2025.01.30	10:00:00	21540.95	21587.55	21530.05	21580.55	6972	0	160
2025.01.30	11:00:00	21578.95	21578.95	21510.15	21512.95	8028	0	160
2025.01.30	12:00:00	21513.15	21526.15	21487.15	21498.45	7115	0	180
2025.01.30	13:00:00	21497.95	21548.45	21497.95	21519.15	7069	0	180
2025.01.30	14:00:00	21520.35	21533.05	21453.05	21508.85	10049	0	190
2025.01.30	15:00:00	21508.85	21546.45	21486.65	21546.05	10735	0	200
2025.01.30	16:00:00	21545.95	21626.75	21476.15	21551.55	16588	0	120
2025.01.30	17:00:00	21551.35	21551.75	21340.05	21340.15	19054	0	120
2025.01.30	18:00:00	21340.55	21504.45	21298.75	21489.35	18012	0	100
2025.01.30	19:00:00	21489.05	21489.05	21383.05	21431.95	17129	0	90
2025.01.30	20:00:00	21432.35	21491.65	21406.85	21485.65	15143	0	80
2025.01.30	21:00:00	21486.15	21540.35	21467.05	21538.65	14169	0	80
2025.01.30	22:00:00	21538.85	21578.95	21403.75	21500.95	16176	0	80
2025.01.30	23:00:00	21503.15	21568.74	21459.24	21496.74	8420	0	120
2025.01.31	01:00:00	21594.25	21603.55	21539.65	21577.55	5046	0	200
2025.01.31	02:00:00	21577.55	21599.25	21556.75	21587.35	5273	0	160
2025.01.31	03:00:00	21587.55	21658.75	21560.05	21654.05	6314	0	160
2025.01.31	04:00:00	21653.65	21665.65	21617.35	21619.55	5562	0	160
2025.01.31	05:00:00	21619.05	21634.05	21611.55	21617.85	3498	0	150
2025.01.31	06:00:00	21618.55	21625.35	21601.45	21608.85	3082	0	150
2025.01.31	07:00:00	21609.15	21623.05	21607.05	21616.15	3002	0	150
2025.01.31	08:00:00	21616.15	21652.85	21610.85	21640.45	3295	0	150
2025.01.31	09:00:00	21640.15	21686.05	21636.45	21668.65	5137	0	150
2025.01.31	10:00:00	21668.35	21673.25	21622.35	21632.15	7372	0	160
2025.01.31	11:00:00	21636.05	21679.25	21633.25	21661.15	7023	0	170
2025.01.31	12:00:00	21661.65	21671.95	21651.55	21660.25	5426	0	160
2025.01.31	13:00:00	21660.35	21689.25	21659.25	21683.75	4638	0	150
2025.01.31	14:00:00	21682.15	21691.75	21661.75	21662.55	6179	0	160
2025.01.31	15:00:00	21661.85	21689.15	21637.75	21672.25	9380	0	190
2025.01.31	16:00:00	21671.75	21749.35	21630.95	21748.55	15982	0	90
2025.01.31	17:00:00	21748.85	21837.85	21747.85	21818.35	16998	0	90
2025.01.31	18:00:00	21818.65	21846.55	21758.55	21784.65	15414	0	80
2025.01.31	19:00:00	21786.55	21819.75	21746.95	21796.55	14850	0	80
2025.01.31	20:00:00	21796.75	21807.75	21602.55	21633.15	17071	0	80
2025.01.31	21:00:00	21634.35	21662.05	21466.45	21542.65	18641	0	120
2025.01.31	22:00:00	21542.45	21542.45	21420.25	21463.55	18557	0	120
2025.01.31	23:00:00	21463.65	21475.24	21418.24	21449.34	8947	0	120
2025.02.03	01:00:00	20895.85	21025.25	20883.85	21001.45	11151	0	210
2025.02.03	02:00:00	21001.45	21042.05	20918.45	21004.05	12168	0	210
2025.02.03	03:00:00	21003.45	21035.95	20953.55	20961.25	11014	0	210
2025.02.03	04:00:00	20960.95	20964.55	20864.25	20915.75	10675	0	210
2025.02.03	05:00:00	20916.05	20940.95	20882.45	20921.95	7581	0	210
2025.02.03	06:00:00	20922.05	20938.75	20868.75	20905.15	6641	0	190
2025.02.03	07:00:00	20905.05	20963.45	20887.85	20958.35	7133	0	200
2025.02.03	08:00:00	20957.05	20986.45	20930.45	20952.85	8110	0	210
2025.02.03	09:00:00	20953.75	21038.45	20953.75	21004.45	8027	0	210
2025.02.03	10:00:00	21007.55	21135.45	21006.75	21090.35	11409	0	210
2025.02.03	11:00:00	21090.75	21116.75	21052.55	21067.35	9450	0	210
2025.02.03	12:00:00	21067.45	21131.45	21044.35	21118.35	7271	0	210
2025.02.03	13:00:00	21118.35	21156.55	21082.45	21109.55	8321	0	210
2025.02.03	14:00:00	21112.25	21115.95	21042.75	21064.75	12574	0	210
2025.02.03	15:00:00	21064.95	21132.35	21053.35	21087.45	10542	0	210
2025.02.03	16:00:00	21087.25	21199.95	21059.25	21103.96	16144	0	120
2025.02.03	17:00:00	21103.26	21336.85	20999.25	21306.85	19845	0	120
2025.02.03	18:00:00	21306.15	21353.55	21227.85	21268.55	18631	0	120
2025.02.03	19:00:00	21269.15	21341.55	21230.65	21288.05	17694	0	120
2025.02.03	20:00:00	21287.65	21358.45	21237.75	21353.65	17474	0	110
2025.02.03	21:00:00	21350.15	21406.05	21334.55	21373.75	16017	0	80
2025.02.03	22:00:00	21377.05	21394.05	21286.95	21292.25	17045	0	90
2025.02.03	23:00:00	21294.74	21463.54	21275.54	21461.44	8451	0	142
2025.02.04	01:00:00	21462.45	21474.15	21443.65	21461.65	4040	0	160
2025.02.04	02:00:00	21461.45	21466.55	21426.95	21439.15	5685	0	160
2025.02.04	03:00:00	21439.15	21439.65	21370.95	21399.35	7315	0	170
2025.02.04	04:00:00	21400.05	21405.35	21353.05	21358.25	6572	0	170
2025.02.04	05:00:00	21358.55	21362.55	21319.15	21340.35	5816	0	170
2025.02.04	06:00:00	21340.35	21365.65	21331.75	21339.65	4594	0	160
2025.02.04	07:00:00	21339.85	21341.25	21133.45	21248.25	9493	0	190
2025.02.04	08:00:00	21248.05	21292.45	21220.55	21291.15	5295	0	210
2025.02.04	09:00:00	21290.95	21314.45	21277.05	21295.25	5970	0	210
2025.02.04	10:00:00	21296.75	21311.95	21202.95	21253.05	10577	0	210
2025.02.04	11:00:00	21253.15	21293.55	21245.75	21260.25	7528	0	210
2025.02.04	12:00:00	21259.15	21291.05	21247.95	21279.85	5610	0	200
2025.02.04	13:00:00	21279.85	21316.05	21265.75	21290.55	6165	0	200
2025.02.04	14:00:00	21294.75	21387.15	21294.75	21346.15	6990	0	210
2025.02.04	15:00:00	21345.05	21365.05	21311.75	21325.45	8036	0	210
2025.02.04	16:00:00	21324.95	21466.25	21296.55	21451.05	15540	0	120
2025.02.04	17:00:00	21450.65	21570.45	21450.45	21524.55	18409	0	120
2025.02.04	18:00:00	21524.65	21584.85	21524.65	21548.45	15427	0	80
2025.02.04	19:00:00	21548.65	21551.15	21441.45	21514.15	16620	0	80
2025.02.04	20:00:00	21513.15	21536.75	21461.05	21513.45	13207	0	80
2025.02.04	21:00:00	21513.45	21570.45	21501.15	21529.15	11941	0	80
2025.02.04	22:00:00	21529.95	21575.65	21516.45	21559.35	13915	0	80
2025.02.04	23:00:00	21557.15	21581.64	21462.84	21491.74	7612	0	100
2025.02.05	01:00:00	21473.95	21487.15	21454.35	21459.45	4793	0	180
2025.02.05	02:00:00	21459.45	21509.05	21448.65	21490.95	6256	0	160
2025.02.05	03:00:00	21490.95	21516.35	21460.15	21463.35	7737	0	170
2025.02.05	04:00:00	21463.15	21479.85	21451.65	21457.45	6508	0	150
2025.02.05	05:00:00	21458.45	21468.85	21431.35	21435.75	4754	0	150
2025.02.05	06:00:00	21435.45	21456.75	21427.25	21454.75	3947	0	150
2025.02.05	07:00:00	21455.15	21459.85	21423.95	21432.05	4860	0	150
2025.02.05	08:00:00	21433.45	21441.75	21400.85	21411.65	5613	0	170
2025.02.05	09:00:00	21410.55	21413.65	21376.25	21408.25	6952	0	170
2025.02.05	10:00:00	21407.35	21433.35	21344.45	21362.15	10134	0	210
2025.02.05	11:00:00	21362.35	21398.65	21329.85	21333.65	9899	0	210
2025.02.05	12:00:00	21334.25	21375.25	21323.25	21372.25	7001	0	190
2025.02.05	13:00:00	21372.05	21389.95	21367.45	21387.15	5734	0	170
2025.02.05	14:00:00	21387.25	21407.95	21364.95	21404.25	7287	0	110
2025.02.05	15:00:00	21404.35	21444.55	21380.65	21422.65	10835	0	110
2025.02.05	16:00:00	21422.95	21482.85	21403.55	21458.46	14831	0	100
2025.02.05	17:00:00	21457.06	21498.75	21394.85	21486.05	18298	0	100
2025.02.05	18:00:00	21484.35	21612.85	21457.55	21605.85	15847	0	90
2025.02.05	19:00:00	21605.85	21635.95	21579.15	21599.35	13926	0	90
2025.02.05	20:00:00	21601.15	21615.05	21566.85	21603.75	12851	0	90
2025.02.05	21:00:00	21602.95	21629.25	21597.35	21601.95	11354	0	90
2025.02.05	22:00:00	21601.85	21661.25	21582.35	21652.45	12552	0	90
2025.02.05	23:00:00	21653.75	21687.44	21642.34	21648.14	6717	0	110
2025.02.06	01:00:00	21649.45	21670.75	21645.85	21668.15	2829	0	100
2025.02.06	02:00:00	21668.35	21693.05	21661.25	21669.65	5115	0	100
2025.02.06	03:00:00	21669.95	21680.15	21659.15	21663.45	5406	0	100
2025.02.06	04:00:00	21663.55	21680.05	21653.85	21676.45	4570	0	100
2025.02.06	05:00:00	21676.45	21683.85	21664.95	21675.95	3450	0	100
2025.02.06	06:00:00	21675.65	21701.55	21673.45	21700.35	2797	0	100
2025.02.06	07:00:00	21700.35	21727.75	21698.05	21724.05	4470	0	100
2025.02.06	08:00:00	21724.45	21725.85	21703.15	21706.45	3695	0	100
2025.02.06	09:00:00	21705.95	21725.95	21679.95	21683.35	4935	0	100
2025.02.06	10:00:00	21683.35	21710.25	21666.75	21698.25	7579	0	110
2025.02.06	11:00:00	21699.65	21725.65	21687.95	21689.85	6958	0	110
2025.02.06	12:00:00	21689.95	21704.65	21670.55	21674.65	6092	0	100
2025.02.06	13:00:00	21674.65	21674.65	21612.35	21620.95	8334	0	110
2025.02.06	14:00:00	21620.85	21660.85	21602.25	21658.85	8240	0	110
2025.02.06	15:00:00	21659.05	21672.15	21638.25	21671.65	9352	0	110
2025.02.06	16:00:00	21671.35	21717.95	21633.95	21685.15	13586	0	90
2025.02.06	17:00:00	21685.45	21744.05	21636.95	21668.15	17242	0	100
2025.02.06	18:00:00	21668.35	21710.55	21650.15	21667.85	14585	0	90
2025.02.06	19:00:00	21668.65	21726.65	21645.45	21711.95	12437	0	90
2025.02.06	20:00:00	21711.75	21737.95	21698.95	21712.15	12198	0	90
2025.02.06	21:00:00	21711.15	21726.05	21608.55	21643.75	13904	0	90
2025.02.06	22:00:00	21643.35	21777.85	21631.85	21767.85	13358	0	90
2025.02.06	23:00:00	21767.85	21772.24	21658.74	21732.74	7805	0	110
2025.02.07	01:00:00	21726.15	21759.55	21723.75	21755.65	3502	0	100
2025.02.07	02:00:00	21755.55	21767.55	21745.95	21766.35	3665	0	100
2025.02.07	03:00:00	21766.65	21798.35	21763.85	21793.75	5056	0	100
2025.02.07	04:00:00	21793.55	21801.25	21784.55	21793.25	4001	0	100
2025.02.07	05:00:00	21793.55	21794.85	21767.55	21774.35	3355	0	100
2025.02.07	06:00:00	21774.35	21776.15	21757.75	21758.85	2448	0	100
2025.02.07	07:00:00	21759.05	21762.05	21747.35	21755.05	3775	0	100
2025.02.07	08:00:00	21755.05	21763.65	21728.75	21762.85	4520	0	100
2025.02.07	09:00:00	21762.85	21776.05	21761.15	21763.45	4065	0	100
2025.02.07	10:00:00	21763.25	21783.25	21735.25	21746.25	7097	0	110
2025.02.07	11:00:00	21746.45	21767.95	21738.45	21757.25	6521	0	100
2025.02.07	12:00:00	21755.95	21768.55	21750.25	21756.25	4759	0	100
2025.02.07	13:00:00	21756.25	21777.15	21743.35	21773.75	4347	0	100
2025.02.07	14:00:00	21773.35	21778.85	21758.75	21767.05	4900	0	100
2025.02.07	15:00:00	21767.15	21806.07	21694.21	21780.35	11340	0	100
2025.02.07	16:00:00	21780.75	21869.55	21766.55	21806.85	15141	0	100
2025.02.07	17:00:00	21760.55	21760.55	21520.55	21621.55	19210	0	110
2025.02.07	18:00:00	21624.55	21661.35	21514.05	21530.75	18784	0	110
2025.02.07	19:00:00	21531.65	21584.75	21488.15	21555.45	18187	0	100
2025.02.07	20:00:00	21555.55	21633.15	21523.45	21528.15	16015	0	100
2025.02.07	21:00:00	21526.95	21539.85	21469.95	21512.55	15486	0	90
2025.02.07	22:00:00	21512.45	21523.25	21459.15	21493.15	16266	0	100
2025.02.07	23:00:00	21493.34	21507.44	21484.14	21487.44	4920	0	122
2025.02.10	01:00:00	21430.95	21558.55	21418.95	21548.15	6091	0	120
2025.02.10	02:00:00	21548.15	21602.25	21545.05	21601.15	7199	0	110
2025.02.10	03:00:00	21601.05	21602.15	21568.05	21574.15	7074	0	100
2025.02.10	04:00:00	21574.15	21585.75	21562.35	21578.25	4960	0	100
2025.02.10	05:00:00	21578.55	21594.25	21572.15	21592.55	2984	0	100
2025.02.10	06:00:00	21592.55	21604.85	21584.55	21586.55	2634	0	100
2025.02.10	07:00:00	21586.25	21633.45	21586.25	21616.75	4286	0	100
2025.02.10	08:00:00	21617.25	21618.25	21585.85	21596.85	3445	0	100
2025.02.10	09:00:00	21597.05	21604.15	21585.95	21592.85	4294	0	100
2025.02.10	10:00:00	21590.85	21618.25	21585.95	21597.35	6416	0	110
2025.02.10	11:00:00	21599.05	21617.45	21587.95	21611.55	5641	0	100
2025.02.10	12:00:00	21611.55	21637.25	21610.05	21628.85	3953	0	100
2025.02.10	13:00:00	21628.75	21654.65	21597.95	21645.05	5823	0	100
2025.02.10	14:00:00	21643.35	21648.55	21625.35	21641.65	5499	0	100
2025.02.10	15:00:00	21641.75	21687.65	21636.35	21682.65	6809	0	100
2025.02.10	16:00:00	21683.25	21711.35	21646.95	21695.05	14209	0	90
2025.02.10	17:00:00	21696.35	21796.15	21685.45	21767.85	15612	0	90
2025.02.10	18:00:00	21768.15	21788.65	21739.45	21774.45	13982	0	90
2025.02.10	19:00:00	21774.45	21774.65	21720.05	21768.65	12312	0	90
2025.02.10	20:00:00	21768.35	21787.85	21760.95	21781.45	9665	0	90
2025.02.10	21:00:00	21781.45	21784.15	21747.65	21764.95	10060	0	90
2025.02.10	22:00:00	21765.15	21777.45	21735.65	21746.15	11360	0	90
2025.02.10	23:00:00	21746.05	21749.94	21723.74	21738.64	4414	0	100
2025.02.11	01:00:00	21715.25	21719.35	21679.45	21700.15	3977	0	100
2025.02.11	02:00:00	21700.55	21720.05	21687.75	21714.25	3184	0	100
2025.02.11	03:00:00	21714.15	21717.05	21693.55	21699.55	4294	0	100
2025.02.11	04:00:00	21699.85	21701.45	21655.35	21667.55	5742	0	100
2025.02.11	05:00:00	21667.95	21686.35	21657.25	21683.35	3677	0	100
2025.02.11	06:00:00	21682.05	21692.85	21678.35	21687.95	2362	0	100
2025.02.11	07:00:00	21688.35	21702.15	21688.35	21693.55	2709	0	100
2025.02.11	08:00:00	21693.45	21694.85	21671.55	21675.85	3126	0	100
2025.02.11	09:00:00	21676.55	21680.35	21634.35	21634.85	4503	0	100
2025.02.11	10:00:00	21634.85	21672.25	21624.35	21654.45	7922	0	110
2025.02.11	11:00:00	21653.95	21678.65	21629.85	21632.25	6466	0	110
2025.02.11	12:00:00	21632.05	21649.65	21621.95	21630.65	5245	0	110
2025.02.11	13:00:00	21630.75	21670.35	21628.75	21668.95	4483	0	100
2025.02.11	14:00:00	21668.95	21674.85	21635.05	21654.25	7190	0	110
2025.02.11	15:00:00	21653.95	21659.25	21579.65	21581.15	9017	0	110
2025.02.11	16:00:00	21580.65	21710.85	21575.05	21682.75	15105	0	90
2025.02.11	17:00:00	21684.05	21776.45	21667.35	21747.35	16459	0	90
2025.02.11	18:00:00	21749.35	21755.15	21690.55	21696.25	14382	0	90
2025.02.11	19:00:00	21696.15	21701.15	21621.35	21669.45	14365	0	90
2025.02.11	20:00:00	21669.45	21738.65	21653.45	21707.45	12722	0	90
2025.02.11	21:00:00	21708.15	21744.95	21697.65	21731.85	11839	0	90
2025.02.11	22:00:00	21732.15	21745.65	21671.65	21696.15	12658	0	90
2025.02.11	23:00:00	21695.35	21703.44	21684.44	21698.04	3822	0	100
2025.02.12	01:00:00	21712.55	21725.75	21687.75	21718.55	3686	0	100
2025.02.12	02:00:00	21718.65	21738.55	21714.45	21721.05	4138	0	100
2025.02.12	03:00:00	21721.25	21737.15	21703.15	21734.45	5358	0	100
2025.02.12	04:00:00	21734.45	21735.55	21716.25	21718.75	3732	0	100
2025.02.12	05:00:00	21718.75	21719.85	21694.85	21697.25	3299	0	100
2025.02.12	06:00:00	21696.85	21701.05	21683.05	21690.35	2803	0	100
2025.02.12	07:00:00	21690.35	21691.85	21674.25	21682.35	2778	0	100
2025.02.12	08:00:00	21682.75	21699.95	21678.95	21691.25	2888	0	100
2025.02.12	09:00:00	21691.35	21709.55	21683.45	21708.45	3235	0	100
2025.02.12	10:00:00	21708.45	21721.25	21697.65	21705.75	5500	0	100
2025.02.12	11:00:00	21705.25	21706.05	21643.35	21676.75	7380	0	110
2025.02.12	12:00:00	21676.75	21701.15	21664.75	21698.65	5028	0	100
2025.02.12	13:00:00	21698.45	21708.25	21678.65	21698.15	4832	0	100
2025.02.12	14:00:00	21698.25	21743.05	21693.05	21738.65	5999	0	100
2025.02.12	15:00:00	21737.45	21755.75	21423.75	21451.85	13196	0	110
2025.02.12	16:00:00	21452.35	21608.45	21418.75	21584.15	17259	0	100
2025.02.12	17:00:00	21584.55	21678.75	21488.45	21635.95	18593	0	100
2025.02.12	18:00:00	21635.95	21691.95	21555.45	21688.05	16758	0	90
2025.02.12	19:00:00	21686.95	21733.25	21663.25	21725.75	15515	0	90
2025.02.12	20:00:00	21726.05	21734.05	21678.25	21700.25	13633	0	90
2025.02.12	21:00:00	21701.05	21746.55	21667.55	21736.65	12311	0	90
2025.02.12	22:00:00	21736.55	21744.75	21684.45	21709.05	12479	0	90
2025.02.12	23:00:00	21709.55	21763.84	21690.04	21763.44	5524	0	100
2025.02.13	01:00:00	21764.45	21808.05	21756.15	21798.45	3476	0	100
2025.02.13	02:00:00	21798.05	21815.25	21783.35	21805.25	4172	0	100
2025.02.13	03:00:00	21804.85	21823.45	21790.95	21801.95	5510	0	100
2025.02.13	04:00:00	21801.35	21804.55	21783.35	21797.55	3836	0	100
2025.02.13	05:00:00	21797.55	21823.45	21795.35	21817.25	3152	0	100
2025.02.13	06:00:00	21817.25	21836.65	21815.75	21817.05	3320	0	100
2025.02.13	07:00:00	21817.25	21825.35	21806.05	21809.75	3586	0	100
2025.02.13	08:00:00	21809.55	21830.35	21799.35	21799.65	4347	0	100
2025.02.13	09:00:00	21799.75	21803.05	21751.75	21765.55	6452	0	100
2025.02.13	10:00:00	21765.65	21771.15	21674.45	21685.45	11420	0	120
2025.02.13	11:00:00	21686.15	21748.55	21663.55	21738.55	8617	0	110
2025.02.13	12:00:00	21738.55	21756.45	21719.25	21744.85	5841	0	110
2025.02.13	13:00:00	21744.75	21768.85	21708.15	21733.95	6996	0	100
2025.02.13	14:00:00	21733.55	21741.25	21698.75	21733.25	8568	0	110
2025.02.13	15:00:00	21733.05	21808.95	21699.25	21788.05	11632	0	110
2025.02.13	16:00:00	21787.25	21860.75	21746.35	21829.45	15210	0	90
2025.02.13	17:00:00	21829.05	21968.05	21790.45	21948.55	16874	0	90
2025.02.13	18:00:00	21948.25	21956.85	21852.75	21871.95	14647	0	90
2025.02.13	19:00:00	21872.45	21909.35	21853.95	21877.25	13297	0	90
2025.02.13	20:00:00	21877.25	21907.05	21800.95	21906.55	16806	0	90
2025.02.13	21:00:00	21906.85	21985.05	21898.55	21967.85	13788	0	90
2025.02.13	22:00:00	21966.55	22033.75	21963.35	22020.15	12132	0	90
2025.02.13	23:00:00	22019.64	22019.64	21981.54	22000.34	4932	0	122
2025.02.14	01:00:00	21983.25	22011.45	21981.15	21994.15	4049	0	100
2025.02.14	02:00:00	21994.85	22014.35	21984.85	22006.15	4655	0	100
2025.02.14	03:00:00	22006.25	22053.45	22004.25	22053.35	5837	0	100
2025.02.14	04:00:00	22053.45	22056.65	22040.65	22044.65	3741	0	100
2025.02.14	05:00:00	22044.35	22056.35	22036.65	22051.65	3064	0	100
2025.02.14	06:00:00	22051.45	22054.45	22045.15	22052.45	1969	0	100
2025.02.14	07:00:00	22052.65	22057.25	22023.05	22029.85	3494	0	100
2025.02.14	08:00:00	22029.65	22044.65	22027.35	22042.45	3375	0	100
2025.02.14	09:00:00	22042.15	22075.05	22040.75	22059.05	4862	0	100
2025.02.14	10:00:00	22058.95	22061.05	22015.55	22030.85	7324	0	110
2025.02.14	11:00:00	22030.85	22058.45	22020.35	22037.65	6515	0	110
2025.02.14	12:00:00	22037.65	22039.35	22007.45	22018.05	6092	0	110
2025.02.14	13:00:00	22017.55	22017.55	21955.65	21975.45	7090	0	110
2025.02.14	14:00:00	21975.35	21999.85	21969.35	21997.55	6471	0	110
2025.02.14	15:00:00	21997.35	22027.95	21990.75	22017.85	8084	0	110
2025.02.14	16:00:00	22018.05	22053.85	22004.45	22039.85	13279	0	90
2025.02.14	17:00:00	22039.85	22085.35	22011.95	22078.55	15614	0	90
2025.02.14	18:00:00	22079.05	22084.35	22018.05	22053.35	14016	0	90
2025.02.14	19:00:00	22053.45	22077.05	22006.35	22071.85	12494	0	90
2025.02.14	20:00:00	22073.35	22112.85	22059.45	22100.05	10938	0	90
2025.02.14	21:00:00	22099.35	22119.05	22070.35	22093.05	10762	0	90
2025.02.14	22:00:00	22092.85	22135.25	22073.85	22108.85	11741	0	90
2025.02.14	23:00:00	22108.54	22133.54	22096.34	22117.64	4412	0	122
2025.02.17	01:00:00	22131.95	22149.65	22118.65	22133.75	4060	0	110
2025.02.17	02:00:00	22133.65	22148.75	22118.95	22140.15	5204	0	100
2025.02.17	03:00:00	22140.15	22170.15	22133.85	22165.25	4840	0	100
2025.02.17	04:00:00	22165.15	22187.35	22160.85	22186.35	3678	0	100
2025.02.17	05:00:00	22186.35	22190.45	22176.15	22181.25	3050	0	100
2025.02.17	06:00:00	22181.65	22195.15	22168.45	22194.35	2467	0	100
2025.02.17	07:00:00	22194.65	22199.65	22184.65	22188.35	3200	0	100
2025.02.17	08:00:00	22188.35	22194.95	22182.35	22193.85	2643	0	100
2025.02.17	09:00:00	22193.85	22194.45	22155.15	22159.35	3551	0	100
2025.02.17	10:00:00	22159.35	22172.95	22147.95	22150.15	5011	0	100
2025.02.17	11:00:00	22150.35	22167.35	22144.45	22165.25	3833	0	100
2025.02.17	12:00:00	22165.25	22176.35	22161.25	22174.65	3098	0	100
2025.02.17	13:00:00	22174.95	22187.85	22156.85	22161.35	2844	0	100
2025.02.17	14:00:00	22162.15	22177.15	22159.85	22166.35	3190	0	100
2025.02.17	15:00:00	22166.65	22174.75	22161.25	22172.35	2980	0	100
2025.02.17	16:00:00	22171.15	22177.45	22110.95	22131.45	7989	0	90
2025.02.17	17:00:00	22131.45	22158.75	22121.55	22155.75	6180	0	90
2025.02.17	18:00:00	22156.45	22169.95	22150.65	22154.05	4818	0	90
2025.02.17	19:00:00	22154.25	22160.25	22141.05	22149.95	3511	0	90
2025.02.18	01:00:00	22142.95	22149.75	22116.55	22138.45	3544	0	100
2025.02.18	02:00:00	22138.15	22151.65	22131.05	22151.55	3777	0	100
2025.02.18	03:00:00	22151.65	22164.65	22150.05	22161.75	4729	0	100
2025.02.18	04:00:00	22161.65	22175.85	22153.45	22174.65	3423	0	100
2025.02.18	05:00:00	22174.25	22184.95	22172.25	22183.65	3219	0	100
2025.02.18	06:00:00	22183.85	22186.85	22175.95	22186.45	2158	0	100
2025.02.18	07:00:00	22186.35	22187.65	22167.25	22170.85	3280	0	100
2025.02.18	08:00:00	22170.95	22221.05	22168.85	22216.15	3751	0	100
2025.02.18	09:00:00	22216.25	22234.85	22215.05	22232.55	4415	0	100
2025.02.18	10:00:00	22232.65	22237.35	22188.55	22211.75	7313	0	110
2025.02.18	11:00:00	22211.65	22225.85	22185.45	22192.35	6542	0	100
2025.02.18	12:00:00	22192.35	22203.75	22182.15	22200.95	4596	0	100
2025.02.18	13:00:00	22200.95	22206.25	22189.05	22196.15	3974	0	100
2025.02.18	14:00:00	22196.25	22220.35	22186.75	22205.05	5791	0	100
2025.02.18	15:00:00	22203.75	22231.95	22188.65	22229.95	6918	0	100
2025.02.18	16:00:00	22230.45	22237.15	22084.25	22121.35	13301	0	100
2025.02.18	17:00:00	22121.25	22125.75	22044.25	22106.75	17447	0	90
2025.02.18	18:00:00	22103.45	22134.35	22084.55	22105.05	14318	0	90
2025.02.18	19:00:00	22105.55	22121.85	22082.25	22114.35	12530	0	90
2025.02.18	20:00:00	22114.35	22124.95	22058.35	22077.85	12329	0	90
2025.02.18	21:00:00	22077.95	22105.55	22023.25	22097.55	12864	0	90
2025.02.18	22:00:00	22097.55	22159.65	22079.85	22159.65	12117	0	90
2025.02.18	23:00:00	22159.15	22168.64	22135.64	22138.14	4632	0	110
2025.02.19	01:00:00	22167.45	22174.45	22156.25	22173.15	3321	0	100
2025.02.19	02:00:00	22173.15	22200.25	22169.05	22198.25	3768	0	100
2025.02.19	03:00:00	22198.15	22208.75	22194.25	22196.25	4528	0	100
2025.02.19	04:00:00	22194.95	22213.85	22186.05	22209.05	3553	0	100
2025.02.19	05:00:00	22209.05	22212.05	22201.75	22208.65	2473	0	100
2025.02.19	06:00:00	22209.25	22210.15	22185.45	22190.15	2380	0	100
2025.02.19	07:00:00	22190.25	22191.55	22175.75	22185.25	3314	0	100
2025.02.19	08:00:00	22185.25	22194.55	22178.45	22178.55	2588	0	100
2025.02.19	09:00:00	22178.55	22184.55	22169.95	22173.65	3509	0	100
2025.02.19	10:00:00	22172.05	22198.45	22169.45	22183.65	5918	0	100
2025.02.19	11:00:00	22183.55	22192.65	22163.95	22169.95	5182	0	100
2025.02.19	12:00:00	22169.75	22174.35	22126.35	22143.35	6030	0	100
2025.02.19	13:00:00	22144.25	22148.25	22118.55	22135.95	6611	0	110
2025.02.19	14:00:00	22135.65	22178.35	22131.45	22150.95	7119	0	100
2025.02.19	15:00:00	22151.85	22163.45	22102.65	22127.75	9077	0	110
2025.02.19	16:00:00	22127.85	22143.95	22077.85	22090.65	13600	0	90
2025.02.19	17:00:00	22090.65	22131.05	22041.25	22083.95	16353	0	90
2025.02.19	18:00:00	22083.45	22164.75	22083.15	22161.95	13964	0	90
2025.02.19	19:00:00	22162.05	22178.95	22131.05	22168.45	12098	0	90
2025.02.19	20:00:00	22168.45	22186.95	22118.15	22155.05	11912	0	90
2025.02.19	21:00:00	22155.25	22223.05	22150.35	22219.05	12531	0	90
2025.02.19	22:00:00	22218.65	22218.85	22129.65	22170.95	15407	0	90
2025.02.19	23:00:00	22171.25	22171.25	22137.04	22147.14	4302	0	100
2025.02.20	01:00:00	22153.15	22156.95	22134.15	22139.95	3309	0	100
2025.02.20	02:00:00	22139.95	22150.65	22121.95	22149.95	4180	0	100
2025.02.20	03:00:00	22149.55	22151.35	22085.65	22091.95	6391	0	100
2025.02.20	04:00:00	22091.65	22109.75	22080.25	22107.25	6094	0	100
2025.02.20	05:00:00	22107.25	22113.55	22096.75	22102.65	3407	0	100
2025.02.20	06:00:00	22102.45	22105.15	22085.85	22098.05	3218	0	100
2025.02.20	07:00:00	22097.75	22105.25	22091.15	22091.45	3296	0	100
2025.02.20	08:00:00	22091.25	22095.15	22066.65	22081.75	4216	0	100
2025.02.20	09:00:00	22081.75	22092.45	22063.15	22072.15	4677	0	100
2025.02.20	10:00:00	22072.15	22107.75	22071.45	22105.05	6523	0	100
2025.02.20	11:00:00	22104.05	22130.25	22097.65	22127.85	5228	0	100
2025.02.20	12:00:00	22127.65	22142.15	22125.75	22126.55	4164	0	100
2025.02.20	13:00:00	22126.45	22132.15	22096.95	22108.85	5463	0	100
2025.02.20	14:00:00	22108.45	22132.45	22096.45	22129.65	6695	0	100
2025.02.20	15:00:00	22129.45	22133.85	22110.15	22125.65	7416	0	110
2025.02.20	16:00:00	22125.85	22145.35	21923.35	21932.95	13180	0	90
2025.02.20	17:00:00	21932.35	22028.65	21873.45	21912.35	18088	0	100
2025.02.20	18:00:00	21911.95	21998.85	21905.85	21952.95	16111	0	90
2025.02.20	19:00:00	21952.75	22020.25	21946.05	21962.55	13785	0	90
2025.02.20	20:00:00	21962.45	21999.45	21950.65	21990.75	12942	0	90
2025.02.20	21:00:00	21990.45	22049.85	21978.55	22039.05	12714	0	90
2025.02.20	22:00:00	22039.95	22070.15	22007.25	22068.15	13957	0	90
2025.02.20	23:00:00	22069.54	22071.54	22041.24	22059.04	4480	0	122
2025.02.21	01:00:00	22081.15	22103.55	22072.45	22091.85	3550	0	100
2025.02.21	02:00:00	22091.55	22098.95	22077.45	22085.45	3966	0	100
2025.02.21	03:00:00	22084.95	22090.75	22057.45	22070.55	5879	0	100
2025.02.21	04:00:00	22070.95	22087.75	22068.95	22081.35	3844	0	100
2025.02.21	05:00:00	22081.35	22084.65	22065.95	22068.85	2997	0	100
2025.02.21	06:00:00	22069.35	22073.05	22052.85	22055.35	2300	0	100
2025.02.21	07:00:00	22055.35	22063.95	22042.55	22056.45	3456	0	100
2025.02.21	08:00:00	22056.45	22085.45	22055.45	22083.05	2677	0	100
2025.02.21	09:00:00	22083.35	22089.75	22067.05	22067.25	3916	0	100
2025.02.21	10:00:00	22067.55	22082.55	22035.05	22078.65	7703	0	100
2025.02.21	11:00:00	22078.15	22100.15	22071.85	22098.55	5535	0	100
2025.02.21	12:00:00	22098.45	22106.25	22088.05	22100.15	4351	0	100
2025.02.21	13:00:00	22099.85	22104.85	22083.75	22095.55	3439	0	100
2025.02.21	14:00:00	22095.45	22150.35	22087.55	22147.75	6707	0	100
2025.02.21	15:00:00	22147.75	22175.85	22138.25	22154.85	6795	0	110
2025.02.21	16:00:00	22152.75	22167.35	22017.15	22026.55	14367	0	110
2025.02.21	17:00:00	21992.05	22041.15	21872.35	21937.35	18507	0	100
2025.02.21	18:00:00	21938.65	21960.25	21891.15	21909.35	16605	0	100
2025.02.21	19:00:00	21908.85	21928.95	21768.85	21782.85	16170	0	100
2025.02.21	20:00:00	21782.65	21784.75	21694.35	21702.65	17286	0	100
2025.02.21	21:00:00	21704.15	21714.75	21599.65	21618.05	17010	0	100
2025.02.21	22:00:00	21616.65	21650.15	21594.15	21613.05	16434	0	100
2025.02.21	23:00:00	21613.15	21629.14	21595.24	21602.24	5650	0	110
2025.02.24	01:00:00	21649.85	21711.25	21641.25	21694.75	6680	0	110
2025.02.24	02:00:00	21694.45	21729.75	21687.95	21700.75	7677	0	110
2025.02.24	03:00:00	21699.95	21712.65	21671.15	21682.65	7787	0	110
2025.02.24	04:00:00	21682.75	21719.65	21677.45	21714.95	6095	0	100
2025.02.24	05:00:00	21715.95	21726.45	21703.35	21725.05	4501	0	100
2025.02.24	06:00:00	21725.25	21733.15	21709.25	21712.65	2904	0	100
2025.02.24	07:00:00	21712.65	21736.05	21708.45	21727.55	3815	0	100
2025.02.24	08:00:00	21727.35	21735.35	21709.95	21719.85	3944	0	100
2025.02.24	09:00:00	21719.55	21727.45	21666.25	21691.35	7161	0	110
2025.02.24	10:00:00	21691.45	21713.15	21636.25	21710.15	11008	0	110
2025.02.24	11:00:00	21709.75	21746.65	21704.45	21717.05	8610	0	110
2025.02.24	12:00:00	21716.95	21721.25	21691.65	21697.35	5858	0	110
2025.02.24	13:00:00	21697.45	21721.35	21683.25	21712.45	6149	0	100
2025.02.24	14:00:00	21711.35	21711.65	21674.65	21696.95	8399	0	110
2025.02.24	15:00:00	21696.25	21737.05	21691.95	21734.05	8168	0	110
2025.02.24	16:00:00	21733.95	21739.25	21495.75	21501.25	15364	0	100
2025.02.24	17:00:00	21501.35	21517.95	21371.45	21426.55	19280	0	110
2025.02.24	18:00:00	21425.85	21558.45	21411.75	21511.35	17642	0	100
2025.02.24	19:00:00	21510.85	21592.25	21504.25	21539.35	16087	0	100
2025.02.24	20:00:00	21539.25	21594.15	21529.15	21542.55	15085	0	90
2025.02.24	21:00:00	21542.55	21573.25	21472.75	21487.35	15228	0	100
2025.02.24	22:00:00	21487.35	21503.05	21342.85	21356.55	16309	0	90
2025.02.24	23:00:00	21359.74	21381.14	21341.54	21356.24	6480	0	132
2025.02.25	01:00:00	21372.15	21380.55	21302.85	21321.35	6409	0	110
2025.02.25	02:00:00	21321.45	21385.15	21321.45	21369.45	6818	0	110
2025.02.25	03:00:00	21368.95	21385.65	21344.95	21378.35	7409	0	110
2025.02.25	04:00:00	21378.15	21387.85	21333.75	21374.25	5530	0	100
2025.02.25	05:00:00	21374.15	21380.95	21362.45	21366.65	4011	0	100
2025.02.25	06:00:00	21366.65	21376.85	21349.65	21357.75	3895	0	100
2025.02.25	07:00:00	21357.75	21377.65	21357.75	21373.15	3361	0	100
2025.02.25	08:00:00	21373.25	21381.05	21345.75	21357.95	4075	0	100
2025.02.25	09:00:00	21357.85	21361.15	21246.65	21253.55	9027	0	110
2025.02.25	10:00:00	21251.35	21340.15	21245.95	21254.15	12096	0	120
2025.02.25	11:00:00	21256.15	21319.45	21238.65	21241.55	11137	0	120
2025.02.25	12:00:00	21240.35	21281.85	21223.55	21231.65	8755	0	110
2025.02.25	13:00:00	21232.35	21323.85	21222.85	21306.85	9270	0	110
2025.02.25	14:00:00	21307.55	21372.35	21299.65	21365.85	9408	0	120
2025.02.25	15:00:00	21366.05	21387.55	21329.85	21339.85	11456	0	120
2025.02.25	16:00:00	21340.05	21349.55	21147.65	21197.45	16269	0	110
2025.02.25	17:00:00	21197.35	21198.95	20965.35	21038.95	19624	0	110
2025.02.25	18:00:00	21040.65	21138.25	20927.65	21106.65	18894	0	110
2025.02.25	19:00:00	21106.65	21161.75	21047.65	21156.55	17451	0	100
2025.02.25	20:00:00	21157.05	21217.25	21101.75	21135.45	17323	0	100
2025.02.25	21:00:00	21131.45	21150.45	21060.15	21138.25	17693	0	110
2025.02.25	22:00:00	21138.25	21198.85	21058.75	21085.95	18431	0	110
2025.02.25	23:00:00	21089.24	21145.54	21076.54	21127.34	7330	0	132
2025.02.26	01:00:00	21172.85	21173.05	21151.05	21164.15	2770	0	110
2025.02.26	02:00:00	21162.55	21188.25	21149.25	21188.15	5132	0	100
2025.02.26	03:00:00	21187.75	21189.65	21151.05	21155.75	5464	0	110
2025.02.26	04:00:00	21156.05	21184.25	21139.25	21181.05	4849	0	100
2025.02.26	05:00:00	21181.65	21205.15	21174.15	21177.35	4199	0	100
2025.02.26	06:00:00	21177.55	21191.95	21170.85	21190.55	2357	0	100
2025.02.26	07:00:00	21190.55	21218.65	21190.55	21217.95	3268	0	100
2025.02.26	08:00:00	21217.35	21220.85	21201.05	21214.85	3317	0	100
2025.02.26	09:00:00	21215.15	21241.65	21201.05	21231.15	5251	0	100
2025.02.26	10:00:00	21231.55	21235.95	21202.45	21229.55	7828	0	110
2025.02.26	11:00:00	21229.15	21266.55	21223.55	21244.05	6907	0	110
2025.02.26	12:00:00	21244.05	21265.53	21241.65	21259.23	5208	0	110
2025.02.26	13:00:00	21259.33	21267.83	21216.23	21226.83	5678	0	114
2025.02.26	14:00:00	21226.53	21246.13	21198.83	21229.33	8096	0	114
2025.02.26	15:00:00	21228.93	21270.43	21194.53	21211.53	10173	0	114
2025.02.26	16:00:00	21211.73	21251.23	21128.53	21239.63	16744	0	114
2025.02.26	17:00:00	21239.33	21310.33	21203.63	21290.03	18772	0	114
2025.02.26	18:00:00	21290.13	21347.43	21278.83	21288.03	17787	0	104
2025.02.26	19:00:00	21290.13	21345.93	21168.23	21188.03	17789	0	104
2025.02.26	20:00:00	21186.63	21198.73	21022.23	21040.73	18255	0	114
2025.02.26	21:00:00	21037.23	21111.63	21003.73	21032.63	17824	0	104
2025.02.26	22:00:00	21035.13	21162.53	21017.83	21131.13	17841	0	104
2025.02.26	23:00:00	21130.33	21264.24	21053.64	21157.74	9680	0	114
2025.02.27	01:00:00	21183.55	21194.05	21115.05	21153.65	5943	0	120
2025.02.27	02:00:00	21153.85	21169.33	21064.83	21078.13	8883	0	120
2025.02.27	03:00:00	21078.03	21135.43	21048.63	21108.83	8141	0	114
2025.02.27	04:00:00	21108.83	21155.93	21096.33	21125.33	7748	0	114
2025.02.27	05:00:00	21127.43	21148.63	21102.13	21102.43	4913	0	104
2025.02.27	06:00:00	21103.13	21112.13	21088.33	21111.73	4549	0	114
2025.02.27	07:00:00	21111.73	21204.83	21106.13	21185.93	5772	0	114
2025.02.27	08:00:00	21185.63	21235.83	21180.23	21221.83	5689	0	114
2025.02.27	09:00:00	21222.83	21265.63	21213.13	21223.03	7129	0	114
2025.02.27	10:00:00	21223.63	21267.63	21191.43	21263.03	10332	0	124
2025.02.27	11:00:00	21258.63	21274.93	21233.33	21264.93	9126	0	114
2025.02.27	12:00:00	21264.93	21286.03	21250.13	21262.43	6996	0	114
2025.02.27	13:00:00	21262.23	21286.13	21253.33	21285.63	6667	0	114
2025.02.27	14:00:00	21285.63	21326.93	21277.13	21292.63	9192	0	114
2025.02.27	15:00:00	21292.13	21313.73	21211.43	21249.33	12906	0	114
2025.02.27	16:00:00	21249.23	21322.13	20939.83	20949.53	16979	0	104
2025.02.27	17:00:00	20946.93	21107.73	20838.43	20961.73	19409	0	114
2025.02.27	18:00:00	20962.83	21101.63	20938.63	20948.43	18294	0	114
2025.02.27	19:00:00	20950.43	21018.43	20898.83	20980.73	17871	0	114
2025.02.27	20:00:00	20980.13	21059.63	20971.23	20994.43	17227	0	104
2025.02.27	21:00:00	20994.23	20998.43	20738.83	20776.23	18178	0	114
2025.02.27	22:00:00	20776.83	20782.23	20540.23	20553.23	18528	0	114
2025.02.27	23:00:00	20550.63	20599.54	20525.74	20589.54	10126	0	114
2025.02.28	01:00:00	20612.05	20627.35	20586.35	20620.65	6067	0	110
2025.02.28	02:00:00	20619.55	20634.73	20563.83	20563.83	7256	0	114
2025.02.28	03:00:00	20563.83	20614.83	20486.23	20573.13	10323	0	124
2025.02.28	04:00:00	20572.83	20591.63	20518.83	20534.23	8813	0	124
2025.02.28	05:00:00	20534.63	20545.53	20464.03	20508.13	9241	0	124
2025.02.28	06:00:00	20508.23	20588.53	20494.33	20564.23	7301	0	114
2025.02.28	07:00:00	20564.33	20592.63	20559.13	20569.83	6555	0	114
2025.02.28	08:00:00	20570.03	20592.63	20533.03	20542.73	4215	0	114
2025.02.28	09:00:00	20542.83	20577.33	20501.03	20573.23	6148	0	124
2025.02.28	10:00:00	20573.73	20627.53	20559.33	20606.73	9095	0	114
2025.02.28	11:00:00	20608.23	20630.53	20583.63	20605.63	9051	0	114
2025.02.28	12:00:00	20605.53	20625.83	20593.03	20604.33	7131	0	114
2025.02.28	13:00:00	20604.23	20624.13	20598.03	20609.13	6345	0	114
2025.02.28	14:00:00	20606.83	20611.23	20529.40	20566.90	12410	0	124
2025.02.28	15:00:00	20566.70	20610.70	20508.60	20546.90	14206	0	150
2025.02.28	16:00:00	20547.00	20590.50	20408.20	20542.80	17602	0	140
2025.02.28	17:00:00	20535.00	20724.20	20501.90	20706.80	19167	0	140
2025.02.28	18:00:00	20707.30	20722.30	20571.80	20643.90	18313	0	140
2025.02.28	19:00:00	20643.70	20695.30	20484.90	20486.40	18132	0	140
2025.02.28	20:00:00	20487.20	20613.40	20432.80	20489.20	18604	0	140
2025.02.28	21:00:00	20488.80	20668.30	20485.40	20659.20	18017	0	140
2025.02.28	22:00:00	20658.20	20891.00	20630.70	20862.80	18280	0	140
2025.02.28	23:00:00	20866.00	20876.10	20815.10	20849.10	8896	0	140
2025.03.03	01:00:00	20943.10	20990.00	20903.60	20922.30	7925	0	150
2025.03.03	02:00:00	20923.20	20924.80	20794.60	20838.60	11242	0	150
2025.03.03	03:00:00	20839.30	20906.60	20818.70	20898.20	10862	0	150
2025.03.03	04:00:00	20898.10	20917.50	20872.30	20883.10	8196	0	140
2025.03.03	05:00:00	20883.20	20888.20	20838.80	20877.40	7267	0	140
2025.03.03	06:00:00	20877.50	20910.00	20874.40	20906.80	4489	0	130
2025.03.03	07:00:00	20906.40	20955.60	20899.50	20941.50	5707	0	140
2025.03.03	08:00:00	20941.40	20975.20	20913.00	20962.20	6876	0	140
2025.03.03	09:00:00	20964.20	20968.10	20878.10	20916.10	8532	0	150
2025.03.03	10:00:00	20916.30	20944.10	20842.70	20901.60	12527	0	150
2025.03.03	11:00:00	20905.00	20973.30	20883.20	20968.20	10252	0	140
2025.03.03	12:00:00	20968.10	20974.30	20940.50	20958.20	8160	0	140
2025.03.03	13:00:00	20957.80	20999.60	20950.20	20995.80	6936	0	140
2025.03.03	14:00:00	20993.20	21054.60	20985.60	21025.00	11061	0	150
2025.03.03	15:00:00	21024.70	21034.50	20989.20	21019.60	11037	0	150
2025.03.03	16:00:00	21019.30	21074.60	20779.30	20789.30	16062	0	130
2025.03.03	17:00:00	20770.50	20943.40	20715.80	20812.00	19400	0	140
2025.03.03	18:00:00	20812.80	20939.10	20786.30	20875.90	18199	0	140
2025.03.03	19:00:00	20875.80	20918.80	20776.60	20804.50	17221	0	140
2025.03.03	20:00:00	20804.60	20810.80	20608.50	20703.00	18392	0	140
2025.03.03	21:00:00	20697.00	20772.50	20554.50	20556.90	17775	0	140
2025.03.03	22:00:00	20557.90	20559.80	20272.30	20426.60	19596	0	140
2025.03.03	23:00:00	20427.30	20490.60	20419.60	20479.10	8839	0	140
2025.03.04	01:00:00	20455.50	20513.60	20454.00	20471.20	6157	0	150
2025.03.04	02:00:00	20470.50	20512.70	20434.80	20506.60	9514	0	150
2025.03.04	03:00:00	20507.10	20526.00	20423.60	20433.60	10514	0	150
2025.03.04	04:00:00	20432.80	20494.50	20428.10	20478.70	8093	0	150
2025.03.04	05:00:00	20478.60	20504.70	20457.70	20496.20	6660	0	140
2025.03.04	06:00:00	20496.00	20517.70	20473.80	20485.20	6193	0	140
2025.03.04	07:00:00	20485.70	20543.60	20437.20	20525.60	7409	0	150
2025.03.04	08:00:00	20525.50	20538.30	20480.80	20515.30	6554	0	150
2025.03.04	09:00:00	20515.70	20524.10	20432.50	20445.20	9443	0	150
2025.03.04	10:00:00	20444.00	20518.30	20422.50	20472.70	13071	0	150
2025.03.04	11:00:00	20472.30	20522.10	20445.50	20452.00	11694	0	150
2025.03.04	12:00:00	20451.60	20470.20	20400.70	20419.00	12178	0	150
2025.03.04	13:00:00	20419.30	20449.10	20395.50	20431.30	10689	0	150
2025.03.04	14:00:00	20430.80	20430.80	20262.80	20276.60	15119	0	150
2025.03.04	15:00:00	20274.60	20311.70	20218.20	20281.10	16376	0	150
2025.03.04	16:00:00	20281.10	20385.60	20184.50	20188.00	18812	0	140
2025.03.04	17:00:00	20188.60	20217.90	20032.10	20154.10	20211	0	140
2025.03.04	18:00:00	20153.50	20293.40	20065.30	20254.50	19448	0	140
2025.03.04	19:00:00	20255.00	20385.80	20222.50	20292.90	18789	0	140
2025.03.04	20:00:00	20294.90	20478.60	20268.90	20457.50	18530	0	140
2025.03.04	21:00:00	20455.60	20587.60	20454.50	20576.30	18409	0	140
2025.03.04	22:00:00	20575.50	20688.60	20280.60	20353.10	19076	0	140
2025.03.04	23:00:00	20353.40	20547.60	20351.40	20491.00	11321	0	140
2025.03.05	01:00:00	20528.20	20552.70	20511.60	20536.50	5069	0	140
2025.03.05	02:00:00	20536.00	20546.60	20444.20	20492.20	9288	0	150
2025.03.05	03:00:00	20492.70	20500.00	20411.50	20460.70	10625	0	150
2025.03.05	04:00:00	20460.70	20468.40	20399.90	20437.20	9550	0	150
2025.03.05	05:00:00	20437.10	20520.70	20417.00	20506.50	9240	0	150
2025.03.05	06:00:00	20506.60	20525.40	20487.20	20495.20	5238	0	140
2025.03.05	07:00:00	20495.30	20515.40	20464.20	20507.70	5895	0	140
2025.03.05	08:00:00	20508.60	20524.70	20476.00	20506.20	6200	0	140
2025.03.05	09:00:00	20506.60	20534.90	20493.90	20498.90	8040	0	150
2025.03.05	10:00:00	20499.20	20567.00	20471.60	20508.60	12623	0	150
2025.03.05	11:00:00	20510.00	20587.10	20483.70	20566.90	10885	0	150
2025.03.05	12:00:00	20567.00	20580.00	20493.00	20502.70	10533	0	150
2025.03.05	13:00:00	20504.00	20515.50	20400.70	20450.90	10212	0	150
2025.03.05	14:00:00	20450.90	20484.00	20418.50	20443.10	11191	0	150
2025.03.05	15:00:00	20443.40	20478.50	20364.60	20377.10	13548	0	150
2025.03.05	16:00:00	20377.10	20423.10	20229.00	20277.54	17953	0	140
2025.03.05	17:00:00	20356.59	20453.90	20259.30	20350.80	19628	0	140
2025.03.05	18:00:00	20349.20	20349.20	20175.30	20294.80	18675	0	140
2025.03.05	19:00:00	20291.90	20533.30	20290.80	20527.90	18305	0	140
2025.03.05	20:00:00	20527.20	20553.40	20404.90	20548.80	18724	0	140
2025.03.05	21:00:00	20548.90	20668.40	20517.80	20609.90	18091	0	140
2025.03.05	22:00:00	20609.40	20682.40	20560.90	20618.50	18155	0	140
2025.03.05	23:00:00	20617.00	20620.00	20535.50	20560.60	6841	0	140
2025.03.06	01:00:00	20588.00	20601.70	20548.00	20564.50	3554	0	140
2025.03.06	02:00:00	20564.20	20596.00	20543.40	20549.10	4862	0	140
2025.03.06	03:00:00	20549.50	20576.20	20543.90	20573.00	6135	0	140
2025.03.06	04:00:00	20573.40	20589.90	20549.50	20564.40	4761	0	130
2025.03.06	05:00:00	20564.50	20586.00	20551.40	20582.40	3716	0	130
2025.03.06	06:00:00	20581.80	20604.20	20579.30	20596.80	3018	0	130
2025.03.06	07:00:00	20596.80	20606.00	20565.50	20570.90	3927	0	130
2025.03.06	08:00:00	20570.80	20598.50	20555.50	20593.80	4875	0	130
2025.03.06	09:00:00	20593.80	20600.80	20490.60	20492.70	7799	0	130
2025.03.06	10:00:00	20492.70	20514.70	20391.40	20402.40	13416	0	150
2025.03.06	11:00:00	20402.50	20444.70	20335.20	20367.70	13498	0	150
2025.03.06	12:00:00	20367.20	20397.50	20324.60	20338.60	11882	0	150
2025.03.06	13:00:00	20338.00	20388.00	20311.40	20382.10	10629	0	150
2025.03.06	14:00:00	20382.50	20386.90	20313.00	20329.70	11437	0	150
2025.03.06	15:00:00	20330.40	20342.90	20258.50	20285.10	13720	0	150
2025.03.06	16:00:00	20285.00	20330.60	20188.20	20241.30	17164	0	140
2025.03.06	17:00:00	20237.70	20471.50	20212.70	20389.00	19227	0	140
2025.03.06	18:00:00	20391.40	20454.80	20205.50	20210.20	19113	0	140
2025.03.06	19:00:00	20211.00	20234.50	20049.80	20130.50	18890	0	140
2025.03.06	20:00:00	20130.80	20166.20	20002.20	20077.50	18493	0	140
2025.03.06	21:00:00	20078.00	20165.90	19961.90	20009.50	18656	0	140
2025.03.06	22:00:00	20010.00	20113.20	19986.80	20050.20	19069	0	140
2025.03.06	23:00:00	20051.80	20175.00	20036.10	20144.40	9270	0	140
2025.03.07	01:00:00	20178.70	20178.70	20128.10	20146.60	3834	0	140
2025.03.07	02:00:00	20147.20	20161.20	20101.20	20134.50	7326	0	150
2025.03.07	03:00:00	20135.10	20178.80	20121.10	20156.10	8280	0	140
2025.03.07	04:00:00	20156.30	20176.60	20135.30	20155.00	6302	0	140
2025.03.07	05:00:00	20156.40	20158.80	20123.50	20130.40	5441	0	140
2025.03.07	06:00:00	20130.30	20151.10	20118.30	20143.30	4197	0	140
2025.03.07	07:00:00	20143.40	20147.00	20099.30	20112.80	5717	0	140
2025.03.07	08:00:00	20113.60	20117.00	20073.70	20088.10	6961	0	140
2025.03.07	09:00:00	20087.30	20136.10	20080.60	20126.60	7823	0	150
2025.03.07	10:00:00	20126.30	20148.80	20105.30	20128.70	10691	0	150
2025.03.07	11:00:00	20128.70	20187.00	20118.20	20157.00	9787	0	140
2025.03.07	12:00:00	20158.30	20160.00	20117.00	20137.60	7877	0	140
2025.03.07	13:00:00	20137.60	20161.10	20111.00	20144.00	7201	0	140
2025.03.07	14:00:00	20144.00	20144.00	20054.80	20084.10	10746	0	150
2025.03.07	15:00:00	20083.60	20230.10	20000.00	20026.80	14893	0	150
2025.03.07	16:00:00	20026.00	20201.10	19987.00	20100.30	17900	0	140
2025.03.07	17:00:00	20100.40	20151.60	19847.80	19981.80	19888	0	140
2025.03.07	18:00:00	19981.40	19993.60	19726.80	19790.30	19244	0	140
2025.03.07	19:00:00	19790.10	20043.40	19733.60	19904.30	19068	0	140
2025.03.07	20:00:00	19904.80	20136.10	19903.60	20128.90	19086	0	140
2025.03.07	21:00:00	20129.00	20232.80	20081.00	20153.10	18514	0	140
2025.03.07	22:00:00	20152.60	20244.90	20058.30	20187.10	18636	0	140
2025.03.07	23:00:00	20185.60	20185.60	20104.70	20168.90	7707	0	140
2025.03.10	01:00:00	20062.25	20064.75	19962.45	19977.45	6996	0	210
2025.03.10	02:00:00	19977.95	20026.25	19899.15	19998.95	6831	0	210
2025.03.10	03:00:00	19996.95	20032.25	19972.45	20031.15	8732	0	210
2025.03.10	04:00:00	20030.75	20101.45	20025.85	20099.15	8571	0	200
2025.03.10	05:00:00	20098.95	20118.75	20082.65	20102.25	6503	0	180
2025.03.10	06:00:00	20102.15	20116.45	20067.45	20091.45	6204	0	180
2025.03.10	07:00:00	20091.25	20117.75	20056.95	20059.35	5100	0	170
2025.03.10	08:00:00	20059.45	20097.65	20042.95	20055.95	5829	0	180
2025.03.10	09:00:00	20056.25	20089.75	20056.25	20075.15	5479	0	190
2025.03.10	10:00:00	20074.95	20104.65	20050.75	20056.85	7493	0	200
2025.03.10	11:00:00	20057.85	20077.75	19914.35	19923.85	13218	0	210
2025.03.10	12:00:00	19923.75	20020.15	19916.95	19968.25	12857	0	210
2025.03.10	13:00:00	19968.75	19988.65	19905.65	19935.35	9371	0	210
2025.03.10	14:00:00	19934.25	19985.65	19886.75	19915.25	9944	0	210
2025.03.10	15:00:00	19916.15	19919.15	19826.35	19877.75	12199	0	210
2025.03.10	16:00:00	19878.35	19902.85	19711.45	19755.15	17435	0	120
2025.03.10	17:00:00	19750.15	19750.15	19486.95	19519.95	19712	0	120
2025.03.10	18:00:00	19527.15	19667.65	19516.35	19553.65	19188	0	120
2025.03.10	19:00:00	19550.65	19603.55	19489.05	19508.65	18692	0	120
2025.03.10	20:00:00	19509.35	19517.55	19388.95	19407.45	18656	0	120
2025.03.10	21:00:00	19407.65	19462.95	19295.85	19303.15	18501	0	120
2025.03.10	22:00:00	19304.45	19515.95	19237.85	19428.45	19550	0	120
2025.03.10	23:00:00	19428.95	19453.39	19382.39	19442.39	9214	0	120
2025.03.11	01:00:00	19426.15	19427.05	19338.55	19344.25	6347	0	210
2025.03.11	02:00:00	19345.15	19368.35	19200.25	19271.65	9374	0	210
2025.03.11	03:00:00	19272.55	19296.25	19111.35	19174.65	10588	0	210
2025.03.11	04:00:00	19176.05	19238.35	19113.85	19224.35	11767	0	210
2025.03.11	05:00:00	19224.25	19386.75	19214.55	19359.35	12108	0	210
2025.03.11	06:00:00	19358.85	19460.55	19358.85	19403.55	8661	0	200
2025.03.11	07:00:00	19403.15	19461.65	19380.25	19434.05	5729	0	200
2025.03.11	08:00:00	19433.65	19458.65	19413.25	19444.85	6872	0	200
2025.03.11	09:00:00	19443.25	19486.65	19424.65	19440.75	6926	0	200
2025.03.11	10:00:00	19442.85	19461.35	19371.85	19450.25	9202	0	210
2025.03.11	11:00:00	19448.65	19535.55	19436.25	19531.35	11339	0	210
2025.03.11	12:00:00	19530.55	19548.15	19499.15	19511.25	8766	0	210
2025.03.11	13:00:00	19510.65	19529.05	19475.65	19501.65	8886	0	210
2025.03.11	14:00:00	19501.65	19545.05	19439.85	19544.85	10352	0	210
2025.03.11	15:00:00	19542.85	19550.05	19407.85	19420.25	14578	0	210
2025.03.11	16:00:00	19420.65	19566.45	19355.25	19489.05	17806	0	120
2025.03.11	17:00:00	19475.25	19580.25	19233.35	19280.85	20225	0	120
2025.03.11	18:00:00	19280.85	19512.05	19253.95	19391.85	19773	0	120
2025.03.11	19:00:00	19391.05	19413.55	19264.35	19290.05	18975	0	120
2025.03.11	20:00:00	19291.85	19336.05	19170.45	19293.95	18722	0	120
2025.03.11	21:00:00	19293.25	19653.85	19288.45	19607.85	19596	0	120
2025.03.11	22:00:00	19607.35	19644.45	19360.55	19362.05	19647	0	120
2025.03.11	23:00:00	19362.35	19412.69	19339.49	19372.79	9984	0	120
2025.03.12	01:00:00	19373.55	19448.05	19373.55	19437.65	5152	0	210
2025.03.12	02:00:00	19437.65	19447.15	19393.25	19447.15	6285	0	200
2025.03.12	03:00:00	19448.75	19468.85	19411.55	19435.75	8111	0	200
2025.03.12	04:00:00	19436.25	19452.65	19412.65	19441.65	7687	0	190
2025.03.12	05:00:00	19441.45	19461.65	19419.05	19423.95	5244	0	170
2025.03.12	06:00:00	19424.15	19438.35	19405.15	19420.15	4536	0	160
2025.03.12	07:00:00	19419.65	19442.65	19407.15	19423.65	3836	0	170
2025.03.12	08:00:00	19424.65	19453.05	19416.95	19449.95	3915	0	160
2025.03.12	09:00:00	19449.95	19450.15	19366.65	19382.35	5191	0	170
2025.03.12	10:00:00	19382.25	19451.15	19356.55	19443.85	9052	0	210
2025.03.12	11:00:00	19443.55	19524.85	19411.25	19516.05	12555	0	210
2025.03.12	12:00:00	19517.35	19532.15	19493.25	19529.15	9982	0	210
2025.03.12	13:00:00	19529.25	19536.15	19493.85	19520.15	7966	0	200
2025.03.12	14:00:00	19519.35	19577.25	19516.55	19551.75	10068	0	210
2025.03.12	15:00:00	19550.65	19754.96	19534.65	19691.65	14842	0	210
2025.03.12	16:00:00	19692.15	19744.75	19559.95	19614.45	18603	0	120
2025.03.12	17:00:00	19610.35	19694.55	19441.55	19445.85	19642	0	120
2025.03.12	18:00:00	19444.95	19607.35	19365.55	19602.75	19000	0	120
2025.03.12	19:00:00	19603.35	19697.75	19557.35	19595.95	18607	0	120
2025.03.12	20:00:00	19596.55	19689.35	19505.95	19508.75	18163	0	120
2025.03.12	21:00:00	19509.05	19675.35	19502.05	19648.85	17818	0	120
2025.03.12	22:00:00	19648.35	19648.35	19524.55	19578.95	18308	0	120
2025.03.12	23:00:00	19578.85	19579.75	19533.19	19546.29	7497	0	120
2025.03.13	01:00:00	19559.95	19607.95	19550.85	19597.95	5016	0	190
2025.03.13	02:00:00	19598.05	19657.95	19596.85	19655.05	5548	0	190
2025.03.13	03:00:00	19656.55	19664.55	19611.25	19614.55	6644	0	190
2025.03.13	04:00:00	19614.45	19626.95	19578.55	19609.35	7332	0	190
2025.03.13	05:00:00	19608.85	19614.65	19558.45	19562.55	5880	0	180
2025.03.13	06:00:00	19562.55	19563.05	19483.05	19489.85	6840	0	190
2025.03.13	07:00:00	19489.75	19514.95	19435.85	19452.25	6410	0	190
2025.03.13	08:00:00	19452.45	19475.05	19409.35	19435.45	8001	0	210
2025.03.13	09:00:00	19435.75	19469.35	19371.85	19454.05	9240	0	210
2025.03.13	10:00:00	19454.45	19482.35	19388.55	19402.25	10107	0	210
2025.03.13	11:00:00	19401.85	19465.25	19381.05	19463.35	13864	0	210
2025.03.13	12:00:00	19463.45	19579.75	19431.55	19576.75	11054	0	210
2025.03.13	13:00:00	19576.95	19601.75	19531.95	19545.85	9447	0	180
2025.03.13	14:00:00	19547.55	19563.55	19465.95	19502.75	11412	0	210
2025.03.13	15:00:00	19499.35	19561.67	19448.05	19526.35	14597	0	210
2025.03.13	16:00:00	19526.35	19561.35	19311.25	19339.75	17130	0	120
2025.03.13	17:00:00	19338.45	19540.95	19296.55	19394.05	19475	0	120
2025.03.13	18:00:00	19395.05	19446.45	19248.05	19267.65	18848	0	120
2025.03.13	19:00:00	19267.95	19361.55	19212.25	19259.25	18466	0	120
2025.03.13	20:00:00	19259.55	19283.75	19141.65	19162.75	17682	0	120
2025.03.13	21:00:00	19162.75	19347.95	19158.45	19334.25	18070	0	120
2025.03.13	22:00:00	19333.95	19366.55	19156.05	19222.95	18418	0	120
2025.03.13	23:00:00	19223.59	19298.99	19216.39	19266.29	7127	0	132
2025.03.14	01:00:00	19284.05	19351.55	19280.75	19332.35	6121	0	200
2025.03.14	02:00:00	19332.05	19354.75	19318.85	19328.15	6160	0	200
2025.03.14	03:00:00	19328.65	19395.25	19305.05	19370.65	9643	0	210
2025.03.14	04:00:00	19371.25	19402.35	19357.65	19372.65	8792	0	190
2025.03.14	05:00:00	19372.95	19409.35	19370.85	19405.65	6790	0	190
2025.03.14	06:00:00	19405.65	19428.55	19403.15	19420.45	5580	0	180
2025.03.14	07:00:00	19419.35	19428.85	19401.65	19411.95	4021	0	170
2025.03.14	08:00:00	19411.55	19424.55	19374.65	19380.55	5631	0	170
2025.03.14	09:00:00	19380.85	19390.15	19353.65	19382.75	6225	0	190
2025.03.14	10:00:00	19381.85	19391.55	19340.25	19361.65	8241	0	210
2025.03.14	11:00:00	19358.05	19423.05	19345.35	19397.75	12241	0	210
2025.03.14	12:00:00	19397.85	19429.65	19396.85	19411.65	9335	0	210
2025.03.14	13:00:00	19411.85	19455.15	19369.05	19426.85	11257	0	200
2025.03.14	14:00:00	19427.15	19456.85	19394.15	19441.85	10951	0	210
2025.03.14	15:00:00	19442.25	19503.05	19437.15	19465.55	11304	0	200
2025.03.14	16:00:00	19466.15	19590.75	19422.35	19515.32	15868	0	120
2025.03.14	17:00:00	19515.12	19582.95	19411.07	19581.95	18736	0	120
2025.03.14	18:00:00	19582.85	19674.85	19565.45	19652.55	17604	0	110
2025.03.14	19:00:00	19652.65	19679.85	19576.85	19659.05	17190	0	110
2025.03.14	20:00:00	19659.15	19678.85	19592.15	19602.15	17014	0	120
2025.03.14	21:00:00	19602.65	19675.75	19584.95	19647.05	16750	0	90
2025.03.14	22:00:00	19644.85	19715.05	19622.95	19677.95	16963	0	110
2025.03.14	23:00:00	19675.79	19675.79	19613.59	19638.69	8319	0	132
2025.03.17	01:00:00	19636.25	19639.15	19538.95	19548.95	8283	0	210
2025.03.17	02:00:00	19549.55	19589.95	19530.15	19564.05	4810	0	160
2025.03.17	03:00:00	19563.05	19601.45	19543.65	19580.65	8062	0	200
2025.03.17	04:00:00	19580.65	19607.05	19577.55	19587.95	7110	0	190
2025.03.17	05:00:00	19587.75	19589.95	19570.65	19581.05	5978	0	180
2025.03.17	06:00:00	19580.25	19588.65	19563.45	19564.45	5178	0	170
2025.03.17	07:00:00	19563.35	19585.05	19563.25	19574.65	4167	0	170
2025.03.17	08:00:00	19574.45	19578.95	19564.15	19572.65	3952	0	160
2025.03.17	09:00:00	19572.45	19580.65	19541.25	19555.95	4900	0	160
2025.03.17	10:00:00	19556.15	19572.05	19533.25	19569.95	7118	0	180
2025.03.17	11:00:00	19571.45	19605.75	19554.25	19598.15	11850	0	200
2025.03.17	12:00:00	19598.15	19615.25	19583.25	19603.55	8662	0	200
2025.03.17	13:00:00	19603.55	19667.45	19597.05	19658.85	7641	0	190
2025.03.17	14:00:00	19658.75	19695.75	19655.75	19662.25	8902	0	180
2025.03.17	15:00:00	19662.55	19757.05	19639.15	19731.05	12653	0	210
2025.03.17	16:00:00	19730.75	19826.45	19663.95	19768.75	16541	0	110
2025.03.17	17:00:00	19765.25	19795.75	19650.95	19666.15	19002	0	120
2025.03.17	18:00:00	19669.25	19712.85	19607.95	19661.45	18188	0	120
2025.03.17	19:00:00	19661.65	19723.75	19634.95	19678.15	17460	0	120
2025.03.17	20:00:00	19678.25	19812.65	19653.35	19795.15	16674	0	90
2025.03.17	21:00:00	19794.75	19937.75	19794.15	19916.55	16604	0	90
2025.03.17	22:00:00	19915.85	19923.35	19805.75	19812.15	17097	0	100
2025.03.17	23:00:00	19811.95	19816.89	19779.59	19809.79	7164	0	120
2025.03.18	01:00:00	19826.55	19838.45	19817.95	19831.35	4066	0	160
2025.03.18	02:00:00	19831.15	19833.15	19798.15	19802.05	4372	0	160
2025.03.18	03:00:00	19800.65	19808.35	19763.65	19775.25	6591	0	180
2025.03.18	04:00:00	19775.25	19787.55	19725.05	19729.75	7427	0	180
2025.03.18	05:00:00	19729.85	19749.05	19728.35	19741.85	5524	0	150
2025.03.18	06:00:00	19741.95	19745.35	19706.75	19712.25	4675	0	150
2025.03.18	07:00:00	19711.75	19727.65	19692.55	19700.35	3836	0	150
2025.03.18	08:00:00	19700.35	19727.25	19699.05	19725.05	3844	0	160
2025.03.18	09:00:00	19725.65	19752.25	19713.75	19748.05	4896	0	160
2025.03.18	10:00:00	19748.35	19761.95	19734.85	19753.45	6237	0	180
2025.03.18	11:00:00	19753.45	19808.45	19742.15	19795.15	11222	0	200
2025.03.18	12:00:00	19795.75	19809.25	19749.95	19751.15	9371	0	190
2025.03.18	13:00:00	19751.15	19756.55	19697.95	19753.65	11251	0	200
2025.03.18	14:00:00	19754.15	19768.05	19703.25	19743.45	7892	0	190
2025.03.18	15:00:00	19742.25	19749.25	19676.55	19679.55	12122	0	200
2025.03.18	16:00:00	19679.45	19704.55	19435.45	19450.85	17131	0	120
2025.03.18	17:00:00	19449.65	19510.65	19417.45	19458.25	19201	0	120
2025.03.18	18:00:00	19458.25	19477.75	19383.85	19436.65	18374	0	120
2025.03.18	19:00:00	19437.35	19529.15	19428.15	19509.35	17523	0	100
2025.03.18	20:00:00	19509.15	19526.15	19434.95	19489.15	17552	0	120
2025.03.18	21:00:00	19489.25	19559.45	19436.45	19522.95	17223	0	110
2025.03.18	22:00:00	19522.85	19528.85	19439.45	19478.95	17805	0	120
2025.03.18	23:00:00	19479.95	19512.09	19478.59	19488.49	7043	0	120
2025.03.19	01:00:00	19490.85	19508.95	19452.85	19494.45	3598	0	180
2025.03.19	02:00:00	19494.45	19505.65	19472.15	19495.15	3932	0	180
2025.03.19	03:00:00	19494.85	19583.05	19492.15	19561.85	6765	0	190
2025.03.19	04:00:00	19561.65	19572.25	19548.05	19557.05	5329	0	170
2025.03.19	05:00:00	19557.35	19565.95	19539.65	19539.95	4343	0	170
2025.03.19	06:00:00	19540.05	19560.15	19540.05	19549.25	3138	0	150
2025.03.19	07:00:00	19549.45	19550.75	19517.15	19521.55	3111	0	150
2025.03.19	08:00:00	19521.45	19548.15	19509.85	19524.05	3825	0	160
2025.03.19	09:00:00	19523.95	19529.75	19503.35	19525.55	4031	0	160
2025.03.19	10:00:00	19525.35	19525.35	19446.65	19460.25	7619	0	170
2025.03.19	11:00:00	19459.35	19532.65	19457.85	19507.55	10266	0	200
2025.03.19	12:00:00	19507.25	19552.85	19492.15	19549.65	7917	0	200
2025.03.19	13:00:00	19549.75	19571.05	19535.35	19544.55	7254	0	190
2025.03.19	14:00:00	19543.55	19575.55	19534.85	19559.35	7315	0	180
2025.03.19	15:00:00	19559.35	19569.25	19529.05	19546.75	8749	0	200
2025.03.19	16:00:00	19547.75	19630.75	19493.95	19609.85	14802	0	120
2025.03.19	17:00:00	19610.45	19686.75	19574.15	19582.65	17617	0	120
2025.03.19	18:00:00	19582.75	19721.55	19575.65	19704.05	16006	0	90
2025.03.19	19:00:00	19704.25	19717.25	19638.65	19660.35	14988	0	80
2025.03.19	20:00:00	19659.85	19669.65	19570.85	19600.25	15040	0	100
2025.03.19	21:00:00	19580.65	19813.35	19566.75	19809.65	18773	0	120
2025.03.19	22:00:00	19808.35	19925.15	19719.25	19735.75	18949	0	120
2025.03.19	23:00:00	19739.59	19764.89	19724.99	19733.49	5765	0	132
2025.03.20	01:00:00	19745.35	19809.85	19738.55	19795.75	4786	0	160
2025.03.20	02:00:00	19795.75	19817.95	19787.05	19815.45	3829	0	160
2025.03.20	03:00:00	19815.65	19840.75	19795.55	19831.85	4254	0	160
2025.03.20	04:00:00	19831.35	19841.35	19809.35	19812.35	4821	0	150
2025.03.20	05:00:00	19811.75	19857.85	19811.35	19852.35	4396	0	160
2025.03.20	06:00:00	19852.15	19875.95	19852.15	19867.55	3491	0	150
2025.03.20	07:00:00	19867.35	19875.45	19852.75	19863.95	2505	0	150
2025.03.20	08:00:00	19863.95	19873.75	19852.05	19871.35	3163	0	150
2025.03.20	09:00:00	19871.35	19872.75	19828.75	19834.55	4129	0	160
2025.03.20	10:00:00	19834.25	19859.15	19820.65	19824.85	5691	0	180
2025.03.20	11:00:00	19825.55	19856.75	19824.85	19839.25	8461	0	180
2025.03.20	12:00:00	19839.25	19842.85	19719.35	19737.85	10879	0	200
2025.03.20	13:00:00	19738.35	19739.85	19519.55	19599.55	15700	0	210
2025.03.20	14:00:00	19599.35	19645.45	19579.15	19636.35	11210	0	210
2025.03.20	15:00:00	19636.55	19645.05	19607.55	19611.85	11298	0	210
2025.03.20	16:00:00	19611.45	19723.75	19541.65	19720.05	16494	0	120
2025.03.20	17:00:00	19717.55	19888.75	19714.55	19827.85	18322	0	120
2025.03.20	18:00:00	19827.35	19845.85	19749.65	19770.55	17331	0	110
2025.03.20	19:00:00	19770.35	19818.55	19644.85	19660.15	17420	0	120
2025.03.20	20:00:00	19660.15	19725.35	19610.65	19632.55	16647	0	120
2025.03.20	21:00:00	19634.15	19682.35	19580.35	19603.65	16703	0	120
2025.03.20	22:00:00	19600.55	19705.15	19600.35	19666.25	16990	0	120
2025.03.20	23:00:00	19670.05	19696.49	19663.29	19690.59	5477	0	132
2025.03.21	01:00:00	19687.75	19701.35	19672.85	19680.55	2001	0	160
2025.03.21	02:00:00	19680.55	19682.75	19640.45	19679.05	4005	0	170
2025.03.21	03:00:00	19679.35	19719.65	19673.75	19706.65	5629	0	170
2025.03.21	04:00:00	19706.15	19725.65	19693.95	19719.05	5541	0	160
2025.03.21	05:00:00	19718.45	19722.15	19684.55	19696.75	4924	0	170
2025.03.21	06:00:00	19696.75	19697.15	19657.95	19667.85	5322	0	180
2025.03.21	07:00:00	19667.95	19687.05	19654.95	19662.35	3630	0	170
2025.03.21	08:00:00	19662.55	19665.65	19616.45	19643.45	5597	0	170
2025.03.21	09:00:00	19643.45	19685.65	19635.55	19684.65	5401	0	170
2025.03.21	10:00:00	19685.15	19690.05	19613.55	19635.25	7247	0	190
2025.03.21	11:00:00	19635.95	19665.75	19557.75	19590.55	12563	0	210
2025.03.21	12:00:00	19591.55	19608.95	19556.45	19589.85	9675	0	200
2025.03.21	13:00:00	19589.95	19637.95	19563.95	19594.25	9688	0	190
2025.03.21	14:00:00	19593.35	19617.65	19579.75	19585.80	8609	0	0
2025.03.21	15:00:00	19586.30	19623.00	19466.95	19474.25	12095	0	0
2025.03.21	16:00:00	19474.05	19547.35	19401.85	19514.35	18173	0	120
2025.03.21	17:00:00	19514.75	19591.75	19459.15	19589.15	18406	0	120
2025.03.21	18:00:00	19589.35	19606.85	19475.65	19507.85	17891	0	120
2025.03.21	19:00:00	19505.15	19692.25	19477.25	19691.35	17426	0	120
2025.03.21	20:00:00	19688.55	19696.35	19598.25	19654.05	16451	0	100
2025.03.21	21:00:00	19653.55	19684.55	19628.75	19656.65	16217	0	90
2025.03.21	22:00:00	19658.25	19768.95	19609.25	19746.45	16874	0	100
2025.03.21	23:00:00	19747.55	19773.19	19734.09	19761.09	6183	0	120
2025.03.24	01:00:00	19876.35	19887.95	19857.55	19861.65	6004	0	190
2025.03.24	02:00:00	19861.85	19912.55	19854.95	19906.25	4539	0	160
2025.03.24	03:00:00	19907.45	19936.75	19900.85	19921.25	6864	0	170
2025.03.24	04:00:00	19919.95	19925.05	19898.25	19907.95	5709	0	170
2025.03.24	05:00:00	19908.15	19915.65	19897.55	19912.75	3899	0	150
2025.03.24	06:00:00	19912.55	19920.65	19899.45	19902.85	3311	0	150
2025.03.24	07:00:00	19903.35	19912.15	19895.25	19911.15	2300	0	150
2025.03.24	08:00:00	19911.05	19924.55	19910.65	19915.45	2879	0	150
2025.03.24	09:00:00	19916.05	19948.05	19909.05	19945.45	3423	0	150
2025.03.24	10:00:00	19946.05	19971.25	19939.05	19965.75	5208	0	160
2025.03.24	11:00:00	19963.05	20025.25	19957.35	20008.85	9698	0	170
2025.03.24	12:00:00	20009.05	20020.15	19977.75	19987.65	7586	0	180
2025.03.24	13:00:00	19987.85	20028.35	19981.85	20013.15	6177	0	170
2025.03.24	14:00:00	20012.75	20059.85	20008.85	20051.85	7328	0	170
2025.03.24	15:00:00	20052.05	20074.75	20036.25	20071.25	8328	0	180
2025.03.24	16:00:00	20071.35	20137.15	20028.55	20113.55	14168	0	80
2025.03.24	17:00:00	20116.65	20158.35	20073.65	20148.35	16412	0	80
2025.03.24	18:00:00	20148.15	20169.15	20128.65	20154.15	14076	0	80
2025.03.24	19:00:00	20153.95	20179.65	20118.15	20140.65	14208	0	80
2025.03.24	20:00:00	20140.85	20149.15	20108.55	20141.35	13891	0	80
2025.03.24	21:00:00	20141.45	20170.25	20107.85	20165.35	13860	0	80
2025.03.24	22:00:00	20166.35	20207.55	20159.35	20165.45	12789	0	80
2025.03.24	23:00:00	20166.45	20177.79	20155.69	20166.79	4420	0	120
2025.03.25	01:00:00	20160.65	20162.75	20142.85	20149.05	1996	0	150
2025.03.25	02:00:00	20149.05	20167.55	20143.95	20155.25	2186	0	150
2025.03.25	03:00:00	20155.25	20169.85	20134.35	20168.15	5240	0	160
2025.03.25	04:00:00	20167.95	20174.45	20158.85	20161.15	4653	0	160
2025.03.25	05:00:00	20160.65	20160.65	20138.05	20143.95	4038	0	150
2025.03.25	06:00:00	20144.25	20147.95	20130.15	20138.75	2604	0	150
2025.03.25	07:00:00	20138.75	20141.25	20129.05	20136.15	2097	0	150
2025.03.25	08:00:00	20136.05	20142.65	20133.35	20141.25	1991	0	150
2025.03.25	09:00:00	20141.35	20150.85	20133.25	20150.85	2321	0	150
2025.03.25	10:00:00	20150.75	20171.75	20138.25	20138.65	4231	0	160
2025.03.25	11:00:00	20140.35	20150.65	20093.35	20104.15	9243	0	180
2025.03.25	12:00:00	20104.35	20144.15	20096.05	20142.95	6735	0	170
2025.03.25	13:00:00	20141.65	20181.65	20120.35	20173.45	6757	0	170
2025.03.25	14:00:00	20174.85	20215.35	20163.85	20211.05	7717	0	170
2025.03.25	15:00:00	20211.45	20246.25	20203.15	20206.15	8004	0	170
2025.03.25	16:00:00	20206.35	20233.85	20162.65	20213.45	14066	0	100
2025.03.25	17:00:00	20212.55	20290.75	20171.05	20277.15	16403	0	80
2025.03.25	18:00:00	20276.15	20294.25	20231.95	20241.65	14183	0	80
2025.03.25	19:00:00	20241.95	20260.45	20217.15	20249.85	12974	0	80
2025.03.25	20:00:00	20249.45	20279.25	20201.95	20213.95	12621	0	80
2025.03.25	21:00:00	20213.75	20256.25	20202.25	20227.25	13253	0	80
2025.03.25	22:00:00	20226.85	20290.75	20225.25	20287.35	13832	0	80
2025.03.25	23:00:00	20288.19	20323.29	20285.79	20315.79	4120	0	122
2025.03.26	01:00:00	20315.85	20330.15	20305.85	20310.25	2630	0	150
2025.03.26	02:00:00	20310.65	20333.55	20310.55	20325.15	2564	0	150
2025.03.26	03:00:00	20325.25	20337.95	20313.25	20328.85	4149	0	150
2025.03.26	04:00:00	20328.75	20328.75	20306.95	20312.15	4609	0	150
2025.03.26	05:00:00	20312.05	20314.05	20273.35	20295.05	4946	0	150
2025.03.26	06:00:00	20294.25	20295.65	20271.35	20280.85	3274	0	150
2025.03.26	07:00:00	20281.25	20285.35	20274.35	20285.35	2040	0	150
2025.03.26	08:00:00	20285.35	20296.05	20260.05	20261.05	3575	0	150
2025.03.26	09:00:00	20261.05	20276.15	20254.75	20274.75	3729	0	150
2025.03.26	10:00:00	20274.65	20299.25	20271.75	20279.65	4336	0	150
2025.03.26	11:00:00	20279.75	20284.65	20242.25	20253.95	9476	0	180
2025.03.26	12:00:00	20254.25	20269.25	20234.25	20234.25	7971	0	180
2025.03.26	13:00:00	20234.35	20275.15	20230.95	20274.85	6573	0	160
2025.03.26	14:00:00	20274.85	20294.15	20260.25	20283.95	5831	0	160
2025.03.26	15:00:00	20283.95	20285.85	20251.45	20281.65	8257	0	160
2025.03.26	16:00:00	20281.55	20287.25	20108.55	20118.65	14483	0	80
2025.03.26	17:00:00	20118.05	20155.15	20028.95	20097.25	17542	0	110
2025.03.26	18:00:00	20097.25	20121.85	19972.25	19994.05	16188	0	90
2025.03.26	19:00:00	19992.65	20019.25	19928.35	19936.15	16260	0	90
2025.03.26	20:00:00	19934.15	19960.85	19880.75	19886.95	16425	0	90
2025.03.26	21:00:00	19887.05	19949.25	19853.85	19861.05	15356	0	80
2025.03.26	22:00:00	19860.25	19937.95	19848.75	19916.25	16313	0	90
2025.03.26	23:00:00	19916.95	19922.69	19888.79	19902.49	5691	0	120
2025.03.27	01:00:00	19877.05	19901.05	19809.25	19823.95	7572	0	180
2025.03.27	02:00:00	19824.15	19875.85	19818.05	19864.35	5807	0	170
2025.03.27	03:00:00	19864.35	19898.45	19854.65	19877.45	7373	0	190
2025.03.27	04:00:00	19877.75	19906.35	19875.95	19893.75	7207	0	180
2025.03.27	05:00:00	19893.65	19928.55	19893.55	19923.75	5163	0	160
2025.03.27	06:00:00	19923.85	19952.65	19920.95	19939.45	4235	0	150
2025.03.27	07:00:00	19939.55	19952.85	19931.45	19939.65	3117	0	150
2025.03.27	08:00:00	19939.45	19949.25	19917.85	19919.65	4200	0	150
2025.03.27	09:00:00	19919.95	19945.15	19908.95	19917.85	5796	0	170
2025.03.27	10:00:00	19917.65	19925.45	19874.15	19878.75	8206	0	190
2025.03.27	11:00:00	19879.75	19919.85	19826.05	19917.05	13101	0	210
2025.03.27	12:00:00	19917.55	19934.35	19899.55	19922.35	9324	0	200
2025.03.27	13:00:00	19922.55	19943.25	19878.85	19880.55	9178	0	200
2025.03.27	14:00:00	19880.35	19902.35	19836.35	19894.35	10105	0	200
2025.03.27	15:00:00	19894.35	19910.05	19855.15	19870.15	11474	0	210
2025.03.27	16:00:00	19870.05	19895.05	19744.85	19882.55	15966	0	120
2025.03.27	17:00:00	19878.55	20004.75	19834.05	19994.55	17915	0	120
2025.03.27	18:00:00	19995.35	19999.05	19848.05	19853.35	17102	0	110
2025.03.27	19:00:00	19854.75	19960.95	19812.25	19814.55	16941	0	110
2025.03.27	20:00:00	19814.75	19876.05	19807.85	19820.35	16703	0	110
2025.03.27	21:00:00	19820.85	19914.95	19816.85	19851.45	16562	0	90
2025.03.27	22:00:00	19850.05	19935.25	19780.95	19800.55	16936	0	120
2025.03.27	23:00:00	19801.55	19823.79	19793.29	19819.79	6184	0	120
2025.03.28	01:00:00	19806.95	19817.85	19790.45	19801.55	3475	0	150
2025.03.28	02:00:00	19801.85	19806.45	19764.35	19775.65	5142	0	150
2025.03.28	03:00:00	19775.75	19796.95	19743.75	19795.25	6042	0	170
2025.03.28	04:00:00	19795.05	19802.35	19773.45	19775.85	6135	0	160
2025.03.28	05:00:00	19775.75	19808.25	19773.75	19794.45	4958	0	150
2025.03.28	06:00:00	19795.25	19803.35	19779.15	19799.85	3881	0	150
2025.03.28	07:00:00	19799.45	19801.85	19777.35	19792.35	3087	0	150
2025.03.28	08:00:00	19792.35	19799.05	19774.55	19786.15	4498	0	150
2025.03.28	09:00:00	19785.85	19819.25	19732.15	19734.05	5175	0	160
2025.03.28	10:00:00	19733.85	19755.75	19656.35	19668.65	9779	0	190
2025.03.28	11:00:00	19668.35	19721.85	19663.65	19715.25	12484	0	210
2025.03.28	12:00:00	19715.55	19739.35	19708.05	19719.55	8215	0	180
2025.03.28	13:00:00	19720.45	19779.75	19717.55	19762.15	8653	0	200
2025.03.28	14:00:00	19762.05	19769.25	19719.35	19758.95	9126	0	190
2025.03.28	15:00:00	19753.65	19765.65	19674.25	19675.35	12650	0	200
2025.03.28	16:00:00	19675.75	19776.25	19652.05	19667.85	17179	0	120
2025.03.28	17:00:00	19648.25	19690.25	19392.25	19417.05	18356	0	120
2025.03.28	18:00:00	19416.45	19443.75	19354.75	19354.75	17290	0	110
2025.03.28	19:00:00	19354.85	19393.75	19297.75	19304.15	16102	0	100
2025.03.28	20:00:00	19303.35	19309.95	19252.05	19295.05	16031	0	90
2025.03.28	21:00:00	19295.05	19330.25	19257.15	19293.85	15322	0	80
2025.03.28	22:00:00	19294.05	19315.05	19233.95	19272.75	15836	0	100
2025.03.28	23:00:00	19273.05	19273.25	19194.09	19197.69	8065	0	120
2025.03.31	01:00:00	19116.25	19139.85	19103.85	19130.15	6934	0	180
2025.03.31	02:00:00	19130.15	19130.85	19035.55	19075.75	9686	0	200
2025.03.31	03:00:00	19074.85	19078.15	18977.75	19029.55	13187	0	210
2025.03.31	04:00:00	19029.75	19088.75	19029.05	19059.55	11413	0	210
2025.03.31	05:00:00	19059.25	19071.55	19027.05	19044.45	8414	0	180
2025.03.31	06:00:00	19044.55	19049.95	18997.35	19017.65	7643	0	180
2025.03.31	07:00:00	19017.65	19054.55	18999.75	19046.25	6397	0	170
2025.03.31	08:00:00	19046.45	19077.05	19037.25	19055.75	7122	0	180
2025.03.31	09:00:00	19055.45	19063.05	19011.25	19037.05	9929	0	190
2025.03.31	10:00:00	19034.85	19082.65	19016.25	19078.15	13841	0	210
2025.03.31	11:00:00	19078.05	19089.25	19020.25	19021.65	12044	0	210
2025.03.31	12:00:00	19020.25	19050.55	18981.15	19013.25	10981	0	210
2025.03.31	13:00:00	19013.25	19048.25	18999.75	19032.75	9849	0	210
2025.03.31	14:00:00	19032.75	19046.05	18936.25	18988.65	12371	0	210
2025.03.31	15:00:00	18988.55	19039.65	18966.25	19038.05	12051	0	210
2025.03.31	16:00:00	19038.15	19053.75	18795.55	18906.85	16329	0	120
2025.03.31	17:00:00	18907.45	18985.45	18873.95	18956.95	18437	0	120
2025.03.31	18:00:00	18956.85	19077.55	18931.95	19038.35	17897	0	120
2025.03.31	19:00:00	19041.45	19103.85	18992.55	19035.85	16952	0	120
2025.03.31	20:00:00	19033.85	19124.85	19026.65	19041.65	16825	0	120
2025.03.31	21:00:00	19042.25	19234.25	19038.65	19167.55	17316	0	120
2025.03.31	22:00:00	19165.55	19308.25	19165.05	19267.15	17780	0	120
2025.03.31	23:00:00	19268.59	19270.79	19210.99	19239.79	6898	0	132
2025.04.01	01:00:00	19219.05	19223.85	19147.45	19195.25	7094	0	190
2025.04.01	02:00:00	19195.65	19227.05	19160.35	19179.25	7079	0	200
2025.04.01	03:00:00	19179.45	19184.25	19114.05	19139.75	9347	0	210
2025.04.01	04:00:00	19139.55	19166.75	19104.75	19161.55	9158	0	190
2025.04.01	05:00:00	19162.15	19202.65	19155.85	19200.85	6548	0	170
2025.04.01	06:00:00	19201.05	19206.65	19175.65	19181.55	5320	0	160
2025.04.01	07:00:00	19181.65	19188.05	19155.65	19186.25	4948	0	160
2025.04.01	08:00:00	19187.05	19220.25	19178.65	19180.25	6514	0	160
2025.04.01	09:00:00	19180.25	19256.45	19170.85	19250.85	8421	0	200
2025.04.01	10:00:00	19251.55	19299.35	19202.25	19215.35	12782	0	210
2025.04.01	11:00:00	19215.05	19293.25	19205.05	19289.35	9820	0	200
2025.04.01	12:00:00	19289.35	19331.35	19281.05	19307.85	8420	0	190
2025.04.01	13:00:00	19308.55	19311.85	19164.45	19225.85	13391	0	210
2025.04.01	14:00:00	19225.95	19227.85	19132.45	19174.45	13064	0	210
2025.04.01	15:00:00	19174.75	19214.55	19159.35	19203.05	13244	0	210
2025.04.01	16:00:00	19203.05	19281.75	19159.65	19203.22	16267	0	120
2025.04.01	17:00:00	19230.77	19341.55	19082.45	19337.95	18693	0	120
2025.04.01	18:00:00	19334.95	19428.05	19326.15	19414.05	17734	0	120
2025.04.01	19:00:00	19415.05	19465.35	19319.55	19386.05	17702	0	120
2025.04.01	20:00:00	19385.55	19404.35	19323.15	19327.65	17260	0	120
2025.04.01	21:00:00	19327.95	19336.05	19207.45	19270.55	17354	0	120
2025.04.01	22:00:00	19270.45	19448.15	19260.65	19425.45	17030	0	120
2025.04.01	23:00:00	19425.35	19449.79	19396.89	19417.39	7468	0	120
2025.04.02	01:00:00	19432.75	19514.45	19432.25	19466.55	5323	0	190
2025.04.02	02:00:00	19466.55	19488.75	19454.05	19466.25	5451	0	190
2025.04.02	03:00:00	19465.75	19468.75	19379.95	19394.55	9817	0	200
2025.04.02	04:00:00	19394.55	19425.05	19383.75	19416.55	7942	0	190
2025.04.02	05:00:00	19416.75	19421.15	19390.85	19402.75	6190	0	160
2025.04.02	06:00:00	19402.95	19411.55	19384.25	19391.05	3818	0	150
2025.04.02	07:00:00	19390.95	19413.85	19388.05	19413.15	3316	0	150
2025.04.02	08:00:00	19412.95	19414.05	19371.85	19380.15	4424	0	150
2025.04.02	09:00:00	19379.15	19412.15	19367.25	19386.25	6558	0	190
2025.04.02	10:00:00	19386.05	19407.45	19339.25	19357.55	11674	0	210
2025.04.02	11:00:00	19357.95	19387.55	19321.75	19352.15	10019	0	200
2025.04.02	12:00:00	19351.95	19376.95	19334.15	19338.55	8158	0	200
2025.04.02	13:00:00	19338.65	19346.05	19276.65	19293.45	11515	0	210
2025.04.02	14:00:00	19294.45	19305.05	19246.65	19251.15	10370	0	210
2025.04.02	15:00:00	19251.95	19253.25	19165.95	19210.65	14330	0	210
2025.04.02	16:00:00	19210.15	19404.75	19143.15	19356.15	16514	0	120
2025.04.02	17:00:00	19344.65	19463.75	19316.35	19457.15	18255	0	120
2025.04.02	18:00:00	19452.45	19538.35	19403.45	19493.35	17934	0	120
2025.04.02	19:00:00	19493.75	19653.15	19482.95	19638.35	17042	0	110
2025.04.02	20:00:00	19638.65	19714.25	19543.95	19569.45	17152	0	110
2025.04.02	21:00:00	19569.45	19585.65	19430.65	19432.15	17708	0	120
2025.04.02	22:00:00	19432.95	19617.55	19432.95	19572.45	17701	0	120
2025.04.02	23:00:00	19571.35	19867.09	18902.79	19034.49	14246	0	120
2025.04.03	01:00:00	18780.35	18805.85	18643.35	18772.85	10017	0	210
2025.04.03	02:00:00	18772.85	18772.85	18669.15	18701.65	8489	0	210
2025.04.03	03:00:00	18704.65	18891.15	18704.65	18818.45	11924	0	210
2025.04.03	04:00:00	18819.15	18947.85	18817.85	18902.45	10803	0	210
2025.04.03	05:00:00	18901.15	18957.55	18884.15	18955.65	8724	0	210
2025.04.03	06:00:00	18955.55	18962.65	18892.85	18927.45	6620	0	210
2025.04.03	07:00:00	18927.95	18971.15	18921.95	18945.35	5653	0	210
2025.04.03	08:00:00	18945.35	18965.35	18862.35	18865.15	7095	0	210
2025.04.03	09:00:00	18865.35	18922.15	18846.95	18867.95	8604	0	210
2025.04.03	10:00:00	18869.45	18948.35	18849.35	18919.55	11824	0	210
2025.04.03	11:00:00	18919.35	18994.45	18900.95	18976.35	10199	0	210
2025.04.03	12:00:00	18974.85	18999.35	18841.35	18856.85	9144	0	210
2025.04.03	13:00:00	18856.85	18869.95	18771.95	18815.15	10909	0	210
2025.04.03	14:00:00	18816.15	18859.65	18782.05	18811.55	10685	0	210
2025.04.03	15:00:00	18809.95	18883.65	18668.55	18674.55	13938	0	210
2025.04.03	16:00:00	18672.85	18896.85	18653.85	18812.57	18609	0	120
2025.04.03	17:00:00	18786.07	18826.06	18586.35	18591.05	19047	0	120
2025.04.03	18:00:00	18589.55	18757.75	18544.25	18708.85	18545	0	120
2025.04.03	19:00:00	18707.65	18810.35	18682.85	18698.55	18307	0	120
2025.04.03	20:00:00	18700.85	18741.85	18636.05	18637.35	17415	0	120
2025.04.03	21:00:00	18637.55	18691.05	18584.25	18679.75	17591	0	120
2025.04.03	22:00:00	18679.75	18690.55	18500.95	18522.65	18228	0	120
2025.04.03	23:00:00	18522.05	18543.69	18449.99	18472.89	10355	0	120
2025.04.04	01:00:00	18529.25	18531.55	18437.15	18485.55	4976	0	200
2025.04.04	02:00:00	18485.95	18528.15	18457.75	18496.05	7037	0	200
2025.04.04	03:00:00	18496.15	18555.05	18480.75	18515.55	11392	0	210
2025.04.04	04:00:00	18515.55	18541.65	18475.65	18481.55	9345	0	210
2025.04.04	05:00:00	18481.65	18521.55	18477.15	18477.25	7839	0	200
2025.04.04	06:00:00	18476.95	18479.45	18365.05	18403.55	9882	0	200
2025.04.04	07:00:00	18403.75	18415.45	18317.95	18326.25	9168	0	210
2025.04.04	08:00:00	18326.25	18485.55	18304.65	18483.95	11637	0	210
2025.04.04	09:00:00	18483.55	18517.15	18447.75	18447.75	11087	0	210
2025.04.04	10:00:00	18448.05	18491.15	18420.95	18427.45	16046	0	210
2025.04.04	11:00:00	18427.25	18499.65	18408.75	18429.55	15663	0	210
2025.04.04	12:00:00	18436.05	18439.65	18364.05	18414.25	14384	0	210
2025.04.04	13:00:00	18414.25	18442.55	17874.45	17927.45	17378	0	210
2025.04.04	14:00:00	17929.45	17999.75	17663.45	17969.95	16763	0	210
2025.04.04	15:00:00	17968.75	18079.17	17872.95	18051.55	16251	0	210
2025.04.04	16:00:00	18050.95	18114.45	17848.75	18037.15	19345	0	120
2025.04.04	17:00:00	18036.75	18040.75	17505.25	17710.15	19843	0	120
2025.04.04	18:00:00	17706.75	17995.65	17681.65	17732.95	20005	0	120
2025.04.04	19:00:00	17733.25	17829.45	17567.65	17605.05	19305	0	120
2025.04.04	20:00:00	17605.05	17721.45	17473.75	17720.15	19048	0	120
2025.04.04	21:00:00	17721.05	17766.15	17403.75	17478.45	19036	0	120
2025.04.04	22:00:00	17477.45	17724.55	17383.95	17389.45	19445	0	120
2025.04.04	23:00:00	17389.39	17423.19	17241.19	17351.19	13951	0	132
2025.04.07	01:00:00	16556.35	16704.45	16421.45	16528.05	9181	0	210
2025.04.07	02:00:00	16528.05	16650.95	16322.45	16581.55	8200	0	210
2025.04.07	03:00:00	16582.55	16633.45	16369.35	16628.15	14235	0	210
2025.04.07	04:00:00	16628.35	16870.65	16589.95	16842.95	16141	0	210
2025.04.07	05:00:00	16843.35	16884.45	16717.95	16755.15	14337	0	210
2025.04.07	06:00:00	16755.15	16760.05	16598.95	16670.85	13672	0	210
2025.04.07	07:00:00	16670.45	16719.45	16529.05	16595.95	11981	0	210
2025.04.07	08:00:00	16596.15	16772.45	16565.15	16619.95	12730	0	210
2025.04.07	09:00:00	16618.45	16676.05	16368.95	16402.05	12502	0	210
2025.04.07	10:00:00	16402.35	16555.15	16341.15	16541.45	16169	0	210
2025.04.07	11:00:00	16541.35	16815.85	16530.15	16703.05	15230	0	210
2025.04.07	12:00:00	16702.95	16812.65	16608.55	16749.35	13350	0	210
2025.04.07	13:00:00	16749.45	17136.55	16716.05	16982.45	15568	0	210
2025.04.07	14:00:00	16981.65	17090.85	16863.35	16921.85	15964	0	210
2025.04.07	15:00:00	16922.45	17090.55	16821.85	17026.35	17918	0	210
2025.04.07	16:00:00	17025.15	17155.35	16535.65	17134.65	18903	0	120
2025.04.07	17:00:00	17126.35	18216.99	17025.19	17516.29	20294	0	120
2025.04.07	18:00:00	17525.49	17657.59	17015.19	17250.29	19959	0	132
2025.04.07	19:00:00	17247.09	17356.49	17076.09	17114.09	19161	0	132
2025.04.07	20:00:00	17113.59	17652.29	17108.09	17639.99	19273	0	132
2025.04.07	21:00:00	17641.69	17679.69	17359.69	17391.19	19469	0	132
2025.04.07	22:00:00	17391.19	17521.59	17266.19	17416.19	19911	0	132
2025.04.07	23:00:00	17421.49	17616.79	17403.79	17491.99	10863	0	132
2025.04.08	01:00:00	17526.25	17613.75	17526.25	17611.45	4206	0	200
2025.04.08	02:00:00	17611.39	17644.79	17588.59	17627.49	5980	0	212
2025.04.08	03:00:00	17622.59	17717.69	17566.59	17575.49	12441	0	222
2025.04.08	04:00:00	17572.69	17746.29	17525.59	17729.49	13845	0	222
2025.04.08	05:00:00	17728.59	17736.09	17670.69	17681.09	8128	0	222
2025.04.08	06:00:00	17679.19	17697.19	17602.09	17633.79	7767	0	222
2025.04.08	07:00:00	17633.69	17658.29	17570.59	17643.09	6485	0	222
2025.04.08	08:00:00	17641.49	17646.19	17531.19	17614.19	7050	0	222
2025.04.08	09:00:00	17614.79	17663.69	17564.79	17645.19	7733	0	222
2025.04.08	10:00:00	17640.29	17744.05	17613.29	17741.65	13326	0	210
2025.04.08	11:00:00	17741.75	17753.05	17575.65	17687.35	12488	0	210
2025.04.08	12:00:00	17687.15	17691.85	17583.35	17586.15	10109	0	210
2025.04.08	13:00:00	17585.75	17681.35	17556.35	17646.25	11999	0	210
2025.04.08	14:00:00	17648.05	17883.35	17622.85	17877.85	14362	0	210
2025.04.08	15:00:00	17875.35	17923.35	17788.55	17846.35	17862	0	210
2025.04.08	16:00:00	17844.65	18127.25	17826.75	18109.75	19492	0	120
2025.04.08	17:00:00	18103.55	18218.05	17980.35	17982.05	19805	0	120
2025.04.08	18:00:00	17982.85	18043.95	17815.45	17916.05	19557	0	120
2025.04.08	19:00:00	17916.45	17936.05	17518.05	17524.05	19851	0	120
2025.04.08	20:00:00	17526.05	17622.75	17351.95	17531.45	20119	0	120
2025.04.08	21:00:00	17533.75	17561.85	17302.75	17304.35	19766	0	120
2025.04.08	22:00:00	17302.05	17324.45	16836.75	17097.35	20147	0	120
2025.04.08	23:00:00	17095.45	17188.59	17002.59	17090.59	12775	0	120
2025.04.09	01:00:00	16970.95	17002.25	16839.05	16934.65	8294	0	210
2025.04.09	02:00:00	16934.65	16934.65	16744.95	16860.25	9818	0	210
2025.04.09	03:00:00	16860.45	16865.15	16711.45	16765.55	10887	0	210
2025.04.09	04:00:00	16764.05	17013.75	16717.25	16983.55	12123	0	210
2025.04.09	05:00:00	16983.75	17065.75	16902.15	16919.65	11437	0	210
2025.04.09	06:00:00	16911.55	16960.05	16770.25	16796.25	10770	0	210
2025.04.09	07:00:00	16797.65	16882.65	16619.15	16689.55	11894	0	210
2025.04.09	08:00:00	16690.25	16762.05	16605.05	16761.95	11427	0	210
2025.04.09	09:00:00	16762.65	16986.95	16756.45	16889.25	10330	0	210
2025.04.09	10:00:00	16888.75	17291.45	16876.75	17211.95	14667	0	210
2025.04.09	11:00:00	17209.95	17284.25	16996.55	17218.25	12520	0	210
2025.04.09	12:00:00	17217.95	17265.45	17092.05	17138.15	9838	0	210
2025.04.09	13:00:00	17138.25	17239.45	16998.15	17112.75	13280	0	210
2025.04.09	14:00:00	17115.45	17115.45	16739.25	16824.65	14557	0	210
2025.04.09	15:00:00	16825.45	17084.25	16768.65	16996.65	13207	0	210
2025.04.09	16:00:00	16993.75	17418.25	16988.75	17316.65	18548	0	120
2025.04.09	17:00:00	17313.95	17462.35	17087.25	17092.45	20033	0	120
2025.04.09	18:00:00	17092.95	17328.45	17082.25	17188.15	19290	0	120
2025.04.09	19:00:00	17188.45	17446.85	17149.45	17398.35	18759	0	120
2025.04.09	20:00:00	17398.85	18763.85	17290.45	18743.35	18400	0	120
2025.04.09	21:00:00	18743.35	18977.69	18612.65	18627.09	20377	0	120
2025.04.09	22:00:00	18627.59	19234.59	18571.39	19120.39	20078	0	132
2025.04.09	23:00:00	19121.49	19215.89	19078.89	19176.49	12120	0	132
2025.04.10	01:00:00	19099.75	19202.95	19099.75	19198.25	5292	0	210
2025.04.10	02:00:00	19196.35	19234.89	19140.89	19165.29	5355	0	210
2025.04.10	03:00:00	19159.99	19186.79	18995.39	19078.79	13926	0	222
2025.04.10	04:00:00	19078.19	19129.49	18967.39	18999.99	13739	0	222
2025.04.10	05:00:00	18998.99	19037.89	18955.99	18955.99	10522	0	222
2025.04.10	06:00:00	18955.89	18964.69	18822.69	18866.49	11010	0	222
2025.04.10	07:00:00	18866.69	18919.79	18830.39	18898.39	9125	0	222
2025.04.10	08:00:00	18898.39	19003.79	18869.89	19002.99	9937	0	222
2025.04.10	09:00:00	19005.89	19013.69	18915.79	18971.45	12229	0	210
2025.04.10	10:00:00	18971.75	19037.45	18717.75	18748.75	16592	0	210
2025.04.10	11:00:00	18764.45	18811.05	18558.55	18634.45	15565	0	210
2025.04.10	12:00:00	18634.35	18755.45	18602.95	18702.45	13901	0	210
2025.04.10	13:00:00	18703.25	18855.45	18698.95	18726.55	13503	0	210
2025.04.10	14:00:00	18728.75	18808.05	18719.25	18778.05	12227	0	210
2025.04.10	15:00:00	18778.05	18834.85	18586.05	18675.45	17008	0	210
2025.04.10	16:00:00	18675.45	18751.45	18512.65	18515.95	19148	0	120
2025.04.10	17:00:00	18513.65	18651.45	18421.05	18441.95	19687	0	120
2025.04.10	18:00:00	18436.55	18532.95	18114.25	18135.45	19197	0	120
2025.04.10	19:00:00	18135.35	18188.55	17776.95	18167.75	20052	0	120
2025.04.10	20:00:00	18167.05	18367.25	17894.25	18315.25	19590	0	120
2025.04.10	21:00:00	18314.85	18526.55	18157.75	18391.95	19808	0	120
2025.04.10	22:00:00	18396.85	18513.75	18098.45	18338.95	19944	0	120
2025.04.10	23:00:00	18339.86	18430.26	18293.66	18327.06	10738	0	138
2025.04.11	01:00:00	18380.65	18456.25	18366.25	18383.75	5723	0	210
2025.04.11	02:00:00	18384.25	18393.55	18174.95	18213.45	6864	0	210
2025.04.11	03:00:00	18212.25	18220.75	17931.25	18043.65	11028	0	210
2025.04.11	04:00:00	18041.65	18233.25	18020.05	18225.05	9441	0	210
2025.04.11	05:00:00	18223.55	18304.65	18118.75	18217.45	9678	0	210
2025.04.11	06:00:00	18217.15	18388.95	18215.55	18336.45	8452	0	210
2025.04.11	07:00:00	18336.45	18405.45	18309.05	18345.25	7886	0	210
2025.04.11	08:00:00	18347.45	18567.15	18294.75	18556.75	8068	0	210
2025.04.11	09:00:00	18557.55	18650.75	18527.95	18542.55	11288	0	210
2025.04.11	10:00:00	18544.55	18553.45	18412.25	18421.25	14747	0	210
2025.04.11	11:00:00	18421.25	18472.05	18173.95	18255.65	15429	0	210
2025.04.11	12:00:00	18254.95	18508.55	18217.05	18501.45	14422	0	210
2025.04.11	13:00:00	18500.85	18561.65	18438.35	18491.15	14051	0	210
2025.04.11	14:00:00	18491.55	18515.35	18324.95	18425.85	13571	0	210
2025.04.11	15:00:00	18424.55	18526.45	18340.65	18351.55	14480	0	210
2025.04.11	16:00:00	18351.55	18508.15	18216.05	18425.88	18928	0	120
2025.04.11	17:00:00	18392.31	18483.55	18135.35	18277.35	19923	0	120
2025.04.11	18:00:00	18276.45	18436.85	18186.25	18430.15	19363	0	120
2025.04.11	19:00:00	18430.35	18647.45	18394.85	18598.45	18862	0	120
2025.04.11	20:00:00	18601.95	18735.45	18457.85	18684.15	19135	0	120
2025.04.11	21:00:00	18684.25	18700.15	18576.45	18601.65	18914	0	120
2025.04.11	22:00:00	18602.95	18729.35	18598.95	18672.95	18717	0	120
2025.04.11	23:00:00	18667.56	18699.96	18645.96	18697.46	7966	0	138
2025.04.14	01:00:00	18929.85	18980.05	18800.95	18825.15	10704	0	210
2025.04.14	02:00:00	18828.85	18920.65	18802.15	18881.65	9644	0	210
2025.04.14	03:00:00	18881.55	18945.05	18859.85	18876.15	11637	0	210
2025.04.14	04:00:00	18876.45	18896.35	18825.55	18875.45	10810	0	210
2025.04.14	05:00:00	18875.55	18928.95	18873.85	18917.75	8704	0	200
2025.04.14	06:00:00	18917.45	18947.35	18870.25	18922.65	8233	0	170
2025.04.14	07:00:00	18922.75	18995.25	18916.75	18982.25	6206	0	170
2025.04.14	08:00:00	18981.15	18989.85	18940.05	18952.35	6904	0	200
2025.04.14	09:00:00	18951.85	19016.45	18932.35	18984.75	8334	0	210
2025.04.14	10:00:00	18984.35	19027.35	18938.25	19021.05	11342	0	210
2025.04.14	11:00:00	19022.05	19045.05	18979.95	18984.25	9547	0	210
2025.04.14	12:00:00	18984.35	19008.95	18889.25	18930.45	9429	0	210
2025.04.14	13:00:00	18930.75	18968.25	18908.55	18967.25	7866	0	210
2025.04.14	14:00:00	18966.95	19036.95	18931.25	18936.45	11186	0	210
2025.04.14	15:00:00	18936.75	19059.55	18928.95	19048.15	12733	0	210
2025.04.14	16:00:00	19048.35	19117.65	18851.85	18909.55	17525	0	120
2025.04.14	17:00:00	18915.45	19053.55	18893.85	18991.15	19012	0	120
2025.04.14	18:00:00	18989.85	19012.55	18667.15	18691.35	18556	0	120
2025.04.14	19:00:00	18691.55	18760.05	18602.15	18646.85	18874	0	120
2025.04.14	20:00:00	18647.05	18814.05	18637.65	18802.25	18369	0	120
2025.04.14	21:00:00	18801.85	18904.25	18798.05	18874.85	16958	0	120
2025.04.14	22:00:00	18876.55	18955.95	18782.05	18801.25	17824	0	120
2025.04.14	23:00:00	18800.35	18821.56	18652.66	18772.66	11132	0	120
2025.04.15	01:00:00	18756.55	18758.55	18672.85	18678.35	3682	0	210
2025.04.15	02:00:00	18678.35	18741.15	18676.05	18711.95	6953	0	200
2025.04.15	03:00:00	18710.85	18785.05	18710.85	18776.05	8765	0	210
2025.04.15	04:00:00	18775.05	18811.05	18756.85	18762.05	8268	0	200
2025.04.15	05:00:00	18762.45	18798.55	18731.15	18735.35	7963	0	180
2025.04.15	06:00:00	18737.35	18783.65	18723.35	18776.55	6110	0	170
2025.04.15	07:00:00	18776.65	18794.55	18754.05	18775.15	5711	0	170
2025.04.15	08:00:00	18775.25	18782.25	18731.15	18752.85	6559	0	190
2025.04.15	09:00:00	18752.65	18785.05	18738.85	18783.15	7537	0	190
2025.04.15	10:00:00	18783.85	18902.15	18779.85	18872.45	12040	0	210
2025.04.15	11:00:00	18872.35	18882.55	18826.55	18862.45	12092	0	210
2025.04.15	12:00:00	18862.55	18887.85	18824.85	18841.65	10240	0	210
2025.04.15	13:00:00	18841.55	18869.95	18811.15	18845.45	9545	0	210
2025.04.15	14:00:00	18845.95	18855.45	18732.55	18749.45	11892	0	210
2025.04.15	15:00:00	18750.95	18804.15	18697.85	18797.95	14162	0	210
2025.04.15	16:00:00	18798.55	18979.55	18798.55	18930.85	16816	0	120
2025.04.15	17:00:00	18930.75	19006.85	18789.65	18881.55	18971	0	120
2025.04.15	18:00:00	18881.55	18950.35	18846.25	18912.15	18179	0	120
2025.04.15	19:00:00	18912.25	18952.65	18807.35	18827.15	16578	0	120
2025.04.15	20:00:00	18826.75	18871.65	18771.15	18814.15	17342	0	120
2025.04.15	21:00:00	18814.35	18856.35	18747.85	18838.05	17148	0	120
2025.04.15	22:00:00	18836.75	18862.55	18785.55	18823.05	16938	0	120
2025.04.15	23:00:00	18822.85	18840.76	18792.26	18803.36	6511	0	120
2025.04.16	01:00:00	18598.15	18640.85	18576.55	18612.15	7716	0	210
2025.04.16	02:00:00	18611.65	18625.25	18559.65	18592.75	8222	0	210
2025.04.16	03:00:00	18592.85	18600.15	18501.55	18534.55	10152	0	200
2025.04.16	04:00:00	18534.55	18594.65	18534.55	18570.85	7792	0	180
2025.04.16	05:00:00	18574.75	18586.05	18541.65	18557.65	7205	0	190
2025.04.16	06:00:00	18557.85	18584.95	18536.35	18538.05	5772	0	170
2025.04.16	07:00:00	18538.35	18547.15	18522.05	18531.05	5131	0	170
2025.04.16	08:00:00	18532.45	18533.35	18369.05	18390.05	11948	0	200
2025.04.16	09:00:00	18389.75	18463.65	18378.05	18440.15	9856	0	210
2025.04.16	10:00:00	18440.25	18479.35	18377.25	18385.55	11607	0	210
2025.04.16	11:00:00	18385.35	18723.85	18379.25	18575.85	14805	0	210
2025.04.16	12:00:00	18576.25	18626.65	18541.25	18542.35	11649	0	210
2025.04.16	13:00:00	18543.15	18593.35	18535.25	18553.75	9933	0	210
2025.04.16	14:00:00	18553.35	18587.55	18517.15	18559.35	10467	0	210
2025.04.16	15:00:00	18559.25	18577.05	18495.25	18500.55	12465	0	210
2025.04.16	16:00:00	18501.05	18543.35	18388.95	18388.95	17537	0	120
2025.04.16	17:00:00	18388.45	18533.55	18376.05	18493.75	18072	0	120
2025.04.16	18:00:00	18494.05	18599.95	18443.25	18453.85	17251	0	120
2025.04.16	19:00:00	18453.75	18482.05	18413.95	18429.25	16901	0	120
2025.04.16	20:00:00	18429.75	18464.45	18159.05	18161.65	17892	0	120
2025.04.16	21:00:00	18161.65	18255.75	18078.75	18082.05	18509	0	120
2025.04.16	22:00:00	18081.65	18269.75	17987.05	18257.05	18376	0	120
2025.04.16	23:00:00	18258.26	18310.56	18235.56	18259.36	10021	0	138
2025.04.17	01:00:00	18293.95	18294.65	18243.25	18280.35	5869	0	200
2025.04.17	02:00:00	18280.35	18295.65	18218.75	18273.95	6583	0	200
2025.04.17	03:00:00	18275.65	18369.95	18249.65	18360.35	8964	0	210
2025.04.17	04:00:00	18358.15	18362.75	18325.35	18347.35	8196	0	200
2025.04.17	05:00:00	18347.45	18383.95	18329.95	18369.95	7089	0	180
2025.04.17	06:00:00	18370.25	18414.45	18368.35	18409.65	5951	0	170
2025.04.17	07:00:00	18409.45	18420.75	18401.05	18413.25	4722	0	170
2025.04.17	08:00:00	18413.55	18450.05	18394.75	18427.95	7563	0	170
2025.04.17	09:00:00	18428.05	18477.35	18407.35	18432.85	9740	0	200
2025.04.17	10:00:00	18433.25	18528.05	18432.95	18494.35	11702	0	210
2025.04.17	11:00:00	18494.85	18496.45	18411.55	18414.95	10674	0	210
2025.04.17	12:00:00	18415.05	18468.45	18401.75	18453.85	9814	0	210
2025.04.17	13:00:00	18453.25	18459.25	18373.55	18386.55	12252	0	210
2025.04.17	14:00:00	18385.95	18408.55	18333.95	18393.05	11878	0	210
2025.04.17	15:00:00	18392.55	18501.25	18390.85	18410.15	14028	0	210
2025.04.17	16:00:00	18409.95	18425.65	18258.05	18347.35	18198	0	120
2025.04.17	17:00:00	18348.35	18367.55	18142.15	18183.55	19099	0	120
2025.04.17	18:00:00	18183.85	18321.45	18171.95	18219.55	18283	0	120
2025.04.17	19:00:00	18219.85	18359.05	18197.95	18334.35	18830	0	120
2025.04.17	20:00:00	18335.65	18367.05	18247.55	18333.45	17599	0	120
2025.04.17	21:00:00	18333.45	18406.05	18298.35	18299.65	17274	0	120
2025.04.17	22:00:00	18300.35	18310.55	18210.55	18253.05	17986	0	120
2025.04.17	23:00:00	18254.75	18330.76	18244.76	18309.76	7707	0	120
2025.04.21	01:00:00	18191.25	18191.85	18140.35	18176.85	4706	0	200
2025.04.21	02:00:00	18176.85	18215.25	18167.25	18202.65	3826	0	190
2025.04.21	03:00:00	18200.95	18259.35	18186.65	18189.95	8120	0	200
2025.04.21	04:00:00	18190.15	18202.45	18146.15	18173.65	7902	0	170
2025.04.21	05:00:00	18173.45	18193.25	18078.15	18105.95	7288	0	190
2025.04.21	06:00:00	18105.65	18122.65	18098.05	18108.65	5303	0	180
2025.04.21	07:00:00	18108.65	18133.45	18101.15	18108.65	4167	0	160
2025.04.21	08:00:00	18108.65	18140.45	18105.35	18133.75	4374	0	170
2025.04.21	09:00:00	18133.85	18144.55	18086.15	18106.25	5286	0	180
2025.04.21	10:00:00	18106.15	18114.45	18038.95	18040.95	6068	0	200
2025.04.21	11:00:00	18040.95	18081.85	18033.75	18059.85	6367	0	190
2025.04.21	12:00:00	18060.35	18069.65	18023.35	18060.25	5489	0	190
2025.04.21	13:00:00	18059.75	18079.65	18033.75	18076.45	5349	0	190
2025.04.21	14:00:00	18075.85	18101.35	17968.15	17994.35	10070	0	210
2025.04.21	15:00:00	17993.25	18034.35	17979.15	18009.45	9292	0	210
2025.04.21	16:00:00	18009.45	18052.95	17883.35	17883.35	15345	0	120
2025.04.21	17:00:00	17883.05	17885.55	17785.95	17816.55	17684	0	120
2025.04.21	18:00:00	17816.35	17834.45	17671.85	17681.35	16560	0	120
2025.04.21	19:00:00	17681.35	17760.15	17674.25	17679.75	15033	0	100
2025.04.21	20:00:00	17679.65	17697.45	17588.15	17597.55	15350	0	100
2025.04.21	21:00:00	17600.35	17665.35	17585.45	17593.45	15319	0	90
2025.04.21	22:00:00	17592.15	17836.85	17590.65	17806.95	16808	0	110
2025.04.21	23:00:00	17807.36	17813.66	17774.66	17803.16	7392	0	138
2025.04.22	01:00:00	17787.85	17804.95	17751.45	17780.05	3125	0	190
2025.04.22	02:00:00	17780.05	17892.55	17778.85	17889.95	6275	0	190
2025.04.22	03:00:00	17889.85	17908.05	17862.45	17882.65	8558	0	190
2025.04.22	04:00:00	17883.05	17953.45	17875.25	17917.75	9748	0	200
2025.04.22	05:00:00	17917.55	17935.05	17899.35	17916.65	7479	0	200
2025.04.22	06:00:00	17916.85	17923.45	17837.05	17868.25	7974	0	200
2025.04.22	07:00:00	17868.05	17881.85	17859.25	17872.65	4882	0	190
2025.04.22	08:00:00	17871.85	17898.95	17858.85	17884.55	6478	0	190
2025.04.22	09:00:00	17884.25	18048.05	17871.05	18033.55	9014	0	200
2025.04.22	10:00:00	18034.05	18057.55	17964.75	17972.45	12169	0	210
2025.04.22	11:00:00	17972.45	18009.75	17943.55	18000.25	10439	0	210
2025.04.22	12:00:00	18000.75	18007.55	17963.75	17979.25	7939	0	200
2025.04.22	13:00:00	17978.55	17991.25	17960.25	17981.95	8520	0	200
2025.04.22	14:00:00	17982.45	17986.95	17930.95	17941.25	9832	0	210
2025.04.22	15:00:00	17941.55	18026.35	17933.05	18025.25	10933	0	210
2025.04.22	16:00:00	18024.95	18141.45	17988.45	18139.65	15117	0	120
2025.04.22	17:00:00	18139.95	18241.55	18129.65	18228.05	17076	0	120
2025.04.22	18:00:00	18227.95	18278.75	18174.75	18265.75	16385	0	110
2025.04.22	19:00:00	18268.75	18400.05	18267.55	18335.85	17061	0	120
2025.04.22	20:00:00	18335.85	18378.35	18098.45	18108.85	18381	0	120
2025.04.22	21:00:00	18109.35	18285.45	18104.15	18268.45	16392	0	100
2025.04.22	22:00:00	18268.85	18291.75	18126.75	18263.35	16916	0	120
2025.04.22	23:00:00	18265.56	18320.86	18231.46	18236.56	6556	0	138
2025.04.23	01:00:00	18631.45	18652.05	18531.95	18652.05	10212	0	210
2025.04.23	02:00:00	18652.05	18688.15	18614.75	18648.15	9184	0	200
2025.04.23	03:00:00	18649.25	18658.05	18561.25	18588.75	10026	0	210
2025.04.23	04:00:00	18589.55	18612.15	18512.25	18528.95	9829	0	210
2025.04.23	05:00:00	18529.05	18599.65	18514.25	18572.75	7264	0	200
2025.04.23	06:00:00	18572.05	18593.75	18549.45	18590.45	5967	0	190
2025.04.23	07:00:00	18590.15	18623.65	18587.75	18611.75	5479	0	180
2025.04.23	08:00:00	18611.55	18638.25	18569.15	18626.75	7418	0	200
2025.04.23	09:00:00	18627.45	18657.25	18618.15	18622.75	8481	0	210
2025.04.23	10:00:00	18624.45	18677.75	18601.65	18670.95	11641	0	210
2025.04.23	11:00:00	18670.75	18745.95	18662.75	18718.15	10008	0	210
2025.04.23	12:00:00	18718.45	18738.15	18701.95	18733.45	8385	0	190
2025.04.23	13:00:00	18732.55	18815.05	18726.55	18806.95	8953	0	190
2025.04.23	14:00:00	18806.05	18829.15	18747.15	18747.25	11170	0	210
2025.04.23	15:00:00	18747.45	18859.45	18745.55	18853.95	11293	0	210
2025.04.23	16:00:00	18853.75	19009.15	18776.25	18935.15	16853	0	120
2025.04.23	17:00:00	18968.85	19052.75	18862.95	18946.35	18947	0	120
2025.04.23	18:00:00	18947.35	18983.75	18683.05	18761.05	18812	0	120
2025.04.23	19:00:00	18761.35	18818.15	18632.35	18800.85	18448	0	120
2025.04.23	20:00:00	18799.55	18849.65	18723.85	18811.85	17508	0	120
2025.04.23	21:00:00	18810.65	18843.35	18732.05	18754.65	17767	0	120
2025.04.23	22:00:00	18753.55	18777.85	18615.25	18671.75	18554	0	120
2025.04.23	23:00:00	18673.15	18806.86	18660.26	18741.96	10820	0	120
2025.04.24	01:00:00	18654.85	18710.85	18627.25	18705.25	6950	0	210
2025.04.24	02:00:00	18705.25	18743.75	18693.15	18725.75	6348	0	200
2025.04.24	03:00:00	18725.95	18761.95	18712.95	18726.95	8504	0	210
2025.04.24	04:00:00	18728.65	18736.15	18656.95	18657.15	8376	0	200
2025.04.24	05:00:00	18656.95	18693.45	18633.25	18634.95	6946	0	190
2025.04.24	06:00:00	18634.05	18648.75	18622.15	18643.75	5263	0	180
2025.04.24	07:00:00	18643.25	18655.75	18599.75	18650.05	5819	0	170
2025.04.24	08:00:00	18650.45	18667.85	18565.35	18597.75	7056	0	170
2025.04.24	09:00:00	18596.95	18664.95	18592.75	18630.25	8456	0	210
2025.04.24	10:00:00	18630.25	18640.95	18538.85	18563.85	13025	0	210
2025.04.24	11:00:00	18563.35	18591.45	18482.85	18517.35	12342	0	210
2025.04.24	12:00:00	18517.05	18581.95	18517.05	18581.75	8693	0	200
2025.04.24	13:00:00	18582.45	18726.75	18581.75	18704.85	11488	0	210
2025.04.24	14:00:00	18704.35	18708.45	18618.35	18657.55	12001	0	210
2025.04.24	15:00:00	18656.85	18750.45	18656.85	18739.25	13085	0	210
2025.04.24	16:00:00	18738.95	18948.15	18711.55	18939.75	15947	0	120
2025.04.24	17:00:00	18940.05	19067.45	18934.25	19029.15	17605	0	120
2025.04.24	18:00:00	19029.45	19101.65	19008.65	19050.45	16747	0	120
2025.04.24	19:00:00	19050.95	19165.95	19028.65	19150.25	16136	0	100
2025.04.24	20:00:00	19150.25	19159.35	19092.25	19150.65	15335	0	110
2025.04.24	21:00:00	19151.45	19210.35	19145.45	19178.55	15230	0	80
2025.04.24	22:00:00	19178.05	19222.95	19106.75	19203.95	16305	0	90
2025.04.24	23:00:00	19204.65	19291.86	19198.16	19230.36	9123	0	120
2025.04.25	01:00:00	19250.35	19302.35	19240.85	19292.25	6226	0	170
2025.04.25	02:00:00	19292.35	19322.25	19284.05	19300.75	6251	0	180
2025.04.25	03:00:00	19298.85	19348.95	19277.45	19343.25	7577	0	190
2025.04.25	04:00:00	19343.55	19352.75	19289.05	19298.15	7876	0	180
2025.04.25	05:00:00	19297.35	19309.35	19251.05	19270.45	7184	0	190
2025.04.25	06:00:00	19270.45	19340.35	19254.25	19334.35	6053	0	180
2025.04.25	07:00:00	19334.25	19383.75	19285.05	19295.55	7817	0	200
2025.04.25	08:00:00	19295.85	19320.55	19281.75	19297.75	6331	0	200
2025.04.25	09:00:00	19298.25	19361.45	19288.95	19348.25	8194	0	210
2025.04.25	10:00:00	19348.25	19352.25	19260.85	19303.95	11888	0	210
2025.04.25	11:00:00	19304.05	19335.35	19270.05	19290.25	9738	0	210
2025.04.25	12:00:00	19290.05	19291.25	19232.95	19282.45	9007	0	200
2025.04.25	13:00:00	19282.95	19298.45	19105.35	19116.95	13206	0	210
2025.04.25	14:00:00	19121.55	19208.05	19116.05	19142.35	11810	0	210
2025.04.25	15:00:00	19141.75	19181.95	19120.25	19133.35	11812	0	210
2025.04.25	16:00:00	19133.25	19250.95	19105.05	19148.45	16216	0	120
2025.04.25	17:00:00	19147.75	19293.55	19123.85	19226.55	18573	0	120
2025.04.25	18:00:00	19225.75	19285.65	19198.85	19256.65	17080	0	120
2025.04.25	19:00:00	19256.95	19362.25	19243.65	19360.65	15760	0	90
2025.04.25	20:00:00	19360.65	19448.05	19268.65	19320.95	16887	0	80
2025.04.25	21:00:00	19322.15	19421.65	19308.05	19394.15	16101	0	90
2025.04.25	22:00:00	19393.85	19440.15	19341.05	19424.15	16301	0	100
2025.04.25	23:00:00	19424.55	19479.76	19419.66	19443.46	6614	0	120
2025.04.28	01:00:00	19374.95	19408.45	19348.55	19356.85	3997	0	200
2025.04.28	02:00:00	19356.85	19370.15	19333.35	19352.85	2411	0	150
2025.04.28	03:00:00	19353.45	19366.75	19300.55	19309.85	4668	0	190
2025.04.28	04:00:00	19309.85	19327.85	19288.95	19325.75	4911	0	170
2025.04.28	05:00:00	19325.85	19346.55	19302.55	19313.55	5185	0	150
2025.04.28	06:00:00	19313.85	19318.05	19292.15	19300.15	4429	0	160
2025.04.28	07:00:00	19300.25	19323.75	19299.95	19308.45	3018	0	150
2025.04.28	08:00:00	19307.15	19324.85	19301.15	19312.85	4655	0	170
2025.04.28	09:00:00	19312.95	19401.75	19312.95	19399.05	7077	0	170
2025.04.28	10:00:00	19400.25	19414.35	19364.05	19365.05	9227	0	190
2025.04.28	11:00:00	19365.05	19398.75	19336.85	19396.65	8162	0	180
2025.04.28	12:00:00	19396.75	19435.65	19379.35	19411.35	7373	0	180
2025.04.28	13:00:00	19411.75	19418.75	19362.55	19371.95	7634	0	190
2025.04.28	14:00:00	19371.75	19429.55	19362.55	19410.45	8216	0	190
2025.04.28	15:00:00	19410.65	19445.75	19366.85	19436.15	9485	0	190
2025.04.28	16:00:00	19435.85	19519.05	19351.05	19359.95	14736	0	90
2025.04.28	17:00:00	19360.75	19435.15	19330.55	19368.95	18525	0	120
2025.04.28	18:00:00	19369.05	19391.45	19208.55	19241.95	17764	0	120
2025.04.28	19:00:00	19240.15	19251.75	19163.35	19213.65	16763	0	120
2025.04.28	20:00:00	19212.65	19274.65	19154.75	19268.35	16592	0	100
2025.04.28	21:00:00	19266.55	19335.35	19253.85	19324.85	15717	0	90
2025.04.28	22:00:00	19327.55	19474.65	19320.55	19421.05	16712	0	100
2025.04.28	23:00:00	19419.05	19420.36	19370.56	19371.46	5920	0	120
2025.04.29	01:00:00	19367.25	19386.95	19353.35	19382.55	4542	0	160
2025.04.29	02:00:00	19382.45	19428.15	19375.95	19425.75	5285	0	170
2025.04.29	03:00:00	19425.75	19457.45	19393.45	19450.65	5584	0	180
2025.04.29	04:00:00	19450.55	19496.55	19441.35	19490.45	5743	0	180
2025.04.29	05:00:00	19490.45	19527.55	19455.65	19467.45	6735	0	180
2025.04.29	06:00:00	19467.45	19487.85	19458.45	19470.45	4738	0	170
2025.04.29	07:00:00	19470.75	19494.55	19438.85	19449.95	4569	0	170
2025.04.29	08:00:00	19449.85	19467.55	19427.25	19429.35	5717	0	180
2025.04.29	09:00:00	19429.65	19462.15	19423.25	19439.95	5901	0	170
2025.04.29	10:00:00	19440.45	19517.55	19429.65	19506.95	9584	0	190
2025.04.29	11:00:00	19506.65	19507.45	19438.85	19478.45	8725	0	190
2025.04.29	12:00:00	19478.45	19486.05	19444.75	19463.75	7366	0	180
2025.04.29	13:00:00	19463.85	19477.15	19345.65	19393.35	9227	0	180
2025.04.29	14:00:00	19394.05	19427.75	19385.55	19400.85	9677	0	210
2025.04.29	15:00:00	19400.75	19434.55	19342.75	19346.35	12311	0	210
2025.04.29	16:00:00	19346.65	19440.45	19276.55	19392.69	17569	0	120
2025.04.29	17:00:00	19383.66	19504.95	19365.46	19495.05	18245	0	120
2025.04.29	18:00:00	19494.35	19511.75	19398.35	19435.45	17553	0	120
2025.04.29	19:00:00	19435.95	19502.85	19367.85	19390.85	16814	0	100
2025.04.29	20:00:00	19391.05	19562.85	19380.65	19552.05	16511	0	90
2025.04.29	21:00:00	19552.05	19583.35	19534.65	19541.45	16339	0	80
2025.04.29	22:00:00	19542.35	19577.65	19511.35	19540.95	16843	0	110
2025.04.29	23:00:00	19541.15	19563.06	19462.86	19477.26	7939	0	120
2025.04.30	01:00:00	19474.15	19506.95	19459.55	19461.65	4102	0	160
2025.04.30	02:00:00	19461.65	19470.15	19440.95	19459.55	4993	0	170
2025.04.30	03:00:00	19455.95	19480.25	19415.95	19427.55	8343	0	190
2025.04.30	04:00:00	19427.65	19440.45	19402.55	19409.25	7968	0	180
2025.04.30	05:00:00	19409.15	19424.45	19396.55	19405.55	5978	0	160
2025.04.30	06:00:00	19405.35	19423.55	19381.55	19419.85	5756	0	170
2025.04.30	07:00:00	19419.75	19436.25	19406.45	19415.85	4501	0	160
2025.04.30	08:00:00	19415.85	19434.45	19401.65	19433.55	5618	0	170
2025.04.30	09:00:00	19433.05	19467.15	19430.25	19460.25	6945	0	180
2025.04.30	10:00:00	19460.25	19490.75	19459.75	19482.05	8672	0	190
2025.04.30	11:00:00	19480.45	19518.95	19455.75	19471.65	9053	0	180
2025.04.30	12:00:00	19471.55	19510.75	19470.35	19485.95	5815	0	170
2025.04.30	13:00:00	19486.15	19489.25	19439.05	19466.75	6782	0	170
2025.04.30	14:00:00	19466.95	19496.55	19407.95	19424.05	8826	0	190
2025.04.30	15:00:00	19423.55	19432.05	19154.75	19182.85	15469	0	210
2025.04.30	16:00:00	19183.85	19203.55	19003.37	19016.19	18181	0	120
2025.04.30	17:00:00	19015.86	19253.65	19002.39	19229.75	18953	0	120
2025.04.30	18:00:00	19229.45	19354.85	19225.75	19343.35	18030	0	120
2025.04.30	19:00:00	19341.95	19372.25	19257.85	19338.15	17475	0	120
2025.04.30	20:00:00	19338.45	19408.85	19237.35	19376.55	16988	0	110
2025.04.30	21:00:00	19378.35	19478.95	19346.15	19372.85	17966	0	120
2025.04.30	22:00:00	19373.05	19612.45	19366.15	19539.15	17742	0	120
2025.04.30	23:00:00	19540.35	19774.46	19489.76	19749.46	11253	0	120
2025.05.01	01:00:00	19767.35	19834.15	19761.45	19802.85	7177	0	190
2025.05.01	02:00:00	19802.75	19832.85	19767.85	19816.65	7104	0	180
2025.05.01	03:00:00	19818.35	19853.65	19812.75	19845.95	7939	0	190
2025.05.01	04:00:00	19846.15	19850.85	19810.45	19828.45	5765	0	170
2025.05.01	05:00:00	19828.45	19849.45	19808.15	19813.35	4033	0	150
2025.05.01	06:00:00	19812.95	19862.55	19807.05	19856.85	5169	0	160
2025.05.01	07:00:00	19856.85	19866.65	19833.65	19840.95	3753	0	150
2025.05.01	08:00:00	19841.35	19872.85	19818.45	19820.85	5458	0	170
2025.05.01	09:00:00	19820.65	19847.25	19814.75	19821.65	5976	0	190
2025.05.01	10:00:00	19821.95	19875.15	19800.95	19855.45	6884	0	190
2025.05.01	11:00:00	19855.45	19886.45	19831.25	19883.25	7111	0	180
2025.05.01	12:00:00	19883.45	19922.75	19872.75	19916.05	6497	0	190
2025.05.01	13:00:00	19915.95	19926.65	19882.85	19902.05	7223	0	190
2025.05.01	14:00:00	19901.55	19926.15	19880.25	19908.65	8924	0	200
2025.05.01	15:00:00	19908.75	19933.65	19849.21	19853.15	12172	0	210
2025.05.01	16:00:00	19852.95	19890.75	19785.81	19788.28	16325	0	120
2025.05.01	17:00:00	19809.51	19973.15	19766.35	19972.75	18125	0	110
2025.05.01	18:00:00	19972.85	20025.45	19833.15	19862.45	17579	0	90
2025.05.01	19:00:00	19862.55	19899.55	19810.35	19844.15	17511	0	120
2025.05.01	20:00:00	19844.25	19930.45	19841.65	19882.35	16665	0	80
2025.05.01	21:00:00	19882.35	19949.45	19877.65	19909.35	15995	0	80
2025.05.01	22:00:00	19909.65	19923.05	19758.55	19777.35	16913	0	110
2025.05.01	23:00:00	19777.76	19819.46	19657.96	19698.76	10145	0	138
2025.05.02	01:00:00	19667.65	19702.65	19655.95	19694.15	4889	0	170
2025.05.02	02:00:00	19694.15	19731.95	19683.05	19695.65	5795	0	170
2025.05.02	03:00:00	19695.75	19874.05	19660.65	19848.45	12640	0	210
2025.05.02	04:00:00	19846.75	19887.15	19821.05	19834.75	11488	0	210
2025.05.02	05:00:00	19834.65	19876.55	19812.55	19864.85	8166	0	180
2025.05.02	06:00:00	19864.35	19892.65	19858.55	19883.05	5265	0	160
2025.05.02	07:00:00	19882.85	19906.75	19866.75	19890.95	5852	0	170
2025.05.02	08:00:00	19890.95	19894.35	19846.45	19855.75	6585	0	160
2025.05.02	09:00:00	19854.75	19855.55	19789.25	19836.15	8647	0	200
2025.05.02	10:00:00	19834.45	19864.75	19807.15	19808.45	11886	0	210
2025.05.02	11:00:00	19807.45	19855.15	19773.55	19776.05	10274	0	200
2025.05.02	12:00:00	19775.75	19839.15	19769.95	19824.05	9274	0	190
2025.05.02	13:00:00	19824.45	19860.55	19815.45	19838.65	8690	0	200
2025.05.02	14:00:00	19837.95	19863.45	19807.25	19823.45	9606	0	200
2025.05.02	15:00:00	19823.65	20010.95	19816.95	20001.05	13243	0	200
2025.05.02	16:00:00	20001.55	20046.95	19926.25	19980.15	17714	0	120
2025.05.02	17:00:00	19977.65	20085.95	19968.65	20071.85	18258	0	120
2025.05.02	18:00:00	20071.95	20112.25	20033.95	20103.15	16652	0	80
2025.05.02	19:00:00	20103.15	20168.05	20099.15	20144.05	16434	0	80
2025.05.02	20:00:00	20143.85	20155.15	20098.95	20127.65	15544	0	90
2025.05.02	21:00:00	20127.65	20176.75	20099.65	20122.75	15128	0	80
2025.05.02	22:00:00	20120.55	20137.05	20055.85	20087.55	16923	0	110
2025.05.02	23:00:00	20088.96	20127.06	20080.56	20082.76	6626	0	138
2025.05.05	01:00:00	20065.75	20077.25	20018.05	20025.15	5798	0	190
2025.05.05	02:00:00	20025.15	20031.95	19963.25	19995.05	6759	0	190
2025.05.05	03:00:00	19995.25	20020.75	19979.05	20013.45	6950	0	190
2025.05.05	04:00:00	20013.35	20013.45	19901.55	19914.05	9386	0	180
2025.05.05	05:00:00	19913.05	19959.75	19905.45	19945.15	6822	0	170
2025.05.05	06:00:00	19945.45	19983.55	19932.05	19967.55	6009	0	170
2025.05.05	07:00:00	19967.25	19969.75	19927.95	19946.25	5357	0	180
2025.05.05	08:00:00	19946.55	19982.25	19946.55	19972.35	5397	0	180
2025.05.05	09:00:00	19972.45	20008.45	19970.35	19971.55	6479	0	190
2025.05.05	10:00:00	19971.55	19979.45	19947.45	19967.25	8281	0	190
2025.05.05	11:00:00	19967.25	19986.95	19887.95	19909.95	8582	0	210
2025.05.05	12:00:00	19910.15	19937.95	19893.05	19921.35	7836	0	190
2025.05.05	13:00:00	19921.85	19930.25	19892.85	19919.95	6804	0	190
2025.05.05	14:00:00	19921.25	19928.75	19877.95	19890.25	7259	0	190
2025.05.05	15:00:00	19894.05	19921.65	19880.45	19911.95	8493	0	200
2025.05.05	16:00:00	19911.75	19979.05	19893.65	19962.88	14430	0	110
2025.05.05	17:00:00	19999.21	20025.75	19921.75	20015.25	18100	0	110
2025.05.05	18:00:00	20014.25	20034.25	19976.45	20011.55	16595	0	80
2025.05.05	19:00:00	20011.25	20054.65	20003.85	20043.55	14522	0	80
2025.05.05	20:00:00	20043.45	20063.85	20015.55	20053.35	14100	0	80
2025.05.05	21:00:00	20052.85	20101.15	20048.05	20061.95	12167	0	80
2025.05.05	22:00:00	20061.75	20064.55	19957.65	19976.85	15993	0	90
2025.05.05	23:00:00	19975.15	19979.36	19912.36	19942.76	7169	0	120
2025.05.06	01:00:00	19931.45	19948.45	19924.55	19929.35	2255	0	150
2025.05.06	02:00:00	19929.55	19946.25	19918.05	19920.65	3357	0	150
2025.05.06	03:00:00	19920.55	19941.45	19887.95	19905.55	6176	0	180
2025.05.06	04:00:00	19905.25	19915.65	19864.65	19870.55	8806	0	190
2025.05.06	05:00:00	19870.55	19883.25	19849.85	19867.05	5770	0	150
2025.05.06	06:00:00	19867.35	19900.45	19844.55	19899.45	4445	0	150
2025.05.06	07:00:00	19899.75	19904.35	19865.95	19885.15	2836	0	150
2025.05.06	08:00:00	19885.25	19887.95	19825.45	19834.95	5246	0	160
2025.05.06	09:00:00	19834.55	19877.05	19831.25	19873.65	6069	0	180
2025.05.06	10:00:00	19873.55	19886.45	19806.05	19813.95	10253	0	200
2025.05.06	11:00:00	19813.95	19821.35	19744.35	19784.95	10978	0	210
2025.05.06	12:00:00	19785.35	19788.05	19736.35	19778.05	10045	0	210
2025.05.06	13:00:00	19777.95	19805.05	19764.55	19803.35	7756	0	180
2025.05.06	14:00:00	19805.55	19818.85	19718.45	19751.35	10107	0	190
2025.05.06	15:00:00	19751.55	19766.05	19715.25	19752.35	10456	0	210
2025.05.06	16:00:00	19751.25	19775.25	19660.55	19670.25	15503	0	90
2025.05.06	17:00:00	19672.95	19849.25	19652.05	19817.45	17954	0	120
2025.05.06	18:00:00	19816.05	19863.85	19797.05	19810.85	16833	0	100
2025.05.06	19:00:00	19810.75	19939.85	19774.55	19778.65	17444	0	100
2025.05.06	20:00:00	19778.65	19833.65	19752.75	19760.15	16407	0	110
2025.05.06	21:00:00	19760.35	19865.05	19759.95	19864.65	15841	0	80
2025.05.06	22:00:00	19864.55	19884.45	19783.35	19786.95	16048	0	80
2025.05.06	23:00:00	19786.85	19815.66	19720.06	19760.46	9169	0	120
2025.05.07	01:00:00	19964.25	20042.95	19916.25	19992.45	11412	0	210
2025.05.07	02:00:00	19992.25	19999.85	19944.35	19981.45	7669	0	200
2025.05.07	03:00:00	19980.95	20019.45	19919.75	19997.15	10360	0	200
2025.05.07	04:00:00	19996.85	20019.95	19948.45	19966.45	10446	0	200
2025.05.07	05:00:00	19966.45	19969.55	19891.95	19910.25	9188	0	190
2025.05.07	06:00:00	19910.05	19935.55	19906.55	19917.35	6678	0	190
2025.05.07	07:00:00	19916.35	19949.55	19915.15	19927.35	4803	0	170
2025.05.07	08:00:00	19927.65	19929.75	19885.25	19893.15	6770	0	180
2025.05.07	09:00:00	19893.15	19915.35	19866.85	19895.65	7895	0	190
2025.05.07	10:00:00	19894.95	19934.85	19887.95	19927.65	9247	0	190
2025.05.07	11:00:00	19927.35	19938.75	19883.75	19920.85	8608	0	190
2025.05.07	12:00:00	19920.95	19932.15	19885.65	19904.65	6842	0	180
2025.05.07	13:00:00	19904.35	19921.45	19880.95	19910.65	6588	0	180
2025.05.07	14:00:00	19911.45	19943.85	19894.65	19910.05	7016	0	180
2025.05.07	15:00:00	19910.05	19911.75	19822.75	19847.55	11415	0	180
2025.05.07	16:00:00	19847.25	19858.65	19773.95	19851.45	16144	0	120
2025.05.07	17:00:00	19851.65	19893.05	19746.15	19758.15	17512	0	110
2025.05.07	18:00:00	19758.95	19773.85	19705.35	19766.95	17948	0	110
2025.05.07	19:00:00	19767.25	19819.15	19721.25	19812.15	16783	0	100
2025.05.07	20:00:00	19812.25	19838.75	19718.45	19738.85	15810	0	80
2025.05.07	21:00:00	19737.15	19820.35	19596.05	19803.45	19013	0	120
2025.05.07	22:00:00	19803.85	19972.05	19682.95	19866.05	19421	0	120
2025.05.07	23:00:00	19866.36	19915.26	19832.76	19878.46	8597	0	138
2025.05.08	01:00:00	19835.95	19875.95	19835.35	19862.65	3372	0	170
2025.05.08	02:00:00	19863.15	19893.95	19860.35	19871.75	4060	0	170
2025.05.08	03:00:00	19873.35	19957.35	19844.95	19946.35	8415	0	180
2025.05.08	04:00:00	19945.65	20042.05	19932.95	19985.45	12088	0	210
2025.05.08	05:00:00	19985.55	20034.85	19985.45	20017.95	7328	0	180
2025.05.08	06:00:00	20017.25	20088.75	20017.05	20083.55	7077	0	170
2025.05.08	07:00:00	20083.55	20116.95	20076.55	20102.95	5144	0	170
2025.05.08	08:00:00	20103.15	20114.35	20067.35	20075.85	6403	0	180
2025.05.08	09:00:00	20075.35	20079.45	20043.35	20065.25	7015	0	180
2025.05.08	10:00:00	20065.75	20109.85	20055.95	20097.25	9342	0	190
2025.05.08	11:00:00	20095.35	20149.85	20073.45	20145.15	7705	0	180
2025.05.08	12:00:00	20145.25	20181.25	20133.75	20165.05	6208	0	170
2025.05.08	13:00:00	20165.55	20176.65	20146.15	20173.15	6576	0	170
2025.05.08	14:00:00	20172.55	20175.45	20104.15	20117.35	8354	0	170
2025.05.08	15:00:00	20117.55	20145.65	20055.05	20093.65	11868	0	200
2025.05.08	16:00:00	20094.85	20101.95	19981.05	20008.65	15547	0	100
2025.05.08	17:00:00	20009.55	20043.35	19900.25	19936.75	18498	0	120
2025.05.08	18:00:00	19937.55	20230.25	19914.55	20187.15	18364	0	120
2025.05.08	19:00:00	20186.85	20248.95	20183.55	20243.45	16492	0	80
2025.05.08	20:00:00	20242.85	20247.55	20160.45	20163.95	16022	0	80
2025.05.08	21:00:00	20163.75	20230.95	20148.45	20197.65	15796	0	80
2025.05.08	22:00:00	20195.75	20244.35	20056.35	20067.75	17332	0	100
2025.05.08	23:00:00	20068.06	20091.66	20056.46	20076.06	7089	0	188
2025.05.09	01:00:00	20064.15	20082.35	20056.85	20080.75	3919	0	170
2025.05.09	02:00:00	20080.75	20090.35	20045.15	20058.15	5304	0	170
2025.05.09	03:00:00	20056.85	20059.15	20000.45	20040.95	8270	0	180
2025.05.09	04:00:00	20040.85	20079.65	20031.85	20078.55	6790	0	170
2025.05.09	05:00:00	20078.55	20120.05	20067.95	20071.95	6443	0	170
2025.05.09	06:00:00	20072.05	20108.75	20044.45	20104.05	6699	0	180
2025.05.09	07:00:00	20104.15	20113.25	20089.55	20102.55	4473	0	160
2025.05.09	08:00:00	20102.45	20121.75	20075.95	20111.45	6124	0	180
2025.05.09	09:00:00	20111.75	20123.05	20091.85	20109.55	6346	0	190
2025.05.09	10:00:00	20109.35	20151.25	20087.05	20111.75	9967	0	200
2025.05.09	11:00:00	20111.95	20120.75	20084.75	20093.65	8248	0	190
2025.05.09	12:00:00	20092.85	20118.65	20091.15	20117.45	5932	0	170
2025.05.09	13:00:00	20117.55	20156.95	20115.35	20149.55	6184	0	170
2025.05.09	14:00:00	20149.05	20202.95	20062.25	20125.45	11090	0	170
2025.05.09	15:00:00	20125.45	20170.95	20114.05	20151.65	9999	0	190
2025.05.09	16:00:00	20151.85	20199.25	20124.25	20173.75	14689	0	80
2025.05.09	17:00:00	20173.65	20194.25	19977.75	20065.65	18276	0	120
2025.05.09	18:00:00	20066.15	20099.45	20027.75	20091.85	17085	0	90
2025.05.09	19:00:00	20090.35	20095.65	19995.85	20010.95	16647	0	100
2025.05.09	20:00:00	20011.15	20083.05	19984.65	20076.85	15927	0	80
2025.05.09	21:00:00	20075.45	20080.75	20031.65	20063.55	15112	0	80
2025.05.09	22:00:00	20063.55	20107.05	20050.35	20056.55	15921	0	80
2025.05.09	23:00:00	20058.15	20070.46	20042.46	20053.26	5752	0	120
2025.05.12	01:00:00	20351.15	20389.65	20303.45	20333.95	5847	0	190
2025.05.12	02:00:00	20333.95	20428.15	20329.75	20378.45	7642	0	200
2025.05.12	03:00:00	20378.25	20433.15	20367.45	20419.25	9286	0	190
2025.05.12	04:00:00	20418.65	20471.95	20413.95	20441.95	8691	0	190
2025.05.12	05:00:00	20441.55	20458.35	20429.25	20454.25	5340	0	160
2025.05.12	06:00:00	20454.25	20461.75	20433.35	20447.95	4302	0	150
2025.05.12	07:00:00	20447.65	20456.75	20442.15	20452.45	2930	0	150
2025.05.12	08:00:00	20452.55	20484.15	20445.15	20473.65	4313	0	150
2025.05.12	09:00:00	20474.15	20514.45	20462.85	20486.25	6447	0	170
2025.05.12	10:00:00	20484.25	20851.75	20484.25	20732.45	15868	0	190
2025.05.12	11:00:00	20731.55	20819.25	20700.25	20797.45	13371	0	210
2025.05.12	12:00:00	20797.65	20834.55	20795.45	20827.95	8997	0	190
2025.05.12	13:00:00	20828.25	20904.05	20803.75	20892.75	11338	0	200
2025.05.12	14:00:00	20892.95	20912.55	20804.05	20835.45	13123	0	210
2025.05.12	15:00:00	20835.15	20885.95	20828.95	20837.75	11665	0	200
2025.05.12	16:00:00	20838.05	20861.05	20668.45	20708.75	16560	0	110
2025.05.12	17:00:00	20710.75	20765.75	20606.95	20687.85	18420	0	120
2025.05.12	18:00:00	20689.15	20723.85	20671.15	20682.55	16971	0	100
2025.05.12	19:00:00	20682.95	20801.65	20674.45	20796.15	15071	0	80
2025.05.12	20:00:00	20796.45	20852.25	20790.85	20824.85	14436	0	80
2025.05.12	21:00:00	20824.75	20858.15	20809.85	20810.55	14203	0	80
2025.05.12	22:00:00	20810.85	20868.85	20774.35	20864.05	16131	0	80
2025.05.12	23:00:00	20864.45	20910.06	20852.06	20868.86	6382	0	120
2025.05.13	01:00:00	20872.75	20878.75	20831.35	20836.95	3948	0	160
2025.05.13	02:00:00	20837.75	20881.35	20825.95	20825.95	4635	0	160
2025.05.13	03:00:00	20826.05	20827.25	20784.25	20792.85	8721	0	190
2025.05.13	04:00:00	20793.05	20812.55	20781.75	20792.55	7043	0	170
2025.05.13	05:00:00	20792.55	20811.75	20767.85	20789.95	5882	0	170
2025.05.13	06:00:00	20789.85	20792.85	20760.35	20761.65	4415	0	160
2025.05.13	07:00:00	20760.55	20771.95	20736.35	20757.85	4686	0	160
2025.05.13	08:00:00	20757.65	20784.95	20754.75	20778.65	4829	0	170
2025.05.13	09:00:00	20779.65	20800.05	20764.25	20766.05	6131	0	180
2025.05.13	10:00:00	20765.85	20786.95	20748.55	20765.05	9286	0	190
2025.05.13	11:00:00	20765.15	20794.65	20743.55	20752.15	7589	0	190
2025.05.13	12:00:00	20752.35	20799.45	20746.35	20799.45	5600	0	170
2025.05.13	13:00:00	20799.85	20828.35	20778.15	20808.25	6845	0	180
2025.05.13	14:00:00	20810.25	20861.55	20804.45	20859.05	7497	0	170
2025.05.13	15:00:00	20860.35	20976.62	20848.75	20926.35	12223	0	190
2025.05.13	16:00:00	20926.35	21049.55	20892.15	21042.55	15494	0	100
2025.05.13	17:00:00	21042.75	21175.75	21034.75	21168.25	18101	0	110
2025.05.13	18:00:00	21168.55	21219.15	21149.05	21200.25	16488	0	80
2025.05.13	19:00:00	21200.05	21254.55	21169.45	21238.05	15221	0	80
2025.05.13	20:00:00	21237.85	21262.55	21210.75	21212.25	14503	0	80
2025.05.13	21:00:00	21212.25	21247.25	21191.65	21243.35	15504	0	80
2025.05.13	22:00:00	21243.05	21257.35	21174.05	21186.65	15088	0	80
2025.05.13	23:00:00	21186.96	21189.36	21163.16	21177.26	6113	0	138
2025.05.14	01:00:00	21174.05	21191.65	21172.05	21181.05	2789	0	150
2025.05.14	02:00:00	21181.05	21220.45	21172.45	21212.25	4622	0	160
2025.05.14	03:00:00	21212.15	21216.85	21180.55	21187.95	6551	0	180
2025.05.14	04:00:00	21187.65	21203.65	21166.85	21203.55	6631	0	160
2025.05.14	05:00:00	21203.55	21210.75	21182.05	21194.85	4837	0	150
2025.05.14	06:00:00	21195.05	21217.75	21191.65	21208.55	3990	0	150
2025.05.14	07:00:00	21208.45	21235.35	21201.35	21227.15	3348	0	150
2025.05.14	08:00:00	21226.85	21243.25	21222.55	21236.25	4591	0	150
2025.05.14	09:00:00	21236.75	21273.35	21225.45	21267.85	5393	0	160
2025.05.14	10:00:00	21268.55	21271.85	21201.35	21225.55	9221	0	190
2025.05.14	11:00:00	21225.65	21233.95	21176.85	21193.85	9713	0	190
2025.05.14	12:00:00	21193.55	21209.45	21158.05	21180.15	8687	0	180
2025.05.14	13:00:00	21180.25	21223.35	21174.15	21213.45	5797	0	160
2025.05.14	14:00:00	21213.35	21302.45	21212.15	21264.05	9065	0	190
2025.05.14	15:00:00	21264.05	21286.75	21237.25	21244.35	9507	0	190
2025.05.14	16:00:00	21244.55	21324.45	21196.25	21250.55	15231	0	90
2025.05.14	17:00:00	21251.05	21289.75	21219.05	21277.55	17899	0	120
2025.05.14	18:00:00	21280.75	21309.55	21209.05	21296.15	17031	0	80
2025.05.14	19:00:00	21295.85	21340.25	21277.35	21287.85	15813	0	80
2025.05.14	20:00:00	21288.05	21290.05	21202.45	21285.75	16300	0	80
2025.05.14	21:00:00	21287.05	21318.25	21255.65	21287.75	15680	0	80
2025.05.14	22:00:00	21288.25	21324.65	21249.65	21314.85	15992	0	80
2025.05.14	23:00:00	21313.86	21330.76	21297.16	21319.76	6004	0	138
2025.05.15	01:00:00	21283.45	21302.25	21279.15	21296.15	2857	0	150
2025.05.15	02:00:00	21296.35	21299.35	21273.95	21292.05	4513	0	150
2025.05.15	03:00:00	21292.05	21306.75	21283.75	21298.05	4985	0	150
2025.05.15	04:00:00	21297.85	21313.55	21282.35	21289.85	5264	0	160
2025.05.15	05:00:00	21290.05	21328.85	21281.85	21323.05	4438	0	150
2025.05.15	06:00:00	21323.05	21326.15	21293.45	21296.15	3587	0	150
2025.05.15	07:00:00	21296.15	21305.05	21289.65	21301.05	2650	0	150
2025.05.15	08:00:00	21301.35	21303.55	21233.75	21247.45	5428	0	160
2025.05.15	09:00:00	21247.45	21283.35	21241.15	21261.35	5861	0	170
2025.05.15	10:00:00	21261.95	21273.95	21181.65	21188.55	10425	0	200
2025.05.15	11:00:00	21185.55	21206.35	21115.55	21131.85	10185	0	190
2025.05.15	12:00:00	21132.05	21180.45	21108.85	21175.65	8772	0	190
2025.05.15	13:00:00	21175.65	21175.65	21141.65	21166.95	6826	0	180
2025.05.15	14:00:00	21167.05	21217.65	21164.05	21191.35	7877	0	190
2025.05.15	15:00:00	21189.25	21246.15	21158.06	21204.95	11214	0	180
2025.05.15	16:00:00	21204.85	21255.75	21165.55	21216.15	15468	0	90
2025.05.15	17:00:00	21215.65	21263.25	21174.65	21251.85	17956	0	110
2025.05.15	18:00:00	21252.15	21363.15	21244.65	21346.35	16410	0	80
2025.05.15	19:00:00	21346.35	21409.35	21336.35	21408.85	14988	0	80
2025.05.15	20:00:00	21408.95	21445.95	21384.65	21391.45	14370	0	80
2025.05.15	21:00:00	21391.45	21391.45	21292.65	21308.85	16479	0	80
2025.05.15	22:00:00	21309.75	21339.65	21220.45	21334.05	17332	0	90
2025.05.15	23:00:00	21335.25	21360.26	21316.46	21320.26	6145	0	120
2025.05.16	01:00:00	21304.55	21320.85	21299.85	21301.05	2912	0	150
2025.05.16	02:00:00	21301.15	21333.65	21299.65	21332.75	3024	0	150
2025.05.16	03:00:00	21334.65	21352.95	21276.15	21278.65	6418	0	170
2025.05.16	04:00:00	21278.65	21295.45	21267.45	21288.75	6477	0	170
2025.05.16	05:00:00	21288.45	21327.05	21279.55	21320.35	4662	0	150
2025.05.16	06:00:00	21320.35	21333.75	21314.55	21323.95	3447	0	150
2025.05.16	07:00:00	21323.95	21336.75	21316.15	21320.55	2791	0	150
2025.05.16	08:00:00	21320.55	21324.15	21302.15	21304.25	3364	0	150
2025.05.16	09:00:00	21304.45	21327.05	21281.25	21287.15	4767	0	170
2025.05.16	10:00:00	21286.95	21373.65	21279.55	21360.35	7537	0	180
2025.05.16	11:00:00	21360.55	21395.75	21356.15	21378.95	7144	0	180
2025.05.16	12:00:00	21379.05	21385.85	21355.95	21357.45	5630	0	160
2025.05.16	13:00:00	21357.55	21388.15	21348.65	21375.95	5380	0	160
2025.05.16	14:00:00	21376.25	21403.95	21365.85	21398.45	6222	0	170
2025.05.16	15:00:00	21399.35	21418.85	21352.65	21356.85	8834	0	180
2025.05.16	16:00:00	21356.55	21421.25	21307.85	21358.48	15362	0	120
2025.05.16	17:00:00	21326.91	21374.85	21242.65	21310.75	17691	0	100
2025.05.16	18:00:00	21311.75	21361.95	21294.95	21333.25	15946	0	80
2025.05.16	19:00:00	21333.25	21372.15	21327.15	21348.35	14120	0	80
2025.05.16	20:00:00	21348.65	21399.05	21341.15	21366.45	13097	0	80
2025.05.16	21:00:00	21366.15	21414.45	21357.15	21398.15	12729	0	80
2025.05.16	22:00:00	21398.15	21432.65	21383.55	21427.35	13830	0	80
2025.05.16	23:00:00	21425.95	21429.96	21373.86	21376.46	4918	0	120
2025.05.19	01:00:00	21261.45	21299.35	21236.95	21295.55	7062	0	180
2025.05.19	02:00:00	21295.55	21337.65	21281.75	21302.25	6207	0	160
2025.05.19	03:00:00	21302.65	21303.05	21185.55	21223.45	9956	0	190
2025.05.19	04:00:00	21223.25	21229.35	21194.45	21196.15	8146	0	190
2025.05.19	05:00:00	21196.05	21220.75	21181.55	21185.45	6317	0	180
2025.05.19	06:00:00	21185.25	21185.85	21117.05	21133.45	6707	0	180
2025.05.19	07:00:00	21133.55	21159.95	21126.45	21141.85	5330	0	160
2025.05.19	08:00:00	21142.05	21174.35	21134.55	21168.05	5786	0	170
2025.05.19	09:00:00	21168.05	21209.45	21107.65	21108.55	7976	0	190
2025.05.19	10:00:00	21109.85	21147.45	21083.45	21115.25	10543	0	200
2025.05.19	11:00:00	21114.75	21114.85	21033.85	21055.95	10808	0	200
2025.05.19	12:00:00	21055.25	21100.15	21039.05	21085.55	7638	0	180
2025.05.19	13:00:00	21085.55	21125.35	21052.25	21106.95	7479	0	180
2025.05.19	14:00:00	21107.25	21132.95	21083.25	21125.35	8240	0	190
2025.05.19	15:00:00	21124.95	21140.55	21085.35	21133.15	9508	0	200
2025.05.19	16:00:00	21133.45	21295.65	21076.15	21277.35	15520	0	120
2025.05.19	17:00:00	21277.65	21383.15	21268.85	21315.05	17401	0	100
2025.05.19	18:00:00	21314.85	21397.35	21301.65	21355.05	16029	0	80
2025.05.19	19:00:00	21355.65	21423.65	21349.75	21419.45	13867	0	80
2025.05.19	20:00:00	21419.45	21464.75	21414.05	21419.85	14368	0	80
2025.05.19	21:00:00	21420.25	21426.05	21371.05	21417.25	13677	0	80
2025.05.19	22:00:00	21417.15	21455.75	21366.05	21444.65	14341	0	80
2025.05.19	23:00:00	21445.36	21448.86	21400.66	21434.56	5348	0	138
2025.05.20	01:00:00	21426.25	21436.75	21416.35	21423.05	2363	0	150
2025.05.20	02:00:00	21422.45	21481.95	21421.25	21462.05	4596	0	150
2025.05.20	03:00:00	21461.85	21484.95	21436.75	21437.25	6133	0	170
2025.05.20	04:00:00	21436.85	21436.85	21360.95	21381.05	8227	0	170
2025.05.20	05:00:00	21381.15	21389.55	21357.85	21377.25	5594	0	160
2025.05.20	06:00:00	21376.75	21377.55	21351.35	21357.15	4269	0	160
2025.05.20	07:00:00	21357.15	21374.85	21344.55	21370.35	3881	0	150
2025.05.20	08:00:00	21370.25	21409.35	21338.75	21341.15	5755	0	170
2025.05.20	09:00:00	21341.15	21354.35	21316.75	21345.35	7139	0	190
2025.05.20	10:00:00	21346.05	21401.95	21331.25	21367.75	8847	0	190
2025.05.20	11:00:00	21367.15	21383.65	21334.75	21356.75	7583	0	180
2025.05.20	12:00:00	21357.25	21375.75	21338.25	21349.05	5772	0	180
2025.05.20	13:00:00	21349.05	21386.45	21343.05	21384.95	5757	0	160
2025.05.20	14:00:00	21385.75	21406.55	21379.75	21386.35	6459	0	170
2025.05.20	15:00:00	21385.55	21396.65	21341.75	21358.35	8364	0	180
2025.05.20	16:00:00	21358.75	21380.75	21279.15	21317.75	14646	0	110
2025.05.20	17:00:00	21317.35	21377.65	21286.45	21334.35	17013	0	80
2025.05.20	18:00:00	21332.65	21372.15	21314.35	21362.55	15417	0	80
2025.05.20	19:00:00	21362.65	21398.65	21330.45	21385.65	14040	0	80
2025.05.20	20:00:00	21385.95	21399.85	21333.75	21356.65	14253	0	80
2025.05.20	21:00:00	21356.15	21366.75	21266.35	21274.55	16130	0	80
2025.05.20	22:00:00	21272.95	21377.15	21224.35	21372.95	16248	0	80
2025.05.20	23:00:00	21373.55	21376.16	21322.26	21342.36	5835	0	120
2025.05.21	01:00:00	21336.05	21336.05	21269.75	21326.95	6417	0	180
2025.05.21	02:00:00	21326.85	21357.65	21323.55	21357.65	3749	0	150
2025.05.21	03:00:00	21357.65	21369.55	21330.85	21349.85	6692	0	180
2025.05.21	04:00:00	21349.85	21360.95	21314.85	21327.75	6532	0	160
2025.05.21	05:00:00	21327.85	21331.55	21300.45	21304.65	5485	0	160
2025.05.21	06:00:00	21304.55	21323.95	21296.15	21303.85	4176	0	150
2025.05.21	07:00:00	21303.95	21304.25	21276.25	21284.55	3730	0	160
2025.05.21	08:00:00	21284.25	21310.45	21253.65	21257.45	5110	0	160
2025.05.21	09:00:00	21257.35	21266.25	21212.65	21220.65	8657	0	200
2025.05.21	10:00:00	21220.05	21275.05	21219.95	21269.95	7798	0	180
2025.05.21	11:00:00	21269.65	21274.05	21216.15	21249.05	7044	0	170
2025.05.21	12:00:00	21249.65	21261.85	21190.15	21196.25	7003	0	180
2025.05.21	13:00:00	21195.55	21228.55	21156.15	21226.85	8639	0	190
2025.05.21	14:00:00	21226.75	21281.35	21222.45	21265.75	8261	0	190
2025.05.21	15:00:00	21265.95	21268.45	21210.25	21239.05	9880	0	190
2025.05.21	16:00:00	21238.55	21331.25	21188.75	21300.75	14787	0	90
2025.05.21	17:00:00	21303.75	21385.95	21289.75	21384.35	17463	0	120
2025.05.21	18:00:00	21383.65	21462.45	21374.95	21442.35	16745	0	80
2025.05.21	19:00:00	21441.15	21484.35	21436.35	21441.35	14809	0	80
2025.05.21	20:00:00	21443.05	21449.25	21086.75	21197.05	18880	0	110
2025.05.21	21:00:00	21197.55	21208.95	21094.25	21104.25	17800	0	120
2025.05.21	22:00:00	21108.75	21146.95	20999.75	21075.45	18128	0	120
2025.05.21	23:00:00	21075.55	21081.86	21037.86	21075.26	8102	0	120
2025.05.22	01:00:00	21082.45	21085.95	21041.85	21072.35	5691	0	180
2025.05.22	02:00:00	21072.65	21103.45	21062.55	21075.25	5357	0	170
2025.05.22	03:00:00	21075.25	21128.45	21065.15	21125.65	7728	0	170
2025.05.22	04:00:00	21125.35	21136.25	21080.15	21083.45	6602	0	180
2025.05.22	05:00:00	21083.35	21110.65	21074.35	21085.05	5337	0	150
2025.05.22	06:00:00	21085.25	21108.25	21085.05	21094.85	3873	0	150
2025.05.22	07:00:00	21094.65	21100.75	21089.35	21093.45	2351	0	150
2025.05.22	08:00:00	21092.65	21130.75	21084.25	21125.85	4493	0	150
2025.05.22	09:00:00	21125.95	21132.35	21093.35	21119.95	6132	0	170
2025.05.22	10:00:00	21118.75	21155.05	21100.15	21125.25	9638	0	180
2025.05.22	11:00:00	21125.75	21148.85	21114.15	21125.95	8608	0	190
2025.05.22	12:00:00	21125.75	21143.55	21107.75	21132.85	6507	0	170
2025.05.22	13:00:00	21132.75	21138.45	21098.95	21117.85	7003	0	180
2025.05.22	14:00:00	21116.45	21171.35	21007.15	21007.65	11805	0	210
2025.05.22	15:00:00	21007.45	21123.65	20968.65	21119.35	14484	0	210
2025.05.22	16:00:00	21119.15	21219.85	21042.15	21213.15	16662	0	90
2025.05.22	17:00:00	21215.55	21257.05	21094.85	21159.75	18383	0	120
2025.05.22	18:00:00	21158.55	21208.65	21127.65	21199.35	17400	0	120
2025.05.22	19:00:00	21200.15	21252.55	21139.95	21147.65	16752	0	110
2025.05.22	20:00:00	21148.35	21238.25	21126.85	21220.95	16251	0	80
2025.05.22	21:00:00	21220.95	21245.75	21197.85	21233.35	15617	0	80
2025.05.22	22:00:00	21233.85	21265.35	21095.75	21111.85	16120	0	80
2025.05.22	23:00:00	21113.75	21132.96	21104.46	21132.26	6603	0	120
2025.05.23	01:00:00	21138.35	21143.75	21071.25	21078.75	3906	0	160
2025.05.23	02:00:00	21078.45	21113.25	21066.25	21110.75	4757	0	160
2025.05.23	03:00:00	21112.65	21134.15	21109.15	21132.95	6321	0	170
2025.05.23	04:00:00	21132.95	21132.95	21092.25	21102.15	6609	0	170
2025.05.23	05:00:00	21102.35	21139.95	21098.45	21123.85	4508	0	160
2025.05.23	06:00:00	21123.85	21148.45	21114.75	21130.75	4446	0	150
2025.05.23	07:00:00	21130.75	21130.85	21083.25	21093.25	3307	0	150
2025.05.23	08:00:00	21093.35	21121.15	21076.85	21092.35	4573	0	150
2025.05.23	09:00:00	21092.15	21094.25	21033.65	21073.15	7521	0	190
2025.05.23	10:00:00	21073.75	21158.75	21070.65	21147.45	8464	0	170
2025.05.23	11:00:00	21146.65	21171.05	21120.15	21127.55	7744	0	180
2025.05.23	12:00:00	21126.95	21131.65	21059.25	21121.25	8530	0	190
2025.05.23	13:00:00	21121.85	21129.55	21083.85	21116.75	7195	0	190
2025.05.23	14:00:00	21117.75	21122.25	20745.05	20772.25	13948	0	210
2025.05.23	15:00:00	20774.25	20779.05	20668.15	20741.35	17512	0	210
2025.05.23	16:00:00	20741.05	20892.85	20699.15	20826.95	17699	0	120
2025.05.23	17:00:00	20830.55	20935.05	20821.85	20853.05	18439	0	120
2025.05.23	18:00:00	20853.25	20949.95	20828.45	20877.95	17007	0	120
2025.05.23	19:00:00	20877.95	20947.85	20861.55	20925.45	15958	0	90
2025.05.23	20:00:00	20925.35	21015.05	20914.35	20994.55	15829	0	90
2025.05.23	21:00:00	20994.65	21024.95	20948.25	20981.25	15887	0	90
2025.05.23	22:00:00	20980.75	21011.45	20901.25	20920.55	16542	0	110
2025.05.23	23:00:00	20921.16	20921.16	20872.56	20885.56	7253	0	138
2025.05.26	01:00:00	20937.35	21172.25	20936.35	21109.95	9340	0	210
2025.05.26	02:00:00	21109.75	21155.75	21105.55	21132.35	6155	0	180
2025.05.26	03:00:00	21132.35	21155.45	21112.25	21130.15	8043	0	190
2025.05.26	04:00:00	21129.65	21152.85	21111.75	21148.75	7257	0	180
2025.05.26	05:00:00	21149.35	21176.45	21133.35	21137.05	6146	0	170
2025.05.26	06:00:00	21137.45	21166.15	21137.15	21156.25	4317	0	150
2025.05.26	07:00:00	21156.15	21170.55	21146.65	21163.75	3293	0	150
2025.05.26	08:00:00	21163.55	21165.35	21138.05	21145.45	4317	0	150
2025.05.26	09:00:00	21145.45	21205.55	21132.95	21194.55	6564	0	170
2025.05.26	10:00:00	21196.85	21221.05	21174.75	21216.25	6465	0	190
2025.05.26	11:00:00	21216.35	21229.45	21181.85	21189.65	5109	0	170
2025.05.26	12:00:00	21189.55	21206.45	21186.75	21193.65	3388	0	150
2025.05.26	13:00:00	21193.85	21220.75	21189.65	21206.45	3069	0	150
2025.05.26	14:00:00	21206.25	21223.75	21199.55	21218.55	3440	0	150
2025.05.26	15:00:00	21218.45	21231.95	21203.65	21205.35	4163	0	150
2025.05.26	16:00:00	21205.45	21250.85	21193.55	21222.15	7445	0	80
2025.05.26	17:00:00	21222.45	21225.35	21167.95	21173.75	8394	0	80
2025.05.26	18:00:00	21173.85	21219.15	21158.85	21216.45	7661	0	80
2025.05.26	19:00:00	21217.25	21237.15	21211.35	21227.35	5669	0	80
2025.05.27	01:00:00	21211.65	21227.15	21169.15	21173.25	4392	0	160
2025.05.27	02:00:00	21173.65	21191.35	21164.15	21180.75	4205	0	160
2025.05.27	03:00:00	21180.95	21187.25	21147.55	21185.85	6253	0	170
2025.05.27	04:00:00	21185.05	21185.25	21118.95	21121.75	6880	0	170
2025.05.27	05:00:00	21120.55	21128.25	21107.15	21125.85	4852	0	160
2025.05.27	06:00:00	21125.85	21133.25	21086.95	21097.35	4080	0	150
2025.05.27	07:00:00	21097.25	21121.55	21090.15	21121.05	3141	0	150
2025.05.27	08:00:00	21121.05	21162.45	21104.65	21152.85	5188	0	150
2025.05.27	09:00:00	21153.15	21199.55	21149.85	21187.75	4941	0	160
2025.05.27	10:00:00	21187.75	21304.15	21180.35	21277.65	9770	0	180
2025.05.27	11:00:00	21276.35	21291.55	21243.35	21258.55	8721	0	190
2025.05.27	12:00:00	21258.65	21297.05	21254.95	21277.75	7291	0	180
2025.05.27	13:00:00	21277.75	21296.35	21245.85	21247.65	6455	0	180
2025.05.27	14:00:00	21247.35	21255.15	21217.35	21241.75	7821	0	180
2025.05.27	15:00:00	21241.85	21249.55	21199.65	21221.05	9538	0	190
2025.05.27	16:00:00	21221.25	21259.85	21138.75	21238.25	14335	0	110
2025.05.27	17:00:00	21241.55	21331.15	21238.75	21298.45	15867	0	80
2025.05.27	18:00:00	21299.45	21348.65	21295.95	21342.15	13083	0	80
2025.05.27	19:00:00	21343.15	21401.85	21338.75	21373.45	12082	0	80
2025.05.27	20:00:00	21373.25	21421.95	21373.15	21418.65	10590	0	80
2025.05.27	21:00:00	21418.65	21430.05	21383.25	21384.65	10552	0	80
2025.05.27	22:00:00	21383.15	21410.05	21356.45	21407.25	12545	0	80
2025.05.27	23:00:00	21407.25	21417.86	21385.46	21415.86	5888	0	120
2025.05.28	01:00:00	21408.95	21416.05	21397.75	21414.45	3149	0	150
2025.05.28	02:00:00	21413.45	21428.55	21411.45	21414.45	3510	0	150
2025.05.28	03:00:00	21414.15	21416.35	21401.25	21413.25	4689	0	160
2025.05.28	04:00:00	21413.55	21427.25	21404.55	21406.45	4858	0	150
2025.05.28	05:00:00	21406.55	21418.35	21404.75	21408.85	3624	0	150
2025.05.28	06:00:00	21408.85	21420.85	21382.55	21387.95	3703	0	150
2025.05.28	07:00:00	21387.75	21391.05	21380.05	21382.35	2720	0	150
2025.05.28	08:00:00	21382.55	21406.35	21379.35	21396.15	3814	0	150
2025.05.28	09:00:00	21396.05	21405.95	21377.35	21379.95	4453	0	160
2025.05.28	10:00:00	21380.15	21401.65	21372.35	21376.95	7072	0	180
2025.05.28	11:00:00	21377.65	21386.55	21360.55	21363.25	6205	0	170
2025.05.28	12:00:00	21363.25	21374.95	21351.05	21373.45	6007	0	170
2025.05.28	13:00:00	21373.35	21461.95	21368.15	21461.05	6987	0	160
2025.05.28	14:00:00	21460.85	21467.05	21430.35	21447.75	7383	0	180
2025.05.28	15:00:00	21447.65	21481.35	21444.15	21450.85	8402	0	180
2025.05.28	16:00:00	21450.45	21508.35	21397.75	21412.65	14589	0	80
2025.05.28	17:00:00	21412.85	21432.55	21372.55	21377.95	17151	0	80
2025.05.28	18:00:00	21377.95	21422.85	21374.55	21382.45	14193	0	80
2025.05.28	19:00:00	21382.75	21425.75	21381.95	21409.95	11644	0	80
2025.05.28	20:00:00	21409.95	21434.95	21402.05	21416.45	10910	0	80
2025.05.28	21:00:00	21416.15	21448.05	21347.65	21414.35	12028	0	80
2025.05.28	22:00:00	21414.35	21459.45	21295.25	21316.85	16680	0	90
2025.05.28	23:00:00	21316.85	21448.46	21277.06	21447.06	11420	0	120
2025.05.29	01:00:00	21452.65	21544.55	21443.15	21535.35	6526	0	180
2025.05.29	02:00:00	21535.65	21723.75	21535.55	21712.25	15391	0	210
2025.05.29	03:00:00	21713.35	21780.05	21657.15	21768.85	12164	0	210
2025.05.29	04:00:00	21768.65	21769.25	21701.05	21742.15	10765	0	190
2025.05.29	05:00:00	21741.85	21771.05	21729.85	21738.35	8433	0	190
2025.05.29	06:00:00	21738.55	21761.35	21727.75	21730.75	6569	0	160
2025.05.29	07:00:00	21730.95	21754.05	21723.65	21744.05	4665	0	160
2025.05.29	08:00:00	21744.05	21772.15	21739.35	21753.35	5209	0	160
2025.05.29	09:00:00	21752.75	21754.15	21714.85	21719.35	6676	0	180
2025.05.29	10:00:00	21719.05	21795.35	21694.25	21795.35	8772	0	180
2025.05.29	11:00:00	21795.35	21806.05	21723.05	21730.05	8848	0	190
2025.05.29	12:00:00	21731.05	21765.85	21723.35	21732.85	7512	0	180
2025.05.29	13:00:00	21732.75	21735.35	21658.15	21682.75	9799	0	200
2025.05.29	14:00:00	21683.15	21686.85	21596.25	21602.85	10368	0	180
2025.05.29	15:00:00	21602.25	21636.35	21568.25	21592.05	13213	0	210
2025.05.29	16:00:00	21592.25	21640.25	21434.25	21466.35	15743	0	110
2025.05.29	17:00:00	21466.05	21481.05	21328.95	21464.35	17973	0	110
2025.05.29	18:00:00	21464.35	21467.35	21274.45	21296.95	17251	0	100
2025.05.29	19:00:00	21297.15	21419.45	21250.05	21405.25	16881	0	90
2025.05.29	20:00:00	21404.25	21430.75	21316.55	21320.45	16407	0	100
2025.05.29	21:00:00	21320.75	21353.25	21265.75	21310.65	16282	0	80
2025.05.29	22:00:00	21310.75	21394.55	21290.05	21359.45	16345	0	100
2025.05.29	23:00:00	21359.15	21375.16	21317.16	21334.86	6420	0	120
2025.05.30	01:00:00	21317.75	21342.65	21283.45	21301.15	5415	0	180
2025.05.30	02:00:00	21301.15	21317.05	21263.25	21264.65	5186	0	170
2025.05.30	03:00:00	21264.75	21304.45	21263.45	21289.55	7486	0	190
2025.05.30	04:00:00	21289.55	21296.55	21216.75	21290.85	8337	0	180
2025.05.30	05:00:00	21291.15	21310.55	21281.95	21307.85	4874	0	160
2025.05.30	06:00:00	21307.75	21312.75	21282.55	21294.35	4290	0	160
2025.05.30	07:00:00	21294.05	21305.95	21281.15	21299.25	3191	0	150
2025.05.30	08:00:00	21299.25	21361.95	21297.65	21336.85	5317	0	170
2025.05.30	09:00:00	21336.45	21347.55	21283.55	21286.65	7802	0	190
2025.05.30	10:00:00	21287.05	21331.85	21269.35	21312.85	9521	0	190
2025.05.30	11:00:00	21310.75	21345.45	21303.55	21310.25	8151	0	200
2025.05.30	12:00:00	21310.25	21344.75	21306.65	21313.55	6491	0	180
2025.05.30	13:00:00	21313.65	21339.55	21300.85	21334.45	6076	0	180
2025.05.30	14:00:00	21334.65	21370.95	21326.55	21337.55	6758	0	180
2025.05.30	15:00:00	21337.85	21370.05	21176.95	21284.85	14662	0	200
2025.05.30	16:00:00	21285.05	21339.65	21185.55	21208.95	15923	0	120
2025.05.30	17:00:00	21209.55	21349.45	21209.55	21305.25	17211	0	110
2025.05.30	18:00:00	21305.15	21331.15	21241.35	21275.25	17087	0	100
2025.05.30	19:00:00	21275.65	21289.05	21026.55	21067.65	17721	0	110
2025.05.30	20:00:00	21067.45	21169.55	21047.65	21132.25	16911	0	100
2025.05.30	21:00:00	21131.85	21263.05	21131.05	21256.65	16412	0	90
2025.05.30	22:00:00	21257.15	21389.05	21252.35	21327.05	17281	0	100
2025.05.30	23:00:00	21322.55	21361.16	21286.06	21308.26	8356	0	120
2025.06.02	01:00:00	21279.75	21305.85	21258.85	21271.65	5196	0	170
2025.06.02	02:00:00	21272.25	21272.45	21235.05	21261.65	4783	0	170
2025.06.02	03:00:00	21262.25	21283.45	21242.85	21252.25	6367	0	190
2025.06.02	04:00:00	21253.25	21271.25	21225.75	21236.45	6857	0	180
2025.06.02	05:00:00	21236.45	21242.25	21214.45	21221.65	5617	0	160
2025.06.02	06:00:00	21221.55	21222.95	21185.95	21188.95	5829	0	160
2025.06.02	07:00:00	21188.65	21212.05	21176.55	21193.55	3944	0	150
2025.06.02	08:00:00	21193.45	21208.25	21170.75	21188.35	5103	0	170
2025.06.02	09:00:00	21188.05	21205.55	21155.85	21185.75	6965	0	180
2025.06.02	10:00:00	21184.65	21224.35	21120.65	21169.05	11744	0	200
2025.06.02	11:00:00	21167.35	21220.55	21164.65	21192.55	9996	0	200
2025.06.02	12:00:00	21192.85	21199.65	21159.05	21182.85	8433	0	210
2025.06.02	13:00:00	21182.85	21210.55	21172.25	21208.05	7358	0	200
2025.06.02	14:00:00	21207.15	21248.35	21196.05	21213.15	7617	0	190
2025.06.02	15:00:00	21213.45	21251.55	21197.75	21242.65	8787	0	190
2025.06.02	16:00:00	21242.25	21415.75	21215.55	21271.10	15092	0	100
2025.06.02	17:00:00	21242.44	21376.25	21193.05	21355.25	18349	0	120
2025.06.02	18:00:00	21354.25	21402.15	21313.45	21392.45	16925	0	90
2025.06.02	19:00:00	21392.15	21412.45	21359.65	21404.15	15571	0	80
2025.06.02	20:00:00	21404.25	21432.05	21383.65	21403.55	15049	0	80
2025.06.02	21:00:00	21403.65	21482.95	21385.25	21475.25	14384	0	80
2025.06.02	22:00:00	21475.45	21501.25	21453.95	21491.55	14025	0	80
2025.06.02	23:00:00	21491.55	21533.36	21485.06	21514.86	6168	0	120
2025.06.03	01:00:00	21495.75	21502.85	21475.55	21479.35	2286	0	150
2025.06.03	02:00:00	21479.45	21504.55	21427.25	21454.65	5892	0	150
2025.06.03	03:00:00	21456.35	21462.15	21434.25	21443.65	5133	0	160
2025.06.03	04:00:00	21443.95	21460.05	21437.15	21446.85	5270	0	170
2025.06.03	05:00:00	21446.85	21450.65	21403.15	21427.95	4890	0	150
2025.06.03	06:00:00	21427.65	21427.65	21397.35	21421.55	3754	0	150
2025.06.03	07:00:00	21421.55	21423.25	21404.95	21413.25	2609	0	150
2025.06.03	08:00:00	21413.45	21431.75	21411.85	21424.75	3580	0	150
2025.06.03	09:00:00	21424.45	21436.65	21399.55	21429.35	4848	0	160
2025.06.03	10:00:00	21429.45	21440.55	21364.25	21399.05	10046	0	170
2025.06.03	11:00:00	21398.95	21408.25	21359.15	21403.95	8565	0	170
2025.06.03	12:00:00	21403.65	21425.05	21391.05	21410.55	6249	0	170
2025.06.03	13:00:00	21410.75	21454.25	21398.05	21454.25	6570	0	180
2025.06.03	14:00:00	21454.05	21494.45	21444.05	21486.85	7317	0	180
2025.06.03	15:00:00	21488.25	21502.55	21463.05	21494.25	9169	0	190
2025.06.03	16:00:00	21493.85	21565.45	21470.85	21551.60	14241	0	90
2025.06.03	17:00:00	21558.74	21622.85	21517.75	21621.05	17184	0	80
2025.06.03	18:00:00	21621.05	21646.65	21612.85	21643.45	14496	0	80
2025.06.03	19:00:00	21643.35	21706.35	21635.15	21696.85	13020	0	80
2025.06.03	20:00:00	21697.65	21718.35	21675.15	21676.85	12861	0	80
2025.06.03	21:00:00	21676.65	21680.15	21595.55	21671.15	15181	0	80
2025.06.03	22:00:00	21671.05	21685.45	21625.75	21664.65	14765	0	80
2025.06.03	23:00:00	21664.76	21665.76	21626.06	21652.26	5293	0	138
2025.06.04	01:00:00	21654.85	21681.85	21652.05	21670.05	2817	0	150
2025.06.04	02:00:00	21669.95	21679.65	21653.45	21666.15	4179	0	150
2025.06.04	03:00:00	21666.25	21687.15	21652.35	21660.45	6348	0	170
2025.06.04	04:00:00	21660.45	21671.45	21632.85	21642.15	6041	0	170
2025.06.04	05:00:00	21642.95	21646.55	21628.25	21634.45	4278	0	150
2025.06.04	06:00:00	21634.15	21644.35	21631.35	21640.65	2802	0	150
2025.06.04	07:00:00	21640.55	21657.05	21634.25	21638.85	2537	0	150
2025.06.04	08:00:00	21638.85	21656.65	21634.85	21655.65	3296	0	150
2025.06.04	09:00:00	21655.65	21674.95	21641.25	21651.75	5429	0	150
2025.06.04	10:00:00	21652.55	21682.95	21635.35	21681.85	7166	0	170
2025.06.04	11:00:00	21681.85	21709.15	21676.05	21678.25	7439	0	170
2025.06.04	12:00:00	21678.75	21706.45	21678.05	21697.45	5827	0	160
2025.06.04	13:00:00	21697.55	21719.65	21680.95	21710.95	6424	0	160
2025.06.04	14:00:00	21709.95	21716.75	21688.45	21708.35	5859	0	150
2025.06.04	15:00:00	21709.15	21727.65	21616.55	21669.85	11717	0	160
2025.06.04	16:00:00	21669.85	21754.25	21660.35	21713.30	14778	0	90
2025.06.04	17:00:00	21712.60	21726.55	21602.55	21724.15	17949	0	80
2025.06.04	18:00:00	21724.65	21747.65	21695.15	21714.95	16033	0	80
2025.06.04	19:00:00	21715.25	21717.75	21667.15	21715.05	14843	0	80
2025.06.04	20:00:00	21715.05	21751.55	21713.75	21747.05	11816	0	80
2025.06.04	21:00:00	21746.75	21762.85	21732.85	21743.75	12260	0	80
2025.06.04	22:00:00	21744.05	21758.75	21709.45	21718.25	13582	0	80
2025.06.04	23:00:00	21718.46	21725.36	21703.36	21717.96	5045	0	128
2025.06.05	01:00:00	21706.35	21732.35	21703.05	21711.85	3206	0	150
2025.06.05	02:00:00	21711.85	21719.05	21698.85	21703.05	3078	0	150
2025.06.05	03:00:00	21703.75	21728.05	21699.15	21706.75	4675	0	160
2025.06.05	04:00:00	21706.45	21718.75	21693.15	21717.65	4609	0	160
2025.06.05	05:00:00	21717.95	21719.95	21698.25	21706.25	3532	0	150
2025.06.05	06:00:00	21706.35	21716.55	21703.55	21712.15	3264	0	150
2025.06.05	07:00:00	21712.05	21720.65	21706.55	21709.85	2256	0	150
2025.06.05	08:00:00	21709.85	21710.55	21686.15	21695.95	3412	0	150
2025.06.05	09:00:00	21696.05	21705.45	21686.15	21700.75	3812	0	150
2025.06.05	10:00:00	21700.75	21798.05	21700.35	21773.85	8230	0	160
2025.06.05	11:00:00	21774.45	21802.85	21739.35	21750.85	7246	0	180
2025.06.05	12:00:00	21750.55	21752.35	21725.45	21737.45	6146	0	160
2025.06.05	13:00:00	21737.25	21765.45	21715.35	21738.15	6027	0	160
2025.06.05	14:00:00	21738.15	21740.95	21706.95	21729.35	7351	0	160
2025.06.05	15:00:00	21729.15	21855.95	21674.12	21762.05	11115	0	170
2025.06.05	16:00:00	21759.95	21801.05	21655.05	21685.45	16677	0	100
2025.06.05	17:00:00	21685.15	21839.25	21665.15	21819.45	18385	0	110
2025.06.05	18:00:00	21820.25	21889.95	21806.55	21881.95	16198	0	80
2025.06.05	19:00:00	21882.05	21884.35	21633.45	21648.65	17280	0	80
2025.06.05	20:00:00	21645.25	21751.25	21622.05	21690.95	16357	0	80
2025.06.05	21:00:00	21691.85	21701.25	21572.05	21648.45	17298	0	100
2025.06.05	22:00:00	21648.55	21658.55	21465.55	21551.05	19064	0	120
2025.06.05	23:00:00	21547.96	21579.76	21482.76	21514.76	9527	0	138
2025.06.06	01:00:00	21458.85	21526.45	21451.15	21524.35	4559	0	160
2025.06.06	02:00:00	21524.45	21537.05	21505.75	21511.55	5939	0	180
2025.06.06	03:00:00	21511.05	21553.25	21510.25	21537.25	6786	0	180
2025.06.06	04:00:00	21537.45	21566.45	21529.15	21550.25	5767	0	170
2025.06.06	05:00:00	21550.25	21557.55	21538.95	21554.75	3982	0	160
2025.06.06	06:00:00	21554.75	21583.85	21545.55	21575.75	3691	0	160
2025.06.06	07:00:00	21575.75	21616.95	21567.75	21615.75	3142	0	150
2025.06.06	08:00:00	21615.15	21635.35	21614.25	21623.15	4208	0	160
2025.06.06	09:00:00	21622.95	21651.75	21595.75	21633.75	5834	0	170
2025.06.06	10:00:00	21633.55	21645.75	21614.05	21626.45	7631	0	170
2025.06.06	11:00:00	21626.55	21637.85	21604.35	21627.45	7450	0	180
2025.06.06	12:00:00	21627.55	21655.75	21617.25	21651.45	5656	0	170
2025.06.06	13:00:00	21651.45	21660.35	21621.55	21622.95	5302	0	170
2025.06.06	14:00:00	21622.05	21650.05	21608.95	21637.15	7553	0	180
2025.06.06	15:00:00	21638.35	21748.45	21628.35	21727.85	12042	0	190
2025.06.06	16:00:00	21727.35	21829.45	21712.95	21806.25	16210	0	110
2025.06.06	17:00:00	21808.65	21815.65	21731.05	21786.35	17469	0	80
2025.06.06	18:00:00	21785.55	21832.75	21703.65	21776.75	17039	0	80
2025.06.06	19:00:00	21777.35	21803.65	21692.35	21725.45	16145	0	80
2025.06.06	20:00:00	21725.65	21795.15	21707.45	21790.15	14020	0	80
2025.06.06	21:00:00	21790.45	21839.05	21790.05	21803.15	14018	0	80
2025.06.06	22:00:00	21802.65	21815.65	21753.55	21755.45	15351	0	80
2025.06.06	23:00:00	21757.55	21787.26	21748.06	21773.86	5678	0	120
2025.06.09	01:00:00	21772.15	21781.95	21699.75	21711.15	6035	0	180
2025.06.09	02:00:00	21711.35	21741.35	21697.95	21731.55	4662	0	160
2025.06.09	03:00:00	21732.25	21752.75	21714.25	21718.05	5748	0	170
2025.06.09	04:00:00	21717.65	21721.45	21701.35	21712.05	4317	0	160
2025.06.09	05:00:00	21711.75	21725.15	21686.35	21711.05	4157	0	150
2025.06.09	06:00:00	21710.95	21716.55	21696.25	21713.75	2904	0	150
2025.06.09	07:00:00	21713.95	21722.35	21701.15	21716.25	2631	0	150
2025.06.09	08:00:00	21716.15	21718.15	21698.95	21716.05	3090	0	150
2025.06.09	09:00:00	21715.95	21737.35	21701.85	21735.55	4005	0	150
2025.06.09	10:00:00	21737.35	21764.35	21719.55	21764.15	7134	0	180
2025.06.09	11:00:00	21762.65	21769.35	21728.05	21761.35	6637	0	170
2025.06.09	12:00:00	21761.45	21763.85	21743.65	21749.45	4390	0	160
2025.06.09	13:00:00	21749.45	21760.05	21733.25	21744.35	4348	0	150
2025.06.09	14:00:00	21746.05	21793.15	21744.35	21780.35	6674	0	170
2025.06.09	15:00:00	21780.25	21787.05	21760.15	21766.65	6843	0	170
2025.06.09	16:00:00	21767.15	21789.35	21722.65	21756.85	13762	0	90
2025.06.09	17:00:00	21758.45	21858.75	21758.45	21814.25	16509	0	80
2025.06.09	18:00:00	21814.25	21840.75	21785.55	21810.95	14769	0	80
2025.06.09	19:00:00	21810.95	21855.95	21787.75	21841.85	12859	0	80
2025.06.09	20:00:00	21841.85	21853.05	21806.75	21838.55	13107	0	80
2025.06.09	21:00:00	21838.85	21849.75	21813.05	21840.65	11229	0	80
2025.06.09	22:00:00	21840.75	21846.55	21786.95	21790.85	12926	0	80
2025.06.09	23:00:00	21791.35	21796.46	21769.06	21786.96	4751	0	120
2025.06.10	01:00:00	21811.25	21818.25	21799.45	21800.95	2488	0	150
2025.06.10	02:00:00	21801.85	21813.05	21801.25	21808.35	2053	0	150
2025.06.10	03:00:00	21808.45	21847.05	21790.55	21839.15	4396	0	150
2025.06.10	04:00:00	21839.15	21948.25	21838.45	21941.75	6861	0	160
2025.06.10	05:00:00	21941.55	21943.25	21919.75	21923.45	4472	0	150
2025.06.10	06:00:00	21923.35	21928.15	21908.25	21914.35	2672	0	150
2025.06.10	07:00:00	21914.95	21916.95	21887.85	21892.95	2718	0	150
2025.06.10	08:00:00	21892.85	21906.05	21732.15	21803.75	9961	0	150
2025.06.10	09:00:00	21804.95	21814.45	21776.75	21783.75	7696	0	190
2025.06.10	10:00:00	21783.45	21801.55	21708.15	21769.25	12210	0	210
2025.06.10	11:00:00	21769.45	21796.95	21736.25	21788.45	9671	0	190
2025.06.10	12:00:00	21787.75	21816.65	21781.25	21804.35	5887	0	170
2025.06.10	13:00:00	21804.35	21832.65	21803.75	21816.25	5950	0	170
2025.06.10	14:00:00	21817.35	21833.35	21780.05	21833.35	7589	0	170
2025.06.10	15:00:00	21832.95	21842.15	21822.85	21829.85	7229	0	170
2025.06.10	16:00:00	21831.05	21868.35	21794.85	21833.45	14124	0	120
2025.06.10	17:00:00	21832.45	21864.75	21824.45	21830.35	16532	0	80
2025.06.10	18:00:00	21829.05	21854.05	21718.65	21850.35	15976	0	80
2025.06.10	19:00:00	21850.35	21887.85	21847.35	21883.35	12703	0	80
2025.06.10	20:00:00	21883.75	21904.45	21840.85	21846.15	13155	0	80
2025.06.10	21:00:00	21846.35	21940.65	21794.55	21923.05	14171	0	80
2025.06.10	22:00:00	21921.75	21965.75	21883.45	21937.45	15499	0	80
2025.06.10	23:00:00	21936.06	21941.16	21908.26	21923.66	5826	0	138
2025.06.11	01:00:00	21925.05	21958.05	21918.45	21947.35	2332	0	150
2025.06.11	02:00:00	21947.55	21976.05	21890.95	21928.85	6870	0	180
2025.06.11	03:00:00	21928.15	21939.85	21885.75	21889.05	6921	0	180
2025.06.11	04:00:00	21888.95	21898.15	21856.45	21882.35	6177	0	170
2025.06.11	05:00:00	21882.35	21885.15	21865.95	21869.25	3504	0	150
2025.06.11	06:00:00	21869.35	21884.45	21861.25	21881.65	3391	0	150
2025.06.11	07:00:00	21881.75	21888.95	21847.25	21850.95	3037	0	150
2025.06.11	08:00:00	21851.35	21874.65	21840.75	21855.65	4480	0	160
2025.06.11	09:00:00	21855.55	21880.05	21850.15	21870.45	5115	0	180
2025.06.11	10:00:00	21870.45	21909.05	21867.05	21903.05	7439	0	170
2025.06.11	11:00:00	21903.05	21932.45	21894.05	21917.25	5896	0	160
2025.06.11	12:00:00	21917.15	21923.35	21889.55	21891.25	4875	0	150
2025.06.11	13:00:00	21891.45	21913.25	21883.55	21903.85	4690	0	160
2025.06.11	14:00:00	21903.95	21914.35	21856.45	21905.05	7034	0	160
2025.06.11	15:00:00	21905.05	22067.85	21863.75	22003.85	14530	0	190
2025.06.11	16:00:00	22003.75	22014.95	21890.95	21955.65	15399	0	90
2025.06.11	17:00:00	21955.65	22038.65	21950.85	22033.45	15248	0	80
2025.06.11	18:00:00	22032.65	22042.65	21954.05	21970.55	15235	0	80
2025.06.11	19:00:00	21971.45	21983.05	21884.85	21954.15	15772	0	80
2025.06.11	20:00:00	21954.35	21994.65	21887.25	21893.75	14709	0	80
2025.06.11	21:00:00	21893.35	21906.75	21767.45	21837.85	17816	0	90
2025.06.11	22:00:00	21838.35	21867.95	21801.95	21863.65	17197	0	110
2025.06.11	23:00:00	21864.75	21886.66	21848.06	21857.66	6358	0	120
2025.06.12	01:00:00	21826.65	21871.85	21804.75	21814.95	4018	0	160
2025.06.12	02:00:00	21813.65	21843.35	21796.75	21815.45	4466	0	160
2025.06.12	03:00:00	21816.15	21825.55	21761.25	21779.25	6732	0	180
2025.06.12	04:00:00	21779.35	21791.25	21732.75	21764.15	6775	0	180
2025.06.12	05:00:00	21765.15	21771.95	21750.55	21764.15	4138	0	160
2025.06.12	06:00:00	21764.25	21802.15	21762.55	21786.35	3483	0	150
2025.06.12	07:00:00	21786.75	21808.65	21781.35	21808.05	2664	0	150
2025.06.12	08:00:00	21807.95	21817.45	21783.65	21804.55	3768	0	150
2025.06.12	09:00:00	21804.45	21824.05	21787.15	21817.45	4915	0	160
2025.06.12	10:00:00	21817.65	21836.45	21737.45	21752.65	10068	0	180
2025.06.12	11:00:00	21751.95	21781.45	21695.65	21776.75	10535	0	180
2025.06.12	12:00:00	21776.65	21820.45	21768.55	21788.05	7882	0	180
2025.06.12	13:00:00	21788.15	21801.95	21741.15	21782.55	8636	0	200
2025.06.12	14:00:00	21782.25	21783.95	21713.25	21717.65	8829	0	200
2025.06.12	15:00:00	21717.05	21825.75	21717.05	21812.75	11173	0	200
2025.06.12	16:00:00	21812.95	21868.65	21797.55	21835.65	14856	0	90
2025.06.12	17:00:00	21835.45	21926.85	21819.15	21912.15	16196	0	80
2025.06.12	18:00:00	21912.35	21955.15	21860.75	21900.65	16005	0	80
2025.06.12	19:00:00	21900.85	21946.15	21880.55	21902.15	15315	0	80
2025.06.12	20:00:00	21902.55	21945.85	21895.95	21914.75	13242	0	80
2025.06.12	21:00:00	21914.25	21927.65	21879.85	21915.15	12921	0	80
2025.06.12	22:00:00	21914.25	21930.65	21870.95	21914.25	12984	0	80
2025.06.12	23:00:00	21913.85	21923.16	21887.46	21892.26	5282	0	120
2025.06.13	01:00:00	21871.75	21874.85	21839.95	21860.85	3163	0	150
2025.06.13	02:00:00	21861.15	21868.15	21765.55	21765.55	3517	0	150
2025.06.13	03:00:00	21765.45	21771.05	21507.65	21547.55	15520	0	210
2025.06.13	04:00:00	21547.55	21597.45	21469.55	21592.95	13470	0	210
2025.06.13	05:00:00	21592.85	21593.65	21451.85	21510.55	11106	0	210
2025.06.13	06:00:00	21510.65	21561.85	21503.85	21552.95	8485	0	200
2025.06.13	07:00:00	21552.85	21555.65	21502.65	21522.65	6468	0	190
2025.06.13	08:00:00	21523.45	21550.15	21503.45	21549.95	7025	0	190
2025.06.13	09:00:00	21549.95	21590.95	21545.65	21585.65	9289	0	190
2025.06.13	10:00:00	21586.05	21631.65	21567.55	21617.55	12416	0	210
2025.06.13	11:00:00	21617.55	21642.65	21565.65	21583.35	11076	0	210
2025.06.13	12:00:00	21583.55	21626.95	21560.65	21604.85	10694	0	200
2025.06.13	13:00:00	21604.55	21637.05	21577.65	21635.45	9333	0	190
2025.06.13	14:00:00	21635.35	21685.15	21625.85	21667.15	10491	0	190
2025.06.13	15:00:00	21667.15	21683.85	21626.05	21641.05	10887	0	190
2025.06.13	16:00:00	21641.35	21775.65	21608.95	21710.15	15366	0	120
2025.06.13	17:00:00	21743.15	21751.25	21602.35	21727.05	17532	0	120
2025.06.13	18:00:00	21728.55	21826.35	21719.25	21817.25	15678	0	80
2025.06.13	19:00:00	21817.85	21837.35	21782.35	21811.45	14574	0	80
2025.06.13	20:00:00	21810.85	21817.35	21733.55	21771.45	15291	0	80
2025.06.13	21:00:00	21771.25	21788.15	21587.35	21652.25	17320	0	90
2025.06.13	22:00:00	21651.65	21675.55	21586.75	21634.25	17050	0	120
2025.06.13	23:00:00	21635.35	21661.46	21626.06	21635.66	7938	0	120
2025.06.16	01:00:00	21585.65	21675.45	21537.85	21636.15	8302	0	200
2025.06.16	02:00:00	21636.25	21688.35	21599.75	21675.25	5941	0	180
2025.06.16	03:00:00	21675.55	21691.15	21647.75	21681.05	6743	0	170
2025.06.16	04:00:00	21680.95	21686.45	21652.75	21671.25	5116	0	170
2025.06.16	05:00:00	21671.75	21704.85	21666.85	21689.75	4274	0	150
2025.06.16	06:00:00	21689.75	21692.65	21664.95	21676.65	3152	0	150
2025.06.16	07:00:00	21676.65	21687.25	21656.25	21667.25	3024	0	150
2025.06.16	08:00:00	21667.35	21724.95	21666.35	21701.15	4624	0	150
2025.06.16	09:00:00	21700.35	21741.65	21691.85	21729.45	6409	0	170
2025.06.16	10:00:00	21729.65	21771.85	21725.35	21768.75	9139	0	190
2025.06.16	11:00:00	21767.75	21775.55	21735.65	21766.35	7280	0	170
2025.06.16	12:00:00	21765.75	21772.25	21717.75	21732.95	6190	0	170
2025.06.16	13:00:00	21732.55	21766.75	21726.95	21766.75	5501	0	150
2025.06.16	14:00:00	21762.85	21795.45	21737.15	21795.25	7127	0	170
2025.06.16	15:00:00	21795.05	21826.15	21785.55	21800.55	8067	0	160
2025.06.16	16:00:00	21800.75	21929.65	21775.45	21913.05	14009	0	90
2025.06.16	17:00:00	21912.65	21967.05	21907.85	21944.15	15897	0	80
2025.06.16	18:00:00	21944.25	21981.85	21916.95	21931.35	15195	0	80
2025.06.16	19:00:00	21932.35	21955.05	21903.85	21924.65	13564	0	80
2025.06.16	20:00:00	21924.75	21966.55	21909.05	21924.95	13787	0	80
2025.06.16	21:00:00	21925.45	21943.45	21897.75	21927.25	12991	0	80
2025.06.16	22:00:00	21925.95	21942.25	21902.35	21934.85	14081	0	80
2025.06.16	23:00:00	21935.16	21946.26	21920.46	21933.16	4996	0	138
2025.06.17	01:00:00	21924.95	21926.05	21830.65	21848.95	5762	0	150
2025.06.17	02:00:00	21849.35	21880.65	21780.15	21780.15	10022	0	210
2025.06.17	03:00:00	21781.65	21851.55	21771.85	21849.65	9810	0	200
2025.06.17	04:00:00	21849.85	21862.65	21805.95	21841.75	8134	0	190
2025.06.17	05:00:00	21841.75	21876.65	21783.65	21872.05	7900	0	190
2025.06.17	06:00:00	21872.15	21873.95	21819.65	21841.15	7074	0	180
2025.06.17	07:00:00	21841.35	21856.95	21815.45	21832.25	5205	0	170
2025.06.17	08:00:00	21832.15	21857.85	21819.55	21845.25	6087	0	170
2025.06.17	09:00:00	21845.25	21886.35	21821.95	21829.95	7835	0	190
2025.06.17	10:00:00	21830.05	21852.15	21770.05	21803.35	12049	0	210
2025.06.17	11:00:00	21804.05	21844.65	21788.45	21826.55	8465	0	190
2025.06.17	12:00:00	21826.55	21844.35	21784.95	21796.55	7593	0	190
2025.06.17	13:00:00	21796.55	21817.55	21760.45	21802.05	7411	0	170
2025.06.17	14:00:00	21800.95	21837.85	21793.05	21835.85	7923	0	180
2025.06.17	15:00:00	21835.85	21858.05	21805.35	21815.85	10317	0	190
2025.06.17	16:00:00	21815.75	21873.35	21791.55	21857.35	14491	0	80
2025.06.17	17:00:00	21861.45	21896.15	21833.95	21838.65	15738	0	80
2025.06.17	18:00:00	21838.15	21895.75	21836.15	21861.15	14754	0	80
2025.06.17	19:00:00	21861.65	21894.25	21790.25	21800.85	14604	0	80
2025.06.17	20:00:00	21799.45	21821.45	21710.45	21726.45	16115	0	80
2025.06.17	21:00:00	21725.95	21743.15	21674.45	21741.65	15806	0	80
2025.06.17	22:00:00	21741.95	21761.15	21711.35	21720.25	14937	0	80
2025.06.17	23:00:00	21720.95	21746.76	21702.56	21710.36	6800	0	120
2025.06.18	01:00:00	21675.05	21694.75	21629.85	21638.55	5425	0	170
2025.06.18	02:00:00	21638.35	21691.35	21630.45	21670.85	5896	0	180
2025.06.18	03:00:00	21670.85	21752.95	21670.35	21743.75	7726	0	180
2025.06.18	04:00:00	21743.75	21776.55	21728.95	21740.25	6405	0	170
2025.06.18	05:00:00	21740.75	21767.85	21729.95	21743.65	4484	0	150
2025.06.18	06:00:00	21743.45	21750.35	21733.85	21735.85	3496	0	160
2025.06.18	07:00:00	21735.85	21752.65	21711.85	21746.35	3352	0	150
2025.06.18	08:00:00	21746.35	21762.15	21744.95	21754.65	3660	0	150
2025.06.18	09:00:00	21754.35	21796.35	21748.05	21769.65	6199	0	170
2025.06.18	10:00:00	21769.95	21797.85	21764.75	21780.05	7753	0	190
2025.06.18	11:00:00	21780.25	21802.95	21771.85	21797.65	6153	0	170
2025.06.18	12:00:00	21797.85	21830.75	21796.15	21797.65	4945	0	150
2025.06.18	13:00:00	21797.55	21801.15	21718.85	21723.35	7431	0	150
2025.06.18	14:00:00	21723.95	21795.85	21718.05	21773.65	7199	0	190
2025.06.18	15:00:00	21772.15	21784.35	21745.95	21754.35	7237	0	180
2025.06.18	16:00:00	21755.65	21793.55	21694.85	21769.65	12949	0	90
2025.06.18	17:00:00	21771.85	21864.85	21748.85	21848.05	15698	0	80
2025.06.18	18:00:00	21848.15	21853.65	21802.95	21807.25	13687	0	80
2025.06.18	19:00:00	21807.15	21833.95	21790.85	21796.45	13898	0	80
2025.06.18	20:00:00	21796.45	21808.75	21708.35	21792.85	13787	0	80
2025.06.18	21:00:00	21798.05	21848.25	21658.65	21682.35	17616	0	100
2025.06.18	22:00:00	21682.65	21779.85	21652.85	21717.05	17793	0	120
2025.06.18	23:00:00	21716.15	21744.26	21714.56	21732.66	5667	0	120
2025.06.19	01:00:00	21723.06	21727.46	21680.86	21706.36	2675	0	178
2025.06.19	02:00:00	21706.45	21722.65	21691.15	21717.55	2689	0	150
2025.06.19	03:00:00	21717.35	21720.85	21617.55	21661.35	7032	0	170
2025.06.19	04:00:00	21661.65	21662.35	21560.15	21608.85	7742	0	180
2025.06.19	05:00:00	21608.65	21637.35	21591.65	21614.25	4750	0	150
2025.06.19	06:00:00	21614.45	21658.75	21613.95	21652.15	3609	0	150
2025.06.19	07:00:00	21652.05	21672.05	21645.25	21667.45	2741	0	150
2025.06.19	08:00:00	21667.55	21667.85	21617.15	21620.75	3764	0	150
2025.06.19	09:00:00	21620.65	21643.65	21587.35	21620.75	7026	0	190
2025.06.19	10:00:00	21620.75	21640.25	21552.25	21564.55	10090	0	190
2025.06.19	11:00:00	21564.35	21608.75	21564.35	21596.05	7321	0	160
2025.06.19	12:00:00	21596.15	21619.95	21593.35	21601.55	5213	0	160
2025.06.19	13:00:00	21601.55	21625.15	21581.15	21614.85	5419	0	150
2025.06.19	14:00:00	21614.85	21616.85	21556.05	21583.35	6880	0	180
2025.06.19	15:00:00	21583.25	21593.55	21514.25	21533.05	8069	0	170
2025.06.19	16:00:00	21531.95	21556.15	21421.45	21454.65	11612	0	80
2025.06.19	17:00:00	21454.65	21502.15	21442.55	21496.05	11400	0	80
2025.06.19	18:00:00	21496.65	21509.95	21446.75	21450.75	11206	0	80
2025.06.19	19:00:00	21450.75	21511.65	21448.35	21468.25	8136	0	80
2025.06.20	01:00:00	21602.76	21695.16	21588.86	21663.26	7907	0	198
2025.06.20	02:00:00	21663.46	21673.85	21640.35	21656.45	5825	0	180
2025.06.20	03:00:00	21656.95	21694.75	21649.85	21656.75	7152	0	170
2025.06.20	04:00:00	21657.45	21663.95	21616.75	21644.65	7303	0	190
2025.06.20	05:00:00	21644.65	21672.75	21636.95	21662.05	4193	0	150
2025.06.20	06:00:00	21662.05	21680.85	21652.95	21669.85	3876	0	160
2025.06.20	07:00:00	21669.85	21690.05	21664.35	21677.85	2951	0	150
2025.06.20	08:00:00	21677.85	21692.65	21660.05	21691.75	4535	0	160
2025.06.20	09:00:00	21691.85	21713.65	21670.95	21679.65	6652	0	170
2025.06.20	10:00:00	21679.55	21704.55	21665.95	21697.75	7344	0	170
2025.06.20	11:00:00	21698.85	21721.95	21632.35	21638.15	8100	0	180
2025.06.20	12:00:00	21638.15	21680.35	21636.65	21672.75	6587	0	180
2025.06.20	13:00:00	21672.75	21682.75	21655.85	21671.85	5984	0	170
2025.06.20	14:00:00	21670.35	21778.65	21668.95	21740.35	8514	0	180
2025.06.20	15:00:00	21740.85	21812.15	21738.35	21802.35	10560	0	190
2025.06.20	16:00:00	21802.35	21903.25	21784.15	21792.05	14612	0	120
2025.06.20	17:00:00	21791.05	21802.75	21577.35	21595.65	18050	0	120
2025.06.20	18:00:00	21596.45	21702.75	21552.55	21629.15	16550	0	90
2025.06.20	19:00:00	21629.15	21682.85	21615.35	21664.95	15189	0	80
2025.06.20	20:00:00	21664.95	21690.65	21546.15	21620.35	15255	0	80
2025.06.20	21:00:00	21620.15	21682.05	21588.55	21596.55	14160	0	80
2025.06.20	22:00:00	21596.55	21639.05	21581.85	21622.55	15032	0	90
2025.06.20	23:00:00	21622.86	21690.46	21622.36	21654.36	6405	0	138
2025.06.23	01:00:00	21482.56	21567.86	21461.16	21542.96	9799	0	228
2025.06.23	02:00:00	21543.06	21554.65	21512.95	21544.95	6367	0	170
2025.06.23	03:00:00	21545.25	21545.25	21491.75	21515.65	8191	0	190
2025.06.23	04:00:00	21515.85	21534.45	21497.15	21523.55	6206	0	160
2025.06.23	05:00:00	21524.05	21556.15	21521.65	21543.45	4861	0	150
2025.06.23	06:00:00	21541.15	21556.85	21540.15	21551.45	3589	0	150
2025.06.23	07:00:00	21551.65	21557.35	21542.45	21549.35	2854	0	150
2025.06.23	08:00:00	21549.05	21599.35	21548.55	21593.75	5500	0	150
2025.06.23	09:00:00	21593.75	21619.55	21582.55	21603.45	5942	0	170
2025.06.23	10:00:00	21603.95	21688.75	21603.85	21680.55	9824	0	190
2025.06.23	11:00:00	21681.55	21728.25	21663.65	21691.45	8381	0	190
2025.06.23	12:00:00	21691.25	21718.25	21665.95	21667.85	6607	0	160
2025.06.23	13:00:00	21667.85	21708.55	21630.55	21642.05	7778	0	170
2025.06.23	14:00:00	21642.35	21648.25	21560.15	21609.35	9813	0	190
2025.06.23	15:00:00	21610.25	21670.55	21601.55	21667.35	8702	0	190
2025.06.23	16:00:00	21668.05	21713.05	21543.45	21709.55	14543	0	110
2025.06.23	17:00:00	21710.15	21801.25	21710.15	21738.15	17263	0	100
2025.06.23	18:00:00	21738.85	21788.55	21705.75	21721.15	16142	0	80
2025.06.23	19:00:00	21721.85	21727.75	21521.35	21623.25	17942	0	80
2025.06.23	20:00:00	21623.95	21863.45	21604.85	21834.55	17475	0	110
2025.06.23	21:00:00	21835.15	21867.85	21804.75	21819.15	14546	0	80
2025.06.23	22:00:00	21818.95	21875.35	21807.65	21854.35	14420	0	80
2025.06.23	23:00:00	21855.75	21865.36	21834.76	21858.66	4977	0	120
2025.06.24	01:00:00	21916.66	21999.26	21905.16	21986.66	7220	0	208
2025.06.24	02:00:00	21986.75	22038.15	21984.15	22019.25	6209	0	180
2025.06.24	03:00:00	22019.45	22030.85	21978.95	22010.35	7015	0	190
2025.06.24	04:00:00	22010.45	22053.95	21997.65	22048.55	6670	0	150
2025.06.24	05:00:00	22048.25	22052.05	21998.45	22018.05	6274	0	150
2025.06.24	06:00:00	22017.15	22034.95	22012.55	22028.95	3572	0	150
2025.06.24	07:00:00	22028.35	22031.75	22003.25	22026.45	3647	0	150
2025.06.24	08:00:00	22026.45	22085.35	22024.75	22077.35	5245	0	150
2025.06.24	09:00:00	22077.65	22152.25	22077.15	22139.85	8526	0	180
2025.06.24	10:00:00	22139.05	22161.55	22043.45	22088.95	12075	0	210
2025.06.24	11:00:00	22088.85	22114.75	22070.55	22084.95	9335	0	180
2025.06.24	12:00:00	22084.65	22132.65	22084.25	22095.45	6493	0	170
2025.06.24	13:00:00	22095.25	22103.25	22061.25	22066.75	7002	0	150
2025.06.24	14:00:00	22066.05	22091.55	22032.85	22087.05	8519	0	160
2025.06.24	15:00:00	22086.75	22095.45	22041.35	22067.05	8944	0	160
2025.06.24	16:00:00	22067.45	22114.55	22041.95	22071.95	13717	0	80
2025.06.24	17:00:00	22068.35	22120.95	22049.75	22096.15	15696	0	80
2025.06.24	18:00:00	22095.95	22166.45	22095.95	22141.45	12453	0	80
2025.06.24	19:00:00	22141.75	22196.45	22136.75	22179.25	10879	0	80
2025.06.24	20:00:00	22179.85	22202.15	22159.25	22193.65	10674	0	80
2025.06.24	21:00:00	22194.25	22207.05	22184.45	22202.15	9163	0	80
2025.06.24	22:00:00	22202.15	22223.95	22182.15	22183.15	10806	0	80
2025.06.24	23:00:00	22183.35	22193.96	22171.26	22190.46	4190	0	90
2025.06.25	01:00:00	22167.26	22183.26	22164.56	22174.36	2924	0	168
2025.06.25	02:00:00	22174.46	22208.15	22167.45	22202.85	2804	0	150
2025.06.25	03:00:00	22203.25	22211.95	22188.65	22203.15	5038	0	150
2025.06.25	04:00:00	22203.15	22203.15	22171.65	22178.45	4303	0	150
2025.06.25	05:00:00	22178.45	22185.15	22172.55	22183.45	2671	0	150
2025.06.25	06:00:00	22184.35	22200.55	22184.35	22185.15	2580	0	150
2025.06.25	07:00:00	22185.15	22204.95	22184.65	22203.65	1608	0	150
2025.06.25	08:00:00	22203.55	22214.85	22197.95	22204.85	2728	0	150
2025.06.25	09:00:00	22204.85	22212.45	22197.85	22198.45	3456	0	150
2025.06.25	10:00:00	22198.45	22210.55	22184.25	22202.15	6265	0	150
2025.06.25	11:00:00	22202.85	22213.05	22185.65	22212.65	5528	0	150
2025.06.25	12:00:00	22213.05	22231.35	22200.65	22203.55	4591	0	150
2025.06.25	13:00:00	22203.45	22234.35	22192.65	22226.45	5031	0	150
2025.06.25	14:00:00	22227.05	22270.65	22222.05	22269.05	5881	0	150
2025.06.25	15:00:00	22268.35	22287.55	22259.55	22286.45	6381	0	150
2025.06.25	16:00:00	22286.15	22326.85	22264.95	22300.15	12517	0	80
2025.06.25	17:00:00	22301.15	22306.95	22244.15	22272.65	16671	0	80
2025.06.25	18:00:00	22272.35	22274.65	22209.65	22225.05	14614	0	80
2025.06.25	19:00:00	22224.05	22237.85	22190.65	22222.55	12497	0	80
2025.06.25	20:00:00	22223.15	22240.85	22167.65	22190.65	13041	0	80
2025.06.25	21:00:00	22190.85	22212.35	22181.35	22198.65	11318	0	80
2025.06.25	22:00:00	22198.85	22243.65	22197.35	22241.45	12012	0	80
2025.06.25	23:00:00	22241.36	22257.76	22228.66	22243.96	4716	0	108
2025.06.26	01:00:00	22248.16	22268.16	22233.76	22244.16	2925	0	168
2025.06.26	02:00:00	22244.25	22249.65	22219.15	22245.25	4309	0	150
2025.06.26	03:00:00	22245.25	22261.55	22237.45	22256.75	4422	0	150
2025.06.26	04:00:00	22256.75	22260.05	22242.55	22248.35	3649	0	150
2025.06.26	05:00:00	22248.35	22265.55	22248.05	22258.05	3137	0	150
2025.06.26	06:00:00	22258.15	22283.75	22258.15	22275.65	3348	0	150
2025.06.26	07:00:00	22275.55	22286.75	22270.65	22285.65	2331	0	150
2025.06.26	08:00:00	22285.55	22292.55	22274.75	22292.05	3013	0	150
2025.06.26	09:00:00	22291.55	22323.65	22289.05	22313.55	4826	0	150
2025.06.26	10:00:00	22313.75	22336.25	22304.55	22312.55	6292	0	150
2025.06.26	11:00:00	22312.65	22357.35	22306.65	22342.25	6226	0	150
2025.06.26	12:00:00	22342.35	22347.85	22324.25	22331.15	4581	0	150
2025.06.26	13:00:00	22331.15	22360.75	22322.05	22337.75	4960	0	150
2025.06.26	14:00:00	22339.55	22357.65	22335.05	22357.55	5510	0	150
2025.06.26	15:00:00	22358.35	22365.35	22301.25	22335.25	8295	0	150
2025.06.26	16:00:00	22334.25	22346.75	22257.55	22325.15	14299	0	80
2025.06.26	17:00:00	22324.95	22376.95	22320.05	22351.35	15231	0	80
2025.06.26	18:00:00	22351.15	22394.75	22331.15	22389.85	12718	0	80
2025.06.26	19:00:00	22389.65	22411.55	22374.75	22385.15	10277	0	80
2025.06.26	20:00:00	22385.15	22429.15	22375.65	22417.85	9818	0	80
2025.06.26	21:00:00	22418.65	22464.05	22412.65	22444.05	10495	0	80
2025.06.26	22:00:00	22444.45	22469.95	22430.85	22450.05	11031	0	80
2025.06.26	23:00:00	22450.56	22453.36	22417.56	22449.36	5224	0	108
2025.06.27	01:00:00	22459.86	22488.16	22458.96	22473.86	3520	0	168
2025.06.27	02:00:00	22473.66	22478.95	22449.65	22456.25	3384	0	150
2025.06.27	03:00:00	22456.95	22470.15	22447.75	22449.45	4984	0	150
2025.06.27	04:00:00	22449.25	22471.75	22444.45	22462.45	3855	0	150
2025.06.27	05:00:00	22462.55	22478.35	22458.05	22477.25	3037	0	150
2025.06.27	06:00:00	22477.25	22489.05	22472.35	22475.35	2766	0	150
2025.06.27	07:00:00	22475.95	22480.45	22469.35	22470.75	1940	0	150
2025.06.27	08:00:00	22470.45	22499.75	22470.05	22491.25	2866	0	150
2025.06.27	09:00:00	22491.45	22526.85	22489.35	22517.75	4451	0	150
2025.06.27	10:00:00	22517.35	22541.35	22507.05	22517.55	5930	0	150
2025.06.27	11:00:00	22518.35	22532.25	22505.65	22529.55	4913	0	150
2025.06.27	12:00:00	22529.85	22532.55	22511.95	22526.85	3614	0	150
2025.06.27	13:00:00	22527.05	22529.95	22508.25	22517.05	3563	0	150
2025.06.27	14:00:00	22515.85	22561.55	22514.95	22561.25	5035	0	150
2025.06.27	15:00:00	22561.35	22569.05	22506.65	22514.05	8620	0	150
2025.06.27	16:00:00	22513.85	22552.45	22469.85	22546.55	13146	0	80
2025.06.27	17:00:00	22546.65	22602.85	22531.45	22541.95	15408	0	80
2025.06.27	18:00:00	22542.35	22602.35	22528.95	22591.65	12459	0	80
2025.06.27	19:00:00	22591.45	22591.95	22552.35	22577.85	11176	0	80
2025.06.27	20:00:00	22577.55	22580.75	22481.25	22519.05	12961	0	80
2025.06.27	21:00:00	22520.25	22524.95	22383.15	22393.15	16768	0	80
2025.06.27	22:00:00	22393.95	22540.95	22388.45	22533.05	14802	0	80
2025.06.27	23:00:00	22532.96	22532.96	22506.56	22512.76	6937	0	118
2025.06.30	01:00:00	22556.26	22622.56	22539.16	22600.66	5030	0	168
2025.06.30	02:00:00	22600.75	22628.65	22590.25	22599.15	5077	0	150
2025.06.30	03:00:00	22599.25	22623.65	22588.85	22615.45	5310	0	150
2025.06.30	04:00:00	22615.25	22617.55	22594.75	22603.85	4239	0	150
2025.06.30	05:00:00	22603.95	22654.95	22600.55	22643.15	4277	0	150
2025.06.30	06:00:00	22642.95	22662.05	22639.25	22655.05	2894	0	150
2025.06.30	07:00:00	22655.05	22666.75	22653.15	22656.05	2127	0	150
2025.06.30	08:00:00	22655.75	22665.25	22644.05	22657.55	3436	0	150
2025.06.30	09:00:00	22657.65	22683.15	22656.55	22663.75	4823	0	150
2025.06.30	10:00:00	22664.05	22664.05	22631.65	22650.75	6088	0	150
2025.06.30	11:00:00	22651.75	22675.05	22638.85	22655.75	5504	0	150
2025.06.30	12:00:00	22655.65	22696.55	22650.05	22662.55	4381	0	150
2025.06.30	13:00:00	22663.15	22690.15	22661.55	22672.65	3807	0	150
2025.06.30	14:00:00	22671.55	22687.25	22663.95	22675.65	4631	0	150
2025.06.30	15:00:00	22675.95	22678.15	22636.35	22649.15	6212	0	150
2025.06.30	16:00:00	22649.65	22671.15	22577.95	22608.85	12741	0	80
2025.06.30	17:00:00	22608.55	22635.35	22590.85	22603.65	15505	0	80
2025.06.30	18:00:00	22603.35	22640.35	22584.35	22625.65	13006	0	80
2025.06.30	19:00:00	22625.55	22649.15	22614.65	22623.95	10972	0	80
2025.06.30	20:00:00	22624.45	22631.45	22569.65	22604.05	10911	0	80
2025.06.30	21:00:00	22603.85	22636.05	22564.55	22632.55	12768	0	80
2025.06.30	22:00:00	22632.25	22716.05	22631.05	22668.55	13980	0	80
2025.06.30	23:00:00	22669.65	22680.66	22636.26	22657.76	5340	0	110
2025.07.01	01:00:00	22662.56	22671.96	22639.26	22642.96	1652	0	168
2025.07.01	02:00:00	22643.05	22672.65	22632.85	22667.65	2964	0	150
2025.07.01	03:00:00	22669.05	22691.15	22668.95	22686.85	4597	0	150
2025.07.01	04:00:00	22687.35	22700.95	22671.65	22698.15	3741	0	150
2025.07.01	05:00:00	22697.95	22699.85	22662.55	22664.65	3244	0	150
2025.07.01	06:00:00	22664.85	22670.95	22654.85	22660.65	2913	0	150
2025.07.01	07:00:00	22660.35	22665.65	22642.55	22645.55	2613	0	150
2025.07.01	08:00:00	22645.55	22649.35	22625.65	22629.85	3456	0	150
2025.07.01	09:00:00	22629.65	22634.85	22615.35	22629.05	4169	0	150
2025.07.01	10:00:00	22628.55	22653.05	22610.75	22631.45	6178	0	150
2025.07.01	11:00:00	22632.35	22646.25	22607.25	22633.65	6859	0	150
2025.07.01	12:00:00	22632.75	22637.25	22600.75	22619.25	4869	0	150
2025.07.01	13:00:00	22618.75	22627.75	22613.35	22626.05	3667	0	150
2025.07.01	14:00:00	22626.05	22636.05	22597.65	22613.65	5417	0	150
2025.07.01	15:00:00	22613.45	22621.65	22544.15	22582.35	8441	0	150
2025.07.01	16:00:00	22582.35	22622.35	22568.55	22600.60	13315	0	80
2025.07.01	17:00:00	22590.90	22632.85	22463.05	22476.05	17186	0	80
2025.07.01	18:00:00	22476.15	22505.55	22384.05	22447.85	17263	0	80
2025.07.01	19:00:00	22447.75	22527.15	22421.85	22489.35	15438	0	80
2025.07.01	20:00:00	22489.35	22550.65	22489.35	22530.85	13758	0	80
2025.07.01	21:00:00	22531.25	22541.95	22489.75	22491.15	11318	0	80
2025.07.01	22:00:00	22490.35	22532.05	22436.25	22479.85	15216	0	80
2025.07.01	23:00:00	22479.96	22484.76	22458.26	22477.76	4624	0	128
2025.07.02	01:00:00	22489.86	22510.76	22480.26	22509.76	2506	0	168
2025.07.02	02:00:00	22509.85	22516.75	22490.55	22497.05	3120	0	150
2025.07.02	03:00:00	22496.95	22510.05	22494.75	22501.25	4131	0	150
2025.07.02	04:00:00	22501.35	22506.45	22477.05	22478.55	3851	0	150
2025.07.02	05:00:00	22478.25	22527.55	22463.55	22527.55	4475	0	150
2025.07.02	06:00:00	22529.75	22533.95	22520.35	22527.95	3097	0	150
2025.07.02	07:00:00	22527.75	22568.85	22525.35	22560.45	3333	0	150
2025.07.02	08:00:00	22560.55	22560.55	22534.45	22557.05	3814	0	150
2025.07.02	09:00:00	22557.25	22566.55	22546.05	22560.35	4707	0	150
2025.07.02	10:00:00	22560.45	22564.55	22505.95	22511.75	7320	0	150
2025.07.02	11:00:00	22513.05	22525.45	22490.65	22497.75	6826	0	150
2025.07.02	12:00:00	22497.65	22503.75	22482.25	22501.35	4980	0	150
2025.07.02	13:00:00	22501.55	22505.95	22461.15	22475.75	5309	0	150
2025.07.02	14:00:00	22475.65	22489.35	22426.35	22450.45	6398	0	150
2025.07.02	15:00:00	22449.25	22472.25	22373.15	22404.65	11721	0	160
2025.07.02	16:00:00	22404.25	22516.55	22392.05	22494.75	15114	0	80
2025.07.02	17:00:00	22495.25	22619.85	22491.55	22599.45	15059	0	80
2025.07.02	18:00:00	22599.85	22634.05	22587.55	22610.85	13854	0	80
2025.07.02	19:00:00	22610.55	22634.45	22599.35	22630.35	11703	0	80
2025.07.02	20:00:00	22630.65	22636.15	22598.65	22615.25	10389	0	80
2025.07.02	21:00:00	22616.15	22627.85	22603.15	22618.45	9498	0	80
2025.07.02	22:00:00	22618.45	22643.25	22603.15	22634.15	10829	0	80
2025.07.02	23:00:00	22634.56	22641.96	22617.16	22641.96	3643	0	98
2025.07.03	01:00:00	22641.16	22642.76	22621.66	22635.66	2372	0	168
2025.07.03	02:00:00	22636.16	22640.05	22632.45	22638.45	1636	0	150
2025.07.03	03:00:00	22637.75	22646.95	22629.25	22641.25	3623	0	150
2025.07.03	04:00:00	22640.75	22657.55	22633.05	22640.25	3342	0	150
2025.07.03	05:00:00	22640.25	22641.25	22617.45	22637.75	3232	0	150
2025.07.03	06:00:00	22636.95	22671.85	22635.95	22651.95	3327	0	150
2025.07.03	07:00:00	22651.85	22664.25	22649.55	22657.35	2051	0	150
2025.07.03	08:00:00	22657.35	22664.25	22641.25	22663.45	2571	0	150
2025.07.03	09:00:00	22663.55	22679.55	22652.05	22670.75	3435	0	150
2025.07.03	10:00:00	22670.45	22690.95	22662.25	22673.75	4738	0	150
2025.07.03	11:00:00	22673.65	22685.25	22646.65	22646.65	4376	0	150
2025.07.03	12:00:00	22646.15	22665.05	22640.85	22642.75	4835	0	150
2025.07.03	13:00:00	22642.85	22648.75	22624.35	22646.75	4228	0	150
2025.07.03	14:00:00	22646.75	22660.05	22641.35	22656.05	4769	0	150
2025.07.03	15:00:00	22653.45	22726.55	22644.65	22685.65	10046	0	150
2025.07.03	16:00:00	22685.65	22800.85	22684.05	22793.50	13613	0	80
2025.07.03	17:00:00	22793.30	22864.55	22792.14	22846.85	14151	0	80
2025.07.03	18:00:00	22846.85	22900.95	22846.25	22883.85	11315	0	80
2025.07.03	19:00:00	22883.85	22894.45	22828.85	22857.55	11120	0	80
2025.07.03	20:00:00	22857.75	22869.45	22833.55	22851.95	2892	0	80
2025.07.04	01:00:00	22835.46	22864.36	22834.26	22849.76	2899	0	168
2025.07.04	02:00:00	22849.56	22856.85	22831.85	22837.95	2128	0	150
2025.07.04	03:00:00	22837.95	22838.05	22819.75	22828.35	3822	0	150
2025.07.04	04:00:00	22828.85	22852.15	22827.25	22830.15	3436	0	150
2025.07.04	05:00:00	22829.85	22832.85	22794.85	22817.35	3581	0	150
2025.07.04	06:00:00	22817.25	22821.75	22805.85	22812.25	2372	0	150
2025.07.04	07:00:00	22812.35	22818.25	22796.85	22808.25	2718	0	150
2025.07.04	08:00:00	22808.35	22812.75	22790.05	22808.15	2888	0	150
2025.07.04	09:00:00	22807.95	22809.45	22785.65	22788.05	4131	0	150
2025.07.04	10:00:00	22788.35	22801.85	22742.45	22746.15	7321	0	150
2025.07.04	11:00:00	22745.75	22771.55	22722.25	22727.05	7070	0	150
2025.07.04	12:00:00	22726.75	22751.15	22709.65	22745.55	7017	0	150
2025.07.04	13:00:00	22745.35	22750.05	22681.35	22704.35	6180	0	150
2025.07.04	14:00:00	22704.85	22735.35	22698.25	22720.95	7081	0	150
2025.07.04	15:00:00	22721.45	22734.35	22710.15	22721.75	6068	0	150
2025.07.04	16:00:00	22721.95	22733.25	22687.95	22723.75	8665	0	80
2025.07.04	17:00:00	22723.95	22742.05	22706.05	22733.75	6447	0	80
2025.07.04	18:00:00	22734.05	22740.05	22708.45	22731.75	5385	0	80
2025.07.04	19:00:00	22730.45	22732.35	22693.75	22707.75	5508	0	80
2025.07.07	01:00:00	22789.86	22821.86	22774.06	22776.16	4993	0	168
2025.07.07	02:00:00	22775.95	22805.85	22760.75	22784.45	4601	0	150
2025.07.07	03:00:00	22784.05	22799.55	22764.75	22770.85	5065	0	150
2025.07.07	04:00:00	22770.65	22771.25	22714.75	22743.05	7348	0	150
2025.07.07	05:00:00	22743.25	22769.55	22740.25	22758.25	4906	0	150
2025.07.07	06:00:00	22758.15	22776.85	22741.85	22775.05	3206	0	150
2025.07.07	07:00:00	22774.65	22791.05	22745.15	22747.35	3118	0	150
2025.07.07	08:00:00	22747.65	22751.45	22733.25	22749.75	3089	0	150
2025.07.07	09:00:00	22749.75	22752.15	22718.75	22738.15	4963	0	150
2025.07.07	10:00:00	22738.15	22749.85	22726.95	22749.85	6407	0	150
2025.07.07	11:00:00	22745.85	22746.65	22709.35	22713.75	7124	0	150
2025.07.07	12:00:00	22713.65	22766.45	22709.35	22764.95	4842	0	150
2025.07.07	13:00:00	22764.65	22789.75	22760.05	22762.75	5079	0	150
2025.07.07	14:00:00	22763.75	22784.85	22755.25	22781.85	4865	0	150
2025.07.07	15:00:00	22779.85	22801.65	22745.35	22751.55	7020	0	150
2025.07.07	16:00:00	22751.95	22776.35	22701.45	22745.95	13585	0	80
2025.07.07	17:00:00	22745.85	22763.75	22685.45	22697.05	15888	0	80
2025.07.07	18:00:00	22697.25	22739.05	22691.95	22730.75	13694	0	80
2025.07.07	19:00:00	22731.05	22761.55	22634.75	22671.15	15582	0	80
2025.07.07	20:00:00	22671.35	22727.55	22647.75	22673.65	14503	0	80
2025.07.07	21:00:00	22673.85	22684.15	22584.35	22680.35	14273	0	80
2025.07.07	22:00:00	22680.35	22692.85	22643.05	22686.55	13263	0	80
2025.07.07	23:00:00	22685.46	22687.56	22623.26	22624.36	5069	0	108
2025.07.08	01:00:00	22635.06	22657.16	22613.36	22650.16	3842	0	168
2025.07.08	02:00:00	22650.25	22682.65	22646.75	22677.55	3893	0	150
2025.07.08	03:00:00	22677.65	22717.55	22660.65	22710.15	5694	0	150
2025.07.08	04:00:00	22709.15	22726.55	22692.25	22697.55	5160	0	150
2025.07.08	05:00:00	22697.55	22742.25	22690.45	22740.05	3897	0	150
2025.07.08	06:00:00	22740.15	22741.55	22714.35	22719.75	2803	0	150
2025.07.08	07:00:00	22719.65	22730.25	22712.15	22713.95	2888	0	150
2025.07.08	08:00:00	22714.15	22738.55	22708.65	22737.55	3412	0	150
2025.07.08	09:00:00	22737.65	22755.15	22727.25	22750.95	4171	0	150
2025.07.08	10:00:00	22749.15	22775.35	22721.65	22766.85	5901	0	150
2025.07.08	11:00:00	22766.95	22767.35	22737.15	22750.05	5096	0	150
2025.07.08	12:00:00	22749.15	22757.25	22721.45	22728.05	4392	0	150
2025.07.08	13:00:00	22729.15	22756.25	22710.35	22748.15	4570	0	150
2025.07.08	14:00:00	22748.45	22760.55	22734.55	22743.55	4535	0	150
2025.07.08	15:00:00	22739.65	22758.75	22718.45	22743.35	6857	0	150
2025.07.08	16:00:00	22743.25	22759.75	22685.55	22685.95	12055	0	80
2025.07.08	17:00:00	22685.45	22746.65	22645.65	22697.55	16297	0	80
2025.07.08	18:00:00	22698.05	22718.85	22659.55	22710.15	14586	0	80
2025.07.08	19:00:00	22710.15	22766.65	22692.85	22720.75	13365	0	80
2025.07.08	20:00:00	22722.05	22742.55	22680.35	22738.35	12975	0	80
2025.07.08	21:00:00	22738.15	22745.25	22695.15	22703.35	10949	0	80
2025.07.08	22:00:00	22702.35	22706.85	22675.35	22696.35	11692	0	80
2025.07.08	23:00:00	22695.66	22711.66	22688.76	22705.56	3381	0	168
2025.07.09	01:00:00	22723.96	22725.26	22707.56	22719.36	1442	0	168
2025.07.09	02:00:00	22719.45	22729.35	22701.05	22706.95	2127	0	150
2025.07.09	03:00:00	22703.55	22705.25	22670.55	22681.35	3371	0	150
2025.07.09	04:00:00	22681.15	22697.85	22660.55	22696.15	4789	0	150
2025.07.09	05:00:00	22696.35	22706.55	22686.05	22686.85	3108	0	150
2025.07.09	06:00:00	22686.65	22691.55	22674.95	22680.15	2523	0	150
2025.07.09	07:00:00	22680.45	22700.55	22676.55	22698.15	2190	0	150
2025.07.09	08:00:00	22698.35	22702.05	22675.65	22680.15	2737	0	150
2025.07.09	09:00:00	22680.35	22704.55	22649.85	22701.95	4583	0	150
2025.07.09	10:00:00	22702.15	22709.25	22680.85	22698.85	5927	0	150
2025.07.09	11:00:00	22698.55	22706.85	22684.35	22696.35	4943	0	150
2025.07.09	12:00:00	22696.65	22748.35	22696.55	22730.15	5213	0	150
2025.07.09	13:00:00	22730.35	22740.25	22716.95	22728.85	4564	0	150
2025.07.09	14:00:00	22729.15	22756.85	22725.45	22744.65	4502	0	150
2025.07.09	15:00:00	22744.35	22761.35	22734.65	22741.55	6009	0	150
2025.07.09	16:00:00	22741.55	22903.25	22737.05	22892.95	11661	0	80
2025.07.09	17:00:00	22892.45	22916.85	22734.65	22753.85	16345	0	80
2025.07.09	18:00:00	22751.15	22794.55	22726.45	22754.65	14303	0	80
2025.07.09	19:00:00	22753.65	22814.95	22745.75	22788.95	11585	0	80
2025.07.09	20:00:00	22788.95	22806.65	22767.55	22789.95	12104	0	80
2025.07.09	21:00:00	22788.95	22845.95	22788.15	22838.65	10840	0	80
2025.07.09	22:00:00	22838.25	22863.45	22830.15	22858.45	10382	0	80
2025.07.09	23:00:00	22857.56	22865.66	22837.26	22848.46	3799	0	98
2025.07.10	01:00:00	22853.36	22872.76	22851.36	22865.76	1952	0	168
2025.07.10	02:00:00	22865.85	22867.15	22839.35	22843.05	2624	0	150
2025.07.10	03:00:00	22843.25	22843.25	22812.55	22813.55	4842	0	150
2025.07.10	04:00:00	22814.15	22820.55	22796.55	22798.75	4558	0	150
2025.07.10	05:00:00	22798.55	22829.55	22798.55	22827.05	3091	0	150
2025.07.10	06:00:00	22824.85	22826.05	22801.75	22805.35	3033	0	150
2025.07.10	07:00:00	22805.25	22805.75	22795.75	22803.35	2483	0	150
2025.07.10	08:00:00	22803.55	22810.05	22786.95	22800.65	2994	0	150
2025.07.10	09:00:00	22800.05	22804.75	22789.15	22800.75	3730	0	150
2025.07.10	10:00:00	22800.55	22830.05	22791.75	22828.15	6095	0	150
2025.07.10	11:00:00	22828.05	22854.75	22824.65	22854.05	4495	0	150
2025.07.10	12:00:00	22854.15	22858.35	22820.55	22833.25	4215	0	150
2025.07.10	13:00:00	22833.25	22860.75	22829.85	22852.35	3835	0	150
2025.07.10	14:00:00	22850.75	22885.15	22847.15	22879.55	5207	0	150
2025.07.10	15:00:00	22878.15	22880.55	22843.55	22857.25	7340	0	150
2025.07.10	16:00:00	22857.25	22898.25	22748.45	22768.85	13110	0	80
2025.07.10	17:00:00	22769.85	22795.25	22710.55	22771.75	16063	0	80
2025.07.10	18:00:00	22771.15	22837.75	22749.15	22837.15	12542	0	80
2025.07.10	19:00:00	22836.75	22837.25	22776.05	22804.95	10817	0	80
2025.07.10	20:00:00	22805.15	22853.85	22801.45	22849.55	9659	0	80
2025.07.10	21:00:00	22849.65	22862.65	22836.65	22849.65	8761	0	80
2025.07.10	22:00:00	22848.85	22856.35	22803.35	22828.55	9691	0	80
2025.07.10	23:00:00	22827.55	22836.36	22809.66	22828.86	3544	0	80
2025.07.11	01:00:00	22837.56	22856.46	22834.56	22854.96	2351	0	168
2025.07.11	02:00:00	22855.05	22865.75	22847.55	22861.85	2065	0	150
2025.07.11	03:00:00	22862.25	22862.85	22648.55	22699.15	13025	0	150
2025.07.11	04:00:00	22700.25	22757.05	22682.95	22744.05	7756	0	150
2025.07.11	05:00:00	22742.95	22764.85	22735.75	22763.05	4554	0	150
2025.07.11	06:00:00	22763.35	22787.45	22761.55	22785.05	3486	0	150
2025.07.11	07:00:00	22785.35	22791.45	22778.45	22783.45	2780	0	150
2025.07.11	08:00:00	22783.45	22792.25	22754.55	22758.95	3543	0	150
2025.07.11	09:00:00	22759.15	22786.75	22758.75	22774.75	5101	0	150
2025.07.11	10:00:00	22774.55	22785.25	22714.85	22718.65	9296	0	150
2025.07.11	11:00:00	22718.85	22732.85	22688.15	22720.95	8243	0	150
2025.07.11	12:00:00	22720.55	22730.75	22676.15	22681.35	6529	0	150
2025.07.11	13:00:00	22681.35	22709.25	22670.15	22688.75	7519	0	160
2025.07.11	14:00:00	22693.05	22740.95	22686.15	22725.65	6530	0	150
2025.07.11	15:00:00	22725.55	22737.15	22698.35	22721.15	7766	0	160
2025.07.11	16:00:00	22721.15	22784.55	22681.55	22781.15	13649	0	80
2025.07.11	17:00:00	22780.25	22823.25	22760.95	22787.05	14969	0	80
2025.07.11	18:00:00	22787.05	22826.05	22726.25	22793.55	14087	0	80
2025.07.11	19:00:00	22793.75	22825.55	22776.25	22820.55	12189	0	80
2025.07.11	20:00:00	22820.75	22838.55	22781.05	22815.55	10197	0	80
2025.07.11	21:00:00	22814.05	22835.25	22786.85	22794.05	9587	0	80
2025.07.11	22:00:00	22793.05	22813.85	22742.05	22773.25	12517	0	80
2025.07.11	23:00:00	22772.55	22774.06	22746.86	22756.56	4391	0	80
2025.07.14	01:00:00	22664.56	22708.46	22638.56	22703.16	5665	0	168
2025.07.14	02:00:00	22703.25	22706.95	22658.95	22687.35	5463	0	150
2025.07.14	03:00:00	22687.75	22698.85	22670.45	22672.35	6094	0	150
2025.07.14	04:00:00	22672.25	22686.05	22662.65	22678.35	4688	0	150
2025.07.14	05:00:00	22678.05	22693.45	22677.25	22678.55	3221	0	150
2025.07.14	06:00:00	22678.75	22697.35	22671.85	22695.05	2710	0	150
2025.07.14	07:00:00	22695.25	22700.45	22682.85	22683.55	2413	0	150
2025.07.14	08:00:00	22683.55	22690.85	22648.45	22652.05	3408	0	150
2025.07.14	09:00:00	22652.05	22667.85	22636.75	22662.95	5151	0	150
2025.07.14	10:00:00	22663.25	22704.65	22626.55	22703.25	7804	0	150
2025.07.14	11:00:00	22703.05	22719.05	22687.25	22708.35	5764	0	150
2025.07.14	12:00:00	22708.45	22724.55	22700.85	22720.45	3998	0	150
2025.07.14	13:00:00	22720.55	22721.45	22691.75	22698.55	3933	0	150
2025.07.14	14:00:00	22700.35	22720.55	22685.95	22708.65	5795	0	150
2025.07.14	15:00:00	22705.45	22730.25	22700.85	22720.05	5556	0	150
2025.07.14	16:00:00	22719.45	22799.45	22664.35	22732.95	13441	0	80
2025.07.14	17:00:00	22733.25	22815.75	22727.25	22815.15	16085	0	80
2025.07.14	18:00:00	22812.65	22845.75	22808.75	22832.25	13611	0	80
2025.07.14	19:00:00	22832.15	22861.25	22823.15	22854.45	10505	0	80
2025.07.14	20:00:00	22854.75	22886.75	22854.25	22864.95	9104	0	80
2025.07.14	21:00:00	22865.25	22880.25	22856.45	22871.75	8094	0	80
2025.07.14	22:00:00	22872.45	22879.75	22836.95	22854.35	10187	0	80
2025.07.14	23:00:00	22854.66	22858.76	22842.06	22852.26	2856	0	98
2025.07.15	01:00:00	22844.56	22848.96	22822.96	22824.86	2730	0	168
2025.07.15	02:00:00	22824.95	22837.45	22820.65	22834.05	2034	0	150
2025.07.15	03:00:00	22834.65	22842.55	22820.45	22828.55	3753	0	150
2025.07.15	04:00:00	22827.95	22996.15	22820.65	22965.45	6366	0	150
2025.07.15	05:00:00	22965.75	22986.15	22863.25	22878.65	8967	0	160
2025.07.15	06:00:00	22878.35	22923.55	22869.65	22916.95	4633	0	150
2025.07.15	07:00:00	22916.95	22943.65	22913.15	22938.65	3162	0	150
2025.07.15	08:00:00	22938.45	22992.15	22936.65	22969.65	4993	0	150
2025.07.15	09:00:00	22969.75	22977.75	22955.05	22966.15	4277	0	150
2025.07.15	10:00:00	22967.75	22992.35	22955.35	22983.45	6500	0	150
2025.07.15	11:00:00	22983.25	23001.05	22966.45	22978.65	6361	0	150
2025.07.15	12:00:00	22978.55	23002.45	22972.65	22997.05	4560	0	150
2025.07.15	13:00:00	22994.75	23010.75	22985.65	22993.75	4680	0	150
2025.07.15	14:00:00	22993.45	23014.05	22977.05	22989.75	5725	0	150
2025.07.15	15:00:00	22989.55	23030.35	22958.35	23018.35	10365	0	150
2025.07.15	16:00:00	23019.85	23045.35	22946.45	22961.35	14155	0	80
2025.07.15	17:00:00	22962.35	23022.95	22921.05	22924.85	17050	0	80
2025.07.15	18:00:00	22927.15	23005.15	22925.25	22982.15	14590	0	80
2025.07.15	19:00:00	22982.45	22992.85	22908.35	22923.35	13103	0	80
2025.07.15	20:00:00	22923.05	22995.65	22912.65	22994.65	12673	0	80
2025.07.15	21:00:00	22995.15	23004.65	22917.85	22918.05	11161	0	80
2025.07.15	22:00:00	22917.35	22945.15	22875.15	22879.95	12836	0	80
2025.07.15	23:00:00	22876.55	22882.86	22835.86	22840.16	7251	0	90
2025.07.16	01:00:00	22856.86	22858.46	22801.56	22836.76	3871	0	168
2025.07.16	02:00:00	22836.85	22847.15	22810.85	22841.65	4191	0	150
2025.07.16	03:00:00	22841.35	22846.55	22805.05	22827.05	5541	0	150
2025.07.16	04:00:00	22826.65	22858.85	22824.45	22858.25	4648	0	150
2025.07.16	05:00:00	22857.85	22861.15	22834.25	22839.65	3203	0	150
2025.07.16	06:00:00	22839.65	22854.75	22839.15	22843.35	2414	0	150
2025.07.16	07:00:00	22843.35	22859.25	22843.35	22848.35	2178	0	150
2025.07.16	08:00:00	22848.25	22872.15	22821.35	22834.15	5115	0	150
2025.07.16	09:00:00	22833.15	22836.45	22794.25	22799.05	4997	0	150
2025.07.16	10:00:00	22799.05	22817.55	22756.35	22809.65	7793	0	150
2025.07.16	11:00:00	22809.25	22841.95	22797.25	22829.95	5836	0	150
2025.07.16	12:00:00	22830.15	22831.45	22806.85	22828.35	4817	0	150
2025.07.16	13:00:00	22828.65	22847.35	22820.35	22841.15	4308	0	150
2025.07.16	14:00:00	22841.35	22851.25	22823.05	22847.75	5043	0	150
2025.07.16	15:00:00	22848.75	22911.35	22837.35	22900.95	8672	0	150
2025.07.16	16:00:00	22900.65	22917.05	22785.55	22795.95	13485	0	80
2025.07.16	17:00:00	22797.15	22860.85	22777.15	22818.35	17045	0	80
2025.07.16	18:00:00	22820.75	22872.45	22664.65	22818.85	18258	0	80
2025.07.16	19:00:00	22818.15	22874.55	22781.65	22873.75	15496	0	80
2025.07.16	20:00:00	22873.85	22894.35	22846.95	22854.65	12304	0	80
2025.07.16	21:00:00	22855.85	22901.25	22843.45	22901.25	10829	0	80
2025.07.16	22:00:00	22900.95	22927.85	22886.45	22904.95	10675	0	80
2025.07.16	23:00:00	22903.15	22903.26	22883.26	22891.66	3466	0	80
2025.07.17	01:00:00	22885.16	22888.66	22862.16	22865.16	3093	0	168
2025.07.17	02:00:00	22865.25	22876.35	22861.25	22871.25	2528	0	150
2025.07.17	03:00:00	22870.75	22884.65	22855.25	22882.25	4899	0	150
2025.07.17	04:00:00	22881.85	22889.25	22856.75	22864.45	4154	0	150
2025.07.17	05:00:00	22864.25	22864.45	22851.95	22854.95	2820	0	150
2025.07.17	06:00:00	22854.85	22870.75	22847.85	22869.25	2562	0	150
2025.07.17	07:00:00	22869.35	22872.55	22857.55	22871.55	1970	0	150
2025.07.17	08:00:00	22871.45	22930.25	22869.75	22917.95	4122	0	150
2025.07.17	09:00:00	22918.05	22981.95	22917.35	22968.55	5846	0	150
2025.07.17	10:00:00	22968.45	22971.85	22930.75	22943.75	7789	0	150
2025.07.17	11:00:00	22942.75	22948.85	22919.25	22934.25	6515	0	150
2025.07.17	12:00:00	22934.65	22956.05	22933.45	22939.95	4035	0	150
2025.07.17	13:00:00	22939.55	22945.85	22918.35	22920.15	4059	0	150
2025.07.17	14:00:00	22920.55	22925.55	22903.35	22917.45	5412	0	150
2025.07.17	15:00:00	22917.05	22977.75	22906.55	22976.55	8277	0	150
2025.07.17	16:00:00	22976.25	22989.15	22896.85	22980.55	13189	0	80
2025.07.17	17:00:00	22981.05	23029.55	22946.35	23025.45	14372	0	80
2025.07.17	18:00:00	23025.55	23084.75	23024.55	23079.75	12011	0	80
2025.07.17	19:00:00	23079.55	23104.85	23074.85	23086.35	10343	0	80
2025.07.17	20:00:00	23086.55	23105.35	23070.35	23105.15	8882	0	80
2025.07.17	21:00:00	23105.65	23106.35	23066.35	23079.45	9210	0	80
2025.07.17	22:00:00	23080.45	23103.95	23072.05	23084.05	10220	0	80
2025.07.17	23:00:00	23084.56	23100.66	23060.66	23091.66	4630	0	108
2025.07.18	01:00:00	23079.26	23091.96	23077.96	23088.96	2070	0	168
2025.07.18	02:00:00	23088.96	23120.35	23088.96	23113.05	3253	0	150
2025.07.18	03:00:00	23112.75	23116.95	23096.55	23099.55	3732	0	150
2025.07.18	04:00:00	23099.55	23104.55	23091.85	23098.95	3040	0	150
2025.07.18	05:00:00	23098.95	23119.05	23092.85	23112.05	2428	0	150
2025.07.18	06:00:00	23112.05	23117.55	23106.45	23107.85	2148	0	150
2025.07.18	07:00:00	23107.85	23112.95	23103.95	23110.85	1691	0	150
2025.07.18	08:00:00	23110.75	23141.25	23109.95	23135.85	2699	0	150
2025.07.18	09:00:00	23135.75	23141.55	23115.05	23115.95	3062	0	150
2025.07.18	10:00:00	23115.95	23124.85	23093.55	23100.75	5435	0	150
2025.07.18	11:00:00	23099.25	23118.45	23097.95	23113.45	4573	0	150
2025.07.18	12:00:00	23113.35	23121.05	23107.55	23109.75	3182	0	150
2025.07.18	13:00:00	23109.85	23112.95	23084.25	23098.25	4221	0	150
2025.07.18	14:00:00	23098.25	23104.25	23082.95	23095.95	4670	0	150
2025.07.18	15:00:00	23096.45	23103.55	23085.95	23099.95	5817	0	150
2025.07.18	16:00:00	23099.95	23150.95	23084.05	23090.55	12424	0	80
2025.07.18	17:00:00	23090.15	23116.85	23018.75	23035.95	15813	0	80
2025.07.18	18:00:00	23036.35	23083.15	23018.85	23078.95	12561	0	80
2025.07.18	19:00:00	23078.85	23080.85	23007.55	23018.85	12579	0	80
2025.07.18	20:00:00	23018.95	23053.85	23004.55	23030.35	11034	0	80
2025.07.18	21:00:00	23031.35	23058.55	23026.45	23035.35	8903	0	80
2025.07.18	22:00:00	23034.85	23062.05	23030.55	23057.85	10079	0	80
2025.07.18	23:00:00	23057.96	23060.46	23048.86	23051.66	2970	0	98
2025.07.21	01:00:00	23052.96	23083.86	23043.56	23083.16	3203	0	168
2025.07.21	02:00:00	23083.25	23101.25	23076.15	23098.95	2626	0	150
2025.07.21	03:00:00	23099.45	23101.85	23089.75	23091.15	2711	0	150
2025.07.21	04:00:00	23091.15	23115.85	23089.85	23103.25	3610	0	150
2025.07.21	05:00:00	23103.25	23109.45	23094.35	23096.25	2313	0	150
2025.07.21	06:00:00	23096.25	23100.65	23081.15	23085.45	1928	0	150
2025.07.21	07:00:00	23085.45	23109.15	23085.15	23108.75	1585	0	150
2025.07.21	08:00:00	23108.75	23114.65	23101.65	23106.95	2127	0	150
2025.07.21	09:00:00	23106.95	23133.65	23104.85	23115.75	3241	0	150
2025.07.21	10:00:00	23115.95	23137.15	23115.85	23135.15	4203	0	150
2025.07.21	11:00:00	23134.85	23147.25	23121.15	23128.45	4470	0	150
2025.07.21	12:00:00	23128.45	23137.65	23124.65	23128.35	2604	0	150
2025.07.21	13:00:00	23128.75	23143.85	23119.95	23129.65	2648	0	150
2025.07.21	14:00:00	23128.75	23131.15	23114.15	23116.15	3266	0	150
2025.07.21	15:00:00	23116.25	23122.65	23074.85	23076.55	4264	0	150
2025.07.21	16:00:00	23076.85	23234.95	23062.85	23214.75	11711	0	80
2025.07.21	17:00:00	23216.25	23263.45	23216.25	23236.75	13253	0	80
2025.07.21	18:00:00	23236.75	23243.75	23218.25	23224.75	10390	0	80
2025.07.21	19:00:00	23224.45	23249.35	23198.25	23244.55	10180	0	80
2025.07.21	20:00:00	23244.75	23264.15	23243.45	23252.65	7694	0	80
2025.07.21	21:00:00	23252.05	23258.05	23227.55	23231.25	8436	0	80
2025.07.21	22:00:00	23231.55	23233.55	23170.05	23187.05	12081	0	80
2025.07.21	23:00:00	23185.35	23194.26	23179.26	23184.26	3536	0	80
2025.07.22	01:00:00	23192.26	23192.56	23180.56	23186.26	1279	0	168
2025.07.22	02:00:00	23186.35	23193.15	23178.85	23189.55	1848	0	150
2025.07.22	03:00:00	23188.35	23203.85	23180.75	23183.05	3969	0	150
2025.07.22	04:00:00	23182.15	23209.85	23177.85	23207.75	3861	0	150
2025.07.22	05:00:00	23207.75	23208.65	23187.05	23189.75	2620	0	150
2025.07.22	06:00:00	23189.85	23191.15	23164.05	23172.15	3179	0	150
2025.07.22	07:00:00	23172.05	23173.05	23140.25	23149.05	3654	0	150
2025.07.22	08:00:00	23149.15	23158.75	23141.75	23157.05	3148	0	150
2025.07.22	09:00:00	23157.25	23162.05	23148.55	23157.05	3253	0	150
2025.07.22	10:00:00	23156.55	23190.35	23127.35	23147.05	5972	0	150
2025.07.22	11:00:00	23147.45	23159.15	23114.85	23119.55	6388	0	150
2025.07.22	12:00:00	23119.45	23129.25	23112.25	23124.75	4796	0	150
2025.07.22	13:00:00	23124.85	23144.35	23120.25	23142.35	4238	0	150
2025.07.22	14:00:00	23142.55	23174.75	23137.35	23173.75	5900	0	150
2025.07.22	15:00:00	23173.65	23183.65	23164.05	23177.55	5595	0	150
2025.07.22	16:00:00	23177.75	23189.85	22956.05	22985.25	12545	0	80
2025.07.22	17:00:00	22978.65	23072.65	22953.95	23067.35	16431	0	80
2025.07.22	18:00:00	23067.35	23077.75	23038.15	23049.65	13540	0	80
2025.07.22	19:00:00	23050.35	23068.65	23004.15	23042.95	12631	0	80
2025.07.22	20:00:00	23042.95	23094.15	23039.95	23062.15	10867	0	80
2025.07.22	21:00:00	23061.95	23098.25	23016.95	23096.65	11113	0	80
2025.07.22	22:00:00	23095.45	23101.95	23065.55	23065.55	11028	0	80
2025.07.22	23:00:00	23067.15	23067.96	23033.16	23040.36	4773	0	80
2025.07.23	01:00:00	23049.46	23049.96	23018.46	23029.36	2523	0	168
2025.07.23	02:00:00	23029.45	23114.55	23028.75	23109.65	6997	0	150
2025.07.23	03:00:00	23109.65	23114.25	23047.05	23052.05	7073	0	150
2025.07.23	04:00:00	23050.75	23101.15	23046.45	23099.25	5999	0	150
2025.07.23	05:00:00	23099.45	23099.45	23073.95	23093.45	4159	0	150
2025.07.23	06:00:00	23093.25	23102.55	23079.15	23086.25	3314	0	150
2025.07.23	07:00:00	23086.05	23098.55	23080.25	23096.65	2599	0	150
2025.07.23	08:00:00	23096.15	23107.15	23092.45	23098.25	3401	0	150
2025.07.23	09:00:00	23098.55	23118.55	23091.15	23115.45	4229	0	150
2025.07.23	10:00:00	23115.65	23124.65	23092.35	23108.15	7494	0	150
2025.07.23	11:00:00	23108.05	23129.25	23104.65	23127.05	5584	0	150
2025.07.23	12:00:00	23126.25	23130.65	23106.45	23119.25	4295	0	150
2025.07.23	13:00:00	23119.25	23128.65	23107.95	23108.25	4138	0	150
2025.07.23	14:00:00	23107.95	23111.65	23080.85	23104.75	5596	0	150
2025.07.23	15:00:00	23105.25	23116.15	23078.35	23084.45	6608	0	150
2025.07.23	16:00:00	23084.45	23117.85	23009.35	23013.95	13077	0	80
2025.07.23	17:00:00	23013.65	23051.65	22995.25	23047.65	15210	0	80
2025.07.23	18:00:00	23047.65	23140.15	23027.25	23105.45	13176	0	80
2025.07.23	19:00:00	23105.35	23110.55	23042.05	23076.25	13584	0	80
2025.07.23	20:00:00	23076.55	23117.55	23062.55	23111.05	11138	0	80
2025.07.23	21:00:00	23111.05	23171.55	23111.05	23149.25	10644	0	80
2025.07.23	22:00:00	23149.55	23171.05	23116.55	23171.05	10628	0	80
2025.07.23	23:00:00	23171.26	23263.26	23150.76	23257.96	9442	0	98
2025.07.24	01:00:00	23241.86	23251.56	23233.16	23237.66	3493	0	168
2025.07.24	02:00:00	23237.75	23254.45	23235.75	23250.45	2622	0	150
2025.07.24	03:00:00	23249.95	23255.75	23232.05	23244.25	4157	0	150
2025.07.24	04:00:00	23243.55	23271.55	23239.85	23258.35	4211	0	150
2025.07.24	05:00:00	23258.35	23264.55	23251.05	23254.85	2815	0	150
2025.07.24	06:00:00	23254.75	23255.45	23225.75	23229.05	2883	0	150
2025.07.24	07:00:00	23228.85	23233.55	23222.85	23229.85	2428	0	150
2025.07.24	08:00:00	23229.75	23234.55	23223.25	23223.25	2767	0	150
2025.07.24	09:00:00	23222.95	23241.35	23204.05	23209.45	4189	0	150
2025.07.24	10:00:00	23209.25	23220.05	23202.55	23219.45	5985	0	150
2025.07.24	11:00:00	23218.95	23240.85	23197.65	23240.75	5467	0	150
2025.07.24	12:00:00	23240.35	23246.55	23231.85	23239.95	3689	0	150
2025.07.24	13:00:00	23240.05	23243.45	23213.55	23223.25	4866	0	150
2025.07.24	14:00:00	23223.35	23252.45	23217.55	23236.25	4718	0	150
2025.07.24	15:00:00	23236.05	23242.25	23177.35	23209.75	7995	0	150
2025.07.24	16:00:00	23209.95	23250.85	23184.55	23212.55	13703	0	80
2025.07.24	17:00:00	23213.05	23231.05	23148.75	23222.65	15135	0	80
2025.07.24	18:00:00	23222.65	23250.45	23219.15	23238.15	12434	0	80
2025.07.24	19:00:00	23238.45	23239.05	23190.65	23220.55	11917	0	80
2025.07.24	20:00:00	23220.65	23270.55	23216.95	23233.05	10321	0	80
2025.07.24	21:00:00	23233.05	23269.45	23226.05	23248.55	10356	0	80
2025.07.24	22:00:00	23248.25	23270.25	23220.45	23223.55	10806	0	80
2025.07.24	23:00:00	23223.86	23248.46	23213.66	23244.76	4388	0	98
2025.07.25	01:00:00	23248.86	23268.76	23247.86	23254.46	1815	0	168
2025.07.25	02:00:00	23254.55	23263.05	23243.75	23259.55	2159	0	150
2025.07.25	03:00:00	23259.65	23276.45	23254.95	23267.95	3548	0	150
2025.07.25	04:00:00	23268.15	23287.65	23262.95	23280.25	3230	0	150
2025.07.25	05:00:00	23280.45	23289.55	23273.55	23275.15	2057	0	150
2025.07.25	06:00:00	23275.95	23294.25	23274.25	23281.75	2029	0	150
2025.07.25	07:00:00	23281.65	23285.15	23246.25	23250.95	2371	0	150
2025.07.25	08:00:00	23251.15	23262.65	23248.95	23261.15	2538	0	150
2025.07.25	09:00:00	23261.05	23266.05	23242.45	23244.25	3093	0	150
2025.07.25	10:00:00	23244.95	23247.65	23208.65	23219.55	6793	0	150
2025.07.25	11:00:00	23219.75	23234.15	23202.85	23228.55	5562	0	150
2025.07.25	12:00:00	23228.65	23230.25	23209.95	23227.25	3589	0	150
2025.07.25	13:00:00	23227.25	23244.45	23224.15	23241.25	3193	0	150
2025.07.25	14:00:00	23241.45	23242.15	23214.15	23218.55	4047	0	150
2025.07.25	15:00:00	23218.25	23240.05	23212.95	23225.05	4905	0	150
2025.07.25	16:00:00	23225.05	23262.15	23185.55	23243.65	13145	0	80
2025.07.25	17:00:00	23244.85	23272.65	23239.85	23260.05	13373	0	80
2025.07.25	18:00:00	23259.85	23280.25	23247.55	23275.75	10874	0	80
2025.07.25	19:00:00	23275.55	23330.75	23271.25	23305.25	10109	0	80
2025.07.25	20:00:00	23305.25	23309.75	23287.05	23293.05	9049	0	80
2025.07.25	21:00:00	23293.05	23313.35	23283.85	23296.85	8781	0	80
2025.07.25	22:00:00	23296.15	23309.15	23262.05	23275.25	9619	0	80
2025.07.25	23:00:00	23275.96	23300.06	23260.56	23294.96	3845	0	98
2025.07.28	01:00:00	23389.96	23398.76	23361.46	23371.86	4989	0	168
2025.07.28	02:00:00	23371.95	23412.05	23369.85	23390.35	3864	0	150
2025.07.28	03:00:00	23390.45	23402.35	23381.85	23399.85	4715	0	150
2025.07.28	04:00:00	23400.05	23400.85	23387.55	23398.65	3343	0	150
2025.07.28	05:00:00	23398.55	23422.85	23393.85	23408.35	2458	0	150
2025.07.28	06:00:00	23408.15	23409.05	23398.35	23405.55	1853	0	150
2025.07.28	07:00:00	23405.55	23420.95	23401.85	23416.15	1579	0	150
2025.07.28	08:00:00	23416.15	23434.45	23415.35	23430.95	2484	0	150
2025.07.28	09:00:00	23431.05	23441.35	23416.85	23417.05	3313	0	150
2025.07.28	10:00:00	23417.15	23421.35	23390.05	23404.15	5445	0	150
2025.07.28	11:00:00	23404.65	23405.95	23390.35	23393.35	4429	0	150
2025.07.28	12:00:00	23393.45	23398.85	23379.85	23382.55	3593	0	150
2025.07.28	13:00:00	23382.65	23383.45	23341.65	23350.65	4046	0	150
2025.07.28	14:00:00	23350.55	23363.85	23346.55	23358.65	4329	0	150
2025.07.28	15:00:00	23358.55	23377.35	23343.75	23370.85	5483	0	150
2025.07.28	16:00:00	23371.05	23377.55	23322.15	23377.55	13395	0	80
2025.07.28	17:00:00	23376.95	23383.75	23333.25	23350.15	13636	0	80
2025.07.28	18:00:00	23350.15	23360.95	23298.35	23354.85	11596	0	80
2025.07.28	19:00:00	23354.85	23368.65	23335.65	23346.65	9499	0	80
2025.07.28	20:00:00	23346.85	23349.35	23316.85	23322.65	10239	0	80
2025.07.28	21:00:00	23322.35	23331.65	23302.35	23320.65	9609	0	80
2025.07.28	22:00:00	23320.65	23353.65	23308.15	23348.95	9860	0	80
2025.07.28	23:00:00	23350.65	23368.26	23346.76	23365.76	3360	0	80
2025.07.29	01:00:00	23367.46	23389.46	23367.26	23386.26	1998	0	168
2025.07.29	02:00:00	23386.35	23390.55	23377.65	23388.65	1653	0	150
2025.07.29	03:00:00	23388.35	23396.65	23376.85	23393.05	3578	0	150
2025.07.29	04:00:00	23393.05	23404.75	23387.15	23389.25	3000	0	150
2025.07.29	05:00:00	23388.75	23400.65	23383.35	23399.45	2956	0	150
2025.07.29	06:00:00	23399.15	23407.95	23397.25	23404.85	1967	0	150
2025.07.29	07:00:00	23405.65	23412.75	23400.85	23404.25	1750	0	150
2025.07.29	08:00:00	23404.35	23414.45	23402.45	23408.85	1688	0	150
2025.07.29	09:00:00	23409.35	23415.65	23403.15	23406.15	2881	0	150
2025.07.29	10:00:00	23406.65	23459.85	23406.15	23449.45	4574	0	150
2025.07.29	11:00:00	23449.35	23454.25	23437.15	23443.85	3688	0	150
2025.07.29	12:00:00	23443.95	23466.95	23441.15	23459.45	3084	0	150
2025.07.29	13:00:00	23459.45	23468.95	23453.85	23460.65	3375	0	150
2025.07.29	14:00:00	23460.85	23467.35	23440.15	23461.65	4206	0	150
2025.07.29	15:00:00	23461.85	23474.35	23433.85	23440.65	4934	0	150
2025.07.29	16:00:00	23440.35	23513.65	23417.85	23450.65	11754	0	80
2025.07.29	17:00:00	23448.05	23453.75	23376.45	23389.75	15026	0	80
2025.07.29	18:00:00	23389.25	23403.95	23300.15	23365.75	15155	0	80
2025.07.29	19:00:00	23365.75	23374.45	23309.05	23367.35	12922	0	80
2025.07.29	20:00:00	23366.55	23381.65	23322.55	23352.35	11557	0	80
2025.07.29	21:00:00	23352.05	23365.85	23329.15	23338.85	9910	0	80
2025.07.29	22:00:00	23337.85	23346.45	23282.85	23315.15	11814	0	80
2025.07.29	23:00:00	23316.46	23322.16	23306.66	23312.16	3575	0	108
2025.07.30	01:00:00	23331.06	23337.46	23321.36	23333.66	2043	0	168
2025.07.30	02:00:00	23333.75	23344.05	23328.45	23337.65	2054	0	150
2025.07.30	03:00:00	23337.55	23353.05	23334.65	23349.05	3583	0	150
2025.07.30	04:00:00	23348.95	23354.95	23329.75	23349.05	4195	0	150
2025.07.30	05:00:00	23348.95	23359.55	23343.55	23356.45	2708	0	150
2025.07.30	06:00:00	23356.55	23368.95	23356.15	23361.75	1993	0	150
2025.07.30	07:00:00	23361.75	23370.55	23361.55	23366.65	1502	0	150
2025.07.30	08:00:00	23366.55	23372.65	23351.45	23366.25	2793	0	150
2025.07.30	09:00:00	23365.75	23373.45	23359.75	23362.55	3145	0	150
2025.07.30	10:00:00	23362.65	23370.65	23337.25	23362.55	6160	0	150
2025.07.30	11:00:00	23362.25	23375.05	23326.65	23345.95	5324	0	150
2025.07.30	12:00:00	23345.95	23360.75	23337.95	23355.35	4066	0	150
2025.07.30	13:00:00	23355.65	23371.05	23351.95	23370.65	3578	0	150
2025.07.30	14:00:00	23369.95	23384.55	23361.05	23370.55	4033	0	150
2025.07.30	15:00:00	23370.55	23370.75	23335.25	23353.15	8846	0	150
2025.07.30	16:00:00	23353.25	23389.15	23314.25	23347.25	12711	0	80
2025.07.30	17:00:00	23346.85	23404.35	23330.65	23378.65	13662	0	80
2025.07.30	18:00:00	23378.35	23393.55	23338.85	23393.25	12445	0	80
2025.07.30	19:00:00	23393.25	23410.15	23380.35	23397.35	9849	0	80
2025.07.30	20:00:00	23397.55	23414.35	23386.65	23406.31	9095	0	80
2025.07.30	21:00:00	23406.10	23451.85	23263.95	23275.05	15644	0	80
2025.07.30	22:00:00	23274.55	23353.45	23221.15	23345.95	18154	0	90
2025.07.30	23:00:00	23344.86	23550.06	23334.66	23533.76	11213	0	178
2025.07.31	01:00:00	23574.56	23595.46	23553.76	23592.56	5571	0	168
2025.07.31	02:00:00	23592.65	23603.85	23586.95	23589.45	3494	0	150
2025.07.31	03:00:00	23589.35	23622.15	23576.65	23618.35	5337	0	150
2025.07.31	04:00:00	23618.35	23643.85	23610.65	23633.65	4542	0	150
2025.07.31	05:00:00	23633.65	23657.05	23632.15	23651.05	2948	0	150
2025.07.31	06:00:00	23650.35	23664.65	23642.95	23662.05	2608	0	150
2025.07.31	07:00:00	23662.05	23672.95	23647.75	23669.45	2954	0	150
2025.07.31	08:00:00	23669.55	23673.35	23648.95	23664.35	3624	0	150
2025.07.31	09:00:00	23664.15	23670.15	23641.75	23661.55	4413	0	150
2025.07.31	10:00:00	23662.55	23708.85	23647.85	23689.55	7030	0	150
2025.07.31	11:00:00	23689.45	23690.65	23658.15	23663.65	6261	0	150
2025.07.31	12:00:00	23664.85	23670.55	23646.25	23647.75	4950	0	150
2025.07.31	13:00:00	23647.65	23667.35	23637.45	23640.45	4869	0	150
2025.07.31	14:00:00	23640.95	23664.45	23616.85	23627.35	7318	0	170
2025.07.31	15:00:00	23629.45	23672.45	23620.25	23665.65	9075	0	170
2025.07.31	16:00:00	23665.75	23668.05	23474.05	23535.35	14482	0	80
2025.07.31	17:00:00	23535.85	23563.55	23399.55	23405.55	17560	0	120
2025.07.31	18:00:00	23405.85	23448.75	23348.35	23448.55	16126	0	80
2025.07.31	19:00:00	23446.95	23481.55	23422.25	23434.25	12342	0	80
2025.07.31	20:00:00	23434.25	23436.25	23231.95	23255.65	15749	0	80
2025.07.31	21:00:00	23252.75	23330.95	23171.75	23279.25	17120	0	120
2025.07.31	22:00:00	23283.25	23308.25	23178.45	23219.85	17178	0	120
2025.07.31	23:00:00	23218.26	23292.16	23156.86	23217.66	8879	0	138
2025.08.01	01:00:00	23199.16	23214.56	23111.96	23155.26	6885	0	198
2025.08.01	02:00:00	23155.35	23179.25	23135.15	23167.95	6933	0	180
2025.08.01	03:00:00	23167.55	23172.85	23101.25	23149.85	9603	0	180
2025.08.01	04:00:00	23149.55	23198.15	23142.05	23192.15	7213	0	170
2025.08.01	05:00:00	23192.15	23208.95	23185.25	23202.25	4066	0	160
2025.08.01	06:00:00	23202.25	23212.15	23172.35	23174.25	3407	0	150
2025.08.01	07:00:00	23174.45	23191.25	23166.15	23188.35	3609	0	150
2025.08.01	08:00:00	23188.65	23194.55	23160.15	23162.65	4592	0	160
2025.08.01	09:00:00	23162.65	23165.95	23125.25	23138.15	6782	0	170
2025.08.01	10:00:00	23137.75	23148.05	22998.15	23039.15	13891	0	190
2025.08.01	11:00:00	23040.15	23041.55	22932.25	22983.85	13351	0	200
2025.08.01	12:00:00	22981.85	23010.05	22956.45	22996.95	10035	0	190
2025.08.01	13:00:00	22996.85	22997.15	22901.15	22925.05	10148	0	190
2025.08.01	14:00:00	22925.55	22998.95	22921.05	22994.95	9397	0	190
2025.08.01	15:00:00	22993.85	23034.65	22930.25	22938.05	13138	0	190
2025.08.01	16:00:00	22937.35	22971.55	22729.95	22752.21	17324	0	120
2025.08.01	17:00:00	22752.00	22892.25	22669.75	22800.05	19207	0	120
2025.08.01	18:00:00	22801.55	22885.85	22766.75	22876.55	17156	0	120
2025.08.01	19:00:00	22873.05	22914.05	22742.95	22749.85	17109	0	120
2025.08.01	20:00:00	22749.45	22768.55	22697.45	22715.35	17152	0	120
2025.08.01	21:00:00	22715.35	22812.45	22660.35	22740.55	17103	0	120
2025.08.01	22:00:00	22740.35	22822.45	22717.75	22759.45	17188	0	120
2025.08.01	23:00:00	22758.95	22771.96	22745.36	22753.96	6648	0	120
2025.08.04	01:00:00	22753.36	22798.96	22705.46	22792.56	7368	0	198
2025.08.04	02:00:00	22792.66	22814.85	22765.85	22810.35	7414	0	180
2025.08.04	03:00:00	22810.05	22846.75	22800.55	22839.55	8960	0	180
2025.08.04	04:00:00	22839.65	22856.35	22815.95	22842.05	7903	0	180
2025.08.04	05:00:00	22842.05	22865.85	22833.85	22862.75	4536	0	150
2025.08.04	06:00:00	22862.95	22872.05	22851.65	22871.25	3427	0	150
2025.08.04	07:00:00	22870.75	22871.55	22836.45	22853.45	3872	0	150
2025.08.04	08:00:00	22853.55	22879.35	22844.85	22867.15	4403	0	150
2025.08.04	09:00:00	22866.85	22884.05	22831.75	22874.55	7279	0	170
2025.08.04	10:00:00	22872.35	22928.15	22861.95	22894.55	9443	0	190
2025.08.04	11:00:00	22895.75	22946.65	22890.05	22944.05	7563	0	180
2025.08.04	12:00:00	22944.05	22960.85	22937.65	22939.15	5877	0	160
2025.08.04	13:00:00	22939.35	22961.65	22936.15	22946.05	5410	0	170
2025.08.04	14:00:00	22944.85	22959.35	22915.45	22927.35	6830	0	170
2025.08.04	15:00:00	22930.85	22964.85	22920.35	22959.55	7455	0	170
2025.08.04	16:00:00	22959.45	23141.45	22954.15	23130.25	12923	0	80
2025.08.04	17:00:00	23133.45	23145.45	23078.25	23098.45	16458	0	80
2025.08.04	18:00:00	23097.55	23146.55	23071.05	23137.25	14855	0	80
2025.08.04	19:00:00	23137.55	23161.65	23131.55	23152.55	10683	0	80
2025.08.04	20:00:00	23152.15	23167.55	23124.65	23150.35	9540	0	80
2025.08.04	21:00:00	23150.85	23165.85	23138.15	23143.65	9843	0	80
2025.08.04	22:00:00	23143.65	23188.85	23135.75	23180.15	10964	0	80
2025.08.04	23:00:00	23178.45	23233.86	23166.86	23228.86	6481	0	120
2025.08.05	01:00:00	23223.16	23226.66	23201.16	23211.16	3092	0	168
2025.08.05	02:00:00	23211.46	23233.45	23199.75	23218.75	3865	0	150
2025.08.05	03:00:00	23217.75	23258.35	23199.45	23231.15	6083	0	160
2025.08.05	04:00:00	23231.15	23255.75	23219.55	23224.95	6359	0	160
2025.08.05	05:00:00	23225.05	23231.95	23217.05	23225.05	3073	0	150
2025.08.05	06:00:00	23224.85	23241.55	23209.65	23227.05	3151	0	150
2025.08.05	07:00:00	23227.25	23243.85	23221.05	23243.75	2251	0	150
2025.08.05	08:00:00	23243.85	23251.95	23236.15	23247.45	2887	0	150
2025.08.05	09:00:00	23247.45	23277.45	23240.55	23270.15	3931	0	150
2025.08.05	10:00:00	23269.25	23281.35	23208.85	23214.55	6998	0	160
2025.08.05	11:00:00	23214.65	23227.05	23197.85	23215.75	6741	0	160
2025.08.05	12:00:00	23215.75	23234.45	23210.75	23232.55	3286	0	150
2025.08.05	13:00:00	23232.55	23276.85	23229.25	23269.35	5095	0	160
2025.08.05	14:00:00	23267.25	23280.25	23246.65	23267.65	5684	0	160
2025.08.05	15:00:00	23268.65	23288.15	23229.25	23245.35	7889	0	170
2025.08.05	16:00:00	23245.35	23281.45	23188.95	23264.60	13587	0	80
2025.08.05	17:00:00	23219.84	23244.25	23024.15	23066.15	18247	0	120
2025.08.05	18:00:00	23066.15	23105.05	22999.55	23041.85	17672	0	120
2025.08.05	19:00:00	23041.45	23108.85	23022.55	23066.05	15084	0	80
2025.08.05	20:00:00	23065.75	23137.15	23052.25	23126.05	12259	0	80
2025.08.05	21:00:00	23126.75	23133.75	23001.35	23033.15	14394	0	80
2025.08.05	22:00:00	23033.25	23062.85	23007.85	23019.35	13880	0	80
2025.08.05	23:00:00	23019.95	23052.16	22972.36	22988.26	8118	0	120
2025.08.06	01:00:00	22967.76	22975.86	22934.16	22973.86	5351	0	178
2025.08.06	02:00:00	22973.86	22986.15	22941.15	22941.15	4987	0	160
2025.08.06	03:00:00	22941.25	22982.75	22938.15	22960.85	6664	0	170
2025.08.06	04:00:00	22960.75	23029.05	22953.85	23025.65	6424	0	170
2025.08.06	05:00:00	23025.15	23056.65	23011.75	23044.05	5071	0	150
2025.08.06	06:00:00	23044.25	23058.45	23033.25	23054.75	3471	0	150
2025.08.06	07:00:00	23054.75	23061.95	23045.95	23050.45	2649	0	150
2025.08.06	08:00:00	23050.45	23090.15	23043.55	23073.45	4031	0	160
2025.08.06	09:00:00	23073.55	23095.35	23069.35	23080.45	4291	0	160
2025.08.06	10:00:00	23080.95	23112.35	23079.35	23108.95	6603	0	170
2025.08.06	11:00:00	23107.95	23115.45	23044.75	23054.95	6845	0	170
2025.08.06	12:00:00	23055.15	23068.35	23020.75	23036.05	6112	0	170
2025.08.06	13:00:00	23035.05	23045.05	22996.05	23032.55	8313	0	180
2025.08.06	14:00:00	23032.25	23084.95	23026.35	23064.55	7118	0	180
2025.08.06	15:00:00	23063.25	23074.75	23029.55	23068.05	8421	0	180
2025.08.06	16:00:00	23067.25	23133.55	23039.05	23091.15	13905	0	80
2025.08.06	17:00:00	23090.55	23176.55	23054.65	23172.05	18199	0	120
2025.08.06	18:00:00	23172.05	23265.25	23148.35	23258.55	15470	0	80
2025.08.06	19:00:00	23258.55	23278.25	23235.05	23260.05	13138	0	80
2025.08.06	20:00:00	23260.05	23285.25	23248.05	23262.25	11569	0	80
2025.08.06	21:00:00	23261.75	23324.25	23259.65	23304.05	9671	0	80
2025.08.06	22:00:00	23303.45	23332.45	23294.65	23311.85	11005	0	80
2025.08.06	23:00:00	23311.86	23311.86	23285.16	23298.96	5095	0	138
2025.08.07	01:00:00	23278.66	23369.56	23275.56	23350.26	4908	0	178
2025.08.07	02:00:00	23350.76	23366.25	23334.55	23341.25	3769	0	150
2025.08.07	03:00:00	23341.65	23391.15	23333.95	23378.15	5281	0	160
2025.08.07	04:00:00	23378.15	23400.65	23369.65	23385.95	4703	0	150
2025.08.07	05:00:00	23385.95	23394.95	23375.85	23378.25	3270	0	150
2025.08.07	06:00:00	23378.25	23388.65	23373.35	23379.25	2696	0	150
2025.08.07	07:00:00	23379.45	23389.05	23347.35	23354.45	2932	0	150
2025.08.07	08:00:00	23354.85	23373.35	23344.75	23372.65	3949	0	160
2025.08.07	09:00:00	23372.15	23386.55	23356.85	23362.15	4751	0	150
2025.08.07	10:00:00	23361.55	23403.15	23360.55	23398.95	7017	0	160
2025.08.07	11:00:00	23398.55	23464.45	23397.45	23444.85	7846	0	170
2025.08.07	12:00:00	23445.25	23496.45	23427.55	23491.55	7219	0	180
2025.08.07	13:00:00	23491.65	23515.75	23486.55	23506.65	7224	0	160
2025.08.07	14:00:00	23509.95	23527.65	23469.95	23471.35	8061	0	170
2025.08.07	15:00:00	23471.15	23503.45	23465.55	23486.85	8964	0	180
2025.08.07	16:00:00	23487.75	23548.85	23460.05	23543.95	14026	0	80
2025.08.07	17:00:00	23544.15	23560.65	23410.35	23428.55	18718	0	120
2025.08.07	18:00:00	23427.05	23448.05	23372.25	23393.35	17651	0	80
2025.08.07	19:00:00	23391.85	23408.25	23285.25	23356.05	16957	0	80
2025.08.07	20:00:00	23355.55	23381.45	23277.35	23313.75	16916	0	120
2025.08.07	21:00:00	23313.55	23324.85	23225.55	23301.25	16086	0	80
2025.08.07	22:00:00	23301.55	23397.85	23274.65	23397.35	15015	0	80
2025.08.07	23:00:00	23395.76	23427.86	23393.16	23401.96	6078	0	138
2025.08.08	01:00:00	23422.96	23463.36	23418.56	23451.56	3825	0	178
2025.08.08	02:00:00	23451.46	23454.25	23434.45	23437.45	3082	0	150
2025.08.08	03:00:00	23437.25	23480.15	23426.35	23469.45	5934	0	160
2025.08.08	04:00:00	23469.75	23475.45	23452.15	23459.95	4360	0	160
2025.08.08	05:00:00	23459.95	23476.85	23459.75	23472.55	2599	0	150
2025.08.08	06:00:00	23472.65	23475.15	23448.85	23450.75	2569	0	150
2025.08.08	07:00:00	23450.75	23454.25	23434.45	23440.55	2869	0	150
2025.08.08	08:00:00	23440.95	23451.45	23400.55	23406.35	4184	0	160
2025.08.08	09:00:00	23407.15	23451.85	23405.65	23432.95	4193	0	150
2025.08.08	10:00:00	23433.65	23447.75	23422.65	23425.75	4694	0	160
2025.08.08	11:00:00	23425.45	23456.75	23425.45	23451.25	4993	0	160
2025.08.08	12:00:00	23450.95	23475.25	23449.25	23459.45	4179	0	150
2025.08.08	13:00:00	23459.35	23472.95	23458.35	23464.65	2959	0	150
2025.08.08	14:00:00	23464.35	23479.15	23459.25	23471.85	3747	0	150
2025.08.08	15:00:00	23472.05	23473.35	23415.75	23430.45	7760	0	150
2025.08.08	16:00:00	23430.65	23546.15	23419.15	23541.05	12762	0	80
2025.08.08	17:00:00	23541.05	23600.25	23523.75	23549.85	15561	0	80
2025.08.08	18:00:00	23550.05	23579.25	23509.75	23578.25	14843	0	80
2025.08.08	19:00:00	23575.95	23601.65	23572.75	23574.45	11803	0	80
2025.08.08	20:00:00	23574.95	23600.25	23553.25	23596.95	11282	0	80
2025.08.08	21:00:00	23597.25	23620.95	23587.45	23608.45	9683	0	80
2025.08.08	22:00:00	23607.95	23618.35	23573.95	23610.65	10924	0	80
2025.08.08	23:00:00	23610.25	23660.16	23608.56	23646.06	5003	0	80
2025.08.11	01:00:00	23625.86	23641.16	23618.26	23625.16	3261	0	168
2025.08.11	02:00:00	23625.26	23635.15	23594.95	23600.75	3474	0	150
2025.08.11	03:00:00	23601.45	23630.65	23600.15	23626.15	4305	0	150
2025.08.11	04:00:00	23625.95	23655.65	23620.25	23651.25	4220	0	150
2025.08.11	05:00:00	23651.05	23663.85	23643.65	23650.05	3366	0	150
2025.08.11	06:00:00	23650.05	23666.15	23644.15	23648.45	2840	0	150
2025.08.11	07:00:00	23648.45	23651.65	23627.75	23635.75	2425	0	150
2025.08.11	08:00:00	23635.75	23642.15	23625.45	23632.45	2898	0	150
2025.08.11	09:00:00	23632.15	23653.75	23622.45	23653.75	3706	0	150
2025.08.11	10:00:00	23653.45	23657.85	23587.05	23599.65	5966	0	160
2025.08.11	11:00:00	23599.05	23602.45	23561.35	23593.65	7799	0	170
2025.08.11	12:00:00	23593.65	23624.95	23591.55	23616.55	4223	0	150
2025.08.11	13:00:00	23616.25	23637.85	23603.05	23619.15	4208	0	150
2025.08.11	14:00:00	23616.45	23633.05	23613.05	23628.75	4677	0	150
2025.08.11	15:00:00	23628.35	23649.35	23601.35	23615.45	7139	0	160
2025.08.11	16:00:00	23615.55	23637.85	23574.85	23637.15	13307	0	80
2025.08.11	17:00:00	23638.35	23660.75	23615.35	23622.85	14678	0	80
2025.08.11	18:00:00	23622.85	23659.55	23610.55	23659.55	13221	0	80
2025.08.11	19:00:00	23659.35	23699.85	23631.35	23632.35	11793	0	80
2025.08.11	20:00:00	23632.05	23648.35	23584.05	23593.35	11265	0	80
2025.08.11	21:00:00	23596.35	23596.65	23546.55	23582.05	11478	0	80
2025.08.11	22:00:00	23581.45	23585.35	23484.35	23534.65	12101	0	80
2025.08.11	23:00:00	23535.26	23543.86	23512.26	23523.36	4177	0	138
2025.08.12	01:00:00	23535.16	23541.66	23514.16	23540.56	3600	0	168
2025.08.12	02:00:00	23539.86	23546.05	23525.05	23535.95	2994	0	150
2025.08.12	03:00:00	23535.95	23566.05	23528.25	23538.55	6692	0	160
2025.08.12	04:00:00	23538.65	23558.65	23531.75	23558.15	5526	0	150
2025.08.12	05:00:00	23557.85	23566.65	23548.25	23550.85	3041	0	150
2025.08.12	06:00:00	23550.95	23563.35	23550.15	23556.75	2375	0	150
2025.08.12	07:00:00	23556.65	23575.65	23549.75	23571.15	2513	0	150
2025.08.12	08:00:00	23571.15	23572.65	23495.55	23528.95	8153	0	160
2025.08.12	09:00:00	23529.35	23567.75	23527.25	23548.05	6307	0	160
2025.08.12	10:00:00	23547.95	23574.75	23537.95	23565.55	8025	0	160
2025.08.12	11:00:00	23564.85	23571.45	23534.55	23540.95	5696	0	150
2025.08.12	12:00:00	23540.35	23551.35	23534.55	23535.35	3792	0	150
2025.08.12	13:00:00	23534.75	23544.95	23525.25	23534.55	4688	0	150
2025.08.12	14:00:00	23534.55	23541.05	23507.85	23540.05	5670	0	160
2025.08.12	15:00:00	23539.75	23721.15	23538.05	23673.05	14762	0	170
2025.08.12	16:00:00	23673.15	23706.05	23549.85	23553.65	24183	0	80
2025.08.12	17:00:00	23555.15	23681.15	23522.05	23676.15	26200	0	80
2025.08.12	18:00:00	23675.85	23770.55	23673.05	23767.55	18403	0	80
2025.08.12	19:00:00	23767.55	23809.35	23746.55	23798.85	12059	0	80
2025.08.12	20:00:00	23799.25	23813.25	23784.55	23811.05	9929	0	80
2025.08.12	21:00:00	23811.05	23829.05	23802.55	23804.05	9335	0	80
2025.08.12	22:00:00	23803.85	23845.55	23799.05	23831.05	11834	0	80
2025.08.12	23:00:00	23831.75	23836.26	23820.46	23834.16	3295	0	80
2025.08.13	01:00:00	23834.96	23836.96	23824.76	23829.46	2038	0	168
2025.08.13	02:00:00	23828.76	23862.85	23827.35	23859.65	2904	0	150
2025.08.13	03:00:00	23858.75	23865.25	23836.35	23840.55	5430	0	150
2025.08.13	04:00:00	23840.75	23847.25	23824.75	23827.65	3120	0	150
2025.08.13	05:00:00	23827.65	23850.55	23821.25	23845.15	2722	0	150
2025.08.13	06:00:00	23845.15	23857.15	23840.35	23841.25	2564	0	150
2025.08.13	07:00:00	23841.65	23861.85	23841.05	23855.25	2135	0	150
2025.08.13	08:00:00	23854.85	23859.05	23842.65	23844.55	2228	0	150
2025.08.13	09:00:00	23844.75	23871.75	23834.05	23858.35	3639	0	150
2025.08.13	10:00:00	23858.05	23889.85	23856.85	23888.55	5384	0	150
2025.08.13	11:00:00	23888.35	23915.55	23876.35	23893.55	5208	0	150
2025.08.13	12:00:00	23893.35	23908.75	23884.05	23905.35	3588	0	150
2025.08.13	13:00:00	23905.25	23912.25	23886.85	23892.35	3536	0	150
2025.08.13	14:00:00	23891.55	23900.55	23883.55	23892.45	4048	0	150
2025.08.13	15:00:00	23893.55	23932.25	23888.25	23918.65	5446	0	160
2025.08.13	16:00:00	23918.65	23967.65	23905.15	23916.25	16485	0	80
2025.08.13	17:00:00	23917.45	23917.45	23832.15	23858.85	23895	0	80
2025.08.13	18:00:00	23858.35	23860.35	23791.95	23824.85	19300	0	80
2025.08.13	19:00:00	23825.35	23839.45	23785.95	23799.15	15285	0	80
2025.08.13	20:00:00	23798.85	23846.95	23795.35	23838.35	13397	0	80
2025.08.13	21:00:00	23838.35	23853.35	23787.05	23833.35	13484	0	80
2025.08.13	22:00:00	23833.85	23856.35	23811.45	23843.45	13344	0	80
2025.08.13	23:00:00	23842.95	23858.36	23821.46	23827.66	4044	0	80
2025.08.14	01:00:00	23823.06	23852.36	23813.66	23850.46	2407	0	168
2025.08.14	02:00:00	23850.36	23865.25	23840.25	23850.85	2212	0	150
2025.08.14	03:00:00	23851.35	23860.05	23831.95	23833.65	4923	0	150
2025.08.14	04:00:00	23833.25	23837.05	23818.35	23832.95	4954	0	150
2025.08.14	05:00:00	23832.95	23841.95	23825.35	23841.05	2727	0	150
2025.08.14	06:00:00	23841.05	23846.55	23823.75	23827.75	2191	0	150
2025.08.14	07:00:00	23827.35	23838.65	23822.05	23836.55	1802	0	150
2025.08.14	08:00:00	23836.45	23837.75	23800.55	23812.95	3237	0	150
2025.08.14	09:00:00	23812.85	23820.15	23802.55	23818.85	4378	0	150
2025.08.14	10:00:00	23817.65	23836.65	23815.05	23836.35	6112	0	150
2025.08.14	11:00:00	23836.45	23845.15	23823.95	23827.95	4279	0	150
2025.08.14	12:00:00	23827.75	23840.65	23820.15	23829.65	3850	0	150
2025.08.14	13:00:00	23829.05	23839.55	23821.85	23837.75	3351	0	150
2025.08.14	14:00:00	23837.65	23859.85	23829.75	23858.35	4261	0	150
2025.08.14	15:00:00	23857.65	23868.15	23696.65	23746.95	14967	0	160
2025.08.14	16:00:00	23744.95	23863.35	23719.45	23838.65	22593	0	120
2025.08.14	17:00:00	23839.35	23908.65	23808.15	23859.05	22585	0	80
2025.08.14	18:00:00	23858.45	23863.95	23767.05	23834.75	22163	0	80
2025.08.14	19:00:00	23835.55	23854.75	23768.05	23850.75	19367	0	80
2025.08.14	20:00:00	23850.75	23882.15	23840.15	23865.25	13020	0	80
2025.08.14	21:00:00	23864.25	23864.25	23797.25	23826.55	13667	0	80
2025.08.14	22:00:00	23826.25	23858.75	23819.75	23821.75	14151	0	80
2025.08.14	23:00:00	23821.75	23821.75	23769.96	23784.46	7647	0	120
2025.08.15	01:00:00	23784.26	23802.66	23780.96	23801.66	2686	0	168
2025.08.15	02:00:00	23801.76	23816.75	23794.25	23794.95	3016	0	150
2025.08.15	03:00:00	23794.75	23819.65	23779.95	23797.75	5400	0	150
2025.08.15	04:00:00	23798.05	23817.55	23796.15	23809.65	4068	0	150
2025.08.15	05:00:00	23809.65	23832.75	23809.05	23824.25	3042	0	150
2025.08.15	06:00:00	23824.05	23835.65	23816.75	23835.05	2448	0	150
2025.08.15	07:00:00	23835.15	23852.25	23835.05	23843.35	2362	0	150
2025.08.15	08:00:00	23842.85	23850.75	23830.45	23847.65	2593	0	150
2025.08.15	09:00:00	23845.75	23865.75	23839.85	23856.45	3726	0	150
2025.08.15	10:00:00	23856.25	23868.65	23834.95	23846.25	5550	0	160
2025.08.15	11:00:00	23846.25	23859.65	23783.75	23789.65	6601	0	160
2025.08.15	12:00:00	23788.85	23802.95	23784.25	23785.65	5279	0	150
2025.08.15	13:00:00	23785.85	23825.25	23778.35	23813.25	4436	0	150
2025.08.15	14:00:00	23812.65	23833.25	23810.55	23826.15	3741	0	150
2025.08.15	15:00:00	23826.65	23826.65	23793.95	23811.15	8879	0	170
2025.08.15	16:00:00	23810.65	23829.75	23677.15	23709.44	19805	0	120
2025.08.15	17:00:00	23679.24	23787.05	23677.75	23711.25	25653	0	80
2025.08.15	18:00:00	23709.95	23744.45	23645.85	23699.15	20264	0	80
2025.08.15	19:00:00	23698.25	23736.95	23675.15	23729.95	18019	0	80
2025.08.15	20:00:00	23730.35	23754.45	23697.15	23751.15	12457	0	80
2025.08.15	21:00:00	23750.95	23758.65	23704.55	23722.25	13596	0	80
2025.08.15	22:00:00	23721.45	23738.05	23686.45	23716.45	16003	0	80
2025.08.15	23:00:00	23718.65	23721.86	23688.46	23702.96	5128	0	120
2025.08.18	01:00:00	23736.66	23765.46	23736.66	23760.46	3425	0	168
2025.08.18	02:00:00	23760.16	23772.05	23753.15	23763.05	2506	0	150
2025.08.18	03:00:00	23762.75	23778.55	23757.85	23769.75	3902	0	150
2025.08.18	04:00:00	23769.45	23793.75	23767.45	23793.75	3304	0	150
2025.08.18	05:00:00	23793.55	23793.95	23779.75	23789.25	2325	0	150
2025.08.18	06:00:00	23789.25	23791.75	23768.75	23770.05	2134	0	150
2025.08.18	07:00:00	23770.05	23772.05	23757.75	23761.45	2405	0	150
2025.08.18	08:00:00	23761.45	23769.45	23754.15	23764.75	2523	0	150
2025.08.18	09:00:00	23764.05	23766.25	23684.45	23714.85	5689	0	150
2025.08.18	10:00:00	23715.25	23728.25	23692.65	23718.15	9759	0	170
2025.08.18	11:00:00	23718.15	23723.15	23655.55	23690.65	9225	0	160
2025.08.18	12:00:00	23690.85	23693.55	23651.55	23671.55	7043	0	160
2025.08.18	13:00:00	23671.45	23704.05	23668.95	23700.45	5075	0	150
2025.08.18	14:00:00	23700.25	23703.25	23659.45	23682.75	5697	0	160
2025.08.18	15:00:00	23681.85	23688.95	23658.35	23687.65	6908	0	160
2025.08.18	16:00:00	23687.15	23729.75	23647.75	23659.95	18690	0	80
2025.08.18	17:00:00	23661.35	23736.75	23631.75	23690.95	21733	0	80
2025.08.18	18:00:00	23689.95	23696.65	23641.45	23660.15	15594	0	80
2025.08.18	19:00:00	23660.35	23692.95	23635.45	23647.45	12865	0	80
2025.08.18	20:00:00	23647.65	23712.45	23645.65	23672.95	11178	0	80
2025.08.18	21:00:00	23673.95	23714.65	23662.45	23707.95	9599	0	80
2025.08.18	22:00:00	23707.45	23728.55	23697.45	23709.15	11366	0	80
2025.08.18	23:00:00	23709.45	23717.86	23696.26	23704.76	3430	0	80
2025.08.19	01:00:00	23733.66	23751.56	23722.56	23734.96	2915	0	168
2025.08.19	02:00:00	23734.96	23739.05	23717.05	23719.65	2293	0	150
2025.08.19	03:00:00	23720.25	23720.35	23677.25	23695.65	6084	0	150
2025.08.19	04:00:00	23695.65	23706.85	23685.85	23685.85	5628	0	160
2025.08.19	05:00:00	23683.85	23698.95	23677.25	23678.75	3505	0	150
2025.08.19	06:00:00	23678.75	23700.55	23666.65	23668.75	3739	0	150
2025.08.19	07:00:00	23668.65	23676.05	23653.75	23672.45	3004	0	150
2025.08.19	08:00:00	23671.65	23678.15	23645.65	23650.65	3623	0	150
2025.08.19	09:00:00	23650.85	23681.55	23649.15	23677.85	3577	0	150
2025.08.19	10:00:00	23677.95	23686.85	23662.95	23685.15	5471	0	160
2025.08.19	11:00:00	23684.35	23702.65	23660.65	23701.75	5189	0	150
2025.08.19	12:00:00	23701.75	23719.25	23696.45	23702.05	4121	0	150
2025.08.19	13:00:00	23702.05	23704.85	23665.85	23678.55	5428	0	160
2025.08.19	14:00:00	23676.85	23692.35	23670.35	23689.65	5205	0	150
2025.08.19	15:00:00	23688.95	23697.35	23654.05	23658.35	7066	0	160
2025.08.19	16:00:00	23659.15	23685.35	23555.65	23593.45	18891	0	80
2025.08.19	17:00:00	23592.65	23642.55	23455.15	23455.95	26122	0	120
2025.08.19	18:00:00	23455.85	23504.15	23430.35	23473.35	21665	0	80
2025.08.19	19:00:00	23473.65	23492.65	23387.95	23397.45	19170	0	80
2025.08.19	20:00:00	23397.45	23430.85	23360.65	23420.65	17351	0	80
2025.08.19	21:00:00	23421.85	23422.35	23362.05	23379.75	15085	0	80
2025.08.19	22:00:00	23379.75	23393.65	23343.65	23387.85	15554	0	80
2025.08.19	23:00:00	23388.15	23404.06	23381.36	23390.56	4255	0	100
2025.08.20	01:00:00	23401.86	23404.96	23373.76	23377.76	3813	0	178
2025.08.20	02:00:00	23378.16	23386.05	23333.65	23342.05	5226	0	160
2025.08.20	03:00:00	23342.55	23343.25	23318.35	23334.25	7767	0	160
2025.08.20	04:00:00	23333.85	23344.35	23287.75	23298.55	7897	0	170
2025.08.20	05:00:00	23298.35	23314.65	23288.85	23312.25	4781	0	150
2025.08.20	06:00:00	23311.45	23315.15	23258.15	23264.95	5268	0	160
2025.08.20	07:00:00	23264.75	23287.85	23263.15	23271.85	4163	0	150
2025.08.20	08:00:00	23271.15	23286.45	23254.65	23285.25	4573	0	150
2025.08.20	09:00:00	23284.95	23311.55	23264.35	23308.95	5951	0	160
2025.08.20	10:00:00	23308.65	23349.85	23305.45	23319.05	7629	0	170
2025.08.20	11:00:00	23319.95	23340.95	23291.75	23334.15	7491	0	160
2025.08.20	12:00:00	23334.15	23359.25	23326.35	23352.45	4986	0	160
2025.08.20	13:00:00	23352.35	23361.25	23323.25	23345.15	4507	0	150
2025.08.20	14:00:00	23344.45	23371.35	23305.75	23333.85	7838	0	170
2025.08.20	15:00:00	23333.35	23355.85	23316.65	23346.25	8364	0	170
2025.08.20	16:00:00	23346.05	23351.95	23066.65	23094.15	20857	0	120
2025.08.20	17:00:00	23094.15	23133.85	22954.65	22976.85	29929	0	120
2025.08.20	18:00:00	22977.15	23184.85	22966.35	23091.05	25307	0	120
2025.08.20	19:00:00	23090.95	23223.35	23089.35	23153.35	22201	0	120
2025.08.20	20:00:00	23153.35	23237.55	23145.35	23187.45	20895	0	80
2025.08.20	21:00:00	23186.85	23203.05	23113.75	23166.65	21661	0	80
2025.08.20	22:00:00	23166.95	23290.45	23166.45	23247.25	19838	0	80
2025.08.20	23:00:00	23247.45	23253.26	23229.36	23233.86	4705	0	120
2025.08.21	01:00:00	23251.86	23263.06	23233.96	23240.56	4108	0	168
2025.08.21	02:00:00	23240.56	23250.65	23227.15	23240.35	3707	0	150
2025.08.21	03:00:00	23240.35	23244.45	23189.95	23212.75	7988	0	170
2025.08.21	04:00:00	23212.75	23275.35	23188.15	23274.15	7763	0	170
2025.08.21	05:00:00	23272.65	23289.85	23262.15	23275.35	4764	0	160
2025.08.21	06:00:00	23275.35	23281.35	23258.05	23262.55	3158	0	150
2025.08.21	07:00:00	23262.55	23267.65	23251.35	23261.45	2765	0	150
2025.08.21	08:00:00	23261.95	23270.35	23232.65	23261.85	4936	0	160
2025.08.21	09:00:00	23261.85	23288.95	23253.25	23275.75	5268	0	160
2025.08.21	10:00:00	23275.55	23279.55	23242.15	23264.45	8874	0	170
2025.08.21	11:00:00	23264.25	23278.15	23217.95	23219.15	8100	0	170
2025.08.21	12:00:00	23219.15	23249.55	23210.65	23225.05	6784	0	160
2025.08.21	13:00:00	23224.95	23238.35	23193.65	23233.15	8002	0	170
2025.08.21	14:00:00	23232.65	23254.55	23185.65	23201.95	9118	0	180
2025.08.21	15:00:00	23199.95	23201.65	23136.35	23144.65	12879	0	180
2025.08.21	16:00:00	23143.65	23211.35	23097.15	23107.05	21882	0	80
2025.08.21	17:00:00	23107.25	23268.85	23077.85	23215.75	26554	0	120
2025.08.21	18:00:00	23215.85	23233.15	23113.15	23125.95	23837	0	80
2025.08.21	19:00:00	23125.95	23135.65	23073.05	23083.35	20508	0	80
2025.08.21	20:00:00	23083.15	23146.15	23042.15	23137.15	19668	0	80
2025.08.21	21:00:00	23135.75	23156.65	23101.85	23147.35	16789	0	80
2025.08.21	22:00:00	23146.85	23176.85	23125.65	23139.55	16346	0	80
2025.08.21	23:00:00	23139.55	23147.36	23121.36	23146.86	4786	0	120
2025.08.22	01:00:00	23156.16	23173.66	23151.76	23168.66	3452	0	168
2025.08.22	02:00:00	23168.06	23175.55	23155.55	23172.85	2809	0	150
2025.08.22	03:00:00	23172.65	23174.15	23105.25	23137.25	8153	0	160
2025.08.22	04:00:00	23137.35	23145.25	23117.65	23130.15	6865	0	160
2025.08.22	05:00:00	23130.45	23156.95	23128.35	23131.05	4793	0	150
2025.08.22	06:00:00	23130.95	23134.95	23115.85	23119.35	4222	0	150
2025.08.22	07:00:00	23119.75	23139.65	23117.65	23133.45	3010	0	150
2025.08.22	08:00:00	23133.25	23136.45	23105.15	23114.95	4147	0	150
2025.08.22	09:00:00	23114.95	23114.95	23002.25	23062.75	8345	0	170
2025.08.22	10:00:00	23062.65	23124.25	23058.75	23120.05	8857	0	170
2025.08.22	11:00:00	23119.95	23180.15	23115.05	23177.55	8139	0	170
2025.08.22	12:00:00	23177.35	23177.85	23155.05	23176.25	6105	0	160
2025.08.22	13:00:00	23176.55	23198.55	23174.75	23189.45	5459	0	150
2025.08.22	14:00:00	23190.25	23203.85	23165.55	23176.45	6674	0	160
2025.08.22	15:00:00	23176.75	23198.65	23164.05	23166.25	7835	0	160
2025.08.22	16:00:00	23166.05	23266.35	23131.65	23190.65	18396	0	80
2025.08.22	17:00:00	23213.35	23567.85	23201.55	23530.35	30117	0	120
2025.08.22	18:00:00	23531.15	23577.05	23492.65	23495.65	23236	0	80
2025.08.22	19:00:00	23497.15	23518.75	23435.05	23456.25	20486	0	80
2025.08.22	20:00:00	23455.25	23552.25	23455.25	23533.55	15475	0	80
2025.08.22	21:00:00	23533.45	23544.75	23509.95	23513.95	12862	0	80
2025.08.22	22:00:00	23514.25	23521.45	23459.35	23494.65	15332	0	80
2025.08.22	23:00:00	23492.65	23514.36	23476.46	23506.36	5140	0	120
2025.08.25	01:00:00	23502.36	23504.46	23475.66	23501.46	4566	0	168
2025.08.25	02:00:00	23501.56	23518.85	23491.85	23505.05	4412	0	150
2025.08.25	03:00:00	23505.15	23527.45	23480.65	23486.55	7561	0	160
2025.08.25	04:00:00	23486.45	23488.45	23465.05	23465.65	4807	0	150
2025.08.25	05:00:00	23465.35	23480.05	23453.25	23454.85	4143	0	150
2025.08.25	06:00:00	23454.55	23481.85	23451.55	23478.05	3303	0	150
2025.08.25	07:00:00	23477.85	23489.85	23474.35	23485.65	2236	0	150
2025.08.25	08:00:00	23485.75	23497.75	23481.25	23495.75	3067	0	150
2025.08.25	09:00:00	23495.95	23498.75	23449.45	23452.25	3892	0	150
2025.08.25	10:00:00	23452.75	23466.75	23439.05	23456.45	6337	0	160
2025.08.25	11:00:00	23456.15	23468.25	23438.05	23440.15	5382	0	150
2025.08.25	12:00:00	23440.05	23443.25	23416.65	23434.15	4460	0	150
2025.08.25	13:00:00	23434.45	23434.85	23392.45	23410.45	4977	0	150
2025.08.25	14:00:00	23410.85	23431.15	23400.15	23427.85	4774	0	150
2025.08.25	15:00:00	23427.65	23427.95	23393.95	23409.65	7759	0	160
2025.08.25	16:00:00	23409.55	23449.65	23375.55	23449.65	18861	0	80
2025.08.25	17:00:00	23449.55	23504.75	23435.85	23501.45	23569	0	80
2025.08.25	18:00:00	23501.25	23546.95	23495.55	23531.85	16212	0	80
2025.08.25	19:00:00	23531.85	23544.55	23519.55	23527.05	11841	0	80
2025.08.25	20:00:00	23526.85	23528.75	23488.35	23509.05	11818	0	80
2025.08.25	21:00:00	23509.05	23514.35	23480.05	23483.35	10694	0	80
2025.08.25	22:00:00	23483.35	23504.25	23419.65	23424.15	12582	0	80
2025.08.25	23:00:00	23425.65	23448.66	23415.86	23430.86	4344	0	120
2025.08.26	01:00:00	23444.66	23453.26	23441.96	23444.56	1881	0	168
2025.08.26	02:00:00	23444.66	23449.65	23422.25	23429.55	2559	0	150
2025.08.26	03:00:00	23429.05	23441.85	23304.65	23350.45	16038	0	170
2025.08.26	04:00:00	23350.25	23389.05	23343.45	23357.45	8392	0	170
2025.08.26	05:00:00	23357.75	23407.05	23356.55	23382.05	5305	0	160
2025.08.26	06:00:00	23382.05	23390.65	23373.65	23384.65	3329	0	150
2025.08.26	07:00:00	23384.85	23393.35	23374.05	23388.85	2873	0	150
2025.08.26	08:00:00	23388.75	23417.35	23388.75	23409.15	4153	0	150
2025.08.26	09:00:00	23409.25	23416.95	23376.85	23387.15	7439	0	160
2025.08.26	10:00:00	23387.45	23397.55	23348.95	23375.25	12088	0	170
2025.08.26	11:00:00	23375.25	23406.95	23372.95	23392.55	8148	0	160
2025.08.26	12:00:00	23392.75	23414.65	23385.65	23407.85	4814	0	150
2025.08.26	13:00:00	23407.05	23438.65	23404.25	23424.35	5102	0	150
2025.08.26	14:00:00	23424.65	23428.35	23377.45	23402.55	6698	0	160
2025.08.26	15:00:00	23402.55	23412.85	23372.75	23403.65	8127	0	170
2025.08.26	16:00:00	23403.65	23451.35	23360.65	23427.55	18837	0	80
2025.08.26	17:00:00	23427.35	23483.85	23418.65	23455.85	22273	0	80
2025.08.26	18:00:00	23455.95	23470.35	23426.85	23451.55	16342	0	80
2025.08.26	19:00:00	23451.05	23489.35	23451.05	23473.05	11900	0	80
2025.08.26	20:00:00	23472.55	23477.35	23412.75	23436.05	11871	0	80
2025.08.26	21:00:00	23435.85	23488.15	23433.05	23482.25	10418	0	80
2025.08.26	22:00:00	23481.75	23531.85	23467.05	23519.05	13880	0	80
2025.08.26	23:00:00	23519.85	23542.46	23514.76	23539.86	4032	0	120
2025.08.27	01:00:00	23548.66	23554.66	23543.96	23550.66	1669	0	168
2025.08.27	02:00:00	23550.75	23557.85	23544.55	23548.85	1772	0	150
2025.08.27	03:00:00	23549.25	23551.15	23529.35	23532.75	3234	0	150
2025.08.27	04:00:00	23533.05	23563.35	23532.75	23562.05	3335	0	150
2025.08.27	05:00:00	23562.05	23563.05	23543.85	23546.25	2274	0	150
2025.08.27	06:00:00	23546.35	23555.85	23544.25	23548.25	1697	0	150
2025.08.27	07:00:00	23548.15	23556.25	23540.25	23551.25	1444	0	150
2025.08.27	08:00:00	23551.25	23551.75	23527.75	23535.25	2472	0	150
2025.08.27	09:00:00	23535.05	23553.55	23530.25	23537.75	3673	0	150
2025.08.27	10:00:00	23538.75	23549.55	23509.95	23529.15	6656	0	160
2025.08.27	11:00:00	23529.05	23533.45	23502.25	23521.85	6040	0	150
2025.08.27	12:00:00	23521.85	23536.55	23519.85	23531.85	3992	0	150
2025.08.27	13:00:00	23531.85	23540.85	23526.75	23535.55	3326	0	150
2025.08.27	14:00:00	23535.75	23550.05	23532.45	23543.25	3406	0	150
2025.08.27	15:00:00	23543.05	23556.05	23499.05	23517.25	7648	0	150
2025.08.27	16:00:00	23516.95	23520.85	23424.95	23471.25	20647	0	80
2025.08.27	17:00:00	23470.45	23551.15	23461.95	23535.95	18945	0	80
2025.08.27	18:00:00	23536.05	23568.75	23512.05	23561.75	13321	0	80
2025.08.27	19:00:00	23561.75	23562.25	23480.25	23539.25	13986	0	80
2025.08.27	20:00:00	23538.55	23562.25	23526.05	23559.65	10090	0	80
2025.08.27	21:00:00	23559.25	23595.45	23553.15	23565.05	10029	0	80
2025.08.27	22:00:00	23565.05	23584.55	23492.55	23558.35	13919	0	80
2025.08.27	23:00:00	23558.25	23607.26	23373.56	23462.66	14595	0	110
2025.08.28	01:00:00	23453.66	23476.06	23439.86	23458.36	5171	0	178
2025.08.28	02:00:00	23458.86	23465.95	23443.05	23449.05	4110	0	150
2025.08.28	03:00:00	23447.85	23464.05	23428.55	23461.25	7602	0	160
2025.08.28	04:00:00	23461.25	23492.65	23458.75	23488.25	4452	0	150
2025.08.28	05:00:00	23488.45	23502.65	23485.45	23494.95	3154	0	150
2025.08.28	06:00:00	23494.95	23524.35	23494.55	23515.85	3022	0	150
2025.08.28	07:00:00	23515.95	23515.95	23498.45	23502.05	2605	0	150
2025.08.28	08:00:00	23502.05	23507.95	23481.75	23483.35	3343	0	150
2025.08.28	09:00:00	23483.35	23552.25	23480.85	23546.45	5248	0	150
2025.08.28	10:00:00	23546.95	23573.25	23543.25	23572.55	7405	0	170
2025.08.28	11:00:00	23572.35	23601.95	23555.85	23557.25	7206	0	160
2025.08.28	12:00:00	23556.75	23568.55	23549.65	23554.75	4254	0	150
2025.08.28	13:00:00	23554.95	23565.65	23538.35	23551.95	4457	0	150
2025.08.28	14:00:00	23552.35	23558.65	23523.55	23558.65	6101	0	160
2025.08.28	15:00:00	23556.25	23593.45	23534.15	23573.65	11319	0	160
2025.08.28	16:00:00	23573.75	23682.65	23513.75	23548.15	21037	0	80
2025.08.28	17:00:00	23549.65	23670.55	23534.75	23655.55	26383	0	80
2025.08.28	18:00:00	23654.45	23693.25	23606.15	23629.35	20074	0	80
2025.08.28	19:00:00	23628.85	23706.85	23623.85	23672.95	13511	0	80
2025.08.28	20:00:00	23673.05	23713.15	23663.55	23707.35	11812	0	80
2025.08.28	21:00:00	23707.55	23731.15	23702.55	23727.35	8885	0	80
2025.08.28	22:00:00	23727.65	23740.55	23703.65	23704.65	10863	0	80
2025.08.28	23:00:00	23704.35	23711.56	23688.56	23699.86	3720	0	120
2025.08.29	01:00:00	23694.26	23698.96	23673.46	23679.36	2537	0	168
2025.08.29	02:00:00	23678.96	23690.85	23675.85	23686.05	1997	0	150
2025.08.29	03:00:00	23686.05	23693.85	23676.95	23684.45	3816	0	150
2025.08.29	04:00:00	23684.35	23689.75	23668.35	23671.35	3775	0	150
2025.08.29	05:00:00	23671.35	23671.95	23656.65	23665.05	2479	0	150
2025.08.29	06:00:00	23665.15	23679.15	23662.95	23666.45	2511	0	150
2025.08.29	07:00:00	23666.45	23669.35	23656.95	23658.95	1683	0	150
2025.08.29	08:00:00	23658.95	23666.65	23652.95	23663.05	2058	0	150
2025.08.29	09:00:00	23662.65	23674.85	23656.15	23659.15	3510	0	150
2025.08.29	10:00:00	23660.65	23678.55	23630.95	23631.75	6400	0	160
2025.08.29	11:00:00	23631.65	23643.85	23571.85	23579.05	9025	0	170
2025.08.29	12:00:00	23579.05	23606.95	23559.25	23592.65	7109	0	160
2025.08.29	13:00:00	23593.35	23608.85	23569.95	23583.35	5625	0	160
2025.08.29	14:00:00	23583.55	23601.55	23577.95	23587.45	5799	0	160
2025.08.29	15:00:00	23586.65	23627.35	23568.65	23613.65	11122	0	170
2025.08.29	16:00:00	23612.95	23616.75	23455.05	23466.05	20831	0	80
2025.08.29	17:00:00	23465.45	23498.75	23363.75	23382.95	28616	0	120
2025.08.29	18:00:00	23382.95	23445.85	23374.95	23381.65	22554	0	80
2025.08.29	19:00:00	23381.75	23440.95	23379.25	23428.15	15255	0	80
2025.08.29	20:00:00	23428.15	23428.15	23350.55	23409.65	17289	0	80
2025.08.29	21:00:00	23409.45	23417.15	23387.45	23409.45	13901	0	80
2025.08.29	22:00:00	23409.45	23444.95	23376.85	23421.95	15597	0	80
2025.08.29	23:00:00	23421.75	23437.16	23402.16	23405.56	5881	0	120
2025.09.01	01:00:00	23443.86	23488.86	23431.76	23488.26	3572	0	168
2025.09.01	02:00:00	23487.66	23497.75	23482.35	23490.35	2400	0	150
2025.09.01	03:00:00	23490.65	23504.35	23482.35	23490.35	4468	0	150
2025.09.01	04:00:00	23490.35	23492.55	23460.45	23469.75	4444	0	150
2025.09.01	05:00:00	23469.75	23470.45	23418.55	23421.05	5550	0	160
2025.09.01	06:00:00	23421.15	23436.75	23384.05	23394.35	5894	0	160
2025.09.01	07:00:00	23394.45	23399.55	23360.05	23379.65	4283	0	150
2025.09.01	08:00:00	23380.15	23400.75	23362.25	23382.05	4959	0	160
2025.09.01	09:00:00	23382.05	23425.35	23323.65	23401.05	7567	0	170
2025.09.01	10:00:00	23401.95	23429.25	23394.95	23421.95	8276	0	170
2025.09.01	11:00:00	23422.25	23454.65	23411.65	23442.75	6861	0	160
2025.09.01	12:00:00	23441.85	23448.85	23428.55	23437.35	4079	0	150
2025.09.01	13:00:00	23437.35	23452.95	23432.55	23438.85	3631	0	150
2025.09.01	14:00:00	23438.85	23446.35	23398.55	23418.85	4360	0	150
2025.09.01	15:00:00	23417.85	23434.45	23412.75	23429.55	4091	0	150
2025.09.01	16:00:00	23429.25	23446.95	23396.75	23441.05	6242	0	80
2025.09.01	17:00:00	23440.45	23445.25	23431.85	23444.05	4100	0	80
2025.09.01	18:00:00	23442.45	23459.35	23432.35	23447.95	3736	0	80
2025.09.01	19:00:00	23448.05	23459.05	23434.85	23453.95	3235	0	80
2025.09.02	01:00:00	23445.76	23450.86	23415.06	23416.06	2697	0	168
2025.09.02	02:00:00	23416.66	23418.85	23382.75	23399.95	4714	0	160
2025.09.02	03:00:00	23399.85	23428.75	23385.65	23427.95	5661	0	150
2025.09.02	04:00:00	23427.65	23438.25	23392.85	23392.85	4761	0	150
2025.09.02	05:00:00	23393.35	23401.75	23369.95	23380.45	5209	0	160
2025.09.02	06:00:00	23380.15	23396.35	23370.85	23392.25	3565	0	150
2025.09.02	07:00:00	23392.25	23405.25	23381.95	23391.65	2652	0	150
2025.09.02	08:00:00	23391.75	23393.45	23358.95	23367.35	5087	0	150
2025.09.02	09:00:00	23367.35	23402.25	23361.45	23401.15	4937	0	160
2025.09.02	10:00:00	23401.95	23405.45	23224.25	23232.15	14310	0	170
2025.09.02	11:00:00	23232.15	23287.65	23222.15	23264.85	11446	0	180
2025.09.02	12:00:00	23264.85	23285.55	23245.65	23246.35	6953	0	170
2025.09.02	13:00:00	23246.35	23265.45	23185.65	23207.95	8941	0	170
2025.09.02	14:00:00	23208.75	23214.35	23173.75	23179.25	9962	0	180
2025.09.02	15:00:00	23179.05	23179.05	23025.55	23050.45	14524	0	190
2025.09.02	16:00:00	23050.45	23215.25	22980.25	23186.72	19363	0	120
2025.09.02	17:00:00	23186.72	23233.73	23090.45	23116.25	22087	0	120
2025.09.02	18:00:00	23116.35	23133.75	22981.75	23002.85	18733	0	80
2025.09.02	19:00:00	23002.65	23085.45	22993.05	23081.15	15495	0	80
2025.09.02	20:00:00	23081.45	23179.95	23059.05	23143.95	14812	0	80
2025.09.02	21:00:00	23143.95	23185.95	23111.85	23142.65	14700	0	80
2025.09.02	22:00:00	23142.95	23243.65	23142.95	23229.95	14820	0	80
2025.09.02	23:00:00	23230.45	23339.06	23223.06	23325.56	11657	0	120
2025.09.03	01:00:00	23322.76	23331.56	23291.56	23296.96	4075	0	168
2025.09.03	02:00:00	23297.16	23301.45	23282.75	23290.25	2814	0	150
2025.09.03	03:00:00	23290.05	23295.95	23273.75	23287.45	5128	0	160
2025.09.03	04:00:00	23286.45	23296.05	23268.25	23292.85	5071	0	150
2025.09.03	05:00:00	23292.55	23295.15	23269.45	23277.95	3717	0	150
2025.09.03	06:00:00	23277.95	23288.95	23255.85	23280.35	4281	0	150
2025.09.03	07:00:00	23280.25	23291.95	23275.55	23287.65	2563	0	150
2025.09.03	08:00:00	23287.45	23292.55	23264.25	23272.75	4149	0	150
2025.09.03	09:00:00	23272.95	23321.15	23265.75	23300.65	5454	0	160
2025.09.03	10:00:00	23301.55	23338.55	23276.15	23332.15	9304	0	180
2025.09.03	11:00:00	23331.95	23387.15	23326.15	23374.95	7918	0	160
2025.09.03	12:00:00	23375.65	23400.35	23354.75	23394.05	5993	0	150
2025.09.03	13:00:00	23393.75	23404.05	23379.05	23397.45	5814	0	160
2025.09.03	14:00:00	23396.15	23414.25	23364.15	23371.85	8081	0	170
2025.09.03	15:00:00	23374.55	23403.75	23356.15	23378.75	9925	0	180
2025.09.03	16:00:00	23378.65	23412.75	23326.35	23338.24	17358	0	80
2025.09.03	17:00:00	23338.14	23481.75	23329.44	23465.55	20275	0	80
2025.09.03	18:00:00	23465.55	23472.75	23361.35	23371.75	17577	0	80
2025.09.03	19:00:00	23371.75	23420.25	23348.25	23367.05	16251	0	80
2025.09.03	20:00:00	23367.75	23418.25	23303.35	23322.45	15447	0	80
2025.09.03	21:00:00	23322.95	23323.45	23276.65	23299.85	17044	0	80
2025.09.03	22:00:00	23299.85	23412.15	23288.35	23407.45	13951	0	80
2025.09.03	23:00:00	23409.05	23428.56	23404.66	23414.96	4656	0	120
2025.09.04	01:00:00	23401.86	23412.16	23392.36	23392.46	2284	0	168
2025.09.04	02:00:00	23392.56	23414.65	23390.55	23395.95	2237	0	150
2025.09.04	03:00:00	23395.95	23472.35	23389.15	23461.75	6728	0	150
2025.09.04	04:00:00	23460.75	23466.95	23442.85	23455.55	5455	0	160
2025.09.04	05:00:00	23455.75	23489.75	23433.55	23438.25	4896	0	160
2025.09.04	06:00:00	23438.25	23441.65	23416.85	23426.85	3688	0	150
2025.09.04	07:00:00	23426.65	23452.45	23426.65	23448.55	2773	0	150
2025.09.04	08:00:00	23448.55	23460.35	23417.95	23426.45	4189	0	160
2025.09.04	09:00:00	23425.55	23439.65	23410.65	23411.25	5116	0	160
2025.09.04	10:00:00	23410.45	23463.35	23408.95	23446.35	7760	0	150
2025.09.04	11:00:00	23445.85	23467.15	23434.75	23455.05	5795	0	160
2025.09.04	12:00:00	23455.15	23474.55	23450.35	23473.75	4265	0	150
2025.09.04	13:00:00	23473.65	23491.95	23461.05	23467.05	5505	0	150
2025.09.04	14:00:00	23466.25	23478.45	23438.15	23454.55	6368	0	160
2025.09.04	15:00:00	23454.05	23478.47	23427.15	23442.95	10063	0	170
2025.09.04	16:00:00	23441.65	23505.95	23415.45	23440.02	16257	0	80
2025.09.04	17:00:00	23436.57	23487.95	23368.45	23479.95	19947	0	80
2025.09.04	18:00:00	23479.95	23513.95	23450.35	23496.65	15581	0	80
2025.09.04	19:00:00	23496.95	23522.05	23469.95	23495.15	13521	0	80
2025.09.04	20:00:00	23495.35	23560.55	23493.55	23540.35	11267	0	80
2025.09.04	21:00:00	23540.55	23581.45	23539.85	23577.05	9600	0	80
2025.09.04	22:00:00	23577.55	23636.55	23573.45	23621.25	11814	0	80
2025.09.04	23:00:00	23621.45	23664.06	23614.56	23643.16	6468	0	120
2025.09.05	01:00:00	23663.46	23672.26	23650.46	23668.76	2466	0	168
2025.09.05	02:00:00	23668.36	23677.85	23666.35	23667.95	2215	0	150
2025.09.05	03:00:00	23667.95	23693.05	23664.05	23691.05	4235	0	150
2025.09.05	04:00:00	23691.05	23701.25	23686.55	23696.55	3347	0	150
2025.09.05	05:00:00	23696.55	23703.45	23680.55	23698.35	2518	0	150
2025.09.05	06:00:00	23698.25	23704.25	23691.45	23703.25	1856	0	150
2025.09.05	07:00:00	23703.35	23712.85	23701.95	23706.35	1676	0	150
2025.09.05	08:00:00	23706.75	23731.75	23702.55	23722.85	2529	0	150
2025.09.05	09:00:00	23723.35	23749.65	23720.75	23734.25	3620	0	150
2025.09.05	10:00:00	23734.15	23736.85	23705.15	23717.95	6632	0	150
2025.09.05	11:00:00	23718.55	23748.95	23710.35	23748.75	4896	0	150
2025.09.05	12:00:00	23748.75	23753.15	23739.15	23745.55	3722	0	150
2025.09.05	13:00:00	23745.75	23750.95	23735.95	23738.25	3528	0	150
2025.09.05	14:00:00	23738.25	23761.35	23729.85	23730.85	4979	0	150
2025.09.05	15:00:00	23730.85	23836.15	23687.56	23834.95	14829	0	180
2025.09.05	16:00:00	23835.45	23863.25	23783.75	23814.95	19521	0	120
2025.09.05	17:00:00	23814.75	23815.65	23506.85	23509.65	23335	0	120
2025.09.05	18:00:00	23507.95	23631.05	23467.15	23580.05	21640	0	80
2025.09.05	19:00:00	23580.65	23620.55	23557.55	23616.05	20662	0	120
2025.09.05	20:00:00	23616.25	23623.25	23548.65	23576.15	19412	0	80
2025.09.05	21:00:00	23576.25	23624.25	23566.25	23620.55	15939	0	80
2025.09.05	22:00:00	23620.55	23656.55	23604.75	23654.05	15986	0	80
2025.09.05	23:00:00	23654.35	23658.36	23629.96	23633.76	4242	0	120
2025.09.08	01:00:00	23623.36	23713.46	23616.66	23706.56	5069	0	178
2025.09.08	02:00:00	23706.66	23750.05	23706.66	23744.65	5263	0	150
2025.09.08	03:00:00	23743.85	23757.45	23730.15	23730.35	6051	0	150
2025.09.08	04:00:00	23730.75	23745.45	23723.55	23734.15	4949	0	150
2025.09.08	05:00:00	23734.05	23736.95	23702.05	23707.05	3939	0	150
2025.09.08	06:00:00	23707.15	23728.95	23707.05	23720.75	3099	0	150
2025.09.08	07:00:00	23720.25	23721.85	23693.55	23699.95	2736	0	150
2025.09.08	08:00:00	23699.75	23717.25	23695.45	23697.25	3326	0	150
2025.09.08	09:00:00	23696.75	23728.75	23696.45	23718.55	5334	0	150
2025.09.08	10:00:00	23718.35	23747.55	23716.15	23719.45	6336	0	160
2025.09.08	11:00:00	23721.25	23734.65	23707.05	23730.75	5293	0	150
2025.09.08	12:00:00	23731.15	23751.35	23721.25	23747.25	3730	0	150
2025.09.08	13:00:00	23747.15	23756.15	23735.55	23738.05	3949	0	150
2025.09.08	14:00:00	23737.95	23748.15	23727.05	23728.65	4341	0	150
2025.09.08	15:00:00	23729.15	23745.05	23710.15	23744.65	7145	0	170
2025.09.08	16:00:00	23744.05	23842.55	23733.35	23812.55	13136	0	80
2025.09.08	17:00:00	23812.15	23854.15	23772.85	23826.55	15914	0	80
2025.09.08	18:00:00	23826.25	23849.85	23792.65	23835.05	13199	0	80
2025.09.08	19:00:00	23834.75	23835.55	23752.55	23773.55	12608	0	80
2025.09.08	20:00:00	23773.75	23779.55	23726.15	23746.15	11755	0	80
2025.09.08	21:00:00	23746.35	23783.15	23736.35	23757.15	10236	0	80
2025.09.08	22:00:00	23756.85	23774.85	23723.85	23766.65	11649	0	80
2025.09.08	23:00:00	23766.56	23773.16	23756.96	23757.76	3103	0	98
2025.09.09	01:00:00	23778.76	23794.56	23775.26	23790.96	1765	0	168
2025.09.09	02:00:00	23791.05	23795.75	23769.95	23773.45	2050	0	150
2025.09.09	03:00:00	23775.05	23792.65	23769.45	23773.25	3735	0	150
2025.09.09	04:00:00	23772.35	23784.15	23756.95	23779.55	3933	0	150
2025.09.09	05:00:00	23779.65	23813.15	23779.65	23793.55	3189	0	150
2025.09.09	06:00:00	23793.25	23808.05	23792.55	23805.05	2424	0	150
2025.09.09	07:00:00	23805.25	23806.45	23796.45	23803.65	1463	0	150
2025.09.09	08:00:00	23803.55	23807.95	23780.95	23800.45	3431	0	150
2025.09.09	09:00:00	23800.35	23821.35	23796.15	23815.75	4130	0	150
2025.09.09	10:00:00	23815.95	23850.85	23812.45	23821.15	5775	0	150
2025.09.09	11:00:00	23821.25	23822.75	23800.05	23808.95	6082	0	150
2025.09.09	12:00:00	23808.15	23821.85	23801.85	23809.95	4168	0	150
2025.09.09	13:00:00	23810.15	23822.95	23803.95	23811.45	3603	0	150
2025.09.09	14:00:00	23811.25	23818.95	23777.65	23815.35	5716	0	150
2025.09.09	15:00:00	23815.15	23822.25	23800.05	23805.05	6500	0	150
2025.09.09	16:00:00	23804.95	23822.85	23766.45	23780.05	14978	0	80
2025.09.09	17:00:00	23780.55	23816.55	23693.05	23752.05	17356	0	110
2025.09.09	18:00:00	23751.05	23778.65	23718.45	23751.05	14537	0	80
2025.09.09	19:00:00	23750.75	23799.65	23748.05	23787.25	12086	0	80
2025.09.09	20:00:00	23787.55	23821.35	23787.55	23806.05	11681	0	80
2025.09.09	21:00:00	23805.35	23815.35	23790.55	23810.65	11087	0	80
2025.09.09	22:00:00	23810.55	23853.55	23802.15	23833.75	11498	0	80
2025.09.09	23:00:00	23834.16	23881.36	23814.36	23870.86	7463	0	98
2025.09.10	01:00:00	23861.66	23879.86	23859.26	23864.96	2433	0	168
2025.09.10	02:00:00	23865.16	23867.05	23843.65	23855.05	2829	0	150
2025.09.10	03:00:00	23854.65	23867.95	23850.25	23854.85	3456	0	150
2025.09.10	04:00:00	23855.25	23875.05	23846.95	23872.05	3761	0	150
2025.09.10	05:00:00	23872.25	23885.95	23866.65	23880.35	2815	0	150
2025.09.10	06:00:00	23880.55	23887.85	23880.05	23886.55	1619	0	150
2025.09.10	07:00:00	23886.75	23893.45	23886.35	23891.05	1481	0	150
2025.09.10	08:00:00	23891.25	23897.25	23881.25	23888.05	2780	0	150
2025.09.10	09:00:00	23887.85	23917.25	23882.05	23912.85	3638	0	150
2025.09.10	10:00:00	23911.35	23922.55	23904.35	23907.15	5314	0	150
2025.09.10	11:00:00	23906.75	23909.75	23856.25	23864.95	5994	0	150
2025.09.10	12:00:00	23865.35	23879.05	23851.45	23878.05	4613	0	150
2025.09.10	13:00:00	23877.85	23895.85	23872.85	23893.75	3433	0	150
2025.09.10	14:00:00	23894.25	23926.45	23891.65	23918.25	4433	0	150
2025.09.10	15:00:00	23917.75	24008.65	23902.55	23973.05	10464	0	150
2025.09.10	16:00:00	23973.25	23983.55	23870.65	23899.85	15076	0	90
2025.09.10	17:00:00	23899.65	23958.35	23894.35	23936.35	16265	0	80
2025.09.10	18:00:00	23936.85	23948.45	23892.45	23919.55	13798	0	80
2025.09.10	19:00:00	23919.85	23920.05	23866.85	23893.55	12313	0	80
2025.09.10	20:00:00	23893.85	23909.25	23845.85	23867.05	12002	0	80
2025.09.10	21:00:00	23865.85	23869.15	23805.55	23831.85	12309	0	80
2025.09.10	22:00:00	23832.05	23861.85	23755.15	23844.45	14222	0	80
2025.09.10	23:00:00	23843.35	23853.66	23826.66	23826.76	3773	0	120
2025.09.11	01:00:00	23846.96	23880.16	23840.06	23868.96	2501	0	168
2025.09.11	02:00:00	23869.05	23885.35	23864.15	23872.75	2845	0	150
2025.09.11	03:00:00	23870.25	23884.05	23843.45	23876.45	5048	0	150
2025.09.11	04:00:00	23875.95	23888.35	23871.15	23879.45	4253	0	150
2025.09.11	05:00:00	23878.95	23888.05	23872.05	23879.65	2922	0	150
2025.09.11	06:00:00	23879.75	23890.65	23877.05	23885.25	2100	0	150
2025.09.11	07:00:00	23885.45	23887.15	23850.45	23851.55	3325	0	150
2025.09.11	08:00:00	23852.25	23868.05	23843.15	23857.25	4000	0	150
2025.09.11	09:00:00	23856.85	23894.65	23850.25	23889.45	4262	0	150
2025.09.11	10:00:00	23889.75	23906.85	23878.25	23902.95	6341	0	150
2025.09.11	11:00:00	23902.85	23913.65	23889.15	23894.25	4768	0	150
2025.09.11	12:00:00	23894.55	23901.65	23880.15	23892.25	3780	0	150
2025.09.11	13:00:00	23891.75	23921.95	23890.25	23917.75	3998	0	150
2025.09.11	14:00:00	23918.75	23926.95	23911.15	23918.15	4157	0	150
2025.09.11	15:00:00	23917.25	23946.35	23830.52	23932.25	11790	0	160
2025.09.11	16:00:00	23931.25	23968.65	23883.35	23951.55	15782	0	80
2025.09.11	17:00:00	23951.05	23991.65	23919.55	23975.85	16276	0	80
2025.09.11	18:00:00	23975.45	24017.75	23973.05	23995.25	13417	0	80
2025.09.11	19:00:00	23995.45	24013.75	23966.45	23980.15	11272	0	80
2025.09.11	20:00:00	23979.65	24004.75	23968.55	24003.45	11546	0	80
2025.09.11	21:00:00	24003.65	24013.15	23985.75	24004.65	10414	0	80
2025.09.11	22:00:00	24004.75	24014.95	23979.95	23982.55	10752	0	80
2025.09.11	23:00:00	23982.95	23993.96	23974.66	23981.96	4533	0	80
2025.09.12	01:00:00	23991.26	23997.06	23974.06	23993.26	2783	0	168
2025.09.12	02:00:00	23993.16	24005.55	23985.45	24000.05	2321	0	150
2025.09.12	03:00:00	23999.75	24003.05	23986.45	23989.95	4020	0	150
2025.09.12	04:00:00	23990.45	23997.25	23981.65	23984.95	3544	0	150
2025.09.12	05:00:00	23985.45	23987.35	23972.55	23983.75	2922	0	150
2025.09.12	06:00:00	23984.05	23989.75	23980.45	23988.95	1852	0	150
2025.09.12	07:00:00	23988.75	24005.25	23987.95	24000.05	2025	0	150
2025.09.12	08:00:00	24000.35	24019.75	23998.75	24014.85	2606	0	150
2025.09.12	09:00:00	24015.25	24015.55	23986.65	24003.65	4221	0	150
2025.09.12	10:00:00	24002.55	24011.35	23987.05	23990.75	6234	0	150
2025.09.12	11:00:00	23990.55	23998.95	23949.05	23982.85	7218	0	150
2025.09.12	12:00:00	23982.25	23998.95	23976.55	23990.05	4613	0	150
2025.09.12	13:00:00	23991.05	24003.95	23985.65	24002.55	3745	0	150
2025.09.12	14:00:00	24002.85	24027.75	23989.65	24024.75	4476	0	150
2025.09.12	15:00:00	24024.95	24026.85	23994.95	24022.15	7032	0	150
2025.09.12	16:00:00	24021.45	24043.15	23982.85	24025.32	12352	0	80
2025.09.12	17:00:00	24015.32	24095.95	24007.35	24086.35	14314	0	80
2025.09.12	18:00:00	24086.45	24091.65	24053.05	24071.55	12157	0	80
2025.09.12	19:00:00	24071.35	24102.55	24052.45	24090.85	10659	0	80
2025.09.12	20:00:00	24091.55	24108.55	24072.15	24104.35	9575	0	80
2025.09.12	21:00:00	24104.45	24137.95	24093.85	24132.85	9685	0	80
2025.09.12	22:00:00	24133.05	24136.35	24066.95	24088.65	11764	0	80
2025.09.12	23:00:00	24088.45	24097.96	24076.36	24091.86	4142	0	110
2025.09.15	01:00:00	24084.76	24109.66	24081.66	24104.96	2547	0	168
2025.09.15	02:00:00	24105.05	24108.15	24080.55	24091.05	2483	0	150
2025.09.15	03:00:00	24091.55	24095.05	24072.85	24090.05	4158	0	150
2025.09.15	04:00:00	24090.35	24098.15	24085.95	24094.55	3703	0	150
2025.09.15	05:00:00	24094.85	24103.45	24088.75	24098.55	2941	0	150
2025.09.15	06:00:00	24098.65	24110.95	24096.85	24102.05	2192	0	150
2025.09.15	07:00:00	24101.95	24112.95	24100.95	24111.55	1562	0	150
2025.09.15	08:00:00	24111.45	24124.35	24103.55	24120.35	2483	0	150
2025.09.15	09:00:00	24120.55	24130.35	24112.55	24127.65	3570	0	150
2025.09.15	10:00:00	24127.35	24139.25	24118.55	24119.55	5460	0	150
2025.09.15	11:00:00	24120.75	24121.85	24056.35	24075.85	9224	0	160
2025.09.15	12:00:00	24075.25	24080.05	24060.65	24075.75	5392	0	150
2025.09.15	13:00:00	24076.05	24113.55	24072.65	24107.55	6068	0	150
2025.09.15	14:00:00	24108.65	24127.65	24106.25	24124.45	5800	0	150
2025.09.15	15:00:00	24123.95	24153.25	24121.15	24152.95	7770	0	160
2025.09.15	16:00:00	24153.35	24242.75	24142.85	24241.25	12504	0	80
2025.09.15	17:00:00	24242.55	24245.95	24210.25	24242.55	14401	0	80
2025.09.15	18:00:00	24242.75	24272.15	24221.45	24262.95	12504	0	80
2025.09.15	19:00:00	24263.35	24276.85	24244.25	24248.75	11585	0	80
2025.09.15	20:00:00	24248.95	24271.25	24232.25	24269.85	10921	0	80
2025.09.15	21:00:00	24269.65	24273.35	24229.75	24254.25	11019	0	80
2025.09.15	22:00:00	24254.75	24295.85	24243.35	24292.75	11354	0	80
2025.09.15	23:00:00	24292.66	24292.66	24267.06	24280.16	4006	0	138
2025.09.16	01:00:00	24273.86	24279.66	24269.06	24273.16	2243	0	168
2025.09.16	02:00:00	24273.25	24291.85	24271.05	24289.15	2212	0	150
2025.09.16	03:00:00	24289.35	24289.55	24269.65	24287.25	3768	0	150
2025.09.16	04:00:00	24287.35	24304.55	24284.25	24298.65	3456	0	150
2025.09.16	05:00:00	24298.75	24325.45	24296.25	24313.55	2993	0	150
2025.09.16	06:00:00	24314.15	24329.35	24312.35	24327.35	2434	0	150
2025.09.16	07:00:00	24327.25	24327.75	24319.05	24322.85	1478	0	150
2025.09.16	08:00:00	24322.65	24344.45	24319.65	24337.35	1879	0	150
2025.09.16	09:00:00	24337.55	24345.55	24327.85	24330.35	2338	0	150
2025.09.16	10:00:00	24331.15	24358.35	24324.65	24343.75	6893	0	150
2025.09.16	11:00:00	24343.45	24387.55	24343.45	24380.15	6151	0	150
2025.09.16	12:00:00	24379.95	24385.75	24356.75	24366.25	4446	0	150
2025.09.16	13:00:00	24366.05	24370.35	24357.35	24364.35	4014	0	150
2025.09.16	14:00:00	24363.25	24365.05	24338.45	24344.85	5606	0	150
2025.09.16	15:00:00	24345.95	24347.85	24325.65	24336.75	7318	0	160
2025.09.16	16:00:00	24336.25	24350.05	24267.25	24280.65	13714	0	80
2025.09.16	17:00:00	24280.55	24302.85	24267.35	24281.35	15858	0	80
2025.09.16	18:00:00	24282.95	24286.55	24247.75	24253.55	14143	0	80
2025.09.16	19:00:00	24253.45	24278.15	24244.35	24269.65	12544	0	80
2025.09.16	20:00:00	24269.85	24291.65	24269.05	24280.95	10856	0	80
2025.09.16	21:00:00	24281.05	24297.05	24270.65	24295.35	9861	0	80
2025.09.16	22:00:00	24295.15	24308.45	24266.15	24273.15	11683	0	80
2025.09.16	23:00:00	24272.65	24290.36	24269.06	24287.46	3412	0	80
2025.09.17	01:00:00	24280.96	24300.56	24280.76	24295.06	1633	0	168
2025.09.17	02:00:00	24295.15	24299.15	24286.05	24292.55	1303	0	150
2025.09.17	03:00:00	24292.45	24299.15	24280.15	24289.95	3182	0	150
2025.09.17	04:00:00	24289.65	24296.25	24278.15	24280.25	3248	0	150
2025.09.17	05:00:00	24280.45	24282.65	24262.65	24273.45	2733	0	150
2025.09.17	06:00:00	24273.55	24275.15	24266.55	24267.95	1580	0	150
2025.09.17	07:00:00	24268.05	24271.95	24257.25	24268.45	1756	0	150
2025.09.17	08:00:00	24268.65	24275.95	24252.65	24267.45	2847	0	150
2025.09.17	09:00:00	24268.15	24283.45	24258.95	24281.55	3132	0	150
2025.09.17	10:00:00	24280.65	24302.15	24274.35	24299.45	5170	0	150
2025.09.17	11:00:00	24295.45	24299.35	24205.65	24262.55	8151	0	150
2025.09.17	12:00:00	24262.75	24277.75	24256.15	24261.45	5134	0	160
2025.09.17	13:00:00	24260.95	24269.45	24239.35	24249.35	5393	0	160
2025.09.17	14:00:00	24250.35	24265.85	24236.35	24251.55	5706	0	160
2025.09.17	15:00:00	24252.15	24274.95	24247.55	24273.95	5714	0	160
2025.09.17	16:00:00	24274.15	24290.25	24213.65	24227.05	11626	0	80
2025.09.17	17:00:00	24228.35	24230.35	24160.05	24170.25	14683	0	80
2025.09.17	18:00:00	24170.05	24192.55	24150.75	24160.75	11911	0	80
2025.09.17	19:00:00	24160.85	24171.15	24124.75	24139.25	10663	0	80
2025.09.17	20:00:00	24139.55	24208.86	24138.05	24207.36	9713	0	80
2025.09.17	21:00:00	24207.46	24272.95	23993.35	24142.65	19500	0	120
2025.09.17	22:00:00	24141.05	24299.65	24132.45	24228.15	18851	0	120
2025.09.17	23:00:00	24226.26	24272.46	24221.76	24240.56	6277	0	138
2025.09.18	01:00:00	24259.56	24324.36	24258.06	24319.66	3398	0	168
2025.09.18	02:00:00	24319.46	24339.35	24319.45	24336.35	3011	0	150
2025.09.18	03:00:00	24336.15	24336.65	24312.25	24316.85	4411	0	150
2025.09.18	04:00:00	24316.65	24349.15	24313.05	24345.15	4465	0	150
2025.09.18	05:00:00	24345.35	24375.05	24339.25	24373.25	3131	0	150
2025.09.18	06:00:00	24372.55	24396.15	24372.25	24387.95	3725	0	150
2025.09.18	07:00:00	24388.15	24405.65	24382.55	24398.05	2915	0	150
2025.09.18	08:00:00	24397.65	24402.85	24363.15	24366.85	4326	0	150
2025.09.18	09:00:00	24366.35	24377.75	24338.75	24376.75	5891	0	160
2025.09.18	10:00:00	24376.85	24422.65	24371.75	24415.75	7442	0	160
2025.09.18	11:00:00	24415.95	24484.15	24408.65	24479.75	8022	0	170
2025.09.18	12:00:00	24479.95	24484.55	24460.65	24469.55	6522	0	160
2025.09.18	13:00:00	24469.35	24481.65	24445.45	24458.45	5204	0	150
2025.09.18	14:00:00	24457.15	24507.85	24452.95	24494.75	9552	0	170
2025.09.18	15:00:00	24494.95	24514.75	24441.45	24442.05	9924	0	180
2025.09.18	16:00:00	24440.35	24464.95	24351.85	24449.05	16389	0	80
2025.09.18	17:00:00	24449.55	24561.65	24447.35	24487.15	15941	0	80
2025.09.18	18:00:00	24487.95	24568.25	24478.15	24488.95	14784	0	80
2025.09.18	19:00:00	24487.45	24545.75	24473.55	24540.45	12187	0	80
2025.09.18	20:00:00	24540.25	24549.15	24476.45	24487.15	11991	0	80
2025.09.18	21:00:00	24487.45	24517.45	24480.65	24508.65	11503	0	80
2025.09.18	22:00:00	24508.95	24511.65	24449.35	24449.35	12390	0	80
2025.09.18	23:00:00	24450.75	24473.76	24437.16	24471.36	4642	0	120
2025.09.19	01:00:00	24485.76	24497.56	24466.96	24492.66	1941	0	168
2025.09.19	02:00:00	24492.75	24503.35	24487.55	24495.35	2296	0	150
2025.09.19	03:00:00	24495.05	24504.15	24450.05	24465.45	5757	0	150
2025.09.19	04:00:00	24464.85	24475.95	24456.85	24471.85	5130	0	160
2025.09.19	05:00:00	24471.55	24477.75	24455.75	24467.35	3218	0	150
2025.09.19	06:00:00	24467.55	24491.85	24458.95	24467.75	4800	0	150
2025.09.19	07:00:00	24467.85	24477.75	24436.95	24475.35	6461	0	150
2025.09.19	08:00:00	24475.55	24478.55	24452.15	24460.95	4902	0	150
2025.09.19	09:00:00	24461.35	24471.45	24427.45	24427.45	6500	0	160
2025.09.19	10:00:00	24426.95	24446.75	24410.05	24440.75	7854	0	170
2025.09.19	11:00:00	24439.05	24469.75	24435.55	24460.55	6080	0	160
2025.09.19	12:00:00	24460.95	24485.05	24458.05	24462.05	5447	0	150
2025.09.19	13:00:00	24462.25	24486.95	24455.75	24479.65	4980	0	150
2025.09.19	14:00:00	24479.55	24491.25	24468.15	24491.25	5335	0	150
2025.09.19	15:00:00	24490.95	24509.85	24486.75	24493.15	6390	0	150
2025.09.19	16:00:00	24493.35	24570.75	24490.15	24546.15	13781	0	120
2025.09.19	17:00:00	24547.45	24562.15	24491.25	24519.35	15709	0	80
2025.09.19	18:00:00	24519.85	24533.85	24466.85	24527.35	14133	0	80
2025.09.19	19:00:00	24526.85	24590.15	24526.15	24576.95	11985	0	80
2025.09.19	20:00:00	24577.15	24584.35	24552.35	24571.85	10221	0	80
2025.09.19	21:00:00	24571.95	24585.35	24560.25	24580.85	9724	0	80
2025.09.19	22:00:00	24580.75	24642.95	24577.35	24615.25	11645	0	80
2025.09.19	23:00:00	24615.36	24634.16	24608.16	24616.46	5017	0	138
2025.09.22	01:00:00	24598.96	24608.16	24577.16	24599.66	3599	0	168
2025.09.22	02:00:00	24600.16	24604.35	24594.55	24601.55	1947	0	150
2025.09.22	03:00:00	24601.25	24625.75	24578.45	24581.85	5692	0	150
2025.09.22	04:00:00	24582.95	24602.25	24579.55	24594.65	4796	0	150
2025.09.22	05:00:00	24594.75	24604.85	24592.35	24602.55	3181	0	150
2025.09.22	06:00:00	24602.85	24614.75	24591.55	24609.05	2642	0	150
2025.09.22	07:00:00	24608.85	24609.75	24598.75	24602.35	1818	0	150
2025.09.22	08:00:00	24602.45	24611.95	24590.85	24591.25	2879	0	150
2025.09.22	09:00:00	24591.75	24597.45	24566.45	24568.15	4921	0	150
2025.09.22	10:00:00	24568.35	24581.05	24498.75	24535.55	8720	0	170
2025.09.22	11:00:00	24535.45	24574.15	24528.85	24531.65	7140	0	160
2025.09.22	12:00:00	24532.05	24542.35	24511.15	24535.05	5902	0	160
2025.09.22	13:00:00	24534.95	24557.85	24522.55	24525.75	5011	0	150
2025.09.22	14:00:00	24525.25	24539.95	24518.55	24539.55	5616	0	160
2025.09.22	15:00:00	24539.45	24556.15	24516.45	24548.95	6382	0	160
2025.09.22	16:00:00	24548.75	24630.95	24535.55	24623.45	12033	0	80
2025.09.22	17:00:00	24622.95	24681.65	24605.65	24677.15	13729	0	80
2025.09.22	18:00:00	24675.05	24688.35	24648.35	24661.95	12644	0	80
2025.09.22	19:00:00	24661.85	24744.35	24660.95	24737.15	14180	0	80
2025.09.22	20:00:00	24737.05	24752.35	24725.35	24740.65	12732	0	80
2025.09.22	21:00:00	24740.25	24770.35	24738.45	24764.45	10946	0	80
2025.09.22	22:00:00	24764.75	24778.95	24741.75	24751.75	11792	0	80
2025.09.22	23:00:00	24749.76	24752.26	24732.96	24747.16	4254	0	98
2025.09.23	01:00:00	24751.66	24757.16	24731.86	24744.36	1968	0	168
2025.09.23	02:00:00	24744.46	24760.45	24742.45	24754.85	1856	0	150
2025.09.23	03:00:00	24755.85	24760.05	24743.65	24746.75	2589	0	150
2025.09.23	04:00:00	24746.85	24764.85	24742.85	24752.25	3622	0	150
2025.09.23	05:00:00	24752.05	24762.05	24751.75	24756.25	2787	0	150
2025.09.23	06:00:00	24756.35	24763.35	24754.25	24760.05	1825	0	150
2025.09.23	07:00:00	24759.85	24760.25	24735.05	24744.75	1957	0	150
2025.09.23	08:00:00	24744.55	24772.35	24741.35	24754.05	2832	0	150
2025.09.23	09:00:00	24754.45	24771.85	24750.95	24769.85	3425	0	150
2025.09.23	10:00:00	24769.35	24769.35	24737.35	24757.25	6061	0	150
2025.09.23	11:00:00	24755.95	24783.45	24755.55	24760.05	5441	0	150
2025.09.23	12:00:00	24760.35	24770.95	24753.55	24770.95	3797	0	150
2025.09.23	13:00:00	24771.25	24773.55	24745.05	24757.55	3871	0	150
2025.09.23	14:00:00	24757.85	24761.05	24730.45	24757.55	4861	0	150
2025.09.23	15:00:00	24758.35	24767.75	24741.55	24766.75	5538	0	150
2025.09.23	16:00:00	24766.25	24767.75	24690.25	24697.45	11674	0	80
2025.09.23	17:00:00	24697.75	24732.45	24687.25	24702.35	15671	0	80
2025.09.23	18:00:00	24701.95	24727.55	24687.85	24703.65	13718	0	80
2025.09.23	19:00:00	24704.05	24711.85	24673.05	24686.15	13148	0	80
2025.09.23	20:00:00	24685.95	24687.95	24538.45	24592.75	15153	0	80
2025.09.23	21:00:00	24594.25	24603.15	24542.45	24548.15	14310	0	80
2025.09.23	22:00:00	24548.95	24599.25	24547.45	24588.35	13942	0	80
2025.09.23	23:00:00	24588.15	24612.86	24581.06	24587.46	4604	0	80
2025.09.24	01:00:00	24610.96	24621.96	24606.06	24612.86	1838	0	168
2025.09.24	02:00:00	24612.95	24614.75	24599.95	24601.35	1861	0	150
2025.09.24	03:00:00	24601.45	24606.25	24570.95	24597.55	4859	0	150
2025.09.24	04:00:00	24597.45	24598.95	24577.35	24582.65	4800	0	150
2025.09.24	05:00:00	24582.75	24596.95	24577.05	24594.85	3460	0	150
2025.09.24	06:00:00	24594.95	24601.45	24592.95	24596.95	2027	0	150
2025.09.24	07:00:00	24597.05	24611.85	24595.65	24611.15	2041	0	150
2025.09.24	08:00:00	24610.85	24620.65	24606.05	24620.65	2834	0	150
2025.09.24	09:00:00	24620.95	24652.35	24619.15	24641.45	3958	0	150
2025.09.24	10:00:00	24640.85	24658.05	24605.95	24658.05	6712	0	150
2025.09.24	11:00:00	24655.55	24665.75	24643.75	24655.85	5628	0	150
2025.09.24	12:00:00	24655.95	24669.95	24654.35	24665.15	4097	0	150
2025.09.24	13:00:00	24665.35	24671.35	24644.15	24663.85	3768	0	150
2025.09.24	14:00:00	24661.95	24672.15	24636.05	24649.05	4970	0	150
2025.09.24	15:00:00	24646.75	24655.85	24629.25	24641.15	6211	0	150
2025.09.24	16:00:00	24640.65	24658.25	24545.05	24580.85	12034	0	80
2025.09.24	17:00:00	24580.95	24600.35	24548.65	24552.15	15272	0	80
2025.09.24	18:00:00	24551.85	24567.85	24436.45	24437.45	14489	0	80
2025.09.24	19:00:00	24438.65	24463.85	24386.55	24442.65	14696	0	80
2025.09.24	20:00:00	24443.15	24511.25	24441.05	24468.15	13220	0	80
2025.09.24	21:00:00	24467.85	24499.35	24441.15	24497.65	12233	0	80
2025.09.24	22:00:00	24497.35	24507.35	24458.85	24497.45	12530	0	80
2025.09.24	23:00:00	24499.96	24512.36	24498.06	24509.06	3799	0	138
2025.09.25	01:00:00	24507.26	24513.16	24500.56	24510.36	1613	0	168
2025.09.25	02:00:00	24510.45	24517.45	24501.45	24516.65	1590	0	150
2025.09.25	03:00:00	24516.45	24539.05	24513.05	24535.95	4503	0	150
2025.09.25	04:00:00	24535.75	24552.75	24533.05	24544.75	3134	0	150
2025.09.25	05:00:00	24544.45	24551.55	24537.65	24549.95	2377	0	150
2025.09.25	06:00:00	24550.15	24550.15	24541.55	24545.95	2107	0	150
2025.09.25	07:00:00	24546.15	24547.95	24515.15	24520.65	2421	0	150
2025.09.25	08:00:00	24520.75	24523.25	24498.55	24513.45	3512	0	150
2025.09.25	09:00:00	24513.55	24519.15	24479.95	24488.45	4377	0	150
2025.09.25	10:00:00	24488.25	24507.95	24455.45	24497.85	7643	0	160
2025.09.25	11:00:00	24497.65	24522.35	24478.95	24489.45	6296	0	150
2025.09.25	12:00:00	24489.65	24497.95	24449.95	24466.75	6417	0	160
2025.09.25	13:00:00	24466.85	24473.95	24430.55	24449.15	6972	0	170
2025.09.25	14:00:00	24449.45	24451.45	24347.95	24354.75	10963	0	170
2025.09.25	15:00:00	24353.65	24390.75	24305.95	24328.85	12577	0	180
2025.09.25	16:00:00	24327.75	24347.15	24183.95	24211.95	15961	0	120
2025.09.25	17:00:00	24213.45	24417.05	24206.35	24395.45	17036	0	120
2025.09.25	18:00:00	24395.55	24457.25	24344.55	24438.65	15996	0	80
2025.09.25	19:00:00	24438.35	24452.15	24379.25	24390.95	14936	0	80
2025.09.25	20:00:00	24389.75	24409.55	24277.55	24282.85	15582	0	80
2025.09.25	21:00:00	24283.85	24406.05	24219.85	24393.05	15683	0	80
2025.09.25	22:00:00	24393.55	24411.55	24358.55	24394.95	14215	0	80
2025.09.25	23:00:00	24395.05	24413.26	24376.36	24406.86	4672	0	120
2025.09.26	01:00:00	24412.26	24432.96	24397.16	24404.56	2960	0	168
2025.09.26	02:00:00	24404.36	24409.35	24383.95	24384.15	3462	0	150
2025.09.26	03:00:00	24383.65	24400.35	24373.95	24393.85	5586	0	160
2025.09.26	04:00:00	24393.95	24393.95	24361.15	24365.65	6910	0	160
2025.09.26	05:00:00	24365.05	24390.45	24362.65	24372.25	5166	0	150
2025.09.26	06:00:00	24372.45	24374.05	24349.55	24364.35	4461	0	150
2025.09.26	07:00:00	24364.25	24384.35	24347.35	24350.75	5064	0	150
2025.09.26	08:00:00	24350.85	24387.85	24348.05	24385.85	5262	0	150
2025.09.26	09:00:00	24386.35	24441.25	24381.35	24419.45	7185	0	150
2025.09.26	10:00:00	24419.15	24441.15	24399.55	24416.45	8260	0	170
2025.09.26	11:00:00	24416.55	24429.45	24354.95	24355.35	7652	0	170
2025.09.26	12:00:00	24355.75	24389.75	24340.05	24386.25	7443	0	160
2025.09.26	13:00:00	24387.05	24397.55	24354.25	24369.05	5988	0	160
2025.09.26	14:00:00	24369.15	24423.85	24360.55	24409.35	7889	0	160
2025.09.26	15:00:00	24407.55	24516.85	24398.25	24464.45	11680	0	170
2025.09.26	16:00:00	24464.35	24485.05	24367.55	24475.55	15810	0	80
2025.09.26	17:00:00	24472.35	24503.55	24290.95	24337.25	18221	0	120
2025.09.26	18:00:00	24338.05	24411.75	24321.95	24355.95	16920	0	80
2025.09.26	19:00:00	24356.15	24475.05	24343.95	24466.35	15899	0	80
2025.09.26	20:00:00	24466.65	24492.35	24440.85	24467.55	12774	0	80
2025.09.26	21:00:00	24467.35	24512.65	24447.65	24499.05	12416	0	80
2025.09.26	22:00:00	24498.05	24508.15	24473.45	24497.95	12016	0	80
2025.09.26	23:00:00	24497.16	24518.86	24493.66	24503.96	4012	0	138
2025.09.29	01:00:00	24501.76	24544.96	24499.86	24531.36	3491	0	148
2025.09.29	02:00:00	24530.76	24552.95	24530.45	24547.15	3252	0	130
2025.09.29	03:00:00	24547.45	24582.05	24540.05	24568.35	5640	0	130
2025.09.29	04:00:00	24568.45	24580.15	24550.45	24568.35	5120	0	130
2025.09.29	05:00:00	24568.05	24589.15	24561.55	24588.35	3656	0	130
2025.09.29	06:00:00	24588.25	24592.95	24580.45	24589.95	2732	0	130
2025.09.29	07:00:00	24590.35	24609.65	24588.45	24603.65	2257	0	130
2025.09.29	08:00:00	24604.35	24612.85	24596.85	24601.45	3568	0	130
2025.09.29	09:00:00	24601.75	24630.35	24589.05	24619.75	5451	0	130
2025.09.29	10:00:00	24621.55	24639.35	24598.85	24628.65	7287	0	140
2025.09.29	11:00:00	24628.75	24670.15	24627.55	24669.15	6189	0	130
2025.09.29	12:00:00	24670.05	24672.15	24647.05	24647.05	4726	0	130
2025.09.29	13:00:00	24647.65	24677.05	24641.05	24664.55	4559	0	130
2025.09.29	14:00:00	24662.85	24668.85	24630.35	24652.05	6823	0	140
2025.09.29	15:00:00	24652.15	24684.55	24639.75	24674.85	6542	0	140
2025.09.29	16:00:00	24673.85	24730.15	24622.15	24716.75	13281	0	60
2025.09.29	17:00:00	24717.15	24746.25	24693.75	24703.25	15396	0	60
2025.09.29	18:00:00	24702.95	24716.65	24604.75	24623.15	14920	0	60
2025.09.29	19:00:00	24624.45	24641.15	24597.45	24608.65	13158	0	60
2025.09.29	20:00:00	24609.15	24623.05	24574.65	24618.65	12647	0	60
2025.09.29	21:00:00	24619.15	24642.95	24608.65	24616.65	10472	0	60
2025.09.29	22:00:00	24615.65	24621.95	24555.45	24611.95	13030	0	60
2025.09.29	23:00:00	24610.85	24618.66	24581.66	24584.96	3745	0	100
2025.09.30	01:00:00	24594.86	24612.76	24583.46	24609.76	2226	0	148
2025.09.30	02:00:00	24609.56	24617.25	24598.25	24599.05	2115	0	130
2025.09.30	03:00:00	24598.35	24615.85	24581.45	24612.45	5584	0	130
2025.09.30	04:00:00	24611.85	24612.85	24585.95	24595.05	5857	0	130
2025.09.30	05:00:00	24595.25	24628.25	24593.05	24624.35	4007	0	130
2025.09.30	06:00:00	24624.25	24632.05	24614.75	24618.05	3319	0	130
2025.09.30	07:00:00	24618.35	24620.35	24598.35	24598.85	3084	0	130
2025.09.30	08:00:00	24598.65	24615.75	24592.25	24611.75	3875	0	130
2025.09.30	09:00:00	24612.25	24631.15	24585.15	24587.35	4922	0	130
2025.09.30	10:00:00	24587.85	24593.35	24530.35	24565.85	9252	0	150
2025.09.30	11:00:00	24560.05	24587.15	24538.05	24576.55	8378	0	150
2025.09.30	12:00:00	24575.75	24595.35	24562.15	24570.25	6084	0	140
2025.09.30	13:00:00	24569.85	24589.25	24550.05	24583.25	5377	0	140
2025.09.30	14:00:00	24583.55	24592.45	24564.95	24578.45	5545	0	140
2025.09.30	15:00:00	24578.95	24620.45	24564.25	24608.75	7052	0	140
2025.09.30	16:00:00	24608.65	24612.15	24498.65	24561.74	13917	0	60
2025.09.30	17:00:00	24561.45	24630.05	24522.75	24618.65	17494	0	100
2025.09.30	18:00:00	24617.45	24637.25	24531.65	24586.65	15718	0	60
2025.09.30	19:00:00	24586.45	24619.25	24548.15	24559.75	14004	0	60
2025.09.30	20:00:00	24559.35	24573.15	24508.35	24544.85	13845	0	60
2025.09.30	21:00:00	24544.15	24627.15	24538.15	24613.45	12526	0	60
2025.09.30	22:00:00	24614.15	24689.15	24597.65	24673.25	13565	0	60
2025.09.30	23:00:00	24673.46	24676.16	24610.16	24618.56	5965	0	118
2025.10.01	01:00:00	24636.76	24652.76	24600.36	24611.66	3858	0	148
2025.10.01	02:00:00	24611.56	24624.75	24597.45	24606.95	4111	0	130
2025.10.01	03:00:00	24608.25	24613.45	24563.65	24570.65	7418	0	140
2025.10.01	04:00:00	24570.95	24587.35	24560.55	24580.95	5831	0	130
2025.10.01	05:00:00	24580.65	24582.05	24560.35	24563.65	4746	0	130
2025.10.01	06:00:00	24564.05	24564.85	24540.45	24548.25	4634	0	130
2025.10.01	07:00:00	24548.65	24558.55	24546.65	24550.85	3734	0	130
2025.10.01	08:00:00	24550.95	24556.15	24536.15	24540.05	4104	0	130
2025.10.01	09:00:00	24540.25	24547.95	24412.35	24430.85	7513	0	130
2025.10.01	10:00:00	24427.55	24467.05	24415.65	24450.05	10547	0	150
2025.10.01	11:00:00	24449.65	24510.45	24432.45	24498.35	9254	0	150
2025.10.01	12:00:00	24497.55	24545.05	24492.45	24524.25	6820	0	150
2025.10.01	13:00:00	24524.35	24542.05	24500.05	24510.55	5877	0	140
2025.10.01	14:00:00	24511.35	24581.65	24509.55	24577.05	7552	0	150
2025.10.01	15:00:00	24576.75	24583.25	24525.85	24555.45	11144	0	150
2025.10.01	16:00:00	24556.15	24619.35	24505.05	24557.54	14337	0	60
2025.10.01	17:00:00	24555.04	24690.35	24537.35	24676.05	16183	0	60
2025.10.01	18:00:00	24675.85	24716.55	24655.05	24710.05	13408	0	60
2025.10.01	19:00:00	24709.95	24736.35	24708.35	24733.85	11126	0	60
2025.10.01	20:00:00	24733.55	24769.35	24731.05	24762.65	11109	0	60
2025.10.01	21:00:00	24762.35	24813.65	24758.15	24803.65	10796	0	60
2025.10.01	22:00:00	24803.15	24814.15	24782.85	24790.85	11289	0	60
2025.10.01	23:00:00	24791.45	24792.86	24772.16	24785.46	4265	0	100
2025.10.02	01:00:00	24797.36	24804.56	24792.56	24796.76	1233	0	148
2025.10.02	02:00:00	24796.85	24812.75	24789.05	24806.95	2623	0	130
2025.10.02	03:00:00	24806.75	24847.95	24804.05	24844.85	5055	0	130
2025.10.02	04:00:00	24844.75	24861.05	24831.75	24858.15	4619	0	130
2025.10.02	05:00:00	24858.05	24859.75	24836.65	24842.25	3410	0	130
2025.10.02	06:00:00	24842.55	24852.35	24828.15	24848.55	3087	0	130
2025.10.02	07:00:00	24848.45	24859.25	24836.35	24851.85	3191	0	130
2025.10.02	08:00:00	24851.75	24860.75	24846.05	24853.35	3312	0	130
2025.10.02	09:00:00	24853.75	24860.85	24840.85	24847.45	4678	0	130
2025.10.02	10:00:00	24846.05	24872.25	24838.45	24861.75	7340	0	140
2025.10.02	11:00:00	24860.95	24898.45	24858.45	24897.95	7088	0	140
2025.10.02	12:00:00	24895.95	24900.85	24860.35	24880.25	5934	0	140
2025.10.02	13:00:00	24879.75	24907.65	24878.25	24895.65	4960	0	130
2025.10.02	14:00:00	24895.55	24935.25	24892.55	24933.65	5355	0	130
2025.10.02	15:00:00	24934.05	24948.45	24927.75	24946.85	6129	0	130
2025.10.02	16:00:00	24946.35	24964.25	24800.15	24848.45	14125	0	60
2025.10.02	17:00:00	24845.25	24875.75	24804.65	24806.65	17218	0	90
2025.10.02	18:00:00	24806.05	24867.25	24778.75	24862.65	15290	0	60
2025.10.02	19:00:00	24862.35	24864.85	24820.45	24862.25	12453	0	60
2025.10.02	20:00:00	24862.15	24893.15	24844.45	24871.35	10931	0	60
2025.10.02	21:00:00	24871.15	24902.85	24865.25	24897.85	10454	0	60
2025.10.02	22:00:00	24898.35	24912.55	24877.65	24894.05	11086	0	60
2025.10.02	23:00:00	24895.76	24910.56	24884.96	24889.66	3490	0	78
2025.10.03	01:00:00	24892.36	24896.46	24862.96	24893.76	2912	0	148
2025.10.03	02:00:00	24893.26	24914.55	24887.15	24913.85	2209	0	130
2025.10.03	03:00:00	24914.05	24946.95	24905.55	24936.05	4242	0	130
2025.10.03	04:00:00	24936.35	24951.55	24927.55	24950.55	4177	0	130
2025.10.03	05:00:00	24950.65	24953.75	24936.15	24947.65	3070	0	130
2025.10.03	06:00:00	24947.15	24964.35	24945.25	24960.05	2211	0	130
2025.10.03	07:00:00	24959.65	24966.05	24956.25	24963.75	1884	0	130
2025.10.03	08:00:00	24963.15	24981.55	24961.05	24961.05	2679	0	130
2025.10.03	09:00:00	24961.25	24981.25	24945.55	24973.15	3929	0	130
2025.10.03	10:00:00	24973.55	24982.95	24962.55	24971.55	5074	0	130
2025.10.03	11:00:00	24970.55	24975.05	24963.05	24972.65	4731	0	130
2025.10.03	12:00:00	24972.55	24982.65	24961.95	24982.15	3532	0	130
2025.10.03	13:00:00	24982.25	24985.85	24948.95	24953.65	3777	0	130
2025.10.03	14:00:00	24953.55	24962.05	24920.05	24928.65	6568	0	130
2025.10.03	15:00:00	24928.95	24938.65	24894.65	24911.25	7333	0	140
2025.10.03	16:00:00	24911.35	24958.25	24892.95	24898.55	13394	0	60
2025.10.03	17:00:00	24894.15	24918.75	24843.45	24908.15	16319	0	60
2025.10.03	18:00:00	24909.35	24943.35	24891.65	24936.75	13135	0	60
2025.10.03	19:00:00	24936.15	24946.85	24899.75	24909.65	10771	0	60
2025.10.03	20:00:00	24908.15	24908.15	24715.95	24765.15	16842	0	60
2025.10.03	21:00:00	24765.45	24835.95	24717.95	24800.85	16107	0	60
2025.10.03	22:00:00	24800.35	24821.25	24772.15	24786.05	13576	0	60
2025.10.03	23:00:00	24788.56	24796.86	24765.06	24771.96	4404	0	118
2025.10.06	01:00:00	24815.26	24853.76	24808.46	24848.56	4969	0	148
2025.10.06	02:00:00	24848.66	24882.15	24848.05	24862.55	5711	0	130
2025.10.06	03:00:00	24862.35	24870.15	24846.45	24859.85	7356	0	130
2025.10.06	04:00:00	24859.45	24873.15	24851.25	24871.65	4084	0	130
2025.10.06	05:00:00	24871.45	24878.35	24869.05	24876.85	2425	0	130
2025.10.06	06:00:00	24876.65	24894.15	24876.45	24884.15	2834	0	130
2025.10.06	07:00:00	24884.45	24904.05	24863.75	24897.05	3620	0	130
2025.10.06	08:00:00	24896.65	24898.05	24876.35	24883.95	3222	0	130
2025.10.06	09:00:00	24884.45	24902.85	24877.65	24896.65	4512	0	130
2025.10.06	10:00:00	24897.75	24900.55	24841.45	24876.55	7691	0	140
2025.10.06	11:00:00	24876.75	24910.15	24873.95	24902.55	7550	0	140
2025.10.06	12:00:00	24902.35	24935.05	24899.75	24929.65	4794	0	130
2025.10.06	13:00:00	24929.85	24979.75	24920.45	24966.55	5674	0	130
2025.10.06	14:00:00	24965.55	24981.25	24923.95	24980.15	9308	0	140
2025.10.06	15:00:00	24980.85	25036.65	24974.65	24986.45	10227	0	140
2025.10.06	16:00:00	24986.65	25017.15	24913.55	24951.35	15203	0	60
2025.10.06	17:00:00	24951.25	24979.85	24907.25	24948.05	16704	0	60
2025.10.06	18:00:00	24948.15	25011.95	24940.15	25003.45	12887	0	60
2025.10.06	19:00:00	25003.65	25007.25	24979.15	24995.95	10988	0	60
2025.10.06	20:00:00	24996.05	25025.55	24977.35	25021.55	11205	0	60
2025.10.06	21:00:00	25021.45	25045.45	25012.55	25031.55	10194	0	60
2025.10.06	22:00:00	25031.75	25032.35	24972.35	24975.05	11854	0	60
2025.10.06	23:00:00	24975.65	24980.66	24964.76	24969.36	3733	0	60
2025.10.07	01:00:00	24979.16	24989.36	24928.96	24935.06	2185	0	148
2025.10.07	02:00:00	24934.96	24945.95	24924.75	24936.25	4523	0	130
2025.10.07	03:00:00	24934.75	24941.55	24916.15	24924.45	6132	0	130
2025.10.07	04:00:00	24925.35	24942.05	24920.45	24940.75	4474	0	130
2025.10.07	05:00:00	24941.05	24947.55	24933.05	24945.15	2911	0	130
2025.10.07	06:00:00	24945.05	24957.65	24941.25	24952.25	2522	0	130
2025.10.07	07:00:00	24952.45	24976.15	24951.15	24975.05	2486	0	130
2025.10.07	08:00:00	24974.65	24979.55	24962.65	24965.45	3119	0	130
2025.10.07	09:00:00	24964.25	24971.45	24931.85	24954.85	4726	0	130
2025.10.07	10:00:00	24954.95	24959.15	24930.35	24954.05	6256	0	130
2025.10.07	11:00:00	24953.95	24967.15	24921.75	24965.75	5890	0	130
2025.10.07	12:00:00	24965.95	24985.25	24962.15	24983.05	4332	0	130
2025.10.07	13:00:00	24982.75	24988.95	24965.85	24967.35	4527	0	130
2025.10.07	14:00:00	24968.25	25004.85	24963.15	25004.85	4508	0	130
2025.10.07	15:00:00	25003.35	25050.45	24989.45	25047.25	5979	0	130
2025.10.07	16:00:00	25047.55	25067.75	25010.85	25035.15	13672	0	60
2025.10.07	17:00:00	25035.35	25050.65	24967.25	24980.05	15134	0	60
2025.10.07	18:00:00	24979.05	24984.85	24779.55	24823.05	18354	0	60
2025.10.07	19:00:00	24822.05	24885.05	24792.05	24818.45	16179	0	60
2025.10.07	20:00:00	24818.45	24858.15	24808.65	24811.75	14835	0	60
2025.10.07	21:00:00	24813.25	24848.95	24787.25	24848.95	13329	0	60
2025.10.07	22:00:00	24848.45	24867.45	24823.35	24841.25	11898	0	60
2025.10.07	23:00:00	24841.06	24864.36	24841.06	24853.56	3434	0	118
2025.10.08	01:00:00	24867.16	24881.06	24852.46	24879.06	1911	0	148
2025.10.08	02:00:00	24879.15	24879.15	24828.75	24831.55	4446	0	130
2025.10.08	03:00:00	24832.75	24865.25	24825.65	24859.65	5604	0	130
2025.10.08	04:00:00	24859.25	24882.85	24857.55	24871.75	5593	0	130
2025.10.08	05:00:00	24871.85	24890.25	24870.65	24886.45	3535	0	130
2025.10.08	06:00:00	24886.25	24889.65	24877.95	24884.75	2613	0	130
2025.10.08	07:00:00	24885.05	24892.25	24879.65	24886.15	2312	0	130
2025.10.08	08:00:00	24886.05	24886.45	24856.45	24856.45	3792	0	130
2025.10.08	09:00:00	24856.85	24863.15	24824.75	24850.75	5223	0	130
2025.10.08	10:00:00	24851.35	24889.95	24838.55	24881.65	7075	0	140
2025.10.08	11:00:00	24881.35	24911.95	24871.95	24886.75	5478	0	130
2025.10.08	12:00:00	24887.05	24898.45	24874.75	24888.55	5013	0	130
2025.10.08	13:00:00	24888.85	24900.75	24859.15	24897.75	4630	0	130
2025.10.08	14:00:00	24898.25	24905.15	24858.95	24889.25	5917	0	130
2025.10.08	15:00:00	24887.75	24889.75	24843.55	24863.55	7610	0	140
2025.10.08	16:00:00	24863.85	24984.15	24855.85	24975.35	12804	0	60
2025.10.08	17:00:00	24975.05	25031.65	24974.15	24994.55	15021	0	60
2025.10.08	18:00:00	24994.85	25059.85	24991.45	25054.15	12769	0	60
2025.10.08	19:00:00	25054.05	25074.05	25031.15	25048.25	11062	0	60
2025.10.08	20:00:00	25048.75	25080.45	25036.65	25070.65	10412	0	60
2025.10.08	21:00:00	25069.95	25094.55	25062.95	25068.45	11426	0	60
2025.10.08	22:00:00	25068.55	25141.75	25066.05	25127.25	11782	0	60
2025.10.08	23:00:00	25127.35	25161.96	25118.06	25151.46	4161	0	60
2025.10.09	01:00:00	25154.06	25169.46	25153.96	25165.76	2211	0	148
2025.10.09	02:00:00	25165.85	25193.05	25163.35	25179.35	3266	0	130
2025.10.09	03:00:00	25178.55	25178.55	25157.25	25162.75	3697	0	130
2025.10.09	04:00:00	25161.65	25168.75	25120.75	25131.55	5979	0	130
2025.10.09	05:00:00	25131.45	25138.75	25107.55	25110.35	3644	0	130
2025.10.09	06:00:00	25110.15	25144.25	25109.85	25126.75	3573	0	130
2025.10.09	07:00:00	25126.85	25142.25	25124.35	25140.65	2304	0	130
2025.10.09	08:00:00	25140.55	25164.25	25136.25	25155.45	3362	0	130
2025.10.09	09:00:00	25155.55	25167.25	25126.55	25136.95	5005	0	130
2025.10.09	10:00:00	25136.85	25148.55	25123.45	25137.35	6579	0	140
2025.10.09	11:00:00	25137.25	25143.25	25094.55	25100.45	7009	0	140
2025.10.09	12:00:00	25100.75	25138.85	25095.75	25120.75	5135	0	130
2025.10.09	13:00:00	25120.95	25132.45	25103.95	25117.95	4749	0	130
2025.10.09	14:00:00	25118.75	25141.15	25112.05	25113.35	5514	0	130
2025.10.09	15:00:00	25114.05	25133.85	25110.65	25132.45	6415	0	140
2025.10.09	16:00:00	25132.55	25136.75	25054.25	25079.15	13218	0	60
2025.10.09	17:00:00	25078.95	25088.95	24993.65	25051.35	15731	0	60
2025.10.09	18:00:00	25052.65	25079.75	25002.95	25068.55	14110	0	60
2025.10.09	19:00:00	25069.35	25079.25	25001.15	25007.95	13094	0	60
2025.10.09	20:00:00	25008.65	25035.75	24965.35	25020.85	14891	0	60
2025.10.09	21:00:00	25020.35	25047.15	24988.35	25039.85	12242	0	60
2025.10.09	22:00:00	25041.35	25100.15	25038.05	25100.15	12258	0	60
2025.10.09	23:00:00	25099.26	25103.46	25074.76	25081.86	3722	0	78
2025.10.10	01:00:00	25112.36	25128.16	25094.96	25125.46	3126	0	148
2025.10.10	02:00:00	25125.76	25147.85	25116.85	25147.15	3181	0	130
2025.10.10	03:00:00	25148.05	25157.65	25133.65	25148.45	4745	0	130
2025.10.10	04:00:00	25149.45	25164.85	25145.35	25163.55	3643	0	130
2025.10.10	05:00:00	25162.55	25166.95	25148.45	25149.95	2794	0	130
2025.10.10	06:00:00	25150.05	25153.55	25122.25	25128.85	3575	0	130
2025.10.10	07:00:00	25128.75	25138.15	25112.55	25119.35	3252	0	130
2025.10.10	08:00:00	25119.25	25145.65	25108.55	25145.35	3797	0	130
2025.10.10	09:00:00	25145.45	25166.05	25106.95	25115.75	6669	0	130
2025.10.10	10:00:00	25117.45	25138.05	25110.25	25130.55	7059	0	140
2025.10.10	11:00:00	25130.05	25154.35	25125.35	25148.65	6170	0	130
2025.10.10	12:00:00	25148.45	25150.85	25063.25	25067.95	8318	0	130
2025.10.10	13:00:00	25067.75	25113.05	25066.45	25112.85	6150	0	140
2025.10.10	14:00:00	25112.35	25135.55	25112.05	25134.85	5543	0	130
2025.10.10	15:00:00	25134.25	25146.65	25100.75	25109.65	7190	0	130
2025.10.10	16:00:00	25109.15	25199.75	25106.75	25169.25	12723	0	60
2025.10.10	17:00:00	25169.05	25182.35	24942.35	25005.35	16250	0	60
2025.10.10	18:00:00	25006.35	25006.35	24484.45	24640.45	20424	0	100
2025.10.10	19:00:00	24638.85	24658.85	24460.55	24470.75	19303	0	100
2025.10.10	20:00:00	24467.25	24562.35	24416.05	24491.45	18582	0	100
2025.10.10	21:00:00	24495.45	24530.55	24384.35	24400.95	17506	0	100
2025.10.10	22:00:00	24399.25	24446.35	24197.55	24216.25	18096	0	100
2025.10.10	23:00:00	24214.75	24259.06	24204.56	24233.36	9888	0	100
2025.10.13	01:00:00	24509.46	24559.06	24435.46	24508.36	5998	0	188
2025.10.13	02:00:00	24508.45	24613.95	24472.85	24606.35	9424	0	170
2025.10.13	03:00:00	24605.65	24657.65	24576.55	24651.05	11521	0	170
2025.10.13	04:00:00	24650.85	24679.75	24646.35	24676.85	10059	0	150
2025.10.13	05:00:00	24676.95	24678.85	24629.65	24631.25	7098	0	140
2025.10.13	06:00:00	24630.65	24669.05	24587.55	24601.65	8244	0	150
2025.10.13	07:00:00	24602.05	24646.15	24598.15	24642.85	6010	0	140
2025.10.13	08:00:00	24642.75	24664.95	24626.85	24661.25	6788	0	140
2025.10.13	09:00:00	24661.15	24676.95	24611.25	24674.75	8841	0	140
2025.10.13	10:00:00	24674.35	24769.55	24657.75	24728.65	11639	0	170
2025.10.13	11:00:00	24728.15	24732.85	24665.85	24698.95	10455	0	160
2025.10.13	12:00:00	24698.65	24704.85	24660.95	24670.45	7654	0	160
2025.10.13	13:00:00	24670.35	24701.25	24651.55	24675.15	7642	0	160
2025.10.13	14:00:00	24674.95	24689.55	24558.25	24621.75	13430	0	170
2025.10.13	15:00:00	24621.55	24659.85	24591.75	24611.65	11193	0	160
2025.10.13	16:00:00	24611.35	24716.75	24549.75	24712.55	17491	0	100
2025.10.13	17:00:00	24707.95	24737.75	24568.45	24582.55	18439	0	100
2025.10.13	18:00:00	24581.45	24726.05	24570.95	24717.75	16906	0	60
2025.10.13	19:00:00	24717.95	24778.95	24695.85	24768.75	15324	0	60
2025.10.13	20:00:00	24768.85	24778.75	24709.55	24746.75	14700	0	60
2025.10.13	21:00:00	24746.05	24781.75	24710.05	24720.35	12968	0	60
2025.10.13	22:00:00	24720.05	24768.05	24702.65	24740.05	13968	0	60
2025.10.13	23:00:00	24740.06	24745.86	24718.06	24724.66	4383	0	118
2025.10.14	01:00:00	24740.36	24752.96	24719.66	24752.96	3286	0	148
2025.10.14	02:00:00	24753.05	24754.35	24720.95	24733.95	4554	0	130
2025.10.14	03:00:00	24733.55	24865.45	24726.55	24828.75	10924	0	140
2025.10.14	04:00:00	24827.05	24834.75	24789.95	24827.35	10133	0	150
2025.10.14	05:00:00	24828.65	24842.35	24772.75	24775.55	8048	0	140
2025.10.14	06:00:00	24775.75	24780.25	24726.75	24733.45	8784	0	150
2025.10.14	07:00:00	24733.05	24738.35	24573.05	24627.55	14202	0	170
2025.10.14	08:00:00	24627.25	24636.35	24473.55	24527.75	13530	0	180
2025.10.14	09:00:00	24528.75	24570.95	24487.45	24507.45	13319	0	190
2025.10.14	10:00:00	24507.05	24546.05	24421.25	24469.55	15284	0	190
2025.10.14	11:00:00	24465.55	24518.65	24408.05	24513.55	13230	0	180
2025.10.14	12:00:00	24513.35	24534.35	24451.15	24460.95	10164	0	170
2025.10.14	13:00:00	24460.85	24465.45	24324.45	24380.05	13348	0	180
2025.10.14	14:00:00	24382.85	24486.05	24368.25	24475.85	12592	0	180
2025.10.14	15:00:00	24474.85	24482.55	24379.45	24442.05	12626	0	170
2025.10.14	16:00:00	24442.15	24477.55	24246.75	24398.75	16365	0	100
2025.10.14	17:00:00	24397.75	24565.65	24380.65	24511.95	18032	0	100
2025.10.14	18:00:00	24512.05	24659.75	24506.75	24627.15	17519	0	100
2025.10.14	19:00:00	24627.65	24769.45	24584.75	24714.45	16439	0	60
2025.10.14	20:00:00	24713.65	24760.15	24681.15	24721.95	16111	0	60
2025.10.14	21:00:00	24722.15	24748.95	24704.25	24721.25	15217	0	60
2025.10.14	22:00:00	24721.35	24749.15	24509.15	24579.45	15889	0	60
2025.10.14	23:00:00	24579.05	24611.26	24518.76	24565.56	8475	0	100
2025.10.15	01:00:00	24630.06	24635.36	24575.36	24603.36	5311	0	158
2025.10.15	02:00:00	24603.45	24641.85	24593.35	24597.15	5551	0	140
2025.10.15	03:00:00	24597.25	24623.45	24565.45	24621.95	10069	0	160
2025.10.15	04:00:00	24621.25	24639.25	24588.45	24625.65	8709	0	140
2025.10.15	05:00:00	24625.35	24679.85	24625.05	24637.55	7146	0	140
2025.10.15	06:00:00	24636.65	24655.05	24613.55	24633.35	6834	0	150
2025.10.15	07:00:00	24633.55	24672.35	24627.05	24668.65	5046	0	130
2025.10.15	08:00:00	24683.75	24743.55	24680.35	24710.05	8096	0	140
2025.10.15	09:00:00	24709.85	24732.75	24693.25	24727.15	8122	0	150
2025.10.15	10:00:00	24726.75	24750.15	24701.55	24724.25	9117	0	160
2025.10.15	11:00:00	24724.75	24758.95	24722.75	24753.95	8699	0	150
2025.10.15	12:00:00	24753.85	24815.25	24750.05	24797.05	8183	0	150
2025.10.15	13:00:00	24796.95	24804.35	24774.35	24791.05	5961	0	140
2025.10.15	14:00:00	24790.25	24796.85	24762.45	24784.85	7458	0	150
2025.10.15	15:00:00	24784.55	24849.35	24780.85	24845.95	9852	0	150
2025.10.15	16:00:00	24846.75	24847.55	24722.35	24838.85	14707	0	60
2025.10.15	17:00:00	24840.35	24939.65	24838.35	24924.55	17275	0	100
2025.10.15	18:00:00	24924.95	24934.55	24703.65	24758.55	17864	0	90
2025.10.15	19:00:00	24759.15	24816.35	24718.55	24727.55	17621	0	100
2025.10.15	20:00:00	24727.45	24737.85	24489.35	24728.45	18291	0	100
2025.10.15	21:00:00	24725.55	24784.05	24684.35	24777.85	16205	0	60
2025.10.15	22:00:00	24777.35	24781.55	24671.85	24751.15	16139	0	60
2025.10.15	23:00:00	24749.65	24788.06	24737.76	24757.96	7334	0	100
2025.10.16	01:00:00	24794.26	24818.76	24771.86	24804.06	5023	0	158
2025.10.16	02:00:00	24804.15	24806.45	24752.75	24770.45	5625	0	150
2025.10.16	03:00:00	24770.65	24783.45	24702.05	24740.85	10554	0	160
2025.10.16	04:00:00	24737.45	24772.45	24733.15	24765.05	9421	0	150
2025.10.16	05:00:00	24764.85	24776.35	24723.25	24764.55	7761	0	150
2025.10.16	06:00:00	24764.45	24774.95	24734.85	24743.05	6488	0	140
2025.10.16	07:00:00	24742.65	24767.55	24738.25	24756.45	5037	0	130
2025.10.16	08:00:00	24756.75	24802.95	24746.75	24780.55	7314	0	130
2025.10.16	09:00:00	24781.05	24854.85	24780.85	24851.55	7602	0	150
2025.10.16	10:00:00	24852.55	24882.95	24800.95	24866.85	10813	0	160
2025.10.16	11:00:00	24866.65	24883.55	24832.95	24846.85	9219	0	150
2025.10.16	12:00:00	24847.05	24873.25	24833.55	24869.15	6812	0	140
2025.10.16	13:00:00	24869.35	24898.75	24866.85	24880.55	5739	0	150
2025.10.16	14:00:00	24880.85	24912.35	24873.45	24892.85	6032	0	140
2025.10.16	15:00:00	24892.75	24926.65	24854.85	24907.45	9661	0	150
2025.10.16	16:00:00	24907.55	24952.75	24855.05	24888.25	15152	0	60
2025.10.16	17:00:00	24889.65	25006.15	24842.15	24933.95	18349	0	100
2025.10.16	18:00:00	24937.75	24958.55	24773.75	24799.05	18256	0	100
2025.10.16	19:00:00	24795.75	24823.55	24559.55	24754.65	18970	0	100
2025.10.16	20:00:00	24756.25	24790.65	24654.25	24692.25	18551	0	100
2025.10.16	21:00:00	24692.65	24698.45	24471.55	24625.25	18725	0	100
2025.10.16	22:00:00	24625.55	24672.75	24520.15	24658.55	18067	0	100
2025.10.16	23:00:00	24657.96	24680.76	24573.26	24613.66	8620	0	118
2025.10.17	01:00:00	24658.06	24689.56	24571.96	24573.86	6707	0	178
2025.10.17	02:00:00	24573.95	24599.95	24552.45	24591.85	8773	0	180
2025.10.17	03:00:00	24591.55	24624.05	24578.05	24609.55	10114	0	150
2025.10.17	04:00:00	24609.45	24666.95	24561.75	24589.75	10220	0	160
2025.10.17	05:00:00	24590.55	24603.85	24561.45	24596.75	8740	0	150
2025.10.17	06:00:00	24596.35	24599.75	24537.75	24563.75	7845	0	140
2025.10.17	07:00:00	24563.45	24571.85	24532.25	24538.05	6814	0	150
2025.10.17	08:00:00	24538.25	24542.15	24447.95	24492.75	9886	0	170
2025.10.17	09:00:00	24493.25	24522.35	24402.75	24411.05	11545	0	180
2025.10.17	10:00:00	24409.95	24420.05	24261.95	24306.15	16995	0	190
2025.10.17	11:00:00	24309.25	24358.25	24241.95	24323.05	15246	0	190
2025.10.17	12:00:00	24322.75	24393.25	24317.95	24326.55	12216	0	180
2025.10.17	13:00:00	24327.25	24406.55	24314.55	24406.05	13441	0	190
2025.10.17	14:00:00	24405.75	24561.45	24400.05	24560.75	15504	0	190
2025.10.17	15:00:00	24557.55	24633.15	24542.45	24569.45	14701	0	190
2025.10.17	16:00:00	24569.15	24721.15	24504.75	24654.75	17192	0	100
2025.10.17	17:00:00	24652.85	24792.25	24580.95	24596.95	19054	0	100
2025.10.17	18:00:00	24596.45	24704.65	24507.75	24682.25	18591	0	100
2025.10.17	19:00:00	24681.85	24805.25	24681.35	24734.95	17414	0	100
2025.10.17	20:00:00	24735.25	24778.45	24661.65	24767.75	17455	0	100
2025.10.17	21:00:00	24767.25	24861.65	24767.25	24829.25	16244	0	60
2025.10.17	22:00:00	24828.55	24884.65	24812.15	24818.35	16093	0	60
2025.10.17	23:00:00	24819.35	24873.46	24808.36	24861.46	6066	0	100
2025.10.20	01:00:00	24894.66	24913.96	24875.36	24896.06	5498	0	158
2025.10.20	02:00:00	24896.25	24899.15	24823.25	24847.55	6850	0	150
2025.10.20	03:00:00	24846.65	24891.35	24791.85	24882.15	10453	0	160
2025.10.20	04:00:00	24883.15	24911.75	24866.25	24882.15	8699	0	150
2025.10.20	05:00:00	24880.65	24894.05	24862.75	24887.65	6287	0	140
2025.10.20	06:00:00	24887.75	24934.15	24887.05	24930.75	4091	0	130
2025.10.20	07:00:00	24930.95	24955.25	24920.75	24947.75	4974	0	140
2025.10.20	08:00:00	24947.55	24962.95	24931.35	24948.25	5979	0	140
2025.10.20	09:00:00	24947.25	24960.85	24923.15	24946.75	7394	0	150
2025.10.20	10:00:00	24947.45	24987.95	24934.15	24956.55	8732	0	160
2025.10.20	11:00:00	24956.75	24968.45	24901.95	24909.45	9365	0	160
2025.10.20	12:00:00	24909.75	24934.45	24896.95	24922.45	7939	0	150
2025.10.20	13:00:00	24922.35	24938.05	24875.15	24876.65	7872	0	150
2025.10.20	14:00:00	24875.25	24925.25	24874.35	24919.85	7773	0	140
2025.10.20	15:00:00	24918.05	24967.35	24911.15	24965.75	7330	0	150
2025.10.20	16:00:00	24965.25	25074.95	24950.25	25057.35	14218	0	60
2025.10.20	17:00:00	25060.25	25157.45	25047.95	25150.15	15304	0	60
2025.10.20	18:00:00	25150.75	25180.95	25125.45	25152.95	14150	0	60
2025.10.20	19:00:00	25154.25	25163.15	25126.75	25150.45	12600	0	60
2025.10.20	20:00:00	25149.65	25186.95	25147.65	25170.05	9729	0	60
2025.10.20	21:00:00	25170.35	25186.85	25140.55	25161.35	9209	0	60
2025.10.20	22:00:00	25161.55	25169.45	25129.75	25132.85	10633	0	60
2025.10.20	23:00:00	25132.16	25154.46	25121.56	25153.86	3674	0	78
2025.10.21	01:00:00	25153.66	25162.96	25143.06	25155.56	2903	0	148
2025.10.21	02:00:00	25156.36	25179.15	25152.15	25158.85	3952	0	130
2025.10.21	03:00:00	25158.65	25178.05	25145.95	25176.65	5809	0	130
2025.10.21	04:00:00	25176.75	25192.25	25165.25	25179.55	4738	0	130
2025.10.21	05:00:00	25178.05	25202.95	25177.85	25182.45	3915	0	130
2025.10.21	06:00:00	25182.15	25190.75	25154.15	25164.65	4325	0	130
2025.10.21	07:00:00	25164.35	25165.85	25130.05	25142.15	4818	0	130
2025.10.21	08:00:00	25142.45	25151.65	25111.25	25131.95	6501	0	140
2025.10.21	09:00:00	25131.15	25133.05	25101.35	25113.55	6268	0	140
2025.10.21	10:00:00	25113.45	25125.55	25097.05	25112.05	8198	0	150
2025.10.21	11:00:00	25112.75	25119.25	25087.95	25102.65	7416	0	140
2025.10.21	12:00:00	25102.55	25130.85	25100.55	25116.55	4962	0	140
2025.10.21	13:00:00	25117.05	25123.45	25093.85	25114.55	5331	0	140
2025.10.21	14:00:00	25114.35	25143.35	25108.85	25142.15	6025	0	140
2025.10.21	15:00:00	25141.75	25149.95	25125.95	25133.65	6585	0	130
2025.10.21	16:00:00	25133.55	25140.45	25049.65	25068.95	14213	0	60
2025.10.21	17:00:00	25069.65	25136.65	25038.55	25132.55	16995	0	60
2025.10.21	18:00:00	25132.95	25161.85	25077.85	25157.85	14878	0	60
2025.10.21	19:00:00	25154.65	25182.35	25112.95	25120.85	12316	0	60
2025.10.21	20:00:00	25121.05	25150.05	25085.55	25148.35	14914	0	60
2025.10.21	21:00:00	25148.85	25158.85	25125.85	25144.85	10616	0	60
2025.10.21	22:00:00	25143.35	25169.15	25122.35	25127.15	9985	0	60
2025.10.21	23:00:00	25126.25	25132.86	25063.96	25097.06	7256	0	60
2025.10.22	01:00:00	25105.36	25117.06	25095.76	25108.06	3409	0	148
2025.10.22	02:00:00	25108.15	25109.15	25078.15	25083.15	4599	0	130
2025.10.22	03:00:00	25083.25	25093.25	25058.55	25063.85	7933	0	150
2025.10.22	04:00:00	25062.75	25105.85	25054.85	25103.85	5849	0	130
2025.10.22	05:00:00	25104.05	25119.85	25091.15	25111.45	3914	0	130
2025.10.22	06:00:00	25111.75	25129.75	25082.15	25128.25	4386	0	130
2025.10.22	07:00:00	25128.35	25170.55	25127.35	25155.05	5250	0	130
2025.10.22	08:00:00	25155.15	25163.45	25135.65	25145.25	4721	0	130
2025.10.22	09:00:00	25145.65	25176.05	25131.75	25156.25	6579	0	140
2025.10.22	10:00:00	25156.15	25158.45	25108.95	25135.65	7934	0	150
2025.10.22	11:00:00	25135.35	25136.55	25089.35	25104.85	8087	0	150
2025.10.22	12:00:00	25104.65	25111.45	25069.25	25109.55	6511	0	150
2025.10.22	13:00:00	25109.85	25142.85	25101.35	25124.45	5385	0	130
2025.10.22	14:00:00	25122.05	25128.25	25044.55	25061.95	9936	0	160
2025.10.22	15:00:00	25061.55	25105.55	25056.35	25098.15	7868	0	140
2025.10.22	16:00:00	25098.25	25127.05	25011.35	25096.25	13377	0	60
2025.10.22	17:00:00	25095.75	25118.25	24889.25	25011.55	18130	0	100
2025.10.22	18:00:00	25011.25	25029.75	24841.25	24938.75	17986	0	100
2025.10.22	19:00:00	24937.85	24946.15	24709.85	24829.65	18263	0	100
2025.10.22	20:00:00	24830.35	24846.25	24643.85	24711.75	17504	0	100
2025.10.22	21:00:00	24708.75	24799.55	24665.85	24797.85	17190	0	100
2025.10.22	22:00:00	24795.95	24899.95	24764.45	24881.75	16411	0	60
2025.10.22	23:00:00	24884.86	24917.86	24865.86	24884.26	7579	0	118
2025.10.23	01:00:00	24865.86	24903.86	24859.56	24889.76	4680	0	158
2025.10.23	02:00:00	24889.96	24908.95	24837.75	24841.15	5082	0	140
2025.10.23	03:00:00	24841.25	24899.45	24796.15	24893.95	9816	0	160
2025.10.23	04:00:00	24894.15	24949.95	24890.75	24943.65	8019	0	150
2025.10.23	05:00:00	24944.65	24956.65	24935.55	24943.95	5573	0	130
2025.10.23	06:00:00	24943.85	24957.85	24920.55	24931.05	5300	0	140
2025.10.23	07:00:00	24931.25	24939.45	24906.55	24916.35	5479	0	140
2025.10.23	08:00:00	24916.45	24938.65	24898.85	24935.95	5818	0	140
2025.10.23	09:00:00	24936.25	24956.75	24920.95	24949.05	7342	0	150
2025.10.23	10:00:00	24949.15	24971.05	24913.65	24936.35	9218	0	150
2025.10.23	11:00:00	24936.45	24960.05	24914.95	24928.95	8114	0	140
2025.10.23	12:00:00	24929.25	24936.85	24871.25	24904.15	7918	0	150
2025.10.23	13:00:00	24904.75	24912.25	24880.25	24893.95	6580	0	150
2025.10.23	14:00:00	24895.25	24897.65	24808.05	24818.75	10027	0	160
2025.10.23	15:00:00	24817.35	24856.35	24782.15	24853.45	11107	0	160
2025.10.23	16:00:00	24853.85	25024.85	24787.35	25004.25	15474	0	60
2025.10.23	17:00:00	25005.15	25043.55	24930.25	25035.05	17484	0	60
2025.10.23	18:00:00	25035.65	25059.95	24964.65	25038.65	16162	0	60
2025.10.23	19:00:00	25038.35	25084.25	25029.05	25083.15	12545	0	60
2025.10.23	20:00:00	25083.65	25126.15	25032.95	25122.15	13632	0	60
2025.10.23	21:00:00	25122.95	25128.65	25089.75	25116.95	10518	0	60
2025.10.23	22:00:00	25117.15	25125.65	25073.95	25094.95	11251	0	60
2025.10.23	23:00:00	25095.55	25137.56	25090.06	25118.96	5723	0	100
2025.10.24	01:00:00	25135.56	25151.16	25135.26	25139.66	2942	0	148
2025.10.24	02:00:00	25139.75	25151.95	25138.75	25145.45	2058	0	130
2025.10.24	03:00:00	25146.25	25153.15	25133.95	25149.25	4270	0	130
2025.10.24	04:00:00	25148.55	25169.05	25145.85	25166.75	4538	0	130
2025.10.24	05:00:00	25166.45	25174.35	25151.75	25158.15	3753	0	130
2025.10.24	06:00:00	25158.55	25178.25	25153.25	25177.55	3158	0	130
2025.10.24	07:00:00	25177.75	25183.75	25168.35	25180.85	2720	0	130
2025.10.24	08:00:00	25180.75	25195.75	25175.95	25195.25	3536	0	130
2025.10.24	09:00:00	25195.05	25229.25	25193.45	25209.05	4913	0	130
2025.10.24	10:00:00	25209.25	25216.65	25182.15	25185.65	6942	0	140
2025.10.24	11:00:00	25185.85	25223.65	25172.25	25205.75	6488	0	140
2025.10.24	12:00:00	25204.35	25245.85	25204.35	25229.15	5055	0	130
2025.10.24	13:00:00	25229.45	25243.15	25217.15	25219.05	4836	0	130
2025.10.24	14:00:00	25218.95	25238.45	25215.45	25226.45	4912	0	130
2025.10.24	15:00:00	25226.55	25373.65	25216.65	25310.85	10840	0	140
2025.10.24	16:00:00	25310.95	25383.15	25282.95	25360.75	14949	0	60
2025.10.24	17:00:00	25364.65	25393.45	25286.35	25320.85	16827	0	60
2025.10.24	18:00:00	25320.75	25399.05	25309.45	25374.45	14592	0	60
2025.10.24	19:00:00	25375.35	25413.55	25372.35	25402.95	12128	0	60
2025.10.24	20:00:00	25402.45	25419.45	25390.45	25400.95	10274	0	60
2025.10.24	21:00:00	25400.85	25405.75	25380.45	25395.25	9974	0	60
2025.10.24	22:00:00	25395.55	25417.65	25349.25	25359.65	11383	0	60
2025.10.24	23:00:00	25359.25	25376.16	25348.26	25361.86	4884	0	100
2025.10.27	01:00:00	25590.66	25605.16	25553.56	25574.36	7220	0	168
2025.10.27	02:00:00	25574.66	25594.75	25563.75	25571.55	5244	0	130
2025.10.27	03:00:00	25570.75	25597.05	25561.25	25576.15	6554	0	130
2025.10.27	04:00:00	25576.95	25585.65	25564.65	25571.55	5328	0	130
2025.10.27	05:00:00	25571.35	25604.25	25565.95	25603.85	3574	0	130
2025.10.27	06:00:00	25603.75	25626.25	25601.55	25614.45	3807	0	130
2025.10.27	07:00:00	25613.85	25622.25	25606.75	25615.85	2897	0	130
2025.10.27	08:00:00	25616.15	25640.35	25614.65	25636.05	3362	0	130
2025.10.27	09:00:00	25636.15	25655.45	25633.55	25637.05	4179	0	130
2025.10.27	10:00:00	25636.85	25670.05	25632.95	25645.75	4957	0	140
2025.10.27	11:00:00	25645.95	25660.55	25621.95	25655.95	7378	0	140
2025.10.27	12:00:00	25656.05	25692.75	25643.75	25692.75	5612	0	130
2025.10.27	13:00:00	25692.85	25705.85	25682.75	25692.05	4668	0	130
2025.10.27	14:00:00	25691.85	25701.55	25664.65	25673.05	5726	0	130
2025.10.27	15:00:00	25673.25	25698.95	25671.45	25684.45	6307	0	130
2025.10.27	16:00:00	25684.25	25712.45	25650.95	25702.25	12729	0	60
2025.10.27	17:00:00	25702.95	25745.35	25677.15	25711.85	15785	0	60
2025.10.27	18:00:00	25710.75	25761.65	25709.35	25746.85	11722	0	60
2025.10.27	19:00:00	25747.25	25770.75	25742.85	25767.35	9601	0	60
2025.10.27	20:00:00	25767.15	25782.45	25746.15	25780.65	9325	0	60
2025.10.27	21:00:00	25780.25	25799.85	25773.75	25795.65	8172	0	60
2025.10.27	22:00:00	25795.85	25834.65	25774.95	25814.75	11266	0	60
2025.10.27	23:00:00	25814.66	25861.76	25814.66	25861.46	4701	0	78
2025.10.28	01:00:00	25846.16	25856.16	25842.36	25852.06	2145	0	148
2025.10.28	02:00:00	25852.15	25873.95	25849.95	25850.75	3283	0	130
2025.10.28	03:00:00	25850.95	25851.95	25830.45	25831.75	4805	0	130
2025.10.28	04:00:00	25831.45	25837.45	25817.85	25825.25	5023	0	130
2025.10.28	05:00:00	25825.45	25837.45	25820.25	25833.25	3599	0	130
2025.10.28	06:00:00	25833.55	25844.85	25823.35	25838.25	2962	0	130
2025.10.28	07:00:00	25837.75	25839.25	25812.35	25813.85	3235	0	130
2025.10.28	08:00:00	25814.65	25823.35	25802.65	25817.25	3988	0	130
2025.10.28	09:00:00	25818.95	25840.65	25810.05	25814.15	4226	0	130
2025.10.28	10:00:00	25814.45	25836.55	25808.45	25814.45	4699	0	130
2025.10.28	11:00:00	25815.65	25829.35	25799.35	25824.45	6749	0	140
2025.10.28	12:00:00	25824.75	25837.35	25819.05	25831.65	4409	0	130
2025.10.28	13:00:00	25831.75	25845.55	25823.55	25834.05	4310	0	130
2025.10.28	14:00:00	25834.55	25859.45	25834.05	25849.85	5166	0	130
2025.10.28	15:00:00	25849.75	25880.55	25848.45	25868.35	5785	0	130
2025.10.28	16:00:00	25868.85	25950.15	25866.35	25920.15	14777	0	60
2025.10.28	17:00:00	25920.45	25932.55	25865.55	25891.75	15490	0	60
2025.10.28	18:00:00	25892.05	25917.55	25864.75	25917.25	12698	0	60
2025.10.28	19:00:00	25917.05	26001.85	25917.05	25965.05	12875	0	60
2025.10.28	20:00:00	25964.25	26013.85	25960.15	26009.35	12877	0	60
2025.10.28	21:00:00	26009.05	26050.25	26003.35	26049.75	11226	0	60
2025.10.28	22:00:00	26049.85	26086.35	26013.55	26015.25	12896	0	60
2025.10.28	23:00:00	26015.16	26029.06	26005.26	26023.36	5952	0	118
2025.10.29	01:00:00	26037.06	26047.46	26026.56	26030.46	1639	0	148
2025.10.29	02:00:00	26030.55	26046.25	26022.65	26041.45	2760	0	130
2025.10.29	03:00:00	26042.05	26051.15	26023.65	26032.45	5461	0	130
2025.10.29	04:00:00	26032.25	26079.75	26030.25	26073.15	6169	0	130
2025.10.29	05:00:00	26072.85	26110.15	26071.75	26097.15	4820	0	130
2025.10.29	06:00:00	26097.25	26108.25	26081.95	26102.25	3557	0	130
2025.10.29	07:00:00	26101.55	26107.15	26078.45	26103.55	3447	0	130
2025.10.29	08:00:00	26103.45	26121.15	26102.65	26118.45	3622	0	130
2025.10.29	09:00:00	26118.25	26148.15	26114.05	26138.95	4082	0	130
2025.10.29	10:00:00	26138.25	26156.45	26118.85	26149.95	4706	0	130
2025.10.29	11:00:00	26149.15	26167.35	26118.45	26126.55	8213	0	150
2025.10.29	12:00:00	26126.35	26128.05	26083.95	26094.85	7478	0	150
2025.10.29	13:00:00	26094.95	26130.65	26088.15	26107.35	6279	0	130
2025.10.29	14:00:00	26109.85	26154.15	26105.25	26132.65	6457	0	130
2025.10.29	15:00:00	26131.95	26144.75	26101.55	26118.05	7739	0	140
2025.10.29	16:00:00	26117.75	26176.85	26112.85	26176.85	13399	0	60
2025.10.29	17:00:00	26177.25	26183.75	26101.55	26117.25	15351	0	60
2025.10.29	18:00:00	26117.05	26135.55	26076.75	26095.75	14037	0	60
2025.10.29	19:00:00	26095.55	26124.05	26061.75	26111.45	12495	0	60
2025.10.29	20:00:00	26112.45	26124.55	26076.75	26108.45	11276	0	60
2025.10.29	21:00:00	26109.25	26142.25	25908.25	26040.35	18440	0	60
2025.10.29	22:00:00	26043.05	26139.35	25969.85	26139.35	18681	0	100
2025.10.29	23:00:00	26137.76	26233.96	26016.86	26105.76	10547	0	118
2025.10.30	01:00:00	26033.26	26106.66	26033.26	26059.56	3827	0	168
2025.10.30	02:00:00	26059.65	26106.75	26031.15	26094.75	7353	0	140
2025.10.30	03:00:00	26096.25	26177.15	26096.25	26148.65	11113	0	160
2025.10.30	04:00:00	26149.05	26171.05	26120.45	26158.05	10002	0	150
2025.10.30	05:00:00	26157.95	26231.35	26155.95	26216.75	7655	0	140
2025.10.30	06:00:00	26216.65	26258.55	26216.65	26237.45	7829	0	140
2025.10.30	07:00:00	26237.35	26241.25	26000.25	26064.95	15058	0	170
2025.10.30	08:00:00	26065.35	26187.75	26055.25	26140.85	12195	0	160
2025.10.30	09:00:00	26140.75	26143.25	26071.75	26083.25	10831	0	170
2025.10.30	10:00:00	26082.85	26145.15	26049.75	26129.15	10315	0	160
2025.10.30	11:00:00	26129.25	26149.75	26092.65	26129.75	11043	0	160
2025.10.30	12:00:00	26130.45	26150.45	26055.25	26066.15	10179	0	160
2025.10.30	13:00:00	26065.95	26104.05	26058.25	26091.65	9215	0	160
2025.10.30	14:00:00	26092.15	26146.55	26084.35	26119.75	8959	0	150
2025.10.30	15:00:00	26120.45	26131.95	25945.75	25947.15	14558	0	170
2025.10.30	16:00:00	25946.95	26007.05	25804.45	25984.95	16837	0	100
2025.10.30	17:00:00	25988.65	26039.35	25839.35	25877.35	18936	0	100
2025.10.30	18:00:00	25876.95	25935.95	25827.35	25851.35	17603	0	100
2025.10.30	19:00:00	25850.95	25956.35	25845.85	25933.75	16717	0	60
2025.10.30	20:00:00	25933.05	25935.55	25859.65	25928.05	16379	0	60
2025.10.30	21:00:00	25927.05	25927.75	25835.55	25849.05	15977	0	60
2025.10.30	22:00:00	25848.75	25853.75	25732.85	25732.85	16907	0	60
2025.10.30	23:00:00	25729.85	26007.16	25714.16	25985.36	13172	0	100
2025.10.31	01:00:00	26019.16	26034.16	25995.56	26012.26	5881	0	148
2025.10.31	02:00:00	26012.35	26038.35	25990.95	26034.45	6106	0	130
2025.10.31	03:00:00	26034.95	26062.45	26000.35	26057.55	8006	0	150
2025.10.31	04:00:00	26057.15	26072.25	26033.65	26070.65	8011	0	150
2025.10.31	05:00:00	26071.15	26076.85	26028.65	26048.05	6926	0	140
2025.10.31	06:00:00	26047.85	26061.35	26024.45	26055.15	6272	0	140
2025.10.31	07:00:00	26054.55	26072.35	26050.35	26056.05	4851	0	130
2025.10.31	08:00:00	26056.15	26058.05	26023.75	26028.15	6511	0	130
2025.10.31	09:00:00	26028.45	26055.45	26018.15	26024.25	6744	0	140
2025.10.31	10:00:00	26024.45	26082.95	26007.85	26080.95	6044	0	140
2025.10.31	11:00:00	26079.25	26081.15	26021.55	26061.75	9806	0	140
2025.10.31	12:00:00	26062.15	26073.65	26040.95	26044.85	6414	0	140
2025.10.31	13:00:00	26044.95	26058.95	26024.65	26044.85	6765	0	140
2025.10.31	14:00:00	26046.35	26095.35	26029.65	26084.75	7487	0	140
2025.10.31	15:00:00	26084.35	26135.95	26067.85	26075.25	10558	0	150
2025.10.31	16:00:00	26074.75	26080.05	25944.75	25966.25	15511	0	70
2025.10.31	17:00:00	25967.65	26045.25	25925.25	26028.45	17210	0	60
2025.10.31	18:00:00	26028.35	26046.45	25914.45	25915.75	16404	0	60
2025.10.31	19:00:00	25912.45	25916.65	25795.65	25813.15	17717	0	100
2025.10.31	20:00:00	25812.75	25844.45	25753.15	25811.25	17317	0	60
2025.10.31	21:00:00	25811.75	25886.15	25808.25	25877.75	15589	0	60
2025.10.31	22:00:00	25878.05	25981.75	25856.25	25857.15	15205	0	60
2025.10.31	23:00:00	25856.56	25861.36	25830.86	25845.06	7750	0	118
2025.11.03	01:00:00	25912.66	25958.06	25911.66	25946.16	6423	0	158
2025.11.03	02:00:00	25946.25	25983.35	25944.45	25982.05	5108	0	130
2025.11.03	03:00:00	25981.45	25988.15	25953.45	25954.75	6119	0	140
2025.11.03	04:00:00	25954.45	25979.65	25934.85	25947.95	6600	0	140
2025.11.03	05:00:00	25947.75	25950.45	25916.35	25942.05	5743	0	140
2025.11.03	06:00:00	25941.35	25951.05	25930.95	25950.15	4336	0	130
2025.11.03	07:00:00	25949.85	25953.25	25921.75	25932.75	5408	0	130
2025.11.03	08:00:00	25932.95	25946.75	25897.05	25913.35	6039	0	140
2025.11.03	09:00:00	25912.35	25914.55	25882.55	25896.05	6731	0	140
2025.11.03	10:00:00	25896.35	25962.45	25885.05	25951.45	8705	0	150
2025.11.03	11:00:00	25951.65	26020.85	25948.25	25995.25	8369	0	150
2025.11.03	12:00:00	25996.15	26028.55	25989.05	26003.95	6330	0	140
2025.11.03	13:00:00	26004.45	26043.85	26004.45	26018.25	6537	0	140
2025.11.03	14:00:00	26018.55	26047.05	26009.65	26018.35	7181	0	140
2025.11.03	15:00:00	26017.25	26055.95	25999.35	26053.05	8725	0	140
2025.11.03	16:00:00	26053.35	26130.75	25985.55	26002.22	16166	0	60
2025.11.03	17:00:00	26001.42	26020.15	25882.95	25954.45	18163	0	100
2025.11.03	18:00:00	25955.05	25992.65	25909.15	25984.05	16589	0	60
2025.11.03	19:00:00	25985.95	26025.25	25949.05	26015.65	14517	0	60
2025.11.03	20:00:00	26016.75	26029.65	25991.35	25995.15	12341	0	60
2025.11.03	21:00:00	25995.45	26003.85	25932.15	25982.15	14865	0	60
2025.11.03	22:00:00	25986.25	25990.35	25938.15	25976.45	13716	0	60
2025.11.03	23:00:00	25976.05	26042.66	25962.76	25973.76	6263	0	90
2025.11.04	01:00:00	25965.06	25967.06	25932.76	25938.96	1031	0	148
2025.11.04	02:00:00	25938.86	25938.95	25852.85	25884.65	7984	0	130
2025.11.04	03:00:00	25885.65	25901.15	25859.35	25878.35	9652	0	150
2025.11.04	04:00:00	25878.05	25878.05	25811.85	25812.35	8864	0	160
2025.11.04	05:00:00	25812.05	25846.25	25794.85	25798.35	8027	0	140
2025.11.04	06:00:00	25798.45	25811.75	25776.35	25793.45	6832	0	150
2025.11.04	07:00:00	25794.65	25797.15	25679.25	25692.05	9846	0	150
2025.11.04	08:00:00	25692.95	25695.15	25614.55	25646.25	11954	0	180
2025.11.04	09:00:00	25645.25	25671.55	25608.55	25662.35	9962	0	170
2025.11.04	10:00:00	25662.05	25662.05	25599.75	25635.85	12056	0	180
2025.11.04	11:00:00	25636.75	25659.45	25538.95	25544.75	11907	0	180
2025.11.04	12:00:00	25543.65	25642.35	25515.25	25628.05	11044	0	160
2025.11.04	13:00:00	25627.85	25662.25	25617.65	25636.75	8370	0	150
2025.11.04	14:00:00	25637.25	25660.05	25595.75	25625.25	10923	0	170
2025.11.04	15:00:00	25625.55	25636.05	25555.25	25586.05	11617	0	170
2025.11.04	16:00:00	25586.45	25751.35	25533.95	25746.45	16463	0	100
2025.11.04	17:00:00	25750.75	25763.95	25634.75	25660.25	17779	0	60
2025.11.04	18:00:00	25659.75	25692.95	25594.25	25627.45	17168	0	100
2025.11.04	19:00:00	25627.25	25628.45	25513.45	25549.85	17037	0	70
2025.11.04	20:00:00	25549.75	25554.95	25474.05	25539.85	16309	0	60
2025.11.04	21:00:00	25537.25	25557.75	25445.75	25475.75	16680	0	100
2025.11.04	22:00:00	25474.75	25513.45	25416.25	25449.25	16607	0	60
2025.11.04	23:00:00	25450.15	25462.46	25393.06	25433.16	8022	0	100
2025.11.05	01:00:00	25410.56	25413.26	25375.16	25376.86	6596	0	168
2025.11.05	02:00:00	25377.35	25377.35	25281.35	25282.85	12649	0	150
2025.11.05	03:00:00	25281.45	25283.65	25155.85	25210.85	15631	0	180
2025.11.05	04:00:00	25211.25	25296.35	25169.65	25288.15	14135	0	190
2025.11.05	05:00:00	25288.35	25390.75	25288.35	25389.15	13415	0	180
2025.11.05	06:00:00	25389.55	25390.15	25317.15	25338.65	11241	0	160
2025.11.05	07:00:00	25338.35	25408.45	25335.65	25354.75	10986	0	160
2025.11.05	08:00:00	25354.45	25426.25	25329.65	25401.95	9764	0	160
2025.11.05	09:00:00	25402.65	25408.45	25344.15	25347.45	8558	0	170
2025.11.05	10:00:00	25348.05	25410.85	25327.35	25386.55	11154	0	170
2025.11.05	11:00:00	25386.45	25425.15	25353.85	25392.35	9911	0	160
2025.11.05	12:00:00	25392.25	25410.35	25285.15	25286.65	9288	0	160
2025.11.05	13:00:00	25286.55	25357.35	25277.55	25354.65	10002	0	170
2025.11.05	14:00:00	25354.35	25408.65	25331.75	25402.15	9520	0	160
2025.11.05	15:00:00	25399.85	25468.65	25381.45	25460.35	11501	0	170
2025.11.05	16:00:00	25460.15	25563.05	25362.25	25557.35	15995	0	100
2025.11.05	17:00:00	25548.35	25608.85	25493.25	25593.85	18748	0	100
2025.11.05	18:00:00	25596.35	25662.05	25532.35	25647.85	17121	0	60
2025.11.05	19:00:00	25650.05	25701.55	25614.35	25685.65	13619	0	60
2025.11.05	20:00:00	25686.05	25746.25	25678.55	25738.45	11578	0	60
2025.11.05	21:00:00	25738.25	25749.75	25697.55	25737.05	12244	0	60
2025.11.05	22:00:00	25736.45	25750.75	25604.85	25616.05	13343	0	60
2025.11.05	23:00:00	25614.26	25636.26	25567.96	25605.26	8304	0	118
2025.11.06	01:00:00	25592.66	25649.86	25578.66	25648.56	4326	0	178
2025.11.06	02:00:00	25648.86	25650.35	25528.55	25574.05	11844	0	160
2025.11.06	03:00:00	25572.45	25573.25	25493.05	25549.55	12235	0	170
2025.11.06	04:00:00	25549.25	25594.45	25515.65	25590.85	9805	0	140
2025.11.06	05:00:00	25590.05	25610.15	25576.35	25596.75	8225	0	150
2025.11.06	06:00:00	25596.55	25617.75	25581.25	25614.35	6391	0	140
2025.11.06	07:00:00	25614.65	25618.25	25564.15	25568.85	7296	0	150
2025.11.06	08:00:00	25568.45	25588.55	25548.65	25557.85	7881	0	150
2025.11.06	09:00:00	25557.95	25591.05	25519.25	25521.85	8142	0	150
2025.11.06	10:00:00	25522.65	25559.35	25505.25	25547.75	11724	0	170
2025.11.06	11:00:00	25548.05	25623.15	25547.35	25603.65	9059	0	150
2025.11.06	12:00:00	25604.65	25653.35	25602.15	25628.15	7392	0	150
2025.11.06	13:00:00	25628.35	25651.85	25618.85	25623.85	7563	0	150
2025.11.06	14:00:00	25623.75	25667.15	25623.25	25655.15	8611	0	150
2025.11.06	15:00:00	25653.55	25697.95	25638.05	25642.55	9100	0	150
2025.11.06	16:00:00	25642.45	25649.85	25386.85	25389.75	16887	0	100
2025.11.06	17:00:00	25383.85	25423.25	25170.75	25180.15	19299	0	100
2025.11.06	18:00:00	25180.45	25249.65	25081.75	25100.25	18570	0	100
2025.11.06	19:00:00	25100.45	25235.85	25078.35	25217.15	18398	0	100
2025.11.06	20:00:00	25214.85	25250.25	25105.95	25209.45	17590	0	100
2025.11.06	21:00:00	25210.75	25317.75	25201.35	25282.95	17270	0	100
2025.11.06	22:00:00	25284.25	25294.15	25106.15	25138.15	17558	0	100
2025.11.06	23:00:00	25138.35	25192.56	25120.96	25189.06	8617	0	100
2025.11.07	01:00:00	25175.76	25220.76	25153.76	25201.66	4926	0	178
2025.11.07	02:00:00	25201.75	25235.25	25165.25	25208.95	10292	0	140
2025.11.07	03:00:00	25209.45	25218.45	25086.25	25157.25	14087	0	180
2025.11.07	04:00:00	25157.55	25159.65	25093.25	25153.95	11446	0	170
2025.11.07	05:00:00	25154.25	25166.45	25088.85	25108.95	10010	0	170
2025.11.07	06:00:00	25109.25	25149.95	25048.15	25138.65	10377	0	160
2025.11.07	07:00:00	25137.95	25220.65	25136.25	25220.65	9630	0	160
2025.11.07	08:00:00	25221.15	25228.75	25195.95	25213.75	7890	0	150
2025.11.07	09:00:00	25213.65	25236.95	25201.55	25224.35	7331	0	160
2025.11.07	10:00:00	25224.15	25242.65	25160.75	25201.15	11090	0	170
2025.11.07	11:00:00	25201.05	25216.55	25129.05	25148.05	10930	0	170
2025.11.07	12:00:00	25147.95	25165.85	25075.55	25107.05	10709	0	170
2025.11.07	13:00:00	25107.55	25107.95	24973.05	25068.35	13614	0	180
2025.11.07	14:00:00	25067.35	25083.35	24952.25	24980.65	13300	0	190
2025.11.07	15:00:00	24980.35	25035.15	24954.85	24999.65	14129	0	190
2025.11.07	16:00:00	24999.85	25012.05	24806.85	24892.75	16868	0	100
2025.11.07	17:00:00	24901.95	24933.05	24711.75	24711.75	19059	0	100
2025.11.07	18:00:00	24713.25	24749.35	24609.85	24636.55	17984	0	100
2025.11.07	19:00:00	24635.25	24751.95	24599.75	24731.95	17701	0	100
2025.11.07	20:00:00	24731.35	24843.25	24712.55	24812.55	17245	0	100
2025.11.07	21:00:00	24812.85	25010.75	24791.25	25008.65	17228	0	100
2025.11.07	22:00:00	25005.15	25066.05	24918.85	25058.55	17829	0	100
2025.11.07	23:00:00	25058.96	25113.56	25055.26	25111.66	7934	0	118
2025.11.10	01:00:00	25231.86	25249.96	25191.06	25228.86	9031	0	178
2025.11.10	02:00:00	25228.95	25238.85	25162.85	25223.35	13078	0	180
2025.11.10	03:00:00	25222.95	25330.55	25219.85	25322.25	12045	0	160
2025.11.10	04:00:00	25322.35	25342.35	25303.15	25325.55	8838	0	150
2025.11.10	05:00:00	25325.25	25381.65	25325.05	25354.15	8121	0	150
2025.11.10	06:00:00	25353.85	25379.35	25349.75	25359.95	7287	0	150
2025.11.10	07:00:00	25361.15	25389.75	25360.15	25377.15	7357	0	140
2025.11.10	08:00:00	25376.65	25395.05	25360.85	25363.55	7209	0	150
2025.11.10	09:00:00	25363.65	25392.95	25357.45	25383.15	7885	0	150
2025.11.10	10:00:00	25383.35	25426.85	25350.75	25425.75	10088	0	150
2025.11.10	11:00:00	25424.15	25461.95	25411.15	25446.35	10306	0	150
2025.11.10	12:00:00	25447.45	25451.35	25420.25	25423.05	7836	0	150
2025.11.10	13:00:00	25423.85	25439.65	25398.45	25439.15	7958	0	150
2025.11.10	14:00:00	25439.25	25444.85	25406.95	25432.25	9365	0	160
2025.11.10	15:00:00	25432.55	25452.35	25413.05	25449.15	8663	0	150
2025.11.10	16:00:00	25449.05	25551.25	25415.95	25532.55	17974	0	100
2025.11.10	17:00:00	25532.25	25560.45	25414.25	25419.95	22234	0	100
2025.11.10	18:00:00	25421.05	25434.55	25350.35	25418.75	22625	0	100
2025.11.10	19:00:00	25416.45	25544.45	25405.05	25532.55	18886	0	60
2025.11.10	20:00:00	25533.65	25579.55	25526.15	25544.45	14093	0	60
2025.11.10	21:00:00	25542.65	25612.35	25540.45	25598.35	13298	0	60
2025.11.10	22:00:00	25597.35	25655.95	25592.85	25610.05	15524	0	60
2025.11.10	23:00:00	25609.05	25641.26	25604.36	25628.76	6312	0	100
2025.11.11	01:00:00	25607.66	25643.96	25600.96	25640.66	6008	0	158
2025.11.11	02:00:00	25640.75	25667.15	25627.95	25637.65	8832	0	150
2025.11.11	03:00:00	25637.75	25666.05	25632.15	25641.55	11128	0	150
2025.11.11	04:00:00	25641.85	25652.55	25619.45	25633.75	8929	0	150
2025.11.11	05:00:00	25633.85	25643.75	25616.25	25635.35	7494	0	140
2025.11.11	06:00:00	25635.55	25638.55	25582.15	25588.65	7154	0	140
2025.11.11	07:00:00	25588.05	25593.95	25551.15	25551.65	11209	0	160
2025.11.11	08:00:00	25551.75	25602.75	25551.05	25582.55	8555	0	150
2025.11.11	09:00:00	25583.25	25588.75	25544.25	25551.35	7859	0	160
2025.11.11	10:00:00	25551.25	25580.45	25529.05	25532.55	11052	0	160
2025.11.11	11:00:00	25533.55	25553.05	25495.35	25501.45	9860	0	160
2025.11.11	12:00:00	25501.55	25531.05	25494.65	25519.55	7954	0	150
2025.11.11	13:00:00	25519.35	25541.75	25507.15	25521.55	8211	0	150
2025.11.11	14:00:00	25521.45	25537.25	25481.25	25489.45	9461	0	150
2025.11.11	15:00:00	25490.05	25523.95	25471.05	25495.35	10271	0	150
2025.11.11	16:00:00	25495.25	25544.35	25459.35	25525.85	18147	0	60
2025.11.11	17:00:00	25525.75	25526.35	25386.55	25412.15	23267	0	100
2025.11.11	18:00:00	25411.85	25489.95	25377.55	25409.05	20691	0	60
2025.11.11	19:00:00	25409.15	25529.85	25405.75	25516.55	19015	0	60
2025.11.11	20:00:00	25516.75	25591.55	25506.25	25587.05	19234	0	60
2025.11.11	21:00:00	25586.35	25586.35	25538.65	25559.05	16462	0	60
2025.11.11	22:00:00	25559.85	25581.85	25513.55	25540.25	15722	0	60
2025.11.11	23:00:00	25540.65	25580.36	25519.86	25558.46	7270	0	100
2025.11.12	01:00:00	25558.66	25567.36	25525.06	25545.86	5037	0	158
2025.11.12	02:00:00	25545.95	25593.25	25545.95	25580.15	8545	0	140
2025.11.12	03:00:00	25580.05	25634.25	25574.85	25626.25	10717	0	150
2025.11.12	04:00:00	25626.35	25656.45	25606.25	25620.85	8391	0	140
2025.11.12	05:00:00	25621.25	25630.25	25605.55	25624.75	7181	0	140
2025.11.12	06:00:00	25623.95	25627.25	25590.15	25611.75	7469	0	140
2025.11.12	07:00:00	25611.25	25650.05	25607.95	25639.15	6909	0	140
2025.11.12	08:00:00	25639.05	25670.75	25636.95	25666.95	5397	0	130
2025.11.12	09:00:00	25667.35	25708.55	25667.35	25674.15	5667	0	130
2025.11.12	10:00:00	25674.65	25706.15	25659.95	25689.15	9494	0	150
2025.11.12	11:00:00	25688.25	25720.65	25666.65	25714.95	8348	0	140
2025.11.12	12:00:00	25715.05	25725.45	25675.55	25692.35	6924	0	140
2025.11.12	13:00:00	25692.25	25699.75	25624.95	25632.15	8908	0	140
2025.11.12	14:00:00	25632.35	25698.95	25616.85	25688.15	9349	0	150
2025.11.12	15:00:00	25687.15	25707.95	25682.95	25696.05	7877	0	140
2025.11.12	16:00:00	25696.25	25697.05	25458.25	25489.75	17578	0	60
2025.11.12	17:00:00	25490.05	25555.55	25427.95	25452.95	23968	0	100
2025.11.12	18:00:00	25453.55	25503.75	25385.05	25428.25	22680	0	100
2025.11.12	19:00:00	25428.45	25524.55	25416.75	25506.25	21611	0	70
2025.11.12	20:00:00	25506.15	25534.35	25480.55	25510.05	19384	0	60
2025.11.12	21:00:00	25510.35	25521.75	25450.35	25478.05	18091	0	60
2025.11.12	22:00:00	25478.15	25548.35	25442.35	25522.35	18811	0	60
2025.11.12	23:00:00	25522.15	25550.46	25515.86	25535.46	6961	0	100
2025.11.13	01:00:00	25435.96	25466.46	25401.46	25439.86	9009	0	178
2025.11.13	02:00:00	25440.06	25498.25	25437.75	25463.95	11059	0	170
2025.11.13	03:00:00	25462.55	25618.75	25456.55	25590.55	15744	0	180
2025.11.13	04:00:00	25590.45	25600.85	25546.45	25558.25	10229	0	160
2025.11.13	05:00:00	25558.15	25592.05	25532.85	25575.35	9474	0	160
2025.11.13	06:00:00	25575.15	25594.95	25563.95	25588.35	6910	0	140
2025.11.13	07:00:00	25588.45	25608.65	25585.75	25596.15	6684	0	130
2025.11.13	08:00:00	25596.35	25620.15	25584.25	25610.85	6698	0	140
2025.11.13	09:00:00	25609.95	25620.45	25563.85	25565.75	8619	0	150
2025.11.13	10:00:00	25565.85	25586.25	25542.35	25576.65	11627	0	160
2025.11.13	11:00:00	25577.15	25583.35	25430.45	25466.35	13318	0	160
2025.11.13	12:00:00	25466.55	25528.05	25461.25	25496.55	9636	0	160
2025.11.13	13:00:00	25496.35	25525.95	25447.25	25489.35	11333	0	170
2025.11.13	14:00:00	25489.55	25514.45	25449.85	25484.35	11419	0	170
2025.11.13	15:00:00	25483.55	25495.65	25391.15	25397.15	13352	0	170
2025.11.13	16:00:00	25396.95	25408.25	25180.25	25280.85	20982	0	100
2025.11.13	17:00:00	25280.15	25395.75	25098.25	25158.45	24709	0	100
2025.11.13	18:00:00	25158.35	25176.95	25059.85	25093.15	24010	0	100
2025.11.13	19:00:00	25092.85	25154.25	25025.95	25035.95	23034	0	100
2025.11.13	20:00:00	25035.85	25063.45	24912.65	24970.35	23199	0	100
2025.11.13	21:00:00	24970.15	25031.65	24902.45	24953.45	22524	0	100
2025.11.13	22:00:00	24953.75	25043.35	24916.65	24999.75	22923	0	100
2025.11.13	23:00:00	24998.75	25067.36	24986.86	24998.46	10505	0	100
2025.11.14	01:00:00	25033.86	25055.36	25005.56	25011.66	8159	0	188
2025.11.14	02:00:00	25011.56	25045.75	24998.95	25010.15	11148	0	170
2025.11.14	03:00:00	25010.05	25052.65	25007.15	25021.85	12537	0	170
2025.11.14	04:00:00	25022.95	25057.45	25022.25	25037.85	9290	0	160
2025.11.14	05:00:00	25037.75	25047.95	24990.75	25014.25	8508	0	150
2025.11.14	06:00:00	25015.25	25022.25	24925.95	24940.25	11847	0	170
2025.11.14	07:00:00	24939.75	25021.65	24879.45	25005.15	13088	0	180
2025.11.14	08:00:00	25004.65	25007.05	24908.65	24973.15	12158	0	180
2025.11.14	09:00:00	24973.35	24977.85	24837.75	24902.25	14455	0	190
2025.11.14	10:00:00	24904.65	24915.35	24804.45	24887.25	17320	0	190
2025.11.14	11:00:00	24887.45	24938.75	24835.35	24844.65	14160	0	190
2025.11.14	12:00:00	24844.75	24897.65	24831.75	24847.65	11843	0	180
2025.11.14	13:00:00	24847.85	24847.85	24681.15	24732.65	16138	0	190
2025.11.14	14:00:00	24731.25	24735.95	24574.95	24627.75	18724	0	190
2025.11.14	15:00:00	24626.85	24670.25	24561.75	24621.25	18870	0	190
2025.11.14	16:00:00	24621.15	24874.15	24530.45	24858.35	22082	0	100
2025.11.14	17:00:00	24858.05	25082.65	24767.65	25048.45	25796	0	100
2025.11.14	18:00:00	25048.65	25172.35	24974.85	25153.15	24081	0	100
2025.11.14	19:00:00	25152.95	25198.55	25066.15	25108.85	23530	0	100
2025.11.14	20:00:00	25109.55	25129.45	24994.65	25079.35	23290	0	100
2025.11.14	21:00:00	25079.15	25147.65	25031.05	25134.15	21731	0	100
2025.11.14	22:00:00	25134.05	25157.05	24980.25	25014.05	22019	0	100
2025.11.14	23:00:00	25014.25	25070.26	24984.76	25048.96	9912	0	100
2025.11.17	01:00:00	24942.96	25100.66	24935.36	25082.76	9650	0	198
2025.11.17	02:00:00	25082.66	25155.85	25025.95	25143.85	14457	0	180
2025.11.17	03:00:00	25143.95	25168.35	25110.95	25111.95	13990	0	170
2025.11.17	04:00:00	25111.55	25171.55	25111.55	25164.35	11111	0	170
2025.11.17	05:00:00	25164.05	25182.15	25149.35	25177.85	8518	0	160
2025.11.17	06:00:00	25178.25	25197.45	25170.15	25187.75	6471	0	140
2025.11.17	07:00:00	25187.65	25198.95	25155.25	25158.85	7482	0	150
2025.11.17	08:00:00	25159.15	25183.85	25141.95	25151.05	8067	0	160
2025.11.17	09:00:00	25149.65	25239.75	25144.25	25226.15	8412	0	160
2025.11.17	10:00:00	25226.05	25273.75	25214.85	25268.55	11284	0	170
2025.11.17	11:00:00	25267.15	25273.65	25176.95	25196.45	12094	0	170
2025.11.17	12:00:00	25197.05	25202.25	25084.35	25111.45	12696	0	170
2025.11.17	13:00:00	25110.75	25157.05	25083.05	25115.45	12141	0	180
2025.11.17	14:00:00	25115.25	25115.25	25025.05	25043.85	14277	0	190
2025.11.17	15:00:00	25042.95	25051.55	24923.25	24991.75	16057	0	190
2025.11.17	16:00:00	24991.05	25167.45	24868.75	25111.55	21015	0	100
2025.11.17	17:00:00	25112.25	25126.55	24969.65	24993.05	25199	0	100
2025.11.17	18:00:00	24993.75	25113.45	24861.25	25109.65	23460	0	100
2025.11.17	19:00:00	25110.05	25112.45	24909.25	24912.75	22860	0	100
2025.11.17	20:00:00	24910.35	24962.45	24799.25	24807.35	23071	0	100
2025.11.17	21:00:00	24807.45	24823.05	24666.75	24668.55	23620	0	100
2025.11.17	22:00:00	24669.05	24802.25	24646.25	24796.75	23462	0	100
2025.11.17	23:00:00	24798.95	24837.16	24788.86	24807.36	9454	0	100
2025.11.18	01:00:00	24851.96	24866.86	24795.76	24832.66	7918	0	198
2025.11.18	02:00:00	24832.76	24851.35	24744.25	24766.45	13907	0	170
2025.11.18	03:00:00	24766.35	24872.75	24766.35	24848.65	15704	0	180
2025.11.18	04:00:00	24848.55	24866.85	24751.85	24754.05	13320	0	180
2025.11.18	05:00:00	24753.85	24754.55	24676.35	24697.85	14251	0	190
2025.11.18	06:00:00	24699.05	24699.05	24521.35	24644.45	17596	0	190
2025.11.18	07:00:00	24643.95	24680.35	24604.25	24621.85	14586	0	190
2025.11.18	08:00:00	24622.95	24660.95	24554.35	24574.25	13772	0	190
2025.11.18	09:00:00	24574.35	24655.05	24517.85	24613.75	14861	0	190
2025.11.18	10:00:00	24613.95	24770.25	24610.75	24718.55	18199	0	190
2025.11.18	11:00:00	24718.45	24772.85	24680.75	24751.35	14947	0	190
2025.11.18	12:00:00	24750.05	24760.05	24702.25	24739.35	12138	0	190
2025.11.18	13:00:00	24737.95	24749.05	24674.55	24714.35	12433	0	180
2025.11.18	14:00:00	24714.55	24715.05	24573.25	24607.85	16331	0	190
2025.11.18	15:00:00	24611.35	24681.55	24609.05	24645.45	17305	0	190
2025.11.18	16:00:00	24645.75	24745.65	24436.55	24438.45	22026	0	100
2025.11.18	17:00:00	24438.25	24523.65	24345.15	24372.05	26466	0	100
2025.11.18	18:00:00	24371.75	24610.75	24295.15	24567.55	25751	0	100
2025.11.18	19:00:00	24567.25	24697.15	24409.65	24665.05	24756	0	100
2025.11.18	20:00:00	24665.75	24717.65	24606.65	24623.95	24156	0	100
2025.11.18	21:00:00	24623.55	24723.65	24599.95	24689.05	23993	0	100
2025.11.18	22:00:00	24690.25	24709.65	24493.65	24495.45	23921	0	100
2025.11.18	23:00:00	24499.75	24506.86	24438.46	24452.16	11641	0	100
2025.11.19	01:00:00	24502.96	24545.26	24493.46	24506.66	7524	0	198
2025.11.19	02:00:00	24507.16	24516.45	24414.45	24472.35	16309	0	180
2025.11.19	03:00:00	24472.45	24542.55	24426.95	24467.35	17385	0	190
2025.11.19	04:00:00	24467.05	24564.65	24467.05	24562.65	13193	0	180
2025.11.19	05:00:00	24562.45	24572.15	24452.15	24458.15	13027	0	170
2025.11.19	06:00:00	24458.05	24478.35	24408.35	24438.35	13486	0	190
2025.11.19	07:00:00	24439.35	24473.95	24362.95	24451.15	13910	0	180
2025.11.19	08:00:00	24451.05	24488.45	24437.05	24468.05	11962	0	170
2025.11.19	09:00:00	24469.65	24542.45	24448.15	24524.05	11237	0	170
2025.11.19	10:00:00	24524.45	24567.45	24487.65	24506.45	14900	0	180
2025.11.19	11:00:00	24506.25	24598.25	24486.35	24593.25	13031	0	170
2025.11.19	12:00:00	24593.55	24625.45	24579.25	24615.95	10798	0	170
2025.11.19	13:00:00	24615.65	24646.65	24604.25	24608.35	11838	0	170
2025.11.19	14:00:00	24608.45	24638.25	24589.05	24611.75	12621	0	180
2025.11.19	15:00:00	24611.45	24624.85	24557.05	24581.05	14886	0	180
2025.11.19	16:00:00	24580.95	24817.75	24489.75	24810.55	21251	0	100
2025.11.19	17:00:00	24810.65	24903.75	24664.75	24685.25	24728	0	100
2025.11.19	18:00:00	24685.55	24702.35	24565.85	24631.85	24737	0	100
2025.11.19	19:00:00	24631.55	24637.15	24426.35	24550.85	24486	0	100
2025.11.19	20:00:00	24551.05	24629.25	24504.35	24604.05	23803	0	100
2025.11.19	21:00:00	24604.75	24615.75	24487.35	24575.25	23459	0	100
2025.11.19	22:00:00	24575.35	24746.35	24560.85	24641.55	23460	0	100
2025.11.19	23:00:00	24642.55	24891.86	24591.46	24878.96	17712	0	100
2025.11.20	01:00:00	24935.26	25024.46	24925.76	25022.46	11433	0	198
2025.11.20	02:00:00	25022.76	25075.25	25003.05	25041.25	12447	0	160
2025.11.20	03:00:00	25041.15	25081.05	25017.25	25070.55	12272	0	160
2025.11.20	04:00:00	25069.85	25084.45	25043.85	25082.75	10335	0	160
2025.11.20	05:00:00	25082.35	25109.75	25053.25	25083.55	11863	0	160
2025.11.20	06:00:00	25083.15	25102.75	25065.15	25101.55	9233	0	140
2025.11.20	07:00:00	25101.75	25122.55	25072.45	25082.95	9874	0	150
2025.11.20	08:00:00	25083.05	25099.05	25047.05	25089.95	9645	0	150
2025.11.20	09:00:00	25090.45	25120.85	25052.05	25064.35	10192	0	150
2025.11.20	10:00:00	25064.55	25098.25	25035.75	25046.95	13911	0	180
2025.11.20	11:00:00	25046.75	25058.45	24960.75	24973.35	14550	0	180
2025.11.20	12:00:00	24973.55	25039.65	24936.75	25027.25	12609	0	170
2025.11.20	13:00:00	25027.55	25040.95	24962.05	25001.85	13819	0	180
2025.11.20	14:00:00	25001.75	25072.25	24975.05	25070.05	12689	0	170
2025.11.20	15:00:00	25070.15	25178.75	25035.05	25144.25	18435	0	180
2025.11.20	16:00:00	25144.75	25205.75	25061.95	25186.55	22742	0	100
2025.11.20	17:00:00	25188.55	25223.15	25072.05	25077.15	25187	0	100
2025.11.20	18:00:00	25076.45	25077.15	24427.25	24469.45	26484	0	100
2025.11.20	19:00:00	24468.65	24556.55	24223.95	24309.15	27160	0	100
2025.11.20	20:00:00	24309.25	24513.45	24152.25	24194.55	26067	0	100
2025.11.20	21:00:00	24193.15	24316.45	24120.95	24311.45	25304	0	100
2025.11.20	22:00:00	24311.55	24311.55	24015.65	24049.15	25218	0	100
2025.11.20	23:00:00	24049.95	24053.46	23997.36	24013.26	13090	0	100
2025.11.21	01:00:00	23999.96	24091.46	23944.76	24061.76	13377	0	208
2025.11.21	02:00:00	24061.06	24129.55	24038.35	24107.65	14763	0	180
2025.11.21	03:00:00	24107.45	24159.95	24090.55	24130.35	16012	0	190
2025.11.21	04:00:00	24131.15	24141.05	24082.45	24097.95	14257	0	190
2025.11.21	05:00:00	24098.05	24162.15	24085.05	24116.85	13254	0	180
2025.11.21	06:00:00	24116.65	24127.55	24023.15	24096.05	13000	0	180
2025.11.21	07:00:00	24095.95	24131.35	24052.85	24066.15	13412	0	190
2025.11.21	08:00:00	24067.65	24123.95	24055.35	24100.35	11447	0	180
2025.11.21	09:00:00	24099.75	24123.45	23985.95	24003.35	12941	0	180
2025.11.21	10:00:00	24003.15	24139.35	24003.15	24131.95	17625	0	190
2025.11.21	11:00:00	24133.05	24141.95	23956.15	23960.15	16866	0	190
2025.11.21	12:00:00	23960.05	24019.45	23829.05	24016.55	19422	0	190
2025.11.21	13:00:00	24017.35	24078.15	23935.15	23981.65	16459	0	190
2025.11.21	14:00:00	23981.15	24186.45	23879.45	24114.95	21364	0	190
2025.11.21	15:00:00	24116.45	24216.85	24069.35	24168.85	19795	0	190
2025.11.21	16:00:00	24168.05	24222.65	24027.15	24102.15	23524	0	100
2025.11.21	17:00:00	24122.85	24153.35	23853.35	23947.35	27112	0	100
2025.11.21	18:00:00	23947.25	24298.35	23860.85	24297.35	26067	0	100
2025.11.21	19:00:00	24297.75	24339.75	24232.65	24275.05	25057	0	100
2025.11.21	20:00:00	24275.25	24481.65	24129.25	24403.65	25223	0	100
2025.11.21	21:00:00	24402.65	24521.55	24353.35	24385.35	24413	0	100
2025.11.21	22:00:00	24384.55	24421.75	24210.75	24240.25	24396	0	100
2025.11.21	23:00:00	24239.35	24282.66	24227.26	24261.26	10678	0	100
2025.11.24	01:00:00	24416.16	24452.06	24387.06	24401.36	8712	0	208
2025.11.24	02:00:00	24401.16	24401.25	24335.15	24375.85	10874	0	180
2025.11.24	03:00:00	24375.95	24412.25	24345.15	24379.75	13295	0	180
2025.11.24	04:00:00	24379.45	24446.85	24363.65	24445.25	12207	0	170
2025.11.24	05:00:00	24445.75	24452.55	24406.55	24414.75	9641	0	160
2025.11.24	06:00:00	24414.85	24421.35	24362.15	24382.75	10711	0	170
2025.11.24	07:00:00	24382.65	24441.55	24375.95	24425.85	10070	0	160
2025.11.24	08:00:00	24426.05	24431.35	24392.65	24406.45	7984	0	150
2025.11.24	09:00:00	24406.05	24454.95	24380.55	24442.65	8628	0	150
2025.11.24	10:00:00	24443.55	24492.65	24386.35	24482.45	14440	0	180
2025.11.24	11:00:00	24481.25	24492.75	24297.25	24352.85	16340	0	180
2025.11.24	12:00:00	24352.75	24368.45	24292.35	24331.85	13791	0	190
2025.11.24	13:00:00	24331.95	24392.15	24307.75	24385.45	12749	0	190
2025.11.24	14:00:00	24385.85	24446.25	24353.35	24435.95	13631	0	190
2025.11.24	15:00:00	24434.15	24493.95	24422.35	24428.45	13243	0	180
2025.11.24	16:00:00	24428.75	24652.15	24425.15	24613.15	21254	0	100
2025.11.24	17:00:00	24613.65	24747.15	24595.85	24710.85	24610	0	100
2025.11.24	18:00:00	24709.95	24820.05	24709.95	24777.45	21987	0	70
2025.11.24	19:00:00	24777.05	24866.55	24760.05	24847.85	20241	0	60
2025.11.24	20:00:00	24847.95	24881.45	24842.25	24853.75	16574	0	60
2025.11.24	21:00:00	24853.45	24887.75	24821.75	24841.65	17313	0	60
2025.11.24	22:00:00	24841.75	24919.85	24840.75	24864.35	18436	0	60
2025.11.24	23:00:00	24863.85	24901.46	24852.36	24893.06	8602	0	100
2025.11.25	01:00:00	24897.46	24915.16	24880.46	24888.76	6734	0	168
2025.11.25	02:00:00	24889.16	24892.45	24848.25	24886.95	11428	0	150
2025.11.25	03:00:00	24887.05	24891.35	24848.85	24852.35	11242	0	150
2025.11.25	04:00:00	24852.75	24884.65	24850.05	24876.25	10029	0	150
2025.11.25	05:00:00	24876.05	24887.85	24844.25	24852.65	9871	0	150
2025.11.25	06:00:00	24853.45	24882.25	24849.65	24863.65	7860	0	140
2025.11.25	07:00:00	24864.05	24884.55	24842.75	24850.05	8399	0	140
2025.11.25	08:00:00	24849.85	24867.55	24823.75	24830.85	7732	0	150
2025.11.25	09:00:00	24831.75	24864.55	24810.35	24843.65	8103	0	150
2025.11.25	10:00:00	24841.85	24860.15	24785.35	24795.35	13452	0	170
2025.11.25	11:00:00	24795.85	24828.15	24751.35	24786.15	13885	0	170
2025.11.25	12:00:00	24785.85	24822.75	24765.15	24815.65	12074	0	160
2025.11.25	13:00:00	24816.15	24826.45	24773.45	24803.85	11944	0	170
2025.11.25	14:00:00	24804.15	24904.35	24795.15	24839.65	15953	0	180
2025.11.25	15:00:00	24839.95	24884.74	24802.65	24812.55	17042	0	190
2025.11.25	16:00:00	24812.85	24821.05	24532.05	24747.65	21193	0	100
2025.11.25	17:00:00	24747.85	24802.25	24585.85	24748.05	25666	0	100
2025.11.25	18:00:00	24747.05	24842.65	24703.55	24829.25	22733	0	80
2025.11.25	19:00:00	24829.05	24989.65	24823.55	24916.15	20974	0	60
2025.11.25	20:00:00	24916.55	24980.95	24914.15	24955.95	19207	0	60
2025.11.25	21:00:00	24955.75	24963.95	24870.25	24945.95	19670	0	60
2025.11.25	22:00:00	24946.85	25067.05	24944.75	25012.15	18403	0	60
2025.11.25	23:00:00	25011.75	25030.76	24990.86	24996.36	6575	0	100
2025.11.26	01:00:00	25013.66	25025.86	24995.36	25018.86	4454	0	158
2025.11.26	02:00:00	25018.76	25059.45	24999.75	25053.15	7741	0	140
2025.11.26	03:00:00	25053.35	25103.25	25045.35	25099.05	10104	0	150
2025.11.26	04:00:00	25098.55	25115.95	25089.55	25114.65	6835	0	140
2025.11.26	05:00:00	25114.85	25128.05	25101.15	25113.95	5631	0	140
2025.11.26	06:00:00	25113.85	25120.95	25093.85	25101.05	4651	0	130
2025.11.26	07:00:00	25100.95	25135.05	25099.95	25132.35	6036	0	130
2025.11.26	08:00:00	25132.45	25153.85	25119.05	25144.15	5676	0	130
2025.11.26	09:00:00	25143.85	25168.25	25141.45	25144.75	5785	0	140
2025.11.26	10:00:00	25144.25	25156.95	25104.25	25104.75	11540	0	160
2025.11.26	11:00:00	25106.35	25107.55	25071.25	25085.15	11904	0	160
2025.11.26	12:00:00	25086.05	25140.25	25085.15	25133.75	8493	0	140
2025.11.26	13:00:00	25133.45	25151.15	25110.45	25115.55	9836	0	150
2025.11.26	14:00:00	25112.45	25121.55	25055.25	25111.85	14619	0	170
2025.11.26	15:00:00	25111.75	25155.65	25104.95	25151.05	13496	0	160
2025.11.26	16:00:00	25150.15	25216.85	25093.55	25106.25	20304	0	100
2025.11.26	17:00:00	25104.45	25207.55	25072.85	25204.85	23634	0	100
2025.11.26	18:00:00	25205.85	25312.15	25200.85	25291.75	17443	0	60
2025.11.26	19:00:00	25293.05	25305.75	25251.15	25274.05	16945	0	60
2025.11.26	20:00:00	25274.25	25295.15	25217.45	25252.45	18771	0	60
2025.11.26	21:00:00	25252.25	25290.65	25233.25	25267.55	14948	0	60
2025.11.26	22:00:00	25267.75	25295.55	25230.45	25232.55	15171	0	60
2025.11.26	23:00:00	25231.35	25265.96	25228.76	25246.66	6093	0	100
2025.11.27	01:00:00	25260.56	25273.96	25251.06	25261.16	3014	0	148
2025.11.27	02:00:00	25261.06	25270.75	25252.65	25268.25	6166	0	130
2025.11.27	03:00:00	25268.65	25276.95	25242.15	25271.85	8407	0	140
2025.11.27	04:00:00	25271.95	25275.75	25252.75	25254.25	6144	0	130
2025.11.27	05:00:00	25254.75	25260.25	25242.95	25251.15	5700	0	130
2025.11.27	06:00:00	25250.75	25264.05	25246.55	25262.65	3976	0	130
2025.11.27	07:00:00	25262.95	25274.75	25258.45	25261.95	3933	0	130
2025.11.27	08:00:00	25261.75	25265.25	25236.65	25240.55	4718	0	130
2025.11.27	09:00:00	25241.35	25263.65	25234.15	25260.25	4799	0	130
2025.11.27	10:00:00	25260.45	25266.35	25231.05	25239.05	8660	0	140
2025.11.27	11:00:00	25238.75	25264.15	25234.65	25241.35	6791	0	140
2025.11.27	12:00:00	25241.15	25257.15	25237.45	25255.55	4619	0	130
2025.11.27	13:00:00	25255.25	25262.85	25243.45	25244.25	4241	0	130
2025.11.27	14:00:00	25243.75	25253.15	25231.95	25234.95	4268	0	130
2025.11.27	15:00:00	25234.75	25252.95	25228.05	25238.35	5278	0	130
2025.11.27	16:00:00	25238.25	25256.05	25225.55	25234.35	5819	0	60
2025.11.27	17:00:00	25234.55	25245.25	25227.75	25238.45	3603	0	60
2025.11.27	18:00:00	25238.15	25242.05	25223.95	25234.05	2651	0	60
2025.11.27	19:00:00	25235.15	25240.25	25232.05	25239.05	1424	0	60
2025.11.28	01:00:00	25252.86	25271.46	25244.06	25267.36	3076	0	148
2025.11.28	02:00:00	25267.26	25290.35	25264.25	25280.75	2209	0	130
2025.11.28	03:00:00	25280.85	25306.15	25274.85	25281.65	1149	0	130
2025.11.28	04:00:00	25281.35	25290.45	25277.65	25287.15	610	0	130
2025.11.28	05:00:00	25287.15	25287.15	25285.15	25285.15	4	0	130
2025.11.28	06:00:00	25285.15	25285.15	25285.15	25285.15	3	0	130
2025.11.28	08:00:00	25285.15	25285.15	25283.65	25283.65	2	0	130
2025.11.28	15:00:00	25328.45	25328.45	25310.55	25310.65	334	0	130
2025.11.28	16:00:00	25311.15	25360.85	25271.35	25309.15	11512	0	60
2025.11.28	17:00:00	25309.55	25360.35	25292.15	25348.55	17026	0	60
2025.11.28	18:00:00	25348.75	25376.95	25311.75	25370.15	18162	0	60
2025.11.28	19:00:00	25370.25	25432.75	25338.15	25428.95	18133	0	60
2025.11.28	20:00:00	25430.05	25443.35	25412.45	25424.15	4011	0	60
2025.12.01	01:00:00	25423.06	25472.96	25392.86	25415.76	9144	0	188
2025.12.01	02:00:00	25415.96	25418.95	25256.65	25270.15	16205	0	180
2025.12.01	03:00:00	25269.65	25293.55	25214.75	25266.85	17046	0	170
2025.12.01	04:00:00	25266.95	25276.25	25217.05	25231.85	11769	0	160
2025.12.01	05:00:00	25230.95	25233.45	25187.65	25208.55	10154	0	160
2025.12.01	06:00:00	25208.85	25214.85	25176.55	25179.65	8376	0	150
2025.12.01	07:00:00	25180.15	25206.25	25143.05	25201.15	10402	0	160
2025.12.01	08:00:00	25200.65	25219.95	25181.75	25217.45	8849	0	150
2025.12.01	09:00:00	25217.65	25233.55	25187.55	25228.15	9106	0	150
2025.12.01	10:00:00	25228.25	25291.75	25217.45	25257.75	12746	0	170
2025.12.01	11:00:00	25257.55	25289.95	25221.75	25230.35	12387	0	170
2025.12.01	12:00:00	25230.45	25282.45	25230.45	25262.25	10806	0	160
2025.12.01	13:00:00	25261.35	25266.35	25229.25	25244.75	10878	0	160
2025.12.01	14:00:00	25244.65	25256.35	25160.25	25174.75	13619	0	170
2025.12.01	15:00:00	25174.55	25219.85	25163.95	25215.35	12532	0	170
2025.12.01	16:00:00	25213.75	25328.75	25158.75	25311.25	19423	0	60
2025.12.01	17:00:00	25311.25	25369.25	25217.45	25362.45	24123	0	100
2025.12.01	18:00:00	25365.25	25400.15	25272.75	25384.65	20598	0	60
2025.12.01	19:00:00	25384.55	25445.15	25363.95	25400.35	17643	0	60
2025.12.01	20:00:00	25400.15	25442.45	25396.45	25436.45	13965	0	60
2025.12.01	21:00:00	25434.65	25437.45	25304.25	25321.65	18027	0	60
2025.12.01	22:00:00	25321.35	25368.85	25313.05	25350.85	17820	0	60
2025.12.01	23:00:00	25348.85	25357.76	25330.56	25350.16	5823	0	100
2025.12.02	01:00:00	25360.86	25374.86	25328.76	25348.46	6186	0	168
2025.12.02	02:00:00	25348.96	25367.95	25334.05	25358.65	8616	0	130
2025.12.02	03:00:00	25358.15	25394.35	25350.45	25363.35	10311	0	130
2025.12.02	04:00:00	25362.55	25382.15	25336.25	25374.15	7332	0	140
2025.12.02	05:00:00	25373.95	25376.15	25298.75	25340.55	8786	0	140
2025.12.02	06:00:00	25340.75	25350.15	25316.95	25321.75	5826	0	140
2025.12.02	07:00:00	25322.55	25333.75	25310.05	25323.25	6737	0	140
2025.12.02	08:00:00	25321.65	25336.55	25284.75	25318.95	7375	0	140
2025.12.02	09:00:00	25319.05	25336.95	25300.65	25308.15	6735	0	150
2025.12.02	10:00:00	25307.75	25376.45	25274.75	25370.75	11358	0	150
2025.12.02	11:00:00	25370.85	25400.75	25368.45	25391.75	8784	0	150
2025.12.02	12:00:00	25391.25	25449.45	25386.55	25439.55	7006	0	140
2025.12.02	13:00:00	25439.85	25458.25	25428.05	25431.35	7271	0	140
2025.12.02	14:00:00	25431.05	25449.95	25408.15	25448.75	9256	0	150
2025.12.02	15:00:00	25448.85	25464.25	25431.15	25456.35	8972	0	140
2025.12.02	16:00:00	25456.65	25562.65	25422.15	25547.35	18361	0	60
2025.12.02	17:00:00	25547.45	25619.95	25482.85	25597.95	22563	0	100
2025.12.02	18:00:00	25599.15	25613.55	25364.95	25459.45	23741	0	100
2025.12.02	19:00:00	25459.35	25572.65	25454.95	25456.55	19337	0	60
2025.12.02	20:00:00	25456.65	25537.35	25447.35	25527.45	19675	0	60
2025.12.02	21:00:00	25527.65	25592.75	25513.85	25584.05	17776	0	60
2025.12.02	22:00:00	25583.85	25596.85	25541.65	25549.95	15937	0	60
2025.12.02	23:00:00	25550.45	25556.86	25537.66	25542.16	5136	0	100
2025.12.03	01:00:00	25567.86	25584.16	25562.16	25574.96	2734	0	148
2025.12.03	02:00:00	25575.16	25590.25	25527.45	25577.95	10031	0	150
2025.12.03	03:00:00	25579.95	25600.25	25575.85	25590.95	7931	0	140
2025.12.03	04:00:00	25591.45	25624.75	25588.05	25606.25	6151	0	130
2025.12.03	05:00:00	25606.45	25626.55	25594.15	25619.25	4780	0	130
2025.12.03	06:00:00	25618.95	25624.15	25608.75	25610.95	3015	0	130
2025.12.03	07:00:00	25611.15	25626.65	25606.95	25611.45	3851	0	130
2025.12.03	08:00:00	25611.65	25616.15	25589.05	25608.65	5422	0	130
2025.12.03	09:00:00	25608.85	25627.85	25594.65	25602.25	4841	0	140
2025.12.03	10:00:00	25602.15	25618.35	25564.35	25610.95	10000	0	150
2025.12.03	11:00:00	25609.95	25612.25	25565.05	25588.75	9202	0	150
2025.12.03	12:00:00	25588.65	25601.65	25556.85	25575.35	6613	0	140
2025.12.03	13:00:00	25576.65	25595.65	25561.45	25585.25	6706	0	140
2025.12.03	14:00:00	25585.45	25615.05	25565.95	25606.05	6859	0	140
2025.12.03	15:00:00	25605.85	25628.05	25591.25	25599.95	8706	0	140
2025.12.03	16:00:00	25600.05	25603.95	25372.55	25448.25	24553	0	100
2025.12.03	17:00:00	25447.65	25556.65	25441.75	25514.15	23613	0	100
2025.12.03	18:00:00	25514.65	25572.75	25473.55	25512.05	21276	0	60
2025.12.03	19:00:00	25512.35	25588.45	25506.85	25578.55	17476	0	60
2025.12.03	20:00:00	25578.65	25607.35	25561.55	25582.05	13048	0	60
2025.12.03	21:00:00	25579.55	25625.35	25579.35	25623.45	11087	0	60
2025.12.03	22:00:00	25623.55	25638.85	25594.95	25611.25	12848	0	60
2025.12.03	23:00:00	25611.55	25614.46	25589.56	25590.26	4533	0	100
2025.12.04	01:00:00	25603.76	25612.16	25593.26	25602.36	2526	0	148
2025.12.04	02:00:00	25602.45	25619.85	25577.35	25587.55	6935	0	130
2025.12.04	03:00:00	25587.45	25617.15	25583.05	25595.85	7978	0	140
2025.12.04	04:00:00	25596.15	25610.15	25574.75	25603.55	6328	0	130
2025.12.04	05:00:00	25603.85	25604.05	25568.75	25585.65	5505	0	130
2025.12.04	06:00:00	25586.15	25597.65	25574.15	25594.45	3915	0	130
2025.12.04	07:00:00	25594.35	25604.05	25583.75	25594.65	4513	0	130
2025.12.04	08:00:00	25594.75	25617.05	25594.35	25609.65	4134	0	130
2025.12.04	09:00:00	25609.45	25624.35	25606.05	25611.15	4294	0	130
2025.12.04	10:00:00	25610.95	25612.35	25558.25	25588.95	11037	0	140
2025.12.04	11:00:00	25588.85	25646.75	25566.25	25638.85	9246	0	140
2025.12.04	12:00:00	25639.15	25645.85	25595.75	25598.75	7108	0	140
2025.12.04	13:00:00	25599.15	25611.55	25581.35	25610.45	8179	0	150
2025.12.04	14:00:00	25609.95	25628.75	25607.05	25613.55	7104	0	140
2025.12.04	15:00:00	25613.35	25620.75	25573.45	25586.45	9337	0	140
2025.12.04	16:00:00	25586.65	25686.55	25495.75	25509.85	20669	0	60
2025.12.04	17:00:00	25509.75	25593.75	25476.35	25524.65	23405	0	100
2025.12.04	18:00:00	25524.85	25605.05	25461.55	25597.45	20746	0	60
2025.12.04	19:00:00	25597.05	25606.45	25541.35	25572.95	17097	0	60
2025.12.04	20:00:00	25572.85	25587.55	25530.05	25559.25	14480	0	60
2025.12.04	21:00:00	25559.05	25567.45	25444.45	25544.95	18463	0	60
2025.12.04	22:00:00	25544.55	25587.25	25507.45	25581.55	17851	0	60
2025.12.04	23:00:00	25581.75	25592.16	25571.66	25581.76	4487	0	100
2025.12.05	01:00:00	25599.16	25600.26	25566.66	25580.56	4252	0	148
2025.12.05	02:00:00	25579.16	25614.65	25569.55	25612.45	8123	0	140
2025.12.05	03:00:00	25612.95	25641.75	25611.65	25639.75	7455	0	130
2025.12.05	04:00:00	25639.85	25670.75	25637.45	25647.25	5213	0	130
2025.12.05	05:00:00	25646.95	25664.85	25641.25	25658.75	4588	0	130
2025.12.05	06:00:00	25658.25	25675.15	25655.65	25670.25	4535	0	130
2025.12.05	07:00:00	25670.15	25682.05	25665.95	25681.55	3890	0	130
2025.12.05	08:00:00	25681.25	25688.25	25661.95	25670.75	4275	0	130
2025.12.05	09:00:00	25670.55	25687.05	25664.05	25683.15	4125	0	130
2025.12.05	10:00:00	25683.75	25712.85	25679.55	25682.85	8256	0	140
2025.12.05	11:00:00	25682.15	25693.85	25664.35	25676.15	6636	0	130
2025.12.05	12:00:00	25675.85	25690.35	25670.45	25674.45	4593	0	130
2025.12.05	13:00:00	25674.25	25684.85	25662.75	25677.25	5125	0	130
2025.12.05	14:00:00	25677.15	25690.65	25647.15	25661.15	7391	0	140
2025.12.05	15:00:00	25660.95	25667.85	25538.25	25571.75	10944	0	140
2025.12.05	16:00:00	25572.05	25761.35	25569.55	25748.26	21553	0	60
2025.12.05	17:00:00	25748.16	25825.95	25674.95	25700.65	25494	0	60
2025.12.05	18:00:00	25700.85	25724.85	25609.65	25687.95	27232	0	60
2025.12.05	19:00:00	25688.15	25699.35	25623.55	25689.15	22082	0	60
2025.12.05	20:00:00	25688.65	25719.05	25660.75	25687.85	16643	0	60
2025.12.05	21:00:00	25687.95	25705.05	25664.25	25699.05	15869	0	60
2025.12.05	22:00:00	25698.75	25701.75	25639.05	25687.45	16557	0	60
2025.12.05	23:00:00	25687.55	25704.46	25684.56	25697.86	4377	0	100
2025.12.08	01:00:00	25701.86	25719.86	25683.56	25709.76	5709	0	158
2025.12.08	02:00:00	25709.46	25714.25	25664.55	25710.55	10867	0	140
2025.12.08	03:00:00	25710.75	25735.05	25707.05	25732.35	7702	0	130
2025.12.08	04:00:00	25732.15	25747.15	25726.25	25746.35	5111	0	130
2025.12.08	05:00:00	25746.45	25758.25	25741.05	25753.35	3741	0	130
2025.12.08	06:00:00	25753.45	25766.95	25751.35	25762.65	3075	0	130
2025.12.08	07:00:00	25762.75	25767.95	25754.95	25758.35	3650	0	130
2025.12.08	08:00:00	25758.25	25774.75	25749.75	25754.25	3555	0	130
2025.12.08	09:00:00	25753.65	25783.55	25742.05	25767.65	5039	0	130
2025.12.08	10:00:00	25767.75	25768.75	25731.25	25736.85	8899	0	150
2025.12.08	11:00:00	25737.45	25760.15	25731.95	25736.85	7117	0	140
2025.12.08	12:00:00	25736.65	25761.35	25724.95	25756.45	6592	0	140
2025.12.08	13:00:00	25756.65	25760.05	25734.25	25738.15	6261	0	140
2025.12.08	14:00:00	25736.65	25773.55	25727.75	25766.25	6431	0	130
2025.12.08	15:00:00	25766.65	25795.45	25747.45	25773.05	7875	0	140
2025.12.08	16:00:00	25772.75	25823.45	25686.55	25706.95	19716	0	60
2025.12.08	17:00:00	25707.15	25740.65	25613.05	25624.65	25427	0	100
2025.12.08	18:00:00	25624.55	25633.05	25590.75	25602.95	22736	0	60
2025.12.08	19:00:00	25603.35	25652.75	25557.25	25643.55	19715	0	60
2025.12.08	20:00:00	25643.45	25659.05	25529.05	25556.15	22295	0	60
2025.12.08	21:00:00	25553.85	25586.05	25531.75	25555.75	17923	0	60
2025.12.08	22:00:00	25555.35	25635.75	25546.45	25632.95	15560	0	60
2025.12.08	23:00:00	25633.05	25668.36	25619.76	25664.96	7622	0	60
2025.12.09	01:00:00	25683.66	25693.96	25658.56	25692.76	5309	0	148
2025.12.09	02:00:00	25692.56	25693.25	25677.45	25685.45	5779	0	130
2025.12.09	03:00:00	25685.35	25694.25	25651.25	25658.15	7773	0	140
2025.12.09	04:00:00	25657.95	25674.05	25641.35	25658.35	6439	0	140
2025.12.09	05:00:00	25658.25	25667.25	25651.45	25664.75	5591	0	130
2025.12.09	06:00:00	25664.25	25665.55	25649.35	25653.75	4460	0	130
2025.12.09	07:00:00	25654.15	25655.65	25629.05	25629.25	5563	0	130
2025.12.09	08:00:00	25629.65	25653.85	25613.05	25649.55	6344	0	130
2025.12.09	09:00:00	25648.65	25662.75	25642.15	25657.95	5976	0	130
2025.12.09	10:00:00	25656.35	25678.25	25648.65	25661.55	9648	0	140
2025.12.09	11:00:00	25661.45	25662.05	25616.35	25622.45	8813	0	140
2025.12.09	12:00:00	25622.65	25657.95	25567.95	25634.05	9837	0	140
2025.12.09	13:00:00	25633.75	25646.95	25596.65	25637.45	9509	0	150
2025.12.09	14:00:00	25638.45	25641.85	25611.35	25630.35	9123	0	150
2025.12.09	15:00:00	25630.25	25631.05	25573.25	25582.25	9681	0	150
2025.12.09	16:00:00	25582.05	25619.05	25526.45	25596.22	21581	0	120
2025.12.09	17:00:00	25595.92	25650.45	25584.45	25650.35	24314	0	120
2025.12.09	18:00:00	25650.05	25681.85	25634.55	25674.85	17179	0	120
2025.12.09	19:00:00	25675.35	25698.85	25654.65	25682.25	15709	0	120
2025.12.09	20:00:00	25682.15	25700.65	25655.75	25686.45	14623	0	120
2025.12.09	21:00:00	25686.75	25688.95	25648.25	25667.25	13272	0	120
2025.12.09	22:00:00	25665.95	25686.95	25653.15	25668.05	14380	0	120
2025.12.09	23:00:00	25668.75	25669.05	25641.36	25646.16	4136	0	120
2025.12.10	01:00:00	25651.36	25652.96	25637.66	25640.16	2850	0	148
2025.12.10	02:00:00	25640.25	25661.55	25618.45	25619.15	6415	0	130
2025.12.10	03:00:00	25618.95	25632.15	25607.95	25623.65	7650	0	130
2025.12.10	04:00:00	25623.85	25646.85	25622.65	25641.75	3930	0	130
2025.12.10	05:00:00	25641.85	25652.95	25631.95	25641.75	3995	0	130
2025.12.10	06:00:00	25641.85	25677.55	25641.85	25661.75	3497	0	130
2025.12.10	07:00:00	25661.65	25662.25	25636.65	25649.75	4935	0	130
2025.12.10	08:00:00	25649.95	25681.35	25649.25	25671.75	4504	0	130
2025.12.10	09:00:00	25671.15	25698.35	25666.35	25696.45	3809	0	130
2025.12.10	10:00:00	25697.75	25713.35	25673.65	25688.65	8790	0	130
2025.12.10	11:00:00	25689.35	25699.45	25671.75	25677.15	7968	0	140
2025.12.10	12:00:00	25677.25	25701.35	25583.65	25618.95	10819	0	150
2025.12.10	13:00:00	25617.45	25661.05	25607.15	25633.85	8869	0	150
2025.12.10	14:00:00	25633.75	25636.25	25595.85	25616.35	8234	0	140
2025.12.10	15:00:00	25616.65	25685.35	25613.05	25640.95	9743	0	150
2025.12.10	16:00:00	25640.85	25650.25	25535.65	25598.65	21940	0	120
2025.12.10	17:00:00	25598.95	25625.85	25520.15	25535.75	26253	0	120
2025.12.10	18:00:00	25535.85	25627.45	25498.15	25620.15	20379	0	120
2025.12.10	19:00:00	25619.65	25651.15	25585.35	25634.15	15145	0	120
2025.12.10	20:00:00	25634.35	25636.65	25564.65	25584.95	17314	0	120
2025.12.10	21:00:00	25584.75	25802.75	25574.95	25793.65	30290	0	120
2025.12.10	22:00:00	25793.45	25835.95	25757.75	25772.15	25803	0	120
2025.12.10	23:00:00	25771.95	25780.36	25727.76	25763.96	9040	0	120
2025.12.11	01:00:00	25733.86	25745.56	25687.96	25701.56	2996	0	148
2025.12.11	02:00:00	25701.26	25705.15	25643.35	25655.75	4650	0	140
2025.12.11	03:00:00	25655.55	25655.55	25623.55	25631.85	5786	0	140
2025.12.11	04:00:00	25631.25	25633.05	25495.85	25521.05	11228	0	160
2025.12.11	05:00:00	25521.15	25522.25	25356.15	25458.05	17833	0	180
2025.12.11	06:00:00	25457.75	25504.45	25448.15	25480.15	9410	0	150
2025.12.11	07:00:00	25480.45	25493.35	25455.75	25485.85	8167	0	150
2025.12.11	08:00:00	25486.15	25495.35	25443.95	25481.35	8755	0	160
2025.12.11	09:00:00	25481.55	25514.15	25446.85	25511.55	8245	0	150
2025.12.11	10:00:00	25511.25	25515.25	25445.95	25508.45	14253	0	170
2025.12.11	11:00:00	25507.85	25594.75	25500.95	25575.55	11861	0	160
2025.12.11	12:00:00	25576.65	25588.25	25552.05	25569.05	9320	0	150
2025.12.11	13:00:00	25569.25	25601.55	25563.15	25594.75	8730	0	140
2025.12.11	14:00:00	25593.65	25672.35	25589.25	25664.05	10975	0	160
2025.12.11	15:00:00	25664.25	25670.95	25604.15	25615.45	11558	0	150
2025.12.11	16:00:00	25615.95	25652.45	25372.75	25385.25	22224	0	120
2025.12.11	17:00:00	25385.35	25601.05	25362.75	25502.05	29343	0	120
2025.12.11	18:00:00	25503.05	25563.55	25430.65	25475.55	26865	0	120
2025.12.11	19:00:00	25475.15	25621.25	25470.05	25567.75	22276	0	120
2025.12.11	20:00:00	25566.85	25660.85	25557.35	25611.85	21064	0	120
2025.12.11	21:00:00	25611.15	25697.15	25610.05	25664.15	15854	0	120
2025.12.11	22:00:00	25664.05	25693.65	25635.15	25688.85	16653	0	120
2025.12.11	23:00:00	25689.25	25807.36	25682.66	25804.66	9820	0	120
2025.12.12	01:00:00	25686.96	25691.16	25628.16	25649.96	4118	0	168
2025.12.12	02:00:00	25650.05	25664.05	25620.75	25625.85	8826	0	150
2025.12.12	03:00:00	25626.05	25659.05	25625.35	25656.75	7218	0	140
2025.12.12	04:00:00	25656.65	25681.85	25653.55	25673.05	5812	0	130
2025.12.12	05:00:00	25673.15	25675.55	25642.75	25647.95	4468	0	130
2025.12.12	06:00:00	25647.55	25651.85	25632.45	25637.45	4335	0	130
2025.12.12	07:00:00	25636.95	25677.15	25636.45	25669.05	6455	0	130
2025.12.12	08:00:00	25669.15	25681.95	25654.75	25658.05	6275	0	130
2025.12.12	09:00:00	25656.95	25658.25	25635.95	25644.15	5819	0	140
2025.12.12	10:00:00	25645.65	25660.65	25630.15	25640.85	9746	0	150
2025.12.12	11:00:00	25640.95	25645.85	25540.55	25566.05	12332	0	160
2025.12.12	12:00:00	25564.65	25599.45	25543.95	25562.05	9621	0	150
2025.12.12	13:00:00	25562.25	25566.55	25511.15	25530.95	9589	0	150
2025.12.12	14:00:00	25531.15	25574.05	25516.55	25546.05	8900	0	150
2025.12.12	15:00:00	25545.75	25604.35	25537.45	25603.85	8868	0	140
2025.12.12	16:00:00	25603.55	25610.85	25480.35	25537.55	22581	0	120
2025.12.12	17:00:00	25537.65	25538.05	25197.65	25224.35	30181	0	120
2025.12.12	18:00:00	25224.55	25259.25	25101.55	25159.25	29785	0	120
2025.12.12	19:00:00	25158.65	25293.15	25147.05	25260.55	25436	0	120
2025.12.12	20:00:00	25261.95	25351.95	25246.65	25261.15	24192	0	120
2025.12.12	21:00:00	25261.95	25269.45	25199.25	25228.45	22397	0	120
2025.12.12	22:00:00	25228.25	25246.50	25129.55	25194.05	22533	0	120
2025.12.12	23:00:00	25194.25	25209.06	25183.16	25192.56	7097	0	120
2025.12.15	01:00:00	25165.26	25188.66	25121.76	25182.56	8734	0	168
2025.12.15	02:00:00	25182.06	25226.65	25175.25	25219.95	9135	0	140
2025.12.15	03:00:00	25219.75	25250.15	25207.05	25248.25	10527	0	140
2025.12.15	04:00:00	25248.15	25268.95	25239.85	25246.65	8069	0	140
2025.12.15	05:00:00	25246.85	25258.15	25230.75	25240.55	6605	0	130
2025.12.15	06:00:00	25240.85	25260.65	25218.95	25254.35	6028	0	130
2025.12.15	07:00:00	25254.05	25267.75	25240.45	25262.75	6244	0	130
2025.12.15	08:00:00	25262.65	25264.45	25234.95	25258.75	6586	0	140
2025.12.15	09:00:00	25258.95	25267.65	25222.85	25238.25	7298	0	140
2025.12.15	10:00:00	25237.75	25276.65	25216.45	25270.15	11837	0	160
2025.12.15	11:00:00	25269.85	25318.55	25259.75	25310.65	9565	0	150
2025.12.15	12:00:00	25310.75	25327.95	25302.75	25322.15	6855	0	130
2025.12.15	13:00:00	25321.95	25343.15	25313.65	25340.45	5548	0	130
2025.12.15	14:00:00	25340.35	25346.25	25309.55	25337.35	7959	0	130
2025.12.15	15:00:00	25337.65	25368.75	25322.25	25365.65	8416	0	130
2025.12.15	16:00:00	25365.25	25393.95	25199.75	25210.35	21056	0	120
2025.12.15	17:00:00	25210.65	25220.85	25020.75	25138.65	29800	0	120
2025.12.15	18:00:00	25138.35	25251.75	25105.05	25147.85	27192	0	120
2025.12.15	19:00:00	25148.65	25165.65	25063.05	25109.55	24745	0	120
2025.12.15	20:00:00	25109.05	25147.75	25059.35	25131.05	23418	0	120
2025.12.15	21:00:00	25131.55	25160.05	25086.05	25129.05	21794	0	120
2025.12.15	22:00:00	25128.25	25135.25	25061.35	25062.25	20212	0	120
2025.12.15	23:00:00	25061.75	25085.06	25056.06	25076.06	7063	0	120
2025.12.16	01:00:00	25099.76	25103.36	25018.66	25039.86	6992	0	158
2025.12.16	02:00:00	25039.66	25049.35	24974.55	24985.25	14902	0	160
2025.12.16	03:00:00	24985.15	24994.95	24845.65	24884.25	17901	0	160
2025.12.16	04:00:00	24885.75	24919.35	24858.65	24882.85	14960	0	170
2025.12.16	05:00:00	24882.45	24901.55	24836.75	24893.85	11768	0	150
2025.12.16	06:00:00	24892.85	24908.15	24854.85	24896.55	9970	0	150
2025.12.16	07:00:00	24896.35	24898.85	24839.15	24847.55	10633	0	150
2025.12.16	08:00:00	24848.45	24869.55	24838.95	24866.35	8914	0	150
2025.12.16	09:00:00	24868.05	24879.65	24809.25	24859.75	9719	0	150
2025.12.16	10:00:00	24859.85	24945.05	24858.85	24936.85	13359	0	170
2025.12.16	11:00:00	24934.45	24964.95	24900.65	24916.65	11237	0	160
2025.12.16	12:00:00	24916.85	25006.15	24901.85	24979.75	10501	0	160
2025.12.16	13:00:00	24979.45	25027.45	24969.95	25027.45	8939	0	160
2025.12.16	14:00:00	25027.35	25055.75	25014.65	25029.65	10545	0	160
2025.12.16	15:00:00	25029.35	25115.05	24975.65	24987.75	15661	0	170
2025.12.16	16:00:00	24988.05	25135.25	24943.65	25129.25	23698	0	120
2025.12.16	17:00:00	25128.85	25144.95	24917.95	25061.15	29732	0	120
2025.12.16	18:00:00	25060.35	25081.95	24952.65	25072.85	27511	0	120
2025.12.16	19:00:00	25074.25	25092.45	24932.95	24940.85	25483	0	120
2025.12.16	20:00:00	24936.85	25079.95	24914.85	25047.75	25536	0	120
2025.12.16	21:00:00	25048.15	25083.95	24960.35	25052.95	25017	0	120
2025.12.16	22:00:00	25053.15	25176.95	25046.25	25117.75	23780	0	120
2025.12.16	23:00:00	25117.15	25119.26	25053.06	25080.76	9246	0	120
2025.12.17	01:00:00	25068.56	25111.16	25044.86	25065.96	3748	0	178
2025.12.17	02:00:00	25065.66	25077.25	25016.25	25054.35	13445	0	160
2025.12.17	03:00:00	25055.15	25108.95	25055.15	25107.15	13378	0	170
2025.12.17	04:00:00	25106.75	25124.25	25077.75	25112.55	10399	0	160
2025.12.17	05:00:00	25112.75	25129.55	25091.25	25099.95	7858	0	160
2025.12.17	06:00:00	25100.45	25115.45	25061.05	25064.05	7631	0	150
2025.12.17	07:00:00	25064.25	25106.75	25041.55	25102.35	9087	0	150
2025.12.17	08:00:00	25102.45	25163.85	25101.45	25143.25	8521	0	150
2025.12.17	09:00:00	25143.55	25181.95	25131.45	25162.05	8416	0	160
2025.12.17	10:00:00	25162.35	25185.85	25137.75	25165.05	12606	0	170
2025.12.17	11:00:00	25162.95	25219.45	25152.45	25213.65	11005	0	160
2025.12.17	12:00:00	25212.65	25241.05	25205.25	25232.55	8769	0	150
2025.12.17	13:00:00	25232.65	25248.55	25216.85	25243.75	8361	0	160
2025.12.17	14:00:00	25243.55	25257.25	25223.55	25236.55	8190	0	140
2025.12.17	15:00:00	25236.25	25246.55	25148.35	25213.85	14181	0	150
2025.12.17	16:00:00	25213.95	25229.25	24995.55	25083.35	23773	0	120
2025.12.17	17:00:00	25083.45	25098.45	24787.05	24813.25	30238	0	120
2025.12.17	18:00:00	24811.95	24874.95	24740.95	24789.95	28874	0	120
2025.12.17	19:00:00	24789.75	24846.15	24737.85	24784.15	26365	0	120
2025.12.17	20:00:00	24785.15	24839.65	24699.25	24722.85	23528	0	120
2025.12.17	21:00:00	24722.25	24749.45	24687.05	24739.85	21703	0	120
2025.12.17	22:00:00	24739.95	24747.55	24652.55	24655.35	21728	0	120
2025.12.17	23:00:00	24655.25	24759.36	24655.25	24727.76	9683	0	120
2025.12.18	01:00:00	24747.16	24752.66	24692.06	24699.16	6697	0	168
2025.12.18	02:00:00	24699.25	24764.25	24668.25	24753.85	14502	0	170
2025.12.18	03:00:00	24754.05	24763.15	24717.85	24728.35	13354	0	170
2025.12.18	04:00:00	24728.05	24778.45	24722.95	24735.75	11308	0	160
2025.12.18	05:00:00	24735.45	24738.85	24669.45	24707.35	9773	0	160
2025.12.18	06:00:00	24707.45	24757.55	24705.65	24754.95	7254	0	150
2025.12.18	07:00:00	24753.65	24761.15	24732.25	24751.95	7871	0	150
2025.12.18	08:00:00	24751.75	24757.85	24720.85	24749.95	7205	0	150
2025.12.18	09:00:00	24750.45	24806.65	24748.85	24795.95	8768	0	160
2025.12.18	10:00:00	24796.25	24838.15	24773.55	24819.85	12301	0	160
2025.12.18	11:00:00	24817.85	24862.45	24796.05	24861.35	9581	0	160
2025.12.18	12:00:00	24862.15	24864.25	24830.65	24844.65	6808	0	150
2025.12.18	13:00:00	24844.75	24868.95	24839.35	24865.85	6713	0	140
2025.12.18	14:00:00	24865.55	24879.65	24850.55	24860.15	8771	0	140
2025.12.18	15:00:00	24859.95	25028.85	24830.05	24988.75	16827	0	160
2025.12.18	16:00:00	24987.55	25094.65	24927.05	25043.05	24449	0	120
2025.12.18	17:00:00	25042.55	25172.45	24940.65	25131.65	29228	0	120
2025.12.18	18:00:00	25131.45	25176.65	25109.15	25151.95	24466	0	120
2025.12.18	19:00:00	25150.45	25150.95	24950.55	25119.95	27808	0	120
2025.12.18	20:00:00	25120.55	25157.55	25083.35	25094.25	22651	0	120
2025.12.18	21:00:00	25094.55	25095.55	24951.35	24966.35	25524	0	120
2025.12.18	22:00:00	24965.35	25099.65	24949.85	25009.15	24474	0	120
2025.12.18	23:00:00	25008.65	25013.66	24953.56	24966.86	7821	0	120
2025.12.19	01:00:00	24998.86	25019.86	24968.26	25019.46	5590	0	168
2025.12.19	02:00:00	25020.36	25028.95	24983.95	25007.15	10458	0	160
2025.12.19	03:00:00	25006.55	25039.15	24974.85	25029.35	11326	0	160
2025.12.19	04:00:00	25027.95	25049.65	25012.75	25014.75	8517	0	160
2025.12.19	05:00:00	25014.55	25084.45	24999.45	25069.85	11560	0	160
2025.12.19	06:00:00	25069.65	25080.45	25049.55	25068.35	7729	0	150
2025.12.19	07:00:00	25067.75	25075.55	25045.05	25054.05	7627	0	140
2025.12.19	08:00:00	25054.25	25067.65	25029.65	25061.25	7845	0	140
2025.12.19	09:00:00	25061.35	25134.95	25060.95	25110.95	8612	0	160
2025.12.19	10:00:00	25110.35	25150.35	25103.35	25133.35	12154	0	160
2025.12.19	11:00:00	25133.25	25155.95	25118.85	25146.55	9725	0	150
2025.12.19	12:00:00	25146.45	25147.15	25117.55	25123.35	8800	0	140
2025.12.19	13:00:00	25123.75	25127.35	25079.05	25103.45	9277	0	150
2025.12.19	14:00:00	25103.55	25120.05	25042.05	25043.35	10878	0	160
2025.12.19	15:00:00	25043.15	25102.05	25036.35	25085.45	11133	0	160
2025.12.19	16:00:00	25086.15	25335.75	25061.35	25322.45	23531	0	120
2025.12.19	17:00:00	25322.35	25362.25	25228.45	25246.85	28571	0	120
2025.12.19	18:00:00	25246.65	25327.75	25223.25	25268.25	23278	0	120
2025.12.19	19:00:00	25268.45	25360.15	25265.95	25340.95	16996	0	120
2025.12.19	20:00:00	25340.75	25354.75	25305.15	25312.65	13914	0	120
2025.12.19	21:00:00	25312.45	25350.65	25311.65	25330.35	12227	0	120
2025.12.19	22:00:00	25330.65	25353.65	25311.35	25342.85	16206	0	120
2025.12.19	23:00:00	25342.75	25358.46	25328.66	25352.86	6072	0	120
2025.12.22	01:00:00	25416.56	25437.16	25394.36	25431.56	5683	0	158
2025.12.22	02:00:00	25431.26	25444.05	25408.05	25417.85	8360	0	130
2025.12.22	03:00:00	25417.95	25459.55	25416.85	25451.35	7331	0	140
2025.12.22	04:00:00	25451.05	25460.75	25443.35	25458.65	4434	0	130
2025.12.22	05:00:00	25458.85	25461.75	25436.35	25441.45	4000	0	130
2025.12.22	06:00:00	25441.65	25453.15	25435.15	25443.35	3189	0	130
2025.12.22	07:00:00	25443.45	25445.25	25425.15	25436.75	3602	0	130
2025.12.22	08:00:00	25436.65	25461.35	25436.65	25452.65	3287	0	130
2025.12.22	09:00:00	25452.85	25473.35	25451.65	25465.05	3931	0	130
2025.12.22	10:00:00	25466.55	25479.15	25443.75	25451.05	7625	0	130
2025.12.22	11:00:00	25450.25	25487.65	25446.35	25474.95	6848	0	130
2025.12.22	12:00:00	25475.35	25483.25	25469.45	25470.15	4395	0	130
2025.12.22	13:00:00	25469.85	25481.85	25461.45	25462.55	4361	0	130
2025.12.22	14:00:00	25463.05	25501.15	25460.25	25499.05	6196	0	140
2025.12.22	15:00:00	25499.85	25519.25	25493.85	25515.35	6653	0	130
2025.12.22	16:00:00	25516.05	25557.15	25435.15	25510.15	20355	0	120
2025.12.22	17:00:00	25510.55	25517.15	25393.05	25436.75	26474	0	120
2025.12.22	18:00:00	25437.75	25483.75	25436.05	25478.35	16132	0	120
2025.12.22	19:00:00	25478.85	25490.25	25451.05	25485.15	12551	0	120
2025.12.22	20:00:00	25485.35	25486.05	25437.85	25453.35	11823	0	120
2025.12.22	21:00:00	25453.65	25475.85	25440.15	25454.65	11071	0	120
2025.12.22	22:00:00	25455.15	25466.65	25443.75	25452.65	12286	0	120
2025.12.22	23:00:00	25451.85	25469.96	25451.85	25458.76	2590	0	120
2025.12.23	01:00:00	25472.76	25488.36	25470.76	25480.06	3272	0	148
2025.12.23	02:00:00	25480.15	25489.55	25474.75	25488.75	4826	0	130
2025.12.23	03:00:00	25488.65	25496.35	25462.45	25476.95	6366	0	130
2025.12.23	04:00:00	25476.85	25504.55	25475.75	25489.35	5022	0	130
2025.12.23	05:00:00	25489.55	25497.45	25474.85	25478.25	4002	0	130
2025.12.23	06:00:00	25477.35	25479.35	25449.85	25454.85	4219	0	130
2025.12.23	07:00:00	25454.95	25464.75	25444.35	25444.55	4123	0	130
2025.12.23	08:00:00	25444.15	25447.45	25420.15	25434.25	4320	0	130
2025.12.23	09:00:00	25434.75	25445.45	25424.75	25436.95	4276	0	130
2025.12.23	10:00:00	25437.55	25474.45	25432.15	25456.75	6496	0	140
2025.12.23	11:00:00	25456.05	25494.75	25455.45	25485.45	5149	0	130
2025.12.23	12:00:00	25485.25	25491.05	25465.25	25472.95	4325	0	130
2025.12.23	13:00:00	25473.05	25475.95	25453.45	25460.35	4398	0	130
2025.12.23	14:00:00	25458.95	25467.75	25427.65	25451.15	6583	0	130
2025.12.23	15:00:00	25451.45	25452.85	25374.95	25386.35	10035	0	150
2025.12.23	16:00:00	25386.55	25517.70	25375.35	25458.35	20929	0	120
2025.12.23	17:00:00	25458.15	25507.15	25395.05	25498.15	22104	0	120
2025.12.23	18:00:00	25497.95	25543.35	25494.15	25540.15	14284	0	120
2025.12.23	19:00:00	25540.65	25544.45	25517.95	25521.45	10622	0	120
2025.12.23	20:00:00	25521.15	25547.15	25518.65	25540.65	9719	0	120
2025.12.23	21:00:00	25540.85	25567.05	25539.35	25564.15	8829	0	120
2025.12.23	22:00:00	25563.95	25587.05	25560.15	25577.15	10334	0	120
2025.12.23	23:00:00	25578.05	25588.86	25573.26	25576.76	3643	0	120
2025.12.24	01:00:00	25577.16	25588.16	25570.26	25578.26	2783	0	148
2025.12.24	02:00:00	25578.76	25594.55	25577.95	25585.35	5070	0	130
2025.12.24	03:00:00	25585.95	25591.45	25571.75	25576.65	3759	0	130
2025.12.24	04:00:00	25576.15	25583.85	25556.75	25567.05	3284	0	130
2025.12.24	05:00:00	25567.15	25576.15	25560.15	25570.35	2995	0	130
2025.12.24	06:00:00	25570.05	25575.55	25553.95	25554.35	2016	0	130
2025.12.24	07:00:00	25554.05	25572.05	25551.35	25564.35	2312	0	130
2025.12.24	08:00:00	25564.15	25573.65	25563.95	25566.35	1784	0	130
2025.12.24	09:00:00	25566.45	25567.95	25558.05	25561.65	1521	0	130
2025.12.24	10:00:00	25561.95	25570.15	25560.45	25562.95	2010	0	130
2025.12.24	11:00:00	25563.15	25580.15	25556.85	25572.55	2050	0	130
2025.12.24	12:00:00	25572.35	25572.35	25560.85	25566.15	1776	0	130
2025.12.24	13:00:00	25566.35	25574.35	25559.15	25565.55	1617	0	130
2025.12.24	14:00:00	25566.15	25590.85	25562.35	25589.55	2536	0	130
2025.12.24	15:00:00	25588.85	25604.75	25574.15	25596.05	4339	0	130
2025.12.24	16:00:00	25595.85	25600.65	25557.65	25582.75	15704	0	120
2025.12.24	17:00:00	25582.95	25613.95	25577.85	25602.45	13724	0	120
2025.12.24	18:00:00	25602.75	25658.15	25601.75	25649.75	10846	0	120
2025.12.24	19:00:00	25649.95	25665.25	25637.85	25651.45	11136	0	120
2025.12.24	20:00:00	25651.75	25654.95	25626.15	25637.95	3331	0	120
2025.12.26	01:00:00	25660.86	25675.26	25644.46	25666.26	3729	0	148
2025.12.26	02:00:00	25666.06	25688.45	25664.85	25681.95	4169	0	130
2025.12.26	03:00:00	25682.05	25694.75	25661.75	25668.15	4750	0	130
2025.12.26	04:00:00	25668.05	25678.15	25661.55	25674.65	2946	0	130
2025.12.26	05:00:00	25674.95	25681.15	25660.15	25661.15	2260	0	130
2025.12.26	06:00:00	25660.65	25662.55	25653.35	25657.35	1864	0	130
2025.12.26	07:00:00	25657.55	25667.15	25650.55	25654.15	2165	0	130
2025.12.26	08:00:00	25654.65	25659.05	25646.85	25649.95	2632	0	130
2025.12.26	09:00:00	25650.05	25651.55	25628.05	25638.35	2791	0	130
2025.12.26	10:00:00	25638.45	25640.55	25621.85	25635.85	2957	0	130
2025.12.26	11:00:00	25635.65	25656.45	25633.95	25654.65	2584	0	130
2025.12.26	12:00:00	25654.55	25669.95	25654.55	25662.15	2541	0	130
2025.12.26	13:00:00	25662.65	25666.95	25644.95	25655.05	2317	0	130
2025.12.26	14:00:00	25654.65	25675.65	25647.55	25668.65	3265	0	130
2025.12.26	15:00:00	25669.45	25701.35	25665.15	25675.15	4935	0	130
2025.12.26	16:00:00	25675.45	25713.20	25643.35	25659.10	17192	0	120
2025.12.26	17:00:00	25659.90	25684.35	25613.10	25677.85	21232	0	120
2025.12.26	18:00:00	25678.15	25689.35	25635.85	25652.15	12611	0	120
2025.12.26	19:00:00	25652.35	25660.45	25627.85	25650.15	10882	0	120
2025.12.26	20:00:00	25650.65	25671.75	25633.15	25670.35	8903	0	120
2025.12.26	21:00:00	25670.15	25677.15	25652.65	25669.65	8435	0	120
2025.12.26	22:00:00	25669.35	25670.35	25636.15	25645.25	10087	0	120
2025.12.26	23:00:00	25644.15	25651.06	25632.56	25635.26	3209	0	120
2025.12.29	01:00:00	25655.86	25663.86	25628.96	25655.86	4161	0	148
2025.12.29	02:00:00	25656.16	25678.85	25638.55	25676.85	7936	0	130
2025.12.29	03:00:00	25676.65	25678.15	25621.45	25627.65	7375	0	130
2025.12.29	04:00:00	25627.95	25635.45	25610.35	25631.15	4520	0	130
2025.12.29	05:00:00	25631.25	25639.25	25610.75	25638.25	4138	0	130
2025.12.29	06:00:00	25637.75	25653.25	25637.45	25641.25	2556	0	130
2025.12.29	07:00:00	25641.45	25641.45	25603.25	25605.95	6013	0	130
2025.12.29	08:00:00	25605.55	25628.05	25597.35	25601.45	5546	0	130
2025.12.29	09:00:00	25601.55	25608.05	25570.75	25585.15	5560	0	130
2025.12.29	10:00:00	25586.55	25588.85	25516.85	25523.75	11186	0	170
2025.12.29	11:00:00	25523.85	25555.85	25519.15	25548.45	8615	0	150
2025.12.29	12:00:00	25548.35	25554.45	25530.05	25531.95	6119	0	150
2025.12.29	13:00:00	25531.85	25560.65	25521.45	25556.15	5845	0	130
2025.12.29	14:00:00	25555.35	25562.15	25519.75	25531.65	6859	0	140
2025.12.29	15:00:00	25530.15	25547.85	25446.55	25478.65	9269	0	150
2025.12.29	16:00:00	25479.95	25604.15	25441.75	25509.15	21410	0	130
2025.12.29	17:00:00	25509.85	25558.50	25447.60	25488.40	23547	0	130
2025.12.29	18:00:00	25488.10	25503.70	25466.00	25481.40	18030	0	130
2025.12.29	19:00:00	25481.10	25494.10	25435.10	25486.70	13218	0	130
2025.12.29	20:00:00	25486.60	25515.80	25467.60	25481.30	11632	0	130
2025.12.29	21:00:00	25481.10	25560.80	25470.80	25552.60	11598	0	130
2025.12.29	22:00:00	25552.10	25552.10	25515.80	25527.95	12202	0	130
2025.12.29	23:00:00	25527.65	25534.06	25513.16	25529.56	3124	0	120
2025.12.30	01:00:00	25517.26	25522.76	25493.06	25494.06	3562	0	148
2025.12.30	02:00:00	25494.16	25513.85	25487.35	25490.65	5355	0	130
2025.12.30	03:00:00	25490.45	25511.95	25483.35	25510.85	6944	0	130
2025.12.30	04:00:00	25511.15	25515.25	25488.35	25497.35	4683	0	130
2025.12.30	05:00:00	25497.45	25528.15	25496.35	25522.95	4702	0	130
2025.12.30	06:00:00	25523.15	25539.25	25516.65	25536.15	2895	0	130
2025.12.30	07:00:00	25536.35	25540.65	25508.85	25531.45	4151	0	130
2025.12.30	08:00:00	25531.65	25531.65	25502.75	25513.35	4102	0	130
2025.12.30	09:00:00	25512.75	25512.85	25471.75	25490.95	4769	0	130
2025.12.30	10:00:00	25491.25	25527.75	25490.45	25526.35	7025	0	130
2025.12.30	11:00:00	25526.15	25538.85	25516.25	25526.25	4645	0	130
2025.12.30	12:00:00	25525.95	25532.75	25505.75	25514.85	4486	0	130
2025.12.30	13:00:00	25515.05	25523.55	25489.65	25519.85	4554	0	130
2025.12.30	14:00:00	25519.65	25530.65	25499.45	25513.85	5560	0	130
2025.12.30	15:00:00	25513.75	25531.55	25478.05	25500.65	7170	0	140
2025.12.30	16:00:00	25500.95	25561.70	25461.70	25543.75	18291	0	130
2025.12.30	17:00:00	25543.45	25547.95	25469.20	25531.20	20652	0	130
2025.12.30	18:00:00	25531.40	25580.90	25504.60	25507.50	14482	0	130
2025.12.30	19:00:00	25507.70	25524.20	25487.50	25516.10	11196	0	130
2025.12.30	20:00:00	25516.00	25531.20	25495.00	25520.10	9236	0	130
2025.12.30	21:00:00	25519.70	25529.90	25493.00	25499.00	10363	0	130
2025.12.30	22:00:00	25497.60	25504.90	25456.60	25466.30	11848	0	130
2025.12.30	23:00:00	25466.10	25479.46	25457.56	25473.06	4075	0	120
2025.12.31	01:00:00	25471.06	25476.66	25433.16	25446.76	2967	0	148
2025.12.31	02:00:00	25446.86	25446.95	25396.15	25404.45	4159	0	130
2025.12.31	03:00:00	25404.15	25413.95	25377.45	25407.85	7237	0	130
2025.12.31	04:00:00	25407.65	25425.35	25394.15	25415.45	5070	0	130
2025.12.31	05:00:00	25415.15	25422.25	25396.65	25406.15	3799	0	130
2025.12.31	06:00:00	25406.65	25423.35	25403.55	25406.15	2783	0	130
2025.12.31	07:00:00	25406.25	25416.15	25384.35	25389.15	3253	0	130
2025.12.31	08:00:00	25388.85	25395.35	25369.75	25385.55	3666	0	130
2025.12.31	09:00:00	25384.95	25398.85	25366.95	25387.65	3802	0	130
2025.12.31	10:00:00	25387.35	25393.35	25342.45	25348.45	4567	0	130
2025.12.31	11:00:00	25347.15	25373.55	25345.95	25358.35	4712	0	130
2025.12.31	12:00:00	25358.45	25381.05	25350.65	25374.45	3377	0	130
2025.12.31	13:00:00	25374.65	25400.55	25371.55	25399.05	3913	0	130
2025.12.31	14:00:00	25398.65	25421.25	25387.85	25418.95	5019	0	130
2025.12.31	15:00:00	25418.55	25503.95	25412.85	25492.35	7516	0	130
2025.12.31	16:00:00	25491.05	25505.75	25371.85	25396.00	19162	0	130
2025.12.31	17:00:00	25395.40	25407.50	25332.50	25344.45	21812	0	130
2025.12.31	18:00:00	25343.95	25397.00	25342.45	25395.00	14355	0	130
2025.12.31	19:00:00	25394.70	25396.20	25357.70	25371.20	11067	0	130
2025.12.31	20:00:00	25371.50	25419.00	25362.50	25404.00	10500	0	130
2025.12.31	21:00:00	25404.50	25423.70	25322.10	25325.70	12859	0	130
2025.12.31	22:00:00	25326.00	25329.50	25234.45	25244.65	18511	0	130
2025.12.31	23:00:00	25243.65	25259.96	25223.16	25227.86	6612	0	130
2026.01.02	01:00:00	25252.26	25295.06	25250.66	25289.16	5110	0	148
2026.01.02	02:00:00	25289.25	25305.55	25265.55	25302.45	4846	0	130
2026.01.02	03:00:00	25302.95	25347.85	25302.45	25346.85	7099	0	130
2026.01.02	04:00:00	25347.15	25398.75	25346.75	25395.65	5592	0	130
2026.01.02	05:00:00	25394.45	25417.75	25388.05	25417.15	4003	0	130
2026.01.02	06:00:00	25418.15	25428.95	25409.45	25417.45	3243	0	130
2026.01.02	07:00:00	25417.75	25434.75	25404.85	25431.05	3420	0	130
2026.01.02	08:00:00	25430.95	25441.15	25426.25	25429.15	2884	0	130
2026.01.02	09:00:00	25428.45	25439.05	25416.65	25429.65	4422	0	130
2026.01.02	10:00:00	25429.25	25509.65	25428.65	25501.45	8232	0	150
2026.01.02	11:00:00	25500.05	25529.65	25497.15	25525.05	7791	0	150
2026.01.02	12:00:00	25526.35	25528.85	25499.65	25522.65	5897	0	130
2026.01.02	13:00:00	25522.55	25534.35	25505.95	25519.05	4826	0	130
2026.01.02	14:00:00	25518.25	25518.25	25472.05	25494.35	6790	0	140
2026.01.02	15:00:00	25494.45	25499.85	25471.45	25484.25	7154	0	140
2026.01.02	16:00:00	25484.05	25593.50	25430.70	25532.60	21295	0	130
2026.01.02	17:00:00	25531.80	25578.20	25159.20	25173.20	29568	0	130
2026.01.02	18:00:00	25173.60	25236.10	25097.30	25151.70	28647	0	130
2026.01.02	19:00:00	25151.60	25214.00	25121.85	25133.35	23054	0	130
2026.01.02	20:00:00	25133.45	25172.85	25074.80	25103.95	21466	0	130
2026.01.02	21:00:00	25104.05	25270.25	25098.25	25212.95	22007	0	130
2026.01.02	22:00:00	25213.35	25263.70	25181.50	25198.00	21425	0	130
2026.01.02	23:00:00	25198.60	25228.06	25194.86	25202.86	5257	0	120
2026.01.05	01:00:00	25259.36	25280.06	25224.26	25275.06	9238	0	178
2026.01.05	02:00:00	25274.96	25296.75	25253.35	25284.55	13301	0	150
2026.01.05	03:00:00	25285.05	25304.85	25267.95	25275.55	13380	0	150
2026.01.05	04:00:00	25275.05	25300.95	25270.85	25291.95	7934	0	130
2026.01.05	05:00:00	25291.85	25299.85	25276.05	25281.85	5744	0	130
2026.01.05	06:00:00	25281.95	25308.85	25275.15	25305.25	4585	0	130
2026.01.05	07:00:00	25306.25	25314.65	25283.35	25312.35	5303	0	130
2026.01.05	08:00:00	25312.65	25324.65	25286.05	25323.45	5490	0	130
2026.01.05	09:00:00	25324.25	25326.05	25272.85	25295.25	6246	0	130
2026.01.05	10:00:00	25295.35	25373.05	25285.05	25329.05	13060	0	160
2026.01.05	11:00:00	25328.95	25349.25	25313.05	25329.15	9867	0	150
2026.01.05	12:00:00	25329.45	25376.15	25328.15	25371.65	7589	0	150
2026.01.05	13:00:00	25371.35	25394.75	25361.55	25385.35	6157	0	130
2026.01.05	14:00:00	25385.25	25403.95	25362.15	25374.65	7314	0	140
2026.01.05	15:00:00	25377.65	25407.65	25337.65	25393.25	9977	0	150
2026.01.05	16:00:00	25392.95	25489.90	25357.20	25408.50	23249	0	130
2026.01.05	17:00:00	25413.55	25507.90	25384.00	25482.35	27086	0	130
2026.01.05	18:00:00	25482.15	25525.20	25469.15	25476.10	18859	0	130
2026.01.05	19:00:00	25475.90	25490.35	25425.35	25443.00	20098	0	130
2026.01.05	20:00:00	25442.90	25448.00	25372.55	25428.10	15313	0	130
2026.01.05	21:00:00	25428.30	25433.60	25365.20	25392.60	13752	0	130
2026.01.05	22:00:00	25392.10	25428.40	25381.60	25401.40	14237	0	130
2026.01.05	23:00:00	25402.40	25405.56	25388.06	25394.76	4099	0	120
2026.01.06	01:00:00	25407.66	25414.86	25378.86	25383.66	4442	0	148
2026.01.06	02:00:00	25384.16	25399.55	25371.25	25381.75	8296	0	130
2026.01.06	03:00:00	25380.65	25420.45	25373.65	25415.45	8555	0	130
2026.01.06	04:00:00	25416.45	25443.05	25410.55	25441.55	4946	0	130
2026.01.06	05:00:00	25441.45	25447.15	25435.55	25438.25	3798	0	130
2026.01.06	06:00:00	25438.55	25465.55	25438.25	25464.55	3618	0	130
2026.01.06	07:00:00	25464.45	25470.95	25456.55	25461.25	4424	0	130
2026.01.06	08:00:00	25461.15	25491.75	25460.05	25487.05	3913	0	130
2026.01.06	09:00:00	25486.95	25487.65	25460.65	25465.05	3318	0	130
2026.01.06	10:00:00	25464.45	25465.25	25344.75	25389.75	13301	0	130
2026.01.06	11:00:00	25390.85	25425.35	25374.75	25403.15	10723	0	140
2026.01.06	12:00:00	25403.55	25414.95	25389.55	25410.75	6869	0	130
2026.01.06	13:00:00	25411.45	25427.65	25408.15	25414.15	5045	0	130
2026.01.06	14:00:00	25414.45	25466.55	25410.15	25458.65	6083	0	130
2026.01.06	15:00:00	25458.15	25467.25	25408.85	25434.15	8725	0	150
2026.01.06	16:00:00	25433.85	25578.55	25410.45	25570.25	21210	0	130
2026.01.06	17:00:00	25570.55	25596.45	25490.30	25503.50	25792	0	130
2026.01.06	18:00:00	25503.60	25523.70	25455.95	25514.60	22564	0	130
2026.01.06	19:00:00	25514.80	25604.20	25493.40	25578.60	16499	0	130
2026.01.06	20:00:00	25578.80	25622.20	25564.30	25621.60	13392	0	130
2026.01.06	21:00:00	25621.40	25635.10	25610.80	25621.20	11969	0	130
2026.01.06	22:00:00	25620.90	25651.20	25614.90	25627.00	12801	0	130
2026.01.06	23:00:00	25626.70	25643.46	25625.85	25642.86	3507	0	120
2026.01.07	01:00:00	25651.06	25654.76	25631.86	25640.86	3683	0	148
2026.01.07	02:00:00	25640.76	25657.75	25635.65	25645.15	6936	0	130
2026.01.07	03:00:00	25645.75	25650.65	25627.85	25632.45	7868	0	130
2026.01.07	04:00:00	25631.65	25648.05	25617.85	25622.85	4959	0	130
2026.01.07	05:00:00	25623.75	25637.65	25613.95	25615.65	4240	0	130
2026.01.07	06:00:00	25615.85	25618.85	25596.85	25602.05	5919	0	130
2026.01.07	07:00:00	25602.35	25609.95	25591.45	25598.85	4841	0	130
2026.01.07	08:00:00	25599.25	25615.45	25584.25	25585.15	4085	0	130
2026.01.07	09:00:00	25584.25	25595.55	25580.95	25582.15	3608	0	130
2026.01.07	10:00:00	25581.75	25603.95	25569.35	25569.35	7371	0	130
2026.01.07	11:00:00	25570.35	25574.55	25542.75	25569.15	6894	0	130
2026.01.07	12:00:00	25568.15	25578.15	25544.15	25555.55	5362	0	130
2026.01.07	13:00:00	25555.85	25584.55	25548.35	25583.55	4774	0	130
2026.01.07	14:00:00	25583.65	25598.25	25569.25	25582.05	6467	0	130
2026.01.07	15:00:00	25580.35	25609.25	25571.35	25604.45	8364	0	140
2026.01.07	16:00:00	25603.95	25699.15	25577.45	25675.52	19889	0	120
2026.01.07	17:00:00	25675.62	25730.15	25631.00	25724.90	25528	0	124
2026.01.07	18:00:00	25724.60	25790.30	25698.90	25788.60	17610	0	130
2026.01.07	19:00:00	25788.90	25815.10	25780.60	25790.40	14415	0	130
2026.01.07	20:00:00	25790.30	25797.90	25746.10	25774.90	14740	0	130
2026.01.07	21:00:00	25775.60	25775.60	25710.25	25721.90	15256	0	130
2026.01.07	22:00:00	25722.10	25732.80	25634.65	25652.85	18564	0	130
2026.01.07	23:00:00	25652.55	25654.46	25639.66	25652.06	4400	0	120
2026.01.08	01:00:00	25659.36	25668.66	25640.56	25644.86	3677	0	148
2026.01.08	02:00:00	25645.06	25664.85	25628.75	25664.05	5899	0	130
2026.01.08	03:00:00	25664.35	25665.95	25638.95	25659.05	7335	0	130
2026.01.08	04:00:00	25659.25	25661.85	25596.95	25607.45	8135	0	130
2026.01.08	05:00:00	25607.55	25617.05	25591.65	25598.25	6719	0	130
2026.01.08	06:00:00	25598.15	25615.05	25595.35	25600.35	4733	0	130
2026.01.08	07:00:00	25600.55	25606.35	25559.45	25559.75	5762	0	130
2026.01.08	08:00:00	25559.95	25563.55	25492.95	25527.15	10732	0	140
2026.01.08	09:00:00	25527.05	25625.15	25502.65	25571.25	9929	0	140
2026.01.08	10:00:00	25571.15	25624.45	25569.65	25601.95	10496	0	150
2026.01.08	11:00:00	25602.55	25617.05	25572.95	25591.25	8773	0	150
2026.01.08	12:00:00	25591.05	25595.65	25565.55	25594.15	7370	0	130
2026.01.08	13:00:00	25594.05	25607.75	25564.05	25592.45	6851	0	130
2026.01.08	14:00:00	25592.95	25599.55	25568.35	25589.25	8505	0	130
2026.01.08	15:00:00	25587.95	25639.75	25579.15	25621.45	9635	0	150
2026.01.08	16:00:00	25621.25	25632.75	25419.20	25424.60	22048	0	130
2026.01.08	17:00:00	25425.30	25535.40	25392.30	25506.90	29043	0	130
2026.01.08	18:00:00	25506.80	25508.30	25408.90	25495.40	25483	0	130
2026.01.08	19:00:00	25495.70	25527.90	25451.35	25505.20	19398	0	130
2026.01.08	20:00:00	25505.40	25508.70	25444.60	25456.20	18128	0	130
2026.01.08	21:00:00	25455.90	25482.10	25422.20	25458.40	15565	0	130
2026.01.08	22:00:00	25458.20	25523.00	25450.10	25503.40	15782	0	130
2026.01.08	23:00:00	25504.80	25563.46	25503.36	25552.06	5390	0	120
2026.01.09	01:00:00	25538.16	25545.16	25496.36	25499.46	4636	0	148
2026.01.09	02:00:00	25498.55	25518.75	25489.25	25490.25	8569	0	130
2026.01.09	03:00:00	25490.15	25502.95	25451.75	25475.95	11071	0	140
2026.01.09	04:00:00	25475.65	25517.85	25473.35	25508.45	7583	0	130
2026.01.09	05:00:00	25507.55	25514.25	25491.05	25498.45	6033	0	130
2026.01.09	06:00:00	25498.65	25504.85	25482.05	25501.95	5014	0	130
2026.01.09	07:00:00	25502.25	25519.05	25491.15	25517.35	6344	0	130
2026.01.09	08:00:00	25516.85	25525.85	25496.85	25514.65	5475	0	130
2026.01.09	09:00:00	25514.95	25515.75	25476.55	25496.15	4828	0	130
2026.01.09	10:00:00	25497.05	25525.15	25489.45	25498.65	10063	0	140
2026.01.09	11:00:00	25497.55	25549.55	25486.25	25546.15	8330	0	140
2026.01.09	12:00:00	25546.85	25560.95	25541.25	25551.55	5846	0	130
2026.01.09	13:00:00	25551.65	25590.75	25545.25	25565.65	6260	0	130
2026.01.09	14:00:00	25564.65	25576.35	25538.35	25572.65	7202	0	140
2026.01.09	15:00:00	25573.35	25631.55	25550.25	25628.65	13128	0	150
2026.01.09	16:00:00	25628.55	25648.45	25473.90	25559.52	25349	0	124
2026.01.09	17:00:00	25558.62	25702.70	25442.20	25635.60	29159	0	124
2026.01.09	18:00:00	25637.20	25747.80	25635.40	25737.70	21472	0	130
2026.01.09	19:00:00	25737.90	25761.10	25711.10	25748.60	15257	0	130
2026.01.09	20:00:00	25747.60	25792.80	25707.80	25786.70	14617	0	130
2026.01.09	21:00:00	25788.10	25798.10	25773.60	25779.60	11995	0	130
2026.01.09	22:00:00	25779.80	25811.60	25757.60	25758.20	13947	0	130
2026.01.09	23:00:00	25758.10	25769.96	25750.76	25755.06	4093	0	120
2026.01.12	01:00:00	25721.06	25751.76	25709.86	25723.76	6951	0	168
2026.01.12	02:00:00	25722.76	25732.15	25602.85	25619.15	12460	0	150
2026.01.12	03:00:00	25618.95	25626.85	25553.85	25607.95	13583	0	170
2026.01.12	04:00:00	25607.75	25608.45	25561.55	25577.75	9172	0	145
2026.01.12	05:00:00	25578.55	25583.05	25540.65	25567.85	7278	0	145
2026.01.12	06:00:00	25567.95	25569.65	25545.35	25556.88	6099	0	145
2026.01.12	07:00:00	25557.08	25572.93	25507.85	25529.33	7773	0	145
2026.01.12	08:00:00	25529.63	25555.95	25526.95	25547.88	5633	0	145
2026.01.12	09:00:00	25547.68	25576.55	25545.83	25561.75	5812	0	145
2026.01.12	10:00:00	25561.85	25580.25	25464.15	25490.65	12774	0	160
2026.01.12	11:00:00	25492.15	25536.15	25491.75	25528.35	9813	0	150
2026.01.12	12:00:00	25528.45	25552.95	25517.05	25537.45	6802	0	145
2026.01.12	13:00:00	25537.85	25562.75	25535.65	25548.95	6140	0	145
2026.01.12	14:00:00	25548.85	25591.35	25543.45	25582.85	7237	0	150
2026.01.12	15:00:00	25583.25	25592.75	25558.45	25573.65	8946	0	150
2026.01.12	16:00:00	25574.05	25753.83	25550.15	25731.43	17371	0	145
2026.01.12	17:00:00	25731.23	25763.43	25695.48	25746.93	19855	0	145
2026.01.12	18:00:00	25746.83	25800.43	25732.68	25791.93	15063	0	145
2026.01.12	19:00:00	25792.23	25804.93	25769.73	25799.23	12741	0	145
2026.01.12	20:00:00	25799.43	25828.13	25796.43	25809.93	11065	0	145
2026.01.12	21:00:00	25809.73	25847.43	25793.43	25845.83	11252	0	145
2026.01.12	22:00:00	25845.93	25851.13	25783.43	25783.43	12782	0	145
2026.01.12	23:00:00	25783.23	25805.36	25777.36	25777.36	3919	0	145
2026.01.13	01:00:00	25754.46	25771.56	25727.26	25729.26	4931	0	150
2026.01.13	02:00:00	25729.36	25732.85	25705.38	25708.93	8292	0	145
2026.01.13	03:00:00	25709.13	25724.45	25680.05	25713.05	8162	0	145
2026.01.13	04:00:00	25713.85	25730.75	25708.18	25711.78	7905	0	145
2026.01.13	05:00:00	25711.88	25725.78	25695.53	25717.13	5923	0	145
2026.01.13	06:00:00	25716.93	25725.43	25703.28	25719.18	5050	0	145
2026.01.13	07:00:00	25719.68	25740.68	25711.38	25735.38	5700	0	145
2026.01.13	08:00:00	25735.68	25766.18	25734.68	25749.85	4752	0	145
2026.01.13	09:00:00	25749.95	25758.95	25740.85	25750.93	4667	0	145
2026.01.13	10:00:00	25748.43	25757.75	25729.35	25739.63	7809	0	145
2026.01.13	11:00:00	25740.13	25770.43	25727.05	25743.65	6587	0	145
2026.01.13	12:00:00	25743.35	25747.95	25705.55	25711.93	6116	0	145
2026.01.13	13:00:00	25712.73	25734.85	25704.85	25734.85	5584	0	145
2026.01.13	14:00:00	25734.65	25752.43	25722.25	25728.75	5587	0	145
2026.01.13	15:00:00	25728.55	25878.95	25720.55	25804.15	12431	0	150
2026.01.13	16:00:00	25801.65	25876.13	25765.43	25781.73	18144	0	145
2026.01.13	17:00:00	25780.43	25803.03	25644.48	25728.73	22042	0	145
2026.01.13	18:00:00	25728.53	25859.43	25681.18	25842.23	18307	0	145
2026.01.13	19:00:00	25840.73	25851.63	25691.78	25710.38	17496	0	145
2026.01.13	20:00:00	25710.28	25745.48	25668.68	25674.93	17237	0	145
2026.01.13	21:00:00	25674.73	25720.23	25656.98	25700.73	16893	0	145
2026.01.13	22:00:00	25700.83	25746.98	25639.63	25738.68	15726	0	145
2026.01.13	23:00:00	25740.28	25761.66	25732.66	25736.85	4519	0	145
2026.01.14	01:00:00	25744.06	25749.76	25724.06	25727.96	4296	0	150
2026.01.14	02:00:00	25727.56	25760.38	25721.13	25743.93	8417	0	145
2026.01.14	03:00:00	25743.73	25760.95	25715.85	25722.75	9778	0	145
2026.01.14	04:00:00	25722.95	25733.23	25712.95	25730.28	7348	0	145
2026.01.14	05:00:00	25729.68	25762.28	25726.48	25751.48	5392	0	145
2026.01.14	06:00:00	25751.78	25755.63	25710.23	25718.75	4930	0	145
2026.01.14	07:00:00	25718.35	25719.55	25689.93	25692.98	7543	0	145
2026.01.14	08:00:00	25692.78	25700.25	25672.25	25696.43	7657	0	145
2026.01.14	09:00:00	25696.63	25708.18	25685.75	25699.73	5135	0	145
2026.01.14	10:00:00	25698.73	25712.35	25677.15	25694.45	9223	0	145
2026.01.14	11:00:00	25694.35	25714.95	25672.55	25688.75	6748	0	145
2026.01.14	12:00:00	25689.25	25689.65	25548.55	25574.05	11880	0	145
2026.01.14	13:00:00	25573.75	25605.05	25551.75	25579.95	10514	0	160
2026.01.14	14:00:00	25579.45	25620.85	25538.75	25615.85	10016	0	150
2026.01.14	15:00:00	25614.95	25639.45	25569.25	25590.75	12998	0	160
2026.01.14	16:00:00	25591.05	25626.13	25419.23	25420.93	18945	0	145
2026.01.14	17:00:00	25422.73	25529.23	25306.53	25328.13	23456	0	145
2026.01.14	18:00:00	25328.73	25428.43	25278.53	25298.48	20576	0	145
2026.01.14	19:00:00	25298.38	25349.38	25274.38	25290.43	18872	0	145
2026.01.14	20:00:00	25290.53	25366.68	25262.43	25355.88	18527	0	145
2026.01.14	21:00:00	25355.78	25374.23	25326.88	25341.18	17947	0	145
2026.01.14	22:00:00	25341.28	25479.63	25303.28	25473.93	19900	0	145
2026.01.14	23:00:00	25473.63	25494.06	25442.66	25457.36	7065	0	145
2026.01.15	01:00:00	25447.46	25451.86	25402.06	25444.66	6534	0	178
2026.01.15	02:00:00	25443.96	25447.75	25425.43	25441.75	7690	0	145
2026.01.15	03:00:00	25441.55	25481.65	25401.85	25468.65	13026	0	160
2026.01.15	04:00:00	25468.55	25472.95	25436.05	25447.95	9799	0	150
2026.01.15	05:00:00	25448.25	25466.33	25418.65	25421.35	8342	0	145
2026.01.15	06:00:00	25420.75	25438.45	25409.05	25417.75	7052	0	145
2026.01.15	07:00:00	25417.65	25486.75	25415.45	25461.35	9829	0	145
2026.01.15	08:00:00	25460.75	25561.45	25450.25	25540.05	11531	0	150
2026.01.15	09:00:00	25539.55	25546.85	25516.55	25527.45	7889	0	160
2026.01.15	10:00:00	25527.95	25586.15	25512.95	25576.95	12105	0	160
2026.01.15	11:00:00	25576.05	25671.75	25572.75	25651.55	9698	0	160
2026.01.15	12:00:00	25651.25	25668.95	25639.35	25656.35	7286	0	145
2026.01.15	13:00:00	25656.45	25694.65	25655.85	25680.85	6692	0	145
2026.01.15	14:00:00	25680.75	25692.75	25650.25	25691.45	7858	0	145
2026.01.15	15:00:00	25690.75	25755.55	25673.35	25732.65	10702	0	160
2026.01.15	16:00:00	25733.05	25791.43	25682.13	25704.03	18340	0	145
2026.01.15	17:00:00	25703.93	25764.48	25643.13	25724.13	21933	0	145
2026.01.15	18:00:00	25723.43	25775.98	25717.43	25763.23	18426	0	145
2026.01.15	19:00:00	25764.13	25777.03	25688.03	25691.63	16203	0	145
2026.01.15	20:00:00	25688.43	25747.93	25688.13	25723.43	14747	0	145
2026.01.15	21:00:00	25722.13	25722.43	25581.98	25592.43	17802	0	145
2026.01.15	22:00:00	25592.23	25606.73	25517.38	25553.18	18728	0	145
2026.01.15	23:00:00	25552.48	25562.06	25530.06	25542.85	5088	0	145
2026.01.16	01:00:00	25555.96	25594.55	25545.16	25585.26	4185	0	150
2026.01.16	02:00:00	25585.03	25605.78	25575.25	25604.18	6894	0	145
2026.01.16	03:00:00	25604.28	25626.85	25592.35	25613.78	8527	0	145
2026.01.16	04:00:00	25613.58	25640.55	25607.03	25631.28	6233	0	145
2026.01.16	05:00:00	25631.08	25643.68	25628.28	25630.78	3707	0	145
2026.01.16	06:00:00	25631.18	25654.28	25628.28	25653.78	3912	0	145
2026.01.16	07:00:00	25653.88	25664.18	25646.78	25651.78	4776	0	145
2026.01.16	08:00:00	25651.58	25670.78	25647.53	25667.18	3894	0	145
2026.01.16	09:00:00	25667.38	25681.53	25652.03	25667.53	3799	0	145
2026.01.16	10:00:00	25670.33	25689.05	25639.15	25660.85	7951	0	145
2026.01.16	11:00:00	25660.05	25686.13	25653.95	25659.18	6733	0	145
2026.01.16	12:00:00	25660.08	25708.03	25654.43	25698.45	5791	0	145
2026.01.16	13:00:00	25698.65	25716.15	25670.15	25677.15	6176	0	145
2026.01.16	14:00:00	25676.85	25696.55	25649.65	25674.35	8737	0	150
2026.01.16	15:00:00	25674.75	25682.05	25645.95	25669.95	9609	0	160
2026.01.16	16:00:00	25669.75	25734.03	25570.43	25574.43	17805	0	145
2026.01.16	17:00:00	25573.13	25609.13	25435.63	25524.58	22181	0	145
2026.01.16	18:00:00	25524.68	25596.03	25505.38	25560.68	18462	0	145
2026.01.16	19:00:00	25557.78	25565.18	25502.43	25504.13	16565	0	145
2026.01.16	20:00:00	25503.63	25575.93	25498.13	25560.63	14214	0	145
2026.01.16	21:00:00	25560.13	25591.63	25516.63	25560.33	15372	0	145
2026.01.16	22:00:00	25559.93	25573.33	25526.18	25529.08	15321	0	145
2026.01.16	23:00:00	25528.18	25545.46	25515.36	25530.15	4945	0	145
2026.01.19	01:00:00	25274.86	25311.46	25248.46	25310.96	13123	0	198
2026.01.19	02:00:00	25310.86	25313.25	25220.05	25272.55	15882	0	170
2026.01.19	03:00:00	25272.95	25294.45	25230.75	25242.65	15473	0	170
2026.01.19	04:00:00	25242.75	25267.65	25235.75	25260.43	11643	0	145
2026.01.19	05:00:00	25260.13	25262.43	25208.55	25230.85	11044	0	145
2026.01.19	06:00:00	25230.95	25238.63	25215.65	25223.93	7372	0	145
2026.01.19	07:00:00	25223.53	25263.05	25215.25	25237.98	8882	0	145
2026.01.19	08:00:00	25237.88	25258.05	25224.65	25229.05	7355	0	145
2026.01.19	09:00:00	25228.75	25236.35	25169.75	25195.75	11955	0	160
2026.01.19	10:00:00	25195.95	25254.25	25192.15	25234.55	15142	0	160
2026.01.19	11:00:00	25234.85	25240.05	25108.25	25124.55	15628	0	160
2026.01.19	12:00:00	25124.65	25156.85	25101.55	25113.25	12377	0	170
2026.01.19	13:00:00	25112.45	25161.35	25108.55	25134.55	11051	0	170
2026.01.19	14:00:00	25134.35	25192.55	25115.55	25172.75	10534	0	160
2026.01.19	15:00:00	25171.55	25188.05	25128.05	25164.45	10786	0	160
2026.01.19	16:00:00	25164.25	25190.95	25080.93	25160.43	17700	0	145
2026.01.19	17:00:00	25160.53	25187.63	25131.98	25170.68	16519	0	145
2026.01.19	18:00:00	25170.78	25227.53	25165.13	25222.53	13136	0	145
2026.01.19	19:00:00	25222.43	25260.93	25216.63	25243.63	9352	0	145
2026.01.20	01:00:00	25235.96	25246.86	25213.46	25225.16	5783	0	168
2026.01.20	02:00:00	25226.16	25250.45	25171.35	25207.85	12723	0	160
2026.01.20	03:00:00	25209.05	25278.75	25209.05	25266.75	14637	0	160
2026.01.20	04:00:00	25266.35	25284.65	25237.75	25270.93	11363	0	145
2026.01.20	05:00:00	25270.63	25277.85	25249.75	25256.65	8320	0	145
2026.01.20	06:00:00	25256.35	25258.35	25216.75	25226.95	7516	0	145
2026.01.20	07:00:00	25226.85	25258.75	25213.45	25229.35	10462	0	145
2026.01.20	08:00:00	25228.45	25236.55	25106.15	25157.05	14363	0	160
2026.01.20	09:00:00	25157.15	25166.65	25103.65	25130.55	12834	0	170
2026.01.20	10:00:00	25130.05	25134.55	25013.15	25047.55	20043	0	190
2026.01.20	11:00:00	25047.35	25066.35	24942.55	24980.65	20309	0	190
2026.01.20	12:00:00	24980.85	25053.65	24956.05	25021.45	15871	0	180
2026.01.20	13:00:00	25021.55	25074.45	25019.35	25052.05	14403	0	180
2026.01.20	14:00:00	25051.85	25129.95	25038.05	25103.95	16125	0	180
2026.01.20	15:00:00	25107.55	25123.05	25027.85	25058.65	19211	0	190
2026.01.20	16:00:00	25059.15	25215.33	25047.95	25174.03	24941	0	145
2026.01.20	17:00:00	25173.33	25266.13	25104.43	25212.63	29732	0	145
2026.01.20	18:00:00	25212.93	25278.03	25183.33	25248.93	27967	0	145
2026.01.20	19:00:00	25248.83	25256.13	25110.38	25144.93	26331	0	145
2026.01.20	20:00:00	25141.73	25163.63	25024.08	25051.88	23783	0	145
2026.01.20	21:00:00	25051.68	25076.98	24980.58	25021.13	24571	0	145
2026.01.20	22:00:00	25021.33	25021.43	24951.18	24991.63	24090	0	145
2026.01.20	23:00:00	24993.63	25018.86	24974.66	24990.96	8783	0	145
2026.01.21	01:00:00	25019.26	25020.66	24958.36	24970.26	6701	0	150
2026.01.21	02:00:00	24971.06	25040.55	24970.75	25033.65	10207	0	145
2026.01.21	03:00:00	25033.35	25073.35	25033.35	25056.75	9285	0	145
2026.01.21	04:00:00	25057.15	25063.45	25022.85	25034.45	11077	0	145
2026.01.21	05:00:00	25034.15	25082.05	25033.75	25051.85	9525	0	150
2026.01.21	06:00:00	25051.95	25068.05	25037.65	25051.15	8187	0	145
2026.01.21	07:00:00	25050.95	25080.43	25040.75	25074.93	6747	0	145
2026.01.21	08:00:00	25074.73	25085.55	25046.65	25051.43	6433	0	145
2026.01.21	09:00:00	25051.33	25101.35	25048.03	25067.35	6962	0	145
2026.01.21	10:00:00	25066.95	25088.25	25049.75	25059.05	12667	0	160
2026.01.21	11:00:00	25058.85	25079.75	24983.45	24983.95	12110	0	160
2026.01.21	12:00:00	24984.05	25042.85	24976.45	25007.35	11087	0	150
2026.01.21	13:00:00	25008.05	25014.35	24894.95	24902.25	12812	0	170
2026.01.21	14:00:00	24904.35	24944.35	24881.25	24940.75	15526	0	180
2026.01.21	15:00:00	24940.85	24979.85	24896.25	24939.35	16283	0	180
2026.01.21	16:00:00	24938.85	25193.93	24927.95	25180.73	30228	0	145
2026.01.21	17:00:00	25180.43	25342.58	25150.53	25324.58	28752	0	145
2026.01.21	18:00:00	25324.78	25348.83	25076.03	25084.53	28671	0	145
2026.01.21	19:00:00	25084.33	25117.23	24998.03	25099.43	29124	0	145
2026.01.21	20:00:00	25100.73	25149.93	25006.23	25138.28	27354	0	145
2026.01.21	21:00:00	25138.08	25496.63	25088.43	25494.43	28924	0	145
2026.01.21	22:00:00	25495.53	25507.03	25301.93	25326.63	28098	0	145
2026.01.21	23:00:00	25326.93	25385.76	25326.33	25362.96	8927	0	145
2026.01.22	01:00:00	25416.06	25426.86	25381.06	25409.96	5873	0	158
2026.01.22	02:00:00	25409.76	25439.65	25396.45	25417.55	11264	0	150
2026.01.22	03:00:00	25418.75	25458.65	25410.55	25452.05	10311	0	145
2026.01.22	04:00:00	25452.25	25460.55	25422.75	25425.78	7683	0	145
2026.01.22	05:00:00	25426.58	25452.25	25426.18	25447.53	7810	0	145
2026.01.22	06:00:00	25447.43	25447.85	25424.15	25432.88	7177	0	145
2026.01.22	07:00:00	25433.18	25435.05	25385.75	25391.45	7640	0	145
2026.01.22	08:00:00	25390.95	25405.95	25341.05	25397.45	11485	0	150
2026.01.22	09:00:00	25397.35	25451.15	25357.25	25446.65	11801	0	160
2026.01.22	10:00:00	25445.85	25564.55	25440.35	25541.05	16006	0	180
2026.01.22	11:00:00	25540.85	25573.55	25530.55	25556.75	11559	0	150
2026.01.22	12:00:00	25557.25	25561.45	25528.15	25546.55	9534	0	145
2026.01.22	13:00:00	25546.25	25571.95	25524.55	25533.65	12186	0	145
2026.01.22	14:00:00	25531.95	25554.15	25517.05	25549.25	10063	0	150
2026.01.22	15:00:00	25548.95	25597.35	25535.85	25594.05	12935	0	160
2026.01.22	16:00:00	25593.85	25596.55	25412.93	25438.03	23368	0	145
2026.01.22	17:00:00	25437.93	25515.88	25395.43	25464.13	29151	0	145
2026.01.22	18:00:00	25464.33	25557.13	25461.63	25527.68	22277	0	145
2026.01.22	19:00:00	25527.58	25578.53	25510.63	25569.43	20337	0	145
2026.01.22	20:00:00	25568.43	25578.63	25525.13	25531.93	17516	0	145
2026.01.22	21:00:00	25531.63	25572.63	25492.08	25497.43	17457	0	145
2026.01.22	22:00:00	25497.93	25521.83	25442.63	25520.43	20890	0	145
2026.01.22	23:00:00	25520.33	25533.46	25487.06	25498.96	8042	0	145
2026.01.23	01:00:00	25451.66	25489.46	25442.66	25478.06	5705	0	150
2026.01.23	02:00:00	25477.76	25514.68	25457.25	25514.28	8093	0	145
2026.01.23	03:00:00	25513.78	25548.03	25509.33	25546.93	10797	0	145
2026.01.23	04:00:00	25547.53	25549.58	25528.28	25531.68	5728	0	145
2026.01.23	05:00:00	25531.78	25570.93	25531.18	25558.68	5740	0	145
2026.01.23	06:00:00	25558.58	25570.43	25549.38	25562.93	5134	0	145
2026.01.23	07:00:00	25563.03	25577.38	25556.35	25576.38	5240	0	145
2026.01.23	08:00:00	25576.08	25594.25	25566.53	25568.58	5606	0	145
2026.01.23	09:00:00	25569.18	25587.53	25546.25	25555.25	7366	0	145
2026.01.23	10:00:00	25554.95	25554.95	25445.55	25465.65	14482	0	160
2026.01.23	11:00:00	25465.35	25493.65	25405.15	25423.15	14414	0	170
2026.01.23	12:00:00	25421.85	25439.15	25414.55	25439.05	10626	0	160
2026.01.23	13:00:00	25438.75	25522.25	25436.45	25471.15	12848	0	160
2026.01.23	14:00:00	25472.95	25496.95	25448.55	25492.95	11285	0	160
2026.01.23	15:00:00	25492.85	25499.65	25425.35	25435.85	13100	0	170
2026.01.23	16:00:00	25435.65	25530.53	25421.15	25530.33	22502	0	145
2026.01.23	17:00:00	25530.63	25692.03	25530.53	25691.03	25605	0	145
2026.01.23	18:00:00	25692.83	25710.13	25625.83	25653.13	22095	0	145
2026.01.23	19:00:00	25653.23	25672.63	25548.03	25557.78	22689	0	145
2026.01.23	20:00:00	25558.38	25628.73	25553.38	25590.23	22805	0	145
2026.01.23	21:00:00	25590.03	25639.53	25584.13	25613.23	19387	0	145
2026.01.23	22:00:00	25613.03	25620.28	25556.28	25599.83	20007	0	145
2026.01.23	23:00:00	25599.73	25602.46	25537.06	25556.75	6515	0	145
2026.01.26	01:00:00	25328.76	25440.76	25324.16	25429.76	12059	0	208
2026.01.26	02:00:00	25428.86	25487.25	25415.25	25452.15	16619	0	180
2026.01.26	03:00:00	25451.95	25538.25	25440.65	25519.25	17224	0	180
2026.01.26	04:00:00	25519.55	25535.55	25467.75	25479.25	14821	0	170
2026.01.26	05:00:00	25478.75	25527.15	25478.55	25504.45	12467	0	160
2026.01.26	06:00:00	25504.55	25528.65	25492.95	25504.95	9493	0	145
2026.01.26	07:00:00	25505.35	25545.75	25496.65	25544.33	9633	0	145
2026.01.26	08:00:00	25544.43	25572.15	25535.65	25539.15	10911	0	145
2026.01.26	09:00:00	25538.95	25580.35	25536.15	25569.25	8148	0	150
2026.01.26	10:00:00	25569.75	25611.45	25568.55	25597.05	12509	0	150
2026.01.26	11:00:00	25597.65	25604.55	25452.15	25487.75	15095	0	150
2026.01.26	12:00:00	25486.85	25543.75	25483.45	25521.05	12066	0	160
2026.01.26	13:00:00	25520.75	25542.35	25511.85	25540.65	9270	0	150
2026.01.26	14:00:00	25539.95	25583.95	25539.65	25557.55	9650	0	150
2026.01.26	15:00:00	25557.75	25590.85	25527.85	25586.25	11569	0	170
2026.01.26	16:00:00	25586.05	25722.83	25574.33	25707.58	21395	0	145
2026.01.26	17:00:00	25707.38	25768.38	25673.23	25751.23	24303	0	145
2026.01.26	18:00:00	25751.13	25797.58	25720.68	25776.13	20516	0	145
2026.01.26	19:00:00	25775.13	25800.43	25749.13	25758.03	15107	0	145
2026.01.26	20:00:00	25757.93	25797.13	25741.13	25766.13	15649	0	145
2026.01.26	21:00:00	25765.93	25780.13	25745.23	25745.73	14624	0	145
2026.01.26	22:00:00	25745.93	25760.83	25707.93	25711.93	15878	0	145
2026.01.26	23:00:00	25711.90	25738.45	25701.26	25732.45	5968	0	150
2026.01.27	01:00:00	25713.56	25766.16	25711.96	25759.95	5401	0	150
2026.01.27	02:00:00	25760.05	25772.73	25745.15	25768.78	7770	0	145
2026.01.27	03:00:00	25767.08	25795.88	25765.48	25792.58	6431	0	145
2026.01.27	04:00:00	25792.38	25844.65	25791.48	25840.65	5975	0	145
2026.01.27	05:00:00	25840.05	25849.28	25833.08	25845.58	4928	0	145
2026.01.27	06:00:00	25845.78	25872.55	25841.78	25859.48	4261	0	145
2026.01.27	07:00:00	25859.08	25879.58	25842.48	25878.28	4793	0	145
2026.01.27	08:00:00	25877.88	25897.85	25868.88	25872.33	5306	0	145
2026.01.27	09:00:00	25872.23	25890.45	25862.33	25875.85	5737	0	145
2026.01.27	10:00:00	25875.55	25881.45	25837.15	25853.95	10724	0	150
2026.01.27	11:00:00	25853.75	25864.35	25837.45	25844.25	9019	0	150
2026.01.27	12:00:00	25843.95	25877.33	25840.35	25875.85	5920	0	145
2026.01.27	13:00:00	25875.65	25912.55	25861.75	25901.75	7145	0	145
2026.01.27	14:00:00	25898.85	25903.05	25861.15	25874.35	8486	0	145
2026.01.27	15:00:00	25873.55	25887.95	25852.45	25860.45	9592	0	150
2026.01.27	16:00:00	25860.25	25927.33	25787.73	25922.53	20936	0	145
2026.01.27	17:00:00	25923.03	25968.23	25892.58	25948.23	23511	0	145
2026.01.27	18:00:00	25949.53	25976.63	25943.33	25949.73	17426	0	145
2026.01.27	19:00:00	25949.63	25960.63	25920.63	25930.63	16800	0	145
2026.01.27	20:00:00	25931.63	25965.23	25907.43	25959.13	15930	0	145
2026.01.27	21:00:00	25958.23	25968.43	25943.23	25960.93	13885	0	145
2026.01.27	22:00:00	25960.73	25983.03	25938.13	25945.13	15702	0	145
2026.01.27	23:00:00	25944.63	25986.56	25930.16	25981.86	7069	0	145
2026.01.28	01:00:00	26009.16	26017.56	25999.66	26009.25	4727	0	150
2026.01.28	02:00:00	26009.05	26079.15	26006.58	26077.33	7911	0	145
2026.01.28	03:00:00	26078.93	26099.25	26072.83	26075.75	7826	0	145
2026.01.28	04:00:00	26075.95	26092.55	26074.25	26085.08	5561	0	145
2026.01.28	05:00:00	26085.28	26089.68	26063.78	26070.58	5516	0	145
2026.01.28	06:00:00	26070.78	26098.18	26070.58	26090.98	4629	0	145
2026.01.28	07:00:00	26090.68	26119.58	26090.58	26116.43	4961	0	145
2026.01.28	08:00:00	26116.53	26219.45	26116.53	26172.95	12675	0	145
2026.01.28	09:00:00	26173.15	26194.55	26160.15	26186.05	8442	0	145
2026.01.28	10:00:00	26186.15	26202.05	26142.05	26150.55	13114	0	150
2026.01.28	11:00:00	26150.65	26161.15	26123.25	26155.85	10442	0	150
2026.01.28	12:00:00	26155.75	26191.25	26143.15	26187.45	8149	0	145
2026.01.28	13:00:00	26187.85	26197.35	26158.45	26189.55	7662	0	145
2026.01.28	14:00:00	26190.55	26191.35	26135.85	26151.65	13609	0	160
2026.01.28	15:00:00	26153.35	26176.15	26126.15	26144.25	11775	0	170
2026.01.28	16:00:00	26144.15	26169.33	26085.03	26125.18	22514	0	145
2026.01.28	17:00:00	26124.48	26136.03	26030.48	26033.68	26180	0	145
2026.01.28	18:00:00	26033.48	26069.43	25971.93	25987.73	21509	0	145
2026.01.28	19:00:00	25988.23	26035.43	25981.43	26011.93	18612	0	145
2026.01.28	20:00:00	26011.83	26050.43	25993.23	26040.56	16141	0	120
2026.01.28	21:00:00	26040.32	26080.68	25984.53	26031.43	26760	0	128
2026.01.28	22:00:00	26031.53	26082.68	26004.73	26019.73	21782	0	145
2026.01.28	23:00:00	26018.83	26158.36	25867.76	26138.16	18175	0	145
2026.01.29	01:00:00	26141.86	26142.66	26033.56	26043.16	12174	0	188
2026.01.29	02:00:00	26043.06	26052.95	25978.05	26035.65	17645	0	180
2026.01.29	03:00:00	26036.55	26040.95	25959.05	26001.75	18917	0	170
2026.01.29	04:00:00	26001.65	26049.35	25995.95	26034.65	15373	0	170
2026.01.29	05:00:00	26034.95	26072.65	26034.65	26071.45	11541	0	150
2026.01.29	06:00:00	26071.25	26106.43	26068.45	26101.48	8140	0	145
2026.01.29	07:00:00	26101.28	26122.63	26084.15	26106.65	9548	0	145
2026.01.29	08:00:00	26106.85	26141.53	26104.95	26119.43	9104	0	145
2026.01.29	09:00:00	26119.03	26149.95	26104.45	26128.25	8823	0	145
2026.01.29	10:00:00	26128.35	26153.05	26100.15	26122.25	15266	0	150
2026.01.29	11:00:00	26121.85	26145.85	26083.35	26084.45	12456	0	150
2026.01.29	12:00:00	26084.35	26109.75	26060.05	26064.25	12219	0	150
2026.01.29	13:00:00	26064.35	26081.05	26048.55	26073.05	13505	0	170
2026.01.29	14:00:00	26072.85	26094.95	26029.85	26048.25	12634	0	150
2026.01.29	15:00:00	26048.65	26076.75	26023.75	26066.95	13404	0	160
2026.01.29	16:00:00	26067.65	26069.65	25731.73	25735.53	24486	0	145
2026.01.29	17:00:00	25736.73	25740.43	25409.23	25448.73	31870	0	145
2026.01.29	18:00:00	25450.13	25616.43	25412.23	25588.43	30155	0	145
2026.01.29	19:00:00	25588.53	25755.48	25585.83	25637.23	27520	0	145
2026.01.29	20:00:00	25637.03	25767.83	25634.93	25714.78	26834	0	145
2026.01.29	21:00:00	25714.98	25776.48	25698.73	25727.33	25302	0	145
2026.01.29	22:00:00	25727.93	25898.08	25719.93	25872.18	23249	0	145
2026.01.29	23:00:00	25870.08	25917.36	25837.86	25856.66	12824	0	145
2026.01.30	01:00:00	25830.06	25896.56	25762.56	25850.06	10708	0	198
2026.01.30	02:00:00	25850.26	25869.65	25785.35	25807.85	15261	0	190
2026.01.30	03:00:00	25808.15	25810.35	25674.75	25730.65	18911	0	180
2026.01.30	04:00:00	25731.55	25743.75	25614.65	25721.65	20293	0	190
2026.01.30	05:00:00	25722.05	25766.25	25706.05	25725.35	16201	0	180
2026.01.30	06:00:00	25725.15	25773.85	25721.85	25737.15	11762	0	160
2026.01.30	07:00:00	25738.35	25764.75	25710.15	25711.25	12762	0	170
2026.01.30	08:00:00	25712.25	25717.15	25615.05	25629.35	14703	0	170
2026.01.30	09:00:00	25629.55	25682.55	25579.85	25585.85	14155	0	190
2026.01.30	10:00:00	25587.85	25670.65	25560.35	25646.25	19383	0	190
2026.01.30	11:00:00	25646.15	25665.05	25528.15	25575.75	18834	0	190
2026.01.30	12:00:00	25575.15	25668.15	25572.35	25643.05	15702	0	190
2026.01.30	13:00:00	25643.15	25761.65	25642.05	25749.35	15109	0	170
2026.01.30	14:00:00	25749.15	25783.25	25700.75	25723.85	16400	0	190
2026.01.30	15:00:00	25724.05	25764.05	25659.85	25703.75	19501	0	190
2026.01.30	16:00:00	25704.55	25817.23	25684.75	25706.73	26964	0	145
2026.01.30	17:00:00	25706.23	25811.43	25650.33	25721.33	31201	0	145
2026.01.30	18:00:00	25720.63	25747.43	25626.83	25639.83	29441	0	145
2026.01.30	19:00:00	25640.83	25677.43	25561.13	25561.83	29400	0	145
2026.01.30	20:00:00	25561.73	25653.43	25451.13	25622.83	29336	0	145
2026.01.30	21:00:00	25622.93	25662.93	25534.23	25539.23	28665	0	145
2026.01.30	22:00:00	25539.43	25612.38	25453.33	25554.83	28446	0	145
2026.01.30	23:00:00	25558.33	25587.76	25507.06	25517.96	11420	0	145
2026.02.02	01:00:00	25383.46	25460.36	25263.66	25422.46	15829	0	208
2026.02.02	02:00:00	25422.36	25534.45	25377.05	25493.75	18770	0	190
2026.02.02	03:00:00	25493.95	25525.85	25289.85	25296.55	24290	0	190
2026.02.02	04:00:00	25296.35	25339.05	25246.95	25255.75	21755	0	190
2026.02.02	05:00:00	25256.55	25276.45	25152.45	25169.45	20636	0	190
2026.02.02	06:00:00	25169.85	25265.25	25106.35	25231.95	19925	0	190
2026.02.02	07:00:00	25230.85	25237.75	25125.35	25138.95	19112	0	190
2026.02.02	08:00:00	25138.85	25163.05	25070.05	25123.35	18686	0	190
2026.02.02	09:00:00	25123.55	25240.05	25121.55	25238.35	16387	0	190
2026.02.02	10:00:00	25237.95	25311.45	25229.75	25290.35	18419	0	190
2026.02.02	11:00:00	25291.35	25352.25	25245.45	25342.85	17359	0	190
2026.02.02	12:00:00	25342.75	25360.35	25280.05	25296.05	14159	0	180
2026.02.02	13:00:00	25296.35	25380.85	25289.55	25340.75	13158	0	180
2026.02.02	14:00:00	25340.15	25416.25	25340.15	25377.55	14155	0	180
2026.02.02	15:00:00	25376.95	25427.55	25345.85	25416.75	16647	0	180
2026.02.02	16:00:00	25417.25	25686.93	25408.05	25639.82	23989	0	124
2026.02.02	17:00:00	25633.52	25799.83	25621.82	25728.83	28255	0	124
2026.02.02	18:00:00	25727.33	25788.43	25692.08	25781.08	24502	0	145
2026.02.02	19:00:00	25779.68	25826.23	25775.28	25808.53	18741	0	145
2026.02.02	20:00:00	25808.83	25833.53	25782.73	25827.03	16750	0	145
2026.02.02	21:00:00	25826.93	25830.03	25726.73	25731.23	16424	0	145
2026.02.02	22:00:00	25731.33	25784.58	25707.03	25740.48	23326	0	145
2026.02.02	23:00:00	25741.28	25781.26	25720.46	25768.16	10204	0	145
2026.02.03	01:00:00	25789.06	25863.96	25788.66	25835.26	7796	0	158
2026.02.03	02:00:00	25835.56	25871.85	25802.45	25840.35	11597	0	145
2026.02.03	03:00:00	25840.15	25877.95	25835.95	25847.35	13065	0	160
2026.02.03	04:00:00	25846.55	25847.05	25788.15	25815.65	15176	0	160
2026.02.03	05:00:00	25815.35	25851.55	25800.55	25843.95	12152	0	150
2026.02.03	06:00:00	25843.85	25875.23	25840.85	25867.25	8754	0	145
2026.02.03	07:00:00	25867.35	25883.95	25839.65	25874.88	10025	0	145
2026.02.03	08:00:00	25874.98	25894.25	25860.85	25879.53	8639	0	145
2026.02.03	09:00:00	25879.43	25915.25	25862.45	25899.55	9020	0	145
2026.02.03	10:00:00	25899.15	25911.25	25857.85	25864.65	14660	0	170
2026.02.03	11:00:00	25864.55	25897.55	25845.75	25857.05	14312	0	160
2026.02.03	12:00:00	25857.55	25877.25	25832.25	25843.55	11237	0	150
2026.02.03	13:00:00	25843.45	25853.15	25822.65	25833.05	11855	0	160
2026.02.03	14:00:00	25832.75	25883.55	25810.55	25869.85	12340	0	160
2026.02.03	15:00:00	25869.65	25890.35	25848.95	25854.55	12332	0	160
2026.02.03	16:00:00	25854.85	25864.25	25511.23	25519.63	23618	0	145
2026.02.03	17:00:00	25515.03	25534.03	25359.03	25505.03	31545	0	145
2026.02.03	18:00:00	25505.13	25506.93	25358.43	25381.63	29672	0	145
2026.02.03	19:00:00	25381.53	25392.13	25235.03	25278.03	28427	0	145
2026.02.03	20:00:00	25276.93	25313.53	25138.48	25138.48	27167	0	145
2026.02.03	21:00:00	25137.78	25250.33	25111.18	25209.23	28948	0	145
2026.02.03	22:00:00	25208.73	25350.43	25161.68	25335.83	27213	0	145
2026.02.03	23:00:00	25337.53	25367.96	25272.26	25296.26	13407	0	145
2026.02.04	01:00:00	25296.16	25335.16	25257.16	25321.46	4678	0	168
2026.02.04	02:00:00	25321.56	25329.25	25270.25	25270.45	13731	0	160
2026.02.04	03:00:00	25274.15	25348.75	25274.15	25333.35	14943	0	170
2026.02.04	04:00:00	25335.35	25367.75	25294.05	25307.25	12799	0	170
2026.02.04	05:00:00	25307.15	25345.55	25297.05	25328.55	11196	0	150
2026.02.04	06:00:00	25328.35	25342.75	25311.75	25328.35	7957	0	150
2026.02.04	07:00:00	25328.65	25337.55	25303.35	25337.35	8700	0	145
2026.02.04	08:00:00	25337.05	25383.65	25329.55	25365.15	9470	0	150
2026.02.04	09:00:00	25364.85	25408.95	25363.15	25397.25	7736	0	145
2026.02.04	10:00:00	25397.05	25403.75	25295.75	25320.25	17131	0	160
2026.02.04	11:00:00	25320.45	25343.35	25249.85	25296.95	17102	0	190
2026.02.04	12:00:00	25297.15	25360.15	25289.95	25344.25	12452	0	180
2026.02.04	13:00:00	25343.85	25377.35	25330.75	25368.35	11987	0	170
2026.02.04	14:00:00	25369.95	25384.85	25291.85	25300.85	14201	0	180
2026.02.04	15:00:00	25301.15	25311.15	25237.45	25251.95	17056	0	190
2026.02.04	16:00:00	25251.25	25282.35	25081.43	25090.72	26223	0	124
2026.02.04	17:00:00	25090.42	25199.13	25002.83	25045.33	32793	0	124
2026.02.04	18:00:00	25046.13	25063.83	24822.83	24930.23	29844	0	145
2026.02.04	19:00:00	24929.83	24951.73	24678.63	24767.83	29818	0	145
2026.02.04	20:00:00	24768.63	24854.13	24715.13	24819.13	29304	0	145
2026.02.04	21:00:00	24819.33	25010.83	24759.63	25001.33	29041	0	145
2026.02.04	22:00:00	25001.13	25012.43	24876.93	24893.13	26225	0	145
2026.02.04	23:00:00	24895.93	25077.76	24773.76	25031.36	19820	0	145
2026.02.05	01:00:00	25004.66	25022.86	24941.46	24966.56	5690	0	188
2026.02.05	02:00:00	24967.16	25034.45	24931.05	25006.55	12307	0	180
2026.02.05	03:00:00	25007.45	25068.45	24999.15	25022.65	15714	0	190
2026.02.05	04:00:00	25024.05	25033.95	24859.05	24860.65	21227	0	190
2026.02.05	05:00:00	24860.95	24936.55	24828.95	24848.05	19684	0	190
2026.02.05	06:00:00	24848.45	24926.05	24815.25	24910.05	16321	0	190
2026.02.05	07:00:00	24910.55	24944.05	24862.25	24895.65	15926	0	190
2026.02.05	08:00:00	24895.95	24976.15	24892.05	24971.45	13021	0	180
2026.02.05	09:00:00	24971.95	24988.65	24940.45	24944.25	11142	0	180
2026.02.05	10:00:00	24946.75	25023.15	24898.25	24898.45	18536	0	190
2026.02.05	11:00:00	24898.05	24996.25	24878.05	24929.15	17286	0	190
2026.02.05	12:00:00	24929.55	24990.95	24921.15	24932.75	13589	0	190
2026.02.05	13:00:00	24932.05	24964.15	24890.55	24929.65	14430	0	190
2026.02.05	14:00:00	24928.25	24956.05	24607.65	24692.55	24024	0	190
2026.02.05	15:00:00	24687.75	24767.65	24658.45	24667.55	23711	0	190
2026.02.05	16:00:00	24666.55	24859.13	24552.13	24670.22	29841	0	124
2026.02.05	17:00:00	24670.02	24697.77	24451.53	24532.23	32569	0	124
2026.02.05	18:00:00	24532.63	24756.43	24446.03	24729.93	31459	0	145
2026.02.05	19:00:00	24729.73	24787.23	24623.23	24682.13	30447	0	145
2026.02.05	20:00:00	24683.03	24733.63	24562.48	24601.03	28103	0	145
2026.02.05	21:00:00	24599.23	24738.53	24572.73	24612.23	27454	0	145
2026.02.05	22:00:00	24612.03	24707.73	24467.63	24537.63	28061	0	145
2026.02.05	23:00:00	24539.13	24590.66	24332.86	24334.86	18910	0	145
2026.02.06	01:00:00	24351.26	24376.16	24197.46	24237.86	13637	0	208
2026.02.06	02:00:00	24237.26	24311.05	24143.85	24302.85	21056	0	190
2026.02.06	03:00:00	24304.35	24437.85	24243.35	24432.75	21248	0	190
2026.02.06	04:00:00	24432.55	24478.05	24413.45	24436.25	17838	0	190
2026.02.06	05:00:00	24436.35	24467.85	24374.85	24428.95	16447	0	190
2026.02.06	06:00:00	24429.05	24431.05	24329.45	24356.35	13393	0	190
2026.02.06	07:00:00	24356.95	24499.05	24333.55	24484.85	15033	0	190
2026.02.06	08:00:00	24484.75	24515.25	24443.55	24449.85	11362	0	190
2026.02.06	09:00:00	24450.05	24480.95	24409.05	24459.45	11354	0	190
2026.02.06	10:00:00	24458.55	24508.45	24393.55	24486.35	18745	0	190
2026.02.06	11:00:00	24486.05	24684.95	24464.55	24652.75	17949	0	190
2026.02.06	12:00:00	24652.55	24699.85	24614.55	24697.55	13270	0	190
2026.02.06	13:00:00	24696.05	24775.35	24694.25	24757.25	14175	0	190
2026.02.06	14:00:00	24754.05	24763.05	24663.55	24684.75	15979	0	190
2026.02.06	15:00:00	24684.95	24754.95	24660.35	24700.35	17264	0	190
2026.02.06	16:00:00	24700.05	24886.03	24603.93	24755.32	27190	0	124
2026.02.06	17:00:00	24754.17	24865.03	24648.13	24799.33	32189	0	124
2026.02.06	18:00:00	24799.53	24954.28	24784.83	24904.38	27653	0	145
2026.02.06	19:00:00	24904.78	25012.53	24891.03	24996.38	25338	0	145
2026.02.06	20:00:00	24996.58	25027.53	24978.38	24987.73	22461	0	145
2026.02.06	21:00:00	24988.13	25016.73	24969.23	24979.23	20967	0	145
2026.02.06	22:00:00	24977.73	25129.48	24964.68	25054.43	20111	0	145
2026.02.06	23:00:00	25052.63	25072.36	25005.16	25006.26	9294	0	145
2026.02.09	01:00:00	25155.46	25208.36	25138.16	25189.46	11802	0	198
2026.02.09	02:00:00	25189.76	25260.35	25172.35	25177.05	19966	0	190
2026.02.09	03:00:00	25176.35	25179.35	25110.25	25131.35	18860	0	190
2026.02.09	04:00:00	25131.45	25176.85	25122.25	25141.55	14263	0	170
2026.02.09	05:00:00	25142.35	25156.05	25103.15	25103.95	12891	0	170
2026.02.09	06:00:00	25104.15	25136.95	25094.65	25101.65	10104	0	150
2026.02.09	07:00:00	25101.55	25142.55	25091.35	25129.35	11363	0	160
2026.02.09	08:00:00	25129.85	25136.05	25070.85	25080.85	14604	0	170
2026.02.09	09:00:00	25080.95	25095.45	25035.05	25073.45	10640	0	170
2026.02.09	10:00:00	25073.35	25128.45	25062.85	25076.35	15628	0	190
2026.02.09	11:00:00	25075.55	25099.35	24988.05	25001.85	14301	0	190
2026.02.09	12:00:00	25001.75	25007.45	24882.05	24958.55	16684	0	190
2026.02.09	13:00:00	24958.85	24985.75	24934.85	24961.85	13428	0	190
2026.02.09	14:00:00	24961.75	25017.65	24929.75	25015.55	14241	0	180
2026.02.09	15:00:00	25015.75	25069.95	24988.85	24993.45	15523	0	180
2026.02.09	16:00:00	24993.95	25102.43	24870.53	25029.23	25197	0	145
2026.02.09	17:00:00	25027.93	25243.28	25018.43	25226.18	28222	0	145
2026.02.09	18:00:00	25227.48	25316.63	25220.08	25303.83	21823	0	145
2026.02.09	19:00:00	25303.63	25329.03	25263.63	25268.13	18391	0	145
2026.02.09	20:00:00	25267.83	25301.33	25225.08	25282.33	21135	0	145
2026.02.09	21:00:00	25281.63	25339.83	25276.53	25310.43	16100	0	145
2026.02.09	22:00:00	25309.93	25324.43	25245.68	25252.78	20526	0	145
2026.02.09	23:00:00	25250.08	25285.76	25247.40	25276.06	6568	0	145
2026.02.10	01:00:00	25305.96	25308.26	25242.06	25257.36	7972	0	188
2026.02.10	02:00:00	25257.46	25275.75	25225.75	25247.95	12338	0	160
2026.02.10	03:00:00	25248.15	25264.75	25213.35	25247.35	15402	0	170
2026.02.10	04:00:00	25247.75	25248.65	25200.35	25219.25	12722	0	150
2026.02.10	05:00:00	25219.55	25226.45	25191.95	25212.83	10135	0	145
2026.02.10	06:00:00	25212.63	25259.55	25212.05	25257.75	7288	0	145
2026.02.10	07:00:00	25258.05	25270.85	25224.55	25264.73	9370	0	145
2026.02.10	08:00:00	25264.83	25266.63	25204.95	25225.85	9395	0	145
2026.02.10	09:00:00	25225.75	25262.25	25219.55	25262.25	7673	0	145
2026.02.10	10:00:00	25261.55	25279.35	25235.35	25246.95	14533	0	160
2026.02.10	11:00:00	25246.75	25316.95	25246.75	25276.65	11860	0	160
2026.02.10	12:00:00	25276.75	25287.55	25254.85	25268.35	11226	0	150
2026.02.10	13:00:00	25268.55	25286.75	25246.35	25282.85	9357	0	150
2026.02.10	14:00:00	25284.85	25334.55	25250.25	25251.55	14068	0	150
2026.02.10	15:00:00	25251.25	25287.35	25205.65	25286.05	17375	0	170
2026.02.10	16:00:00	25285.35	25322.53	25169.33	25305.53	22997	0	145
2026.02.10	17:00:00	25305.33	25359.63	25261.23	25287.73	28548	0	145
2026.02.10	18:00:00	25287.83	25312.83	25229.88	25240.08	27077	0	145
2026.02.10	19:00:00	25240.58	25310.53	25218.88	25296.73	21097	0	145
2026.02.10	20:00:00	25297.13	25297.73	25184.53	25225.63	24060	0	145
2026.02.10	21:00:00	25225.53	25235.73	25187.53	25207.83	21796	0	145
2026.02.10	22:00:00	25207.23	25209.53	25111.48	25133.73	22141	0	145
2026.02.10	23:00:00	25132.63	25160.46	25121.76	25157.96	7457	0	145
2026.02.11	01:00:00	25187.66	25202.26	25183.76	25188.26	3198	0	150
2026.02.11	02:00:00	25188.66	25211.28	25181.63	25205.73	5410	0	145
2026.02.11	03:00:00	25206.03	25240.98	25205.85	25230.63	7673	0	145
2026.02.11	04:00:00	25231.13	25244.38	25221.88	25237.08	6586	0	145
2026.02.11	05:00:00	25237.28	25259.65	25218.25	25253.08	5050	0	145
2026.02.11	06:00:00	25252.88	25255.28	25211.05	25221.83	5512	0	145
2026.02.11	07:00:00	25221.33	25240.88	25195.05	25202.63	6873	0	145
2026.02.11	08:00:00	25202.33	25231.35	25183.25	25184.05	8151	0	145
2026.02.11	09:00:00	25184.55	25205.15	25168.15	25185.95	7893	0	150
2026.02.11	10:00:00	25185.55	25193.45	25125.05	25165.45	13634	0	160
2026.02.11	11:00:00	25165.15	25193.45	25119.35	25120.05	12425	0	170
2026.02.11	12:00:00	25119.55	25122.15	25062.55	25122.15	13343	0	170
2026.02.11	13:00:00	25123.15	25165.25	25120.85	25128.05	10572	0	160
2026.02.11	14:00:00	25124.55	25191.05	25120.85	25161.95	12978	0	170
2026.02.11	15:00:00	25162.05	25365.75	25151.35	25358.85	18218	0	160
2026.02.11	16:00:00	25358.65	25380.53	25205.73	25218.63	25055	0	145
2026.02.11	17:00:00	25218.73	25258.13	24973.73	25160.33	31372	0	145
2026.02.11	18:00:00	25160.03	25190.33	25091.53	25096.53	28488	0	145
2026.02.11	19:00:00	25096.33	25240.63	25057.33	25180.58	25637	0	145
2026.02.11	20:00:00	25181.38	25228.63	25117.23	25217.78	24855	0	145
2026.02.11	21:00:00	25217.88	25276.73	25174.53	25225.48	23338	0	145
2026.02.11	22:00:00	25225.28	25238.73	25188.48	25192.98	22846	0	145
2026.02.11	23:00:00	25194.78	25223.56	25184.56	25205.26	8354	0	145
2026.02.12	01:00:00	25198.66	25199.06	25124.76	25153.86	7499	0	178
2026.02.12	02:00:00	25153.36	25191.35	25132.75	25184.05	11834	0	150
2026.02.12	03:00:00	25185.35	25233.05	25161.15	25219.25	13786	0	160
2026.02.12	04:00:00	25219.45	25228.65	25187.45	25211.55	10379	0	150
2026.02.12	05:00:00	25211.05	25239.38	25200.65	25229.13	7050	0	145
2026.02.12	06:00:00	25229.33	25257.85	25221.98	25245.08	6698	0	145
2026.02.12	07:00:00	25244.88	25263.13	25244.88	25257.25	6356	0	145
2026.02.12	08:00:00	25257.15	25262.45	25210.95	25238.35	10009	0	150
2026.02.12	09:00:00	25239.05	25277.65	25233.45	25269.35	7459	0	145
2026.02.12	10:00:00	25269.45	25287.45	25243.35	25271.95	14245	0	160
2026.02.12	11:00:00	25269.85	25282.45	25248.55	25273.55	10969	0	150
2026.02.12	12:00:00	25273.75	25292.25	25253.25	25268.43	8311	0	145
2026.02.12	13:00:00	25268.63	25289.35	25256.75	25285.45	7246	0	145
2026.02.12	14:00:00	25284.75	25302.55	25261.75	25275.25	9162	0	150
2026.02.12	15:00:00	25275.55	25338.25	25239.15	25313.95	12797	0	160
2026.02.12	16:00:00	25314.25	25316.35	25105.33	25121.33	23001	0	145
2026.02.12	17:00:00	25125.63	25177.83	24925.93	24929.33	29911	0	145
2026.02.12	18:00:00	24929.43	24950.23	24725.23	24797.93	30957	0	145
2026.02.12	19:00:00	24797.13	24859.13	24742.93	24744.23	29079	0	145
2026.02.12	20:00:00	24744.13	24849.23	24722.23	24824.93	27783	0	145
2026.02.12	21:00:00	24825.33	24863.23	24765.93	24818.33	26700	0	145
2026.02.12	22:00:00	24818.63	24831.93	24641.63	24683.93	27089	0	145
2026.02.12	23:00:00	24685.43	24753.36	24664.06	24749.26	10855	0	145
2026.02.13	01:00:00	24735.36	24772.96	24663.46	24742.16	10535	0	198
2026.02.13	02:00:00	24738.96	24782.55	24628.65	24650.15	18992	0	180
2026.02.13	03:00:00	24649.45	24746.05	24649.45	24713.25	17886	0	190
2026.02.13	04:00:00	24713.15	24756.85	24711.65	24728.25	13050	0	160
2026.02.13	05:00:00	24728.65	24745.75	24670.75	24675.15	12099	0	150
2026.02.13	06:00:00	24675.45	24727.75	24670.65	24682.45	11746	0	160
2026.02.13	07:00:00	24683.05	24696.65	24616.65	24637.55	15274	0	180
2026.02.13	08:00:00	24637.45	24656.15	24568.95	24639.05	15417	0	170
2026.02.13	09:00:00	24638.75	24687.95	24636.55	24671.95	11744	0	180
2026.02.13	10:00:00	24671.25	24708.65	24600.25	24700.25	19470	0	190
2026.02.13	11:00:00	24700.55	24733.25	24656.75	24699.55	15434	0	190
2026.02.13	12:00:00	24699.25	24724.65	24653.15	24654.65	13471	0	180
2026.02.13	13:00:00	24654.55	24663.95	24551.25	24646.75	18785	0	190
2026.02.13	14:00:00	24646.25	24670.65	24593.55	24620.45	18168	0	190
2026.02.13	15:00:00	24621.05	24745.66	24546.65	24706.55	24582	0	190
2026.02.13	16:00:00	24706.65	24774.63	24504.73	24623.63	28377	0	145
2026.02.13	17:00:00	24623.13	24853.53	24619.13	24736.23	32426	0	145
2026.02.13	18:00:00	24736.03	24858.53	24688.73	24820.53	29315	0	145
2026.02.13	19:00:00	24820.73	24918.88	24809.53	24863.93	25485	0	145
2026.02.13	20:00:00	24863.63	24921.03	24827.03	24865.18	25122	0	145
2026.02.13	21:00:00	24864.88	24894.28	24774.93	24778.53	24828	0	145
2026.02.13	22:00:00	24778.63	24816.63	24659.63	24731.53	27254	0	145
2026.02.13	23:00:00	24733.23	24756.16	24704.56	24709.86	9321	0	145
2026.02.16	01:00:00	24707.06	24769.46	24685.96	24767.86	7423	0	188
2026.02.16	02:00:00	24767.46	24780.05	24741.95	24765.85	10635	0	150
2026.02.16	03:00:00	24766.35	24800.05	24754.35	24791.55	8863	0	145
2026.02.16	04:00:00	24791.75	24803.55	24758.45	24762.85	8411	0	145
2026.02.16	05:00:00	24763.15	24767.45	24739.85	24754.93	7771	0	145
2026.02.16	06:00:00	24755.03	24771.63	24750.73	24756.88	6620	0	145
2026.02.16	07:00:00	24756.98	24759.13	24726.15	24742.35	5935	0	145
2026.02.16	08:00:00	24742.65	24758.43	24725.35	24755.03	6177	0	145
2026.02.16	09:00:00	24754.63	24804.35	24752.93	24792.35	6581	0	145
2026.02.16	10:00:00	24792.95	24834.45	24772.15	24826.45	12415	0	160
2026.02.16	11:00:00	24826.65	24852.75	24819.25	24841.05	7790	0	145
2026.02.16	12:00:00	24840.95	24843.25	24800.35	24809.05	7797	0	150
2026.02.16	13:00:00	24809.85	24809.85	24773.05	24793.95	7430	0	145
2026.02.16	14:00:00	24793.65	24811.75	24779.75	24800.75	8647	0	145
2026.02.16	15:00:00	24800.65	24806.75	24775.45	24775.55	9921	0	150
2026.02.16	16:00:00	24775.85	24776.05	24623.93	24699.28	19002	0	145
2026.02.16	17:00:00	24700.88	24728.63	24610.48	24623.98	19041	0	145
2026.02.16	18:00:00	24623.88	24684.53	24601.13	24658.23	17094	0	145
2026.02.16	19:00:00	24654.93	24700.63	24643.88	24676.93	11526	0	145
2026.02.17	01:00:00	24680.06	24772.46	24677.76	24748.16	6162	0	168
2026.02.17	02:00:00	24749.06	24765.65	24707.35	24719.15	12157	0	170
2026.02.17	03:00:00	24719.55	24755.25	24582.15	24598.65	12596	0	170
2026.02.17	04:00:00	24594.05	24615.65	24549.15	24593.05	12944	0	190
2026.02.17	05:00:00	24593.15	24596.15	24506.75	24540.85	12125	0	180
2026.02.17	06:00:00	24541.15	24560.85	24524.75	24553.65	8290	0	160
2026.02.17	07:00:00	24554.05	24556.75	24489.65	24513.35	10313	0	160
2026.02.17	08:00:00	24513.65	24571.65	24513.65	24560.35	7237	0	150
2026.02.17	09:00:00	24560.45	24594.75	24515.75	24591.15	8524	0	170
2026.02.17	10:00:00	24591.35	24657.25	24555.55	24571.35	15656	0	190
2026.02.17	11:00:00	24571.65	24626.65	24567.55	24617.55	12012	0	180
2026.02.17	12:00:00	24617.35	24628.85	24522.05	24538.05	10691	0	170
2026.02.17	13:00:00	24538.55	24567.35	24503.65	24554.55	11652	0	170
2026.02.17	14:00:00	24552.35	24598.35	24508.85	24516.15	14153	0	190
2026.02.17	15:00:00	24516.55	24633.65	24449.75	24543.55	19581	0	190
2026.02.17	16:00:00	24543.15	24746.13	24407.33	24416.13	26400	0	145
2026.02.17	17:00:00	24409.83	24572.03	24380.83	24531.73	31840	0	145
2026.02.17	18:00:00	24531.03	24727.63	24524.23	24691.13	28842	0	145
2026.02.17	19:00:00	24691.63	24696.13	24540.23	24628.53	28817	0	145
2026.02.17	20:00:00	24629.23	24803.63	24580.63	24776.53	26781	0	145
2026.02.17	21:00:00	24776.33	24820.58	24739.23	24745.98	25632	0	145
2026.02.17	22:00:00	24744.38	24773.13	24667.33	24708.63	24298	0	145
2026.02.17	23:00:00	24707.13	24749.66	24686.36	24700.96	10404	0	145
2026.02.18	01:00:00	24688.36	24701.26	24635.96	24643.86	7521	0	188
2026.02.18	02:00:00	24645.06	24688.05	24641.85	24659.75	10175	0	170
2026.02.18	03:00:00	24659.45	24679.55	24642.95	24677.65	9920	0	160
2026.02.18	04:00:00	24678.25	24703.93	24669.25	24691.65	7349	0	145
2026.02.18	05:00:00	24691.75	24732.15	24670.05	24727.15	7362	0	145
2026.02.18	06:00:00	24727.25	24773.25	24717.35	24769.63	7377	0	145
2026.02.18	07:00:00	24769.73	24777.93	24753.95	24758.65	5700	0	145
2026.02.18	08:00:00	24758.55	24780.15	24742.75	24757.25	7183	0	150
2026.02.18	09:00:00	24755.35	24775.45	24736.05	24767.45	7375	0	150
2026.02.18	10:00:00	24767.55	24848.75	24766.85	24837.15	12465	0	150
2026.02.18	11:00:00	24837.75	24874.55	24832.95	24842.95	10578	0	160
2026.02.18	12:00:00	24842.85	24873.15	24841.35	24855.45	8304	0	150
2026.02.18	13:00:00	24855.35	24861.35	24823.45	24828.85	8604	0	145
2026.02.18	14:00:00	24828.15	24894.95	24777.75	24823.65	15506	0	150
2026.02.18	15:00:00	24823.55	24853.85	24750.85	24761.65	15193	0	170
2026.02.18	16:00:00	24761.45	24891.23	24686.13	24875.33	24322	0	145
2026.02.18	17:00:00	24874.23	25032.38	24871.33	25020.38	27833	0	145
2026.02.18	18:00:00	25020.18	25049.88	24991.38	24995.33	22582	0	145
2026.02.18	19:00:00	24995.13	25061.63	24992.33	25032.33	20116	0	145
2026.02.18	20:00:00	25031.73	25060.73	24916.13	24958.08	22208	0	145
2026.02.18	21:00:00	24960.18	24969.13	24796.33	24817.23	24319	0	145
2026.02.18	22:00:00	24816.83	24931.18	24789.68	24890.98	23921	0	145
2026.02.18	23:00:00	24890.58	24900.16	24862.86	24874.06	7227	0	145
2026.02.19	01:00:00	24903.86	24926.76	24894.46	24896.46	6094	0	158
2026.02.19	02:00:00	24897.66	24905.35	24851.85	24879.35	9991	0	160
2026.02.19	03:00:00	24878.35	24926.45	24870.05	24905.45	12141	0	170
2026.02.19	04:00:00	24905.25	24920.33	24886.45	24911.85	9401	0	145
2026.02.19	05:00:00	24911.95	24931.65	24899.15	24916.25	8104	0	145
2026.02.19	06:00:00	24916.35	24926.28	24886.25	24888.35	7725	0	145
2026.02.19	07:00:00	24888.35	24936.75	24872.95	24928.83	7751	0	145
2026.02.19	08:00:00	24928.93	24952.65	24920.05	24950.75	7555	0	145
2026.02.19	09:00:00	24951.25	24979.65	24940.05	24951.75	6914	0	145
2026.02.19	10:00:00	24951.65	24985.95	24877.45	24886.85	14064	0	170
2026.02.19	11:00:00	24886.65	24905.45	24783.05	24825.05	15519	0	190
2026.02.19	12:00:00	24824.55	24834.65	24757.55	24787.35	15110	0	180
2026.02.19	13:00:00	24786.95	24817.55	24768.45	24810.65	11084	0	160
2026.02.19	14:00:00	24810.55	24828.95	24747.05	24800.75	13808	0	170
2026.02.19	15:00:00	24800.95	24812.65	24732.45	24786.15	17143	0	180
2026.02.19	16:00:00	24785.85	24851.93	24695.93	24813.13	24405	0	145
2026.02.19	17:00:00	24813.03	24882.13	24781.53	24856.43	28822	0	145
2026.02.19	18:00:00	24855.53	24891.58	24734.43	24775.93	27419	0	145
2026.02.19	19:00:00	24776.13	24837.08	24698.33	24713.33	25263	0	145
2026.02.19	20:00:00	24711.33	24781.58	24682.63	24774.83	24507	0	145
2026.02.19	21:00:00	24774.23	24782.03	24684.88	24714.98	23473	0	145
2026.02.19	22:00:00	24714.28	24797.58	24710.28	24794.38	23146	0	145
2026.02.19	23:00:00	24794.98	24804.26	24761.56	24768.36	7985	0	145
2026.02.20	01:00:00	24776.56	24823.46	24767.76	24812.66	6193	0	158
2026.02.20	02:00:00	24812.86	24847.85	24793.75	24840.25	9686	0	145
2026.02.20	03:00:00	24840.55	24873.85	24830.45	24845.45	10877	0	150
2026.02.20	04:00:00	24846.15	24872.65	24817.65	24836.35	10600	0	150
2026.02.20	05:00:00	24835.85	24850.08	24828.13	24829.03	7307	0	145
2026.02.20	06:00:00	24829.43	24853.05	24824.45	24840.58	6034	0	145
2026.02.20	07:00:00	24841.08	24886.58	24840.28	24881.83	7196	0	145
2026.02.20	08:00:00	24882.33	24895.05	24870.05	24882.18	5978	0	145
2026.02.20	09:00:00	24882.58	24893.45	24847.05	24860.55	7591	0	145
2026.02.20	10:00:00	24860.15	24881.05	24835.75	24876.35	12420	0	150
2026.02.20	11:00:00	24875.55	24923.35	24870.95	24875.15	10949	0	160
2026.02.20	12:00:00	24875.65	24885.45	24839.95	24840.85	10136	0	160
2026.02.20	13:00:00	24841.15	24841.15	24750.35	24768.45	14661	0	180
2026.02.20	14:00:00	24769.95	24788.35	24729.65	24768.65	15380	0	180
2026.02.20	15:00:00	24767.25	24802.74	24662.05	24708.45	17352	0	170
2026.02.20	16:00:00	24708.55	24895.93	24619.53	24835.65	25434	0	145
2026.02.20	17:00:00	24835.65	25064.33	24799.83	25058.03	31794	0	145
2026.02.20	18:00:00	25057.83	25078.03	24907.33	25037.43	27919	0	145
2026.02.20	19:00:00	25037.13	25048.33	24818.83	24974.43	29003	0	145
2026.02.20	20:00:00	24973.83	25060.83	24869.33	25037.33	28536	0	145
2026.02.20	21:00:00	25037.13	25057.53	24957.58	24961.78	23815	0	145
2026.02.20	22:00:00	24960.78	25017.08	24953.43	25015.18	23129	0	145
2026.02.20	23:00:00	25014.08	25026.86	25003.36	25014.05	6609	0	145
2026.02.23	01:00:00	24993.66	24998.46	24878.46	24913.76	11448	0	208
2026.02.23	02:00:00	24912.86	24912.86	24790.55	24795.35	15151	0	190
2026.02.23	03:00:00	24793.45	24823.95	24775.15	24785.65	17431	0	190
2026.02.23	04:00:00	24785.85	24798.85	24752.65	24781.15	13179	0	160
2026.02.23	05:00:00	24780.95	24804.85	24755.35	24783.75	11126	0	150
2026.02.23	06:00:00	24783.85	24795.05	24754.25	24775.75	7892	0	145
2026.02.23	07:00:00	24776.25	24785.85	24749.75	24781.05	8652	0	145
2026.02.23	08:00:00	24780.85	24811.55	24774.75	24810.05	6397	0	145
2026.02.23	09:00:00	24809.85	24856.15	24805.35	24840.95	8571	0	145
2026.02.23	10:00:00	24840.65	24876.05	24820.15	24871.65	12763	0	170
2026.02.23	11:00:00	24871.95	24945.55	24871.95	24925.45	11569	0	160
2026.02.23	12:00:00	24926.25	24942.55	24888.15	24912.15	9641	0	160
2026.02.23	13:00:00	24912.05	24929.45	24849.65	24871.05	9837	0	160
2026.02.23	14:00:00	24871.15	24884.55	24826.55	24846.65	13658	0	170
2026.02.23	15:00:00	24846.35	24895.85	24830.95	24876.85	14473	0	180
2026.02.23	16:00:00	24876.75	24981.53	24801.33	24856.33	23419	0	145
2026.02.23	17:00:00	24856.43	24893.33	24681.13	24685.63	29497	0	145
2026.02.23	18:00:00	24685.43	24731.43	24610.43	24677.63	28783	0	145
2026.02.23	19:00:00	24677.53	24705.53	24619.68	24686.93	26327	0	145
2026.02.23	20:00:00	24688.13	24762.43	24662.58	24669.78	23748	0	145
2026.02.23	21:00:00	24669.28	24696.83	24628.58	24636.58	23104	0	145
2026.02.23	22:00:00	24636.98	24717.33	24624.13	24710.83	22548	0	145
2026.02.23	23:00:00	24711.33	24735.16	24702.76	24725.55	7336	0	145
2026.02.24	01:00:00	24728.16	24771.76	24716.96	24735.66	6833	0	168
2026.02.24	02:00:00	24735.46	24769.85	24721.05	24763.25	11365	0	160
2026.02.24	03:00:00	24762.35	24782.35	24742.45	24769.45	14663	0	170
2026.02.24	04:00:00	24769.95	24825.85	24764.05	24816.65	11184	0	150
2026.02.24	05:00:00	24816.45	24831.45	24814.15	24820.68	6858	0	145
2026.02.24	06:00:00	24820.98	24830.33	24813.03	24823.48	5850	0	145
2026.02.24	07:00:00	24823.68	24834.55	24773.05	24787.95	8365	0	145
2026.02.24	08:00:00	24787.65	24800.25	24770.15	24785.25	8388	0	145
2026.02.24	09:00:00	24785.15	24815.95	24778.15	24779.55	9321	0	150
2026.02.24	10:00:00	24780.65	24781.35	24708.25	24738.35	17508	0	170
2026.02.24	11:00:00	24737.25	24794.95	24735.55	24794.45	12260	0	145
2026.02.24	12:00:00	24794.65	24812.55	24773.05	24789.35	9509	0	145
2026.02.24	13:00:00	24790.55	24800.75	24756.35	24780.45	10487	0	160
2026.02.24	14:00:00	24779.35	24847.05	24743.55	24763.75	17111	0	180
2026.02.24	15:00:00	24764.25	24838.45	24762.35	24824.35	14969	0	180
2026.02.24	16:00:00	24824.55	24911.03	24642.73	24824.23	23635	0	145
2026.02.24	17:00:00	24824.03	24977.93	24767.23	24923.43	29845	0	145
2026.02.24	18:00:00	24923.53	24991.38	24914.38	24973.28	26296	0	145
2026.02.24	19:00:00	24972.98	25019.98	24965.98	24991.03	20140	0	145
2026.02.24	20:00:00	24990.73	25022.53	24956.53	24974.03	19269	0	145
2026.02.24	21:00:00	24974.23	24990.03	24933.53	24965.73	19378	0	145
2026.02.24	22:00:00	24966.23	25017.93	24939.53	24976.93	19036	0	145
2026.02.24	23:00:00	24976.83	24983.86	24949.86	24966.56	6199	0	145
2026.02.25	01:00:00	24946.16	24999.06	24942.46	24993.46	5138	0	150
2026.02.25	02:00:00	24993.26	25023.15	24968.05	25020.15	9087	0	145
2026.02.25	03:00:00	25019.85	25061.55	25011.45	25052.35	13566	0	160
2026.02.25	04:00:00	25051.35	25062.95	25033.65	25055.65	12563	0	150
2026.02.25	05:00:00	25055.95	25057.85	24943.75	25015.75	15335	0	150
2026.02.25	06:00:00	25015.55	25016.45	24983.35	24999.45	10766	0	145
2026.02.25	07:00:00	24999.65	25016.05	24979.35	24990.85	10245	0	145
2026.02.25	08:00:00	24989.35	25007.45	24980.85	24990.28	9126	0	145
2026.02.25	09:00:00	24991.18	25002.15	24966.75	24985.15	8675	0	145
2026.02.25	10:00:00	24984.75	25038.95	24984.75	25022.55	13769	0	150
2026.02.25	11:00:00	25022.35	25036.55	25003.85	25030.95	10427	0	145
2026.02.25	12:00:00	25031.05	25042.45	25014.43	25022.45	7972	0	145
2026.02.25	13:00:00	25022.25	25077.03	25017.45	25073.75	7214	0	145
2026.02.25	14:00:00	25070.35	25097.25	25054.65	25087.55	9799	0	150
2026.02.25	15:00:00	25087.65	25114.15	25073.05	25099.05	10471	0	150
2026.02.25	16:00:00	25100.55	25299.43	25078.85	25292.23	23267	0	145
2026.02.25	17:00:00	25291.83	25309.23	25213.83	25244.78	27157	0	145
2026.02.25	18:00:00	25243.68	25281.23	25232.53	25265.23	21338	0	145
2026.02.25	19:00:00	25265.33	25303.23	25260.53	25300.53	15208	0	145
2026.02.25	20:00:00	25300.83	25304.83	25283.03	25299.53	11736	0	145
2026.02.25	21:00:00	25299.33	25326.53	25298.53	25317.53	10804	0	145
2026.02.25	22:00:00	25317.23	25344.83	25301.03	25334.33	13960	0	145
2026.02.25	23:00:00	25333.53	25442.46	25319.86	25401.26	12532	0	145
2026.02.26	01:00:00	25333.16	25359.66	25225.66	25267.26	11904	0	188
2026.02.26	02:00:00	25266.16	25291.95	25253.45	25266.65	14500	0	160
2026.02.26	03:00:00	25267.15	25270.75	25216.15	25267.35	15550	0	150
2026.02.26	04:00:00	25266.55	25270.25	25240.35	25258.23	10211	0	145
2026.02.26	05:00:00	25257.43	25274.33	25245.85	25251.95	6880	0	145
2026.02.26	06:00:00	25251.65	25261.15	25243.83	25251.48	6313	0	145
2026.02.26	07:00:00	25251.58	25260.55	25234.35	25258.65	8749	0	145
2026.02.26	08:00:00	25259.15	25295.35	25257.75	25278.45	8123	0	150
2026.02.26	09:00:00	25277.65	25315.35	25277.45	25299.15	7918	0	150
2026.02.26	10:00:00	25298.85	25343.05	25294.55	25300.75	13319	0	160
2026.02.26	11:00:00	25300.55	25352.35	25296.95	25329.55	9316	0	150
2026.02.26	12:00:00	25330.25	25339.35	25298.35	25307.75	8085	0	150
2026.02.26	13:00:00	25307.85	25321.05	25296.55	25312.85	8420	0	145
2026.02.26	14:00:00	25314.85	25341.45	25311.85	25324.65	8327	0	145
2026.02.26	15:00:00	25321.95	25365.85	25312.75	25334.95	10766	0	150
2026.02.26	16:00:00	25334.65	25348.95	25134.63	25144.23	23707	0	145
2026.02.26	17:00:00	25143.83	25159.83	24815.73	24952.23	31075	0	145
2026.02.26	18:00:00	24951.93	25038.43	24907.58	24916.48	27561	0	145
2026.02.26	19:00:00	24916.58	24961.98	24866.48	24889.48	25172	0	145
2026.02.26	20:00:00	24889.28	24984.03	24845.03	24955.48	24664	0	145
2026.02.26	21:00:00	24952.78	25053.03	24943.38	25018.03	22597	0	145
2026.02.26	22:00:00	25017.23	25046.23	24978.53	25036.23	22657	0	145
2026.02.26	23:00:00	25035.53	25043.46	24992.06	24996.56	8762	0	145
2026.02.27	01:00:00	24933.76	24990.06	24909.36	24949.86	9839	0	188
2026.02.27	02:00:00	24947.76	24979.95	24908.55	24940.05	12786	0	170
2026.02.27	03:00:00	24941.15	24971.05	24924.45	24946.55	15252	0	170
2026.02.27	04:00:00	24946.45	24991.05	24939.55	24989.75	10794	0	150
2026.02.27	05:00:00	24989.85	24993.95	24961.15	24983.05	9583	0	145
2026.02.27	06:00:00	24982.95	24993.95	24969.95	24981.45	8129	0	145
2026.02.27	07:00:00	24981.75	25018.23	24980.85	24997.65	8303	0	145
2026.02.27	08:00:00	24997.45	25004.25	24950.05	24988.95	10989	0	150
2026.02.27	09:00:00	24990.65	25036.95	24990.65	25030.85	7677	0	150
2026.02.27	10:00:00	25030.35	25045.75	24996.35	25025.15	14743	0	170
2026.02.27	11:00:00	25028.75	25056.65	24982.65	24987.55	13219	0	170
2026.02.27	12:00:00	24987.35	25002.55	24924.55	24958.65	13414	0	170
2026.02.27	13:00:00	24958.85	24970.35	24888.25	24910.75	13519	0	180
2026.02.27	14:00:00	24913.05	24952.15	24856.05	24878.65	15775	0	180
2026.02.27	15:00:00	24878.55	24900.05	24753.75	24828.35	21582	0	190
2026.02.27	16:00:00	24828.55	24896.73	24740.83	24839.73	26406	0	145
2026.02.27	17:00:00	24838.63	24975.23	24824.63	24941.03	29189	0	145
2026.02.27	18:00:00	24941.23	24979.03	24889.73	24927.13	27411	0	145
2026.02.27	19:00:00	24927.03	24994.63	24858.63	24903.58	26234	0	145
2026.02.27	20:00:00	24903.48	24913.38	24833.03	24860.88	25220	0	145
2026.02.27	21:00:00	24859.28	24917.48	24832.63	24852.63	24056	0	145
2026.02.27	22:00:00	24852.73	24980.03	24851.33	24955.13	25075	0	145
2026.02.27	23:00:00	24954.13	24956.33	24900.06	24906.76	9426	0	145
2026.03.02	01:00:00	24707.56	24778.66	24680.36	24704.76	14362	0	208
2026.03.02	02:00:00	24704.06	24757.05	24674.75	24746.75	18116	0	190
2026.03.02	03:00:00	24746.55	24861.15	24733.65	24822.85	20873	0	190
2026.03.02	04:00:00	24824.15	24834.65	24757.55	24781.15	16530	0	190
2026.03.02	05:00:00	24780.85	24795.65	24747.85	24751.95	13399	0	170
2026.03.02	06:00:00	24752.75	24777.65	24702.25	24720.25	11948	0	170
2026.03.02	07:00:00	24718.25	24729.65	24633.85	24637.15	13575	0	170
2026.03.02	08:00:00	24636.15	24663.05	24494.35	24550.85	16903	0	190
2026.03.02	09:00:00	24550.65	24563.25	24491.75	24501.65	17576	0	190
2026.03.02	10:00:00	24501.85	24551.35	24438.25	24523.65	22734	0	190
2026.03.02	11:00:00	24522.15	24614.85	24513.05	24590.25	17443	0	190
2026.03.02	12:00:00	24590.05	24645.05	24586.65	24617.75	14724	0	190
2026.03.02	13:00:00	24617.85	24689.65	24596.25	24647.55	14257	0	190
2026.03.02	14:00:00	24647.35	24665.65	24570.15	24590.65	16486	0	190
2026.03.02	15:00:00	24589.75	24699.35	24556.05	24581.55	19369	0	190
2026.03.02	16:00:00	24582.05	24858.83	24568.75	24820.83	27011	0	145
2026.03.02	17:00:00	24815.55	24917.53	24764.73	24885.23	30595	0	145
2026.03.02	18:00:00	24885.03	25005.08	24813.23	24994.08	27332	0	145
2026.03.02	19:00:00	24994.28	25037.13	24968.73	25025.98	24725	0	145
2026.03.02	20:00:00	25026.38	25034.33	24929.28	24933.03	23428	0	145
2026.03.02	21:00:00	24932.63	25060.53	24928.63	25043.63	21704	0	145
2026.03.02	22:00:00	25043.53	25051.33	24908.73	24981.73	27734	0	145
2026.03.02	23:00:00	24982.83	24988.96	24936.66	24957.26	8828	0	145
2026.03.03	01:00:00	24957.16	24961.26	24907.16	24933.76	9283	0	188
2026.03.03	02:00:00	24935.26	24944.35	24888.15	24893.05	14303	0	160
2026.03.03	03:00:00	24892.85	24922.25	24831.65	24835.65	20652	0	180
2026.03.03	04:00:00	24835.35	24840.85	24771.55	24823.85	22528	0	190
2026.03.03	05:00:00	24823.65	24845.75	24767.55	24808.65	18789	0	190
2026.03.03	06:00:00	24808.55	24825.35	24756.35	24773.15	17342	0	190
2026.03.03	07:00:00	24773.25	24791.55	24713.05	24727.65	18758	0	190
2026.03.03	08:00:00	24727.35	24761.55	24700.85	24716.05	16521	0	190
2026.03.03	09:00:00	24715.75	24729.65	24631.25	24637.65	16480	0	190
2026.03.03	10:00:00	24637.85	24657.25	24468.25	24479.25	25183	0	190
2026.03.03	11:00:00	24483.15	24543.75	24409.85	24416.85	24248	0	190
2026.03.03	12:00:00	24417.75	24445.55	24356.85	24414.15	23991	0	190
2026.03.03	13:00:00	24413.35	24476.55	24332.85	24450.35	23642	0	190
2026.03.03	14:00:00	24452.55	24568.35	24440.55	24545.15	21736	0	190
2026.03.03	15:00:00	24545.75	24551.75	24412.85	24458.15	22971	0	190
2026.03.03	16:00:00	24457.55	24623.13	24419.25	24451.83	29263	0	145
2026.03.03	17:00:00	24452.33	24523.03	24314.73	24411.03	32213	0	145
2026.03.03	18:00:00	24409.23	24687.23	24399.83	24633.63	31233	0	145
2026.03.03	19:00:00	24634.13	24674.73	24566.73	24600.63	29715	0	145
2026.03.03	20:00:00	24604.13	24795.03	24603.33	24762.13	27775	0	145
2026.03.03	21:00:00	24762.53	24812.23	24672.23	24749.03	28204	0	145
2026.03.03	22:00:00	24750.53	24783.73	24681.23	24721.63	27138	0	145
2026.03.03	23:00:00	24719.53	24719.63	24656.06	24677.56	10721	0	145
2026.03.04	01:00:00	24651.66	24722.96	24634.36	24665.56	10995	0	188
2026.03.04	02:00:00	24666.46	24766.45	24641.15	24712.45	21770	0	190
2026.03.04	03:00:00	24712.25	24735.75	24595.25	24639.65	26550	0	190
2026.03.04	04:00:00	24641.15	24666.65	24553.65	24600.65	23625	0	190
2026.03.04	05:00:00	24601.75	24601.75	24489.55	24563.55	24630	0	190
2026.03.04	06:00:00	24563.75	24608.45	24530.65	24552.25	22298	0	190
2026.03.04	07:00:00	24552.55	24581.65	24496.45	24538.45	22988	0	190
2026.03.04	08:00:00	24538.25	24554.45	24463.75	24534.95	18771	0	190
2026.03.04	09:00:00	24535.25	24641.65	24500.55	24620.05	17388	0	190
2026.03.04	10:00:00	24619.75	24652.15	24576.05	24609.65	24009	0	190
2026.03.04	11:00:00	24609.75	24735.05	24585.95	24719.05	19533	0	190
2026.03.04	12:00:00	24718.25	24829.55	24699.45	24806.25	20640	0	190
2026.03.04	13:00:00	24807.65	24858.75	24765.75	24770.25	18559	0	190
2026.03.04	14:00:00	24769.65	24808.45	24684.75	24764.65	20047	0	190
2026.03.04	15:00:00	24764.45	24889.79	24759.75	24853.95	21436	0	190
2026.03.04	16:00:00	24854.05	24934.53	24792.03	24884.28	27559	0	145
2026.03.04	17:00:00	24885.23	25111.63	24857.53	25091.93	29684	0	145
2026.03.04	18:00:00	25091.73	25134.18	25017.23	25110.13	27218	0	145
2026.03.04	19:00:00	25111.13	25145.13	25069.78	25134.13	24507	0	145
2026.03.04	20:00:00	25133.53	25178.43	25105.18	25156.93	22491	0	145
2026.03.04	21:00:00	25157.13	25180.93	25145.03	25153.53	19120	0	145
2026.03.04	22:00:00	25153.13	25159.43	25078.23	25086.53	22166	0	145
2026.03.04	23:00:00	25085.73	25126.56	25058.16	25104.36	10408	0	145
2026.03.05	01:00:00	25116.46	25155.06	25108.66	25136.36	7715	0	168
2026.03.05	02:00:00	25136.26	25207.55	25125.45	25173.35	15458	0	170
2026.03.05	03:00:00	25174.75	25182.15	25009.25	25035.45	22890	0	170
2026.03.05	04:00:00	25036.05	25089.65	25014.95	25056.25	22255	0	190
2026.03.05	05:00:00	25056.15	25066.05	24990.65	25013.55	21193	0	190
2026.03.05	06:00:00	25012.65	25071.25	24996.65	25067.45	17962	0	170
2026.03.05	07:00:00	25067.85	25069.55	24997.95	24999.55	16941	0	160
2026.03.05	08:00:00	24999.95	25057.25	24945.95	25056.95	19001	0	180
2026.03.05	09:00:00	25055.15	25061.15	25006.45	25037.05	13858	0	180
2026.03.05	10:00:00	25036.65	25042.45	24938.55	25015.55	22753	0	190
2026.03.05	11:00:00	25015.75	25170.65	25006.45	25078.95	22813	0	190
2026.03.05	12:00:00	25079.05	25108.15	25053.65	25071.45	15670	0	190
2026.03.05	13:00:00	25071.95	25115.75	25052.05	25058.25	14868	0	180
2026.03.05	14:00:00	25058.55	25121.05	25002.95	25034.55	18313	0	190
2026.03.05	15:00:00	25033.65	25039.65	24947.05	24959.55	21664	0	190
2026.03.05	16:00:00	24959.15	25152.23	24927.75	25151.63	28083	0	145
2026.03.05	17:00:00	25150.73	25171.73	24896.23	25047.13	30992	0	145
2026.03.05	18:00:00	25047.23	25055.73	24907.93	25009.03	29582	0	145
2026.03.05	19:00:00	25009.73	25088.73	24755.63	24773.13	29569	0	145
2026.03.05	20:00:00	24773.03	24854.43	24741.03	24781.53	29562	0	145
2026.03.05	21:00:00	24780.73	24848.03	24759.13	24824.43	27725	0	145
2026.03.05	22:00:00	24824.23	25021.73	24793.03	25014.03	28210	0	145
2026.03.05	23:00:00	25014.53	25015.96	24966.26	24974.56	9924	0	145
2026.03.06	01:00:00	24994.36	25037.66	24986.56	25029.06	7535	0	178
2026.03.06	02:00:00	25028.46	25065.25	25027.55	25042.25	15844	0	170
2026.03.06	03:00:00	25042.15	25059.05	25006.45	25034.95	21861	0	170
2026.03.06	04:00:00	25036.95	25084.15	25028.65	25038.05	18016	0	170
2026.03.06	05:00:00	25038.45	25083.25	25038.25	25081.75	14870	0	145
2026.03.06	06:00:00	25081.95	25105.75	25062.25	25077.45	10064	0	145
2026.03.06	07:00:00	25077.35	25109.75	25074.75	25086.25	13514	0	150
2026.03.06	08:00:00	25086.35	25103.65	25069.35	25074.65	11040	0	150
2026.03.06	09:00:00	25075.15	25108.15	25059.65	25093.25	11222	0	150
2026.03.06	10:00:00	25093.15	25096.05	25001.85	25041.95	19517	0	170
2026.03.06	11:00:00	25044.95	25049.85	24850.85	24888.15	22602	0	190
2026.03.06	12:00:00	24889.45	24948.05	24886.45	24915.95	17691	0	190
2026.03.06	13:00:00	24915.85	24930.65	24804.95	24825.05	19569	0	190
2026.03.06	14:00:00	24827.95	24852.65	24774.15	24803.85	20362	0	190
2026.03.06	15:00:00	24800.05	24845.18	24586.95	24614.45	24670	0	190
2026.03.06	16:00:00	24613.55	24709.53	24580.13	24659.13	29938	0	145
2026.03.06	17:00:00	24659.33	24862.73	24633.43	24828.73	31404	0	145
2026.03.06	18:00:00	24828.53	24885.23	24762.03	24850.73	30187	0	145
2026.03.06	19:00:00	24850.53	24889.43	24714.93	24754.83	27916	0	145
2026.03.06	20:00:00	24754.93	24868.53	24749.73	24770.43	28106	0	145
2026.03.06	21:00:00	24770.23	24823.08	24745.43	24778.68	25838	0	145
2026.03.06	22:00:00	24778.98	24822.73	24575.43	24638.73	28868	0	145
2026.03.06	23:00:00	24637.53	24647.96	24595.26	24642.46	11524	0	145
2026.03.09	01:00:00	24245.46	24295.26	24201.76	24280.06	13528	0	208
2026.03.09	02:00:00	24281.26	24301.25	24145.05	24191.05	15053	0	170
2026.03.09	03:00:00	24190.65	24214.75	24070.25	24094.25	23997	0	190
2026.03.09	04:00:00	24094.15	24113.55	23981.35	23984.25	24236	0	190
2026.03.09	05:00:00	23985.65	24078.35	23976.55	24060.35	23358	0	190
2026.03.09	06:00:00	24060.65	24107.85	24053.85	24069.55	20945	0	190
2026.03.09	07:00:00	24069.75	24110.15	24068.55	24077.25	16481	0	170
2026.03.09	08:00:00	24077.55	24234.15	24062.25	24234.15	22305	0	190
2026.03.09	09:00:00	24233.85	24291.85	24202.75	24221.15	19188	0	190
2026.03.09	10:00:00	24220.85	24290.65	24186.65	24252.15	19452	0	190
2026.03.09	11:00:00	24252.85	24313.15	24209.65	24288.85	25109	0	190
2026.03.09	12:00:00	24290.35	24470.85	24260.35	24396.75	24193	0	190
2026.03.09	13:00:00	24396.05	24410.15	24323.55	24346.85	21421	0	190
2026.03.09	14:00:00	24346.35	24398.65	24326.25	24359.65	19835	0	190
2026.03.09	15:00:00	24358.75	24435.55	24326.65	24355.15	20299	0	190
2026.03.09	16:00:00	24355.75	24501.23	24290.53	24347.83	28370	0	145
2026.03.09	17:00:00	24347.13	24560.73	24301.23	24525.63	31594	0	145
2026.03.09	18:00:00	24525.33	24634.08	24525.33	24618.58	27741	0	145
2026.03.09	19:00:00	24618.88	24725.23	24607.38	24685.23	25322	0	145
2026.03.09	20:00:00	24685.73	24688.33	24552.33	24587.48	25065	0	145
2026.03.09	21:00:00	24587.58	24678.03	24585.48	24624.98	23871	0	145
2026.03.09	22:00:00	24625.38	25024.23	24612.03	24962.03	29502	0	145
2026.03.09	23:00:00	24962.53	24994.56	24877.26	24935.96	16094	0	145
2026.03.10	01:00:00	24885.16	24943.86	24845.16	24879.96	8809	0	208
2026.03.10	02:00:00	24880.46	24905.05	24830.85	24854.05	10463	0	170
2026.03.10	03:00:00	24853.95	24942.35	24805.35	24906.95	20173	0	190
2026.03.10	04:00:00	24907.85	24970.35	24898.35	24960.35	21258	0	180
2026.03.10	05:00:00	24960.25	24971.35	24879.35	24899.05	17644	0	170
2026.03.10	06:00:00	24899.35	24933.55	24826.85	24859.55	19967	0	190
2026.03.10	07:00:00	24859.85	24891.45	24835.45	24876.35	16408	0	180
2026.03.10	08:00:00	24876.55	24934.45	24875.45	24929.55	16351	0	170
2026.03.10	09:00:00	24930.05	24954.95	24913.55	24926.05	13502	0	160
2026.03.10	10:00:00	24924.35	25048.85	24912.55	25045.35	18174	0	170
2026.03.10	11:00:00	25045.95	25118.85	25035.95	25058.95	21441	0	190
2026.03.10	12:00:00	25059.25	25106.95	25053.45	25062.55	17218	0	190
2026.03.10	13:00:00	25063.25	25067.35	24993.45	25039.05	18505	0	190
2026.03.10	14:00:00	25036.85	25078.45	24930.95	24943.55	20213	0	190
2026.03.10	15:00:00	24943.75	24971.75	24865.35	24941.35	21161	0	190
2026.03.10	16:00:00	24941.45	25053.43	24920.83	24936.03	27512	0	145
2026.03.10	17:00:00	24936.33	25124.78	24865.93	25124.28	29685	0	145
2026.03.10	18:00:00	25123.98	25154.28	25082.18	25121.43	26200	0	145
2026.03.10	19:00:00	25122.53	25141.73	25053.23	25129.28	25349	0	145
2026.03.10	20:00:00	25128.78	25189.98	25074.93	25142.23	26164	0	145
2026.03.10	21:00:00	25142.33	25153.28	24961.43	25002.33	29919	0	145
2026.03.10	22:00:00	25002.03	25045.03	24913.53	24956.33	28345	0	145
2026.03.10	23:00:00	24958.23	25010.46	24958.16	24990.66	11185	0	145
2026.03.11	01:00:00	24971.96	24991.86	24925.76	24944.35	5869	0	150
2026.03.11	02:00:00	24944.15	24998.95	24937.85	24990.25	6997	0	145
2026.03.11	03:00:00	24990.05	25059.45	24983.85	25035.25	15653	0	160
2026.03.11	04:00:00	25035.55	25071.55	25025.35	25065.55	13235	0	150
2026.03.11	05:00:00	25065.25	25074.75	25048.05	25068.38	9564	0	145
2026.03.11	06:00:00	25068.28	25097.25	25060.43	25092.85	7579	0	145
2026.03.11	07:00:00	25093.35	25095.75	25060.85	25065.25	6023	0	145
2026.03.11	08:00:00	25064.95	25069.35	24999.45	25003.95	13467	0	150
2026.03.11	09:00:00	25003.55	25026.95	24981.95	25014.75	12193	0	150
2026.03.11	10:00:00	25015.05	25020.95	24921.35	24979.85	14042	0	170
2026.03.11	11:00:00	24979.15	25011.15	24908.45	24939.85	19216	0	190
2026.03.11	12:00:00	24939.45	24944.45	24873.85	24876.35	16490	0	190
2026.03.11	13:00:00	24875.35	24998.35	24869.45	24992.45	15626	0	190
2026.03.11	14:00:00	24991.55	25017.45	24902.85	24920.35	17383	0	190
2026.03.11	15:00:00	24920.45	25018.89	24883.95	24919.05	17991	0	190
2026.03.11	16:00:00	24919.95	25089.13	24918.15	25074.83	27106	0	145
2026.03.11	17:00:00	25074.93	25153.53	24932.93	25039.83	30908	0	145
2026.03.11	18:00:00	25039.43	25063.83	24866.13	24908.63	27991	0	145
2026.03.11	19:00:00	24908.93	24985.08	24872.13	24982.08	25689	0	145
2026.03.11	20:00:00	24981.18	24999.58	24847.93	24925.93	26165	0	145
2026.03.11	21:00:00	24924.53	24950.83	24864.58	24932.18	24157	0	145
2026.03.11	22:00:00	24931.88	24979.88	24887.58	24957.58	23348	0	145
2026.03.11	23:00:00	24957.88	24964.56	24921.26	24935.36	6936	0	145
2026.03.12	01:00:00	24886.76	24892.16	24793.06	24825.76	11330	0	188
2026.03.12	02:00:00	24825.56	24829.35	24709.85	24764.45	14000	0	180
2026.03.12	03:00:00	24764.35	24780.85	24716.85	24767.15	17231	0	170
2026.03.12	04:00:00	24768.15	24818.15	24746.35	24765.75	16687	0	170
2026.03.12	05:00:00	24765.65	24771.75	24680.65	24706.05	16433	0	180
2026.03.12	06:00:00	24706.35	24734.65	24673.35	24705.85	13185	0	160
2026.03.12	07:00:00	24705.55	24727.25	24686.05	24694.95	10285	0	150
2026.03.12	08:00:00	24694.75	24754.35	24693.95	24747.55	15092	0	150
2026.03.12	09:00:00	24747.25	24789.85	24723.05	24785.65	11672	0	170
2026.03.12	10:00:00	24785.45	24848.35	24784.15	24847.15	11779	0	170
2026.03.12	11:00:00	24847.75	24878.05	24813.25	24854.15	17365	0	180
2026.03.12	12:00:00	24853.75	24897.35	24789.65	24893.65	15597	0	180
2026.03.12	13:00:00	24893.35	24903.15	24851.75	24860.55	14332	0	180
2026.03.12	14:00:00	24859.15	24904.25	24824.15	24833.55	15356	0	170
2026.03.12	15:00:00	24833.75	24838.55	24778.15	24810.05	18538	0	190
2026.03.12	16:00:00	24810.65	24828.85	24607.83	24632.83	27411	0	145
2026.03.12	17:00:00	24632.73	24722.73	24549.33	24596.73	29672	0	145
2026.03.12	18:00:00	24596.23	24685.63	24537.73	24641.83	28778	0	145
2026.03.12	19:00:00	24642.23	24710.63	24567.83	24638.73	28843	0	145
2026.03.12	20:00:00	24639.03	24700.03	24562.38	24600.83	25536	0	145
2026.03.12	21:00:00	24601.03	24647.88	24572.78	24577.18	23613	0	145
2026.03.12	22:00:00	24575.68	24620.23	24520.43	24532.63	24322	0	145
2026.03.12	23:00:00	24533.23	24550.86	24494.46	24548.06	10538	0	145
2026.03.13	01:00:00	24522.06	24577.76	24518.06	24563.26	8576	0	168
2026.03.13	02:00:00	24562.96	24589.85	24508.65	24510.25	9881	0	150
2026.03.13	03:00:00	24510.85	24623.65	24473.45	24607.25	18538	0	180
2026.03.13	04:00:00	24607.45	24642.35	24600.65	24611.55	16045	0	170
2026.03.13	05:00:00	24611.45	24632.55	24581.25	24585.75	13828	0	160
2026.03.13	06:00:00	24586.35	24611.05	24563.95	24606.45	12536	0	150
2026.03.13	07:00:00	24606.55	24609.45	24545.75	24557.05	10402	0	150
2026.03.13	08:00:00	24557.25	24580.65	24535.55	24567.15	12326	0	160
2026.03.13	09:00:00	24567.25	24577.05	24458.45	24461.65	14022	0	170
2026.03.13	10:00:00	24461.45	24469.15	24392.15	24429.35	17368	0	190
2026.03.13	11:00:00	24429.75	24505.15	24379.25	24494.65	20739	0	190
2026.03.13	12:00:00	24495.45	24556.25	24491.95	24512.85	16746	0	190
2026.03.13	13:00:00	24513.15	24604.25	24507.25	24599.15	15910	0	180
2026.03.13	14:00:00	24597.75	24646.65	24584.25	24643.75	16407	0	190
2026.03.13	15:00:00	24643.95	24715.25	24611.95	24663.25	19477	0	190
2026.03.13	16:00:00	24663.15	24786.83	24593.43	24709.23	26400	0	145
2026.03.13	17:00:00	24710.23	24745.93	24465.63	24471.33	30533	0	145
2026.03.13	18:00:00	24472.13	24551.13	24375.23	24390.93	29041	0	145
2026.03.13	19:00:00	24391.23	24470.93	24370.83	24379.53	27210	0	145
2026.03.13	20:00:00	24379.73	24456.93	24336.93	24357.03	25180	0	145
2026.03.13	21:00:00	24358.93	24455.23	24351.03	24431.28	24025	0	145
2026.03.13	22:00:00	24431.08	24432.28	24334.08	24379.43	24315	0	145
2026.03.13	23:00:00	24378.23	24382.36	24338.06	24339.76	8407	0	145
2026.03.16	01:00:00	24348.16	24463.96	24285.26	24455.56	7020	0	198
2026.03.16	02:00:00	24454.55	24484.05	24394.95	24425.35	11753	0	170
2026.03.16	03:00:00	24425.75	24510.65	24422.75	24496.05	18718	0	170
2026.03.16	04:00:00	24496.45	24509.35	24455.25	24500.95	19725	0	170
2026.03.16	05:00:00	24501.05	24503.55	24460.65	24474.85	16017	0	150
2026.03.16	06:00:00	24474.95	24524.95	24474.05	24517.43	12100	0	145
2026.03.16	07:00:00	24517.33	24535.35	24492.05	24492.75	10617	0	145
2026.03.16	08:00:00	24492.55	24547.05	24492.45	24545.55	12544	0	150
2026.03.16	09:00:00	24545.55	24551.55	24522.55	24550.65	10055	0	145
2026.03.16	10:00:00	24550.55	24569.05	24490.45	24499.35	14413	0	150
2026.03.16	11:00:00	24499.85	24554.95	24483.35	24514.65	20113	0	190
2026.03.16	12:00:00	24514.75	24521.65	24463.85	24478.25	18272	0	190
2026.03.16	13:00:00	24477.95	24599.25	24473.45	24590.15	17754	0	190
2026.03.16	14:00:00	24587.35	24621.65	24562.35	24611.25	16228	0	180
2026.03.16	15:00:00	24611.35	24673.85	24610.15	24643.15	17472	0	170
2026.03.16	16:00:00	24643.65	24726.63	24609.33	24722.23	24483	0	145
2026.03.16	17:00:00	24721.93	24749.93	24599.13	24679.38	28414	0	145
2026.03.16	18:00:00	24679.98	24724.38	24633.68	24661.43	25080	0	145
2026.03.16	19:00:00	24661.63	24689.58	24605.13	24660.08	25807	0	145
2026.03.16	20:00:00	24660.38	24708.73	24638.38	24667.73	22703	0	145
2026.03.16	21:00:00	24667.83	24718.03	24663.23	24688.53	20634	0	145
2026.03.16	22:00:00	24688.63	24799.23	24622.18	24653.23	25915	0	145
2026.03.16	23:00:00	24653.13	24668.96	24630.16	24640.96	9367	0	145
2026.03.17	01:00:00	24618.16	24646.46	24606.66	24611.06	6340	0	158
2026.03.17	02:00:00	24611.15	24653.95	24608.75	24652.35	6731	0	145
2026.03.17	03:00:00	24652.65	24653.45	24577.65	24586.75	17650	0	160
2026.03.17	04:00:00	24587.05	24620.55	24583.55	24608.75	17428	0	150
2026.03.17	05:00:00	24608.85	24611.85	24560.05	24565.35	13724	0	150
2026.03.17	06:00:00	24565.25	24584.15	24554.73	24565.05	11325	0	145
2026.03.17	07:00:00	24565.15	24621.85	24562.55	24610.15	10792	0	145
2026.03.17	08:00:00	24610.05	24627.05	24527.95	24530.25	14137	0	145
2026.03.17	09:00:00	24529.75	24548.85	24504.45	24529.25	17101	0	160
2026.03.17	10:00:00	24528.95	24590.85	24512.05	24545.35	14476	0	160
2026.03.17	11:00:00	24545.65	24582.35	24513.05	24542.75	20114	0	170
2026.03.17	12:00:00	24542.55	24623.05	24542.55	24617.05	16236	0	180
2026.03.17	13:00:00	24616.65	24617.15	24566.65	24606.05	14835	0	160
2026.03.17	14:00:00	24605.85	24631.65	24584.25	24585.85	10947	0	170
2026.03.17	15:00:00	24586.05	24709.45	24584.85	24703.45	12688	0	170
2026.03.17	16:00:00	24703.55	24882.03	24700.75	24861.83	22458	0	145
2026.03.17	17:00:00	24861.23	24864.93	24764.73	24843.68	25592	0	145
2026.03.17	18:00:00	24843.98	24856.48	24721.83	24760.68	25056	0	145
2026.03.17	19:00:00	24760.98	24795.58	24717.53	24766.73	23365	0	145
2026.03.17	20:00:00	24766.93	24812.83	24765.43	24803.93	18012	0	145
2026.03.17	21:00:00	24805.23	24826.33	24759.83	24771.73	17398	0	145
2026.03.17	22:00:00	24771.03	24795.33	24750.23	24778.68	15795	0	145
2026.03.17	23:00:00	24777.78	24795.96	24771.76	24790.75	4704	0	145
2026.03.18	01:00:00	24780.86	24788.45	24762.06	24777.76	4275	0	150
2026.03.18	02:00:00	24777.83	24795.35	24766.75	24775.55	5225	0	145
2026.03.18	03:00:00	24776.05	24853.55	24769.35	24850.35	11543	0	145
2026.03.18	04:00:00	24851.15	24869.35	24851.15	24867.95	10482	0	145
2026.03.18	05:00:00	24867.85	24901.15	24865.95	24889.58	8438	0	145
2026.03.18	06:00:00	24889.08	24915.33	24879.18	24908.05	6287	0	145
2026.03.18	07:00:00	24907.55	24919.88	24902.48	24910.98	5393	0	145
2026.03.18	08:00:00	24911.18	24941.88	24906.98	24940.08	6952	0	145
2026.03.18	09:00:00	24939.68	24981.75	24937.85	24953.33	8091	0	145
2026.03.18	10:00:00	24953.93	24959.83	24930.15	24933.05	7524	0	145
2026.03.18	11:00:00	24933.15	24956.95	24924.85	24943.05	12726	0	150
2026.03.18	12:00:00	24943.15	24961.85	24929.95	24940.35	9759	0	150
2026.03.18	13:00:00	24940.55	24969.05	24930.65	24932.25	8085	0	145
2026.03.18	14:00:00	24932.55	24948.15	24868.85	24883.45	15263	0	150
2026.03.18	15:00:00	24883.35	24889.35	24641.65	24652.15	23867	0	190
2026.03.18	16:00:00	24652.45	24769.23	24635.45	24741.93	26910	0	145
2026.03.18	17:00:00	24741.63	24755.93	24584.23	24654.08	27785	0	145
2026.03.18	18:00:00	24654.18	24703.08	24632.08	24670.73	25678	0	145
2026.03.18	19:00:00	24670.83	24682.38	24602.43	24616.63	23661	0	145
2026.03.18	20:00:00	24616.43	24656.13	24567.48	24652.23	22018	0	145
2026.03.18	21:00:00	24652.43	24687.63	24513.13	24514.83	26454	0	145
2026.03.18	22:00:00	24515.33	24572.63	24413.68	24423.58	24782	0	145
2026.03.18	23:00:00	24422.98	24452.56	24336.56	24392.96	13184	0	145
2026.03.19	01:00:00	24379.76	24386.06	24338.16	24369.26	5522	0	158
2026.03.19	02:00:00	24369.56	24419.45	24368.13	24392.65	7309	0	145
2026.03.19	03:00:00	24392.25	24418.75	24362.55	24394.65	16897	0	170
2026.03.19	04:00:00	24394.95	24445.95	24380.65	24415.25	15741	0	170
2026.03.19	05:00:00	24414.95	24499.55	24375.95	24471.25	15551	0	160
2026.03.19	06:00:00	24471.35	24490.75	24438.95	24439.45	10889	0	145
2026.03.19	07:00:00	24439.25	24439.25	24385.75	24405.25	12039	0	160
2026.03.19	08:00:00	24405.45	24423.25	24352.15	24371.25	13988	0	170
2026.03.19	09:00:00	24373.35	24414.55	24349.75	24381.25	14254	0	170
2026.03.19	10:00:00	24380.85	24402.35	24319.35	24332.75	17484	0	190
2026.03.19	11:00:00	24332.65	24369.25	24281.25	24321.15	22780	0	190
2026.03.19	12:00:00	24322.45	24425.15	24276.35	24403.65	23472	0	190
2026.03.19	13:00:00	24402.35	24403.25	24347.25	24366.65	17944	0	190
2026.03.19	14:00:00	24367.35	24388.85	24284.65	24322.75	18284	0	190
2026.03.19	15:00:00	24323.15	24333.25	24199.15	24221.95	23683	0	190
2026.03.19	16:00:00	24222.25	24296.63	24103.23	24277.83	29321	0	145
2026.03.19	17:00:00	24278.73	24321.83	24183.33	24264.63	30419	0	145
2026.03.19	18:00:00	24264.93	24353.13	24174.13	24250.43	28434	0	145
2026.03.19	19:00:00	24250.73	24298.43	24201.83	24233.03	26660	0	145
2026.03.19	20:00:00	24232.93	24264.48	24156.13	24234.88	24899	0	145
2026.03.19	21:00:00	24235.18	24304.03	24199.78	24289.13	24344	0	145
2026.03.19	22:00:00	24290.43	24472.63	24287.63	24357.53	29821	0	145
2026.03.19	23:00:00	24356.53	24414.26	24344.86	24399.06	10843	0	145
2026.03.20	01:00:00	24400.36	24430.26	24387.26	24418.46	5288	0	158
2026.03.20	02:00:00	24419.06	24440.35	24387.65	24401.75	7508	0	150
2026.03.20	03:00:00	24401.85	24424.35	24364.55	24380.65	13645	0	180
2026.03.20	04:00:00	24380.85	24442.45	24373.95	24399.95	15393	0	160
2026.03.20	05:00:00	24401.35	24423.95	24393.55	24402.75	11720	0	150
2026.03.20	06:00:00	24402.55	24410.65	24379.85	24392.93	8943	0	145
2026.03.20	07:00:00	24393.13	24404.75	24367.25	24368.33	7212	0	145
2026.03.20	08:00:00	24368.43	24385.05	24341.75	24374.85	10881	0	145
2026.03.20	09:00:00	24374.35	24386.15	24301.65	24311.55	10441	0	160
2026.03.20	10:00:00	24310.65	24388.65	24264.85	24375.45	13960	0	170
2026.03.20	11:00:00	24375.75	24397.65	24335.65	24340.95	16853	0	180
2026.03.20	12:00:00	24341.45	24367.65	24190.65	24213.45	19511	0	190
2026.03.20	13:00:00	24213.95	24222.05	24101.85	24188.55	21377	0	190
2026.03.20	14:00:00	24190.35	24250.05	24180.55	24225.95	18461	0	190
2026.03.20	15:00:00	24228.05	24283.35	24208.05	24278.65	20322	0	190
2026.03.20	16:00:00	24279.45	24309.15	24062.53	24068.13	26473	0	145
2026.03.20	17:00:00	24067.83	24110.13	24014.53	24053.43	29021	0	145
2026.03.20	18:00:00	24052.53	24124.03	24019.43	24094.08	27189	0	145
2026.03.20	19:00:00	24094.18	24138.93	24018.53	24054.93	25742	0	145
2026.03.20	20:00:00	24054.13	24074.03	23954.73	23998.93	24687	0	145
2026.03.20	21:00:00	23999.23	24008.78	23860.93	23880.78	25026	0	145
2026.03.20	22:00:00	23881.08	23904.93	23759.83	23900.73	26548	0	145
2026.03.20	23:00:00	23900.43	23996.96	23882.76	23993.86	13257	0	145
2026.03.23	01:00:00	23759.06	23883.76	23745.26	23833.06	15466	0	208
2026.03.23	02:00:00	23832.96	23871.65	23764.25	23794.75	14728	0	190
2026.03.23	03:00:00	23794.55	23878.15	23728.85	23740.35	23658	0	190
2026.03.23	04:00:00	23738.25	23861.15	23725.25	23832.35	24019	0	190
2026.03.23	05:00:00	23833.25	23856.65	23778.25	23797.75	19805	0	180
2026.03.23	06:00:00	23798.05	23815.15	23738.55	23741.75	16071	0	180
2026.03.23	07:00:00	23742.05	23792.15	23734.25	23784.85	14951	0	170
2026.03.23	08:00:00	23785.05	23821.75	23722.85	23762.15	18329	0	180
2026.03.23	09:00:00	23761.65	23764.65	23615.35	23643.85	19105	0	190
2026.03.23	10:00:00	23644.15	23702.15	23561.85	23630.65	21164	0	190
2026.03.23	11:00:00	23630.35	23743.35	23628.65	23720.05	25064	0	190
2026.03.23	12:00:00	23720.15	23759.35	23633.65	23671.35	22297	0	190
2026.03.23	13:00:00	23671.25	23716.85	23604.25	23668.55	21184	0	190
2026.03.23	14:00:00	23668.75	24550.55	23664.85	24179.85	27792	0	190
2026.03.23	15:00:00	24180.85	24409.15	24134.35	24397.35	28130	0	190
2026.03.23	16:00:00	24398.05	24430.15	24222.13	24389.33	30351	0	145
2026.03.23	17:00:00	24392.03	24476.73	24316.63	24398.73	29650	0	145
2026.03.23	18:00:00	24398.83	24477.53	24159.63	24169.53	28831	0	145
2026.03.23	19:00:00	24170.03	24253.53	24097.23	24152.83	29755	0	145
2026.03.23	20:00:00	24153.63	24256.58	24095.93	24252.38	26695	0	145
2026.03.23	21:00:00	24252.58	24320.43	24201.43	24298.88	24617	0	145
2026.03.23	22:00:00	24298.58	24301.38	24183.53	24183.53	23321	0	145
2026.03.23	23:00:00	24182.83	24217.36	24143.16	24201.26	10817	0	145
2026.03.24	01:00:00	24177.86	24275.16	24163.26	24268.16	7381	0	178
2026.03.24	02:00:00	24268.26	24268.85	24213.75	24242.75	8650	0	150
2026.03.24	03:00:00	24242.25	24243.95	24053.45	24109.55	20241	0	190
2026.03.24	04:00:00	24110.35	24112.25	24019.25	24049.45	22881	0	190
2026.03.24	05:00:00	24050.25	24079.85	24009.35	24035.45	19552	0	190
2026.03.24	06:00:00	24035.35	24068.05	24017.35	24062.55	15406	0	180
2026.03.24	07:00:00	24062.25	24089.15	24027.25	24043.75	13528	0	170
2026.03.24	08:00:00	24043.55	24090.95	23979.85	24048.15	17408	0	180
2026.03.24	09:00:00	24048.75	24181.75	24045.85	24163.25	15148	0	180
2026.03.24	10:00:00	24163.35	24292.45	24157.45	24252.55	19194	0	190
2026.03.24	11:00:00	24253.55	24276.95	24147.45	24163.95	22711	0	190
2026.03.24	12:00:00	24165.05	24215.85	24090.85	24206.25	20124	0	190
2026.03.24	13:00:00	24206.55	24220.05	24154.75	24191.85	18392	0	190
2026.03.24	14:00:00	24192.35	24209.05	24083.75	24169.25	19063	0	190
2026.03.24	15:00:00	24169.05	24182.75	24050.95	24066.05	21033	0	190
2026.03.24	16:00:00	24065.85	24102.83	23921.03	24002.23	27911	0	145
2026.03.24	17:00:00	24001.73	24129.73	23963.03	24028.93	30947	0	145
2026.03.24	18:00:00	24029.73	24170.53	24029.73	24081.33	27730	0	145
2026.03.24	19:00:00	24081.93	24132.28	24030.43	24067.33	25343	0	145
2026.03.24	20:00:00	24067.23	24080.93	23947.23	24028.33	26272	0	145
2026.03.24	21:00:00	24029.03	24133.83	23995.33	24061.58	25084	0	145
2026.03.24	22:00:00	24062.08	24105.48	23977.48	24005.38	23572	0	145
2026.03.24	23:00:00	24005.08	24334.56	24001.56	24208.16	18787	0	145
2026.03.25	01:00:00	24230.26	24246.46	24170.06	24216.06	7870	0	178
2026.03.25	02:00:00	24215.56	24231.75	24191.85	24202.05	8257	0	160
2026.03.25	03:00:00	24202.45	24283.35	24173.35	24238.25	16549	0	170
2026.03.25	04:00:00	24238.15	24257.15	24182.25	24185.35	16394	0	170
2026.03.25	05:00:00	24185.75	24189.45	24123.05	24126.35	15023	0	180
2026.03.25	06:00:00	24126.45	24178.25	24109.95	24170.05	12498	0	160
2026.03.25	07:00:00	24169.95	24209.75	24165.15	24208.15	9566	0	160
2026.03.25	08:00:00	24208.05	24218.05	24163.05	24170.95	13155	0	160
2026.03.25	09:00:00	24171.05	24178.65	24113.95	24166.85	13069	0	180
2026.03.25	10:00:00	24165.15	24208.65	24141.55	24196.95	13423	0	180
2026.03.25	11:00:00	24197.05	24323.45	24197.05	24228.85	20132	0	190
2026.03.25	12:00:00	24229.45	24270.35	24201.85	24243.35	15682	0	190
2026.03.25	13:00:00	24244.05	24276.55	24215.95	24236.85	13982	0	190
2026.03.25	14:00:00	24236.95	24311.35	24230.55	24284.45	14988	0	170
2026.03.25	15:00:00	24284.35	24328.95	24162.35	24237.55	22303	0	190
2026.03.25	16:00:00	24238.45	24315.03	24151.93	24156.93	26121	0	145
2026.03.25	17:00:00	24157.33	24308.43	24118.63	24273.63	28274	0	145
2026.03.25	18:00:00	24273.43	24283.33	24077.03	24167.53	27520	0	145
2026.03.25	19:00:00	24167.63	24239.83	24121.03	24211.28	25218	0	145
2026.03.25	20:00:00	24211.78	24281.78	24167.83	24215.53	23176	0	145
2026.03.25	21:00:00	24214.93	24241.83	24113.33	24144.53	21629	0	145
2026.03.25	22:00:00	24144.33	24181.38	24101.33	24162.28	23008	0	145
2026.03.25	23:00:00	24161.38	24181.96	24138.66	24151.36	7209	0	145
