<DATE>	<TIME>	<OPEN>	<HIGH>	<LOW>	<CLOSE>	<TICKVOL>	<VOL>	<SPREAD>
2024.03.01	00:00:00	149.995	150.018	149.926	149.973	992	0	6
2024.03.01	01:00:00	149.973	150.179	149.942	150.069	2855	0	2
2024.03.01	02:00:00	150.069	150.291	150.059	150.216	5311	0	2
2024.03.01	03:00:00	150.216	150.370	150.216	150.355	5851	0	2
2024.03.01	04:00:00	150.354	150.414	150.316	150.353	5031	0	2
2024.03.01	05:00:00	150.353	150.366	150.299	150.324	4706	0	2
2024.03.01	06:00:00	150.324	150.399	150.324	150.384	4650	0	2
2024.03.01	07:00:00	150.383	150.479	150.371	150.446	3979	0	2
2024.03.01	08:00:00	150.445	150.462	150.325	150.348	5052	0	2
2024.03.01	09:00:00	150.348	150.499	150.346	150.496	4238	0	2
2024.03.01	10:00:00	150.497	150.687	150.488	150.649	5892	0	2
2024.03.01	11:00:00	150.652	150.661	150.448	150.624	4787	0	2
2024.03.01	12:00:00	150.623	150.647	150.305	150.358	6042	0	2
2024.03.01	13:00:00	150.359	150.483	150.320	150.389	4759	0	2
2024.03.01	14:00:00	150.388	150.569	150.367	150.558	5040	0	2
2024.03.01	15:00:00	150.560	150.656	150.480	150.642	8064	0	2
2024.03.01	16:00:00	150.642	150.720	150.557	150.669	8224	0	2
2024.03.01	17:00:00	150.357	150.502	150.085	150.121	10961	0	2
2024.03.01	18:00:00	150.121	150.267	150.073	150.203	8828	0	2
2024.03.01	19:00:00	150.203	150.225	150.098	150.150	5001	0	2
2024.03.01	20:00:00	150.150	150.242	150.068	150.127	5806	0	2
2024.03.01	21:00:00	150.128	150.128	150.052	150.117	5593	0	2
2024.03.01	22:00:00	150.114	150.161	150.097	150.149	2877	0	2
2024.03.01	23:00:00	150.148	150.156	150.102	150.123	1291	0	2
2024.03.04	00:00:00	150.034	150.115	150.029	150.115	449	0	6
2024.03.04	01:00:00	150.115	150.156	150.051	150.129	2038	0	2
2024.03.04	02:00:00	150.129	150.143	149.838	149.982	4654	0	2
2024.03.04	03:00:00	149.981	150.207	149.974	150.128	4446	0	2
2024.03.04	04:00:00	150.128	150.189	150.098	150.173	3126	0	2
2024.03.04	05:00:00	150.172	150.194	150.110	150.163	2816	0	2
2024.03.04	06:00:00	150.162	150.266	150.142	150.255	1899	0	2
2024.03.04	07:00:00	150.256	150.321	150.224	150.300	2406	0	2
2024.03.04	08:00:00	150.300	150.387	150.266	150.359	2706	0	2
2024.03.04	09:00:00	150.359	150.400	150.297	150.310	5674	0	2
2024.03.04	10:00:00	150.309	150.381	150.171	150.376	6064	0	2
2024.03.04	11:00:00	150.375	150.396	150.188	150.246	4896	0	2
2024.03.04	12:00:00	150.246	150.465	150.246	150.418	6751	0	2
2024.03.04	13:00:00	150.417	150.463	150.386	150.422	5461	0	2
2024.03.04	14:00:00	150.422	150.446	150.341	150.443	4276	0	2
2024.03.04	15:00:00	150.443	150.567	150.433	150.459	5678	0	2
2024.03.04	16:00:00	150.459	150.551	150.312	150.332	5948	0	2
2024.03.04	17:00:00	150.335	150.500	150.329	150.484	5533	0	2
2024.03.04	18:00:00	150.484	150.524	150.432	150.450	6006	0	2
2024.03.04	19:00:00	150.449	150.543	150.431	150.524	5271	0	2
2024.03.04	20:00:00	150.524	150.559	150.485	150.555	2708	0	2
2024.03.04	21:00:00	150.555	150.564	150.493	150.550	3167	0	2
2024.03.04	22:00:00	150.548	150.559	150.482	150.522	3096	0	2
2024.03.04	23:00:00	150.515	150.535	150.495	150.516	941	0	2
2024.03.05	00:00:00	150.511	150.531	150.412	150.437	1028	0	9
2024.03.05	01:00:00	150.437	150.542	150.380	150.452	1971	0	2
2024.03.05	02:00:00	150.452	150.486	150.350	150.399	4119	0	2
2024.03.05	03:00:00	150.401	150.485	150.381	150.465	4611	0	2
2024.03.05	04:00:00	150.464	150.540	150.450	150.495	3774	0	2
2024.03.05	05:00:00	150.496	150.509	150.440	150.499	3270	0	2
2024.03.05	06:00:00	150.498	150.536	150.481	150.533	3956	0	2
2024.03.05	07:00:00	150.533	150.546	150.459	150.496	3907	0	2
2024.03.05	08:00:00	150.496	150.545	150.459	150.480	4231	0	2
2024.03.05	09:00:00	150.480	150.504	150.347	150.418	4470	0	2
2024.03.05	10:00:00	150.419	150.486	150.343	150.447	4501	0	2
2024.03.05	11:00:00	150.447	150.462	150.370	150.413	4715	0	2
2024.03.05	12:00:00	150.411	150.429	150.388	150.407	2624	0	2
2024.03.05	13:00:00	150.407	150.438	150.363	150.414	2916	0	2
2024.03.05	14:00:00	150.415	150.439	150.373	150.395	3191	0	2
2024.03.05	15:00:00	150.396	150.396	150.061	150.087	8957	0	2
2024.03.05	16:00:00	150.087	150.181	149.999	150.120	7421	0	2
2024.03.05	17:00:00	150.120	150.120	149.702	149.982	10512	0	2
2024.03.05	18:00:00	149.982	150.225	149.963	150.146	8453	0	2
2024.03.05	19:00:00	150.146	150.171	150.052	150.093	5746	0	2
2024.03.05	20:00:00	150.094	150.112	149.974	149.978	4524	0	2
2024.03.05	21:00:00	149.977	150.051	149.925	149.936	5410	0	2
2024.03.05	22:00:00	149.936	149.954	149.838	149.918	5299	0	2
2024.03.05	23:00:00	149.918	150.060	149.907	150.057	1375	0	2
2024.03.06	00:00:00	150.023	150.061	150.000	150.000	614	0	6
2024.03.06	01:00:00	150.000	150.052	149.813	150.052	2408	0	2
2024.03.06	02:00:00	150.053	150.084	149.896	149.993	3617	0	2
2024.03.06	03:00:00	149.993	150.043	149.956	150.031	3759	0	2
2024.03.06	04:00:00	150.030	150.031	149.892	149.905	2250	0	2
2024.03.06	05:00:00	149.906	149.995	149.905	149.978	3238	0	2
2024.03.06	06:00:00	149.978	150.021	149.932	149.938	2497	0	2
2024.03.06	07:00:00	149.938	149.941	149.805	149.911	1954	0	2
2024.03.06	08:00:00	149.913	149.936	149.824	149.843	3409	0	2
2024.03.06	09:00:00	149.843	149.844	149.324	149.533	7052	0	2
2024.03.06	10:00:00	149.534	149.805	149.529	149.750	6346	0	2
2024.03.06	11:00:00	149.750	149.863	149.620	149.645	4998	0	2
2024.03.06	12:00:00	149.646	149.809	149.568	149.742	4412	0	2
2024.03.06	13:00:00	149.744	149.800	149.684	149.711	3865	0	2
2024.03.06	14:00:00	149.711	149.744	149.556	149.633	5054	0	2
2024.03.06	15:00:00	149.633	149.698	149.332	149.366	9081	0	2
2024.03.06	16:00:00	149.367	149.444	149.269	149.378	6911	0	2
2024.03.06	17:00:00	149.372	149.644	149.260	149.368	9256	0	2
2024.03.06	18:00:00	149.368	149.447	149.129	149.173	6871	0	2
2024.03.06	19:00:00	149.173	149.355	149.091	149.323	6796	0	2
2024.03.06	20:00:00	149.322	149.328	149.199	149.263	4280	0	2
2024.03.06	21:00:00	149.265	149.384	149.254	149.344	4960	0	2
2024.03.06	22:00:00	149.345	149.470	149.344	149.352	3731	0	2
2024.03.06	23:00:00	149.357	149.448	149.355	149.414	1454	0	2
2024.03.07	00:00:00	149.342	149.365	149.266	149.334	941	0	6
2024.03.07	01:00:00	149.334	149.334	149.194	149.260	2378	0	2
2024.03.07	02:00:00	149.260	149.260	148.881	148.895	7265	0	2
2024.03.07	03:00:00	148.895	148.972	148.558	148.615	8839	0	3
2024.03.07	04:00:00	148.607	148.793	148.600	148.753	5476	0	2
2024.03.07	05:00:00	148.753	148.770	148.603	148.665	6803	0	2
2024.03.07	06:00:00	148.665	148.671	148.400	148.549	6936	0	2
2024.03.07	07:00:00	148.549	148.676	148.508	148.635	5208	0	2
2024.03.07	08:00:00	148.637	148.677	148.117	148.196	5624	0	2
2024.03.07	09:00:00	148.196	148.254	147.936	147.940	7141	0	2
2024.03.07	10:00:00	147.939	148.101	147.810	147.928	7888	0	2
2024.03.07	11:00:00	147.929	148.109	147.831	147.985	4521	0	2
2024.03.07	12:00:00	147.985	147.993	147.864	147.870	5051	0	2
2024.03.07	13:00:00	147.869	147.905	147.767	147.839	4634	0	2
2024.03.07	14:00:00	147.839	147.880	147.683	147.833	5315	0	2
2024.03.07	15:00:00	147.833	147.923	147.584	147.768	9675	0	2
2024.03.07	16:00:00	147.768	148.217	147.730	148.121	10424	0	2
2024.03.07	17:00:00	148.121	148.299	148.016	148.137	8664	0	2
2024.03.07	18:00:00	148.136	148.180	147.889	148.092	9449	0	2
2024.03.07	19:00:00	148.092	148.233	148.081	148.106	6015	0	2
2024.03.07	20:00:00	148.108	148.126	148.023	148.110	5872	0	2
2024.03.07	21:00:00	148.110	148.132	148.001	148.007	5749	0	2
2024.03.07	22:00:00	148.007	148.110	147.995	148.079	3811	0	2
2024.03.07	23:00:00	148.079	148.079	148.004	148.027	1094	0	2
2024.03.08	00:00:00	147.989	148.002	147.843	147.910	1305	0	6
2024.03.08	01:00:00	147.902	147.942	147.822	147.861	1537	0	2
2024.03.08	02:00:00	147.861	147.890	147.519	147.748	4778	0	2
2024.03.08	03:00:00	147.749	148.116	147.651	147.974	4977	0	2
2024.03.08	04:00:00	147.975	148.087	147.876	147.963	4375	0	2
2024.03.08	05:00:00	147.963	148.054	147.804	147.812	3054	0	2
2024.03.08	06:00:00	147.811	147.906	147.772	147.854	2925	0	2
2024.03.08	07:00:00	147.854	147.867	147.774	147.800	3153	0	2
2024.03.08	08:00:00	147.799	147.985	147.799	147.853	2848	0	2
2024.03.08	09:00:00	147.853	148.045	147.796	147.881	5368	0	2
2024.03.08	10:00:00	147.883	147.969	147.799	147.815	4474	0	2
2024.03.08	11:00:00	147.815	147.826	146.873	147.132	7316	0	2
2024.03.08	12:00:00	147.133	147.206	146.952	147.095	4649	0	2
2024.03.08	13:00:00	147.095	147.119	146.952	147.096	3354	0	2
2024.03.08	14:00:00	147.096	147.238	147.082	147.226	2811	0	2
2024.03.08	15:00:00	147.228	147.495	146.481	146.960	10374	0	2
2024.03.08	16:00:00	146.961	147.045	146.689	146.891	11021	0	2
2024.03.08	17:00:00	146.891	147.233	146.847	147.028	7823	0	2
2024.03.08	18:00:00	147.030	147.256	147.025	147.174	6891	0	2
2024.03.08	19:00:00	147.174	147.184	147.023	147.025	7159	0	2
2024.03.08	20:00:00	147.025	147.143	146.987	147.066	5653	0	2
2024.03.08	21:00:00	147.065	147.160	147.044	147.045	5475	0	2
2024.03.08	22:00:00	147.047	147.105	147.028	147.058	3276	0	2
2024.03.08	23:00:00	147.057	147.111	147.033	147.082	1681	0	2
2024.03.11	00:00:00	146.996	147.106	146.974	147.066	840	0	15
2024.03.11	01:00:00	147.066	147.125	146.928	147.042	1182	0	2
2024.03.11	02:00:00	147.042	147.044	146.703	146.795	3279	0	2
2024.03.11	03:00:00	146.798	146.928	146.668	146.759	5140	0	2
2024.03.11	04:00:00	146.759	146.891	146.532	146.876	4826	0	2
2024.03.11	05:00:00	146.875	147.087	146.871	147.068	3006	0	2
2024.03.11	06:00:00	147.068	147.071	146.914	146.933	2415	0	2
2024.03.11	07:00:00	146.932	147.046	146.886	146.900	2662	0	2
2024.03.11	08:00:00	146.899	147.079	146.862	146.976	2440	0	2
2024.03.11	09:00:00	146.976	147.063	146.871	146.918	2896	0	2
2024.03.11	10:00:00	146.920	147.023	146.726	146.748	4600	0	2
2024.03.11	11:00:00	146.747	146.855	146.630	146.715	5085	0	2
2024.03.11	12:00:00	146.715	146.736	146.482	146.610	3946	0	2
2024.03.11	13:00:00	146.610	146.706	146.531	146.665	4919	0	2
2024.03.11	14:00:00	146.666	146.740	146.618	146.642	3086	0	2
2024.03.11	15:00:00	146.644	146.896	146.617	146.823	4633	0	2
2024.03.11	16:00:00	146.826	146.970	146.758	146.967	4724	0	2
2024.03.11	17:00:00	146.967	147.145	146.954	146.990	4698	0	2
2024.03.11	18:00:00	146.989	147.045	146.826	146.859	5037	0	2
2024.03.11	19:00:00	146.861	146.938	146.811	146.868	4063	0	2
2024.03.11	20:00:00	146.868	146.932	146.740	146.919	4811	0	2
2024.03.11	21:00:00	146.919	147.053	146.916	146.942	3017	0	2
2024.03.11	22:00:00	146.943	146.978	146.931	146.964	3070	0	2
2024.03.11	23:00:00	146.962	146.978	146.921	146.942	1629	0	2
2024.03.12	00:00:00	146.880	146.973	146.870	146.962	1131	0	9
2024.03.12	01:00:00	146.958	146.965	146.895	146.947	1470	0	2
2024.03.12	02:00:00	146.947	146.948	146.713	146.735	2033	0	2
2024.03.12	03:00:00	146.735	146.885	146.616	146.866	4212	0	2
2024.03.12	04:00:00	146.867	146.990	146.851	146.934	3477	0	2
2024.03.12	05:00:00	146.934	147.425	146.931	147.415	5222	0	2
2024.03.12	06:00:00	147.415	147.431	147.320	147.392	3438	0	2
2024.03.12	07:00:00	147.392	147.437	147.325	147.383	3261	0	2
2024.03.12	08:00:00	147.383	147.593	147.343	147.518	3385	0	2
2024.03.12	09:00:00	147.518	147.575	147.199	147.395	5369	0	2
2024.03.12	10:00:00	147.395	147.445	147.273	147.332	4262	0	2
2024.03.12	11:00:00	147.331	147.485	147.279	147.326	4492	0	2
2024.03.12	12:00:00	147.325	147.430	147.309	147.420	3169	0	2
2024.03.12	13:00:00	147.421	147.569	147.310	147.327	4640	0	2
2024.03.12	14:00:00	147.326	147.460	147.314	147.434	4494	0	2
2024.03.12	15:00:00	147.434	148.153	147.064	147.646	10634	0	2
2024.03.12	16:00:00	147.646	147.981	147.639	147.805	11248	0	2
2024.03.12	17:00:00	147.798	147.963	147.707	147.899	7895	0	2
2024.03.12	18:00:00	147.900	147.903	147.684	147.696	6366	0	2
2024.03.12	19:00:00	147.694	147.790	147.640	147.700	5952	0	2
2024.03.12	20:00:00	147.698	147.793	147.660	147.785	5359	0	2
2024.03.12	21:00:00	147.785	147.795	147.642	147.687	5875	0	2
2024.03.12	22:00:00	147.689	147.716	147.656	147.677	5398	0	2
2024.03.12	23:00:00	147.678	147.690	147.651	147.670	2490	0	2
2024.03.13	00:00:00	147.636	147.658	147.605	147.619	1238	0	8
2024.03.13	01:00:00	147.619	147.642	147.559	147.584	2510	0	2
2024.03.13	02:00:00	147.577	147.650	147.545	147.620	3084	0	2
2024.03.13	03:00:00	147.619	147.633	147.363	147.370	5322	0	2
2024.03.13	04:00:00	147.365	147.445	147.230	147.418	6727	0	2
2024.03.13	05:00:00	147.417	147.536	147.324	147.370	5391	0	2
2024.03.13	06:00:00	147.371	147.438	147.281	147.377	3027	0	2
2024.03.13	07:00:00	147.378	147.583	147.373	147.571	3611	0	2
2024.03.13	08:00:00	147.570	147.644	147.543	147.569	3723	0	2
2024.03.13	09:00:00	147.569	147.789	147.496	147.741	4836	0	2
2024.03.13	10:00:00	147.740	147.761	147.562	147.675	7133	0	2
2024.03.13	11:00:00	147.675	147.887	147.638	147.873	7096	0	2
2024.03.13	12:00:00	147.873	148.043	147.707	147.989	7222	0	2
2024.03.13	13:00:00	147.989	148.032	147.898	147.914	5553	0	2
2024.03.13	14:00:00	147.914	148.026	147.903	147.972	3473	0	2
2024.03.13	15:00:00	147.971	148.013	147.888	147.941	4876	0	2
2024.03.13	16:00:00	147.939	147.946	147.776	147.888	5661	0	2
2024.03.13	17:00:00	147.886	147.967	147.809	147.838	5603	0	2
2024.03.13	18:00:00	147.839	147.850	147.682	147.736	5059	0	2
2024.03.13	19:00:00	147.739	147.803	147.671	147.708	4915	0	2
2024.03.13	20:00:00	147.709	147.721	147.455	147.629	5906	0	2
2024.03.13	21:00:00	147.630	147.803	147.605	147.764	3278	0	2
2024.03.13	22:00:00	147.766	147.853	147.744	147.840	3355	0	2
2024.03.13	23:00:00	147.843	147.848	147.746	147.768	1334	0	2
2024.03.14	00:00:00	147.689	147.703	147.615	147.618	759	0	9
2024.03.14	01:00:00	147.618	147.716	147.618	147.703	1092	0	2
2024.03.14	02:00:00	147.703	147.704	147.582	147.585	2167	0	2
2024.03.14	03:00:00	147.584	147.722	147.538	147.592	4500	0	2
2024.03.14	04:00:00	147.591	147.720	147.524	147.671	3864	0	2
2024.03.14	05:00:00	147.671	147.926	147.661	147.899	3236	0	2
2024.03.14	06:00:00	147.898	147.899	147.786	147.857	2645	0	2
2024.03.14	07:00:00	147.857	147.970	147.848	147.915	2209	0	2
2024.03.14	08:00:00	147.914	147.967	147.875	147.920	3221	0	2
2024.03.14	09:00:00	147.920	147.933	147.854	147.884	3432	0	2
2024.03.14	10:00:00	147.885	147.971	147.810	147.866	4352	0	2
2024.03.14	11:00:00	147.866	147.914	147.766	147.860	4697	0	2
2024.03.14	12:00:00	147.860	147.894	147.771	147.777	3532	0	2
2024.03.14	13:00:00	147.777	147.833	147.728	147.745	2896	0	2
2024.03.14	14:00:00	147.745	147.779	147.667	147.697	2932	0	2
2024.03.14	15:00:00	147.696	147.986	147.565	147.847	9065	0	2
2024.03.14	16:00:00	147.849	148.146	147.431	147.995	11439	0	2
2024.03.14	17:00:00	147.995	148.194	147.920	148.109	9498	0	2
2024.03.14	18:00:00	148.110	148.316	148.049	148.192	8792	0	2
2024.03.14	19:00:00	148.192	148.214	148.099	148.188	5237	0	2
2024.03.14	20:00:00	148.187	148.309	148.129	148.278	4312	0	2
2024.03.14	21:00:00	148.276	148.356	148.271	148.294	3812	0	2
2024.03.14	22:00:00	148.295	148.313	148.226	148.231	3660	0	2
2024.03.14	23:00:00	148.231	148.326	148.203	148.321	1540	0	2
2024.03.15	00:00:00	148.263	148.325	148.250	148.285	918	0	6
2024.03.15	01:00:00	148.285	148.287	148.218	148.259	657	0	2
2024.03.15	02:00:00	148.259	148.332	148.247	148.301	1849	0	2
2024.03.15	03:00:00	148.301	148.535	148.264	148.443	5059	0	2
2024.03.15	04:00:00	148.444	148.494	148.384	148.472	2922	0	2
2024.03.15	05:00:00	148.467	148.655	148.430	148.457	3153	0	2
2024.03.15	06:00:00	148.457	148.499	148.342	148.374	2872	0	2
2024.03.15	07:00:00	148.376	148.401	148.248	148.308	2508	0	2
2024.03.15	08:00:00	148.310	148.375	148.272	148.319	2650	0	2
2024.03.15	09:00:00	148.319	148.343	148.094	148.212	4214	0	2
2024.03.15	10:00:00	148.210	148.600	148.030	148.569	6934	0	2
2024.03.15	11:00:00	148.569	148.830	148.569	148.710	6658	0	2
2024.03.15	12:00:00	148.709	148.779	148.672	148.720	3680	0	2
2024.03.15	13:00:00	148.721	148.784	148.658	148.776	3695	0	2
2024.03.15	14:00:00	148.776	148.796	148.582	148.648	3709	0	2
2024.03.15	15:00:00	148.648	148.867	148.618	148.800	5592	0	2
2024.03.15	16:00:00	148.799	148.964	148.730	148.916	6033	0	2
2024.03.15	17:00:00	148.910	148.998	148.809	148.977	6371	0	2
2024.03.15	18:00:00	148.976	149.139	148.965	149.134	5215	0	2
2024.03.15	19:00:00	149.134	149.163	148.974	149.093	4068	0	2
2024.03.15	20:00:00	149.095	149.097	149.011	149.036	3956	0	2
2024.03.15	21:00:00	149.035	149.082	148.993	149.036	2662	0	2
2024.03.15	22:00:00	149.035	149.120	148.995	149.074	2155	0	2
2024.03.15	23:00:00	149.079	149.099	149.029	149.058	1874	0	2
2024.03.18	00:00:00	148.997	149.070	148.985	149.031	108	0	6
2024.03.18	01:00:00	149.031	149.089	148.936	148.976	1311	0	2
2024.03.18	02:00:00	148.976	149.034	148.934	148.955	2337	0	2
2024.03.18	03:00:00	148.951	149.288	148.931	149.276	4412	0	2
2024.03.18	04:00:00	149.275	149.328	149.165	149.188	4280	0	2
2024.03.18	05:00:00	149.188	149.206	148.907	148.971	4054	0	2
2024.03.18	06:00:00	148.971	149.096	148.961	149.092	2929	0	2
2024.03.18	07:00:00	149.092	149.133	149.079	149.112	2547	0	2
2024.03.18	08:00:00	149.112	149.191	149.065	149.114	2845	0	2
2024.03.18	09:00:00	149.114	149.246	149.099	149.220	3293	0	2
2024.03.18	10:00:00	149.219	149.306	149.095	149.118	4377	0	2
2024.03.18	11:00:00	149.117	149.164	149.053	149.122	4974	0	2
2024.03.18	12:00:00	149.123	149.244	149.103	149.207	3644	0	2
2024.03.18	13:00:00	149.208	149.235	149.112	149.131	3149	0	2
2024.03.18	14:00:00	149.131	149.139	149.015	149.027	2966	0	2
2024.03.18	15:00:00	149.028	149.197	149.008	149.176	4803	0	2
2024.03.18	16:00:00	149.176	149.239	149.117	149.212	5265	0	2
2024.03.18	17:00:00	149.213	149.300	149.162	149.285	5003	0	2
2024.03.18	18:00:00	149.286	149.291	149.097	149.134	4178	0	2
2024.03.18	19:00:00	149.134	149.212	149.095	149.141	3773	0	2
2024.03.18	20:00:00	149.139	149.165	148.917	149.107	4426	0	2
2024.03.18	21:00:00	149.106	149.117	149.027	149.111	2799	0	2
2024.03.18	22:00:00	149.111	149.189	149.084	149.189	1950	0	2
2024.03.18	23:00:00	149.190	149.191	149.139	149.169	961	0	2
2024.03.19	00:00:00	149.152	149.152	149.097	149.097	260	0	6
2024.03.19	01:00:00	149.097	149.145	149.038	149.038	1276	0	2
2024.03.19	02:00:00	149.038	149.171	149.028	149.153	1581	0	2
2024.03.19	03:00:00	149.151	149.218	149.110	149.206	3210	0	2
2024.03.19	04:00:00	149.209	149.392	149.209	149.300	3663	0	2
2024.03.19	05:00:00	149.301	149.364	149.189	149.361	3617	0	2
2024.03.19	06:00:00	149.360	149.923	148.992	149.704	8253	0	4
2024.03.19	07:00:00	149.705	150.073	149.669	149.964	6531	0	3
2024.03.19	08:00:00	149.964	150.395	149.940	150.300	5098	0	2
2024.03.19	09:00:00	150.298	150.485	150.085	150.363	5500	0	2
2024.03.19	10:00:00	150.363	150.390	149.984	150.255	8694	0	2
2024.03.19	11:00:00	150.255	150.509	150.195	150.333	7440	0	2
2024.03.19	12:00:00	150.334	150.699	150.305	150.681	6166	0	2
2024.03.19	13:00:00	150.682	150.691	150.498	150.533	5022	0	2
2024.03.19	14:00:00	150.533	150.574	150.345	150.388	3731	0	2
2024.03.19	15:00:00	150.388	150.608	150.342	150.492	5119	0	2
2024.03.19	16:00:00	150.491	150.682	150.401	150.670	6390	0	2
2024.03.19	17:00:00	150.670	150.731	150.603	150.687	5291	0	2
2024.03.19	18:00:00	150.687	150.853	150.659	150.729	4460	0	2
2024.03.19	19:00:00	150.729	150.945	150.711	150.939	4325	0	2
2024.03.19	20:00:00	150.939	150.961	150.843	150.894	3488	0	2
2024.03.19	21:00:00	150.894	150.928	150.845	150.922	2570	0	2
2024.03.19	22:00:00	150.921	150.925	150.850	150.894	1932	0	2
2024.03.19	23:00:00	150.897	150.899	150.861	150.863	842	0	2
2024.03.20	00:00:00	150.837	150.852	150.759	150.800	961	0	8
2024.03.20	01:00:00	150.800	150.869	150.797	150.837	779	0	2
2024.03.20	02:00:00	150.837	151.061	150.818	151.022	2601	0	2
2024.03.20	03:00:00	151.022	151.340	151.000	151.156	4836	0	2
2024.03.20	04:00:00	151.156	151.239	151.133	151.170	3197	0	2
2024.03.20	05:00:00	151.169	151.240	151.157	151.233	2727	0	2
2024.03.20	06:00:00	151.232	151.315	151.228	151.315	2111	0	2
2024.03.20	07:00:00	151.314	151.538	151.314	151.485	3275	0	2
2024.03.20	08:00:00	151.484	151.573	151.431	151.536	3483	0	2
2024.03.20	09:00:00	151.536	151.583	151.460	151.472	2858	0	2
2024.03.20	10:00:00	151.473	151.505	151.336	151.486	4952	0	2
2024.03.20	11:00:00	151.486	151.544	151.421	151.449	4436	0	2
2024.03.20	12:00:00	151.449	151.765	151.449	151.683	4006	0	2
2024.03.20	13:00:00	151.682	151.750	151.645	151.666	3409	0	2
2024.03.20	14:00:00	151.666	151.736	151.631	151.705	3655	0	2
2024.03.20	15:00:00	151.706	151.782	151.655	151.758	4643	0	2
2024.03.20	16:00:00	151.759	151.817	151.693	151.743	4206	0	2
2024.03.20	17:00:00	151.743	151.756	151.619	151.671	3806	0	2
2024.03.20	18:00:00	151.671	151.674	151.530	151.661	4033	0	2
2024.03.20	19:00:00	151.660	151.678	151.549	151.612	3932	0	2
2024.03.20	20:00:00	151.611	151.633	151.522	151.590	3415	0	2
2024.03.20	21:00:00	151.588	151.706	150.716	150.781	14461	0	4
2024.03.20	22:00:00	150.785	151.223	150.771	151.212	9301	0	3
2024.03.20	23:00:00	151.215	151.403	151.210	151.246	2907	0	2
2024.03.21	00:00:00	151.243	151.260	151.187	151.207	1228	0	6
2024.03.21	01:00:00	151.207	151.212	150.849	150.851	3857	0	2
2024.03.21	02:00:00	150.851	150.947	150.678	150.739	4165	0	2
2024.03.21	03:00:00	150.738	150.866	150.542	150.620	7430	0	2
2024.03.21	04:00:00	150.621	150.650	150.262	150.500	6568	0	2
2024.03.21	05:00:00	150.501	150.520	150.343	150.490	4380	0	2
2024.03.21	06:00:00	150.491	150.549	150.386	150.487	3034	0	2
2024.03.21	07:00:00	150.487	150.791	150.451	150.767	3082	0	2
2024.03.21	08:00:00	150.768	151.006	150.749	150.998	3640	0	2
2024.03.21	09:00:00	150.998	151.092	150.854	150.995	4043	0	2
2024.03.21	10:00:00	150.995	151.226	150.847	151.220	5447	0	2
2024.03.21	11:00:00	151.220	151.457	151.094	151.167	8773	0	2
2024.03.21	12:00:00	151.167	151.238	151.047	151.080	6342	0	2
2024.03.21	13:00:00	151.081	151.117	150.870	151.107	4999	0	2
2024.03.21	14:00:00	151.107	151.174	150.964	151.109	4864	0	2
2024.03.21	15:00:00	151.106	151.320	151.011	151.165	6683	0	2
2024.03.21	16:00:00	151.165	151.445	151.159	151.402	7175	0	2
2024.03.21	17:00:00	151.408	151.575	151.395	151.509	7946	0	2
2024.03.21	18:00:00	151.509	151.670	151.475	151.595	6067	0	2
2024.03.21	19:00:00	151.595	151.753	151.573	151.693	3955	0	2
2024.03.21	20:00:00	151.694	151.740	151.662	151.723	3024	0	2
2024.03.21	21:00:00	151.722	151.724	151.646	151.670	2321	0	2
2024.03.21	22:00:00	151.670	151.730	151.660	151.684	1973	0	2
2024.03.21	23:00:00	151.683	151.695	151.605	151.613	960	0	2
2024.03.22	00:00:00	151.601	151.640	151.573	151.573	744	0	6
2024.03.22	01:00:00	151.573	151.625	151.545	151.550	765	0	2
2024.03.22	02:00:00	151.550	151.696	151.550	151.634	2415	0	2
2024.03.22	03:00:00	151.633	151.653	151.444	151.531	3879	0	2
2024.03.22	04:00:00	151.531	151.861	151.490	151.782	5029	0	2
2024.03.22	05:00:00	151.782	151.792	151.418	151.630	5427	0	2
2024.03.22	06:00:00	151.631	151.653	151.511	151.567	4289	0	2
2024.03.22	07:00:00	151.566	151.604	151.496	151.585	3255	0	2
2024.03.22	08:00:00	151.584	151.592	151.472	151.485	3569	0	2
2024.03.22	09:00:00	151.486	151.528	151.255	151.305	4406	0	2
2024.03.22	10:00:00	151.306	151.506	151.270	151.417	5728	0	2
2024.03.22	11:00:00	151.418	151.536	151.302	151.478	5558	0	2
2024.03.22	12:00:00	151.478	151.649	151.434	151.616	4458	0	2
2024.03.22	13:00:00	151.613	151.649	151.546	151.616	3304	0	2
2024.03.22	14:00:00	151.616	151.623	151.437	151.468	3265	0	2
2024.03.22	15:00:00	151.468	151.489	151.002	151.212	7361	0	2
2024.03.22	16:00:00	151.213	151.321	151.058	151.169	6917	0	2
2024.03.22	17:00:00	151.169	151.263	151.081	151.189	6178	0	2
2024.03.22	18:00:00	151.191	151.395	151.191	151.349	5491	0	2
2024.03.22	19:00:00	151.349	151.434	151.330	151.388	4263	0	2
2024.03.22	20:00:00	151.388	151.431	151.346	151.419	3682	0	2
2024.03.22	21:00:00	151.419	151.456	151.382	151.453	3236	0	2
2024.03.22	22:00:00	151.453	151.484	151.399	151.424	2307	0	2
2024.03.22	23:00:00	151.423	151.443	151.342	151.406	1088	0	2
2024.03.25	00:00:00	151.316	151.419	151.307	151.352	307	0	6
2024.03.25	01:00:00	151.352	151.437	151.250	151.288	1044	0	2
2024.03.25	02:00:00	151.288	151.325	151.079	151.309	3045	0	2
2024.03.25	03:00:00	151.305	151.422	151.236	151.301	4802	0	2
2024.03.25	04:00:00	151.302	151.322	151.089	151.243	6382	0	2
2024.03.25	05:00:00	151.242	151.265	151.050	151.132	4142	0	2
2024.03.25	06:00:00	151.132	151.258	151.127	151.233	3589	0	2
2024.03.25	07:00:00	151.235	151.375	151.235	151.366	2849	0	2
2024.03.25	08:00:00	151.363	151.372	151.190	151.213	2508	0	2
2024.03.25	09:00:00	151.213	151.320	151.176	151.320	3065	0	2
2024.03.25	10:00:00	151.319	151.384	151.166	151.321	3627	0	2
2024.03.25	11:00:00	151.322	151.399	151.221	151.352	4629	0	2
2024.03.25	12:00:00	151.352	151.439	151.330	151.402	3315	0	2
2024.03.25	13:00:00	151.401	151.408	151.254	151.286	3632	0	2
2024.03.25	14:00:00	151.286	151.378	151.284	151.292	3063	0	2
2024.03.25	15:00:00	151.296	151.317	151.139	151.229	3890	0	2
2024.03.25	16:00:00	151.228	151.290	151.125	151.269	3865	0	2
2024.03.25	17:00:00	151.276	151.386	151.241	151.358	3833	0	2
2024.03.25	18:00:00	151.357	151.429	151.344	151.419	2839	0	2
2024.03.25	19:00:00	151.419	151.542	151.417	151.484	3056	0	2
2024.03.25	20:00:00	151.484	151.506	151.427	151.504	2729	0	2
2024.03.25	21:00:00	151.505	151.537	151.464	151.472	2250	0	2
2024.03.25	22:00:00	151.472	151.489	151.418	151.441	1779	0	2
2024.03.25	23:00:00	151.440	151.465	151.406	151.423	700	0	2
2024.03.26	00:00:00	151.416	151.422	151.384	151.394	175	0	6
2024.03.26	01:00:00	151.394	151.428	151.357	151.418	1003	0	2
2024.03.26	02:00:00	151.418	151.419	151.358	151.378	1368	0	2
2024.03.26	03:00:00	151.378	151.441	151.258	151.285	3239	0	2
2024.03.26	04:00:00	151.284	151.373	151.218	151.356	3364	0	2
2024.03.26	05:00:00	151.356	151.362	151.273	151.332	2759	0	2
2024.03.26	06:00:00	151.330	151.427	151.295	151.404	2126	0	2
2024.03.26	07:00:00	151.403	151.422	151.325	151.358	1555	0	2
2024.03.26	08:00:00	151.359	151.393	151.325	151.368	2435	0	2
2024.03.26	09:00:00	151.367	151.396	151.299	151.312	2813	0	2
2024.03.26	10:00:00	151.313	151.360	151.261	151.318	3267	0	2
2024.03.26	11:00:00	151.319	151.347	151.252	151.255	3818	0	2
2024.03.26	12:00:00	151.256	151.292	151.205	151.266	3417	0	2
2024.03.26	13:00:00	151.267	151.345	151.243	151.274	3597	0	2
2024.03.26	14:00:00	151.274	151.388	151.270	151.386	2645	0	2
2024.03.26	15:00:00	151.387	151.471	151.349	151.452	3924	0	2
2024.03.26	16:00:00	151.453	151.467	151.374	151.407	3843	0	2
2024.03.26	17:00:00	151.408	151.453	151.298	151.384	4559	0	2
2024.03.26	18:00:00	151.383	151.598	151.369	151.579	4134	0	2
2024.03.26	19:00:00	151.579	151.584	151.471	151.519	3388	0	2
2024.03.26	20:00:00	151.518	151.561	151.440	151.560	3602	0	2
2024.03.26	21:00:00	151.560	151.577	151.467	151.538	2455	0	2
2024.03.26	22:00:00	151.537	151.583	151.516	151.580	2525	0	2
2024.03.26	23:00:00	151.580	151.583	151.542	151.549	961	0	2
2024.03.27	00:00:00	151.556	151.557	151.504	151.513	894	0	8
2024.03.27	01:00:00	151.513	151.555	151.500	151.528	1195	0	2
2024.03.27	02:00:00	151.528	151.574	151.497	151.519	1466	0	2
2024.03.27	03:00:00	151.520	151.571	151.445	151.517	3083	0	2
2024.03.27	04:00:00	151.516	151.803	151.495	151.729	3934	0	2
2024.03.27	05:00:00	151.728	151.971	151.718	151.887	3727	0	2
2024.03.27	06:00:00	151.887	151.931	151.604	151.699	4459	0	2
2024.03.27	07:00:00	151.699	151.711	151.589	151.687	2206	0	2
2024.03.27	08:00:00	151.686	151.802	151.650	151.746	2480	0	2
2024.03.27	09:00:00	151.746	151.761	151.639	151.691	2805	0	2
2024.03.27	10:00:00	151.691	151.731	151.614	151.704	4437	0	2
2024.03.27	11:00:00	151.705	151.840	151.642	151.781	4322	0	2
2024.03.27	12:00:00	151.781	151.802	151.096	151.361	9040	0	2
2024.03.27	13:00:00	151.361	151.370	151.049	151.201	6327	0	2
2024.03.27	14:00:00	151.200	151.252	151.022	151.231	4805	0	2
2024.03.27	15:00:00	151.231	151.274	151.169	151.249	3915	0	2
2024.03.27	16:00:00	151.249	151.372	151.243	151.325	4583	0	2
2024.03.27	17:00:00	151.326	151.353	151.213	151.249	3791	0	2
2024.03.27	18:00:00	151.248	151.377	151.164	151.343	3626	0	2
2024.03.27	19:00:00	151.343	151.424	151.299	151.320	3692	0	2
2024.03.27	20:00:00	151.318	151.414	151.277	151.390	3338	0	2
2024.03.27	21:00:00	151.389	151.403	151.345	151.361	1835	0	2
2024.03.27	22:00:00	151.356	151.386	151.294	151.321	1842	0	2
2024.03.27	23:00:00	151.320	151.359	151.299	151.307	950	0	2
2024.03.28	00:00:00	151.264	151.265	151.230	151.250	274	0	6
2024.03.28	01:00:00	151.261	151.404	151.251	151.325	3005	0	2
2024.03.28	02:00:00	151.323	151.376	151.263	151.294	3357	0	2
2024.03.28	03:00:00	151.293	151.434	151.267	151.416	3605	0	2
2024.03.28	04:00:00	151.417	151.544	151.334	151.346	3569	0	2
2024.03.28	05:00:00	151.345	151.381	151.258	151.363	3681	0	2
2024.03.28	06:00:00	151.364	151.381	151.297	151.361	2118	0	2
2024.03.28	07:00:00	151.367	151.388	151.327	151.352	1521	0	2
2024.03.28	08:00:00	151.354	151.374	151.247	151.346	2583	0	2
2024.03.28	09:00:00	151.346	151.390	151.303	151.337	2736	0	2
2024.03.28	10:00:00	151.339	151.450	151.319	151.436	3680	0	2
2024.03.28	11:00:00	151.436	151.443	151.331	151.426	3587	0	2
2024.03.28	12:00:00	151.427	151.502	151.412	151.456	2889	0	2
2024.03.28	13:00:00	151.456	151.466	151.368	151.396	3542	0	2
2024.03.28	14:00:00	151.396	151.399	151.349	151.368	2673	0	2
2024.03.28	15:00:00	151.368	151.399	151.182	151.213	5725	0	2
2024.03.28	16:00:00	151.213	151.343	151.158	151.273	6313	0	2
2024.03.28	17:00:00	151.271	151.313	151.187	151.208	4898	0	2
2024.03.28	18:00:00	151.219	151.340	151.147	151.339	4482	0	2
2024.03.28	19:00:00	151.339	151.369	151.242	151.334	5068	0	2
2024.03.28	20:00:00	151.334	151.396	151.306	151.385	2737	0	2
2024.03.28	21:00:00	151.386	151.415	151.371	151.389	1864	0	2
2024.03.28	22:00:00	151.388	151.425	151.370	151.386	1211	0	2
2024.03.28	23:00:00	151.386	151.401	151.365	151.375	1125	0	2
2024.03.29	00:00:00	151.361	151.378	151.356	151.372	307	0	6
2024.03.29	01:00:00	151.372	151.438	151.363	151.412	950	0	2
2024.03.29	02:00:00	151.412	151.470	151.405	151.442	788	0	2
2024.03.29	03:00:00	151.442	151.496	151.180	151.313	1759	0	2
2024.03.29	04:00:00	151.313	151.441	151.312	151.342	3705	0	2
2024.03.29	05:00:00	151.342	151.354	151.247	151.304	2527	0	2
2024.03.29	06:00:00	151.304	151.324	151.254	151.287	3617	0	2
2024.03.29	07:00:00	151.288	151.324	151.262	151.282	1571	0	2
2024.03.29	08:00:00	151.283	151.385	151.277	151.350	2241	0	2
2024.03.29	09:00:00	151.350	151.473	151.321	151.410	1714	0	2
2024.03.29	10:00:00	151.409	151.411	151.315	151.345	3997	0	2
2024.03.29	11:00:00	151.345	151.365	151.332	151.344	1214	0	2
2024.03.29	12:00:00	151.343	151.356	151.330	151.335	1162	0	2
2024.03.29	13:00:00	151.342	151.348	151.279	151.314	1636	0	2
2024.03.29	14:00:00	151.314	151.352	151.308	151.342	1763	0	3
2024.03.29	15:00:00	151.341	151.364	151.188	151.218	2433	0	2
2024.03.29	16:00:00	151.219	151.246	151.194	151.210	2524	0	3
2024.03.29	17:00:00	151.210	151.245	151.166	151.240	1273	0	2
2024.03.29	18:00:00	151.240	151.253	151.206	151.222	1445	0	2
2024.03.29	19:00:00	151.228	151.282	151.221	151.275	1776	0	2
2024.03.29	20:00:00	151.276	151.335	151.231	151.307	2105	0	4
2024.03.29	21:00:00	151.308	151.390	151.302	151.390	700	0	2
2024.03.29	22:00:00	151.387	151.387	151.322	151.334	352	0	5
2024.03.29	23:00:00	151.334	151.367	151.280	151.323	695	0	3
2024.04.01	00:00:00	151.259	151.326	151.214	151.287	589	0	6
2024.04.01	01:00:00	151.287	151.361	151.223	151.354	2319	0	2
2024.04.01	02:00:00	151.354	151.425	151.323	151.400	2346	0	2
2024.04.01	03:00:00	151.398	151.428	151.251	151.375	3941	0	2
2024.04.01	04:00:00	151.376	151.391	151.250	151.278	2653	0	2
2024.04.01	05:00:00	151.279	151.327	151.255	151.321	2138	0	2
2024.04.01	06:00:00	151.321	151.358	151.306	151.349	1877	0	2
2024.04.01	07:00:00	151.349	151.404	151.335	151.372	2057	0	2
2024.04.01	08:00:00	151.372	151.408	151.361	151.381	2121	0	2
2024.04.01	09:00:00	151.381	151.391	151.302	151.368	2311	0	2
2024.04.01	10:00:00	151.368	151.398	151.338	151.340	2585	0	2
2024.04.01	11:00:00	151.343	151.366	151.326	151.341	1929	0	2
2024.04.01	12:00:00	151.341	151.387	151.328	151.382	1606	0	2
2024.04.01	13:00:00	151.382	151.402	151.358	151.367	2093	0	2
2024.04.01	14:00:00	151.369	151.401	151.346	151.389	1732	0	2
2024.04.01	15:00:00	151.388	151.481	151.385	151.454	3627	0	2
2024.04.01	16:00:00	151.452	151.652	151.442	151.568	4706	0	2
2024.04.01	17:00:00	151.568	151.759	151.568	151.697	6099	0	2
2024.04.01	18:00:00	151.698	151.771	151.689	151.721	3784	0	2
2024.04.01	19:00:00	151.721	151.745	151.681	151.701	2268	0	2
2024.04.01	20:00:00	151.700	151.700	151.576	151.621	1924	0	2
2024.04.01	21:00:00	151.621	151.656	151.604	151.651	2023	0	2
2024.04.01	22:00:00	151.650	151.678	151.625	151.645	1945	0	2
2024.04.01	23:00:00	151.644	151.657	151.616	151.647	974	0	2
2024.04.02	00:00:00	151.640	151.670	151.615	151.629	344	0	6
2024.04.02	01:00:00	151.629	151.629	151.591	151.612	716	0	2
2024.04.02	02:00:00	151.612	151.676	151.570	151.595	2068	0	2
2024.04.02	03:00:00	151.596	151.697	151.501	151.684	3857	0	2
2024.04.02	04:00:00	151.685	151.781	151.630	151.776	3565	0	2
2024.04.02	05:00:00	151.777	151.785	151.659	151.681	2770	0	2
2024.04.02	06:00:00	151.682	151.768	151.653	151.762	3246	0	2
2024.04.02	07:00:00	151.761	151.767	151.711	151.763	2129	0	2
2024.04.02	08:00:00	151.762	151.798	151.707	151.743	3065	0	2
2024.04.02	09:00:00	151.743	151.751	151.662	151.681	2747	0	2
2024.04.02	10:00:00	151.681	151.756	151.660	151.674	3767	0	2
2024.04.02	11:00:00	151.674	151.687	151.554	151.640	3828	0	2
2024.04.02	12:00:00	151.641	151.693	151.613	151.670	2845	0	2
2024.04.02	13:00:00	151.671	151.716	151.670	151.695	2486	0	2
2024.04.02	14:00:00	151.695	151.712	151.629	151.654	2830	0	2
2024.04.02	15:00:00	151.654	151.716	151.603	151.687	4091	0	2
2024.04.02	16:00:00	151.688	151.696	151.557	151.557	4733	0	2
2024.04.02	17:00:00	151.559	151.629	151.462	151.580	7000	0	2
2024.04.02	18:00:00	151.579	151.620	151.506	151.548	4855	0	2
2024.04.02	19:00:00	151.548	151.617	151.542	151.594	3380	0	2
2024.04.02	20:00:00	151.590	151.616	151.558	151.568	2364	0	2
2024.04.02	21:00:00	151.568	151.602	151.538	151.597	2165	0	2
2024.04.02	22:00:00	151.596	151.612	151.556	151.566	2607	0	2
2024.04.02	23:00:00	151.565	151.597	151.561	151.564	1443	0	2
2024.04.03	00:00:00	151.561	151.567	151.527	151.554	317	0	6
2024.04.03	01:00:00	151.554	151.576	151.491	151.552	948	0	2
2024.04.03	02:00:00	151.552	151.581	151.529	151.544	1100	0	2
2024.04.03	03:00:00	151.544	151.556	151.438	151.554	3329	0	2
2024.04.03	04:00:00	151.552	151.638	151.551	151.597	2749	0	2
2024.04.03	05:00:00	151.597	151.613	151.537	151.582	1969	0	2
2024.04.03	06:00:00	151.582	151.584	151.538	151.561	1724	0	2
2024.04.03	07:00:00	151.561	151.592	151.533	151.591	1229	0	2
2024.04.03	08:00:00	151.589	151.608	151.535	151.592	1757	0	2
2024.04.03	09:00:00	151.592	151.681	151.574	151.666	2879	0	2
2024.04.03	10:00:00	151.665	151.734	151.665	151.677	2883	0	2
2024.04.03	11:00:00	151.678	151.734	151.677	151.731	2430	0	2
2024.04.03	12:00:00	151.731	151.800	151.714	151.754	2832	0	2
2024.04.03	13:00:00	151.755	151.758	151.706	151.710	2337	0	2
2024.04.03	14:00:00	151.710	151.785	151.682	151.772	2746	0	2
2024.04.03	15:00:00	151.772	151.912	151.750	151.848	4823	0	2
2024.04.03	16:00:00	151.849	151.953	151.800	151.917	4828	0	2
2024.04.03	17:00:00	151.663	151.857	151.638	151.785	7598	0	2
2024.04.03	18:00:00	151.783	151.825	151.675	151.677	4265	0	2
2024.04.03	19:00:00	151.677	151.760	151.577	151.646	4396	0	2
2024.04.03	20:00:00	151.646	151.699	151.631	151.681	2433	0	2
2024.04.03	21:00:00	151.680	151.689	151.650	151.673	1752	0	2
2024.04.03	22:00:00	151.673	151.706	151.655	151.678	2056	0	2
2024.04.03	23:00:00	151.678	151.704	151.670	151.681	901	0	2
2024.04.04	00:00:00	151.633	151.661	151.623	151.642	750	0	6
2024.04.04	01:00:00	151.642	151.643	151.567	151.590	950	0	2
2024.04.04	02:00:00	151.590	151.632	151.562	151.583	1938	0	2
2024.04.04	03:00:00	151.583	151.680	151.538	151.567	3471	0	2
2024.04.04	04:00:00	151.568	151.671	151.559	151.644	2412	0	2
2024.04.04	05:00:00	151.643	151.710	151.639	151.707	1763	0	2
2024.04.04	06:00:00	151.708	151.725	151.658	151.672	1603	0	2
2024.04.04	07:00:00	151.674	151.701	151.648	151.695	1749	0	2
2024.04.04	08:00:00	151.695	151.699	151.639	151.642	1845	0	2
2024.04.04	09:00:00	151.642	151.701	151.595	151.688	2877	0	2
2024.04.04	10:00:00	151.690	151.756	151.676	151.686	3402	0	2
2024.04.04	11:00:00	151.687	151.743	151.687	151.711	2705	0	2
2024.04.04	12:00:00	151.714	151.760	151.705	151.748	2071	0	2
2024.04.04	13:00:00	151.748	151.749	151.691	151.699	1751	0	2
2024.04.04	14:00:00	151.699	151.748	151.611	151.741	2508	0	2
2024.04.04	15:00:00	151.741	151.771	151.611	151.623	4128	0	2
2024.04.04	16:00:00	151.623	151.672	151.504	151.591	4704	0	2
2024.04.04	17:00:00	151.592	151.688	151.517	151.664	5015	0	2
2024.04.04	18:00:00	151.664	151.702	151.651	151.661	2440	0	2
2024.04.04	19:00:00	151.664	151.673	151.624	151.645	2069	0	2
2024.04.04	20:00:00	151.646	151.680	151.619	151.674	1863	0	2
2024.04.04	21:00:00	151.674	151.687	151.147	151.202	5711	0	2
2024.04.04	22:00:00	151.201	151.330	151.118	151.228	7535	0	2
2024.04.04	23:00:00	151.230	151.335	151.186	151.320	2184	0	2
2024.04.05	00:00:00	151.325	151.336	151.265	151.303	942	0	6
2024.04.05	01:00:00	151.303	151.318	151.209	151.309	2271	0	2
2024.04.05	02:00:00	151.309	151.309	151.212	151.295	2159	0	2
2024.04.05	03:00:00	151.294	151.341	150.811	150.909	6856	0	2
2024.04.05	04:00:00	150.908	151.086	150.807	151.064	5734	0	2
2024.04.05	05:00:00	151.065	151.217	151.065	151.184	3001	0	2
2024.04.05	06:00:00	151.184	151.270	151.143	151.262	2362	0	2
2024.04.05	07:00:00	151.262	151.292	151.200	151.214	2023	0	2
2024.04.05	08:00:00	151.214	151.222	151.129	151.183	2407	0	2
2024.04.05	09:00:00	151.183	151.294	151.091	151.261	3361	0	2
2024.04.05	10:00:00	151.260	151.354	151.166	151.336	3907	0	2
2024.04.05	11:00:00	151.336	151.450	151.308	151.412	4063	0	2
2024.04.05	12:00:00	151.412	151.447	151.372	151.419	2617	0	2
2024.04.05	13:00:00	151.419	151.425	151.332	151.335	3089	0	2
2024.04.05	14:00:00	151.335	151.413	151.335	151.374	2688	0	2
2024.04.05	15:00:00	151.374	151.747	151.268	151.656	7423	0	2
2024.04.05	16:00:00	151.655	151.751	151.594	151.613	7310	0	2
2024.04.05	17:00:00	151.614	151.644	151.437	151.523	7230	0	2
2024.04.05	18:00:00	151.526	151.667	151.526	151.587	5305	0	2
2024.04.05	19:00:00	151.587	151.619	151.528	151.581	3350	0	2
2024.04.05	20:00:00	151.580	151.614	151.546	151.585	2654	0	2
2024.04.05	21:00:00	151.585	151.590	151.536	151.551	3235	0	2
2024.04.05	22:00:00	151.551	151.650	151.542	151.648	2732	0	2
2024.04.05	23:00:00	151.648	151.649	151.601	151.624	1092	0	2
2024.04.08	00:00:00	151.565	151.603	151.531	151.600	752	0	29
2024.04.08	01:00:00	151.600	151.726	151.582	151.690	1655	0	2
2024.04.08	02:00:00	151.690	151.697	151.644	151.680	1854	0	2
2024.04.08	03:00:00	151.680	151.780	151.669	151.709	3487	0	2
2024.04.08	04:00:00	151.710	151.811	151.676	151.779	3915	0	2
2024.04.08	05:00:00	151.779	151.781	151.682	151.772	3580	0	2
2024.04.08	06:00:00	151.771	151.785	151.745	151.769	2386	0	2
2024.04.08	07:00:00	151.769	151.797	151.765	151.794	2449	0	2
2024.04.08	08:00:00	151.795	151.807	151.750	151.789	3190	0	2
2024.04.08	09:00:00	151.789	151.833	151.754	151.758	2983	0	2
2024.04.08	10:00:00	151.758	151.876	151.756	151.869	3109	0	2
2024.04.08	11:00:00	151.870	151.911	151.842	151.905	3298	0	2
2024.04.08	12:00:00	151.906	151.919	151.862	151.872	2170	0	2
2024.04.08	13:00:00	151.873	151.889	151.826	151.850	1964	0	2
2024.04.08	14:00:00	151.850	151.921	151.848	151.917	2207	0	2
2024.04.08	15:00:00	151.917	151.944	151.853	151.877	3092	0	2
2024.04.08	16:00:00	151.878	151.878	151.719	151.737	4437	0	2
2024.04.08	17:00:00	151.737	151.844	151.729	151.813	4973	0	2
2024.04.08	18:00:00	151.814	151.851	151.770	151.786	2790	0	2
2024.04.08	19:00:00	151.786	151.845	151.783	151.834	1731	0	2
2024.04.08	20:00:00	151.834	151.834	151.738	151.773	2331	0	2
2024.04.08	21:00:00	151.772	151.796	151.718	151.772	1838	0	2
2024.04.08	22:00:00	151.770	151.837	151.747	151.835	1654	0	2
2024.04.08	23:00:00	151.836	151.858	151.832	151.852	642	0	2
2024.04.09	00:00:00	151.788	151.838	151.774	151.807	1476	0	6
2024.04.09	01:00:00	151.807	151.814	151.775	151.803	695	0	2
2024.04.09	02:00:00	151.803	151.853	151.803	151.833	1319	0	2
2024.04.09	03:00:00	151.834	151.919	151.787	151.908	2837	0	2
2024.04.09	04:00:00	151.908	151.915	151.856	151.889	2472	0	2
2024.04.09	05:00:00	151.894	151.894	151.810	151.875	2007	0	2
2024.04.09	06:00:00	151.875	151.883	151.840	151.858	1702	0	2
2024.04.09	07:00:00	151.859	151.893	151.847	151.890	1151	0	2
2024.04.09	08:00:00	151.890	151.903	151.867	151.892	1686	0	2
2024.04.09	09:00:00	151.893	151.920	151.871	151.912	2481	0	2
2024.04.09	10:00:00	151.914	151.935	151.882	151.904	2878	0	2
2024.04.09	11:00:00	151.903	151.914	151.862	151.887	2581	0	2
2024.04.09	12:00:00	151.887	151.897	151.727	151.839	3402	0	2
2024.04.09	13:00:00	151.840	151.840	151.762	151.796	2350	0	2
2024.04.09	14:00:00	151.795	151.846	151.773	151.829	2047	0	2
2024.04.09	15:00:00	151.829	151.844	151.743	151.769	3578	0	2
2024.04.09	16:00:00	151.768	151.789	151.704	151.769	3733	0	2
2024.04.09	17:00:00	151.769	151.769	151.570	151.651	4985	0	2
2024.04.09	18:00:00	151.652	151.736	151.628	151.728	4314	0	2
2024.04.09	19:00:00	151.730	151.748	151.653	151.668	2307	0	2
2024.04.09	20:00:00	151.668	151.722	151.655	151.692	2843	0	2
2024.04.09	21:00:00	151.689	151.744	151.689	151.739	2303	0	2
2024.04.09	22:00:00	151.739	151.785	151.732	151.737	2498	0	2
2024.04.09	23:00:00	151.736	151.771	151.730	151.762	745	0	3
2024.04.10	00:00:00	151.732	151.763	151.722	151.747	1223	0	11
2024.04.10	01:00:00	151.747	151.781	151.732	151.753	702	0	2
2024.04.10	02:00:00	151.753	151.789	151.738	151.776	1267	0	2
2024.04.10	03:00:00	151.777	151.785	151.679	151.722	2750	0	2
2024.04.10	04:00:00	151.724	151.782	151.711	151.723	2952	0	2
2024.04.10	05:00:00	151.723	151.765	151.695	151.755	2469	0	2
2024.04.10	06:00:00	151.754	151.771	151.734	151.754	2066	0	2
2024.04.10	07:00:00	151.754	151.787	151.744	151.781	1661	0	2
2024.04.10	08:00:00	151.782	151.819	151.775	151.809	1933	0	2
2024.04.10	09:00:00	151.809	151.815	151.772	151.780	2088	0	2
2024.04.10	10:00:00	151.780	151.842	151.779	151.840	2412	0	2
2024.04.10	11:00:00	151.840	151.884	151.826	151.853	2602	0	2
2024.04.10	12:00:00	151.853	151.874	151.834	151.858	1925	0	2
2024.04.10	13:00:00	151.858	151.871	151.809	151.832	2336	0	2
2024.04.10	14:00:00	151.831	151.854	151.814	151.841	1972	0	2
2024.04.10	15:00:00	151.840	152.510	151.777	152.382	8952	0	2
2024.04.10	16:00:00	152.381	152.697	152.367	152.673	9966	0	2
2024.04.10	17:00:00	152.672	152.777	152.576	152.772	7473	0	2
2024.04.10	18:00:00	152.773	152.944	152.744	152.901	4843	0	2
2024.04.10	19:00:00	152.901	152.967	152.877	152.938	4114	0	2
2024.04.10	20:00:00	152.932	152.984	152.639	152.776	6942	0	2
2024.04.10	21:00:00	152.775	152.977	152.754	152.963	4918	0	2
2024.04.10	22:00:00	152.963	152.968	152.918	152.960	3753	0	2
2024.04.10	23:00:00	152.960	153.236	152.942	153.154	2243	0	2
2024.04.11	00:00:00	153.121	153.140	152.914	152.982	1897	0	6
2024.04.11	01:00:00	152.987	153.008	152.895	152.912	1425	0	2
2024.04.11	02:00:00	152.913	152.967	152.802	152.951	3016	0	2
2024.04.11	03:00:00	152.951	153.006	152.799	152.834	4795	0	2
2024.04.11	04:00:00	152.833	152.898	152.756	152.809	4302	0	2
2024.04.11	05:00:00	152.809	152.860	152.779	152.827	2550	0	2
2024.04.11	06:00:00	152.826	152.948	152.812	152.947	2113	0	2
2024.04.11	07:00:00	152.947	152.970	152.862	152.891	1928	0	2
2024.04.11	08:00:00	152.892	152.971	152.884	152.966	2106	0	2
2024.04.11	09:00:00	152.966	153.190	152.959	153.164	3886	0	2
2024.04.11	10:00:00	153.164	153.206	153.080	153.130	4976	0	2
2024.04.11	11:00:00	153.128	153.289	153.099	153.240	3737	0	2
2024.04.11	12:00:00	153.241	153.278	153.152	153.166	3730	0	2
2024.04.11	13:00:00	153.168	153.171	153.048	153.071	3771	0	2
2024.04.11	14:00:00	153.071	153.191	153.020	153.086	3668	0	2
2024.04.11	15:00:00	153.086	153.221	152.793	152.844	9008	0	2
2024.04.11	16:00:00	152.843	153.143	152.833	153.132	8457	0	2
2024.04.11	17:00:00	153.136	153.298	153.134	153.272	6009	0	2
2024.04.11	18:00:00	153.269	153.316	153.189	153.191	4393	0	2
2024.04.11	19:00:00	153.191	153.303	153.176	153.232	3703	0	2
2024.04.11	20:00:00	153.233	153.252	153.159	153.177	4032	0	2
2024.04.11	21:00:00	153.176	153.247	153.088	153.244	3095	0	2
2024.04.11	22:00:00	153.243	153.254	153.166	153.202	3038	0	2
2024.04.11	23:00:00	153.198	153.265	153.196	153.256	779	0	2
2024.04.12	00:00:00	153.233	153.249	153.180	153.196	371	0	9
2024.04.12	01:00:00	153.197	153.234	153.166	153.227	1049	0	2
2024.04.12	02:00:00	153.227	153.251	153.167	153.191	1845	0	2
2024.04.12	03:00:00	153.191	153.298	152.962	152.968	3994	0	2
2024.04.12	04:00:00	152.969	153.100	152.966	153.100	4094	0	2
2024.04.12	05:00:00	153.100	153.186	153.048	153.177	2437	0	2
2024.04.12	06:00:00	153.175	153.232	153.162	153.208	1732	0	2
2024.04.12	07:00:00	153.208	153.271	153.173	153.237	1851	0	2
2024.04.12	08:00:00	153.236	153.238	153.130	153.203	2460	0	2
2024.04.12	09:00:00	153.203	153.289	153.199	153.273	3658	0	2
2024.04.12	10:00:00	153.274	153.385	153.231	153.245	4682	0	2
2024.04.12	11:00:00	153.245	153.307	153.206	153.306	3377	0	2
2024.04.12	12:00:00	153.307	153.352	153.262	153.302	2673	0	2
2024.04.12	13:00:00	153.301	153.354	153.266	153.268	2989	0	2
2024.04.12	14:00:00	153.269	153.291	153.157	153.163	3811	0	2
2024.04.12	15:00:00	153.161	153.185	152.792	152.851	7088	0	2
2024.04.12	16:00:00	152.852	153.087	152.588	152.934	7814	0	2
2024.04.12	17:00:00	152.934	153.014	152.729	152.927	7450	0	2
2024.04.12	18:00:00	152.928	153.157	152.902	153.121	6029	0	2
2024.04.12	19:00:00	153.120	153.150	153.051	153.102	4565	0	2
2024.04.12	20:00:00	153.101	153.143	153.048	153.128	4210	0	2
2024.04.12	21:00:00	153.130	153.218	153.120	153.213	3479	0	2
2024.04.12	22:00:00	153.213	153.246	153.182	153.234	2086	0	2
2024.04.12	23:00:00	153.238	153.295	153.203	153.285	1744	0	2
2024.04.15	00:00:00	153.054	153.089	152.955	153.074	528	0	7
2024.04.15	01:00:00	153.175	153.290	153.085	153.284	3228	0	2
2024.04.15	02:00:00	153.284	153.318	153.223	153.303	2905	0	2
2024.04.15	03:00:00	153.303	153.462	153.276	153.462	4097	0	2
2024.04.15	04:00:00	153.462	153.683	153.449	153.568	3437	0	2
2024.04.15	05:00:00	153.562	153.739	153.530	153.711	2408	0	2
2024.04.15	06:00:00	153.710	153.733	153.651	153.672	2005	0	2
2024.04.15	07:00:00	153.672	153.850	153.666	153.780	2657	0	2
2024.04.15	08:00:00	153.779	153.852	153.773	153.820	2622	0	2
2024.04.15	09:00:00	153.825	153.887	153.761	153.868	5126	0	2
2024.04.15	10:00:00	153.869	153.967	153.869	153.904	4889	0	2
2024.04.15	11:00:00	153.904	153.950	153.693	153.866	5516	0	2
2024.04.15	12:00:00	153.865	153.893	153.757	153.873	3493	0	2
2024.04.15	13:00:00	153.873	153.944	153.820	153.926	3257	0	2
2024.04.15	14:00:00	153.926	153.938	153.861	153.911	3506	0	2
2024.04.15	15:00:00	153.910	154.414	153.878	154.188	6717	0	2
2024.04.15	16:00:00	154.183	154.421	154.108	154.357	6914	0	2
2024.04.15	17:00:00	154.360	154.443	153.854	154.329	7399	0	2
2024.04.15	18:00:00	154.329	154.340	154.194	154.252	4945	0	2
2024.04.15	19:00:00	154.253	154.319	154.203	154.298	3799	0	2
2024.04.15	20:00:00	154.298	154.299	154.110	154.169	3723	0	2
2024.04.15	21:00:00	154.171	154.244	154.156	154.207	4184	0	2
2024.04.15	22:00:00	154.207	154.231	154.172	154.221	2567	0	2
2024.04.15	23:00:00	154.220	154.272	154.220	154.268	1185	0	2
2024.04.16	00:00:00	154.243	154.254	154.163	154.224	431	0	6
2024.04.16	01:00:00	154.224	154.224	154.143	154.172	1516	0	2
2024.04.16	02:00:00	154.172	154.237	154.142	154.208	2120	0	2
2024.04.16	03:00:00	154.216	154.361	154.129	154.287	3752	0	2
2024.04.16	04:00:00	154.288	154.384	154.253	154.359	3504	0	2
2024.04.16	05:00:00	154.353	154.419	154.296	154.318	3267	0	2
2024.04.16	06:00:00	154.317	154.375	154.315	154.352	2147	0	2
2024.04.16	07:00:00	154.352	154.354	154.231	154.270	1556	0	2
2024.04.16	08:00:00	154.270	154.357	154.260	154.343	2509	0	2
2024.04.16	09:00:00	154.343	154.604	154.281	154.507	5176	0	2
2024.04.16	10:00:00	154.507	154.522	154.369	154.388	4396	0	2
2024.04.16	11:00:00	154.389	154.550	154.376	154.504	4056	0	2
2024.04.16	12:00:00	154.502	154.563	154.472	154.560	3439	0	2
2024.04.16	13:00:00	154.559	154.600	154.531	154.595	2463	0	2
2024.04.16	14:00:00	154.595	154.703	154.582	154.618	3483	0	2
2024.04.16	15:00:00	154.618	154.699	154.563	154.642	4748	0	2
2024.04.16	16:00:00	154.643	154.765	153.896	154.564	7957	0	2
2024.04.16	17:00:00	154.564	154.708	154.405	154.587	7193	0	2
2024.04.16	18:00:00	154.586	154.636	154.462	154.569	5089	0	2
2024.04.16	19:00:00	154.569	154.647	154.534	154.579	2898	0	2
2024.04.16	20:00:00	154.580	154.786	154.575	154.699	4468	0	2
2024.04.16	21:00:00	154.699	154.734	154.573	154.645	5421	0	3
2024.04.16	22:00:00	154.646	154.699	154.621	154.630	2200	0	2
2024.04.16	23:00:00	154.631	154.725	154.631	154.713	1587	0	2
2024.04.17	00:00:00	154.683	154.687	154.631	154.659	876	0	6
2024.04.17	01:00:00	154.662	154.720	154.653	154.679	1237	0	2
2024.04.17	02:00:00	154.678	154.721	154.649	154.696	1752	0	2
2024.04.17	03:00:00	154.698	154.733	154.608	154.692	3175	0	2
2024.04.17	04:00:00	154.692	154.715	154.614	154.683	2653	0	2
2024.04.17	05:00:00	154.683	154.693	154.624	154.681	1643	0	2
2024.04.17	06:00:00	154.682	154.682	154.599	154.647	1375	0	2
2024.04.17	07:00:00	154.647	154.653	154.597	154.645	1412	0	2
2024.04.17	08:00:00	154.646	154.678	154.603	154.616	2154	0	2
2024.04.17	09:00:00	154.613	154.643	154.452	154.472	5597	0	2
2024.04.17	10:00:00	154.472	154.633	154.472	154.610	3921	0	2
2024.04.17	11:00:00	154.610	154.645	154.470	154.562	4185	0	2
2024.04.17	12:00:00	154.562	154.596	154.495	154.592	3555	0	2
2024.04.17	13:00:00	154.592	154.634	154.545	154.623	2341	0	2
2024.04.17	14:00:00	154.623	154.654	154.589	154.628	2367	0	2
2024.04.17	15:00:00	154.628	154.698	154.604	154.624	3247	0	2
2024.04.17	16:00:00	154.625	154.655	154.525	154.651	4765	0	2
2024.04.17	17:00:00	154.651	154.709	154.643	154.651	4381	0	2
2024.04.17	18:00:00	154.650	154.676	154.580	154.612	3804	0	2
2024.04.17	19:00:00	154.612	154.614	154.243	154.271	6423	0	2
2024.04.17	20:00:00	154.271	154.444	154.166	154.308	5590	0	2
2024.04.17	21:00:00	154.307	154.348	154.156	154.348	3189	0	2
2024.04.17	22:00:00	154.347	154.401	154.307	154.332	3113	0	2
2024.04.17	23:00:00	154.333	154.403	154.308	154.376	1396	0	2
2024.04.18	00:00:00	154.333	154.339	154.306	154.311	295	0	6
2024.04.18	01:00:00	154.311	154.324	154.243	154.277	1234	0	2
2024.04.18	02:00:00	154.277	154.366	154.176	154.337	1886	0	2
2024.04.18	03:00:00	154.334	154.409	154.249	154.285	3069	0	2
2024.04.18	04:00:00	154.284	154.303	154.164	154.223	3110	0	2
2024.04.18	05:00:00	154.218	154.250	153.953	154.129	5110	0	2
2024.04.18	06:00:00	154.129	154.316	154.109	154.237	2659	0	2
2024.04.18	07:00:00	154.238	154.310	154.231	154.292	1658	0	2
2024.04.18	08:00:00	154.291	154.353	154.253	154.283	2445	0	2
2024.04.18	09:00:00	154.285	154.304	154.063	154.272	3957	0	2
2024.04.18	10:00:00	154.273	154.320	154.190	154.267	3327	0	2
2024.04.18	11:00:00	154.265	154.366	154.253	154.351	3554	0	2
2024.04.18	12:00:00	154.350	154.421	154.334	154.416	2341	0	2
2024.04.18	13:00:00	154.417	154.478	154.380	154.445	2523	0	2
2024.04.18	14:00:00	154.447	154.509	154.312	154.370	3025	0	2
2024.04.18	15:00:00	154.371	154.497	154.316	154.369	5754	0	2
2024.04.18	16:00:00	154.369	154.593	154.337	154.522	6322	0	2
2024.04.18	17:00:00	154.521	154.639	154.457	154.633	4935	0	2
2024.04.18	18:00:00	154.633	154.644	154.567	154.611	3899	0	2
2024.04.18	19:00:00	154.611	154.648	154.568	154.622	2645	0	2
2024.04.18	20:00:00	154.622	154.678	154.601	154.640	2572	0	2
2024.04.18	21:00:00	154.636	154.655	154.546	154.591	1714	0	2
2024.04.18	22:00:00	154.591	154.630	154.573	154.620	1556	0	2
2024.04.18	23:00:00	154.620	154.674	154.605	154.641	1047	0	2
2024.04.19	00:00:00	154.629	154.630	154.585	154.592	186	0	6
2024.04.19	01:00:00	154.592	154.655	154.533	154.643	834	0	2
2024.04.19	02:00:00	154.643	154.644	154.551	154.612	1962	0	2
2024.04.19	03:00:00	154.613	154.671	154.543	154.627	3772	0	2
2024.04.19	04:00:00	154.627	154.628	153.971	154.233	9009	0	2
2024.04.19	05:00:00	154.233	154.243	153.586	153.896	10208	0	4
2024.04.19	06:00:00	153.897	154.382	153.897	154.305	7632	0	4
2024.04.19	07:00:00	154.305	154.463	154.303	154.320	4605	0	2
2024.04.19	08:00:00	154.320	154.423	154.246	154.332	3645	0	2
2024.04.19	09:00:00	154.331	154.459	154.206	154.418	6140	0	2
2024.04.19	10:00:00	154.416	154.528	154.353	154.470	5184	0	2
2024.04.19	11:00:00	154.474	154.484	154.340	154.411	4212	0	2
2024.04.19	12:00:00	154.410	154.510	154.395	154.484	4099	0	2
2024.04.19	13:00:00	154.484	154.573	154.472	154.527	3107	0	2
2024.04.19	14:00:00	154.527	154.607	154.527	154.599	3449	0	2
2024.04.19	15:00:00	154.599	154.607	154.493	154.532	3646	0	2
2024.04.19	16:00:00	154.532	154.610	154.524	154.579	4946	0	2
2024.04.19	17:00:00	154.578	154.627	154.454	154.589	4581	0	2
2024.04.19	18:00:00	154.590	154.600	154.462	154.544	3515	0	2
2024.04.19	19:00:00	154.546	154.606	154.542	154.580	2892	0	2
2024.04.19	20:00:00	154.581	154.626	154.560	154.624	2611	0	2
2024.04.19	21:00:00	154.625	154.639	154.547	154.574	1928	0	2
2024.04.19	22:00:00	154.574	154.618	154.549	154.602	1839	0	2
2024.04.19	23:00:00	154.603	154.654	154.599	154.640	1076	0	2
2024.04.22	00:00:00	154.570	154.579	154.420	154.447	1432	0	21
2024.04.22	01:00:00	154.447	154.687	154.447	154.630	2050	0	2
2024.04.22	02:00:00	154.630	154.652	154.542	154.636	2117	0	2
2024.04.22	03:00:00	154.638	154.734	154.610	154.673	4521	0	2
2024.04.22	04:00:00	154.673	154.696	154.585	154.620	3668	0	2
2024.04.22	05:00:00	154.620	154.705	154.616	154.658	1766	0	2
2024.04.22	06:00:00	154.658	154.706	154.658	154.687	1598	0	2
2024.04.22	07:00:00	154.686	154.726	154.681	154.715	1868	0	2
2024.04.22	08:00:00	154.715	154.739	154.679	154.721	2067	0	2
2024.04.22	09:00:00	154.720	154.763	154.656	154.676	3605	0	2
2024.04.22	10:00:00	154.675	154.687	154.594	154.654	3228	0	2
2024.04.22	11:00:00	154.655	154.731	154.627	154.721	3053	0	2
2024.04.22	12:00:00	154.722	154.770	154.701	154.766	2397	0	2
2024.04.22	13:00:00	154.766	154.780	154.722	154.752	1777	0	2
2024.04.22	14:00:00	154.752	154.780	154.726	154.761	2350	0	2
2024.04.22	15:00:00	154.761	154.768	154.683	154.746	3504	0	2
2024.04.22	16:00:00	154.747	154.765	154.704	154.739	3378	0	2
2024.04.22	17:00:00	154.739	154.773	154.717	154.732	3034	0	2
2024.04.22	18:00:00	154.732	154.789	154.718	154.772	1998	0	2
2024.04.22	19:00:00	154.772	154.849	154.755	154.797	2419	0	2
2024.04.22	20:00:00	154.797	154.812	154.763	154.811	2322	0	2
2024.04.22	21:00:00	154.811	154.829	154.779	154.798	1814	0	2
2024.04.22	22:00:00	154.800	154.846	154.797	154.834	1372	0	2
2024.04.22	23:00:00	154.834	154.845	154.820	154.841	828	0	2
2024.04.23	00:00:00	154.834	154.834	154.798	154.811	318	0	7
2024.04.23	01:00:00	154.811	154.825	154.774	154.807	1083	0	2
2024.04.23	02:00:00	154.807	154.840	154.775	154.811	1059	0	2
2024.04.23	03:00:00	154.811	154.824	154.698	154.788	2494	0	2
2024.04.23	04:00:00	154.787	154.794	154.656	154.725	3554	0	2
2024.04.23	05:00:00	154.729	154.770	154.710	154.763	1596	0	2
2024.04.23	06:00:00	154.763	154.775	154.724	154.752	1179	0	2
2024.04.23	07:00:00	154.752	154.761	154.715	154.740	1294	0	2
2024.04.23	08:00:00	154.739	154.794	154.739	154.767	1944	0	2
2024.04.23	09:00:00	154.767	154.783	154.716	154.758	2927	0	2
2024.04.23	10:00:00	154.758	154.854	154.756	154.821	4232	0	2
2024.04.23	11:00:00	154.820	154.862	154.798	154.842	2707	0	2
2024.04.23	12:00:00	154.845	154.853	154.809	154.837	2224	0	2
2024.04.23	13:00:00	154.837	154.837	154.780	154.797	2229	0	2
2024.04.23	14:00:00	154.797	154.823	154.760	154.801	2700	0	2
2024.04.23	15:00:00	154.801	154.834	154.767	154.811	2650	0	2
2024.04.23	16:00:00	154.811	154.875	154.556	154.640	4681	0	2
2024.04.23	17:00:00	154.639	154.802	154.568	154.795	7414	0	2
2024.04.23	18:00:00	154.793	154.838	154.767	154.815	3646	0	2
2024.04.23	19:00:00	154.815	154.837	154.778	154.824	2319	0	2
2024.04.23	20:00:00	154.823	154.831	154.548	154.750	3928	0	2
2024.04.23	21:00:00	154.750	154.810	154.710	154.753	2007	0	2
2024.04.23	22:00:00	154.753	154.827	154.744	154.822	1746	0	2
2024.04.23	23:00:00	154.821	154.837	154.814	154.827	1155	0	2
2024.04.24	00:00:00	154.791	154.820	154.757	154.764	571	0	8
2024.04.24	01:00:00	154.772	154.804	154.756	154.783	606	0	2
2024.04.24	02:00:00	154.783	154.787	154.731	154.748	1184	0	2
2024.04.24	03:00:00	154.748	154.815	154.736	154.796	2131	0	2
2024.04.24	04:00:00	154.797	154.825	154.769	154.796	2331	0	2
2024.04.24	05:00:00	154.797	154.819	154.787	154.809	1435	0	2
2024.04.24	06:00:00	154.808	154.853	154.800	154.847	1569	0	2
2024.04.24	07:00:00	154.847	154.877	154.833	154.838	1265	0	2
2024.04.24	08:00:00	154.838	154.880	154.835	154.871	1063	0	2
2024.04.24	09:00:00	154.871	154.941	154.861	154.927	2553	0	2
2024.04.24	10:00:00	154.928	154.968	154.764	154.900	3684	0	2
2024.04.24	11:00:00	154.900	154.925	154.861	154.898	2394	0	2
2024.04.24	12:00:00	154.898	154.937	154.872	154.935	1471	0	2
2024.04.24	13:00:00	154.934	154.940	154.903	154.931	1144	0	2
2024.04.24	14:00:00	154.931	154.943	154.902	154.925	1917	0	2
2024.04.24	15:00:00	154.925	155.168	154.765	154.950	6770	0	2
2024.04.24	16:00:00	154.950	155.016	154.840	154.984	5042	0	2
2024.04.24	17:00:00	154.983	155.106	154.941	155.001	4876	0	2
2024.04.24	18:00:00	155.000	155.136	154.971	155.116	3606	0	2
2024.04.24	19:00:00	155.116	155.133	155.059	155.113	2542	0	2
2024.04.24	20:00:00	155.113	155.374	155.083	155.288	3938	0	2
2024.04.24	21:00:00	155.288	155.333	155.240	155.265	2084	0	2
2024.04.24	22:00:00	155.265	155.305	155.219	155.297	1917	0	2
2024.04.24	23:00:00	155.297	155.372	155.289	155.357	1184	0	2
2024.04.25	00:00:00	155.242	155.261	155.214	155.228	735	0	6
2024.04.25	01:00:00	155.227	155.243	155.195	155.226	1081	0	2
2024.04.25	02:00:00	155.226	155.275	155.208	155.269	1109	0	2
2024.04.25	03:00:00	155.268	155.413	155.245	155.373	2605	0	2
2024.04.25	04:00:00	155.375	155.448	155.352	155.394	1988	0	2
2024.04.25	05:00:00	155.396	155.442	155.364	155.434	1882	0	2
2024.04.25	06:00:00	155.434	155.515	155.413	155.461	2089	0	2
2024.04.25	07:00:00	155.460	155.623	155.449	155.586	1882	0	2
2024.04.25	08:00:00	155.587	155.739	155.586	155.657	2703	0	2
2024.04.25	09:00:00	155.657	155.689	155.602	155.663	3199	0	2
2024.04.25	10:00:00	155.663	155.689	155.560	155.626	3425	0	2
2024.04.25	11:00:00	155.627	155.692	155.612	155.670	2735	0	2
2024.04.25	12:00:00	155.671	155.693	155.631	155.634	2116	0	2
2024.04.25	13:00:00	155.635	155.641	155.514	155.543	2591	0	2
2024.04.25	14:00:00	155.543	155.578	155.493	155.557	2313	0	2
2024.04.25	15:00:00	155.556	155.747	155.304	155.675	6981	0	2
2024.04.25	16:00:00	155.675	155.683	155.351	155.646	9304	0	2
2024.04.25	17:00:00	155.649	155.683	155.505	155.566	5821	0	2
2024.04.25	18:00:00	155.567	155.586	155.500	155.521	3292	0	2
2024.04.25	19:00:00	155.521	155.610	155.496	155.510	2789	0	2
2024.04.25	20:00:00	155.510	155.611	155.472	155.563	3875	0	2
2024.04.25	21:00:00	155.564	155.639	155.530	155.599	3367	0	2
2024.04.25	22:00:00	155.601	155.635	155.557	155.630	2581	0	2
2024.04.25	23:00:00	155.631	155.653	155.608	155.640	1098	0	2
2024.04.26	00:00:00	155.614	155.618	155.517	155.581	1069	0	13
2024.04.26	01:00:00	155.579	155.609	155.546	155.569	615	0	2
2024.04.26	02:00:00	155.569	155.640	155.548	155.620	1472	0	2
2024.04.26	03:00:00	155.620	155.647	155.570	155.634	2501	0	2
2024.04.26	04:00:00	155.633	155.658	155.555	155.592	1763	0	2
2024.04.26	05:00:00	155.589	155.631	155.535	155.561	1668	0	2
2024.04.26	06:00:00	155.561	156.141	155.409	155.941	5001	0	2
2024.04.26	07:00:00	155.941	156.213	155.941	156.198	2383	0	2
2024.04.26	08:00:00	156.198	156.213	156.086	156.102	1695	0	2
2024.04.26	09:00:00	156.102	156.462	155.908	156.378	4892	0	2
2024.04.26	10:00:00	156.376	156.819	156.371	156.699	6305	0	2
2024.04.26	11:00:00	156.701	156.708	154.962	156.544	9142	0	2
2024.04.26	12:00:00	156.557	156.692	156.460	156.687	4069	0	2
2024.04.26	13:00:00	156.688	156.840	156.630	156.817	2691	0	2
2024.04.26	14:00:00	156.817	156.865	156.268	156.817	3908	0	2
2024.04.26	15:00:00	156.817	156.950	156.609	156.831	7144	0	2
2024.04.26	16:00:00	156.831	156.933	156.771	156.930	5960	0	2
2024.04.26	17:00:00	156.930	157.310	156.839	157.266	7293	0	2
2024.04.26	18:00:00	157.264	157.673	157.204	157.617	6792	0	2
2024.04.26	19:00:00	157.618	157.792	157.585	157.647	4531	0	2
2024.04.26	20:00:00	157.648	157.790	157.576	157.705	2971	0	2
2024.04.26	21:00:00	157.705	157.773	157.698	157.723	2453	0	2
2024.04.26	22:00:00	157.724	157.896	157.704	157.888	2754	0	2
2024.04.26	23:00:00	157.888	158.441	157.856	158.293	3017	0	2
2024.04.29	00:00:00	157.847	157.957	157.788	157.899	480	0	6
2024.04.29	01:00:00	157.899	158.431	157.893	158.219	4350	0	4
2024.04.29	02:00:00	158.219	158.335	158.190	158.200	2565	0	2
2024.04.29	03:00:00	158.200	158.299	158.048	158.192	3442	0	2
2024.04.29	04:00:00	158.193	160.213	158.190	159.164	7148	0	2
2024.04.29	05:00:00	159.165	159.477	159.085	159.367	5650	0	4
2024.04.29	06:00:00	159.367	159.456	159.301	159.396	2959	0	2
2024.04.29	07:00:00	159.397	159.591	155.198	156.306	14998	0	2
2024.04.29	08:00:00	156.306	156.936	155.042	156.796	11382	0	2
2024.04.29	09:00:00	156.796	157.232	156.665	157.031	7191	0	4
2024.04.29	10:00:00	157.017	157.180	154.521	155.557	13861	0	2
2024.04.29	11:00:00	155.561	155.939	155.052	155.869	7607	0	2
2024.04.29	12:00:00	155.871	155.952	155.448	155.734	6319	0	2
2024.04.29	13:00:00	155.733	155.948	155.463	155.880	4682	0	2
2024.04.29	14:00:00	155.881	156.381	155.832	156.224	5042	0	2
2024.04.29	15:00:00	156.224	156.504	156.086	156.413	5784	0	2
2024.04.29	16:00:00	156.413	156.725	156.239	156.708	5953	0	2
2024.04.29	17:00:00	156.708	156.890	156.662	156.677	5614	0	2
2024.04.29	18:00:00	156.678	156.743	156.574	156.712	3963	0	2
2024.04.29	19:00:00	156.712	156.732	155.094	155.855	6268	0	2
2024.04.29	20:00:00	155.850	156.168	155.752	156.097	4692	0	4
2024.04.29	21:00:00	156.098	156.098	155.572	155.811	5557	0	3
2024.04.29	22:00:00	155.810	156.094	155.810	156.038	3559	0	2
2024.04.29	23:00:00	156.036	156.362	156.013	156.344	2188	0	2
2024.04.30	00:00:00	156.270	156.303	156.156	156.288	320	0	6
2024.04.30	01:00:00	156.288	156.303	156.055	156.262	2589	0	2
2024.04.30	02:00:00	156.262	156.384	156.170	156.330	2344	0	2
2024.04.30	03:00:00	156.330	156.836	156.169	156.811	4986	0	2
2024.04.30	04:00:00	156.810	156.997	156.566	156.852	4346	0	2
2024.04.30	05:00:00	156.852	156.889	156.682	156.718	2902	0	2
2024.04.30	06:00:00	156.718	156.869	156.706	156.735	2632	0	2
2024.04.30	07:00:00	156.735	156.838	156.728	156.756	2411	0	2
2024.04.30	08:00:00	156.755	156.827	156.700	156.822	3351	0	2
2024.04.30	09:00:00	156.823	156.891	156.712	156.825	4993	0	2
2024.04.30	10:00:00	156.826	156.947	156.474	156.865	4519	0	2
2024.04.30	11:00:00	156.866	156.973	156.818	156.931	3848	0	2
2024.04.30	12:00:00	156.931	156.956	156.874	156.924	3309	0	2
2024.04.30	13:00:00	156.924	156.952	156.821	156.919	2883	0	2
2024.04.30	14:00:00	156.919	156.955	156.897	156.954	1887	0	2
2024.04.30	15:00:00	156.955	157.490	156.839	157.452	7854	0	2
2024.04.30	16:00:00	157.451	157.539	157.314	157.422	6519	0	2
2024.04.30	17:00:00	157.423	157.461	157.245	157.335	6511	0	2
2024.04.30	18:00:00	157.335	157.574	157.312	157.545	4183	0	2
2024.04.30	19:00:00	157.545	157.574	157.433	157.460	2588	0	2
2024.04.30	20:00:00	157.460	157.645	157.442	157.567	1888	0	2
2024.04.30	21:00:00	157.566	157.731	157.546	157.695	1988	0	2
2024.04.30	22:00:00	157.696	157.760	157.672	157.707	2085	0	2
2024.04.30	23:00:00	157.708	157.844	157.707	157.809	1226	0	2
2024.05.01	00:00:00	157.654	157.721	157.617	157.707	570	0	16
2024.05.01	01:00:00	157.707	157.813	157.643	157.699	2575	0	2
2024.05.01	02:00:00	157.699	157.745	157.679	157.740	2773	0	2
2024.05.01	03:00:00	157.740	157.858	157.686	157.746	4314	0	2
2024.05.01	04:00:00	157.742	157.844	157.729	157.802	2880	0	2
2024.05.01	05:00:00	157.803	157.892	157.793	157.881	1537	0	2
2024.05.01	06:00:00	157.887	157.929	157.840	157.917	1352	0	2
2024.05.01	07:00:00	157.916	157.924	157.815	157.856	1820	0	2
2024.05.01	08:00:00	157.855	157.918	157.821	157.915	1743	0	2
2024.05.01	09:00:00	157.915	157.976	157.850	157.968	2375	0	2
2024.05.01	10:00:00	157.968	157.985	157.865	157.878	2054	0	2
2024.05.01	11:00:00	157.882	157.978	157.862	157.950	1629	0	2
2024.05.01	12:00:00	157.950	157.968	157.898	157.915	1601	0	2
2024.05.01	13:00:00	157.914	157.925	157.856	157.906	1483	0	2
2024.05.01	14:00:00	157.906	157.909	157.863	157.874	1691	0	2
2024.05.01	15:00:00	157.874	157.920	157.762	157.779	3537	0	2
2024.05.01	16:00:00	157.780	157.813	157.508	157.599	3689	0	2
2024.05.01	17:00:00	157.587	157.713	157.381	157.661	5701	0	2
2024.05.01	18:00:00	157.660	157.733	157.586	157.644	3466	0	2
2024.05.01	19:00:00	157.646	157.663	157.597	157.615	2092	0	2
2024.05.01	20:00:00	157.616	157.667	157.560	157.634	1864	0	2
2024.05.01	21:00:00	157.644	157.745	156.998	157.114	11370	0	4
2024.05.01	22:00:00	157.115	157.486	157.103	157.475	7573	0	3
2024.05.01	23:00:00	157.477	157.586	152.997	154.398	11847	0	2
2024.05.02	00:00:00	154.707	155.326	154.174	154.270	2781	0	14
2024.05.02	01:00:00	154.261	155.435	154.254	155.433	5717	0	4
2024.05.02	02:00:00	155.433	155.753	155.199	155.722	5618	0	4
2024.05.02	03:00:00	155.723	156.081	155.652	156.014	6050	0	3
2024.05.02	04:00:00	156.014	156.285	155.921	156.077	4351	0	2
2024.05.02	05:00:00	156.077	156.143	155.700	155.821	4658	0	2
2024.05.02	06:00:00	155.821	156.097	155.780	155.941	3513	0	2
2024.05.02	07:00:00	155.941	156.073	155.700	155.826	4153	0	2
2024.05.02	08:00:00	155.826	155.889	155.604	155.694	4104	0	2
2024.05.02	09:00:00	155.694	155.704	155.158	155.436	7532	0	4
2024.05.02	10:00:00	155.436	155.522	155.199	155.498	6294	0	2
2024.05.02	11:00:00	155.495	155.552	155.098	155.143	5188	0	2
2024.05.02	12:00:00	155.142	155.310	155.017	155.262	4573	0	2
2024.05.02	13:00:00	155.261	155.351	155.084	155.090	4169	0	2
2024.05.02	14:00:00	155.090	155.168	154.667	154.738	4918	0	2
2024.05.02	15:00:00	154.739	154.861	154.399	154.517	7126	0	2
2024.05.02	16:00:00	154.517	154.783	154.343	154.403	7887	0	2
2024.05.02	17:00:00	154.399	154.541	154.042	154.067	8300	0	2
2024.05.02	18:00:00	154.067	154.148	153.469	153.784	7894	0	2
2024.05.02	19:00:00	153.784	153.924	153.495	153.764	5752	0	2
2024.05.02	20:00:00	153.766	153.809	153.237	153.378	4674	0	2
2024.05.02	21:00:00	153.378	153.413	153.057	153.060	4470	0	2
2024.05.02	22:00:00	153.055	153.325	153.055	153.185	3146	0	2
2024.05.02	23:00:00	153.188	153.819	153.184	153.690	2995	0	2
2024.05.03	00:00:00	153.622	153.761	153.599	153.700	492	0	6
2024.05.03	01:00:00	153.700	153.700	153.207	153.271	2736	0	2
2024.05.03	02:00:00	153.271	153.295	152.871	153.133	4748	0	2
2024.05.03	03:00:00	153.130	153.444	152.932	153.145	5142	0	2
2024.05.03	04:00:00	153.145	153.229	152.750	152.837	4923	0	2
2024.05.03	05:00:00	152.840	153.062	152.758	153.033	3378	0	2
2024.05.03	06:00:00	153.033	153.142	152.934	153.003	2134	0	2
2024.05.03	07:00:00	153.004	153.078	152.804	152.912	2274	0	2
2024.05.03	08:00:00	152.910	153.060	152.845	152.993	2358	0	2
2024.05.03	09:00:00	152.993	153.310	152.907	153.280	5220	0	2
2024.05.03	10:00:00	153.281	153.302	153.148	153.295	5014	0	2
2024.05.03	11:00:00	153.297	153.334	153.148	153.198	4914	0	2
2024.05.03	12:00:00	153.194	153.199	152.949	153.049	3689	0	2
2024.05.03	13:00:00	153.050	153.127	153.037	153.097	3339	0	2
2024.05.03	14:00:00	153.095	153.234	153.089	153.201	4007	0	2
2024.05.03	15:00:00	153.196	153.303	151.858	152.198	9322	0	2
2024.05.03	16:00:00	152.198	152.624	152.170	152.514	10577	0	4
2024.05.03	17:00:00	152.511	153.071	152.154	152.891	9500	0	2
2024.05.03	18:00:00	152.890	152.954	152.736	152.858	5133	0	2
2024.05.03	19:00:00	152.855	152.903	152.748	152.872	3402	0	2
2024.05.03	20:00:00	152.872	152.958	152.840	152.900	2110	0	2
2024.05.03	21:00:00	152.898	152.981	152.893	152.933	2387	0	2
2024.05.03	22:00:00	152.932	152.959	152.839	152.885	2007	0	2
2024.05.03	23:00:00	152.884	152.932	152.847	152.864	1331	0	2
2024.05.06	00:00:00	152.941	152.955	152.770	152.816	332	0	6
2024.05.06	01:00:00	152.816	153.249	152.816	153.233	1778	0	2
2024.05.06	02:00:00	153.233	153.704	153.118	153.655	2541	0	2
2024.05.06	03:00:00	153.657	153.752	153.318	153.419	4120	0	2
2024.05.06	04:00:00	153.412	153.646	153.338	153.567	3644	0	2
2024.05.06	05:00:00	153.565	153.811	153.550	153.759	3110	0	2
2024.05.06	06:00:00	153.758	153.973	153.741	153.921	2989	0	2
2024.05.06	07:00:00	153.923	154.005	153.846	153.930	2844	0	2
2024.05.06	08:00:00	153.930	153.976	153.871	153.925	3146	0	2
2024.05.06	09:00:00	153.919	153.947	153.681	153.686	3828	0	2
2024.05.06	10:00:00	153.687	153.823	153.655	153.800	3783	0	2
2024.05.06	11:00:00	153.802	153.878	153.680	153.730	2914	0	2
2024.05.06	12:00:00	153.728	153.844	153.706	153.778	2130	0	2
2024.05.06	13:00:00	153.778	153.824	153.680	153.809	2515	0	2
2024.05.06	14:00:00	153.809	153.817	153.741	153.750	2114	0	2
2024.05.06	15:00:00	153.750	153.789	153.408	153.517	4215	0	2
2024.05.06	16:00:00	153.517	153.805	153.496	153.789	4629	0	2
2024.05.06	17:00:00	153.789	153.963	153.676	153.923	4393	0	2
2024.05.06	18:00:00	153.927	154.002	153.846	153.852	3212	0	2
2024.05.06	19:00:00	153.852	153.966	153.836	153.904	3031	0	2
2024.05.06	20:00:00	153.904	153.934	153.815	153.904	2788	0	2
2024.05.06	21:00:00	153.905	153.963	153.869	153.908	2768	0	2
2024.05.06	22:00:00	153.911	153.964	153.883	153.935	2710	0	2
2024.05.06	23:00:00	153.935	153.949	153.881	153.883	854	0	2
2024.05.07	00:00:00	153.869	153.902	153.851	153.883	239	0	16
2024.05.07	01:00:00	153.883	153.961	153.857	153.956	939	0	2
2024.05.07	02:00:00	153.956	154.283	153.954	154.243	2492	0	2
2024.05.07	03:00:00	154.242	154.287	153.877	153.938	4860	0	2
2024.05.07	04:00:00	153.943	154.432	153.869	154.356	4757	0	2
2024.05.07	05:00:00	154.356	154.587	154.345	154.548	2778	0	2
2024.05.07	06:00:00	154.548	154.576	154.461	154.552	1880	0	2
2024.05.07	07:00:00	154.551	154.648	154.421	154.474	2584	0	2
2024.05.07	08:00:00	154.474	154.551	154.382	154.538	2406	0	2
2024.05.07	09:00:00	154.539	154.575	154.320	154.349	3505	0	2
2024.05.07	10:00:00	154.348	154.439	154.079	154.113	4706	0	2
2024.05.07	11:00:00	154.117	154.433	153.974	154.399	4492	0	2
2024.05.07	12:00:00	154.399	154.611	154.390	154.557	3267	0	2
2024.05.07	13:00:00	154.557	154.628	154.472	154.476	2548	0	2
2024.05.07	14:00:00	154.476	154.560	154.381	154.525	3095	0	2
2024.05.07	15:00:00	154.523	154.628	154.392	154.410	3470	0	2
2024.05.07	16:00:00	154.409	154.490	154.247	154.402	4462	0	2
2024.05.07	17:00:00	154.401	154.467	154.236	154.421	4189	0	4
2024.05.07	18:00:00	154.422	154.594	154.363	154.591	3418	0	2
2024.05.07	19:00:00	154.592	154.592	154.482	154.501	2713	0	2
2024.05.07	20:00:00	154.501	154.672	154.457	154.649	2976	0	2
2024.05.07	21:00:00	154.649	154.746	154.649	154.743	2231	0	2
2024.05.07	22:00:00	154.743	154.743	154.630	154.640	2773	0	2
2024.05.07	23:00:00	154.639	154.707	154.639	154.683	1146	0	2
2024.05.08	00:00:00	154.641	154.667	154.532	154.602	1434	0	17
2024.05.08	01:00:00	154.607	154.747	154.607	154.744	807	0	2
2024.05.08	02:00:00	154.744	154.844	154.731	154.774	1661	0	2
2024.05.08	03:00:00	154.775	154.926	154.690	154.893	3611	0	2
2024.05.08	04:00:00	154.893	155.187	154.882	155.137	3989	0	2
2024.05.08	05:00:00	155.140	155.265	155.095	155.167	3475	0	2
2024.05.08	06:00:00	155.167	155.219	155.072	155.163	2296	0	2
2024.05.08	07:00:00	155.162	155.205	155.083	155.175	2123	0	2
2024.05.08	08:00:00	155.174	155.259	155.157	155.173	2462	0	2
2024.05.08	09:00:00	155.173	155.278	155.115	155.262	3606	0	2
2024.05.08	10:00:00	155.262	155.358	155.201	155.328	3945	0	2
2024.05.08	11:00:00	155.329	155.454	155.207	155.431	4320	0	3
2024.05.08	12:00:00	155.432	155.511	155.280	155.392	4251	0	2
2024.05.08	13:00:00	155.392	155.430	155.335	155.380	2805	0	2
2024.05.08	14:00:00	155.381	155.518	155.354	155.490	3037	0	3
2024.05.08	15:00:00	155.490	155.681	155.488	155.609	3714	0	3
2024.05.08	16:00:00	155.609	155.654	155.501	155.639	3935	0	2
2024.05.08	17:00:00	155.639	155.646	155.505	155.590	4276	0	2
2024.05.08	18:00:00	155.590	155.622	155.356	155.427	4206	0	2
2024.05.08	19:00:00	155.427	155.564	155.423	155.548	2824	0	2
2024.05.08	20:00:00	155.548	155.605	155.512	155.548	2814	0	2
2024.05.08	21:00:00	155.548	155.624	155.547	155.613	1955	0	2
2024.05.08	22:00:00	155.612	155.660	155.605	155.633	1520	0	2
2024.05.08	23:00:00	155.634	155.647	155.593	155.605	1096	0	2
2024.05.09	00:00:00	155.466	155.536	155.441	155.512	934	0	16
2024.05.09	01:00:00	155.512	155.596	155.484	155.591	1235	0	2
2024.05.09	02:00:00	155.591	155.600	155.342	155.375	2229	0	2
2024.05.09	03:00:00	155.375	155.699	155.157	155.627	5614	0	3
2024.05.09	04:00:00	155.628	155.669	155.432	155.576	3482	0	2
2024.05.09	05:00:00	155.581	155.618	155.538	155.598	2042	0	2
2024.05.09	06:00:00	155.597	155.619	155.511	155.552	1916	0	2
2024.05.09	07:00:00	155.553	155.605	155.538	155.573	2354	0	2
2024.05.09	08:00:00	155.571	155.654	155.540	155.624	2220	0	2
2024.05.09	09:00:00	155.624	155.824	155.620	155.757	2883	0	2
2024.05.09	10:00:00	155.756	155.849	155.712	155.837	3344	0	2
2024.05.09	11:00:00	155.837	155.876	155.797	155.846	2837	0	3
2024.05.09	12:00:00	155.847	155.953	155.841	155.911	2443	0	2
2024.05.09	13:00:00	155.912	155.944	155.881	155.917	2256	0	2
2024.05.09	14:00:00	155.917	155.948	155.821	155.879	3736	0	4
2024.05.09	15:00:00	155.879	155.916	155.517	155.703	5847	0	3
2024.05.09	16:00:00	155.702	155.797	155.569	155.646	5599	0	4
2024.05.09	17:00:00	155.647	155.663	155.431	155.559	5113	0	2
2024.05.09	18:00:00	155.558	155.729	155.504	155.682	3412	0	3
2024.05.09	19:00:00	155.682	155.709	155.596	155.630	2726	0	2
2024.05.09	20:00:00	155.631	155.635	155.509	155.553	2486	0	2
2024.05.09	21:00:00	155.553	155.570	155.425	155.446	1777	0	2
2024.05.09	22:00:00	155.445	155.501	155.409	155.433	1947	0	2
2024.05.09	23:00:00	155.433	155.484	155.401	155.468	1079	0	2
2024.05.10	00:00:00	155.479	155.499	155.444	155.470	622	0	16
2024.05.10	01:00:00	155.470	155.479	155.302	155.358	1532	0	2
2024.05.10	02:00:00	155.358	155.405	155.265	155.397	1760	0	2
2024.05.10	03:00:00	155.396	155.604	155.360	155.533	4299	0	2
2024.05.10	04:00:00	155.532	155.690	155.459	155.685	3644	0	2
2024.05.10	05:00:00	155.686	155.774	155.662	155.758	2843	0	2
2024.05.10	06:00:00	155.757	155.757	155.686	155.730	2165	0	2
2024.05.10	07:00:00	155.730	155.736	155.656	155.673	2230	0	2
2024.05.10	08:00:00	155.672	155.682	155.572	155.625	2900	0	2
2024.05.10	09:00:00	155.625	155.711	155.499	155.673	4365	0	3
2024.05.10	10:00:00	155.673	155.782	155.651	155.688	3909	0	2
2024.05.10	11:00:00	155.687	155.735	155.621	155.718	3828	0	2
2024.05.10	12:00:00	155.717	155.747	155.664	155.715	3262	0	2
2024.05.10	13:00:00	155.715	155.765	155.694	155.745	2656	0	2
2024.05.10	14:00:00	155.744	155.776	155.682	155.741	2695	0	3
2024.05.10	15:00:00	155.742	155.873	155.710	155.826	3755	0	2
2024.05.10	16:00:00	155.825	155.853	155.602	155.632	5580	0	2
2024.05.10	17:00:00	155.635	155.902	155.635	155.872	6292	0	3
2024.05.10	18:00:00	155.872	155.896	155.825	155.855	4597	0	3
2024.05.10	19:00:00	155.855	155.893	155.771	155.829	3272	0	2
2024.05.10	20:00:00	155.828	155.844	155.750	155.842	2373	0	2
2024.05.10	21:00:00	155.842	155.887	155.836	155.849	1960	0	2
2024.05.10	22:00:00	155.848	155.848	155.764	155.776	1349	0	2
2024.05.10	23:00:00	155.775	155.805	155.738	155.794	1069	0	2
2024.05.13	00:00:00	155.693	155.730	155.653	155.694	146	0	8
2024.05.13	01:00:00	155.694	155.783	155.686	155.779	980	0	2
2024.05.13	02:00:00	155.779	155.835	155.756	155.831	1160	0	2
2024.05.13	03:00:00	155.832	155.958	155.816	155.928	2395	0	2
2024.05.13	04:00:00	155.929	155.953	155.506	155.835	3960	0	2
2024.05.13	05:00:00	155.835	155.894	155.694	155.744	1915	0	2
2024.05.13	06:00:00	155.745	155.814	155.713	155.759	2299	0	2
2024.05.13	07:00:00	155.761	155.806	155.752	155.802	1498	0	2
2024.05.13	08:00:00	155.803	155.867	155.766	155.849	1488	0	2
2024.05.13	09:00:00	155.840	155.926	155.774	155.844	3865	0	2
2024.05.13	10:00:00	155.845	155.895	155.777	155.883	4090	0	2
2024.05.13	11:00:00	155.886	155.916	155.824	155.872	3197	0	2
2024.05.13	12:00:00	155.873	155.892	155.833	155.890	2510	0	2
2024.05.13	13:00:00	155.891	155.896	155.836	155.877	2776	0	2
2024.05.13	14:00:00	155.876	155.893	155.842	155.879	2714	0	2
2024.05.13	15:00:00	155.880	155.880	155.714	155.756	3544	0	2
2024.05.13	16:00:00	155.756	155.864	155.683	155.840	4169	0	2
2024.05.13	17:00:00	155.840	155.933	155.836	155.918	3957	0	2
2024.05.13	18:00:00	155.917	156.222	155.868	156.177	4961	0	2
2024.05.13	19:00:00	156.176	156.224	156.118	156.219	3360	0	2
2024.05.13	20:00:00	156.217	156.250	156.205	156.226	2027	0	2
2024.05.13	21:00:00	156.226	156.237	156.167	156.200	2103	0	2
2024.05.13	22:00:00	156.201	156.232	156.182	156.212	1909	0	2
2024.05.13	23:00:00	156.212	156.242	156.199	156.204	1101	0	2
2024.05.14	00:00:00	156.150	156.226	156.127	156.195	1089	0	6
2024.05.14	01:00:00	156.195	156.240	156.177	156.225	783	0	2
2024.05.14	02:00:00	156.225	156.240	156.182	156.231	1629	0	2
2024.05.14	03:00:00	156.230	156.396	156.225	156.294	4030	0	2
2024.05.14	04:00:00	156.295	156.458	156.294	156.423	3413	0	2
2024.05.14	05:00:00	156.423	156.497	156.420	156.445	1773	0	2
2024.05.14	06:00:00	156.444	156.450	156.378	156.412	1623	0	2
2024.05.14	07:00:00	156.414	156.435	156.374	156.408	1458	0	2
2024.05.14	08:00:00	156.408	156.446	156.393	156.419	1765	0	2
2024.05.14	09:00:00	156.419	156.543	156.409	156.450	3842	0	2
2024.05.14	10:00:00	156.453	156.505	156.423	156.462	2797	0	2
2024.05.14	11:00:00	156.461	156.490	156.408	156.455	2918	0	2
2024.05.14	12:00:00	156.456	156.469	156.285	156.352	2612	0	2
2024.05.14	13:00:00	156.351	156.434	156.346	156.429	1944	0	2
2024.05.14	14:00:00	156.429	156.462	156.405	156.449	1575	0	2
2024.05.14	15:00:00	156.448	156.779	156.404	156.581	5955	0	2
2024.05.14	16:00:00	156.581	156.654	156.229	156.349	7095	0	2
2024.05.14	17:00:00	156.349	156.518	156.280	156.392	4097	0	2
2024.05.14	18:00:00	156.393	156.511	156.375	156.504	3251	0	2
2024.05.14	19:00:00	156.504	156.542	156.452	156.482	2504	0	2
2024.05.14	20:00:00	156.483	156.516	156.424	156.504	1382	0	2
2024.05.14	21:00:00	156.504	156.507	156.381	156.434	1697	0	2
2024.05.14	22:00:00	156.433	156.472	156.408	156.462	1589	0	2
2024.05.14	23:00:00	156.462	156.466	156.436	156.442	922	0	2
2024.05.15	00:00:00	156.396	156.440	156.396	156.414	460	0	9
2024.05.15	01:00:00	156.414	156.480	156.392	156.436	651	0	2
2024.05.15	02:00:00	156.436	156.523	156.425	156.522	1049	0	2
2024.05.15	03:00:00	156.522	156.559	156.383	156.388	2919	0	2
2024.05.15	04:00:00	156.384	156.447	156.307	156.387	2557	0	2
2024.05.15	05:00:00	156.388	156.476	156.386	156.460	1677	0	2
2024.05.15	06:00:00	156.461	156.464	156.382	156.395	1577	0	2
2024.05.15	07:00:00	156.395	156.397	156.341	156.359	1331	0	2
2024.05.15	08:00:00	156.359	156.364	156.173	156.236	2509	0	2
2024.05.15	09:00:00	156.236	156.390	156.226	156.254	3389	0	2
2024.05.15	10:00:00	156.254	156.284	155.958	156.099	4111	0	2
2024.05.15	11:00:00	156.098	156.121	155.570	155.649	4964	0	2
2024.05.15	12:00:00	155.648	155.846	155.602	155.829	3500	0	2
2024.05.15	13:00:00	155.826	155.880	155.700	155.737	2660	0	2
2024.05.15	14:00:00	155.737	155.757	155.572	155.676	3521	0	2
2024.05.15	15:00:00	155.676	155.686	154.750	155.119	9522	0	2
2024.05.15	16:00:00	155.120	155.804	155.028	155.741	9053	0	2
2024.05.15	17:00:00	155.744	155.766	155.292	155.313	6974	0	2
2024.05.15	18:00:00	155.313	155.348	154.740	155.026	6749	0	2
2024.05.15	19:00:00	155.026	155.127	154.832	154.979	4719	0	2
2024.05.15	20:00:00	154.980	155.003	154.691	154.745	3996	0	2
2024.05.15	21:00:00	154.745	155.022	154.730	154.906	3438	0	2
2024.05.15	22:00:00	154.907	155.019	154.863	154.966	2662	0	2
2024.05.15	23:00:00	154.968	154.968	154.821	154.881	1450	0	2
2024.05.16	00:00:00	154.844	154.844	154.757	154.795	550	0	9
2024.05.16	01:00:00	154.798	154.812	154.504	154.561	2294	0	2
2024.05.16	02:00:00	154.561	154.676	154.154	154.299	4337	0	2
2024.05.16	03:00:00	154.299	154.534	153.596	153.660	7581	0	2
2024.05.16	04:00:00	153.660	154.122	153.629	154.096	6820	0	2
2024.05.16	05:00:00	154.096	154.312	153.827	154.004	5904	0	2
2024.05.16	06:00:00	154.004	154.082	153.893	153.971	3541	0	2
2024.05.16	07:00:00	153.972	154.049	153.803	153.933	2928	0	2
2024.05.16	08:00:00	153.933	154.194	153.849	154.175	3227	0	2
2024.05.16	09:00:00	154.175	154.381	154.110	154.361	5412	0	2
2024.05.16	10:00:00	154.357	154.452	154.277	154.414	5685	0	2
2024.05.16	11:00:00	154.416	154.810	154.334	154.711	5549	0	2
2024.05.16	12:00:00	154.711	154.784	154.635	154.674	3588	0	2
2024.05.16	13:00:00	154.674	154.739	154.608	154.672	2883	0	2
2024.05.16	14:00:00	154.672	154.943	154.655	154.876	3814	0	2
2024.05.16	15:00:00	154.876	155.335	154.612	155.310	7212	0	2
2024.05.16	16:00:00	155.310	155.532	155.264	155.463	6648	0	2
2024.05.16	17:00:00	155.464	155.489	155.230	155.301	5502	0	2
2024.05.16	18:00:00	155.302	155.327	155.161	155.255	3999	0	2
2024.05.16	19:00:00	155.255	155.354	155.237	155.265	3216	0	2
2024.05.16	20:00:00	155.266	155.298	155.212	155.250	2469	0	2
2024.05.16	21:00:00	155.251	155.331	155.235	155.326	2110	0	2
2024.05.16	22:00:00	155.327	155.423	155.313	155.416	2092	0	2
2024.05.16	23:00:00	155.414	155.430	155.392	155.394	806	0	2
2024.05.17	00:00:00	155.368	155.378	155.328	155.342	1360	0	18
2024.05.17	01:00:00	155.342	155.429	155.322	155.384	933	0	2
2024.05.17	02:00:00	155.385	155.455	155.346	155.399	1932	0	2
2024.05.17	03:00:00	155.400	155.587	155.346	155.446	3888	0	2
2024.05.17	04:00:00	155.447	155.866	155.419	155.820	4981	0	2
2024.05.17	05:00:00	155.819	155.926	155.779	155.873	2539	0	2
2024.05.17	06:00:00	155.877	155.900	155.776	155.789	2223	0	2
2024.05.17	07:00:00	155.790	155.853	155.735	155.808	2054	0	2
2024.05.17	08:00:00	155.805	155.848	155.715	155.797	1822	0	2
2024.05.17	09:00:00	155.800	155.801	155.593	155.643	3889	0	2
2024.05.17	10:00:00	155.645	155.835	155.622	155.821	3230	0	2
2024.05.17	11:00:00	155.823	155.979	155.816	155.865	3063	0	2
2024.05.17	12:00:00	155.867	155.905	155.776	155.834	1962	0	2
2024.05.17	13:00:00	155.834	155.905	155.803	155.837	2078	0	2
2024.05.17	14:00:00	155.837	155.918	155.823	155.856	1981	0	2
2024.05.17	15:00:00	155.856	155.892	155.708	155.787	3440	0	2
2024.05.17	16:00:00	155.788	155.798	155.682	155.741	3839	0	2
2024.05.17	17:00:00	155.740	155.747	155.341	155.404	4954	0	2
2024.05.17	18:00:00	155.404	155.578	155.245	155.576	4964	0	2
2024.05.17	19:00:00	155.576	155.635	155.463	155.623	2776	0	2
2024.05.17	20:00:00	155.623	155.688	155.585	155.666	2660	0	2
2024.05.17	21:00:00	155.664	155.683	155.606	155.673	1996	0	2
2024.05.17	22:00:00	155.675	155.692	155.619	155.671	1853	0	2
2024.05.17	23:00:00	155.670	155.717	155.648	155.705	1162	0	2
2024.05.20	00:00:00	155.610	155.697	155.523	155.660	268	0	6
2024.05.20	01:00:00	155.660	155.724	155.560	155.700	1082	0	2
2024.05.20	02:00:00	155.700	155.822	155.688	155.765	1702	0	2
2024.05.20	03:00:00	155.766	155.880	155.733	155.873	3233	0	2
2024.05.20	04:00:00	155.874	155.937	155.802	155.866	2870	0	2
2024.05.20	05:00:00	155.866	155.893	155.778	155.815	1788	0	2
2024.05.20	06:00:00	155.815	155.836	155.679	155.724	2168	0	2
2024.05.20	07:00:00	155.724	155.786	155.664	155.763	1946	0	2
2024.05.20	08:00:00	155.766	155.800	155.640	155.704	2160	0	2
2024.05.20	09:00:00	155.704	155.783	155.662	155.742	3754	0	2
2024.05.20	10:00:00	155.742	155.761	155.494	155.731	3865	0	2
2024.05.20	11:00:00	155.732	155.786	155.652	155.683	2825	0	2
2024.05.20	12:00:00	155.682	155.711	155.636	155.711	2191	0	2
2024.05.20	13:00:00	155.716	155.729	155.658	155.703	1735	0	2
2024.05.20	14:00:00	155.703	155.759	155.698	155.746	2134	0	2
2024.05.20	15:00:00	155.746	156.228	155.733	156.153	6113	0	2
2024.05.20	16:00:00	156.155	156.187	156.044	156.082	4383	0	2
2024.05.20	17:00:00	156.083	156.183	155.994	156.065	4117	0	2
2024.05.20	18:00:00	156.064	156.157	156.057	156.096	3592	0	2
2024.05.20	19:00:00	156.096	156.116	156.070	156.106	1972	0	3
2024.05.20	20:00:00	156.105	156.178	156.047	156.175	1970	0	2
2024.05.20	21:00:00	156.175	156.269	156.167	156.267	2084	0	2
2024.05.20	22:00:00	156.268	156.300	156.247	156.290	1631	0	2
2024.05.20	23:00:00	156.291	156.299	156.265	156.265	893	0	2
2024.05.21	00:00:00	156.146	156.226	156.132	156.220	209	0	8
2024.05.21	01:00:00	156.220	156.289	156.210	156.266	748	0	2
2024.05.21	02:00:00	156.266	156.402	156.263	156.401	2061	0	2
2024.05.21	03:00:00	156.401	156.465	156.343	156.427	3179	0	2
2024.05.21	04:00:00	156.428	156.494	156.417	156.479	2782	0	2
2024.05.21	05:00:00	156.480	156.497	156.395	156.435	2478	0	2
2024.05.21	06:00:00	156.433	156.493	156.407	156.479	2007	0	2
2024.05.21	07:00:00	156.478	156.549	156.408	156.450	2131	0	2
2024.05.21	08:00:00	156.450	156.469	156.297	156.379	2160	0	2
2024.05.21	09:00:00	156.379	156.380	156.103	156.248	5343	0	2
2024.05.21	10:00:00	156.247	156.277	156.031	156.233	4472	0	2
2024.05.21	11:00:00	156.232	156.297	156.135	156.258	3352	0	2
2024.05.21	12:00:00	156.258	156.276	156.082	156.117	2878	0	2
2024.05.21	13:00:00	156.117	156.249	156.100	156.218	2512	0	2
2024.05.21	14:00:00	156.218	156.321	156.210	156.227	2797	0	2
2024.05.21	15:00:00	156.228	156.393	156.190	156.243	5022	0	2
2024.05.21	16:00:00	156.243	156.432	155.955	156.049	7883	0	2
2024.05.21	17:00:00	156.047	156.148	155.843	155.947	5780	0	2
2024.05.21	18:00:00	155.947	156.147	155.945	156.084	3436	0	2
2024.05.21	19:00:00	156.082	156.187	156.072	156.120	2540	0	2
2024.05.21	20:00:00	156.120	156.252	156.105	156.219	2282	0	2
2024.05.21	21:00:00	156.218	156.249	156.176	156.215	2021	0	2
2024.05.21	22:00:00	156.216	156.251	156.135	156.168	2158	0	2
2024.05.21	23:00:00	156.170	156.215	156.169	156.194	919	0	2
2024.05.22	00:00:00	156.126	156.163	156.099	156.148	190	0	16
2024.05.22	01:00:00	156.148	156.185	156.134	156.184	860	0	2
2024.05.22	02:00:00	156.183	156.287	156.174	156.270	1470	0	2
2024.05.22	03:00:00	156.270	156.288	156.142	156.269	3512	0	2
2024.05.22	04:00:00	156.271	156.349	156.249	156.257	2612	0	2
2024.05.22	05:00:00	156.257	156.306	156.208	156.300	2254	0	2
2024.05.22	06:00:00	156.300	156.322	156.277	156.313	1788	0	2
2024.05.22	07:00:00	156.313	156.387	156.294	156.353	1713	0	2
2024.05.22	08:00:00	156.352	156.385	156.284	156.297	1793	0	2
2024.05.22	09:00:00	156.298	156.471	156.282	156.377	3519	0	2
2024.05.22	10:00:00	156.377	156.460	156.375	156.399	2874	0	2
2024.05.22	11:00:00	156.400	156.508	156.385	156.477	3018	0	2
2024.05.22	12:00:00	156.477	156.517	156.412	156.439	3500	0	2
2024.05.22	13:00:00	156.440	156.470	156.393	156.423	1852	0	2
2024.05.22	14:00:00	156.423	156.613	156.412	156.586	3542	0	2
2024.05.22	15:00:00	156.586	156.603	156.511	156.547	3770	0	2
2024.05.22	16:00:00	156.546	156.550	156.346	156.437	4607	0	2
2024.05.22	17:00:00	156.436	156.546	156.379	156.522	5126	0	2
2024.05.22	18:00:00	156.522	156.558	156.467	156.501	4153	0	2
2024.05.22	19:00:00	156.501	156.520	156.459	156.489	2891	0	2
2024.05.22	20:00:00	156.488	156.546	156.446	156.484	2578	0	2
2024.05.22	21:00:00	156.488	156.637	156.488	156.633	4075	0	2
2024.05.22	22:00:00	156.633	156.724	156.630	156.705	2388	0	2
2024.05.22	23:00:00	156.704	156.806	156.704	156.805	1248	0	2
2024.05.23	00:00:00	156.755	156.758	156.664	156.665	891	0	8
2024.05.23	01:00:00	156.665	156.789	156.665	156.743	1697	0	2
2024.05.23	02:00:00	156.743	156.763	156.658	156.734	1833	0	2
2024.05.23	03:00:00	156.735	156.831	156.686	156.799	3060	0	2
2024.05.23	04:00:00	156.800	156.900	156.737	156.743	3478	0	2
2024.05.23	05:00:00	156.744	156.798	156.645	156.734	2130	0	2
2024.05.23	06:00:00	156.736	156.787	156.720	156.758	1545	0	2
2024.05.23	07:00:00	156.760	156.789	156.690	156.719	1550	0	2
2024.05.23	08:00:00	156.720	156.751	156.668	156.723	1804	0	2
2024.05.23	09:00:00	156.723	156.745	156.575	156.647	4045	0	2
2024.05.23	10:00:00	156.647	156.779	156.560	156.760	4216	0	2
2024.05.23	11:00:00	156.760	156.793	156.709	156.758	3402	0	2
2024.05.23	12:00:00	156.758	156.784	156.644	156.666	2967	0	2
2024.05.23	13:00:00	156.666	156.727	156.635	156.710	2165	0	2
2024.05.23	14:00:00	156.710	156.724	156.556	156.586	2434	0	2
2024.05.23	15:00:00	156.585	156.758	156.529	156.752	5193	0	2
2024.05.23	16:00:00	156.751	157.137	156.678	157.090	6580	0	2
2024.05.23	17:00:00	157.090	157.195	156.541	156.994	9279	0	2
2024.05.23	18:00:00	156.993	157.142	156.981	157.055	4617	0	2
2024.05.23	19:00:00	157.055	157.072	156.961	157.047	3364	0	2
2024.05.23	20:00:00	157.048	157.065	156.935	156.942	3428	0	2
2024.05.23	21:00:00	156.942	156.964	156.827	156.896	3947	0	2
2024.05.23	22:00:00	156.897	156.936	156.859	156.870	2203	0	2
2024.05.23	23:00:00	156.878	156.977	156.857	156.947	1021	0	2
2024.05.24	00:00:00	156.903	157.000	156.889	156.952	1354	0	8
2024.05.24	01:00:00	156.952	157.012	156.939	157.007	1483	0	2
2024.05.24	02:00:00	157.007	157.010	156.921	156.991	2003	0	2
2024.05.24	03:00:00	156.992	157.137	156.923	157.035	4159	0	2
2024.05.24	04:00:00	157.034	157.106	156.994	157.097	3161	0	2
2024.05.24	05:00:00	157.097	157.145	157.063	157.064	2119	0	2
2024.05.24	06:00:00	157.065	157.095	157.044	157.054	1378	0	2
2024.05.24	07:00:00	157.053	157.095	157.017	157.081	1573	0	2
2024.05.24	08:00:00	157.080	157.116	157.044	157.077	1855	0	2
2024.05.24	09:00:00	157.077	157.092	156.997	157.038	3259	0	2
2024.05.24	10:00:00	157.037	157.069	157.019	157.054	2414	0	2
2024.05.24	11:00:00	157.055	157.088	157.002	157.024	2434	0	2
2024.05.24	12:00:00	157.025	157.033	156.968	157.018	2280	0	2
2024.05.24	13:00:00	157.019	157.033	156.934	156.978	1953	0	2
2024.05.24	14:00:00	156.978	157.046	156.958	157.031	2069	0	2
2024.05.24	15:00:00	157.030	157.128	157.006	157.075	4353	0	2
2024.05.24	16:00:00	157.077	157.129	157.030	157.043	4241	0	2
2024.05.24	17:00:00	157.033	157.062	156.916	156.987	4646	0	2
2024.05.24	18:00:00	156.987	156.991	156.848	156.902	3485	0	2
2024.05.24	19:00:00	156.902	156.936	156.822	156.914	2712	0	2
2024.05.24	20:00:00	156.915	156.967	156.879	156.955	2238	0	2
2024.05.24	21:00:00	156.954	156.990	156.910	156.977	1690	0	2
2024.05.24	22:00:00	156.977	156.993	156.928	156.930	1257	0	2
2024.05.24	23:00:00	156.929	156.969	156.904	156.968	955	0	2
2024.05.27	00:00:00	156.912	156.976	156.838	156.873	431	0	68
2024.05.27	01:00:00	156.938	156.945	156.790	156.858	1325	0	2
2024.05.27	02:00:00	156.858	156.916	156.824	156.867	1678	0	2
2024.05.27	03:00:00	156.867	156.924	156.750	156.830	3032	0	2
2024.05.27	04:00:00	156.831	156.847	156.678	156.806	3550	0	2
2024.05.27	05:00:00	156.806	156.806	156.687	156.725	1683	0	2
2024.05.27	06:00:00	156.726	156.768	156.662	156.702	2054	0	2
2024.05.27	07:00:00	156.702	156.778	156.689	156.770	1465	0	2
2024.05.27	08:00:00	156.770	156.797	156.724	156.761	1611	0	2
2024.05.27	09:00:00	156.761	156.843	156.749	156.820	2745	0	2
2024.05.27	10:00:00	156.819	156.959	156.819	156.909	1905	0	2
2024.05.27	11:00:00	156.908	156.946	156.864	156.946	1492	0	2
2024.05.27	12:00:00	156.946	156.949	156.875	156.890	1391	0	2
2024.05.27	13:00:00	156.891	156.891	156.844	156.860	1711	0	2
2024.05.27	14:00:00	156.860	156.891	156.820	156.879	1746	0	2
2024.05.27	15:00:00	156.877	156.891	156.818	156.822	2687	0	2
2024.05.27	16:00:00	156.821	156.832	156.757	156.816	2394	0	2
2024.05.27	17:00:00	156.816	156.830	156.720	156.720	1447	0	2
2024.05.27	18:00:00	156.721	156.872	156.704	156.865	1500	0	2
2024.05.27	19:00:00	156.865	156.912	156.859	156.899	1034	0	2
2024.05.27	20:00:00	156.899	156.914	156.866	156.869	449	0	2
2024.05.27	21:00:00	156.869	156.877	156.845	156.870	1440	0	2
2024.05.27	22:00:00	156.869	156.881	156.844	156.881	480	0	2
2024.05.27	23:00:00	156.881	156.921	156.871	156.919	1035	0	2
2024.05.28	00:00:00	156.854	156.888	156.844	156.871	809	0	19
2024.05.28	01:00:00	156.871	156.951	156.845	156.919	519	0	2
2024.05.28	02:00:00	156.919	156.944	156.832	156.837	764	0	2
2024.05.28	03:00:00	156.837	156.899	156.777	156.895	3490	0	2
2024.05.28	04:00:00	156.894	156.925	156.735	156.778	2760	0	2
2024.05.28	05:00:00	156.779	156.793	156.687	156.753	2254	0	2
2024.05.28	06:00:00	156.751	156.769	156.622	156.657	2195	0	2
2024.05.28	07:00:00	156.655	156.715	156.619	156.686	1689	0	2
2024.05.28	08:00:00	156.685	156.868	156.655	156.835	2356	0	2
2024.05.28	09:00:00	156.835	156.892	156.787	156.883	3094	0	2
2024.05.28	10:00:00	156.882	156.920	156.843	156.891	3178	0	2
2024.05.28	11:00:00	156.889	156.954	156.854	156.869	2937	0	2
2024.05.28	12:00:00	156.869	156.992	156.868	156.942	2793	0	2
2024.05.28	13:00:00	156.941	156.948	156.819	156.863	2251	0	2
2024.05.28	14:00:00	156.863	156.886	156.772	156.800	2612	0	2
2024.05.28	15:00:00	156.799	156.799	156.653	156.677	4583	0	2
2024.05.28	16:00:00	156.677	156.845	156.578	156.818	5296	0	2
2024.05.28	17:00:00	156.820	156.959	156.818	156.864	5057	0	2
2024.05.28	18:00:00	156.864	156.955	156.829	156.905	3259	0	2
2024.05.28	19:00:00	156.905	156.998	156.872	156.967	2082	0	3
2024.05.28	20:00:00	156.966	157.123	156.965	157.095	3503	0	2
2024.05.28	21:00:00	157.097	157.153	157.085	157.151	2936	0	2
2024.05.28	22:00:00	157.151	157.154	157.106	157.136	2195	0	2
2024.05.28	23:00:00	157.136	157.197	157.128	157.188	672	0	3
2024.05.29	00:00:00	157.119	157.165	157.114	157.132	568	0	6
2024.05.29	01:00:00	157.132	157.265	157.120	157.214	1089	0	4
2024.05.29	02:00:00	157.213	157.284	157.211	157.270	1590	0	3
2024.05.29	03:00:00	157.269	157.407	157.260	157.374	3407	0	3
2024.05.29	04:00:00	157.374	157.386	157.221	157.245	3248	0	3
2024.05.29	05:00:00	157.246	157.305	157.204	157.289	2290	0	3
2024.05.29	06:00:00	157.287	157.332	157.265	157.312	1866	0	4
2024.05.29	07:00:00	157.313	157.345	157.227	157.253	1415	0	3
2024.05.29	08:00:00	157.253	157.269	157.199	157.220	1809	0	3
2024.05.29	09:00:00	157.220	157.230	156.894	157.094	4980	0	3
2024.05.29	10:00:00	157.095	157.153	157.018	157.149	3832	0	3
2024.05.29	11:00:00	157.147	157.183	157.064	157.097	4261	0	3
2024.05.29	12:00:00	157.097	157.174	157.093	157.157	2818	0	3
2024.05.29	13:00:00	157.156	157.280	157.156	157.232	2764	0	3
2024.05.29	14:00:00	157.232	157.292	157.195	157.268	2927	0	3
2024.05.29	15:00:00	157.267	157.289	157.155	157.194	4325	0	5
2024.05.29	16:00:00	157.194	157.387	157.163	157.340	4708	0	2
2024.05.29	17:00:00	157.340	157.496	157.307	157.493	4598	0	2
2024.05.29	18:00:00	157.494	157.639	157.433	157.626	4656	0	4
2024.05.29	19:00:00	157.627	157.705	157.613	157.681	3089	0	2
2024.05.29	20:00:00	157.682	157.706	157.623	157.635	3038	0	3
2024.05.29	21:00:00	157.634	157.680	157.622	157.665	1995	0	3
2024.05.29	22:00:00	157.667	157.699	157.641	157.685	1974	0	2
2024.05.29	23:00:00	157.686	157.700	157.666	157.682	789	0	2
2024.05.30	00:00:00	157.595	157.621	157.551	157.590	512	0	6
2024.05.30	01:00:00	157.590	157.671	157.573	157.639	734	0	4
2024.05.30	02:00:00	157.638	157.664	157.592	157.625	1737	0	3
2024.05.30	03:00:00	157.625	157.625	157.302	157.364	4759	0	2
2024.05.30	04:00:00	157.363	157.454	157.347	157.442	4059	0	3
2024.05.30	05:00:00	157.452	157.454	157.307	157.339	2137	0	3
2024.05.30	06:00:00	157.339	157.427	157.260	157.375	2615	0	3
2024.05.30	07:00:00	157.376	157.379	157.122	157.183	3237	0	4
2024.05.30	08:00:00	157.190	157.229	156.900	156.964	4929	0	3
2024.05.30	09:00:00	156.963	156.967	156.701	156.739	6154	0	3
2024.05.30	10:00:00	156.739	157.006	156.534	156.966	6231	0	3
2024.05.30	11:00:00	156.967	157.112	156.905	156.944	5225	0	3
2024.05.30	12:00:00	156.944	156.978	156.844	156.916	3936	0	3
2024.05.30	13:00:00	156.918	157.086	156.913	156.922	3143	0	3
2024.05.30	14:00:00	156.922	156.922	156.677	156.727	3969	0	4
2024.05.30	15:00:00	156.728	156.853	156.565	156.645	7079	0	4
2024.05.30	16:00:00	156.646	156.764	156.370	156.728	7900	0	4
2024.05.30	17:00:00	156.703	156.842	156.526	156.589	6333	0	3
2024.05.30	18:00:00	156.590	156.704	156.579	156.639	4801	0	3
2024.05.30	19:00:00	156.639	156.730	156.634	156.695	2651	0	3
2024.05.30	20:00:00	156.695	156.751	156.663	156.746	2125	0	3
2024.05.30	21:00:00	156.747	156.829	156.747	156.822	2176	0	2
2024.05.30	22:00:00	156.822	156.854	156.796	156.840	2559	0	2
2024.05.30	23:00:00	156.841	156.878	156.804	156.808	895	0	2
2024.05.31	00:00:00	156.780	156.791	156.747	156.774	823	0	12
2024.05.31	01:00:00	156.787	156.851	156.735	156.801	1216	0	4
2024.05.31	02:00:00	156.800	156.992	156.785	156.989	2023	0	3
2024.05.31	03:00:00	156.989	157.023	156.601	156.738	5336	0	3
2024.05.31	04:00:00	156.738	156.922	156.636	156.675	5255	0	3
2024.05.31	05:00:00	156.676	156.826	156.570	156.810	3987	0	3
2024.05.31	06:00:00	156.811	156.873	156.721	156.802	3664	0	3
2024.05.31	07:00:00	156.803	156.849	156.671	156.701	2671	0	3
2024.05.31	08:00:00	156.702	156.831	156.691	156.800	3272	0	3
2024.05.31	09:00:00	156.799	156.959	156.784	156.928	4382	0	3
2024.05.31	10:00:00	156.929	157.150	156.926	157.141	4735	0	3
2024.05.31	11:00:00	157.141	157.331	157.061	157.298	4747	0	3
2024.05.31	12:00:00	157.299	157.352	157.241	157.329	3870	0	3
2024.05.31	13:00:00	157.329	157.362	157.210	157.237	3306	0	2
2024.05.31	14:00:00	157.238	157.238	157.123	157.165	3009	0	4
2024.05.31	15:00:00	157.167	157.189	156.748	156.856	7462	0	5
2024.05.31	16:00:00	156.858	156.952	156.678	156.693	6836	0	2
2024.05.31	17:00:00	156.693	157.161	156.558	157.158	7804	0	4
2024.05.31	18:00:00	157.156	157.277	157.077	157.189	6699	0	4
2024.05.31	19:00:00	157.188	157.243	157.147	157.178	3597	0	3
2024.05.31	20:00:00	157.179	157.245	157.179	157.216	2597	0	2
2024.05.31	21:00:00	157.217	157.270	157.171	157.264	2649	0	3
2024.05.31	22:00:00	157.264	157.346	157.223	157.264	3272	0	2
2024.05.31	23:00:00	157.264	157.340	157.231	157.261	1862	0	2
2024.06.03	00:00:00	157.158	157.263	157.145	157.171	1404	0	81
2024.06.03	01:00:00	157.171	157.335	157.171	157.288	1741	0	3
2024.06.03	02:00:00	157.288	157.299	157.126	157.181	1838	0	3
2024.06.03	03:00:00	157.183	157.306	157.047	157.086	4430	0	3
2024.06.03	04:00:00	157.087	157.148	156.991	157.060	3636	0	3
2024.06.03	05:00:00	157.061	157.250	157.052	157.232	3068	0	3
2024.06.03	06:00:00	157.231	157.469	157.205	157.421	2869	0	3
2024.06.03	07:00:00	157.420	157.445	157.372	157.411	2293	0	3
2024.06.03	08:00:00	157.412	157.457	157.362	157.410	2432	0	4
2024.06.03	09:00:00	157.410	157.413	157.238	157.252	3998	0	3
2024.06.03	10:00:00	157.252	157.291	157.110	157.135	4231	0	3
2024.06.03	11:00:00	157.136	157.139	157.002	157.056	4913	0	2
2024.06.03	12:00:00	157.055	157.146	157.027	157.069	3758	0	3
2024.06.03	13:00:00	157.069	157.073	156.736	156.739	3995	0	3
2024.06.03	14:00:00	156.739	156.881	156.635	156.856	5227	0	4
2024.06.03	15:00:00	156.858	156.938	156.686	156.779	5195	0	4
2024.06.03	16:00:00	156.779	156.836	156.636	156.648	5634	0	3
2024.06.03	17:00:00	156.649	156.649	156.127	156.196	9906	0	5
2024.06.03	18:00:00	156.199	156.239	155.947	156.036	6318	0	3
2024.06.03	19:00:00	156.036	156.163	156.014	156.067	4289	0	2
2024.06.03	20:00:00	156.066	156.183	156.036	156.181	3300	0	3
2024.06.03	21:00:00	156.182	156.268	156.175	156.218	4138	0	2
2024.06.03	22:00:00	156.218	156.285	156.202	156.235	2438	0	3
2024.06.03	23:00:00	156.235	156.251	156.045	156.065	1363	0	2
2024.06.04	00:00:00	156.038	156.104	156.026	156.102	791	0	19
2024.06.04	01:00:00	156.102	156.156	156.059	156.152	1176	0	3
2024.06.04	02:00:00	156.153	156.238	155.988	156.090	2139	0	3
2024.06.04	03:00:00	156.089	156.404	155.981	156.386	5305	0	4
2024.06.04	04:00:00	156.386	156.484	156.311	156.461	3746	0	3
2024.06.04	05:00:00	156.461	156.462	156.320	156.372	3505	0	3
2024.06.04	06:00:00	156.371	156.424	156.307	156.385	2411	0	3
2024.06.04	07:00:00	156.386	156.417	156.248	156.296	1696	0	3
2024.06.04	08:00:00	156.296	156.303	156.090	156.193	2869	0	3
2024.06.04	09:00:00	156.193	156.205	155.802	155.948	6624	0	3
2024.06.04	10:00:00	155.949	155.958	155.363	155.387	7794	0	3
2024.06.04	11:00:00	155.388	155.471	155.210	155.301	7338	0	3
2024.06.04	12:00:00	155.301	155.372	155.033	155.148	7610	0	3
2024.06.04	13:00:00	155.149	155.192	154.704	154.931	7264	0	3
2024.06.04	14:00:00	154.930	155.229	154.849	154.859	6184	0	3
2024.06.04	15:00:00	154.864	155.139	154.721	155.121	8500	0	5
2024.06.04	16:00:00	155.120	155.203	154.803	154.884	8907	0	2
2024.06.04	17:00:00	154.884	155.248	154.549	154.881	10511	0	4
2024.06.04	18:00:00	154.878	155.023	154.758	154.872	6797	0	4
2024.06.04	19:00:00	154.872	154.872	154.743	154.781	5072	0	5
2024.06.04	20:00:00	154.780	154.824	154.548	154.600	4385	0	2
2024.06.04	21:00:00	154.600	154.747	154.596	154.708	3793	0	4
2024.06.04	22:00:00	154.709	154.786	154.702	154.771	2554	0	4
2024.06.04	23:00:00	154.772	154.903	154.768	154.878	1023	0	4
2024.06.05	00:00:00	154.826	154.880	154.770	154.802	1064	0	20
2024.06.05	01:00:00	154.802	154.865	154.775	154.854	735	0	4
2024.06.05	02:00:00	154.854	155.177	154.820	155.114	2072	0	3
2024.06.05	03:00:00	155.112	155.424	155.093	155.222	6835	0	3
2024.06.05	04:00:00	155.223	155.392	155.216	155.361	5255	0	3
2024.06.05	05:00:00	155.362	155.482	155.361	155.478	3125	0	3
2024.06.05	06:00:00	155.479	155.592	155.358	155.486	3432	0	3
2024.06.05	07:00:00	155.486	155.613	155.444	155.582	2900	0	3
2024.06.05	08:00:00	155.581	155.707	155.536	155.644	4302	0	3
2024.06.05	09:00:00	155.644	155.920	155.615	155.895	5010	0	2
2024.06.05	10:00:00	155.894	156.186	155.858	156.140	6465	0	2
2024.06.05	11:00:00	156.140	156.298	156.077	156.246	5291	0	2
2024.06.05	12:00:00	156.246	156.302	156.025	156.040	5375	0	2
2024.06.05	13:00:00	156.041	156.166	155.955	156.070	3693	0	2
2024.06.05	14:00:00	156.070	156.210	156.022	156.142	3583	0	2
2024.06.05	15:00:00	156.142	156.196	155.938	156.093	7076	0	5
2024.06.05	16:00:00	156.092	156.173	155.720	155.792	8107	0	4
2024.06.05	17:00:00	155.934	156.481	155.934	156.314	10337	0	2
2024.06.05	18:00:00	156.313	156.313	156.077	156.210	6798	0	5
2024.06.05	19:00:00	156.210	156.242	156.099	156.121	5023	0	2
2024.06.05	20:00:00	156.120	156.149	156.068	156.104	3486	0	2
2024.06.05	21:00:00	156.104	156.157	156.070	156.094	3039	0	2
2024.06.05	22:00:00	156.095	156.130	156.067	156.088	2143	0	2
2024.06.05	23:00:00	156.087	156.158	156.085	156.129	1449	0	2
2024.06.06	00:00:00	156.046	156.046	155.984	156.026	197	0	7
2024.06.06	01:00:00	156.026	156.111	155.854	155.884	1700	0	3
2024.06.06	02:00:00	155.884	156.017	155.798	155.912	3008	0	4
2024.06.06	03:00:00	155.910	155.925	155.592	155.650	4880	0	3
2024.06.06	04:00:00	155.650	155.724	155.351	155.644	6243	0	3
2024.06.06	05:00:00	155.645	155.702	155.425	155.648	4320	0	3
2024.06.06	06:00:00	155.649	155.687	155.528	155.568	3230	0	3
2024.06.06	07:00:00	155.568	155.944	155.563	155.730	3907	0	4
2024.06.06	08:00:00	155.731	155.958	155.707	155.906	4290	0	3
2024.06.06	09:00:00	155.906	156.178	155.810	156.061	6103	0	2
2024.06.06	10:00:00	156.061	156.306	156.026	156.278	4544	0	2
2024.06.06	11:00:00	156.279	156.376	156.116	156.159	4490	0	2
2024.06.06	12:00:00	156.160	156.207	155.909	155.968	3749	0	2
2024.06.06	13:00:00	155.967	156.100	155.890	156.034	3930	0	2
2024.06.06	14:00:00	156.034	156.232	156.026	156.192	3343	0	4
2024.06.06	15:00:00	156.192	156.342	155.898	156.281	7817	0	4
2024.06.06	16:00:00	156.281	156.441	155.903	156.134	8443	0	3
2024.06.06	17:00:00	156.135	156.344	155.997	156.024	6753	0	3
2024.06.06	18:00:00	156.026	156.090	155.929	155.980	5744	0	3
2024.06.06	19:00:00	155.980	156.064	155.770	155.797	4757	0	2
2024.06.06	20:00:00	155.797	155.869	155.710	155.760	3744	0	2
2024.06.06	21:00:00	155.761	155.786	155.650	155.674	3031	0	2
2024.06.06	22:00:00	155.673	155.738	155.472	155.609	4468	0	2
2024.06.06	23:00:00	155.610	155.659	155.565	155.652	1719	0	2
2024.06.07	00:00:00	155.572	155.709	155.528	155.600	1014	0	6
2024.06.07	01:00:00	155.600	155.618	155.552	155.617	774	0	3
2024.06.07	02:00:00	155.617	155.715	155.577	155.676	2026	0	3
2024.06.07	03:00:00	155.675	155.848	155.576	155.771	4831	0	3
2024.06.07	04:00:00	155.771	155.934	155.657	155.680	5110	0	3
2024.06.07	05:00:00	155.680	155.845	155.670	155.810	3513	0	3
2024.06.07	06:00:00	155.810	155.822	155.735	155.752	2233	0	3
2024.06.07	07:00:00	155.752	155.759	155.493	155.577	3138	0	3
2024.06.07	08:00:00	155.576	155.698	155.440	155.512	3641	0	3
2024.06.07	09:00:00	155.513	155.534	155.127	155.360	6738	0	2
2024.06.07	10:00:00	155.360	155.434	155.118	155.416	5617	0	2
2024.06.07	11:00:00	155.416	155.562	155.310	155.357	6074	0	2
2024.06.07	12:00:00	155.358	155.492	155.330	155.483	4233	0	2
2024.06.07	13:00:00	155.484	155.599	155.450	155.571	3363	0	2
2024.06.07	14:00:00	155.571	155.635	155.427	155.589	4893	0	3
2024.06.07	15:00:00	155.589	156.877	155.361	156.775	10251	0	2
2024.06.07	16:00:00	156.775	156.980	156.623	156.956	9065	0	5
2024.06.07	17:00:00	156.954	157.072	156.775	156.866	7896	0	4
2024.06.07	18:00:00	156.867	156.884	156.424	156.597	7621	0	4
2024.06.07	19:00:00	156.596	156.686	156.511	156.663	5638	0	2
2024.06.07	20:00:00	156.664	156.735	156.571	156.603	3858	0	2
2024.06.07	21:00:00	156.603	156.689	156.564	156.636	3714	0	2
2024.06.07	22:00:00	156.635	156.760	156.615	156.743	3042	0	2
2024.06.07	23:00:00	156.745	156.763	156.673	156.755	1664	0	2
2024.06.10	00:00:00	156.696	156.804	156.610	156.704	1488	0	81
2024.06.10	01:00:00	156.704	156.943	156.704	156.902	2174	0	3
2024.06.10	02:00:00	156.902	156.912	156.802	156.823	2789	0	3
2024.06.10	03:00:00	156.823	156.966	156.719	156.838	5255	0	3
2024.06.10	04:00:00	156.838	156.979	156.770	156.904	4494	0	3
2024.06.10	05:00:00	156.903	156.994	156.886	156.980	3464	0	3
2024.06.10	06:00:00	156.981	157.193	156.971	157.151	3954	0	3
2024.06.10	07:00:00	157.151	157.178	157.021	157.124	3946	0	3
2024.06.10	08:00:00	157.123	157.172	157.024	157.068	3489	0	3
2024.06.10	09:00:00	157.068	157.183	157.005	157.104	5415	0	2
2024.06.10	10:00:00	157.105	157.105	156.929	157.001	5959	0	2
2024.06.10	11:00:00	157.002	157.039	156.876	156.959	5272	0	2
2024.06.10	12:00:00	156.959	156.969	156.783	156.898	5137	0	2
2024.06.10	13:00:00	156.895	156.911	156.742	156.827	4868	0	2
2024.06.10	14:00:00	156.827	156.965	156.814	156.879	3939	0	3
2024.06.10	15:00:00	156.880	157.007	156.797	156.976	5506	0	3
2024.06.10	16:00:00	156.976	156.997	156.814	156.897	5083	0	4
2024.06.10	17:00:00	156.897	156.945	156.830	156.904	3887	0	2
2024.06.10	18:00:00	156.904	156.972	156.885	156.937	3288	0	3
2024.06.10	19:00:00	156.937	157.000	156.910	156.994	3306	0	2
2024.06.10	20:00:00	156.993	157.062	156.953	157.003	3795	0	2
2024.06.10	21:00:00	157.002	157.092	156.983	157.079	2954	0	2
2024.06.10	22:00:00	157.078	157.095	157.007	157.012	2337	0	2
2024.06.10	23:00:00	157.012	157.058	156.992	157.031	1040	0	2
2024.06.11	00:00:00	156.993	157.039	156.917	157.002	769	0	15
2024.06.11	01:00:00	157.002	157.038	156.958	157.033	1792	0	4
2024.06.11	02:00:00	157.033	157.072	157.018	157.044	1838	0	3
2024.06.11	03:00:00	157.043	157.263	157.032	157.214	4952	0	3
2024.06.11	04:00:00	157.213	157.237	157.127	157.221	4127	0	3
2024.06.11	05:00:00	157.222	157.287	157.185	157.287	3388	0	3
2024.06.11	06:00:00	157.288	157.332	157.195	157.219	3308	0	3
2024.06.11	07:00:00	157.219	157.290	157.201	157.265	2868	0	3
2024.06.11	08:00:00	157.265	157.301	157.157	157.279	3040	0	3
2024.06.11	09:00:00	157.278	157.326	157.209	157.277	3998	0	2
2024.06.11	10:00:00	157.278	157.365	157.248	157.341	4524	0	2
2024.06.11	11:00:00	157.339	157.393	157.194	157.217	3568	0	2
2024.06.11	12:00:00	157.218	157.290	157.142	157.246	5161	0	2
2024.06.11	13:00:00	157.245	157.247	157.085	157.095	4319	0	2
2024.06.11	14:00:00	157.095	157.177	157.049	157.099	5253	0	3
2024.06.11	15:00:00	157.099	157.110	156.804	156.890	7779	0	4
2024.06.11	16:00:00	156.890	157.162	156.890	157.137	7526	0	3
2024.06.11	17:00:00	157.139	157.335	157.103	157.318	6935	0	3
2024.06.11	18:00:00	157.317	157.385	157.251	157.324	5020	0	3
2024.06.11	19:00:00	157.324	157.402	157.297	157.381	3777	0	2
2024.06.11	20:00:00	157.381	157.381	157.100	157.118	4684	0	2
2024.06.11	21:00:00	157.119	157.129	157.014	157.015	3933	0	2
2024.06.11	22:00:00	157.016	157.087	156.933	157.086	3772	0	2
2024.06.11	23:00:00	157.086	157.148	157.071	157.123	1410	0	2
2024.06.12	00:00:00	157.078	157.129	157.048	157.110	906	0	11
2024.06.12	01:00:00	157.110	157.155	157.070	157.141	757	0	5
2024.06.12	02:00:00	157.141	157.177	157.053	157.113	1341	0	4
2024.06.12	03:00:00	157.109	157.217	157.066	157.180	4222	0	5
2024.06.12	04:00:00	157.179	157.243	157.045	157.137	3915	0	3
2024.06.12	05:00:00	157.137	157.189	157.094	157.186	2456	0	3
2024.06.12	06:00:00	157.185	157.213	157.162	157.181	2514	0	3
2024.06.12	07:00:00	157.182	157.253	157.127	157.241	1995	0	3
2024.06.12	08:00:00	157.241	157.285	157.192	157.240	2861	0	3
2024.06.12	09:00:00	157.240	157.293	157.188	157.286	4512	0	3
2024.06.12	10:00:00	157.285	157.356	157.254	157.265	4390	0	2
2024.06.12	11:00:00	157.266	157.315	157.254	157.302	3290	0	4
2024.06.12	12:00:00	157.303	157.328	157.252	157.318	2014	0	2
2024.06.12	13:00:00	157.319	157.368	157.303	157.325	2162	0	2
2024.06.12	14:00:00	157.325	157.364	157.302	157.332	2195	0	5
2024.06.12	15:00:00	157.331	157.349	156.069	156.160	5360	0	5
2024.06.12	16:00:00	156.160	156.174	155.771	155.782	6121	0	3
2024.06.12	17:00:00	155.780	156.106	155.722	155.780	5355	0	5
2024.06.12	18:00:00	155.772	155.886	155.736	155.883	3702	0	3
2024.06.12	19:00:00	155.883	155.906	155.718	155.795	2777	0	2
2024.06.12	20:00:00	155.796	155.989	155.758	155.894	2730	0	3
2024.06.12	21:00:00	155.887	156.687	155.826	156.599	7384	0	4
2024.06.12	22:00:00	156.602	156.874	156.531	156.838	4847	0	2
2024.06.12	23:00:00	156.837	156.901	156.663	156.732	1589	0	3
2024.06.13	00:00:00	156.667	156.667	156.577	156.592	124	0	20
2024.06.13	01:00:00	156.592	156.810	156.582	156.804	1100	0	5
2024.06.13	02:00:00	156.804	156.856	156.702	156.800	1827	0	3
2024.06.13	03:00:00	156.800	156.903	156.706	156.792	3373	0	3
2024.06.13	04:00:00	156.792	156.864	156.692	156.832	2467	0	3
2024.06.13	05:00:00	156.833	157.015	156.827	156.996	2784	0	2
2024.06.13	06:00:00	156.991	157.053	156.971	157.007	1960	0	3
2024.06.13	07:00:00	157.007	157.047	156.991	157.044	1920	0	3
2024.06.13	08:00:00	157.043	157.196	157.043	157.079	2397	0	4
2024.06.13	09:00:00	157.079	157.251	157.060	157.152	2867	0	3
2024.06.13	10:00:00	157.153	157.305	157.118	157.275	2979	0	2
2024.06.13	11:00:00	157.276	157.310	157.171	157.256	2559	0	3
2024.06.13	12:00:00	157.256	157.285	157.154	157.184	2342	0	2
2024.06.13	13:00:00	157.184	157.200	157.123	157.175	1719	0	2
2024.06.13	14:00:00	157.174	157.266	157.158	157.209	1882	0	4
2024.06.13	15:00:00	157.209	157.259	156.581	157.026	5031	0	5
2024.06.13	16:00:00	157.026	157.268	156.961	157.182	4936	0	5
2024.06.13	17:00:00	157.183	157.185	156.919	156.942	4367	0	5
2024.06.13	18:00:00	156.943	156.998	156.753	156.774	4239	0	2
2024.06.13	19:00:00	156.774	156.917	156.691	156.846	3634	0	2
2024.06.13	20:00:00	156.846	156.949	156.721	156.936	2947	0	2
2024.06.13	21:00:00	156.936	156.979	156.855	156.895	2384	0	2
2024.06.13	22:00:00	156.892	157.074	156.891	157.058	1859	0	2
2024.06.13	23:00:00	157.060	157.098	157.019	157.033	1068	0	2
2024.06.14	00:00:00	156.985	157.030	156.955	156.987	104	0	28
2024.06.14	01:00:00	156.987	157.082	156.974	157.082	808	0	5
2024.06.14	02:00:00	157.082	157.143	157.065	157.123	1210	0	4
2024.06.14	03:00:00	157.115	157.236	157.065	157.202	2945	0	4
2024.06.14	04:00:00	157.205	157.329	157.184	157.256	2021	0	3
2024.06.14	05:00:00	157.256	157.334	157.140	157.326	1891	0	3
2024.06.14	06:00:00	157.324	157.979	156.831	157.820	4733	0	5
2024.06.14	07:00:00	157.820	157.959	157.783	157.945	2727	0	4
2024.06.14	08:00:00	157.944	158.189	157.857	158.146	2283	0	5
2024.06.14	09:00:00	158.151	158.256	157.633	157.960	5071	0	4
2024.06.14	10:00:00	157.958	158.210	157.649	157.673	5537	0	3
2024.06.14	11:00:00	157.673	157.788	157.267	157.491	5548	0	3
2024.06.14	12:00:00	157.491	157.529	156.933	157.095	5438	0	2
2024.06.14	13:00:00	157.097	157.161	156.882	156.958	5990	0	2
2024.06.14	14:00:00	156.958	157.305	156.952	157.063	4276	0	4
2024.06.14	15:00:00	157.064	157.430	156.948	157.250	5375	0	3
2024.06.14	16:00:00	157.250	157.374	157.110	157.263	5043	0	2
2024.06.14	17:00:00	157.265	157.492	157.031	157.378	5424	0	2
2024.06.14	18:00:00	157.371	157.451	157.150	157.286	3713	0	3
2024.06.14	19:00:00	157.285	157.348	157.259	157.313	2128	0	2
2024.06.14	20:00:00	157.316	157.339	157.224	157.316	2084	0	2
2024.06.14	21:00:00	157.314	157.341	157.272	157.277	2004	0	2
2024.06.14	22:00:00	157.277	157.330	157.270	157.305	1150	0	2
2024.06.14	23:00:00	157.302	157.441	157.286	157.387	969	0	2
2024.06.17	00:00:00	157.308	157.399	157.258	157.289	341	0	87
2024.06.17	01:00:00	157.294	157.554	157.294	157.518	1306	0	5
2024.06.17	02:00:00	157.517	157.659	157.491	157.554	1904	0	5
2024.06.17	03:00:00	157.555	157.559	157.292	157.453	3469	0	3
2024.06.17	04:00:00	157.452	157.515	157.376	157.487	2088	0	3
2024.06.17	05:00:00	157.488	157.528	157.436	157.444	1917	0	3
2024.06.17	06:00:00	157.443	157.506	157.328	157.365	1472	0	3
2024.06.17	07:00:00	157.366	157.407	157.331	157.382	1566	0	2
2024.06.17	08:00:00	157.383	157.520	157.383	157.448	2088	0	3
2024.06.17	09:00:00	157.449	157.479	157.155	157.348	4158	0	2
2024.06.17	10:00:00	157.349	157.556	157.280	157.550	3301	0	3
2024.06.17	11:00:00	157.550	157.687	157.540	157.648	2851	0	2
2024.06.17	12:00:00	157.648	157.698	157.596	157.654	2446	0	3
2024.06.17	13:00:00	157.654	157.676	157.544	157.628	2328	0	3
2024.06.17	14:00:00	157.624	157.864	157.623	157.845	2662	0	4
2024.06.17	15:00:00	157.844	157.938	157.793	157.893	3459	0	3
2024.06.17	16:00:00	157.893	157.932	157.784	157.888	3207	0	2
2024.06.17	17:00:00	157.888	157.959	157.828	157.853	2838	0	2
2024.06.17	18:00:00	157.853	157.889	157.782	157.809	2812	0	3
2024.06.17	19:00:00	157.807	157.812	157.726	157.785	2036	0	2
2024.06.17	20:00:00	157.784	157.791	157.728	157.746	1807	0	2
2024.06.17	21:00:00	157.745	157.749	157.679	157.700	1620	0	2
2024.06.17	22:00:00	157.700	157.752	157.694	157.731	1649	0	2
2024.06.17	23:00:00	157.729	157.732	157.698	157.713	455	0	2
2024.06.18	00:00:00	157.643	157.738	157.643	157.729	416	0	11
2024.06.18	01:00:00	157.734	157.735	157.656	157.706	509	0	5
2024.06.18	02:00:00	157.705	157.731	157.631	157.697	968	0	4
2024.06.18	03:00:00	157.695	157.728	157.603	157.680	2470	0	4
2024.06.18	04:00:00	157.680	157.708	157.516	157.591	2342	0	3
2024.06.18	05:00:00	157.590	157.663	157.551	157.643	1904	0	3
2024.06.18	06:00:00	157.649	157.654	157.581	157.639	1417	0	3
2024.06.18	07:00:00	157.640	157.732	157.579	157.716	1494	0	4
2024.06.18	08:00:00	157.718	157.856	157.668	157.835	2016	0	4
2024.06.18	09:00:00	157.837	157.982	157.818	157.959	2897	0	2
2024.06.18	10:00:00	157.960	158.132	157.924	158.128	2941	0	2
2024.06.18	11:00:00	158.132	158.227	158.068	158.149	2923	0	3
2024.06.18	12:00:00	158.151	158.155	157.995	158.094	2634	0	2
2024.06.18	13:00:00	158.095	158.152	158.065	158.104	1888	0	2
2024.06.18	14:00:00	158.103	158.146	158.024	158.080	1870	0	3
2024.06.18	15:00:00	158.082	158.126	157.624	157.831	4377	0	5
2024.06.18	16:00:00	157.831	157.891	157.663	157.801	4232	0	5
2024.06.18	17:00:00	157.797	158.005	157.758	157.969	3791	0	3
2024.06.18	18:00:00	157.968	158.001	157.744	157.815	2873	0	2
2024.06.18	19:00:00	157.814	157.840	157.696	157.708	2208	0	2
2024.06.18	20:00:00	157.708	157.871	157.639	157.856	2399	0	2
2024.06.18	21:00:00	157.856	157.894	157.767	157.794	1767	0	2
2024.06.18	22:00:00	157.786	157.863	157.747	157.862	1611	0	2
2024.06.18	23:00:00	157.862	157.876	157.826	157.831	603	0	2
2024.06.19	00:00:00	157.846	157.846	157.815	157.819	146	0	6
2024.06.19	01:00:00	157.826	157.884	157.799	157.860	614	0	5
2024.06.19	02:00:00	157.849	157.863	157.808	157.863	812	0	4
2024.06.19	03:00:00	157.872	157.922	157.849	157.879	1689	0	4
2024.06.19	04:00:00	157.879	157.890	157.721	157.765	2060	0	3
2024.06.19	05:00:00	157.766	157.833	157.732	157.829	1445	0	2
2024.06.19	06:00:00	157.829	157.866	157.804	157.855	1037	0	3
2024.06.19	07:00:00	157.857	157.868	157.813	157.852	1145	0	4
2024.06.19	08:00:00	157.853	157.860	157.770	157.784	1570	0	3
2024.06.19	09:00:00	157.783	157.833	157.641	157.665	2145	0	2
2024.06.19	10:00:00	157.665	157.770	157.601	157.742	2627	0	2
2024.06.19	11:00:00	157.743	157.798	157.733	157.797	1637	0	2
2024.06.19	12:00:00	157.796	157.858	157.792	157.848	1373	0	2
2024.06.19	13:00:00	157.850	157.906	157.816	157.831	1739	0	2
2024.06.19	14:00:00	157.830	157.905	157.830	157.902	1481	0	4
2024.06.19	15:00:00	157.905	157.950	157.872	157.881	1801	0	2
2024.06.19	16:00:00	157.881	157.908	157.871	157.887	1630	0	2
2024.06.19	17:00:00	157.887	157.908	157.865	157.894	1265	0	2
2024.06.19	18:00:00	157.894	157.942	157.888	157.929	900	0	2
2024.06.19	19:00:00	157.929	157.943	157.892	157.931	548	0	2
2024.06.19	20:00:00	157.931	157.955	157.918	157.940	370	0	2
2024.06.19	21:00:00	157.939	158.020	157.939	158.019	395	0	2
2024.06.19	22:00:00	158.013	158.043	157.992	158.006	527	0	3
2024.06.19	23:00:00	158.006	158.124	157.999	158.076	740	0	2
2024.06.20	00:00:00	158.008	158.012	157.954	157.984	393	0	18
2024.06.20	01:00:00	157.982	158.051	157.962	158.001	710	0	5
2024.06.20	02:00:00	158.001	158.024	157.919	157.954	980	0	2
2024.06.20	03:00:00	157.954	158.088	157.954	158.030	2036	0	4
2024.06.20	04:00:00	158.029	158.117	157.976	158.051	1722	0	3
2024.06.20	05:00:00	158.052	158.096	158.047	158.077	1271	0	3
2024.06.20	06:00:00	158.077	158.136	158.061	158.081	1161	0	3
2024.06.20	07:00:00	158.079	158.155	158.079	158.145	1239	0	3
2024.06.20	08:00:00	158.145	158.191	158.076	158.095	1598	0	2
2024.06.20	09:00:00	158.100	158.186	158.064	158.121	2202	0	2
2024.06.20	10:00:00	158.121	158.279	158.052	158.271	2817	0	3
2024.06.20	11:00:00	158.272	158.465	158.270	158.435	2950	0	3
2024.06.20	12:00:00	158.437	158.461	158.367	158.452	2064	0	2
2024.06.20	13:00:00	158.451	158.468	158.387	158.417	1590	0	2
2024.06.20	14:00:00	158.417	158.444	158.368	158.430	2235	0	5
2024.06.20	15:00:00	158.430	158.547	158.246	158.545	3429	0	5
2024.06.20	16:00:00	158.538	158.725	158.495	158.706	3175	0	4
2024.06.20	17:00:00	158.706	158.745	158.632	158.725	2808	0	3
2024.06.20	18:00:00	158.726	158.779	158.667	158.772	2245	0	2
2024.06.20	19:00:00	158.772	158.912	158.748	158.858	1811	0	2
2024.06.20	20:00:00	158.856	158.905	158.819	158.884	1779	0	2
2024.06.20	21:00:00	158.883	158.893	158.694	158.797	1710	0	2
2024.06.20	22:00:00	158.797	158.909	158.797	158.905	1532	0	2
2024.06.20	23:00:00	158.902	158.934	158.868	158.924	645	0	2
2024.06.21	00:00:00	158.927	158.927	158.880	158.904	299	0	17
2024.06.21	01:00:00	158.911	158.938	158.888	158.896	721	0	4
2024.06.21	02:00:00	158.896	158.947	158.816	158.935	1549	0	4
2024.06.21	03:00:00	158.934	159.123	158.898	159.104	2194	0	3
2024.06.21	04:00:00	159.103	159.112	158.904	158.957	2626	0	4
2024.06.21	05:00:00	158.958	158.976	158.822	158.955	1689	0	3
2024.06.21	06:00:00	158.956	158.961	158.869	158.884	1445	0	4
2024.06.21	07:00:00	158.884	158.910	158.867	158.886	892	0	3
2024.06.21	08:00:00	158.884	158.963	158.813	158.947	1347	0	3
2024.06.21	09:00:00	158.948	159.000	158.910	158.963	2132	0	2
2024.06.21	10:00:00	158.962	158.998	158.666	158.772	3738	0	2
2024.06.21	11:00:00	158.771	158.855	158.673	158.827	2398	0	2
2024.06.21	12:00:00	158.827	158.906	158.779	158.901	2041	0	2
2024.06.21	13:00:00	158.895	159.016	158.884	159.002	1680	0	3
2024.06.21	14:00:00	159.002	159.015	158.897	158.897	1786	0	3
2024.06.21	15:00:00	158.897	158.997	158.849	158.926	2720	0	3
2024.06.21	16:00:00	158.926	159.209	158.907	159.148	3530	0	3
2024.06.21	17:00:00	159.152	159.595	159.132	159.574	3821	0	3
2024.06.21	18:00:00	159.574	159.623	159.395	159.448	3228	0	3
2024.06.21	19:00:00	159.449	159.502	159.409	159.478	2190	0	2
2024.06.21	20:00:00	159.477	159.595	159.449	159.578	1758	0	2
2024.06.21	21:00:00	159.576	159.601	159.522	159.538	1508	0	2
2024.06.21	22:00:00	159.538	159.607	159.525	159.606	1408	0	2
2024.06.21	23:00:00	159.605	159.819	159.567	159.814	948	0	2
2024.06.24	00:00:00	159.739	159.763	159.581	159.676	479	0	81
2024.06.24	01:00:00	159.686	159.788	159.652	159.716	1294	0	2
2024.06.24	02:00:00	159.719	159.905	159.686	159.899	1868	0	2
2024.06.24	03:00:00	159.904	159.921	159.776	159.798	2588	0	2
2024.06.24	04:00:00	159.798	159.825	159.645	159.689	2996	0	2
2024.06.24	05:00:00	159.689	159.739	159.638	159.705	1808	0	2
2024.06.24	06:00:00	159.706	159.743	159.620	159.701	1305	0	2
2024.06.24	07:00:00	159.701	159.764	159.685	159.754	1485	0	2
2024.06.24	08:00:00	159.754	159.818	159.710	159.715	1659	0	2
2024.06.24	09:00:00	159.713	159.766	159.667	159.675	2245	0	2
2024.06.24	10:00:00	159.674	159.732	159.645	159.692	2539	0	2
2024.06.24	11:00:00	159.691	159.788	159.663	159.788	2327	0	2
2024.06.24	12:00:00	159.787	159.808	159.588	159.643	2816	0	2
2024.06.24	13:00:00	159.648	159.648	158.748	159.508	4880	0	2
2024.06.24	14:00:00	159.508	159.571	159.343	159.462	2902	0	2
2024.06.24	15:00:00	159.462	159.553	159.342	159.391	3407	0	2
2024.06.24	16:00:00	159.392	159.509	159.325	159.447	4851	0	2
2024.06.24	17:00:00	159.446	159.733	159.372	159.719	4629	0	2
2024.06.24	18:00:00	159.719	159.753	159.630	159.711	3500	0	2
2024.06.24	19:00:00	159.711	159.757	159.637	159.727	2183	0	3
2024.06.24	20:00:00	159.726	159.731	159.682	159.711	2805	0	2
2024.06.24	21:00:00	159.712	159.712	159.537	159.634	2215	0	2
2024.06.24	22:00:00	159.635	159.716	159.616	159.643	3172	0	2
2024.06.24	23:00:00	159.646	159.658	159.568	159.581	1012	0	2
2024.06.25	00:00:00	159.544	159.610	159.544	159.576	266	0	17
2024.06.25	01:00:00	159.566	159.647	159.547	159.643	1513	0	2
2024.06.25	02:00:00	159.643	159.704	159.615	159.698	2037	0	2
2024.06.25	03:00:00	159.698	159.699	159.337	159.392	3974	0	2
2024.06.25	04:00:00	159.397	159.503	159.183	159.399	4834	0	3
2024.06.25	05:00:00	159.399	159.444	159.309	159.327	2812	0	2
2024.06.25	06:00:00	159.327	159.498	159.326	159.485	1877	0	2
2024.06.25	07:00:00	159.485	159.508	159.409	159.427	2062	0	2
2024.06.25	08:00:00	159.430	159.455	159.273	159.452	2622	0	2
2024.06.25	09:00:00	159.452	159.500	159.379	159.471	2869	0	2
2024.06.25	10:00:00	159.480	159.551	159.371	159.487	4036	0	2
2024.06.25	11:00:00	159.488	159.520	159.421	159.478	3346	0	2
2024.06.25	12:00:00	159.478	159.516	159.420	159.439	2454	0	2
2024.06.25	13:00:00	159.440	159.440	159.291	159.428	2966	0	2
2024.06.25	14:00:00	159.428	159.478	159.416	159.459	2668	0	2
2024.06.25	15:00:00	159.458	159.669	159.428	159.666	3578	0	2
2024.06.25	16:00:00	159.665	159.701	159.562	159.631	4206	0	2
2024.06.25	17:00:00	159.633	159.721	159.586	159.686	4589	0	2
2024.06.25	18:00:00	159.685	159.757	159.661	159.685	3167	0	2
2024.06.25	19:00:00	159.683	159.746	159.675	159.744	2657	0	2
2024.06.25	20:00:00	159.746	159.746	159.653	159.730	2442	0	2
2024.06.25	21:00:00	159.730	159.730	159.663	159.671	2251	0	2
2024.06.25	22:00:00	159.671	159.672	159.603	159.621	3044	0	2
2024.06.25	23:00:00	159.622	159.698	159.620	159.665	681	0	2
2024.06.26	00:00:00	159.662	159.672	159.615	159.645	365	0	12
2024.06.26	01:00:00	159.637	159.673	159.609	159.672	858	0	2
2024.06.26	02:00:00	159.672	159.707	159.616	159.700	2281	0	2
2024.06.26	03:00:00	159.701	159.761	159.664	159.718	3141	0	2
2024.06.26	04:00:00	159.718	159.901	159.693	159.782	2904	0	2
2024.06.26	05:00:00	159.778	159.875	159.754	159.834	2320	0	2
2024.06.26	06:00:00	159.840	159.872	159.786	159.835	1628	0	2
2024.06.26	07:00:00	159.836	159.855	159.741	159.753	1763	0	2
2024.06.26	08:00:00	159.752	159.832	159.748	159.816	1961	0	2
2024.06.26	09:00:00	159.814	159.853	159.791	159.820	2607	0	2
2024.06.26	10:00:00	159.821	159.930	159.814	159.897	3066	0	2
2024.06.26	11:00:00	159.896	159.970	159.871	159.957	2550	0	2
2024.06.26	12:00:00	159.957	160.056	159.861	159.982	3797	0	2
2024.06.26	13:00:00	159.992	160.342	159.990	160.299	5042	0	2
2024.06.26	14:00:00	160.299	160.393	160.200	160.304	5198	0	2
2024.06.26	15:00:00	160.303	160.386	160.280	160.352	4588	0	2
2024.06.26	16:00:00	160.352	160.627	160.011	160.497	7069	0	2
2024.06.26	17:00:00	160.497	160.641	160.433	160.611	5501	0	2
2024.06.26	18:00:00	160.606	160.822	160.592	160.683	3993	0	2
2024.06.26	19:00:00	160.682	160.772	160.600	160.635	3454	0	2
2024.06.26	20:00:00	160.633	160.673	160.592	160.635	2691	0	2
2024.06.26	21:00:00	160.636	160.743	160.636	160.700	2763	0	2
2024.06.26	22:00:00	160.701	160.843	160.686	160.791	1979	0	2
2024.06.26	23:00:00	160.795	160.866	160.769	160.851	1275	0	2
2024.06.27	00:00:00	160.740	160.760	160.702	160.751	244	0	15
2024.06.27	01:00:00	160.760	160.760	160.659	160.698	922	0	2
2024.06.27	02:00:00	160.697	160.703	160.587	160.627	1944	0	3
2024.06.27	03:00:00	160.628	160.705	160.493	160.690	3734	0	2
2024.06.27	04:00:00	160.693	160.716	160.390	160.494	3657	0	2
2024.06.27	05:00:00	160.499	160.503	160.378	160.456	2654	0	2
2024.06.27	06:00:00	160.456	160.487	160.394	160.429	2134	0	2
2024.06.27	07:00:00	160.429	160.431	160.303	160.336	2623	0	2
2024.06.27	08:00:00	160.335	160.464	160.308	160.399	2616	0	2
2024.06.27	09:00:00	160.400	160.495	160.320	160.418	3430	0	3
2024.06.27	10:00:00	160.418	160.563	160.390	160.548	4290	0	2
2024.06.27	11:00:00	160.549	160.606	160.506	160.553	3577	0	2
2024.06.27	12:00:00	160.553	160.568	160.475	160.486	3033	0	2
2024.06.27	13:00:00	160.487	160.494	160.392	160.437	2894	0	2
2024.06.27	14:00:00	160.437	160.551	160.416	160.551	3459	0	2
2024.06.27	15:00:00	160.551	160.552	160.281	160.399	6464	0	2
2024.06.27	16:00:00	160.399	160.545	160.359	160.522	6215	0	2
2024.06.27	17:00:00	160.521	160.669	160.418	160.594	6476	0	2
2024.06.27	18:00:00	160.593	160.726	160.565	160.699	4629	0	2
2024.06.27	19:00:00	160.699	160.735	160.679	160.709	2364	0	3
2024.06.27	20:00:00	160.708	160.728	160.664	160.726	2615	0	2
2024.06.27	21:00:00	160.725	160.815	160.708	160.764	2425	0	2
2024.06.27	22:00:00	160.763	160.823	160.752	160.819	2477	0	2
2024.06.27	23:00:00	160.816	160.819	160.756	160.763	1047	0	2
2024.06.28	00:00:00	160.737	160.751	160.712	160.733	940	0	22
2024.06.28	01:00:00	160.733	160.762	160.693	160.722	1642	0	3
2024.06.28	02:00:00	160.722	160.757	160.633	160.705	1999	0	2
2024.06.28	03:00:00	160.700	161.136	160.648	161.119	4111	0	2
2024.06.28	04:00:00	161.118	161.282	160.948	161.065	7280	0	2
2024.06.28	05:00:00	161.066	161.096	160.838	160.937	6468	0	2
2024.06.28	06:00:00	160.937	161.012	160.854	160.987	3694	0	2
2024.06.28	07:00:00	160.986	161.131	160.985	161.040	3379	0	2
2024.06.28	08:00:00	161.039	161.049	160.899	160.945	4073	0	2
2024.06.28	09:00:00	160.945	160.990	160.879	160.935	4541	0	2
2024.06.28	10:00:00	160.935	161.058	160.834	160.927	5458	0	2
2024.06.28	11:00:00	160.927	160.963	160.861	160.915	5097	0	2
2024.06.28	12:00:00	160.914	160.922	160.658	160.686	4714	0	2
2024.06.28	13:00:00	160.686	160.740	160.458	160.460	5070	0	2
2024.06.28	14:00:00	160.460	160.660	160.435	160.647	4659	0	2
2024.06.28	15:00:00	160.646	160.658	160.361	160.511	6965	0	2
2024.06.28	16:00:00	160.512	160.514	160.260	160.468	7007	0	2
2024.06.28	17:00:00	160.469	160.867	160.382	160.829	9789	0	2
2024.06.28	18:00:00	160.830	160.965	160.803	160.884	6857	0	2
2024.06.28	19:00:00	160.884	160.888	160.806	160.851	4393	0	2
2024.06.28	20:00:00	160.850	160.901	160.756	160.796	3567	0	2
2024.06.28	21:00:00	160.795	160.819	160.705	160.803	3740	0	2
2024.06.28	22:00:00	160.804	160.884	160.793	160.861	2759	0	2
2024.06.28	23:00:00	160.864	160.944	160.850	160.883	2074	0	2
2024.07.01	00:00:00	160.730	160.867	160.712	160.795	354	0	76
2024.07.01	01:00:00	160.795	160.942	160.795	160.821	2576	0	4
2024.07.01	02:00:00	160.821	160.935	160.778	160.924	2248	0	3
2024.07.01	03:00:00	160.923	161.186	160.735	160.993	6707	0	3
2024.07.01	04:00:00	160.993	161.036	160.837	160.928	6096	0	2
2024.07.01	05:00:00	160.936	160.938	160.841	160.898	3229	0	2
2024.07.01	06:00:00	160.898	161.071	160.898	161.051	2967	0	2
2024.07.01	07:00:00	161.050	161.082	160.973	161.072	2555	0	2
2024.07.01	08:00:00	161.071	161.120	160.992	161.036	3452	0	2
2024.07.01	09:00:00	161.036	161.050	160.901	160.901	5019	0	2
2024.07.01	10:00:00	160.900	161.072	160.868	161.011	4846	0	2
2024.07.01	11:00:00	161.012	161.090	160.950	161.008	3852	0	2
2024.07.01	12:00:00	161.008	161.071	160.968	161.065	3029	0	2
2024.07.01	13:00:00	161.066	161.149	161.031	161.123	3017	0	2
2024.07.01	14:00:00	161.123	161.132	161.074	161.100	2934	0	3
2024.07.01	15:00:00	161.101	161.389	161.100	161.350	4966	0	3
2024.07.01	16:00:00	161.351	161.457	161.273	161.334	6054	0	2
2024.07.01	17:00:00	161.334	161.667	160.949	161.652	8423	0	3
2024.07.01	18:00:00	161.652	161.727	161.530	161.555	5559	0	3
2024.07.01	19:00:00	161.555	161.596	161.471	161.519	3309	0	3
2024.07.01	20:00:00	161.518	161.519	161.403	161.500	3625	0	2
2024.07.01	21:00:00	161.500	161.566	161.470	161.518	3260	0	2
2024.07.01	22:00:00	161.517	161.521	161.458	161.472	2902	0	2
2024.07.01	23:00:00	161.473	161.486	161.433	161.472	1632	0	2
2024.07.02	00:00:00	161.468	161.538	161.423	161.439	473	0	19
2024.07.02	01:00:00	161.439	161.493	161.404	161.434	937	0	5
2024.07.02	02:00:00	161.434	161.516	161.415	161.511	1288	0	4
2024.07.02	03:00:00	161.512	161.636	161.503	161.520	3611	0	4
2024.07.02	04:00:00	161.521	161.664	161.457	161.636	3624	0	2
2024.07.02	05:00:00	161.637	161.638	161.533	161.616	3894	0	2
2024.07.02	06:00:00	161.618	161.679	161.615	161.661	2084	0	3
2024.07.02	07:00:00	161.660	161.743	161.595	161.677	2831	0	3
2024.07.02	08:00:00	161.677	161.724	161.626	161.703	3084	0	2
2024.07.02	09:00:00	161.703	161.722	161.586	161.674	4209	0	5
2024.07.02	10:00:00	161.672	161.718	161.596	161.656	4918	0	4
2024.07.02	11:00:00	161.656	161.693	161.556	161.589	3562	0	5
2024.07.02	12:00:00	161.588	161.667	161.559	161.665	2961	0	3
2024.07.02	13:00:00	161.664	161.683	161.602	161.609	2614	0	3
2024.07.02	14:00:00	161.609	161.671	161.585	161.624	2315	0	3
2024.07.02	15:00:00	161.624	161.624	161.481	161.513	4374	0	3
2024.07.02	16:00:00	161.514	161.552	161.268	161.362	5719	0	3
2024.07.02	17:00:00	161.362	161.619	161.331	161.436	7366	0	3
2024.07.02	18:00:00	161.437	161.559	161.407	161.534	4641	0	3
2024.07.02	19:00:00	161.534	161.604	161.530	161.576	2432	0	3
2024.07.02	20:00:00	161.577	161.586	161.508	161.522	2262	0	2
2024.07.02	21:00:00	161.522	161.529	161.450	161.488	2517	0	2
2024.07.02	22:00:00	161.488	161.494	161.420	161.456	2045	0	2
2024.07.02	23:00:00	161.455	161.470	161.413	161.415	842	0	2
2024.07.03	00:00:00	161.408	161.463	161.406	161.429	717	0	8
2024.07.03	01:00:00	161.429	161.450	161.386	161.420	1213	0	4
2024.07.03	02:00:00	161.420	161.522	161.417	161.487	2031	0	2
2024.07.03	03:00:00	161.488	161.579	161.439	161.560	3852	0	3
2024.07.03	04:00:00	161.561	161.642	161.519	161.630	2470	0	2
2024.07.03	05:00:00	161.629	161.647	161.565	161.643	2497	0	2
2024.07.03	06:00:00	161.645	161.654	161.618	161.628	1782	0	2
2024.07.03	07:00:00	161.628	161.740	161.611	161.714	2342	0	2
2024.07.03	08:00:00	161.713	161.892	161.697	161.865	3521	0	3
2024.07.03	09:00:00	161.865	161.938	161.683	161.809	3877	0	5
2024.07.03	10:00:00	161.810	161.899	161.724	161.768	4724	0	4
2024.07.03	11:00:00	161.767	161.856	161.758	161.844	3914	0	3
2024.07.03	12:00:00	161.844	161.892	161.799	161.866	2985	0	3
2024.07.03	13:00:00	161.866	161.949	161.843	161.938	3175	0	3
2024.07.03	14:00:00	161.938	161.948	161.892	161.919	3456	0	3
2024.07.03	15:00:00	161.919	161.930	161.791	161.823	5464	0	3
2024.07.03	16:00:00	161.823	161.830	161.594	161.677	6157	0	3
2024.07.03	17:00:00	161.675	161.675	160.769	161.328	12089	0	3
2024.07.03	18:00:00	161.330	161.541	161.265	161.478	7594	0	3
2024.07.03	19:00:00	161.478	161.574	161.400	161.532	3772	0	2
2024.07.03	20:00:00	161.533	161.557	161.485	161.486	1903	0	2
2024.07.03	21:00:00	161.485	161.703	161.466	161.660	2873	0	2
2024.07.03	22:00:00	161.658	161.738	161.632	161.701	1984	0	2
2024.07.03	23:00:00	161.701	161.747	161.690	161.702	1677	0	3
2024.07.04	00:00:00	161.597	161.644	161.525	161.528	619	0	22
2024.07.04	01:00:00	161.528	161.620	161.525	161.602	590	0	4
2024.07.04	02:00:00	161.602	161.670	161.572	161.585	1328	0	4
2024.07.04	03:00:00	161.585	161.598	161.369	161.438	4134	0	3
2024.07.04	04:00:00	161.438	161.465	161.135	161.368	5892	0	3
2024.07.04	05:00:00	161.369	161.448	161.316	161.444	2957	0	3
2024.07.04	06:00:00	161.445	161.560	161.382	161.529	2528	0	2
2024.07.04	07:00:00	161.529	161.571	161.464	161.495	1836	0	2
2024.07.04	08:00:00	161.495	161.553	161.446	161.479	2623	0	2
2024.07.04	09:00:00	161.478	161.481	161.336	161.348	3195	0	4
2024.07.04	10:00:00	161.349	161.455	161.264	161.281	4465	0	3
2024.07.04	11:00:00	161.281	161.324	161.190	161.243	3978	0	4
2024.07.04	12:00:00	161.243	161.309	161.241	161.253	3071	0	3
2024.07.04	13:00:00	161.252	161.262	161.051	161.058	3094	0	3
2024.07.04	14:00:00	161.058	161.101	160.944	161.001	3822	0	3
2024.07.04	15:00:00	161.001	161.181	160.948	161.134	4069	0	3
2024.07.04	16:00:00	161.133	161.193	161.090	161.157	3306	0	3
2024.07.04	17:00:00	161.157	161.185	160.958	161.057	2990	0	3
2024.07.04	18:00:00	161.058	161.166	161.052	161.141	2084	0	6
2024.07.04	19:00:00	161.141	161.169	161.112	161.128	1121	0	6
2024.07.04	20:00:00	161.127	161.155	161.108	161.154	1646	0	6
2024.07.04	21:00:00	161.154	161.254	161.153	161.244	938	0	6
2024.07.04	22:00:00	161.244	161.247	161.172	161.218	1662	0	7
2024.07.04	23:00:00	161.218	161.280	161.217	161.266	3356	0	8
2024.07.05	00:00:00	161.240	161.283	161.190	161.218	1381	0	19
2024.07.05	01:00:00	161.218	161.286	161.145	161.270	1251	0	4
2024.07.05	02:00:00	161.270	161.394	161.255	161.356	1325	0	5
2024.07.05	03:00:00	161.357	161.390	160.816	161.072	6349	0	5
2024.07.05	04:00:00	161.071	161.143	160.879	161.010	5622	0	2
2024.07.05	05:00:00	161.012	161.064	160.931	160.962	3570	0	3
2024.07.05	06:00:00	160.963	160.984	160.526	160.614	5442	0	3
2024.07.05	07:00:00	160.614	160.671	160.531	160.640	2730	0	2
2024.07.05	08:00:00	160.641	160.784	160.639	160.677	2365	0	3
2024.07.05	09:00:00	160.677	160.803	160.568	160.770	3660	0	4
2024.07.05	10:00:00	160.770	160.852	160.652	160.768	5129	0	5
2024.07.05	11:00:00	160.769	160.822	160.631	160.736	3603	0	4
2024.07.05	12:00:00	160.736	160.766	160.613	160.698	3685	0	2
2024.07.05	13:00:00	160.699	160.830	160.649	160.798	2845	0	2
2024.07.05	14:00:00	160.798	160.879	160.770	160.816	3215	0	3
2024.07.05	15:00:00	160.816	161.156	160.329	160.940	10043	0	2
2024.07.05	16:00:00	160.940	161.323	160.780	161.262	10413	0	3
2024.07.05	17:00:00	161.258	161.327	160.896	160.960	8336	0	3
2024.07.05	18:00:00	160.960	161.020	160.627	160.732	7437	0	3
2024.07.05	19:00:00	160.732	160.947	160.705	160.882	4468	0	2
2024.07.05	20:00:00	160.882	160.912	160.808	160.847	3548	0	2
2024.07.05	21:00:00	160.847	160.847	160.708	160.717	2609	0	2
2024.07.05	22:00:00	160.716	160.771	160.707	160.766	2094	0	2
2024.07.05	23:00:00	160.771	160.837	160.736	160.799	1503	0	3
2024.07.08	00:00:00	160.729	160.792	160.691	160.711	591	0	74
2024.07.08	01:00:00	160.711	160.773	160.664	160.770	1455	0	4
2024.07.08	02:00:00	160.770	160.812	160.573	160.638	3002	0	2
2024.07.08	03:00:00	160.638	160.726	160.561	160.611	5822	0	3
2024.07.08	04:00:00	160.613	160.717	160.388	160.413	5852	0	2
2024.07.08	05:00:00	160.413	160.483	160.261	160.373	5767	0	2
2024.07.08	06:00:00	160.372	160.552	160.355	160.487	3632	0	2
2024.07.08	07:00:00	160.487	160.579	160.470	160.539	2765	0	2
2024.07.08	08:00:00	160.538	160.699	160.528	160.697	3214	0	2
2024.07.08	09:00:00	160.697	160.866	160.539	160.834	5809	0	5
2024.07.08	10:00:00	160.833	160.958	160.785	160.896	5847	0	4
2024.07.08	11:00:00	160.897	161.115	160.885	161.091	3462	0	5
2024.07.08	12:00:00	161.090	161.101	161.002	161.036	3069	0	4
2024.07.08	13:00:00	161.035	161.038	160.919	160.933	3133	0	3
2024.07.08	14:00:00	160.932	161.056	160.867	161.012	2928	0	3
2024.07.08	15:00:00	161.011	161.018	160.664	160.691	5768	0	3
2024.07.08	16:00:00	160.692	160.810	160.586	160.657	6417	0	3
2024.07.08	17:00:00	160.657	160.659	160.474	160.615	5837	0	3
2024.07.08	18:00:00	160.615	160.813	160.591	160.777	5451	0	3
2024.07.08	19:00:00	160.777	160.794	160.729	160.730	3197	0	3
2024.07.08	20:00:00	160.729	160.748	160.688	160.720	2399	0	4
2024.07.08	21:00:00	160.719	160.819	160.714	160.788	2250	0	2
2024.07.08	22:00:00	160.787	160.798	160.737	160.792	2619	0	3
2024.07.08	23:00:00	160.791	160.835	160.779	160.819	786	0	2
2024.07.09	00:00:00	160.775	160.806	160.731	160.785	93	0	13
2024.07.09	01:00:00	160.785	160.815	160.782	160.784	1046	0	5
2024.07.09	02:00:00	160.784	160.872	160.732	160.859	1990	0	3
2024.07.09	03:00:00	160.859	160.917	160.762	160.891	3985	0	3
2024.07.09	04:00:00	160.891	161.021	160.855	160.979	3063	0	2
2024.07.09	05:00:00	160.979	161.130	160.956	161.004	3730	0	2
2024.07.09	06:00:00	161.003	161.101	160.906	161.050	2890	0	2
2024.07.09	07:00:00	161.051	161.060	160.906	160.962	3283	0	2
2024.07.09	08:00:00	160.964	161.007	160.900	160.901	2789	0	2
2024.07.09	09:00:00	160.902	160.934	160.794	160.826	4072	0	5
2024.07.09	10:00:00	160.825	160.943	160.738	160.923	4243	0	2
2024.07.09	11:00:00	160.922	161.076	160.887	161.051	3256	0	5
2024.07.09	12:00:00	161.052	161.077	160.971	161.046	3481	0	3
2024.07.09	13:00:00	161.046	161.053	160.957	161.017	2905	0	3
2024.07.09	14:00:00	161.017	161.178	161.017	161.121	4023	0	2
2024.07.09	15:00:00	161.121	161.163	161.030	161.128	4286	0	2
2024.07.09	16:00:00	161.128	161.150	160.973	161.017	5194	0	2
2024.07.09	17:00:00	161.018	161.384	160.885	161.362	9495	0	2
2024.07.09	18:00:00	161.362	161.517	161.305	161.398	6527	0	2
2024.07.09	19:00:00	161.398	161.405	161.309	161.317	3605	0	2
2024.07.09	20:00:00	161.318	161.340	161.229	161.316	3754	0	2
2024.07.09	21:00:00	161.316	161.338	161.262	161.308	2070	0	2
2024.07.09	22:00:00	161.308	161.309	161.250	161.288	2079	0	2
2024.07.09	23:00:00	161.288	161.306	161.268	161.283	679	0	2
2024.07.10	00:00:00	161.273	161.299	161.256	161.282	410	0	9
2024.07.10	01:00:00	161.282	161.342	161.262	161.328	942	0	4
2024.07.10	02:00:00	161.328	161.367	161.321	161.331	1716	0	2
2024.07.10	03:00:00	161.330	161.506	161.301	161.462	3500	0	3
2024.07.10	04:00:00	161.462	161.582	161.448	161.532	2957	0	3
2024.07.10	05:00:00	161.531	161.588	161.473	161.506	3050	0	2
2024.07.10	06:00:00	161.505	161.507	161.403	161.430	2312	0	2
2024.07.10	07:00:00	161.431	161.472	161.408	161.441	2219	0	2
2024.07.10	08:00:00	161.441	161.560	161.427	161.500	2438	0	3
2024.07.10	09:00:00	161.500	161.501	161.354	161.366	3374	0	3
2024.07.10	10:00:00	161.365	161.501	161.342	161.496	4576	0	2
2024.07.10	11:00:00	161.496	161.536	161.424	161.512	3913	0	3
2024.07.10	12:00:00	161.512	161.612	161.512	161.583	3384	0	3
2024.07.10	13:00:00	161.584	161.607	161.504	161.543	3429	0	3
2024.07.10	14:00:00	161.546	161.549	161.454	161.481	3512	0	2
2024.07.10	15:00:00	161.481	161.514	161.431	161.448	4027	0	2
2024.07.10	16:00:00	161.448	161.602	161.425	161.598	4537	0	2
2024.07.10	17:00:00	161.598	161.683	161.539	161.660	5652	0	2
2024.07.10	18:00:00	161.661	161.754	161.623	161.736	4270	0	2
2024.07.10	19:00:00	161.736	161.743	161.654	161.686	3705	0	2
2024.07.10	20:00:00	161.687	161.766	161.643	161.742	3446	0	3
2024.07.10	21:00:00	161.743	161.804	161.741	161.774	3046	0	3
2024.07.10	22:00:00	161.774	161.787	161.730	161.735	2955	0	3
2024.07.10	23:00:00	161.735	161.749	161.693	161.704	1112	0	2
2024.07.11	00:00:00	161.624	161.624	161.563	161.568	159	0	10
2024.07.11	01:00:00	161.568	161.630	161.567	161.592	827	0	4
2024.07.11	02:00:00	161.592	161.637	161.553	161.592	1503	0	3
2024.07.11	03:00:00	161.592	161.612	161.472	161.565	4108	0	5
2024.07.11	04:00:00	161.564	161.660	161.557	161.580	2994	0	3
2024.07.11	05:00:00	161.580	161.666	161.534	161.653	2364	0	3
2024.07.11	06:00:00	161.652	161.683	161.621	161.635	2714	0	3
2024.07.11	07:00:00	161.636	161.692	161.621	161.687	1942	0	4
2024.07.11	08:00:00	161.686	161.717	161.664	161.691	2344	0	3
2024.07.11	09:00:00	161.693	161.750	161.687	161.730	3031	0	3
2024.07.11	10:00:00	161.730	161.757	161.541	161.632	4062	0	3
2024.07.11	11:00:00	161.632	161.633	161.499	161.528	3565	0	3
2024.07.11	12:00:00	161.529	161.556	161.469	161.547	4226	0	3
2024.07.11	13:00:00	161.548	161.583	161.502	161.546	2600	0	2
2024.07.11	14:00:00	161.546	161.591	161.533	161.535	2139	0	2
2024.07.11	15:00:00	161.537	161.623	158.363	158.646	10810	0	2
2024.07.11	16:00:00	158.650	158.970	157.430	158.604	14457	0	2
2024.07.11	17:00:00	158.605	158.792	158.349	158.554	9912	0	2
2024.07.11	18:00:00	158.554	158.635	158.454	158.581	7025	0	2
2024.07.11	19:00:00	158.581	158.642	158.534	158.566	4240	0	2
2024.07.11	20:00:00	158.566	158.892	158.554	158.808	5778	0	2
2024.07.11	21:00:00	158.808	158.871	158.711	158.738	4181	0	2
2024.07.11	22:00:00	158.739	158.835	158.730	158.827	4689	0	2
2024.07.11	23:00:00	158.827	158.914	158.812	158.885	1648	0	2
2024.07.12	00:00:00	158.822	158.933	158.809	158.929	275	0	11
2024.07.12	01:00:00	158.929	159.283	158.896	159.263	3138	0	4
2024.07.12	02:00:00	159.263	159.447	157.744	158.294	10362	0	5
2024.07.12	03:00:00	158.294	159.135	157.984	159.079	11246	0	4
2024.07.12	04:00:00	159.080	159.383	159.070	159.361	7432	0	5
2024.07.12	05:00:00	159.361	159.389	158.753	159.309	6568	0	4
2024.07.12	06:00:00	159.307	159.337	159.151	159.234	4385	0	4
2024.07.12	07:00:00	159.235	159.237	159.029	159.110	4522	0	3
2024.07.12	08:00:00	159.111	159.139	158.867	159.039	5249	0	3
2024.07.12	09:00:00	159.038	159.213	158.957	159.136	6580	0	3
2024.07.12	10:00:00	159.135	159.319	159.113	159.216	5513	0	3
2024.07.12	11:00:00	159.215	159.265	159.030	159.101	5419	0	3
2024.07.12	12:00:00	159.102	159.217	159.042	159.175	4783	0	3
2024.07.12	13:00:00	159.175	159.254	159.109	159.109	3452	0	3
2024.07.12	14:00:00	159.109	159.141	158.936	158.971	3681	0	2
2024.07.12	15:00:00	158.969	159.152	158.507	158.808	10722	0	2
2024.07.12	16:00:00	158.809	158.842	157.369	158.329	11373	0	2
2024.07.12	17:00:00	158.294	158.354	157.390	157.721	9946	0	2
2024.07.12	18:00:00	157.721	158.095	157.512	157.899	5886	0	2
2024.07.12	19:00:00	157.900	158.022	157.843	157.876	3718	0	2
2024.07.12	20:00:00	157.876	158.015	157.862	157.977	2382	0	2
2024.07.12	21:00:00	157.978	157.989	157.865	157.918	2666	0	2
2024.07.12	22:00:00	157.918	157.924	157.799	157.831	2412	0	2
2024.07.12	23:00:00	157.831	157.943	157.793	157.880	1789	0	2
2024.07.15	00:00:00	158.089	158.167	158.089	158.129	270	0	66
2024.07.15	01:00:00	158.129	158.387	157.976	158.339	2368	0	5
2024.07.15	02:00:00	158.339	158.420	158.172	158.286	3874	0	3
2024.07.15	03:00:00	158.287	158.364	157.990	158.112	6073	0	3
2024.07.15	04:00:00	158.112	158.235	157.949	158.050	5668	0	3
2024.07.15	05:00:00	158.051	158.137	157.913	158.029	3865	0	3
2024.07.15	06:00:00	158.026	158.026	157.909	157.971	3768	0	3
2024.07.15	07:00:00	157.971	158.031	157.954	157.992	2262	0	3
2024.07.15	08:00:00	157.993	157.995	157.830	157.953	3415	0	5
2024.07.15	09:00:00	157.953	158.235	157.874	158.104	4803	0	3
2024.07.15	10:00:00	158.105	158.126	157.842	157.929	6674	0	3
2024.07.15	11:00:00	157.921	157.964	157.778	157.817	4974	0	4
2024.07.15	12:00:00	157.818	157.979	157.748	157.961	4483	0	3
2024.07.15	13:00:00	157.962	158.103	157.935	157.953	4231	0	3
2024.07.15	14:00:00	157.953	158.171	157.897	158.115	3876	0	2
2024.07.15	15:00:00	158.117	158.161	157.938	157.962	5871	0	3
2024.07.15	16:00:00	157.962	158.066	157.873	157.936	6716	0	3
2024.07.15	17:00:00	157.936	157.947	157.834	157.860	5738	0	3
2024.07.15	18:00:00	157.861	157.919	157.809	157.890	4593	0	3
2024.07.15	19:00:00	157.890	157.958	157.150	157.711	5703	0	4
2024.07.15	20:00:00	157.711	158.017	157.709	157.921	5510	0	4
2024.07.15	21:00:00	157.917	157.938	157.842	157.850	4131	0	5
2024.07.15	22:00:00	157.850	157.983	157.832	157.919	2512	0	3
2024.07.15	23:00:00	157.919	158.154	157.880	158.112	1348	0	2
2024.07.16	00:00:00	158.027	158.100	157.968	158.065	332	0	25
2024.07.16	01:00:00	158.065	158.153	158.058	158.127	973	0	3
2024.07.16	02:00:00	158.127	158.253	158.064	158.150	2455	0	2
2024.07.16	03:00:00	158.150	158.394	158.105	158.364	5440	0	3
2024.07.16	04:00:00	158.358	158.628	158.353	158.529	6240	0	2
2024.07.16	05:00:00	158.529	158.725	158.513	158.692	3728	0	3
2024.07.16	06:00:00	158.694	158.706	158.587	158.636	3350	0	2
2024.07.16	07:00:00	158.636	158.724	158.614	158.639	2942	0	2
2024.07.16	08:00:00	158.639	158.786	158.639	158.726	3371	0	2
2024.07.16	09:00:00	158.726	158.746	158.462	158.570	4629	0	5
2024.07.16	10:00:00	158.571	158.572	158.355	158.494	6684	0	4
2024.07.16	11:00:00	158.494	158.589	158.443	158.467	4943	0	4
2024.07.16	12:00:00	158.467	158.498	158.330	158.407	4066	0	3
2024.07.16	13:00:00	158.405	158.449	158.346	158.433	3260	0	2
2024.07.16	14:00:00	158.433	158.459	158.320	158.342	3125	0	3
2024.07.16	15:00:00	158.342	158.855	158.251	158.751	7450	0	2
2024.07.16	16:00:00	158.752	158.804	158.528	158.635	7270	0	3
2024.07.16	17:00:00	158.634	158.743	158.579	158.589	5989	0	3
2024.07.16	18:00:00	158.591	158.649	158.532	158.572	5007	0	3
2024.07.16	19:00:00	158.571	158.630	158.513	158.541	3986	0	4
2024.07.16	20:00:00	158.540	158.553	158.430	158.472	4568	0	3
2024.07.16	21:00:00	158.472	158.475	158.338	158.350	4102	0	3
2024.07.16	22:00:00	158.352	158.428	158.317	158.386	3929	0	3
2024.07.16	23:00:00	158.386	158.403	158.319	158.376	1381	0	2
2024.07.17	00:00:00	158.305	158.346	158.295	158.317	424	0	6
2024.07.17	01:00:00	158.317	158.387	158.299	158.340	1648	0	3
2024.07.17	02:00:00	158.338	158.373	158.302	158.360	2520	0	2
2024.07.17	03:00:00	158.360	158.536	158.304	158.483	5654	0	4
2024.07.17	04:00:00	158.483	158.616	158.429	158.474	5372	0	3
2024.07.17	05:00:00	158.474	158.477	158.358	158.412	3773	0	3
2024.07.17	06:00:00	158.411	158.449	158.321	158.375	3315	0	2
2024.07.17	07:00:00	158.375	158.387	158.215	158.216	3863	0	2
2024.07.17	08:00:00	158.215	158.234	157.868	157.890	5056	0	2
2024.07.17	09:00:00	157.891	158.093	157.703	157.816	7762	0	5
2024.07.17	10:00:00	157.815	157.831	157.006	157.073	11083	0	5
2024.07.17	11:00:00	157.073	157.102	156.098	156.240	10766	0	4
2024.07.17	12:00:00	156.241	156.591	156.103	156.416	10429	0	4
2024.07.17	13:00:00	156.417	156.738	156.223	156.736	8291	0	5
2024.07.17	14:00:00	156.736	156.795	156.348	156.511	7334	0	3
2024.07.17	15:00:00	156.510	156.743	156.457	156.562	8576	0	3
2024.07.17	16:00:00	156.561	156.624	156.152	156.277	10513	0	3
2024.07.17	17:00:00	156.277	156.635	156.255	156.497	9501	0	2
2024.07.17	18:00:00	156.495	156.637	156.482	156.562	7248	0	3
2024.07.17	19:00:00	156.562	156.590	156.194	156.303	6632	0	4
2024.07.17	20:00:00	156.302	156.473	156.187	156.462	5673	0	2
2024.07.17	21:00:00	156.462	156.487	156.090	156.102	5190	0	2
2024.07.17	22:00:00	156.103	156.235	156.061	156.184	4703	0	2
2024.07.17	23:00:00	156.185	156.345	156.164	156.267	1718	0	3
2024.07.18	00:00:00	156.152	156.194	156.114	156.156	627	0	7
2024.07.18	01:00:00	156.156	156.270	155.986	156.160	4025	0	3
2024.07.18	02:00:00	156.160	156.206	155.364	155.674	8456	0	3
2024.07.18	03:00:00	155.660	155.838	155.458	155.738	10062	0	2
2024.07.18	04:00:00	155.739	156.301	155.722	156.254	6973	0	2
2024.07.18	05:00:00	156.254	156.442	156.191	156.312	5619	0	2
2024.07.18	06:00:00	156.312	156.572	156.292	156.435	3841	0	3
2024.07.18	07:00:00	156.435	156.537	156.180	156.342	4682	0	3
2024.07.18	08:00:00	156.341	156.451	155.798	156.031	5782	0	4
2024.07.18	09:00:00	156.027	156.412	155.991	156.122	8067	0	5
2024.07.18	10:00:00	156.122	156.255	155.914	156.247	8743	0	4
2024.07.18	11:00:00	156.246	156.585	156.173	156.461	9131	0	5
2024.07.18	12:00:00	156.461	156.502	156.304	156.486	7178	0	2
2024.07.18	13:00:00	156.486	156.497	156.318	156.392	5616	0	4
2024.07.18	14:00:00	156.392	156.522	156.382	156.495	5160	0	3
2024.07.18	15:00:00	156.494	156.580	156.185	156.431	8286	0	3
2024.07.18	16:00:00	156.431	156.687	156.318	156.585	9691	0	3
2024.07.18	17:00:00	156.585	156.772	156.501	156.754	7807	0	3
2024.07.18	18:00:00	156.752	156.983	156.697	156.973	7533	0	2
2024.07.18	19:00:00	156.974	157.158	156.872	157.145	6235	0	3
2024.07.18	20:00:00	157.145	157.224	157.090	157.187	5355	0	2
2024.07.18	21:00:00	157.188	157.325	157.146	157.281	4520	0	3
2024.07.18	22:00:00	157.283	157.399	157.279	157.362	4520	0	2
2024.07.18	23:00:00	157.362	157.396	157.343	157.373	1259	0	2
2024.07.19	00:00:00	157.347	157.357	157.315	157.333	227	0	13
2024.07.19	01:00:00	157.333	157.340	157.248	157.265	3470	0	4
2024.07.19	02:00:00	157.265	157.284	157.109	157.175	3624	0	5
2024.07.19	03:00:00	157.174	157.417	157.062	157.210	8081	0	3
2024.07.19	04:00:00	157.211	157.530	157.199	157.457	7291	0	2
2024.07.19	05:00:00	157.457	157.521	157.342	157.419	5916	0	2
2024.07.19	06:00:00	157.419	157.445	157.325	157.374	3919	0	3
2024.07.19	07:00:00	157.374	157.479	157.359	157.477	3265	0	3
2024.07.19	08:00:00	157.476	157.861	157.471	157.769	6628	0	4
2024.07.19	09:00:00	157.769	157.822	157.138	157.268	7253	0	5
2024.07.19	10:00:00	157.262	157.555	156.955	157.318	10987	0	5
2024.07.19	11:00:00	157.319	157.421	157.157	157.260	7577	0	3
2024.07.19	12:00:00	157.261	157.437	157.145	157.364	5680	0	4
2024.07.19	13:00:00	157.363	157.575	157.362	157.455	4946	0	2
2024.07.19	14:00:00	157.455	157.536	157.327	157.467	4736	0	3
2024.07.19	15:00:00	157.468	157.694	157.423	157.673	7082	0	3
2024.07.19	16:00:00	157.672	157.697	157.412	157.509	8789	0	3
2024.07.19	17:00:00	157.510	157.526	157.265	157.338	9341	0	3
2024.07.19	18:00:00	157.339	157.453	157.275	157.388	6664	0	3
2024.07.19	19:00:00	157.388	157.439	157.343	157.411	4305	0	2
2024.07.19	20:00:00	157.412	157.429	157.352	157.414	3926	0	2
2024.07.19	21:00:00	157.414	157.498	157.398	157.486	3703	0	3
2024.07.19	22:00:00	157.488	157.525	157.471	157.501	1884	0	2
2024.07.19	23:00:00	157.501	157.522	157.453	157.515	939	0	3
2024.07.22	00:00:00	157.380	157.432	157.366	157.368	375	0	56
2024.07.22	01:00:00	157.368	157.503	157.230	157.268	2205	0	3
2024.07.22	02:00:00	157.268	157.429	157.153	157.424	4951	0	2
2024.07.22	03:00:00	157.424	157.492	157.333	157.424	5643	0	2
2024.07.22	04:00:00	157.424	157.554	157.351	157.542	5941	0	2
2024.07.22	05:00:00	157.543	157.612	157.524	157.552	5139	0	2
2024.07.22	06:00:00	157.552	157.568	157.456	157.478	3599	0	2
2024.07.22	07:00:00	157.478	157.513	157.389	157.441	4186	0	2
2024.07.22	08:00:00	157.441	157.441	157.009	157.037	6512	0	2
2024.07.22	09:00:00	157.037	157.061	156.282	156.449	11167	0	2
2024.07.22	10:00:00	156.446	156.847	156.344	156.809	9539	0	2
2024.07.22	11:00:00	156.810	156.962	156.675	156.794	7824	0	2
2024.07.22	12:00:00	156.795	156.858	156.608	156.692	6785	0	2
2024.07.22	13:00:00	156.693	156.953	156.559	156.835	6301	0	2
2024.07.22	14:00:00	156.837	156.897	156.651	156.856	6012	0	2
2024.07.22	15:00:00	156.856	157.090	156.787	156.792	7677	0	2
2024.07.22	16:00:00	156.792	156.924	156.694	156.861	8386	0	2
2024.07.22	17:00:00	156.865	156.954	156.752	156.878	7469	0	2
2024.07.22	18:00:00	156.878	157.148	156.867	157.086	5911	0	2
2024.07.22	19:00:00	157.086	157.130	157.031	157.074	5015	0	2
2024.07.22	20:00:00	157.073	157.153	157.033	157.138	3623	0	2
2024.07.22	21:00:00	157.138	157.171	157.057	157.066	3691	0	2
2024.07.22	22:00:00	157.065	157.118	157.061	157.078	3095	0	2
2024.07.22	23:00:00	157.078	157.097	157.058	157.067	837	0	2
2024.07.23	00:00:00	156.958	156.968	156.865	156.943	183	0	16
2024.07.23	01:00:00	156.943	157.077	156.943	157.042	1187	0	3
2024.07.23	02:00:00	157.042	157.100	156.886	156.904	3347	0	2
2024.07.23	03:00:00	156.902	156.927	156.646	156.656	8373	0	2
2024.07.23	04:00:00	156.655	156.851	156.581	156.706	7466	0	2
2024.07.23	05:00:00	156.706	156.768	156.518	156.631	7194	0	2
2024.07.23	06:00:00	156.638	156.668	156.197	156.278	7000	0	2
2024.07.23	07:00:00	156.278	156.387	156.203	156.308	6632	0	2
2024.07.23	08:00:00	156.305	156.451	156.263	156.317	5747	0	2
2024.07.23	09:00:00	156.317	156.623	156.222	156.587	7408	0	2
2024.07.23	10:00:00	156.587	156.635	155.931	156.044	9710	0	2
2024.07.23	11:00:00	156.040	156.136	155.823	156.012	9588	0	2
2024.07.23	12:00:00	156.011	156.074	155.820	155.942	6601	0	2
2024.07.23	13:00:00	155.942	156.164	155.920	156.046	6034	0	2
2024.07.23	14:00:00	156.046	156.189	156.035	156.156	5513	0	2
2024.07.23	15:00:00	156.159	156.264	155.942	156.029	7747	0	2
2024.07.23	16:00:00	156.033	156.209	155.988	156.090	7473	0	2
2024.07.23	17:00:00	156.088	156.197	155.970	155.981	7965	0	2
2024.07.23	18:00:00	155.984	156.092	155.944	156.022	4914	0	2
2024.07.23	19:00:00	156.021	156.053	155.694	155.784	4298	0	3
2024.07.23	20:00:00	155.784	155.808	155.578	155.690	5896	0	2
2024.07.23	21:00:00	155.687	155.755	155.624	155.625	4242	0	2
2024.07.23	22:00:00	155.626	155.671	155.590	155.641	4075	0	2
2024.07.23	23:00:00	155.641	155.649	155.562	155.624	1522	0	2
2024.07.24	00:00:00	155.552	155.584	155.519	155.574	316	0	10
2024.07.24	01:00:00	155.580	155.644	155.569	155.637	1776	0	2
2024.07.24	02:00:00	155.636	155.817	155.630	155.761	3430	0	2
2024.07.24	03:00:00	155.770	155.990	155.770	155.825	6328	0	2
2024.07.24	04:00:00	155.825	155.875	155.176	155.249	10125	0	2
2024.07.24	05:00:00	155.249	155.523	155.232	155.255	6421	0	2
2024.07.24	06:00:00	155.254	155.295	155.047	155.054	8576	0	2
2024.07.24	07:00:00	155.053	155.055	154.542	154.611	9563	0	2
2024.07.24	08:00:00	154.610	154.794	154.363	154.634	7075	0	2
2024.07.24	09:00:00	154.634	154.686	154.375	154.588	9871	0	2
2024.07.24	10:00:00	154.587	154.881	154.412	154.590	8502	0	2
2024.07.24	11:00:00	154.591	154.945	154.545	154.859	5439	0	2
2024.07.24	12:00:00	154.859	154.934	154.277	154.777	6275	0	2
2024.07.24	13:00:00	154.776	154.840	154.487	154.564	4710	0	3
2024.07.24	14:00:00	154.562	154.579	154.054	154.191	5086	0	2
2024.07.24	15:00:00	154.190	154.224	153.759	153.810	9991	0	2
2024.07.24	16:00:00	153.810	153.998	153.343	153.426	10497	0	2
2024.07.24	17:00:00	153.449	153.592	153.104	153.273	13125	0	2
2024.07.24	18:00:00	153.270	153.499	153.269	153.382	8983	0	2
2024.07.24	19:00:00	153.383	153.588	153.342	153.471	7037	0	2
2024.07.24	20:00:00	153.471	153.856	153.447	153.824	6405	0	2
2024.07.24	21:00:00	153.825	154.076	153.805	154.006	4908	0	2
2024.07.24	22:00:00	154.004	154.096	153.879	154.018	3808	0	2
2024.07.24	23:00:00	154.017	154.018	153.939	153.944	1460	0	2
2024.07.25	00:00:00	153.851	153.877	153.490	153.730	712	0	16
2024.07.25	01:00:00	153.736	153.790	153.553	153.593	3972	0	2
2024.07.25	02:00:00	153.593	153.951	153.586	153.917	5898	0	2
2024.07.25	03:00:00	153.905	153.967	152.844	153.247	11100	0	2
2024.07.25	04:00:00	153.247	153.349	152.647	152.860	9114	0	2
2024.07.25	05:00:00	152.861	152.954	152.515	152.640	6414	0	2
2024.07.25	06:00:00	152.639	152.639	152.232	152.317	7482	0	2
2024.07.25	07:00:00	152.316	152.654	152.312	152.621	5966	0	2
2024.07.25	08:00:00	152.621	152.973	152.583	152.741	6831	0	2
2024.07.25	09:00:00	152.741	152.869	152.546	152.847	10360	0	2
2024.07.25	10:00:00	152.849	152.933	152.055	152.199	10678	0	2
2024.07.25	11:00:00	152.199	152.750	151.937	152.706	9504	0	2
2024.07.25	12:00:00	152.707	152.743	152.249	152.308	7003	0	2
2024.07.25	13:00:00	152.306	152.362	152.089	152.208	5854	0	2
2024.07.25	14:00:00	152.208	152.735	152.171	152.726	6360	0	2
2024.07.25	15:00:00	152.725	153.739	152.549	153.519	12057	0	2
2024.07.25	16:00:00	153.519	154.195	153.415	153.654	12317	0	2
2024.07.25	17:00:00	153.654	153.744	153.230	153.648	9841	0	2
2024.07.25	18:00:00	153.642	154.102	153.633	153.979	8610	0	2
2024.07.25	19:00:00	153.979	154.319	153.906	154.026	9727	0	2
2024.07.25	20:00:00	154.026	154.043	153.748	154.034	9409	0	2
2024.07.25	21:00:00	154.034	154.050	153.771	153.784	8266	0	2
2024.07.25	22:00:00	153.785	153.914	153.784	153.913	5773	0	2
2024.07.25	23:00:00	153.910	154.050	153.806	154.025	1820	0	2
2024.07.26	00:00:00	153.907	153.929	153.882	153.925	265	0	14
2024.07.26	01:00:00	153.925	153.994	153.894	153.901	2180	0	2
2024.07.26	02:00:00	153.901	153.903	153.380	153.702	8267	0	2
2024.07.26	03:00:00	153.702	154.140	153.395	153.925	9541	0	2
2024.07.26	04:00:00	153.926	154.091	153.428	153.595	9002	0	2
2024.07.26	05:00:00	153.585	153.967	153.568	153.922	5774	0	2
2024.07.26	06:00:00	153.922	153.922	153.737	153.753	3535	0	2
2024.07.26	07:00:00	153.753	153.830	153.587	153.680	3762	0	2
2024.07.26	08:00:00	153.680	153.805	153.503	153.644	4841	0	2
2024.07.26	09:00:00	153.620	153.756	153.541	153.638	9077	0	2
2024.07.26	10:00:00	153.637	154.172	153.567	153.917	8356	0	2
2024.07.26	11:00:00	153.916	154.432	153.862	154.301	9380	0	2
2024.07.26	12:00:00	154.301	154.359	154.033	154.208	7072	0	2
2024.07.26	13:00:00	154.208	154.645	154.199	154.567	6821	0	2
2024.07.26	14:00:00	154.565	154.738	154.518	154.610	7362	0	2
2024.07.26	15:00:00	154.611	154.725	154.022	154.218	10074	0	2
2024.07.26	16:00:00	154.217	154.220	153.669	153.794	11103	0	2
2024.07.26	17:00:00	153.777	154.105	153.094	153.499	11220	0	2
2024.07.26	18:00:00	153.499	153.871	153.495	153.871	8285	0	2
2024.07.26	19:00:00	153.868	153.868	153.708	153.785	6112	0	2
2024.07.26	20:00:00	153.784	153.875	153.674	153.733	5349	0	2
2024.07.26	21:00:00	153.734	153.828	153.709	153.731	5339	0	2
2024.07.26	22:00:00	153.730	153.768	153.674	153.758	2949	0	2
2024.07.26	23:00:00	153.757	153.796	153.732	153.760	925	0	2
2024.07.29	00:00:00	153.684	153.797	153.610	153.620	714	0	59
2024.07.29	01:00:00	153.620	154.021	153.620	154.020	4999	0	5
2024.07.29	02:00:00	154.020	154.211	153.978	154.146	7058	0	3
2024.07.29	03:00:00	154.155	154.350	153.522	153.659	10281	0	3
2024.07.29	04:00:00	153.654	153.834	153.238	153.438	11213	0	3
2024.07.29	05:00:00	153.439	153.536	153.012	153.417	9837	0	3
2024.07.29	06:00:00	153.418	153.693	153.328	153.511	6931	0	4
2024.07.29	07:00:00	153.513	153.607	153.323	153.412	7974	0	2
2024.07.29	08:00:00	153.411	153.665	153.300	153.382	6777	0	3
2024.07.29	09:00:00	153.382	153.448	153.140	153.354	8592	0	3
2024.07.29	10:00:00	153.353	153.724	153.233	153.617	10176	0	2
2024.07.29	11:00:00	153.616	153.914	153.583	153.688	8434	0	3
2024.07.29	12:00:00	153.687	153.775	153.586	153.701	7581	0	2
2024.07.29	13:00:00	153.701	153.891	153.601	153.683	6365	0	3
2024.07.29	14:00:00	153.683	153.838	153.589	153.833	6923	0	3
2024.07.29	15:00:00	153.833	154.033	153.753	153.885	9666	0	3
2024.07.29	16:00:00	153.886	154.207	153.726	154.172	9630	0	4
2024.07.29	17:00:00	154.171	154.203	154.001	154.045	10372	0	3
2024.07.29	18:00:00	154.044	154.045	153.868	153.962	8139	0	2
2024.07.29	19:00:00	153.962	154.092	153.932	153.942	7160	0	2
2024.07.29	20:00:00	153.942	154.030	153.886	154.000	5229	0	2
2024.07.29	21:00:00	154.000	154.055	153.963	153.987	5384	0	2
2024.07.29	22:00:00	153.987	154.037	153.958	153.999	5208	0	2
2024.07.29	23:00:00	153.999	154.054	153.971	154.030	1335	0	2
2024.07.30	00:00:00	153.927	154.065	153.926	154.001	1004	0	13
2024.07.30	01:00:00	154.004	154.065	153.973	154.018	2404	0	4
2024.07.30	02:00:00	154.018	154.023	153.764	153.834	4463	0	4
2024.07.30	03:00:00	153.830	154.059	153.614	153.960	7559	0	2
2024.07.30	04:00:00	153.959	154.246	153.847	153.978	8064	0	3
2024.07.30	05:00:00	153.989	154.131	153.949	154.023	5541	0	3
2024.07.30	06:00:00	154.020	154.165	153.977	154.071	5546	0	2
2024.07.30	07:00:00	154.071	154.443	154.060	154.439	6548	0	2
2024.07.30	08:00:00	154.439	154.768	154.419	154.664	8084	0	4
2024.07.30	09:00:00	154.664	155.214	154.596	155.048	8957	0	4
2024.07.30	10:00:00	155.050	155.143	154.721	154.896	8300	0	2
2024.07.30	11:00:00	154.895	154.911	154.602	154.665	5972	0	3
2024.07.30	12:00:00	154.664	154.933	154.663	154.806	4445	0	3
2024.07.30	13:00:00	154.807	154.878	154.691	154.732	3817	0	3
2024.07.30	14:00:00	154.732	154.899	154.723	154.887	3458	0	3
2024.07.30	15:00:00	154.888	155.019	154.811	154.939	8528	0	4
2024.07.30	16:00:00	154.939	154.939	154.292	154.314	11621	0	4
2024.07.30	17:00:00	154.315	154.650	154.314	154.598	11068	0	4
2024.07.30	18:00:00	154.598	154.599	153.645	153.725	12539	0	5
2024.07.30	19:00:00	153.725	153.856	153.135	153.237	10884	0	2
2024.07.30	20:00:00	153.236	153.377	152.978	153.204	10808	0	2
2024.07.30	21:00:00	153.202	153.440	153.135	153.255	7751	0	2
2024.07.30	22:00:00	153.256	153.315	153.202	153.276	5506	0	2
2024.07.30	23:00:00	153.276	153.282	152.674	152.684	3635	0	2
2024.07.31	00:00:00	152.734	152.798	152.617	152.648	748	0	17
2024.07.31	01:00:00	152.648	153.141	152.422	152.883	6972	0	3
2024.07.31	02:00:00	152.883	152.976	152.410	152.659	8137	0	3
2024.07.31	03:00:00	152.657	152.742	152.108	152.375	9852	0	2
2024.07.31	04:00:00	152.371	152.529	152.167	152.425	7779	0	2
2024.07.31	05:00:00	152.416	153.328	152.335	152.884	7459	0	3
2024.07.31	06:00:00	152.885	153.854	151.580	153.633	8265	0	4
2024.07.31	07:00:00	153.579	153.893	152.410	152.552	9573	0	4
2024.07.31	08:00:00	152.550	153.167	152.468	152.865	8178	0	5
2024.07.31	09:00:00	152.873	153.057	152.209	152.233	10783	0	5
2024.07.31	10:00:00	152.224	152.428	150.603	150.921	12873	0	4
2024.07.31	11:00:00	150.922	150.984	150.056	150.924	13548	0	4
2024.07.31	12:00:00	150.926	150.944	150.356	150.402	9715	0	5
2024.07.31	13:00:00	150.400	150.588	150.140	150.510	9539	0	3
2024.07.31	14:00:00	150.509	150.582	150.078	150.189	9708	0	3
2024.07.31	15:00:00	150.194	150.478	149.779	150.330	12504	0	3
2024.07.31	16:00:00	150.333	150.351	149.819	149.820	11952	0	4
2024.07.31	17:00:00	149.823	150.676	149.629	150.431	12306	0	2
2024.07.31	18:00:00	150.432	150.575	150.276	150.378	10467	0	3
2024.07.31	19:00:00	150.377	150.655	150.367	150.558	10277	0	2
2024.07.31	20:00:00	150.559	150.956	150.541	150.766	8630	0	2
2024.07.31	21:00:00	150.767	151.262	150.331	150.439	14181	0	2
2024.07.31	22:00:00	150.451	150.498	149.605	149.790	13966	0	2
2024.07.31	23:00:00	149.789	150.287	149.754	150.031	4334	0	2
2024.08.01	00:00:00	149.944	149.948	149.844	149.867	669	0	21
2024.08.01	01:00:00	149.867	150.194	149.798	150.173	3547	0	5
2024.08.01	02:00:00	150.173	150.320	149.669	149.782	7492	0	3
2024.08.01	03:00:00	149.788	149.895	149.345	149.438	12196	0	4
2024.08.01	04:00:00	149.436	149.469	148.507	149.142	12419	0	4
2024.08.01	05:00:00	149.171	149.791	149.028	149.761	11380	0	2
2024.08.01	06:00:00	149.766	149.791	149.383	149.565	9570	0	2
2024.08.01	07:00:00	149.565	149.716	149.338	149.685	9509	0	2
2024.08.01	08:00:00	149.683	150.045	149.616	149.759	10097	0	2
2024.08.01	09:00:00	149.758	150.337	149.568	150.027	13207	0	3
2024.08.01	10:00:00	150.025	150.194	149.779	149.862	12304	0	3
2024.08.01	11:00:00	149.853	149.987	149.428	149.695	11504	0	3
2024.08.01	12:00:00	149.703	149.968	149.605	149.949	10111	0	3
2024.08.01	13:00:00	149.949	150.198	149.915	150.029	7427	0	3
2024.08.01	14:00:00	150.029	150.620	149.970	150.525	7575	0	5
2024.08.01	15:00:00	150.524	150.860	150.217	150.859	11912	0	3
2024.08.01	16:00:00	150.859	150.889	150.392	150.526	11748	0	4
2024.08.01	17:00:00	150.520	150.520	149.832	150.048	14089	0	4
2024.08.01	18:00:00	150.047	150.215	149.875	150.059	11455	0	4
2024.08.01	19:00:00	150.058	150.134	149.679	149.892	9774	0	3
2024.08.01	20:00:00	149.892	149.940	149.641	149.744	9508	0	3
2024.08.01	21:00:00	149.744	149.764	149.532	149.549	9155	0	2
2024.08.01	22:00:00	149.552	149.838	149.470	149.770	8269	0	3
2024.08.01	23:00:00	149.777	149.779	149.352	149.355	3765	0	2
2024.08.02	00:00:00	149.304	149.343	149.292	149.300	1455	0	25
2024.08.02	01:00:00	149.300	149.442	148.995	149.308	4908	0	4
2024.08.02	02:00:00	149.308	149.311	148.871	149.208	7960	0	3
2024.08.02	03:00:00	149.208	149.408	148.936	149.382	12543	0	2
2024.08.02	04:00:00	149.381	149.777	149.354	149.497	11162	0	3
2024.08.02	05:00:00	149.497	149.680	149.229	149.571	7921	0	4
2024.08.02	06:00:00	149.572	149.648	149.373	149.491	6269	0	2
2024.08.02	07:00:00	149.491	149.584	149.251	149.259	6718	0	2
2024.08.02	08:00:00	149.254	149.374	148.888	148.941	7963	0	3
2024.08.02	09:00:00	148.918	149.292	148.804	148.850	10932	0	2
2024.08.02	10:00:00	148.843	149.219	148.622	149.210	11303	0	3
2024.08.02	11:00:00	149.210	149.322	148.834	149.071	8089	0	3
2024.08.02	12:00:00	149.071	149.090	148.816	148.881	5831	0	3
2024.08.02	13:00:00	148.881	148.955	148.730	148.802	6006	0	3
2024.08.02	14:00:00	148.796	149.120	148.790	149.007	6809	0	2
2024.08.02	15:00:00	149.007	149.112	147.014	147.437	14090	0	5
2024.08.02	16:00:00	147.443	148.159	147.060	147.073	15807	0	5
2024.08.02	17:00:00	147.072	147.417	146.543	146.669	16535	0	4
2024.08.02	18:00:00	146.668	147.105	146.415	146.979	14582	0	4
2024.08.02	19:00:00	146.978	147.457	146.756	146.847	12594	0	4
2024.08.02	20:00:00	146.848	146.955	146.748	146.837	10260	0	3
2024.08.02	21:00:00	146.835	146.896	146.438	146.493	7572	0	2
2024.08.02	22:00:00	146.491	146.689	146.444	146.581	6940	0	3
2024.08.02	23:00:00	146.580	146.618	146.507	146.570	2481	0	3
2024.08.05	00:00:00	146.448	146.591	146.393	146.453	359	0	65
2024.08.05	01:00:00	146.453	146.564	145.987	146.317	6634	0	5
2024.08.05	02:00:00	146.318	146.340	145.281	145.590	11316	0	5
2024.08.05	03:00:00	145.575	145.941	145.178	145.520	14781	0	2
2024.08.05	04:00:00	145.512	145.592	144.766	145.109	14010	0	4
2024.08.05	05:00:00	145.109	145.552	145.039	145.135	11595	0	4
2024.08.05	06:00:00	145.135	145.154	144.183	144.363	11641	0	4
2024.08.05	07:00:00	144.363	144.429	142.174	143.175	12605	0	4
2024.08.05	08:00:00	143.163	143.556	142.415	142.663	13671	0	4
2024.08.05	09:00:00	142.651	143.103	141.686	142.743	12881	0	3
2024.08.05	10:00:00	142.732	143.992	142.713	143.476	12911	0	3
2024.08.05	11:00:00	143.476	143.565	142.005	142.401	10587	0	3
2024.08.05	12:00:00	142.404	142.579	141.744	142.291	10817	0	3
2024.08.05	13:00:00	142.289	142.460	141.912	142.376	8639	0	3
2024.08.05	14:00:00	142.384	142.965	142.238	142.306	10117	0	4
2024.08.05	15:00:00	142.298	142.470	141.837	142.247	11289	0	4
2024.08.05	16:00:00	142.249	142.987	142.102	142.689	12340	0	3
2024.08.05	17:00:00	142.706	143.865	142.542	142.651	14358	0	4
2024.08.05	18:00:00	142.658	143.992	142.338	143.957	12004	0	3
2024.08.05	19:00:00	143.957	144.893	143.896	144.182	11339	0	3
2024.08.05	20:00:00	144.183	144.606	143.911	144.013	9416	0	3
2024.08.05	21:00:00	144.014	144.167	143.396	143.461	8897	0	3
2024.08.05	22:00:00	143.460	143.865	143.448	143.743	6995	0	4
2024.08.05	23:00:00	143.747	144.190	143.710	144.175	5403	0	3
2024.08.06	00:00:00	144.148	144.186	144.013	144.014	370	0	37
2024.08.06	01:00:00	144.022	144.869	143.624	144.766	5125	0	5
2024.08.06	02:00:00	144.766	145.826	144.762	145.801	9726	0	5
2024.08.06	03:00:00	145.800	146.369	144.848	145.040	12425	0	3
2024.08.06	04:00:00	145.042	145.493	144.367	144.803	9138	0	2
2024.08.06	05:00:00	144.803	145.357	144.306	145.307	7958	0	3
2024.08.06	06:00:00	145.307	145.919	145.120	145.351	7083	0	2
2024.08.06	07:00:00	145.351	145.646	145.107	145.512	6874	0	2
2024.08.06	08:00:00	145.513	146.146	145.109	145.869	10986	0	3
2024.08.06	09:00:00	145.866	146.292	145.425	145.635	10737	0	3
2024.08.06	10:00:00	145.634	145.934	145.171	145.292	12768	0	3
2024.08.06	11:00:00	145.297	145.377	144.472	144.919	12611	0	3
2024.08.06	12:00:00	144.913	144.913	144.495	144.752	10849	0	3
2024.08.06	13:00:00	144.751	145.116	144.360	144.892	11103	0	3
2024.08.06	14:00:00	144.892	145.458	144.891	145.152	11123	0	4
2024.08.06	15:00:00	145.151	145.201	144.482	144.600	12402	0	4
2024.08.06	16:00:00	144.600	144.713	144.049	144.398	13707	0	3
2024.08.06	17:00:00	144.402	144.993	144.272	144.502	13491	0	3
2024.08.06	18:00:00	144.503	145.207	144.503	145.112	12136	0	3
2024.08.06	19:00:00	145.112	145.420	145.014	145.369	10742	0	3
2024.08.06	20:00:00	145.370	145.386	145.051	145.336	9273	0	3
2024.08.06	21:00:00	145.335	145.362	145.001	145.003	8306	0	3
2024.08.06	22:00:00	145.008	145.071	144.730	144.732	9527	0	3
2024.08.06	23:00:00	144.728	144.816	144.358	144.401	5499	0	2
2024.08.07	00:00:00	144.278	144.611	144.258	144.504	1240	0	14
2024.08.07	01:00:00	144.510	144.739	144.307	144.557	5229	0	6
2024.08.07	02:00:00	144.557	144.759	144.377	144.740	6909	0	4
2024.08.07	03:00:00	144.737	145.257	144.546	144.729	11190	0	4
2024.08.07	04:00:00	144.729	147.499	144.562	146.726	11813	0	3
2024.08.07	05:00:00	146.738	146.955	146.337	146.848	9107	0	4
2024.08.07	06:00:00	146.844	147.369	146.634	147.131	8187	0	4
2024.08.07	07:00:00	147.111	147.905	147.109	147.621	8138	0	4
2024.08.07	08:00:00	147.620	147.812	146.842	146.980	11241	0	4
2024.08.07	09:00:00	146.964	147.138	146.441	146.577	11072	0	3
2024.08.07	10:00:00	146.579	146.945	146.086	146.684	12311	0	3
2024.08.07	11:00:00	146.687	147.227	146.622	147.199	11495	0	3
2024.08.07	12:00:00	147.200	147.636	147.086	147.579	10794	0	2
2024.08.07	13:00:00	147.575	147.605	147.041	147.190	8991	0	2
2024.08.07	14:00:00	147.189	147.508	146.987	147.200	8456	0	4
2024.08.07	15:00:00	147.201	147.229	146.867	146.995	9598	0	3
2024.08.07	16:00:00	146.993	147.338	146.920	147.221	11456	0	2
2024.08.07	17:00:00	147.219	147.397	146.650	147.272	11607	0	3
2024.08.07	18:00:00	147.273	147.685	147.255	147.417	10246	0	3
2024.08.07	19:00:00	147.417	147.497	147.066	147.178	10249	0	3
2024.08.07	20:00:00	147.180	147.388	146.963	147.032	10418	0	3
2024.08.07	21:00:00	147.033	147.044	146.679	146.839	11635	0	3
2024.08.07	22:00:00	146.841	147.190	146.790	146.850	10114	0	2
2024.08.07	23:00:00	146.849	146.909	146.740	146.764	3543	0	2
2024.08.08	00:00:00	146.642	146.745	146.618	146.710	822	0	7
2024.08.08	01:00:00	146.710	146.784	146.353	146.524	4039	0	2
2024.08.08	02:00:00	146.524	146.532	145.579	146.281	9588	0	4
2024.08.08	03:00:00	146.288	146.538	145.429	146.005	14341	0	2
2024.08.08	04:00:00	146.008	146.618	145.952	146.373	12651	0	2
2024.08.08	05:00:00	146.374	146.874	146.346	146.595	10546	0	3
2024.08.08	06:00:00	146.595	146.722	146.308	146.380	9703	0	2
2024.08.08	07:00:00	146.391	146.392	145.906	146.136	11016	0	3
2024.08.08	08:00:00	146.135	146.400	145.941	145.977	11625	0	3
2024.08.08	09:00:00	145.975	146.342	145.877	146.197	11660	0	2
2024.08.08	10:00:00	146.208	146.225	145.625	145.871	12162	0	2
2024.08.08	11:00:00	145.872	146.274	145.753	146.195	10915	0	2
2024.08.08	12:00:00	146.195	146.487	146.019	146.128	10233	0	2
2024.08.08	13:00:00	146.127	146.300	146.015	146.107	9730	0	2
2024.08.08	14:00:00	146.108	146.301	145.946	146.160	10262	0	2
2024.08.08	15:00:00	146.160	147.296	145.949	147.063	13049	0	2
2024.08.08	16:00:00	147.059	147.544	146.916	147.126	13440	0	4
2024.08.08	17:00:00	147.117	147.432	146.932	147.291	11813	0	3
2024.08.08	18:00:00	147.292	147.303	147.016	147.091	10388	0	4
2024.08.08	19:00:00	147.091	147.263	147.074	147.247	8137	0	2
2024.08.08	20:00:00	147.246	147.422	147.150	147.365	8757	0	3
2024.08.08	21:00:00	147.365	147.433	147.202	147.214	7007	0	2
2024.08.08	22:00:00	147.210	147.268	147.091	147.147	8356	0	2
2024.08.08	23:00:00	147.148	147.280	147.100	147.266	1753	0	2
2024.08.09	00:00:00	147.196	147.265	147.154	147.188	761	0	28
2024.08.09	01:00:00	147.186	147.311	147.159	147.275	5404	0	3
2024.08.09	02:00:00	147.275	147.815	147.248	147.694	8886	0	3
2024.08.09	03:00:00	147.692	147.766	147.199	147.483	12950	0	2
2024.08.09	04:00:00	147.486	147.619	147.078	147.085	10041	0	3
2024.08.09	05:00:00	147.085	147.500	147.022	147.484	8850	0	2
2024.08.09	06:00:00	147.486	147.563	147.146	147.228	7348	0	2
2024.08.09	07:00:00	147.227	147.254	146.815	146.884	7921	0	2
2024.08.09	08:00:00	146.885	147.108	146.716	147.013	11035	0	2
2024.08.09	09:00:00	147.016	147.216	146.884	147.199	8877	0	2
2024.08.09	10:00:00	147.201	147.211	146.914	147.207	9737	0	2
2024.08.09	11:00:00	147.205	147.320	146.921	147.202	10348	0	2
2024.08.09	12:00:00	147.205	147.286	147.138	147.235	8078	0	2
2024.08.09	13:00:00	147.236	147.265	147.038	147.139	7824	0	2
2024.08.09	14:00:00	147.139	147.150	146.821	147.012	10087	0	4
2024.08.09	15:00:00	147.013	147.033	146.508	146.777	11008	0	4
2024.08.09	16:00:00	146.781	146.791	146.513	146.604	10610	0	3
2024.08.09	17:00:00	146.604	146.633	146.265	146.540	11716	0	2
2024.08.09	18:00:00	146.540	146.733	146.442	146.494	9806	0	3
2024.08.09	19:00:00	146.493	146.665	146.477	146.610	8399	0	4
2024.08.09	20:00:00	146.610	146.760	146.599	146.691	7561	0	2
2024.08.09	21:00:00	146.693	146.720	146.590	146.611	6457	0	2
2024.08.09	22:00:00	146.610	146.671	146.554	146.644	4907	0	2
2024.08.09	23:00:00	146.643	146.696	146.630	146.651	2369	0	2
2024.08.12	00:00:00	146.648	146.912	146.614	146.704	439	0	67
2024.08.12	01:00:00	146.711	147.004	146.709	146.993	4926	0	3
2024.08.12	02:00:00	146.993	147.128	146.924	147.076	5563	0	2
2024.08.12	03:00:00	147.076	147.076	146.800	146.859	6803	0	2
2024.08.12	04:00:00	146.859	146.998	146.701	146.962	6270	0	2
2024.08.12	05:00:00	146.962	146.983	146.851	146.936	4441	0	2
2024.08.12	06:00:00	146.936	147.225	146.883	147.201	6103	0	2
2024.08.12	07:00:00	147.202	147.212	147.028	147.125	5840	0	2
2024.08.12	08:00:00	147.125	147.223	147.088	147.200	6683	0	2
2024.08.12	09:00:00	147.200	147.281	147.153	147.226	7229	0	2
2024.08.12	10:00:00	147.226	147.321	147.087	147.221	9105	0	2
2024.08.12	11:00:00	147.216	147.445	147.195	147.360	8019	0	2
2024.08.12	12:00:00	147.359	147.385	147.208	147.318	6777	0	2
2024.08.12	13:00:00	147.319	147.440	147.285	147.417	5431	0	2
2024.08.12	14:00:00	147.417	147.668	147.383	147.571	7259	0	3
2024.08.12	15:00:00	147.571	147.737	147.519	147.716	6296	0	2
2024.08.12	16:00:00	147.716	148.224	147.672	147.774	10725	0	5
2024.08.12	17:00:00	147.777	147.943	147.660	147.874	11887	0	3
2024.08.12	18:00:00	147.875	147.890	147.245	147.547	10757	0	3
2024.08.12	19:00:00	147.547	147.575	147.277	147.352	9337	0	2
2024.08.12	20:00:00	147.354	147.354	147.091	147.181	9275	0	2
2024.08.12	21:00:00	147.182	147.313	147.073	147.298	8130	0	2
2024.08.12	22:00:00	147.297	147.320	147.039	147.183	6489	0	2
2024.08.12	23:00:00	147.181	147.278	147.151	147.210	2422	0	2
2024.08.13	00:00:00	147.150	147.209	147.139	147.188	912	0	17
2024.08.13	01:00:00	147.188	147.240	147.110	147.140	4152	0	3
2024.08.13	02:00:00	147.138	147.226	146.916	147.025	5099	0	3
2024.08.13	03:00:00	147.026	147.306	147.006	147.267	9849	0	2
2024.08.13	04:00:00	147.266	147.514	147.264	147.322	8254	0	3
2024.08.13	05:00:00	147.322	147.393	147.231	147.376	5671	0	3
2024.08.13	06:00:00	147.376	147.506	147.307	147.482	5135	0	2
2024.08.13	07:00:00	147.483	147.793	147.432	147.714	6615	0	3
2024.08.13	08:00:00	147.714	147.821	147.601	147.650	5826	0	3
2024.08.13	09:00:00	147.650	147.947	147.552	147.884	7233	0	2
2024.08.13	10:00:00	147.886	147.947	147.765	147.858	8267	0	2
2024.08.13	11:00:00	147.858	147.894	147.667	147.845	7583	0	2
2024.08.13	12:00:00	147.845	147.919	147.702	147.892	5993	0	2
2024.08.13	13:00:00	147.894	147.914	147.533	147.533	7268	0	2
2024.08.13	14:00:00	147.533	147.612	147.310	147.350	8648	0	4
2024.08.13	15:00:00	147.349	147.510	147.063	147.402	10554	0	3
2024.08.13	16:00:00	147.403	147.469	146.848	147.079	12787	0	4
2024.08.13	17:00:00	147.080	147.173	146.894	146.999	11366	0	2
2024.08.13	18:00:00	146.998	147.095	146.946	146.971	8376	0	2
2024.08.13	19:00:00	146.968	146.970	146.703	146.734	7991	0	3
2024.08.13	20:00:00	146.734	146.909	146.708	146.902	7111	0	2
2024.08.13	21:00:00	146.902	146.904	146.643	146.678	8207	0	3
2024.08.13	22:00:00	146.678	146.857	146.595	146.831	7519	0	3
2024.08.13	23:00:00	146.828	146.898	146.788	146.830	4003	0	2
2024.08.14	00:00:00	146.735	146.853	146.720	146.838	628	0	25
2024.08.14	01:00:00	146.838	146.883	146.736	146.824	3789	0	3
2024.08.14	02:00:00	146.824	147.015	146.783	146.944	4949	0	2
2024.08.14	03:00:00	146.945	147.146	146.917	147.096	9417	0	2
2024.08.14	04:00:00	147.095	147.185	146.749	146.866	8531	0	2
2024.08.14	05:00:00	146.868	146.898	146.069	146.461	10433	0	3
2024.08.14	06:00:00	146.462	146.904	146.331	146.778	9088	0	2
2024.08.14	07:00:00	146.776	147.064	146.754	146.867	6297	0	2
2024.08.14	08:00:00	146.867	147.097	146.775	147.086	5433	0	2
2024.08.14	09:00:00	147.087	147.312	146.905	147.188	9661	0	4
2024.08.14	10:00:00	147.189	147.422	147.109	147.406	9088	0	3
2024.08.14	11:00:00	147.406	147.502	147.100	147.113	8561	0	4
2024.08.14	12:00:00	147.110	147.161	147.028	147.102	6632	0	4
2024.08.14	13:00:00	147.102	147.149	146.840	146.868	6892	0	2
2024.08.14	14:00:00	146.868	146.971	146.828	146.891	6956	0	3
2024.08.14	15:00:00	146.890	147.579	146.509	147.314	11157	0	3
2024.08.14	16:00:00	147.315	147.443	146.913	146.961	12796	0	3
2024.08.14	17:00:00	146.962	147.012	146.574	146.763	12321	0	2
2024.08.14	18:00:00	146.763	146.888	146.636	146.869	9336	0	2
2024.08.14	19:00:00	146.869	146.970	146.819	146.945	8316	0	3
2024.08.14	20:00:00	146.944	147.264	146.932	147.214	6945	0	2
2024.08.14	21:00:00	147.212	147.265	147.166	147.243	5027	0	3
2024.08.14	22:00:00	147.243	147.378	147.202	147.341	5062	0	3
2024.08.14	23:00:00	147.340	147.441	147.292	147.327	2424	0	2
2024.08.15	00:00:00	147.257	147.265	147.196	147.242	208	0	15
2024.08.15	01:00:00	147.242	147.309	147.150	147.287	1860	0	3
2024.08.15	02:00:00	147.287	147.403	147.220	147.274	4121	0	2
2024.08.15	03:00:00	147.273	147.357	147.155	147.230	7925	0	2
2024.08.15	04:00:00	147.230	147.617	147.201	147.522	8421	0	3
2024.08.15	05:00:00	147.522	147.586	147.414	147.465	7246	0	3
2024.08.15	06:00:00	147.465	147.474	147.339	147.406	4653	0	2
2024.08.15	07:00:00	147.406	147.417	147.233	147.270	5780	0	3
2024.08.15	08:00:00	147.268	147.349	147.052	147.136	5553	0	2
2024.08.15	09:00:00	147.136	147.333	147.107	147.163	6326	0	5
2024.08.15	10:00:00	147.165	147.265	147.095	147.215	6732	0	3
2024.08.15	11:00:00	147.216	147.392	147.204	147.337	6931	0	3
2024.08.15	12:00:00	147.337	147.448	147.319	147.374	5852	0	3
2024.08.15	13:00:00	147.375	147.385	147.201	147.231	5127	0	4
2024.08.15	14:00:00	147.220	147.330	147.179	147.220	6157	0	3
2024.08.15	15:00:00	147.219	149.159	147.185	148.956	11377	0	2
2024.08.15	16:00:00	148.957	149.324	148.868	149.080	12783	0	2
2024.08.15	17:00:00	149.077	149.152	148.781	149.036	11786	0	3
2024.08.15	18:00:00	149.032	149.033	148.864	148.915	7681	0	2
2024.08.15	19:00:00	148.914	149.051	148.848	149.041	5487	0	3
2024.08.15	20:00:00	149.042	149.186	148.957	149.092	5122	0	3
2024.08.15	21:00:00	149.093	149.110	148.981	149.006	4699	0	3
2024.08.15	22:00:00	149.006	149.047	148.969	149.043	3676	0	4
2024.08.15	23:00:00	149.043	149.366	149.017	149.358	2219	0	2
2024.08.16	00:00:00	149.280	149.335	149.273	149.290	188	0	14
2024.08.16	01:00:00	149.290	149.311	149.035	149.261	3464	0	2
2024.08.16	02:00:00	149.261	149.265	149.150	149.232	3691	0	2
2024.08.16	03:00:00	149.231	149.272	148.906	149.154	9152	0	2
2024.08.16	04:00:00	149.153	149.230	148.841	148.922	8356	0	3
2024.08.16	05:00:00	148.922	148.994	148.741	148.878	7551	0	2
2024.08.16	06:00:00	148.878	148.956	148.790	148.931	5730	0	2
2024.08.16	07:00:00	148.932	149.010	148.831	148.863	4715	0	2
2024.08.16	08:00:00	148.862	149.056	148.846	148.919	5369	0	2
2024.08.16	09:00:00	148.919	149.096	148.858	149.062	6432	0	3
2024.08.16	10:00:00	149.061	149.062	148.896	149.014	6882	0	2
2024.08.16	11:00:00	149.015	149.052	148.656	148.711	8218	0	4
2024.08.16	12:00:00	148.710	148.766	148.596	148.677	6568	0	3
2024.08.16	13:00:00	148.676	148.679	148.324	148.352	7344	0	3
2024.08.16	14:00:00	148.352	148.354	147.957	148.047	9402	0	3
2024.08.16	15:00:00	148.051	148.106	147.624	147.683	9627	0	2
2024.08.16	16:00:00	147.683	147.929	147.622	147.732	10245	0	3
2024.08.16	17:00:00	147.731	148.261	147.731	148.002	11252	0	2
2024.08.16	18:00:00	148.002	148.267	147.975	148.134	8575	0	3
2024.08.16	19:00:00	148.134	148.194	147.996	148.002	6181	0	3
2024.08.16	20:00:00	148.002	148.010	147.706	147.745	4619	0	3
2024.08.16	21:00:00	147.746	147.817	147.641	147.671	5910	0	3
2024.08.16	22:00:00	147.670	147.723	147.630	147.699	3254	0	3
2024.08.16	23:00:00	147.700	147.703	147.569	147.598	1831	0	3
2024.08.19	00:00:00	147.563	147.665	147.555	147.627	278	0	67
2024.08.19	01:00:00	147.628	147.909	147.608	147.861	3870	0	2
2024.08.19	02:00:00	147.861	148.052	147.827	147.961	3995	0	2
2024.08.19	03:00:00	147.960	148.001	147.731	147.816	8238	0	2
2024.08.19	04:00:00	147.816	147.879	147.314	147.413	9543	0	2
2024.08.19	05:00:00	147.413	147.636	147.301	147.346	6371	0	2
2024.08.19	06:00:00	147.346	147.372	146.313	146.462	8982	0	2
2024.08.19	07:00:00	146.463	146.622	145.857	146.189	7700	0	2
2024.08.19	08:00:00	146.190	146.297	145.410	145.425	9173	0	2
2024.08.19	09:00:00	145.424	145.877	145.185	145.873	11498	0	2
2024.08.19	10:00:00	145.872	146.255	145.672	146.106	10444	0	2
2024.08.19	11:00:00	146.106	146.231	145.903	146.078	9830	0	2
2024.08.19	12:00:00	146.079	146.279	145.959	146.269	8778	0	2
2024.08.19	13:00:00	146.269	146.521	146.240	146.349	9248	0	2
2024.08.19	14:00:00	146.348	146.389	146.026	146.039	8575	0	2
2024.08.19	15:00:00	146.039	146.268	145.928	146.215	8354	0	2
2024.08.19	16:00:00	146.215	146.576	146.215	146.397	9836	0	2
2024.08.19	17:00:00	146.398	146.677	146.190	146.364	10989	0	2
2024.08.19	18:00:00	146.363	146.711	146.351	146.422	7823	0	2
2024.08.19	19:00:00	146.422	146.597	146.385	146.499	5636	0	2
2024.08.19	20:00:00	146.499	146.619	146.457	146.538	4666	0	2
2024.08.19	21:00:00	146.532	146.686	146.484	146.653	5206	0	2
2024.08.19	22:00:00	146.653	146.677	146.552	146.634	4532	0	2
2024.08.19	23:00:00	146.635	146.693	146.582	146.634	1966	0	2
2024.08.20	00:00:00	146.557	146.625	146.530	146.557	158	0	27
2024.08.20	01:00:00	146.557	146.649	146.540	146.631	1290	0	2
2024.08.20	02:00:00	146.631	146.867	146.611	146.713	5068	0	2
2024.08.20	03:00:00	146.713	146.725	146.176	146.346	10830	0	2
2024.08.20	04:00:00	146.345	146.534	145.845	146.341	10167	0	2
2024.08.20	05:00:00	146.345	147.103	146.297	147.001	8226	0	2
2024.08.20	06:00:00	147.001	147.162	146.839	147.070	7337	0	2
2024.08.20	07:00:00	147.070	147.100	146.786	146.930	6100	0	2
2024.08.20	08:00:00	146.929	147.327	146.925	147.283	6674	0	2
2024.08.20	09:00:00	147.283	147.343	146.902	147.049	7909	0	2
2024.08.20	10:00:00	147.046	147.194	146.329	146.557	10114	0	2
2024.08.20	11:00:00	146.556	146.582	146.234	146.520	9468	0	2
2024.08.20	12:00:00	146.520	146.557	146.379	146.480	7109	0	2
2024.08.20	13:00:00	146.476	146.506	146.326	146.449	6597	0	2
2024.08.20	14:00:00	146.449	146.554	146.334	146.373	6121	0	2
2024.08.20	15:00:00	146.372	146.492	146.123	146.166	9346	0	2
2024.08.20	16:00:00	146.172	146.293	146.044	146.108	10487	0	2
2024.08.20	17:00:00	146.109	146.248	145.520	145.599	11948	0	2
2024.08.20	18:00:00	145.601	145.865	145.583	145.695	9153	0	2
2024.08.20	19:00:00	145.697	145.745	145.369	145.392	7686	0	2
2024.08.20	20:00:00	145.392	145.487	145.343	145.484	6144	0	2
2024.08.20	21:00:00	145.484	145.537	145.366	145.382	5903	0	2
2024.08.20	22:00:00	145.381	145.430	145.321	145.335	4675	0	2
2024.08.20	23:00:00	145.336	145.362	145.195	145.279	1780	0	2
2024.08.21	00:00:00	145.221	145.221	145.079	145.113	1538	0	6
2024.08.21	01:00:00	145.113	145.180	144.990	145.124	4598	0	2
2024.08.21	02:00:00	145.124	145.352	144.942	145.324	8519	0	2
2024.08.21	03:00:00	145.324	145.553	144.932	145.450	10730	0	2
2024.08.21	04:00:00	145.450	145.588	145.253	145.411	10272	0	2
2024.08.21	05:00:00	145.412	145.495	145.274	145.391	7608	0	2
2024.08.21	06:00:00	145.390	145.568	145.363	145.478	6831	0	2
2024.08.21	07:00:00	145.478	145.758	145.391	145.673	6601	0	2
2024.08.21	08:00:00	145.672	145.779	145.519	145.667	6513	0	2
2024.08.21	09:00:00	145.667	145.978	145.569	145.950	8074	0	2
2024.08.21	10:00:00	145.954	146.225	145.690	146.143	9981	0	2
2024.08.21	11:00:00	146.143	146.170	145.879	146.032	8484	0	2
2024.08.21	12:00:00	146.031	146.184	145.949	146.113	6932	0	2
2024.08.21	13:00:00	146.112	146.223	146.038	146.171	6450	0	2
2024.08.21	14:00:00	146.171	146.199	146.034	146.062	6289	0	2
2024.08.21	15:00:00	146.062	146.062	145.732	145.774	8824	0	2
2024.08.21	16:00:00	145.775	145.814	145.499	145.741	10262	0	2
2024.08.21	17:00:00	145.741	146.899	145.410	145.644	15810	0	2
2024.08.21	18:00:00	145.645	145.646	145.029	145.199	12121	0	2
2024.08.21	19:00:00	145.199	145.241	145.038	145.192	8533	0	2
2024.08.21	20:00:00	145.191	145.216	144.939	145.066	7251	0	2
2024.08.21	21:00:00	145.067	145.069	144.454	144.741	8171	0	2
2024.08.21	22:00:00	144.743	145.042	144.737	145.008	5888	0	2
2024.08.21	23:00:00	145.008	145.286	145.006	145.262	3127	0	2
2024.08.22	00:00:00	145.066	145.205	145.060	145.162	1118	0	24
2024.08.22	01:00:00	145.162	145.177	144.887	144.890	2778	0	2
2024.08.22	02:00:00	144.890	145.144	144.843	145.126	4472	0	2
2024.08.22	03:00:00	145.125	145.437	144.940	145.331	7105	0	2
2024.08.22	04:00:00	145.332	145.640	145.212	145.614	6350	0	2
2024.08.22	05:00:00	145.614	145.627	145.370	145.443	5230	0	2
2024.08.22	06:00:00	145.444	145.479	145.205	145.268	4110	0	2
2024.08.22	07:00:00	145.268	145.409	144.983	145.135	5979	0	2
2024.08.22	08:00:00	145.134	145.303	145.008	145.268	4324	0	2
2024.08.22	09:00:00	145.268	145.451	145.198	145.380	6752	0	2
2024.08.22	10:00:00	145.380	145.473	145.086	145.245	7498	0	2
2024.08.22	11:00:00	145.254	145.673	145.248	145.634	6884	0	2
2024.08.22	12:00:00	145.635	145.759	145.557	145.606	5588	0	2
2024.08.22	13:00:00	145.606	145.888	145.560	145.762	5315	0	2
2024.08.22	14:00:00	145.762	146.147	145.738	145.989	5860	0	2
2024.08.22	15:00:00	145.989	146.345	145.866	146.048	8679	0	2
2024.08.22	16:00:00	146.048	146.484	145.821	146.283	10579	0	2
2024.08.22	17:00:00	146.282	146.525	146.222	146.235	10374	0	3
2024.08.22	18:00:00	146.235	146.348	145.874	145.980	7708	0	2
2024.08.22	19:00:00	145.980	146.353	145.965	146.328	6200	0	2
2024.08.22	20:00:00	146.328	146.491	146.275	146.313	6498	0	2
2024.08.22	21:00:00	146.314	146.346	146.199	146.220	4237	0	2
2024.08.22	22:00:00	146.221	146.319	146.175	146.293	3661	0	2
2024.08.22	23:00:00	146.292	146.373	146.246	146.288	1261	0	2
2024.08.23	00:00:00	146.268	146.269	146.214	146.236	675	0	21
2024.08.23	01:00:00	146.236	146.277	146.150	146.180	2015	0	2
2024.08.23	02:00:00	146.180	146.233	146.019	146.208	3119	0	2
2024.08.23	03:00:00	146.210	146.335	145.886	146.073	8714	0	2
2024.08.23	04:00:00	146.074	146.131	145.458	145.483	9058	0	2
2024.08.23	05:00:00	145.482	145.697	145.293	145.599	7435	0	2
2024.08.23	06:00:00	145.601	145.718	145.479	145.668	4677	0	2
2024.08.23	07:00:00	145.668	145.900	145.574	145.772	4959	0	2
2024.08.23	08:00:00	145.771	145.771	145.559	145.672	3832	0	2
2024.08.23	09:00:00	145.672	145.797	145.287	145.454	6584	0	2
2024.08.23	10:00:00	145.454	145.979	145.413	145.824	7625	0	2
2024.08.23	11:00:00	145.825	146.025	145.749	145.931	6369	0	2
2024.08.23	12:00:00	145.931	146.155	145.925	146.139	5563	0	2
2024.08.23	13:00:00	146.139	146.175	145.992	146.018	4110	0	2
2024.08.23	14:00:00	146.018	146.099	145.936	146.030	4035	0	2
2024.08.23	15:00:00	146.033	146.179	145.943	145.985	7007	0	2
2024.08.23	16:00:00	145.985	146.481	145.974	146.223	7701	0	2
2024.08.23	17:00:00	146.223	146.281	144.945	145.213	15517	0	2
2024.08.23	18:00:00	145.212	145.217	144.598	144.865	11509	0	2
2024.08.23	19:00:00	144.865	144.980	144.751	144.847	8382	0	2
2024.08.23	20:00:00	144.847	144.854	144.339	144.402	6343	0	2
2024.08.23	21:00:00	144.403	144.447	144.128	144.292	6666	0	2
2024.08.23	22:00:00	144.294	144.303	144.045	144.236	4936	0	2
2024.08.23	23:00:00	144.234	144.390	144.216	144.366	2736	0	2
2024.08.26	00:00:00	144.180	144.206	143.978	144.016	471	0	81
2024.08.26	01:00:00	144.009	144.341	143.848	143.901	5824	0	3
2024.08.26	02:00:00	143.901	144.023	143.554	143.923	8284	0	3
2024.08.26	03:00:00	143.923	144.053	143.445	143.716	10690	0	2
2024.08.26	04:00:00	143.716	143.885	143.444	143.741	9240	0	2
2024.08.26	05:00:00	143.740	143.991	143.538	143.929	6390	0	2
2024.08.26	06:00:00	143.928	144.092	143.794	143.970	6237	0	3
2024.08.26	07:00:00	143.970	144.043	143.741	144.043	5231	0	2
2024.08.26	08:00:00	144.042	144.217	143.925	144.055	5293	0	2
2024.08.26	09:00:00	144.055	144.067	143.686	143.767	7935	0	3
2024.08.26	10:00:00	143.767	143.911	143.601	143.887	7457	0	3
2024.08.26	11:00:00	143.887	143.963	143.775	143.860	6050	0	3
2024.08.26	12:00:00	143.859	144.001	143.822	143.967	4589	0	3
2024.08.26	13:00:00	143.968	144.122	143.968	144.031	4751	0	3
2024.08.26	14:00:00	144.031	144.228	143.960	144.134	6260	0	3
2024.08.26	15:00:00	144.133	144.367	143.912	143.934	8106	0	2
2024.08.26	16:00:00	143.935	144.416	143.855	144.410	9213	0	4
2024.08.26	17:00:00	144.413	144.455	144.105	144.144	9595	0	3
2024.08.26	18:00:00	144.148	144.607	144.134	144.511	7370	0	3
2024.08.26	19:00:00	144.511	144.603	144.445	144.457	4815	0	3
2024.08.26	20:00:00	144.458	144.558	144.317	144.523	4723	0	3
2024.08.26	21:00:00	144.523	144.652	144.500	144.503	3982	0	3
2024.08.26	22:00:00	144.504	144.601	144.496	144.600	2886	0	3
2024.08.26	23:00:00	144.599	144.611	144.453	144.515	1597	0	3
2024.08.27	00:00:00	144.517	144.530	144.432	144.484	254	0	16
2024.08.27	01:00:00	144.484	144.515	144.318	144.367	2360	0	2
2024.08.27	02:00:00	144.367	144.529	144.232	144.505	3467	0	2
2024.08.27	03:00:00	144.506	144.862	144.452	144.844	6218	0	2
2024.08.27	04:00:00	144.844	144.951	144.604	144.697	5500	0	2
2024.08.27	05:00:00	144.695	144.960	144.651	144.870	4494	0	2
2024.08.27	06:00:00	144.871	144.971	144.800	144.832	3418	0	2
2024.08.27	07:00:00	144.833	144.835	144.624	144.635	4048	0	2
2024.08.27	08:00:00	144.635	144.892	144.571	144.792	4358	0	2
2024.08.27	09:00:00	144.792	144.860	144.643	144.826	6157	0	3
2024.08.27	10:00:00	144.827	145.176	144.782	144.998	8290	0	3
2024.08.27	11:00:00	144.998	145.151	144.935	145.061	6509	0	3
2024.08.27	12:00:00	145.059	145.073	144.734	144.832	5941	0	3
2024.08.27	13:00:00	144.832	144.859	144.677	144.781	5810	0	3
2024.08.27	14:00:00	144.781	144.884	144.505	144.536	7195	0	3
2024.08.27	15:00:00	144.533	144.606	144.335	144.391	7830	0	3
2024.08.27	16:00:00	144.390	144.485	144.237	144.323	9273	0	3
2024.08.27	17:00:00	144.333	144.506	144.156	144.253	10408	0	4
2024.08.27	18:00:00	144.253	144.369	144.183	144.265	7277	0	3
2024.08.27	19:00:00	144.265	144.294	144.101	144.138	4035	0	3
2024.08.27	20:00:00	144.138	144.162	143.944	144.149	4536	0	3
2024.08.27	21:00:00	144.150	144.151	143.916	144.013	4140	0	3
2024.08.27	22:00:00	144.015	144.070	143.943	143.976	2983	0	3
2024.08.27	23:00:00	143.975	144.011	143.939	143.947	1902	0	2
2024.08.28	00:00:00	143.904	143.998	143.892	143.934	813	0	27
2024.08.28	01:00:00	143.934	143.950	143.682	143.867	2935	0	3
2024.08.28	02:00:00	143.867	143.984	143.723	143.967	3535	0	2
2024.08.28	03:00:00	143.969	144.245	143.908	144.110	6820	0	3
2024.08.28	04:00:00	144.111	144.394	144.090	144.359	6923	0	3
2024.08.28	05:00:00	144.360	144.462	144.294	144.441	5672	0	2
2024.08.28	06:00:00	144.442	144.489	144.321	144.413	4324	0	3
2024.08.28	07:00:00	144.412	144.538	144.342	144.353	4512	0	2
2024.08.28	08:00:00	144.353	144.538	144.289	144.398	6570	0	2
2024.08.28	09:00:00	144.399	144.606	144.364	144.531	6645	0	3
2024.08.28	10:00:00	144.532	144.571	144.334	144.562	6938	0	3
2024.08.28	11:00:00	144.562	144.575	144.318	144.346	5722	0	3
2024.08.28	12:00:00	144.347	144.347	144.060	144.278	5689	0	3
2024.08.28	13:00:00	144.278	144.491	144.243	144.409	5494	0	3
2024.08.28	14:00:00	144.409	144.488	144.272	144.325	5179	0	3
2024.08.28	15:00:00	144.325	144.775	144.311	144.707	7118	0	4
2024.08.28	16:00:00	144.706	145.039	144.699	144.843	9434	0	4
2024.08.28	17:00:00	144.841	144.841	144.440	144.489	8793	0	2
2024.08.28	18:00:00	144.490	144.626	144.349	144.472	8559	0	2
2024.08.28	19:00:00	144.472	144.757	144.466	144.737	5624	0	3
2024.08.28	20:00:00	144.738	144.809	144.568	144.631	5490	0	3
2024.08.28	21:00:00	144.631	144.729	144.511	144.651	4866	0	3
2024.08.28	22:00:00	144.650	144.761	144.650	144.702	3984	0	3
2024.08.28	23:00:00	144.703	144.774	144.413	144.603	4891	0	3
2024.08.29	00:00:00	144.497	144.530	144.411	144.434	339	0	11
2024.08.29	01:00:00	144.434	144.464	144.282	144.296	4345	0	3
2024.08.29	02:00:00	144.296	144.471	144.218	144.439	4096	0	3
2024.08.29	03:00:00	144.436	144.598	144.270	144.428	7139	0	3
2024.08.29	04:00:00	144.429	144.661	144.341	144.632	5939	0	3
2024.08.29	05:00:00	144.633	144.698	144.452	144.588	4318	0	2
2024.08.29	06:00:00	144.586	144.614	144.479	144.525	3413	0	3
2024.08.29	07:00:00	144.526	144.719	144.459	144.669	4707	0	3
2024.08.29	08:00:00	144.669	144.862	144.557	144.619	6082	0	2
2024.08.29	09:00:00	144.621	144.674	144.459	144.583	6373	0	3
2024.08.29	10:00:00	144.555	144.844	144.555	144.726	6981	0	3
2024.08.29	11:00:00	144.725	144.745	144.468	144.689	9124	0	3
2024.08.29	12:00:00	144.689	144.736	144.439	144.521	7323	0	3
2024.08.29	13:00:00	144.519	144.585	144.461	144.486	5965	0	3
2024.08.29	14:00:00	144.486	144.704	144.462	144.590	6380	0	3
2024.08.29	15:00:00	144.589	145.423	144.526	145.400	10207	0	3
2024.08.29	16:00:00	145.400	145.495	145.264	145.373	10760	0	5
2024.08.29	17:00:00	145.373	145.554	145.184	145.348	10421	0	3
2024.08.29	18:00:00	145.347	145.390	144.974	144.985	7842	0	3
2024.08.29	19:00:00	144.985	145.045	144.901	145.005	6033	0	3
2024.08.29	20:00:00	145.005	145.020	144.818	144.856	5600	0	3
2024.08.29	21:00:00	144.855	144.896	144.722	144.778	7129	0	4
2024.08.29	22:00:00	144.779	144.936	144.754	144.917	7396	0	3
2024.08.29	23:00:00	144.921	144.997	144.901	144.988	4554	0	2
2024.08.30	00:00:00	144.926	145.030	144.908	144.973	472	0	6
2024.08.30	01:00:00	144.973	145.025	144.840	144.903	1612	0	3
2024.08.30	02:00:00	144.903	145.074	144.840	144.889	2805	0	3
2024.08.30	03:00:00	144.889	144.942	144.653	144.726	5885	0	2
2024.08.30	04:00:00	144.726	144.876	144.686	144.763	5296	0	3
2024.08.30	05:00:00	144.763	144.842	144.703	144.772	3973	0	2
2024.08.30	06:00:00	144.772	144.803	144.750	144.792	2686	0	2
2024.08.30	07:00:00	144.793	144.885	144.771	144.846	3332	0	3
2024.08.30	08:00:00	144.846	144.946	144.789	144.856	3917	0	2
2024.08.30	09:00:00	144.866	145.093	144.866	144.961	4764	0	3
2024.08.30	10:00:00	144.953	145.009	144.817	144.932	5109	0	3
2024.08.30	11:00:00	144.932	145.127	144.850	145.115	4730	0	3
2024.08.30	12:00:00	145.116	145.151	145.018	145.131	4392	0	3
2024.08.30	13:00:00	145.131	145.296	145.106	145.292	4527	0	3
2024.08.30	14:00:00	145.293	145.455	145.227	145.426	4971	0	2
2024.08.30	15:00:00	145.416	145.748	145.250	145.635	9039	0	2
2024.08.30	16:00:00	145.635	145.690	145.424	145.601	9138	0	2
2024.08.30	17:00:00	145.600	145.718	145.316	145.588	10435	0	2
2024.08.30	18:00:00	145.589	145.969	145.558	145.955	8566	0	2
2024.08.30	19:00:00	145.954	146.246	145.907	146.226	7402	0	3
2024.08.30	20:00:00	146.226	146.245	146.072	146.151	5246	0	2
2024.08.30	21:00:00	146.152	146.175	146.049	146.093	3683	0	2
2024.08.30	22:00:00	146.092	146.244	146.069	146.182	4116	0	2
2024.08.30	23:00:00	146.183	146.210	146.089	146.202	2667	0	2
2024.09.02	00:00:00	146.046	146.147	146.042	146.077	600	0	89
2024.09.02	01:00:00	146.079	146.450	146.068	146.450	1940	0	2
2024.09.02	02:00:00	146.446	146.599	146.360	146.403	4568	0	2
2024.09.02	03:00:00	146.403	146.547	146.162	146.193	7100	0	2
2024.09.02	04:00:00	146.193	146.283	146.057	146.216	5299	0	2
2024.09.02	05:00:00	146.215	146.253	145.901	145.969	5400	0	2
2024.09.02	06:00:00	145.968	146.015	145.826	145.950	5098	0	2
2024.09.02	07:00:00	145.952	145.952	145.772	145.937	4173	0	2
2024.09.02	08:00:00	145.937	146.217	145.930	146.108	3795	0	2
2024.09.02	09:00:00	146.108	146.297	146.063	146.161	5162	0	2
2024.09.02	10:00:00	146.161	146.477	146.123	146.475	6963	0	2
2024.09.02	11:00:00	146.475	146.846	146.433	146.703	7769	0	2
2024.09.02	12:00:00	146.702	146.747	146.600	146.680	5331	0	2
2024.09.02	13:00:00	146.680	146.809	146.627	146.808	4128	0	2
2024.09.02	14:00:00	146.808	146.992	146.750	146.988	4041	0	2
2024.09.02	15:00:00	146.988	146.992	146.910	146.983	4063	0	2
2024.09.02	16:00:00	146.982	147.178	146.834	146.962	5348	0	2
2024.09.02	17:00:00	146.963	147.016	146.918	146.959	5247	0	2
2024.09.02	18:00:00	146.959	147.071	146.906	146.951	2877	0	2
2024.09.02	19:00:00	146.951	146.986	146.804	146.813	2370	0	5
2024.09.02	20:00:00	146.814	146.895	146.814	146.889	608	0	5
2024.09.02	21:00:00	146.888	146.907	146.854	146.902	516	0	5
2024.09.02	22:00:00	146.901	146.901	146.857	146.886	469	0	5
2024.09.02	23:00:00	146.887	146.913	146.847	146.874	583	0	5
2024.09.03	00:00:00	146.825	146.900	146.818	146.892	414	0	13
2024.09.03	01:00:00	146.892	146.963	146.847	146.949	752	0	2
2024.09.03	02:00:00	146.949	146.961	146.713	146.748	1858	0	2
2024.09.03	03:00:00	146.748	147.209	146.666	147.128	8367	0	2
2024.09.03	04:00:00	147.126	147.147	146.588	146.615	6833	0	2
2024.09.03	05:00:00	146.614	146.767	146.566	146.640	6587	0	2
2024.09.03	06:00:00	146.641	146.733	146.444	146.545	6419	0	2
2024.09.03	07:00:00	146.544	146.576	146.391	146.537	6672	0	2
2024.09.03	08:00:00	146.536	146.593	146.137	146.311	6026	0	2
2024.09.03	09:00:00	146.311	146.406	145.990	146.016	7883	0	2
2024.09.03	10:00:00	146.008	146.245	145.888	145.949	9728	0	2
2024.09.03	11:00:00	145.949	146.017	145.613	145.815	9330	0	2
2024.09.03	12:00:00	145.803	145.984	145.793	145.935	6173	0	2
2024.09.03	13:00:00	145.934	146.067	145.861	146.035	5383	0	2
2024.09.03	14:00:00	146.035	146.236	145.893	146.173	5814	0	2
2024.09.03	15:00:00	146.174	146.286	145.872	145.880	7420	0	4
2024.09.03	16:00:00	145.884	145.923	145.282	145.418	11503	0	3
2024.09.03	17:00:00	145.412	145.666	145.102	145.567	12841	0	2
2024.09.03	18:00:00	145.567	145.920	145.567	145.823	8281	0	2
2024.09.03	19:00:00	145.829	145.921	145.713	145.766	5744	0	2
2024.09.03	20:00:00	145.766	145.906	145.736	145.900	4126	0	2
2024.09.03	21:00:00	145.896	145.908	145.771	145.803	4469	0	2
2024.09.03	22:00:00	145.804	145.831	145.565	145.631	4676	0	2
2024.09.03	23:00:00	145.630	145.718	145.465	145.474	3491	0	2
2024.09.04	00:00:00	145.454	145.499	145.374	145.419	569	0	25
2024.09.04	01:00:00	145.419	145.557	145.270	145.338	3108	0	2
2024.09.04	02:00:00	145.338	145.396	145.091	145.366	5871	0	2
2024.09.04	03:00:00	145.365	145.550	144.889	145.175	10384	0	2
2024.09.04	04:00:00	145.176	145.537	145.145	145.408	7263	0	2
2024.09.04	05:00:00	145.406	145.502	145.219	145.447	6116	0	2
2024.09.04	06:00:00	145.447	145.547	145.268	145.311	4776	0	2
2024.09.04	07:00:00	145.311	145.537	145.211	145.248	4933	0	2
2024.09.04	08:00:00	145.247	145.256	145.031	145.168	6604	0	2
2024.09.04	09:00:00	145.168	145.318	144.856	144.872	8556	0	2
2024.09.04	10:00:00	144.875	145.044	144.751	144.984	8618	0	2
2024.09.04	11:00:00	144.985	145.226	144.912	145.208	6326	0	2
2024.09.04	12:00:00	145.208	145.267	145.069	145.108	5103	0	2
2024.09.04	13:00:00	145.109	145.189	144.934	145.065	5058	0	2
2024.09.04	14:00:00	145.065	145.089	144.862	144.892	5319	0	2
2024.09.04	15:00:00	144.891	145.214	144.885	145.076	8234	0	2
2024.09.04	16:00:00	145.077	145.147	144.746	144.780	9426	0	2
2024.09.04	17:00:00	144.779	144.779	143.996	144.120	14640	0	2
2024.09.04	18:00:00	144.121	144.420	144.034	144.308	9972	0	2
2024.09.04	19:00:00	144.308	144.371	144.009	144.051	7501	0	3
2024.09.04	20:00:00	144.050	144.084	143.945	144.075	6246	0	2
2024.09.04	21:00:00	144.076	144.126	143.856	143.888	6272	0	2
2024.09.04	22:00:00	143.887	143.946	143.791	143.822	6661	0	2
2024.09.04	23:00:00	143.821	143.875	143.708	143.710	3916	0	2
2024.09.05	00:00:00	143.653	143.665	143.588	143.645	358	0	11
2024.09.05	01:00:00	143.645	143.747	143.511	143.623	2250	0	2
2024.09.05	02:00:00	143.623	143.686	143.184	143.335	5806	0	2
2024.09.05	03:00:00	143.335	143.801	143.295	143.720	9102	0	2
2024.09.05	04:00:00	143.721	143.835	143.431	143.706	8275	0	2
2024.09.05	05:00:00	143.707	143.905	143.606	143.833	6124	0	2
2024.09.05	06:00:00	143.832	143.880	143.675	143.765	5174	0	2
2024.09.05	07:00:00	143.766	143.853	143.488	143.579	4493	0	2
2024.09.05	08:00:00	143.579	143.600	143.318	143.406	5492	0	2
2024.09.05	09:00:00	143.407	143.455	143.047	143.238	8608	0	2
2024.09.05	10:00:00	143.239	143.737	143.227	143.610	9122	0	2
2024.09.05	11:00:00	143.609	143.750	143.525	143.584	7550	0	2
2024.09.05	12:00:00	143.574	143.647	143.426	143.607	6524	0	2
2024.09.05	13:00:00	143.605	143.645	143.465	143.491	4575	0	2
2024.09.05	14:00:00	143.492	143.572	143.418	143.451	5011	0	2
2024.09.05	15:00:00	143.451	143.602	142.846	143.100	11343	0	2
2024.09.05	16:00:00	143.099	143.273	143.039	143.198	10554	0	2
2024.09.05	17:00:00	143.199	144.229	143.199	143.920	12687	0	2
2024.09.05	18:00:00	143.922	144.028	143.412	143.434	9812	0	2
2024.09.05	19:00:00	143.431	143.546	143.368	143.433	6771	0	2
2024.09.05	20:00:00	143.434	143.449	143.194	143.351	6578	0	2
2024.09.05	21:00:00	143.350	143.484	143.205	143.415	4899	0	2
2024.09.05	22:00:00	143.415	143.507	143.311	143.456	5420	0	2
2024.09.05	23:00:00	143.457	143.490	143.378	143.437	3833	0	2
2024.09.06	00:00:00	143.393	143.437	143.388	143.413	276	0	27
2024.09.06	01:00:00	143.413	143.458	143.326	143.412	1483	0	2
2024.09.06	02:00:00	143.412	143.483	143.349	143.387	2889	0	2
2024.09.06	03:00:00	143.390	143.422	143.153	143.179	7075	0	2
2024.09.06	04:00:00	143.180	143.365	143.101	143.279	4882	0	2
2024.09.06	05:00:00	143.277	143.310	143.169	143.199	3114	0	2
2024.09.06	06:00:00	143.199	143.227	142.985	143.033	3132	0	2
2024.09.06	07:00:00	143.033	143.033	142.887	142.994	4674	0	2
2024.09.06	08:00:00	142.994	143.004	142.408	142.608	7468	0	2
2024.09.06	09:00:00	142.609	142.657	142.257	142.395	9053	0	2
2024.09.06	10:00:00	142.396	142.539	142.057	142.522	10057	0	2
2024.09.06	11:00:00	142.524	142.727	142.481	142.613	7869	0	2
2024.09.06	12:00:00	142.613	142.894	142.594	142.802	5481	0	2
2024.09.06	13:00:00	142.802	142.959	142.794	142.855	5616	0	2
2024.09.06	14:00:00	142.855	143.127	142.825	143.060	5910	0	3
2024.09.06	15:00:00	143.062	144.032	141.992	142.990	13062	0	2
2024.09.06	16:00:00	142.990	143.895	142.795	143.521	14943	0	3
2024.09.06	17:00:00	143.520	143.545	142.210	142.437	15071	0	2
2024.09.06	18:00:00	142.445	142.751	141.769	142.136	15533	0	2
2024.09.06	19:00:00	142.141	142.665	142.072	142.448	12051	0	2
2024.09.06	20:00:00	142.446	142.692	142.233	142.423	9467	0	3
2024.09.06	21:00:00	142.424	142.480	142.246	142.361	8288	0	2
2024.09.06	22:00:00	142.359	142.480	142.357	142.418	5679	0	2
2024.09.06	23:00:00	142.418	142.431	142.251	142.316	4231	0	2
2024.09.09	00:00:00	142.272	142.355	142.036	142.110	1211	0	102
2024.09.09	01:00:00	142.123	142.305	141.944	142.144	3990	0	2
2024.09.09	02:00:00	142.144	142.527	142.085	142.486	7031	0	2
2024.09.09	03:00:00	142.486	142.745	142.418	142.696	9229	0	2
2024.09.09	04:00:00	142.695	142.983	142.614	142.959	8674	0	2
2024.09.09	05:00:00	142.959	142.989	142.700	142.821	6035	0	2
2024.09.09	06:00:00	142.821	142.957	142.638	142.760	6008	0	2
2024.09.09	07:00:00	142.761	143.093	142.739	142.974	6991	0	2
2024.09.09	08:00:00	142.974	143.071	142.772	142.916	7547	0	2
2024.09.09	09:00:00	142.914	143.056	142.794	143.001	8528	0	2
2024.09.09	10:00:00	143.009	143.356	143.007	143.158	9123	0	2
2024.09.09	11:00:00	143.158	143.434	143.096	143.379	7283	0	2
2024.09.09	12:00:00	143.378	143.573	143.265	143.489	6253	0	2
2024.09.09	13:00:00	143.489	143.777	143.474	143.670	5914	0	2
2024.09.09	14:00:00	143.666	143.791	143.536	143.611	5654	0	2
2024.09.09	15:00:00	143.608	143.697	143.090	143.230	7186	0	2
2024.09.09	16:00:00	143.230	143.232	142.723	142.792	9747	0	2
2024.09.09	17:00:00	142.791	142.994	142.654	142.740	9545	0	2
2024.09.09	18:00:00	142.741	143.010	142.715	142.924	7483	0	2
2024.09.09	19:00:00	142.924	142.952	142.821	142.878	5118	0	2
2024.09.09	20:00:00	142.877	142.914	142.709	142.815	5591	0	2
2024.09.09	21:00:00	142.814	142.895	142.758	142.807	4081	0	2
2024.09.09	22:00:00	142.809	142.963	142.778	142.956	4196	0	2
2024.09.09	23:00:00	142.955	143.158	142.950	143.143	2684	0	2
2024.09.10	00:00:00	143.138	143.146	143.106	143.122	123	0	21
2024.09.10	01:00:00	143.122	143.141	142.849	143.041	2227	0	2
2024.09.10	02:00:00	143.042	143.299	143.042	143.183	3809	0	2
2024.09.10	03:00:00	143.182	143.479	143.115	143.470	8457	0	2
2024.09.10	04:00:00	143.471	143.543	143.354	143.422	5753	0	2
2024.09.10	05:00:00	143.420	143.428	143.190	143.402	5580	0	2
2024.09.10	06:00:00	143.402	143.428	143.174	143.237	4327	0	2
2024.09.10	07:00:00	143.238	143.277	143.048	143.080	4002	0	2
2024.09.10	08:00:00	143.079	143.185	143.044	143.152	4787	0	2
2024.09.10	09:00:00	143.156	143.454	143.090	143.395	6127	0	2
2024.09.10	10:00:00	143.398	143.612	143.335	143.600	7363	0	2
2024.09.10	11:00:00	143.601	143.710	143.438	143.510	6943	0	2
2024.09.10	12:00:00	143.511	143.519	143.151	143.158	6319	0	2
2024.09.10	13:00:00	143.158	143.212	142.947	143.040	5396	0	2
2024.09.10	14:00:00	143.040	143.189	142.993	143.126	6623	0	2
2024.09.10	15:00:00	143.125	143.191	142.753	142.866	7753	0	2
2024.09.10	16:00:00	142.869	143.112	142.826	143.006	8438	0	2
2024.09.10	17:00:00	143.005	143.045	142.531	142.716	11143	0	2
2024.09.10	18:00:00	142.716	142.729	142.255	142.286	8765	0	2
2024.09.10	19:00:00	142.286	142.472	142.190	142.461	6203	0	2
2024.09.10	20:00:00	142.458	142.567	142.322	142.392	6106	0	2
2024.09.10	21:00:00	142.392	142.460	142.218	142.344	5461	0	2
2024.09.10	22:00:00	142.344	142.390	142.291	142.309	4613	0	2
2024.09.10	23:00:00	142.309	142.493	142.302	142.475	3440	0	2
2024.09.11	00:00:00	142.383	142.426	142.318	142.407	1655	0	28
2024.09.11	01:00:00	142.407	142.472	142.336	142.445	1436	0	2
2024.09.11	02:00:00	142.445	142.470	142.211	142.235	3310	0	2
2024.09.11	03:00:00	142.234	142.296	142.021	142.291	8339	0	2
2024.09.11	04:00:00	142.292	142.425	141.506	141.829	9299	0	2
2024.09.11	05:00:00	141.832	141.901	141.558	141.830	7100	0	2
2024.09.11	06:00:00	141.831	141.961	141.252	141.396	7079	0	2
2024.09.11	07:00:00	141.397	141.397	140.889	141.093	8339	0	2
2024.09.11	08:00:00	141.092	141.296	140.705	141.287	9052	0	2
2024.09.11	09:00:00	141.287	141.451	141.149	141.374	7964	0	2
2024.09.11	10:00:00	141.375	141.537	141.166	141.386	9457	0	2
2024.09.11	11:00:00	141.387	141.696	141.330	141.531	7614	0	2
2024.09.11	12:00:00	141.531	141.578	141.288	141.569	6591	0	2
2024.09.11	13:00:00	141.569	141.691	141.489	141.576	6233	0	2
2024.09.11	14:00:00	141.580	141.821	141.505	141.689	6486	0	2
2024.09.11	15:00:00	141.690	142.547	141.690	142.292	12081	0	3
2024.09.11	16:00:00	142.294	142.494	141.779	141.812	12495	0	2
2024.09.11	17:00:00	141.811	141.952	141.246	141.428	14560	0	2
2024.09.11	18:00:00	141.426	141.820	141.381	141.725	10235	0	2
2024.09.11	19:00:00	141.721	142.032	141.721	141.949	9770	0	2
2024.09.11	20:00:00	141.949	142.322	141.892	142.203	9199	0	2
2024.09.11	21:00:00	142.203	142.253	142.092	142.199	6384	0	2
2024.09.11	22:00:00	142.199	142.411	142.190	142.372	5713	0	2
2024.09.11	23:00:00	142.372	142.458	142.351	142.363	4249	0	2
2024.09.12	00:00:00	142.285	142.320	142.237	142.271	283	0	16
2024.09.12	01:00:00	142.272	142.472	142.225	142.457	1687	0	2
2024.09.12	02:00:00	142.457	142.675	142.443	142.638	3651	0	2
2024.09.12	03:00:00	142.638	142.950	142.604	142.682	8084	0	2
2024.09.12	04:00:00	142.681	142.708	142.257	142.543	9507	0	2
2024.09.12	05:00:00	142.539	142.633	142.344	142.528	7252	0	2
2024.09.12	06:00:00	142.527	142.608	142.353	142.594	4359	0	2
2024.09.12	07:00:00	142.593	142.842	142.579	142.784	4909	0	2
2024.09.12	08:00:00	142.783	142.915	142.609	142.831	6716	0	2
2024.09.12	09:00:00	142.832	142.840	142.465	142.576	7190	0	2
2024.09.12	10:00:00	142.577	143.041	142.549	142.765	8790	0	2
2024.09.12	11:00:00	142.765	142.765	142.531	142.581	8710	0	2
2024.09.12	12:00:00	142.583	142.709	142.519	142.678	6440	0	2
2024.09.12	13:00:00	142.679	142.776	142.585	142.617	5375	0	2
2024.09.12	14:00:00	142.621	142.638	142.366	142.567	6497	0	2
2024.09.12	15:00:00	142.560	142.617	141.961	142.099	12216	0	2
2024.09.12	16:00:00	142.099	142.436	141.908	142.009	13055	0	3
2024.09.12	17:00:00	142.017	142.664	142.003	142.481	11025	0	2
2024.09.12	18:00:00	142.480	142.559	142.193	142.241	9462	0	2
2024.09.12	19:00:00	142.241	142.654	142.209	142.513	8551	0	2
2024.09.12	20:00:00	142.514	142.561	142.239	142.271	8376	0	2
2024.09.12	21:00:00	142.272	142.370	141.907	142.022	8587	0	2
2024.09.12	22:00:00	142.022	142.091	141.748	141.881	8282	0	2
2024.09.12	23:00:00	141.881	141.926	141.726	141.800	5653	0	2
2024.09.13	00:00:00	141.764	141.868	141.764	141.822	136	0	27
2024.09.13	01:00:00	141.822	141.873	141.695	141.841	1876	0	2
2024.09.13	02:00:00	141.841	141.841	141.425	141.511	4955	0	2
2024.09.13	03:00:00	141.519	141.556	141.159	141.196	9405	0	2
2024.09.13	04:00:00	141.195	141.294	141.007	141.226	8088	0	2
2024.09.13	05:00:00	141.226	141.289	140.776	141.038	6847	0	2
2024.09.13	06:00:00	141.038	141.131	140.815	140.975	4700	0	2
2024.09.13	07:00:00	140.976	141.023	140.645	140.956	4798	0	2
2024.09.13	08:00:00	140.956	141.176	140.745	140.863	5283	0	2
2024.09.13	09:00:00	140.867	141.174	140.828	141.090	8809	0	2
2024.09.13	10:00:00	141.090	141.411	140.818	140.912	7411	0	2
2024.09.13	11:00:00	140.910	140.971	140.409	140.705	9946	0	2
2024.09.13	12:00:00	140.695	140.734	140.362	140.573	8416	0	2
2024.09.13	13:00:00	140.573	140.715	140.363	140.695	7170	0	2
2024.09.13	14:00:00	140.693	140.974	140.597	140.833	6721	0	2
2024.09.13	15:00:00	140.833	141.015	140.699	140.730	8436	0	2
2024.09.13	16:00:00	140.730	140.731	140.279	140.355	10250	0	2
2024.09.13	17:00:00	140.355	140.769	140.281	140.638	10957	0	2
2024.09.13	18:00:00	140.638	140.675	140.339	140.666	6844	0	2
2024.09.13	19:00:00	140.664	140.943	140.587	140.813	7102	0	2
2024.09.13	20:00:00	140.812	140.962	140.769	140.909	5783	0	2
2024.09.13	21:00:00	140.909	141.008	140.834	140.931	5231	0	2
2024.09.13	22:00:00	140.930	140.967	140.883	140.925	3839	0	2
2024.09.13	23:00:00	140.926	140.940	140.874	140.877	3275	0	2
2024.09.16	00:00:00	140.754	140.868	140.606	140.706	547	0	98
2024.09.16	01:00:00	140.700	140.786	140.458	140.693	3394	0	2
2024.09.16	02:00:00	140.693	140.900	140.686	140.850	3445	0	2
2024.09.16	03:00:00	140.851	140.852	140.421	140.527	6610	0	2
2024.09.16	04:00:00	140.526	140.586	140.446	140.544	5204	0	2
2024.09.16	05:00:00	140.545	140.560	140.472	140.533	4403	0	2
2024.09.16	06:00:00	140.534	140.541	140.048	140.125	5737	0	2
2024.09.16	07:00:00	140.124	140.300	139.949	140.216	6010	0	2
2024.09.16	08:00:00	140.214	140.288	140.066	140.197	4383	0	2
2024.09.16	09:00:00	140.193	140.232	139.730	139.850	7676	0	2
2024.09.16	10:00:00	139.852	139.935	139.576	139.876	9154	0	2
2024.09.16	11:00:00	139.874	139.946	139.733	139.852	7524	0	2
2024.09.16	12:00:00	139.851	140.276	139.829	140.206	6311	0	2
2024.09.16	13:00:00	140.206	140.233	140.023	140.122	6542	0	2
2024.09.16	14:00:00	140.122	140.168	139.876	139.885	6552	0	2
2024.09.16	15:00:00	139.886	140.445	139.752	140.239	9479	0	3
2024.09.16	16:00:00	140.238	140.483	140.212	140.460	9762	0	2
2024.09.16	17:00:00	140.458	140.709	140.324	140.450	8678	0	2
2024.09.16	18:00:00	140.447	140.912	140.429	140.798	7978	0	2
2024.09.16	19:00:00	140.797	140.858	140.603	140.641	5358	0	2
2024.09.16	20:00:00	140.642	140.769	140.601	140.680	4198	0	2
2024.09.16	21:00:00	140.680	140.745	140.615	140.714	4071	0	2
2024.09.16	22:00:00	140.713	140.885	140.693	140.703	3717	0	2
2024.09.16	23:00:00	140.700	140.718	140.573	140.577	3964	0	2
2024.09.17	00:00:00	140.590	140.623	140.571	140.604	107	0	50
2024.09.17	01:00:00	140.604	140.868	140.604	140.867	1584	0	2
2024.09.17	02:00:00	140.867	141.247	140.756	140.798	5156	0	2
2024.09.17	03:00:00	140.798	140.845	140.472	140.666	7196	0	2
2024.09.17	04:00:00	140.666	140.669	140.339	140.447	7069	0	2
2024.09.17	05:00:00	140.449	140.589	140.320	140.577	5254	0	2
2024.09.17	06:00:00	140.577	140.669	140.462	140.600	5056	0	2
2024.09.17	07:00:00	140.598	140.755	140.572	140.680	5500	0	2
2024.09.17	08:00:00	140.681	140.805	140.503	140.700	5164	0	2
2024.09.17	09:00:00	140.700	140.721	140.514	140.681	6358	0	2
2024.09.17	10:00:00	140.681	140.698	140.347	140.598	7863	0	2
2024.09.17	11:00:00	140.597	140.698	140.438	140.572	5795	0	2
2024.09.17	12:00:00	140.571	140.651	140.476	140.641	5264	0	2
2024.09.17	13:00:00	140.641	140.682	140.575	140.671	3977	0	2
2024.09.17	14:00:00	140.671	140.739	140.481	140.606	4930	0	2
2024.09.17	15:00:00	140.606	141.132	140.541	140.971	10564	0	4
2024.09.17	16:00:00	140.971	141.666	140.870	141.584	11543	0	3
2024.09.17	17:00:00	141.585	141.902	141.529	141.695	11069	0	2
2024.09.17	18:00:00	141.694	141.816	141.584	141.775	8122	0	2
2024.09.17	19:00:00	141.775	141.996	141.689	141.734	7166	0	3
2024.09.17	20:00:00	141.733	142.005	141.719	141.904	7570	0	2
2024.09.17	21:00:00	141.905	141.987	141.792	141.807	6660	0	2
2024.09.17	22:00:00	141.808	142.295	141.780	142.228	6972	0	2
2024.09.17	23:00:00	142.227	142.463	142.198	142.404	3650	0	2
2024.09.18	00:00:00	142.350	142.375	142.315	142.336	208	0	17
2024.09.18	01:00:00	142.336	142.371	142.010	142.049	2066	0	2
2024.09.18	02:00:00	142.049	142.102	141.895	142.010	3929	0	2
2024.09.18	03:00:00	142.010	142.024	141.571	141.651	7484	0	2
2024.09.18	04:00:00	141.650	141.760	141.469	141.520	7101	0	2
2024.09.18	05:00:00	141.519	141.625	141.378	141.470	4728	0	2
2024.09.18	06:00:00	141.468	141.468	141.299	141.396	4040	0	2
2024.09.18	07:00:00	141.393	141.557	141.220	141.317	4564	0	2
2024.09.18	08:00:00	141.318	141.542	141.279	141.534	5254	0	2
2024.09.18	09:00:00	141.534	141.704	141.441	141.547	6030	0	2
2024.09.18	10:00:00	141.547	141.930	141.532	141.877	6860	0	2
2024.09.18	11:00:00	141.877	141.998	141.649	141.713	6407	0	2
2024.09.18	12:00:00	141.715	141.812	141.568	141.648	5082	0	2
2024.09.18	13:00:00	141.649	141.707	141.552	141.608	5298	0	2
2024.09.18	14:00:00	141.608	141.914	141.559	141.847	6186	0	2
2024.09.18	15:00:00	141.856	142.061	141.811	141.926	7663	0	2
2024.09.18	16:00:00	141.926	141.926	141.675	141.762	7674	0	2
2024.09.18	17:00:00	141.761	142.065	141.696	142.002	8678	0	2
2024.09.18	18:00:00	142.002	142.037	141.864	141.933	6464	0	2
2024.09.18	19:00:00	141.933	141.991	141.841	141.882	5224	0	2
2024.09.18	20:00:00	141.883	142.065	141.809	141.976	6568	0	2
2024.09.18	21:00:00	141.948	141.948	140.438	141.131	16424	0	4
2024.09.18	22:00:00	141.134	142.711	141.126	142.440	15182	0	3
2024.09.18	23:00:00	142.442	142.490	142.201	142.291	7664	0	2
2024.09.19	00:00:00	142.236	142.236	142.092	142.092	220	0	18
2024.09.19	01:00:00	142.098	142.212	141.880	142.112	2933	0	2
2024.09.19	02:00:00	142.112	142.756	142.112	142.704	6142	0	2
2024.09.19	03:00:00	142.703	143.595	142.702	143.487	11788	0	2
2024.09.19	04:00:00	143.487	143.945	143.418	143.731	9345	0	2
2024.09.19	05:00:00	143.731	143.768	143.170	143.200	8860	0	2
2024.09.19	06:00:00	143.202	143.325	142.950	143.171	7640	0	2
2024.09.19	07:00:00	143.171	143.297	143.054	143.175	6199	0	2
2024.09.19	08:00:00	143.177	143.200	142.554	142.573	7328	0	2
2024.09.19	09:00:00	142.573	142.760	142.116	142.247	9001	0	2
2024.09.19	10:00:00	142.246	142.546	142.041	142.509	10359	0	3
2024.09.19	11:00:00	142.510	142.918	142.456	142.791	8413	0	2
2024.09.19	12:00:00	142.790	142.978	142.684	142.759	7671	0	2
2024.09.19	13:00:00	142.758	143.172	142.726	142.828	7152	0	2
2024.09.19	14:00:00	142.825	143.255	142.757	142.919	8786	0	4
2024.09.19	15:00:00	142.920	143.763	142.710	143.759	11359	0	2
2024.09.19	16:00:00	143.759	143.768	143.277	143.332	13120	0	2
2024.09.19	17:00:00	143.333	143.338	142.803	142.914	12223	0	2
2024.09.19	18:00:00	142.915	142.987	142.732	142.887	8819	0	2
2024.09.19	19:00:00	142.887	143.132	142.854	143.035	6102	0	2
2024.09.19	20:00:00	143.035	143.116	142.901	142.918	5375	0	2
2024.09.19	21:00:00	142.914	142.930	142.529	142.662	6334	0	2
2024.09.19	22:00:00	142.663	142.747	142.572	142.633	6445	0	2
2024.09.19	23:00:00	142.633	142.675	142.526	142.597	4906	0	2
2024.09.20	00:00:00	142.559	142.639	142.555	142.615	152	0	25
2024.09.20	01:00:00	142.615	142.671	142.523	142.665	2267	0	2
2024.09.20	02:00:00	142.665	142.929	142.651	142.866	4358	0	2
2024.09.20	03:00:00	142.864	142.896	142.409	142.410	7959	0	2
2024.09.20	04:00:00	142.408	142.482	142.143	142.400	7902	0	2
2024.09.20	05:00:00	142.401	142.780	142.300	142.466	6043	0	2
2024.09.20	06:00:00	142.468	142.484	141.956	142.292	7668	0	2
2024.09.20	07:00:00	142.291	142.308	142.101	142.187	4755	0	2
2024.09.20	08:00:00	142.187	142.369	142.144	142.279	4634	0	2
2024.09.20	09:00:00	142.273	143.044	141.737	142.982	11294	0	2
2024.09.20	10:00:00	142.987	143.648	142.822	143.632	11023	0	2
2024.09.20	11:00:00	143.634	143.881	143.480	143.808	10528	0	2
2024.09.20	12:00:00	143.807	143.948	143.645	143.938	8105	0	2
2024.09.20	13:00:00	143.938	144.270	143.770	144.257	7297	0	2
2024.09.20	14:00:00	144.256	144.427	144.212	144.216	6952	0	2
2024.09.20	15:00:00	144.217	144.286	143.576	143.670	9156	0	2
2024.09.20	16:00:00	143.668	144.091	143.464	144.081	11182	0	2
2024.09.20	17:00:00	144.081	144.445	144.029	144.420	10587	0	2
2024.09.20	18:00:00	144.421	144.496	143.845	143.911	10794	0	2
2024.09.20	19:00:00	143.911	143.933	143.647	143.753	9230	0	2
2024.09.20	20:00:00	143.755	144.156	143.738	143.977	7116	0	2
2024.09.20	21:00:00	143.976	143.983	143.799	143.870	6712	0	2
2024.09.20	22:00:00	143.871	143.923	143.719	143.920	6986	0	2
2024.09.20	23:00:00	143.922	144.049	143.888	143.901	4725	0	2
2024.09.23	00:00:00	143.868	144.043	143.760	143.878	717	0	93
2024.09.23	01:00:00	143.878	144.044	143.689	143.925	4153	0	2
2024.09.23	02:00:00	143.925	144.089	143.809	144.078	4402	0	2
2024.09.23	03:00:00	144.086	144.257	144.031	144.125	7042	0	2
2024.09.23	04:00:00	144.137	144.457	144.137	144.373	6702	0	2
2024.09.23	05:00:00	144.374	144.445	144.305	144.360	4478	0	2
2024.09.23	06:00:00	144.359	144.405	144.258	144.321	3365	0	2
2024.09.23	07:00:00	144.322	144.350	144.180	144.254	3508	0	2
2024.09.23	08:00:00	144.254	144.316	144.098	144.113	3670	0	2
2024.09.23	09:00:00	144.113	144.195	143.866	143.993	7323	0	2
2024.09.23	10:00:00	143.993	144.042	143.551	143.666	12084	0	2
2024.09.23	11:00:00	143.665	143.745	143.435	143.585	10434	0	2
2024.09.23	12:00:00	143.585	143.746	143.515	143.626	7923	0	2
2024.09.23	13:00:00	143.625	143.665	143.276	143.373	6689	0	2
2024.09.23	14:00:00	143.372	143.643	143.161	143.611	7305	0	2
2024.09.23	15:00:00	143.607	143.877	143.452	143.770	8653	0	2
2024.09.23	16:00:00	143.770	144.206	143.467	144.058	10807	0	2
2024.09.23	17:00:00	144.059	144.345	143.708	143.771	11330	0	2
2024.09.23	18:00:00	143.771	143.941	143.569	143.591	9322	0	2
2024.09.23	19:00:00	143.591	143.629	143.311	143.344	8945	0	2
2024.09.23	20:00:00	143.343	143.407	143.249	143.407	6321	0	2
2024.09.23	21:00:00	143.407	143.436	143.292	143.319	4714	0	2
2024.09.23	22:00:00	143.320	143.512	143.319	143.488	4971	0	2
2024.09.23	23:00:00	143.487	143.647	143.487	143.614	3226	0	2
2024.09.24	00:00:00	143.484	143.572	143.450	143.567	256	0	31
2024.09.24	01:00:00	143.567	143.700	143.554	143.629	1661	0	2
2024.09.24	02:00:00	143.629	143.776	143.519	143.631	3140	0	2
2024.09.24	03:00:00	143.621	143.731	143.407	143.548	8289	0	2
2024.09.24	04:00:00	143.548	143.909	143.524	143.632	8036	0	2
2024.09.24	05:00:00	143.631	143.710	143.376	143.665	6618	0	2
2024.09.24	06:00:00	143.666	143.856	143.567	143.773	5636	0	2
2024.09.24	07:00:00	143.774	143.940	143.750	143.841	5482	0	2
2024.09.24	08:00:00	143.840	144.195	143.836	144.091	7245	0	2
2024.09.24	09:00:00	144.090	144.468	144.070	144.425	7958	0	2
2024.09.24	10:00:00	144.426	144.679	144.236	144.450	9129	0	2
2024.09.24	11:00:00	144.450	144.633	144.214	144.290	8611	0	2
2024.09.24	12:00:00	144.289	144.477	144.214	144.267	6214	0	2
2024.09.24	13:00:00	144.264	144.357	143.875	143.938	5848	0	2
2024.09.24	14:00:00	143.938	144.167	143.827	143.975	6464	0	2
2024.09.24	15:00:00	143.976	144.121	143.782	143.967	8938	0	2
2024.09.24	16:00:00	143.967	144.206	143.897	144.094	9452	0	2
2024.09.24	17:00:00	144.096	144.096	143.430	143.671	11268	0	2
2024.09.24	18:00:00	143.671	143.866	143.595	143.776	7611	0	2
2024.09.24	19:00:00	143.776	143.792	143.401	143.466	5673	0	2
2024.09.24	20:00:00	143.466	143.707	143.433	143.469	4439	0	2
2024.09.24	21:00:00	143.469	143.492	143.271	143.382	4761	0	2
2024.09.24	22:00:00	143.382	143.433	143.218	143.238	4549	0	2
2024.09.24	23:00:00	143.239	143.256	143.110	143.160	2626	0	2
2024.09.25	00:00:00	143.150	143.244	143.129	143.167	283	0	22
2024.09.25	01:00:00	143.167	143.250	142.901	143.044	2236	0	2
2024.09.25	02:00:00	143.044	143.149	142.930	142.948	3439	0	2
2024.09.25	03:00:00	142.948	143.311	142.907	143.172	7799	0	2
2024.09.25	04:00:00	143.169	143.474	143.096	143.450	7398	0	2
2024.09.25	05:00:00	143.450	143.492	143.244	143.347	4976	0	2
2024.09.25	06:00:00	143.346	143.453	143.286	143.298	4251	0	2
2024.09.25	07:00:00	143.297	143.392	143.217	143.254	4595	0	2
2024.09.25	08:00:00	143.255	143.375	143.177	143.258	6054	0	2
2024.09.25	09:00:00	143.258	143.737	143.221	143.681	6355	0	2
2024.09.25	10:00:00	143.689	143.907	143.571	143.879	7923	0	2
2024.09.25	11:00:00	143.880	144.064	143.880	143.934	6914	0	2
2024.09.25	12:00:00	143.933	144.261	143.905	144.181	6423	0	2
2024.09.25	13:00:00	144.182	144.295	144.063	144.283	5719	0	2
2024.09.25	14:00:00	144.283	144.441	144.261	144.306	6701	0	2
2024.09.25	15:00:00	144.305	144.408	144.142	144.200	7784	0	2
2024.09.25	16:00:00	144.200	144.210	143.857	144.054	9682	0	2
2024.09.25	17:00:00	144.056	144.394	144.049	144.354	9098	0	2
2024.09.25	18:00:00	144.356	144.605	144.307	144.404	8204	0	2
2024.09.25	19:00:00	144.404	144.538	144.374	144.532	6279	0	2
2024.09.25	20:00:00	144.532	144.741	144.486	144.549	5830	0	2
2024.09.25	21:00:00	144.550	144.715	144.515	144.677	6108	0	2
2024.09.25	22:00:00	144.679	144.766	144.609	144.759	5163	0	2
2024.09.25	23:00:00	144.757	144.844	144.748	144.753	2871	0	2
2024.09.26	00:00:00	144.672	144.713	144.649	144.651	306	0	10
2024.09.26	01:00:00	144.651	144.685	144.548	144.653	3484	0	2
2024.09.26	02:00:00	144.656	144.763	144.615	144.716	3255	0	2
2024.09.26	03:00:00	144.717	144.723	144.440	144.496	6633	0	2
2024.09.26	04:00:00	144.497	144.943	144.476	144.812	5336	0	2
2024.09.26	05:00:00	144.813	144.945	144.761	144.835	4128	0	2
2024.09.26	06:00:00	144.836	145.039	144.787	144.930	3295	0	2
2024.09.26	07:00:00	144.930	144.964	144.624	144.690	4784	0	2
2024.09.26	08:00:00	144.691	144.871	144.634	144.717	5441	0	2
2024.09.26	09:00:00	144.726	144.855	144.615	144.830	6358	0	2
2024.09.26	10:00:00	144.834	145.165	144.715	145.025	9294	0	2
2024.09.26	11:00:00	145.026	145.196	144.678	144.826	8427	0	2
2024.09.26	12:00:00	144.825	144.962	144.702	144.702	6585	0	2
2024.09.26	13:00:00	144.704	144.746	144.336	144.360	6381	0	2
2024.09.26	14:00:00	144.360	144.433	144.153	144.162	5769	0	2
2024.09.26	15:00:00	144.164	144.722	144.110	144.563	8994	0	2
2024.09.26	16:00:00	144.567	144.704	144.306	144.577	10868	0	2
2024.09.26	17:00:00	144.581	145.213	144.558	144.830	11133	0	2
2024.09.26	18:00:00	144.830	144.951	144.610	144.677	7777	0	2
2024.09.26	19:00:00	144.678	144.901	144.678	144.857	6276	0	2
2024.09.26	20:00:00	144.854	144.858	144.530	144.717	6423	0	2
2024.09.26	21:00:00	144.719	144.775	144.562	144.622	4882	0	2
2024.09.26	22:00:00	144.618	144.687	144.511	144.662	4490	0	2
2024.09.26	23:00:00	144.660	144.895	144.660	144.856	3383	0	2
2024.09.27	00:00:00	144.764	144.828	144.741	144.769	449	0	13
2024.09.27	01:00:00	144.769	144.969	144.744	144.876	1946	0	2
2024.09.27	02:00:00	144.876	145.143	144.873	145.082	3944	0	2
2024.09.27	03:00:00	145.081	145.476	144.935	145.461	8718	0	2
2024.09.27	04:00:00	145.462	145.577	145.270	145.302	7535	0	2
2024.09.27	05:00:00	145.300	145.345	144.962	145.091	6187	0	2
2024.09.27	06:00:00	145.091	145.265	144.984	145.252	4810	0	2
2024.09.27	07:00:00	145.253	145.802	145.253	145.792	5062	0	2
2024.09.27	08:00:00	145.784	146.488	145.759	146.256	10358	0	2
2024.09.27	09:00:00	146.255	146.350	143.135	143.174	13434	0	3
2024.09.27	10:00:00	143.177	143.470	142.772	143.190	12028	0	2
2024.09.27	11:00:00	143.189	143.768	142.948	143.144	10511	0	2
2024.09.27	12:00:00	143.135	143.491	143.069	143.134	9315	0	2
2024.09.27	13:00:00	143.134	143.330	142.958	143.224	7024	0	2
2024.09.27	14:00:00	143.223	143.364	143.088	143.107	6739	0	2
2024.09.27	15:00:00	143.107	143.226	142.498	142.520	10337	0	2
2024.09.27	16:00:00	142.520	142.996	142.495	142.538	10474	0	2
2024.09.27	17:00:00	142.560	143.068	142.386	142.857	11170	0	2
2024.09.27	18:00:00	142.858	143.084	142.564	142.600	9231	0	2
2024.09.27	19:00:00	142.600	142.705	142.407	142.508	7836	0	2
2024.09.27	20:00:00	142.509	142.606	142.288	142.330	6947	0	2
2024.09.27	21:00:00	142.329	142.415	142.071	142.165	6640	0	2
2024.09.27	22:00:00	142.165	142.264	142.067	142.150	5623	0	2
2024.09.27	23:00:00	142.146	142.274	142.128	142.264	3975	0	2
2024.09.30	00:00:00	142.214	142.270	142.148	142.220	626	0	107
2024.09.30	01:00:00	142.220	142.707	142.220	142.671	3993	0	3
2024.09.30	02:00:00	142.677	142.954	142.583	142.789	5319	0	3
2024.09.30	03:00:00	142.786	142.839	142.460	142.687	9475	0	3
2024.09.30	04:00:00	142.686	142.846	142.410	142.468	7922	0	3
2024.09.30	05:00:00	142.463	142.549	142.268	142.520	6508	0	2
2024.09.30	06:00:00	142.519	142.525	142.331	142.451	5120	0	2
2024.09.30	07:00:00	142.451	142.498	142.082	142.128	5329	0	3
2024.09.30	08:00:00	142.127	142.155	141.655	141.708	8335	0	3
2024.09.30	09:00:00	141.708	142.081	141.641	142.053	8143	0	3
2024.09.30	10:00:00	142.051	142.429	141.922	142.366	8638	0	4
2024.09.30	11:00:00	142.368	142.577	142.341	142.537	8838	0	2
2024.09.30	12:00:00	142.537	142.602	142.448	142.529	6210	0	3
2024.09.30	13:00:00	142.530	142.796	142.530	142.603	5559	0	3
2024.09.30	14:00:00	142.603	142.611	142.404	142.558	6559	0	2
2024.09.30	15:00:00	142.554	143.003	142.545	142.945	7222	0	2
2024.09.30	16:00:00	142.949	143.142	142.744	143.129	9519	0	2
2024.09.30	17:00:00	143.129	143.192	142.827	143.034	11173	0	2
2024.09.30	18:00:00	143.036	143.369	142.997	143.262	8202	0	2
2024.09.30	19:00:00	143.262	143.315	143.072	143.112	6423	0	2
2024.09.30	20:00:00	143.111	143.124	142.935	143.092	5723	0	3
2024.09.30	21:00:00	143.098	143.915	143.091	143.688	11107	0	4
2024.09.30	22:00:00	143.685	143.909	143.644	143.728	7435	0	2
2024.09.30	23:00:00	143.725	143.742	143.607	143.657	4884	0	2
2024.10.01	00:00:00	143.616	143.623	143.516	143.574	161	0	20
2024.10.01	01:00:00	143.574	143.702	143.540	143.558	1840	0	3
2024.10.01	02:00:00	143.558	143.738	143.369	143.714	4028	0	3
2024.10.01	03:00:00	143.712	144.123	143.683	143.968	7975	0	2
2024.10.01	04:00:00	143.967	144.130	143.683	143.718	6892	0	3
2024.10.01	05:00:00	143.718	144.024	143.659	144.007	4885	0	3
2024.10.01	06:00:00	144.008	144.334	143.954	144.277	4459	0	3
2024.10.01	07:00:00	144.277	144.398	144.224	144.278	3877	0	2
2024.10.01	08:00:00	144.278	144.413	144.224	144.262	4348	0	2
2024.10.01	09:00:00	144.262	144.528	144.184	144.333	8328	0	3
2024.10.01	10:00:00	144.336	144.347	143.882	144.171	11663	0	3
2024.10.01	11:00:00	144.170	144.222	143.698	143.807	10845	0	3
2024.10.01	12:00:00	143.807	143.837	143.622	143.733	8855	0	3
2024.10.01	13:00:00	143.734	143.795	143.675	143.741	6751	0	2
2024.10.01	14:00:00	143.740	143.790	143.559	143.753	7784	0	2
2024.10.01	15:00:00	143.754	144.070	143.678	144.039	8195	0	4
2024.10.01	16:00:00	144.037	144.068	143.182	143.513	11212	0	4
2024.10.01	17:00:00	143.518	143.842	142.966	143.605	14346	0	4
2024.10.01	18:00:00	143.607	143.916	143.530	143.669	9847	0	4
2024.10.01	19:00:00	143.669	143.718	143.277	143.636	9766	0	2
2024.10.01	20:00:00	143.633	143.852	143.324	143.821	9116	0	2
2024.10.01	21:00:00	143.820	143.920	143.596	143.669	5934	0	2
2024.10.01	22:00:00	143.668	143.743	143.509	143.555	6355	0	2
2024.10.01	23:00:00	143.557	143.592	143.502	143.538	6141	0	2
2024.10.02	00:00:00	143.533	143.584	143.522	143.582	382	0	16
2024.10.02	01:00:00	143.582	143.600	143.424	143.514	1758	0	3
2024.10.02	02:00:00	143.513	143.763	143.508	143.724	3614	0	3
2024.10.02	03:00:00	143.723	143.882	143.652	143.815	7041	0	3
2024.10.02	04:00:00	143.815	143.912	143.560	143.895	6836	0	3
2024.10.02	05:00:00	143.896	144.026	143.858	144.004	4293	0	3
2024.10.02	06:00:00	144.007	144.186	143.881	144.131	4612	0	2
2024.10.02	07:00:00	144.131	144.148	143.580	143.732	6288	0	3
2024.10.02	08:00:00	143.731	143.858	143.530	143.710	9609	0	3
2024.10.02	09:00:00	143.710	144.022	143.656	143.895	8063	0	3
2024.10.02	10:00:00	143.900	144.185	143.900	144.063	8575	0	3
2024.10.02	11:00:00	144.065	144.328	143.945	144.327	6706	0	2
2024.10.02	12:00:00	144.328	144.408	144.201	144.262	5968	0	3
2024.10.02	13:00:00	144.261	144.856	144.074	144.795	7802	0	3
2024.10.02	14:00:00	144.795	144.888	144.622	144.697	7897	0	3
2024.10.02	15:00:00	144.698	145.446	144.676	145.372	9755	0	3
2024.10.02	16:00:00	145.372	145.752	145.296	145.741	9947	0	4
2024.10.02	17:00:00	145.742	146.261	145.576	146.189	10566	0	3
2024.10.02	18:00:00	146.187	146.258	146.028	146.045	8397	0	2
2024.10.02	19:00:00	146.045	146.165	145.910	146.028	5774	0	3
2024.10.02	20:00:00	146.029	146.191	145.966	146.168	4774	0	2
2024.10.02	21:00:00	146.167	146.372	146.166	146.331	3809	0	2
2024.10.02	22:00:00	146.328	146.480	146.298	146.443	3791	0	2
2024.10.02	23:00:00	146.443	146.504	146.375	146.473	3389	0	2
2024.10.03	00:00:00	146.372	146.386	146.272	146.350	204	0	10
2024.10.03	01:00:00	146.350	146.898	146.283	146.597	3591	0	4
2024.10.03	02:00:00	146.597	146.792	146.430	146.576	4642	0	3
2024.10.03	03:00:00	146.575	147.056	146.461	146.991	8302	0	3
2024.10.03	04:00:00	146.993	147.240	146.798	146.799	7434	0	2
2024.10.03	05:00:00	146.798	146.923	146.681	146.780	5761	0	3
2024.10.03	06:00:00	146.780	146.962	146.775	146.849	4726	0	2
2024.10.03	07:00:00	146.850	146.929	146.675	146.722	5266	0	3
2024.10.03	08:00:00	146.722	146.814	146.531	146.558	7614	0	3
2024.10.03	09:00:00	146.558	146.776	146.473	146.723	7383	0	2
2024.10.03	10:00:00	146.722	146.861	146.298	146.450	8969	0	2
2024.10.03	11:00:00	146.452	146.792	146.390	146.749	7302	0	2
2024.10.03	12:00:00	146.750	146.988	146.746	146.923	6492	0	2
2024.10.03	13:00:00	146.923	146.944	146.819	146.835	5209	0	2
2024.10.03	14:00:00	146.835	146.992	146.584	146.665	6516	0	2
2024.10.03	15:00:00	146.666	146.854	146.500	146.773	9679	0	2
2024.10.03	16:00:00	146.777	146.788	146.470	146.593	9626	0	3
2024.10.03	17:00:00	146.987	147.179	146.623	146.777	14121	0	2
2024.10.03	18:00:00	146.775	146.846	146.603	146.832	8656	0	3
2024.10.03	19:00:00	146.831	146.925	146.706	146.716	6114	0	3
2024.10.03	20:00:00	146.716	146.716	146.575	146.655	5546	0	2
2024.10.03	21:00:00	146.654	146.884	146.653	146.870	4136	0	2
2024.10.03	22:00:00	146.868	146.882	146.762	146.859	4047	0	3
2024.10.03	23:00:00	146.863	146.966	146.858	146.952	2562	0	2
2024.10.04	00:00:00	146.840	146.849	146.770	146.824	260	0	42
2024.10.04	01:00:00	146.824	146.901	146.791	146.853	1643	0	4
2024.10.04	02:00:00	146.853	146.863	146.721	146.844	2720	0	3
2024.10.04	03:00:00	146.846	146.930	146.615	146.644	6525	0	3
2024.10.04	04:00:00	146.643	146.679	146.523	146.550	6253	0	3
2024.10.04	05:00:00	146.552	146.565	146.390	146.408	4662	0	3
2024.10.04	06:00:00	146.407	146.499	146.351	146.373	4156	0	2
2024.10.04	07:00:00	146.374	146.387	146.150	146.229	5705	0	2
2024.10.04	08:00:00	146.228	146.307	145.914	146.086	6378	0	3
2024.10.04	09:00:00	146.086	146.237	145.947	146.223	7308	0	2
2024.10.04	10:00:00	146.223	146.340	146.176	146.303	7993	0	2
2024.10.04	11:00:00	146.304	146.410	146.246	146.341	6066	0	2
2024.10.04	12:00:00	146.341	146.477	146.338	146.476	5896	0	2
2024.10.04	13:00:00	146.478	146.562	146.414	146.495	4880	0	2
2024.10.04	14:00:00	146.492	146.631	146.442	146.587	5405	0	2
2024.10.04	15:00:00	146.588	148.692	146.412	148.644	12350	0	3
2024.10.04	16:00:00	148.645	148.804	148.321	148.401	12918	0	3
2024.10.04	17:00:00	148.404	148.567	148.310	148.501	10909	0	2
2024.10.04	18:00:00	148.499	148.762	148.427	148.698	8773	0	2
2024.10.04	19:00:00	148.698	149.005	148.676	148.936	6881	0	2
2024.10.04	20:00:00	148.936	148.956	148.789	148.796	5944	0	2
2024.10.04	21:00:00	148.796	148.881	148.755	148.869	5085	0	2
2024.10.04	22:00:00	148.868	148.893	148.766	148.766	4830	0	2
2024.10.04	23:00:00	148.767	148.773	148.636	148.643	3145	0	2
2024.10.07	00:00:00	148.657	148.832	148.632	148.736	854	0	115
2024.10.07	01:00:00	148.724	149.131	148.724	148.938	3368	0	3
2024.10.07	02:00:00	148.938	149.113	148.772	148.793	4910	0	2
2024.10.07	03:00:00	148.792	148.792	148.355	148.422	9010	0	3
2024.10.07	04:00:00	148.424	148.567	148.324	148.384	7734	0	3
2024.10.07	05:00:00	148.384	148.583	148.220	148.583	5942	0	3
2024.10.07	06:00:00	148.583	148.644	148.357	148.406	4933	0	2
2024.10.07	07:00:00	148.406	148.543	148.336	148.538	4781	0	2
2024.10.07	08:00:00	148.538	148.613	148.401	148.431	5475	0	3
2024.10.07	09:00:00	148.437	148.546	148.336	148.383	7180	0	2
2024.10.07	10:00:00	148.383	148.450	148.149	148.272	9823	0	2
2024.10.07	11:00:00	148.276	148.357	148.059	148.317	7863	0	2
2024.10.07	12:00:00	148.316	148.485	148.211	148.341	7219	0	2
2024.10.07	13:00:00	148.340	148.648	148.291	148.638	6194	0	3
2024.10.07	14:00:00	148.638	148.684	148.159	148.273	7429	0	4
2024.10.07	15:00:00	148.272	148.275	148.025	148.169	9692	0	4
2024.10.07	16:00:00	148.168	148.233	147.844	147.919	10984	0	3
2024.10.07	17:00:00	147.920	148.245	147.886	148.217	9798	0	2
2024.10.07	18:00:00	148.218	148.276	147.997	148.125	7541	0	3
2024.10.07	19:00:00	148.129	148.196	147.991	148.000	5207	0	2
2024.10.07	20:00:00	148.000	148.049	147.884	148.019	4008	0	2
2024.10.07	21:00:00	148.019	148.102	147.949	148.101	5689	0	2
2024.10.07	22:00:00	148.101	148.157	148.023	148.073	4977	0	2
2024.10.07	23:00:00	148.073	148.208	148.063	148.186	3118	0	2
2024.10.08	00:00:00	148.121	148.163	148.110	148.134	716	0	28
2024.10.08	01:00:00	148.134	148.177	147.565	147.693	2654	0	4
2024.10.08	02:00:00	147.694	148.161	147.685	148.131	5157	0	3
2024.10.08	03:00:00	148.133	148.188	147.743	147.819	7784	0	3
2024.10.08	04:00:00	147.820	147.940	147.750	147.843	7576	0	3
2024.10.08	05:00:00	147.841	147.858	147.509	147.691	7538	0	3
2024.10.08	06:00:00	147.691	147.961	147.685	147.914	5420	0	2
2024.10.08	07:00:00	147.915	148.104	147.901	148.078	4695	0	3
2024.10.08	08:00:00	148.079	148.161	147.836	147.972	7009	0	3
2024.10.08	09:00:00	147.972	148.127	147.839	147.991	7597	0	3
2024.10.08	10:00:00	147.993	148.063	147.343	147.590	9775	0	3
2024.10.08	11:00:00	147.591	147.850	147.532	147.837	6852	0	3
2024.10.08	12:00:00	147.838	147.954	147.718	147.822	5563	0	3
2024.10.08	13:00:00	147.822	147.997	147.777	147.876	6144	0	3
2024.10.08	14:00:00	147.876	147.999	147.811	147.851	5981	0	5
2024.10.08	15:00:00	147.851	148.178	147.851	148.035	7829	0	4
2024.10.08	16:00:00	148.035	148.285	147.949	148.249	8970	0	3
2024.10.08	17:00:00	148.254	148.334	148.112	148.309	7849	0	3
2024.10.08	18:00:00	148.311	148.357	148.172	148.226	6936	0	4
2024.10.08	19:00:00	148.226	148.270	148.042	148.148	5923	0	2
2024.10.08	20:00:00	148.150	148.293	148.150	148.245	5185	0	2
2024.10.08	21:00:00	148.245	148.364	148.200	148.351	5664	0	2
2024.10.08	22:00:00	148.350	148.374	148.260	148.282	5673	0	2
2024.10.08	23:00:00	148.281	148.326	148.162	148.204	4398	0	2
2024.10.09	00:00:00	148.169	148.225	148.169	148.216	253	0	24
2024.10.09	01:00:00	148.216	148.306	148.190	148.199	948	0	3
2024.10.09	02:00:00	148.199	148.313	148.110	148.144	2941	0	3
2024.10.09	03:00:00	148.143	148.237	148.008	148.228	5264	0	3
2024.10.09	04:00:00	148.230	148.430	148.159	148.174	5661	0	3
2024.10.09	05:00:00	148.173	148.293	148.072	148.270	4936	0	2
2024.10.09	06:00:00	148.270	148.347	148.182	148.317	4128	0	2
2024.10.09	07:00:00	148.316	148.366	148.281	148.335	3270	0	2
2024.10.09	08:00:00	148.335	148.612	148.312	148.594	6727	0	3
2024.10.09	09:00:00	148.594	148.651	148.426	148.443	5425	0	2
2024.10.09	10:00:00	148.442	148.561	148.264	148.542	7314	0	3
2024.10.09	11:00:00	148.542	148.730	148.479	148.716	5826	0	3
2024.10.09	12:00:00	148.717	148.753	148.561	148.620	4752	0	3
2024.10.09	13:00:00	148.620	148.693	148.507	148.599	4705	0	3
2024.10.09	14:00:00	148.599	148.734	148.508	148.722	5054	0	4
2024.10.09	15:00:00	148.720	148.913	148.669	148.906	5577	0	2
2024.10.09	16:00:00	148.906	149.123	148.811	149.113	6327	0	3
2024.10.09	17:00:00	149.114	149.176	149.031	149.145	6231	0	3
2024.10.09	18:00:00	149.144	149.266	149.071	149.196	5179	0	2
2024.10.09	19:00:00	149.196	149.298	149.190	149.238	3813	0	2
2024.10.09	20:00:00	149.237	149.291	149.171	149.178	3655	0	2
2024.10.09	21:00:00	149.181	149.361	149.155	149.358	4479	0	2
2024.10.09	22:00:00	149.357	149.358	149.233	149.321	3878	0	2
2024.10.09	23:00:00	149.321	149.358	149.300	149.300	2135	0	2
2024.10.10	00:00:00	149.230	149.230	149.034	149.160	605	0	11
2024.10.10	01:00:00	149.160	149.300	149.137	149.232	1370	0	3
2024.10.10	02:00:00	149.232	149.293	149.139	149.165	2273	0	3
2024.10.10	03:00:00	149.164	149.288	149.000	149.213	5475	0	2
2024.10.10	04:00:00	149.213	149.214	149.063	149.089	4234	0	2
2024.10.10	05:00:00	149.090	149.218	149.068	149.211	3931	0	2
2024.10.10	06:00:00	149.212	149.226	149.142	149.222	2836	0	2
2024.10.10	07:00:00	149.223	149.544	149.222	149.397	3556	0	3
2024.10.10	08:00:00	149.396	149.470	149.202	149.259	3896	0	3
2024.10.10	09:00:00	149.259	149.259	149.046	149.117	5923	0	3
2024.10.10	10:00:00	149.118	149.185	148.901	149.017	6924	0	2
2024.10.10	11:00:00	149.018	149.210	148.983	149.067	6035	0	3
2024.10.10	12:00:00	149.067	149.096	148.828	148.882	5023	0	3
2024.10.10	13:00:00	148.883	148.936	148.773	148.844	4022	0	3
2024.10.10	14:00:00	148.844	149.092	148.843	148.952	5368	0	5
2024.10.10	15:00:00	148.955	149.549	148.225	148.611	12196	0	4
2024.10.10	16:00:00	148.611	148.768	148.400	148.560	12881	0	5
2024.10.10	17:00:00	148.560	148.874	148.350	148.714	11273	0	4
2024.10.10	18:00:00	148.714	148.825	148.442	148.570	7948	0	4
2024.10.10	19:00:00	148.570	148.957	148.438	148.917	7232	0	2
2024.10.10	20:00:00	148.917	149.077	148.729	148.815	7366	0	2
2024.10.10	21:00:00	148.816	148.841	148.630	148.750	4474	0	2
2024.10.10	22:00:00	148.750	148.756	148.492	148.566	4180	0	2
2024.10.10	23:00:00	148.564	148.592	148.513	148.567	2061	0	2
2024.10.11	00:00:00	148.536	148.547	148.500	148.531	173	0	16
2024.10.11	01:00:00	148.531	148.665	148.527	148.662	994	0	3
2024.10.11	02:00:00	148.662	148.745	148.561	148.706	2501	0	2
2024.10.11	03:00:00	148.707	148.760	148.415	148.458	6269	0	3
2024.10.11	04:00:00	148.459	148.796	148.401	148.758	4729	0	2
2024.10.11	05:00:00	148.760	148.778	148.639	148.663	3419	0	2
2024.10.11	06:00:00	148.663	148.733	148.578	148.709	3477	0	2
2024.10.11	07:00:00	148.709	148.764	148.671	148.712	3014	0	3
2024.10.11	08:00:00	148.711	148.731	148.601	148.691	3132	0	3
2024.10.11	09:00:00	148.691	148.854	148.660	148.694	4639	0	3
2024.10.11	10:00:00	148.693	148.808	148.659	148.774	6143	0	2
2024.10.11	11:00:00	148.773	148.823	148.670	148.735	4027	0	3
2024.10.11	12:00:00	148.736	148.954	148.723	148.939	3971	0	3
2024.10.11	13:00:00	148.941	149.081	148.903	149.060	3542	0	3
2024.10.11	14:00:00	149.060	149.140	148.996	149.004	3502	0	2
2024.10.11	15:00:00	149.003	149.261	148.747	149.058	8640	0	5
2024.10.11	16:00:00	149.058	149.173	148.970	149.084	7538	0	5
2024.10.11	17:00:00	149.059	149.283	148.992	149.257	8015	0	4
2024.10.11	18:00:00	149.260	149.266	149.062	149.121	5157	0	3
2024.10.11	19:00:00	149.121	149.127	148.978	149.003	3482	0	2
2024.10.11	20:00:00	149.003	149.102	148.955	149.029	2908	0	2
2024.10.11	21:00:00	149.030	149.107	149.030	149.104	2569	0	2
2024.10.11	22:00:00	149.104	149.149	149.083	149.137	2316	0	2
2024.10.11	23:00:00	149.137	149.177	149.103	149.132	1247	0	2
2024.10.14	00:00:00	149.013	149.171	149.012	149.086	1164	0	115
2024.10.14	01:00:00	149.086	149.340	149.086	149.338	2133	0	2
2024.10.14	02:00:00	149.338	149.389	149.231	149.305	2602	0	2
2024.10.14	03:00:00	149.306	149.366	149.142	149.219	4348	0	2
2024.10.14	04:00:00	149.219	149.279	149.147	149.212	4129	0	2
2024.10.14	05:00:00	149.211	149.319	149.190	149.318	3305	0	2
2024.10.14	06:00:00	149.319	149.352	149.258	149.328	2281	0	2
2024.10.14	07:00:00	149.328	149.333	149.261	149.288	1998	0	2
2024.10.14	08:00:00	149.288	149.321	149.167	149.223	2398	0	2
2024.10.14	09:00:00	149.223	149.244	149.176	149.212	3760	0	2
2024.10.14	10:00:00	149.213	149.395	149.185	149.355	4918	0	2
2024.10.14	11:00:00	149.356	149.466	149.326	149.423	4219	0	2
2024.10.14	12:00:00	149.423	149.430	149.345	149.399	3249	0	2
2024.10.14	13:00:00	149.400	149.538	149.395	149.517	3214	0	2
2024.10.14	14:00:00	149.517	149.728	149.508	149.639	4539	0	2
2024.10.14	15:00:00	149.640	149.797	149.628	149.741	4378	0	2
2024.10.14	16:00:00	149.741	149.881	149.690	149.787	5489	0	2
2024.10.14	17:00:00	149.790	149.959	149.790	149.839	5364	0	2
2024.10.14	18:00:00	149.838	149.899	149.800	149.825	3373	0	2
2024.10.14	19:00:00	149.825	149.939	149.802	149.932	2089	0	2
2024.10.14	20:00:00	149.931	149.933	149.848	149.871	2225	0	2
2024.10.14	21:00:00	149.870	149.916	149.830	149.900	1664	0	2
2024.10.14	22:00:00	149.899	149.980	149.708	149.763	3992	0	2
2024.10.14	23:00:00	149.764	149.790	149.711	149.731	1101	0	2
2024.10.15	00:00:00	149.728	149.766	149.728	149.759	197	0	36
2024.10.15	01:00:00	149.759	149.786	149.710	149.735	949	0	2
2024.10.15	02:00:00	149.735	149.837	149.668	149.718	2445	0	2
2024.10.15	03:00:00	149.717	149.746	149.524	149.579	5550	0	2
2024.10.15	04:00:00	149.580	149.599	149.445	149.523	2760	0	2
2024.10.15	05:00:00	149.524	149.713	149.505	149.618	3251	0	2
2024.10.15	06:00:00	149.618	149.715	149.571	149.712	3008	0	2
2024.10.15	07:00:00	149.712	149.757	149.667	149.675	2613	0	2
2024.10.15	08:00:00	149.676	149.700	149.441	149.637	4297	0	2
2024.10.15	09:00:00	149.636	149.637	149.307	149.309	6257	0	2
2024.10.15	10:00:00	149.308	149.336	149.167	149.232	6516	0	2
2024.10.15	11:00:00	149.232	149.241	149.035	149.150	6186	0	3
2024.10.15	12:00:00	149.151	149.163	148.844	148.906	5403	0	2
2024.10.15	13:00:00	148.907	149.181	148.873	149.142	4573	0	2
2024.10.15	14:00:00	149.142	149.369	149.141	149.354	4488	0	2
2024.10.15	15:00:00	149.353	149.415	149.002	149.083	7132	0	2
2024.10.15	16:00:00	149.083	149.247	149.071	149.185	7688	0	2
2024.10.15	17:00:00	149.183	149.344	148.937	149.229	8978	0	2
2024.10.15	18:00:00	149.229	149.317	149.166	149.222	6775	0	2
2024.10.15	19:00:00	149.222	149.480	149.222	149.447	4844	0	2
2024.10.15	20:00:00	149.449	149.541	149.426	149.434	4633	0	2
2024.10.15	21:00:00	149.434	149.455	149.239	149.276	4721	0	2
2024.10.15	22:00:00	149.276	149.289	149.164	149.240	3912	0	2
2024.10.15	23:00:00	149.237	149.248	149.179	149.191	1996	0	2
2024.10.16	00:00:00	149.226	149.260	149.177	149.182	544	0	24
2024.10.16	01:00:00	149.182	149.265	149.162	149.232	1095	0	2
2024.10.16	02:00:00	149.231	149.334	149.069	149.086	2609	0	2
2024.10.16	03:00:00	149.090	149.283	149.030	149.269	6199	0	2
2024.10.16	04:00:00	149.268	149.297	148.867	149.029	5685	0	2
2024.10.16	05:00:00	149.028	149.117	148.953	149.089	3415	0	2
2024.10.16	06:00:00	149.089	149.199	149.037	149.171	3327	0	2
2024.10.16	07:00:00	149.171	149.282	149.135	149.265	2788	0	2
2024.10.16	08:00:00	149.264	149.372	149.185	149.359	4047	0	2
2024.10.16	09:00:00	149.359	149.369	149.169	149.267	6333	0	2
2024.10.16	10:00:00	149.266	149.488	149.169	149.449	6210	0	2
2024.10.16	11:00:00	149.448	149.489	149.307	149.464	4698	0	2
2024.10.16	12:00:00	149.465	149.470	149.178	149.273	4666	0	2
2024.10.16	13:00:00	149.274	149.388	149.213	149.383	3611	0	2
2024.10.16	14:00:00	149.383	149.420	149.149	149.174	4514	0	2
2024.10.16	15:00:00	149.174	149.480	149.144	149.450	5918	0	2
2024.10.16	16:00:00	149.450	149.538	149.205	149.312	6514	0	2
2024.10.16	17:00:00	149.312	149.744	149.296	149.633	6390	0	2
2024.10.16	18:00:00	149.630	149.744	149.545	149.717	5421	0	2
2024.10.16	19:00:00	149.717	149.774	149.693	149.742	3349	0	2
2024.10.16	20:00:00	149.743	149.790	149.719	149.755	2398	0	2
2024.10.16	21:00:00	149.755	149.800	149.744	149.775	2848	0	2
2024.10.16	22:00:00	149.775	149.806	149.716	149.717	3015	0	2
2024.10.16	23:00:00	149.713	149.725	149.600	149.631	1866	0	2
2024.10.17	00:00:00	149.573	149.602	149.567	149.573	221	0	19
2024.10.17	01:00:00	149.573	149.664	149.522	149.577	1146	0	2
2024.10.17	02:00:00	149.577	149.663	149.527	149.565	1947	0	2
2024.10.17	03:00:00	149.565	149.619	149.437	149.545	5284	0	2
2024.10.17	04:00:00	149.545	149.568	149.296	149.382	4737	0	2
2024.10.17	05:00:00	149.382	149.423	149.241	149.414	4094	0	2
2024.10.17	06:00:00	149.412	149.570	149.412	149.554	3433	0	2
2024.10.17	07:00:00	149.555	149.576	149.393	149.543	3236	0	2
2024.10.17	08:00:00	149.542	149.564	149.455	149.512	4080	0	2
2024.10.17	09:00:00	149.512	149.645	149.439	149.631	4501	0	2
2024.10.17	10:00:00	149.632	149.796	149.632	149.773	4810	0	2
2024.10.17	11:00:00	149.772	149.868	149.732	149.834	4064	0	2
2024.10.17	12:00:00	149.834	149.834	149.612	149.638	3259	0	2
2024.10.17	13:00:00	149.637	149.638	149.548	149.619	3133	0	2
2024.10.17	14:00:00	149.619	149.647	149.488	149.526	2904	0	2
2024.10.17	15:00:00	149.526	150.077	149.467	149.833	9577	0	3
2024.10.17	16:00:00	149.832	149.952	149.639	149.786	10516	0	2
2024.10.17	17:00:00	149.786	150.046	149.726	150.021	8264	0	2
2024.10.17	18:00:00	150.022	150.150	149.921	150.128	5581	0	2
2024.10.17	19:00:00	150.128	150.300	150.118	150.212	4644	0	2
2024.10.17	20:00:00	150.211	150.258	150.141	150.252	3061	0	2
2024.10.17	21:00:00	150.253	150.276	150.190	150.275	3244	0	2
2024.10.17	22:00:00	150.274	150.321	150.196	150.220	2818	0	2
2024.10.17	23:00:00	150.220	150.242	150.188	150.209	1481	0	2
2024.10.18	00:00:00	150.152	150.180	150.135	150.152	110	0	16
2024.10.18	01:00:00	150.152	150.227	150.130	150.211	796	0	2
2024.10.18	02:00:00	150.212	150.282	150.071	150.104	1714	0	2
2024.10.18	03:00:00	150.107	150.148	149.900	150.048	5899	0	2
2024.10.18	04:00:00	150.047	150.062	149.874	150.014	4334	0	2
2024.10.18	05:00:00	150.014	150.093	149.904	149.923	3713	0	2
2024.10.18	06:00:00	149.923	149.972	149.855	149.890	2923	0	2
2024.10.18	07:00:00	149.891	150.016	149.863	149.898	2763	0	2
2024.10.18	08:00:00	149.898	149.916	149.767	149.884	4531	0	2
2024.10.18	09:00:00	149.895	150.012	149.792	149.959	5653	0	2
2024.10.18	10:00:00	149.959	150.136	149.921	150.095	5104	0	2
2024.10.18	11:00:00	150.093	150.153	149.888	149.918	4201	0	2
2024.10.18	12:00:00	149.919	149.946	149.837	149.922	3658	0	2
2024.10.18	13:00:00	149.923	149.979	149.585	149.939	4898	0	2
2024.10.18	14:00:00	149.939	150.098	149.915	150.007	3894	0	2
2024.10.18	15:00:00	150.007	150.082	149.790	149.863	5835	0	2
2024.10.18	16:00:00	149.862	149.923	149.692	149.738	5887	0	2
2024.10.18	17:00:00	149.737	149.748	149.592	149.602	5387	0	2
2024.10.18	18:00:00	149.601	149.649	149.513	149.581	4281	0	2
2024.10.18	19:00:00	149.581	149.634	149.364	149.417	3111	0	2
2024.10.18	20:00:00	149.417	149.651	149.412	149.591	3056	0	2
2024.10.18	21:00:00	149.593	149.595	149.457	149.529	3100	0	2
2024.10.18	22:00:00	149.528	149.568	149.462	149.523	3541	0	2
2024.10.18	23:00:00	149.525	149.553	149.453	149.518	1854	0	2
2024.10.21	00:00:00	149.455	149.558	149.422	149.499	1127	0	114
2024.10.21	01:00:00	149.499	149.646	149.499	149.567	2012	0	3
2024.10.21	02:00:00	149.567	149.622	149.478	149.602	1896	0	3
2024.10.21	03:00:00	149.601	149.615	149.252	149.381	6569	0	5
2024.10.21	04:00:00	149.390	149.407	149.089	149.202	6033	0	3
2024.10.21	05:00:00	149.203	149.282	149.094	149.221	4027	0	4
2024.10.21	06:00:00	149.220	149.241	149.083	149.224	3407	0	2
2024.10.21	07:00:00	149.224	149.354	149.202	149.322	3926	0	3
2024.10.21	08:00:00	149.320	149.371	149.197	149.361	5091	0	3
2024.10.21	09:00:00	149.361	149.643	149.299	149.629	4970	0	2
2024.10.21	10:00:00	149.629	149.854	149.618	149.834	5457	0	2
2024.10.21	11:00:00	149.835	149.948	149.820	149.947	3813	0	2
2024.10.21	12:00:00	149.948	150.092	149.819	150.058	4225	0	2
2024.10.21	13:00:00	150.059	150.076	149.893	149.942	3946	0	2
2024.10.21	14:00:00	149.942	149.955	149.859	149.922	3975	0	2
2024.10.21	15:00:00	149.921	150.026	149.744	149.920	5818	0	3
2024.10.21	16:00:00	149.920	150.142	149.920	150.127	5934	0	4
2024.10.21	17:00:00	150.126	150.276	150.091	150.235	5279	0	2
2024.10.21	18:00:00	150.234	150.481	150.192	150.469	5609	0	2
2024.10.21	19:00:00	150.470	150.556	150.437	150.515	3482	0	2
2024.10.21	20:00:00	150.513	150.793	150.500	150.745	3507	0	2
2024.10.21	21:00:00	150.746	150.832	150.711	150.773	2982	0	2
2024.10.21	22:00:00	150.771	150.837	150.722	150.775	3128	0	2
2024.10.21	23:00:00	150.775	150.883	150.760	150.840	1820	0	2
2024.10.22	00:00:00	150.767	150.801	150.616	150.712	1328	0	21
2024.10.22	01:00:00	150.712	150.768	150.634	150.682	1581	0	5
2024.10.22	02:00:00	150.682	150.799	150.600	150.620	2828	0	3
2024.10.22	03:00:00	150.622	150.761	150.582	150.630	5536	0	3
2024.10.22	04:00:00	150.629	150.705	150.491	150.662	4922	0	2
2024.10.22	05:00:00	150.661	150.844	150.632	150.834	3224	0	3
2024.10.22	06:00:00	150.834	150.980	150.811	150.924	3185	0	3
2024.10.22	07:00:00	150.925	151.104	150.844	150.873	4291	0	4
2024.10.22	08:00:00	150.873	150.992	150.780	150.846	5466	0	3
2024.10.22	09:00:00	150.846	150.877	150.663	150.828	5573	0	2
2024.10.22	10:00:00	150.830	151.060	150.689	151.001	6614	0	2
2024.10.22	11:00:00	151.002	151.031	150.786	150.986	6019	0	2
2024.10.22	12:00:00	150.986	151.021	150.802	150.881	4786	0	2
2024.10.22	13:00:00	150.880	150.903	150.746	150.845	4749	0	2
2024.10.22	14:00:00	150.845	150.936	150.780	150.863	4736	0	3
2024.10.22	15:00:00	150.864	150.924	150.765	150.914	6703	0	3
2024.10.22	16:00:00	150.914	150.952	150.602	150.917	7924	0	3
2024.10.22	17:00:00	150.919	151.065	150.854	150.978	7430	0	2
2024.10.22	18:00:00	150.977	151.145	150.899	151.106	5568	0	2
2024.10.22	19:00:00	151.106	151.196	151.043	151.059	4113	0	2
2024.10.22	20:00:00	151.058	151.116	150.948	150.978	4624	0	2
2024.10.22	21:00:00	150.979	151.070	150.896	151.059	3923	0	2
2024.10.22	22:00:00	151.060	151.124	151.048	151.116	3741	0	2
2024.10.22	23:00:00	151.117	151.154	151.085	151.095	2263	0	2
2024.10.23	00:00:00	151.006	151.045	150.987	151.016	439	0	22
2024.10.23	01:00:00	151.016	151.078	151.015	151.066	987	0	4
2024.10.23	02:00:00	151.066	151.159	151.046	151.152	1469	0	4
2024.10.23	03:00:00	151.153	151.475	151.135	151.468	4743	0	5
2024.10.23	04:00:00	151.467	151.805	151.424	151.646	5981	0	3
2024.10.23	05:00:00	151.645	151.788	151.637	151.742	4364	0	3
2024.10.23	06:00:00	151.741	151.829	151.720	151.751	3520	0	3
2024.10.23	07:00:00	151.749	152.135	151.731	152.068	5255	0	4
2024.10.23	08:00:00	152.066	152.269	152.019	152.167	5112	0	4
2024.10.23	09:00:00	152.167	152.381	152.114	152.288	6601	0	2
2024.10.23	10:00:00	152.282	152.553	152.269	152.370	6763	0	2
2024.10.23	11:00:00	152.369	152.549	152.317	152.415	5747	0	2
2024.10.23	12:00:00	152.414	152.759	152.407	152.723	5455	0	2
2024.10.23	13:00:00	152.722	152.873	152.602	152.828	5081	0	2
2024.10.23	14:00:00	152.823	153.081	152.760	153.056	5767	0	2
2024.10.23	15:00:00	153.056	153.185	152.910	153.065	7769	0	4
2024.10.23	16:00:00	153.066	153.081	152.839	153.070	7733	0	2
2024.10.23	17:00:00	153.071	153.105	152.920	153.023	7188	0	2
2024.10.23	18:00:00	153.023	153.049	152.758	152.819	5990	0	2
2024.10.23	19:00:00	152.820	152.934	152.818	152.857	5308	0	2
2024.10.23	20:00:00	152.855	152.908	152.769	152.775	4267	0	2
2024.10.23	21:00:00	152.776	152.778	152.471	152.660	5199	0	2
2024.10.23	22:00:00	152.662	152.695	152.553	152.592	4300	0	2
2024.10.23	23:00:00	152.587	152.765	152.551	152.752	3479	0	2
2024.10.24	00:00:00	152.670	152.695	152.643	152.675	197	0	22
2024.10.24	01:00:00	152.675	152.829	152.672	152.752	1617	0	3
2024.10.24	02:00:00	152.752	152.798	152.605	152.768	2510	0	5
2024.10.24	03:00:00	152.765	152.765	152.519	152.639	6848	0	5
2024.10.24	04:00:00	152.638	152.791	152.608	152.677	5399	0	3
2024.10.24	05:00:00	152.676	152.694	152.339	152.429	5088	0	2
2024.10.24	06:00:00	152.430	152.516	152.352	152.397	3741	0	3
2024.10.24	07:00:00	152.397	152.397	152.106	152.214	4119	0	2
2024.10.24	08:00:00	152.214	152.386	152.199	152.384	4942	0	3
2024.10.24	09:00:00	152.382	152.382	152.048	152.055	7050	0	2
2024.10.24	10:00:00	152.059	152.316	152.024	152.127	8482	0	2
2024.10.24	11:00:00	152.128	152.246	151.918	152.008	7072	0	2
2024.10.24	12:00:00	152.008	152.075	151.825	151.987	5730	0	2
2024.10.24	13:00:00	151.988	151.988	151.819	151.853	4400	0	2
2024.10.24	14:00:00	151.853	152.072	151.763	152.046	5728	0	6
2024.10.24	15:00:00	152.047	152.303	151.836	152.049	9507	0	6
2024.10.24	16:00:00	152.051	152.324	151.940	152.201	9584	0	7
2024.10.24	17:00:00	152.198	152.279	151.845	151.925	9169	0	6
2024.10.24	18:00:00	151.926	151.977	151.780	151.867	6844	0	6
2024.10.24	19:00:00	151.867	151.879	151.656	151.688	5223	0	4
2024.10.24	20:00:00	151.689	151.783	151.549	151.623	4667	0	4
2024.10.24	21:00:00	151.624	151.853	151.614	151.820	5034	0	4
2024.10.24	22:00:00	151.821	151.899	151.820	151.831	4538	0	2
2024.10.24	23:00:00	151.840	151.865	151.810	151.825	2793	0	2
2024.10.25	00:00:00	151.796	151.835	151.769	151.804	449	0	29
2024.10.25	01:00:00	151.804	151.833	151.682	151.691	695	0	4
2024.10.25	02:00:00	151.691	151.814	151.578	151.785	3272	0	6
2024.10.25	03:00:00	151.786	152.104	151.747	152.003	5727	0	5
2024.10.25	04:00:00	152.003	152.063	151.793	151.845	4194	0	5
2024.10.25	05:00:00	151.846	151.886	151.735	151.829	3691	0	5
2024.10.25	06:00:00	151.830	151.905	151.817	151.852	3153	0	4
2024.10.25	07:00:00	151.851	151.870	151.608	151.703	4186	0	4
2024.10.25	08:00:00	151.703	151.746	151.453	151.730	5718	0	5
2024.10.25	09:00:00	151.730	152.003	151.675	151.861	5359	0	4
2024.10.25	10:00:00	151.860	152.039	151.819	151.953	6574	0	4
2024.10.25	11:00:00	151.953	152.058	151.917	151.960	5267	0	4
2024.10.25	12:00:00	151.959	152.093	151.907	152.001	3943	0	4
2024.10.25	13:00:00	152.000	152.024	151.862	151.894	3573	0	4
2024.10.25	14:00:00	151.894	151.935	151.694	151.791	4722	0	5
2024.10.25	15:00:00	151.790	152.089	151.790	151.917	6787	0	6
2024.10.25	16:00:00	151.917	152.159	151.835	152.015	7146	0	6
2024.10.25	17:00:00	152.015	152.113	151.906	152.028	8260	0	6
2024.10.25	18:00:00	152.027	152.139	151.923	152.079	6043	0	5
2024.10.25	19:00:00	152.078	152.227	152.052	152.193	4371	0	4
2024.10.25	20:00:00	152.192	152.292	152.098	152.162	3892	0	4
2024.10.25	21:00:00	152.161	152.278	152.092	152.245	4355	0	4
2024.10.25	22:00:00	152.246	152.376	152.239	152.251	4879	0	4
2024.10.25	23:00:00	152.250	152.350	152.179	152.323	3617	0	4
2024.10.28	00:00:00	153.154	153.160	152.709	152.884	1295	0	104
2024.10.28	01:00:00	152.884	153.232	152.672	152.954	6225	0	3
2024.10.28	02:00:00	152.954	153.035	152.772	152.956	5814	0	4
2024.10.28	03:00:00	152.956	153.479	152.768	153.465	9852	0	6
2024.10.28	04:00:00	153.465	153.879	153.439	153.849	7895	0	4
2024.10.28	05:00:00	153.850	153.853	153.531	153.575	5264	0	5
2024.10.28	06:00:00	153.575	153.698	153.493	153.631	4330	0	5
2024.10.28	07:00:00	153.632	153.656	153.375	153.646	5242	0	5
2024.10.28	08:00:00	153.645	153.744	153.491	153.536	4073	0	5
2024.10.28	09:00:00	153.536	153.559	153.233	153.411	5220	0	4
2024.10.28	10:00:00	153.414	153.528	153.158	153.333	5730	0	4
2024.10.28	11:00:00	153.334	153.427	153.164	153.177	6489	0	4
2024.10.28	12:00:00	153.179	153.188	152.900	152.927	5958	0	4
2024.10.28	13:00:00	152.928	152.928	152.460	152.533	6447	0	4
2024.10.28	14:00:00	152.533	152.733	152.466	152.728	5081	0	5
2024.10.28	15:00:00	152.729	152.730	152.404	152.622	6206	0	4
2024.10.28	16:00:00	152.622	152.764	152.576	152.756	6444	0	4
2024.10.28	17:00:00	152.755	153.065	152.742	152.949	5151	0	4
2024.10.28	18:00:00	152.950	153.238	152.853	153.212	5569	0	4
2024.10.28	19:00:00	153.212	153.280	153.130	153.260	4521	0	4
2024.10.28	20:00:00	153.256	153.303	153.201	153.276	3627	0	4
2024.10.28	21:00:00	153.277	153.375	153.234	153.259	2581	0	4
2024.10.28	22:00:00	153.258	153.265	153.198	153.231	3194	0	2
2024.10.28	23:00:00	153.233	153.288	153.204	153.280	1848	0	2
2024.10.29	00:00:00	153.243	153.274	153.232	153.242	143	0	24
2024.10.29	01:00:00	153.242	153.359	153.235	153.301	1181	0	2
2024.10.29	02:00:00	153.301	153.321	153.137	153.138	1773	0	4
2024.10.29	03:00:00	153.137	153.246	152.893	153.014	5053	0	5
2024.10.29	04:00:00	153.013	153.135	152.864	152.940	5029	0	5
2024.10.29	05:00:00	152.941	153.052	152.848	152.992	4519	0	4
2024.10.29	06:00:00	152.993	153.161	152.946	153.041	3671	0	4
2024.10.29	07:00:00	153.042	153.045	152.870	152.927	4241	0	4
2024.10.29	08:00:00	152.926	152.955	152.754	152.831	4588	0	4
2024.10.29	09:00:00	152.831	153.069	152.831	152.999	4171	0	4
2024.10.29	10:00:00	153.006	153.273	153.005	153.164	5321	0	4
2024.10.29	11:00:00	153.164	153.447	153.154	153.393	6956	0	4
2024.10.29	12:00:00	153.394	153.440	153.323	153.411	5140	0	4
2024.10.29	13:00:00	153.410	153.485	153.313	153.340	4167	0	4
2024.10.29	14:00:00	153.340	153.676	153.320	153.676	4829	0	6
2024.10.29	15:00:00	153.676	153.864	153.652	153.763	5685	0	7
2024.10.29	16:00:00	153.763	153.808	153.621	153.621	6012	0	4
2024.10.29	17:00:00	153.620	153.642	152.993	153.382	10615	0	7
2024.10.29	18:00:00	153.383	153.749	153.372	153.492	7468	0	8
2024.10.29	19:00:00	153.492	153.580	153.353	153.546	5420	0	4
2024.10.29	20:00:00	153.547	153.597	153.308	153.410	5025	0	4
2024.10.29	21:00:00	153.407	153.552	153.377	153.420	3593	0	4
2024.10.29	22:00:00	153.419	153.506	153.372	153.424	3462	0	2
2024.10.29	23:00:00	153.425	153.447	153.336	153.362	2221	0	2
2024.10.30	00:00:00	153.308	153.414	153.296	153.344	307	0	23
2024.10.30	01:00:00	153.344	153.394	153.200	153.254	1521	0	4
2024.10.30	02:00:00	153.254	153.354	153.161	153.265	2674	0	4
2024.10.30	03:00:00	153.265	153.304	153.071	153.249	5323	0	5
2024.10.30	04:00:00	153.250	153.313	153.106	153.215	4006	0	4
2024.10.30	05:00:00	153.232	153.440	153.200	153.313	3971	0	4
2024.10.30	06:00:00	153.314	153.396	153.284	153.341	3280	0	4
2024.10.30	07:00:00	153.341	153.372	153.188	153.359	3033	0	4
2024.10.30	08:00:00	153.358	153.367	153.189	153.229	3094	0	4
2024.10.30	09:00:00	153.229	153.465	153.192	153.273	4356	0	4
2024.10.30	10:00:00	153.274	153.379	153.258	153.329	4897	0	4
2024.10.30	11:00:00	153.329	153.358	152.801	152.852	6895	0	4
2024.10.30	12:00:00	152.851	153.193	152.835	153.058	7110	0	4
2024.10.30	13:00:00	153.058	153.058	152.830	152.894	5420	0	4
2024.10.30	14:00:00	152.895	153.045	152.779	153.033	4763	0	4
2024.10.30	15:00:00	153.036	153.490	152.989	153.357	9343	0	4
2024.10.30	16:00:00	153.358	153.431	152.865	152.938	8678	0	5
2024.10.30	17:00:00	152.973	153.326	152.904	153.263	8462	0	4
2024.10.30	18:00:00	153.251	153.387	153.153	153.156	6741	0	4
2024.10.30	19:00:00	153.156	153.217	153.002	153.081	5775	0	4
2024.10.30	20:00:00	153.080	153.257	153.080	153.229	4383	0	4
2024.10.30	21:00:00	153.230	153.263	153.166	153.240	3221	0	4
2024.10.30	22:00:00	153.240	153.429	153.235	153.299	4645	0	3
2024.10.30	23:00:00	153.300	153.405	153.268	153.389	2669	0	3
2024.10.31	00:00:00	153.318	153.338	153.227	153.307	432	0	24
2024.10.31	01:00:00	153.305	153.333	153.242	153.300	1826	0	4
2024.10.31	02:00:00	153.300	153.358	153.203	153.237	1781	0	5
2024.10.31	03:00:00	153.238	153.580	153.157	153.525	4782	0	6
2024.10.31	04:00:00	153.526	153.554	153.390	153.491	3953	0	6
2024.10.31	05:00:00	153.490	153.624	153.176	153.401	4168	0	5
2024.10.31	06:00:00	153.402	153.410	152.946	153.050	4722	0	6
2024.10.31	07:00:00	153.051	153.079	152.823	152.916	4041	0	5
2024.10.31	08:00:00	152.916	153.083	152.830	152.840	3767	0	5
2024.10.31	09:00:00	152.840	152.966	152.057	152.175	6934	0	4
2024.10.31	10:00:00	152.176	152.583	152.048	152.257	9847	0	5
2024.10.31	11:00:00	152.250	152.441	151.919	152.398	8367	0	4
2024.10.31	12:00:00	152.399	152.572	152.299	152.554	6478	0	4
2024.10.31	13:00:00	152.555	152.562	152.249	152.463	5517	0	4
2024.10.31	14:00:00	152.463	152.845	152.463	152.720	5269	0	4
2024.10.31	15:00:00	152.719	152.976	152.558	152.692	9191	0	4
2024.10.31	16:00:00	152.693	152.988	152.558	152.965	9060	0	4
2024.10.31	17:00:00	152.965	153.048	152.467	152.585	10206	0	4
2024.10.31	18:00:00	152.586	152.707	152.077	152.353	10156	0	6
2024.10.31	19:00:00	152.354	152.505	152.228	152.443	7364	0	4
2024.10.31	20:00:00	152.441	152.485	152.158	152.172	4392	0	4
2024.10.31	21:00:00	152.173	152.173	151.831	152.049	5860	0	4
2024.10.31	22:00:00	152.048	152.144	151.909	151.933	6865	0	4
2024.10.31	23:00:00	151.936	152.093	151.911	151.995	3695	0	4
2024.11.01	00:00:00	151.990	152.046	151.985	152.046	167	0	17
2024.11.01	01:00:00	152.046	152.136	152.017	152.061	1450	0	3
2024.11.01	02:00:00	152.061	152.061	151.787	151.979	4269	0	5
2024.11.01	03:00:00	151.980	152.167	151.875	152.032	6373	0	5
2024.11.01	04:00:00	152.032	152.289	151.916	152.116	5724	0	5
2024.11.01	05:00:00	152.114	152.353	152.113	152.301	3925	0	5
2024.11.01	06:00:00	152.300	152.421	152.243	152.414	3237	0	4
2024.11.01	07:00:00	152.417	152.538	152.417	152.484	2959	0	5
2024.11.01	08:00:00	152.483	152.650	152.405	152.537	4661	0	5
2024.11.01	09:00:00	152.537	152.569	152.332	152.393	4968	0	4
2024.11.01	10:00:00	152.394	152.576	152.199	152.545	5795	0	4
2024.11.01	11:00:00	152.545	152.691	152.521	152.641	5738	0	4
2024.11.01	12:00:00	152.639	152.830	152.560	152.773	4599	0	4
2024.11.01	13:00:00	152.774	152.846	152.666	152.667	4056	0	4
2024.11.01	14:00:00	152.667	152.797	152.587	152.674	4194	0	4
2024.11.01	15:00:00	152.673	152.828	151.791	152.039	9997	0	4
2024.11.01	16:00:00	152.032	152.487	151.972	152.386	10280	0	4
2024.11.01	17:00:00	152.385	152.960	152.218	152.897	10276	0	4
2024.11.01	18:00:00	152.897	153.067	152.801	152.944	7831	0	4
2024.11.01	19:00:00	152.944	153.042	152.828	152.891	5452	0	5
2024.11.01	20:00:00	152.892	153.064	152.857	152.909	4604	0	4
2024.11.01	21:00:00	152.909	152.959	152.848	152.959	3966	0	4
2024.11.01	22:00:00	152.959	153.018	152.937	152.965	3600	0	5
2024.11.01	23:00:00	152.964	153.090	152.940	152.980	2440	0	4
2024.11.04	00:00:00	152.311	152.523	152.296	152.392	1401	0	100
2024.11.04	01:00:00	152.392	152.484	152.178	152.291	5095	0	4
2024.11.04	02:00:00	152.291	152.291	152.004	152.074	5401	0	4
2024.11.04	03:00:00	152.075	152.079	151.702	151.790	6998	0	4
2024.11.04	04:00:00	151.789	151.967	151.771	151.810	5890	0	4
2024.11.04	05:00:00	151.810	151.810	151.594	151.739	5268	0	4
2024.11.04	06:00:00	151.740	151.857	151.689	151.820	3754	0	4
2024.11.04	07:00:00	151.819	151.959	151.816	151.848	4349	0	4
2024.11.04	08:00:00	151.848	152.153	151.798	152.148	5026	0	4
2024.11.04	09:00:00	152.147	152.276	152.084	152.175	6336	0	4
2024.11.04	10:00:00	152.176	152.223	151.967	152.088	7597	0	4
2024.11.04	11:00:00	152.091	152.148	151.801	151.883	6054	0	4
2024.11.04	12:00:00	151.882	152.007	151.750	151.808	5235	0	4
2024.11.04	13:00:00	151.809	151.815	151.531	151.549	4752	0	4
2024.11.04	14:00:00	151.548	151.821	151.544	151.805	4476	0	4
2024.11.04	15:00:00	151.806	152.063	151.726	151.829	5920	0	4
2024.11.04	16:00:00	151.829	151.967	151.624	151.823	7394	0	4
2024.11.04	17:00:00	151.823	152.101	151.702	151.991	6674	0	4
2024.11.04	18:00:00	151.991	152.158	151.928	152.023	6113	0	4
2024.11.04	19:00:00	152.022	152.114	151.892	152.011	4345	0	4
2024.11.04	20:00:00	152.007	152.198	151.980	152.062	4267	0	4
2024.11.04	21:00:00	152.063	152.170	152.062	152.144	3869	0	4
2024.11.04	22:00:00	152.146	152.178	152.102	152.148	3416	0	4
2024.11.04	23:00:00	152.152	152.193	152.132	152.148	1606	0	2
2024.11.05	00:00:00	152.075	152.157	152.054	152.114	449	0	6
2024.11.05	01:00:00	152.114	152.291	152.112	152.277	1566	0	4
2024.11.05	02:00:00	152.277	152.395	152.113	152.278	5093	0	4
2024.11.05	03:00:00	152.279	152.444	152.222	152.273	4204	0	4
2024.11.05	04:00:00	152.272	152.295	152.162	152.256	3345	0	4
2024.11.05	05:00:00	152.256	152.415	152.227	152.382	2587	0	4
2024.11.05	06:00:00	152.383	152.495	152.383	152.463	3078	0	4
2024.11.05	07:00:00	152.464	152.545	152.354	152.422	3167	0	4
2024.11.05	08:00:00	152.422	152.444	152.264	152.349	4080	0	4
2024.11.05	09:00:00	152.350	152.360	152.176	152.270	4468	0	4
2024.11.05	10:00:00	152.270	152.382	152.170	152.187	5284	0	5
2024.11.05	11:00:00	152.187	152.242	152.085	152.184	3963	0	5
2024.11.05	12:00:00	152.183	152.266	152.137	152.254	4034	0	5
2024.11.05	13:00:00	152.254	152.259	152.140	152.152	2415	0	5
2024.11.05	14:00:00	152.152	152.328	152.082	152.288	3167	0	5
2024.11.05	15:00:00	152.287	152.317	151.956	152.052	5040	0	5
2024.11.05	16:00:00	152.052	152.115	151.770	151.814	6266	0	5
2024.11.05	17:00:00	151.819	152.220	151.766	152.040	9424	0	8
2024.11.05	18:00:00	152.043	152.095	151.898	151.958	5798	0	5
2024.11.05	19:00:00	151.958	151.958	151.589	151.679	4127	0	5
2024.11.05	20:00:00	151.680	151.695	151.367	151.556	5599	0	5
2024.11.05	21:00:00	151.555	151.631	151.335	151.452	3779	0	5
2024.11.05	22:00:00	151.451	151.545	151.388	151.527	3505	0	5
2024.11.05	23:00:00	151.529	151.655	151.504	151.604	1738	0	2
2024.11.06	00:00:00	151.546	151.671	151.468	151.588	855	0	9
2024.11.06	01:00:00	151.588	151.904	151.397	151.435	5950	0	5
2024.11.06	02:00:00	151.433	152.920	151.280	152.919	13911	0	7
2024.11.06	03:00:00	152.907	153.117	152.641	152.927	12921	0	5
2024.11.06	04:00:00	152.927	154.107	152.868	154.045	13263	0	5
2024.11.06	05:00:00	154.045	154.333	153.584	153.937	14244	0	5
2024.11.06	06:00:00	153.937	154.083	153.440	153.556	12525	0	5
2024.11.06	07:00:00	153.557	153.769	153.130	153.748	13035	0	5
2024.11.06	08:00:00	153.745	154.379	153.659	154.048	12339	0	5
2024.11.06	09:00:00	154.047	154.131	153.694	153.934	13169	0	5
2024.11.06	10:00:00	153.933	154.140	153.811	153.896	11814	0	5
2024.11.06	11:00:00	153.902	154.026	153.793	153.991	9026	0	5
2024.11.06	12:00:00	153.991	154.176	153.872	153.995	8675	0	5
2024.11.06	13:00:00	153.996	154.252	153.930	154.213	9369	0	5
2024.11.06	14:00:00	154.213	154.458	154.115	154.404	9622	0	5
2024.11.06	15:00:00	154.405	154.432	154.058	154.302	10177	0	5
2024.11.06	16:00:00	154.299	154.475	154.208	154.286	9868	0	5
2024.11.06	17:00:00	154.285	154.361	153.977	154.351	11099	0	5
2024.11.06	18:00:00	154.351	154.661	154.202	154.577	7745	0	5
2024.11.06	19:00:00	154.577	154.679	154.460	154.663	5965	0	5
2024.11.06	20:00:00	154.662	154.694	154.349	154.421	5923	0	5
2024.11.06	21:00:00	154.420	154.553	154.379	154.443	5365	0	5
2024.11.06	22:00:00	154.441	154.569	154.403	154.558	3819	0	5
2024.11.06	23:00:00	154.560	154.658	154.557	154.626	1468	0	6
2024.11.07	00:00:00	154.550	154.555	154.505	154.509	253	0	22
2024.11.07	01:00:00	154.509	154.549	154.213	154.308	3612	0	2
2024.11.07	02:00:00	154.313	154.708	154.218	154.568	7754	0	5
2024.11.07	03:00:00	154.575	154.673	154.377	154.511	7092	0	5
2024.11.07	04:00:00	154.510	154.524	154.322	154.438	5506	0	5
2024.11.07	05:00:00	154.438	154.519	154.275	154.319	4428	0	5
2024.11.07	06:00:00	154.321	154.371	153.930	154.177	4719	0	5
2024.11.07	07:00:00	154.178	154.286	153.984	154.008	5090	0	5
2024.11.07	08:00:00	154.007	154.197	153.927	153.933	6680	0	5
2024.11.07	09:00:00	153.933	154.007	153.646	153.999	8473	0	5
2024.11.07	10:00:00	153.998	154.069	153.818	154.041	7843	0	4
2024.11.07	11:00:00	154.043	154.134	153.897	153.948	5596	0	4
2024.11.07	12:00:00	153.947	154.042	153.880	154.016	4731	0	4
2024.11.07	13:00:00	154.016	154.100	153.982	154.066	3985	0	4
2024.11.07	14:00:00	154.066	154.107	153.741	153.767	7404	0	4
2024.11.07	15:00:00	153.765	153.785	153.449	153.499	9714	0	4
2024.11.07	16:00:00	153.499	153.558	153.084	153.225	8561	0	4
2024.11.07	17:00:00	153.225	153.287	152.852	152.960	8908	0	4
2024.11.07	18:00:00	152.960	153.230	152.927	153.136	7067	0	4
2024.11.07	19:00:00	153.136	153.200	152.957	153.011	4565	0	4
2024.11.07	20:00:00	153.012	153.027	152.862	152.952	4485	0	4
2024.11.07	21:00:00	152.947	153.464	152.858	153.079	11426	0	7
2024.11.07	22:00:00	153.079	153.144	152.687	152.851	8679	0	4
2024.11.07	23:00:00	152.854	152.952	152.798	152.934	2295	0	6
2024.11.08	00:00:00	152.893	152.933	152.812	152.933	133	0	14
2024.11.08	01:00:00	152.933	153.191	152.920	153.175	2664	0	2
2024.11.08	02:00:00	153.175	153.241	152.973	153.131	6139	0	2
2024.11.08	03:00:00	153.130	153.369	153.052	153.097	5999	0	4
2024.11.08	04:00:00	153.097	153.181	152.957	153.124	4726	0	4
2024.11.08	05:00:00	153.129	153.130	152.728	152.813	4637	0	4
2024.11.08	06:00:00	152.810	152.837	152.549	152.735	4865	0	4
2024.11.08	07:00:00	152.735	152.918	152.709	152.804	3734	0	4
2024.11.08	08:00:00	152.804	152.954	152.663	152.763	5813	0	4
2024.11.08	09:00:00	152.757	152.898	152.610	152.636	6247	0	4
2024.11.08	10:00:00	152.635	152.744	152.319	152.350	9113	0	4
2024.11.08	11:00:00	152.350	152.448	152.251	152.280	6107	0	4
2024.11.08	12:00:00	152.277	152.396	152.140	152.177	6627	0	4
2024.11.08	13:00:00	152.177	152.449	152.138	152.425	4798	0	4
2024.11.08	14:00:00	152.425	152.547	152.359	152.371	5335	0	4
2024.11.08	15:00:00	152.369	152.817	152.329	152.743	8045	0	4
2024.11.08	16:00:00	152.742	152.859	152.531	152.683	7578	0	4
2024.11.08	17:00:00	152.690	152.788	152.381	152.423	8567	0	4
2024.11.08	18:00:00	152.425	152.719	152.408	152.591	6695	0	4
2024.11.08	19:00:00	152.591	152.810	152.573	152.652	5941	0	4
2024.11.08	20:00:00	152.651	152.813	152.544	152.692	4324	0	4
2024.11.08	21:00:00	152.691	152.795	152.655	152.672	3746	0	4
2024.11.08	22:00:00	152.675	152.754	152.491	152.514	3657	0	4
2024.11.08	23:00:00	152.515	152.618	152.432	152.608	2007	0	6
2024.11.11	00:00:00	152.615	152.743	152.615	152.646	1458	0	80
2024.11.11	01:00:00	152.646	152.945	152.642	152.909	2706	0	2
2024.11.11	02:00:00	152.909	153.145	152.871	153.142	5579	0	4
2024.11.11	03:00:00	153.145	153.222	153.027	153.219	4089	0	4
2024.11.11	04:00:00	153.219	153.429	153.130	153.386	4568	0	4
2024.11.11	05:00:00	153.386	153.460	153.301	153.447	3397	0	4
2024.11.11	06:00:00	153.447	153.644	153.442	153.570	3171	0	4
2024.11.11	07:00:00	153.571	153.667	153.468	153.526	4058	0	4
2024.11.11	08:00:00	153.527	153.586	153.392	153.395	3825	0	4
2024.11.11	09:00:00	153.395	153.662	153.312	153.636	6201	0	4
2024.11.11	10:00:00	153.639	153.854	153.609	153.761	5489	0	4
2024.11.11	11:00:00	153.762	153.851	153.595	153.621	4746	0	4
2024.11.11	12:00:00	153.622	153.748	153.550	153.689	3820	0	4
2024.11.11	13:00:00	153.690	153.775	153.681	153.754	3948	0	4
2024.11.11	14:00:00	153.754	153.849	153.734	153.788	3227	0	4
2024.11.11	15:00:00	153.788	153.951	153.715	153.768	4759	0	4
2024.11.11	16:00:00	153.768	153.908	153.642	153.842	5899	0	4
2024.11.11	17:00:00	153.842	153.947	153.800	153.855	4668	0	4
2024.11.11	18:00:00	153.854	153.906	153.764	153.820	3172	0	4
2024.11.11	19:00:00	153.821	153.908	153.771	153.873	2292	0	4
2024.11.11	20:00:00	153.874	153.875	153.744	153.805	2061	0	4
2024.11.11	21:00:00	153.807	153.810	153.728	153.765	2264	0	4
2024.11.11	22:00:00	153.765	153.767	153.625	153.645	2599	0	4
2024.11.11	23:00:00	153.646	153.714	153.626	153.713	1128	0	6
2024.11.12	00:00:00	153.680	153.722	153.674	153.718	589	0	24
2024.11.12	01:00:00	153.718	153.772	153.471	153.521	2214	0	2
2024.11.12	02:00:00	153.519	153.810	153.482	153.763	5365	0	4
2024.11.12	03:00:00	153.765	153.965	153.737	153.961	5156	0	4
2024.11.12	04:00:00	153.956	154.055	153.735	153.809	4726	0	4
2024.11.12	05:00:00	153.809	153.816	153.575	153.652	3956	0	4
2024.11.12	06:00:00	153.652	153.652	153.480	153.499	4358	0	4
2024.11.12	07:00:00	153.500	153.612	153.407	153.612	4640	0	4
2024.11.12	08:00:00	153.612	153.831	153.609	153.781	4000	0	4
2024.11.12	09:00:00	153.781	153.889	153.700	153.821	5512	0	4
2024.11.12	10:00:00	153.822	153.943	153.703	153.937	6765	0	4
2024.11.12	11:00:00	153.937	154.165	153.884	154.106	5940	0	4
2024.11.12	12:00:00	154.105	154.120	153.974	154.047	4392	0	4
2024.11.12	13:00:00	154.048	154.137	153.928	154.069	4041	0	3
2024.11.12	14:00:00	154.069	154.190	153.997	154.073	5060	0	4
2024.11.12	15:00:00	154.074	154.394	154.053	154.381	6031	0	4
2024.11.12	16:00:00	154.382	154.492	154.290	154.414	5628	0	4
2024.11.12	17:00:00	154.414	154.545	154.324	154.517	6126	0	4
2024.11.12	18:00:00	154.514	154.764	154.457	154.740	5690	0	4
2024.11.12	19:00:00	154.740	154.922	154.708	154.780	5198	0	4
2024.11.12	20:00:00	154.780	154.853	154.718	154.727	3819	0	4
2024.11.12	21:00:00	154.730	154.759	154.666	154.745	3158	0	4
2024.11.12	22:00:00	154.745	154.783	154.543	154.580	4168	0	4
2024.11.12	23:00:00	154.562	154.666	154.510	154.634	1792	0	6
2024.11.13	00:00:00	154.568	154.643	154.511	154.525	803	0	22
2024.11.13	01:00:00	154.525	154.666	154.505	154.657	2205	0	4
2024.11.13	02:00:00	154.657	154.933	154.649	154.933	5001	0	4
2024.11.13	03:00:00	154.932	154.939	154.590	154.603	6108	0	4
2024.11.13	04:00:00	154.602	154.805	154.538	154.738	3802	0	4
2024.11.13	05:00:00	154.738	154.895	154.687	154.804	3501	0	4
2024.11.13	06:00:00	154.801	154.889	154.746	154.846	3361	0	4
2024.11.13	07:00:00	154.846	154.932	154.771	154.910	4402	0	4
2024.11.13	08:00:00	154.909	155.154	154.891	155.038	5475	0	4
2024.11.13	09:00:00	155.038	155.118	154.923	155.113	5059	0	4
2024.11.13	10:00:00	155.113	155.237	154.965	155.007	6048	0	4
2024.11.13	11:00:00	155.006	155.063	154.793	154.895	5147	0	4
2024.11.13	12:00:00	154.896	154.998	154.870	154.989	4395	0	4
2024.11.13	13:00:00	154.990	155.033	154.799	154.817	3133	0	4
2024.11.13	14:00:00	154.817	154.958	154.747	154.921	4882	0	4
2024.11.13	15:00:00	154.922	155.066	154.412	154.511	9763	0	4
2024.11.13	16:00:00	154.512	154.882	154.335	154.836	11016	0	4
2024.11.13	17:00:00	154.835	155.134	154.796	154.984	10325	0	4
2024.11.13	18:00:00	154.984	155.300	154.979	155.282	7102	0	4
2024.11.13	19:00:00	155.281	155.429	155.215	155.409	4881	0	4
2024.11.13	20:00:00	155.409	155.614	155.399	155.592	3591	0	4
2024.11.13	21:00:00	155.592	155.624	155.426	155.541	4402	0	4
2024.11.13	22:00:00	155.540	155.595	155.498	155.590	3863	0	4
2024.11.13	23:00:00	155.588	155.594	155.429	155.456	2214	0	5
2024.11.14	00:00:00	155.406	155.436	155.314	155.386	1460	0	23
2024.11.14	01:00:00	155.392	155.478	155.312	155.419	3096	0	2
2024.11.14	02:00:00	155.419	155.772	155.405	155.720	5312	0	4
2024.11.14	03:00:00	155.720	155.919	155.703	155.864	5237	0	4
2024.11.14	04:00:00	155.865	156.059	155.831	156.005	3606	0	4
2024.11.14	05:00:00	156.006	156.006	155.808	155.941	3340	0	4
2024.11.14	06:00:00	155.940	156.135	155.940	156.052	3372	0	4
2024.11.14	07:00:00	156.052	156.132	155.950	156.019	3758	0	4
2024.11.14	08:00:00	156.018	156.040	155.813	155.920	4187	0	4
2024.11.14	09:00:00	155.920	155.956	155.701	155.833	4969	0	4
2024.11.14	10:00:00	155.833	155.956	155.736	155.943	4968	0	4
2024.11.14	11:00:00	155.943	156.145	155.928	156.106	5288	0	4
2024.11.14	12:00:00	156.105	156.241	156.048	156.050	4465	0	4
2024.11.14	13:00:00	156.051	156.141	155.894	155.920	5066	0	4
2024.11.14	14:00:00	155.920	156.026	155.854	155.993	4782	0	4
2024.11.14	15:00:00	155.994	156.191	155.768	156.018	8799	0	4
2024.11.14	16:00:00	156.018	156.028	155.515	155.797	8543	0	4
2024.11.14	17:00:00	155.797	156.076	155.650	155.952	8396	0	4
2024.11.14	18:00:00	155.952	156.041	155.715	155.968	5771	0	4
2024.11.14	19:00:00	155.968	156.037	155.669	155.741	4692	0	4
2024.11.14	20:00:00	155.741	155.940	155.694	155.890	3717	0	4
2024.11.14	21:00:00	155.888	155.997	155.846	155.920	3349	0	4
2024.11.14	22:00:00	155.916	156.416	155.892	156.297	9554	0	5
2024.11.14	23:00:00	156.298	156.368	156.233	156.305	5064	0	5
2024.11.15	00:00:00	156.258	156.292	156.211	156.271	540	0	17
2024.11.15	01:00:00	156.271	156.537	156.258	156.486	3174	0	4
2024.11.15	02:00:00	156.480	156.748	156.435	156.628	6009	0	4
2024.11.15	03:00:00	156.627	156.647	156.328	156.548	6184	0	4
2024.11.15	04:00:00	156.546	156.552	156.323	156.391	4687	0	4
2024.11.15	05:00:00	156.390	156.515	156.273	156.503	3776	0	4
2024.11.15	06:00:00	156.504	156.544	156.302	156.356	4563	0	4
2024.11.15	07:00:00	156.357	156.452	156.327	156.452	4331	0	4
2024.11.15	08:00:00	156.453	156.503	156.033	156.101	5673	0	4
2024.11.15	09:00:00	156.101	156.170	155.755	155.774	5891	0	4
2024.11.15	10:00:00	155.774	155.775	155.386	155.515	6891	0	4
2024.11.15	11:00:00	155.516	155.729	155.262	155.365	6506	0	4
2024.11.15	12:00:00	155.364	155.458	155.216	155.302	5673	0	4
2024.11.15	13:00:00	155.304	155.510	155.256	155.493	4483	0	4
2024.11.15	14:00:00	155.493	155.625	155.367	155.390	5159	0	4
2024.11.15	15:00:00	155.388	155.717	155.169	155.328	10573	0	4
2024.11.15	16:00:00	155.328	155.770	155.117	155.552	10743	0	4
2024.11.15	17:00:00	155.558	155.600	154.836	154.950	10316	0	4
2024.11.15	18:00:00	154.951	155.018	154.527	154.598	9293	0	4
2024.11.15	19:00:00	154.597	154.607	154.189	154.282	6944	0	4
2024.11.15	20:00:00	154.283	154.305	153.860	153.921	6083	0	4
2024.11.15	21:00:00	153.920	154.341	153.913	154.212	5685	0	4
2024.11.15	22:00:00	154.211	154.419	154.171	154.286	5642	0	4
2024.11.15	23:00:00	154.288	154.472	154.282	154.435	2388	0	5
2024.11.18	00:00:00	154.352	154.546	154.257	154.527	1767	0	80
2024.11.18	01:00:00	154.527	154.749	154.396	154.640	4017	0	4
2024.11.18	02:00:00	154.640	154.657	153.836	154.271	8052	0	4
2024.11.18	03:00:00	154.272	155.142	154.102	154.598	10208	0	4
2024.11.18	04:00:00	154.599	154.924	154.584	154.737	6037	0	4
2024.11.18	05:00:00	154.736	154.891	154.618	154.652	4249	0	4
2024.11.18	06:00:00	154.651	154.692	154.413	154.649	5010	0	4
2024.11.18	07:00:00	154.649	154.763	154.415	154.595	5518	0	4
2024.11.18	08:00:00	154.596	154.629	154.296	154.587	6503	0	4
2024.11.18	09:00:00	154.586	154.767	154.475	154.567	7320	0	4
2024.11.18	10:00:00	154.566	154.953	154.501	154.950	7892	0	4
2024.11.18	11:00:00	154.951	154.970	154.553	154.774	7176	0	4
2024.11.18	12:00:00	154.775	155.049	154.773	155.000	6185	0	4
2024.11.18	13:00:00	154.999	155.124	154.949	155.053	5366	0	4
2024.11.18	14:00:00	155.054	155.281	155.027	155.268	5488	0	4
2024.11.18	15:00:00	155.270	155.356	154.863	154.903	7063	0	4
2024.11.18	16:00:00	154.902	154.984	154.577	154.801	8184	0	4
2024.11.18	17:00:00	154.802	155.053	154.749	154.994	7533	0	4
2024.11.18	18:00:00	154.995	155.069	154.789	154.797	6412	0	4
2024.11.18	19:00:00	154.797	154.851	154.640	154.700	5154	0	4
2024.11.18	20:00:00	154.700	154.788	154.590	154.627	4454	0	4
2024.11.18	21:00:00	154.627	154.753	154.570	154.737	4574	0	4
2024.11.18	22:00:00	154.737	154.739	154.587	154.588	3638	0	4
2024.11.18	23:00:00	154.590	154.641	154.563	154.629	2169	0	5
2024.11.19	00:00:00	154.622	154.654	154.621	154.627	342	0	12
2024.11.19	01:00:00	154.627	154.636	154.428	154.616	1528	0	4
2024.11.19	02:00:00	154.616	154.617	154.298	154.376	5613	0	4
2024.11.19	03:00:00	154.376	154.401	154.039	154.114	5411	0	4
2024.11.19	04:00:00	154.114	154.250	153.971	154.155	4433	0	4
2024.11.19	05:00:00	154.157	154.215	153.948	154.177	3892	0	4
2024.11.19	06:00:00	154.176	154.470	154.109	154.419	3411	0	4
2024.11.19	07:00:00	154.419	154.517	154.295	154.424	3605	0	4
2024.11.19	08:00:00	154.421	154.578	154.342	154.510	3948	0	4
2024.11.19	09:00:00	154.510	154.653	154.440	154.527	5956	0	4
2024.11.19	10:00:00	154.528	154.572	153.277	153.749	11105	0	4
2024.11.19	11:00:00	153.749	154.073	153.343	153.761	12582	0	4
2024.11.19	12:00:00	153.762	153.828	153.437	153.774	9241	0	4
2024.11.19	13:00:00	153.775	154.176	153.722	154.087	6974	0	4
2024.11.19	14:00:00	154.081	154.207	153.962	153.979	7454	0	4
2024.11.19	15:00:00	153.976	154.009	153.409	153.469	9706	0	4
2024.11.19	16:00:00	153.470	154.132	153.440	154.051	12365	0	4
2024.11.19	17:00:00	154.051	154.235	153.850	153.961	10455	0	4
2024.11.19	18:00:00	153.954	154.492	153.915	154.348	7454	0	4
2024.11.19	19:00:00	154.348	154.754	154.256	154.720	5241	0	4
2024.11.19	20:00:00	154.721	154.795	154.577	154.588	4027	0	4
2024.11.19	21:00:00	154.588	154.703	154.562	154.692	3555	0	4
2024.11.19	22:00:00	154.692	154.731	154.633	154.685	3171	0	4
2024.11.19	23:00:00	154.685	154.725	154.657	154.676	1489	0	5
2024.11.20	00:00:00	154.644	154.657	154.524	154.572	317	0	11
2024.11.20	01:00:00	154.575	154.758	154.529	154.717	2398	0	4
2024.11.20	02:00:00	154.716	154.938	154.583	154.919	5425	0	4
2024.11.20	03:00:00	154.920	154.988	154.694	154.771	4585	0	4
2024.11.20	04:00:00	154.771	154.908	154.724	154.866	3750	0	4
2024.11.20	05:00:00	154.866	154.985	154.819	154.955	2963	0	4
2024.11.20	06:00:00	154.953	155.139	154.942	155.050	3205	0	4
2024.11.20	07:00:00	155.051	155.191	154.989	155.191	3151	0	4
2024.11.20	08:00:00	155.193	155.455	155.160	155.356	4600	0	4
2024.11.20	09:00:00	155.353	155.681	155.321	155.655	6026	0	4
2024.11.20	10:00:00	155.658	155.747	155.578	155.629	5316	0	5
2024.11.20	11:00:00	155.629	155.849	155.597	155.753	5383	0	5
2024.11.20	12:00:00	155.754	155.846	155.665	155.749	4334	0	5
2024.11.20	13:00:00	155.749	155.862	155.710	155.834	3950	0	5
2024.11.20	14:00:00	155.834	155.886	155.684	155.687	4484	0	5
2024.11.20	15:00:00	155.689	155.786	155.627	155.730	5484	0	4
2024.11.20	16:00:00	155.729	155.838	155.386	155.600	6915	0	5
2024.11.20	17:00:00	155.600	155.605	155.054	155.529	9518	0	5
2024.11.20	18:00:00	155.528	155.611	155.230	155.381	7121	0	4
2024.11.20	19:00:00	155.381	155.441	155.180	155.218	4602	0	4
2024.11.20	20:00:00	155.218	155.442	155.198	155.338	4824	0	4
2024.11.20	21:00:00	155.340	155.374	155.239	155.364	3927	0	4
2024.11.20	22:00:00	155.365	155.517	155.362	155.474	3645	0	4
2024.11.20	23:00:00	155.477	155.538	155.349	155.426	3102	0	6
2024.11.21	00:00:00	155.358	155.392	155.307	155.328	611	0	16
2024.11.21	01:00:00	155.328	155.373	155.234	155.273	2166	0	4
2024.11.21	02:00:00	155.273	155.301	154.922	155.077	5852	0	4
2024.11.21	03:00:00	155.076	155.090	154.880	155.042	4745	0	4
2024.11.21	04:00:00	155.041	155.086	154.875	154.960	3684	0	4
2024.11.21	05:00:00	154.955	155.034	154.889	154.926	3455	0	4
2024.11.21	06:00:00	154.924	155.109	154.861	155.058	3177	0	4
2024.11.21	07:00:00	155.057	155.264	155.029	155.187	4321	0	4
2024.11.21	08:00:00	155.185	155.185	154.560	154.758	6973	0	4
2024.11.21	09:00:00	154.758	155.044	154.607	154.903	9256	0	5
2024.11.21	10:00:00	154.902	155.033	154.402	154.440	10447	0	5
2024.11.21	11:00:00	154.441	154.450	154.081	154.397	9484	0	5
2024.11.21	12:00:00	154.396	154.433	154.198	154.401	6113	0	5
2024.11.21	13:00:00	154.400	154.582	154.301	154.533	5568	0	5
2024.11.21	14:00:00	154.524	154.714	154.301	154.443	6337	0	4
2024.11.21	15:00:00	154.442	154.662	154.104	154.252	8971	0	4
2024.11.21	16:00:00	154.253	154.540	153.958	154.089	9927	0	5
2024.11.21	17:00:00	154.101	154.349	153.903	154.321	9879	0	5
2024.11.21	18:00:00	154.322	154.669	154.305	154.654	9289	0	4
2024.11.21	19:00:00	154.654	154.692	154.403	154.441	7079	0	4
2024.11.21	20:00:00	154.443	154.699	154.431	154.548	5297	0	4
2024.11.21	21:00:00	154.547	154.638	154.479	154.509	4932	0	4
2024.11.21	22:00:00	154.504	154.591	154.451	154.504	5324	0	4
2024.11.21	23:00:00	154.504	154.565	154.446	154.525	2392	0	6
2024.11.22	00:00:00	154.454	154.491	154.434	154.462	514	0	27
2024.11.22	01:00:00	154.442	154.513	154.109	154.156	3746	0	4
2024.11.22	02:00:00	154.156	154.413	153.966	154.332	7186	0	4
2024.11.22	03:00:00	154.330	154.437	154.220	154.415	5355	0	4
2024.11.22	04:00:00	154.416	154.496	154.345	154.394	3730	0	4
2024.11.22	05:00:00	154.393	154.479	154.186	154.263	4311	0	4
2024.11.22	06:00:00	154.263	154.447	154.263	154.422	3518	0	4
2024.11.22	07:00:00	154.423	154.732	154.423	154.702	4605	0	4
2024.11.22	08:00:00	154.703	154.953	154.682	154.900	5483	0	4
2024.11.22	09:00:00	154.900	154.922	154.656	154.727	6588	0	5
2024.11.22	10:00:00	154.727	154.865	154.399	154.512	8955	0	5
2024.11.22	11:00:00	154.512	154.821	154.248	154.502	10800	0	5
2024.11.22	12:00:00	154.495	154.551	154.251	154.324	7933	0	5
2024.11.22	13:00:00	154.324	154.468	154.277	154.312	6186	0	5
2024.11.22	14:00:00	154.312	154.546	154.291	154.497	5779	0	6
2024.11.22	15:00:00	154.496	154.564	154.190	154.272	8212	0	6
2024.11.22	16:00:00	154.274	155.020	154.271	154.876	9352	0	5
2024.11.22	17:00:00	154.875	154.913	154.597	154.895	11117	0	6
2024.11.22	18:00:00	154.895	154.919	154.710	154.733	7554	0	6
2024.11.22	19:00:00	154.733	154.823	154.671	154.754	4970	0	4
2024.11.22	20:00:00	154.755	154.804	154.705	154.742	3898	0	4
2024.11.22	21:00:00	154.741	154.815	154.661	154.802	3353	0	4
2024.11.22	22:00:00	154.804	154.883	154.744	154.837	3498	0	4
2024.11.22	23:00:00	154.837	154.849	154.777	154.782	1664	0	5
2024.11.25	00:00:00	154.226	154.367	154.173	154.229	1518	0	59
2024.11.25	01:00:00	154.229	154.392	154.048	154.150	5583	0	4
2024.11.25	02:00:00	154.150	154.201	153.813	154.201	7471	0	4
2024.11.25	03:00:00	154.203	154.235	153.643	153.768	6751	0	4
2024.11.25	04:00:00	153.767	153.801	153.548	153.758	5092	0	4
2024.11.25	05:00:00	153.758	153.960	153.626	153.944	4823	0	4
2024.11.25	06:00:00	153.946	154.165	153.936	154.092	4532	0	4
2024.11.25	07:00:00	154.092	154.395	154.089	154.263	5040	0	4
2024.11.25	08:00:00	154.262	154.477	154.179	154.292	5782	0	4
2024.11.25	09:00:00	154.292	154.552	154.151	154.537	7394	0	4
2024.11.25	10:00:00	154.537	154.721	154.480	154.691	7758	0	4
2024.11.25	11:00:00	154.692	154.696	154.354	154.420	6728	0	4
2024.11.25	12:00:00	154.420	154.481	154.345	154.420	5414	0	4
2024.11.25	13:00:00	154.421	154.507	154.312	154.504	3848	0	4
2024.11.25	14:00:00	154.504	154.562	154.129	154.200	5757	0	4
2024.11.25	15:00:00	154.198	154.199	153.755	153.924	9006	0	4
2024.11.25	16:00:00	153.923	154.021	153.624	153.749	10524	0	4
2024.11.25	17:00:00	153.749	154.388	153.642	154.363	8624	0	4
2024.11.25	18:00:00	154.366	154.517	154.279	154.290	7480	0	4
2024.11.25	19:00:00	154.290	154.385	154.224	154.319	5480	0	4
2024.11.25	20:00:00	154.321	154.339	154.094	154.108	5473	0	4
2024.11.25	21:00:00	154.107	154.197	153.992	154.133	4904	0	4
2024.11.25	22:00:00	154.133	154.179	154.075	154.140	4162	0	4
2024.11.25	23:00:00	154.139	154.260	154.138	154.220	1930	0	5
2024.11.26	00:00:00	154.188	154.199	154.017	154.100	429	0	20
2024.11.26	01:00:00	154.100	154.487	153.878	154.378	5655	0	4
2024.11.26	02:00:00	154.380	154.415	153.939	154.014	10097	0	4
2024.11.26	03:00:00	154.015	154.108	153.837	154.050	8064	0	4
2024.11.26	04:00:00	154.051	154.218	153.896	153.980	4282	0	4
2024.11.26	05:00:00	153.980	154.062	153.720	153.739	4036	0	4
2024.11.26	06:00:00	153.731	153.911	153.664	153.841	3881	0	4
2024.11.26	07:00:00	153.838	153.841	153.542	153.713	4095	0	4
2024.11.26	08:00:00	153.712	154.061	153.600	154.051	4739	0	4
2024.11.26	09:00:00	154.051	154.218	154.027	154.032	6461	0	4
2024.11.26	10:00:00	154.032	154.049	153.787	153.966	7373	0	4
2024.11.26	11:00:00	153.967	154.118	153.881	153.923	5953	0	4
2024.11.26	12:00:00	153.923	153.979	153.706	153.766	4439	0	4
2024.11.26	13:00:00	153.767	153.866	153.712	153.777	4403	0	4
2024.11.26	14:00:00	153.777	153.800	153.064	153.254	8161	0	4
2024.11.26	15:00:00	153.252	153.484	152.984	153.428	7853	0	4
2024.11.26	16:00:00	153.428	153.680	153.393	153.521	7832	0	4
2024.11.26	17:00:00	153.518	153.718	153.369	153.464	8780	0	4
2024.11.26	18:00:00	153.458	153.677	153.409	153.487	6809	0	4
2024.11.26	19:00:00	153.488	153.513	153.250	153.326	5959	0	4
2024.11.26	20:00:00	153.324	153.486	153.265	153.376	5422	0	4
2024.11.26	21:00:00	153.373	153.416	153.080	153.108	6307	0	4
2024.11.26	22:00:00	153.107	153.141	153.022	153.057	4714	0	4
2024.11.26	23:00:00	153.060	153.147	153.005	153.105	2968	0	5
2024.11.27	00:00:00	153.026	153.088	153.016	153.052	1690	0	31
2024.11.27	01:00:00	153.052	153.231	152.929	152.929	2995	0	4
2024.11.27	02:00:00	152.929	153.012	152.758	152.909	6487	0	4
2024.11.27	03:00:00	152.908	153.028	152.502	152.547	6450	0	4
2024.11.27	04:00:00	152.547	152.749	152.525	152.637	4260	0	4
2024.11.27	05:00:00	152.632	152.653	152.382	152.449	4157	0	4
2024.11.27	06:00:00	152.450	152.468	152.246	152.310	4079	0	4
2024.11.27	07:00:00	152.311	152.475	152.232	152.436	4151	0	4
2024.11.27	08:00:00	152.438	152.461	152.066	152.079	4974	0	4
2024.11.27	09:00:00	152.079	152.167	151.838	151.948	7453	0	4
2024.11.27	10:00:00	151.949	151.956	151.424	151.823	10518	0	4
2024.11.27	11:00:00	151.823	151.893	151.352	151.473	7539	0	4
2024.11.27	12:00:00	151.472	151.490	151.217	151.398	6907	0	4
2024.11.27	13:00:00	151.397	151.615	151.363	151.486	5394	0	4
2024.11.27	14:00:00	151.483	151.590	151.304	151.481	6289	0	4
2024.11.27	15:00:00	151.482	151.626	151.293	151.329	8497	0	4
2024.11.27	16:00:00	151.330	151.489	150.994	151.341	8666	0	4
2024.11.27	17:00:00	151.326	151.803	150.926	151.099	10668	0	4
2024.11.27	18:00:00	151.101	151.374	150.451	150.703	9463	0	4
2024.11.27	19:00:00	150.703	150.863	150.530	150.759	7016	0	4
2024.11.27	20:00:00	150.758	150.882	150.675	150.854	4442	0	4
2024.11.27	21:00:00	150.854	151.052	150.852	151.021	4284	0	4
2024.11.27	22:00:00	151.020	151.186	151.018	151.089	4187	0	4
2024.11.27	23:00:00	151.087	151.189	151.085	151.128	2007	0	5
2024.11.28	00:00:00	151.044	151.097	150.872	150.914	868	0	28
2024.11.28	01:00:00	150.914	151.378	150.893	151.336	3005	0	4
2024.11.28	02:00:00	151.336	151.706	151.281	151.684	5483	0	4
2024.11.28	03:00:00	151.686	151.746	151.406	151.428	5498	0	4
2024.11.28	04:00:00	151.428	151.615	151.343	151.442	3818	0	4
2024.11.28	05:00:00	151.441	151.716	151.414	151.627	3148	0	4
2024.11.28	06:00:00	151.626	151.655	151.529	151.625	3488	0	4
2024.11.28	07:00:00	151.625	151.660	151.479	151.540	3382	0	4
2024.11.28	08:00:00	151.540	151.649	151.356	151.548	4672	0	4
2024.11.28	09:00:00	151.548	151.775	151.536	151.754	5326	0	4
2024.11.28	10:00:00	151.753	151.917	151.690	151.833	6759	0	4
2024.11.28	11:00:00	151.832	151.945	151.788	151.890	5747	0	4
2024.11.28	12:00:00	151.889	151.949	151.838	151.851	3658	0	4
2024.11.28	13:00:00	151.848	151.894	151.756	151.830	3468	0	4
2024.11.28	14:00:00	151.830	151.843	151.637	151.763	3752	0	4
2024.11.28	15:00:00	151.765	151.772	151.554	151.565	3897	0	4
2024.11.28	16:00:00	151.567	151.604	151.475	151.523	3468	0	4
2024.11.28	17:00:00	151.522	151.571	151.400	151.520	3691	0	4
2024.11.28	18:00:00	151.520	151.570	151.464	151.480	2010	0	4
2024.11.28	19:00:00	151.480	151.543	151.452	151.488	1976	0	7
2024.11.28	20:00:00	151.489	151.553	151.457	151.530	1201	0	7
2024.11.28	21:00:00	151.531	151.546	151.467	151.495	351	0	7
2024.11.28	22:00:00	151.494	151.513	151.474	151.474	553	0	8
2024.11.28	23:00:00	151.466	151.550	151.431	151.517	672	0	9
2024.11.29	00:00:00	151.525	151.532	151.509	151.524	196	0	23
2024.11.29	01:00:00	151.526	151.531	150.980	151.187	3432	0	4
2024.11.29	02:00:00	151.187	151.206	150.520	150.578	8066	0	4
2024.11.29	03:00:00	150.578	150.618	149.852	149.939	10342	0	4
2024.11.29	04:00:00	149.938	150.393	149.938	150.161	6983	0	4
2024.11.29	05:00:00	150.160	150.372	150.050	150.098	4854	0	4
2024.11.29	06:00:00	150.099	150.134	149.757	150.010	5369	0	4
2024.11.29	07:00:00	150.010	150.270	149.928	150.100	5244	0	4
2024.11.29	08:00:00	150.102	150.203	149.962	149.999	4767	0	4
2024.11.29	09:00:00	149.999	150.009	149.530	149.988	6888	0	4
2024.11.29	10:00:00	149.991	150.269	149.987	150.185	6947	0	4
2024.11.29	11:00:00	150.185	150.302	149.924	150.155	6067	0	4
2024.11.29	12:00:00	150.155	150.363	149.936	149.958	5928	0	4
2024.11.29	13:00:00	149.958	150.076	149.826	150.040	4325	0	4
2024.11.29	14:00:00	150.040	150.256	149.997	150.152	4356	0	4
2024.11.29	15:00:00	150.153	150.231	149.943	149.965	5432	0	4
2024.11.29	16:00:00	149.964	150.158	149.869	149.934	6377	0	4
2024.11.29	17:00:00	149.934	150.344	149.916	150.177	7577	0	4
2024.11.29	18:00:00	150.177	150.528	150.147	150.415	6897	0	4
2024.11.29	19:00:00	150.415	150.443	149.575	149.595	6388	0	10
2024.11.29	20:00:00	149.590	149.682	149.457	149.642	6315	0	8
2024.11.29	21:00:00	149.643	149.694	149.474	149.602	9349	0	9
2024.11.29	22:00:00	149.604	149.661	149.533	149.642	10395	0	7
2024.11.29	23:00:00	149.643	149.742	149.587	149.644	6249	0	9
2024.12.02	00:00:00	149.620	149.676	149.471	149.545	3175	0	54
2024.12.02	01:00:00	149.541	150.067	149.475	149.856	6209	0	4
2024.12.02	02:00:00	149.862	150.286	149.802	150.204	7351	0	4
2024.12.02	03:00:00	150.205	150.555	150.149	150.534	7134	0	4
2024.12.02	04:00:00	150.533	150.686	150.472	150.594	5676	0	4
2024.12.02	05:00:00	150.595	150.741	150.499	150.527	4326	0	4
2024.12.02	06:00:00	150.526	150.680	150.433	150.575	5138	0	4
2024.12.02	07:00:00	150.574	150.750	150.512	150.722	5809	0	4
2024.12.02	08:00:00	150.722	150.726	150.254	150.330	6248	0	4
2024.12.02	09:00:00	150.330	150.448	149.987	150.247	7956	0	4
2024.12.02	10:00:00	150.248	150.377	150.077	150.216	7548	0	4
2024.12.02	11:00:00	150.216	150.440	150.045	150.343	5576	0	4
2024.12.02	12:00:00	150.344	150.387	150.161	150.173	5155	0	4
2024.12.02	13:00:00	150.173	150.241	150.073	150.151	4771	0	4
2024.12.02	14:00:00	150.150	150.168	149.917	150.133	5369	0	4
2024.12.02	15:00:00	150.134	150.351	150.041	150.079	6902	0	4
2024.12.02	16:00:00	150.080	150.091	149.830	149.960	8348	0	4
2024.12.02	17:00:00	149.970	150.231	149.721	149.870	10983	0	4
2024.12.02	18:00:00	149.870	149.948	149.077	149.264	9732	0	4
2024.12.02	19:00:00	149.264	149.626	149.215	149.597	5573	0	4
2024.12.02	20:00:00	149.597	149.787	149.539	149.651	4722	0	4
2024.12.02	21:00:00	149.648	149.684	149.489	149.522	3979	0	4
2024.12.02	22:00:00	149.522	149.648	149.224	149.541	5100	0	4
2024.12.02	23:00:00	149.541	149.611	149.498	149.535	2291	0	6
2024.12.03	00:00:00	149.563	149.572	149.503	149.515	502	0	63
2024.12.03	01:00:00	149.515	149.821	149.496	149.511	3011	0	5
2024.12.03	02:00:00	149.510	149.931	149.494	149.866	5590	0	5
2024.12.03	03:00:00	149.866	149.970	149.593	149.869	5299	0	5
2024.12.03	04:00:00	149.869	149.992	149.788	149.861	3725	0	5
2024.12.03	05:00:00	149.862	150.140	149.845	150.093	3619	0	5
2024.12.03	06:00:00	150.093	150.216	150.044	150.142	3254	0	5
2024.12.03	07:00:00	150.142	150.234	149.984	150.023	3640	0	5
2024.12.03	08:00:00	150.023	150.164	149.960	150.108	3605	0	5
2024.12.03	09:00:00	150.108	150.132	149.869	150.005	4421	0	5
2024.12.03	10:00:00	150.005	150.183	149.821	149.918	5679	0	5
2024.12.03	11:00:00	149.918	149.954	149.773	149.815	4541	0	5
2024.12.03	12:00:00	149.815	150.081	149.764	150.048	3491	0	5
2024.12.03	13:00:00	150.052	150.106	149.684	149.735	3441	0	5
2024.12.03	14:00:00	149.737	149.872	149.597	149.681	4005	0	5
2024.12.03	15:00:00	149.677	149.696	148.798	148.854	6366	0	5
2024.12.03	16:00:00	148.849	149.073	148.643	148.807	7900	0	5
2024.12.03	17:00:00	148.805	149.246	148.748	149.150	9052	0	5
2024.12.03	18:00:00	149.152	149.518	149.080	149.115	6475	0	5
2024.12.03	19:00:00	149.122	149.512	149.081	149.209	5153	0	5
2024.12.03	20:00:00	149.210	149.210	148.981	149.040	4111	0	5
2024.12.03	21:00:00	149.040	149.538	148.962	149.503	3251	0	5
2024.12.03	22:00:00	149.503	149.521	149.401	149.453	2913	0	5
2024.12.03	23:00:00	149.453	149.561	149.442	149.545	1504	0	6
2024.12.04	00:00:00	149.569	149.585	149.552	149.569	430	0	63
2024.12.04	01:00:00	149.573	149.700	149.554	149.615	2347	0	5
2024.12.04	02:00:00	149.615	149.909	149.519	149.870	5272	0	5
2024.12.04	03:00:00	149.871	150.074	149.680	149.928	5134	0	5
2024.12.04	04:00:00	149.928	149.955	149.687	149.773	4341	0	5
2024.12.04	05:00:00	149.773	149.939	149.622	149.936	4439	0	5
2024.12.04	06:00:00	149.936	150.166	149.878	149.969	4993	0	5
2024.12.04	07:00:00	149.969	150.106	149.882	150.097	4761	0	5
2024.12.04	08:00:00	150.097	150.164	149.860	150.008	4658	0	5
2024.12.04	09:00:00	150.008	150.436	149.978	150.381	5198	0	5
2024.12.04	10:00:00	150.382	150.542	150.295	150.436	5733	0	5
2024.12.04	11:00:00	150.436	150.780	150.432	150.624	5078	0	5
2024.12.04	12:00:00	150.622	150.890	150.615	150.867	4633	0	5
2024.12.04	13:00:00	150.867	151.044	150.776	150.890	4516	0	5
2024.12.04	14:00:00	150.890	151.225	150.857	151.169	4721	0	5
2024.12.04	15:00:00	151.168	151.228	150.813	151.075	7088	0	5
2024.12.04	16:00:00	151.075	151.130	150.808	150.848	6383	0	5
2024.12.04	17:00:00	150.743	150.743	150.280	150.394	8493	0	5
2024.12.04	18:00:00	150.391	150.441	150.053	150.185	5735	0	5
2024.12.04	19:00:00	150.186	150.242	149.994	150.166	4093	0	5
2024.12.04	20:00:00	150.166	150.421	150.035	150.416	3116	0	5
2024.12.04	21:00:00	150.409	150.597	150.219	150.439	5007	0	5
2024.12.04	22:00:00	150.440	150.669	150.435	150.518	3890	0	5
2024.12.04	23:00:00	150.518	150.651	150.483	150.593	1955	0	6
2024.12.05	00:00:00	150.521	150.572	150.431	150.504	505	0	63
2024.12.05	01:00:00	150.525	150.775	150.509	150.544	2353	0	5
2024.12.05	02:00:00	150.543	150.543	150.190	150.221	4829	0	5
2024.12.05	03:00:00	150.221	150.678	150.183	150.539	5282	0	5
2024.12.05	04:00:00	150.539	150.562	150.215	150.332	4066	0	5
2024.12.05	05:00:00	150.332	150.343	150.193	150.290	2912	0	5
2024.12.05	06:00:00	150.289	150.425	150.232	150.389	3075	0	5
2024.12.05	07:00:00	150.391	150.397	149.783	149.933	4601	0	5
2024.12.05	08:00:00	149.931	149.931	149.658	149.781	5272	0	5
2024.12.05	09:00:00	149.782	150.021	149.712	149.786	4799	0	5
2024.12.05	10:00:00	149.785	150.213	149.652	150.190	5350	0	5
2024.12.05	11:00:00	150.187	150.313	150.107	150.309	4192	0	5
2024.12.05	12:00:00	150.309	150.344	150.086	150.116	3627	0	5
2024.12.05	13:00:00	150.118	150.233	150.039	150.157	3517	0	5
2024.12.05	14:00:00	150.157	150.502	150.143	150.401	4593	0	5
2024.12.05	15:00:00	150.397	150.693	150.188	150.606	7303	0	5
2024.12.05	16:00:00	150.605	150.614	150.275	150.487	6782	0	5
2024.12.05	17:00:00	150.487	150.500	150.175	150.250	6844	0	5
2024.12.05	18:00:00	150.250	150.337	150.098	150.201	4978	0	5
2024.12.05	19:00:00	150.201	150.214	150.070	150.132	3714	0	5
2024.12.05	20:00:00	150.134	150.344	150.118	150.154	2594	0	5
2024.12.05	21:00:00	150.151	150.151	149.918	150.018	3457	0	5
2024.12.05	22:00:00	150.020	150.110	149.949	150.079	2552	0	5
2024.12.05	23:00:00	150.081	150.123	150.028	150.053	1777	0	6
2024.12.06	00:00:00	150.034	150.074	149.993	150.047	942	0	63
2024.12.06	01:00:00	150.047	150.235	150.029	150.119	1902	0	5
2024.12.06	02:00:00	150.119	150.271	149.861	150.102	4668	0	5
2024.12.06	03:00:00	150.098	150.224	150.020	150.045	4203	0	5
2024.12.06	04:00:00	150.045	150.045	149.814	149.827	3592	0	5
2024.12.06	05:00:00	149.827	149.919	149.764	149.877	3126	0	5
2024.12.06	06:00:00	149.877	150.021	149.828	149.977	2811	0	5
2024.12.06	07:00:00	149.977	150.068	149.873	149.936	2858	0	5
2024.12.06	08:00:00	149.933	150.019	149.770	149.861	3665	0	5
2024.12.06	09:00:00	149.860	150.170	149.817	150.090	4188	0	5
2024.12.06	10:00:00	150.097	150.418	150.092	150.368	4412	0	5
2024.12.06	11:00:00	150.367	150.602	150.359	150.572	3438	0	5
2024.12.06	12:00:00	150.572	150.697	150.496	150.569	3344	0	5
2024.12.06	13:00:00	150.569	150.620	150.474	150.509	3273	0	5
2024.12.06	14:00:00	150.509	150.658	150.366	150.405	4001	0	5
2024.12.06	15:00:00	150.404	150.572	149.648	149.658	8282	0	5
2024.12.06	16:00:00	149.657	149.886	149.361	149.671	9425	0	5
2024.12.06	17:00:00	149.665	150.043	149.638	149.865	7565	0	5
2024.12.06	18:00:00	149.866	150.115	149.676	149.790	5846	0	5
2024.12.06	19:00:00	149.797	150.038	149.789	149.960	3990	0	5
2024.12.06	20:00:00	149.962	150.045	149.879	149.988	2658	0	5
2024.12.06	21:00:00	149.988	150.132	149.968	149.972	2529	0	5
2024.12.06	22:00:00	149.971	150.054	149.953	149.959	2415	0	5
2024.12.06	23:00:00	149.959	150.027	149.922	150.022	1505	0	6
2024.12.09	00:00:00	149.924	150.026	149.907	149.966	1026	0	76
2024.12.09	01:00:00	149.978	150.046	149.852	149.888	2362	0	5
2024.12.09	02:00:00	149.887	149.969	149.691	149.841	4856	0	5
2024.12.09	03:00:00	149.841	150.051	149.749	149.912	4244	0	5
2024.12.09	04:00:00	149.912	149.991	149.856	149.905	3739	0	5
2024.12.09	05:00:00	149.904	150.033	149.876	149.976	3161	0	5
2024.12.09	06:00:00	149.977	149.991	149.838	149.891	3266	0	5
2024.12.09	07:00:00	149.891	149.986	149.853	149.960	3745	0	5
2024.12.09	08:00:00	149.960	150.188	149.940	150.141	3816	0	5
2024.12.09	09:00:00	150.141	150.347	150.108	150.343	4556	0	5
2024.12.09	10:00:00	150.343	150.520	150.311	150.419	4809	0	5
2024.12.09	11:00:00	150.416	150.488	150.345	150.415	4318	0	5
2024.12.09	12:00:00	150.415	150.480	150.351	150.456	3112	0	5
2024.12.09	13:00:00	150.456	150.499	150.385	150.487	2787	0	5
2024.12.09	14:00:00	150.493	150.840	150.435	150.765	3408	0	5
2024.12.09	15:00:00	150.765	150.948	150.738	150.873	4801	0	5
2024.12.09	16:00:00	150.872	150.946	150.696	150.930	4548	0	5
2024.12.09	17:00:00	150.930	151.241	150.924	151.021	5256	0	5
2024.12.09	18:00:00	151.021	151.246	150.966	151.239	3799	0	5
2024.12.09	19:00:00	151.238	151.343	151.196	151.325	2657	0	5
2024.12.09	20:00:00	151.325	151.335	151.233	151.268	1967	0	5
2024.12.09	21:00:00	151.268	151.311	151.180	151.235	2128	0	5
2024.12.09	22:00:00	151.235	151.296	151.164	151.216	2324	0	5
2024.12.09	23:00:00	151.217	151.247	151.130	151.159	1579	0	6
2024.12.10	00:00:00	151.140	151.262	151.123	151.221	700	0	63
2024.12.10	01:00:00	151.187	151.428	151.175	151.389	2278	0	5
2024.12.10	02:00:00	151.391	151.483	151.222	151.438	4772	0	5
2024.12.10	03:00:00	151.441	151.547	151.277	151.311	3822	0	5
2024.12.10	04:00:00	151.311	151.311	151.036	151.196	4185	0	5
2024.12.10	05:00:00	151.197	151.269	151.029	151.067	3383	0	5
2024.12.10	06:00:00	151.067	151.145	150.950	151.129	3838	0	5
2024.12.10	07:00:00	151.129	151.298	150.894	150.937	3709	0	5
2024.12.10	08:00:00	150.937	151.269	150.899	151.220	4023	0	5
2024.12.10	09:00:00	151.222	151.581	151.178	151.550	4112	0	5
2024.12.10	10:00:00	151.550	151.782	151.501	151.634	5305	0	5
2024.12.10	11:00:00	151.634	151.665	151.413	151.593	4444	0	5
2024.12.10	12:00:00	151.596	151.606	151.467	151.587	4102	0	4
2024.12.10	13:00:00	151.589	151.730	151.572	151.702	3967	0	4
2024.12.10	14:00:00	151.703	151.797	151.549	151.783	4309	0	4
2024.12.10	15:00:00	151.783	151.835	151.526	151.681	5584	0	4
2024.12.10	16:00:00	151.679	151.823	151.586	151.822	6397	0	4
2024.12.10	17:00:00	151.821	152.166	151.748	152.119	6904	0	4
2024.12.10	18:00:00	152.122	152.180	151.972	152.051	5458	0	4
2024.12.10	19:00:00	152.051	152.148	151.986	152.109	3656	0	4
2024.12.10	20:00:00	152.107	152.118	151.876	151.918	3758	0	4
2024.12.10	21:00:00	151.921	151.950	151.841	151.924	2671	0	4
2024.12.10	22:00:00	151.926	151.944	151.829	151.927	3024	0	4
2024.12.10	23:00:00	151.926	151.981	151.891	151.950	1844	0	5
2024.12.11	00:00:00	151.931	151.947	151.915	151.931	341	0	14
2024.12.11	01:00:00	151.931	151.946	151.781	151.835	1792	0	4
2024.12.11	02:00:00	151.839	151.867	151.705	151.728	4044	0	4
2024.12.11	03:00:00	151.729	151.823	151.692	151.701	4140	0	4
2024.12.11	04:00:00	151.703	151.719	151.440	151.440	3816	0	4
2024.12.11	05:00:00	151.440	151.638	151.414	151.545	2778	0	4
2024.12.11	06:00:00	151.546	151.613	151.463	151.540	2525	0	4
2024.12.11	07:00:00	151.541	151.761	151.529	151.749	2668	0	4
2024.12.11	08:00:00	151.749	151.789	151.620	151.763	3203	0	4
2024.12.11	09:00:00	151.764	151.792	151.417	151.649	7520	0	4
2024.12.11	10:00:00	151.650	151.715	151.465	151.621	6799	0	4
2024.12.11	11:00:00	151.620	152.724	151.001	152.678	10050	0	4
2024.12.11	12:00:00	152.675	152.794	152.486	152.594	6415	0	4
2024.12.11	13:00:00	152.593	152.709	152.510	152.551	5112	0	4
2024.12.11	14:00:00	152.551	152.701	152.526	152.652	5281	0	4
2024.12.11	15:00:00	152.653	152.858	152.049	152.294	9646	0	4
2024.12.11	16:00:00	152.294	152.329	151.917	152.132	9223	0	4
2024.12.11	17:00:00	152.132	152.517	152.078	152.462	9344	0	4
2024.12.11	18:00:00	152.459	152.556	152.241	152.343	5965	0	4
2024.12.11	19:00:00	152.343	152.542	152.313	152.492	4026	0	4
2024.12.11	20:00:00	152.493	152.693	152.313	152.678	5399	0	4
2024.12.11	21:00:00	152.680	152.717	152.528	152.641	4316	0	4
2024.12.11	22:00:00	152.643	152.644	152.521	152.591	2911	0	4
2024.12.11	23:00:00	152.589	152.596	152.450	152.465	1504	0	5
2024.12.12	00:00:00	152.368	152.421	152.313	152.392	360	0	8
2024.12.12	01:00:00	152.407	152.453	152.234	152.256	1950	0	4
2024.12.12	02:00:00	152.256	152.336	152.095	152.182	5255	0	4
2024.12.12	03:00:00	152.182	152.195	151.948	151.977	4889	0	4
2024.12.12	04:00:00	151.977	152.315	151.951	152.314	3685	0	4
2024.12.12	05:00:00	152.315	152.411	152.211	152.353	3180	0	4
2024.12.12	06:00:00	152.353	152.391	152.180	152.192	2941	0	4
2024.12.12	07:00:00	152.190	152.606	152.180	152.491	4544	0	4
2024.12.12	08:00:00	152.490	152.772	152.455	152.481	5404	0	4
2024.12.12	09:00:00	152.481	152.583	152.271	152.571	6089	0	4
2024.12.12	10:00:00	152.570	152.660	152.362	152.498	6793	0	4
2024.12.12	11:00:00	152.499	152.623	152.442	152.523	5617	0	4
2024.12.12	12:00:00	152.524	152.539	152.199	152.318	4604	0	4
2024.12.12	13:00:00	152.317	152.342	152.161	152.186	5018	0	4
2024.12.12	14:00:00	152.186	152.360	152.114	152.274	5127	0	4
2024.12.12	15:00:00	152.274	152.359	151.797	152.030	10139	0	4
2024.12.12	16:00:00	152.028	152.397	151.875	152.244	10709	0	4
2024.12.12	17:00:00	152.243	152.376	152.108	152.284	8885	0	4
2024.12.12	18:00:00	152.283	152.312	152.040	152.077	6150	0	4
2024.12.12	19:00:00	152.077	152.297	152.038	152.263	5017	0	4
2024.12.12	20:00:00	152.263	152.518	152.236	152.476	4900	0	4
2024.12.12	21:00:00	152.476	152.548	152.433	152.536	3746	0	4
2024.12.12	22:00:00	152.535	152.676	152.521	152.657	2643	0	4
2024.12.12	23:00:00	152.659	152.685	152.597	152.645	1895	0	5
2024.12.13	00:00:00	152.609	152.618	152.525	152.559	687	0	14
2024.12.13	01:00:00	152.559	152.643	152.449	152.589	2250	0	4
2024.12.13	02:00:00	152.589	152.949	152.555	152.821	5942	0	5
2024.12.13	03:00:00	152.820	152.953	152.692	152.767	4890	0	4
2024.12.13	04:00:00	152.767	152.914	152.640	152.904	4167	0	4
2024.12.13	05:00:00	152.905	153.042	152.877	152.900	3468	0	4
2024.12.13	06:00:00	152.900	153.087	152.886	152.950	3096	0	4
2024.12.13	07:00:00	152.950	153.034	152.878	152.890	2895	0	4
2024.12.13	08:00:00	152.890	152.997	152.671	152.708	3499	0	4
2024.12.13	09:00:00	152.708	152.892	152.708	152.795	5521	0	6
2024.12.13	10:00:00	152.794	153.181	152.794	153.159	6026	0	4
2024.12.13	11:00:00	153.159	153.477	153.116	153.407	4763	0	4
2024.12.13	12:00:00	153.406	153.503	153.363	153.464	4556	0	4
2024.12.13	13:00:00	153.465	153.623	153.445	153.622	3429	0	4
2024.12.13	14:00:00	153.622	153.663	153.318	153.451	5059	0	4
2024.12.13	15:00:00	153.451	153.528	153.259	153.299	5406	0	4
2024.12.13	16:00:00	153.299	153.627	153.299	153.596	5365	0	4
2024.12.13	17:00:00	153.596	153.686	153.454	153.660	6053	0	4
2024.12.13	18:00:00	153.661	153.776	153.552	153.755	4172	0	4
2024.12.13	19:00:00	153.748	153.800	153.679	153.686	3176	0	4
2024.12.13	20:00:00	153.686	153.741	153.657	153.698	3129	0	4
2024.12.13	21:00:00	153.697	153.741	153.680	153.683	2601	0	4
2024.12.13	22:00:00	153.682	153.728	153.644	153.650	2188	0	4
2024.12.13	23:00:00	153.649	153.662	153.595	153.662	954	0	5
2024.12.16	00:00:00	153.591	153.694	153.466	153.586	1214	0	62
2024.12.16	01:00:00	153.586	153.655	153.428	153.455	2876	0	7
2024.12.16	02:00:00	153.454	153.895	153.321	153.810	5381	0	5
2024.12.16	03:00:00	153.812	153.936	153.703	153.905	4839	0	5
2024.12.16	04:00:00	153.904	153.971	153.846	153.875	3673	0	5
2024.12.16	05:00:00	153.874	153.883	153.750	153.816	3124	0	4
2024.12.16	06:00:00	153.816	153.890	153.727	153.741	2578	0	4
2024.12.16	07:00:00	153.740	153.771	153.603	153.660	3108	0	5
2024.12.16	08:00:00	153.661	153.772	153.544	153.647	3594	0	4
2024.12.16	09:00:00	153.647	153.688	153.476	153.525	4406	0	4
2024.12.16	10:00:00	153.525	153.722	153.439	153.696	6597	0	5
2024.12.16	11:00:00	153.697	153.828	153.641	153.801	4439	0	6
2024.12.16	12:00:00	153.801	153.842	153.648	153.829	3600	0	4
2024.12.16	13:00:00	153.830	153.859	153.742	153.802	2653	0	4
2024.12.16	14:00:00	153.802	154.092	153.778	154.081	3981	0	5
2024.12.16	15:00:00	154.081	154.099	153.973	154.023	4402	0	5
2024.12.16	16:00:00	154.025	154.359	154.010	154.302	5909	0	5
2024.12.16	17:00:00	154.303	154.478	154.225	154.235	6167	0	5
2024.12.16	18:00:00	154.235	154.311	154.124	154.175	4967	0	5
2024.12.16	19:00:00	154.175	154.247	154.052	154.149	4095	0	4
2024.12.16	20:00:00	154.148	154.201	154.044	154.055	2575	0	4
2024.12.16	21:00:00	154.054	154.133	154.007	154.122	2482	0	4
2024.12.16	22:00:00	154.123	154.160	154.086	154.151	1595	0	4
2024.12.16	23:00:00	154.149	154.214	154.125	154.140	1323	0	5
2024.12.17	00:00:00	154.090	154.140	154.060	154.117	356	0	19
2024.12.17	01:00:00	154.117	154.261	154.066	154.092	1651	0	6
2024.12.17	02:00:00	154.092	154.345	154.012	154.147	4909	0	7
2024.12.17	03:00:00	154.148	154.236	153.971	154.096	4579	0	5
2024.12.17	04:00:00	154.095	154.110	153.798	154.004	4250	0	4
2024.12.17	05:00:00	154.005	154.082	153.869	154.043	3213	0	4
2024.12.17	06:00:00	154.044	154.204	153.999	154.061	3605	0	6
2024.12.17	07:00:00	154.062	154.259	154.029	154.130	4109	0	4
2024.12.17	08:00:00	154.130	154.171	154.030	154.138	4293	0	5
2024.12.17	09:00:00	154.138	154.163	153.921	154.069	4404	0	6
2024.12.17	10:00:00	154.069	154.163	153.808	153.860	5847	0	6
2024.12.17	11:00:00	153.856	153.909	153.708	153.791	5068	0	7
2024.12.17	12:00:00	153.791	153.880	153.711	153.838	4475	0	6
2024.12.17	13:00:00	153.839	153.926	153.681	153.908	4125	0	4
2024.12.17	14:00:00	153.908	153.936	153.812	153.819	3544	0	4
2024.12.17	15:00:00	153.822	153.998	153.653	153.774	7232	0	4
2024.12.17	16:00:00	153.773	153.775	153.553	153.557	7779	0	5
2024.12.17	17:00:00	153.559	153.575	153.417	153.507	7379	0	5
2024.12.17	18:00:00	153.506	153.644	153.397	153.414	5377	0	5
2024.12.17	19:00:00	153.414	153.420	153.242	153.270	4642	0	4
2024.12.17	20:00:00	153.271	153.391	153.158	153.273	4532	0	4
2024.12.17	21:00:00	153.273	153.343	153.225	153.340	3179	0	4
2024.12.17	22:00:00	153.340	153.563	153.328	153.516	2930	0	4
2024.12.17	23:00:00	153.513	153.592	153.449	153.531	1818	0	5
2024.12.18	00:00:00	153.373	153.495	153.368	153.421	504	0	22
2024.12.18	01:00:00	153.426	153.596	153.392	153.568	1670	0	5
2024.12.18	02:00:00	153.569	153.764	153.540	153.688	4668	0	5
2024.12.18	03:00:00	153.689	153.785	153.577	153.591	3659	0	5
2024.12.18	04:00:00	153.590	153.746	153.576	153.683	3129	0	5
2024.12.18	05:00:00	153.683	153.727	153.566	153.615	2407	0	5
2024.12.18	06:00:00	153.614	153.653	153.350	153.443	3591	0	5
2024.12.18	07:00:00	153.443	153.463	153.335	153.355	3143	0	5
2024.12.18	08:00:00	153.354	153.494	153.332	153.469	3736	0	5
2024.12.18	09:00:00	153.469	153.645	153.349	153.571	4529	0	7
2024.12.18	10:00:00	153.575	153.620	153.519	153.564	3937	0	5
2024.12.18	11:00:00	153.565	153.740	153.534	153.632	3481	0	5
2024.12.18	12:00:00	153.633	153.695	153.549	153.574	3295	0	5
2024.12.18	13:00:00	153.574	153.697	153.570	153.662	3106	0	4
2024.12.18	14:00:00	153.662	153.830	153.634	153.826	3440	0	5
2024.12.18	15:00:00	153.825	153.949	153.809	153.847	5360	0	5
2024.12.18	16:00:00	153.848	153.901	153.703	153.780	5809	0	4
2024.12.18	17:00:00	153.780	154.052	153.678	154.022	5495	0	4
2024.12.18	18:00:00	154.023	154.089	153.962	153.999	4641	0	4
2024.12.18	19:00:00	153.999	154.017	153.742	153.823	3798	0	4
2024.12.18	20:00:00	153.822	153.835	153.708	153.708	3618	0	4
2024.12.18	21:00:00	153.709	154.662	153.701	154.650	12385	0	6
2024.12.18	22:00:00	154.645	154.774	154.327	154.690	11378	0	4
2024.12.18	23:00:00	154.684	154.841	154.497	154.841	4851	0	5
2024.12.19	00:00:00	154.763	154.800	154.723	154.733	932	0	24
2024.12.19	01:00:00	154.733	154.767	154.433	154.663	4192	0	5
2024.12.19	02:00:00	154.664	154.888	154.535	154.821	7186	0	5
2024.12.19	03:00:00	154.821	154.857	154.629	154.645	5887	0	5
2024.12.19	04:00:00	154.644	155.282	154.467	155.086	5862	0	5
2024.12.19	05:00:00	155.087	155.438	154.953	155.259	5339	0	5
2024.12.19	06:00:00	155.257	155.351	155.142	155.304	4310	0	5
2024.12.19	07:00:00	155.304	155.474	155.193	155.227	5023	0	5
2024.12.19	08:00:00	155.226	156.146	154.914	156.106	8328	0	5
2024.12.19	09:00:00	156.106	156.776	156.102	156.475	11260	0	4
2024.12.19	10:00:00	156.476	157.066	156.431	156.871	9050	0	4
2024.12.19	11:00:00	156.880	157.145	156.721	157.039	8146	0	4
2024.12.19	12:00:00	157.039	157.063	156.821	156.950	6230	0	4
2024.12.19	13:00:00	156.950	157.061	156.671	156.696	5603	0	4
2024.12.19	14:00:00	156.696	156.977	156.686	156.936	7028	0	4
2024.12.19	15:00:00	156.937	157.048	156.395	156.907	9081	0	6
2024.12.19	16:00:00	156.908	157.346	156.872	157.176	9415	0	5
2024.12.19	17:00:00	157.176	157.732	157.152	157.712	9510	0	4
2024.12.19	18:00:00	157.712	157.805	157.590	157.729	7605	0	4
2024.12.19	19:00:00	157.729	157.765	157.527	157.692	5356	0	4
2024.12.19	20:00:00	157.694	157.729	157.528	157.539	5402	0	4
2024.12.19	21:00:00	157.539	157.551	157.346	157.421	4855	0	4
2024.12.19	22:00:00	157.421	157.438	157.307	157.326	4224	0	4
2024.12.19	23:00:00	157.328	157.449	157.328	157.426	2204	0	5
2024.12.20	00:00:00	157.359	157.442	157.349	157.420	1083	0	21
2024.12.20	01:00:00	157.420	157.673	157.384	157.649	3603	0	5
2024.12.20	02:00:00	157.649	157.927	157.604	157.735	7698	0	5
2024.12.20	03:00:00	157.735	157.781	157.144	157.277	7519	0	5
2024.12.20	04:00:00	157.277	157.377	156.880	156.970	6788	0	5
2024.12.20	05:00:00	156.971	157.152	156.832	157.066	6645	0	5
2024.12.20	06:00:00	157.065	157.310	157.055	157.296	5362	0	5
2024.12.20	07:00:00	157.296	157.315	156.965	157.035	5424	0	5
2024.12.20	08:00:00	157.041	157.131	156.865	156.979	6296	0	5
2024.12.20	09:00:00	156.979	157.054	156.762	156.828	6790	0	4
2024.12.20	10:00:00	156.829	156.960	156.733	156.888	7891	0	4
2024.12.20	11:00:00	156.894	156.914	156.621	156.721	7014	0	4
2024.12.20	12:00:00	156.721	156.770	156.637	156.742	4982	0	4
2024.12.20	13:00:00	156.743	156.841	156.672	156.775	4056	0	4
2024.12.20	14:00:00	156.780	156.817	156.592	156.734	5343	0	5
2024.12.20	15:00:00	156.735	156.797	156.346	156.518	9066	0	5
2024.12.20	16:00:00	156.515	156.662	156.318	156.556	9407	0	4
2024.12.20	17:00:00	156.580	156.777	156.401	156.500	10212	0	5
2024.12.20	18:00:00	156.501	156.584	156.098	156.105	8025	0	4
2024.12.20	19:00:00	156.105	156.157	155.952	156.073	5937	0	4
2024.12.20	20:00:00	156.073	156.211	156.024	156.085	4224	0	4
2024.12.20	21:00:00	156.087	156.111	155.974	156.004	4424	0	4
2024.12.20	22:00:00	156.005	156.358	155.997	156.357	3832	0	4
2024.12.20	23:00:00	156.356	156.463	156.292	156.453	3066	0	5
2024.12.23	00:00:00	156.320	156.524	156.314	156.505	434	0	62
2024.12.23	01:00:00	156.505	156.565	156.407	156.564	4818	0	4
2024.12.23	02:00:00	156.565	156.650	156.422	156.608	5155	0	4
2024.12.23	03:00:00	156.607	156.691	156.348	156.456	4493	0	4
2024.12.23	04:00:00	156.457	156.559	156.337	156.553	4319	0	4
2024.12.23	05:00:00	156.553	156.608	156.484	156.516	2929	0	4
2024.12.23	06:00:00	156.517	156.622	156.486	156.578	2866	0	4
2024.12.23	07:00:00	156.579	156.657	156.551	156.643	2191	0	4
2024.12.23	08:00:00	156.644	156.657	156.516	156.611	2768	0	4
2024.12.23	09:00:00	156.611	156.810	156.610	156.794	3860	0	4
2024.12.23	10:00:00	156.794	156.795	156.460	156.567	5364	0	4
2024.12.23	11:00:00	156.572	156.762	156.484	156.693	4398	0	4
2024.12.23	12:00:00	156.692	156.828	156.654	156.822	3779	0	4
2024.12.23	13:00:00	156.825	156.876	156.748	156.845	3193	0	4
2024.12.23	14:00:00	156.844	157.183	156.844	157.136	4135	0	4
2024.12.23	15:00:00	157.136	157.253	157.101	157.210	5270	0	4
2024.12.23	16:00:00	157.209	157.227	157.044	157.127	5333	0	4
2024.12.23	17:00:00	157.120	157.268	157.079	157.131	6670	0	4
2024.12.23	18:00:00	157.131	157.211	157.026	157.027	4098	0	4
2024.12.23	19:00:00	157.027	157.171	156.978	157.157	3282	0	4
2024.12.23	20:00:00	157.158	157.205	157.070	157.132	3212	0	4
2024.12.23	21:00:00	157.132	157.154	157.055	157.096	2719	0	4
2024.12.23	22:00:00	157.095	157.154	157.046	157.140	2562	0	4
2024.12.23	23:00:00	157.139	157.171	157.126	157.148	1791	0	5
2024.12.24	00:00:00	157.072	157.160	157.068	157.133	1381	0	30
2024.12.24	01:00:00	157.133	157.237	157.104	157.182	2624	0	4
2024.12.24	02:00:00	157.183	157.388	157.159	157.311	3708	0	4
2024.12.24	03:00:00	157.311	157.311	157.053	157.128	3504	0	4
2024.12.24	04:00:00	157.130	157.177	157.054	157.124	2390	0	4
2024.12.24	05:00:00	157.123	157.137	157.049	157.086	2294	0	4
2024.12.24	06:00:00	157.084	157.089	156.932	157.013	2756	0	4
2024.12.24	07:00:00	157.012	157.051	156.885	157.000	3479	0	4
2024.12.24	08:00:00	156.998	157.142	156.904	157.084	3985	0	4
2024.12.24	09:00:00	157.084	157.143	157.009	157.139	2845	0	4
2024.12.24	10:00:00	157.138	157.177	156.981	157.055	2942	0	4
2024.12.24	11:00:00	157.055	157.095	157.003	157.087	2616	0	4
2024.12.24	12:00:00	157.087	157.096	157.021	157.087	1874	0	4
2024.12.24	13:00:00	157.087	157.167	157.063	157.140	1938	0	4
2024.12.24	14:00:00	157.140	157.151	157.071	157.133	2642	0	4
2024.12.24	15:00:00	157.133	157.193	157.098	157.190	3000	0	4
2024.12.24	16:00:00	157.189	157.291	157.185	157.276	3318	0	4
2024.12.24	17:00:00	157.276	157.343	157.174	157.332	3741	0	4
2024.12.24	18:00:00	157.333	157.378	157.273	157.298	3507	0	4
2024.12.24	19:00:00	157.298	157.346	157.258	157.303	2420	0	4
2024.12.24	20:00:00	157.303	157.349	157.235	157.316	2198	0	4
2024.12.24	21:00:00	157.316	157.379	157.273	157.275	1425	0	4
2024.12.24	22:00:00	157.275	157.288	157.118	157.133	643	0	4
2024.12.24	23:00:00	157.133	157.188	157.090	157.158	538	0	57
2024.12.26	00:00:00	157.212	157.270	157.177	157.205	77	0	14
2024.12.26	01:00:00	157.205	157.272	157.103	157.124	2882	0	4
2024.12.26	02:00:00	157.124	157.367	157.070	157.320	3998	0	4
2024.12.26	03:00:00	157.321	157.473	157.240	157.421	3746	0	4
2024.12.26	04:00:00	157.417	157.473	157.360	157.421	2001	0	4
2024.12.26	05:00:00	157.420	157.433	157.330	157.365	1995	0	4
2024.12.26	06:00:00	157.365	157.458	157.352	157.424	2213	0	4
2024.12.26	07:00:00	157.425	157.429	157.307	157.344	2588	0	4
2024.12.26	08:00:00	157.345	157.416	157.326	157.370	2857	0	4
2024.12.26	09:00:00	157.370	157.445	157.332	157.373	2769	0	4
2024.12.26	10:00:00	157.371	157.415	157.339	157.341	3862	0	4
2024.12.26	11:00:00	157.340	157.463	157.306	157.427	3393	0	4
2024.12.26	12:00:00	157.428	157.454	157.398	157.439	2249	0	4
2024.12.26	13:00:00	157.439	157.590	157.428	157.583	1932	0	4
2024.12.26	14:00:00	157.583	157.660	157.578	157.648	2374	0	4
2024.12.26	15:00:00	157.648	157.841	157.590	157.835	3104	0	4
2024.12.26	16:00:00	157.836	157.943	157.828	157.929	3093	0	4
2024.12.26	17:00:00	157.927	158.068	157.878	158.065	3919	0	4
2024.12.26	18:00:00	158.066	158.079	157.985	158.010	4051	0	4
2024.12.26	19:00:00	158.010	158.073	157.938	158.037	3338	0	4
2024.12.26	20:00:00	158.039	158.060	157.863	157.930	4008	0	4
2024.12.26	21:00:00	157.932	158.023	157.917	157.983	2801	0	4
2024.12.26	22:00:00	157.983	157.983	157.887	157.967	2546	0	4
2024.12.26	23:00:00	157.967	158.034	157.947	158.008	1691	0	5
2024.12.27	00:00:00	157.882	157.883	157.848	157.865	492	0	23
2024.12.27	01:00:00	157.865	157.885	157.671	157.764	2731	0	4
2024.12.27	02:00:00	157.764	157.946	157.653	157.912	4512	0	4
2024.12.27	03:00:00	157.911	157.943	157.681	157.741	3761	0	4
2024.12.27	04:00:00	157.744	157.762	157.506	157.599	4052	0	4
2024.12.27	05:00:00	157.600	157.714	157.595	157.646	2315	0	4
2024.12.27	06:00:00	157.647	157.672	157.549	157.570	2046	0	4
2024.12.27	07:00:00	157.571	157.767	157.558	157.756	2160	0	4
2024.12.27	08:00:00	157.756	157.813	157.657	157.752	3697	0	4
2024.12.27	09:00:00	157.760	157.848	157.730	157.810	3606	0	4
2024.12.27	10:00:00	157.812	157.912	157.780	157.849	4675	0	4
2024.12.27	11:00:00	157.848	157.893	157.749	157.878	2989	0	4
2024.12.27	12:00:00	157.879	157.879	157.702	157.759	2710	0	4
2024.12.27	13:00:00	157.754	157.784	157.624	157.652	2699	0	4
2024.12.27	14:00:00	157.652	157.793	157.578	157.790	3845	0	4
2024.12.27	15:00:00	157.790	157.865	157.680	157.789	4148	0	4
2024.12.27	16:00:00	157.790	157.889	157.687	157.810	4662	0	4
2024.12.27	17:00:00	157.812	157.873	157.528	157.569	6137	0	4
2024.12.27	18:00:00	157.569	157.735	157.348	157.731	5854	0	4
2024.12.27	19:00:00	157.731	157.839	157.671	157.822	3969	0	4
2024.12.27	20:00:00	157.823	157.856	157.766	157.828	3191	0	4
2024.12.27	21:00:00	157.829	157.941	157.827	157.938	2316	0	4
2024.12.27	22:00:00	157.939	157.940	157.847	157.906	2399	0	4
2024.12.27	23:00:00	157.905	157.921	157.844	157.857	1172	0	5
2024.12.30	00:00:00	157.703	157.761	157.672	157.672	671	0	62
2024.12.30	01:00:00	157.672	157.900	157.662	157.900	1483	0	8
2024.12.30	02:00:00	157.900	157.986	157.698	157.940	3946	0	6
2024.12.30	03:00:00	157.941	157.957	157.731	157.795	2194	0	6
2024.12.30	04:00:00	157.795	157.825	157.697	157.805	1948	0	5
2024.12.30	05:00:00	157.807	157.848	157.798	157.815	1262	0	6
2024.12.30	06:00:00	157.816	157.821	157.757	157.791	1803	0	8
2024.12.30	07:00:00	157.794	157.954	157.767	157.854	3272	0	8
2024.12.30	08:00:00	157.857	158.067	157.821	157.870	4121	0	7
2024.12.30	09:00:00	157.870	157.892	157.807	157.891	3623	0	6
2024.12.30	10:00:00	157.890	157.929	157.809	157.896	3747	0	6
2024.12.30	11:00:00	157.894	157.983	157.849	157.873	3520	0	6
2024.12.30	12:00:00	157.874	157.878	157.757	157.780	3318	0	6
2024.12.30	13:00:00	157.780	157.781	157.558	157.634	3587	0	6
2024.12.30	14:00:00	157.635	157.652	157.486	157.555	4506	0	5
2024.12.30	15:00:00	157.553	157.642	157.448	157.458	5338	0	5
2024.12.30	16:00:00	157.457	157.549	157.063	157.086	7391	0	5
2024.12.30	17:00:00	157.084	157.277	156.666	157.175	10919	0	5
2024.12.30	18:00:00	157.173	157.294	157.003	157.257	6719	0	5
2024.12.30	19:00:00	157.258	157.351	157.112	157.145	3560	0	5
2024.12.30	20:00:00	157.146	157.148	156.941	156.970	3287	0	5
2024.12.30	21:00:00	156.968	157.098	156.917	157.086	3003	0	5
2024.12.30	22:00:00	157.086	157.112	156.800	156.823	2846	0	6
2024.12.30	23:00:00	156.824	156.878	156.760	156.853	2103	0	6
2024.12.31	00:00:00	156.822	156.904	156.805	156.871	237	0	32
2024.12.31	01:00:00	156.871	157.067	156.838	157.005	2063	0	6
2024.12.31	02:00:00	157.005	157.046	156.690	156.693	3543	0	6
2024.12.31	03:00:00	156.694	156.744	156.363	156.442	5049	0	6
2024.12.31	04:00:00	156.442	156.507	156.368	156.389	3702	0	6
2024.12.31	05:00:00	156.388	156.481	156.329	156.440	2469	0	6
2024.12.31	06:00:00	156.439	156.459	156.142	156.230	2705	0	6
2024.12.31	07:00:00	156.229	156.238	156.133	156.236	3079	0	6
2024.12.31	08:00:00	156.236	156.375	156.147	156.359	3101	0	6
2024.12.31	09:00:00	156.359	156.361	156.065	156.204	3690	0	5
2024.12.31	10:00:00	156.204	156.255	156.018	156.150	5068	0	4
2024.12.31	11:00:00	156.148	156.670	156.129	156.638	4041	0	4
2024.12.31	12:00:00	156.639	156.962	156.606	156.836	5727	0	5
2024.12.31	13:00:00	156.838	156.838	156.633	156.804	3394	0	4
2024.12.31	14:00:00	156.804	156.891	156.550	156.889	4407	0	5
2024.12.31	15:00:00	156.889	157.085	156.823	157.007	5474	0	5
2024.12.31	16:00:00	157.006	157.061	156.681	156.774	7135	0	5
2024.12.31	17:00:00	156.772	157.192	156.706	157.157	9579	0	5
2024.12.31	18:00:00	157.154	157.421	157.100	157.368	6270	0	5
2024.12.31	19:00:00	157.368	157.547	157.309	157.359	5555	0	4
2024.12.31	20:00:00	157.368	157.392	157.234	157.294	3754	0	5
2024.12.31	21:00:00	157.296	157.312	157.233	157.310	2229	0	6
2024.12.31	22:00:00	157.309	157.378	157.291	157.344	2524	0	5
2024.12.31	23:00:00	157.341	157.347	157.204	157.218	1080	0	8
2025.01.02	00:00:00	157.161	157.259	157.124	157.226	800	0	24
2025.01.02	01:00:00	157.226	157.775	157.203	157.699	3007	0	6
2025.01.02	02:00:00	157.699	157.770	157.293	157.433	5247	0	7
2025.01.02	03:00:00	157.435	157.664	157.417	157.510	4488	0	5
2025.01.02	04:00:00	157.509	157.509	157.262	157.286	2596	0	6
2025.01.02	05:00:00	157.285	157.303	157.128	157.153	2332	0	5
2025.01.02	06:00:00	157.153	157.154	156.992	157.019	2223	0	5
2025.01.02	07:00:00	157.018	157.207	156.972	157.206	2420	0	5
2025.01.02	08:00:00	157.206	157.210	156.658	156.660	3953	0	6
2025.01.02	09:00:00	156.660	156.744	156.433	156.667	5507	0	4
2025.01.02	10:00:00	156.668	156.829	156.460	156.778	7170	0	4
2025.01.02	11:00:00	156.777	156.918	156.749	156.789	4593	0	4
2025.01.02	12:00:00	156.790	157.161	156.786	157.133	4746	0	4
2025.01.02	13:00:00	157.132	157.283	157.051	157.203	5089	0	5
2025.01.02	14:00:00	157.203	157.214	157.015	157.075	4839	0	5
2025.01.02	15:00:00	157.075	157.236	156.721	156.826	7705	0	5
2025.01.02	16:00:00	156.822	157.115	156.633	157.020	8878	0	5
2025.01.02	17:00:00	157.028	157.186	156.782	157.149	9380	0	5
2025.01.02	18:00:00	157.148	157.749	157.130	157.658	8169	0	5
2025.01.02	19:00:00	157.658	157.848	157.490	157.567	5935	0	5
2025.01.02	20:00:00	157.566	157.634	157.462	157.497	4060	0	5
2025.01.02	21:00:00	157.498	157.673	157.470	157.617	3732	0	5
2025.01.02	22:00:00	157.618	157.654	157.563	157.626	2408	0	6
2025.01.02	23:00:00	157.625	157.628	157.506	157.531	1957	0	5
2025.01.03	00:00:00	157.468	157.496	157.440	157.456	372	0	10
2025.01.03	01:00:00	157.456	157.565	157.353	157.356	1433	0	7
2025.01.03	02:00:00	157.356	157.401	157.172	157.210	4074	0	5
2025.01.03	03:00:00	157.210	157.407	157.185	157.277	3243	0	5
2025.01.03	04:00:00	157.278	157.355	157.246	157.309	3332	0	5
2025.01.03	05:00:00	157.308	157.458	157.183	157.307	3343	0	4
2025.01.03	06:00:00	157.308	157.388	157.248	157.280	3344	0	6
2025.01.03	07:00:00	157.281	157.356	157.235	157.298	3436	0	5
2025.01.03	08:00:00	157.298	157.298	157.127	157.170	2663	0	6
2025.01.03	09:00:00	157.162	157.264	157.039	157.138	4984	0	6
2025.01.03	10:00:00	157.138	157.425	157.127	157.330	4828	0	4
2025.01.03	11:00:00	157.330	157.334	157.085	157.251	4580	0	4
2025.01.03	12:00:00	157.250	157.383	157.164	157.371	3437	0	4
2025.01.03	13:00:00	157.371	157.387	157.200	157.246	3482	0	4
2025.01.03	14:00:00	157.246	157.251	157.061	157.166	3617	0	5
2025.01.03	15:00:00	157.166	157.238	157.020	157.180	4864	0	5
2025.01.03	16:00:00	157.181	157.310	157.078	157.078	4759	0	5
2025.01.03	17:00:00	157.101	157.494	157.101	157.398	7574	0	5
2025.01.03	18:00:00	157.398	157.403	157.197	157.202	3755	0	5
2025.01.03	19:00:00	157.202	157.208	156.873	157.167	4204	0	5
2025.01.03	20:00:00	157.167	157.239	157.105	157.164	2607	0	4
2025.01.03	21:00:00	157.164	157.224	157.102	157.202	1659	0	4
2025.01.03	22:00:00	157.203	157.351	157.136	157.336	2049	0	4
2025.01.03	23:00:00	157.336	157.371	157.271	157.309	1365	0	6
2025.01.06	00:00:00	157.207	157.368	157.169	157.319	795	0	62
2025.01.06	01:00:00	157.319	157.526	157.319	157.507	3578	0	6
2025.01.06	02:00:00	157.507	157.826	157.497	157.590	6077	0	6
2025.01.06	03:00:00	157.590	157.668	157.483	157.617	4146	0	5
2025.01.06	04:00:00	157.617	157.772	157.565	157.717	3695	0	4
2025.01.06	05:00:00	157.715	157.784	157.653	157.714	3703	0	5
2025.01.06	06:00:00	157.715	157.752	157.656	157.718	3083	0	5
2025.01.06	07:00:00	157.719	157.804	157.673	157.777	3101	0	5
2025.01.06	08:00:00	157.778	157.791	157.628	157.651	3432	0	5
2025.01.06	09:00:00	157.651	157.694	157.531	157.660	3501	0	4
2025.01.06	10:00:00	157.662	157.765	157.615	157.664	5195	0	5
2025.01.06	11:00:00	157.665	157.765	157.587	157.735	4688	0	6
2025.01.06	12:00:00	157.735	157.911	157.683	157.902	3747	0	5
2025.01.06	13:00:00	157.903	157.960	157.163	157.200	9449	0	5
2025.01.06	14:00:00	157.203	157.209	156.616	156.784	8525	0	5
2025.01.06	15:00:00	156.785	156.812	156.237	156.611	9093	0	4
2025.01.06	16:00:00	156.613	157.417	156.464	157.290	10345	0	5
2025.01.06	17:00:00	157.291	157.656	157.199	157.533	8448	0	6
2025.01.06	18:00:00	157.532	157.608	157.344	157.542	6027	0	5
2025.01.06	19:00:00	157.542	157.599	157.464	157.507	3936	0	6
2025.01.06	20:00:00	157.508	157.667	157.432	157.536	3876	0	6
2025.01.06	21:00:00	157.536	157.590	157.471	157.543	3649	0	6
2025.01.06	22:00:00	157.542	157.638	157.491	157.622	2720	0	6
2025.01.06	23:00:00	157.621	157.661	157.585	157.634	1684	0	5
2025.01.07	00:00:00	157.535	157.630	157.529	157.605	448	0	14
2025.01.07	01:00:00	157.603	157.810	157.599	157.740	1901	0	7
2025.01.07	02:00:00	157.740	158.221	157.737	158.101	7488	0	7
2025.01.07	03:00:00	158.101	158.414	158.037	158.311	5792	0	6
2025.01.07	04:00:00	158.310	158.316	158.139	158.278	4229	0	5
2025.01.07	05:00:00	158.278	158.307	158.085	158.123	3071	0	5
2025.01.07	06:00:00	158.122	158.153	158.016	158.080	3257	0	5
2025.01.07	07:00:00	158.081	158.153	157.784	157.863	4143	0	6
2025.01.07	08:00:00	157.863	157.863	157.679	157.757	4688	0	5
2025.01.07	09:00:00	157.757	157.793	157.453	157.494	6961	0	5
2025.01.07	10:00:00	157.497	157.600	157.399	157.424	7727	0	5
2025.01.07	11:00:00	157.431	157.680	157.376	157.605	5274	0	5
2025.01.07	12:00:00	157.607	157.779	157.560	157.747	4989	0	4
2025.01.07	13:00:00	157.747	157.848	157.619	157.711	4094	0	5
2025.01.07	14:00:00	157.711	157.847	157.680	157.742	4155	0	5
2025.01.07	15:00:00	157.743	157.780	157.579	157.670	3843	0	5
2025.01.07	16:00:00	157.668	157.833	157.533	157.713	4894	0	5
2025.01.07	17:00:00	157.709	158.423	157.709	157.940	9016	0	5
2025.01.07	18:00:00	157.940	158.046	157.618	157.832	7244	0	5
2025.01.07	19:00:00	157.829	157.850	157.623	157.697	5104	0	5
2025.01.07	20:00:00	157.698	157.914	157.585	157.840	3838	0	5
2025.01.07	21:00:00	157.841	157.865	157.757	157.776	2521	0	5
2025.01.07	22:00:00	157.776	157.872	157.737	157.871	2377	0	5
2025.01.07	23:00:00	157.870	158.044	157.869	158.042	1382	0	6
2025.01.08	00:00:00	157.997	158.030	157.962	158.007	904	0	63
2025.01.08	01:00:00	158.014	158.239	158.013	158.221	2591	0	5
2025.01.08	02:00:00	158.222	158.227	157.899	158.167	5237	0	5
2025.01.08	03:00:00	158.166	158.170	157.929	157.970	3696	0	5
2025.01.08	04:00:00	157.970	158.141	157.931	158.099	2520	0	5
2025.01.08	05:00:00	158.099	158.212	158.072	158.193	2580	0	5
2025.01.08	06:00:00	158.193	158.261	158.156	158.224	2123	0	5
2025.01.08	07:00:00	158.224	158.267	158.094	158.176	2992	0	5
2025.01.08	08:00:00	158.175	158.175	157.987	158.051	3188	0	5
2025.01.08	09:00:00	158.049	158.134	157.925	158.113	4242	0	5
2025.01.08	10:00:00	158.112	158.280	158.100	158.243	4155	0	5
2025.01.08	11:00:00	158.242	158.243	158.049	158.158	3386	0	3
2025.01.08	12:00:00	158.158	158.345	158.143	158.323	3065	0	6
2025.01.08	13:00:00	158.323	158.549	158.313	158.371	4417	0	6
2025.01.08	14:00:00	158.371	158.542	158.347	158.505	4256	0	6
2025.01.08	15:00:00	158.505	158.507	158.171	158.218	7377	0	6
2025.01.08	16:00:00	158.218	158.463	158.140	158.350	6230	0	6
2025.01.08	17:00:00	158.351	158.413	158.215	158.370	5067	0	6
2025.01.08	18:00:00	158.371	158.441	158.287	158.318	4267	0	6
2025.01.08	19:00:00	158.317	158.495	158.306	158.387	3650	0	6
2025.01.08	20:00:00	158.386	158.500	158.269	158.439	3724	0	6
2025.01.08	21:00:00	158.448	158.515	158.352	158.464	3594	0	6
2025.01.08	22:00:00	158.459	158.459	158.329	158.358	2416	0	6
2025.01.08	23:00:00	158.360	158.431	158.324	158.331	1351	0	7
2025.01.09	00:00:00	158.287	158.304	158.222	158.282	604	0	65
2025.01.09	01:00:00	158.283	158.397	158.177	158.188	1706	0	6
2025.01.09	02:00:00	158.188	158.324	158.098	158.259	3311	0	6
2025.01.09	03:00:00	158.259	158.285	158.067	158.108	2812	0	6
2025.01.09	04:00:00	158.097	158.137	157.984	158.085	2140	0	6
2025.01.09	05:00:00	158.085	158.093	157.911	157.972	2338	0	6
2025.01.09	06:00:00	157.972	157.973	157.759	157.924	2960	0	6
2025.01.09	07:00:00	157.925	158.141	157.888	158.056	3126	0	6
2025.01.09	08:00:00	158.056	158.191	158.029	158.143	3327	0	6
2025.01.09	09:00:00	158.143	158.200	158.022	158.189	3803	0	6
2025.01.09	10:00:00	158.189	158.283	158.061	158.130	4241	0	6
2025.01.09	11:00:00	158.130	158.175	158.008	158.081	3468	0	6
2025.01.09	12:00:00	158.081	158.099	157.951	157.993	3014	0	6
2025.01.09	13:00:00	157.993	158.023	157.821	157.905	3008	0	6
2025.01.09	14:00:00	157.905	157.930	157.647	157.743	3290	0	6
2025.01.09	15:00:00	157.743	157.841	157.572	157.657	3911	0	6
2025.01.09	16:00:00	157.656	157.861	157.654	157.818	3755	0	6
2025.01.09	17:00:00	157.818	157.975	157.812	157.971	3287	0	6
2025.01.09	18:00:00	157.969	158.022	157.919	158.010	3020	0	6
2025.01.09	19:00:00	158.010	158.133	157.980	158.105	2479	0	6
2025.01.09	20:00:00	158.106	158.161	158.058	158.071	1273	0	6
2025.01.09	21:00:00	158.071	158.121	158.055	158.111	1370	0	6
2025.01.09	22:00:00	158.111	158.126	158.077	158.121	1156	0	6
2025.01.09	23:00:00	158.121	158.132	158.078	158.108	697	0	7
2025.01.10	00:00:00	158.083	158.163	158.080	158.113	642	0	65
2025.01.10	01:00:00	158.116	158.153	158.007	158.040	1430	0	6
2025.01.10	02:00:00	158.041	158.226	157.951	158.002	4027	0	6
2025.01.10	03:00:00	158.006	158.170	157.931	158.126	3660	0	6
2025.01.10	04:00:00	158.127	158.279	158.100	158.260	2620	0	6
2025.01.10	05:00:00	158.260	158.271	158.179	158.228	1696	0	6
2025.01.10	06:00:00	158.228	158.403	158.226	158.382	2292	0	6
2025.01.10	07:00:00	158.382	158.420	158.348	158.410	2458	0	6
2025.01.10	08:00:00	158.410	158.420	158.300	158.322	2649	0	6
2025.01.10	09:00:00	158.322	158.442	158.257	158.386	3566	0	6
2025.01.10	10:00:00	158.386	158.425	157.745	157.822	4988	0	6
2025.01.10	11:00:00	157.822	157.945	157.620	157.929	4974	0	6
2025.01.10	12:00:00	157.929	158.125	157.860	158.076	3537	0	6
2025.01.10	13:00:00	158.076	158.168	157.990	157.992	2896	0	6
2025.01.10	14:00:00	157.992	158.025	157.891	157.987	2944	0	6
2025.01.10	15:00:00	157.983	158.876	157.897	158.547	7824	0	6
2025.01.10	16:00:00	158.554	158.652	157.760	157.956	9583	0	6
2025.01.10	17:00:00	158.045	158.160	157.227	157.556	9257	0	6
2025.01.10	18:00:00	157.558	157.871	157.539	157.683	6481	0	6
2025.01.10	19:00:00	157.685	157.797	157.575	157.668	4515	0	6
2025.01.10	20:00:00	157.668	157.954	157.663	157.896	3162	0	6
2025.01.10	21:00:00	157.896	157.980	157.805	157.868	2796	0	6
2025.01.10	22:00:00	157.868	157.931	157.808	157.812	2259	0	6
2025.01.10	23:00:00	157.812	157.812	157.681	157.716	1735	0	7
2025.01.13	00:00:00	157.699	157.770	157.682	157.684	1261	0	78
2025.01.13	01:00:00	157.719	157.923	157.699	157.905	2071	0	6
2025.01.13	02:00:00	157.904	157.964	157.785	157.787	3142	0	6
2025.01.13	03:00:00	157.787	157.866	157.265	157.445	4202	0	6
2025.01.13	04:00:00	157.445	157.647	157.398	157.513	3490	0	6
2025.01.13	05:00:00	157.513	157.639	157.406	157.413	3579	0	6
2025.01.13	06:00:00	157.412	157.581	157.406	157.542	2915	0	6
2025.01.13	07:00:00	157.543	157.545	157.277	157.405	3131	0	6
2025.01.13	08:00:00	157.405	157.596	157.244	157.527	3639	0	6
2025.01.13	09:00:00	157.525	157.546	157.293	157.459	4939	0	6
2025.01.13	10:00:00	157.458	157.664	157.376	157.601	5309	0	6
2025.01.13	11:00:00	157.602	157.611	157.034	157.107	5574	0	6
2025.01.13	12:00:00	157.108	157.429	157.010	157.425	4105	0	6
2025.01.13	13:00:00	157.426	157.466	157.217	157.312	2816	0	5
2025.01.13	14:00:00	157.312	157.458	156.922	157.029	3974	0	6
2025.01.13	15:00:00	157.029	157.201	156.907	157.198	5399	0	6
2025.01.13	16:00:00	157.198	157.426	157.099	157.351	5629	0	4
2025.01.13	17:00:00	157.350	157.582	157.308	157.517	5229	0	6
2025.01.13	18:00:00	157.519	157.786	157.460	157.509	4390	0	6
2025.01.13	19:00:00	157.508	157.568	157.304	157.327	3204	0	6
2025.01.13	20:00:00	157.327	157.524	157.292	157.479	2229	0	6
2025.01.13	21:00:00	157.480	157.814	157.477	157.807	2505	0	6
2025.01.13	22:00:00	157.807	157.808	157.607	157.650	2308	0	6
2025.01.13	23:00:00	157.651	157.693	157.453	157.502	1604	0	7
2025.01.14	00:00:00	157.429	157.451	157.173	157.310	990	0	65
2025.01.14	01:00:00	157.312	157.451	157.112	157.306	2934	0	6
2025.01.14	02:00:00	157.303	157.574	157.142	157.537	4670	0	6
2025.01.14	03:00:00	157.537	158.029	157.044	157.434	5862	0	6
2025.01.14	04:00:00	157.434	157.726	157.434	157.690	3242	0	7
2025.01.14	05:00:00	157.690	157.747	157.524	157.556	2447	0	6
2025.01.14	06:00:00	157.551	157.583	157.459	157.485	1812	0	6
2025.01.14	07:00:00	157.485	157.717	157.359	157.581	3195	0	6
2025.01.14	08:00:00	157.581	157.693	157.454	157.481	2655	0	6
2025.01.14	09:00:00	157.480	157.552	157.295	157.523	4858	0	6
2025.01.14	10:00:00	157.523	157.726	157.385	157.694	4699	0	6
2025.01.14	11:00:00	157.698	158.024	157.685	157.939	5041	0	6
2025.01.14	12:00:00	157.936	157.980	157.828	157.830	2972	0	6
2025.01.14	13:00:00	157.830	157.952	157.830	157.934	2666	0	6
2025.01.14	14:00:00	157.934	158.128	157.840	157.862	3837	0	6
2025.01.14	15:00:00	157.861	157.920	157.392	157.773	6870	0	6
2025.01.14	16:00:00	157.773	157.914	157.620	157.804	6609	0	6
2025.01.14	17:00:00	157.801	158.147	157.742	157.964	6521	0	6
2025.01.14	18:00:00	157.964	158.073	157.828	157.949	5780	0	6
2025.01.14	19:00:00	157.950	158.192	157.901	158.129	3692	0	6
2025.01.14	20:00:00	158.129	158.137	157.974	158.004	2367	0	6
2025.01.14	21:00:00	158.004	158.070	157.908	157.937	2200	0	6
2025.01.14	22:00:00	157.936	157.984	157.864	157.978	2112	0	6
2025.01.14	23:00:00	157.979	158.018	157.915	157.936	1573	0	7
2025.01.15	00:00:00	157.963	158.009	157.910	157.929	615	0	65
2025.01.15	01:00:00	157.929	158.065	157.910	158.045	1197	0	6
2025.01.15	02:00:00	158.045	158.079	157.893	157.972	3448	0	6
2025.01.15	03:00:00	157.972	158.035	157.824	157.900	3430	0	6
2025.01.15	04:00:00	157.899	157.972	157.878	157.945	2035	0	6
2025.01.15	05:00:00	157.945	157.950	157.840	157.885	2116	0	6
2025.01.15	06:00:00	157.884	157.933	157.584	157.601	2948	0	6
2025.01.15	07:00:00	157.601	157.601	157.194	157.320	4601	0	6
2025.01.15	08:00:00	157.321	157.443	157.281	157.341	3314	0	6
2025.01.15	09:00:00	157.341	157.343	156.837	156.881	4820	0	6
2025.01.15	10:00:00	156.881	157.224	156.716	157.107	4842	0	6
2025.01.15	11:00:00	157.107	157.122	156.706	156.862	4591	0	6
2025.01.15	12:00:00	156.863	156.922	156.745	156.789	3381	0	6
2025.01.15	13:00:00	156.788	157.057	156.711	157.010	3039	0	6
2025.01.15	14:00:00	157.010	157.050	156.855	156.977	3104	0	6
2025.01.15	15:00:00	156.980	157.087	156.246	156.394	7427	0	6
2025.01.15	16:00:00	156.381	156.458	155.934	156.282	8379	0	6
2025.01.15	17:00:00	156.283	156.523	156.077	156.288	6911	0	6
2025.01.15	18:00:00	156.288	156.731	156.283	156.598	5992	0	6
2025.01.15	19:00:00	156.597	156.608	156.476	156.544	3419	0	6
2025.01.15	20:00:00	156.544	156.570	156.400	156.494	2679	0	6
2025.01.15	21:00:00	156.495	156.561	156.429	156.458	2475	0	6
2025.01.15	22:00:00	156.458	156.506	156.403	156.463	2380	0	6
2025.01.15	23:00:00	156.437	156.548	156.435	156.440	1588	0	7
2025.01.16	00:00:00	156.411	156.415	156.312	156.360	1110	0	65
2025.01.16	01:00:00	156.359	156.400	156.211	156.217	1523	0	6
2025.01.16	02:00:00	156.216	156.523	156.164	156.184	4084	0	6
2025.01.16	03:00:00	156.182	156.182	155.476	155.552	5842	0	6
2025.01.16	04:00:00	155.550	155.776	155.201	155.725	5706	0	6
2025.01.16	05:00:00	155.725	155.860	155.700	155.775	3654	0	6
2025.01.16	06:00:00	155.776	155.971	155.602	155.953	2765	0	6
2025.01.16	07:00:00	155.953	156.117	155.947	156.112	3260	0	6
2025.01.16	08:00:00	156.112	156.310	156.028	156.095	3633	0	6
2025.01.16	09:00:00	156.095	156.240	156.024	156.182	3957	0	6
2025.01.16	10:00:00	156.183	156.235	155.857	155.896	4451	0	6
2025.01.16	11:00:00	155.896	155.930	155.607	155.680	3983	0	6
2025.01.16	12:00:00	155.679	155.765	155.628	155.661	3101	0	6
2025.01.16	13:00:00	155.656	155.874	155.643	155.779	3103	0	6
2025.01.16	14:00:00	155.779	156.195	155.777	156.107	3741	0	6
2025.01.16	15:00:00	156.103	156.354	155.843	155.902	6377	0	6
2025.01.16	16:00:00	155.910	156.170	155.895	156.127	6495	0	6
2025.01.16	17:00:00	156.124	156.195	155.384	155.424	8390	0	6
2025.01.16	18:00:00	155.424	155.552	155.101	155.438	7236	0	6
2025.01.16	19:00:00	155.438	155.507	155.169	155.267	4931	0	6
2025.01.16	20:00:00	155.268	155.383	155.148	155.350	3115	0	6
2025.01.16	21:00:00	155.350	155.376	155.169	155.290	2954	0	6
2025.01.16	22:00:00	155.290	155.314	155.167	155.201	2171	0	6
2025.01.16	23:00:00	155.201	155.231	155.068	155.097	1437	0	7
2025.01.17	00:00:00	155.097	155.172	155.083	155.148	524	0	65
2025.01.17	01:00:00	155.170	155.399	155.168	155.363	1521	0	6
2025.01.17	02:00:00	155.361	155.482	154.972	155.185	4419	0	6
2025.01.17	03:00:00	155.184	155.374	155.143	155.211	3580	0	6
2025.01.17	04:00:00	155.210	155.459	155.158	155.432	3138	0	4
2025.01.17	05:00:00	155.432	155.462	155.344	155.443	2360	0	6
2025.01.17	06:00:00	155.443	155.494	155.360	155.384	2223	0	6
2025.01.17	07:00:00	155.384	155.686	155.359	155.562	2657	0	6
2025.01.17	08:00:00	155.560	155.729	155.516	155.640	2855	0	6
2025.01.17	09:00:00	155.640	155.769	155.523	155.611	3750	0	6
2025.01.17	10:00:00	155.603	155.721	155.405	155.696	3667	0	6
2025.01.17	11:00:00	155.697	155.842	155.404	155.731	4261	0	6
2025.01.17	12:00:00	155.732	155.783	155.604	155.773	3116	0	6
2025.01.17	13:00:00	155.773	155.801	155.631	155.690	2792	0	6
2025.01.17	14:00:00	155.690	155.745	155.587	155.721	3200	0	6
2025.01.17	15:00:00	155.720	155.720	155.552	155.684	4423	0	6
2025.01.17	16:00:00	155.684	156.190	155.652	156.039	6691	0	6
2025.01.17	17:00:00	156.042	156.141	155.774	156.106	6482	0	6
2025.01.17	18:00:00	156.106	156.372	156.100	156.310	5300	0	6
2025.01.17	19:00:00	156.304	156.341	156.223	156.257	3342	0	6
2025.01.17	20:00:00	156.257	156.284	156.119	156.183	2474	0	6
2025.01.17	21:00:00	156.183	156.225	156.124	156.141	2170	0	6
2025.01.17	22:00:00	156.141	156.193	156.103	156.145	2098	0	6
2025.01.17	23:00:00	156.145	156.276	156.125	156.248	1397	0	7
2025.01.20	00:00:00	156.168	156.326	156.168	156.269	920	0	78
2025.01.20	01:00:00	156.269	156.582	156.238	156.307	2079	0	6
2025.01.20	02:00:00	156.307	156.358	155.978	155.978	3571	0	6
2025.01.20	03:00:00	155.979	156.107	155.861	155.924	3953	0	6
2025.01.20	04:00:00	155.924	156.049	155.885	155.933	3195	0	6
2025.01.20	05:00:00	155.934	155.960	155.705	155.740	2683	0	6
2025.01.20	06:00:00	155.740	156.025	155.728	155.972	2660	0	6
2025.01.20	07:00:00	155.972	156.062	155.891	156.058	2672	0	6
2025.01.20	08:00:00	156.057	156.196	156.010	156.194	3025	0	6
2025.01.20	09:00:00	156.195	156.284	155.956	155.989	3412	0	6
2025.01.20	10:00:00	155.991	156.180	155.943	156.154	3554	0	6
2025.01.20	11:00:00	156.153	156.357	156.129	156.279	3381	0	6
2025.01.20	12:00:00	156.279	156.403	156.229	156.370	2571	0	6
2025.01.20	13:00:00	156.370	156.455	156.312	156.339	2400	0	6
2025.01.20	14:00:00	156.339	156.452	156.278	156.373	2817	0	6
2025.01.20	15:00:00	156.373	156.464	155.717	155.719	7027	0	6
2025.01.20	16:00:00	155.719	155.914	155.405	155.548	8351	0	7
2025.01.20	17:00:00	155.548	155.931	155.526	155.689	6751	0	7
2025.01.20	18:00:00	155.688	155.721	155.599	155.685	3990	0	7
2025.01.20	19:00:00	155.685	156.059	155.633	155.821	5089	0	7
2025.01.20	20:00:00	155.822	155.896	155.690	155.694	2406	0	8
2025.01.20	21:00:00	155.695	155.773	155.591	155.636	2403	0	7
2025.01.20	22:00:00	155.635	155.640	155.486	155.611	2526	0	7
2025.01.20	23:00:00	155.611	155.721	155.507	155.565	3049	0	7
2025.01.21	00:00:00	155.539	155.632	155.517	155.617	867	0	65
2025.01.21	01:00:00	155.617	155.654	155.163	155.274	3666	0	6
2025.01.21	02:00:00	155.274	156.230	154.898	156.020	7361	0	7
2025.01.21	03:00:00	156.019	156.191	155.462	155.542	8371	0	7
2025.01.21	04:00:00	155.542	155.580	154.947	155.139	5887	0	7
2025.01.21	05:00:00	155.139	155.242	154.771	155.184	4987	0	7
2025.01.21	06:00:00	155.184	155.187	154.946	155.064	3568	0	7
2025.01.21	07:00:00	155.063	155.327	155.001	155.311	3387	0	7
2025.01.21	08:00:00	155.320	155.547	155.320	155.516	3632	0	7
2025.01.21	09:00:00	155.516	155.746	155.496	155.674	4488	0	7
2025.01.21	10:00:00	155.676	155.772	155.613	155.743	4178	0	7
2025.01.21	11:00:00	155.744	155.955	155.701	155.894	4705	0	7
2025.01.21	12:00:00	155.894	155.994	155.804	155.978	3643	0	7
2025.01.21	13:00:00	155.979	156.050	155.872	155.911	3475	0	7
2025.01.21	14:00:00	155.911	155.950	155.710	155.820	3931	0	7
2025.01.21	15:00:00	155.820	155.833	155.456	155.486	4655	0	7
2025.01.21	16:00:00	155.482	155.672	155.335	155.579	6377	0	7
2025.01.21	17:00:00	155.581	155.727	155.249	155.329	7096	0	6
2025.01.21	18:00:00	155.330	155.572	155.301	155.493	5004	0	6
2025.01.21	19:00:00	155.492	155.577	155.415	155.572	3336	0	6
2025.01.21	20:00:00	155.572	155.593	155.423	155.509	2799	0	6
2025.01.21	21:00:00	155.509	155.586	155.470	155.553	2571	0	6
2025.01.21	22:00:00	155.552	155.594	155.514	155.515	1811	0	6
2025.01.21	23:00:00	155.515	155.555	155.448	155.472	1103	0	7
2025.01.22	00:00:00	155.445	155.511	155.413	155.454	1154	0	65
2025.01.22	01:00:00	155.458	155.834	155.450	155.740	3118	0	6
2025.01.22	02:00:00	155.754	155.763	155.350	155.422	4970	0	6
2025.01.22	03:00:00	155.425	155.716	155.402	155.681	4214	0	6
2025.01.22	04:00:00	155.682	155.761	155.628	155.736	3114	0	6
2025.01.22	05:00:00	155.736	155.956	155.677	155.921	2442	0	6
2025.01.22	06:00:00	155.921	155.925	155.713	155.790	2268	0	6
2025.01.22	07:00:00	155.790	155.950	155.783	155.827	2324	0	6
2025.01.22	08:00:00	155.827	155.974	155.676	155.884	3564	0	6
2025.01.22	09:00:00	155.884	156.069	155.797	156.045	4016	0	6
2025.01.22	10:00:00	156.045	156.110	155.549	155.719	5292	0	6
2025.01.22	11:00:00	155.717	155.822	155.647	155.669	3809	0	6
2025.01.22	12:00:00	155.668	155.783	155.628	155.763	3605	0	6
2025.01.22	13:00:00	155.763	155.894	155.713	155.869	2719	0	6
2025.01.22	14:00:00	155.869	156.049	155.801	155.810	3021	0	6
2025.01.22	15:00:00	155.810	155.969	155.740	155.888	4276	0	6
2025.01.22	16:00:00	155.889	156.185	155.809	156.152	5306	0	6
2025.01.22	17:00:00	156.152	156.421	156.045	156.397	5665	0	6
2025.01.22	18:00:00	156.397	156.642	156.375	156.619	4377	0	6
2025.01.22	19:00:00	156.619	156.707	156.558	156.611	3130	0	6
2025.01.22	20:00:00	156.611	156.625	156.496	156.573	2741	0	6
2025.01.22	21:00:00	156.573	156.588	156.469	156.517	1958	0	6
2025.01.22	22:00:00	156.517	156.559	156.441	156.544	2051	0	6
2025.01.22	23:00:00	156.541	156.588	156.490	156.501	1481	0	7
2025.01.23	00:00:00	156.452	156.454	156.393	156.399	522	0	65
2025.01.23	01:00:00	156.401	156.517	156.379	156.435	1569	0	9
2025.01.23	02:00:00	156.440	156.458	156.309	156.387	3659	0	6
2025.01.23	03:00:00	156.387	156.561	156.280	156.548	3502	0	6
2025.01.23	04:00:00	156.546	156.611	156.447	156.486	2717	0	6
2025.01.23	05:00:00	156.486	156.555	156.474	156.497	1995	0	6
2025.01.23	06:00:00	156.497	156.613	156.473	156.584	1749	0	6
2025.01.23	07:00:00	156.584	156.751	156.583	156.698	2691	0	6
2025.01.23	08:00:00	156.701	156.719	156.482	156.604	2783	0	6
2025.01.23	09:00:00	156.612	156.686	156.519	156.605	3977	0	6
2025.01.23	10:00:00	156.606	156.632	156.446	156.483	4097	0	6
2025.01.23	11:00:00	156.482	156.548	156.349	156.377	3950	0	6
2025.01.23	12:00:00	156.378	156.402	156.201	156.399	3041	0	6
2025.01.23	13:00:00	156.399	156.551	156.366	156.542	2608	0	6
2025.01.23	14:00:00	156.542	156.594	156.367	156.398	3367	0	6
2025.01.23	15:00:00	156.396	156.419	156.100	156.204	5282	0	6
2025.01.23	16:00:00	156.203	156.400	156.133	156.246	4965	0	6
2025.01.23	17:00:00	156.246	156.471	156.147	156.164	5094	0	6
2025.01.23	18:00:00	156.164	156.388	155.859	156.001	7643	0	6
2025.01.23	19:00:00	156.001	156.126	155.875	155.914	3846	0	6
2025.01.23	20:00:00	155.912	156.000	155.876	155.999	2700	0	6
2025.01.23	21:00:00	155.999	156.035	155.739	155.802	2483	0	6
2025.01.23	22:00:00	155.800	155.971	155.749	155.969	2439	0	6
2025.01.23	23:00:00	155.968	156.042	155.948	156.022	1141	0	7
2025.01.24	00:00:00	156.028	156.028	155.982	156.001	409	0	65
2025.01.24	01:00:00	156.027	156.177	155.958	156.133	1554	0	8
2025.01.24	02:00:00	156.133	156.274	156.002	156.240	3948	0	6
2025.01.24	03:00:00	156.238	156.353	156.137	156.307	2881	0	6
2025.01.24	04:00:00	156.307	156.373	155.889	155.976	4729	0	6
2025.01.24	05:00:00	155.976	156.410	155.426	155.481	6602	0	6
2025.01.24	06:00:00	155.481	155.515	155.003	155.229	5431	0	6
2025.01.24	07:00:00	155.231	155.465	155.102	155.353	4338	0	6
2025.01.24	08:00:00	155.353	155.709	154.837	155.360	6886	0	6
2025.01.24	09:00:00	155.366	155.619	155.222	155.382	6789	0	6
2025.01.24	10:00:00	155.378	155.445	154.936	155.377	6778	0	6
2025.01.24	11:00:00	155.382	155.622	155.120	155.584	5925	0	6
2025.01.24	12:00:00	155.582	155.966	155.546	155.908	4780	0	6
2025.01.24	13:00:00	155.910	156.103	155.900	156.095	4031	0	6
2025.01.24	14:00:00	156.095	156.469	156.060	156.454	4356	0	6
2025.01.24	15:00:00	156.454	156.573	156.239	156.322	5514	0	6
2025.01.24	16:00:00	156.322	156.483	156.125	156.310	6551	0	6
2025.01.24	17:00:00	156.303	156.389	155.628	155.728	6907	0	6
2025.01.24	18:00:00	155.728	155.812	155.577	155.583	5099	0	6
2025.01.24	19:00:00	155.583	155.754	155.513	155.743	3054	0	6
2025.01.24	20:00:00	155.743	156.022	155.724	155.930	2638	0	6
2025.01.24	21:00:00	155.930	155.959	155.776	155.814	2373	0	6
2025.01.24	22:00:00	155.818	155.982	155.812	155.902	1857	0	6
2025.01.24	23:00:00	155.902	155.950	155.862	155.931	1009	0	7
2025.01.27	00:00:00	155.672	155.784	155.662	155.759	639	0	78
2025.01.27	01:00:00	155.795	155.837	155.572	155.719	3496	0	6
2025.01.27	02:00:00	155.719	155.844	155.390	155.528	5067	0	6
2025.01.27	03:00:00	155.529	155.601	155.288	155.484	5047	0	6
2025.01.27	04:00:00	155.484	155.665	155.419	155.634	3147	0	6
2025.01.27	05:00:00	155.633	155.874	155.615	155.798	3297	0	6
2025.01.27	06:00:00	155.795	156.056	155.785	156.013	2678	0	6
2025.01.27	07:00:00	156.013	156.092	155.930	156.058	3259	0	6
2025.01.27	08:00:00	156.057	156.244	155.972	155.988	3992	0	6
2025.01.27	09:00:00	155.988	155.989	155.679	155.880	5192	0	6
2025.01.27	10:00:00	155.880	155.908	155.047	155.132	6406	0	6
2025.01.27	11:00:00	155.132	155.187	154.463	154.599	7547	0	6
2025.01.27	12:00:00	154.592	154.592	153.732	153.969	8196	0	6
2025.01.27	13:00:00	153.965	154.088	153.709	153.963	7508	0	6
2025.01.27	14:00:00	153.957	154.228	153.860	154.042	6939	0	6
2025.01.27	15:00:00	154.042	154.457	153.901	154.200	7974	0	6
2025.01.27	16:00:00	154.203	154.389	153.952	154.363	8397	0	6
2025.01.27	17:00:00	154.359	154.679	154.227	154.341	7939	0	6
2025.01.27	18:00:00	154.341	154.421	154.097	154.226	6406	0	6
2025.01.27	19:00:00	154.226	154.430	154.172	154.292	5264	0	6
2025.01.27	20:00:00	154.293	154.584	154.219	154.428	4700	0	6
2025.01.27	21:00:00	154.428	154.714	154.428	154.542	3809	0	6
2025.01.27	22:00:00	154.542	154.697	154.531	154.580	3096	0	6
2025.01.27	23:00:00	154.578	154.657	154.466	154.515	1420	0	7
2025.01.28	00:00:00	154.457	154.533	154.457	154.510	610	0	65
2025.01.28	01:00:00	154.558	154.976	154.518	154.914	5210	0	7
2025.01.28	02:00:00	154.905	155.156	154.792	155.142	6330	0	6
2025.01.28	03:00:00	155.146	155.639	155.115	155.483	5145	0	6
2025.01.28	04:00:00	155.483	155.669	155.395	155.546	5069	0	6
2025.01.28	05:00:00	155.547	155.743	155.484	155.734	3628	0	6
2025.01.28	06:00:00	155.734	155.945	155.721	155.786	3356	0	6
2025.01.28	07:00:00	155.786	155.831	155.647	155.697	2759	0	6
2025.01.28	08:00:00	155.697	155.843	155.517	155.767	3409	0	6
2025.01.28	09:00:00	155.766	155.975	155.667	155.860	4686	0	6
2025.01.28	10:00:00	155.857	155.928	155.546	155.731	5598	0	6
2025.01.28	11:00:00	155.720	155.817	155.249	155.443	5233	0	6
2025.01.28	12:00:00	155.444	155.496	155.202	155.473	3517	0	6
2025.01.28	13:00:00	155.473	155.492	155.242	155.434	2717	0	6
2025.01.28	14:00:00	155.435	155.483	155.250	155.276	3748	0	6
2025.01.28	15:00:00	155.275	155.561	155.209	155.487	5166	0	6
2025.01.28	16:00:00	155.487	155.559	155.042	155.288	5880	0	6
2025.01.28	17:00:00	155.290	155.743	155.208	155.712	6404	0	6
2025.01.28	18:00:00	155.713	155.757	155.579	155.655	4936	0	6
2025.01.28	19:00:00	155.655	155.693	155.549	155.600	2964	0	6
2025.01.28	20:00:00	155.598	155.681	155.517	155.681	3273	0	6
2025.01.28	21:00:00	155.681	155.723	155.503	155.531	2725	0	6
2025.01.28	22:00:00	155.531	155.597	155.489	155.515	2545	0	6
2025.01.28	23:00:00	155.515	155.555	155.485	155.518	1344	0	7
2025.01.29	00:00:00	155.497	155.519	155.496	155.510	185	0	65
2025.01.29	01:00:00	155.544	155.611	155.509	155.557	1083	0	6
2025.01.29	02:00:00	155.558	155.646	155.427	155.627	3688	0	6
2025.01.29	03:00:00	155.626	155.786	155.587	155.711	3081	0	6
2025.01.29	04:00:00	155.711	155.777	155.586	155.622	2732	0	6
2025.01.29	05:00:00	155.623	155.623	155.318	155.421	2869	0	6
2025.01.29	06:00:00	155.421	155.432	155.223	155.296	2417	0	6
2025.01.29	07:00:00	155.296	155.300	154.998	155.010	2666	0	6
2025.01.29	08:00:00	155.015	155.314	154.997	155.218	3504	0	6
2025.01.29	09:00:00	155.232	155.404	155.135	155.283	4607	0	6
2025.01.29	10:00:00	155.292	155.334	155.005	155.147	5114	0	6
2025.01.29	11:00:00	155.147	155.359	155.088	155.339	4713	0	6
2025.01.29	12:00:00	155.337	155.454	155.314	155.381	3617	0	6
2025.01.29	13:00:00	155.381	155.520	155.320	155.421	3359	0	6
2025.01.29	14:00:00	155.420	155.493	155.319	155.361	4177	0	6
2025.01.29	15:00:00	155.361	155.461	155.248	155.429	5453	0	6
2025.01.29	16:00:00	155.420	155.439	155.171	155.193	5156	0	6
2025.01.29	17:00:00	155.194	155.323	154.936	155.007	6199	0	6
2025.01.29	18:00:00	155.007	155.239	154.968	155.221	5302	0	6
2025.01.29	19:00:00	155.224	155.231	155.051	155.055	3604	0	6
2025.01.29	20:00:00	155.055	155.169	155.000	155.141	3151	0	6
2025.01.29	21:00:00	155.093	155.604	155.070	155.240	8685	0	8
2025.01.29	22:00:00	155.244	155.386	155.094	155.355	5627	0	7
2025.01.29	23:00:00	155.357	155.376	155.185	155.246	2470	0	7
2025.01.30	00:00:00	155.132	155.203	155.122	155.160	526	0	65
2025.01.30	01:00:00	155.188	155.242	155.033	155.174	3655	0	7
2025.01.30	02:00:00	155.172	155.195	154.673	154.715	5008	0	8
2025.01.30	03:00:00	154.715	154.720	154.458	154.638	4735	0	6
2025.01.30	04:00:00	154.640	154.661	154.279	154.377	4754	0	6
2025.01.30	05:00:00	154.377	154.546	154.312	154.530	3699	0	6
2025.01.30	06:00:00	154.530	154.678	154.481	154.600	2806	0	6
2025.01.30	07:00:00	154.603	154.635	154.412	154.481	2750	0	6
2025.01.30	08:00:00	154.482	154.733	154.353	154.433	3524	0	6
2025.01.30	09:00:00	154.426	154.633	154.366	154.491	3754	0	6
2025.01.30	10:00:00	154.533	154.645	154.432	154.481	5330	0	6
2025.01.30	11:00:00	154.474	154.591	154.313	154.444	5047	0	6
2025.01.30	12:00:00	154.446	154.535	154.351	154.495	4225	0	6
2025.01.30	13:00:00	154.496	154.596	154.419	154.589	3373	0	6
2025.01.30	14:00:00	154.589	154.592	154.094	154.154	3994	0	6
2025.01.30	15:00:00	154.154	154.266	153.831	153.904	7172	0	6
2025.01.30	16:00:00	153.906	154.220	153.841	154.058	7522	0	6
2025.01.30	17:00:00	154.059	154.149	153.788	154.133	7041	0	6
2025.01.30	18:00:00	154.138	154.474	154.067	154.419	5242	0	6
2025.01.30	19:00:00	154.419	154.444	154.257	154.295	4183	0	6
2025.01.30	20:00:00	154.295	154.494	154.295	154.375	2993	0	6
2025.01.30	21:00:00	154.375	154.375	154.082	154.108	2954	0	6
2025.01.30	22:00:00	154.107	154.452	153.991	154.251	5177	0	6
2025.01.30	23:00:00	154.252	154.453	154.177	154.286	3027	0	7
2025.01.31	00:00:00	154.149	154.225	154.128	154.186	479	0	65
2025.01.31	01:00:00	154.188	154.501	154.057	154.084	2985	0	6
2025.01.31	02:00:00	154.084	154.360	154.016	154.305	4427	0	6
2025.01.31	03:00:00	154.306	154.316	153.911	154.091	5312	0	6
2025.01.31	04:00:00	154.091	154.216	153.928	154.173	3896	0	6
2025.01.31	05:00:00	154.177	154.420	154.150	154.355	3316	0	6
2025.01.31	06:00:00	154.355	154.442	154.308	154.436	2698	0	6
2025.01.31	07:00:00	154.441	154.873	154.430	154.714	4265	0	7
2025.01.31	08:00:00	154.714	154.932	154.641	154.690	4234	0	6
2025.01.31	09:00:00	154.690	154.761	154.575	154.650	4738	0	6
2025.01.31	10:00:00	154.651	154.810	154.553	154.589	5078	0	6
2025.01.31	11:00:00	154.590	154.713	154.480	154.713	4710	0	6
2025.01.31	12:00:00	154.713	154.780	154.670	154.673	3254	0	6
2025.01.31	13:00:00	154.673	154.849	154.601	154.838	2995	0	6
2025.01.31	14:00:00	154.838	154.887	154.758	154.825	3011	0	6
2025.01.31	15:00:00	154.825	155.019	154.735	154.798	5987	0	6
2025.01.31	16:00:00	154.791	154.977	154.558	154.619	6138	0	6
2025.01.31	17:00:00	154.619	154.869	154.525	154.815	7377	0	6
2025.01.31	18:00:00	154.818	155.004	154.802	154.915	5157	0	6
2025.01.31	19:00:00	154.916	154.971	154.661	154.762	6218	0	6
2025.01.31	20:00:00	154.761	155.217	154.755	155.136	5667	0	8
2025.01.31	21:00:00	155.136	155.199	154.988	155.140	3579	0	6
2025.01.31	22:00:00	155.140	155.206	155.086	155.087	3439	0	6
2025.01.31	23:00:00	155.090	155.204	155.019	155.178	3756	0	7
2025.02.03	00:00:00	154.819	155.085	154.809	154.985	2158	0	78
2025.02.03	01:00:00	154.980	155.437	154.915	155.346	6985	0	8
2025.02.03	02:00:00	155.364	155.801	155.345	155.697	8899	0	6
2025.02.03	03:00:00	155.691	155.882	155.641	155.704	6771	0	6
2025.02.03	04:00:00	155.703	155.872	155.467	155.540	5906	0	6
2025.02.03	05:00:00	155.540	155.757	155.492	155.648	4294	0	6
2025.02.03	06:00:00	155.648	155.749	155.563	155.712	4770	0	6
2025.02.03	07:00:00	155.712	155.712	155.463	155.572	3768	0	6
2025.02.03	08:00:00	155.572	155.609	155.277	155.378	4770	0	7
2025.02.03	09:00:00	155.382	155.663	155.381	155.622	6334	0	6
2025.02.03	10:00:00	155.624	155.713	155.348	155.451	6266	0	6
2025.02.03	11:00:00	155.453	155.468	154.998	154.999	5117	0	6
2025.02.03	12:00:00	155.003	155.127	154.830	154.940	4742	0	6
2025.02.03	13:00:00	154.940	154.962	154.591	154.606	4752	0	6
2025.02.03	14:00:00	154.608	154.623	154.286	154.566	5183	0	6
2025.02.03	15:00:00	154.567	154.832	154.400	154.647	6051	0	6
2025.02.03	16:00:00	154.647	154.744	154.372	154.532	7451	0	6
2025.02.03	17:00:00	154.506	154.860	154.007	154.723	11043	0	7
2025.02.03	18:00:00	154.722	154.863	154.541	154.686	7718	0	6
2025.02.03	19:00:00	154.686	154.722	154.519	154.649	6126	0	6
2025.02.03	20:00:00	154.651	155.011	154.569	154.954	4148	0	6
2025.02.03	21:00:00	154.954	154.998	154.826	154.894	3464	0	6
2025.02.03	22:00:00	154.889	154.895	154.653	154.706	3407	0	6
2025.02.03	23:00:00	154.714	154.915	154.534	154.855	3391	0	7
2025.02.04	00:00:00	154.694	154.858	154.694	154.794	1712	0	65
2025.02.04	01:00:00	154.792	155.291	154.779	155.266	3851	0	6
2025.02.04	02:00:00	155.265	155.407	155.180	155.308	4431	0	6
2025.02.04	03:00:00	155.309	155.391	155.045	155.107	4642	0	6
2025.02.04	04:00:00	155.107	155.254	155.043	155.149	3406	0	6
2025.02.04	05:00:00	155.149	155.303	155.064	155.206	2855	0	6
2025.02.04	06:00:00	155.206	155.286	155.181	155.280	2613	0	6
2025.02.04	07:00:00	155.280	155.330	154.824	155.248	6577	0	7
2025.02.04	08:00:00	155.248	155.389	155.155	155.218	3752	0	7
2025.02.04	09:00:00	155.215	155.356	155.166	155.322	4159	0	6
2025.02.04	10:00:00	155.322	155.520	155.123	155.243	5611	0	6
2025.02.04	11:00:00	155.244	155.351	155.066	155.340	4799	0	6
2025.02.04	12:00:00	155.337	155.361	155.239	155.268	3518	0	4
2025.02.04	13:00:00	155.268	155.331	155.144	155.312	3074	0	6
2025.02.04	14:00:00	155.312	155.394	155.235	155.278	3522	0	6
2025.02.04	15:00:00	155.278	155.385	155.245	155.259	4244	0	6
2025.02.04	16:00:00	155.259	155.260	154.953	155.015	5829	0	6
2025.02.04	17:00:00	155.007	155.010	154.534	154.674	7578	0	6
2025.02.04	18:00:00	154.674	154.674	154.462	154.560	5398	0	6
2025.02.04	19:00:00	154.561	154.625	154.248	154.267	4641	0	6
2025.02.04	20:00:00	154.266	154.332	154.172	154.299	3148	0	6
2025.02.04	21:00:00	154.299	154.334	154.225	154.284	3229	0	6
2025.02.04	22:00:00	154.281	154.317	154.231	154.260	2400	0	6
2025.02.04	23:00:00	154.258	154.342	154.231	154.312	1385	0	7
2025.02.05	00:00:00	154.307	154.374	154.287	154.348	527	0	25
2025.02.05	01:00:00	154.350	154.461	154.029	154.128	3079	0	8
2025.02.05	02:00:00	154.128	154.358	153.828	153.852	5229	0	6
2025.02.05	03:00:00	153.852	153.852	153.463	153.598	6603	0	6
2025.02.05	04:00:00	153.609	153.641	153.165	153.387	5241	0	6
2025.02.05	05:00:00	153.388	153.461	153.081	153.218	4054	0	6
2025.02.05	06:00:00	153.218	153.391	153.111	153.359	3484	0	6
2025.02.05	07:00:00	153.359	153.564	153.349	153.421	3429	0	6
2025.02.05	08:00:00	153.426	153.448	153.160	153.185	3877	0	6
2025.02.05	09:00:00	153.185	153.363	153.070	153.301	4638	0	6
2025.02.05	10:00:00	153.301	153.391	152.912	153.053	5629	0	6
2025.02.05	11:00:00	153.053	153.129	152.639	152.841	5475	0	6
2025.02.05	12:00:00	152.841	152.841	152.550	152.640	4334	0	6
2025.02.05	13:00:00	152.640	152.882	152.625	152.869	3246	0	6
2025.02.05	14:00:00	152.869	152.944	152.737	152.862	3270	0	5
2025.02.05	15:00:00	152.863	153.108	152.731	153.044	6620	0	6
2025.02.05	16:00:00	153.041	153.206	152.769	152.785	6466	0	6
2025.02.05	17:00:00	152.586	152.592	152.116	152.139	8299	0	3
2025.02.05	18:00:00	152.139	152.384	152.112	152.334	5010	0	3
2025.02.05	19:00:00	152.331	152.441	152.252	152.292	3192	0	3
2025.02.05	20:00:00	152.292	152.410	152.247	152.318	2917	0	3
2025.02.05	21:00:00	152.316	152.542	152.311	152.524	2671	0	3
2025.02.05	22:00:00	152.523	152.767	152.523	152.694	2657	0	3
2025.02.05	23:00:00	152.693	152.709	152.606	152.610	1475	0	4
2025.02.06	00:00:00	152.548	152.554	152.479	152.536	759	0	72
2025.02.06	01:00:00	152.534	152.750	152.466	152.649	1472	0	3
2025.02.06	02:00:00	152.648	152.685	152.329	152.353	3840	0	3
2025.02.06	03:00:00	152.353	152.383	151.811	152.023	4545	0	3
2025.02.06	04:00:00	152.018	152.298	151.930	152.256	3641	0	3
2025.02.06	05:00:00	152.262	152.283	152.053	152.238	2321	0	3
2025.02.06	06:00:00	152.238	152.356	152.130	152.352	2081	0	3
2025.02.06	07:00:00	152.354	152.516	152.166	152.421	3050	0	3
2025.02.06	08:00:00	152.419	152.587	152.401	152.563	2464	0	3
2025.02.06	09:00:00	152.562	152.671	152.490	152.582	4070	0	3
2025.02.06	10:00:00	152.581	152.699	152.451	152.640	4469	0	3
2025.02.06	11:00:00	152.640	152.894	152.538	152.661	3979	0	3
2025.02.06	12:00:00	152.661	152.683	152.505	152.533	3590	0	3
2025.02.06	13:00:00	152.541	152.544	152.361	152.431	3407	0	3
2025.02.06	14:00:00	152.431	152.467	152.263	152.375	4853	0	3
2025.02.06	15:00:00	152.376	152.528	152.054	152.081	5349	0	3
2025.02.06	16:00:00	152.074	152.215	151.859	152.111	5352	0	3
2025.02.06	17:00:00	152.111	152.159	151.659	151.688	5606	0	3
2025.02.06	18:00:00	151.691	152.049	151.668	152.046	4618	0	3
2025.02.06	19:00:00	152.042	152.061	151.852	151.872	3186	0	3
2025.02.06	20:00:00	151.873	151.884	151.309	151.326	3847	0	3
2025.02.06	21:00:00	151.326	151.432	151.237	151.384	3372	0	3
2025.02.06	22:00:00	151.386	151.538	151.355	151.529	1962	0	3
2025.02.06	23:00:00	151.530	151.536	151.421	151.457	1085	0	4
2025.02.07	00:00:00	151.409	151.457	151.387	151.421	604	0	72
2025.02.07	01:00:00	151.453	151.457	151.158	151.171	2062	0	3
2025.02.07	02:00:00	151.167	151.264	150.956	151.216	4155	0	3
2025.02.07	03:00:00	151.218	151.660	151.213	151.573	4411	0	3
2025.02.07	04:00:00	151.578	151.734	151.544	151.605	3560	0	3
2025.02.07	05:00:00	151.602	151.733	151.446	151.581	2737	0	3
2025.02.07	06:00:00	151.581	151.713	151.543	151.680	2170	0	3
2025.02.07	07:00:00	151.680	151.790	151.615	151.718	2632	0	3
2025.02.07	08:00:00	151.719	151.837	151.590	151.833	2649	0	3
2025.02.07	09:00:00	151.833	151.888	151.665	151.822	3575	0	3
2025.02.07	10:00:00	151.822	151.893	151.669	151.743	3824	0	3
2025.02.07	11:00:00	151.743	151.832	151.694	151.823	3695	0	3
2025.02.07	12:00:00	151.822	152.163	151.799	152.139	3408	0	3
2025.02.07	13:00:00	152.139	152.184	152.067	152.154	2770	0	3
2025.02.07	14:00:00	152.153	152.244	151.982	152.011	2942	0	3
2025.02.07	15:00:00	152.009	152.430	151.300	151.952	6644	0	3
2025.02.07	16:00:00	151.952	152.003	151.483	151.529	6652	0	3
2025.02.07	17:00:00	151.600	151.760	151.277	151.387	7573	0	3
2025.02.07	18:00:00	151.387	151.560	150.929	151.305	6916	0	3
2025.02.07	19:00:00	151.304	151.853	151.265	151.662	6193	0	4
2025.02.07	20:00:00	151.662	151.738	151.351	151.383	3606	0	5
2025.02.07	21:00:00	151.383	151.526	151.195	151.379	3809	0	4
2025.02.07	22:00:00	151.379	151.428	151.256	151.299	2833	0	3
2025.02.07	23:00:00	151.287	151.441	151.269	151.439	1235	0	5
2025.02.10	00:00:00	151.320	151.544	151.191	151.522	1114	0	72
2025.02.10	01:00:00	151.528	151.880	151.464	151.874	3243	0	4
2025.02.10	02:00:00	151.874	151.916	151.624	151.873	4494	0	3
2025.02.10	03:00:00	151.873	152.138	151.869	152.009	4337	0	3
2025.02.10	04:00:00	152.009	152.210	151.911	152.148	3223	0	3
2025.02.10	05:00:00	152.148	152.150	151.882	151.919	2477	0	3
2025.02.10	06:00:00	151.919	151.970	151.822	151.908	2256	0	3
2025.02.10	07:00:00	151.908	152.047	151.905	151.952	2436	0	3
2025.02.10	08:00:00	151.953	151.970	151.769	151.892	3074	0	3
2025.02.10	09:00:00	151.890	152.186	151.867	152.167	3914	0	3
2025.02.10	10:00:00	152.169	152.536	152.127	152.389	4625	0	3
2025.02.10	11:00:00	152.390	152.406	152.167	152.195	3734	0	3
2025.02.10	12:00:00	152.192	152.305	152.070	152.088	2932	0	3
2025.02.10	13:00:00	152.087	152.193	152.013	152.123	3071	0	3
2025.02.10	14:00:00	152.123	152.244	152.031	152.072	3301	0	3
2025.02.10	15:00:00	152.067	152.084	151.806	151.865	3942	0	3
2025.02.10	16:00:00	151.864	151.864	151.582	151.636	4397	0	3
2025.02.10	17:00:00	151.636	151.697	151.571	151.607	3679	0	3
2025.02.10	18:00:00	151.609	151.790	151.571	151.723	3496	0	3
2025.02.10	19:00:00	151.723	151.920	151.705	151.864	2368	0	3
2025.02.10	20:00:00	151.864	152.071	151.861	152.033	2257	0	3
2025.02.10	21:00:00	152.033	152.058	151.950	151.976	2137	0	3
2025.02.10	22:00:00	151.979	152.032	151.947	151.948	1815	0	3
2025.02.10	23:00:00	151.949	152.004	151.920	151.993	1202	0	4
2025.02.11	00:00:00	151.926	151.953	151.854	151.856	770	0	72
2025.02.11	01:00:00	151.857	151.962	151.753	151.789	1481	0	5
2025.02.11	02:00:00	151.788	151.887	151.685	151.804	2375	0	3
2025.02.11	03:00:00	151.804	152.054	151.793	152.017	2644	0	3
2025.02.11	04:00:00	152.017	152.038	151.918	151.969	2254	0	3
2025.02.11	05:00:00	151.969	152.048	151.916	151.981	1789	0	3
2025.02.11	06:00:00	151.980	152.037	151.980	151.989	1269	0	3
2025.02.11	07:00:00	151.989	152.003	151.941	151.952	1070	0	3
2025.02.11	08:00:00	151.958	151.986	151.835	151.917	1822	0	3
2025.02.11	09:00:00	151.917	152.046	151.870	151.952	3362	0	3
2025.02.11	10:00:00	151.951	152.096	151.646	151.870	4547	0	3
2025.02.11	11:00:00	151.869	151.996	151.829	151.943	3336	0	3
2025.02.11	12:00:00	151.943	152.148	151.941	152.131	3115	0	3
2025.02.11	13:00:00	152.131	152.375	152.117	152.339	2933	0	3
2025.02.11	14:00:00	152.339	152.411	152.220	152.376	3429	0	3
2025.02.11	15:00:00	152.369	152.509	152.302	152.304	3822	0	3
2025.02.11	16:00:00	152.303	152.461	152.232	152.296	4286	0	3
2025.02.11	17:00:00	152.307	152.594	152.234	152.493	5642	0	3
2025.02.11	18:00:00	152.493	152.535	152.249	152.369	3862	0	3
2025.02.11	19:00:00	152.367	152.407	152.291	152.368	2634	0	3
2025.02.11	20:00:00	152.368	152.478	152.288	152.432	2372	0	3
2025.02.11	21:00:00	152.433	152.555	152.293	152.491	2901	0	3
2025.02.11	22:00:00	152.491	152.605	152.449	152.554	2669	0	3
2025.02.11	23:00:00	152.555	152.557	152.424	152.488	1287	0	3
2025.02.12	00:00:00	152.399	152.452	152.359	152.418	797	0	72
2025.02.12	01:00:00	152.418	152.770	152.418	152.769	1868	0	3
2025.02.12	02:00:00	152.753	153.224	152.725	153.186	3877	0	3
2025.02.12	03:00:00	153.190	153.488	153.072	153.475	4048	0	3
2025.02.12	04:00:00	153.475	153.528	153.361	153.458	3207	0	3
2025.02.12	05:00:00	153.459	153.683	153.455	153.633	3102	0	3
2025.02.12	06:00:00	153.633	153.735	153.576	153.688	3251	0	3
2025.02.12	07:00:00	153.688	153.706	153.529	153.537	2938	0	3
2025.02.12	08:00:00	153.536	153.706	153.505	153.588	2726	0	3
2025.02.12	09:00:00	153.588	153.684	153.413	153.683	3927	0	3
2025.02.12	10:00:00	153.679	153.883	153.502	153.556	4506	0	3
2025.02.12	11:00:00	153.556	153.593	153.413	153.517	3421	0	3
2025.02.12	12:00:00	153.514	153.696	153.490	153.580	3144	0	3
2025.02.12	13:00:00	153.580	153.634	153.462	153.554	2908	0	3
2025.02.12	14:00:00	153.554	153.641	153.386	153.559	2652	0	3
2025.02.12	15:00:00	153.557	154.455	153.249	154.416	6431	0	4
2025.02.12	16:00:00	154.433	154.480	154.140	154.426	6045	0	4
2025.02.12	17:00:00	154.425	154.618	154.313	154.442	5876	0	3
2025.02.12	18:00:00	154.440	154.797	154.396	154.627	4249	0	3
2025.02.12	19:00:00	154.627	154.628	154.315	154.353	4650	0	3
2025.02.12	20:00:00	154.350	154.495	154.283	154.367	3421	0	3
2025.02.12	21:00:00	154.367	154.480	154.312	154.425	2346	0	3
2025.02.12	22:00:00	154.425	154.462	154.329	154.435	2148	0	3
2025.02.12	23:00:00	154.435	154.480	154.372	154.419	1741	0	4
2025.02.13	00:00:00	154.318	154.352	154.287	154.339	414	0	54
2025.02.13	01:00:00	154.333	154.468	154.188	154.234	1725	0	5
2025.02.13	02:00:00	154.230	154.553	154.120	154.538	3954	0	3
2025.02.13	03:00:00	154.539	154.667	154.226	154.256	4126	0	3
2025.02.13	04:00:00	154.256	154.351	154.159	154.232	3172	0	3
2025.02.13	05:00:00	154.232	154.293	154.177	154.245	2852	0	3
2025.02.13	06:00:00	154.245	154.490	154.217	154.359	3518	0	3
2025.02.13	07:00:00	154.361	154.407	154.132	154.167	3144	0	3
2025.02.13	08:00:00	154.167	154.234	153.962	154.050	3521	0	3
2025.02.13	09:00:00	154.050	154.316	153.954	154.273	4444	0	3
2025.02.13	10:00:00	154.270	154.340	154.019	154.021	4915	0	3
2025.02.13	11:00:00	154.021	154.092	153.897	153.979	4031	0	3
2025.02.13	12:00:00	153.978	154.016	153.772	153.790	3374	0	3
2025.02.13	13:00:00	153.790	153.880	153.734	153.848	3581	0	3
2025.02.13	14:00:00	153.848	153.904	153.744	153.851	3843	0	3
2025.02.13	15:00:00	153.850	154.012	153.423	153.517	5792	0	3
2025.02.13	16:00:00	153.517	153.605	153.346	153.518	5796	0	4
2025.02.13	17:00:00	153.518	153.719	153.077	153.140	6144	0	3
2025.02.13	18:00:00	153.135	153.177	152.922	153.175	4601	0	3
2025.02.13	19:00:00	153.180	153.195	153.050	153.168	3376	0	3
2025.02.13	20:00:00	153.162	153.348	153.132	153.266	4976	0	3
2025.02.13	21:00:00	153.267	153.274	152.770	152.929	3492	0	3
2025.02.13	22:00:00	152.929	152.989	152.700	152.742	2532	0	3
2025.02.13	23:00:00	152.733	152.841	152.729	152.773	1567	0	4
2025.02.14	00:00:00	152.786	152.825	152.752	152.812	840	0	72
2025.02.14	01:00:00	152.824	153.152	152.820	152.987	2264	0	6
2025.02.14	02:00:00	153.006	153.102	152.571	152.641	4867	0	4
2025.02.14	03:00:00	152.642	152.642	152.447	152.569	3612	0	3
2025.02.14	04:00:00	152.572	152.872	152.523	152.827	2802	0	3
2025.02.14	05:00:00	152.828	153.007	152.808	152.837	2257	0	3
2025.02.14	06:00:00	152.837	152.891	152.622	152.635	2129	0	3
2025.02.14	07:00:00	152.634	152.734	152.555	152.614	2011	0	3
2025.02.14	08:00:00	152.606	152.692	152.438	152.503	2687	0	3
2025.02.14	09:00:00	152.488	152.740	152.382	152.726	4652	0	3
2025.02.14	10:00:00	152.726	152.785	152.479	152.748	5404	0	3
2025.02.14	11:00:00	152.747	152.840	152.499	152.513	3730	0	3
2025.02.14	12:00:00	152.512	152.587	152.465	152.520	3253	0	3
2025.02.14	13:00:00	152.514	152.740	152.488	152.706	3033	0	3
2025.02.14	14:00:00	152.706	152.737	152.594	152.736	2911	0	3
2025.02.14	15:00:00	152.736	152.823	152.097	152.179	6076	0	3
2025.02.14	16:00:00	152.177	152.308	152.066	152.243	5684	0	4
2025.02.14	17:00:00	152.242	152.376	152.097	152.137	4890	0	3
2025.02.14	18:00:00	152.139	152.260	152.022	152.251	3890	0	3
2025.02.14	19:00:00	152.251	152.346	152.222	152.295	2923	0	3
2025.02.14	20:00:00	152.292	152.391	152.282	152.305	2024	0	3
2025.02.14	21:00:00	152.305	152.341	152.176	152.210	2242	0	3
2025.02.14	22:00:00	152.213	152.352	152.213	152.327	2048	0	3
2025.02.14	23:00:00	152.320	152.347	152.245	152.346	1127	0	4
2025.02.17	00:00:00	152.195	152.261	152.195	152.245	297	0	72
2025.02.17	01:00:00	152.245	152.388	151.969	152.008	2423	0	5
2025.02.17	02:00:00	152.008	152.113	151.785	151.879	4845	0	3
2025.02.17	03:00:00	151.878	151.911	151.740	151.898	3539	0	3
2025.02.17	04:00:00	151.900	151.937	151.504	151.552	3387	0	3
2025.02.17	05:00:00	151.553	151.663	151.533	151.617	2912	0	3
2025.02.17	06:00:00	151.618	151.777	151.606	151.685	2661	0	3
2025.02.17	07:00:00	151.685	151.704	151.473	151.524	4097	0	5
2025.02.17	08:00:00	151.524	151.787	151.491	151.707	4110	0	3
2025.02.17	09:00:00	151.705	151.894	151.598	151.867	4035	0	3
2025.02.17	10:00:00	151.865	151.945	151.746	151.762	4288	0	3
2025.02.17	11:00:00	151.762	151.850	151.721	151.804	3309	0	3
2025.02.17	12:00:00	151.803	151.840	151.595	151.612	3174	0	3
2025.02.17	13:00:00	151.613	151.716	151.494	151.506	2953	0	3
2025.02.17	14:00:00	151.505	151.538	151.397	151.510	3118	0	3
2025.02.17	15:00:00	151.509	151.530	151.440	151.476	1965	0	3
2025.02.17	16:00:00	151.474	151.496	151.421	151.473	2365	0	3
2025.02.17	17:00:00	151.473	151.480	151.339	151.364	2752	0	3
2025.02.17	18:00:00	151.364	151.445	151.343	151.438	1656	0	3
2025.02.17	19:00:00	151.438	151.448	151.369	151.382	1399	0	3
2025.02.17	20:00:00	151.382	151.423	151.370	151.378	1053	0	3
2025.02.17	21:00:00	151.377	151.401	151.365	151.399	1581	0	3
2025.02.17	22:00:00	151.399	151.427	151.378	151.404	1188	0	3
2025.02.17	23:00:00	151.405	151.517	151.398	151.508	1247	0	4
2025.02.18	00:00:00	151.430	151.487	151.429	151.487	361	0	72
2025.02.18	01:00:00	151.523	151.620	151.234	151.439	1675	0	3
2025.02.18	02:00:00	151.439	151.717	151.414	151.680	4544	0	3
2025.02.18	03:00:00	151.684	151.798	151.595	151.730	4113	0	3
2025.02.18	04:00:00	151.731	151.856	151.692	151.839	2673	0	3
2025.02.18	05:00:00	151.841	152.093	151.796	152.079	3415	0	3
2025.02.18	06:00:00	152.082	152.195	152.038	152.145	3283	0	3
2025.02.18	07:00:00	152.145	152.219	151.989	152.005	3059	0	3
2025.02.18	08:00:00	152.005	152.076	151.882	151.938	3417	0	3
2025.02.18	09:00:00	151.938	152.067	151.795	152.053	3692	0	3
2025.02.18	10:00:00	152.053	152.103	151.818	151.945	3950	0	3
2025.02.18	11:00:00	151.945	151.967	151.793	151.840	3003	0	3
2025.02.18	12:00:00	151.844	151.848	151.706	151.765	3111	0	3
2025.02.18	13:00:00	151.762	151.812	151.678	151.783	2429	0	3
2025.02.18	14:00:00	151.781	151.884	151.714	151.726	3009	0	3
2025.02.18	15:00:00	151.726	151.763	151.628	151.695	3730	0	3
2025.02.18	16:00:00	151.694	151.856	151.645	151.808	3814	0	3
2025.02.18	17:00:00	151.808	151.808	151.526	151.654	3884	0	3
2025.02.18	18:00:00	151.653	151.868	151.646	151.787	3337	0	3
2025.02.18	19:00:00	151.787	151.964	151.776	151.932	2775	0	3
2025.02.18	20:00:00	151.932	152.042	151.908	151.979	2494	0	3
2025.02.18	21:00:00	151.979	151.987	151.872	151.926	2266	0	3
2025.02.18	22:00:00	151.928	152.062	151.928	152.015	2630	0	3
2025.02.18	23:00:00	152.015	152.127	152.004	152.075	1400	0	4
2025.02.19	00:00:00	151.973	152.055	151.960	152.032	1532	0	70
2025.02.19	01:00:00	152.067	152.096	151.913	151.921	1254	0	3
2025.02.19	02:00:00	151.920	152.105	151.831	152.077	3400	0	3
2025.02.19	03:00:00	152.067	152.161	151.745	152.135	4586	0	3
2025.02.19	04:00:00	152.133	152.313	151.972	152.028	3542	0	3
2025.02.19	05:00:00	152.029	152.085	151.860	151.894	2979	0	3
2025.02.19	06:00:00	151.894	151.937	151.740	151.763	2784	0	3
2025.02.19	07:00:00	151.763	151.873	151.706	151.755	2528	0	3
2025.02.19	08:00:00	151.754	151.775	151.589	151.635	3245	0	3
2025.02.19	09:00:00	151.635	151.783	151.585	151.660	4185	0	3
2025.02.19	10:00:00	151.662	151.857	151.612	151.719	3970	0	3
2025.02.19	11:00:00	151.720	151.752	151.549	151.655	3708	0	3
2025.02.19	12:00:00	151.655	151.832	151.655	151.732	3230	0	3
2025.02.19	13:00:00	151.732	151.954	151.731	151.841	3828	0	3
2025.02.19	14:00:00	151.842	151.931	151.753	151.911	3223	0	3
2025.02.19	15:00:00	151.912	151.915	151.691	151.695	3984	0	3
2025.02.19	16:00:00	151.694	151.722	151.329	151.333	4590	0	3
2025.02.19	17:00:00	151.331	151.506	151.244	151.417	5048	0	3
2025.02.19	18:00:00	151.416	151.695	151.416	151.671	3834	0	3
2025.02.19	19:00:00	151.672	151.758	151.625	151.711	2320	0	3
2025.02.19	20:00:00	151.711	151.829	151.618	151.638	2850	0	3
2025.02.19	21:00:00	151.654	151.665	151.391	151.523	3675	0	3
2025.02.19	22:00:00	151.523	151.571	151.448	151.477	2516	0	3
2025.02.19	23:00:00	151.475	151.516	151.465	151.480	1130	0	4
2025.02.20	00:00:00	151.389	151.392	151.349	151.353	856	0	72
2025.02.20	01:00:00	151.389	151.429	151.122	151.221	2376	0	3
2025.02.20	02:00:00	151.222	151.233	150.837	150.988	5490	0	3
2025.02.20	03:00:00	150.989	150.997	150.577	150.639	5646	0	3
2025.02.20	04:00:00	150.637	150.762	150.450	150.705	4689	0	3
2025.02.20	05:00:00	150.705	150.747	150.384	150.429	3845	0	3
2025.02.20	06:00:00	150.429	150.483	150.244	150.255	3804	0	3
2025.02.20	07:00:00	150.255	150.410	150.182	150.405	2949	0	3
2025.02.20	08:00:00	150.406	150.414	149.980	150.048	3798	0	3
2025.02.20	09:00:00	150.045	150.222	149.949	150.173	4280	0	3
2025.02.20	10:00:00	150.173	150.390	150.161	150.341	3981	0	3
2025.02.20	11:00:00	150.343	150.434	150.197	150.308	3289	0	3
2025.02.20	12:00:00	150.308	150.316	150.060	150.078	3032	0	3
2025.02.20	13:00:00	150.078	150.253	149.982	150.221	3026	0	3
2025.02.20	14:00:00	150.221	150.231	149.935	150.093	4184	0	3
2025.02.20	15:00:00	150.093	150.143	149.703	150.084	5325	0	3
2025.02.20	16:00:00	150.083	150.219	149.795	149.814	5700	0	3
2025.02.20	17:00:00	149.814	149.855	149.468	149.510	6236	0	3
2025.02.20	18:00:00	149.510	149.738	149.499	149.631	4607	0	3
2025.02.20	19:00:00	149.631	149.700	149.396	149.469	3661	0	3
2025.02.20	20:00:00	149.471	149.635	149.459	149.623	2956	0	3
2025.02.20	21:00:00	149.621	149.813	149.621	149.775	2400	0	3
2025.02.20	22:00:00	149.775	149.822	149.651	149.651	2353	0	3
2025.02.20	23:00:00	149.649	149.675	149.595	149.605	1213	0	4
2025.02.21	00:00:00	149.532	149.644	149.509	149.516	674	0	72
2025.02.21	01:00:00	149.557	149.637	149.278	149.484	3337	0	5
2025.02.21	02:00:00	149.484	149.910	149.471	149.831	5131	0	3
2025.02.21	03:00:00	149.831	150.446	149.789	150.342	5084	0	3
2025.02.21	04:00:00	150.342	150.736	150.161	150.479	3908	0	3
2025.02.21	05:00:00	150.478	150.532	150.223	150.314	2653	0	3
2025.02.21	06:00:00	150.314	150.339	150.120	150.328	2670	0	3
2025.02.21	07:00:00	150.329	150.489	150.314	150.361	2145	0	3
2025.02.21	08:00:00	150.360	150.539	150.292	150.515	2549	0	3
2025.02.21	09:00:00	150.523	150.654	150.360	150.545	4725	0	3
2025.02.21	10:00:00	150.553	150.616	150.340	150.429	5692	0	3
2025.02.21	11:00:00	150.445	150.498	150.258	150.471	4036	0	3
2025.02.21	12:00:00	150.470	150.535	150.349	150.373	2746	0	3
2025.02.21	13:00:00	150.373	150.426	150.186	150.275	2564	0	3
2025.02.21	14:00:00	150.275	150.487	150.250	150.476	2756	0	3
2025.02.21	15:00:00	150.476	150.513	150.324	150.431	4099	0	3
2025.02.21	16:00:00	150.430	150.441	149.742	149.795	5614	0	3
2025.02.21	17:00:00	149.815	149.840	149.509	149.552	6437	0	3
2025.02.21	18:00:00	149.549	149.622	149.388	149.494	4230	0	3
2025.02.21	19:00:00	149.492	149.532	149.200	149.213	3967	0	3
2025.02.21	20:00:00	149.214	149.222	148.969	149.125	5356	0	3
2025.02.21	21:00:00	149.127	149.139	148.924	149.070	4508	0	3
2025.02.21	22:00:00	149.074	149.166	148.998	149.134	3711	0	3
2025.02.21	23:00:00	149.134	149.337	149.122	149.312	1956	0	4
2025.02.24	00:00:00	149.216	149.245	149.161	149.175	846	0	72
2025.02.24	01:00:00	149.214	149.402	149.092	149.400	2809	0	3
2025.02.24	02:00:00	149.391	149.396	148.842	148.926	5806	0	3
2025.02.24	03:00:00	148.925	149.259	148.917	149.239	5922	0	3
2025.02.24	04:00:00	149.248	149.495	149.225	149.228	4637	0	3
2025.02.24	05:00:00	149.228	149.343	149.114	149.162	3643	0	3
2025.02.24	06:00:00	149.162	149.312	149.128	149.207	3275	0	3
2025.02.24	07:00:00	149.207	149.466	149.185	149.402	4260	0	3
2025.02.24	08:00:00	149.402	149.545	149.342	149.467	4673	0	3
2025.02.24	09:00:00	149.467	149.537	149.320	149.454	5059	0	3
2025.02.24	10:00:00	149.455	149.568	149.230	149.421	5508	0	3
2025.02.24	11:00:00	149.423	149.599	149.377	149.564	4481	0	3
2025.02.24	12:00:00	149.557	149.671	149.549	149.624	3410	0	3
2025.02.24	13:00:00	149.625	149.792	149.605	149.734	3448	0	3
2025.02.24	14:00:00	149.731	149.830	149.619	149.762	3167	0	3
2025.02.24	15:00:00	149.764	149.873	149.607	149.765	4355	0	3
2025.02.24	16:00:00	149.765	149.822	149.293	149.321	6104	0	3
2025.02.24	17:00:00	149.320	149.428	149.189	149.299	7363	0	3
2025.02.24	18:00:00	149.299	149.760	149.299	149.570	5309	0	3
2025.02.24	19:00:00	149.570	149.709	149.511	149.578	4721	0	3
2025.02.24	20:00:00	149.578	149.612	149.386	149.591	3577	0	3
2025.02.24	21:00:00	149.591	149.798	149.586	149.676	3669	0	3
2025.02.24	22:00:00	149.675	149.792	149.614	149.722	3740	0	3
2025.02.24	23:00:00	149.721	149.791	149.709	149.723	1512	0	4
2025.02.25	00:00:00	149.620	149.725	149.612	149.695	728	0	72
2025.02.25	01:00:00	149.702	149.913	149.702	149.910	2684	0	3
2025.02.25	02:00:00	149.910	150.184	149.910	150.146	4691	0	3
2025.02.25	03:00:00	150.142	150.299	150.050	150.052	4544	0	3
2025.02.25	04:00:00	150.052	150.092	149.807	149.825	3720	0	3
2025.02.25	05:00:00	149.825	149.906	149.610	149.666	2953	0	3
2025.02.25	06:00:00	149.666	149.711	149.460	149.565	3401	0	3
2025.02.25	07:00:00	149.565	149.768	149.507	149.713	2850	0	3
2025.02.25	08:00:00	149.712	149.867	149.620	149.763	3591	0	3
2025.02.25	09:00:00	149.762	149.784	149.197	149.279	5725	0	3
2025.02.25	10:00:00	149.278	149.606	149.219	149.456	6098	0	3
2025.02.25	11:00:00	149.454	149.757	149.441	149.596	5043	0	3
2025.02.25	12:00:00	149.595	149.829	149.592	149.764	4306	0	3
2025.02.25	13:00:00	149.764	149.954	149.659	149.808	4350	0	3
2025.02.25	14:00:00	149.810	149.810	149.482	149.687	4642	0	3
2025.02.25	15:00:00	149.685	149.816	149.340	149.436	4735	0	3
2025.02.25	16:00:00	149.434	149.539	149.110	149.181	6168	0	3
2025.02.25	17:00:00	149.181	149.181	148.565	149.076	8347	0	3
2025.02.25	18:00:00	149.065	149.134	148.776	149.094	6467	0	3
2025.02.25	19:00:00	149.094	149.256	149.011	149.075	4903	0	3
2025.02.25	20:00:00	149.076	149.247	149.050	149.168	4934	0	3
2025.02.25	21:00:00	149.166	149.174	149.002	149.076	5031	0	3
2025.02.25	22:00:00	149.069	149.092	148.905	148.948	4230	0	3
2025.02.25	23:00:00	148.946	149.037	148.932	149.012	2062	0	4
2025.02.26	00:00:00	148.954	149.104	148.952	149.104	1148	0	72
2025.02.26	01:00:00	149.136	149.182	148.848	149.051	2252	0	3
2025.02.26	02:00:00	149.051	149.082	148.626	148.902	4456	0	3
2025.02.26	03:00:00	148.903	149.236	148.716	149.226	4866	0	3
2025.02.26	04:00:00	149.226	149.470	149.173	149.462	4191	0	3
2025.02.26	05:00:00	149.462	149.518	149.311	149.395	3057	0	3
2025.02.26	06:00:00	149.395	149.551	149.285	149.438	3082	0	3
2025.02.26	07:00:00	149.441	149.632	149.405	149.432	3295	0	3
2025.02.26	08:00:00	149.433	149.631	149.428	149.573	3601	0	3
2025.02.26	09:00:00	149.572	149.605	149.329	149.529	5251	0	3
2025.02.26	10:00:00	149.529	149.545	149.248	149.290	5493	0	3
2025.02.26	11:00:00	149.290	149.442	149.253	149.359	4322	0	3
2025.02.26	12:00:00	149.359	149.526	149.225	149.516	4201	0	3
2025.02.26	13:00:00	149.515	149.591	149.471	149.543	3478	0	4
2025.02.26	14:00:00	149.543	149.646	149.444	149.611	3586	0	4
2025.02.26	15:00:00	149.611	149.683	149.306	149.533	4914	0	4
2025.02.26	16:00:00	149.533	149.731	149.291	149.659	6040	0	4
2025.02.26	17:00:00	149.659	149.885	149.399	149.488	6802	0	4
2025.02.26	18:00:00	149.488	149.529	149.120	149.132	5286	0	4
2025.02.26	19:00:00	149.133	149.238	149.012	149.149	5829	0	4
2025.02.26	20:00:00	149.147	149.156	148.830	148.928	4935	0	4
2025.02.26	21:00:00	148.921	148.966	148.809	148.835	4810	0	4
2025.02.26	22:00:00	148.845	149.053	148.828	149.028	3778	0	4
2025.02.26	23:00:00	149.029	149.233	148.992	149.113	2289	0	4
2025.02.27	00:00:00	149.038	149.042	148.943	148.959	581	0	72
2025.02.27	01:00:00	148.971	149.021	148.742	148.877	2310	0	4
2025.02.27	02:00:00	148.877	149.178	148.781	149.139	5187	0	4
2025.02.27	03:00:00	149.139	149.404	149.073	149.356	4162	0	4
2025.02.27	04:00:00	149.356	149.381	149.169	149.259	3102	0	4
2025.02.27	05:00:00	149.260	149.357	149.187	149.219	2869	0	4
2025.02.27	06:00:00	149.218	149.264	149.075	149.097	2708	0	4
2025.02.27	07:00:00	149.097	149.367	149.096	149.340	3081	0	4
2025.02.27	08:00:00	149.341	149.422	149.201	149.256	3389	0	4
2025.02.27	09:00:00	149.256	149.329	149.184	149.267	3971	0	4
2025.02.27	10:00:00	149.267	149.728	149.156	149.714	5076	0	4
2025.02.27	11:00:00	149.716	149.967	149.627	149.839	4325	0	4
2025.02.27	12:00:00	149.843	149.970	149.799	149.850	3575	0	4
2025.02.27	13:00:00	149.851	149.898	149.679	149.796	3251	0	4
2025.02.27	14:00:00	149.796	149.797	149.558	149.653	3887	0	4
2025.02.27	15:00:00	149.656	149.880	149.354	149.722	6739	0	4
2025.02.27	16:00:00	149.707	150.140	149.641	149.731	7639	0	4
2025.02.27	17:00:00	149.730	150.101	149.540	149.940	9242	0	4
2025.02.27	18:00:00	149.937	150.162	149.765	149.808	6902	0	4
2025.02.27	19:00:00	149.809	150.012	149.778	149.966	5310	0	4
2025.02.27	20:00:00	149.965	150.154	149.915	150.111	4187	0	4
2025.02.27	21:00:00	150.111	150.122	149.783	149.861	5379	0	5
2025.02.27	22:00:00	149.861	149.863	149.630	149.690	4932	0	4
2025.02.27	23:00:00	149.698	149.819	149.678	149.800	2111	0	4
2025.02.28	00:00:00	149.752	149.778	149.713	149.737	855	0	72
2025.02.28	01:00:00	149.737	150.106	149.543	150.089	2707	0	4
2025.02.28	02:00:00	150.089	150.143	149.352	149.365	5418	0	4
2025.02.28	03:00:00	149.381	149.526	149.271	149.296	5536	0	4
2025.02.28	04:00:00	149.296	149.561	149.094	149.525	4284	0	4
2025.02.28	05:00:00	149.526	149.624	149.457	149.602	3208	0	4
2025.02.28	06:00:00	149.602	149.694	149.517	149.605	2679	0	4
2025.02.28	07:00:00	149.604	149.878	149.579	149.827	3096	0	4
2025.02.28	08:00:00	149.831	150.108	149.789	150.040	3670	0	4
2025.02.28	09:00:00	150.040	150.566	149.934	150.431	5520	0	4
2025.02.28	10:00:00	150.431	150.685	150.310	150.564	4975	0	4
2025.02.28	11:00:00	150.563	150.631	150.185	150.252	4640	0	4
2025.02.28	12:00:00	150.252	150.392	150.240	150.372	3169	0	4
2025.02.28	13:00:00	150.373	150.485	150.287	150.387	2875	0	4
2025.02.28	14:00:00	150.384	150.714	150.380	150.657	3655	0	5
2025.02.28	15:00:00	150.658	150.984	150.593	150.648	6431	0	7
2025.02.28	16:00:00	150.648	150.809	150.279	150.686	7713	0	6
2025.02.28	17:00:00	150.678	150.861	150.504	150.670	8191	0	6
2025.02.28	18:00:00	150.684	150.789	150.230	150.640	7248	0	6
2025.02.28	19:00:00	150.640	150.677	150.330	150.361	5933	0	6
2025.02.28	20:00:00	150.353	150.542	150.239	150.327	6651	0	6
2025.02.28	21:00:00	150.326	150.595	150.304	150.537	5423	0	6
2025.02.28	22:00:00	150.539	150.619	150.438	150.505	4829	0	6
2025.02.28	23:00:00	150.505	150.613	150.482	150.570	1923	0	7
2025.03.03	00:00:00	150.637	150.702	150.632	150.672	695	0	75
2025.03.03	01:00:00	150.704	151.019	150.701	150.807	3737	0	6
2025.03.03	02:00:00	150.808	150.945	150.487	150.540	6118	0	6
2025.03.03	03:00:00	150.540	150.716	150.312	150.405	5293	0	6
2025.03.03	04:00:00	150.405	150.473	150.265	150.397	3936	0	6
2025.03.03	05:00:00	150.398	150.487	150.244	150.448	4105	0	6
2025.03.03	06:00:00	150.448	150.513	150.319	150.332	2997	0	6
2025.03.03	07:00:00	150.332	150.526	150.330	150.408	3310	0	6
2025.03.03	08:00:00	150.408	150.522	150.266	150.459	3869	0	6
2025.03.03	09:00:00	150.461	150.522	150.148	150.170	4969	0	6
2025.03.03	10:00:00	150.171	150.242	150.023	150.111	5653	0	6
2025.03.03	11:00:00	150.110	150.371	149.942	150.344	4557	0	6
2025.03.03	12:00:00	150.343	150.893	150.343	150.834	5137	0	6
2025.03.03	13:00:00	150.833	151.230	150.789	151.208	4715	0	6
2025.03.03	14:00:00	151.205	151.301	151.111	151.235	4901	0	6
2025.03.03	15:00:00	151.235	151.297	150.937	150.965	5251	0	6
2025.03.03	16:00:00	150.965	150.971	150.583	150.611	6228	0	6
2025.03.03	17:00:00	150.614	150.671	150.078	150.233	8470	0	6
2025.03.03	18:00:00	150.256	150.370	150.047	150.170	6788	0	6
2025.03.03	19:00:00	150.164	150.339	150.126	150.179	5404	0	6
2025.03.03	20:00:00	150.179	150.248	150.058	150.176	6102	0	6
2025.03.03	21:00:00	150.171	150.301	150.136	150.250	5139	0	6
2025.03.03	22:00:00	150.252	150.253	149.098	149.417	8914	0	8
2025.03.03	23:00:00	149.418	149.625	149.416	149.484	2756	0	7
2025.03.04	00:00:00	149.489	149.580	149.473	149.544	894	0	75
2025.03.04	01:00:00	149.560	149.626	149.142	149.303	3317	0	6
2025.03.04	02:00:00	149.302	149.530	148.988	149.150	6388	0	6
2025.03.04	03:00:00	149.150	149.257	148.595	148.935	6891	0	6
2025.03.04	04:00:00	148.934	149.417	148.840	149.292	5004	0	6
2025.03.04	05:00:00	149.292	149.338	149.030	149.164	4725	0	6
2025.03.04	06:00:00	149.164	149.176	148.929	149.140	4055	0	6
2025.03.04	07:00:00	149.161	149.458	149.090	149.375	5210	0	6
2025.03.04	08:00:00	149.378	149.559	149.273	149.529	4463	0	6
2025.03.04	09:00:00	149.528	149.573	149.058	149.347	6994	0	6
2025.03.04	10:00:00	149.342	149.447	148.996	149.087	8070	0	6
2025.03.04	11:00:00	149.086	149.147	148.797	149.049	6102	0	6
2025.03.04	12:00:00	149.048	149.048	148.758	148.796	5808	0	6
2025.03.04	13:00:00	148.796	148.834	148.287	148.364	5631	0	6
2025.03.04	14:00:00	148.364	148.364	148.091	148.227	6274	0	6
2025.03.04	15:00:00	148.228	148.558	148.195	148.207	6463	0	6
2025.03.04	16:00:00	148.198	148.705	148.197	148.428	9125	0	6
2025.03.04	17:00:00	148.419	148.609	148.192	148.350	9766	0	6
2025.03.04	18:00:00	148.350	148.859	148.303	148.810	7527	0	6
2025.03.04	19:00:00	148.813	148.911	148.687	148.742	6753	0	6
2025.03.04	20:00:00	148.744	149.133	148.701	149.093	7590	0	6
2025.03.04	21:00:00	149.090	149.367	149.047	149.317	6175	0	6
2025.03.04	22:00:00	149.316	149.514	149.008	149.103	6857	0	6
2025.03.04	23:00:00	149.093	149.875	149.043	149.817	4761	0	6
2025.03.05	00:00:00	149.695	149.760	149.645	149.717	883	0	75
2025.03.05	01:00:00	149.719	149.969	149.640	149.828	2339	0	6
2025.03.05	02:00:00	149.820	149.923	149.575	149.918	5668	0	6
2025.03.05	03:00:00	149.922	150.181	149.782	149.972	6231	0	6
2025.03.05	04:00:00	149.965	150.001	149.747	149.825	4980	0	6
2025.03.05	05:00:00	149.817	150.092	149.708	149.970	4762	0	6
2025.03.05	06:00:00	149.969	149.971	149.704	149.828	3200	0	6
2025.03.05	07:00:00	149.827	149.889	149.695	149.714	3585	0	6
2025.03.05	08:00:00	149.714	149.747	149.566	149.685	3966	0	6
2025.03.05	09:00:00	149.685	149.811	149.412	149.444	6721	0	6
2025.03.05	10:00:00	149.448	149.635	149.198	149.222	6989	0	6
2025.03.05	11:00:00	149.222	149.450	149.093	149.370	5821	0	6
2025.03.05	12:00:00	149.370	149.564	149.311	149.340	5545	0	6
2025.03.05	13:00:00	149.340	149.541	149.287	149.393	5287	0	6
2025.03.05	14:00:00	149.393	149.509	149.152	149.508	6246	0	6
2025.03.05	15:00:00	149.511	149.736	148.935	149.018	8340	0	7
2025.03.05	16:00:00	149.024	149.027	148.383	148.383	8408	0	6
2025.03.05	17:00:00	148.593	149.105	148.422	148.910	9865	0	6
2025.03.05	18:00:00	148.907	148.980	148.473	148.826	8681	0	6
2025.03.05	19:00:00	148.823	148.924	148.633	148.860	7421	0	8
2025.03.05	20:00:00	148.861	149.015	148.765	148.955	7102	0	6
2025.03.05	21:00:00	148.952	149.138	148.779	148.786	5119	0	6
2025.03.05	22:00:00	148.787	148.893	148.734	148.881	4487	0	6
2025.03.05	23:00:00	148.881	148.995	148.822	148.824	2355	0	6
2025.03.06	00:00:00	148.811	148.862	148.754	148.798	686	0	75
2025.03.06	01:00:00	148.819	148.941	148.722	148.881	1729	0	6
2025.03.06	02:00:00	148.875	149.309	148.856	149.148	4419	0	6
2025.03.06	03:00:00	149.148	149.329	148.961	148.991	4085	0	6
2025.03.06	04:00:00	148.991	149.216	148.945	149.195	3672	0	6
2025.03.06	05:00:00	149.195	149.283	149.111	149.234	3324	0	6
2025.03.06	06:00:00	149.234	149.306	149.155	149.189	2811	0	6
2025.03.06	07:00:00	149.189	149.218	148.927	148.931	3856	0	6
2025.03.06	08:00:00	148.930	148.962	148.743	148.780	4255	0	6
2025.03.06	09:00:00	148.779	148.780	148.262	148.369	7074	0	6
2025.03.06	10:00:00	148.368	148.413	148.063	148.157	7276	0	6
2025.03.06	11:00:00	148.154	148.154	147.785	147.883	7531	0	6
2025.03.06	12:00:00	147.883	148.071	147.697	147.862	5952	0	6
2025.03.06	13:00:00	147.862	147.982	147.759	147.826	5059	0	6
2025.03.06	14:00:00	147.822	147.875	147.559	147.608	5421	0	6
2025.03.06	15:00:00	147.608	147.680	147.350	147.414	7862	0	7
2025.03.06	16:00:00	147.417	147.845	147.308	147.567	8997	0	6
2025.03.06	17:00:00	147.564	148.315	147.488	148.234	9245	0	6
2025.03.06	18:00:00	148.241	148.388	147.902	147.910	8685	0	6
2025.03.06	19:00:00	147.911	148.025	147.646	147.913	7963	0	6
2025.03.06	20:00:00	147.917	147.960	147.741	147.797	6461	0	6
2025.03.06	21:00:00	147.797	147.852	147.567	147.688	6457	0	6
2025.03.06	22:00:00	147.687	147.874	147.661	147.809	6310	0	6
2025.03.06	23:00:00	147.815	148.055	147.804	147.974	1966	0	7
2025.03.07	00:00:00	147.998	148.006	147.697	147.927	761	0	75
2025.03.07	01:00:00	147.947	148.148	147.882	148.145	2294	0	7
2025.03.07	02:00:00	148.144	148.160	147.656	147.958	4772	0	7
2025.03.07	03:00:00	147.958	148.116	147.813	147.899	4897	0	6
2025.03.07	04:00:00	147.900	148.032	147.550	147.593	3751	0	6
2025.03.07	05:00:00	147.592	147.655	147.443	147.605	3870	0	6
2025.03.07	06:00:00	147.605	147.703	147.479	147.670	3278	0	6
2025.03.07	07:00:00	147.673	147.750	147.449	147.450	3272	0	6
2025.03.07	08:00:00	147.451	147.643	147.385	147.494	4038	0	6
2025.03.07	09:00:00	147.490	147.747	147.485	147.650	5780	0	6
2025.03.07	10:00:00	147.645	147.750	147.201	147.336	7075	0	6
2025.03.07	11:00:00	147.335	147.580	147.285	147.438	5523	0	6
2025.03.07	12:00:00	147.438	147.559	147.377	147.553	4674	0	6
2025.03.07	13:00:00	147.563	147.742	147.494	147.692	4497	0	6
2025.03.07	14:00:00	147.690	147.850	147.630	147.744	5311	0	6
2025.03.07	15:00:00	147.734	147.962	147.113	147.228	8482	0	7
2025.03.07	16:00:00	147.230	147.674	146.947	147.513	9410	0	7
2025.03.07	17:00:00	147.515	147.726	147.191	147.514	9789	0	6
2025.03.07	18:00:00	147.517	147.594	147.024	147.134	8349	0	6
2025.03.07	19:00:00	147.133	147.707	146.958	147.484	7676	0	6
2025.03.07	20:00:00	147.484	148.028	147.478	147.975	7615	0	6
2025.03.07	21:00:00	147.974	148.197	147.858	148.031	6279	0	6
2025.03.07	22:00:00	148.031	148.114	147.887	147.954	5828	0	6
2025.03.07	23:00:00	147.952	148.024	147.841	148.005	1912	0	7
2025.03.10	00:00:00	147.882	147.909	147.599	147.601	376	0	72
2025.03.10	01:00:00	147.615	147.856	147.480	147.483	2991	0	4
2025.03.10	02:00:00	147.483	147.644	147.387	147.587	3501	0	3
2025.03.10	03:00:00	147.587	147.643	147.228	147.293	5263	0	3
2025.03.10	04:00:00	147.293	147.443	147.089	147.415	4991	0	3
2025.03.10	05:00:00	147.415	147.628	147.330	147.601	3479	0	3
2025.03.10	06:00:00	147.599	147.755	147.550	147.639	3109	0	3
2025.03.10	07:00:00	147.639	147.668	147.535	147.635	2810	0	3
2025.03.10	08:00:00	147.635	147.790	147.519	147.520	3243	0	3
2025.03.10	09:00:00	147.520	147.758	147.503	147.701	4228	0	3
2025.03.10	10:00:00	147.694	147.788	147.498	147.567	5399	0	3
2025.03.10	11:00:00	147.584	147.638	147.138	147.185	6199	0	3
2025.03.10	12:00:00	147.184	147.357	147.150	147.231	5694	0	3
2025.03.10	13:00:00	147.231	147.281	146.913	146.919	5788	0	3
2025.03.10	14:00:00	146.917	147.137	146.863	147.125	6173	0	3
2025.03.10	15:00:00	147.126	147.149	146.721	147.017	5962	0	3
2025.03.10	16:00:00	147.017	147.174	146.771	147.068	7874	0	3
2025.03.10	17:00:00	147.057	147.059	146.632	146.768	9080	0	3
2025.03.10	18:00:00	146.782	147.303	146.752	147.152	7561	0	3
2025.03.10	19:00:00	147.152	147.307	147.049	147.259	6718	0	3
2025.03.10	20:00:00	147.258	147.318	147.038	147.188	6519	0	3
2025.03.10	21:00:00	147.188	147.386	147.172	147.237	5808	0	3
2025.03.10	22:00:00	147.230	147.466	147.086	147.295	6978	0	3
2025.03.10	23:00:00	147.296	147.365	147.226	147.286	2249	0	4
2025.03.11	00:00:00	147.236	147.267	147.116	147.129	320	0	31
2025.03.11	01:00:00	147.129	147.179	146.952	146.986	2227	0	3
2025.03.11	02:00:00	146.986	147.090	146.780	147.077	4239	0	3
2025.03.11	03:00:00	147.072	147.096	146.541	146.748	6244	0	3
2025.03.11	04:00:00	146.747	146.924	146.597	146.804	6015	0	3
2025.03.11	05:00:00	146.803	147.191	146.760	146.917	5385	0	3
2025.03.11	06:00:00	146.917	147.151	146.914	147.116	4528	0	3
2025.03.11	07:00:00	147.114	147.218	146.921	146.971	3483	0	3
2025.03.11	08:00:00	146.971	147.287	146.920	147.221	3369	0	3
2025.03.11	09:00:00	147.221	147.400	147.189	147.232	4911	0	3
2025.03.11	10:00:00	147.236	147.285	146.760	146.940	6126	0	3
2025.03.11	11:00:00	146.933	147.298	146.875	147.288	6685	0	3
2025.03.11	12:00:00	147.288	147.516	147.218	147.372	5553	0	3
2025.03.11	13:00:00	147.372	147.642	147.369	147.558	5144	0	3
2025.03.11	14:00:00	147.558	147.721	147.475	147.604	4816	0	3
2025.03.11	15:00:00	147.601	147.934	147.331	147.770	6047	0	4
2025.03.11	16:00:00	147.782	148.105	147.631	147.740	8653	0	4
2025.03.11	17:00:00	147.725	148.112	147.264	147.354	10758	0	6
2025.03.11	18:00:00	147.336	147.739	147.290	147.493	9411	0	6
2025.03.11	19:00:00	147.495	147.516	147.245	147.290	7667	0	6
2025.03.11	20:00:00	147.292	147.292	147.019	147.186	6851	0	6
2025.03.11	21:00:00	147.186	147.914	147.151	147.825	8209	0	6
2025.03.11	22:00:00	147.827	147.855	147.611	147.749	7510	0	6
2025.03.11	23:00:00	147.754	147.862	147.736	147.754	2242	0	7
2025.03.12	00:00:00	147.747	147.800	147.605	147.698	542	0	75
2025.03.12	01:00:00	147.725	147.935	147.725	147.893	1213	0	6
2025.03.12	02:00:00	147.894	148.066	147.809	148.047	2685	0	6
2025.03.12	03:00:00	148.044	148.148	147.940	148.128	4827	0	6
2025.03.12	04:00:00	148.129	148.151	147.841	148.031	3934	0	6
2025.03.12	05:00:00	148.032	148.067	147.864	148.037	3031	0	6
2025.03.12	06:00:00	148.037	148.101	147.919	148.070	2922	0	6
2025.03.12	07:00:00	148.070	148.266	148.062	148.148	3207	0	6
2025.03.12	08:00:00	148.146	148.287	148.027	148.050	3272	0	6
2025.03.12	09:00:00	148.050	148.401	147.956	148.358	3787	0	6
2025.03.12	10:00:00	148.358	148.598	148.273	148.588	5037	0	6
2025.03.12	11:00:00	148.588	148.647	148.258	148.338	5538	0	6
2025.03.12	12:00:00	148.338	148.672	148.307	148.601	4207	0	6
2025.03.12	13:00:00	148.604	148.765	148.522	148.680	3871	0	6
2025.03.12	14:00:00	148.683	148.746	148.595	148.732	3701	0	6
2025.03.12	15:00:00	148.726	149.189	148.153	149.126	7450	0	6
2025.03.12	16:00:00	149.126	149.147	148.615	148.698	7825	0	7
2025.03.12	17:00:00	148.698	148.703	148.289	148.316	7867	0	6
2025.03.12	18:00:00	148.316	148.441	148.206	148.316	6793	0	6
2025.03.12	19:00:00	148.316	148.432	148.193	148.283	5860	0	6
2025.03.12	20:00:00	148.284	148.360	148.121	148.125	5519	0	6
2025.03.12	21:00:00	148.126	148.412	148.106	148.342	5226	0	6
2025.03.12	22:00:00	148.343	148.378	148.261	148.350	4985	0	6
2025.03.12	23:00:00	148.347	148.367	148.283	148.301	1634	0	7
2025.03.13	00:00:00	148.198	148.198	148.170	148.185	295	0	75
2025.03.13	01:00:00	148.207	148.294	148.099	148.222	1393	0	6
2025.03.13	02:00:00	148.223	148.301	148.092	148.290	2258	0	6
2025.03.13	03:00:00	148.295	148.370	148.100	148.110	4126	0	6
2025.03.13	04:00:00	148.107	148.322	148.067	148.114	4028	0	6
2025.03.13	05:00:00	148.114	148.234	148.093	148.170	3287	0	6
2025.03.13	06:00:00	148.170	148.247	148.015	148.038	2960	0	6
2025.03.13	07:00:00	148.039	148.115	147.820	147.845	3084	0	6
2025.03.13	08:00:00	147.845	147.928	147.693	147.716	3945	0	6
2025.03.13	09:00:00	147.718	147.802	147.574	147.788	4454	0	6
2025.03.13	10:00:00	147.790	147.937	147.704	147.784	5206	0	6
2025.03.13	11:00:00	147.793	147.919	147.678	147.919	6177	0	6
2025.03.13	12:00:00	147.917	148.196	147.815	148.147	4324	0	6
2025.03.13	13:00:00	148.146	148.232	148.077	148.154	3903	0	6
2025.03.13	14:00:00	148.151	148.184	147.901	147.991	4405	0	6
2025.03.13	15:00:00	147.985	148.254	147.724	148.206	6785	0	6
2025.03.13	16:00:00	148.205	148.350	148.025	148.107	7022	0	6
2025.03.13	17:00:00	148.103	148.172	147.839	147.877	7144	0	6
2025.03.13	18:00:00	147.880	147.980	147.639	147.706	7153	0	6
2025.03.13	19:00:00	147.704	147.828	147.527	147.585	6514	0	6
2025.03.13	20:00:00	147.585	147.704	147.411	147.626	5452	0	6
2025.03.13	21:00:00	147.627	147.785	147.568	147.742	5092	0	6
2025.03.13	22:00:00	147.738	147.776	147.630	147.698	4528	0	6
2025.03.13	23:00:00	147.695	147.817	147.694	147.794	1336	0	7
2025.03.14	00:00:00	147.762	147.763	147.709	147.709	281	0	75
2025.03.14	01:00:00	147.715	147.982	147.715	147.934	1310	0	6
2025.03.14	02:00:00	147.929	147.964	147.859	147.933	1940	0	6
2025.03.14	03:00:00	147.933	148.325	147.847	148.294	4480	0	6
2025.03.14	04:00:00	148.295	148.424	148.149	148.169	3783	0	6
2025.03.14	05:00:00	148.170	148.307	148.155	148.244	2431	0	6
2025.03.14	06:00:00	148.245	148.385	148.245	148.333	2797	0	6
2025.03.14	07:00:00	148.333	148.551	148.321	148.492	2484	0	6
2025.03.14	08:00:00	148.492	148.645	148.436	148.464	3026	0	6
2025.03.14	09:00:00	148.465	148.754	148.425	148.702	3567	0	6
2025.03.14	10:00:00	148.707	149.018	148.552	148.748	5259	0	6
2025.03.14	11:00:00	148.735	148.913	148.647	148.877	5091	0	6
2025.03.14	12:00:00	148.881	148.994	148.844	148.969	3811	0	6
2025.03.14	13:00:00	148.969	148.980	148.605	148.798	4496	0	6
2025.03.14	14:00:00	148.798	148.817	148.638	148.724	4382	0	6
2025.03.14	15:00:00	148.727	148.801	148.584	148.656	3941	0	6
2025.03.14	16:00:00	148.653	148.790	148.518	148.685	4878	0	6
2025.03.14	17:00:00	148.656	148.888	148.350	148.462	7992	0	6
2025.03.14	18:00:00	148.457	148.567	148.367	148.516	6030	0	6
2025.03.14	19:00:00	148.515	148.522	148.259	148.354	4340	0	6
2025.03.14	20:00:00	148.343	148.503	148.316	148.437	3547	0	6
2025.03.14	21:00:00	148.438	148.583	148.437	148.535	2794	0	6
2025.03.14	22:00:00	148.530	148.657	148.499	148.645	2288	0	6
2025.03.14	23:00:00	148.643	148.646	148.554	148.594	1282	0	7
2025.03.17	00:00:00	148.731	148.826	148.700	148.725	386	0	75
2025.03.17	01:00:00	148.728	148.795	148.566	148.568	1958	0	6
2025.03.17	02:00:00	148.568	148.698	148.459	148.601	2592	0	6
2025.03.17	03:00:00	148.595	148.882	148.454	148.792	3999	0	6
2025.03.17	04:00:00	148.792	148.896	148.556	148.614	3419	0	6
2025.03.17	05:00:00	148.610	148.702	148.535	148.644	3081	0	6
2025.03.17	06:00:00	148.645	148.810	148.567	148.726	2389	0	6
2025.03.17	07:00:00	148.726	149.037	148.719	149.033	2861	0	6
2025.03.17	08:00:00	149.033	149.062	148.885	148.976	2921	0	6
2025.03.17	09:00:00	148.976	149.092	148.800	148.963	3832	0	6
2025.03.17	10:00:00	148.965	148.993	148.819	148.833	3877	0	6
2025.03.17	11:00:00	148.836	148.976	148.679	148.933	4775	0	6
2025.03.17	12:00:00	148.922	148.931	148.597	148.662	4173	0	6
2025.03.17	13:00:00	148.662	148.677	148.477	148.496	3747	0	6
2025.03.17	14:00:00	148.498	148.552	148.416	148.455	3093	0	6
2025.03.17	15:00:00	148.463	148.950	148.288	148.816	5980	0	6
2025.03.17	16:00:00	148.815	149.094	148.726	148.828	6429	0	7
2025.03.17	17:00:00	148.813	148.846	148.566	148.599	7225	0	6
2025.03.17	18:00:00	148.600	148.658	148.441	148.554	5181	0	6
2025.03.17	19:00:00	148.553	148.728	148.516	148.726	3945	0	6
2025.03.17	20:00:00	148.730	149.023	148.700	148.986	3417	0	6
2025.03.17	21:00:00	148.986	149.238	148.948	149.173	3531	0	6
2025.03.17	22:00:00	149.173	149.280	149.138	149.155	3148	0	6
2025.03.17	23:00:00	149.155	149.218	149.049	149.168	1661	0	7
2025.03.18	00:00:00	149.165	149.177	149.088	149.108	427	0	75
2025.03.18	01:00:00	149.141	149.327	149.138	149.323	1291	0	6
2025.03.18	02:00:00	149.326	149.396	149.309	149.394	1869	0	6
2025.03.18	03:00:00	149.393	149.484	149.252	149.461	3522	0	6
2025.03.18	04:00:00	149.461	149.531	149.359	149.423	3181	0	6
2025.03.18	05:00:00	149.423	149.721	149.395	149.668	3015	0	6
2025.03.18	06:00:00	149.668	149.722	149.640	149.687	1892	0	6
2025.03.18	07:00:00	149.687	149.728	149.539	149.556	1847	0	6
2025.03.18	08:00:00	149.555	149.735	149.510	149.734	2058	0	6
2025.03.18	09:00:00	149.735	149.876	149.724	149.732	2983	0	6
2025.03.18	10:00:00	149.732	149.855	149.708	149.830	3367	0	6
2025.03.18	11:00:00	149.830	149.897	149.649	149.747	3868	0	6
2025.03.18	12:00:00	149.749	149.844	149.699	149.784	3337	0	6
2025.03.18	13:00:00	149.786	149.814	149.596	149.649	3748	0	6
2025.03.18	14:00:00	149.651	149.767	149.561	149.744	2945	0	6
2025.03.18	15:00:00	149.743	149.932	149.628	149.838	3988	0	6
2025.03.18	16:00:00	149.839	149.892	149.589	149.595	6182	0	7
2025.03.18	17:00:00	149.585	149.746	149.445	149.665	6397	0	6
2025.03.18	18:00:00	149.665	149.696	149.414	149.490	5521	0	6
2025.03.18	19:00:00	149.490	149.646	149.279	149.419	4580	0	6
2025.03.18	20:00:00	149.419	149.419	149.211	149.248	4659	0	6
2025.03.18	21:00:00	149.250	149.253	149.097	149.232	3795	0	6
2025.03.18	22:00:00	149.232	149.287	149.142	149.273	3402	0	6
2025.03.18	23:00:00	149.282	149.386	149.267	149.285	1279	0	7
2025.03.19	00:00:00	149.226	149.262	149.198	149.215	323	0	75
2025.03.19	01:00:00	149.237	149.397	149.189	149.388	905	0	6
2025.03.19	02:00:00	149.388	149.468	149.280	149.437	1527	0	6
2025.03.19	03:00:00	149.435	149.642	149.295	149.601	3349	0	6
2025.03.19	04:00:00	149.605	149.640	149.440	149.461	2824	0	6
2025.03.19	05:00:00	149.462	149.548	149.198	149.421	2879	0	6
2025.03.19	06:00:00	149.421	149.513	149.301	149.322	1600	0	6
2025.03.19	07:00:00	149.322	149.570	149.306	149.531	2076	0	6
2025.03.19	08:00:00	149.531	149.772	149.531	149.771	2087	0	6
2025.03.19	09:00:00	149.771	150.019	149.572	149.664	3652	0	6
2025.03.19	10:00:00	149.663	149.683	149.137	149.274	6012	0	6
2025.03.19	11:00:00	149.280	149.682	149.280	149.624	4216	0	6
2025.03.19	12:00:00	149.624	149.788	149.568	149.759	2675	0	6
2025.03.19	13:00:00	149.760	149.808	149.670	149.773	2332	0	6
2025.03.19	14:00:00	149.772	149.883	149.748	149.827	2463	0	6
2025.03.19	15:00:00	149.827	149.848	149.598	149.792	3121	0	6
2025.03.19	16:00:00	149.789	150.106	149.738	150.073	4221	0	6
2025.03.19	17:00:00	150.074	150.144	149.795	149.876	4810	0	6
2025.03.19	18:00:00	149.877	150.047	149.809	150.029	3587	0	6
2025.03.19	19:00:00	150.029	150.029	149.845	149.937	2765	0	6
2025.03.19	20:00:00	149.937	149.995	149.869	149.920	2925	0	6
2025.03.19	21:00:00	149.922	149.941	148.666	148.827	7862	0	8
2025.03.19	22:00:00	148.826	149.142	148.767	148.843	6575	0	6
2025.03.19	23:00:00	148.847	148.898	148.600	148.610	1980	0	7
2025.03.20	00:00:00	148.669	148.780	148.668	148.771	406	0	75
2025.03.20	01:00:00	148.804	148.868	148.544	148.594	1866	0	6
2025.03.20	02:00:00	148.600	148.711	148.454	148.454	2179	0	6
2025.03.20	03:00:00	148.455	148.518	148.277	148.299	3336	0	6
2025.03.20	04:00:00	148.299	148.417	148.197	148.300	2795	0	6
2025.03.20	05:00:00	148.300	148.429	148.178	148.428	2786	0	6
2025.03.20	06:00:00	148.428	148.445	148.331	148.365	1996	0	6
2025.03.20	07:00:00	148.365	148.415	148.298	148.394	1505	0	6
2025.03.20	08:00:00	148.395	148.461	148.341	148.366	1730	0	6
2025.03.20	09:00:00	148.355	148.358	148.172	148.278	2458	0	6
2025.03.20	10:00:00	148.282	148.641	148.250	148.582	3593	0	6
2025.03.20	11:00:00	148.582	148.684	148.395	148.542	4040	0	6
2025.03.20	12:00:00	148.542	148.778	148.538	148.743	3740	0	6
2025.03.20	13:00:00	148.744	148.744	148.437	148.595	4858	0	6
2025.03.20	14:00:00	148.595	148.634	148.398	148.455	3260	0	6
2025.03.20	15:00:00	148.455	148.692	148.399	148.555	4659	0	7
2025.03.20	16:00:00	148.555	148.827	148.448	148.785	5500	0	6
2025.03.20	17:00:00	148.785	148.921	148.689	148.698	6025	0	6
2025.03.20	18:00:00	148.698	148.959	148.680	148.849	4895	0	6
2025.03.20	19:00:00	148.847	148.958	148.720	148.751	5066	0	6
2025.03.20	20:00:00	148.748	148.921	148.744	148.766	3929	0	6
2025.03.20	21:00:00	148.766	148.879	148.710	148.802	3490	0	6
2025.03.20	22:00:00	148.801	148.858	148.746	148.786	3242	0	6
2025.03.20	23:00:00	148.785	148.822	148.743	148.765	1101	0	7
2025.03.21	00:00:00	148.759	148.759	148.625	148.752	344	0	75
2025.03.21	01:00:00	148.784	148.794	148.708	148.720	847	0	6
2025.03.21	02:00:00	148.720	148.765	148.580	148.620	1749	0	6
2025.03.21	03:00:00	148.620	149.027	148.585	148.991	3984	0	6
2025.03.21	04:00:00	148.991	149.193	148.949	149.087	3265	0	6
2025.03.21	05:00:00	149.087	149.097	148.929	149.069	2442	0	6
2025.03.21	06:00:00	149.067	149.249	148.977	149.208	2240	0	6
2025.03.21	07:00:00	149.209	149.478	149.200	149.412	2209	0	6
2025.03.21	08:00:00	149.412	149.631	149.409	149.551	2557	0	6
2025.03.21	09:00:00	149.552	149.607	149.433	149.569	2653	0	6
2025.03.21	10:00:00	149.573	149.659	149.243	149.308	3516	0	6
2025.03.21	11:00:00	149.308	149.532	149.254	149.477	4238	0	6
2025.03.21	12:00:00	149.481	149.481	149.278	149.384	3229	0	6
2025.03.21	13:00:00	149.384	149.437	149.195	149.196	3084	0	6
2025.03.21	14:00:00	149.196	149.218	148.851	148.885	2954	0	7
2025.03.21	15:00:00	148.885	148.934	148.633	148.670	4456	0	7
2025.03.21	16:00:00	148.670	148.903	148.601	148.870	5864	0	6
2025.03.21	17:00:00	148.868	148.993	148.772	148.871	6001	0	6
2025.03.21	18:00:00	148.874	148.982	148.703	148.977	4802	0	6
2025.03.21	19:00:00	148.978	149.254	148.934	149.234	5074	0	7
2025.03.21	20:00:00	149.234	149.311	149.155	149.224	3800	0	6
2025.03.21	21:00:00	149.221	149.314	149.172	149.214	2975	0	6
2025.03.21	22:00:00	149.214	149.341	149.160	149.336	2658	0	6
2025.03.21	23:00:00	149.335	149.361	149.285	149.314	991	0	7
2025.03.24	00:00:00	149.326	149.370	149.322	149.352	200	0	75
2025.03.24	01:00:00	149.377	149.635	149.365	149.575	1739	0	6
2025.03.24	02:00:00	149.575	149.688	149.499	149.660	2410	0	6
2025.03.24	03:00:00	149.662	149.776	149.454	149.738	3674	0	6
2025.03.24	04:00:00	149.737	149.953	149.678	149.819	3108	0	6
2025.03.24	05:00:00	149.819	149.845	149.733	149.832	2387	0	6
2025.03.24	06:00:00	149.833	149.909	149.732	149.805	2014	0	6
2025.03.24	07:00:00	149.805	149.822	149.709	149.767	1926	0	6
2025.03.24	08:00:00	149.767	149.865	149.653	149.689	2434	0	6
2025.03.24	09:00:00	149.689	149.778	149.530	149.661	3296	0	6
2025.03.24	10:00:00	149.660	149.842	149.615	149.644	3676	0	6
2025.03.24	11:00:00	149.628	149.751	149.525	149.620	4276	0	6
2025.03.24	12:00:00	149.611	149.712	149.515	149.565	3835	0	6
2025.03.24	13:00:00	149.563	149.618	149.493	149.605	3056	0	6
2025.03.24	14:00:00	149.605	149.797	149.602	149.747	2629	0	6
2025.03.24	15:00:00	149.757	149.864	149.702	149.823	3226	0	6
2025.03.24	16:00:00	149.820	150.252	149.724	150.237	4445	0	6
2025.03.24	17:00:00	150.239	150.538	150.132	150.468	5020	0	6
2025.03.24	18:00:00	150.467	150.753	150.443	150.735	4179	0	6
2025.03.24	19:00:00	150.736	150.752	150.526	150.570	3788	0	6
2025.03.24	20:00:00	150.573	150.638	150.481	150.606	3018	0	6
2025.03.24	21:00:00	150.607	150.628	150.484	150.541	3219	0	6
2025.03.24	22:00:00	150.546	150.652	150.501	150.642	2470	0	6
2025.03.24	23:00:00	150.641	150.710	150.635	150.677	1389	0	7
2025.03.25	00:00:00	150.599	150.662	150.599	150.645	475	0	75
2025.03.25	01:00:00	150.675	150.760	150.666	150.726	1011	0	6
2025.03.25	02:00:00	150.727	150.858	150.657	150.777	1999	0	6
2025.03.25	03:00:00	150.786	150.939	150.771	150.933	3392	0	6
2025.03.25	04:00:00	150.933	150.935	150.598	150.666	3144	0	6
2025.03.25	05:00:00	150.666	150.786	150.579	150.764	2203	0	6
2025.03.25	06:00:00	150.764	150.790	150.598	150.621	2434	0	6
2025.03.25	07:00:00	150.619	150.657	150.506	150.556	2165	0	6
2025.03.25	08:00:00	150.556	150.565	150.421	150.427	2071	0	6
2025.03.25	09:00:00	150.432	150.573	150.414	150.547	2355	0	6
2025.03.25	10:00:00	150.544	150.739	150.537	150.719	2807	0	6
2025.03.25	11:00:00	150.723	150.762	150.545	150.620	3445	0	6
2025.03.25	12:00:00	150.620	150.666	150.402	150.490	2845	0	6
2025.03.25	13:00:00	150.490	150.501	150.173	150.204	3291	0	6
2025.03.25	14:00:00	150.204	150.259	150.057	150.173	2948	0	6
2025.03.25	15:00:00	150.173	150.173	149.859	149.965	3372	0	7
2025.03.25	16:00:00	149.966	149.976	149.715	149.784	4560	0	6
2025.03.25	17:00:00	149.771	149.867	149.666	149.717	5423	0	6
2025.03.25	18:00:00	149.723	149.805	149.547	149.761	4406	0	6
2025.03.25	19:00:00	149.760	149.826	149.701	149.774	3189	0	6
2025.03.25	20:00:00	149.773	149.855	149.725	149.745	2529	0	6
2025.03.25	21:00:00	149.740	149.859	149.709	149.847	1985	0	6
2025.03.25	22:00:00	149.843	149.936	149.843	149.853	2246	0	6
2025.03.25	23:00:00	149.852	149.936	149.849	149.900	1087	0	7
2025.03.26	00:00:00	149.873	149.884	149.848	149.862	323	0	75
2025.03.26	01:00:00	149.873	149.977	149.872	149.955	1028	0	6
2025.03.26	02:00:00	149.954	150.005	149.919	149.940	1437	0	6
2025.03.26	03:00:00	149.939	150.191	149.838	150.172	3959	0	6
2025.03.26	04:00:00	150.173	150.276	150.048	150.071	3534	0	6
2025.03.26	05:00:00	150.071	150.272	150.050	150.255	2518	0	6
2025.03.26	06:00:00	150.256	150.466	150.236	150.430	2556	0	6
2025.03.26	07:00:00	150.428	150.545	150.428	150.538	2017	0	6
2025.03.26	08:00:00	150.538	150.619	150.450	150.468	2717	0	6
2025.03.26	09:00:00	150.469	150.603	150.435	150.442	2882	0	6
2025.03.26	10:00:00	150.449	150.586	150.362	150.390	3601	0	6
2025.03.26	11:00:00	150.395	150.405	150.092	150.118	4247	0	6
2025.03.26	12:00:00	150.121	150.191	150.046	150.109	3074	0	6
2025.03.26	13:00:00	150.110	150.223	150.017	150.183	2435	0	6
2025.03.26	14:00:00	150.183	150.267	150.133	150.207	1961	0	6
2025.03.26	15:00:00	150.207	150.436	150.111	150.392	4114	0	7
2025.03.26	16:00:00	150.389	150.548	150.303	150.402	5259	0	6
2025.03.26	17:00:00	150.402	150.594	150.374	150.554	4911	0	6
2025.03.26	18:00:00	150.558	150.743	150.547	150.678	4161	0	6
2025.03.26	19:00:00	150.679	150.679	150.403	150.568	4269	0	7
2025.03.26	20:00:00	150.566	150.715	150.311	150.418	4953	0	7
2025.03.26	21:00:00	150.424	150.597	150.383	150.453	3534	0	6
2025.03.26	22:00:00	150.452	150.599	150.444	150.574	2776	0	6
2025.03.26	23:00:00	150.569	150.579	150.504	150.567	1272	0	6
2025.03.27	00:00:00	150.512	150.536	150.468	150.501	607	0	75
2025.03.27	01:00:00	150.502	150.598	150.305	150.309	2540	0	6
2025.03.27	02:00:00	150.309	150.482	150.284	150.471	2260	0	6
2025.03.27	03:00:00	150.470	150.618	150.393	150.480	3033	0	6
2025.03.27	04:00:00	150.480	150.480	150.083	150.119	3411	0	6
2025.03.27	05:00:00	150.119	150.275	150.118	150.175	2727	0	6
2025.03.27	06:00:00	150.175	150.255	150.105	150.150	2109	0	6
2025.03.27	07:00:00	150.150	150.210	150.056	150.194	2254	0	6
2025.03.27	08:00:00	150.194	150.293	150.135	150.237	2444	0	6
2025.03.27	09:00:00	150.236	150.447	150.154	150.389	3326	0	6
2025.03.27	10:00:00	150.388	150.543	150.278	150.533	4297	0	6
2025.03.27	11:00:00	150.535	150.629	150.488	150.626	4981	0	6
2025.03.27	12:00:00	150.625	150.927	150.594	150.925	3610	0	6
2025.03.27	13:00:00	150.925	150.975	150.879	150.925	2876	0	6
2025.03.27	14:00:00	150.925	151.022	150.817	151.019	2686	0	6
2025.03.27	15:00:00	151.019	151.087	150.667	150.727	4399	0	7
2025.03.27	16:00:00	150.724	150.896	150.579	150.870	5559	0	6
2025.03.27	17:00:00	150.860	151.056	150.763	151.012	5904	0	6
2025.03.27	18:00:00	151.012	151.033	150.657	150.965	5153	0	6
2025.03.27	19:00:00	150.966	151.153	150.911	151.007	4126	0	6
2025.03.27	20:00:00	151.004	151.143	150.961	151.074	4022	0	6
2025.03.27	21:00:00	151.077	151.143	151.035	151.110	2728	0	6
2025.03.27	22:00:00	151.105	151.143	151.016	151.039	2459	0	6
2025.03.27	23:00:00	151.037	151.056	151.027	151.047	943	0	7
2025.03.28	00:00:00	151.015	151.015	150.976	151.014	384	0	75
2025.03.28	01:00:00	151.014	151.115	151.014	151.048	1188	0	6
2025.03.28	02:00:00	151.048	151.061	150.762	150.848	2459	0	6
2025.03.28	03:00:00	150.850	151.204	150.828	150.961	3583	0	6
2025.03.28	04:00:00	150.960	150.973	150.698	150.749	3490	0	6
2025.03.28	05:00:00	150.749	150.856	150.735	150.829	2575	0	6
2025.03.28	06:00:00	150.829	150.867	150.709	150.807	2213	0	6
2025.03.28	07:00:00	150.806	150.937	150.750	150.868	1970	0	6
2025.03.28	08:00:00	150.869	150.934	150.738	150.765	2335	0	6
2025.03.28	09:00:00	150.765	150.844	150.603	150.607	2651	0	6
2025.03.28	10:00:00	150.611	150.650	150.381	150.392	3568	0	6
2025.03.28	11:00:00	150.392	150.542	150.356	150.531	4204	0	6
2025.03.28	12:00:00	150.531	150.653	150.497	150.577	2854	0	6
2025.03.28	13:00:00	150.578	150.730	150.561	150.714	2714	0	6
2025.03.28	14:00:00	150.715	150.859	150.678	150.800	2408	0	6
2025.03.28	15:00:00	150.801	150.902	150.560	150.637	4918	0	6
2025.03.28	16:00:00	150.638	150.781	150.388	150.442	6808	0	6
2025.03.28	17:00:00	150.432	150.436	149.906	150.096	6760	0	6
2025.03.28	18:00:00	150.096	150.325	149.997	150.256	5585	0	6
2025.03.28	19:00:00	150.256	150.293	150.030	150.089	4450	0	6
2025.03.28	20:00:00	150.089	150.108	149.858	149.983	3575	0	6
2025.03.28	21:00:00	149.982	150.135	149.908	149.960	2833	0	6
2025.03.28	22:00:00	149.960	150.001	149.740	149.750	2482	0	6
2025.03.28	23:00:00	149.747	149.877	149.683	149.850	1345	0	7
2025.03.31	00:00:00	149.758	149.776	149.605	149.618	608	0	75
2025.03.31	01:00:00	149.620	149.746	149.397	149.479	2723	0	6
2025.03.31	02:00:00	149.479	149.622	149.301	149.616	3622	0	6
2025.03.31	03:00:00	149.615	149.633	149.064	149.292	6064	0	6
2025.03.31	04:00:00	149.297	149.376	149.023	149.153	5358	0	6
2025.03.31	05:00:00	149.153	149.193	148.720	148.887	4399	0	6
2025.03.31	06:00:00	148.887	148.946	148.734	148.920	3230	0	6
2025.03.31	07:00:00	148.921	149.143	148.832	149.077	3453	0	6
2025.03.31	08:00:00	149.077	149.244	148.948	149.038	3671	0	6
2025.03.31	09:00:00	149.036	149.093	148.802	148.997	5025	0	6
2025.03.31	10:00:00	148.995	149.164	148.699	149.141	6241	0	6
2025.03.31	11:00:00	149.132	149.288	148.958	149.054	5445	0	6
2025.03.31	12:00:00	149.043	149.241	148.964	149.195	4409	0	6
2025.03.31	13:00:00	149.195	149.430	149.161	149.321	3501	0	6
2025.03.31	14:00:00	149.321	149.408	149.151	149.374	3940	0	6
2025.03.31	15:00:00	149.373	149.638	149.345	149.599	4097	0	6
2025.03.31	16:00:00	149.597	149.796	149.403	149.661	6373	0	6
2025.03.31	17:00:00	149.663	149.885	149.513	149.513	7698	0	6
2025.03.31	18:00:00	149.513	149.956	149.457	149.907	5813	0	6
2025.03.31	19:00:00	149.908	149.982	149.798	149.892	3590	0	6
2025.03.31	20:00:00	149.892	150.099	149.868	150.021	3605	0	6
2025.03.31	21:00:00	150.023	150.266	150.008	150.118	3688	0	6
2025.03.31	22:00:00	150.117	150.151	149.872	149.960	3942	0	6
2025.03.31	23:00:00	149.957	150.007	149.891	149.958	1583	0	7
2025.04.01	00:00:00	149.917	149.928	149.853	149.870	618	0	75
2025.04.01	01:00:00	149.908	149.985	149.829	149.892	1509	0	6
2025.04.01	02:00:00	149.892	150.137	149.880	149.942	2224	0	6
2025.04.01	03:00:00	149.942	149.981	149.674	149.734	4647	0	6
2025.04.01	04:00:00	149.734	149.909	149.633	149.822	3692	0	6
2025.04.01	05:00:00	149.822	149.848	149.684	149.841	2634	0	6
2025.04.01	06:00:00	149.842	149.914	149.654	149.658	2340	0	6
2025.04.01	07:00:00	149.651	149.664	149.529	149.557	2586	0	6
2025.04.01	08:00:00	149.557	149.913	149.545	149.830	2962	0	6
2025.04.01	09:00:00	149.830	149.986	149.750	149.943	4053	0	6
2025.04.01	10:00:00	149.940	149.944	149.582	149.616	4888	0	6
2025.04.01	11:00:00	149.615	149.688	149.499	149.663	3384	0	6
2025.04.01	12:00:00	149.664	149.716	149.531	149.618	2874	0	6
2025.04.01	13:00:00	149.618	149.650	149.356	149.398	5204	0	6
2025.04.01	14:00:00	149.399	149.429	149.119	149.198	4402	0	6
2025.04.01	15:00:00	149.198	149.393	149.127	149.385	4250	0	6
2025.04.01	16:00:00	149.396	149.541	149.383	149.466	5627	0	6
2025.04.01	17:00:00	149.449	149.454	148.972	149.282	8001	0	6
2025.04.01	18:00:00	149.287	149.508	149.204	149.404	6408	0	6
2025.04.01	19:00:00	149.400	149.737	149.378	149.514	5469	0	6
2025.04.01	20:00:00	149.512	149.556	149.385	149.457	4114	0	6
2025.04.01	21:00:00	149.457	149.468	149.233	149.397	4142	0	6
2025.04.01	22:00:00	149.394	149.645	149.387	149.616	3907	0	6
2025.04.01	23:00:00	149.615	149.620	149.524	149.612	1328	0	6
2025.04.02	00:00:00	149.532	149.625	149.508	149.616	395	0	75
2025.04.02	01:00:00	149.616	149.887	149.616	149.823	2097	0	6
2025.04.02	02:00:00	149.823	149.866	149.741	149.749	2087	0	6
2025.04.02	03:00:00	149.747	149.916	149.685	149.792	4695	0	6
2025.04.02	04:00:00	149.791	149.948	149.776	149.857	3402	0	6
2025.04.02	05:00:00	149.858	149.889	149.758	149.790	2356	0	6
2025.04.02	06:00:00	149.790	149.791	149.710	149.747	2089	0	6
2025.04.02	07:00:00	149.747	149.912	149.722	149.897	1958	0	6
2025.04.02	08:00:00	149.898	149.943	149.827	149.888	2145	0	6
2025.04.02	09:00:00	149.888	149.998	149.725	149.765	3374	0	6
2025.04.02	10:00:00	149.759	149.820	149.629	149.665	4335	0	6
2025.04.02	11:00:00	149.672	149.677	149.518	149.657	3533	0	6
2025.04.02	12:00:00	149.656	149.715	149.422	149.445	3333	0	6
2025.04.02	13:00:00	149.445	149.480	149.314	149.403	4533	0	6
2025.04.02	14:00:00	149.414	149.425	149.191	149.218	3238	0	6
2025.04.02	15:00:00	149.218	149.402	149.098	149.176	4641	0	7
2025.04.02	16:00:00	149.175	149.564	149.152	149.498	5878	0	6
2025.04.02	17:00:00	149.488	149.787	149.488	149.694	6519	0	6
2025.04.02	18:00:00	149.682	150.089	149.632	149.990	6133	0	6
2025.04.02	19:00:00	149.989	150.252	149.953	150.189	4804	0	6
2025.04.02	20:00:00	150.189	150.203	150.063	150.135	4129	0	6
2025.04.02	21:00:00	150.135	150.163	149.922	149.926	4497	0	6
2025.04.02	22:00:00	149.926	150.084	149.918	150.030	4179	0	6
2025.04.02	23:00:00	150.027	150.486	149.236	149.361	8021	0	10
2025.04.03	00:00:00	149.188	149.200	148.638	148.662	1629	0	75
2025.04.03	01:00:00	148.662	148.676	148.159	148.412	6068	0	6
2025.04.03	02:00:00	148.412	148.412	147.682	147.878	6783	0	6
2025.04.03	03:00:00	147.900	148.336	147.689	147.885	8591	0	6
2025.04.03	04:00:00	147.885	148.104	147.542	147.751	6604	0	6
2025.04.03	05:00:00	147.751	147.885	147.514	147.783	4795	0	6
2025.04.03	06:00:00	147.783	147.784	147.115	147.267	4197	0	6
2025.04.03	07:00:00	147.267	147.554	147.203	147.552	3821	0	6
2025.04.03	08:00:00	147.552	147.634	146.964	147.009	5046	0	6
2025.04.03	09:00:00	147.009	147.391	146.816	146.832	7769	0	6
2025.04.03	10:00:00	146.838	147.468	146.804	147.266	6380	0	6
2025.04.03	11:00:00	147.264	147.359	146.684	146.812	5441	0	6
2025.04.03	12:00:00	146.805	146.850	146.299	146.555	5789	0	6
2025.04.03	13:00:00	146.553	146.745	146.257	146.706	6778	0	6
2025.04.03	14:00:00	146.704	146.770	146.026	146.042	5894	0	6
2025.04.03	15:00:00	146.021	146.361	145.744	145.890	7329	0	6
2025.04.03	16:00:00	145.886	146.078	145.523	145.626	9659	0	6
2025.04.03	17:00:00	145.494	145.909	145.182	145.433	9313	0	6
2025.04.03	18:00:00	145.431	146.254	145.359	146.046	8423	0	6
2025.04.03	19:00:00	146.049	146.427	146.011	146.151	8301	0	6
2025.04.03	20:00:00	146.152	146.272	146.005	146.087	7206	0	6
2025.04.03	21:00:00	146.087	146.479	145.964	146.415	6255	0	6
2025.04.03	22:00:00	146.423	146.515	146.213	146.249	6687	0	6
2025.04.03	23:00:00	146.246	146.305	146.042	146.065	2523	0	7
2025.04.04	00:00:00	145.993	146.020	145.872	145.907	592	0	75
2025.04.04	01:00:00	145.912	146.008	145.539	145.630	3728	0	6
2025.04.04	02:00:00	145.626	146.261	145.621	146.252	4462	0	6
2025.04.04	03:00:00	146.252	146.403	145.804	145.960	6588	0	6
2025.04.04	04:00:00	145.960	146.404	145.883	146.071	5891	0	6
2025.04.04	05:00:00	146.062	146.288	145.988	146.120	4875	0	6
2025.04.04	06:00:00	146.120	146.178	145.620	145.662	4985	0	6
2025.04.04	07:00:00	145.662	145.793	145.359	145.425	4998	0	6
2025.04.04	08:00:00	145.424	145.893	145.297	145.853	5565	0	6
2025.04.04	09:00:00	145.853	146.158	145.770	146.034	6755	0	6
2025.04.04	10:00:00	146.036	146.299	145.792	146.269	8174	0	6
2025.04.04	11:00:00	146.265	146.486	146.145	146.406	7603	0	6
2025.04.04	12:00:00	146.419	146.544	146.272	146.323	6908	0	6
2025.04.04	13:00:00	146.321	146.367	145.032	145.113	10588	0	6
2025.04.04	14:00:00	145.109	145.461	144.549	145.393	10822	0	6
2025.04.04	15:00:00	145.365	145.643	145.029	145.602	11331	0	6
2025.04.04	16:00:00	145.600	145.791	145.173	145.713	11332	0	6
2025.04.04	17:00:00	145.709	145.871	145.042	145.519	10102	0	6
2025.04.04	18:00:00	145.504	146.222	145.497	145.923	11547	0	6
2025.04.04	19:00:00	145.926	146.776	145.855	146.712	9907	0	6
2025.04.04	20:00:00	146.711	147.361	146.528	147.247	9197	0	6
2025.04.04	21:00:00	147.274	147.431	146.646	146.891	8899	0	6
2025.04.04	22:00:00	146.898	147.290	146.672	146.831	9641	0	6
2025.04.04	23:00:00	146.835	147.001	146.768	146.868	4159	0	7
2025.04.07	00:00:00	145.373	145.604	145.354	145.578	886	0	75
2025.04.07	01:00:00	145.580	145.662	144.994	145.163	8052	0	6
2025.04.07	02:00:00	145.166	145.433	144.816	145.424	8673	0	6
2025.04.07	03:00:00	145.433	145.843	145.181	145.813	10034	0	6
2025.04.07	04:00:00	145.813	146.340	145.777	146.184	9078	0	6
2025.04.07	05:00:00	146.183	146.842	146.096	146.620	7767	0	6
2025.04.07	06:00:00	146.619	146.624	146.194	146.284	6281	0	6
2025.04.07	07:00:00	146.284	146.461	145.808	145.878	6414	0	6
2025.04.07	08:00:00	145.877	146.248	145.689	145.739	7417	0	6
2025.04.07	09:00:00	145.742	145.938	145.114	145.383	8499	0	6
2025.04.07	10:00:00	145.383	145.802	145.068	145.786	9732	0	6
2025.04.07	11:00:00	145.786	146.367	145.696	146.216	8350	0	6
2025.04.07	12:00:00	146.216	146.333	145.821	146.020	7296	0	6
2025.04.07	13:00:00	146.017	146.620	146.010	146.232	8012	0	6
2025.04.07	14:00:00	146.227	146.488	146.129	146.378	8490	0	6
2025.04.07	15:00:00	146.387	147.044	146.383	146.980	9264	0	6
2025.04.07	16:00:00	146.974	147.084	146.511	147.060	9120	0	6
2025.04.07	17:00:00	147.052	147.980	146.921	147.566	11154	0	6
2025.04.07	18:00:00	147.578	147.971	147.135	147.963	10109	0	7
2025.04.07	19:00:00	147.966	148.104	147.806	147.938	8385	0	7
2025.04.07	20:00:00	147.936	148.145	147.668	147.940	8571	0	7
2025.04.07	21:00:00	147.940	148.123	147.739	147.858	7992	0	7
2025.04.07	22:00:00	147.862	148.012	147.531	147.945	7883	0	7
2025.04.07	23:00:00	147.942	148.141	147.768	147.827	3594	0	7
2025.04.08	00:00:00	147.756	147.868	147.683	147.689	436	0	75
2025.04.08	01:00:00	147.689	148.118	147.689	147.886	3267	0	6
2025.04.08	02:00:00	147.888	148.118	147.725	147.788	4806	0	7
2025.04.08	03:00:00	147.764	147.964	147.503	147.605	7614	0	7
2025.04.08	04:00:00	147.596	147.701	147.399	147.539	7639	0	7
2025.04.08	05:00:00	147.540	147.547	147.249	147.318	4935	0	7
2025.04.08	06:00:00	147.318	147.625	147.263	147.592	4522	0	7
2025.04.08	07:00:00	147.594	147.763	147.448	147.755	4651	0	7
2025.04.08	08:00:00	147.755	147.796	147.574	147.595	4850	0	7
2025.04.08	09:00:00	147.595	147.602	147.229	147.240	6166	0	7
2025.04.08	10:00:00	147.233	147.412	146.966	147.393	7364	0	6
2025.04.08	11:00:00	147.394	147.482	147.019	147.425	6418	0	6
2025.04.08	12:00:00	147.425	147.513	147.103	147.186	5938	0	6
2025.04.08	13:00:00	147.187	147.270	146.857	146.870	5481	0	6
2025.04.08	14:00:00	146.887	147.182	146.767	146.905	7151	0	6
2025.04.08	15:00:00	146.894	146.965	146.670	146.825	7545	0	6
2025.04.08	16:00:00	146.820	147.400	146.661	147.356	8258	0	6
2025.04.08	17:00:00	147.359	147.665	147.219	147.338	8163	0	6
2025.04.08	18:00:00	147.338	147.387	146.799	147.022	7763	0	6
2025.04.08	19:00:00	147.023	147.097	146.499	146.529	8121	0	6
2025.04.08	20:00:00	146.549	146.670	146.244	146.648	9149	0	6
2025.04.08	21:00:00	146.652	146.737	146.257	146.384	8734	0	6
2025.04.08	22:00:00	146.385	146.442	145.960	146.284	8499	0	6
2025.04.08	23:00:00	146.278	146.475	146.264	146.280	4126	0	7
2025.04.09	00:00:00	146.176	146.293	146.054	146.257	641	0	75
2025.04.09	01:00:00	146.263	146.343	145.899	145.981	3788	0	6
2025.04.09	02:00:00	145.972	146.003	145.595	145.843	5585	0	6
2025.04.09	03:00:00	145.847	145.901	145.129	145.406	8113	0	6
2025.04.09	04:00:00	145.403	145.714	145.299	145.572	7985	0	6
2025.04.09	05:00:00	145.572	145.941	145.423	145.637	6661	0	6
2025.04.09	06:00:00	145.640	145.770	145.259	145.329	6657	0	6
2025.04.09	07:00:00	145.330	145.411	144.575	144.942	8538	0	6
2025.04.09	08:00:00	144.940	145.454	144.849	145.104	8088	0	6
2025.04.09	09:00:00	145.104	145.540	144.702	144.816	8706	0	6
2025.04.09	10:00:00	144.816	145.629	144.789	145.525	8860	0	6
2025.04.09	11:00:00	145.534	145.778	145.176	145.294	7078	0	6
2025.04.09	12:00:00	145.295	145.482	145.159	145.369	5643	0	6
2025.04.09	13:00:00	145.368	145.441	144.937	145.239	5791	0	6
2025.04.09	14:00:00	145.245	145.246	144.644	144.649	8889	0	8
2025.04.09	15:00:00	144.630	144.653	143.995	144.319	8301	0	7
2025.04.09	16:00:00	144.317	145.081	144.217	144.916	9542	0	6
2025.04.09	17:00:00	144.919	145.085	144.536	144.723	8511	0	6
2025.04.09	18:00:00	144.727	145.100	144.726	145.096	7188	0	6
2025.04.09	19:00:00	145.096	145.203	144.878	144.930	5515	0	6
2025.04.09	20:00:00	144.931	147.254	144.584	147.045	10082	0	9
2025.04.09	21:00:00	147.053	148.275	147.046	147.441	9575	0	7
2025.04.09	22:00:00	147.441	148.141	147.286	147.943	7297	0	9
2025.04.09	23:00:00	147.946	148.016	147.643	147.733	4622	0	7
2025.04.10	00:00:00	147.676	147.742	147.266	147.351	1197	0	75
2025.04.10	01:00:00	147.367	147.522	147.251	147.408	5200	0	6
2025.04.10	02:00:00	147.404	147.706	147.360	147.399	4674	0	7
2025.04.10	03:00:00	147.373	147.460	146.678	146.722	7135	0	7
2025.04.10	04:00:00	146.723	147.033	146.639	146.944	6300	0	7
2025.04.10	05:00:00	146.944	146.979	146.650	146.743	5449	0	7
2025.04.10	06:00:00	146.745	146.853	146.603	146.829	4928	0	7
2025.04.10	07:00:00	146.829	146.893	146.499	146.619	4456	0	7
2025.04.10	08:00:00	146.617	146.739	146.449	146.605	4205	0	7
2025.04.10	09:00:00	146.605	147.139	146.605	147.045	6553	0	6
2025.04.10	10:00:00	147.051	147.053	146.237	146.267	7453	0	6
2025.04.10	11:00:00	146.273	146.427	146.151	146.305	6845	0	6
2025.04.10	12:00:00	146.302	146.333	145.993	146.008	5818	0	6
2025.04.10	13:00:00	146.017	146.034	145.550	145.556	5792	0	6
2025.04.10	14:00:00	145.556	145.644	145.334	145.526	6001	0	6
2025.04.10	15:00:00	145.537	145.598	144.871	145.452	7777	0	6
2025.04.10	16:00:00	145.446	145.538	144.779	144.813	8087	0	6
2025.04.10	17:00:00	144.811	145.054	144.557	144.664	8296	0	6
2025.04.10	18:00:00	144.665	144.750	144.011	144.350	8115	0	6
2025.04.10	19:00:00	144.343	144.543	144.069	144.531	9149	0	6
2025.04.10	20:00:00	144.532	144.873	144.443	144.753	8494	0	6
2025.04.10	21:00:00	144.750	144.827	144.473	144.577	7940	0	6
2025.04.10	22:00:00	144.591	145.132	144.573	144.662	7604	0	6
2025.04.10	23:00:00	144.663	144.830	144.571	144.595	3398	0	7
2025.04.11	00:00:00	144.470	144.588	144.416	144.471	623	0	75
2025.04.11	01:00:00	144.532	144.549	143.978	144.080	4413	0	6
2025.04.11	02:00:00	144.075	144.232	143.710	143.748	6124	0	6
2025.04.11	03:00:00	143.750	143.767	142.877	143.357	8683	0	6
2025.04.11	04:00:00	143.356	143.780	143.231	143.534	7402	0	6
2025.04.11	05:00:00	143.533	143.738	143.271	143.577	5559	0	6
2025.04.11	06:00:00	143.577	143.609	143.125	143.191	4997	0	6
2025.04.11	07:00:00	143.192	143.325	142.872	142.921	4466	0	6
2025.04.11	08:00:00	142.921	143.779	142.919	143.603	5708	0	6
2025.04.11	09:00:00	143.587	144.140	143.546	143.889	7137	0	6
2025.04.11	10:00:00	143.889	143.944	142.800	142.829	7999	0	6
2025.04.11	11:00:00	142.835	143.086	142.066	142.412	8974	0	6
2025.04.11	12:00:00	142.413	142.705	142.062	142.524	7872	0	6
2025.04.11	13:00:00	142.525	143.224	142.524	142.994	7312	0	6
2025.04.11	14:00:00	142.993	143.041	142.503	142.600	6691	0	6
2025.04.11	15:00:00	142.603	142.962	142.399	142.521	7795	0	6
2025.04.11	16:00:00	142.522	143.571	142.216	143.087	9202	0	6
2025.04.11	17:00:00	143.086	143.609	142.837	143.530	8668	0	6
2025.04.11	18:00:00	143.527	143.715	143.301	143.582	7133	0	6
2025.04.11	19:00:00	143.581	143.982	143.566	143.776	6242	0	6
2025.04.11	20:00:00	143.781	144.200	143.683	144.134	6622	0	6
2025.04.11	21:00:00	144.128	144.170	143.724	143.804	5731	0	6
2025.04.11	22:00:00	143.804	143.848	143.506	143.597	4867	0	6
2025.04.11	23:00:00	143.591	143.648	143.481	143.547	1901	0	7
2025.04.14	00:00:00	143.874	143.970	143.587	143.719	1369	0	76
2025.04.14	01:00:00	143.719	144.062	143.508	143.659	4389	0	7
2025.04.14	02:00:00	143.651	143.894	143.577	143.690	4422	0	6
2025.04.14	03:00:00	143.690	143.742	142.893	142.905	6146	0	6
2025.04.14	04:00:00	142.905	142.974	142.245	142.675	6523	0	6
2025.04.14	05:00:00	142.675	142.995	142.564	142.960	4608	0	6
2025.04.14	06:00:00	142.959	143.190	142.711	143.021	4466	0	6
2025.04.14	07:00:00	143.021	143.201	142.678	143.037	3922	0	6
2025.04.14	08:00:00	143.037	143.274	142.662	142.760	4686	0	6
2025.04.14	09:00:00	142.763	142.909	142.343	142.426	6376	0	6
2025.04.14	10:00:00	142.422	143.088	142.225	143.076	5766	0	6
2025.04.14	11:00:00	143.076	143.162	142.829	142.911	5198	0	6
2025.04.14	12:00:00	142.911	143.095	142.761	143.071	4527	0	6
2025.04.14	13:00:00	143.070	143.292	143.048	143.096	4390	0	6
2025.04.14	14:00:00	143.095	143.357	143.004	143.238	4528	0	6
2025.04.14	15:00:00	143.238	143.696	143.150	143.663	5656	0	6
2025.04.14	16:00:00	143.657	144.078	143.511	143.640	7650	0	7
2025.04.14	17:00:00	143.641	143.823	143.261	143.284	7071	0	6
2025.04.14	18:00:00	143.283	143.344	142.888	142.972	6760	0	6
2025.04.14	19:00:00	142.972	143.232	142.777	143.216	6228	0	7
2025.04.14	20:00:00	143.216	143.339	142.875	143.065	5515	0	6
2025.04.14	21:00:00	143.065	143.171	142.866	142.892	4257	0	6
2025.04.14	22:00:00	142.892	143.073	142.855	143.027	4138	0	6
2025.04.14	23:00:00	143.025	143.182	143.025	143.055	2442	0	7
2025.04.15	00:00:00	142.976	142.999	142.948	142.961	314	0	75
2025.04.15	01:00:00	142.962	143.183	142.945	143.105	1877	0	6
2025.04.15	02:00:00	143.105	143.331	143.005	143.214	3346	0	6
2025.04.15	03:00:00	143.213	143.587	143.171	143.504	4448	0	6
2025.04.15	04:00:00	143.503	143.586	143.268	143.384	3824	0	6
2025.04.15	05:00:00	143.369	143.385	143.097	143.115	3466	0	6
2025.04.15	06:00:00	143.126	143.183	143.045	143.125	2447	0	6
2025.04.15	07:00:00	143.125	143.218	142.903	143.037	2925	0	6
2025.04.15	08:00:00	143.037	143.214	142.988	143.068	3469	0	6
2025.04.15	09:00:00	143.068	143.378	142.842	143.320	4734	0	6
2025.04.15	10:00:00	143.317	143.507	143.268	143.302	4838	0	6
2025.04.15	11:00:00	143.304	143.305	142.841	142.908	5164	0	6
2025.04.15	12:00:00	142.906	142.934	142.679	142.932	4480	0	6
2025.04.15	13:00:00	142.931	142.984	142.836	142.841	3477	0	6
2025.04.15	14:00:00	142.841	143.180	142.820	142.896	4344	0	6
2025.04.15	15:00:00	142.895	142.923	142.596	142.877	5519	0	6
2025.04.15	16:00:00	142.881	143.135	142.774	143.043	5995	0	6
2025.04.15	17:00:00	143.046	143.264	142.667	142.722	7210	0	6
2025.04.15	18:00:00	142.725	143.190	142.684	143.097	5535	0	6
2025.04.15	19:00:00	143.097	143.245	143.048	143.090	4045	0	6
2025.04.15	20:00:00	143.090	143.240	143.039	143.119	3669	0	6
2025.04.15	21:00:00	143.119	143.223	143.114	143.158	3320	0	6
2025.04.15	22:00:00	143.158	143.225	143.139	143.190	2489	0	6
2025.04.15	23:00:00	143.188	143.251	143.131	143.236	1584	0	7
2025.04.16	00:00:00	143.154	143.211	143.151	143.158	374	0	75
2025.04.16	01:00:00	143.164	143.164	142.916	143.057	2482	0	6
2025.04.16	02:00:00	143.055	143.278	143.046	143.163	3368	0	6
2025.04.16	03:00:00	143.157	143.171	142.762	142.887	4691	0	6
2025.04.16	04:00:00	142.887	142.990	142.702	142.812	3325	0	6
2025.04.16	05:00:00	142.808	142.816	142.653	142.716	2881	0	6
2025.04.16	06:00:00	142.716	142.733	142.494	142.520	2943	0	6
2025.04.16	07:00:00	142.524	142.671	142.466	142.627	2807	0	6
2025.04.16	08:00:00	142.627	142.667	142.098	142.146	4461	0	6
2025.04.16	09:00:00	142.147	142.506	142.104	142.411	4727	0	6
2025.04.16	10:00:00	142.418	142.458	142.037	142.097	5131	0	6
2025.04.16	11:00:00	142.098	142.955	142.065	142.620	6694	0	6
2025.04.16	12:00:00	142.625	142.876	142.484	142.829	5318	0	6
2025.04.16	13:00:00	142.828	142.917	142.608	142.795	4200	0	6
2025.04.16	14:00:00	142.794	142.811	142.623	142.656	3736	0	6
2025.04.16	15:00:00	142.655	142.788	142.434	142.645	5381	0	6
2025.04.16	16:00:00	142.643	142.690	142.401	142.439	6294	0	6
2025.04.16	17:00:00	142.430	142.708	142.319	142.507	5999	0	6
2025.04.16	18:00:00	142.506	142.859	142.491	142.572	4885	0	6
2025.04.16	19:00:00	142.572	142.639	142.488	142.548	3967	0	7
2025.04.16	20:00:00	142.556	142.694	142.309	142.352	5338	0	6
2025.04.16	21:00:00	142.355	142.445	142.063	142.102	5546	0	6
2025.04.16	22:00:00	142.112	142.128	141.637	142.111	5339	0	6
2025.04.16	23:00:00	142.106	142.196	141.882	141.890	2042	0	7
2025.04.17	00:00:00	141.757	141.794	141.662	141.723	484	0	75
2025.04.17	01:00:00	141.754	141.954	141.706	141.842	2060	0	6
2025.04.17	02:00:00	141.840	141.964	141.611	141.926	3261	0	6
2025.04.17	03:00:00	141.924	142.602	141.845	142.581	6137	0	6
2025.04.17	04:00:00	142.580	142.864	142.504	142.712	4965	0	6
2025.04.17	05:00:00	142.712	142.726	142.380	142.557	3454	0	6
2025.04.17	06:00:00	142.558	142.642	142.432	142.609	2849	0	6
2025.04.17	07:00:00	142.609	142.691	142.578	142.667	2314	0	6
2025.04.17	08:00:00	142.667	142.863	142.487	142.736	3361	0	6
2025.04.17	09:00:00	142.736	142.881	142.647	142.736	4140	0	6
2025.04.17	10:00:00	142.744	142.911	142.604	142.886	4527	0	6
2025.04.17	11:00:00	142.890	143.082	142.645	142.681	4185	0	6
2025.04.17	12:00:00	142.683	142.845	142.644	142.769	3417	0	6
2025.04.17	13:00:00	142.769	142.813	142.499	142.580	4118	0	6
2025.04.17	14:00:00	142.580	142.619	142.456	142.597	3545	0	6
2025.04.17	15:00:00	142.597	142.690	142.285	142.317	5437	0	6
2025.04.17	16:00:00	142.318	142.356	142.137	142.139	6719	0	6
2025.04.17	17:00:00	142.139	142.277	141.894	142.213	6339	0	6
2025.04.17	18:00:00	142.214	142.370	142.141	142.330	5472	0	6
2025.04.17	19:00:00	142.335	142.631	142.184	142.458	5421	0	8
2025.04.17	20:00:00	142.458	142.561	142.388	142.554	3979	0	9
2025.04.17	21:00:00	142.554	142.712	142.358	142.442	3697	0	6
2025.04.17	22:00:00	142.450	142.457	142.347	142.391	3492	0	6
2025.04.17	23:00:00	142.390	142.494	142.354	142.481	2253	0	7
2025.04.18	00:00:00	142.335	142.449	142.335	142.407	558	0	76
2025.04.18	01:00:00	142.343	142.401	142.315	142.351	1858	0	8
2025.04.18	02:00:00	142.351	142.413	142.279	142.322	4126	0	6
2025.04.18	03:00:00	142.320	142.420	142.177	142.391	3563	0	6
2025.04.18	04:00:00	142.393	142.433	142.348	142.354	8113	0	6
2025.04.18	05:00:00	142.349	142.368	142.285	142.312	6411	0	6
2025.04.18	06:00:00	142.308	142.350	142.292	142.319	7651	0	6
2025.04.18	07:00:00	142.318	142.349	142.285	142.339	7298	0	6
2025.04.18	08:00:00	142.340	142.409	142.314	142.350	4385	0	6
2025.04.18	09:00:00	142.349	142.392	142.312	142.371	3817	0	9
2025.04.18	10:00:00	142.364	142.392	142.311	142.389	3366	0	6
2025.04.18	11:00:00	142.392	142.394	142.346	142.381	3672	0	6
2025.04.18	12:00:00	142.380	142.399	142.354	142.379	3098	0	6
2025.04.18	13:00:00	142.379	142.384	142.334	142.361	2552	0	6
2025.04.18	14:00:00	142.361	142.375	142.280	142.326	3849	0	8
2025.04.18	15:00:00	142.326	142.362	142.288	142.325	4809	0	6
2025.04.18	16:00:00	142.329	142.360	142.298	142.347	1511	0	6
2025.04.18	17:00:00	142.347	142.353	142.256	142.286	2194	0	6
2025.04.18	18:00:00	142.285	142.297	142.223	142.239	3736	0	6
2025.04.18	19:00:00	142.239	142.244	142.109	142.205	3940	0	6
2025.04.18	20:00:00	142.211	142.290	142.164	142.185	4532	0	6
2025.04.18	21:00:00	142.185	142.186	142.149	142.168	4988	0	6
2025.04.18	22:00:00	142.175	142.190	142.099	142.167	3822	0	6
2025.04.18	23:00:00	142.167	142.183	142.123	142.136	638	0	6
2025.04.21	00:00:00	142.021	142.024	141.688	141.887	738	0	75
2025.04.21	01:00:00	141.938	142.110	141.682	141.735	2736	0	9
2025.04.21	02:00:00	141.733	141.763	141.493	141.585	4032	0	6
2025.04.21	03:00:00	141.585	141.585	141.135	141.184	5326	0	6
2025.04.21	04:00:00	141.185	141.200	140.964	140.977	3469	0	6
2025.04.21	05:00:00	140.977	141.080	140.615	140.786	4346	0	6
2025.04.21	06:00:00	140.786	140.835	140.653	140.755	3233	0	6
2025.04.21	07:00:00	140.756	140.974	140.756	140.766	3369	0	6
2025.04.21	08:00:00	140.766	140.780	140.614	140.641	3536	0	6
2025.04.21	09:00:00	140.641	140.904	140.615	140.754	3472	0	6
2025.04.21	10:00:00	140.757	140.815	140.543	140.549	3423	0	6
2025.04.21	11:00:00	140.550	140.724	140.543	140.571	3277	0	6
2025.04.21	12:00:00	140.571	140.689	140.467	140.655	3024	0	6
2025.04.21	13:00:00	140.655	140.991	140.637	140.984	2783	0	6
2025.04.21	14:00:00	140.984	141.069	140.749	140.791	3718	0	6
2025.04.21	15:00:00	140.791	141.017	140.637	140.779	3927	0	6
2025.04.21	16:00:00	140.779	141.038	140.701	140.740	4797	0	6
2025.04.21	17:00:00	140.740	140.913	140.566	140.897	5098	0	6
2025.04.21	18:00:00	140.898	141.012	140.792	140.812	4242	0	6
2025.04.21	19:00:00	140.812	140.972	140.765	140.834	3226	0	6
2025.04.21	20:00:00	140.833	140.920	140.632	140.643	3152	0	6
2025.04.21	21:00:00	140.642	140.690	140.565	140.577	2553	0	6
2025.04.21	22:00:00	140.587	140.885	140.551	140.856	2861	0	6
2025.04.21	23:00:00	140.856	140.974	140.790	140.880	1358	0	7
2025.04.22	00:00:00	140.788	140.880	140.769	140.788	392	0	75
2025.04.22	01:00:00	140.793	140.853	140.709	140.736	1217	0	6
2025.04.22	02:00:00	140.736	140.909	140.648	140.868	2378	0	6
2025.04.22	03:00:00	140.868	141.170	140.845	140.847	4866	0	6
2025.04.22	04:00:00	140.847	140.988	140.754	140.862	3801	0	6
2025.04.22	05:00:00	140.862	140.862	140.543	140.544	2745	0	6
2025.04.22	06:00:00	140.544	140.547	140.094	140.202	3962	0	6
2025.04.22	07:00:00	140.202	140.207	140.092	140.195	2722	0	6
2025.04.22	08:00:00	140.196	140.340	139.889	139.917	4277	0	6
2025.04.22	09:00:00	139.911	140.503	139.883	140.394	5089	0	6
2025.04.22	10:00:00	140.395	140.506	140.205	140.279	4717	0	6
2025.04.22	11:00:00	140.279	140.627	140.186	140.514	4247	0	6
2025.04.22	12:00:00	140.513	140.575	140.328	140.451	3700	0	6
2025.04.22	13:00:00	140.453	140.472	140.207	140.327	3073	0	6
2025.04.22	14:00:00	140.327	140.386	140.169	140.247	3122	0	6
2025.04.22	15:00:00	140.249	140.563	140.208	140.530	4122	0	6
2025.04.22	16:00:00	140.529	140.794	140.508	140.765	5146	0	6
2025.04.22	17:00:00	140.766	140.916	140.635	140.716	4563	0	6
2025.04.22	18:00:00	140.710	140.918	140.663	140.871	3983	0	6
2025.04.22	19:00:00	140.870	141.359	140.791	141.300	5387	0	7
2025.04.22	20:00:00	141.300	141.388	141.039	141.108	5714	0	6
2025.04.22	21:00:00	141.108	141.510	141.103	141.489	3708	0	8
2025.04.22	22:00:00	141.489	141.634	141.437	141.607	3223	0	6
2025.04.22	23:00:00	141.605	141.666	141.498	141.608	1593	0	7
2025.04.23	00:00:00	141.514	142.557	141.443	142.557	1554	0	75
2025.04.23	01:00:00	142.792	143.216	142.562	143.010	4819	0	6
2025.04.23	02:00:00	143.010	143.101	142.551	142.707	4790	0	6
2025.04.23	03:00:00	142.697	142.711	142.060	142.083	5337	0	6
2025.04.23	04:00:00	142.083	142.253	141.664	141.759	4872	0	6
2025.04.23	05:00:00	141.759	142.001	141.747	141.887	3705	0	6
2025.04.23	06:00:00	141.887	142.193	141.801	142.190	3425	0	6
2025.04.23	07:00:00	142.190	142.243	141.913	141.956	2807	0	6
2025.04.23	08:00:00	141.956	142.144	141.738	142.074	3354	0	6
2025.04.23	09:00:00	142.074	142.144	141.603	141.710	4848	0	6
2025.04.23	10:00:00	141.711	141.943	141.524	141.866	5091	0	6
2025.04.23	11:00:00	141.865	141.952	141.703	141.738	4524	0	6
2025.04.23	12:00:00	141.739	141.940	141.577	141.878	4091	0	6
2025.04.23	13:00:00	141.880	142.031	141.802	141.993	3243	0	6
2025.04.23	14:00:00	141.993	142.184	141.645	141.648	3945	0	6
2025.04.23	15:00:00	141.648	141.882	141.571	141.843	4019	0	6
2025.04.23	16:00:00	141.843	142.690	141.750	142.690	6291	0	6
2025.04.23	17:00:00	142.690	142.791	142.245	142.632	7807	0	7
2025.04.23	18:00:00	142.633	142.712	142.183	142.642	6921	0	6
2025.04.23	19:00:00	142.642	143.071	142.569	143.019	5622	0	7
2025.04.23	20:00:00	143.020	143.290	142.929	143.236	4093	0	7
2025.04.23	21:00:00	143.237	143.492	143.235	143.433	3775	0	6
2025.04.23	22:00:00	143.433	143.484	143.243	143.393	3656	0	6
2025.04.23	23:00:00	143.396	143.570	143.386	143.468	1794	0	7
2025.04.24	00:00:00	143.332	143.374	143.010	143.111	673	0	75
2025.04.24	01:00:00	143.113	143.181	142.886	143.113	2441	0	6
2025.04.24	02:00:00	143.113	143.274	143.047	143.194	3010	0	6
2025.04.24	03:00:00	143.191	143.332	142.855	142.943	4568	0	6
2025.04.24	04:00:00	142.957	143.076	142.705	142.761	4040	0	6
2025.04.24	05:00:00	142.761	142.805	142.598	142.778	3145	0	6
2025.04.24	06:00:00	142.777	142.891	142.741	142.863	2589	0	6
2025.04.24	07:00:00	142.863	142.913	142.721	142.752	2810	0	6
2025.04.24	08:00:00	142.750	142.955	142.727	142.781	3241	0	6
2025.04.24	09:00:00	142.781	142.884	142.663	142.686	3435	0	6
2025.04.24	10:00:00	142.688	142.742	142.548	142.577	4202	0	6
2025.04.24	11:00:00	142.577	142.732	142.497	142.644	4076	0	6
2025.04.24	12:00:00	142.633	142.696	142.421	142.451	2999	0	6
2025.04.24	13:00:00	142.451	142.509	142.300	142.488	3452	0	6
2025.04.24	14:00:00	142.488	142.633	142.349	142.592	3332	0	7
2025.04.24	15:00:00	142.592	142.624	142.285	142.401	4271	0	6
2025.04.24	16:00:00	142.396	142.584	142.316	142.498	5009	0	6
2025.04.24	17:00:00	142.494	142.602	142.275	142.472	5651	0	6
2025.04.24	18:00:00	142.471	142.776	142.447	142.654	4991	0	6
2025.04.24	19:00:00	142.654	142.791	142.566	142.645	3662	0	6
2025.04.24	20:00:00	142.645	142.827	142.618	142.784	2947	0	6
2025.04.24	21:00:00	142.784	142.831	142.716	142.726	2544	0	6
2025.04.24	22:00:00	142.726	142.730	142.486	142.693	2407	0	6
2025.04.24	23:00:00	142.693	142.736	142.522	142.555	1281	0	7
2025.04.25	00:00:00	142.566	142.669	142.552	142.633	523	0	75
2025.04.25	01:00:00	142.649	142.789	142.615	142.717	1660	0	6
2025.04.25	02:00:00	142.715	142.922	142.693	142.852	2258	0	6
2025.04.25	03:00:00	142.853	143.110	142.814	143.061	4076	0	6
2025.04.25	04:00:00	143.061	143.103	142.907	142.962	3663	0	6
2025.04.25	05:00:00	142.962	142.983	142.824	142.965	2945	0	6
2025.04.25	06:00:00	142.964	143.667	142.891	143.643	3949	0	6
2025.04.25	07:00:00	143.643	143.795	143.569	143.614	3704	0	6
2025.04.25	08:00:00	143.614	143.795	143.507	143.619	3477	0	6
2025.04.25	09:00:00	143.619	143.847	143.439	143.549	4068	0	6
2025.04.25	10:00:00	143.541	143.683	143.223	143.396	4637	0	6
2025.04.25	11:00:00	143.396	143.519	143.249	143.415	3427	0	6
2025.04.25	12:00:00	143.417	143.630	143.235	143.611	3230	0	6
2025.04.25	13:00:00	143.612	143.732	143.253	143.302	4286	0	6
2025.04.25	14:00:00	143.308	143.388	143.225	143.375	3256	0	7
2025.04.25	15:00:00	143.373	143.421	143.302	143.412	3547	0	6
2025.04.25	16:00:00	143.412	143.867	143.407	143.746	5156	0	6
2025.04.25	17:00:00	143.756	143.987	143.618	143.981	5841	0	6
2025.04.25	18:00:00	143.980	144.028	143.728	143.750	4005	0	6
2025.04.25	19:00:00	143.750	143.816	143.681	143.810	2475	0	6
2025.04.25	20:00:00	143.810	143.847	143.438	143.521	3299	0	6
2025.04.25	21:00:00	143.522	143.632	143.455	143.555	2923	0	6
2025.04.25	22:00:00	143.555	143.651	143.489	143.650	2305	0	6
2025.04.25	23:00:00	143.649	143.849	143.629	143.722	1157	0	7
2025.04.28	00:00:00	143.531	143.613	143.465	143.602	481	0	119
2025.04.28	01:00:00	143.611	143.873	143.568	143.773	1898	0	6
2025.04.28	02:00:00	143.771	143.873	143.711	143.850	2320	0	6
2025.04.28	03:00:00	143.850	143.851	143.478	143.483	4618	0	6
2025.04.28	04:00:00	143.485	143.714	143.342	143.713	4084	0	6
2025.04.28	05:00:00	143.713	143.859	143.648	143.691	3218	0	6
2025.04.28	06:00:00	143.693	143.700	143.506	143.581	2398	0	6
2025.04.28	07:00:00	143.582	143.639	143.313	143.318	2997	0	6
2025.04.28	08:00:00	143.318	143.535	143.290	143.490	3363	0	6
2025.04.28	09:00:00	143.491	143.851	143.491	143.830	4016	0	6
2025.04.28	10:00:00	143.829	143.893	143.621	143.631	3777	0	6
2025.04.28	11:00:00	143.631	143.705	143.534	143.550	3350	0	6
2025.04.28	12:00:00	143.536	143.573	143.327	143.450	3241	0	6
2025.04.28	13:00:00	143.447	143.501	143.380	143.461	2654	0	6
2025.04.28	14:00:00	143.461	143.544	143.340	143.369	2797	0	6
2025.04.28	15:00:00	143.369	143.374	143.146	143.344	3803	0	6
2025.04.28	16:00:00	143.344	143.436	143.063	143.081	4524	0	6
2025.04.28	17:00:00	143.083	143.125	142.597	142.847	5550	0	6
2025.04.28	18:00:00	142.845	142.878	142.640	142.702	4621	0	6
2025.04.28	19:00:00	142.699	142.708	142.269	142.333	3670	0	6
2025.04.28	20:00:00	142.333	142.367	142.124	142.360	3319	0	6
2025.04.28	21:00:00	142.361	142.386	142.112	142.123	2897	0	6
2025.04.28	22:00:00	142.121	142.157	142.036	142.064	2578	0	6
2025.04.28	23:00:00	142.063	142.095	141.982	141.996	1019	0	6
2025.04.29	00:00:00	141.984	142.060	141.983	142.047	369	0	75
2025.04.29	01:00:00	142.079	142.225	142.008	142.216	1552	0	6
2025.04.29	02:00:00	142.216	142.313	142.079	142.178	2015	0	6
2025.04.29	03:00:00	142.178	142.279	142.064	142.241	3079	0	6
2025.04.29	04:00:00	142.242	142.434	142.138	142.411	2697	0	6
2025.04.29	05:00:00	142.411	142.421	142.121	142.378	2968	0	6
2025.04.29	06:00:00	142.378	142.485	142.312	142.429	2496	0	6
2025.04.29	07:00:00	142.429	142.576	142.406	142.524	2257	0	6
2025.04.29	08:00:00	142.524	142.546	142.381	142.445	2630	0	6
2025.04.29	09:00:00	142.446	142.554	142.300	142.469	3435	0	6
2025.04.29	10:00:00	142.481	142.529	142.344	142.386	4029	0	6
2025.04.29	11:00:00	142.387	142.611	142.323	142.590	3317	0	6
2025.04.29	12:00:00	142.591	142.754	142.528	142.737	2880	0	6
2025.04.29	13:00:00	142.742	142.752	142.645	142.656	2467	0	6
2025.04.29	14:00:00	142.656	142.754	142.587	142.737	2558	0	6
2025.04.29	15:00:00	142.730	142.754	142.251	142.306	4072	0	6
2025.04.29	16:00:00	142.306	142.358	142.046	142.211	5159	0	6
2025.04.29	17:00:00	142.209	142.392	142.006	142.367	6020	0	6
2025.04.29	18:00:00	142.367	142.372	142.125	142.293	4702	0	6
2025.04.29	19:00:00	142.292	142.299	141.967	142.047	4278	0	6
2025.04.29	20:00:00	142.047	142.300	142.009	142.287	2915	0	6
2025.04.29	21:00:00	142.289	142.379	142.247	142.280	2854	0	6
2025.04.29	22:00:00	142.280	142.379	142.199	142.314	2571	0	6
2025.04.29	23:00:00	142.316	142.442	142.255	142.359	1280	0	7
2025.04.30	00:00:00	142.227	142.257	142.153	142.248	501	0	75
2025.04.30	01:00:00	142.248	142.368	142.199	142.265	1630	0	6
2025.04.30	02:00:00	142.265	142.322	142.159	142.256	1744	0	6
2025.04.30	03:00:00	142.238	142.506	142.167	142.428	3446	0	6
2025.04.30	04:00:00	142.426	142.456	142.227	142.444	2882	0	6
2025.04.30	05:00:00	142.444	142.545	142.362	142.458	2523	0	6
2025.04.30	06:00:00	142.458	142.526	142.326	142.512	1967	0	6
2025.04.30	07:00:00	142.512	142.555	142.416	142.513	1966	0	6
2025.04.30	08:00:00	142.514	142.546	142.449	142.498	1777	0	6
2025.04.30	09:00:00	142.498	142.715	142.488	142.579	2931	0	6
2025.04.30	10:00:00	142.578	142.884	142.576	142.802	3139	0	6
2025.04.30	11:00:00	142.802	142.946	142.718	142.906	2865	0	6
2025.04.30	12:00:00	142.907	143.148	142.872	143.103	2695	0	6
2025.04.30	13:00:00	143.103	143.108	143.002	143.067	2710	0	6
2025.04.30	14:00:00	143.067	143.133	142.900	143.012	3097	0	6
2025.04.30	15:00:00	143.011	143.048	142.682	142.815	5450	0	7
2025.04.30	16:00:00	142.817	142.909	142.641	142.664	5773	0	6
2025.04.30	17:00:00	142.663	143.041	142.584	142.631	6279	0	6
2025.04.30	18:00:00	142.628	142.935	142.504	142.627	5504	0	6
2025.04.30	19:00:00	142.628	142.758	142.591	142.676	3967	0	6
2025.04.30	20:00:00	142.676	142.844	142.599	142.834	2912	0	6
2025.04.30	21:00:00	142.833	143.003	142.762	142.773	3386	0	6
2025.04.30	22:00:00	142.773	142.976	142.714	142.906	2949	0	7
2025.04.30	23:00:00	142.907	143.186	142.900	143.063	2428	0	7
2025.05.01	00:00:00	142.937	142.998	142.895	142.939	626	0	51
2025.05.01	01:00:00	142.921	143.075	142.921	143.014	1402	0	6
2025.05.01	02:00:00	143.009	143.076	142.959	143.017	1408	0	6
2025.05.01	03:00:00	143.016	143.035	142.875	143.002	2743	0	6
2025.05.01	04:00:00	143.001	143.238	142.989	143.201	2031	0	6
2025.05.01	05:00:00	143.199	143.207	143.061	143.080	1487	0	6
2025.05.01	06:00:00	143.075	143.752	142.958	143.687	3345	0	6
2025.05.01	07:00:00	143.687	143.897	143.687	143.876	2345	0	6
2025.05.01	08:00:00	143.876	144.249	143.868	144.047	3167	0	6
2025.05.01	09:00:00	144.047	144.592	144.002	144.580	3642	0	6
2025.05.01	10:00:00	144.587	144.740	144.304	144.364	3689	0	6
2025.05.01	11:00:00	144.361	144.393	144.156	144.213	2746	0	6
2025.05.01	12:00:00	144.215	144.429	144.123	144.388	2224	0	6
2025.05.01	13:00:00	144.387	144.421	144.245	144.274	2059	0	6
2025.05.01	14:00:00	144.274	144.552	144.153	144.479	2921	0	6
2025.05.01	15:00:00	144.478	144.763	144.147	144.707	4449	0	6
2025.05.01	16:00:00	144.709	144.796	144.507	144.511	5086	0	6
2025.05.01	17:00:00	144.651	145.493	144.534	145.347	5780	0	6
2025.05.01	18:00:00	145.348	145.651	145.228	145.472	4472	0	6
2025.05.01	19:00:00	145.472	145.535	145.350	145.390	3459	0	6
2025.05.01	20:00:00	145.390	145.574	145.358	145.529	2647	0	6
2025.05.01	21:00:00	145.529	145.732	145.519	145.677	3319	0	6
2025.05.01	22:00:00	145.677	145.704	145.500	145.537	2582	0	6
2025.05.01	23:00:00	145.526	145.557	145.326	145.341	1874	0	7
2025.05.02	00:00:00	145.406	145.420	145.237	145.259	554	0	75
2025.05.02	01:00:00	145.279	145.398	145.237	145.332	1260	0	6
2025.05.02	02:00:00	145.331	145.608	145.330	145.407	2092	0	6
2025.05.02	03:00:00	145.407	145.922	145.321	145.868	4650	0	6
2025.05.02	04:00:00	145.868	145.869	145.427	145.434	3826	0	6
2025.05.02	05:00:00	145.432	145.504	145.296	145.459	3058	0	6
2025.05.02	06:00:00	145.459	145.474	145.140	145.219	2659	0	6
2025.05.02	07:00:00	145.219	145.421	145.214	145.387	3168	0	6
2025.05.02	08:00:00	145.388	145.409	145.181	145.247	3039	0	6
2025.05.02	09:00:00	145.247	145.295	145.041	145.197	3807	0	6
2025.05.02	10:00:00	145.195	145.268	145.040	145.126	3607	0	6
2025.05.02	11:00:00	145.126	145.206	144.821	144.830	3623	0	6
2025.05.02	12:00:00	144.831	144.900	144.435	144.572	4035	0	6
2025.05.02	13:00:00	144.574	144.811	144.545	144.661	3091	0	6
2025.05.02	14:00:00	144.661	144.707	144.362	144.554	3365	0	7
2025.05.02	15:00:00	144.554	144.952	144.328	144.638	5960	0	6
2025.05.02	16:00:00	144.641	144.641	143.728	143.868	6938	0	7
2025.05.02	17:00:00	143.868	144.157	143.728	144.007	6250	0	6
2025.05.02	18:00:00	144.007	144.630	144.007	144.523	4925	0	6
2025.05.02	19:00:00	144.523	144.791	144.487	144.671	4749	0	8
2025.05.02	20:00:00	144.674	144.775	144.576	144.721	3618	0	7
2025.05.02	21:00:00	144.720	145.080	144.674	145.024	2939	0	6
2025.05.02	22:00:00	145.021	145.073	144.885	144.979	2542	0	6
2025.05.02	23:00:00	144.986	145.057	144.838	144.845	1106	0	7
2025.05.05	00:00:00	144.676	144.835	144.665	144.819	392	0	75
2025.05.05	01:00:00	144.825	144.993	144.667	144.756	2073	0	6
2025.05.05	02:00:00	144.756	144.858	144.507	144.649	2240	0	6
2025.05.05	03:00:00	144.646	144.795	144.608	144.638	3372	0	6
2025.05.05	04:00:00	144.624	144.627	144.106	144.232	3911	0	6
2025.05.05	05:00:00	144.230	144.311	144.062	144.168	2664	0	6
2025.05.05	06:00:00	144.168	144.345	144.157	144.291	1968	0	6
2025.05.05	07:00:00	144.291	144.292	144.093	144.146	2130	0	6
2025.05.05	08:00:00	144.146	144.230	143.964	144.176	2775	0	6
2025.05.05	09:00:00	144.176	144.419	144.171	144.322	3468	0	6
2025.05.05	10:00:00	144.321	144.421	144.195	144.357	3126	0	6
2025.05.05	11:00:00	144.361	144.364	143.891	144.053	3432	0	6
2025.05.05	12:00:00	144.048	144.069	143.818	143.860	3191	0	6
2025.05.05	13:00:00	143.860	143.997	143.802	143.954	2617	0	6
2025.05.05	14:00:00	143.954	143.971	143.745	143.847	2622	0	6
2025.05.05	15:00:00	143.854	143.892	143.571	143.634	3613	0	6
2025.05.05	16:00:00	143.634	143.731	143.537	143.629	4006	0	6
2025.05.05	17:00:00	143.901	144.029	143.631	143.771	5491	0	7
2025.05.05	18:00:00	143.773	144.003	143.587	143.978	3931	0	6
2025.05.05	19:00:00	143.978	144.232	143.949	144.168	2739	0	6
2025.05.05	20:00:00	144.167	144.170	144.032	144.093	2390	0	6
2025.05.05	21:00:00	144.093	144.133	143.892	143.917	2163	0	6
2025.05.05	22:00:00	143.917	143.923	143.695	143.763	2516	0	6
2025.05.05	23:00:00	143.763	143.789	143.653	143.705	1232	0	7
2025.05.06	00:00:00	143.666	143.725	143.643	143.673	630	0	75
2025.05.06	01:00:00	143.672	143.754	143.633	143.742	729	0	7
2025.05.06	02:00:00	143.746	143.801	143.554	143.703	1423	0	7
2025.05.06	03:00:00	143.701	144.016	143.686	143.999	2835	0	7
2025.05.06	04:00:00	143.999	144.273	143.942	144.043	3087	0	6
2025.05.06	05:00:00	144.043	144.056	143.649	143.817	2503	0	6
2025.05.06	06:00:00	143.817	143.860	143.728	143.786	2201	0	6
2025.05.06	07:00:00	143.786	143.802	143.620	143.709	2064	0	6
2025.05.06	08:00:00	143.709	143.831	143.695	143.794	2194	0	6
2025.05.06	09:00:00	143.794	143.924	143.638	143.691	3290	0	6
2025.05.06	10:00:00	143.691	143.725	143.204	143.326	4352	0	6
2025.05.06	11:00:00	143.326	143.353	142.903	143.130	4248	0	6
2025.05.06	12:00:00	143.130	143.349	143.065	143.301	3318	0	6
2025.05.06	13:00:00	143.301	143.319	143.046	143.056	3006	0	6
2025.05.06	14:00:00	143.057	143.124	142.742	142.779	3108	0	6
2025.05.06	15:00:00	142.768	142.960	142.486	142.513	3552	0	6
2025.05.06	16:00:00	142.512	142.750	142.353	142.463	4214	0	6
2025.05.06	17:00:00	142.467	142.892	142.406	142.854	4776	0	6
2025.05.06	18:00:00	142.853	142.941	142.749	142.768	3744	0	6
2025.05.06	19:00:00	142.768	143.031	142.661	142.727	3766	0	6
2025.05.06	20:00:00	142.727	142.732	142.509	142.510	2953	0	6
2025.05.06	21:00:00	142.510	142.645	142.431	142.442	2475	0	6
2025.05.06	22:00:00	142.442	142.472	142.354	142.395	2575	0	6
2025.05.06	23:00:00	142.395	142.499	142.382	142.385	1556	0	7
2025.05.07	00:00:00	142.411	142.466	142.374	142.387	553	0	75
2025.05.07	01:00:00	142.419	143.272	142.417	143.239	3165	0	6
2025.05.07	02:00:00	143.238	143.307	143.003	143.087	2419	0	6
2025.05.07	03:00:00	143.085	143.299	142.837	142.945	4495	0	8
2025.05.07	04:00:00	142.945	143.172	142.743	142.954	4238	0	6
2025.05.07	05:00:00	142.955	143.191	142.955	143.122	3326	0	6
2025.05.07	06:00:00	143.123	143.212	143.055	143.105	2537	0	6
2025.05.07	07:00:00	143.103	143.324	143.041	143.278	2149	0	6
2025.05.07	08:00:00	143.278	143.302	143.002	143.053	2571	0	6
2025.05.07	09:00:00	143.055	143.092	142.827	142.864	3279	0	6
2025.05.07	10:00:00	142.875	143.272	142.865	143.172	3543	0	6
2025.05.07	11:00:00	143.172	143.437	143.170	143.315	3275	0	6
2025.05.07	12:00:00	143.316	143.452	143.259	143.315	3011	0	6
2025.05.07	13:00:00	143.313	143.321	143.154	143.250	2438	0	6
2025.05.07	14:00:00	143.249	143.413	143.191	143.388	2404	0	6
2025.05.07	15:00:00	143.388	143.448	143.272	143.354	3669	0	6
2025.05.07	16:00:00	143.354	143.357	143.118	143.210	4111	0	6
2025.05.07	17:00:00	143.211	143.391	143.138	143.302	3924	0	6
2025.05.07	18:00:00	143.300	143.474	143.210	143.474	3904	0	6
2025.05.07	19:00:00	143.474	143.583	143.399	143.410	3145	0	6
2025.05.07	20:00:00	143.411	143.540	143.260	143.335	2467	0	6
2025.05.07	21:00:00	143.335	143.777	142.902	143.516	6220	0	7
2025.05.07	22:00:00	143.515	143.973	143.466	143.811	6145	0	6
2025.05.07	23:00:00	143.799	143.994	143.766	143.825	2134	0	7
2025.05.08	00:00:00	143.722	143.757	143.668	143.747	441	0	75
2025.05.08	01:00:00	143.754	143.909	143.752	143.877	1154	0	6
2025.05.08	02:00:00	143.882	143.883	143.730	143.860	1459	0	6
2025.05.08	03:00:00	143.860	143.951	143.564	143.849	3404	0	6
2025.05.08	04:00:00	143.849	143.891	143.443	143.502	4318	0	6
2025.05.08	05:00:00	143.504	143.677	143.463	143.669	2896	0	6
2025.05.08	06:00:00	143.669	143.671	143.526	143.599	2304	0	6
2025.05.08	07:00:00	143.599	143.781	143.548	143.773	2107	0	6
2025.05.08	08:00:00	143.773	144.066	143.773	143.924	3315	0	7
2025.05.08	09:00:00	143.921	144.430	143.846	144.409	4132	0	6
2025.05.08	10:00:00	144.405	144.515	144.310	144.322	3940	0	6
2025.05.08	11:00:00	144.321	144.847	144.256	144.808	3595	0	6
2025.05.08	12:00:00	144.808	144.948	144.740	144.794	3313	0	6
2025.05.08	13:00:00	144.796	145.005	144.658	144.779	2804	0	6
2025.05.08	14:00:00	144.779	144.808	144.601	144.642	3418	0	6
2025.05.08	15:00:00	144.642	144.861	144.508	144.681	4705	0	6
2025.05.08	16:00:00	144.681	144.681	144.430	144.538	4859	0	6
2025.05.08	17:00:00	144.539	145.116	144.433	145.006	5154	0	6
2025.05.08	18:00:00	145.006	145.592	144.902	145.461	6180	0	6
2025.05.08	19:00:00	145.456	145.783	145.452	145.722	4430	0	6
2025.05.08	20:00:00	145.720	145.944	145.616	145.711	3378	0	6
2025.05.08	21:00:00	145.710	145.927	145.676	145.880	2708	0	6
2025.05.08	22:00:00	145.880	146.172	145.815	145.914	3469	0	6
2025.05.08	23:00:00	145.915	145.965	145.804	145.890	1543	0	7
2025.05.09	00:00:00	145.786	145.920	145.778	145.892	1043	0	75
2025.05.09	01:00:00	145.898	145.929	145.764	145.824	1211	0	6
2025.05.09	02:00:00	145.831	146.063	145.801	145.948	1624	0	6
2025.05.09	03:00:00	145.944	146.183	145.670	145.693	3937	0	6
2025.05.09	04:00:00	145.693	145.833	145.620	145.750	3480	0	6
2025.05.09	05:00:00	145.750	145.968	145.646	145.667	2897	0	6
2025.05.09	06:00:00	145.665	145.709	145.459	145.656	2727	0	6
2025.05.09	07:00:00	145.656	145.658	145.449	145.495	2288	0	6
2025.05.09	08:00:00	145.495	145.628	145.406	145.427	2885	0	6
2025.05.09	09:00:00	145.427	145.456	145.234	145.289	3281	0	6
2025.05.09	10:00:00	145.289	145.411	145.132	145.170	4062	0	6
2025.05.09	11:00:00	145.169	145.326	145.071	145.183	2856	0	6
2025.05.09	12:00:00	145.185	145.322	145.093	145.310	2440	0	6
2025.05.09	13:00:00	145.311	145.404	145.218	145.288	2434	0	6
2025.05.09	14:00:00	145.288	145.319	144.933	145.125	3935	0	7
2025.05.09	15:00:00	145.125	145.351	145.100	145.247	3071	0	7
2025.05.09	16:00:00	145.247	145.295	145.018	145.153	4122	0	6
2025.05.09	17:00:00	145.153	145.267	144.822	144.998	5290	0	6
2025.05.09	18:00:00	145.002	145.200	144.995	145.149	4451	0	6
2025.05.09	19:00:00	145.149	145.293	145.054	145.277	3381	0	6
2025.05.09	20:00:00	145.276	145.350	145.198	145.232	2525	0	6
2025.05.09	21:00:00	145.232	145.306	145.144	145.262	2165	0	6
2025.05.09	22:00:00	145.261	145.367	145.249	145.296	1784	0	6
2025.05.09	23:00:00	145.294	145.364	145.290	145.362	962	0	7
2025.05.12	00:00:00	146.086	146.179	146.027	146.122	798	0	75
2025.05.12	01:00:00	146.123	146.175	145.770	145.836	2732	0	7
2025.05.12	02:00:00	145.835	145.913	145.700	145.838	2679	0	6
2025.05.12	03:00:00	145.836	146.080	145.730	145.905	4582	0	6
2025.05.12	04:00:00	145.905	146.282	145.842	146.090	4724	0	6
2025.05.12	05:00:00	146.086	146.100	145.713	145.851	3176	0	6
2025.05.12	06:00:00	145.851	145.913	145.725	145.729	2764	0	6
2025.05.12	07:00:00	145.725	145.936	145.711	145.922	2785	0	6
2025.05.12	08:00:00	145.921	146.123	145.889	146.008	3279	0	6
2025.05.12	09:00:00	146.008	146.163	145.869	146.124	4023	0	6
2025.05.12	10:00:00	146.119	147.992	146.097	147.914	9666	0	6
2025.05.12	11:00:00	147.914	148.224	147.619	147.754	7258	0	6
2025.05.12	12:00:00	147.763	148.141	147.664	148.069	5128	0	6
2025.05.12	13:00:00	148.074	148.589	148.041	148.398	5658	0	6
2025.05.12	14:00:00	148.398	148.409	147.864	147.875	5964	0	6
2025.05.12	15:00:00	147.874	148.240	147.874	148.048	4957	0	6
2025.05.12	16:00:00	148.048	148.142	147.812	148.086	7005	0	6
2025.05.12	17:00:00	148.088	148.326	147.968	148.192	7417	0	6
2025.05.12	18:00:00	148.196	148.217	148.023	148.097	5523	0	6
2025.05.12	19:00:00	148.096	148.552	148.045	148.511	3603	0	6
2025.05.12	20:00:00	148.510	148.631	148.472	148.497	3341	0	6
2025.05.12	21:00:00	148.498	148.646	148.278	148.334	2965	0	6
2025.05.12	22:00:00	148.334	148.436	148.268	148.382	2863	0	6
2025.05.12	23:00:00	148.381	148.475	148.357	148.464	1274	0	7
2025.05.13	00:00:00	148.412	148.436	148.284	148.340	639	0	75
2025.05.13	01:00:00	148.346	148.440	148.325	148.364	1248	0	6
2025.05.13	02:00:00	148.363	148.452	148.189	148.254	1896	0	6
2025.05.13	03:00:00	148.250	148.251	147.790	147.811	4094	0	8
2025.05.13	04:00:00	147.809	148.032	147.759	147.834	3815	0	6
2025.05.13	05:00:00	147.835	147.988	147.763	147.956	2497	0	6
2025.05.13	06:00:00	147.958	147.988	147.727	147.753	2081	0	6
2025.05.13	07:00:00	147.754	147.915	147.696	147.698	2283	0	6
2025.05.13	08:00:00	147.697	147.906	147.641	147.815	2559	0	6
2025.05.13	09:00:00	147.815	147.984	147.781	147.938	3847	0	6
2025.05.13	10:00:00	147.949	148.051	147.761	147.846	5258	0	6
2025.05.13	11:00:00	147.850	148.059	147.728	147.918	4190	0	6
2025.05.13	12:00:00	147.918	148.025	147.860	147.978	3161	0	6
2025.05.13	13:00:00	147.978	148.134	147.943	148.054	2963	0	6
2025.05.13	14:00:00	148.054	148.136	148.019	148.113	2418	0	6
2025.05.13	15:00:00	148.112	148.273	147.824	147.987	5645	0	7
2025.05.13	16:00:00	147.988	148.013	147.654	147.882	6510	0	6
2025.05.13	17:00:00	147.882	148.058	147.809	147.837	6636	0	6
2025.05.13	18:00:00	147.837	147.910	147.697	147.753	5482	0	6
2025.05.13	19:00:00	147.754	147.802	147.451	147.607	3789	0	6
2025.05.13	20:00:00	147.607	147.770	147.563	147.608	2808	0	6
2025.05.13	21:00:00	147.609	147.658	147.459	147.499	2738	0	6
2025.05.13	22:00:00	147.492	147.558	147.372	147.424	2598	0	6
2025.05.13	23:00:00	147.423	147.474	147.374	147.450	1161	0	7
2025.05.14	00:00:00	147.419	147.461	147.414	147.422	253	0	75
2025.05.14	01:00:00	147.447	147.451	147.300	147.350	1004	0	7
2025.05.14	02:00:00	147.342	147.546	147.342	147.519	1507	0	7
2025.05.14	03:00:00	147.521	147.667	147.275	147.362	3534	0	6
2025.05.14	04:00:00	147.361	147.408	147.000	147.204	3825	0	6
2025.05.14	05:00:00	147.204	147.300	147.113	147.193	2781	0	6
2025.05.14	06:00:00	147.193	147.240	147.041	147.084	2638	0	6
2025.05.14	07:00:00	147.084	147.159	146.875	146.944	2811	0	6
2025.05.14	08:00:00	146.944	147.067	146.836	147.065	2768	0	6
2025.05.14	09:00:00	147.069	147.213	146.958	147.150	3724	0	6
2025.05.14	10:00:00	147.155	147.210	146.921	146.976	4508	0	6
2025.05.14	11:00:00	146.976	146.983	146.125	146.248	6570	0	6
2025.05.14	12:00:00	146.230	146.350	145.601	145.881	5827	0	6
2025.05.14	13:00:00	145.881	146.070	145.786	145.922	3636	0	6
2025.05.14	14:00:00	145.922	146.202	145.917	146.175	3678	0	6
2025.05.14	15:00:00	146.175	146.394	146.003	146.190	5007	0	6
2025.05.14	16:00:00	146.190	146.389	145.759	145.998	6427	0	6
2025.05.14	17:00:00	145.998	146.347	145.990	146.309	6501	0	6
2025.05.14	18:00:00	146.309	146.649	146.252	146.549	5550	0	6
2025.05.14	19:00:00	146.543	147.118	146.461	146.693	4720	0	6
2025.05.14	20:00:00	146.696	146.730	146.437	146.573	3857	0	6
2025.05.14	21:00:00	146.573	146.796	146.548	146.721	2979	0	6
2025.05.14	22:00:00	146.721	146.895	146.714	146.821	3246	0	6
2025.05.14	23:00:00	146.818	146.888	146.725	146.757	1438	0	7
2025.05.15	00:00:00	146.675	146.675	146.596	146.601	670	0	75
2025.05.15	01:00:00	146.602	146.689	146.567	146.616	966	0	6
2025.05.15	02:00:00	146.613	146.659	146.423	146.633	1882	0	6
2025.05.15	03:00:00	146.633	146.748	146.163	146.209	3782	0	7
2025.05.15	04:00:00	146.211	146.331	146.070	146.282	3825	0	6
2025.05.15	05:00:00	146.282	146.379	146.190	146.225	2715	0	6
2025.05.15	06:00:00	146.227	146.278	145.947	146.089	2642	0	6
2025.05.15	07:00:00	146.090	146.169	145.976	146.089	2705	0	6
2025.05.15	08:00:00	146.089	146.141	145.928	145.978	3292	0	6
2025.05.15	09:00:00	145.978	146.087	145.480	145.537	4726	0	6
2025.05.15	10:00:00	145.536	145.938	145.525	145.882	4564	0	6
2025.05.15	11:00:00	145.888	145.987	145.638	145.748	3807	0	6
2025.05.15	12:00:00	145.748	145.948	145.729	145.934	3428	0	6
2025.05.15	13:00:00	145.934	145.977	145.828	145.973	3090	0	6
2025.05.15	14:00:00	145.968	146.099	145.903	146.082	3598	0	6
2025.05.15	15:00:00	146.082	146.251	145.611	145.796	6053	0	6
2025.05.15	16:00:00	145.796	145.926	145.574	145.797	7440	0	6
2025.05.15	17:00:00	145.790	146.040	145.412	145.857	7211	0	6
2025.05.15	18:00:00	145.858	145.917	145.607	145.614	5587	0	6
2025.05.15	19:00:00	145.614	145.715	145.531	145.615	3664	0	6
2025.05.15	20:00:00	145.620	145.766	145.557	145.752	3012	0	6
2025.05.15	21:00:00	145.752	145.753	145.612	145.686	2551	0	6
2025.05.15	22:00:00	145.686	145.725	145.544	145.617	2569	0	6
2025.05.15	23:00:00	145.617	145.658	145.569	145.645	1160	0	7
2025.05.16	00:00:00	145.589	145.673	145.548	145.562	403	0	75
2025.05.16	01:00:00	145.565	145.674	145.435	145.464	1286	0	6
2025.05.16	02:00:00	145.464	145.676	145.421	145.569	1851	0	6
2025.05.16	03:00:00	145.569	145.616	144.994	145.087	5109	0	7
2025.05.16	04:00:00	145.087	145.256	144.961	145.182	3622	0	6
2025.05.16	05:00:00	145.182	145.421	145.120	145.407	3033	0	6
2025.05.16	06:00:00	145.408	145.461	145.230	145.262	2781	0	6
2025.05.16	07:00:00	145.262	145.385	145.188	145.303	2425	0	6
2025.05.16	08:00:00	145.304	145.370	145.171	145.222	2496	0	6
2025.05.16	09:00:00	145.223	145.361	144.986	145.055	3520	0	6
2025.05.16	10:00:00	145.055	145.257	144.917	145.232	4830	0	6
2025.05.16	11:00:00	145.232	145.420	145.223	145.298	3458	0	6
2025.05.16	12:00:00	145.299	145.590	145.260	145.559	3262	0	6
2025.05.16	13:00:00	145.559	145.599	145.439	145.538	3432	0	6
2025.05.16	14:00:00	145.533	145.672	145.434	145.644	3322	0	6
2025.05.16	15:00:00	145.644	145.692	145.480	145.509	4138	0	6
2025.05.16	16:00:00	145.507	145.597	145.422	145.485	4327	0	6
2025.05.16	17:00:00	145.479	146.072	145.393	145.953	6260	0	6
2025.05.16	18:00:00	145.958	146.048	145.915	146.021	3741	0	6
2025.05.16	19:00:00	146.021	146.099	145.864	145.938	2868	0	7
2025.05.16	20:00:00	145.938	146.032	145.892	145.916	2303	0	6
2025.05.16	21:00:00	145.916	145.932	145.827	145.897	1957	0	6
2025.05.16	22:00:00	145.897	145.981	145.824	145.958	1996	0	6
2025.05.16	23:00:00	145.958	145.959	145.604	145.615	2081	0	7
2025.05.19	00:00:00	145.308	145.448	145.290	145.448	442	0	75
2025.05.19	01:00:00	145.450	145.450	145.008	145.157	2901	0	7
2025.05.19	02:00:00	145.155	145.450	145.123	145.232	2840	0	7
2025.05.19	03:00:00	145.233	145.335	144.837	144.903	6392	0	7
2025.05.19	04:00:00	144.903	145.183	144.798	145.135	4898	0	6
2025.05.19	05:00:00	145.135	145.301	145.051	145.222	4205	0	6
2025.05.19	06:00:00	145.222	145.289	145.115	145.238	3023	0	6
2025.05.19	07:00:00	145.238	145.340	145.217	145.308	2912	0	6
2025.05.19	08:00:00	145.308	145.312	145.148	145.167	3311	0	6
2025.05.19	09:00:00	145.167	145.214	144.981	144.993	4619	0	6
2025.05.19	10:00:00	144.995	145.095	144.658	144.848	5962	0	6
2025.05.19	11:00:00	144.847	145.031	144.828	144.881	4370	0	6
2025.05.19	12:00:00	144.879	144.971	144.748	144.827	4534	0	6
2025.05.19	13:00:00	144.822	144.880	144.701	144.797	3858	0	6
2025.05.19	14:00:00	144.797	145.039	144.773	144.895	3671	0	6
2025.05.19	15:00:00	144.893	145.022	144.859	145.019	4379	0	6
2025.05.19	16:00:00	145.018	145.126	144.855	144.989	6604	0	6
2025.05.19	17:00:00	144.981	145.214	144.827	144.896	6334	0	6
2025.05.19	18:00:00	144.896	145.014	144.781	144.985	4690	0	6
2025.05.19	19:00:00	144.985	145.087	144.953	144.981	2933	0	6
2025.05.19	20:00:00	144.981	145.108	144.925	145.039	2747	0	6
2025.05.19	21:00:00	145.036	145.087	144.951	144.974	2242	0	6
2025.05.19	22:00:00	144.973	144.983	144.798	144.849	1783	0	6
2025.05.19	23:00:00	144.849	144.886	144.771	144.871	1239	0	7
2025.05.20	00:00:00	144.823	144.872	144.811	144.825	354	0	75
2025.05.20	01:00:00	144.839	144.973	144.838	144.947	834	0	6
2025.05.20	02:00:00	144.947	145.004	144.839	144.975	1397	0	6
2025.05.20	03:00:00	144.975	145.509	144.974	145.269	4270	0	8
2025.05.20	04:00:00	145.269	145.269	144.722	144.894	4689	0	6
2025.05.20	05:00:00	144.894	145.295	144.742	145.112	2823	0	6
2025.05.20	06:00:00	145.112	145.173	144.771	144.812	2793	0	6
2025.05.20	07:00:00	144.810	144.846	144.708	144.763	3125	0	6
2025.05.20	08:00:00	144.765	144.765	144.317	144.377	4722	0	6
2025.05.20	09:00:00	144.377	144.528	144.303	144.496	4677	0	6
2025.05.20	10:00:00	144.495	144.510	144.092	144.123	5429	0	6
2025.05.20	11:00:00	144.126	144.483	144.122	144.483	4096	0	6
2025.05.20	12:00:00	144.484	144.614	144.368	144.477	3868	0	6
2025.05.20	13:00:00	144.480	144.623	144.448	144.590	3263	0	6
2025.05.20	14:00:00	144.590	144.670	144.455	144.590	3159	0	6
2025.05.20	15:00:00	144.590	144.833	144.552	144.809	4292	0	7
2025.05.20	16:00:00	144.809	144.973	144.801	144.848	5507	0	6
2025.05.20	17:00:00	144.848	144.856	144.514	144.562	6264	0	6
2025.05.20	18:00:00	144.561	144.769	144.551	144.717	4053	0	6
2025.05.20	19:00:00	144.716	144.883	144.617	144.807	3198	0	6
2025.05.20	20:00:00	144.810	144.882	144.631	144.640	2648	0	6
2025.05.20	21:00:00	144.640	144.693	144.501	144.548	2885	0	6
2025.05.20	22:00:00	144.547	144.550	144.429	144.543	2460	0	6
2025.05.20	23:00:00	144.542	144.567	144.451	144.512	1484	0	7
2025.05.21	00:00:00	144.464	144.549	144.403	144.444	586	0	75
2025.05.21	01:00:00	144.456	144.480	144.163	144.423	1890	0	6
2025.05.21	02:00:00	144.423	144.442	144.292	144.315	1629	0	6
2025.05.21	03:00:00	144.315	144.344	144.123	144.170	4242	0	6
2025.05.21	04:00:00	144.170	144.347	144.044	144.205	3748	0	6
2025.05.21	05:00:00	144.205	144.235	143.844	143.861	3664	0	6
2025.05.21	06:00:00	143.857	143.972	143.721	143.790	2795	0	6
2025.05.21	07:00:00	143.794	143.873	143.640	143.741	2286	0	6
2025.05.21	08:00:00	143.743	143.772	143.527	143.566	2868	0	6
2025.05.21	09:00:00	143.566	143.791	143.454	143.709	5171	0	6
2025.05.21	10:00:00	143.712	143.959	143.682	143.900	5119	0	6
2025.05.21	11:00:00	143.899	144.191	143.831	144.116	4067	0	6
2025.05.21	12:00:00	144.116	144.181	143.971	143.984	3815	0	6
2025.05.21	13:00:00	143.984	144.019	143.465	143.660	4760	0	6
2025.05.21	14:00:00	143.661	143.850	143.552	143.747	4153	0	6
2025.05.21	15:00:00	143.747	143.856	143.621	143.686	5118	0	6
2025.05.21	16:00:00	143.685	143.887	143.591	143.711	5932	0	6
2025.05.21	17:00:00	143.716	143.892	143.555	143.668	6184	0	6
2025.05.21	18:00:00	143.667	143.778	143.602	143.683	4714	0	6
2025.05.21	19:00:00	143.683	143.769	143.621	143.647	2899	0	6
2025.05.21	20:00:00	143.647	143.684	143.279	143.487	6475	0	7
2025.05.21	21:00:00	143.487	143.667	143.450	143.634	4458	0	6
2025.05.21	22:00:00	143.638	143.695	143.554	143.682	3581	0	6
2025.05.21	23:00:00	143.683	143.760	143.630	143.671	1747	0	7
2025.05.22	00:00:00	143.585	143.676	143.532	143.613	681	0	75
2025.05.22	01:00:00	143.613	144.403	143.613	144.098	2789	0	6
2025.05.22	02:00:00	144.100	144.152	143.646	143.690	2539	0	6
2025.05.22	03:00:00	143.685	143.725	143.285	143.465	5044	0	6
2025.05.22	04:00:00	143.475	143.630	143.198	143.347	4228	0	6
2025.05.22	05:00:00	143.358	143.464	143.141	143.188	3311	0	6
2025.05.22	06:00:00	143.184	143.354	143.174	143.314	2362	0	6
2025.05.22	07:00:00	143.315	143.387	143.253	143.298	2344	0	6
2025.05.22	08:00:00	143.297	143.434	143.239	143.369	2576	0	6
2025.05.22	09:00:00	143.363	143.386	143.099	143.329	4406	0	6
2025.05.22	10:00:00	143.329	143.388	143.001	143.053	5267	0	6
2025.05.22	11:00:00	143.051	143.382	142.798	143.276	5093	0	6
2025.05.22	12:00:00	143.276	143.552	143.256	143.479	4007	0	6
2025.05.22	13:00:00	143.479	143.693	143.406	143.654	3430	0	6
2025.05.22	14:00:00	143.654	143.776	143.333	143.361	4235	0	7
2025.05.22	15:00:00	143.359	143.696	143.270	143.553	5790	0	6
2025.05.22	16:00:00	143.552	143.895	143.430	143.880	6743	0	6
2025.05.22	17:00:00	143.880	143.964	143.678	143.756	6905	0	6
2025.05.22	18:00:00	143.756	144.045	143.753	143.891	5544	0	6
2025.05.22	19:00:00	143.893	144.111	143.860	144.017	3549	0	6
2025.05.22	20:00:00	144.015	144.326	143.999	144.211	3514	0	6
2025.05.22	21:00:00	144.219	144.268	144.090	144.145	2468	0	6
2025.05.22	22:00:00	144.145	144.148	143.923	143.995	2066	0	6
2025.05.22	23:00:00	143.997	144.020	143.898	143.987	1201	0	7
2025.05.23	00:00:00	143.948	144.057	143.946	144.004	457	0	75
2025.05.23	01:00:00	144.047	144.051	143.804	143.812	1657	0	6
2025.05.23	02:00:00	143.812	143.919	143.759	143.857	1294	0	6
2025.05.23	03:00:00	143.866	144.013	143.751	143.858	4333	0	6
2025.05.23	04:00:00	143.852	143.966	143.579	143.597	3729	0	6
2025.05.23	05:00:00	143.599	143.655	143.537	143.547	2418	0	6
2025.05.23	06:00:00	143.548	143.548	143.412	143.432	2162	0	6
2025.05.23	07:00:00	143.432	143.483	143.356	143.463	1885	0	6
2025.05.23	08:00:00	143.463	143.580	143.405	143.422	2278	0	6
2025.05.23	09:00:00	143.422	143.561	143.330	143.429	3407	0	6
2025.05.23	10:00:00	143.430	143.467	143.228	143.307	4161	0	6
2025.05.23	11:00:00	143.307	143.418	143.278	143.311	3392	0	6
2025.05.23	12:00:00	143.312	143.334	143.142	143.306	3334	0	6
2025.05.23	13:00:00	143.304	143.391	143.271	143.366	3108	0	6
2025.05.23	14:00:00	143.366	143.427	142.507	142.625	7424	0	8
2025.05.23	15:00:00	142.631	142.823	142.450	142.604	8462	0	6
2025.05.23	16:00:00	142.604	142.894	142.525	142.803	7006	0	6
2025.05.23	17:00:00	142.802	142.882	142.521	142.660	6798	0	6
2025.05.23	18:00:00	142.662	142.834	142.542	142.614	5679	0	6
2025.05.23	19:00:00	142.614	142.783	142.611	142.641	3514	0	6
2025.05.23	20:00:00	142.641	142.730	142.524	142.591	2285	0	6
2025.05.23	21:00:00	142.591	142.617	142.419	142.519	2551	0	6
2025.05.23	22:00:00	142.519	142.553	142.458	142.496	2172	0	6
2025.05.23	23:00:00	142.496	142.573	142.484	142.555	1466	0	7
2025.05.26	00:00:00	142.434	142.540	142.412	142.458	540	0	75
2025.05.26	01:00:00	142.483	143.082	142.467	142.786	3164	0	6
2025.05.26	02:00:00	142.774	142.934	142.749	142.825	2127	0	7
2025.05.26	03:00:00	142.825	142.875	142.533	142.556	4444	0	6
2025.05.26	04:00:00	142.562	142.679	142.294	142.366	3965	0	6
2025.05.26	05:00:00	142.366	142.393	142.225	142.338	3214	0	6
2025.05.26	06:00:00	142.338	142.564	142.332	142.454	2573	0	6
2025.05.26	07:00:00	142.459	142.666	142.456	142.563	2833	0	6
2025.05.26	08:00:00	142.563	142.748	142.472	142.512	3041	0	6
2025.05.26	09:00:00	142.512	142.804	142.497	142.749	3708	0	6
2025.05.26	10:00:00	142.752	142.915	142.702	142.896	3715	0	6
2025.05.26	11:00:00	142.894	142.920	142.752	142.891	2465	0	6
2025.05.26	12:00:00	142.889	142.988	142.860	142.871	2244	0	6
2025.05.26	13:00:00	142.871	142.949	142.828	142.859	1804	0	6
2025.05.26	14:00:00	142.859	142.971	142.819	142.930	1721	0	6
2025.05.26	15:00:00	142.930	143.030	142.866	142.976	2073	0	6
2025.05.26	16:00:00	142.976	142.988	142.824	142.833	1905	0	6
2025.05.26	17:00:00	142.833	142.858	142.746	142.780	2254	0	6
2025.05.26	18:00:00	142.775	142.857	142.762	142.847	1489	0	6
2025.05.26	19:00:00	142.847	142.873	142.724	142.726	771	0	6
2025.05.26	20:00:00	142.725	142.790	142.708	142.767	621	0	6
2025.05.26	21:00:00	142.768	142.773	142.748	142.760	354	0	6
2025.05.26	22:00:00	142.758	142.779	142.739	142.774	305	0	6
2025.05.26	23:00:00	142.769	142.833	142.760	142.826	393	0	7
2025.05.27	00:00:00	142.780	142.935	142.709	142.722	398	0	75
2025.05.27	01:00:00	142.723	142.770	142.638	142.682	1041	0	6
2025.05.27	02:00:00	142.682	142.746	142.612	142.627	1473	0	6
2025.05.27	03:00:00	142.627	142.627	142.245	142.276	3443	0	7
2025.05.27	04:00:00	142.276	142.381	142.111	142.284	2869	0	6
2025.05.27	05:00:00	142.284	142.407	142.157	142.382	2329	0	6
2025.05.27	06:00:00	142.382	142.456	142.353	142.441	1799	0	6
2025.05.27	07:00:00	142.441	142.855	142.380	142.851	2769	0	6
2025.05.27	08:00:00	142.850	143.433	142.850	143.258	4450	0	6
2025.05.27	09:00:00	143.256	143.488	142.975	143.462	4722	0	6
2025.05.27	10:00:00	143.464	143.860	143.330	143.738	5124	0	6
2025.05.27	11:00:00	143.738	143.882	143.616	143.867	4071	0	6
2025.05.27	12:00:00	143.867	144.040	143.802	143.913	3744	0	6
2025.05.27	13:00:00	143.913	144.175	143.894	144.143	3533	0	6
2025.05.27	14:00:00	144.143	144.145	144.008	144.096	3207	0	6
2025.05.27	15:00:00	144.096	144.184	144.007	144.024	4148	0	6
2025.05.27	16:00:00	144.023	144.179	143.873	144.175	5072	0	6
2025.05.27	17:00:00	144.173	144.459	144.171	144.388	5682	0	6
2025.05.27	18:00:00	144.392	144.411	144.223	144.380	4183	0	6
2025.05.27	19:00:00	144.380	144.435	144.287	144.372	2580	0	6
2025.05.27	20:00:00	144.370	144.370	144.275	144.312	1967	0	6
2025.05.27	21:00:00	144.313	144.340	144.241	144.256	1997	0	6
2025.05.27	22:00:00	144.256	144.333	144.237	144.320	1748	0	6
2025.05.27	23:00:00	144.321	144.410	144.300	144.331	1176	0	7
2025.05.28	00:00:00	144.240	144.343	144.229	144.240	468	0	75
2025.05.28	01:00:00	144.251	144.305	144.169	144.178	996	0	6
2025.05.28	02:00:00	144.178	144.308	144.131	144.134	1323	0	6
2025.05.28	03:00:00	144.126	144.132	143.848	144.122	3307	0	6
2025.05.28	04:00:00	144.123	144.760	144.085	144.339	4501	0	7
2025.05.28	05:00:00	144.353	144.639	144.209	144.600	4418	0	6
2025.05.28	06:00:00	144.592	144.764	144.294	144.362	3438	0	6
2025.05.28	07:00:00	144.358	144.503	144.271	144.423	3067	0	6
2025.05.28	08:00:00	144.423	144.765	144.250	144.274	3591	0	6
2025.05.28	09:00:00	144.274	144.523	144.221	144.522	4429	0	6
2025.05.28	10:00:00	144.522	144.537	144.068	144.149	4214	0	6
2025.05.28	11:00:00	144.149	144.203	144.000	144.038	3467	0	6
2025.05.28	12:00:00	144.038	144.253	143.998	144.225	2979	0	6
2025.05.28	13:00:00	144.225	144.307	144.078	144.274	2705	0	6
2025.05.28	14:00:00	144.273	144.426	144.195	144.421	2789	0	6
2025.05.28	15:00:00	144.418	144.533	144.306	144.511	3587	0	6
2025.05.28	16:00:00	144.510	144.970	144.510	144.893	5409	0	6
2025.05.28	17:00:00	144.890	144.916	144.515	144.843	5947	0	6
2025.05.28	18:00:00	144.844	145.075	144.825	145.048	4827	0	6
2025.05.28	19:00:00	145.048	145.048	144.910	144.914	2558	0	6
2025.05.28	20:00:00	144.914	144.939	144.826	144.889	2202	0	6
2025.05.28	21:00:00	144.888	145.009	144.752	144.833	2734	0	6
2025.05.28	22:00:00	144.833	144.922	144.807	144.904	2764	0	6
2025.05.28	23:00:00	144.904	144.904	144.811	144.869	2229	0	7
2025.05.29	00:00:00	144.758	144.777	144.712	144.769	373	0	31
2025.05.29	01:00:00	144.792	144.935	144.777	144.897	1488	0	6
2025.05.29	02:00:00	144.890	146.022	144.888	145.719	6051	0	6
2025.05.29	03:00:00	145.723	146.102	145.603	146.096	6658	0	6
2025.05.29	04:00:00	146.097	146.278	145.732	145.775	5011	0	6
2025.05.29	05:00:00	145.775	145.903	145.597	145.788	3447	0	6
2025.05.29	06:00:00	145.788	145.815	145.617	145.738	2848	0	6
2025.05.29	07:00:00	145.739	145.845	145.661	145.743	2436	0	6
2025.05.29	08:00:00	145.743	146.087	145.698	145.938	3037	0	6
2025.05.29	09:00:00	145.936	146.012	145.472	145.577	5109	0	6
2025.05.29	10:00:00	145.578	145.606	145.198	145.255	4725	0	6
2025.05.29	11:00:00	145.262	145.357	145.138	145.264	3992	0	6
2025.05.29	12:00:00	145.265	145.287	145.025	145.218	3291	0	6
2025.05.29	13:00:00	145.219	145.230	144.926	145.017	3562	0	6
2025.05.29	14:00:00	145.022	145.113	144.877	145.082	4023	0	6
2025.05.29	15:00:00	145.075	145.075	144.408	144.430	6820	0	6
2025.05.29	16:00:00	144.430	144.538	144.265	144.364	6468	0	6
2025.05.29	17:00:00	144.349	144.462	144.149	144.401	6545	0	6
2025.05.29	18:00:00	144.401	144.414	144.051	144.094	5070	0	6
2025.05.29	19:00:00	144.093	144.171	144.043	144.143	3600	0	6
2025.05.29	20:00:00	144.143	144.254	143.977	144.047	3223	0	6
2025.05.29	21:00:00	144.047	144.071	143.958	143.998	2782	0	6
2025.05.29	22:00:00	143.999	144.142	143.977	144.134	2763	0	6
2025.05.29	23:00:00	144.132	144.239	144.098	144.157	1509	0	7
2025.05.30	00:00:00	144.124	144.193	144.092	144.099	341	0	75
2025.05.30	01:00:00	144.115	144.159	143.867	144.012	1314	0	6
2025.05.30	02:00:00	144.007	144.089	143.739	143.750	2014	0	6
2025.05.30	03:00:00	143.749	144.032	143.584	143.771	4144	0	7
2025.05.30	04:00:00	143.770	143.939	143.439	143.902	4233	0	6
2025.05.30	05:00:00	143.902	143.992	143.823	143.924	3281	0	6
2025.05.30	06:00:00	143.924	143.982	143.830	143.855	2444	0	6
2025.05.30	07:00:00	143.856	143.862	143.691	143.775	2603	0	6
2025.05.30	08:00:00	143.777	143.963	143.708	143.824	2851	0	6
2025.05.30	09:00:00	143.824	144.137	143.760	143.855	4135	0	6
2025.05.30	10:00:00	143.855	144.157	143.832	144.024	4706	0	6
2025.05.30	11:00:00	144.042	144.118	143.899	144.050	4262	0	6
2025.05.30	12:00:00	144.051	144.221	144.001	144.043	3643	0	6
2025.05.30	13:00:00	144.043	144.055	143.789	143.927	3468	0	6
2025.05.30	14:00:00	143.927	144.031	143.811	143.847	3339	0	6
2025.05.30	15:00:00	143.849	143.863	143.467	143.722	6855	0	6
2025.05.30	16:00:00	143.722	144.128	143.708	143.993	5629	0	6
2025.05.30	17:00:00	143.993	144.440	143.807	144.262	6839	0	6
2025.05.30	18:00:00	144.263	144.332	144.073	144.182	5424	0	6
2025.05.30	19:00:00	144.183	144.186	143.883	143.896	4246	0	6
2025.05.30	20:00:00	143.896	143.950	143.789	143.871	3064	0	6
2025.05.30	21:00:00	143.871	143.939	143.831	143.882	3077	0	6
2025.05.30	22:00:00	143.882	144.001	143.867	143.875	2292	0	6
2025.05.30	23:00:00	143.870	144.082	143.868	144.047	1443	0	7
2025.06.02	00:00:00	143.791	143.890	143.755	143.791	1151	0	75
2025.06.02	01:00:00	143.791	143.985	143.748	143.839	1439	0	8
2025.06.02	02:00:00	143.833	143.861	143.723	143.791	1938	0	6
2025.06.02	03:00:00	143.792	143.795	143.524	143.534	4267	0	7
2025.06.02	04:00:00	143.528	143.592	143.322	143.464	4400	0	6
2025.06.02	05:00:00	143.465	143.594	143.416	143.524	2924	0	6
2025.06.02	06:00:00	143.522	143.641	143.506	143.521	2739	0	6
2025.06.02	07:00:00	143.519	143.609	143.510	143.537	3011	0	6
2025.06.02	08:00:00	143.538	143.560	143.303	143.347	3481	0	6
2025.06.02	09:00:00	143.347	143.377	143.130	143.223	4271	0	6
2025.06.02	10:00:00	143.223	143.279	142.824	142.901	4658	0	6
2025.06.02	11:00:00	142.901	142.949	142.791	142.928	4369	0	6
2025.06.02	12:00:00	142.928	142.937	142.776	142.937	4234	0	6
2025.06.02	13:00:00	142.937	142.973	142.750	142.806	3598	0	6
2025.06.02	14:00:00	142.806	142.853	142.619	142.759	3555	0	6
2025.06.02	15:00:00	142.759	142.892	142.682	142.827	3800	0	6
2025.06.02	16:00:00	142.827	143.069	142.824	142.897	4915	0	6
2025.06.02	17:00:00	142.766	142.787	142.535	142.668	7196	0	6
2025.06.02	18:00:00	142.673	142.842	142.626	142.772	5237	0	6
2025.06.02	19:00:00	142.772	142.991	142.758	142.929	3488	0	7
2025.06.02	20:00:00	142.932	142.994	142.871	142.957	2845	0	6
2025.06.02	21:00:00	142.956	142.998	142.808	142.814	3026	0	6
2025.06.02	22:00:00	142.812	142.856	142.666	142.706	2125	0	6
2025.06.02	23:00:00	142.705	142.740	142.672	142.673	1415	0	7
2025.06.03	00:00:00	142.665	142.680	142.632	142.642	669	0	75
2025.06.03	01:00:00	142.674	142.694	142.522	142.532	1050	0	6
2025.06.03	02:00:00	142.532	142.588	142.373	142.424	1561	0	6
2025.06.03	03:00:00	142.429	142.783	142.421	142.702	3082	0	6
2025.06.03	04:00:00	142.702	143.224	142.702	143.124	3867	0	6
2025.06.03	05:00:00	143.124	143.249	143.007	143.098	2912	0	6
2025.06.03	06:00:00	143.098	143.265	143.022	143.158	2622	0	6
2025.06.03	07:00:00	143.158	143.217	142.910	142.944	2425	0	6
2025.06.03	08:00:00	142.945	143.121	142.868	142.951	2746	0	6
2025.06.03	09:00:00	142.951	143.093	142.847	142.885	3588	0	6
2025.06.03	10:00:00	142.883	142.972	142.605	142.827	4449	0	6
2025.06.03	11:00:00	142.820	142.902	142.672	142.797	3875	0	6
2025.06.03	12:00:00	142.801	142.931	142.766	142.855	3181	0	6
2025.06.03	13:00:00	142.854	143.074	142.834	143.053	2956	0	6
2025.06.03	14:00:00	143.053	143.157	143.044	143.081	3104	0	6
2025.06.03	15:00:00	143.075	143.441	143.047	143.418	3628	0	6
2025.06.03	16:00:00	143.416	143.613	143.327	143.508	4884	0	6
2025.06.03	17:00:00	143.507	143.936	143.506	143.769	6297	0	6
2025.06.03	18:00:00	143.770	143.988	143.717	143.941	4267	0	6
2025.06.03	19:00:00	143.941	144.102	143.874	143.979	2966	0	6
2025.06.03	20:00:00	143.979	144.026	143.837	143.843	2321	0	6
2025.06.03	21:00:00	143.843	143.940	143.838	143.908	2540	0	6
2025.06.03	22:00:00	143.908	144.104	143.898	144.070	1963	0	6
2025.06.03	23:00:00	144.069	144.072	143.946	143.997	1156	0	7
2025.06.04	00:00:00	143.862	144.009	143.804	143.931	778	0	75
2025.06.04	01:00:00	143.930	144.044	143.905	143.960	785	0	8
2025.06.04	02:00:00	143.955	144.033	143.799	143.816	1494	0	6
2025.06.04	03:00:00	143.814	144.026	143.772	143.989	4150	0	6
2025.06.04	04:00:00	143.989	144.284	143.672	143.754	4285	0	6
2025.06.04	05:00:00	143.754	143.973	143.703	143.922	2661	0	6
2025.06.04	06:00:00	143.922	144.103	143.832	144.058	2240	0	6
2025.06.04	07:00:00	144.058	144.279	143.979	144.252	2686	0	6
2025.06.04	08:00:00	144.252	144.382	144.132	144.208	3280	0	6
2025.06.04	09:00:00	144.209	144.311	143.882	143.972	4016	0	6
2025.06.04	10:00:00	143.972	144.090	143.794	144.084	3608	0	6
2025.06.04	11:00:00	144.084	144.176	143.843	143.888	3064	0	6
2025.06.04	12:00:00	143.887	144.105	143.852	144.090	2707	0	6
2025.06.04	13:00:00	144.091	144.307	144.049	144.246	3283	0	6
2025.06.04	14:00:00	144.247	144.311	144.139	144.268	2504	0	6
2025.06.04	15:00:00	144.268	144.269	143.504	143.554	5787	0	6
2025.06.04	16:00:00	143.554	143.829	143.511	143.690	4858	0	7
2025.06.04	17:00:00	143.563	143.563	142.989	143.130	6786	0	7
2025.06.04	18:00:00	143.132	143.228	142.913	142.917	4648	0	6
2025.06.04	19:00:00	142.917	142.917	142.601	142.637	3143	0	6
2025.06.04	20:00:00	142.637	142.781	142.629	142.774	2385	0	6
2025.06.04	21:00:00	142.774	142.833	142.711	142.805	2178	0	6
2025.06.04	22:00:00	142.804	142.925	142.785	142.881	1720	0	6
2025.06.04	23:00:00	142.880	142.894	142.746	142.760	1149	0	7
2025.06.05	00:00:00	142.692	142.787	142.672	142.731	562	0	20
2025.06.05	01:00:00	142.726	142.830	142.726	142.772	849	0	6
2025.06.05	02:00:00	142.765	142.826	142.527	142.723	1830	0	7
2025.06.05	03:00:00	142.724	142.848	142.609	142.659	4013	0	7
2025.06.05	04:00:00	142.661	142.971	142.568	142.920	3606	0	6
2025.06.05	05:00:00	142.919	142.972	142.811	142.889	2619	0	6
2025.06.05	06:00:00	142.889	143.021	142.701	142.991	2956	0	6
2025.06.05	07:00:00	142.991	143.073	142.899	143.028	2919	0	6
2025.06.05	08:00:00	143.027	143.171	143.003	143.152	2595	0	6
2025.06.05	09:00:00	143.147	143.239	143.026	143.228	3226	0	6
2025.06.05	10:00:00	143.232	143.391	143.070	143.344	3670	0	6
2025.06.05	11:00:00	143.344	143.397	143.250	143.276	3175	0	6
2025.06.05	12:00:00	143.279	143.297	143.110	143.217	3205	0	6
2025.06.05	13:00:00	143.217	143.222	143.027	143.130	2983	0	6
2025.06.05	14:00:00	143.130	143.321	143.062	143.267	2983	0	6
2025.06.05	15:00:00	143.269	143.686	142.772	143.364	6998	0	7
2025.06.05	16:00:00	143.363	143.528	142.895	143.023	8510	0	6
2025.06.05	17:00:00	143.023	143.537	143.022	143.455	7308	0	6
2025.06.05	18:00:00	143.456	143.971	143.451	143.860	5299	0	6
2025.06.05	19:00:00	143.866	143.964	143.519	143.527	4188	0	8
2025.06.05	20:00:00	143.522	143.851	143.515	143.679	2647	0	6
2025.06.05	21:00:00	143.679	143.754	143.568	143.628	2995	0	6
2025.06.05	22:00:00	143.627	143.764	143.471	143.687	4546	0	6
2025.06.05	23:00:00	143.684	143.776	143.516	143.607	2097	0	7
2025.06.06	00:00:00	143.450	143.631	143.414	143.485	587	0	75
2025.06.06	01:00:00	143.492	143.558	143.453	143.521	1180	0	7
2025.06.06	02:00:00	143.518	143.592	143.455	143.552	1400	0	6
2025.06.06	03:00:00	143.552	143.743	143.527	143.717	3181	0	6
2025.06.06	04:00:00	143.717	143.787	143.621	143.664	2921	0	6
2025.06.06	05:00:00	143.664	143.900	143.641	143.837	2460	0	6
2025.06.06	06:00:00	143.837	143.847	143.712	143.754	2123	0	6
2025.06.06	07:00:00	143.754	143.877	143.730	143.834	1975	0	6
2025.06.06	08:00:00	143.837	143.978	143.810	143.865	2315	0	6
2025.06.06	09:00:00	143.864	144.132	143.810	144.021	3182	0	6
2025.06.06	10:00:00	144.020	144.133	143.799	143.907	3759	0	6
2025.06.06	11:00:00	143.908	144.068	143.876	144.057	3038	0	6
2025.06.06	12:00:00	144.053	144.191	143.999	144.162	3025	0	6
2025.06.06	13:00:00	144.159	144.159	144.019	144.081	2493	0	6
2025.06.06	14:00:00	144.081	144.185	144.053	144.152	2926	0	6
2025.06.06	15:00:00	144.152	144.738	144.077	144.618	7110	0	6
2025.06.06	16:00:00	144.618	144.970	144.554	144.903	7685	0	7
2025.06.06	17:00:00	144.907	145.019	144.616	144.897	6947	0	6
2025.06.06	18:00:00	144.895	145.086	144.762	144.876	5567	0	6
2025.06.06	19:00:00	144.875	144.981	144.815	144.964	3681	0	6
2025.06.06	20:00:00	144.962	144.965	144.825	144.865	2969	0	6
2025.06.06	21:00:00	144.865	144.904	144.810	144.845	2990	0	6
2025.06.06	22:00:00	144.845	144.845	144.773	144.785	2353	0	6
2025.06.06	23:00:00	144.783	144.882	144.779	144.860	1098	0	7
2025.06.09	00:00:00	144.825	144.826	144.725	144.738	337	0	75
2025.06.09	01:00:00	144.769	144.775	144.646	144.690	1052	0	6
2025.06.09	02:00:00	144.690	144.742	144.600	144.687	1335	0	6
2025.06.09	03:00:00	144.688	144.947	144.577	144.933	2626	0	6
2025.06.09	04:00:00	144.933	144.937	144.474	144.543	2775	0	6
2025.06.09	05:00:00	144.543	144.568	144.347	144.498	2639	0	6
2025.06.09	06:00:00	144.498	144.510	144.351	144.491	1832	0	6
2025.06.09	07:00:00	144.491	144.494	144.346	144.377	1996	0	6
2025.06.09	08:00:00	144.377	144.494	144.346	144.409	2418	0	6
2025.06.09	09:00:00	144.409	144.461	144.199	144.210	2781	0	6
2025.06.09	10:00:00	144.210	144.316	144.101	144.145	3032	0	6
2025.06.09	11:00:00	144.130	144.173	144.034	144.152	3351	0	6
2025.06.09	12:00:00	144.158	144.164	143.971	144.101	2750	0	6
2025.06.09	13:00:00	144.101	144.186	144.030	144.169	2245	0	6
2025.06.09	14:00:00	144.169	144.525	144.155	144.486	3115	0	6
2025.06.09	15:00:00	144.487	144.691	144.429	144.632	3363	0	6
2025.06.09	16:00:00	144.637	144.769	144.592	144.662	4230	0	6
2025.06.09	17:00:00	144.662	144.749	144.534	144.613	4439	0	6
2025.06.09	18:00:00	144.612	144.618	144.344	144.369	3220	0	6
2025.06.09	19:00:00	144.370	144.459	144.362	144.391	2272	0	6
2025.06.09	20:00:00	144.397	144.469	144.393	144.458	2078	0	6
2025.06.09	21:00:00	144.458	144.564	144.385	144.551	2073	0	6
2025.06.09	22:00:00	144.552	144.595	144.499	144.560	1870	0	6
2025.06.09	23:00:00	144.560	144.633	144.554	144.614	887	0	7
2025.06.10	00:00:00	144.499	144.542	144.474	144.521	1058	0	75
2025.06.10	01:00:00	144.527	144.651	144.527	144.600	772	0	7
2025.06.10	02:00:00	144.591	144.648	144.497	144.557	951	0	6
2025.06.10	03:00:00	144.560	144.652	144.397	144.517	2924	0	6
2025.06.10	04:00:00	144.517	145.055	144.423	145.009	3409	0	6
2025.06.10	05:00:00	145.006	145.287	144.896	144.932	3564	0	6
2025.06.10	06:00:00	144.932	144.986	144.780	144.825	2276	0	6
2025.06.10	07:00:00	144.825	144.948	144.809	144.933	1916	0	6
2025.06.10	08:00:00	144.933	144.939	144.444	144.555	4176	0	6
2025.06.10	09:00:00	144.553	144.653	144.422	144.589	4401	0	6
2025.06.10	10:00:00	144.587	144.829	144.537	144.741	4309	0	6
2025.06.10	11:00:00	144.741	144.742	144.561	144.644	3474	0	6
2025.06.10	12:00:00	144.644	144.769	144.618	144.678	2614	0	6
2025.06.10	13:00:00	144.677	144.733	144.587	144.604	2486	0	6
2025.06.10	14:00:00	144.604	144.617	144.480	144.582	2716	0	6
2025.06.10	15:00:00	144.582	144.645	144.454	144.639	2933	0	6
2025.06.10	16:00:00	144.638	144.674	144.439	144.526	4456	0	7
2025.06.10	17:00:00	144.526	144.831	144.513	144.800	3794	0	6
2025.06.10	18:00:00	144.799	144.946	144.790	144.911	3478	0	6
2025.06.10	19:00:00	144.911	145.042	144.872	144.970	2501	0	6
2025.06.10	20:00:00	144.963	145.023	144.912	144.932	1898	0	6
2025.06.10	21:00:00	144.933	145.015	144.893	144.957	1875	0	6
2025.06.10	22:00:00	144.957	145.030	144.781	144.902	2272	0	6
2025.06.10	23:00:00	144.901	144.926	144.851	144.899	1377	0	7
2025.06.11	00:00:00	144.808	144.834	144.797	144.807	888	0	75
2025.06.11	01:00:00	144.823	144.963	144.819	144.963	930	0	7
2025.06.11	02:00:00	144.961	145.157	144.796	144.839	2844	0	7
2025.06.11	03:00:00	144.839	144.962	144.649	144.920	4006	0	6
2025.06.11	04:00:00	144.920	145.033	144.838	144.999	3195	0	6
2025.06.11	05:00:00	145.002	145.147	144.848	144.948	2200	0	6
2025.06.11	06:00:00	144.948	145.058	144.920	145.004	1885	0	6
2025.06.11	07:00:00	145.004	145.069	144.887	145.034	2059	0	6
2025.06.11	08:00:00	145.034	145.137	144.974	144.981	2256	0	6
2025.06.11	09:00:00	144.987	145.243	144.963	145.124	2779	0	6
2025.06.11	10:00:00	145.125	145.238	145.079	145.117	3139	0	6
2025.06.11	11:00:00	145.118	145.143	145.000	145.063	2806	0	6
2025.06.11	12:00:00	145.065	145.093	144.918	145.080	2857	0	6
2025.06.11	13:00:00	145.078	145.161	145.043	145.136	2308	0	6
2025.06.11	14:00:00	145.136	145.333	145.109	145.279	2503	0	6
2025.06.11	15:00:00	145.279	145.463	144.318	144.729	7279	0	7
2025.06.11	16:00:00	144.729	145.180	144.611	145.047	6077	0	7
2025.06.11	17:00:00	145.060	145.083	144.733	144.801	4621	0	6
2025.06.11	18:00:00	144.801	144.842	144.463	144.483	3841	0	6
2025.06.11	19:00:00	144.485	144.626	144.435	144.617	2831	0	6
2025.06.11	20:00:00	144.615	144.649	144.511	144.524	2348	0	6
2025.06.11	21:00:00	144.517	144.540	144.324	144.506	3230	0	6
2025.06.11	22:00:00	144.507	144.645	144.494	144.631	2318	0	6
2025.06.11	23:00:00	144.630	144.692	144.561	144.580	1342	0	6
2025.06.12	00:00:00	144.455	144.534	144.455	144.501	604	0	75
2025.06.12	01:00:00	144.503	144.532	144.197	144.255	1500	0	6
2025.06.12	02:00:00	144.255	144.312	144.113	144.177	2253	0	6
2025.06.12	03:00:00	144.179	144.343	143.954	144.037	4409	0	6
2025.06.12	04:00:00	144.037	144.096	143.721	143.981	4075	0	6
2025.06.12	05:00:00	143.981	144.115	143.906	143.951	2901	0	6
2025.06.12	06:00:00	143.951	144.051	143.833	143.890	2304	0	6
2025.06.12	07:00:00	143.890	144.045	143.887	143.942	2229	0	6
2025.06.12	08:00:00	143.951	143.981	143.675	143.729	2640	0	6
2025.06.12	09:00:00	143.729	143.922	143.632	143.730	3898	0	6
2025.06.12	10:00:00	143.732	144.135	143.732	143.878	4162	0	6
2025.06.12	11:00:00	143.878	143.943	143.750	143.794	4518	0	6
2025.06.12	12:00:00	143.794	143.872	143.561	143.695	3857	0	6
2025.06.12	13:00:00	143.695	143.751	143.448	143.543	4292	0	6
2025.06.12	14:00:00	143.543	143.780	143.401	143.615	3614	0	6
2025.06.12	15:00:00	143.615	143.740	143.182	143.286	5902	0	6
2025.06.12	16:00:00	143.286	143.518	143.196	143.462	5860	0	6
2025.06.12	17:00:00	143.459	143.751	143.424	143.732	5335	0	6
2025.06.12	18:00:00	143.736	143.900	143.588	143.646	5296	0	6
2025.06.12	19:00:00	143.647	143.732	143.543	143.607	4045	0	6
2025.06.12	20:00:00	143.607	143.731	143.522	143.543	2953	0	6
2025.06.12	21:00:00	143.543	143.593	143.471	143.522	2038	0	6
2025.06.12	22:00:00	143.531	143.596	143.484	143.570	2053	0	6
2025.06.12	23:00:00	143.570	143.590	143.488	143.506	956	0	7
2025.06.13	00:00:00	143.429	143.582	143.420	143.489	623	0	75
2025.06.13	01:00:00	143.489	143.503	143.386	143.450	1184	0	8
2025.06.13	02:00:00	143.450	143.463	143.072	143.090	1884	0	6
2025.06.13	03:00:00	143.110	143.188	142.791	143.035	9177	0	8
2025.06.13	04:00:00	143.038	143.287	142.918	143.169	5915	0	6
2025.06.13	05:00:00	143.169	143.237	142.951	143.075	4747	0	6
2025.06.13	06:00:00	143.075	143.742	143.075	143.494	4707	0	6
2025.06.13	07:00:00	143.494	143.759	143.430	143.649	3497	0	6
2025.06.13	08:00:00	143.650	143.866	143.510	143.534	3573	0	6
2025.06.13	09:00:00	143.534	143.738	143.378	143.645	5455	0	6
2025.06.13	10:00:00	143.645	143.793	143.529	143.793	5241	0	6
2025.06.13	11:00:00	143.793	143.890	143.664	143.792	3897	0	6
2025.06.13	12:00:00	143.792	144.161	143.746	144.108	4681	0	6
2025.06.13	13:00:00	144.108	144.393	143.965	144.353	4831	0	6
2025.06.13	14:00:00	144.353	144.439	144.101	144.125	4139	0	6
2025.06.13	15:00:00	144.122	144.313	144.084	144.292	3808	0	6
2025.06.13	16:00:00	144.293	144.479	144.051	144.105	4869	0	6
2025.06.13	17:00:00	144.101	144.204	144.017	144.119	5703	0	6
2025.06.13	18:00:00	144.118	144.189	143.952	144.045	4914	0	6
2025.06.13	19:00:00	144.044	144.068	143.964	144.031	2928	0	6
2025.06.13	20:00:00	144.028	144.192	144.012	144.091	2905	0	6
2025.06.13	21:00:00	144.089	144.095	143.849	143.951	3999	0	6
2025.06.13	22:00:00	143.954	143.993	143.852	143.934	2957	0	6
2025.06.13	23:00:00	143.934	144.117	143.923	144.117	2385	0	7
2025.06.16	00:00:00	143.962	144.411	143.896	144.336	1647	0	75
2025.06.16	01:00:00	144.351	144.667	144.279	144.464	4513	0	6
2025.06.16	02:00:00	144.460	144.744	144.435	144.567	4671	0	6
2025.06.16	03:00:00	144.566	144.602	144.351	144.363	4885	0	6
2025.06.16	04:00:00	144.373	144.383	144.157	144.343	4756	0	6
2025.06.16	05:00:00	144.343	144.463	144.290	144.407	3229	0	6
2025.06.16	06:00:00	144.407	144.487	144.332	144.477	2469	0	6
2025.06.16	07:00:00	144.477	144.480	144.288	144.299	2617	0	6
2025.06.16	08:00:00	144.299	144.312	143.970	144.064	3719	0	6
2025.06.16	09:00:00	144.060	144.242	143.994	144.232	4322	0	6
2025.06.16	10:00:00	144.231	144.388	144.134	144.178	4126	0	6
2025.06.16	11:00:00	144.180	144.348	144.093	144.261	3411	0	6
2025.06.16	12:00:00	144.268	144.337	144.099	144.114	3027	0	6
2025.06.16	13:00:00	144.114	144.173	144.014	144.042	2456	0	6
2025.06.16	14:00:00	144.042	144.156	143.972	144.113	2605	0	7
2025.06.16	15:00:00	144.113	144.276	144.077	144.097	3762	0	6
2025.06.16	16:00:00	144.097	144.110	143.770	143.808	5875	0	6
2025.06.16	17:00:00	143.804	144.115	143.648	144.051	5375	0	6
2025.06.16	18:00:00	144.051	144.191	143.991	144.132	3767	0	6
2025.06.16	19:00:00	144.132	144.223	144.087	144.170	2504	0	6
2025.06.16	20:00:00	144.170	144.410	144.158	144.369	2352	0	6
2025.06.16	21:00:00	144.369	144.601	144.366	144.595	1696	0	6
2025.06.16	22:00:00	144.596	144.872	144.587	144.856	2073	0	6
2025.06.16	23:00:00	144.856	144.862	144.714	144.737	1104	0	7
2025.06.17	00:00:00	144.696	144.713	144.662	144.688	493	0	65
2025.06.17	01:00:00	144.694	144.821	144.574	144.619	1986	0	6
2025.06.17	02:00:00	144.619	144.797	144.605	144.680	2217	0	6
2025.06.17	03:00:00	144.680	145.107	144.671	145.059	4027	0	6
2025.06.17	04:00:00	145.059	145.059	144.785	144.866	3111	0	6
2025.06.17	05:00:00	144.866	144.996	144.812	144.940	2743	0	6
2025.06.17	06:00:00	144.940	144.962	144.616	144.659	3250	0	6
2025.06.17	07:00:00	144.659	144.673	144.399	144.587	3382	0	6
2025.06.17	08:00:00	144.588	144.729	144.497	144.663	2889	0	6
2025.06.17	09:00:00	144.679	144.890	144.551	144.888	3880	0	6
2025.06.17	10:00:00	144.888	145.020	144.403	144.524	4542	0	6
2025.06.17	11:00:00	144.525	144.901	144.465	144.900	3803	0	6
2025.06.17	12:00:00	144.905	144.938	144.773	144.818	4064	0	6
2025.06.17	13:00:00	144.818	144.830	144.661	144.688	3048	0	6
2025.06.17	14:00:00	144.688	144.702	144.483	144.611	3044	0	6
2025.06.17	15:00:00	144.611	144.912	144.283	144.857	4807	0	6
2025.06.17	16:00:00	144.843	144.940	144.688	144.885	5141	0	7
2025.06.17	17:00:00	144.888	145.287	144.856	145.180	5112	0	6
2025.06.17	18:00:00	145.181	145.204	145.013	145.038	3482	0	6
2025.06.17	19:00:00	145.037	145.256	144.901	145.219	3525	0	6
2025.06.17	20:00:00	145.215	145.298	145.127	145.242	4335	0	6
2025.06.17	21:00:00	145.242	145.372	145.187	145.363	3539	0	6
2025.06.17	22:00:00	145.364	145.375	145.201	145.215	2824	0	6
2025.06.17	23:00:00	145.211	145.323	145.198	145.249	1984	0	6
2025.06.18	00:00:00	145.217	145.274	145.176	145.193	633	0	75
2025.06.18	01:00:00	145.193	145.390	145.193	145.384	1106	0	6
2025.06.18	02:00:00	145.384	145.431	145.317	145.382	1483	0	6
2025.06.18	03:00:00	145.385	145.436	145.183	145.313	4420	0	6
2025.06.18	04:00:00	145.315	145.338	145.149	145.160	3094	0	6
2025.06.18	05:00:00	145.160	145.221	145.102	145.121	2135	0	6
2025.06.18	06:00:00	145.119	145.133	145.037	145.068	2063	0	6
2025.06.18	07:00:00	145.068	145.109	144.920	145.013	2177	0	6
2025.06.18	08:00:00	145.015	145.053	144.895	145.008	2570	0	6
2025.06.18	09:00:00	145.008	145.076	144.862	144.897	3781	0	6
2025.06.18	10:00:00	144.897	145.046	144.854	144.955	3503	0	6
2025.06.18	11:00:00	144.956	145.126	144.928	144.964	3138	0	6
2025.06.18	12:00:00	144.964	145.024	144.897	144.932	2903	0	6
2025.06.18	13:00:00	144.932	144.954	144.799	144.820	2575	0	6
2025.06.18	14:00:00	144.820	144.927	144.808	144.845	2482	0	6
2025.06.18	15:00:00	144.846	144.965	144.736	144.888	3178	0	6
2025.06.18	16:00:00	144.892	144.918	144.714	144.863	4412	0	6
2025.06.18	17:00:00	144.859	144.960	144.676	144.802	5604	0	6
2025.06.18	18:00:00	144.801	144.814	144.550	144.578	3561	0	6
2025.06.18	19:00:00	144.577	144.688	144.526	144.679	2601	0	6
2025.06.18	20:00:00	144.677	144.819	144.645	144.760	2405	0	6
2025.06.18	21:00:00	144.712	145.083	144.322	145.044	8130	0	6
2025.06.18	22:00:00	145.037	145.224	144.994	145.118	5715	0	6
2025.06.18	23:00:00	145.120	145.185	145.073	145.133	1799	0	6
2025.06.19	00:00:00	145.077	145.080	144.995	145.044	759	0	76
2025.06.19	01:00:00	145.044	145.149	144.892	144.995	1479	0	7
2025.06.19	02:00:00	144.987	145.080	144.923	144.950	2114	0	6
2025.06.19	03:00:00	144.958	144.981	144.839	144.884	3133	0	6
2025.06.19	04:00:00	144.884	145.158	144.730	145.146	4191	0	6
2025.06.19	05:00:00	145.148	145.212	145.062	145.178	2636	0	6
2025.06.19	06:00:00	145.176	145.216	145.029	145.070	2374	0	6
2025.06.19	07:00:00	145.070	145.107	145.022	145.035	2232	0	6
2025.06.19	08:00:00	145.035	145.258	145.026	145.108	2676	0	6
2025.06.19	09:00:00	145.108	145.354	145.108	145.258	3816	0	6
2025.06.19	10:00:00	145.259	145.402	145.236	145.384	4044	0	6
2025.06.19	11:00:00	145.384	145.404	145.250	145.282	3939	0	6
2025.06.19	12:00:00	145.282	145.470	145.248	145.433	2668	0	6
2025.06.19	13:00:00	145.433	145.752	145.406	145.701	2887	0	6
2025.06.19	14:00:00	145.700	145.766	145.587	145.666	3268	0	6
2025.06.19	15:00:00	145.667	145.707	145.502	145.541	3140	0	6
2025.06.19	16:00:00	145.541	145.575	145.347	145.420	3228	0	6
2025.06.19	17:00:00	145.419	145.707	145.401	145.704	3351	0	6
2025.06.19	18:00:00	145.704	145.754	145.606	145.635	2376	0	6
2025.06.19	19:00:00	145.632	145.728	145.622	145.714	1762	0	6
2025.06.19	20:00:00	145.714	145.727	145.469	145.501	1991	0	6
2025.06.19	21:00:00	145.501	145.532	145.412	145.487	1450	0	6
2025.06.19	22:00:00	145.487	145.487	145.341	145.430	1532	0	6
2025.06.19	23:00:00	145.435	145.481	145.407	145.425	1029	0	7
2025.06.20	00:00:00	145.384	145.472	145.318	145.416	1318	0	76
2025.06.20	01:00:00	145.428	145.558	145.421	145.487	1778	0	7
2025.06.20	02:00:00	145.478	145.504	145.193	145.229	2207	0	6
2025.06.20	03:00:00	145.235	145.312	145.117	145.245	3066	0	6
2025.06.20	04:00:00	145.250	145.356	145.216	145.335	3084	0	6
2025.06.20	05:00:00	145.335	145.361	145.229	145.245	2337	0	6
2025.06.20	06:00:00	145.245	145.314	145.191	145.274	2382	0	6
2025.06.20	07:00:00	145.275	145.393	145.243	145.344	2131	0	6
2025.06.20	08:00:00	145.344	145.480	145.303	145.433	2610	0	6
2025.06.20	09:00:00	145.433	145.470	145.284	145.382	3378	0	6
2025.06.20	10:00:00	145.382	145.434	145.289	145.405	2633	0	6
2025.06.20	11:00:00	145.403	145.409	145.263	145.325	2947	0	6
2025.06.20	12:00:00	145.327	145.354	145.252	145.336	2217	0	6
2025.06.20	13:00:00	145.336	145.445	145.290	145.435	1980	0	6
2025.06.20	14:00:00	145.435	145.609	145.409	145.588	2807	0	6
2025.06.20	15:00:00	145.589	145.712	145.448	145.590	4230	0	6
2025.06.20	16:00:00	145.590	145.818	145.560	145.742	4382	0	6
2025.06.20	17:00:00	145.739	145.939	145.732	145.912	4602	0	6
2025.06.20	18:00:00	145.911	145.953	145.786	145.924	3552	0	6
2025.06.20	19:00:00	145.924	145.947	145.786	145.834	2299	0	6
2025.06.20	20:00:00	145.834	145.909	145.775	145.896	2043	0	6
2025.06.20	21:00:00	145.897	145.991	145.849	145.967	1873	0	6
2025.06.20	22:00:00	145.967	146.192	145.964	146.176	1967	0	6
2025.06.20	23:00:00	146.171	146.209	146.059	146.080	1568	0	7
2025.06.23	00:00:00	146.654	146.682	146.462	146.493	1012	0	76
2025.06.23	01:00:00	146.493	146.574	146.297	146.366	2863	0	7
2025.06.23	02:00:00	146.366	146.421	146.208	146.211	2494	0	6
2025.06.23	03:00:00	146.211	146.521	146.140	146.450	4268	0	6
2025.06.23	04:00:00	146.450	146.761	146.423	146.669	3731	0	6
2025.06.23	05:00:00	146.668	146.699	146.366	146.561	3009	0	6
2025.06.23	06:00:00	146.558	146.730	146.512	146.697	2923	0	6
2025.06.23	07:00:00	146.697	147.031	146.696	146.984	3397	0	6
2025.06.23	08:00:00	146.986	147.289	146.948	147.101	3962	0	6
2025.06.23	09:00:00	147.102	147.391	147.065	147.154	4285	0	6
2025.06.23	10:00:00	147.154	147.355	147.038	147.333	4367	0	6
2025.06.23	11:00:00	147.331	147.627	147.325	147.605	3928	0	6
2025.06.23	12:00:00	147.605	147.953	147.605	147.866	4063	0	6
2025.06.23	13:00:00	147.866	147.984	147.768	147.983	3517	0	6
2025.06.23	14:00:00	147.983	148.025	147.503	147.586	3838	0	6
2025.06.23	15:00:00	147.585	147.634	147.349	147.416	4308	0	6
2025.06.23	16:00:00	147.416	147.500	147.140	147.311	5037	0	6
2025.06.23	17:00:00	147.312	147.332	146.495	146.562	7244	0	6
2025.06.23	18:00:00	146.562	146.620	146.333	146.465	4551	0	6
2025.06.23	19:00:00	146.465	146.539	146.227	146.360	4745	0	6
2025.06.23	20:00:00	146.363	146.522	146.151	146.207	4800	0	6
2025.06.23	21:00:00	146.208	146.240	146.009	146.159	3725	0	6
2025.06.23	22:00:00	146.159	146.199	146.081	146.144	2333	0	6
2025.06.23	23:00:00	146.144	146.160	146.026	146.118	2055	0	7
2025.06.24	00:00:00	146.075	146.152	146.027	146.080	295	0	76
2025.06.24	01:00:00	146.080	146.172	145.754	145.928	2470	0	7
2025.06.24	02:00:00	145.925	146.038	145.693	145.914	3408	0	6
2025.06.24	03:00:00	145.909	145.935	145.563	145.599	4807	0	6
2025.06.24	04:00:00	145.596	145.734	145.474	145.676	3423	0	6
2025.06.24	05:00:00	145.676	145.706	145.415	145.504	2878	0	6
2025.06.24	06:00:00	145.499	145.510	145.289	145.415	2320	0	6
2025.06.24	07:00:00	145.416	145.513	145.334	145.413	2426	0	6
2025.06.24	08:00:00	145.413	145.510	145.287	145.307	2709	0	6
2025.06.24	09:00:00	145.307	145.308	145.041	145.193	4467	0	6
2025.06.24	10:00:00	145.193	145.401	144.992	145.317	4719	0	6
2025.06.24	11:00:00	145.317	145.323	144.942	145.093	4361	0	6
2025.06.24	12:00:00	145.093	145.150	144.850	144.967	3831	0	6
2025.06.24	13:00:00	144.967	145.124	144.912	145.096	2142	0	6
2025.06.24	14:00:00	145.094	145.143	144.897	144.962	2951	0	6
2025.06.24	15:00:00	144.973	145.178	144.920	144.989	4303	0	6
2025.06.24	16:00:00	144.989	145.185	144.852	145.053	4562	0	6
2025.06.24	17:00:00	145.043	145.045	144.509	144.738	6261	0	6
2025.06.24	18:00:00	144.738	144.905	144.570	144.901	4401	0	6
2025.06.24	19:00:00	144.901	144.960	144.658	144.698	3016	0	6
2025.06.24	20:00:00	144.699	144.752	144.558	144.729	2807	0	6
2025.06.24	21:00:00	144.729	144.765	144.651	144.679	2129	0	6
2025.06.24	22:00:00	144.679	144.787	144.653	144.771	1971	0	6
2025.06.24	23:00:00	144.771	144.911	144.768	144.871	1557	0	7
2025.06.25	00:00:00	144.867	144.879	144.778	144.786	446	0	84
2025.06.25	01:00:00	144.810	144.964	144.802	144.930	951	0	7
2025.06.25	02:00:00	144.928	144.974	144.783	144.932	1623	0	6
2025.06.25	03:00:00	144.932	145.044	144.767	144.882	3735	0	6
2025.06.25	04:00:00	144.880	144.896	144.619	144.656	3392	0	6
2025.06.25	05:00:00	144.656	144.837	144.606	144.798	2625	0	6
2025.06.25	06:00:00	144.801	144.983	144.780	144.971	2099	0	6
2025.06.25	07:00:00	144.972	144.986	144.858	144.938	2083	0	6
2025.06.25	08:00:00	144.938	145.161	144.937	145.033	2363	0	6
2025.06.25	09:00:00	145.033	145.333	145.002	145.298	3251	0	6
2025.06.25	10:00:00	145.297	145.367	145.232	145.310	3194	0	6
2025.06.25	11:00:00	145.313	145.494	145.236	145.475	3109	0	6
2025.06.25	12:00:00	145.477	145.676	145.454	145.624	2979	0	6
2025.06.25	13:00:00	145.625	145.748	145.542	145.729	2314	0	6
2025.06.25	14:00:00	145.730	145.798	145.665	145.746	2354	0	6
2025.06.25	15:00:00	145.751	145.917	145.694	145.856	3079	0	6
2025.06.25	16:00:00	145.856	145.946	145.751	145.863	3489	0	6
2025.06.25	17:00:00	145.866	145.870	145.570	145.695	4755	0	6
2025.06.25	18:00:00	145.697	145.733	145.526	145.595	3680	0	6
2025.06.25	19:00:00	145.595	145.602	145.391	145.447	2424	0	6
2025.06.25	20:00:00	145.448	145.505	145.363	145.389	2638	0	6
2025.06.25	21:00:00	145.389	145.402	145.142	145.150	2132	0	6
2025.06.25	22:00:00	145.150	145.244	145.102	145.236	1775	0	6
2025.06.25	23:00:00	145.237	145.331	145.193	145.263	1234	0	7
2025.06.26	00:00:00	145.158	145.220	145.124	145.152	609	0	76
2025.06.26	01:00:00	145.148	145.258	145.148	145.226	1133	0	7
2025.06.26	02:00:00	145.225	145.226	144.869	144.913	2239	0	6
2025.06.26	03:00:00	144.907	144.942	144.680	144.690	3186	0	6
2025.06.26	04:00:00	144.690	144.923	144.672	144.720	2645	0	6
2025.06.26	05:00:00	144.720	144.838	144.654	144.689	2751	0	6
2025.06.26	06:00:00	144.689	144.814	144.563	144.782	2643	0	6
2025.06.26	07:00:00	144.782	144.958	144.729	144.782	2009	0	6
2025.06.26	08:00:00	144.782	144.914	144.576	144.643	2980	0	6
2025.06.26	09:00:00	144.643	144.698	144.280	144.304	4350	0	6
2025.06.26	10:00:00	144.302	144.302	143.929	144.064	4242	0	6
2025.06.26	11:00:00	144.057	144.101	143.748	143.925	4555	0	6
2025.06.26	12:00:00	143.925	144.119	143.898	144.069	3205	0	6
2025.06.26	13:00:00	144.069	144.215	144.006	144.201	2753	0	6
2025.06.26	14:00:00	144.202	144.439	144.194	144.387	3537	0	6
2025.06.26	15:00:00	144.390	144.492	144.121	144.305	5364	0	6
2025.06.26	16:00:00	144.311	144.492	144.166	144.234	5830	0	6
2025.06.26	17:00:00	144.233	144.466	144.154	144.406	6387	0	6
2025.06.26	18:00:00	144.407	144.533	144.313	144.336	4728	0	6
2025.06.26	19:00:00	144.336	144.411	144.051	144.245	3916	0	6
2025.06.26	20:00:00	144.245	144.274	144.126	144.186	3614	0	6
2025.06.26	21:00:00	144.188	144.262	144.147	144.199	2790	0	6
2025.06.26	22:00:00	144.199	144.403	144.195	144.367	2665	0	6
2025.06.26	23:00:00	144.369	144.461	144.327	144.406	1782	0	7
2025.06.27	00:00:00	144.360	144.393	144.252	144.323	496	0	76
2025.06.27	01:00:00	144.325	144.662	144.325	144.569	1254	0	7
2025.06.27	02:00:00	144.570	144.736	144.385	144.674	2347	0	6
2025.06.27	03:00:00	144.666	144.803	144.519	144.650	4417	0	6
2025.06.27	04:00:00	144.652	144.741	144.268	144.282	4121	0	6
2025.06.27	05:00:00	144.282	144.392	144.194	144.318	3418	0	6
2025.06.27	06:00:00	144.316	144.500	144.251	144.458	3002	0	6
2025.06.27	07:00:00	144.458	144.585	144.408	144.544	3284	0	6
2025.06.27	08:00:00	144.542	144.589	144.355	144.425	3195	0	6
2025.06.27	09:00:00	144.419	144.501	144.205	144.237	4091	0	6
2025.06.27	10:00:00	144.235	144.551	144.172	144.479	4110	0	6
2025.06.27	11:00:00	144.475	144.514	144.259	144.418	3331	0	6
2025.06.27	12:00:00	144.419	144.486	144.344	144.482	2899	0	6
2025.06.27	13:00:00	144.481	144.679	144.458	144.532	3025	0	6
2025.06.27	14:00:00	144.532	144.624	144.486	144.491	3109	0	6
2025.06.27	15:00:00	144.490	144.618	144.360	144.443	5719	0	6
2025.06.27	16:00:00	144.443	144.803	144.379	144.723	5736	0	6
2025.06.27	17:00:00	144.718	144.946	144.565	144.880	5495	0	6
2025.06.27	18:00:00	144.880	144.907	144.608	144.737	4311	0	6
2025.06.27	19:00:00	144.741	144.749	144.538	144.644	3261	0	6
2025.06.27	20:00:00	144.644	144.896	144.580	144.735	4216	0	6
2025.06.27	21:00:00	144.735	144.850	144.637	144.697	3929	0	6
2025.06.27	22:00:00	144.694	144.791	144.655	144.749	2715	0	6
2025.06.27	23:00:00	144.748	144.758	144.630	144.654	1795	0	7
2025.06.30	00:00:00	144.307	144.473	144.307	144.410	818	0	76
2025.06.30	01:00:00	144.412	144.666	144.401	144.479	2705	0	7
2025.06.30	02:00:00	144.479	144.539	144.383	144.501	2547	0	6
2025.06.30	03:00:00	144.506	144.755	144.472	144.617	4635	0	6
2025.06.30	04:00:00	144.614	144.653	144.245	144.329	4269	0	6
2025.06.30	05:00:00	144.329	144.330	144.087	144.284	4002	0	6
2025.06.30	06:00:00	144.284	144.307	144.156	144.219	2837	0	6
2025.06.30	07:00:00	144.219	144.234	143.909	143.945	3195	0	6
2025.06.30	08:00:00	143.945	143.949	143.794	143.910	4165	0	6
2025.06.30	09:00:00	143.910	144.016	143.846	143.879	4420	0	6
2025.06.30	10:00:00	143.880	144.166	143.777	144.123	4793	0	6
2025.06.30	11:00:00	144.123	144.210	144.010	144.110	4411	0	6
2025.06.30	12:00:00	144.108	144.265	144.051	144.261	3602	0	6
2025.06.30	13:00:00	144.262	144.285	144.177	144.181	2666	0	6
2025.06.30	14:00:00	144.179	144.339	144.154	144.332	3039	0	6
2025.06.30	15:00:00	144.331	144.492	144.282	144.458	3039	0	6
2025.06.30	16:00:00	144.457	144.507	144.307	144.363	4836	0	6
2025.06.30	17:00:00	144.362	144.493	144.210	144.442	6431	0	6
2025.06.30	18:00:00	144.446	144.492	144.153	144.163	5523	0	6
2025.06.30	19:00:00	144.163	144.385	144.140	144.222	4332	0	6
2025.06.30	20:00:00	144.222	144.322	144.147	144.251	3566	0	6
2025.06.30	21:00:00	144.251	144.296	144.128	144.203	3631	0	6
2025.06.30	22:00:00	144.203	144.244	143.992	144.038	3252	0	6
2025.06.30	23:00:00	144.036	144.050	143.950	143.993	1940	0	7
2025.07.01	00:00:00	143.990	144.042	143.954	143.956	592	0	76
2025.07.01	01:00:00	143.961	144.030	143.854	143.916	1146	0	7
2025.07.01	02:00:00	143.917	143.928	143.767	143.804	1519	0	6
2025.07.01	03:00:00	143.805	143.807	143.554	143.566	4004	0	6
2025.07.01	04:00:00	143.564	143.798	143.433	143.795	3880	0	6
2025.07.01	05:00:00	143.795	143.829	143.642	143.724	2343	0	6
2025.07.01	06:00:00	143.725	143.889	143.621	143.879	2524	0	6
2025.07.01	07:00:00	143.880	143.928	143.744	143.744	2763	0	6
2025.07.01	08:00:00	143.744	143.746	143.567	143.582	2828	0	6
2025.07.01	09:00:00	143.582	143.759	143.547	143.670	3957	0	6
2025.07.01	10:00:00	143.670	143.738	143.065	143.066	4838	0	6
2025.07.01	11:00:00	143.074	143.133	142.884	143.036	5458	0	6
2025.07.01	12:00:00	143.035	143.166	142.818	142.937	4913	0	6
2025.07.01	13:00:00	142.938	142.991	142.818	142.981	3887	0	6
2025.07.01	14:00:00	142.981	142.990	142.700	142.732	3743	0	6
2025.07.01	15:00:00	142.732	143.094	142.676	143.064	4717	0	6
2025.07.01	16:00:00	143.068	143.283	142.931	143.015	5416	0	6
2025.07.01	17:00:00	143.007	143.479	143.000	143.437	7561	0	6
2025.07.01	18:00:00	143.438	143.665	143.436	143.576	5386	0	6
2025.07.01	19:00:00	143.576	143.776	143.571	143.692	4004	0	6
2025.07.01	20:00:00	143.689	143.746	143.598	143.625	2626	0	6
2025.07.01	21:00:00	143.625	143.791	143.618	143.715	1972	0	6
2025.07.01	22:00:00	143.719	143.800	143.578	143.769	2760	0	6
2025.07.01	23:00:00	143.769	143.770	143.388	143.408	1744	0	7
2025.07.02	00:00:00	143.371	143.399	143.353	143.354	440	0	76
2025.07.02	01:00:00	143.386	143.444	143.334	143.405	928	0	7
2025.07.02	02:00:00	143.402	143.469	143.337	143.367	1389	0	6
2025.07.02	03:00:00	143.366	143.659	143.315	143.474	4147	0	6
2025.07.02	04:00:00	143.473	143.685	143.441	143.654	3534	0	6
2025.07.02	05:00:00	143.654	143.746	143.507	143.532	2979	0	6
2025.07.02	06:00:00	143.532	143.586	143.480	143.525	2639	0	6
2025.07.02	07:00:00	143.524	143.606	143.459	143.551	2624	0	6
2025.07.02	08:00:00	143.551	143.848	143.541	143.756	3125	0	6
2025.07.02	09:00:00	143.747	143.886	143.670	143.804	3735	0	6
2025.07.02	10:00:00	143.808	144.045	143.808	143.896	4140	0	6
2025.07.02	11:00:00	143.898	143.971	143.777	143.970	3152	0	6
2025.07.02	12:00:00	143.970	144.242	143.926	144.146	3469	0	6
2025.07.02	13:00:00	144.146	144.150	143.858	143.925	2772	0	6
2025.07.02	14:00:00	143.925	144.195	143.889	144.177	3175	0	6
2025.07.02	15:00:00	144.177	144.208	143.484	143.868	7435	0	6
2025.07.02	16:00:00	143.869	144.126	143.631	143.993	6562	0	6
2025.07.02	17:00:00	143.999	144.147	143.901	144.023	6031	0	6
2025.07.02	18:00:00	144.023	144.032	143.735	143.758	4318	0	6
2025.07.02	19:00:00	143.758	143.809	143.651	143.730	3434	0	6
2025.07.02	20:00:00	143.733	143.747	143.614	143.691	2701	0	6
2025.07.02	21:00:00	143.701	143.731	143.575	143.617	2311	0	6
2025.07.02	22:00:00	143.619	143.665	143.565	143.616	2139	0	6
2025.07.02	23:00:00	143.615	143.678	143.604	143.667	997	0	7
2025.07.03	00:00:00	143.640	143.682	143.588	143.614	513	0	76
2025.07.03	01:00:00	143.604	143.662	143.563	143.610	1037	0	7
2025.07.03	02:00:00	143.611	143.613	143.482	143.516	1536	0	6
2025.07.03	03:00:00	143.516	143.609	143.443	143.586	3837	0	6
2025.07.03	04:00:00	143.586	143.683	143.486	143.549	2726	0	6
2025.07.03	05:00:00	143.549	143.762	143.547	143.678	2056	0	6
2025.07.03	06:00:00	143.678	143.877	143.669	143.847	1877	0	6
2025.07.03	07:00:00	143.847	143.853	143.758	143.835	2048	0	6
2025.07.03	08:00:00	143.834	143.927	143.763	143.857	2200	0	6
2025.07.03	09:00:00	143.857	143.928	143.751	143.771	3351	0	6
2025.07.03	10:00:00	143.771	143.910	143.670	143.858	3122	0	6
2025.07.03	11:00:00	143.866	143.892	143.769	143.868	3275	0	6
2025.07.03	12:00:00	143.872	143.889	143.821	143.853	2761	0	6
2025.07.03	13:00:00	143.854	143.862	143.736	143.844	2332	0	6
2025.07.03	14:00:00	143.845	143.891	143.815	143.860	2518	0	6
2025.07.03	15:00:00	143.859	145.234	143.695	145.008	7425	0	6
2025.07.03	16:00:00	145.008	145.067	144.608	144.729	7437	0	6
2025.07.03	17:00:00	144.712	145.132	144.634	145.091	6542	0	6
2025.07.03	18:00:00	145.091	145.159	144.814	144.966	4569	0	6
2025.07.03	19:00:00	144.964	145.212	144.945	145.046	2966	0	6
2025.07.03	20:00:00	145.048	145.090	144.994	145.074	1296	0	6
2025.07.03	21:00:00	145.069	145.110	145.009	145.099	1096	0	6
2025.07.03	22:00:00	145.099	145.111	144.983	145.038	1014	0	6
2025.07.03	23:00:00	145.038	145.080	144.900	144.922	1206	0	7
2025.07.04	00:00:00	144.891	144.934	144.883	144.899	498	0	76
2025.07.04	01:00:00	144.931	144.961	144.865	144.865	951	0	7
2025.07.04	02:00:00	144.865	144.926	144.679	144.708	1501	0	6
2025.07.04	03:00:00	144.708	144.782	144.570	144.601	3233	0	6
2025.07.04	04:00:00	144.601	144.783	144.578	144.757	3086	0	6
2025.07.04	05:00:00	144.757	144.789	144.597	144.648	2146	0	6
2025.07.04	06:00:00	144.649	144.666	144.455	144.517	1857	0	6
2025.07.04	07:00:00	144.518	144.523	144.322	144.378	2736	0	6
2025.07.04	08:00:00	144.376	144.395	144.305	144.339	2361	0	6
2025.07.04	09:00:00	144.331	144.431	144.178	144.240	3393	0	6
2025.07.04	10:00:00	144.237	144.425	144.230	144.407	4415	0	6
2025.07.04	11:00:00	144.407	144.413	144.282	144.339	3395	0	6
2025.07.04	12:00:00	144.340	144.372	144.274	144.311	3459	0	6
2025.07.04	13:00:00	144.311	144.384	144.281	144.347	3252	0	6
2025.07.04	14:00:00	144.347	144.396	144.303	144.389	2709	0	6
2025.07.04	15:00:00	144.389	144.443	144.355	144.420	2323	0	6
2025.07.04	16:00:00	144.420	144.504	144.387	144.459	2627	0	6
2025.07.04	17:00:00	144.459	144.564	144.406	144.516	2934	0	6
2025.07.04	18:00:00	144.515	144.548	144.504	144.529	2170	0	6
2025.07.04	19:00:00	144.526	144.545	144.475	144.496	1970	0	6
2025.07.04	20:00:00	144.495	144.516	144.467	144.472	3177	0	6
2025.07.04	21:00:00	144.473	144.512	144.472	144.477	2334	0	6
2025.07.04	22:00:00	144.477	144.577	144.426	144.565	2868	0	6
2025.07.04	23:00:00	144.565	144.577	144.355	144.520	2812	0	6
2025.07.07	00:00:00	144.377	144.476	144.342	144.424	834	0	87
2025.07.07	01:00:00	144.417	144.635	144.361	144.485	1392	0	7
2025.07.07	02:00:00	144.477	144.577	144.460	144.486	1926	0	6
2025.07.07	03:00:00	144.492	144.499	144.290	144.353	4274	0	6
2025.07.07	04:00:00	144.356	144.577	144.222	144.531	3898	0	6
2025.07.07	05:00:00	144.532	144.835	144.490	144.810	3431	0	6
2025.07.07	06:00:00	144.810	144.844	144.705	144.829	2573	0	6
2025.07.07	07:00:00	144.829	144.998	144.778	144.981	2900	0	6
2025.07.07	08:00:00	144.981	145.073	144.935	144.985	3440	0	6
2025.07.07	09:00:00	144.985	145.155	144.949	145.019	4243	0	6
2025.07.07	10:00:00	145.016	145.197	144.977	145.196	4164	0	6
2025.07.07	11:00:00	145.196	145.342	145.109	145.333	4296	0	6
2025.07.07	12:00:00	145.332	145.486	145.271	145.429	3692	0	6
2025.07.07	13:00:00	145.429	145.529	145.391	145.431	3477	0	6
2025.07.07	14:00:00	145.430	145.507	145.371	145.487	3290	0	6
2025.07.07	15:00:00	145.487	145.641	145.474	145.587	3259	0	6
2025.07.07	16:00:00	145.588	145.777	145.567	145.733	3811	0	6
2025.07.07	17:00:00	145.732	145.810	145.664	145.795	3598	0	6
2025.07.07	18:00:00	145.795	145.893	145.775	145.869	2926	0	6
2025.07.07	19:00:00	145.869	146.146	145.733	146.119	5020	0	6
2025.07.07	20:00:00	146.118	146.231	146.013	146.060	3999	0	6
2025.07.07	21:00:00	146.061	146.238	146.054	146.167	2974	0	6
2025.07.07	22:00:00	146.167	146.177	146.009	146.053	2306	0	6
2025.07.07	23:00:00	146.052	146.151	146.033	146.041	1360	0	7
2025.07.08	00:00:00	146.015	146.057	145.967	145.974	244	0	76
2025.07.08	01:00:00	145.987	146.037	145.837	145.859	1830	0	7
2025.07.08	02:00:00	145.860	146.070	145.849	145.875	2342	0	6
2025.07.08	03:00:00	145.873	146.205	145.827	146.154	4260	0	6
2025.07.08	04:00:00	146.156	146.439	146.037	146.245	4173	0	6
2025.07.08	05:00:00	146.245	146.285	146.040	146.092	3000	0	6
2025.07.08	06:00:00	146.092	146.166	146.046	146.070	2420	0	6
2025.07.08	07:00:00	146.070	146.096	145.880	145.997	3499	0	6
2025.07.08	08:00:00	145.996	146.107	145.941	146.092	2886	0	6
2025.07.08	09:00:00	146.097	146.247	146.061	146.246	4153	0	6
2025.07.08	10:00:00	146.247	146.283	145.995	146.034	4449	0	6
2025.07.08	11:00:00	146.034	146.235	146.029	146.187	3603	0	6
2025.07.08	12:00:00	146.192	146.264	146.052	146.228	3487	0	6
2025.07.08	13:00:00	146.225	146.404	146.222	146.400	2927	0	6
2025.07.08	14:00:00	146.400	146.648	146.355	146.585	2885	0	6
2025.07.08	15:00:00	146.587	146.686	146.454	146.648	3879	0	6
2025.07.08	16:00:00	146.648	146.894	146.630	146.769	4679	0	6
2025.07.08	17:00:00	146.769	146.960	146.750	146.913	5169	0	6
2025.07.08	18:00:00	146.913	146.974	146.768	146.812	4244	0	6
2025.07.08	19:00:00	146.806	146.861	146.702	146.745	3703	0	6
2025.07.08	20:00:00	146.742	146.804	146.653	146.714	3751	0	6
2025.07.08	21:00:00	146.712	146.759	146.648	146.660	2733	0	6
2025.07.08	22:00:00	146.657	146.692	146.611	146.620	2022	0	6
2025.07.08	23:00:00	146.621	146.638	146.515	146.571	2017	0	7
2025.07.09	00:00:00	146.548	146.550	146.483	146.511	503	0	76
2025.07.09	01:00:00	146.513	146.617	146.512	146.585	815	0	7
2025.07.09	02:00:00	146.583	146.875	146.578	146.870	1745	0	6
2025.07.09	03:00:00	146.865	146.907	146.724	146.792	3361	0	6
2025.07.09	04:00:00	146.791	147.022	146.731	146.863	3636	0	6
2025.07.09	05:00:00	146.863	147.091	146.793	147.055	3126	0	6
2025.07.09	06:00:00	147.054	147.176	147.054	147.103	2455	0	6
2025.07.09	07:00:00	147.104	147.143	147.024	147.036	2335	0	6
2025.07.09	08:00:00	147.037	147.063	146.898	146.984	2720	0	6
2025.07.09	09:00:00	146.986	147.032	146.796	146.802	3515	0	6
2025.07.09	10:00:00	146.801	146.878	146.678	146.839	3944	0	6
2025.07.09	11:00:00	146.840	146.864	146.588	146.677	3672	0	6
2025.07.09	12:00:00	146.676	146.693	146.539	146.627	3044	0	6
2025.07.09	13:00:00	146.627	146.690	146.537	146.658	2890	0	6
2025.07.09	14:00:00	146.658	146.774	146.604	146.760	2679	0	6
2025.07.09	15:00:00	146.760	146.761	146.464	146.483	4054	0	6
2025.07.09	16:00:00	146.483	146.544	146.359	146.454	4867	0	6
2025.07.09	17:00:00	146.454	146.502	146.269	146.464	4548	0	6
2025.07.09	18:00:00	146.463	146.561	146.446	146.530	3422	0	6
2025.07.09	19:00:00	146.529	146.529	146.330	146.414	2408	0	6
2025.07.09	20:00:00	146.420	146.432	146.278	146.334	2438	0	6
2025.07.09	21:00:00	146.334	146.388	146.247	146.328	2729	0	6
2025.07.09	22:00:00	146.326	146.368	146.258	146.315	1740	0	6
2025.07.09	23:00:00	146.312	146.484	146.312	146.354	1671	0	7
2025.07.10	00:00:00	146.324	146.324	146.208	146.271	673	0	76
2025.07.10	01:00:00	146.272	146.299	146.208	146.240	825	0	7
2025.07.10	02:00:00	146.240	146.302	146.064	146.100	1743	0	6
2025.07.10	03:00:00	146.100	146.110	145.750	145.814	4311	0	6
2025.07.10	04:00:00	145.820	145.950	145.755	145.887	2920	0	6
2025.07.10	05:00:00	145.888	146.090	145.848	146.080	2455	0	6
2025.07.10	06:00:00	146.078	146.256	146.074	146.254	1894	0	6
2025.07.10	07:00:00	146.256	146.405	146.204	146.214	1596	0	6
2025.07.10	08:00:00	146.210	146.340	146.165	146.254	1933	0	6
2025.07.10	09:00:00	146.253	146.356	146.127	146.149	3479	0	6
2025.07.10	10:00:00	146.150	146.462	146.066	146.277	4032	0	6
2025.07.10	11:00:00	146.277	146.406	146.262	146.352	3212	0	6
2025.07.10	12:00:00	146.352	146.371	146.169	146.177	2758	0	6
2025.07.10	13:00:00	146.177	146.252	146.082	146.121	2677	0	6
2025.07.10	14:00:00	146.121	146.388	146.086	146.245	2625	0	6
2025.07.10	15:00:00	146.245	146.543	146.201	146.436	4250	0	6
2025.07.10	16:00:00	146.433	146.610	146.348	146.575	4771	0	6
2025.07.10	17:00:00	146.575	146.784	146.478	146.508	5458	0	6
2025.07.10	18:00:00	146.508	146.566	146.378	146.464	3694	0	6
2025.07.10	19:00:00	146.464	146.510	146.387	146.461	2797	0	6
2025.07.10	20:00:00	146.459	146.477	146.307	146.324	2275	0	6
2025.07.10	21:00:00	146.324	146.332	146.200	146.239	2136	0	6
2025.07.10	22:00:00	146.239	146.282	146.164	146.237	1828	0	6
2025.07.10	23:00:00	146.237	146.251	146.181	146.245	1681	0	7
2025.07.11	00:00:00	146.210	146.221	146.171	146.216	382	0	76
2025.07.11	01:00:00	146.216	146.269	146.161	146.212	838	0	7
2025.07.11	02:00:00	146.212	146.297	146.132	146.276	1405	0	6
2025.07.11	03:00:00	146.270	146.635	146.239	146.553	5195	0	6
2025.07.11	04:00:00	146.553	146.830	146.518	146.762	3946	0	6
2025.07.11	05:00:00	146.762	147.037	146.737	147.014	2964	0	6
2025.07.11	06:00:00	147.015	147.029	146.857	146.946	2136	0	6
2025.07.11	07:00:00	146.946	147.181	146.910	147.079	2497	0	6
2025.07.11	08:00:00	147.080	147.105	146.817	146.864	2715	0	6
2025.07.11	09:00:00	146.864	146.943	146.730	146.923	4163	0	6
2025.07.11	10:00:00	146.921	146.921	146.716	146.851	3729	0	6
2025.07.11	11:00:00	146.851	146.998	146.748	146.981	3859	0	6
2025.07.11	12:00:00	146.981	147.078	146.917	147.004	3153	0	6
2025.07.11	13:00:00	147.003	147.020	146.773	146.819	2671	0	6
2025.07.11	14:00:00	146.818	147.031	146.763	147.023	3166	0	6
2025.07.11	15:00:00	147.021	147.087	146.786	146.968	4094	0	6
2025.07.11	16:00:00	146.966	147.284	146.901	147.284	5196	0	6
2025.07.11	17:00:00	147.283	147.518	147.273	147.337	4916	0	6
2025.07.11	18:00:00	147.337	147.433	147.258	147.288	3493	0	6
2025.07.11	19:00:00	147.288	147.407	147.250	147.364	2561	0	6
2025.07.11	20:00:00	147.364	147.415	147.315	147.386	1804	0	6
2025.07.11	21:00:00	147.387	147.444	147.343	147.440	2002	0	6
2025.07.11	22:00:00	147.440	147.479	147.365	147.368	1851	0	6
2025.07.11	23:00:00	147.368	147.466	147.340	147.406	1369	0	7
2025.07.14	00:00:00	147.131	147.189	147.102	147.103	210	0	76
2025.07.14	01:00:00	147.140	147.510	147.124	147.499	2404	0	7
2025.07.14	02:00:00	147.500	147.571	147.228	147.294	3220	0	6
2025.07.14	03:00:00	147.294	147.304	146.913	146.948	4470	0	6
2025.07.14	04:00:00	146.948	147.153	146.845	147.130	4263	0	6
2025.07.14	05:00:00	147.130	147.306	147.085	147.279	2701	0	6
2025.07.14	06:00:00	147.275	147.385	147.104	147.297	2764	0	6
2025.07.14	07:00:00	147.297	147.442	147.200	147.371	2792	0	6
2025.07.14	08:00:00	147.371	147.483	147.280	147.362	2755	0	6
2025.07.14	09:00:00	147.363	147.423	147.222	147.257	3627	0	6
2025.07.14	10:00:00	147.257	147.365	147.236	147.365	3707	0	6
2025.07.14	11:00:00	147.367	147.377	147.169	147.312	3393	0	6
2025.07.14	12:00:00	147.316	147.344	147.152	147.279	2626	0	6
2025.07.14	13:00:00	147.279	147.282	147.151	147.197	2393	0	6
2025.07.14	14:00:00	147.197	147.462	147.197	147.409	2804	0	6
2025.07.14	15:00:00	147.409	147.439	147.214	147.387	3226	0	6
2025.07.14	16:00:00	147.387	147.486	147.306	147.349	4028	0	6
2025.07.14	17:00:00	147.349	147.521	147.318	147.460	4252	0	6
2025.07.14	18:00:00	147.454	147.700	147.432	147.688	3711	0	6
2025.07.14	19:00:00	147.692	147.752	147.657	147.710	3137	0	6
2025.07.14	20:00:00	147.715	147.759	147.668	147.711	1692	0	6
2025.07.14	21:00:00	147.709	147.760	147.707	147.758	2166	0	6
2025.07.14	22:00:00	147.757	147.764	147.700	147.718	1253	0	6
2025.07.14	23:00:00	147.719	147.774	147.709	147.768	846	0	7
2025.07.15	00:00:00	147.682	147.706	147.682	147.683	185	0	76
2025.07.15	01:00:00	147.684	147.787	147.647	147.764	816	0	7
2025.07.15	02:00:00	147.764	147.888	147.760	147.781	1226	0	6
2025.07.15	03:00:00	147.781	147.791	147.560	147.582	2931	0	6
2025.07.15	04:00:00	147.582	147.794	147.580	147.773	2486	0	6
2025.07.15	05:00:00	147.783	147.815	147.598	147.609	2129	0	6
2025.07.15	06:00:00	147.606	147.684	147.551	147.669	1563	0	6
2025.07.15	07:00:00	147.669	147.706	147.612	147.663	1530	0	6
2025.07.15	08:00:00	147.663	147.666	147.546	147.564	1909	0	6
2025.07.15	09:00:00	147.564	147.743	147.564	147.692	2537	0	6
2025.07.15	10:00:00	147.693	147.786	147.637	147.727	3132	0	6
2025.07.15	11:00:00	147.726	147.761	147.650	147.673	2369	0	6
2025.07.15	12:00:00	147.673	147.739	147.610	147.701	2316	0	6
2025.07.15	13:00:00	147.701	147.773	147.655	147.731	2034	0	6
2025.07.15	14:00:00	147.731	147.946	147.717	147.910	2575	0	6
2025.07.15	15:00:00	147.910	148.146	147.638	147.892	5590	0	6
2025.07.15	16:00:00	147.892	148.656	147.887	148.576	6374	0	6
2025.07.15	17:00:00	148.576	148.895	148.567	148.813	6022	0	6
2025.07.15	18:00:00	148.812	149.016	148.752	148.753	4080	0	6
2025.07.15	19:00:00	148.753	148.983	148.708	148.889	3453	0	6
2025.07.15	20:00:00	148.888	148.988	148.867	148.938	2589	0	6
2025.07.15	21:00:00	148.939	148.959	148.820	148.846	2188	0	6
2025.07.15	22:00:00	148.846	148.920	148.805	148.844	1404	0	6
2025.07.15	23:00:00	148.845	148.885	148.830	148.863	1215	0	7
2025.07.16	00:00:00	148.844	148.870	148.801	148.828	373	0	73
2025.07.16	01:00:00	148.828	148.925	148.828	148.880	960	0	7
2025.07.16	02:00:00	148.881	148.935	148.721	148.774	1815	0	6
2025.07.16	03:00:00	148.772	149.033	148.703	148.972	3364	0	6
2025.07.16	04:00:00	148.976	149.032	148.735	148.822	3100	0	6
2025.07.16	05:00:00	148.825	148.970	148.823	148.907	1972	0	6
2025.07.16	06:00:00	148.906	149.085	148.867	149.034	1780	0	6
2025.07.16	07:00:00	149.033	149.181	148.908	148.927	2463	0	6
2025.07.16	08:00:00	148.930	148.947	148.781	148.814	2971	0	6
2025.07.16	09:00:00	148.814	148.869	148.617	148.647	3352	0	6
2025.07.16	10:00:00	148.647	148.925	148.614	148.880	3344	0	6
2025.07.16	11:00:00	148.880	148.896	148.718	148.833	2767	0	6
2025.07.16	12:00:00	148.833	148.883	148.649	148.715	2620	0	6
2025.07.16	13:00:00	148.715	148.735	148.646	148.714	2143	0	6
2025.07.16	14:00:00	148.714	148.780	148.618	148.758	2466	0	6
2025.07.16	15:00:00	148.760	148.829	148.460	148.699	5374	0	6
2025.07.16	16:00:00	148.699	148.928	148.604	148.806	5883	0	6
2025.07.16	17:00:00	148.805	148.849	148.299	148.466	5957	0	6
2025.07.16	18:00:00	148.467	148.509	146.906	148.097	12783	0	6
2025.07.16	19:00:00	148.108	148.369	147.813	148.039	7788	0	6
2025.07.16	20:00:00	148.039	148.054	147.484	147.679	4895	0	6
2025.07.16	21:00:00	147.677	147.950	147.643	147.940	3044	0	6
2025.07.16	22:00:00	147.940	148.020	147.821	147.846	2446	0	6
2025.07.16	23:00:00	147.846	147.902	147.810	147.875	2126	0	6
2025.07.17	00:00:00	147.804	147.842	147.751	147.763	783	0	73
2025.07.17	01:00:00	147.780	147.931	147.725	147.877	1229	0	7
2025.07.17	02:00:00	147.878	148.060	147.761	147.991	1757	0	6
2025.07.17	03:00:00	147.994	148.418	147.979	148.377	3286	0	6
2025.07.17	04:00:00	148.375	148.485	148.276	148.339	3192	0	6
2025.07.17	05:00:00	148.340	148.496	148.340	148.453	2132	0	6
2025.07.17	06:00:00	148.453	148.659	148.437	148.544	2125	0	6
2025.07.17	07:00:00	148.543	148.610	148.406	148.417	2042	0	6
2025.07.17	08:00:00	148.417	148.489	148.363	148.475	2396	0	6
2025.07.17	09:00:00	148.477	148.800	148.446	148.626	4352	0	6
2025.07.17	10:00:00	148.626	148.764	148.585	148.718	3944	0	6
2025.07.17	11:00:00	148.718	148.780	148.578	148.579	3384	0	6
2025.07.17	12:00:00	148.576	148.772	148.515	148.749	2877	0	6
2025.07.17	13:00:00	148.749	148.835	148.608	148.641	2603	0	6
2025.07.17	14:00:00	148.641	148.797	148.599	148.763	3058	0	6
2025.07.17	15:00:00	148.762	149.083	148.596	148.717	5958	0	6
2025.07.17	16:00:00	148.716	148.753	148.452	148.577	6057	0	6
2025.07.17	17:00:00	148.575	148.658	148.380	148.479	5344	0	6
2025.07.17	18:00:00	148.479	148.610	148.454	148.553	3932	0	6
2025.07.17	19:00:00	148.550	148.693	148.471	148.619	2621	0	6
2025.07.17	20:00:00	148.619	148.671	148.562	148.656	2264	0	6
2025.07.17	21:00:00	148.656	148.750	148.641	148.719	2091	0	6
2025.07.17	22:00:00	148.719	148.745	148.547	148.585	1897	0	6
2025.07.17	23:00:00	148.583	148.617	148.548	148.592	1349	0	7
2025.07.18	00:00:00	148.572	148.573	148.499	148.500	364	0	73
2025.07.18	01:00:00	148.502	148.569	148.293	148.315	1321	0	7
2025.07.18	02:00:00	148.303	148.451	148.289	148.442	1275	0	6
2025.07.18	03:00:00	148.442	148.618	148.326	148.578	3422	0	6
2025.07.18	04:00:00	148.578	148.620	148.381	148.481	2973	0	6
2025.07.18	05:00:00	148.483	148.575	148.412	148.518	2160	0	6
2025.07.18	06:00:00	148.518	148.667	148.472	148.664	2377	0	6
2025.07.18	07:00:00	148.664	148.723	148.617	148.664	1917	0	6
2025.07.18	08:00:00	148.664	148.806	148.664	148.753	2425	0	6
2025.07.18	09:00:00	148.753	148.832	148.689	148.738	2592	0	6
2025.07.18	10:00:00	148.737	148.881	148.644	148.780	2911	0	6
2025.07.18	11:00:00	148.778	148.778	148.500	148.586	2932	0	6
2025.07.18	12:00:00	148.587	148.721	148.511	148.706	2425	0	6
2025.07.18	13:00:00	148.706	148.717	148.490	148.514	2503	0	6
2025.07.18	14:00:00	148.514	148.579	148.449	148.500	2552	0	6
2025.07.18	15:00:00	148.500	148.521	148.317	148.354	3700	0	6
2025.07.18	16:00:00	148.354	148.467	148.189	148.259	4487	0	6
2025.07.18	17:00:00	148.257	148.517	148.180	148.478	5094	0	6
2025.07.18	18:00:00	148.478	148.562	148.359	148.551	3426	0	6
2025.07.18	19:00:00	148.551	148.725	148.510	148.682	3787	0	6
2025.07.18	20:00:00	148.683	148.790	148.651	148.709	2590	0	6
2025.07.18	21:00:00	148.711	148.785	148.695	148.761	2465	0	6
2025.07.18	22:00:00	148.766	148.806	148.729	148.741	1690	0	6
2025.07.18	23:00:00	148.740	148.827	148.691	148.827	1545	0	7
2025.07.21	00:00:00	147.953	148.218	147.867	148.167	1005	0	73
2025.07.21	01:00:00	148.167	148.664	148.167	148.587	2720	0	7
2025.07.21	02:00:00	148.587	148.655	148.370	148.453	2835	0	6
2025.07.21	03:00:00	148.453	148.483	148.238	148.384	3772	0	6
2025.07.21	04:00:00	148.402	148.540	148.331	148.510	3376	0	6
2025.07.21	05:00:00	148.512	148.556	148.433	148.502	2268	0	6
2025.07.21	06:00:00	148.502	148.541	148.385	148.459	1786	0	6
2025.07.21	07:00:00	148.459	148.522	148.423	148.446	2178	0	6
2025.07.21	08:00:00	148.446	148.448	148.260	148.294	3327	0	6
2025.07.21	09:00:00	148.295	148.306	147.768	147.933	4651	0	6
2025.07.21	10:00:00	147.932	148.244	147.916	148.099	4152	0	6
2025.07.21	11:00:00	148.100	148.130	147.687	147.891	4238	0	6
2025.07.21	12:00:00	147.891	147.970	147.843	147.914	3180	0	6
2025.07.21	13:00:00	147.914	147.976	147.751	147.753	2991	0	6
2025.07.21	14:00:00	147.753	147.767	147.504	147.544	3767	0	6
2025.07.21	15:00:00	147.544	147.553	147.336	147.493	3993	0	6
2025.07.21	16:00:00	147.494	147.721	147.494	147.527	3832	0	6
2025.07.21	17:00:00	147.528	147.545	147.284	147.424	5024	0	6
2025.07.21	18:00:00	147.424	147.424	147.253	147.265	4046	0	6
2025.07.21	19:00:00	147.264	147.332	147.076	147.159	3396	0	6
2025.07.21	20:00:00	147.152	147.307	147.106	147.247	2594	0	6
2025.07.21	21:00:00	147.247	147.377	147.215	147.323	2325	0	6
2025.07.21	22:00:00	147.323	147.370	147.265	147.356	2168	0	6
2025.07.21	23:00:00	147.357	147.437	147.334	147.370	1464	0	7
2025.07.22	00:00:00	147.329	147.329	147.212	147.287	398	0	73
2025.07.22	01:00:00	147.287	147.414	147.287	147.396	790	0	7
2025.07.22	02:00:00	147.397	147.492	147.385	147.395	1302	0	6
2025.07.22	03:00:00	147.393	147.708	147.388	147.481	3663	0	6
2025.07.22	04:00:00	147.481	147.641	147.451	147.581	2526	0	6
2025.07.22	05:00:00	147.581	147.582	147.409	147.460	1955	0	6
2025.07.22	06:00:00	147.460	147.609	147.411	147.575	1721	0	6
2025.07.22	07:00:00	147.575	147.664	147.532	147.635	1941	0	6
2025.07.22	08:00:00	147.635	147.808	147.598	147.771	2016	0	6
2025.07.22	09:00:00	147.771	147.930	147.719	147.816	2969	0	6
2025.07.22	10:00:00	147.821	147.944	147.702	147.705	3219	0	6
2025.07.22	11:00:00	147.705	147.763	147.602	147.609	3560	0	6
2025.07.22	12:00:00	147.609	147.609	147.417	147.434	3253	0	6
2025.07.22	13:00:00	147.435	147.555	147.356	147.532	2308	0	6
2025.07.22	14:00:00	147.532	147.566	147.151	147.194	3208	0	6
2025.07.22	15:00:00	147.195	147.254	146.739	146.799	4425	0	6
2025.07.22	16:00:00	146.799	146.891	146.504	146.573	5251	0	6
2025.07.22	17:00:00	146.572	146.673	146.321	146.444	5809	0	6
2025.07.22	18:00:00	146.450	146.528	146.341	146.368	5037	0	6
2025.07.22	19:00:00	146.366	146.470	146.301	146.426	3620	0	6
2025.07.22	20:00:00	146.426	146.583	146.426	146.554	2929	0	6
2025.07.22	21:00:00	146.554	146.591	146.520	146.558	2271	0	6
2025.07.22	22:00:00	146.558	146.601	146.484	146.555	1970	0	6
2025.07.22	23:00:00	146.553	146.676	146.548	146.665	1528	0	7
2025.07.23	00:00:00	146.590	146.604	146.561	146.570	380	0	73
2025.07.23	01:00:00	146.578	146.771	146.573	146.691	1074	0	7
2025.07.23	02:00:00	146.689	146.937	146.236	146.755	4484	0	6
2025.07.23	03:00:00	146.765	146.809	146.196	146.440	5577	0	6
2025.07.23	04:00:00	146.440	146.722	146.385	146.605	4550	0	6
2025.07.23	05:00:00	146.607	147.201	146.419	146.933	4737	0	6
2025.07.23	06:00:00	146.936	147.014	146.741	146.922	2807	0	6
2025.07.23	07:00:00	146.922	147.067	146.912	146.937	2452	0	6
2025.07.23	08:00:00	146.937	147.201	146.852	147.158	2927	0	6
2025.07.23	09:00:00	147.158	147.212	146.650	146.856	4392	0	6
2025.07.23	10:00:00	146.856	146.883	146.595	146.750	4375	0	6
2025.07.23	11:00:00	146.750	146.903	146.641	146.790	3551	0	6
2025.07.23	12:00:00	146.790	146.798	146.462	146.499	3103	0	6
2025.07.23	13:00:00	146.499	146.547	146.275	146.410	2725	0	6
2025.07.23	14:00:00	146.410	146.418	146.105	146.204	3128	0	6
2025.07.23	15:00:00	146.198	146.494	146.155	146.409	3466	0	6
2025.07.23	16:00:00	146.408	146.727	146.365	146.543	5051	0	6
2025.07.23	17:00:00	146.544	146.590	146.285	146.415	4489	0	6
2025.07.23	18:00:00	146.414	146.566	146.237	146.548	4257	0	6
2025.07.23	19:00:00	146.549	146.613	146.412	146.577	4831	0	6
2025.07.23	20:00:00	146.577	146.620	146.471	146.532	3459	0	6
2025.07.23	21:00:00	146.532	146.541	146.365	146.464	2560	0	6
2025.07.23	22:00:00	146.463	146.579	146.423	146.525	2027	0	6
2025.07.23	23:00:00	146.527	146.528	146.449	146.500	1434	0	7
2025.07.24	00:00:00	146.483	146.491	146.365	146.444	544	0	73
2025.07.24	01:00:00	146.482	146.517	146.419	146.446	1029	0	7
2025.07.24	02:00:00	146.447	146.447	146.236	146.342	1903	0	6
2025.07.24	03:00:00	146.344	146.486	146.262	146.430	4054	0	6
2025.07.24	04:00:00	146.429	146.435	145.853	145.931	4614	0	6
2025.07.24	05:00:00	145.930	146.150	145.930	146.036	2964	0	6
2025.07.24	06:00:00	146.036	146.105	145.890	146.008	2636	0	6
2025.07.24	07:00:00	146.008	146.077	145.924	146.016	2485	0	6
2025.07.24	08:00:00	146.015	146.107	145.950	146.011	3066	0	6
2025.07.24	09:00:00	146.008	146.300	145.986	146.271	4029	0	6
2025.07.24	10:00:00	146.271	146.456	146.138	146.416	4262	0	6
2025.07.24	11:00:00	146.409	146.561	146.309	146.538	3565	0	6
2025.07.24	12:00:00	146.539	146.647	146.518	146.548	3655	0	6
2025.07.24	13:00:00	146.544	146.654	146.521	146.567	2860	0	6
2025.07.24	14:00:00	146.567	146.622	146.458	146.479	3156	0	6
2025.07.24	15:00:00	146.479	146.828	146.443	146.791	4948	0	6
2025.07.24	16:00:00	146.791	146.871	146.476	146.545	6958	0	6
2025.07.24	17:00:00	146.545	146.813	146.355	146.779	6018	0	6
2025.07.24	18:00:00	146.781	146.942	146.734	146.926	4629	0	6
2025.07.24	19:00:00	146.925	146.950	146.779	146.895	3544	0	6
2025.07.24	20:00:00	146.894	146.894	146.747	146.812	2597	0	6
2025.07.24	21:00:00	146.812	146.929	146.794	146.917	2365	0	6
2025.07.24	22:00:00	146.917	146.965	146.846	146.933	2335	0	6
2025.07.24	23:00:00	146.932	147.014	146.880	147.007	2145	0	7
2025.07.25	00:00:00	146.958	147.075	146.958	147.064	694	0	73
2025.07.25	01:00:00	147.078	147.234	147.026	147.052	1063	0	7
2025.07.25	02:00:00	147.053	147.111	146.960	147.003	1745	0	6
2025.07.25	03:00:00	147.007	147.332	146.985	147.206	3988	0	6
2025.07.25	04:00:00	147.206	147.462	147.157	147.362	3514	0	6
2025.07.25	05:00:00	147.362	147.493	147.347	147.414	2502	0	6
2025.07.25	06:00:00	147.414	147.434	147.192	147.217	2302	0	6
2025.07.25	07:00:00	147.215	147.274	147.094	147.136	2461	0	6
2025.07.25	08:00:00	147.136	147.158	146.809	146.933	2985	0	6
2025.07.25	09:00:00	146.929	147.092	146.848	147.055	3924	0	6
2025.07.25	10:00:00	147.049	147.410	147.038	147.379	4341	0	6
2025.07.25	11:00:00	147.377	147.826	147.358	147.749	4678	0	6
2025.07.25	12:00:00	147.751	147.892	147.723	147.867	3400	0	6
2025.07.25	13:00:00	147.867	147.899	147.745	147.773	2814	0	6
2025.07.25	14:00:00	147.773	147.938	147.640	147.671	2965	0	6
2025.07.25	15:00:00	147.671	147.932	147.603	147.850	3879	0	6
2025.07.25	16:00:00	147.850	147.917	147.579	147.667	7590	0	6
2025.07.25	17:00:00	147.651	147.762	147.526	147.729	5495	0	6
2025.07.25	18:00:00	147.728	147.804	147.659	147.778	3556	0	6
2025.07.25	19:00:00	147.778	147.834	147.725	147.755	3087	0	6
2025.07.25	20:00:00	147.753	147.777	147.652	147.673	2693	0	6
2025.07.25	21:00:00	147.672	147.680	147.543	147.560	2085	0	6
2025.07.25	22:00:00	147.560	147.619	147.526	147.618	1688	0	6
2025.07.25	23:00:00	147.617	147.682	147.616	147.647	1621	0	7
2025.07.28	00:00:00	147.695	147.726	147.639	147.646	614	0	73
2025.07.28	01:00:00	147.650	147.831	147.618	147.812	1751	0	7
2025.07.28	02:00:00	147.812	147.874	147.743	147.783	2210	0	6
2025.07.28	03:00:00	147.784	147.810	147.595	147.614	5242	0	6
2025.07.28	04:00:00	147.614	147.877	147.514	147.861	4109	0	6
2025.07.28	05:00:00	147.861	148.017	147.823	147.830	3293	0	6
2025.07.28	06:00:00	147.830	147.865	147.685	147.710	2342	0	6
2025.07.28	07:00:00	147.709	147.793	147.620	147.743	3214	0	6
2025.07.28	08:00:00	147.743	147.871	147.724	147.849	3244	0	6
2025.07.28	09:00:00	147.849	148.206	147.834	148.018	4596	0	6
2025.07.28	10:00:00	148.018	148.334	147.787	148.285	5017	0	6
2025.07.28	11:00:00	148.285	148.368	148.158	148.269	4711	0	6
2025.07.28	12:00:00	148.268	148.412	148.223	148.385	3677	0	6
2025.07.28	13:00:00	148.386	148.433	148.289	148.405	3584	0	6
2025.07.28	14:00:00	148.405	148.440	148.072	148.140	4235	0	6
2025.07.28	15:00:00	148.136	148.176	148.028	148.052	4893	0	6
2025.07.28	16:00:00	148.048	148.326	147.934	148.290	5631	0	6
2025.07.28	17:00:00	148.290	148.319	148.095	148.276	4728	0	6
2025.07.28	18:00:00	148.275	148.493	148.253	148.457	3919	0	6
2025.07.28	19:00:00	148.457	148.519	148.440	148.486	2648	0	6
2025.07.28	20:00:00	148.486	148.544	148.391	148.525	2482	0	6
2025.07.28	21:00:00	148.525	148.573	148.473	148.549	1894	0	6
2025.07.28	22:00:00	148.549	148.557	148.519	148.548	1410	0	6
2025.07.28	23:00:00	148.547	148.573	148.489	148.543	1017	0	7
2025.07.29	00:00:00	148.459	148.542	148.440	148.533	281	0	73
2025.07.29	01:00:00	148.546	148.581	148.488	148.501	791	0	7
2025.07.29	02:00:00	148.497	148.630	148.451	148.451	1425	0	6
2025.07.29	03:00:00	148.452	148.706	148.433	148.678	3180	0	6
2025.07.29	04:00:00	148.679	148.703	148.468	148.586	3256	0	6
2025.07.29	05:00:00	148.586	148.586	148.284	148.342	2828	0	6
2025.07.29	06:00:00	148.342	148.447	148.305	148.358	2082	0	6
2025.07.29	07:00:00	148.358	148.494	148.325	148.348	2466	0	6
2025.07.29	08:00:00	148.348	148.406	148.165	148.238	2467	0	6
2025.07.29	09:00:00	148.238	148.537	148.154	148.515	4122	0	6
2025.07.29	10:00:00	148.518	148.747	148.482	148.575	5027	0	6
2025.07.29	11:00:00	148.579	148.603	148.352	148.552	3881	0	6
2025.07.29	12:00:00	148.552	148.572	148.445	148.550	3440	0	6
2025.07.29	13:00:00	148.551	148.610	148.383	148.538	2922	0	6
2025.07.29	14:00:00	148.538	148.754	148.510	148.712	3288	0	6
2025.07.29	15:00:00	148.712	148.768	148.597	148.703	4011	0	6
2025.07.29	16:00:00	148.702	148.807	148.523	148.556	4197	0	6
2025.07.29	17:00:00	148.557	148.746	148.431	148.475	6291	0	6
2025.07.29	18:00:00	148.472	148.620	148.347	148.572	4592	0	6
2025.07.29	19:00:00	148.572	148.601	148.448	148.560	3393	0	6
2025.07.29	20:00:00	148.560	148.582	148.332	148.486	3269	0	6
2025.07.29	21:00:00	148.485	148.555	148.427	148.428	2077	0	6
2025.07.29	22:00:00	148.426	148.505	148.340	148.502	2142	0	6
2025.07.29	23:00:00	148.501	148.511	148.440	148.463	908	0	7
2025.07.30	00:00:00	148.449	148.451	148.378	148.411	130	0	73
2025.07.30	01:00:00	148.414	148.494	148.414	148.471	708	0	7
2025.07.30	02:00:00	148.472	148.522	148.410	148.417	845	0	6
2025.07.30	03:00:00	148.418	148.444	148.033	148.052	3693	0	6
2025.07.30	04:00:00	148.052	148.162	147.941	148.142	3789	0	6
2025.07.30	05:00:00	148.139	148.149	148.026	148.044	2229	0	6
2025.07.30	06:00:00	148.044	148.044	147.842	147.973	2312	0	6
2025.07.30	07:00:00	147.973	148.168	147.967	148.154	2074	0	6
2025.07.30	08:00:00	148.153	148.168	147.852	148.028	3138	0	6
2025.07.30	09:00:00	148.029	148.130	147.856	147.896	3887	0	6
2025.07.30	10:00:00	147.903	148.080	147.797	148.080	4049	0	6
2025.07.30	11:00:00	148.083	148.117	147.920	147.960	3507	0	6
2025.07.30	12:00:00	147.957	148.068	147.848	148.033	3085	0	6
2025.07.30	13:00:00	148.037	148.288	147.978	148.169	3165	0	6
2025.07.30	14:00:00	148.169	148.357	148.108	148.306	3057	0	6
2025.07.30	15:00:00	148.306	148.885	148.256	148.849	6439	0	6
2025.07.30	16:00:00	148.848	149.100	148.827	149.050	6032	0	6
2025.07.30	17:00:00	149.050	149.055	148.870	148.925	4486	0	6
2025.07.30	18:00:00	148.925	149.109	148.841	149.073	3905	0	6
2025.07.30	19:00:00	149.068	149.128	148.925	148.931	2515	0	6
2025.07.30	20:00:00	148.931	148.931	148.749	148.749	2888	0	6
2025.07.30	21:00:00	148.728	149.349	148.520	149.346	8883	0	6
2025.07.30	22:00:00	149.342	149.434	149.222	149.407	5501	0	6
2025.07.30	23:00:00	149.408	149.516	149.359	149.504	2147	0	7
2025.07.31	00:00:00	149.448	149.448	149.400	149.413	529	0	73
2025.07.31	01:00:00	149.445	149.450	149.292	149.310	1488	0	7
2025.07.31	02:00:00	149.310	149.393	149.205	149.213	1752	0	6
2025.07.31	03:00:00	149.219	149.385	149.174	149.302	3461	0	6
2025.07.31	04:00:00	149.302	149.335	148.959	148.974	3486	0	6
2025.07.31	05:00:00	148.973	148.998	148.630	148.830	3407	0	6
2025.07.31	06:00:00	148.827	148.914	148.585	148.743	3714	0	6
2025.07.31	07:00:00	148.744	148.958	148.732	148.884	2911	0	6
2025.07.31	08:00:00	148.885	148.923	148.736	148.781	3041	0	6
2025.07.31	09:00:00	148.782	149.088	148.678	148.874	5282	0	6
2025.07.31	10:00:00	148.872	149.717	148.853	149.395	6007	0	6
2025.07.31	11:00:00	149.395	149.698	149.294	149.630	4732	0	6
2025.07.31	12:00:00	149.630	149.956	149.620	149.952	3456	0	6
2025.07.31	13:00:00	149.951	150.043	149.871	149.941	3616	0	6
2025.07.31	14:00:00	149.941	150.100	149.809	149.873	4276	0	6
2025.07.31	15:00:00	149.873	150.254	149.810	150.186	5688	0	6
2025.07.31	16:00:00	150.186	150.581	150.175	150.563	5523	0	6
2025.07.31	17:00:00	150.563	150.633	150.374	150.475	6475	0	6
2025.07.31	18:00:00	150.474	150.601	150.345	150.598	5383	0	6
2025.07.31	19:00:00	150.601	150.786	150.588	150.684	3639	0	6
2025.07.31	20:00:00	150.682	150.719	150.552	150.661	3436	0	6
2025.07.31	21:00:00	150.664	150.786	150.663	150.751	3085	0	6
2025.07.31	22:00:00	150.756	150.801	150.687	150.795	2622	0	6
2025.07.31	23:00:00	150.796	150.836	150.736	150.787	2174	0	7
2025.08.01	00:00:00	150.708	150.716	150.646	150.665	462	0	73
2025.08.01	01:00:00	150.665	150.797	150.665	150.736	1500	0	7
2025.08.01	02:00:00	150.735	150.878	150.634	150.809	2369	0	6
2025.08.01	03:00:00	150.805	150.887	150.590	150.733	4412	0	6
2025.08.01	04:00:00	150.734	150.918	150.628	150.902	4156	0	6
2025.08.01	05:00:00	150.901	150.910	150.702	150.762	3030	0	6
2025.08.01	06:00:00	150.763	150.776	150.551	150.585	2500	0	6
2025.08.01	07:00:00	150.585	150.658	150.550	150.604	1891	0	6
2025.08.01	08:00:00	150.604	150.651	150.406	150.471	2556	0	6
2025.08.01	09:00:00	150.474	150.645	150.446	150.602	3483	0	6
2025.08.01	10:00:00	150.599	150.619	150.452	150.533	4148	0	6
2025.08.01	11:00:00	150.531	150.624	150.506	150.606	3470	0	6
2025.08.01	12:00:00	150.606	150.623	150.414	150.507	3167	0	6
2025.08.01	13:00:00	150.504	150.510	150.319	150.356	3285	0	6
2025.08.01	14:00:00	150.356	150.522	150.278	150.513	3275	0	6
2025.08.01	15:00:00	150.513	150.593	148.562	148.632	9356	0	6
2025.08.01	16:00:00	148.617	148.661	147.987	148.132	11555	0	6
2025.08.01	17:00:00	147.865	148.224	147.487	148.086	11675	0	6
2025.08.01	18:00:00	148.093	148.184	147.926	148.052	7118	0	6
2025.08.01	19:00:00	148.053	148.106	147.775	147.821	4656	0	6
2025.08.01	20:00:00	147.820	147.947	147.724	147.877	4789	0	6
2025.08.01	21:00:00	147.877	147.901	147.678	147.846	3857	0	6
2025.08.01	22:00:00	147.844	147.858	147.319	147.440	4835	0	6
2025.08.01	23:00:00	147.440	147.440	147.291	147.373	2600	0	6
2025.08.04	00:00:00	147.225	147.236	147.171	147.178	389	0	73
2025.08.04	01:00:00	147.178	147.295	147.050	147.241	2351	0	7
2025.08.04	02:00:00	147.241	147.380	147.111	147.342	2646	0	6
2025.08.04	03:00:00	147.342	147.691	147.264	147.647	5717	0	6
2025.08.04	04:00:00	147.649	147.907	147.615	147.762	4821	0	6
2025.08.04	05:00:00	147.759	147.863	147.623	147.792	3423	0	6
2025.08.04	06:00:00	147.792	147.792	147.581	147.692	2893	0	6
2025.08.04	07:00:00	147.691	147.707	147.552	147.683	2936	0	6
2025.08.04	08:00:00	147.682	147.867	147.651	147.776	3570	0	6
2025.08.04	09:00:00	147.777	147.844	147.530	147.645	4798	0	6
2025.08.04	10:00:00	147.644	148.044	147.591	147.879	5389	0	6
2025.08.04	11:00:00	147.877	148.085	147.861	147.892	4923	0	6
2025.08.04	12:00:00	147.892	147.943	147.674	147.813	3938	0	6
2025.08.04	13:00:00	147.813	147.849	147.560	147.571	3725	0	6
2025.08.04	14:00:00	147.571	147.597	147.339	147.342	4454	0	6
2025.08.04	15:00:00	147.338	147.439	147.002	147.190	4773	0	6
2025.08.04	16:00:00	147.191	147.313	146.950	147.087	6056	0	6
2025.08.04	17:00:00	147.087	147.260	146.860	147.229	6711	0	6
2025.08.04	18:00:00	147.229	147.351	147.043	147.098	4820	0	6
2025.08.04	19:00:00	147.096	147.215	147.001	147.037	3744	0	6
2025.08.04	20:00:00	147.037	147.093	146.956	146.965	3044	0	6
2025.08.04	21:00:00	146.965	147.005	146.908	146.944	3247	0	6
2025.08.04	22:00:00	146.944	147.057	146.907	147.024	2680	0	6
2025.08.04	23:00:00	147.024	147.105	146.950	147.050	1896	0	7
2025.08.05	00:00:00	147.073	147.086	147.007	147.036	467	0	73
2025.08.05	01:00:00	147.077	147.077	146.875	146.908	1264	0	7
2025.08.05	02:00:00	146.906	146.931	146.691	146.790	1820	0	6
2025.08.05	03:00:00	146.777	147.032	146.614	146.921	4139	0	6
2025.08.05	04:00:00	146.921	147.110	146.877	147.053	3441	0	6
2025.08.05	05:00:00	147.055	147.230	147.037	147.182	2654	0	6
2025.08.05	06:00:00	147.183	147.259	147.132	147.212	1945	0	6
2025.08.05	07:00:00	147.212	147.257	147.003	147.078	2079	0	6
2025.08.05	08:00:00	147.078	147.237	147.053	147.170	2790	0	6
2025.08.05	09:00:00	147.170	147.342	147.028	147.326	3605	0	6
2025.08.05	10:00:00	147.325	147.480	147.154	147.385	4421	0	6
2025.08.05	11:00:00	147.385	147.632	147.333	147.576	4187	0	6
2025.08.05	12:00:00	147.577	147.637	147.447	147.626	3449	0	6
2025.08.05	13:00:00	147.627	147.775	147.580	147.619	2934	0	6
2025.08.05	14:00:00	147.620	147.694	147.545	147.629	2928	0	6
2025.08.05	15:00:00	147.628	147.751	147.535	147.663	4950	0	6
2025.08.05	16:00:00	147.659	147.832	147.503	147.692	4985	0	6
2025.08.05	17:00:00	147.583	147.732	147.352	147.448	8152	0	6
2025.08.05	18:00:00	147.446	147.570	147.303	147.492	5503	0	6
2025.08.05	19:00:00	147.492	147.590	147.426	147.545	3516	0	6
2025.08.05	20:00:00	147.544	147.647	147.484	147.617	2972	0	6
2025.08.05	21:00:00	147.617	147.681	147.589	147.602	3169	0	6
2025.08.05	22:00:00	147.600	147.702	147.579	147.604	2276	0	6
2025.08.05	23:00:00	147.605	147.617	147.492	147.556	1645	0	7
2025.08.06	00:00:00	147.565	147.565	147.503	147.544	755	0	73
2025.08.06	01:00:00	147.546	147.638	147.541	147.562	964	0	7
2025.08.06	02:00:00	147.563	147.643	147.510	147.520	1525	0	6
2025.08.06	03:00:00	147.517	147.615	147.443	147.579	2974	0	6
2025.08.06	04:00:00	147.579	147.724	147.579	147.690	2598	0	6
2025.08.06	05:00:00	147.690	147.748	147.519	147.552	2612	0	6
2025.08.06	06:00:00	147.552	147.553	147.327	147.395	2353	0	6
2025.08.06	07:00:00	147.396	147.445	147.301	147.342	2261	0	6
2025.08.06	08:00:00	147.342	147.544	147.333	147.447	2302	0	6
2025.08.06	09:00:00	147.446	147.545	147.359	147.545	3295	0	6
2025.08.06	10:00:00	147.550	147.690	147.528	147.561	3634	0	6
2025.08.06	11:00:00	147.555	147.843	147.554	147.804	3607	0	6
2025.08.06	12:00:00	147.807	147.882	147.709	147.820	3225	0	6
2025.08.06	13:00:00	147.820	147.839	147.559	147.579	4154	0	6
2025.08.06	14:00:00	147.580	147.654	147.438	147.537	2949	0	6
2025.08.06	15:00:00	147.540	147.590	147.402	147.438	3732	0	6
2025.08.06	16:00:00	147.437	147.450	147.235	147.240	4524	0	6
2025.08.06	17:00:00	147.242	147.434	147.241	147.387	4940	0	6
2025.08.06	18:00:00	147.387	147.653	147.209	147.257	5170	0	6
2025.08.06	19:00:00	147.257	147.415	147.213	147.347	4503	0	6
2025.08.06	20:00:00	147.347	147.398	147.213	147.238	3886	0	6
2025.08.06	21:00:00	147.235	147.273	146.974	147.064	3240	0	6
2025.08.06	22:00:00	147.064	147.186	147.063	147.181	2337	0	6
2025.08.06	23:00:00	147.182	147.632	147.162	147.360	2492	0	7
2025.08.07	00:00:00	147.318	147.425	147.293	147.306	498	0	73
2025.08.07	01:00:00	147.324	147.345	147.201	147.213	1308	0	7
2025.08.07	02:00:00	147.220	147.250	147.149	147.192	1522	0	6
2025.08.07	03:00:00	147.196	147.597	147.165	147.581	3742	0	6
2025.08.07	04:00:00	147.581	147.679	147.479	147.493	3591	0	6
2025.08.07	05:00:00	147.493	147.573	147.439	147.561	2416	0	6
2025.08.07	06:00:00	147.561	147.706	147.477	147.512	2468	0	6
2025.08.07	07:00:00	147.512	147.531	147.268	147.304	2606	0	6
2025.08.07	08:00:00	147.307	147.345	147.208	147.274	2785	0	6
2025.08.07	09:00:00	147.274	147.300	146.796	146.853	4157	0	6
2025.08.07	10:00:00	146.853	146.957	146.687	146.803	4866	0	6
2025.08.07	11:00:00	146.809	147.182	146.779	147.130	5600	0	6
2025.08.07	12:00:00	147.126	147.347	147.109	147.344	3470	0	6
2025.08.07	13:00:00	147.345	147.399	147.277	147.324	3440	0	6
2025.08.07	14:00:00	147.324	147.491	147.252	147.310	4603	0	6
2025.08.07	15:00:00	147.310	147.391	147.017	147.285	5295	0	6
2025.08.07	16:00:00	147.284	147.316	147.109	147.272	5880	0	6
2025.08.07	17:00:00	147.272	147.540	147.194	147.488	6819	0	6
2025.08.07	18:00:00	147.488	147.586	147.322	147.363	4828	0	6
2025.08.07	19:00:00	147.362	147.437	147.305	147.361	3037	0	6
2025.08.07	20:00:00	147.361	147.467	147.353	147.417	3674	0	6
2025.08.07	21:00:00	147.415	147.565	147.387	147.564	2881	0	6
2025.08.07	22:00:00	147.562	147.565	146.941	147.078	4250	0	6
2025.08.07	23:00:00	147.075	147.130	146.952	147.123	2436	0	6
2025.08.08	00:00:00	147.075	147.100	146.991	147.008	388	0	73
2025.08.08	01:00:00	147.008	147.054	146.808	146.947	1803	0	7
2025.08.08	02:00:00	146.947	146.957	146.758	146.803	2304	0	6
2025.08.08	03:00:00	146.798	147.189	146.716	147.142	4290	0	6
2025.08.08	04:00:00	147.142	147.368	147.130	147.281	2892	0	6
2025.08.08	05:00:00	147.281	147.312	147.157	147.196	2209	0	6
2025.08.08	06:00:00	147.198	147.301	147.161	147.189	2099	0	6
2025.08.08	07:00:00	147.189	147.206	147.114	147.156	1974	0	6
2025.08.08	08:00:00	147.166	147.415	147.145	147.409	2956	0	6
2025.08.08	09:00:00	147.407	147.451	147.245	147.327	3503	0	6
2025.08.08	10:00:00	147.327	147.392	147.133	147.319	4298	0	6
2025.08.08	11:00:00	147.317	147.689	147.157	147.645	4628	0	6
2025.08.08	12:00:00	147.645	147.723	147.538	147.707	4439	0	6
2025.08.08	13:00:00	147.707	147.834	147.637	147.792	3398	0	6
2025.08.08	14:00:00	147.792	147.846	147.707	147.813	3133	0	6
2025.08.08	15:00:00	147.813	147.890	147.636	147.841	4307	0	6
2025.08.08	16:00:00	147.841	147.901	147.639	147.875	4511	0	6
2025.08.08	17:00:00	147.882	147.901	147.690	147.814	4796	0	6
2025.08.08	18:00:00	147.819	147.829	147.631	147.706	3738	0	6
2025.08.08	19:00:00	147.706	147.832	147.675	147.736	3327	0	6
2025.08.08	20:00:00	147.734	147.748	147.652	147.740	2897	0	6
2025.08.08	21:00:00	147.732	147.774	147.627	147.661	3801	0	6
2025.08.08	22:00:00	147.661	147.817	147.641	147.753	2718	0	6
2025.08.08	23:00:00	147.753	147.801	147.716	147.735	2419	0	7
2025.08.11	00:00:00	147.479	147.669	147.479	147.547	877	0	73
2025.08.11	01:00:00	147.600	147.786	147.596	147.723	1122	0	7
2025.08.11	02:00:00	147.713	147.771	147.620	147.651	1469	0	6
2025.08.11	03:00:00	147.641	147.736	147.569	147.659	3051	0	6
2025.08.11	04:00:00	147.664	147.713	147.585	147.613	2821	0	6
2025.08.11	05:00:00	147.613	147.615	147.515	147.551	2034	0	6
2025.08.11	06:00:00	147.551	147.602	147.426	147.477	2156	0	6
2025.08.11	07:00:00	147.477	147.493	147.421	147.481	2598	0	6
2025.08.11	08:00:00	147.481	147.530	147.470	147.515	2642	0	6
2025.08.11	09:00:00	147.515	147.605	147.469	147.593	3197	0	6
2025.08.11	10:00:00	147.592	147.661	147.352	147.386	3655	0	6
2025.08.11	11:00:00	147.384	147.544	147.346	147.503	3395	0	6
2025.08.11	12:00:00	147.504	147.703	147.483	147.680	2907	0	6
2025.08.11	13:00:00	147.678	147.740	147.659	147.734	2601	0	6
2025.08.11	14:00:00	147.734	147.942	147.717	147.860	2953	0	6
2025.08.11	15:00:00	147.861	147.948	147.805	147.807	3490	0	6
2025.08.11	16:00:00	147.807	147.938	147.784	147.885	4031	0	6
2025.08.11	17:00:00	147.885	148.070	147.873	148.046	4207	0	6
2025.08.11	18:00:00	148.045	148.109	147.941	147.996	3357	0	6
2025.08.11	19:00:00	147.996	148.025	147.909	147.988	2769	0	6
2025.08.11	20:00:00	147.988	148.067	147.965	147.993	2752	0	6
2025.08.11	21:00:00	147.993	148.164	147.979	148.129	2286	0	6
2025.08.11	22:00:00	148.128	148.235	148.115	148.222	1882	0	6
2025.08.11	23:00:00	148.228	148.247	148.087	148.133	1824	0	7
2025.08.12	00:00:00	147.980	148.114	147.980	148.081	522	0	73
2025.08.12	01:00:00	148.111	148.232	148.093	148.191	943	0	7
2025.08.12	02:00:00	148.195	148.216	148.115	148.145	1207	0	6
2025.08.12	03:00:00	148.146	148.426	148.125	148.403	3924	0	6
2025.08.12	04:00:00	148.403	148.403	148.206	148.301	3147	0	6
2025.08.12	05:00:00	148.300	148.339	148.252	148.290	2085	0	6
2025.08.12	06:00:00	148.290	148.439	148.263	148.411	2155	0	6
2025.08.12	07:00:00	148.413	148.445	148.338	148.348	2709	0	6
2025.08.12	08:00:00	148.349	148.400	148.228	148.336	4163	0	6
2025.08.12	09:00:00	148.338	148.401	148.145	148.266	4517	0	6
2025.08.12	10:00:00	148.266	148.367	148.201	148.261	4403	0	6
2025.08.12	11:00:00	148.261	148.466	148.259	148.422	3851	0	6
2025.08.12	12:00:00	148.420	148.481	148.349	148.470	3480	0	6
2025.08.12	13:00:00	148.471	148.478	148.362	148.464	2664	0	6
2025.08.12	14:00:00	148.463	148.491	148.437	148.437	2894	0	6
2025.08.12	15:00:00	148.437	148.515	147.809	148.032	10340	0	6
2025.08.12	16:00:00	148.032	148.445	147.899	148.203	11880	0	6
2025.08.12	17:00:00	148.202	148.399	148.071	148.161	8890	0	6
2025.08.12	18:00:00	148.162	148.175	147.574	147.805	7490	0	6
2025.08.12	19:00:00	147.805	147.861	147.656	147.708	5718	0	6
2025.08.12	20:00:00	147.709	147.793	147.686	147.758	4400	0	6
2025.08.12	21:00:00	147.759	147.800	147.690	147.732	3249	0	6
2025.08.12	22:00:00	147.734	147.781	147.692	147.756	2343	0	6
2025.08.12	23:00:00	147.757	147.868	147.742	147.847	1620	0	7
2025.08.13	00:00:00	147.778	147.833	147.718	147.813	814	0	73
2025.08.13	01:00:00	147.845	147.849	147.762	147.789	1045	0	7
2025.08.13	02:00:00	147.789	147.817	147.729	147.771	1224	0	6
2025.08.13	03:00:00	147.769	147.889	147.696	147.799	3946	0	6
2025.08.13	04:00:00	147.797	148.084	147.727	148.051	3260	0	6
2025.08.13	05:00:00	148.052	148.162	148.023	148.043	2690	0	6
2025.08.13	06:00:00	148.049	148.107	147.958	147.996	2320	0	6
2025.08.13	07:00:00	147.999	148.096	147.927	147.930	2642	0	6
2025.08.13	08:00:00	147.930	148.007	147.893	147.929	2686	0	6
2025.08.13	09:00:00	147.929	147.944	147.718	147.780	4316	0	6
2025.08.13	10:00:00	147.783	147.788	147.398	147.528	5103	0	6
2025.08.13	11:00:00	147.528	147.535	147.197	147.268	5047	0	6
2025.08.13	12:00:00	147.266	147.269	147.176	147.211	3837	0	6
2025.08.13	13:00:00	147.211	147.414	147.188	147.407	3824	0	6
2025.08.13	14:00:00	147.407	147.563	147.269	147.278	3990	0	6
2025.08.13	15:00:00	147.278	147.491	147.152	147.405	4896	0	6
2025.08.13	16:00:00	147.405	147.429	147.187	147.205	5235	0	6
2025.08.13	17:00:00	147.204	147.249	147.095	147.143	5999	0	6
2025.08.13	18:00:00	147.144	147.311	147.083	147.247	4590	0	6
2025.08.13	19:00:00	147.247	147.347	147.210	147.342	3195	0	6
2025.08.13	20:00:00	147.342	147.421	147.314	147.388	2875	0	6
2025.08.13	21:00:00	147.388	147.511	147.386	147.433	2536	0	6
2025.08.13	22:00:00	147.433	147.474	147.381	147.442	2159	0	6
2025.08.13	23:00:00	147.442	147.453	147.316	147.375	1645	0	7
2025.08.14	00:00:00	147.353	147.353	147.222	147.247	379	0	73
2025.08.14	01:00:00	147.258	147.351	147.244	147.255	1185	0	7
2025.08.14	02:00:00	147.255	147.255	147.107	147.113	1185	0	6
2025.08.14	03:00:00	147.113	147.116	146.613	146.690	4971	0	6
2025.08.14	04:00:00	146.692	146.692	146.372	146.494	5887	0	6
2025.08.14	05:00:00	146.495	146.732	146.495	146.695	3883	0	6
2025.08.14	06:00:00	146.696	146.745	146.539	146.548	2865	0	6
2025.08.14	07:00:00	146.546	146.566	146.334	146.384	2884	0	6
2025.08.14	08:00:00	146.384	146.569	146.384	146.465	3871	0	6
2025.08.14	09:00:00	146.465	146.525	146.210	146.481	6097	0	6
2025.08.14	10:00:00	146.480	146.584	146.308	146.548	6837	0	6
2025.08.14	11:00:00	146.548	146.631	146.421	146.551	5178	0	6
2025.08.14	12:00:00	146.551	146.647	146.434	146.627	4383	0	6
2025.08.14	13:00:00	146.627	146.667	146.428	146.524	3999	0	6
2025.08.14	14:00:00	146.524	146.628	146.433	146.491	3934	0	6
2025.08.14	15:00:00	146.490	147.099	146.422	146.951	9842	0	6
2025.08.14	16:00:00	146.948	147.418	146.943	147.413	9044	0	6
2025.08.14	17:00:00	147.415	147.557	147.360	147.480	7297	0	6
2025.08.14	18:00:00	147.480	147.804	147.473	147.688	6572	0	6
2025.08.14	19:00:00	147.688	147.889	147.682	147.847	4707	0	6
2025.08.14	20:00:00	147.847	147.908	147.750	147.866	3110	0	6
2025.08.14	21:00:00	147.864	147.961	147.848	147.875	3113	0	6
2025.08.14	22:00:00	147.876	147.878	147.760	147.776	2254	0	6
2025.08.14	23:00:00	147.777	147.779	147.716	147.737	1603	0	6
2025.08.15	00:00:00	147.735	147.820	147.702	147.730	655	0	73
2025.08.15	01:00:00	147.730	147.805	147.730	147.771	931	0	7
2025.08.15	02:00:00	147.767	147.867	147.656	147.682	1543	0	6
2025.08.15	03:00:00	147.682	147.727	147.460	147.479	3629	0	6
2025.08.15	04:00:00	147.478	147.514	147.199	147.286	3516	0	6
2025.08.15	05:00:00	147.283	147.393	147.246	147.280	2594	0	6
2025.08.15	06:00:00	147.278	147.294	147.173	147.222	2539	0	6
2025.08.15	07:00:00	147.223	147.231	147.107	147.133	1891	0	6
2025.08.15	08:00:00	147.134	147.170	147.043	147.148	2378	0	6
2025.08.15	09:00:00	147.148	147.219	147.045	147.095	4053	0	6
2025.08.15	10:00:00	147.095	147.219	146.975	147.003	3963	0	6
2025.08.15	11:00:00	147.003	147.009	146.851	146.855	3954	0	6
2025.08.15	12:00:00	146.856	146.909	146.755	146.888	3216	0	6
2025.08.15	13:00:00	146.888	146.966	146.799	146.950	2657	0	6
2025.08.15	14:00:00	146.950	147.049	146.907	146.980	2563	0	6
2025.08.15	15:00:00	146.980	147.273	146.733	146.886	6699	0	6
2025.08.15	16:00:00	146.886	147.094	146.766	146.958	7817	0	6
2025.08.15	17:00:00	146.966	147.043	146.797	146.849	6846	0	6
2025.08.15	18:00:00	146.852	147.042	146.813	147.004	4935	0	6
2025.08.15	19:00:00	147.004	147.258	146.998	147.198	3402	0	6
2025.08.15	20:00:00	147.198	147.330	147.196	147.237	2460	0	6
2025.08.15	21:00:00	147.236	147.306	147.197	147.207	2589	0	6
2025.08.15	22:00:00	147.207	147.250	147.190	147.237	1981	0	6
2025.08.15	23:00:00	147.235	147.252	147.160	147.168	1802	0	7
2025.08.18	00:00:00	147.147	147.165	147.128	147.162	400	0	73
2025.08.18	01:00:00	147.162	147.201	147.081	147.171	1100	0	7
2025.08.18	02:00:00	147.168	147.384	147.167	147.229	1874	0	6
2025.08.18	03:00:00	147.229	147.455	147.223	147.425	4787	0	6
2025.08.18	04:00:00	147.427	147.579	147.330	147.333	3738	0	6
2025.08.18	05:00:00	147.333	147.523	147.298	147.465	2913	0	6
2025.08.18	06:00:00	147.465	147.482	147.334	147.386	2565	0	6
2025.08.18	07:00:00	147.386	147.501	147.352	147.374	3340	0	6
2025.08.18	08:00:00	147.375	147.449	147.334	147.378	3134	0	6
2025.08.18	09:00:00	147.378	147.496	147.317	147.379	4081	0	6
2025.08.18	10:00:00	147.377	147.466	147.117	147.450	4709	0	6
2025.08.18	11:00:00	147.450	147.517	147.250	147.341	4520	0	6
2025.08.18	12:00:00	147.341	147.470	147.273	147.409	3625	0	6
2025.08.18	13:00:00	147.409	147.464	147.363	147.421	2767	0	6
2025.08.18	14:00:00	147.421	147.568	147.366	147.547	2886	0	6
2025.08.18	15:00:00	147.545	147.790	147.514	147.723	4413	0	6
2025.08.18	16:00:00	147.721	147.914	147.713	147.814	4395	0	6
2025.08.18	17:00:00	147.814	147.981	147.687	147.941	4776	0	6
2025.08.18	18:00:00	147.941	147.984	147.730	147.756	4164	0	6
2025.08.18	19:00:00	147.756	147.807	147.676	147.790	3148	0	6
2025.08.18	20:00:00	147.791	147.825	147.653	147.797	3046	0	6
2025.08.18	21:00:00	147.798	147.862	147.735	147.859	2551	0	6
2025.08.18	22:00:00	147.858	147.884	147.818	147.818	1974	0	6
2025.08.18	23:00:00	147.817	147.920	147.800	147.871	1423	0	7
2025.08.19	00:00:00	147.777	147.806	147.683	147.791	451	0	73
2025.08.19	01:00:00	147.791	147.882	147.762	147.874	1011	0	7
2025.08.19	02:00:00	147.870	147.979	147.870	147.919	1405	0	6
2025.08.19	03:00:00	147.919	147.977	147.768	147.772	3524	0	6
2025.08.19	04:00:00	147.770	148.105	147.616	147.748	5131	0	6
2025.08.19	05:00:00	147.748	147.827	147.662	147.809	2990	0	6
2025.08.19	06:00:00	147.808	147.874	147.721	147.830	2816	0	6
2025.08.19	07:00:00	147.830	147.869	147.740	147.759	2654	0	6
2025.08.19	08:00:00	147.758	147.776	147.609	147.640	3075	0	6
2025.08.19	09:00:00	147.638	147.706	147.566	147.599	3865	0	6
2025.08.19	10:00:00	147.599	147.707	147.528	147.705	4122	0	6
2025.08.19	11:00:00	147.705	147.748	147.619	147.662	3533	0	6
2025.08.19	12:00:00	147.662	147.809	147.617	147.760	2905	0	6
2025.08.19	13:00:00	147.761	147.766	147.598	147.710	2729	0	6
2025.08.19	14:00:00	147.710	147.817	147.646	147.708	3332	0	6
2025.08.19	15:00:00	147.708	147.846	147.691	147.781	4467	0	6
2025.08.19	16:00:00	147.783	147.902	147.633	147.652	5207	0	6
2025.08.19	17:00:00	147.651	147.802	147.550	147.728	5105	0	6
2025.08.19	18:00:00	147.727	147.790	147.624	147.723	4119	0	6
2025.08.19	19:00:00	147.723	147.723	147.550	147.624	3775	0	6
2025.08.19	20:00:00	147.624	147.646	147.440	147.473	3395	0	6
2025.08.19	21:00:00	147.473	147.575	147.446	147.511	2913	0	6
2025.08.19	22:00:00	147.511	147.585	147.457	147.584	2314	0	6
2025.08.19	23:00:00	147.584	147.685	147.583	147.669	1702	0	6
2025.08.20	00:00:00	147.596	147.624	147.500	147.534	606	0	73
2025.08.20	01:00:00	147.530	147.647	147.530	147.604	827	0	7
2025.08.20	02:00:00	147.599	147.752	147.599	147.733	1294	0	6
2025.08.20	03:00:00	147.738	147.815	147.497	147.566	3514	0	6
2025.08.20	04:00:00	147.566	147.663	147.418	147.497	4500	0	6
2025.08.20	05:00:00	147.497	147.618	147.468	147.577	3693	0	6
2025.08.20	06:00:00	147.577	147.588	147.448	147.528	2908	0	6
2025.08.20	07:00:00	147.531	147.603	147.451	147.575	1972	0	6
2025.08.20	08:00:00	147.574	147.574	147.396	147.457	2506	0	6
2025.08.20	09:00:00	147.456	147.475	147.142	147.377	5204	0	6
2025.08.20	10:00:00	147.375	147.694	147.327	147.623	5168	0	6
2025.08.20	11:00:00	147.623	147.644	147.523	147.584	4009	0	6
2025.08.20	12:00:00	147.584	147.588	147.418	147.475	2926	0	6
2025.08.20	13:00:00	147.475	147.491	147.367	147.445	2623	0	6
2025.08.20	14:00:00	147.445	147.544	147.414	147.536	2281	0	6
2025.08.20	15:00:00	147.535	147.535	147.238	147.273	4933	0	6
2025.08.20	16:00:00	147.273	147.435	147.079	147.153	5341	0	6
2025.08.20	17:00:00	147.152	147.250	146.866	146.994	7680	0	6
2025.08.20	18:00:00	146.994	147.210	146.948	147.194	4820	0	6
2025.08.20	19:00:00	147.194	147.229	147.092	147.114	3188	0	6
2025.08.20	20:00:00	147.110	147.140	147.005	147.020	2808	0	6
2025.08.20	21:00:00	147.014	147.284	146.994	147.267	3119	0	6
2025.08.20	22:00:00	147.268	147.354	147.234	147.339	2492	0	6
2025.08.20	23:00:00	147.339	147.487	147.330	147.330	1449	0	7
2025.08.21	00:00:00	147.296	147.311	147.239	147.274	335	0	73
2025.08.21	01:00:00	147.290	147.364	147.255	147.344	1055	0	7
2025.08.21	02:00:00	147.340	147.406	147.292	147.298	1726	0	6
2025.08.21	03:00:00	147.300	147.460	147.249	147.386	4478	0	6
2025.08.21	04:00:00	147.386	147.503	147.310	147.426	3890	0	6
2025.08.21	05:00:00	147.423	147.454	147.251	147.339	2787	0	6
2025.08.21	06:00:00	147.340	147.446	147.282	147.413	2021	0	6
2025.08.21	07:00:00	147.413	147.425	147.343	147.381	1857	0	6
2025.08.21	08:00:00	147.382	147.493	147.366	147.427	2337	0	6
2025.08.21	09:00:00	147.427	147.579	147.340	147.558	4123	0	6
2025.08.21	10:00:00	147.560	147.638	147.506	147.593	4314	0	6
2025.08.21	11:00:00	147.593	147.622	147.551	147.582	3555	0	6
2025.08.21	12:00:00	147.583	147.694	147.474	147.664	3478	0	6
2025.08.21	13:00:00	147.665	147.889	147.655	147.845	3216	0	6
2025.08.21	14:00:00	147.845	147.932	147.817	147.922	3081	0	6
2025.08.21	15:00:00	147.921	147.929	147.578	147.751	5661	0	6
2025.08.21	16:00:00	147.750	147.935	147.583	147.795	7000	0	6
2025.08.21	17:00:00	147.806	148.166	147.795	148.155	7353	0	6
2025.08.21	18:00:00	148.155	148.399	148.077	148.357	6706	0	6
2025.08.21	19:00:00	148.357	148.394	148.272	148.284	3401	0	6
2025.08.21	20:00:00	148.284	148.304	148.164	148.271	2672	0	6
2025.08.21	21:00:00	148.271	148.345	148.228	148.344	2367	0	6
2025.08.21	22:00:00	148.345	148.405	148.342	148.376	1808	0	6
2025.08.21	23:00:00	148.376	148.380	148.313	148.370	1274	0	7
2025.08.22	00:00:00	148.301	148.358	148.236	148.327	525	0	73
2025.08.22	01:00:00	148.341	148.377	148.316	148.333	900	0	7
2025.08.22	02:00:00	148.333	148.451	148.290	148.383	1764	0	6
2025.08.22	03:00:00	148.383	148.499	148.276	148.470	4188	0	6
2025.08.22	04:00:00	148.471	148.677	148.408	148.546	3306	0	6
2025.08.22	05:00:00	148.546	148.557	148.455	148.482	2222	0	6
2025.08.22	06:00:00	148.482	148.713	148.480	148.673	2478	0	6
2025.08.22	07:00:00	148.671	148.760	148.641	148.743	2089	0	6
2025.08.22	08:00:00	148.742	148.775	148.597	148.658	2891	0	6
2025.08.22	09:00:00	148.661	148.704	148.419	148.516	3884	0	6
2025.08.22	10:00:00	148.515	148.620	148.411	148.604	3758	0	6
2025.08.22	11:00:00	148.605	148.671	148.540	148.636	3433	0	6
2025.08.22	12:00:00	148.637	148.708	148.599	148.703	2726	0	6
2025.08.22	13:00:00	148.703	148.732	148.617	148.631	2147	0	6
2025.08.22	14:00:00	148.631	148.734	148.594	148.704	3063	0	6
2025.08.22	15:00:00	148.704	148.719	148.601	148.702	3829	0	6
2025.08.22	16:00:00	148.702	148.716	148.490	148.604	4381	0	6
2025.08.22	17:00:00	148.602	148.602	146.800	146.851	16224	0	6
2025.08.22	18:00:00	146.851	146.892	146.570	146.828	8047	0	6
2025.08.22	19:00:00	146.828	146.849	146.647	146.705	5307	0	6
2025.08.22	20:00:00	146.705	146.734	146.573	146.639	4220	0	6
2025.08.22	21:00:00	146.639	146.872	146.599	146.864	3188	0	6
2025.08.22	22:00:00	146.863	146.996	146.841	146.959	2381	0	6
2025.08.22	23:00:00	146.957	146.980	146.873	146.934	1582	0	6
2025.08.25	00:00:00	146.826	146.865	146.752	146.824	771	0	73
2025.08.25	01:00:00	146.822	147.064	146.817	147.062	1691	0	7
2025.08.25	02:00:00	147.062	147.299	147.043	147.263	2125	0	6
2025.08.25	03:00:00	147.263	147.525	147.240	147.385	5175	0	6
2025.08.25	04:00:00	147.385	147.460	147.252	147.395	3809	0	6
2025.08.25	05:00:00	147.395	147.517	147.393	147.436	2956	0	6
2025.08.25	06:00:00	147.436	147.436	147.305	147.338	2249	0	6
2025.08.25	07:00:00	147.338	147.355	147.201	147.232	2667	0	6
2025.08.25	08:00:00	147.232	147.370	147.226	147.294	2560	0	6
2025.08.25	09:00:00	147.294	147.315	147.093	147.164	3675	0	6
2025.08.25	10:00:00	147.164	147.365	147.137	147.332	3245	0	6
2025.08.25	11:00:00	147.332	147.367	147.249	147.284	2653	0	6
2025.08.25	12:00:00	147.284	147.383	147.220	147.345	2136	0	6
2025.08.25	13:00:00	147.345	147.444	147.317	147.438	2299	0	6
2025.08.25	14:00:00	147.438	147.445	147.284	147.316	2681	0	6
2025.08.25	15:00:00	147.316	147.445	147.307	147.379	3267	0	6
2025.08.25	16:00:00	147.379	147.544	147.307	147.312	4297	0	6
2025.08.25	17:00:00	147.312	147.495	147.287	147.484	4267	0	6
2025.08.25	18:00:00	147.484	147.669	147.394	147.609	4828	0	6
2025.08.25	19:00:00	147.610	147.630	147.512	147.534	3648	0	6
2025.08.25	20:00:00	147.534	147.593	147.498	147.559	3362	0	6
2025.08.25	21:00:00	147.559	147.822	147.530	147.805	3880	0	6
2025.08.25	22:00:00	147.805	147.937	147.785	147.820	3934	0	6
2025.08.25	23:00:00	147.820	147.822	147.653	147.711	1972	0	7
2025.08.26	00:00:00	147.709	147.792	147.643	147.651	958	0	73
2025.08.26	01:00:00	147.651	147.792	147.644	147.730	961	0	7
2025.08.26	02:00:00	147.730	147.853	147.693	147.808	1232	0	6
2025.08.26	03:00:00	147.808	147.871	146.985	147.107	10709	0	6
2025.08.26	04:00:00	147.107	147.375	147.107	147.315	4356	0	6
2025.08.26	05:00:00	147.315	147.607	147.253	147.519	3912	0	6
2025.08.26	06:00:00	147.519	147.805	147.517	147.794	3483	0	6
2025.08.26	07:00:00	147.794	147.809	147.713	147.768	2876	0	6
2025.08.26	08:00:00	147.767	147.887	147.667	147.705	3464	0	6
2025.08.26	09:00:00	147.705	147.830	147.632	147.771	4675	0	6
2025.08.26	10:00:00	147.771	147.906	147.637	147.692	6206	0	6
2025.08.26	11:00:00	147.692	147.696	147.491	147.570	4963	0	6
2025.08.26	12:00:00	147.570	147.619	147.486	147.544	3663	0	6
2025.08.26	13:00:00	147.544	147.663	147.466	147.584	2951	0	6
2025.08.26	14:00:00	147.584	147.620	147.398	147.462	3545	0	6
2025.08.26	15:00:00	147.463	147.548	147.322	147.538	4807	0	6
2025.08.26	16:00:00	147.542	147.682	147.530	147.545	5580	0	6
2025.08.26	17:00:00	147.544	147.721	147.487	147.499	6083	0	6
2025.08.26	18:00:00	147.499	147.500	147.290	147.315	4341	0	6
2025.08.26	19:00:00	147.315	147.315	147.097	147.307	3748	0	6
2025.08.26	20:00:00	147.307	147.385	147.266	147.385	2935	0	6
2025.08.26	21:00:00	147.385	147.542	147.331	147.375	3424	0	6
2025.08.26	22:00:00	147.375	147.438	147.302	147.430	2786	0	6
2025.08.26	23:00:00	147.432	147.487	147.392	147.416	1685	0	6
2025.08.27	00:00:00	147.366	147.379	147.237	147.357	866	0	73
2025.08.27	01:00:00	147.357	147.476	147.340	147.428	946	0	7
2025.08.27	02:00:00	147.428	147.502	147.358	147.472	1367	0	6
2025.08.27	03:00:00	147.472	147.577	147.397	147.577	3597	0	6
2025.08.27	04:00:00	147.577	147.646	147.511	147.601	3682	0	6
2025.08.27	05:00:00	147.601	147.734	147.599	147.720	2473	0	6
2025.08.27	06:00:00	147.720	147.850	147.711	147.831	2044	0	6
2025.08.27	07:00:00	147.831	147.957	147.827	147.943	2693	0	6
2025.08.27	08:00:00	147.943	147.966	147.800	147.811	2923	0	6
2025.08.27	09:00:00	147.811	147.835	147.652	147.712	3189	0	6
2025.08.27	10:00:00	147.712	147.891	147.712	147.753	3744	0	6
2025.08.27	11:00:00	147.753	147.999	147.738	147.912	4102	0	6
2025.08.27	12:00:00	147.912	148.034	147.858	148.034	2987	0	6
2025.08.27	13:00:00	148.033	148.141	147.960	148.116	3069	0	6
2025.08.27	14:00:00	148.116	148.182	148.029	148.136	3471	0	6
2025.08.27	15:00:00	148.136	148.143	147.977	148.066	4555	0	6
2025.08.27	16:00:00	148.066	148.126	147.914	148.081	5428	0	6
2025.08.27	17:00:00	148.081	148.089	147.820	147.861	5262	0	6
2025.08.27	18:00:00	147.860	147.860	147.689	147.748	4854	0	6
2025.08.27	19:00:00	147.748	147.752	147.336	147.355	4204	0	6
2025.08.27	20:00:00	147.355	147.426	147.289	147.353	3926	0	6
2025.08.27	21:00:00	147.353	147.487	147.353	147.408	3097	0	6
2025.08.27	22:00:00	147.408	147.518	147.408	147.471	2782	0	6
2025.08.27	23:00:00	147.471	147.516	147.395	147.429	2370	0	7
2025.08.28	00:00:00	147.371	147.391	147.240	147.358	902	0	73
2025.08.28	01:00:00	147.357	147.398	147.198	147.285	1810	0	7
2025.08.28	02:00:00	147.285	147.341	147.223	147.336	2023	0	6
2025.08.28	03:00:00	147.336	147.482	147.272	147.290	3805	0	6
2025.08.28	04:00:00	147.290	147.442	147.186	147.341	3391	0	6
2025.08.28	05:00:00	147.341	147.365	147.226	147.242	2881	0	6
2025.08.28	06:00:00	147.242	147.291	147.075	147.093	2468	0	6
2025.08.28	07:00:00	147.093	147.204	147.080	147.160	2390	0	6
2025.08.28	08:00:00	147.160	147.206	147.080	147.119	2566	0	6
2025.08.28	09:00:00	147.119	147.343	146.997	147.303	4081	0	6
2025.08.28	10:00:00	147.303	147.400	147.148	147.162	4546	0	6
2025.08.28	11:00:00	147.162	147.368	147.127	147.185	4243	0	6
2025.08.28	12:00:00	147.185	147.185	147.065	147.136	3363	0	6
2025.08.28	13:00:00	147.136	147.164	146.905	146.930	4024	0	6
2025.08.28	14:00:00	146.930	146.966	146.803	146.925	3744	0	6
2025.08.28	15:00:00	146.925	147.164	146.851	147.101	6693	0	6
2025.08.28	16:00:00	147.101	147.230	147.026	147.090	6731	0	6
2025.08.28	17:00:00	147.089	147.115	146.874	146.974	6088	0	6
2025.08.28	18:00:00	146.974	147.069	146.946	146.992	4146	0	6
2025.08.28	19:00:00	146.992	146.995	146.827	146.846	3594	0	6
2025.08.28	20:00:00	146.845	146.851	146.660	146.805	3947	0	6
2025.08.28	21:00:00	146.805	146.887	146.799	146.820	2508	0	6
2025.08.28	22:00:00	146.820	146.931	146.803	146.918	2322	0	6
2025.08.28	23:00:00	146.918	146.990	146.916	146.962	1392	0	6
2025.08.29	00:00:00	146.869	146.917	146.804	146.909	1202	0	73
2025.08.29	01:00:00	146.909	147.078	146.909	147.029	1574	0	7
2025.08.29	02:00:00	147.029	147.031	146.792	146.829	1901	0	6
2025.08.29	03:00:00	146.829	146.977	146.756	146.822	4007	0	6
2025.08.29	04:00:00	146.822	147.107	146.786	147.000	4377	0	6
2025.08.29	05:00:00	147.000	147.000	146.823	146.890	2713	0	6
2025.08.29	06:00:00	146.890	146.992	146.889	146.985	2277	0	6
2025.08.29	07:00:00	146.985	147.035	146.902	146.902	2625	0	6
2025.08.29	08:00:00	146.902	147.022	146.901	147.009	2243	0	6
2025.08.29	09:00:00	147.009	147.169	146.957	147.156	3080	0	6
2025.08.29	10:00:00	147.157	147.197	146.956	147.001	3782	0	6
2025.08.29	11:00:00	147.001	147.028	146.864	146.951	3662	0	6
2025.08.29	12:00:00	146.951	147.111	146.937	147.092	3254	0	6
2025.08.29	13:00:00	147.092	147.243	147.073	147.195	2847	0	6
2025.08.29	14:00:00	147.195	147.260	147.170	147.250	2818	0	6
2025.08.29	15:00:00	147.250	147.403	147.125	147.317	5245	0	6
2025.08.29	16:00:00	147.317	147.389	147.081	147.098	5608	0	6
2025.08.29	17:00:00	147.098	147.098	146.803	146.822	7471	0	6
2025.08.29	18:00:00	146.822	146.970	146.765	146.903	5676	0	6
2025.08.29	19:00:00	146.903	146.960	146.848	146.909	3825	0	6
2025.08.29	20:00:00	146.909	147.003	146.879	146.979	2768	0	6
2025.08.29	21:00:00	146.979	147.023	146.953	147.011	2085	0	6
2025.08.29	22:00:00	147.011	147.043	146.920	146.961	2461	0	6
2025.08.29	23:00:00	146.960	147.109	146.921	147.028	1849	0	6
2025.09.01	00:00:00	146.940	146.999	146.930	146.985	403	0	73
2025.09.01	01:00:00	146.985	147.154	146.978	147.128	1147	0	7
2025.09.01	02:00:00	147.128	147.184	147.077	147.112	1618	0	6
2025.09.01	03:00:00	147.113	147.253	147.113	147.230	3479	0	6
2025.09.01	04:00:00	147.229	147.377	147.179	147.286	3682	0	6
2025.09.01	05:00:00	147.288	147.293	146.845	146.887	3636	0	6
2025.09.01	06:00:00	146.886	147.001	146.835	146.889	2991	0	6
2025.09.01	07:00:00	146.889	147.058	146.876	147.042	3353	0	6
2025.09.01	08:00:00	147.041	147.057	146.894	146.913	3111	0	6
2025.09.01	09:00:00	146.913	146.943	146.782	146.935	3985	0	6
2025.09.01	10:00:00	146.935	147.202	146.893	147.070	3951	0	6
2025.09.01	11:00:00	147.070	147.197	146.958	146.987	3707	0	6
2025.09.01	12:00:00	146.987	147.119	146.935	147.098	3173	0	6
2025.09.01	13:00:00	147.098	147.142	147.049	147.129	2321	0	6
2025.09.01	14:00:00	147.129	147.166	147.054	147.158	2734	0	6
2025.09.01	15:00:00	147.158	147.227	147.148	147.199	3154	0	6
2025.09.01	16:00:00	147.196	147.272	147.165	147.252	3912	0	6
2025.09.01	17:00:00	147.252	147.294	147.218	147.288	3647	0	6
2025.09.01	18:00:00	147.288	147.306	147.255	147.265	2636	0	6
2025.09.01	19:00:00	147.265	147.283	147.195	147.235	1567	0	6
2025.09.01	20:00:00	147.235	147.239	147.207	147.217	1571	0	6
2025.09.01	21:00:00	147.217	147.231	147.205	147.220	970	0	6
2025.09.01	22:00:00	147.220	147.220	147.155	147.181	1076	0	6
2025.09.01	23:00:00	147.181	147.185	147.139	147.160	832	0	7
2025.09.02	00:00:00	147.145	147.254	147.088	147.148	921	0	73
2025.09.02	01:00:00	147.148	147.200	147.116	147.164	1046	0	7
2025.09.02	02:00:00	147.164	147.171	147.042	147.091	1410	0	6
2025.09.02	03:00:00	147.091	147.352	147.088	147.301	3967	0	6
2025.09.02	04:00:00	147.301	147.584	147.186	147.540	4833	0	6
2025.09.02	05:00:00	147.540	147.715	147.527	147.661	3786	0	6
2025.09.02	06:00:00	147.661	147.750	147.567	147.701	2327	0	6
2025.09.02	07:00:00	147.701	147.856	147.682	147.723	2803	0	6
2025.09.02	08:00:00	147.723	147.922	147.696	147.913	3409	0	6
2025.09.02	09:00:00	147.913	148.046	147.905	147.961	3943	0	6
2025.09.02	10:00:00	147.961	148.738	147.945	148.653	8586	0	6
2025.09.02	11:00:00	148.652	148.789	148.220	148.436	7519	0	6
2025.09.02	12:00:00	148.436	148.644	148.369	148.560	5549	0	6
2025.09.02	13:00:00	148.560	148.707	148.530	148.602	5276	0	6
2025.09.02	14:00:00	148.602	148.737	148.508	148.615	5339	0	6
2025.09.02	15:00:00	148.614	148.942	148.526	148.819	7800	0	6
2025.09.02	16:00:00	148.819	148.843	148.347	148.409	7867	0	6
2025.09.02	17:00:00	148.407	148.407	147.935	148.080	9389	0	6
2025.09.02	18:00:00	148.083	148.334	148.072	148.231	5919	0	6
2025.09.02	19:00:00	148.231	148.332	148.200	148.297	3439	0	6
2025.09.02	20:00:00	148.297	148.418	148.242	148.375	2681	0	6
2025.09.02	21:00:00	148.375	148.530	148.365	148.470	3322	0	6
2025.09.02	22:00:00	148.470	148.477	148.313	148.353	2542	0	6
2025.09.02	23:00:00	148.353	148.408	148.323	148.339	1657	0	7
2025.09.03	00:00:00	148.297	148.332	148.271	148.325	448	0	73
2025.09.03	01:00:00	148.325	148.555	148.315	148.497	1246	0	7
2025.09.03	02:00:00	148.496	148.586	148.444	148.574	1733	0	6
2025.09.03	03:00:00	148.578	148.764	148.507	148.755	3890	0	6
2025.09.03	04:00:00	148.753	148.898	148.720	148.862	3206	0	6
2025.09.03	05:00:00	148.862	148.899	148.704	148.842	2918	0	6
2025.09.03	06:00:00	148.842	148.917	148.807	148.911	1921	0	6
2025.09.03	07:00:00	148.911	148.922	148.552	148.589	2966	0	6
2025.09.03	08:00:00	148.589	148.657	148.481	148.597	2675	0	6
2025.09.03	09:00:00	148.602	148.676	148.507	148.611	4250	0	6
2025.09.03	10:00:00	148.612	149.131	148.611	148.734	5979	0	6
2025.09.03	11:00:00	148.734	148.769	148.561	148.583	4770	0	6
2025.09.03	12:00:00	148.583	148.707	148.431	148.555	4202	0	6
2025.09.03	13:00:00	148.555	148.734	148.474	148.692	3440	0	6
2025.09.03	14:00:00	148.692	148.723	148.596	148.614	3955	0	6
2025.09.03	15:00:00	148.614	148.794	148.543	148.725	4909	0	6
2025.09.03	16:00:00	148.725	148.793	148.573	148.632	6806	0	6
2025.09.03	17:00:00	148.610	148.618	148.074	148.169	9114	0	6
2025.09.03	18:00:00	148.169	148.200	147.927	147.967	5492	0	6
2025.09.03	19:00:00	147.965	148.028	147.902	147.934	3761	0	6
2025.09.03	20:00:00	147.934	148.054	147.875	148.035	2960	0	6
2025.09.03	21:00:00	148.035	148.067	147.913	147.969	3329	0	6
2025.09.03	22:00:00	147.969	148.131	147.958	148.131	2703	0	6
2025.09.03	23:00:00	148.131	148.158	148.073	148.087	1713	0	6
2025.09.04	00:00:00	148.030	148.081	148.025	148.025	552	0	73
2025.09.04	01:00:00	148.025	148.148	148.025	148.054	1011	0	7
2025.09.04	02:00:00	148.054	148.061	147.945	147.974	1615	0	6
2025.09.04	03:00:00	147.974	148.169	147.900	148.023	5195	0	6
2025.09.04	04:00:00	148.023	148.109	147.784	148.013	4519	0	6
2025.09.04	05:00:00	148.013	148.187	148.013	148.132	3740	0	6
2025.09.04	06:00:00	148.132	148.262	148.116	148.241	2591	0	6
2025.09.04	07:00:00	148.241	148.283	148.121	148.237	2342	0	6
2025.09.04	08:00:00	148.237	148.279	148.156	148.221	2596	0	6
2025.09.04	09:00:00	148.221	148.247	148.128	148.193	3702	0	6
2025.09.04	10:00:00	148.193	148.413	148.107	148.363	4519	0	6
2025.09.04	11:00:00	148.363	148.403	148.131	148.214	3882	0	6
2025.09.04	12:00:00	148.214	148.373	148.164	148.319	3161	0	6
2025.09.04	13:00:00	148.319	148.334	148.202	148.259	3325	0	6
2025.09.04	14:00:00	148.259	148.389	148.251	148.341	3205	0	6
2025.09.04	15:00:00	148.341	148.528	147.993	148.425	7388	0	6
2025.09.04	16:00:00	148.425	148.527	148.347	148.406	6176	0	6
2025.09.04	17:00:00	148.415	148.749	148.384	148.737	7614	0	6
2025.09.04	18:00:00	148.737	148.776	148.625	148.629	4466	0	6
2025.09.04	19:00:00	148.629	148.741	148.595	148.617	3093	0	6
2025.09.04	20:00:00	148.617	148.671	148.601	148.640	2090	0	6
2025.09.04	21:00:00	148.640	148.648	148.537	148.564	2067	0	6
2025.09.04	22:00:00	148.564	148.565	148.448	148.483	1713	0	6
2025.09.04	23:00:00	148.481	148.547	148.437	148.448	1413	0	7
2025.09.05	00:00:00	148.470	148.480	148.350	148.390	576	0	73
2025.09.05	01:00:00	148.390	148.509	148.390	148.477	1102	0	7
2025.09.05	02:00:00	148.477	148.506	148.328	148.421	2060	0	6
2025.09.05	03:00:00	148.421	148.434	148.123	148.168	4350	0	6
2025.09.05	04:00:00	148.168	148.264	148.085	148.140	3187	0	6
2025.09.05	05:00:00	148.140	148.179	148.077	148.177	2071	0	6
2025.09.05	06:00:00	148.177	148.203	148.112	148.173	1699	0	6
2025.09.05	07:00:00	148.173	148.235	148.166	148.216	1548	0	6
2025.09.05	08:00:00	148.216	148.216	148.166	148.166	1737	0	6
2025.09.05	09:00:00	148.166	148.273	148.147	148.234	3103	0	6
2025.09.05	10:00:00	148.234	148.257	148.185	148.211	3233	0	6
2025.09.05	11:00:00	148.212	148.222	148.110	148.159	2971	0	6
2025.09.05	12:00:00	148.159	148.186	148.081	148.170	2638	0	6
2025.09.05	13:00:00	148.170	148.181	148.077	148.141	2501	0	6
2025.09.05	14:00:00	148.141	148.250	148.132	148.192	2682	0	6
2025.09.05	15:00:00	148.192	148.193	147.166	147.297	12956	0	6
2025.09.05	16:00:00	147.297	147.464	147.040	147.056	11218	0	6
2025.09.05	17:00:00	147.056	147.208	146.989	147.076	9281	0	6
2025.09.05	18:00:00	147.076	147.082	146.815	146.839	6682	0	6
2025.09.05	19:00:00	146.842	147.148	146.822	147.135	4444	0	6
2025.09.05	20:00:00	147.135	147.304	147.127	147.270	3918	0	6
2025.09.05	21:00:00	147.270	147.483	147.261	147.460	3417	0	6
2025.09.05	22:00:00	147.460	147.499	147.371	147.460	2637	0	6
2025.09.05	23:00:00	147.460	147.505	147.329	147.379	2179	0	7
2025.09.08	00:00:00	148.122	148.191	147.863	147.897	1211	0	73
2025.09.08	01:00:00	147.933	148.471	147.880	148.432	3079	0	7
2025.09.08	02:00:00	148.436	148.450	148.208	148.317	3622	0	6
2025.09.08	03:00:00	148.312	148.575	148.294	148.336	5136	0	6
2025.09.08	04:00:00	148.330	148.385	148.122	148.138	4266	0	6
2025.09.08	05:00:00	148.133	148.150	147.998	148.078	3200	0	6
2025.09.08	06:00:00	148.079	148.218	148.016	148.198	2578	0	6
2025.09.08	07:00:00	148.197	148.251	148.107	148.167	2775	0	6
2025.09.08	08:00:00	148.160	148.178	148.000	148.134	2915	0	6
2025.09.08	09:00:00	148.131	148.160	147.796	147.827	4214	0	6
2025.09.08	10:00:00	147.828	147.834	147.511	147.530	4039	0	6
2025.09.08	11:00:00	147.529	147.734	147.460	147.683	3326	0	6
2025.09.08	12:00:00	147.682	147.768	147.660	147.749	2701	0	6
2025.09.08	13:00:00	147.750	147.875	147.742	147.798	2649	0	6
2025.09.08	14:00:00	147.799	147.817	147.675	147.776	2550	0	6
2025.09.08	15:00:00	147.778	147.875	147.650	147.693	3456	0	6
2025.09.08	16:00:00	147.691	147.738	147.538	147.674	4489	0	6
2025.09.08	17:00:00	147.672	147.868	147.622	147.747	4048	0	6
2025.09.08	18:00:00	147.746	147.763	147.543	147.588	3259	0	6
2025.09.08	19:00:00	147.586	147.772	147.550	147.684	2388	0	6
2025.09.08	20:00:00	147.686	147.764	147.671	147.729	2121	0	6
2025.09.08	21:00:00	147.730	147.731	147.443	147.456	2061	0	6
2025.09.08	22:00:00	147.455	147.471	147.338	147.414	1864	0	6
2025.09.08	23:00:00	147.415	147.533	147.372	147.506	1087	0	7
2025.09.09	00:00:00	147.445	147.515	147.429	147.489	778	0	73
2025.09.09	01:00:00	147.503	147.513	147.383	147.406	1066	0	7
2025.09.09	02:00:00	147.396	147.419	147.208	147.371	1676	0	6
2025.09.09	03:00:00	147.374	147.426	147.148	147.340	3372	0	6
2025.09.09	04:00:00	147.344	147.397	147.196	147.237	2890	0	6
2025.09.09	05:00:00	147.233	147.339	147.211	147.332	2149	0	6
2025.09.09	06:00:00	147.336	147.401	147.317	147.359	1923	0	6
2025.09.09	07:00:00	147.359	147.373	147.089	147.124	2568	0	6
2025.09.09	08:00:00	147.123	147.127	146.844	146.858	2952	0	6
2025.09.09	09:00:00	146.854	147.131	146.810	147.046	3732	0	6
2025.09.09	10:00:00	147.044	147.313	146.995	147.201	3630	0	6
2025.09.09	11:00:00	147.201	147.331	146.559	146.618	5950	0	6
2025.09.09	12:00:00	146.614	146.614	146.303	146.343	4215	0	6
2025.09.09	13:00:00	146.335	146.520	146.322	146.468	2895	0	6
2025.09.09	14:00:00	146.469	146.764	146.460	146.725	2579	0	6
2025.09.09	15:00:00	146.722	147.005	146.721	146.920	4422	0	6
2025.09.09	16:00:00	146.921	146.965	146.776	146.867	4705	0	6
2025.09.09	17:00:00	146.865	147.133	146.520	147.095	7533	0	6
2025.09.09	18:00:00	147.097	147.348	147.095	147.235	4503	0	6
2025.09.09	19:00:00	147.236	147.335	147.179	147.270	2761	0	6
2025.09.09	20:00:00	147.271	147.361	147.232	147.353	2692	0	6
2025.09.09	21:00:00	147.355	147.428	147.311	147.397	2351	0	6
2025.09.09	22:00:00	147.398	147.458	147.388	147.441	1780	0	6
2025.09.09	23:00:00	147.440	147.466	147.392	147.423	1189	0	7
2025.09.10	00:00:00	147.325	147.377	147.294	147.343	598	0	73
2025.09.10	01:00:00	147.357	147.412	147.337	147.353	1149	0	7
2025.09.10	02:00:00	147.351	147.452	147.331	147.392	1691	0	6
2025.09.10	03:00:00	147.391	147.473	147.363	147.426	2890	0	6
2025.09.10	04:00:00	147.425	147.571	147.330	147.395	3312	0	6
2025.09.10	05:00:00	147.386	147.411	147.290	147.301	2653	0	6
2025.09.10	06:00:00	147.300	147.396	147.262	147.392	1892	0	6
2025.09.10	07:00:00	147.391	147.459	147.321	147.324	1980	0	6
2025.09.10	08:00:00	147.326	147.485	147.276	147.422	2457	0	6
2025.09.10	09:00:00	147.419	147.582	147.333	147.563	3383	0	6
2025.09.10	10:00:00	147.562	147.568	147.392	147.496	3562	0	6
2025.09.10	11:00:00	147.497	147.557	147.391	147.516	3463	0	6
2025.09.10	12:00:00	147.512	147.538	147.393	147.423	3112	0	6
2025.09.10	13:00:00	147.424	147.484	147.394	147.478	2775	0	6
2025.09.10	14:00:00	147.477	147.543	147.444	147.509	2294	0	6
2025.09.10	15:00:00	147.508	147.640	147.053	147.530	5498	0	6
2025.09.10	16:00:00	147.534	147.603	147.272	147.337	5733	0	6
2025.09.10	17:00:00	147.338	147.425	147.262	147.400	4499	0	6
2025.09.10	18:00:00	147.402	147.440	147.313	147.370	2980	0	6
2025.09.10	19:00:00	147.371	147.410	147.274	147.370	2251	0	6
2025.09.10	20:00:00	147.369	147.387	147.245	147.331	2096	0	6
2025.09.10	21:00:00	147.336	147.351	147.242	147.322	1814	0	6
2025.09.10	22:00:00	147.316	147.465	147.309	147.410	1669	0	6
2025.09.10	23:00:00	147.411	147.453	147.376	147.442	874	0	7
2025.09.11	00:00:00	147.387	147.395	147.298	147.351	776	0	73
2025.09.11	01:00:00	147.360	147.419	147.334	147.344	967	0	7
2025.09.11	02:00:00	147.343	147.377	147.280	147.346	1403	0	6
2025.09.11	03:00:00	147.352	147.462	147.341	147.457	2724	0	6
2025.09.11	04:00:00	147.458	147.476	147.317	147.389	2473	0	6
2025.09.11	05:00:00	147.390	147.478	147.373	147.461	1931	0	6
2025.09.11	06:00:00	147.462	147.472	147.427	147.443	2019	0	6
2025.09.11	07:00:00	147.442	147.453	147.410	147.432	1601	0	6
2025.09.11	08:00:00	147.433	147.587	147.422	147.575	2049	0	6
2025.09.11	09:00:00	147.580	147.787	147.555	147.720	4027	0	6
2025.09.11	10:00:00	147.726	147.830	147.651	147.773	3344	0	6
2025.09.11	11:00:00	147.771	147.861	147.766	147.847	3183	0	6
2025.09.11	12:00:00	147.848	147.986	147.835	147.957	3046	0	6
2025.09.11	13:00:00	147.958	147.986	147.892	147.968	2467	0	6
2025.09.11	14:00:00	147.967	147.982	147.900	147.963	1758	0	6
2025.09.11	15:00:00	147.962	148.156	147.357	147.527	7217	0	6
2025.09.11	16:00:00	147.526	147.618	147.330	147.356	7345	0	6
2025.09.11	17:00:00	147.357	147.377	146.991	147.185	5442	0	6
2025.09.11	18:00:00	147.184	147.307	147.055	147.167	3710	0	6
2025.09.11	19:00:00	147.166	147.167	146.984	147.054	2903	0	6
2025.09.11	20:00:00	147.048	147.302	147.048	147.287	2803	0	6
2025.09.11	21:00:00	147.286	147.304	147.145	147.173	2100	0	6
2025.09.11	22:00:00	147.174	147.189	147.086	147.160	2195	0	6
2025.09.11	23:00:00	147.161	147.205	147.115	147.199	1541	0	7
2025.09.12	00:00:00	147.186	147.195	147.136	147.159	100	0	73
2025.09.12	01:00:00	147.158	147.224	147.112	147.185	1158	0	7
2025.09.12	02:00:00	147.185	147.236	147.144	147.228	1390	0	6
2025.09.12	03:00:00	147.225	147.331	147.162	147.228	2839	0	6
2025.09.12	04:00:00	147.226	147.445	147.210	147.409	2565	0	6
2025.09.12	05:00:00	147.400	147.479	147.396	147.418	1686	0	6
2025.09.12	06:00:00	147.417	147.477	147.417	147.446	1153	0	6
2025.09.12	07:00:00	147.447	147.542	147.447	147.494	1015	0	6
2025.09.12	08:00:00	147.498	147.551	147.326	147.346	1345	0	6
2025.09.12	09:00:00	147.344	147.503	147.323	147.403	3031	0	6
2025.09.12	10:00:00	147.402	147.482	147.237	147.453	3585	0	6
2025.09.12	11:00:00	147.454	147.925	147.449	147.894	4860	0	6
2025.09.12	12:00:00	147.901	147.979	147.854	147.926	3044	0	6
2025.09.12	13:00:00	147.925	147.937	147.737	147.748	2630	0	6
2025.09.12	14:00:00	147.749	147.852	147.682	147.836	2465	0	6
2025.09.12	15:00:00	147.834	148.069	147.802	147.847	3585	0	6
2025.09.12	16:00:00	147.849	147.888	147.696	147.728	4086	0	6
2025.09.12	17:00:00	147.724	147.747	147.587	147.666	4182	0	6
2025.09.12	18:00:00	147.665	147.861	147.648	147.855	2916	0	6
2025.09.12	19:00:00	147.851	147.871	147.628	147.683	1921	0	6
2025.09.12	20:00:00	147.682	147.682	147.509	147.558	1796	0	6
2025.09.12	21:00:00	147.556	147.559	147.470	147.485	1515	0	6
2025.09.12	22:00:00	147.484	147.602	147.459	147.579	1472	0	6
2025.09.12	23:00:00	147.577	147.720	147.571	147.661	1270	0	7
2025.09.15	00:00:00	147.529	147.583	147.518	147.561	376	0	170
2025.09.15	01:00:00	147.746	147.757	147.646	147.708	878	0	7
2025.09.15	02:00:00	147.704	147.725	147.626	147.674	978	0	6
2025.09.15	03:00:00	147.675	147.689	147.543	147.544	1466	0	6
2025.09.15	04:00:00	147.545	147.584	147.535	147.574	1819	0	6
2025.09.15	05:00:00	147.577	147.610	147.504	147.514	1372	0	6
2025.09.15	06:00:00	147.509	147.515	147.398	147.426	1835	0	6
2025.09.15	07:00:00	147.424	147.451	147.334	147.402	1560	0	6
2025.09.15	08:00:00	147.395	147.515	147.387	147.505	1536	0	6
2025.09.15	09:00:00	147.507	147.605	147.494	147.527	2696	0	6
2025.09.15	10:00:00	147.528	147.593	147.370	147.466	3450	0	6
2025.09.15	11:00:00	147.467	147.479	147.372	147.406	2844	0	6
2025.09.15	12:00:00	147.405	147.425	147.305	147.364	2531	0	6
2025.09.15	13:00:00	147.357	147.403	147.244	147.391	2389	0	6
2025.09.15	14:00:00	147.387	147.474	147.318	147.412	1949	0	6
2025.09.15	15:00:00	147.413	147.413	147.245	147.267	3051	0	6
2025.09.15	16:00:00	147.265	147.350	147.230	147.347	3092	0	6
2025.09.15	17:00:00	147.346	147.468	147.345	147.418	2857	0	6
2025.09.15	18:00:00	147.419	147.432	147.266	147.271	2220	0	6
2025.09.15	19:00:00	147.268	147.413	147.242	147.334	2670	0	6
2025.09.15	20:00:00	147.335	147.369	147.237	147.251	2092	0	6
2025.09.15	21:00:00	147.252	147.324	147.240	147.322	1565	0	6
2025.09.15	22:00:00	147.321	147.410	147.308	147.385	1508	0	6
2025.09.15	23:00:00	147.386	147.426	147.363	147.399	1261	0	7
2025.09.16	00:00:00	147.344	147.354	147.254	147.316	312	0	73
2025.09.16	01:00:00	147.312	147.400	147.291	147.393	1019	0	7
2025.09.16	02:00:00	147.394	147.422	147.333	147.399	1384	0	6
2025.09.16	03:00:00	147.400	147.500	147.345	147.436	3138	0	6
2025.09.16	04:00:00	147.434	147.538	147.261	147.351	2984	0	6
2025.09.16	05:00:00	147.352	147.352	147.111	147.146	2743	0	6
2025.09.16	06:00:00	147.144	147.195	147.014	147.099	2686	0	6
2025.09.16	07:00:00	147.097	147.125	146.965	147.011	2320	0	6
2025.09.16	08:00:00	147.012	147.068	146.911	146.989	2557	0	6
2025.09.16	09:00:00	146.990	147.024	146.779	146.898	3970	0	6
2025.09.16	10:00:00	146.894	146.897	146.690	146.887	3745	0	6
2025.09.16	11:00:00	146.890	147.088	146.873	146.994	3497	0	6
2025.09.16	12:00:00	146.992	147.003	146.864	146.961	3522	0	6
2025.09.16	13:00:00	146.956	147.087	146.941	147.050	2954	0	6
2025.09.16	14:00:00	147.041	147.113	146.873	146.953	2847	0	6
2025.09.16	15:00:00	146.954	147.249	146.904	147.097	5194	0	6
2025.09.16	16:00:00	147.098	147.135	146.735	146.758	4761	0	6
2025.09.16	17:00:00	146.752	146.802	146.519	146.522	5124	0	6
2025.09.16	18:00:00	146.523	146.682	146.500	146.556	3153	0	6
2025.09.16	19:00:00	146.553	146.560	146.348	146.354	2453	0	6
2025.09.16	20:00:00	146.353	146.398	146.274	146.373	2593	0	6
2025.09.16	21:00:00	146.374	146.395	146.321	146.341	2236	0	6
2025.09.16	22:00:00	146.343	146.495	146.343	146.492	2168	0	6
2025.09.16	23:00:00	146.491	146.504	146.441	146.451	1567	0	7
2025.09.17	00:00:00	146.444	146.500	146.355	146.437	221	0	73
2025.09.17	01:00:00	146.425	146.517	146.398	146.493	1195	0	7
2025.09.17	02:00:00	146.490	146.492	146.307	146.411	1571	0	6
2025.09.17	03:00:00	146.404	146.566	146.208	146.532	4102	0	6
2025.09.17	04:00:00	146.534	146.603	146.427	146.495	3334	0	6
2025.09.17	05:00:00	146.495	146.587	146.490	146.534	2226	0	6
2025.09.17	06:00:00	146.531	146.563	146.474	146.532	1563	0	6
2025.09.17	07:00:00	146.531	146.542	146.433	146.454	1470	0	6
2025.09.17	08:00:00	146.453	146.550	146.366	146.509	2156	0	6
2025.09.17	09:00:00	146.508	146.541	146.461	146.494	2770	0	6
2025.09.17	10:00:00	146.488	146.678	146.475	146.665	2954	0	6
2025.09.17	11:00:00	146.666	146.679	146.370	146.450	2795	0	6
2025.09.17	12:00:00	146.451	146.451	146.273	146.316	2650	0	6
2025.09.17	13:00:00	146.317	146.385	146.202	146.271	2822	0	6
2025.09.17	14:00:00	146.267	146.341	146.223	146.336	2207	0	6
2025.09.17	15:00:00	146.343	146.473	146.316	146.377	2687	0	6
2025.09.17	16:00:00	146.373	146.397	146.239	146.336	2882	0	6
2025.09.17	17:00:00	146.336	146.389	146.211	146.340	2911	0	6
2025.09.17	18:00:00	146.341	146.383	146.302	146.359	2165	0	6
2025.09.17	19:00:00	146.363	146.373	146.250	146.283	1881	0	6
2025.09.17	20:00:00	146.284	146.368	146.225	146.225	2355	0	6
2025.09.17	21:00:00	146.204	146.854	145.480	146.714	12285	0	6
2025.09.17	22:00:00	146.705	146.845	146.440	146.781	7383	0	6
2025.09.17	23:00:00	146.780	147.046	146.753	147.010	2237	0	6
2025.09.18	00:00:00	146.899	146.941	146.811	146.911	547	0	73
2025.09.18	01:00:00	146.917	146.984	146.793	146.839	2196	0	7
2025.09.18	02:00:00	146.837	146.906	146.766	146.882	2463	0	6
2025.09.18	03:00:00	146.881	147.029	146.850	146.914	4127	0	6
2025.09.18	04:00:00	146.913	147.141	146.842	147.020	4176	0	6
2025.09.18	05:00:00	147.019	147.067	146.892	146.903	2491	0	6
2025.09.18	06:00:00	146.898	147.050	146.848	147.044	2088	0	6
2025.09.18	07:00:00	147.045	147.216	147.040	147.205	2271	0	6
2025.09.18	08:00:00	147.206	147.405	147.168	147.347	2633	0	6
2025.09.18	09:00:00	147.341	147.530	147.328	147.408	4414	0	6
2025.09.18	10:00:00	147.411	147.425	147.024	147.113	4325	0	6
2025.09.18	11:00:00	147.112	147.484	147.098	147.432	4368	0	6
2025.09.18	12:00:00	147.431	147.450	147.158	147.272	3737	0	6
2025.09.18	13:00:00	147.271	147.371	147.223	147.258	2746	0	6
2025.09.18	14:00:00	147.256	147.423	147.215	147.383	3731	0	6
2025.09.18	15:00:00	147.382	147.801	147.350	147.788	4797	0	6
2025.09.18	16:00:00	147.793	148.261	147.793	148.055	6051	0	6
2025.09.18	17:00:00	148.056	148.127	147.898	148.011	5909	0	6
2025.09.18	18:00:00	148.010	148.078	147.902	148.021	3753	0	6
2025.09.18	19:00:00	148.022	148.040	147.853	147.863	2865	0	6
2025.09.18	20:00:00	147.864	147.891	147.802	147.873	2266	0	6
2025.09.18	21:00:00	147.879	147.925	147.823	147.879	1808	0	6
2025.09.18	22:00:00	147.878	147.957	147.843	147.947	1607	0	6
2025.09.18	23:00:00	147.946	148.005	147.941	148.000	1246	0	7
2025.09.19	00:00:00	147.913	147.968	147.842	147.931	328	0	73
2025.09.19	01:00:00	147.935	147.981	147.908	147.939	1455	0	7
2025.09.19	02:00:00	147.941	148.006	147.933	147.963	1243	0	6
2025.09.19	03:00:00	147.961	148.111	147.891	148.006	3101	0	6
2025.09.19	04:00:00	148.007	148.091	147.927	148.061	3220	0	6
2025.09.19	05:00:00	148.060	148.099	147.948	147.987	2368	0	6
2025.09.19	06:00:00	147.988	147.990	147.373	147.624	4613	0	6
2025.09.19	07:00:00	147.623	147.626	147.192	147.522	6150	0	6
2025.09.19	08:00:00	147.521	147.577	147.414	147.510	4226	0	6
2025.09.19	09:00:00	147.511	147.984	147.467	147.849	5745	0	6
2025.09.19	10:00:00	147.843	147.956	147.662	147.929	4654	0	6
2025.09.19	11:00:00	147.932	148.031	147.807	147.851	3480	0	6
2025.09.19	12:00:00	147.847	147.980	147.750	147.957	2580	0	6
2025.09.19	13:00:00	147.960	147.975	147.855	147.936	2180	0	6
2025.09.19	14:00:00	147.933	148.193	147.930	148.162	2629	0	6
2025.09.19	15:00:00	148.161	148.282	148.012	148.157	3839	0	6
2025.09.19	16:00:00	148.156	148.156	147.804	147.832	4968	0	6
2025.09.19	17:00:00	147.835	147.918	147.788	147.883	4193	0	6
2025.09.19	18:00:00	147.882	147.946	147.824	147.834	3424	0	6
2025.09.19	19:00:00	147.833	147.924	147.793	147.846	2112	0	6
2025.09.19	20:00:00	147.847	147.950	147.841	147.941	1583	0	6
2025.09.19	21:00:00	147.940	147.969	147.917	147.957	1186	0	6
2025.09.19	22:00:00	147.958	147.993	147.917	147.937	1262	0	6
2025.09.19	23:00:00	147.936	147.991	147.926	147.956	1832	0	7
2025.09.22	00:00:00	147.845	147.885	147.844	147.884	130	0	73
2025.09.22	01:00:00	147.888	148.013	147.856	147.990	1265	0	7
2025.09.22	02:00:00	147.991	148.110	147.973	148.098	1571	0	6
2025.09.22	03:00:00	148.105	148.257	148.104	148.159	3162	0	6
2025.09.22	04:00:00	148.153	148.214	148.087	148.191	3337	0	6
2025.09.22	05:00:00	148.192	148.349	148.176	148.342	2593	0	6
2025.09.22	06:00:00	148.346	148.373	148.299	148.335	1862	0	6
2025.09.22	07:00:00	148.336	148.368	148.269	148.285	1602	0	6
2025.09.22	08:00:00	148.284	148.303	148.218	148.251	1769	0	6
2025.09.22	09:00:00	148.252	148.254	147.991	148.072	2854	0	6
2025.09.22	10:00:00	148.073	148.130	147.889	148.111	3847	0	6
2025.09.22	11:00:00	148.112	148.126	147.814	147.849	3622	0	6
2025.09.22	12:00:00	147.848	147.944	147.796	147.876	2553	0	6
2025.09.22	13:00:00	147.880	147.930	147.817	147.852	2855	0	6
2025.09.22	14:00:00	147.856	147.904	147.740	147.839	2256	0	6
2025.09.22	15:00:00	147.838	147.929	147.759	147.837	3472	0	6
2025.09.22	16:00:00	147.836	147.960	147.731	147.817	3735	0	6
2025.09.22	17:00:00	147.818	147.982	147.815	147.873	3054	0	6
2025.09.22	18:00:00	147.874	147.898	147.817	147.836	2344	0	6
2025.09.22	19:00:00	147.835	147.882	147.731	147.741	2115	0	6
2025.09.22	20:00:00	147.740	147.774	147.656	147.685	1419	0	6
2025.09.22	21:00:00	147.687	147.769	147.654	147.724	1702	0	6
2025.09.22	22:00:00	147.725	147.734	147.687	147.729	1293	0	6
2025.09.22	23:00:00	147.728	147.777	147.698	147.698	825	0	7
2025.09.23	00:00:00	147.705	147.739	147.646	147.694	208	0	73
2025.09.23	01:00:00	147.712	147.738	147.662	147.698	999	0	7
2025.09.23	02:00:00	147.693	147.765	147.676	147.729	1343	0	6
2025.09.23	03:00:00	147.731	147.764	147.646	147.666	2049	0	6
2025.09.23	04:00:00	147.665	147.700	147.598	147.616	2524	0	6
2025.09.23	05:00:00	147.616	147.810	147.602	147.796	2307	0	6
2025.09.23	06:00:00	147.797	147.862	147.746	147.758	2025	0	6
2025.09.23	07:00:00	147.758	147.811	147.730	147.796	1547	0	6
2025.09.23	08:00:00	147.797	147.838	147.734	147.796	1830	0	6
2025.09.23	09:00:00	147.800	147.829	147.635	147.717	2604	0	6
2025.09.23	10:00:00	147.712	147.817	147.641	147.727	3899	0	6
2025.09.23	11:00:00	147.729	147.775	147.532	147.562	3451	0	6
2025.09.23	12:00:00	147.555	147.621	147.505	147.607	3081	0	6
2025.09.23	13:00:00	147.606	147.766	147.577	147.713	2357	0	6
2025.09.23	14:00:00	147.712	147.793	147.688	147.761	1996	0	6
2025.09.23	15:00:00	147.759	147.883	147.755	147.772	2941	0	6
2025.09.23	16:00:00	147.770	147.882	147.663	147.672	4564	0	6
2025.09.23	17:00:00	147.666	147.799	147.614	147.761	4038	0	6
2025.09.23	18:00:00	147.762	147.923	147.749	147.839	2852	0	6
2025.09.23	19:00:00	147.840	147.923	147.683	147.770	3616	0	6
2025.09.23	20:00:00	147.769	147.773	147.490	147.579	3475	0	6
2025.09.23	21:00:00	147.584	147.619	147.455	147.580	2863	0	6
2025.09.23	22:00:00	147.578	147.630	147.550	147.630	2401	0	6
2025.09.23	23:00:00	147.629	147.673	147.581	147.656	1778	0	7
2025.09.24	00:00:00	147.590	147.605	147.541	147.545	353	0	73
2025.09.24	01:00:00	147.538	147.627	147.530	147.611	1148	0	7
2025.09.24	02:00:00	147.609	147.663	147.569	147.599	1493	0	6
2025.09.24	03:00:00	147.594	147.825	147.512	147.774	3520	0	6
2025.09.24	04:00:00	147.771	147.812	147.709	147.754	3553	0	6
2025.09.24	05:00:00	147.755	147.788	147.719	147.768	2245	0	6
2025.09.24	06:00:00	147.769	147.874	147.756	147.870	1524	0	6
2025.09.24	07:00:00	147.871	147.960	147.868	147.901	1731	0	6
2025.09.24	08:00:00	147.900	147.936	147.814	147.875	2061	0	6
2025.09.24	09:00:00	147.874	148.102	147.866	148.056	2766	0	6
2025.09.24	10:00:00	148.055	148.096	148.003	148.038	2917	0	6
2025.09.24	11:00:00	148.038	148.290	148.011	148.262	2881	0	6
2025.09.24	12:00:00	148.263	148.342	148.209	148.278	2658	0	6
2025.09.24	13:00:00	148.280	148.414	148.280	148.391	2281	0	6
2025.09.24	14:00:00	148.392	148.515	148.378	148.496	2186	0	6
2025.09.24	15:00:00	148.497	148.712	148.428	148.665	3136	0	6
2025.09.24	16:00:00	148.666	148.773	148.611	148.706	3400	0	6
2025.09.24	17:00:00	148.698	148.775	148.592	148.710	4027	0	6
2025.09.24	18:00:00	148.709	148.772	148.691	148.711	2629	0	6
2025.09.24	19:00:00	148.710	148.790	148.682	148.762	1806	0	6
2025.09.24	20:00:00	148.763	148.763	148.704	148.737	1388	0	6
2025.09.24	21:00:00	148.738	148.868	148.733	148.841	1625	0	6
2025.09.24	22:00:00	148.840	148.885	148.833	148.859	1539	0	6
2025.09.24	23:00:00	148.858	148.907	148.853	148.898	931	0	6
2025.09.25	00:00:00	148.787	148.836	148.695	148.755	185	0	73
2025.09.25	01:00:00	148.748	148.849	148.748	148.804	1274	0	7
2025.09.25	02:00:00	148.805	148.831	148.722	148.782	1688	0	6
2025.09.25	03:00:00	148.788	148.790	148.555	148.566	3325	0	6
2025.09.25	04:00:00	148.568	148.857	148.553	148.750	2875	0	6
2025.09.25	05:00:00	148.751	148.756	148.610	148.748	2271	0	6
2025.09.25	06:00:00	148.749	148.771	148.655	148.668	1343	0	6
2025.09.25	07:00:00	148.669	148.695	148.595	148.600	1492	0	6
2025.09.25	08:00:00	148.599	148.808	148.596	148.808	1714	0	6
2025.09.25	09:00:00	148.806	148.857	148.729	148.778	2899	0	6
2025.09.25	10:00:00	148.775	148.825	148.629	148.819	3454	0	6
2025.09.25	11:00:00	148.818	148.823	148.659	148.739	3090	0	6
2025.09.25	12:00:00	148.740	148.809	148.678	148.792	2402	0	6
2025.09.25	13:00:00	148.793	148.796	148.719	148.796	2147	0	6
2025.09.25	14:00:00	148.796	148.892	148.792	148.835	2318	0	6
2025.09.25	15:00:00	148.840	149.352	148.774	149.242	5659	0	6
2025.09.25	16:00:00	149.238	149.473	149.141	149.429	5740	0	6
2025.09.25	17:00:00	149.431	149.634	149.336	149.634	4658	0	6
2025.09.25	18:00:00	149.633	149.837	149.626	149.785	3485	0	6
2025.09.25	19:00:00	149.786	149.866	149.706	149.805	3036	0	6
2025.09.25	20:00:00	149.815	149.915	149.754	149.801	2836	0	6
2025.09.25	21:00:00	149.796	149.923	149.725	149.886	2681	0	6
2025.09.25	22:00:00	149.884	149.895	149.725	149.765	1917	0	6
2025.09.25	23:00:00	149.768	149.808	149.743	149.763	981	0	7
2025.09.26	00:00:00	149.722	149.778	149.687	149.727	254	0	73
2025.09.26	01:00:00	149.730	149.804	149.722	149.736	1220	0	7
2025.09.26	02:00:00	149.734	149.952	149.731	149.874	2580	0	6
2025.09.26	03:00:00	149.872	149.942	149.635	149.682	3874	0	6
2025.09.26	04:00:00	149.683	149.847	149.627	149.826	2901	0	6
2025.09.26	05:00:00	149.826	149.829	149.687	149.720	1995	0	6
2025.09.26	06:00:00	149.723	149.742	149.665	149.702	1535	0	6
2025.09.26	07:00:00	149.706	149.726	149.638	149.638	1762	0	6
2025.09.26	08:00:00	149.641	149.721	149.613	149.704	1876	0	6
2025.09.26	09:00:00	149.712	149.792	149.691	149.718	3050	0	6
2025.09.26	10:00:00	149.717	149.882	149.717	149.846	3218	0	6
2025.09.26	11:00:00	149.845	149.846	149.644	149.750	2427	0	6
2025.09.26	12:00:00	149.751	149.795	149.709	149.784	2528	0	6
2025.09.26	13:00:00	149.788	149.947	149.777	149.889	2240	0	6
2025.09.26	14:00:00	149.886	149.895	149.752	149.785	2158	0	6
2025.09.26	15:00:00	149.784	149.827	149.586	149.622	4483	0	6
2025.09.26	16:00:00	149.620	149.780	149.512	149.737	4672	0	6
2025.09.26	17:00:00	149.736	149.736	149.465	149.500	4612	0	6
2025.09.26	18:00:00	149.505	149.572	149.421	149.518	3098	0	6
2025.09.26	19:00:00	149.516	149.594	149.491	149.549	2272	0	6
2025.09.26	20:00:00	149.546	149.556	149.477	149.518	1763	0	6
2025.09.26	21:00:00	149.517	149.549	149.400	149.435	1731	0	6
2025.09.26	22:00:00	149.433	149.555	149.431	149.504	1574	0	6
2025.09.26	23:00:00	149.503	149.547	149.471	149.508	1099	0	7
2025.09.29	00:00:00	149.421	149.459	149.391	149.445	221	0	71
2025.09.29	01:00:00	149.444	149.513	149.371	149.469	1442	0	5
2025.09.29	02:00:00	149.469	149.475	149.335	149.411	1522	0	4
2025.09.29	03:00:00	149.418	149.420	149.111	149.173	2951	0	4
2025.09.29	04:00:00	149.174	149.276	149.015	149.087	3259	0	4
2025.09.29	05:00:00	149.091	149.094	148.900	148.938	2612	0	4
2025.09.29	06:00:00	148.937	148.957	148.881	148.929	1497	0	4
2025.09.29	07:00:00	148.930	148.977	148.883	148.948	1429	0	4
2025.09.29	08:00:00	148.950	148.977	148.739	148.775	2527	0	4
2025.09.29	09:00:00	148.776	148.847	148.711	148.824	3063	0	4
2025.09.29	10:00:00	148.825	148.834	148.517	148.574	3057	0	4
2025.09.29	11:00:00	148.571	148.618	148.471	148.528	2970	0	4
2025.09.29	12:00:00	148.527	148.634	148.470	148.599	2641	0	4
2025.09.29	13:00:00	148.601	148.684	148.570	148.665	1988	0	4
2025.09.29	14:00:00	148.666	148.797	148.620	148.627	2045	0	4
2025.09.29	15:00:00	148.625	148.812	148.573	148.602	3444	0	4
2025.09.29	16:00:00	148.601	148.737	148.478	148.581	3867	0	4
2025.09.29	17:00:00	148.600	148.650	148.530	148.650	3299	0	4
2025.09.29	18:00:00	148.648	148.651	148.501	148.568	2816	0	4
2025.09.29	19:00:00	148.569	148.615	148.557	148.579	1532	0	4
2025.09.29	20:00:00	148.582	148.645	148.547	148.580	1568	0	4
2025.09.29	21:00:00	148.576	148.637	148.545	148.633	1331	0	4
2025.09.29	22:00:00	148.632	148.672	148.552	148.623	1442	0	4
2025.09.29	23:00:00	148.624	148.688	148.608	148.609	923	0	5
2025.09.30	00:00:00	148.589	148.612	148.552	148.578	285	0	64
2025.09.30	01:00:00	148.577	148.649	148.573	148.590	950	0	6
2025.09.30	02:00:00	148.591	148.628	148.501	148.617	1625	0	5
2025.09.30	03:00:00	148.625	148.844	148.550	148.793	3820	0	5
2025.09.30	04:00:00	148.788	148.789	148.598	148.748	3338	0	5
2025.09.30	05:00:00	148.747	148.800	148.623	148.716	2105	0	5
2025.09.30	06:00:00	148.717	148.718	148.511	148.516	1947	0	5
2025.09.30	07:00:00	148.514	148.587	148.384	148.402	2364	0	5
2025.09.30	08:00:00	148.401	148.443	148.226	148.286	2794	0	5
2025.09.30	09:00:00	148.281	148.348	148.049	148.060	2732	0	5
2025.09.30	10:00:00	148.072	148.175	147.938	148.048	3091	0	5
2025.09.30	11:00:00	148.067	148.091	147.837	147.854	3171	0	5
2025.09.30	12:00:00	147.853	147.982	147.829	147.969	2525	0	5
2025.09.30	13:00:00	147.964	148.033	147.900	148.024	1739	0	5
2025.09.30	14:00:00	148.023	148.087	147.963	147.966	1632	0	4
2025.09.30	15:00:00	147.965	148.026	147.893	147.955	2908	0	4
2025.09.30	16:00:00	147.956	148.061	147.806	147.845	3345	0	4
2025.09.30	17:00:00	147.850	147.993	147.652	147.682	5312	0	4
2025.09.30	18:00:00	147.686	148.017	147.658	147.965	3965	0	4
2025.09.30	19:00:00	147.964	147.965	147.703	147.741	2380	0	4
2025.09.30	20:00:00	147.740	147.844	147.649	147.780	2134	0	4
2025.09.30	21:00:00	147.782	147.880	147.768	147.867	1940	0	4
2025.09.30	22:00:00	147.868	147.919	147.826	147.858	2054	0	4
2025.09.30	23:00:00	147.857	147.969	147.856	147.935	1315	0	5
2025.10.01	00:00:00	147.834	147.851	147.769	147.837	299	0	64
2025.10.01	01:00:00	147.824	147.921	147.814	147.908	1251	0	6
2025.10.01	02:00:00	147.905	148.027	147.811	148.024	1554	0	5
2025.10.01	03:00:00	148.023	148.224	148.023	148.106	3334	0	5
2025.10.01	04:00:00	148.106	148.164	147.938	147.949	2282	0	5
2025.10.01	05:00:00	147.944	148.006	147.883	147.913	1808	0	4
2025.10.01	06:00:00	147.915	147.999	147.863	147.925	1705	0	5
2025.10.01	07:00:00	147.925	147.955	147.549	147.553	2392	0	5
2025.10.01	08:00:00	147.543	147.638	147.459	147.522	3019	0	5
2025.10.01	09:00:00	147.521	147.521	147.167	147.229	3506	0	5
2025.10.01	10:00:00	147.231	147.318	147.015	147.123	4213	0	5
2025.10.01	11:00:00	147.118	147.153	146.898	147.148	3331	0	5
2025.10.01	12:00:00	147.149	147.223	147.067	147.207	2794	0	5
2025.10.01	13:00:00	147.208	147.262	147.057	147.076	2799	0	5
2025.10.01	14:00:00	147.074	147.105	146.993	147.002	2149	0	4
2025.10.01	15:00:00	146.992	147.112	146.582	146.797	6249	0	4
2025.10.01	16:00:00	146.792	146.872	146.618	146.686	4861	0	4
2025.10.01	17:00:00	146.653	147.047	146.653	146.859	5924	0	4
2025.10.01	18:00:00	146.866	147.209	146.841	147.149	4201	0	4
2025.10.01	19:00:00	147.150	147.253	147.093	147.161	2740	0	4
2025.10.01	20:00:00	147.160	147.190	147.110	147.166	1675	0	4
2025.10.01	21:00:00	147.163	147.224	147.019	147.083	2244	0	4
2025.10.01	22:00:00	147.081	147.153	147.051	147.095	1844	0	4
2025.10.01	23:00:00	147.096	147.163	147.073	147.081	1364	0	4
2025.10.02	00:00:00	147.003	147.037	147.000	147.017	126	0	64
2025.10.02	01:00:00	147.019	147.066	146.992	147.007	985	0	6
2025.10.02	02:00:00	147.001	147.109	146.994	147.108	1198	0	5
2025.10.02	03:00:00	147.107	147.320	147.106	147.191	3098	0	5
2025.10.02	04:00:00	147.205	147.225	146.952	146.984	2876	0	5
2025.10.02	05:00:00	146.983	147.184	146.936	147.159	1665	0	5
2025.10.02	06:00:00	147.160	147.194	147.049	147.083	1420	0	5
2025.10.02	07:00:00	147.084	147.197	147.072	147.173	1348	0	5
2025.10.02	08:00:00	147.165	147.264	147.116	147.159	1985	0	5
2025.10.02	09:00:00	147.155	147.375	146.890	147.160	3370	0	5
2025.10.02	10:00:00	147.152	147.211	147.008	147.077	3484	0	5
2025.10.02	11:00:00	147.075	147.080	146.724	146.795	2981	0	5
2025.10.02	12:00:00	146.803	146.807	146.599	146.620	2831	0	5
2025.10.02	13:00:00	146.621	146.762	146.617	146.640	2189	0	5
2025.10.02	14:00:00	146.635	146.854	146.625	146.795	2092	0	4
2025.10.02	15:00:00	146.798	147.196	146.744	147.161	3148	0	4
2025.10.02	16:00:00	147.156	147.269	147.057	147.224	3996	0	4
2025.10.02	17:00:00	147.203	147.340	147.153	147.330	4100	0	4
2025.10.02	18:00:00	147.331	147.512	147.329	147.349	3175	0	4
2025.10.02	19:00:00	147.355	147.366	147.158	147.164	2178	0	4
2025.10.02	20:00:00	147.166	147.230	147.139	147.183	1283	0	4
2025.10.02	21:00:00	147.184	147.215	147.163	147.209	972	0	4
2025.10.02	22:00:00	147.208	147.248	147.125	147.233	925	0	4
2025.10.02	23:00:00	147.237	147.284	147.183	147.244	839	0	5
2025.10.03	00:00:00	147.179	147.224	147.179	147.198	197	0	64
2025.10.03	01:00:00	147.200	147.209	147.155	147.194	627	0	6
2025.10.03	02:00:00	147.192	147.203	147.093	147.154	999	0	5
2025.10.03	03:00:00	147.156	147.378	147.154	147.351	2057	0	5
2025.10.03	04:00:00	147.354	147.682	147.179	147.510	2946	0	5
2025.10.03	05:00:00	147.509	147.684	147.499	147.648	1578	0	5
2025.10.03	06:00:00	147.651	147.762	147.609	147.628	1253	0	5
2025.10.03	07:00:00	147.627	147.740	147.589	147.724	849	0	5
2025.10.03	08:00:00	147.723	147.812	147.571	147.781	2119	0	5
2025.10.03	09:00:00	147.777	147.801	147.499	147.601	2568	0	5
2025.10.03	10:00:00	147.597	147.681	147.406	147.412	2554	0	5
2025.10.03	11:00:00	147.411	147.436	147.281	147.327	2357	0	5
2025.10.03	12:00:00	147.328	147.433	147.313	147.365	1868	0	5
2025.10.03	13:00:00	147.356	147.388	147.307	147.322	1247	0	5
2025.10.03	14:00:00	147.319	147.418	147.219	147.276	1791	0	4
2025.10.03	15:00:00	147.264	147.408	147.227	147.263	3035	0	4
2025.10.03	16:00:00	147.260	147.382	147.214	147.339	3058	0	4
2025.10.03	17:00:00	147.110	147.517	147.046	147.447	5176	0	4
2025.10.03	18:00:00	147.446	147.490	147.306	147.337	2801	0	4
2025.10.03	19:00:00	147.336	147.533	147.329	147.503	1776	0	4
2025.10.03	20:00:00	147.504	147.513	147.408	147.503	1712	0	4
2025.10.03	21:00:00	147.504	147.542	147.467	147.494	1362	0	4
2025.10.03	22:00:00	147.493	147.519	147.454	147.456	1137	0	4
2025.10.03	23:00:00	147.455	147.505	147.380	147.467	1227	0	5
2025.10.06	00:00:00	149.366	149.409	149.087	149.087	1135	0	77
2025.10.06	01:00:00	149.096	149.392	149.025	149.325	3616	0	6
2025.10.06	02:00:00	149.321	149.654	149.236	149.583	3358	0	5
2025.10.06	03:00:00	149.570	149.860	149.452	149.703	5241	0	5
2025.10.06	04:00:00	149.705	149.830	149.586	149.771	3722	0	5
2025.10.06	05:00:00	149.772	149.915	149.716	149.870	2137	0	5
2025.10.06	06:00:00	149.872	150.096	149.815	150.060	2322	0	5
2025.10.06	07:00:00	150.060	150.343	149.851	150.312	3090	0	5
2025.10.06	08:00:00	150.320	150.434	150.225	150.255	2461	0	5
2025.10.06	09:00:00	150.256	150.343	150.009	150.030	3841	0	5
2025.10.06	10:00:00	150.035	150.212	149.947	150.029	4903	0	5
2025.10.06	11:00:00	150.020	150.397	149.997	150.366	3667	0	5
2025.10.06	12:00:00	150.372	150.473	150.301	150.376	2521	0	5
2025.10.06	13:00:00	150.377	150.432	150.274	150.280	2427	0	5
2025.10.06	14:00:00	150.278	150.406	150.216	150.372	2792	0	4
2025.10.06	15:00:00	150.376	150.388	149.752	149.784	5447	0	4
2025.10.06	16:00:00	149.783	150.082	149.754	149.933	3834	0	4
2025.10.06	17:00:00	149.935	150.113	149.799	149.961	4076	0	4
2025.10.06	18:00:00	149.956	150.108	149.918	150.024	2757	0	4
2025.10.06	19:00:00	150.019	150.170	149.955	150.158	1858	0	4
2025.10.06	20:00:00	150.157	150.236	150.078	150.204	1419	0	4
2025.10.06	21:00:00	150.202	150.315	150.156	150.294	1273	0	4
2025.10.06	22:00:00	150.293	150.334	150.222	150.319	1144	0	4
2025.10.06	23:00:00	150.320	150.388	150.282	150.362	716	0	5
2025.10.07	00:00:00	150.229	150.317	150.175	150.243	343	0	64
2025.10.07	01:00:00	150.237	150.387	150.235	150.320	1454	0	6
2025.10.07	02:00:00	150.314	150.392	150.261	150.362	1371	0	5
2025.10.07	03:00:00	150.360	150.616	150.359	150.488	3042	0	5
2025.10.07	04:00:00	150.493	150.611	150.370	150.506	2051	0	5
2025.10.07	05:00:00	150.504	150.535	150.344	150.531	1365	0	5
2025.10.07	06:00:00	150.532	150.533	150.358	150.363	1316	0	5
2025.10.07	07:00:00	150.362	150.443	150.248	150.413	1407	0	5
2025.10.07	08:00:00	150.415	150.538	150.398	150.495	1698	0	5
2025.10.07	09:00:00	150.497	150.695	150.493	150.622	3131	0	5
2025.10.07	10:00:00	150.626	150.707	150.535	150.621	2973	0	5
2025.10.07	11:00:00	150.622	150.829	150.524	150.788	2275	0	5
2025.10.07	12:00:00	150.789	150.825	150.725	150.755	2006	0	5
2025.10.07	13:00:00	150.754	150.794	150.704	150.773	1501	0	5
2025.10.07	14:00:00	150.773	150.945	150.761	150.894	1856	0	4
2025.10.07	15:00:00	150.895	151.025	150.804	150.831	3016	0	4
2025.10.07	16:00:00	150.832	150.941	150.731	150.934	3185	0	4
2025.10.07	17:00:00	150.936	151.202	150.909	151.175	3615	0	4
2025.10.07	18:00:00	151.176	151.203	150.978	151.174	3801	0	4
2025.10.07	19:00:00	151.166	151.402	151.103	151.325	2793	0	4
2025.10.07	20:00:00	151.323	151.528	151.247	151.517	2411	0	4
2025.10.07	21:00:00	151.518	151.930	151.492	151.823	2597	0	4
2025.10.07	22:00:00	151.822	151.952	151.742	151.905	1802	0	4
2025.10.07	23:00:00	151.905	152.038	151.878	151.882	1196	0	5
2025.10.08	00:00:00	151.896	151.913	151.824	151.862	430	0	64
2025.10.08	01:00:00	151.862	151.892	151.733	151.812	923	0	6
2025.10.08	02:00:00	151.813	152.088	151.791	152.056	2271	0	5
2025.10.08	03:00:00	152.055	152.371	152.055	152.306	3706	0	5
2025.10.08	04:00:00	152.311	152.601	152.271	152.600	3784	0	5
2025.10.08	05:00:00	152.610	152.643	152.300	152.484	2477	0	5
2025.10.08	06:00:00	152.483	152.563	152.403	152.412	1361	0	5
2025.10.08	07:00:00	152.411	152.492	152.306	152.364	1459	0	5
2025.10.08	08:00:00	152.371	152.435	152.286	152.398	1770	0	5
2025.10.08	09:00:00	152.408	152.520	152.252	152.341	3738	0	5
2025.10.08	10:00:00	152.342	152.551	152.329	152.540	3744	0	5
2025.10.08	11:00:00	152.542	152.780	152.372	152.741	3205	0	5
2025.10.08	12:00:00	152.740	152.997	152.718	152.971	2900	0	5
2025.10.08	13:00:00	152.970	152.996	152.649	152.724	2023	0	5
2025.10.08	14:00:00	152.723	152.844	152.644	152.692	2259	0	4
2025.10.08	15:00:00	152.690	152.746	152.434	152.503	3307	0	4
2025.10.08	16:00:00	152.504	152.657	152.373	152.589	4203	0	4
2025.10.08	17:00:00	152.593	152.670	152.431	152.514	3665	0	4
2025.10.08	18:00:00	152.513	152.788	152.511	152.720	2705	0	4
2025.10.08	19:00:00	152.719	152.798	152.688	152.757	2100	0	4
2025.10.08	20:00:00	152.756	152.880	152.745	152.865	1581	0	4
2025.10.08	21:00:00	152.826	152.939	152.644	152.718	2871	0	4
2025.10.08	22:00:00	152.697	152.752	152.636	152.705	1837	0	4
2025.10.08	23:00:00	152.706	152.730	152.643	152.692	1117	0	4
2025.10.09	00:00:00	152.684	152.684	152.532	152.645	177	0	64
2025.10.09	01:00:00	152.640	152.662	152.487	152.527	1202	0	6
2025.10.09	02:00:00	152.526	152.719	152.464	152.708	2157	0	5
2025.10.09	03:00:00	152.719	152.732	152.456	152.703	3240	0	5
2025.10.09	04:00:00	152.717	152.763	152.404	152.518	3974	0	5
2025.10.09	05:00:00	152.520	152.602	152.405	152.463	1727	0	5
2025.10.09	06:00:00	152.465	152.576	152.451	152.510	1415	0	5
2025.10.09	07:00:00	152.509	152.593	152.447	152.467	1000	0	5
2025.10.09	08:00:00	152.470	152.649	152.466	152.634	1363	0	5
2025.10.09	09:00:00	152.632	153.135	152.632	152.979	4287	0	5
2025.10.09	10:00:00	152.978	153.216	152.846	153.065	3920	0	5
2025.10.09	11:00:00	153.064	153.134	152.755	152.795	3227	0	5
2025.10.09	12:00:00	152.798	152.854	152.468	152.554	3932	0	5
2025.10.09	13:00:00	152.543	152.747	152.496	152.658	2120	0	5
2025.10.09	14:00:00	152.655	152.837	152.652	152.790	2228	0	4
2025.10.09	15:00:00	152.789	152.841	152.652	152.745	3508	0	4
2025.10.09	16:00:00	152.740	152.953	152.094	152.864	5938	0	4
2025.10.09	17:00:00	152.863	153.181	152.863	153.043	4457	0	4
2025.10.09	18:00:00	153.044	153.230	152.946	153.050	3983	0	4
2025.10.09	19:00:00	153.053	153.143	152.991	152.999	3574	0	4
2025.10.09	20:00:00	153.001	153.098	152.906	153.051	3575	0	4
2025.10.09	21:00:00	153.052	153.207	153.000	153.179	2153	0	4
2025.10.09	22:00:00	153.177	153.178	153.049	153.064	2275	0	4
2025.10.09	23:00:00	153.075	153.091	153.003	153.067	1459	0	5
2025.10.10	00:00:00	152.941	153.055	152.939	153.036	168	0	64
2025.10.10	01:00:00	153.044	153.083	152.956	153.028	872	0	6
2025.10.10	02:00:00	153.029	153.269	152.963	153.025	2358	0	5
2025.10.10	03:00:00	153.026	153.162	152.945	152.955	3397	0	5
2025.10.10	04:00:00	152.954	153.046	152.836	153.020	2814	0	5
2025.10.10	05:00:00	153.021	153.033	152.860	152.911	1783	0	5
2025.10.10	06:00:00	152.916	152.934	152.644	152.664	1868	0	5
2025.10.10	07:00:00	152.663	152.824	152.635	152.750	1637	0	5
2025.10.10	08:00:00	152.751	152.848	152.685	152.831	1952	0	5
2025.10.10	09:00:00	152.828	152.913	152.374	152.532	4189	0	5
2025.10.10	10:00:00	152.538	152.948	152.490	152.847	4536	0	5
2025.10.10	11:00:00	152.851	152.935	152.591	152.646	3632	0	5
2025.10.10	12:00:00	152.645	152.844	152.610	152.793	2840	0	5
2025.10.10	13:00:00	152.791	152.810	152.631	152.715	2153	0	5
2025.10.10	14:00:00	152.722	152.757	152.543	152.631	2704	0	4
2025.10.10	15:00:00	152.632	152.649	152.515	152.556	3037	0	4
2025.10.10	16:00:00	152.554	152.691	152.526	152.635	3894	0	4
2025.10.10	17:00:00	152.636	152.703	152.415	152.454	4399	0	4
2025.10.10	18:00:00	152.425	152.431	151.503	151.943	8932	0	4
2025.10.10	19:00:00	151.942	152.186	151.840	151.884	5970	0	4
2025.10.10	20:00:00	151.880	151.943	151.719	151.867	4275	0	4
2025.10.10	21:00:00	151.878	151.899	151.632	151.711	2970	0	4
2025.10.10	22:00:00	151.712	151.801	151.526	151.595	3309	0	4
2025.10.10	23:00:00	151.589	151.718	151.153	151.163	2278	0	5
2025.10.13	00:00:00	151.798	151.885	151.747	151.753	492	0	77
2025.10.13	01:00:00	151.768	152.272	151.768	151.934	3287	0	6
2025.10.13	02:00:00	151.927	152.085	151.739	152.068	3687	0	5
2025.10.13	03:00:00	152.073	152.076	151.795	151.842	4353	0	5
2025.10.13	04:00:00	151.845	151.975	151.802	151.956	3904	0	5
2025.10.13	05:00:00	151.959	151.984	151.846	151.935	1906	0	5
2025.10.13	06:00:00	151.933	152.010	151.900	151.929	1557	0	5
2025.10.13	07:00:00	151.930	151.967	151.805	151.911	1290	0	5
2025.10.13	08:00:00	151.905	151.909	151.761	151.871	2178	0	5
2025.10.13	09:00:00	151.870	152.020	151.721	151.940	3700	0	5
2025.10.13	10:00:00	151.938	152.373	151.909	152.299	4228	0	5
2025.10.13	11:00:00	152.300	152.444	152.250	152.339	3183	0	5
2025.10.13	12:00:00	152.338	152.367	152.161	152.170	2186	0	5
2025.10.13	13:00:00	152.169	152.229	152.124	152.169	2283	0	5
2025.10.13	14:00:00	152.170	152.171	151.975	152.106	3566	0	4
2025.10.13	15:00:00	152.093	152.261	152.052	152.214	3367	0	4
2025.10.13	16:00:00	152.215	152.258	152.101	152.184	3460	0	4
2025.10.13	17:00:00	152.187	152.446	152.179	152.372	3678	0	4
2025.10.13	18:00:00	152.374	152.391	152.240	152.259	2810	0	4
2025.10.13	19:00:00	152.244	152.300	152.192	152.278	2128	0	4
2025.10.13	20:00:00	152.278	152.345	152.225	152.262	1911	0	4
2025.10.13	21:00:00	152.263	152.334	152.213	152.281	1781	0	4
2025.10.13	22:00:00	152.280	152.323	152.254	152.321	1149	0	4
2025.10.13	23:00:00	152.319	152.346	152.297	152.301	1156	0	5
2025.10.14	00:00:00	152.216	152.233	152.133	152.227	1218	0	64
2025.10.14	01:00:00	152.236	152.342	152.187	152.342	955	0	6
2025.10.14	02:00:00	152.340	152.463	152.281	152.459	1597	0	5
2025.10.14	03:00:00	152.464	152.609	152.430	152.466	3698	0	5
2025.10.14	04:00:00	152.463	152.497	152.354	152.456	3606	0	5
2025.10.14	05:00:00	152.464	152.479	152.358	152.377	2157	0	5
2025.10.14	06:00:00	152.380	152.393	152.047	152.147	2583	0	5
2025.10.14	07:00:00	152.148	152.148	151.778	151.857	4865	0	5
2025.10.14	08:00:00	151.858	151.943	151.668	151.713	4248	0	5
2025.10.14	09:00:00	151.708	151.974	151.620	151.892	5408	0	5
2025.10.14	10:00:00	151.891	152.072	151.671	151.956	5924	0	5
2025.10.14	11:00:00	151.959	152.124	151.933	151.975	4102	0	5
2025.10.14	12:00:00	151.976	152.151	151.972	152.109	3210	0	5
2025.10.14	13:00:00	152.111	152.121	151.914	151.947	3638	0	5
2025.10.14	14:00:00	151.948	152.126	151.938	152.094	3462	0	4
2025.10.14	15:00:00	152.093	152.125	151.858	152.046	5173	0	4
2025.10.14	16:00:00	152.045	152.163	151.819	151.996	6409	0	4
2025.10.14	17:00:00	151.998	152.101	151.830	151.831	5341	0	4
2025.10.14	18:00:00	151.833	151.936	151.736	151.780	5144	0	4
2025.10.14	19:00:00	151.774	151.913	151.668	151.736	4436	0	4
2025.10.14	20:00:00	151.741	151.867	151.674	151.728	3068	0	4
2025.10.14	21:00:00	151.729	151.795	151.696	151.759	2476	0	4
2025.10.14	22:00:00	151.758	151.769	151.599	151.687	3175	0	4
2025.10.14	23:00:00	151.689	151.821	151.688	151.792	1317	0	4
2025.10.15	00:00:00	151.749	151.759	151.672	151.709	521	0	64
2025.10.15	01:00:00	151.698	151.871	151.698	151.805	1353	0	6
2025.10.15	02:00:00	151.806	151.846	151.694	151.700	1840	0	5
2025.10.15	03:00:00	151.701	151.827	151.501	151.562	4020	0	5
2025.10.15	04:00:00	151.553	151.604	151.299	151.302	3600	0	5
2025.10.15	05:00:00	151.301	151.314	151.033	151.055	2897	0	5
2025.10.15	06:00:00	151.054	151.164	151.004	151.136	2158	0	5
2025.10.15	07:00:00	151.138	151.247	151.087	151.246	1748	0	5
2025.10.15	08:00:00	151.262	151.271	151.105	151.202	2188	0	5
2025.10.15	09:00:00	151.201	151.201	150.897	151.037	3834	0	5
2025.10.15	10:00:00	151.032	151.294	150.983	151.247	3897	0	5
2025.10.15	11:00:00	151.250	151.394	151.123	151.215	4071	0	5
2025.10.15	12:00:00	151.216	151.432	151.215	151.342	3573	0	5
2025.10.15	13:00:00	151.343	151.494	151.336	151.364	2776	0	5
2025.10.15	14:00:00	151.344	151.509	151.317	151.498	2629	0	4
2025.10.15	15:00:00	151.492	151.683	151.449	151.637	5226	0	4
2025.10.15	16:00:00	151.641	151.737	151.399	151.401	5467	0	4
2025.10.15	17:00:00	151.400	151.510	151.317	151.397	3919	0	4
2025.10.15	18:00:00	151.398	151.457	151.035	151.215	4661	0	4
2025.10.15	19:00:00	151.214	151.317	151.175	151.193	3562	0	4
2025.10.15	20:00:00	151.194	151.341	151.061	151.331	3938	0	4
2025.10.15	21:00:00	151.336	151.384	151.215	151.331	2629	0	4
2025.10.15	22:00:00	151.332	151.341	151.233	151.255	1766	0	4
2025.10.15	23:00:00	151.252	151.270	151.070	151.082	1718	0	5
2025.10.16	00:00:00	151.046	151.123	151.011	151.027	500	0	64
2025.10.16	01:00:00	151.103	151.104	150.748	150.913	1520	0	6
2025.10.16	02:00:00	150.913	151.035	150.881	150.987	1598	0	5
2025.10.16	03:00:00	150.998	151.086	150.516	150.705	4653	0	5
2025.10.16	04:00:00	150.704	150.768	150.513	150.596	4104	0	5
2025.10.16	05:00:00	150.594	150.774	150.562	150.771	2580	0	5
2025.10.16	06:00:00	150.771	150.884	150.728	150.870	2149	0	5
2025.10.16	07:00:00	150.869	151.111	150.858	151.039	1953	0	5
2025.10.16	08:00:00	151.044	151.187	151.016	151.056	3131	0	5
2025.10.16	09:00:00	151.051	151.269	150.960	151.195	4201	0	5
2025.10.16	10:00:00	151.200	151.376	150.939	151.237	4500	0	5
2025.10.16	11:00:00	151.239	151.284	151.056	151.241	3846	0	5
2025.10.16	12:00:00	151.242	151.396	151.242	151.290	3028	0	5
2025.10.16	13:00:00	151.289	151.300	151.161	151.176	2683	0	5
2025.10.16	14:00:00	151.175	151.370	151.159	151.241	3229	0	4
2025.10.16	15:00:00	151.240	151.279	151.032	151.099	4642	0	4
2025.10.16	16:00:00	151.100	151.281	151.019	151.100	6116	0	4
2025.10.16	17:00:00	151.099	151.121	150.751	150.774	5338	0	4
2025.10.16	18:00:00	150.776	150.865	150.718	150.754	4730	0	4
2025.10.16	19:00:00	150.752	150.789	150.230	150.397	6419	0	4
2025.10.16	20:00:00	150.402	150.473	150.252	150.333	6431	0	4
2025.10.16	21:00:00	150.334	150.420	150.220	150.335	4999	0	4
2025.10.16	22:00:00	150.327	150.427	150.206	150.395	3752	0	4
2025.10.16	23:00:00	150.395	150.433	150.341	150.420	1715	0	5
2025.10.17	00:00:00	150.382	150.415	150.292	150.393	373	0	64
2025.10.17	01:00:00	150.387	150.435	150.243	150.256	2198	0	6
2025.10.17	02:00:00	150.250	150.289	150.050	150.149	2461	0	5
2025.10.17	03:00:00	150.147	150.229	150.042	150.227	4288	0	5
2025.10.17	04:00:00	150.228	150.358	150.172	150.314	4218	0	5
2025.10.17	05:00:00	150.313	150.385	150.057	150.177	3160	0	5
2025.10.17	06:00:00	150.175	150.175	149.892	150.010	2755	0	5
2025.10.17	07:00:00	150.012	150.133	149.936	149.963	2594	0	5
2025.10.17	08:00:00	149.962	149.970	149.735	149.749	3317	0	5
2025.10.17	09:00:00	149.747	149.972	149.623	149.631	5598	0	5
2025.10.17	10:00:00	149.628	149.784	149.376	149.701	7928	0	5
2025.10.17	11:00:00	149.703	149.905	149.583	149.780	5868	0	5
2025.10.17	12:00:00	149.779	149.900	149.602	149.670	4275	0	5
2025.10.17	13:00:00	149.672	149.962	149.668	149.930	4775	0	5
2025.10.17	14:00:00	149.931	150.329	149.871	150.236	6372	0	4
2025.10.17	15:00:00	150.234	150.539	150.232	150.385	6162	0	4
2025.10.17	16:00:00	150.386	150.444	150.161	150.359	6607	0	4
2025.10.17	17:00:00	150.360	150.589	150.348	150.425	7051	0	4
2025.10.17	18:00:00	150.423	150.449	150.205	150.333	4999	0	4
2025.10.17	19:00:00	150.334	150.501	150.332	150.408	4418	0	4
2025.10.17	20:00:00	150.403	150.490	150.363	150.484	3491	0	4
2025.10.17	21:00:00	150.482	150.535	150.406	150.492	2914	0	4
2025.10.17	22:00:00	150.493	150.513	150.448	150.480	2137	0	4
2025.10.17	23:00:00	150.479	150.626	150.469	150.572	1733	0	5
2025.10.20	00:00:00	150.378	150.418	150.310	150.376	847	0	112
2025.10.20	01:00:00	150.383	150.905	150.379	150.823	2153	0	6
2025.10.20	02:00:00	150.839	150.960	150.810	150.912	2528	0	5
2025.10.20	03:00:00	150.915	150.971	150.763	150.907	4289	0	5
2025.10.20	04:00:00	150.908	151.201	150.868	150.961	3596	0	5
2025.10.20	05:00:00	150.959	150.993	150.807	150.865	2469	0	5
2025.10.20	06:00:00	150.866	150.885	150.650	150.726	2078	0	5
2025.10.20	07:00:00	150.724	150.768	150.507	150.596	3109	0	5
2025.10.20	08:00:00	150.597	150.690	150.495	150.648	3279	0	5
2025.10.20	09:00:00	150.650	150.741	150.546	150.683	4715	0	5
2025.10.20	10:00:00	150.684	150.830	150.648	150.742	4061	0	5
2025.10.20	11:00:00	150.740	150.795	150.573	150.583	4023	0	5
2025.10.20	12:00:00	150.579	150.769	150.269	150.730	4539	0	5
2025.10.20	13:00:00	150.734	150.834	150.673	150.713	3232	0	5
2025.10.20	14:00:00	150.711	150.853	150.673	150.701	2590	0	4
2025.10.20	15:00:00	150.702	150.778	150.605	150.669	4484	0	4
2025.10.20	16:00:00	150.674	150.848	150.613	150.766	4603	0	4
2025.10.20	17:00:00	150.769	150.810	150.406	150.592	4167	0	4
2025.10.20	18:00:00	150.589	150.621	150.482	150.590	4128	0	4
2025.10.20	19:00:00	150.592	150.691	150.526	150.675	2242	0	4
2025.10.20	20:00:00	150.683	150.797	150.664	150.778	1632	0	4
2025.10.20	21:00:00	150.777	150.827	150.657	150.683	1815	0	4
2025.10.20	22:00:00	150.682	150.730	150.623	150.693	1547	0	4
2025.10.20	23:00:00	150.694	150.763	150.676	150.732	1088	0	5
2025.10.21	00:00:00	150.682	150.682	150.629	150.646	283	0	75
2025.10.21	01:00:00	150.654	150.759	150.645	150.729	1009	0	6
2025.10.21	02:00:00	150.730	150.820	150.717	150.819	1452	0	5
2025.10.21	03:00:00	150.822	150.846	150.462	150.655	3898	0	5
2025.10.21	04:00:00	150.658	150.990	150.524	150.981	3324	0	5
2025.10.21	05:00:00	150.980	151.146	150.960	151.121	2714	0	5
2025.10.21	06:00:00	151.122	151.144	151.001	151.043	2448	0	5
2025.10.21	07:00:00	151.051	151.234	150.884	151.078	3702	0	5
2025.10.21	08:00:00	151.077	151.519	150.888	151.516	5625	0	5
2025.10.21	09:00:00	151.517	151.605	151.220	151.261	4607	0	5
2025.10.21	10:00:00	151.262	151.262	151.062	151.152	4673	0	5
2025.10.21	11:00:00	151.163	151.675	151.058	151.608	5500	0	5
2025.10.21	12:00:00	151.607	151.799	151.591	151.795	3799	0	5
2025.10.21	13:00:00	151.797	152.049	151.733	151.925	4167	0	5
2025.10.21	14:00:00	151.912	152.010	151.806	151.949	3914	0	4
2025.10.21	15:00:00	151.948	152.173	151.886	152.027	5285	0	4
2025.10.21	16:00:00	152.029	152.088	151.593	151.597	6743	0	4
2025.10.21	17:00:00	151.598	151.882	151.455	151.872	5907	0	4
2025.10.21	18:00:00	151.869	151.878	151.680	151.727	3934	0	4
2025.10.21	19:00:00	151.725	151.950	151.652	151.850	3514	0	4
2025.10.21	20:00:00	151.847	151.971	151.811	151.924	2654	0	4
2025.10.21	21:00:00	151.913	151.926	151.874	151.909	1667	0	4
2025.10.21	22:00:00	151.908	151.971	151.890	151.915	1416	0	4
2025.10.21	23:00:00	151.913	151.943	151.865	151.911	1006	0	5
2025.10.22	00:00:00	151.841	151.874	151.841	151.844	244	0	75
2025.10.22	01:00:00	151.859	151.938	151.851	151.927	977	0	6
2025.10.22	02:00:00	151.923	151.955	151.858	151.875	1171	0	5
2025.10.22	03:00:00	151.863	151.866	151.601	151.627	4516	0	5
2025.10.22	04:00:00	151.618	151.750	151.483	151.744	3669	0	5
2025.10.22	05:00:00	151.742	151.758	151.590	151.630	2268	0	5
2025.10.22	06:00:00	151.629	151.813	151.627	151.790	1977	0	5
2025.10.22	07:00:00	151.789	151.873	151.755	151.757	2196	0	5
2025.10.22	08:00:00	151.758	151.867	151.723	151.860	2086	0	5
2025.10.22	09:00:00	151.859	151.949	151.691	151.737	4704	0	5
2025.10.22	10:00:00	151.735	151.849	151.619	151.824	4902	0	5
2025.10.22	11:00:00	151.826	151.908	151.622	151.687	5156	0	5
2025.10.22	12:00:00	151.689	151.825	151.644	151.812	3878	0	7
2025.10.22	13:00:00	151.811	151.834	151.708	151.816	3598	0	5
2025.10.22	14:00:00	151.817	151.885	151.718	151.786	4610	0	4
2025.10.22	15:00:00	151.789	151.968	151.755	151.927	4974	0	4
2025.10.22	16:00:00	151.926	152.045	151.869	151.969	5306	0	4
2025.10.22	17:00:00	151.968	152.006	151.858	151.885	5049	0	4
2025.10.22	18:00:00	151.882	151.910	151.749	151.790	4364	0	4
2025.10.22	19:00:00	151.789	151.843	151.501	151.761	4601	0	4
2025.10.22	20:00:00	151.766	151.811	151.603	151.642	3934	0	4
2025.10.22	21:00:00	151.641	151.892	151.641	151.879	2892	0	4
2025.10.22	22:00:00	151.878	152.007	151.850	151.980	2484	0	4
2025.10.22	23:00:00	151.977	152.008	151.907	151.936	1228	0	5
2025.10.23	00:00:00	151.910	151.912	151.866	151.870	300	0	64
2025.10.23	01:00:00	151.885	151.923	151.819	151.903	1278	0	6
2025.10.23	02:00:00	151.903	151.992	151.899	151.983	1955	0	5
2025.10.23	03:00:00	151.987	152.259	151.971	152.149	3861	0	5
2025.10.23	04:00:00	152.151	152.453	152.117	152.415	3197	0	5
2025.10.23	05:00:00	152.426	152.502	152.381	152.459	1632	0	5
2025.10.23	06:00:00	152.460	152.483	152.390	152.470	1422	0	5
2025.10.23	07:00:00	152.469	152.566	152.398	152.407	1694	0	5
2025.10.23	08:00:00	152.409	152.424	152.318	152.370	1755	0	5
2025.10.23	09:00:00	152.372	152.646	152.326	152.639	3587	0	5
2025.10.23	10:00:00	152.640	152.645	152.374	152.493	4181	0	5
2025.10.23	11:00:00	152.494	152.649	152.451	152.607	3332	0	5
2025.10.23	12:00:00	152.608	152.661	152.509	152.572	2958	0	5
2025.10.23	13:00:00	152.571	152.771	152.566	152.768	2889	0	5
2025.10.23	14:00:00	152.769	152.792	152.663	152.668	3042	0	4
2025.10.23	15:00:00	152.662	152.720	152.452	152.535	3918	0	4
2025.10.23	16:00:00	152.536	152.730	152.474	152.684	4749	0	4
2025.10.23	17:00:00	152.687	152.707	152.577	152.615	4767	0	4
2025.10.23	18:00:00	152.613	152.762	152.579	152.726	3308	0	4
2025.10.23	19:00:00	152.723	152.795	152.669	152.718	2362	0	4
2025.10.23	20:00:00	152.720	152.761	152.613	152.615	2120	0	4
2025.10.23	21:00:00	152.616	152.648	152.518	152.531	1683	0	4
2025.10.23	22:00:00	152.532	152.561	152.491	152.558	1491	0	4
2025.10.23	23:00:00	152.552	152.609	152.552	152.583	1149	0	5
2025.10.24	00:00:00	152.525	152.577	152.517	152.528	486	0	64
2025.10.24	01:00:00	152.539	152.592	152.502	152.579	902	0	6
2025.10.24	02:00:00	152.578	152.668	152.561	152.608	1247	0	5
2025.10.24	03:00:00	152.611	152.661	152.471	152.647	2875	0	5
2025.10.24	04:00:00	152.646	152.902	152.638	152.896	3100	0	5
2025.10.24	05:00:00	152.897	152.914	152.766	152.888	2428	0	5
2025.10.24	06:00:00	152.890	152.911	152.707	152.771	1673	0	5
2025.10.24	07:00:00	152.772	152.910	152.770	152.889	1932	0	5
2025.10.24	08:00:00	152.888	153.033	152.880	152.956	2601	0	5
2025.10.24	09:00:00	152.941	153.062	152.915	152.916	3660	0	5
2025.10.24	10:00:00	152.916	152.952	152.752	152.828	4263	0	5
2025.10.24	11:00:00	152.825	153.020	152.809	152.947	3548	0	5
2025.10.24	12:00:00	152.948	152.993	152.900	152.958	2805	0	5
2025.10.24	13:00:00	152.959	152.981	152.903	152.978	2020	0	5
2025.10.24	14:00:00	152.979	152.992	152.905	152.936	2634	0	4
2025.10.24	15:00:00	152.932	152.961	152.207	152.674	5883	0	4
2025.10.24	16:00:00	152.673	153.018	152.597	152.829	6288	0	4
2025.10.24	17:00:00	152.821	152.901	152.696	152.768	4974	0	4
2025.10.24	18:00:00	152.771	152.879	152.701	152.821	3699	0	4
2025.10.24	19:00:00	152.824	152.871	152.782	152.840	2053	0	4
2025.10.24	20:00:00	152.838	152.838	152.747	152.808	1682	0	4
2025.10.24	21:00:00	152.807	152.890	152.794	152.861	1311	0	4
2025.10.24	22:00:00	152.860	152.894	152.796	152.824	1317	0	4
2025.10.24	23:00:00	152.823	152.875	152.753	152.867	1009	0	5
2025.10.27	00:00:00	152.758	153.024	152.758	153.009	847	0	77
2025.10.27	01:00:00	153.008	153.138	152.947	153.072	2411	0	6
2025.10.27	02:00:00	153.068	153.176	153.012	153.068	2094	0	5
2025.10.27	03:00:00	153.069	153.152	152.830	152.889	3429	0	5
2025.10.27	04:00:00	152.890	152.989	152.653	152.833	3386	0	5
2025.10.27	05:00:00	152.834	153.009	152.823	152.977	2096	0	5
2025.10.27	06:00:00	152.978	153.043	152.948	153.040	1859	0	5
2025.10.27	07:00:00	153.042	153.159	153.030	153.137	2378	0	5
2025.10.27	08:00:00	153.138	153.252	153.108	153.125	2844	0	5
2025.10.27	09:00:00	153.122	153.137	152.829	152.977	3652	0	5
2025.10.27	10:00:00	152.984	153.028	152.861	153.013	3493	0	5
2025.10.27	11:00:00	153.020	153.072	152.744	152.817	4235	0	5
2025.10.27	12:00:00	152.818	152.819	152.697	152.749	3344	0	5
2025.10.27	13:00:00	152.750	152.846	152.719	152.769	2813	0	5
2025.10.27	14:00:00	152.764	152.808	152.592	152.636	3378	0	4
2025.10.27	15:00:00	152.631	152.893	152.562	152.836	3720	0	4
2025.10.27	16:00:00	152.838	153.196	152.806	153.109	4324	0	4
2025.10.27	17:00:00	153.108	153.191	152.998	153.001	4335	0	4
2025.10.27	18:00:00	152.999	153.120	152.984	153.085	3396	0	4
2025.10.27	19:00:00	153.088	153.089	152.976	152.993	2178	0	4
2025.10.27	20:00:00	152.994	153.094	152.937	153.061	1969	0	4
2025.10.27	21:00:00	153.055	153.072	152.756	152.814	1971	0	4
2025.10.27	22:00:00	152.815	152.951	152.814	152.902	1670	0	4
2025.10.27	23:00:00	152.902	152.905	152.846	152.885	903	0	5
2025.10.28	00:00:00	152.837	152.847	152.784	152.784	339	0	64
2025.10.28	01:00:00	152.771	152.817	152.738	152.744	870	0	6
2025.10.28	02:00:00	152.745	152.776	152.629	152.697	1303	0	5
2025.10.28	03:00:00	152.690	152.732	152.394	152.493	3433	0	5
2025.10.28	04:00:00	152.495	152.509	152.263	152.399	3845	0	5
2025.10.28	05:00:00	152.398	152.470	152.292	152.454	2493	0	5
2025.10.28	06:00:00	152.457	152.470	152.162	152.275	2287	0	5
2025.10.28	07:00:00	152.274	152.302	151.850	151.876	4154	0	5
2025.10.28	08:00:00	151.877	151.967	151.755	151.909	3836	0	5
2025.10.28	09:00:00	151.922	152.056	151.809	152.019	4000	0	5
2025.10.28	10:00:00	152.022	152.350	152.022	152.142	4992	0	5
2025.10.28	11:00:00	152.141	152.158	151.839	151.951	5399	0	5
2025.10.28	12:00:00	151.952	152.080	151.869	151.911	3665	0	5
2025.10.28	13:00:00	151.912	151.980	151.819	151.859	3496	0	5
2025.10.28	14:00:00	151.860	152.081	151.856	152.034	3323	0	4
2025.10.28	15:00:00	152.032	152.216	152.015	152.130	4305	0	4
2025.10.28	16:00:00	152.133	152.371	152.129	152.191	4853	0	4
2025.10.28	17:00:00	152.189	152.258	151.972	151.984	4640	0	4
2025.10.28	18:00:00	151.982	152.175	151.849	152.141	4475	0	4
2025.10.28	19:00:00	152.142	152.299	152.110	152.110	4022	0	4
2025.10.28	20:00:00	152.108	152.194	152.093	152.173	2544	0	4
2025.10.28	21:00:00	152.174	152.244	152.082	152.097	1952	0	4
2025.10.28	22:00:00	152.096	152.098	151.945	152.056	1971	0	4
2025.10.28	23:00:00	152.054	152.130	152.043	152.093	1191	0	5
2025.10.29	00:00:00	152.085	152.086	152.000	152.004	758	0	64
2025.10.29	01:00:00	152.004	152.179	151.991	152.168	936	0	6
2025.10.29	02:00:00	152.168	152.193	151.721	151.732	1604	0	5
2025.10.29	03:00:00	151.741	151.889	151.538	151.633	5103	0	5
2025.10.29	04:00:00	151.635	151.912	151.551	151.893	3968	0	5
2025.10.29	05:00:00	151.897	152.139	151.887	151.979	2451	0	5
2025.10.29	06:00:00	151.976	152.054	151.911	152.052	2060	0	5
2025.10.29	07:00:00	152.063	152.112	151.955	152.070	1819	0	5
2025.10.29	08:00:00	152.072	152.537	152.062	152.364	3191	0	5
2025.10.29	09:00:00	152.359	152.450	152.125	152.143	3233	0	5
2025.10.29	10:00:00	152.165	152.176	151.998	152.058	3756	0	5
2025.10.29	11:00:00	152.059	152.333	152.046	152.331	3821	0	5
2025.10.29	12:00:00	152.344	152.468	152.196	152.233	3596	0	5
2025.10.29	13:00:00	152.234	152.341	152.206	152.241	2822	0	5
2025.10.29	14:00:00	152.238	152.404	152.135	152.243	2848	0	4
2025.10.29	15:00:00	152.231	152.295	152.157	152.241	3089	0	4
2025.10.29	16:00:00	152.241	152.242	151.858	151.999	4194	0	4
2025.10.29	17:00:00	152.000	152.168	151.985	152.037	3866	0	4
2025.10.29	18:00:00	152.036	152.061	151.901	151.908	3515	0	4
2025.10.29	19:00:00	151.907	152.176	151.894	152.150	3306	0	4
2025.10.29	20:00:00	152.149	152.315	152.087	152.234	2481	0	4
2025.10.29	21:00:00	152.233	153.046	152.181	152.823	8084	0	4
2025.10.29	22:00:00	152.822	153.059	152.752	152.816	5919	0	4
2025.10.29	23:00:00	152.813	152.876	152.582	152.725	3092	0	5
2025.10.30	00:00:00	152.651	152.697	152.535	152.629	432	0	64
2025.10.30	01:00:00	152.626	152.732	152.625	152.695	1320	0	6
2025.10.30	02:00:00	152.694	152.757	152.585	152.724	1558	0	5
2025.10.30	03:00:00	152.726	152.943	152.502	152.632	4118	0	5
2025.10.30	04:00:00	152.636	152.676	152.451	152.542	3519	0	5
2025.10.30	05:00:00	152.539	152.559	152.311	152.336	3090	0	5
2025.10.30	06:00:00	152.334	153.133	152.156	152.962	4975	0	5
2025.10.30	07:00:00	152.958	153.020	152.557	152.768	6553	0	5
2025.10.30	08:00:00	152.769	153.039	152.674	153.035	4241	0	5
2025.10.30	09:00:00	153.040	153.517	152.932	153.332	5384	0	5
2025.10.30	10:00:00	153.333	153.539	153.277	153.398	5382	0	5
2025.10.30	11:00:00	153.400	153.886	153.398	153.745	4746	0	5
2025.10.30	12:00:00	153.747	153.799	153.620	153.779	4046	0	5
2025.10.30	13:00:00	153.780	153.958	153.778	153.957	3293	0	5
2025.10.30	14:00:00	153.958	154.171	153.860	154.116	3460	0	4
2025.10.30	15:00:00	154.115	154.289	154.074	154.289	4486	0	4
2025.10.30	16:00:00	154.305	154.445	154.143	154.198	5928	0	4
2025.10.30	17:00:00	154.194	154.319	154.050	154.289	5679	0	4
2025.10.30	18:00:00	154.279	154.340	154.040	154.170	4299	0	4
2025.10.30	19:00:00	154.171	154.227	154.067	154.095	2978	0	4
2025.10.30	20:00:00	154.094	154.167	154.050	154.100	2472	0	4
2025.10.30	21:00:00	154.099	154.148	154.048	154.077	2188	0	4
2025.10.30	22:00:00	154.078	154.091	154.018	154.073	2227	0	4
2025.10.30	23:00:00	154.072	154.110	154.033	154.096	1442	0	5
2025.10.31	00:00:00	154.098	154.114	154.036	154.037	389	0	64
2025.10.31	01:00:00	154.041	154.135	154.031	154.105	1085	0	6
2025.10.31	02:00:00	154.105	154.164	153.839	153.906	1772	0	5
2025.10.31	03:00:00	153.904	154.032	153.816	153.895	3331	0	5
2025.10.31	04:00:00	153.894	153.920	153.650	153.828	3357	0	5
2025.10.31	05:00:00	153.829	153.884	153.738	153.884	2133	0	5
2025.10.31	06:00:00	153.885	154.065	153.847	154.036	1655	0	5
2025.10.31	07:00:00	154.034	154.053	153.905	153.936	1913	0	5
2025.10.31	08:00:00	153.934	154.054	153.830	153.913	2507	0	5
2025.10.31	09:00:00	153.910	154.235	153.882	154.224	3418	0	5
2025.10.31	10:00:00	154.215	154.390	154.170	154.306	4083	0	5
2025.10.31	11:00:00	154.307	154.410	154.228	154.245	4046	0	5
2025.10.31	12:00:00	154.246	154.289	154.110	154.139	3132	0	5
2025.10.31	13:00:00	154.138	154.183	154.090	154.129	2478	0	5
2025.10.31	14:00:00	154.127	154.181	154.047	154.102	2752	0	4
2025.10.31	15:00:00	154.101	154.249	153.889	154.133	3849	0	4
2025.10.31	16:00:00	154.139	154.228	154.048	154.072	4709	0	4
2025.10.31	17:00:00	154.075	154.095	153.889	153.944	4709	0	4
2025.10.31	18:00:00	153.943	154.090	153.911	154.041	4628	0	4
2025.10.31	19:00:00	154.042	154.172	153.964	154.115	3728	0	4
2025.10.31	20:00:00	154.113	154.175	154.078	154.093	2690	0	4
2025.10.31	21:00:00	154.100	154.132	154.035	154.083	1612	0	4
2025.10.31	22:00:00	154.080	154.131	154.057	154.105	1732	0	4
2025.10.31	23:00:00	154.106	154.118	154.025	154.047	1241	0	5
2025.11.03	00:00:00	153.979	154.041	153.961	154.027	600	0	77
2025.11.03	01:00:00	154.031	154.244	154.006	154.205	2636	0	6
2025.11.03	02:00:00	154.198	154.212	154.115	154.173	2394	0	5
2025.11.03	03:00:00	154.171	154.185	154.075	154.115	1649	0	5
2025.11.03	04:00:00	154.114	154.125	154.034	154.081	1539	0	5
2025.11.03	05:00:00	154.082	154.093	154.037	154.062	1318	0	5
2025.11.03	06:00:00	154.061	154.086	153.987	154.070	1585	0	5
2025.11.03	07:00:00	154.072	154.132	154.053	154.117	1932	0	5
2025.11.03	08:00:00	154.118	154.242	154.100	154.186	2123	0	5
2025.11.03	09:00:00	154.185	154.279	154.105	154.107	3026	0	5
2025.11.03	10:00:00	154.108	154.206	154.047	154.104	3342	0	5
2025.11.03	11:00:00	154.105	154.167	154.086	154.166	2714	0	5
2025.11.03	12:00:00	154.167	154.187	154.127	154.168	2541	0	5
2025.11.03	13:00:00	154.167	154.181	154.093	154.151	1909	0	5
2025.11.03	14:00:00	154.148	154.184	154.136	154.181	1745	0	4
2025.11.03	15:00:00	154.182	154.294	154.173	154.248	2462	0	4
2025.11.03	16:00:00	154.247	154.268	154.074	154.077	2968	0	4
2025.11.03	17:00:00	154.086	154.156	153.907	154.097	4686	0	4
2025.11.03	18:00:00	154.096	154.164	154.067	154.127	2981	0	4
2025.11.03	19:00:00	154.127	154.174	154.056	154.151	1621	0	4
2025.11.03	20:00:00	154.150	154.233	154.114	154.166	1297	0	4
2025.11.03	21:00:00	154.165	154.249	154.136	154.185	1849	0	4
2025.11.03	22:00:00	154.186	154.218	154.170	154.190	1631	0	4
2025.11.03	23:00:00	154.191	154.211	154.174	154.203	942	0	5
2025.11.04	00:00:00	154.196	154.223	154.172	154.184	532	0	64
2025.11.04	01:00:00	154.211	154.220	154.165	154.209	1086	0	6
2025.11.04	02:00:00	154.211	154.397	154.195	154.337	3032	0	5
2025.11.04	03:00:00	154.339	154.483	154.296	154.327	2889	0	5
2025.11.04	04:00:00	154.328	154.355	154.100	154.104	2151	0	5
2025.11.04	05:00:00	154.103	154.157	154.049	154.082	2039	0	5
2025.11.04	06:00:00	154.081	154.099	153.806	154.060	2527	0	5
2025.11.04	07:00:00	154.065	154.083	153.685	153.733	3514	0	5
2025.11.04	08:00:00	153.730	153.790	153.490	153.625	4229	0	5
2025.11.04	09:00:00	153.620	153.630	153.326	153.577	3490	0	5
2025.11.04	10:00:00	153.586	153.697	153.383	153.647	4347	0	5
2025.11.04	11:00:00	153.645	153.755	153.400	153.482	3661	0	5
2025.11.04	12:00:00	153.480	153.601	153.312	153.577	2980	0	5
2025.11.04	13:00:00	153.566	153.591	153.368	153.570	2393	0	5
2025.11.04	14:00:00	153.568	153.622	153.501	153.526	3046	0	4
2025.11.04	15:00:00	153.522	153.541	153.315	153.387	3211	0	4
2025.11.04	16:00:00	153.388	153.539	153.368	153.478	4074	0	4
2025.11.04	17:00:00	153.479	153.595	153.337	153.383	3829	0	4
2025.11.04	18:00:00	153.385	153.552	153.340	153.551	3336	0	4
2025.11.04	19:00:00	153.549	153.639	153.517	153.590	2081	0	4
2025.11.04	20:00:00	153.591	153.657	153.544	153.565	1919	0	4
2025.11.04	21:00:00	153.566	153.641	153.558	153.626	1721	0	4
2025.11.04	22:00:00	153.625	153.692	153.615	153.621	1625	0	4
2025.11.04	23:00:00	153.627	153.674	153.593	153.669	1251	0	5
2025.11.05	00:00:00	153.634	153.639	153.610	153.621	400	0	64
2025.11.05	01:00:00	153.639	153.692	153.507	153.548	1697	0	6
2025.11.05	02:00:00	153.549	153.745	153.228	153.234	4309	0	5
2025.11.05	03:00:00	153.242	153.288	152.956	153.157	5303	0	5
2025.11.05	04:00:00	153.156	153.323	153.061	153.311	3503	0	5
2025.11.05	05:00:00	153.313	153.564	153.299	153.511	3286	0	5
2025.11.05	06:00:00	153.510	153.526	153.390	153.484	2207	0	5
2025.11.05	07:00:00	153.481	153.563	153.405	153.519	2399	0	5
2025.11.05	08:00:00	153.521	153.738	153.450	153.660	2749	0	5
2025.11.05	09:00:00	153.661	153.689	153.448	153.560	3085	0	5
2025.11.05	10:00:00	153.561	153.661	153.418	153.496	3096	0	5
2025.11.05	11:00:00	153.497	153.706	153.485	153.688	2773	0	5
2025.11.05	12:00:00	153.693	153.837	153.617	153.626	2600	0	5
2025.11.05	13:00:00	153.619	153.707	153.574	153.615	2315	0	5
2025.11.05	14:00:00	153.616	153.748	153.562	153.707	2764	0	4
2025.11.05	15:00:00	153.706	153.986	153.692	153.978	3788	0	4
2025.11.05	16:00:00	153.980	154.028	153.893	153.948	3650	0	4
2025.11.05	17:00:00	153.996	154.311	153.996	154.305	5305	0	4
2025.11.05	18:00:00	154.306	154.353	154.107	154.120	3533	0	4
2025.11.05	19:00:00	154.111	154.135	154.053	154.073	1943	0	4
2025.11.05	20:00:00	154.072	154.142	154.002	154.125	1493	0	4
2025.11.05	21:00:00	154.123	154.130	154.058	154.107	1421	0	4
2025.11.05	22:00:00	154.106	154.132	154.081	154.119	1371	0	4
2025.11.05	23:00:00	154.121	154.140	154.085	154.101	1083	0	5
2025.11.06	00:00:00	154.070	154.079	154.014	154.048	545	0	64
2025.11.06	01:00:00	154.074	154.086	153.976	154.083	1043	0	6
2025.11.06	02:00:00	154.084	154.140	153.848	153.891	3211	0	5
2025.11.06	03:00:00	153.888	153.939	153.801	153.869	2444	0	5
2025.11.06	04:00:00	153.863	153.999	153.793	153.945	1809	0	5
2025.11.06	05:00:00	153.945	153.990	153.827	153.869	1603	0	5
2025.11.06	06:00:00	153.864	154.025	153.860	153.952	1397	0	5
2025.11.06	07:00:00	153.955	154.003	153.830	153.883	1916	0	5
2025.11.06	08:00:00	153.884	154.004	153.804	153.977	1914	0	5
2025.11.06	09:00:00	153.979	153.990	153.770	153.866	2399	0	5
2025.11.06	10:00:00	153.867	153.869	153.526	153.555	3320	0	5
2025.11.06	11:00:00	153.556	153.768	153.554	153.721	2507	0	5
2025.11.06	12:00:00	153.724	153.775	153.701	153.745	2316	0	5
2025.11.06	13:00:00	153.744	153.763	153.587	153.644	2042	0	5
2025.11.06	14:00:00	153.643	153.739	153.587	153.606	3219	0	4
2025.11.06	15:00:00	153.612	153.634	153.400	153.502	3319	0	4
2025.11.06	16:00:00	153.503	153.587	153.381	153.406	3960	0	4
2025.11.06	17:00:00	153.404	153.404	153.042	153.042	4840	0	4
2025.11.06	18:00:00	153.043	153.168	152.970	152.977	4148	0	4
2025.11.06	19:00:00	152.975	153.066	152.830	153.015	3485	0	4
2025.11.06	20:00:00	153.013	153.088	152.919	153.050	2884	0	4
2025.11.06	21:00:00	153.047	153.153	153.026	153.139	2490	0	4
2025.11.06	22:00:00	153.138	153.142	152.993	153.025	2240	0	4
2025.11.06	23:00:00	153.034	153.094	152.998	153.068	1080	0	4
2025.11.07	00:00:00	153.044	153.072	153.016	153.039	643	0	64
2025.11.07	01:00:00	153.048	153.062	152.813	152.949	1553	0	6
2025.11.07	02:00:00	152.948	153.247	152.851	153.181	3953	0	5
2025.11.07	03:00:00	153.182	153.304	153.049	153.129	3413	0	5
2025.11.07	04:00:00	153.128	153.173	152.959	153.148	2315	0	5
2025.11.07	05:00:00	153.139	153.187	153.019	153.058	1835	0	5
2025.11.07	06:00:00	153.059	153.179	153.011	153.113	2056	0	5
2025.11.07	07:00:00	153.114	153.364	153.113	153.347	1779	0	5
2025.11.07	08:00:00	153.353	153.523	153.351	153.508	2416	0	5
2025.11.07	09:00:00	153.505	153.532	153.379	153.387	2595	0	5
2025.11.07	10:00:00	153.384	153.514	153.348	153.508	3040	0	5
2025.11.07	11:00:00	153.509	153.520	153.440	153.492	2633	0	5
2025.11.07	12:00:00	153.490	153.495	153.322	153.350	2359	0	5
2025.11.07	13:00:00	153.351	153.361	153.010	153.129	3241	0	5
2025.11.07	14:00:00	153.125	153.172	153.036	153.096	3030	0	4
2025.11.07	15:00:00	153.095	153.375	153.008	153.356	3954	0	4
2025.11.07	16:00:00	153.358	153.473	153.134	153.332	5040	0	4
2025.11.07	17:00:00	153.330	153.336	153.022	153.136	5639	0	4
2025.11.07	18:00:00	153.135	153.175	153.014	153.061	3803	0	4
2025.11.07	19:00:00	153.062	153.221	153.039	153.096	2789	0	4
2025.11.07	20:00:00	153.095	153.262	153.033	153.248	2249	0	4
2025.11.07	21:00:00	153.253	153.578	153.221	153.556	3027	0	4
2025.11.07	22:00:00	153.555	153.588	153.360	153.431	2881	0	4
2025.11.07	23:00:00	153.426	153.486	153.399	153.412	1142	0	4
2025.11.10	00:00:00	153.678	153.706	153.497	153.672	984	0	77
2025.11.10	01:00:00	153.687	153.866	153.687	153.823	3259	0	6
2025.11.10	02:00:00	153.824	153.913	153.435	153.854	5157	0	5
2025.11.10	03:00:00	153.852	153.948	153.780	153.832	3834	0	5
2025.11.10	04:00:00	153.831	153.900	153.800	153.890	2694	0	5
2025.11.10	05:00:00	153.891	154.018	153.889	153.934	2841	0	5
2025.11.10	06:00:00	153.933	153.950	153.781	153.881	2967	0	5
2025.11.10	07:00:00	153.883	154.063	153.867	153.940	3238	0	5
2025.11.10	08:00:00	153.938	154.079	153.903	154.026	3646	0	5
2025.11.10	09:00:00	154.030	154.152	153.950	154.045	4210	0	5
2025.11.10	10:00:00	154.051	154.178	153.947	154.170	4537	0	5
2025.11.10	11:00:00	154.171	154.230	154.144	154.158	4065	0	5
2025.11.10	12:00:00	154.159	154.178	154.058	154.162	2839	0	5
2025.11.10	13:00:00	154.163	154.246	154.112	154.127	2722	0	5
2025.11.10	14:00:00	154.122	154.167	154.036	154.115	2518	0	4
2025.11.10	15:00:00	154.117	154.134	153.982	154.056	3014	0	4
2025.11.10	16:00:00	154.058	154.162	154.002	154.085	3818	0	4
2025.11.10	17:00:00	154.083	154.139	154.012	154.027	4108	0	4
2025.11.10	18:00:00	154.023	154.064	153.889	153.996	3885	0	4
2025.11.10	19:00:00	153.991	154.043	153.923	153.953	2620	0	4
2025.11.10	20:00:00	153.952	154.019	153.921	153.990	2209	0	4
2025.11.10	21:00:00	153.992	154.069	153.952	154.046	1497	0	4
2025.11.10	22:00:00	154.047	154.079	153.998	154.029	1872	0	4
2025.11.10	23:00:00	154.028	154.162	154.022	154.153	859	0	5
2025.11.11	00:00:00	153.956	154.069	153.956	154.039	1979	0	64
2025.11.11	01:00:00	154.065	154.150	154.047	154.146	1290	0	6
2025.11.11	02:00:00	154.144	154.310	154.099	154.309	3157	0	5
2025.11.11	03:00:00	154.313	154.493	154.308	154.325	3310	0	5
2025.11.11	04:00:00	154.324	154.390	154.260	154.366	2156	0	5
2025.11.11	05:00:00	154.365	154.366	154.219	154.262	1884	0	5
2025.11.11	06:00:00	154.258	154.352	154.225	154.300	1805	0	5
2025.11.11	07:00:00	154.300	154.308	154.082	154.126	2730	0	5
2025.11.11	08:00:00	154.127	154.260	154.083	154.195	2350	0	5
2025.11.11	09:00:00	154.196	154.253	154.148	154.192	3088	0	5
2025.11.11	10:00:00	154.185	154.388	154.163	154.379	3010	0	5
2025.11.11	11:00:00	154.380	154.443	154.282	154.328	2675	0	5
2025.11.11	12:00:00	154.329	154.359	154.206	154.245	2312	0	5
2025.11.11	13:00:00	154.243	154.265	154.212	154.250	2026	0	5
2025.11.11	14:00:00	154.249	154.266	154.164	154.194	2409	0	4
2025.11.11	15:00:00	154.191	154.193	153.661	153.772	5127	0	4
2025.11.11	16:00:00	153.769	154.004	153.703	153.995	4037	0	4
2025.11.11	17:00:00	153.998	154.135	153.917	153.970	4942	0	4
2025.11.11	18:00:00	153.967	154.021	153.941	154.004	3120	0	4
2025.11.11	19:00:00	154.002	154.121	153.997	154.071	2024	0	4
2025.11.11	20:00:00	154.072	154.142	154.050	154.109	1449	0	4
2025.11.11	21:00:00	154.108	154.146	154.062	154.116	1389	0	4
2025.11.11	22:00:00	154.117	154.144	154.080	154.115	1326	0	4
2025.11.11	23:00:00	154.114	154.169	154.112	154.140	903	0	5
2025.11.12	00:00:00	154.113	154.113	154.026	154.036	1693	0	64
2025.11.12	01:00:00	154.063	154.155	154.044	154.078	1144	0	6
2025.11.12	02:00:00	154.078	154.303	154.042	154.298	3514	0	5
2025.11.12	03:00:00	154.299	154.350	154.259	154.321	2964	0	5
2025.11.12	04:00:00	154.328	154.414	154.313	154.348	1832	0	5
2025.11.12	05:00:00	154.347	154.378	154.235	154.342	1767	0	5
2025.11.12	06:00:00	154.348	154.743	154.341	154.737	2912	0	5
2025.11.12	07:00:00	154.736	154.788	154.559	154.641	3564	0	5
2025.11.12	08:00:00	154.642	154.754	154.579	154.612	2544	0	5
2025.11.12	09:00:00	154.606	154.666	154.490	154.622	2870	0	5
2025.11.12	10:00:00	154.620	154.770	154.617	154.754	4209	0	5
2025.11.12	11:00:00	154.756	154.905	154.699	154.843	3559	0	5
2025.11.12	12:00:00	154.841	154.897	154.752	154.866	2549	0	5
2025.11.12	13:00:00	154.865	154.887	154.798	154.799	2449	0	5
2025.11.12	14:00:00	154.790	154.836	154.702	154.804	3049	0	4
2025.11.12	15:00:00	154.805	154.989	154.760	154.941	3636	0	4
2025.11.12	16:00:00	154.942	155.042	154.860	154.869	4442	0	4
2025.11.12	17:00:00	154.864	154.922	154.730	154.739	4175	0	4
2025.11.12	18:00:00	154.740	154.772	154.644	154.645	2981	0	4
2025.11.12	19:00:00	154.643	154.643	154.491	154.592	2461	0	4
2025.11.12	20:00:00	154.595	154.684	154.577	154.683	1814	0	4
2025.11.12	21:00:00	154.684	154.724	154.602	154.712	1982	0	4
2025.11.12	22:00:00	154.711	154.766	154.690	154.753	1870	0	4
2025.11.12	23:00:00	154.752	154.865	154.752	154.804	1296	0	5
2025.11.13	00:00:00	154.756	154.758	154.689	154.694	952	0	64
2025.11.13	01:00:00	154.718	154.750	154.684	154.706	1463	0	6
2025.11.13	02:00:00	154.708	154.956	154.693	154.942	3971	0	5
2025.11.13	03:00:00	154.941	155.017	154.705	154.732	3417	0	5
2025.11.13	04:00:00	154.731	154.789	154.620	154.658	2620	0	5
2025.11.13	05:00:00	154.657	154.761	154.622	154.734	1803	0	5
2025.11.13	06:00:00	154.733	154.854	154.640	154.816	2515	0	5
2025.11.13	07:00:00	154.817	154.999	154.810	154.950	3223	0	5
2025.11.13	08:00:00	154.951	155.004	154.862	154.889	3331	0	5
2025.11.13	09:00:00	154.885	154.949	154.699	154.715	3889	0	5
2025.11.13	10:00:00	154.719	154.772	154.508	154.518	4431	0	5
2025.11.13	11:00:00	154.521	154.583	154.324	154.525	4842	0	5
2025.11.13	12:00:00	154.524	154.675	154.481	154.656	3698	0	5
2025.11.13	13:00:00	154.655	154.765	154.636	154.741	3435	0	5
2025.11.13	14:00:00	154.735	154.753	154.586	154.605	3361	0	4
2025.11.13	15:00:00	154.590	154.737	154.539	154.646	3825	0	4
2025.11.13	16:00:00	154.643	154.676	154.385	154.394	5099	0	4
2025.11.13	17:00:00	154.394	154.538	154.123	154.200	6009	0	4
2025.11.13	18:00:00	154.198	154.433	154.154	154.398	5626	0	4
2025.11.13	19:00:00	154.396	154.467	154.241	154.316	5123	0	4
2025.11.13	20:00:00	154.317	154.441	154.274	154.425	3595	0	4
2025.11.13	21:00:00	154.428	154.485	154.352	154.468	3171	0	4
2025.11.13	22:00:00	154.469	154.539	154.456	154.538	3094	0	4
2025.11.13	23:00:00	154.539	154.586	154.480	154.482	1094	0	5
2025.11.14	00:00:00	154.499	154.560	154.456	154.497	1209	0	64
2025.11.14	01:00:00	154.502	154.682	154.502	154.625	2252	0	6
2025.11.14	02:00:00	154.631	154.746	154.565	154.601	4339	0	5
2025.11.14	03:00:00	154.602	154.681	154.436	154.500	4170	0	5
2025.11.14	04:00:00	154.499	154.575	154.438	154.446	2560	0	5
2025.11.14	05:00:00	154.445	154.573	154.308	154.537	2986	0	5
2025.11.14	06:00:00	154.538	154.574	154.421	154.422	3005	0	5
2025.11.14	07:00:00	154.421	154.504	154.363	154.481	3198	0	5
2025.11.14	08:00:00	154.482	154.658	154.431	154.596	3976	0	5
2025.11.14	09:00:00	154.597	154.681	154.449	154.678	4597	0	5
2025.11.14	10:00:00	154.681	154.732	154.455	154.554	5879	0	5
2025.11.14	11:00:00	154.553	154.701	154.553	154.688	4370	0	5
2025.11.14	12:00:00	154.690	154.762	154.661	154.743	3373	0	5
2025.11.14	13:00:00	154.742	154.747	154.628	154.652	4041	0	5
2025.11.14	14:00:00	154.653	154.660	153.803	153.804	5904	0	4
2025.11.14	15:00:00	153.802	154.138	153.614	154.086	6779	0	4
2025.11.14	16:00:00	154.088	154.346	153.980	154.343	7201	0	4
2025.11.14	17:00:00	154.344	154.494	154.236	154.427	6308	0	4
2025.11.14	18:00:00	154.434	154.665	154.351	154.642	4481	0	4
2025.11.14	19:00:00	154.637	154.741	154.613	154.641	4614	0	4
2025.11.14	20:00:00	154.640	154.657	154.552	154.576	4068	0	4
2025.11.14	21:00:00	154.575	154.582	154.521	154.555	3441	0	4
2025.11.14	22:00:00	154.555	154.570	154.494	154.528	2266	0	4
2025.11.14	23:00:00	154.529	154.596	154.501	154.504	1225	0	5
2025.11.17	00:00:00	154.493	154.546	154.471	154.495	802	0	77
2025.11.17	01:00:00	154.529	154.631	154.444	154.594	2590	0	6
2025.11.17	02:00:00	154.589	154.655	154.413	154.636	4794	0	5
2025.11.17	03:00:00	154.637	154.653	154.508	154.569	3891	0	5
2025.11.17	04:00:00	154.571	154.706	154.566	154.691	2782	0	5
2025.11.17	05:00:00	154.703	154.782	154.684	154.713	1988	0	5
2025.11.17	06:00:00	154.717	154.730	154.608	154.629	1714	0	5
2025.11.17	07:00:00	154.628	154.717	154.587	154.690	2279	0	5
2025.11.17	08:00:00	154.688	154.810	154.637	154.677	3008	0	5
2025.11.17	09:00:00	154.678	154.789	154.642	154.688	3462	0	5
2025.11.17	10:00:00	154.691	154.831	154.623	154.712	4332	0	5
2025.11.17	11:00:00	154.714	154.786	154.653	154.753	3570	0	5
2025.11.17	12:00:00	154.754	154.841	154.692	154.840	3116	0	5
2025.11.17	13:00:00	154.834	154.867	154.768	154.794	2974	0	5
2025.11.17	14:00:00	154.795	154.868	154.736	154.845	2624	0	4
2025.11.17	15:00:00	154.845	154.912	154.837	154.890	3371	0	4
2025.11.17	16:00:00	154.889	155.030	154.864	155.029	3664	0	4
2025.11.17	17:00:00	155.031	155.301	155.003	155.195	4661	0	4
2025.11.17	18:00:00	155.194	155.205	155.056	155.201	3013	0	4
2025.11.17	19:00:00	155.202	155.228	155.136	155.154	2523	0	4
2025.11.17	20:00:00	155.153	155.206	155.121	155.136	2294	0	4
2025.11.17	21:00:00	155.137	155.247	155.065	155.241	2602	0	4
2025.11.17	22:00:00	155.236	155.254	155.168	155.219	2360	0	4
2025.11.17	23:00:00	155.221	155.243	155.212	155.224	1122	0	5
2025.11.18	00:00:00	155.188	155.217	155.156	155.166	504	0	64
2025.11.18	01:00:00	155.183	155.283	155.175	155.279	1423	0	6
2025.11.18	02:00:00	155.280	155.373	155.176	155.258	3519	0	5
2025.11.18	03:00:00	155.259	155.361	155.142	155.199	3576	0	5
2025.11.18	04:00:00	155.198	155.285	155.171	155.182	2648	0	5
2025.11.18	05:00:00	155.184	155.200	155.110	155.175	2493	0	5
2025.11.18	06:00:00	155.176	155.191	154.813	155.052	5298	0	5
2025.11.18	07:00:00	155.051	155.100	154.995	155.082	3606	0	5
2025.11.18	08:00:00	155.083	155.213	154.870	155.177	4658	0	5
2025.11.18	09:00:00	155.183	155.214	154.866	154.996	6487	0	5
2025.11.18	10:00:00	154.997	155.216	154.905	155.126	6009	0	5
2025.11.18	11:00:00	155.127	155.264	155.081	155.229	4478	0	5
2025.11.18	12:00:00	155.231	155.423	155.202	155.423	3274	0	5
2025.11.18	13:00:00	155.415	155.441	155.358	155.422	3078	0	5
2025.11.18	14:00:00	155.423	155.437	155.176	155.180	3919	0	4
2025.11.18	15:00:00	155.181	155.259	155.054	155.170	4814	0	4
2025.11.18	16:00:00	155.171	155.378	155.140	155.235	5516	0	4
2025.11.18	17:00:00	155.234	155.283	155.047	155.273	6694	0	4
2025.11.18	18:00:00	155.274	155.504	155.257	155.442	5352	0	4
2025.11.18	19:00:00	155.443	155.694	155.428	155.690	3966	0	4
2025.11.18	20:00:00	155.692	155.729	155.554	155.597	3813	0	4
2025.11.18	21:00:00	155.596	155.637	155.496	155.518	2918	0	4
2025.11.18	22:00:00	155.519	155.558	155.477	155.525	2810	0	4
2025.11.18	23:00:00	155.524	155.545	155.492	155.531	1395	0	5
2025.11.19	00:00:00	155.464	155.522	155.393	155.502	1442	0	64
2025.11.19	01:00:00	155.522	155.587	155.511	155.530	1443	0	6
2025.11.19	02:00:00	155.531	155.576	155.367	155.472	4444	0	5
2025.11.19	03:00:00	155.472	155.534	155.431	155.494	4304	0	5
2025.11.19	04:00:00	155.495	155.547	155.323	155.351	3486	0	5
2025.11.19	05:00:00	155.350	155.377	155.213	155.292	3609	0	5
2025.11.19	06:00:00	155.293	155.465	155.293	155.322	2927	0	5
2025.11.19	07:00:00	155.321	155.380	155.255	155.365	3218	0	5
2025.11.19	08:00:00	155.364	155.459	155.324	155.448	2881	0	5
2025.11.19	09:00:00	155.453	155.529	155.404	155.514	3494	0	5
2025.11.19	10:00:00	155.516	155.671	155.476	155.635	3908	0	5
2025.11.19	11:00:00	155.647	155.960	155.552	155.953	4410	0	5
2025.11.19	12:00:00	155.954	156.250	155.933	156.241	4693	0	5
2025.11.19	13:00:00	156.242	156.295	156.080	156.104	4093	0	5
2025.11.19	14:00:00	156.094	156.262	156.062	156.247	2937	0	4
2025.11.19	15:00:00	156.255	156.291	156.038	156.281	3764	0	4
2025.11.19	16:00:00	156.283	156.625	156.262	156.622	5256	0	4
2025.11.19	17:00:00	156.625	156.718	156.497	156.507	5725	0	4
2025.11.19	18:00:00	156.505	156.703	156.462	156.635	4607	0	4
2025.11.19	19:00:00	156.636	156.866	156.619	156.755	4417	0	4
2025.11.19	20:00:00	156.753	156.848	156.685	156.793	3127	0	4
2025.11.19	21:00:00	156.792	157.035	156.761	157.024	3665	0	4
2025.11.19	22:00:00	157.025	157.043	156.938	156.958	2707	0	4
2025.11.19	23:00:00	156.959	157.176	156.958	157.171	2350	0	5
2025.11.20	00:00:00	157.106	157.116	157.025	157.048	987	0	64
2025.11.20	01:00:00	157.079	157.149	156.965	156.994	2027	0	6
2025.11.20	02:00:00	156.995	157.205	156.879	157.073	4624	0	5
2025.11.20	03:00:00	157.073	157.435	157.037	157.420	3786	0	5
2025.11.20	04:00:00	157.424	157.474	157.288	157.316	3262	0	5
2025.11.20	05:00:00	157.320	157.432	157.279	157.416	2696	0	5
2025.11.20	06:00:00	157.417	157.422	157.260	157.397	2757	0	5
2025.11.20	07:00:00	157.395	157.572	157.395	157.554	2942	0	5
2025.11.20	08:00:00	157.560	157.737	157.488	157.735	3382	0	5
2025.11.20	09:00:00	157.734	157.775	157.372	157.457	4298	0	5
2025.11.20	10:00:00	157.458	157.492	157.109	157.151	4744	0	5
2025.11.20	11:00:00	157.168	157.269	157.124	157.178	3410	0	5
2025.11.20	12:00:00	157.180	157.409	157.150	157.382	2655	0	5
2025.11.20	13:00:00	157.383	157.539	157.352	157.508	2895	0	5
2025.11.20	14:00:00	157.507	157.741	157.503	157.700	3244	0	4
2025.11.20	15:00:00	157.699	157.838	157.226	157.571	7284	0	4
2025.11.20	16:00:00	157.570	157.831	157.494	157.624	7198	0	4
2025.11.20	17:00:00	157.623	157.892	157.623	157.678	5121	0	4
2025.11.20	18:00:00	157.677	157.682	157.283	157.427	7677	0	4
2025.11.20	19:00:00	157.422	157.532	157.261	157.518	8137	0	4
2025.11.20	20:00:00	157.516	157.693	157.429	157.463	5679	0	4
2025.11.20	21:00:00	157.467	157.561	157.450	157.538	4279	0	4
2025.11.20	22:00:00	157.539	157.645	157.516	157.569	3595	0	4
2025.11.20	23:00:00	157.570	157.591	157.439	157.448	1961	0	5
2025.11.21	00:00:00	157.491	157.507	157.399	157.441	861	0	64
2025.11.21	01:00:00	157.468	157.473	157.189	157.388	3056	0	6
2025.11.21	02:00:00	157.380	157.540	157.220	157.313	4236	0	5
2025.11.21	03:00:00	157.316	157.495	157.202	157.485	3575	0	5
2025.11.21	04:00:00	157.445	157.484	157.294	157.349	3160	0	5
2025.11.21	05:00:00	157.345	157.428	157.294	157.300	2193	0	5
2025.11.21	06:00:00	157.299	157.301	157.081	157.269	3906	0	5
2025.11.21	07:00:00	157.268	157.303	157.164	157.225	3224	0	5
2025.11.21	08:00:00	157.226	157.257	157.048	157.167	3810	0	5
2025.11.21	09:00:00	157.169	157.191	156.610	156.734	4680	0	5
2025.11.21	10:00:00	156.739	156.951	156.562	156.912	5352	0	5
2025.11.21	11:00:00	156.911	156.949	156.670	156.758	4443	0	5
2025.11.21	12:00:00	156.759	156.819	156.553	156.782	5528	0	5
2025.11.21	13:00:00	156.781	156.893	156.746	156.852	3898	0	5
2025.11.21	14:00:00	156.852	156.894	156.606	156.747	6537	0	4
2025.11.21	15:00:00	156.760	156.863	156.679	156.810	4998	0	4
2025.11.21	16:00:00	156.811	156.963	156.651	156.706	6283	0	4
2025.11.21	17:00:00	156.711	156.712	156.198	156.534	8788	0	4
2025.11.21	18:00:00	156.535	156.754	156.462	156.572	6391	0	4
2025.11.21	19:00:00	156.580	156.731	156.496	156.540	4091	0	4
2025.11.21	20:00:00	156.543	156.638	156.459	156.573	3543	0	4
2025.11.21	21:00:00	156.568	156.582	156.261	156.326	2907	0	4
2025.11.21	22:00:00	156.327	156.450	156.316	156.388	2592	0	4
2025.11.21	23:00:00	156.386	156.500	156.319	156.331	1741	0	5
2025.11.24	00:00:00	156.323	156.556	156.309	156.460	1376	0	77
2025.11.24	01:00:00	156.471	156.706	156.465	156.687	2460	0	6
2025.11.24	02:00:00	156.688	156.799	156.663	156.734	3229	0	5
2025.11.24	03:00:00	156.733	156.750	156.638	156.719	2992	0	5
2025.11.24	04:00:00	156.714	156.734	156.606	156.686	2083	0	5
2025.11.24	05:00:00	156.687	156.687	156.588	156.643	1605	0	5
2025.11.24	06:00:00	156.642	156.660	156.506	156.550	2017	0	5
2025.11.24	07:00:00	156.549	156.588	156.491	156.576	2625	0	5
2025.11.24	08:00:00	156.582	156.734	156.539	156.725	2863	0	5
2025.11.24	09:00:00	156.719	156.887	156.677	156.841	3593	0	5
2025.11.24	10:00:00	156.834	156.932	156.644	156.899	4280	0	5
2025.11.24	11:00:00	156.895	156.934	156.679	156.746	4185	0	5
2025.11.24	12:00:00	156.746	156.778	156.698	156.712	3435	0	5
2025.11.24	13:00:00	156.711	156.865	156.698	156.834	2738	0	5
2025.11.24	14:00:00	156.835	156.869	156.743	156.852	3032	0	4
2025.11.24	15:00:00	156.851	156.984	156.851	156.912	3433	0	4
2025.11.24	16:00:00	156.913	157.158	156.885	157.048	4475	0	4
2025.11.24	17:00:00	157.049	157.187	156.736	156.791	5050	0	4
2025.11.24	18:00:00	156.794	156.945	156.769	156.940	2871	0	4
2025.11.24	19:00:00	156.939	156.977	156.855	156.886	2801	0	4
2025.11.24	20:00:00	156.885	156.896	156.782	156.785	1976	0	4
2025.11.24	21:00:00	156.786	156.879	156.704	156.733	1883	0	4
2025.11.24	22:00:00	156.734	156.847	156.727	156.828	1513	0	4
2025.11.24	23:00:00	156.827	156.906	156.819	156.899	849	0	5
2025.11.25	00:00:00	156.851	156.875	156.777	156.834	617	0	64
2025.11.25	01:00:00	156.859	156.953	156.848	156.905	1130	0	6
2025.11.25	02:00:00	156.900	156.982	156.668	156.684	2878	0	5
2025.11.25	03:00:00	156.681	156.743	156.554	156.651	3363	0	5
2025.11.25	04:00:00	156.650	156.727	156.606	156.674	1970	0	5
2025.11.25	05:00:00	156.672	156.782	156.612	156.775	1673	0	5
2025.11.25	06:00:00	156.780	156.848	156.754	156.802	1584	0	5
2025.11.25	07:00:00	156.799	156.842	156.691	156.731	1526	0	5
2025.11.25	08:00:00	156.737	156.793	156.668	156.678	2072	0	5
2025.11.25	09:00:00	156.682	156.695	156.521	156.615	3321	0	5
2025.11.25	10:00:00	156.618	156.698	156.436	156.493	3768	0	5
2025.11.25	11:00:00	156.492	156.494	156.140	156.297	3652	0	5
2025.11.25	12:00:00	156.305	156.398	156.197	156.346	3033	0	5
2025.11.25	13:00:00	156.347	156.520	156.347	156.440	2571	0	5
2025.11.25	14:00:00	156.444	156.509	156.295	156.299	3869	0	4
2025.11.25	15:00:00	156.294	156.341	156.017	156.145	5476	0	4
2025.11.25	16:00:00	156.140	156.276	155.894	156.060	5724	0	4
2025.11.25	17:00:00	156.059	156.170	155.890	156.148	6300	0	4
2025.11.25	18:00:00	156.143	156.313	156.060	156.306	3733	0	4
2025.11.25	19:00:00	156.307	156.334	155.800	155.899	4878	0	4
2025.11.25	20:00:00	155.898	155.968	155.832	155.912	3084	0	4
2025.11.25	21:00:00	155.913	155.956	155.803	155.824	1896	0	4
2025.11.25	22:00:00	155.823	156.186	155.821	156.099	2697	0	4
2025.11.25	23:00:00	156.098	156.110	156.036	156.067	1162	0	4
2025.11.26	00:00:00	155.979	156.102	155.953	156.010	832	0	64
2025.11.26	01:00:00	156.013	156.228	156.001	156.197	1619	0	6
2025.11.26	02:00:00	156.198	156.347	156.089	156.255	3904	0	5
2025.11.26	03:00:00	156.254	156.369	155.813	155.946	5572	0	5
2025.11.26	04:00:00	155.946	156.021	155.652	155.846	4379	0	5
2025.11.26	05:00:00	155.849	155.906	155.745	155.878	3064	0	5
2025.11.26	06:00:00	155.879	156.126	155.872	156.037	3036	0	5
2025.11.26	07:00:00	156.034	156.183	156.026	156.114	3353	0	5
2025.11.26	08:00:00	156.115	156.282	156.043	156.208	3952	0	5
2025.11.26	09:00:00	156.204	156.461	156.147	156.384	4420	0	5
2025.11.26	10:00:00	156.383	156.494	156.317	156.444	4483	0	5
2025.11.26	11:00:00	156.445	156.503	156.330	156.453	3923	0	5
2025.11.26	12:00:00	156.452	156.509	156.325	156.478	3458	0	5
2025.11.26	13:00:00	156.479	156.575	156.375	156.471	4128	0	5
2025.11.26	14:00:00	156.472	156.588	156.442	156.477	4741	0	4
2025.11.26	15:00:00	156.475	156.684	156.325	156.662	5909	0	4
2025.11.26	16:00:00	156.663	156.735	156.496	156.609	4808	0	4
2025.11.26	17:00:00	156.612	156.640	156.414	156.416	4753	0	4
2025.11.26	18:00:00	156.415	156.466	156.287	156.384	3632	0	4
2025.11.26	19:00:00	156.383	156.462	156.338	156.404	2743	0	4
2025.11.26	20:00:00	156.405	156.509	156.343	156.465	2592	0	4
2025.11.26	21:00:00	156.457	156.504	156.428	156.454	1687	0	4
2025.11.26	22:00:00	156.455	156.492	156.404	156.448	1892	0	4
2025.11.26	23:00:00	156.442	156.476	156.402	156.437	1133	0	5
2025.11.27	00:00:00	156.427	156.431	156.375	156.391	854	0	64
2025.11.27	01:00:00	156.421	156.421	156.213	156.219	1965	0	6
2025.11.27	02:00:00	156.218	156.234	155.859	156.038	3435	0	5
2025.11.27	03:00:00	156.037	156.177	155.719	156.051	4472	0	5
2025.11.27	04:00:00	156.045	156.182	155.929	156.118	2652	0	5
2025.11.27	05:00:00	156.119	156.151	156.027	156.080	1736	0	5
2025.11.27	06:00:00	156.084	156.099	155.936	156.003	1565	0	5
2025.11.27	07:00:00	156.006	156.012	155.811	155.983	2562	0	5
2025.11.27	08:00:00	155.986	156.207	155.912	156.134	2497	0	5
2025.11.27	09:00:00	156.131	156.295	156.107	156.109	2278	0	5
2025.11.27	10:00:00	156.105	156.364	156.077	156.320	3299	0	5
2025.11.27	11:00:00	156.319	156.401	156.309	156.353	3284	0	5
2025.11.27	12:00:00	156.352	156.359	156.257	156.284	2694	0	5
2025.11.27	13:00:00	156.283	156.349	156.248	156.311	2481	0	5
2025.11.27	14:00:00	156.312	156.385	156.266	156.375	2042	0	4
2025.11.27	15:00:00	156.376	156.380	156.243	156.265	1887	0	4
2025.11.27	16:00:00	156.264	156.363	156.235	156.329	2072	0	4
2025.11.27	17:00:00	156.331	156.343	156.248	156.300	1993	0	4
2025.11.27	18:00:00	156.303	156.354	156.259	156.272	1338	0	4
2025.11.27	19:00:00	156.278	156.364	156.267	156.330	1215	0	4
2025.11.27	20:00:00	156.329	156.367	156.322	156.359	753	0	4
2025.11.27	21:00:00	156.360	156.362	156.319	156.336	990	0	4
2025.11.27	22:00:00	156.335	156.337	156.264	156.316	898	0	4
2025.11.27	23:00:00	156.315	156.315	156.259	156.290	712	0	4
2025.11.28	00:00:00	156.279	156.301	156.252	156.255	521	0	64
2025.11.28	01:00:00	156.284	156.307	156.203	156.285	981	0	6
2025.11.28	02:00:00	156.286	156.578	156.173	156.444	3820	0	5
2025.11.28	03:00:00	156.443	156.457	156.322	156.375	3126	0	5
2025.11.28	04:00:00	156.376	156.381	156.093	156.280	5058	0	5
2025.11.28	05:00:00	156.281	156.307	156.093	156.271	8886	0	5
2025.11.28	06:00:00	156.277	156.293	156.178	156.214	8339	0	5
2025.11.28	07:00:00	156.222	156.406	156.205	156.346	9775	0	5
2025.11.28	08:00:00	156.340	156.439	156.336	156.380	8894	0	5
2025.11.28	09:00:00	156.367	156.398	156.283	156.299	7857	0	5
2025.11.28	10:00:00	156.302	156.382	156.288	156.354	8626	0	5
2025.11.28	11:00:00	156.353	156.373	156.211	156.317	8815	0	5
2025.11.28	12:00:00	156.318	156.376	156.248	156.267	8017	0	5
2025.11.28	13:00:00	156.268	156.301	156.152	156.200	7374	0	5
2025.11.28	14:00:00	156.204	156.252	156.091	156.115	5477	0	4
2025.11.28	15:00:00	156.116	156.153	156.000	156.016	4478	0	4
2025.11.28	16:00:00	156.014	156.388	155.980	156.241	4456	0	4
2025.11.28	17:00:00	156.238	156.335	155.996	156.033	5077	0	4
2025.11.28	18:00:00	156.029	156.202	155.992	156.177	2982	0	4
2025.11.28	19:00:00	156.178	156.269	156.130	156.210	2940	0	4
2025.11.28	20:00:00	156.209	156.237	156.084	156.134	2561	0	4
2025.11.28	21:00:00	156.135	156.169	156.065	156.119	2482	0	4
2025.11.28	22:00:00	156.120	156.147	156.058	156.141	2918	0	4
2025.11.28	23:00:00	156.143	156.166	156.073	156.137	2068	0	5
2025.12.01	00:00:00	156.066	156.103	156.037	156.066	655	0	77
2025.12.01	01:00:00	156.060	156.150	155.902	155.907	2019	0	6
2025.12.01	02:00:00	155.908	155.908	155.679	155.807	3541	0	5
2025.12.01	03:00:00	155.806	155.989	155.479	155.640	4855	0	5
2025.12.01	04:00:00	155.641	155.653	155.429	155.498	2539	0	5
2025.12.01	05:00:00	155.497	155.595	155.413	155.458	1309	0	5
2025.12.01	06:00:00	155.459	155.595	155.392	155.548	1398	0	5
2025.12.01	07:00:00	155.550	155.621	155.411	155.592	2158	0	5
2025.12.01	08:00:00	155.591	155.691	155.553	155.563	2198	0	5
2025.12.01	09:00:00	155.562	155.626	155.303	155.360	3422	0	5
2025.12.01	10:00:00	155.359	155.558	155.257	155.485	4470	0	5
2025.12.01	11:00:00	155.480	155.529	155.259	155.282	3783	0	5
2025.12.01	12:00:00	155.285	155.305	155.161	155.253	3138	0	5
2025.12.01	13:00:00	155.254	155.339	155.098	155.102	2994	0	5
2025.12.01	14:00:00	155.101	155.148	154.762	154.787	3364	0	4
2025.12.01	15:00:00	154.788	154.891	154.665	154.840	4513	0	4
2025.12.01	16:00:00	154.841	155.058	154.835	155.000	4532	0	4
2025.12.01	17:00:00	154.851	155.196	154.851	155.095	4355	0	4
2025.12.01	18:00:00	155.097	155.313	155.094	155.285	3088	0	4
2025.12.01	19:00:00	155.281	155.383	155.256	155.350	2734	0	4
2025.12.01	20:00:00	155.349	155.496	155.340	155.493	2203	0	4
2025.12.01	21:00:00	155.492	155.522	155.450	155.480	1632	0	4
2025.12.01	22:00:00	155.481	155.520	155.431	155.443	1516	0	4
2025.12.01	23:00:00	155.440	155.502	155.434	155.473	1106	0	5
2025.12.02	00:00:00	155.429	155.455	155.399	155.413	243	0	64
2025.12.02	01:00:00	155.447	155.571	155.430	155.556	873	0	6
2025.12.02	02:00:00	155.557	155.679	155.456	155.630	2578	0	5
2025.12.02	03:00:00	155.631	155.773	155.593	155.630	2366	0	5
2025.12.02	04:00:00	155.631	155.705	155.588	155.659	1074	0	5
2025.12.02	05:00:00	155.658	155.714	155.560	155.630	1505	0	5
2025.12.02	06:00:00	155.633	155.662	155.551	155.639	1125	0	5
2025.12.02	07:00:00	155.638	155.731	155.630	155.650	1677	0	5
2025.12.02	08:00:00	155.651	155.816	155.633	155.761	1972	0	5
2025.12.02	09:00:00	155.760	155.834	155.714	155.765	2401	0	5
2025.12.02	10:00:00	155.766	156.004	155.765	155.996	3174	0	5
2025.12.02	11:00:00	155.995	156.083	155.929	155.964	3083	0	5
2025.12.02	12:00:00	155.965	156.063	155.935	156.034	2343	0	5
2025.12.02	13:00:00	156.033	156.047	155.892	155.925	2032	0	5
2025.12.02	14:00:00	155.923	156.027	155.910	156.009	2257	0	4
2025.12.02	15:00:00	156.008	156.071	155.964	155.971	2583	0	4
2025.12.02	16:00:00	155.974	156.085	155.929	155.947	3161	0	4
2025.12.02	17:00:00	155.948	156.173	155.816	155.869	4132	0	4
2025.12.02	18:00:00	155.859	155.983	155.753	155.917	3711	0	4
2025.12.02	19:00:00	155.915	156.086	155.914	155.942	3115	0	4
2025.12.02	20:00:00	155.941	156.019	155.905	155.993	2580	0	4
2025.12.02	21:00:00	155.992	155.996	155.843	155.894	2358	0	4
2025.12.02	22:00:00	155.891	155.899	155.798	155.827	2355	0	4
2025.12.02	23:00:00	155.826	155.900	155.821	155.868	1282	0	5
2025.12.03	00:00:00	155.789	155.864	155.767	155.854	307	0	64
2025.12.03	01:00:00	155.847	155.901	155.760	155.760	930	0	6
2025.12.03	02:00:00	155.761	155.807	155.660	155.774	2231	0	5
2025.12.03	03:00:00	155.775	155.787	155.605	155.655	1956	0	5
2025.12.03	04:00:00	155.656	155.800	155.648	155.707	1291	0	5
2025.12.03	05:00:00	155.708	155.729	155.624	155.654	1037	0	5
2025.12.03	06:00:00	155.653	155.747	155.649	155.658	1164	0	5
2025.12.03	07:00:00	155.659	155.703	155.623	155.693	1140	0	5
2025.12.03	08:00:00	155.692	155.692	155.508	155.608	1946	0	5
2025.12.03	09:00:00	155.607	155.707	155.508	155.684	2688	0	5
2025.12.03	10:00:00	155.683	155.754	155.662	155.676	2840	0	5
2025.12.03	11:00:00	155.675	155.678	155.526	155.620	2595	0	5
2025.12.03	12:00:00	155.619	155.640	155.500	155.527	2713	0	5
2025.12.03	13:00:00	155.526	155.526	155.408	155.416	2296	0	5
2025.12.03	14:00:00	155.415	155.431	155.360	155.414	2086	0	4
2025.12.03	15:00:00	155.413	155.525	155.198	155.488	3995	0	4
2025.12.03	16:00:00	155.491	155.520	155.275	155.332	5281	0	4
2025.12.03	17:00:00	155.336	155.595	155.210	155.216	5709	0	4
2025.12.03	18:00:00	155.229	155.245	155.011	155.167	3276	0	4
2025.12.03	19:00:00	155.165	155.213	155.083	155.121	2818	0	4
2025.12.03	20:00:00	155.122	155.175	155.071	155.125	2545	0	4
2025.12.03	21:00:00	155.123	155.162	155.076	155.149	1828	0	4
2025.12.03	22:00:00	155.150	155.247	155.122	155.234	1523	0	4
2025.12.03	23:00:00	155.233	155.314	155.201	155.224	1134	0	5
2025.12.04	00:00:00	155.183	155.210	155.123	155.125	395	0	64
2025.12.04	01:00:00	155.123	155.234	155.084	155.111	1064	0	6
2025.12.04	02:00:00	155.112	155.249	155.017	155.115	2622	0	5
2025.12.04	03:00:00	155.114	155.406	155.095	155.260	2536	0	5
2025.12.04	04:00:00	155.254	155.427	155.254	155.412	1805	0	5
2025.12.04	05:00:00	155.413	155.539	155.385	155.390	1723	0	5
2025.12.04	06:00:00	155.389	155.466	155.330	155.461	1173	0	5
2025.12.04	07:00:00	155.462	155.501	155.184	155.223	2702	0	5
2025.12.04	08:00:00	155.222	155.449	155.212	155.294	1866	0	5
2025.12.04	09:00:00	155.292	155.350	155.205	155.241	2768	0	5
2025.12.04	10:00:00	155.243	155.248	154.772	154.983	4691	0	5
2025.12.04	11:00:00	154.984	155.054	154.795	154.814	3351	0	5
2025.12.04	12:00:00	154.815	154.889	154.738	154.751	3111	0	5
2025.12.04	13:00:00	154.752	154.792	154.523	154.527	3158	0	5
2025.12.04	14:00:00	154.526	154.778	154.507	154.666	3020	0	4
2025.12.04	15:00:00	154.665	155.055	154.658	154.802	4218	0	4
2025.12.04	16:00:00	154.800	154.853	154.562	154.761	4697	0	4
2025.12.04	17:00:00	154.764	154.897	154.555	154.637	4098	0	4
2025.12.04	18:00:00	154.633	154.915	154.633	154.906	3366	0	4
2025.12.04	19:00:00	154.905	154.962	154.888	154.936	2898	0	4
2025.12.04	20:00:00	154.947	154.990	154.894	154.984	2722	0	4
2025.12.04	21:00:00	154.984	155.040	154.952	155.018	2962	0	4
2025.12.04	22:00:00	155.019	155.130	154.991	155.099	2729	0	4
2025.12.04	23:00:00	155.098	155.133	155.071	155.117	1384	0	5
2025.12.05	00:00:00	155.031	155.052	154.965	155.017	315	0	64
2025.12.05	01:00:00	155.022	155.159	155.022	155.130	958	0	6
2025.12.05	02:00:00	155.128	155.227	154.950	154.963	2664	0	5
2025.12.05	03:00:00	154.964	155.100	154.916	155.016	2586	0	5
2025.12.05	04:00:00	155.014	155.097	155.001	155.052	1707	0	5
2025.12.05	05:00:00	155.051	155.152	155.039	155.121	1332	0	5
2025.12.05	06:00:00	155.122	155.122	154.792	154.920	2354	0	5
2025.12.05	07:00:00	154.919	154.919	154.543	154.600	2827	0	5
2025.12.05	08:00:00	154.597	154.696	154.453	154.567	2887	0	5
2025.12.05	09:00:00	154.565	154.649	154.338	154.629	4215	0	5
2025.12.05	10:00:00	154.632	154.889	154.604	154.855	4077	0	5
2025.12.05	11:00:00	154.854	154.964	154.830	154.915	2641	0	5
2025.12.05	12:00:00	154.917	155.171	154.888	155.133	2776	0	5
2025.12.05	13:00:00	155.134	155.221	155.115	155.142	2387	0	5
2025.12.05	14:00:00	155.145	155.259	155.082	155.170	3009	0	4
2025.12.05	15:00:00	155.175	155.259	155.103	155.194	3576	0	4
2025.12.05	16:00:00	155.195	155.278	155.114	155.219	4056	0	4
2025.12.05	17:00:00	155.215	155.350	155.115	155.251	5303	0	4
2025.12.05	18:00:00	155.248	155.492	155.206	155.299	5151	0	4
2025.12.05	19:00:00	155.300	155.346	155.253	155.280	3716	0	4
2025.12.05	20:00:00	155.281	155.320	155.238	155.278	2860	0	4
2025.12.05	21:00:00	155.276	155.321	155.258	155.292	2658	0	4
2025.12.05	22:00:00	155.302	155.325	155.266	155.297	1777	0	4
2025.12.05	23:00:00	155.299	155.364	155.284	155.359	1501	0	5
2025.12.08	00:00:00	155.134	155.202	155.134	155.199	500	0	77
2025.12.08	01:00:00	155.229	155.381	155.213	155.310	2878	0	6
2025.12.08	02:00:00	155.309	155.321	155.057	155.068	3581	0	5
2025.12.08	03:00:00	155.064	155.146	154.911	154.917	4013	0	5
2025.12.08	04:00:00	154.909	155.066	154.900	155.004	3209	0	5
2025.12.08	05:00:00	155.001	155.113	154.974	155.101	2214	0	5
2025.12.08	06:00:00	155.105	155.119	155.056	155.071	2983	0	5
2025.12.08	07:00:00	155.070	155.266	155.066	155.196	3320	0	5
2025.12.08	08:00:00	155.197	155.290	155.098	155.228	4230	0	5
2025.12.08	09:00:00	155.227	155.352	155.165	155.349	4075	0	5
2025.12.08	10:00:00	155.353	155.458	155.261	155.389	4413	0	5
2025.12.08	11:00:00	155.395	155.542	155.392	155.471	3990	0	5
2025.12.08	12:00:00	155.472	155.531	155.405	155.511	3554	0	5
2025.12.08	13:00:00	155.510	155.587	155.472	155.582	3432	0	5
2025.12.08	14:00:00	155.585	155.653	155.542	155.557	3215	0	4
2025.12.08	15:00:00	155.558	155.658	155.470	155.625	4516	0	4
2025.12.08	16:00:00	155.624	155.878	155.389	155.825	6241	0	4
2025.12.08	17:00:00	155.825	155.983	155.753	155.856	5048	0	4
2025.12.08	18:00:00	155.854	155.954	155.824	155.897	4027	0	4
2025.12.08	19:00:00	155.894	155.925	155.725	155.749	3719	0	4
2025.12.08	20:00:00	155.745	155.781	155.700	155.748	2663	0	4
2025.12.08	21:00:00	155.752	155.914	155.729	155.906	2685	0	4
2025.12.08	22:00:00	155.907	155.934	155.847	155.928	1984	0	4
2025.12.08	23:00:00	155.929	155.958	155.904	155.907	1516	0	5
2025.12.09	00:00:00	155.853	155.911	155.816	155.878	567	0	64
2025.12.09	01:00:00	155.881	155.974	155.835	155.839	1228	0	6
2025.12.09	02:00:00	155.842	156.018	155.768	156.006	3247	0	5
2025.12.09	03:00:00	156.005	156.035	155.766	155.796	3167	0	5
2025.12.09	04:00:00	155.798	155.904	155.736	155.866	2129	0	5
2025.12.09	05:00:00	155.865	155.889	155.802	155.822	1675	0	5
2025.12.09	06:00:00	155.821	155.986	155.809	155.933	1991	0	5
2025.12.09	07:00:00	155.938	156.106	155.861	156.008	3528	0	5
2025.12.09	08:00:00	156.007	156.125	155.954	156.004	3622	0	5
2025.12.09	09:00:00	156.007	156.195	155.982	156.189	3565	0	5
2025.12.09	10:00:00	156.191	156.432	156.179	156.333	4494	0	5
2025.12.09	11:00:00	156.335	156.339	155.977	156.084	5166	0	5
2025.12.09	12:00:00	156.085	156.200	156.043	156.071	4208	0	5
2025.12.09	13:00:00	156.070	156.197	156.068	156.184	3296	0	5
2025.12.09	14:00:00	156.185	156.356	156.184	156.356	3609	0	4
2025.12.09	15:00:00	156.355	156.511	156.282	156.344	4643	0	4
2025.12.09	16:00:00	156.343	156.532	156.312	156.408	5377	0	4
2025.12.09	17:00:00	156.391	156.913	156.386	156.867	6474	0	4
2025.12.09	18:00:00	156.865	156.919	156.809	156.860	3797	0	4
2025.12.09	19:00:00	156.859	156.921	156.827	156.914	3197	0	4
2025.12.09	20:00:00	156.915	156.926	156.875	156.895	2290	0	4
2025.12.09	21:00:00	156.895	156.953	156.804	156.833	2520	0	4
2025.12.09	22:00:00	156.844	156.920	156.815	156.900	1994	0	4
2025.12.09	23:00:00	156.906	156.938	156.889	156.895	1189	0	4
2025.12.10	00:00:00	156.755	156.896	156.755	156.806	867	0	64
2025.12.10	01:00:00	156.812	156.913	156.798	156.799	1192	0	6
2025.12.10	02:00:00	156.798	156.937	156.702	156.712	3344	0	5
2025.12.10	03:00:00	156.713	156.767	156.666	156.707	2916	0	5
2025.12.10	04:00:00	156.708	156.720	156.625	156.655	1761	0	5
2025.12.10	05:00:00	156.654	156.682	156.556	156.588	1716	0	5
2025.12.10	06:00:00	156.589	156.665	156.578	156.625	1164	0	5
2025.12.10	07:00:00	156.628	156.718	156.593	156.706	1769	0	5
2025.12.10	08:00:00	156.707	156.762	156.655	156.670	1792	0	5
2025.12.10	09:00:00	156.669	156.749	156.631	156.647	2721	0	5
2025.12.10	10:00:00	156.649	156.703	156.575	156.672	3933	0	5
2025.12.10	11:00:00	156.674	156.887	156.673	156.818	3187	0	5
2025.12.10	12:00:00	156.819	156.856	156.733	156.767	3709	0	5
2025.12.10	13:00:00	156.766	156.776	156.687	156.710	2901	0	5
2025.12.10	14:00:00	156.709	156.756	156.669	156.713	2416	0	4
2025.12.10	15:00:00	156.711	156.715	156.551	156.551	3725	0	4
2025.12.10	16:00:00	156.552	156.628	156.436	156.497	4094	0	4
2025.12.10	17:00:00	156.495	156.533	156.351	156.477	3905	0	4
2025.12.10	18:00:00	156.476	156.487	156.325	156.334	3342	0	4
2025.12.10	19:00:00	156.333	156.394	156.240	156.304	2693	0	4
2025.12.10	20:00:00	156.305	156.473	156.294	156.400	2461	0	4
2025.12.10	21:00:00	156.392	156.674	156.097	156.258	9165	0	4
2025.12.10	22:00:00	156.260	156.309	155.791	155.931	5961	0	4
2025.12.10	23:00:00	155.933	156.092	155.926	156.065	1945	0	4
2025.12.11	00:00:00	155.924	156.000	155.894	155.999	1012	0	64
2025.12.11	01:00:00	156.022	156.023	155.628	155.749	1939	0	6
2025.12.11	02:00:00	155.748	155.878	155.566	155.802	3987	0	5
2025.12.11	03:00:00	155.803	155.820	155.570	155.716	3554	0	5
2025.12.11	04:00:00	155.717	155.774	155.479	155.772	3433	0	5
2025.12.11	05:00:00	155.773	155.786	155.634	155.694	3524	0	5
2025.12.11	06:00:00	155.695	155.854	155.612	155.841	2287	0	5
2025.12.11	07:00:00	155.842	156.068	155.832	156.064	2768	0	5
2025.12.11	08:00:00	156.061	156.163	155.941	155.963	3255	0	5
2025.12.11	09:00:00	155.964	156.052	155.867	156.029	4236	0	5
2025.12.11	10:00:00	156.030	156.067	155.784	155.885	4674	0	5
2025.12.11	11:00:00	155.884	156.027	155.845	155.861	4139	0	5
2025.12.11	12:00:00	155.860	155.947	155.797	155.865	3876	0	5
2025.12.11	13:00:00	155.866	155.881	155.754	155.761	3600	0	5
2025.12.11	14:00:00	155.763	155.817	155.516	155.582	3986	0	4
2025.12.11	15:00:00	155.579	155.620	155.229	155.284	6285	0	4
2025.12.11	16:00:00	155.283	155.296	154.941	154.978	5306	0	4
2025.12.11	17:00:00	154.977	155.173	154.953	155.166	5600	0	4
2025.12.11	18:00:00	155.159	155.290	155.108	155.150	4874	0	4
2025.12.11	19:00:00	155.148	155.291	155.070	155.239	3454	0	4
2025.12.11	20:00:00	155.240	155.411	155.211	155.361	2978	0	4
2025.12.11	21:00:00	155.369	155.593	155.364	155.590	2878	0	4
2025.12.11	22:00:00	155.591	155.670	155.505	155.591	3088	0	4
2025.12.11	23:00:00	155.592	155.618	155.544	155.545	1375	0	5
2025.12.12	00:00:00	155.560	155.560	155.483	155.508	807	0	64
2025.12.12	01:00:00	155.535	155.610	155.443	155.499	2091	0	6
2025.12.12	02:00:00	155.496	155.730	155.453	155.692	5026	0	5
2025.12.12	03:00:00	155.691	155.766	155.544	155.664	3304	0	5
2025.12.12	04:00:00	155.666	155.746	155.651	155.674	2213	0	5
2025.12.12	05:00:00	155.673	155.724	155.630	155.710	1690	0	5
2025.12.12	06:00:00	155.711	155.761	155.686	155.740	2390	0	5
2025.12.12	07:00:00	155.741	155.771	155.673	155.740	1994	0	5
2025.12.12	08:00:00	155.741	155.822	155.651	155.652	2724	0	5
2025.12.12	09:00:00	155.651	155.722	155.537	155.644	3379	0	5
2025.12.12	10:00:00	155.647	155.840	155.618	155.837	4579	0	5
2025.12.12	11:00:00	155.841	155.909	155.755	155.885	4171	0	5
2025.12.12	12:00:00	155.886	155.963	155.844	155.912	2885	0	5
2025.12.12	13:00:00	155.915	155.989	155.905	155.912	2368	0	5
2025.12.12	14:00:00	155.909	156.127	155.773	156.035	3228	0	4
2025.12.12	15:00:00	156.033	156.055	155.899	156.044	3494	0	4
2025.12.12	16:00:00	156.046	156.096	155.845	155.904	4683	0	4
2025.12.12	17:00:00	155.902	156.057	155.804	155.880	6173	0	4
2025.12.12	18:00:00	155.875	155.880	155.678	155.815	4998	0	4
2025.12.12	19:00:00	155.810	155.903	155.749	155.779	3322	0	4
2025.12.12	20:00:00	155.774	155.813	155.717	155.780	2566	0	4
2025.12.12	21:00:00	155.778	155.936	155.778	155.897	2422	0	4
2025.12.12	22:00:00	155.897	155.905	155.774	155.877	2511	0	4
2025.12.12	23:00:00	155.876	155.889	155.783	155.838	1074	0	5
2025.12.15	00:00:00	155.786	155.880	155.735	155.781	1033	0	77
2025.12.15	01:00:00	155.816	155.890	155.762	155.862	1808	0	6
2025.12.15	02:00:00	155.861	155.981	155.859	155.895	2945	0	5
2025.12.15	03:00:00	155.894	155.896	155.601	155.608	3439	0	5
2025.12.15	04:00:00	155.619	155.647	155.357	155.431	3882	0	5
2025.12.15	05:00:00	155.432	155.474	155.302	155.420	2606	0	5
2025.12.15	06:00:00	155.419	155.421	155.179	155.254	2935	0	5
2025.12.15	07:00:00	155.253	155.253	155.031	155.033	3091	0	5
2025.12.15	08:00:00	155.038	155.156	154.945	155.088	3616	0	5
2025.12.15	09:00:00	155.092	155.294	155.069	155.261	4007	0	5
2025.12.15	10:00:00	155.260	155.285	155.101	155.185	3847	0	5
2025.12.15	11:00:00	155.186	155.196	154.934	154.964	3846	0	5
2025.12.15	12:00:00	154.966	155.151	154.959	155.080	2663	0	5
2025.12.15	13:00:00	155.084	155.100	154.849	154.919	2590	0	5
2025.12.15	14:00:00	154.921	155.090	154.887	155.074	2817	0	4
2025.12.15	15:00:00	155.080	155.157	154.962	155.157	3380	0	4
2025.12.15	16:00:00	155.169	155.222	154.848	154.910	5096	0	4
2025.12.15	17:00:00	154.911	155.157	154.832	155.154	6091	0	4
2025.12.15	18:00:00	155.151	155.328	155.148	155.290	4085	0	4
2025.12.15	19:00:00	155.291	155.366	155.254	155.307	2124	0	4
2025.12.15	20:00:00	155.306	155.387	155.275	155.356	2040	0	4
2025.12.15	21:00:00	155.355	155.397	155.213	155.240	1936	0	4
2025.12.15	22:00:00	155.241	155.267	155.216	155.247	1554	0	4
2025.12.15	23:00:00	155.245	155.256	155.186	155.227	943	0	5
2025.12.16	00:00:00	155.257	155.263	155.153	155.194	835	0	64
2025.12.16	01:00:00	155.223	155.227	154.979	155.032	1345	0	6
2025.12.16	02:00:00	155.033	155.100	154.731	155.005	5033	0	5
2025.12.16	03:00:00	155.003	155.122	154.848	154.860	4724	0	5
2025.12.16	04:00:00	154.861	154.922	154.761	154.779	3507	0	5
2025.12.16	05:00:00	154.788	154.907	154.701	154.890	2978	0	5
2025.12.16	06:00:00	154.877	154.915	154.770	154.814	2041	0	5
2025.12.16	07:00:00	154.812	154.853	154.683	154.840	3230	0	5
2025.12.16	08:00:00	154.841	154.945	154.815	154.852	2811	0	5
2025.12.16	09:00:00	154.853	154.978	154.834	154.887	3334	0	5
2025.12.16	10:00:00	154.886	154.939	154.795	154.859	4897	0	5
2025.12.16	11:00:00	154.860	154.894	154.767	154.836	4544	0	5
2025.12.16	12:00:00	154.835	154.903	154.771	154.867	3131	0	5
2025.12.16	13:00:00	154.869	154.901	154.787	154.812	2512	0	5
2025.12.16	14:00:00	154.807	154.855	154.598	154.607	2814	0	4
2025.12.16	15:00:00	154.601	154.866	154.393	154.714	7952	0	4
2025.12.16	16:00:00	154.713	154.996	154.597	154.599	7445	0	4
2025.12.16	17:00:00	154.598	154.778	154.462	154.775	7489	0	4
2025.12.16	18:00:00	154.777	154.904	154.750	154.808	5587	0	4
2025.12.16	19:00:00	154.809	154.837	154.563	154.677	3800	0	4
2025.12.16	20:00:00	154.676	154.803	154.670	154.743	2987	0	4
2025.12.16	21:00:00	154.747	154.911	154.605	154.665	3630	0	4
2025.12.16	22:00:00	154.674	154.795	154.567	154.795	2779	0	4
2025.12.16	23:00:00	154.797	154.830	154.699	154.723	1536	0	5
2025.12.17	00:00:00	154.679	154.771	154.678	154.707	887	0	64
2025.12.17	01:00:00	154.709	154.808	154.697	154.771	1227	0	6
2025.12.17	02:00:00	154.770	154.872	154.562	154.579	4024	0	5
2025.12.17	03:00:00	154.578	154.704	154.514	154.675	3968	0	5
2025.12.17	04:00:00	154.674	155.026	154.674	155.009	3384	0	5
2025.12.17	05:00:00	155.010	155.028	154.862	154.888	2319	0	5
2025.12.17	06:00:00	154.889	155.149	154.874	155.132	2706	0	5
2025.12.17	07:00:00	155.134	155.169	155.068	155.149	3419	0	5
2025.12.17	08:00:00	155.148	155.440	155.126	155.365	3917	0	5
2025.12.17	09:00:00	155.361	155.566	155.356	155.498	5451	0	5
2025.12.17	10:00:00	155.502	155.598	155.427	155.511	4724	0	5
2025.12.17	11:00:00	155.512	155.556	155.456	155.531	4113	0	5
2025.12.17	12:00:00	155.533	155.545	155.438	155.460	3223	0	5
2025.12.17	13:00:00	155.459	155.592	155.450	155.540	3392	0	5
2025.12.17	14:00:00	155.539	155.572	155.449	155.485	3190	0	4
2025.12.17	15:00:00	155.486	155.636	155.382	155.434	5491	0	4
2025.12.17	16:00:00	155.435	155.631	155.351	155.489	5435	0	4
2025.12.17	17:00:00	155.488	155.540	155.348	155.397	5860	0	4
2025.12.17	18:00:00	155.396	155.599	155.383	155.596	4886	0	4
2025.12.17	19:00:00	155.597	155.611	155.527	155.533	3027	0	4
2025.12.17	20:00:00	155.534	155.673	155.495	155.641	2682	0	4
2025.12.17	21:00:00	155.640	155.686	155.588	155.635	2363	0	4
2025.12.17	22:00:00	155.644	155.745	155.618	155.700	1930	0	4
2025.12.17	23:00:00	155.701	155.743	155.657	155.682	1199	0	4
2025.12.18	00:00:00	155.627	155.634	155.553	155.583	920	0	64
2025.12.18	01:00:00	155.607	155.642	155.468	155.485	1248	0	6
2025.12.18	02:00:00	155.486	155.580	155.423	155.478	4054	0	5
2025.12.18	03:00:00	155.476	155.772	155.459	155.771	3645	0	5
2025.12.18	04:00:00	155.772	155.805	155.659	155.781	3109	0	5
2025.12.18	05:00:00	155.782	155.793	155.706	155.762	2351	0	5
2025.12.18	06:00:00	155.768	155.783	155.697	155.732	2446	0	5
2025.12.18	07:00:00	155.729	155.880	155.703	155.803	2763	0	5
2025.12.18	08:00:00	155.804	155.908	155.760	155.906	2998	0	5
2025.12.18	09:00:00	155.908	155.952	155.810	155.923	3950	0	5
2025.12.18	10:00:00	155.927	155.943	155.796	155.852	4080	0	5
2025.12.18	11:00:00	155.851	155.949	155.801	155.933	4005	0	5
2025.12.18	12:00:00	155.932	155.973	155.847	155.855	2877	0	5
2025.12.18	13:00:00	155.855	155.867	155.717	155.791	2567	0	5
2025.12.18	14:00:00	155.790	155.864	155.739	155.819	4099	0	4
2025.12.18	15:00:00	155.817	155.834	155.335	155.591	7371	0	4
2025.12.18	16:00:00	155.593	155.605	155.279	155.489	7415	0	4
2025.12.18	17:00:00	155.490	155.693	155.440	155.522	5571	0	4
2025.12.18	18:00:00	155.524	155.574	155.361	155.527	4206	0	4
2025.12.18	19:00:00	155.528	155.684	155.522	155.641	3410	0	4
2025.12.18	20:00:00	155.638	155.707	155.578	155.630	2349	0	4
2025.12.18	21:00:00	155.634	155.660	155.492	155.510	2600	0	4
2025.12.18	22:00:00	155.509	155.630	155.497	155.608	1860	0	4
2025.12.18	23:00:00	155.607	155.632	155.547	155.550	1074	0	5
2025.12.19	00:00:00	155.456	155.555	155.441	155.535	422	0	64
2025.12.19	01:00:00	155.563	155.639	155.511	155.573	1397	0	6
2025.12.19	02:00:00	155.576	155.771	155.554	155.751	3745	0	5
2025.12.19	03:00:00	155.750	155.790	155.690	155.740	2996	0	5
2025.12.19	04:00:00	155.737	155.849	155.681	155.830	2312	0	5
2025.12.19	05:00:00	155.828	156.167	155.584	155.875	5603	0	5
2025.12.19	06:00:00	155.876	156.084	155.732	156.064	4267	0	5
2025.12.19	07:00:00	156.065	156.071	155.883	155.986	4663	0	5
2025.12.19	08:00:00	155.990	156.432	155.846	156.009	5816	0	5
2025.12.19	09:00:00	156.008	156.739	155.967	156.732	6927	0	5
2025.12.19	10:00:00	156.734	156.935	156.719	156.930	5903	0	5
2025.12.19	11:00:00	156.936	157.211	156.858	157.197	4712	0	5
2025.12.19	12:00:00	157.204	157.398	157.127	157.325	4462	0	5
2025.12.19	13:00:00	157.319	157.379	157.234	157.317	3312	0	5
2025.12.19	14:00:00	157.333	157.351	157.179	157.240	3300	0	4
2025.12.19	15:00:00	157.237	157.381	157.202	157.323	4605	0	4
2025.12.19	16:00:00	157.322	157.423	156.931	157.414	6496	0	4
2025.12.19	17:00:00	157.417	157.490	157.353	157.470	5399	0	4
2025.12.19	18:00:00	157.471	157.488	157.401	157.425	3711	0	4
2025.12.19	19:00:00	157.427	157.665	157.409	157.436	3235	0	4
2025.12.19	20:00:00	157.437	157.526	157.398	157.522	2344	0	4
2025.12.19	21:00:00	157.523	157.588	157.496	157.526	2543	0	4
2025.12.19	22:00:00	157.528	157.696	157.474	157.688	2407	0	4
2025.12.19	23:00:00	157.689	157.755	157.638	157.751	1620	0	5
2025.12.22	00:00:00	157.447	157.585	157.376	157.448	1937	0	77
2025.12.22	01:00:00	157.483	157.702	157.453	157.625	3312	0	6
2025.12.22	02:00:00	157.633	157.660	157.508	157.555	5167	0	5
2025.12.22	03:00:00	157.552	157.569	157.253	157.292	3545	0	5
2025.12.22	04:00:00	157.291	157.422	157.226	157.420	2675	0	5
2025.12.22	05:00:00	157.422	157.466	157.271	157.330	2862	0	5
2025.12.22	06:00:00	157.331	157.362	157.258	157.308	2832	0	5
2025.12.22	07:00:00	157.306	157.388	157.263	157.358	3042	0	5
2025.12.22	08:00:00	157.359	157.431	157.265	157.344	3335	0	5
2025.12.22	09:00:00	157.345	157.561	157.311	157.492	3422	0	5
2025.12.22	10:00:00	157.490	157.545	157.369	157.543	4037	0	5
2025.12.22	11:00:00	157.544	157.570	157.419	157.457	3230	0	5
2025.12.22	12:00:00	157.456	157.460	157.347	157.396	2916	0	5
2025.12.22	13:00:00	157.397	157.425	157.334	157.410	2866	0	5
2025.12.22	14:00:00	157.412	157.430	157.355	157.393	3183	0	4
2025.12.22	15:00:00	157.394	157.394	156.868	157.187	5360	0	4
2025.12.22	16:00:00	157.182	157.220	156.902	157.013	5880	0	4
2025.12.22	17:00:00	157.017	157.115	156.910	156.972	5000	0	4
2025.12.22	18:00:00	156.973	157.044	156.857	156.936	3990	0	4
2025.12.22	19:00:00	156.937	156.937	156.701	156.841	3065	0	4
2025.12.22	20:00:00	156.840	157.022	156.840	156.947	2357	0	4
2025.12.22	21:00:00	156.946	157.030	156.881	156.895	2328	0	4
2025.12.22	22:00:00	156.896	157.003	156.895	156.986	1814	0	4
2025.12.22	23:00:00	156.988	157.039	156.975	157.024	1047	0	5
2025.12.23	00:00:00	157.005	157.030	156.942	157.004	1145	0	64
2025.12.23	01:00:00	157.023	157.023	156.817	156.914	2023	0	6
2025.12.23	02:00:00	156.913	156.924	156.599	156.612	3725	0	5
2025.12.23	03:00:00	156.606	156.655	156.421	156.458	3633	0	5
2025.12.23	04:00:00	156.460	156.482	156.273	156.348	3006	0	5
2025.12.23	05:00:00	156.349	156.349	156.186	156.188	2947	0	5
2025.12.23	06:00:00	156.187	156.187	155.956	155.988	3857	0	5
2025.12.23	07:00:00	155.990	156.077	155.908	156.010	3652	0	5
2025.12.23	08:00:00	156.009	156.182	155.991	156.111	3636	0	5
2025.12.23	09:00:00	156.114	156.165	155.949	156.073	4620	0	5
2025.12.23	10:00:00	156.075	156.113	155.948	155.954	4521	0	5
2025.12.23	11:00:00	155.953	156.021	155.650	155.963	5326	0	5
2025.12.23	12:00:00	155.962	156.046	155.863	155.918	4230	0	5
2025.12.23	13:00:00	155.922	156.032	155.870	155.971	3124	0	5
2025.12.23	14:00:00	155.972	156.028	155.870	156.019	3155	0	4
2025.12.23	15:00:00	156.025	156.364	155.949	156.336	5803	0	4
2025.12.23	16:00:00	156.335	156.537	156.335	156.402	6189	0	4
2025.12.23	17:00:00	156.403	156.444	156.205	156.389	6072	0	4
2025.12.23	18:00:00	156.390	156.436	156.297	156.333	4008	0	4
2025.12.23	19:00:00	156.333	156.349	156.247	156.292	2632	0	4
2025.12.23	20:00:00	156.293	156.340	156.224	156.228	2462	0	4
2025.12.23	21:00:00	156.224	156.251	156.176	156.189	2308	0	4
2025.12.23	22:00:00	156.190	156.305	156.173	156.295	1932	0	4
2025.12.23	23:00:00	156.299	156.311	156.188	156.191	1382	0	5
2025.12.24	00:00:00	156.206	156.207	156.155	156.160	347	0	64
2025.12.24	01:00:00	156.197	156.281	156.093	156.166	1989	0	6
2025.12.24	02:00:00	156.159	156.279	155.973	155.984	5221	0	5
2025.12.24	03:00:00	155.985	156.148	155.602	155.656	4907	0	5
2025.12.24	04:00:00	155.634	155.740	155.553	155.739	3473	0	5
2025.12.24	05:00:00	155.737	155.988	155.737	155.975	3354	0	5
2025.12.24	06:00:00	155.977	156.058	155.800	155.835	3049	0	5
2025.12.24	07:00:00	155.836	155.845	155.738	155.795	2505	0	5
2025.12.24	08:00:00	155.794	155.795	155.660	155.732	3162	0	5
2025.12.24	09:00:00	155.729	155.869	155.703	155.827	4382	0	5
2025.12.24	10:00:00	155.828	155.968	155.748	155.754	4784	0	5
2025.12.24	11:00:00	155.755	155.880	155.683	155.832	3824	0	5
2025.12.24	12:00:00	155.834	155.967	155.817	155.933	3534	0	5
2025.12.24	13:00:00	155.934	155.972	155.861	155.927	3245	0	5
2025.12.24	14:00:00	155.927	156.044	155.874	156.044	3568	0	4
2025.12.24	15:00:00	156.043	156.067	155.967	156.010	4295	0	4
2025.12.24	16:00:00	156.019	156.034	155.675	155.748	4387	0	4
2025.12.24	17:00:00	155.750	155.900	155.721	155.814	4489	0	4
2025.12.24	18:00:00	155.815	155.917	155.752	155.834	3631	0	4
2025.12.24	19:00:00	155.835	156.020	155.823	155.966	2480	0	4
2025.12.24	20:00:00	155.967	156.019	155.941	155.961	2009	0	4
2025.12.24	21:00:00	155.959	155.976	155.806	155.844	1850	0	4
2025.12.24	22:00:00	155.843	155.951	155.836	155.951	845	0	4
2025.12.24	23:00:00	155.952	155.967	155.812	155.959	1622	0	5
2025.12.26	00:00:00	155.910	155.954	155.843	155.871	281	0	64
2025.12.26	01:00:00	155.893	156.127	155.752	156.103	3354	0	6
2025.12.26	02:00:00	156.107	156.486	156.105	156.406	4994	0	5
2025.12.26	03:00:00	156.407	156.436	156.167	156.281	3791	0	5
2025.12.26	04:00:00	156.283	156.307	156.166	156.222	2973	0	5
2025.12.26	05:00:00	156.221	156.252	156.042	156.049	2510	0	5
2025.12.26	06:00:00	156.050	156.190	155.987	156.165	3003	0	5
2025.12.26	07:00:00	156.168	156.283	156.089	156.203	3263	0	5
2025.12.26	08:00:00	156.201	156.317	156.085	156.275	2952	0	5
2025.12.26	09:00:00	156.279	156.440	156.213	156.370	3116	0	5
2025.12.26	10:00:00	156.371	156.441	156.299	156.321	3166	0	5
2025.12.26	11:00:00	156.330	156.468	156.311	156.460	2460	0	5
2025.12.26	12:00:00	156.464	156.467	156.360	156.400	2582	0	5
2025.12.26	13:00:00	156.394	156.418	156.324	156.401	2500	0	5
2025.12.26	14:00:00	156.399	156.482	156.392	156.415	2497	0	4
2025.12.26	15:00:00	156.411	156.441	156.224	156.326	3886	0	4
2025.12.26	16:00:00	156.318	156.482	156.274	156.446	3844	0	4
2025.12.26	17:00:00	156.445	156.536	156.310	156.423	3857	0	4
2025.12.26	18:00:00	156.426	156.655	156.366	156.637	4535	0	4
2025.12.26	19:00:00	156.636	156.727	156.554	156.568	3203	0	4
2025.12.26	20:00:00	156.567	156.588	156.435	156.542	2262	0	4
2025.12.26	21:00:00	156.543	156.595	156.503	156.503	1833	0	4
2025.12.26	22:00:00	156.499	156.528	156.440	156.492	1660	0	4
2025.12.26	23:00:00	156.493	156.584	156.487	156.576	1269	0	5
2025.12.29	00:00:00	156.434	156.529	156.412	156.421	3357	0	77
2025.12.29	01:00:00	156.452	156.528	156.402	156.481	2007	0	6
2025.12.29	02:00:00	156.482	156.483	156.054	156.274	6399	0	5
2025.12.29	03:00:00	156.276	156.371	156.188	156.310	3676	0	5
2025.12.29	04:00:00	156.313	156.509	156.302	156.430	3131	0	5
2025.12.29	05:00:00	156.428	156.445	156.318	156.376	2689	0	5
2025.12.29	06:00:00	156.377	156.471	156.241	156.375	2634	0	5
2025.12.29	07:00:00	156.377	156.395	156.242	156.305	3350	0	5
2025.12.29	08:00:00	156.309	156.323	156.166	156.182	3675	0	5
2025.12.29	09:00:00	156.184	156.243	156.047	156.080	4230	0	5
2025.12.29	10:00:00	156.079	156.307	156.075	156.275	3295	0	5
2025.12.29	11:00:00	156.278	156.397	156.102	156.326	3428	0	5
2025.12.29	12:00:00	156.327	156.345	156.205	156.330	3135	0	5
2025.12.29	13:00:00	156.328	156.409	156.284	156.399	2979	0	5
2025.12.29	14:00:00	156.399	156.422	156.306	156.332	3642	0	4
2025.12.29	15:00:00	156.331	156.366	156.187	156.230	4494	0	4
2025.12.29	16:00:00	156.229	156.238	156.008	156.143	4979	0	4
2025.12.29	17:00:00	156.144	156.287	155.913	155.934	5924	0	4
2025.12.29	18:00:00	155.935	156.116	155.927	156.103	4154	0	4
2025.12.29	19:00:00	156.104	156.215	156.066	156.184	2392	0	4
2025.12.29	20:00:00	156.185	156.221	156.117	156.216	2246	0	4
2025.12.29	21:00:00	156.217	156.248	156.005	156.030	1789	0	4
2025.12.29	22:00:00	156.032	156.082	155.987	156.069	1894	0	4
2025.12.29	23:00:00	156.064	156.083	155.996	156.038	944	0	5
2025.12.30	00:00:00	155.980	156.051	155.963	155.999	944	0	64
2025.12.30	01:00:00	156.026	156.132	155.951	155.985	1878	0	6
2025.12.30	02:00:00	155.988	156.320	155.918	156.260	4404	0	5
2025.12.30	03:00:00	156.259	156.328	156.208	156.221	3127	0	5
2025.12.30	04:00:00	156.220	156.337	156.151	156.306	3543	0	5
2025.12.30	05:00:00	156.305	156.331	156.213	156.267	2285	0	5
2025.12.30	06:00:00	156.271	156.284	156.045	156.078	2549	0	5
2025.12.30	07:00:00	156.076	156.101	156.007	156.037	3492	0	5
2025.12.30	08:00:00	156.038	156.096	155.935	156.038	4046	0	5
2025.12.30	09:00:00	156.036	156.105	155.918	155.980	3008	0	5
2025.12.30	10:00:00	155.974	156.023	155.849	155.979	3722	0	5
2025.12.30	11:00:00	155.978	156.005	155.867	155.921	3522	0	5
2025.12.30	12:00:00	155.928	155.928	155.743	155.851	3165	0	5
2025.12.30	13:00:00	155.853	155.943	155.823	155.890	2879	0	5
2025.12.30	14:00:00	155.887	156.009	155.883	155.951	3367	0	4
2025.12.30	15:00:00	155.952	156.208	155.943	156.194	4032	0	4
2025.12.30	16:00:00	156.193	156.316	156.121	156.272	3978	0	4
2025.12.30	17:00:00	156.273	156.567	156.273	156.326	4973	0	4
2025.12.30	18:00:00	156.327	156.371	156.223	156.257	3631	0	4
2025.12.30	19:00:00	156.258	156.404	156.241	156.328	2116	0	4
2025.12.30	20:00:00	156.333	156.429	156.306	156.403	1955	0	4
2025.12.30	21:00:00	156.401	156.522	156.373	156.493	2163	0	4
2025.12.30	22:00:00	156.494	156.501	156.423	156.464	1663	0	4
2025.12.30	23:00:00	156.465	156.467	156.398	156.423	1200	0	4
2025.12.31	00:00:00	156.339	156.368	156.326	156.363	752	0	64
2025.12.31	01:00:00	156.357	156.465	156.322	156.396	1036	0	6
2025.12.31	02:00:00	156.388	156.464	156.329	156.390	2436	0	5
2025.12.31	03:00:00	156.392	156.447	156.351	156.428	2644	0	5
2025.12.31	04:00:00	156.435	156.489	156.420	156.483	2332	0	5
2025.12.31	05:00:00	156.481	156.495	156.447	156.493	1425	0	5
2025.12.31	06:00:00	156.494	156.632	156.493	156.608	1574	0	5
2025.12.31	07:00:00	156.607	156.630	156.547	156.585	1726	0	5
2025.12.31	08:00:00	156.584	156.652	156.581	156.612	2049	0	5
2025.12.31	09:00:00	156.610	156.644	156.565	156.565	2306	0	5
2025.12.31	10:00:00	156.563	156.608	156.506	156.594	3087	0	5
2025.12.31	11:00:00	156.595	156.648	156.555	156.631	2892	0	5
2025.12.31	12:00:00	156.622	156.673	156.594	156.654	2694	0	5
2025.12.31	13:00:00	156.653	156.675	156.606	156.608	2558	0	5
2025.12.31	14:00:00	156.609	156.638	156.552	156.599	3196	0	4
2025.12.31	15:00:00	156.597	156.832	156.581	156.808	4409	0	4
2025.12.31	16:00:00	156.810	156.947	156.798	156.926	5059	0	4
2025.12.31	17:00:00	156.922	156.993	156.717	156.740	5552	0	4
2025.12.31	18:00:00	156.734	156.848	156.644	156.805	4629	0	4
2025.12.31	19:00:00	156.812	156.850	156.761	156.818	3174	0	4
2025.12.31	20:00:00	156.819	156.921	156.795	156.885	3094	0	4
2025.12.31	21:00:00	156.887	156.887	156.671	156.748	1698	0	4
2025.12.31	22:00:00	156.747	156.750	156.627	156.628	2162	0	4
2025.12.31	23:00:00	156.625	156.720	156.610	156.671	1010	0	5
2026.01.02	00:00:00	156.631	156.683	156.630	156.683	195	0	168
2026.01.02	01:00:00	156.654	156.885	156.649	156.721	1275	0	6
2026.01.02	02:00:00	156.722	156.768	156.538	156.563	2009	0	5
2026.01.02	03:00:00	156.561	156.655	156.515	156.632	2106	0	5
2026.01.02	04:00:00	156.633	156.684	156.592	156.681	1473	0	5
2026.01.02	05:00:00	156.682	156.719	156.647	156.714	1393	0	5
2026.01.02	06:00:00	156.715	156.857	156.714	156.819	1660	0	5
2026.01.02	07:00:00	156.821	156.938	156.817	156.905	1383	0	5
2026.01.02	08:00:00	156.906	156.994	156.904	156.952	2149	0	5
2026.01.02	09:00:00	156.953	156.990	156.831	156.857	3034	0	5
2026.01.02	10:00:00	156.858	156.995	156.815	156.873	3692	0	5
2026.01.02	11:00:00	156.877	156.915	156.768	156.913	3405	0	5
2026.01.02	12:00:00	156.912	156.924	156.797	156.841	2719	0	5
2026.01.02	13:00:00	156.840	156.946	156.822	156.917	2184	0	5
2026.01.02	14:00:00	156.911	156.999	156.869	156.938	2276	0	4
2026.01.02	15:00:00	156.934	156.955	156.831	156.903	3510	0	4
2026.01.02	16:00:00	156.902	156.917	156.807	156.851	3952	0	4
2026.01.02	17:00:00	156.855	156.889	156.561	156.589	4829	0	4
2026.01.02	18:00:00	156.586	156.769	156.559	156.720	4128	0	4
2026.01.02	19:00:00	156.719	156.779	156.703	156.767	2261	0	4
2026.01.02	20:00:00	156.766	156.943	156.759	156.893	2320	0	4
2026.01.02	21:00:00	156.891	156.953	156.840	156.850	2115	0	4
2026.01.02	22:00:00	156.851	156.911	156.839	156.873	1953	0	4
2026.01.02	23:00:00	156.874	156.883	156.806	156.827	1159	0	5
2026.01.05	00:00:00	156.690	156.757	156.680	156.706	1266	0	77
2026.01.05	01:00:00	156.727	157.008	156.715	156.999	2641	0	6
2026.01.05	02:00:00	157.001	157.248	156.920	157.145	5064	0	5
2026.01.05	03:00:00	157.147	157.181	156.937	157.013	5231	0	5
2026.01.05	04:00:00	157.011	157.203	156.948	157.149	3781	0	5
2026.01.05	05:00:00	157.148	157.236	157.126	157.233	3132	0	5
2026.01.05	06:00:00	157.239	157.296	157.220	157.279	3098	0	5
2026.01.05	07:00:00	157.282	157.288	157.110	157.178	3262	0	5
2026.01.05	08:00:00	157.181	157.230	157.011	157.032	3666	0	5
2026.01.05	09:00:00	157.024	157.077	156.973	156.988	3623	0	5
2026.01.05	10:00:00	156.989	157.036	156.685	156.830	5295	0	5
2026.01.05	11:00:00	156.821	156.999	156.778	156.925	4089	0	5
2026.01.05	12:00:00	156.924	156.936	156.572	156.602	4012	0	5
2026.01.05	13:00:00	156.603	156.660	156.527	156.619	3743	0	5
2026.01.05	14:00:00	156.610	156.686	156.460	156.645	3874	0	4
2026.01.05	15:00:00	156.646	156.976	156.641	156.824	5457	0	4
2026.01.05	16:00:00	156.821	156.852	156.701	156.726	5603	0	4
2026.01.05	17:00:00	156.749	156.749	156.450	156.576	5894	0	4
2026.01.05	18:00:00	156.575	156.586	156.305	156.324	4715	0	4
2026.01.05	19:00:00	156.318	156.384	156.263	156.328	3010	0	4
2026.01.05	20:00:00	156.330	156.357	156.178	156.184	1876	0	4
2026.01.05	21:00:00	156.179	156.238	156.110	156.229	2895	0	4
2026.01.05	22:00:00	156.226	156.334	156.182	156.331	2109	0	4
2026.01.05	23:00:00	156.332	156.412	156.315	156.387	1092	0	5
2026.01.06	00:00:00	156.302	156.500	156.302	156.500	778	0	64
2026.01.06	01:00:00	156.508	156.641	156.474	156.613	1370	0	6
2026.01.06	02:00:00	156.612	156.792	156.526	156.534	4485	0	5
2026.01.06	03:00:00	156.526	156.709	156.449	156.450	3871	0	5
2026.01.06	04:00:00	156.449	156.501	156.267	156.308	2954	0	5
2026.01.06	05:00:00	156.310	156.437	156.292	156.358	2480	0	5
2026.01.06	06:00:00	156.359	156.438	156.238	156.379	2568	0	5
2026.01.06	07:00:00	156.380	156.446	156.284	156.427	2776	0	5
2026.01.06	08:00:00	156.426	156.476	156.328	156.368	3141	0	5
2026.01.06	09:00:00	156.367	156.372	156.230	156.333	3937	0	5
2026.01.06	10:00:00	156.334	156.386	156.160	156.320	4680	0	5
2026.01.06	11:00:00	156.319	156.482	156.231	156.377	4525	0	5
2026.01.06	12:00:00	156.376	156.462	156.278	156.445	3573	0	5
2026.01.06	13:00:00	156.444	156.533	156.405	156.448	3038	0	5
2026.01.06	14:00:00	156.438	156.514	156.295	156.495	3742	0	4
2026.01.06	15:00:00	156.496	156.579	156.351	156.371	5697	0	4
2026.01.06	16:00:00	156.372	156.477	156.301	156.407	5273	0	4
2026.01.06	17:00:00	156.408	156.690	156.404	156.577	6365	0	4
2026.01.06	18:00:00	156.578	156.735	156.570	156.702	4256	0	4
2026.01.06	19:00:00	156.703	156.739	156.666	156.689	2516	0	4
2026.01.06	20:00:00	156.688	156.745	156.662	156.734	1711	0	4
2026.01.06	21:00:00	156.733	156.744	156.603	156.625	1618	0	4
2026.01.06	22:00:00	156.626	156.646	156.567	156.645	1737	0	4
2026.01.06	23:00:00	156.643	156.677	156.617	156.660	1177	0	5
2026.01.07	00:00:00	156.603	156.633	156.585	156.606	557	0	64
2026.01.07	01:00:00	156.631	156.701	156.612	156.662	1101	0	6
2026.01.07	02:00:00	156.663	156.804	156.538	156.635	4215	0	5
2026.01.07	03:00:00	156.632	156.745	156.560	156.717	2990	0	5
2026.01.07	04:00:00	156.716	156.728	156.639	156.642	2239	0	5
2026.01.07	05:00:00	156.641	156.648	156.503	156.561	1959	0	5
2026.01.07	06:00:00	156.562	156.584	156.505	156.537	2014	0	5
2026.01.07	07:00:00	156.536	156.538	156.360	156.380	2272	0	5
2026.01.07	08:00:00	156.382	156.390	156.302	156.342	2788	0	5
2026.01.07	09:00:00	156.339	156.512	156.294	156.483	3562	0	5
2026.01.07	10:00:00	156.484	156.585	156.456	156.522	3472	0	5
2026.01.07	11:00:00	156.521	156.571	156.430	156.463	2797	0	5
2026.01.07	12:00:00	156.462	156.534	156.440	156.524	3018	0	5
2026.01.07	13:00:00	156.526	156.580	156.507	156.515	2156	0	5
2026.01.07	14:00:00	156.512	156.564	156.473	156.508	2634	0	4
2026.01.07	15:00:00	156.509	156.570	156.357	156.415	4665	0	4
2026.01.07	16:00:00	156.421	156.544	156.390	156.404	4661	0	4
2026.01.07	17:00:00	156.521	156.723	156.396	156.679	6955	0	4
2026.01.07	18:00:00	156.680	156.799	156.641	156.731	3831	0	4
2026.01.07	19:00:00	156.732	156.732	156.570	156.617	2517	0	4
2026.01.07	20:00:00	156.616	156.704	156.591	156.697	2220	0	4
2026.01.07	21:00:00	156.696	156.760	156.679	156.740	2078	0	4
2026.01.07	22:00:00	156.728	156.788	156.722	156.776	1891	0	4
2026.01.07	23:00:00	156.778	156.797	156.748	156.748	726	0	4
2026.01.08	00:00:00	156.729	156.730	156.620	156.660	472	0	64
2026.01.08	01:00:00	156.660	156.752	156.645	156.693	1090	0	6
2026.01.08	02:00:00	156.694	156.798	156.671	156.786	2754	0	5
2026.01.08	03:00:00	156.787	156.942	156.711	156.911	2745	0	5
2026.01.08	04:00:00	156.909	156.953	156.821	156.837	1983	0	5
2026.01.08	05:00:00	156.838	156.838	156.626	156.716	2149	0	5
2026.01.08	06:00:00	156.715	156.730	156.664	156.693	1617	0	5
2026.01.08	07:00:00	156.695	156.728	156.638	156.667	2430	0	5
2026.01.08	08:00:00	156.669	156.688	156.498	156.581	3335	0	5
2026.01.08	09:00:00	156.577	156.689	156.466	156.467	3524	0	5
2026.01.08	10:00:00	156.466	156.712	156.453	156.705	4167	0	5
2026.01.08	11:00:00	156.709	156.780	156.630	156.744	2913	0	5
2026.01.08	12:00:00	156.745	156.776	156.675	156.682	2712	0	5
2026.01.08	13:00:00	156.679	156.779	156.664	156.760	2261	0	5
2026.01.08	14:00:00	156.765	156.781	156.683	156.720	2336	0	4
2026.01.08	15:00:00	156.719	156.958	156.662	156.957	3338	0	4
2026.01.08	16:00:00	156.959	157.070	156.938	156.974	4917	0	4
2026.01.08	17:00:00	156.972	157.053	156.847	156.861	4709	0	4
2026.01.08	18:00:00	156.862	156.985	156.847	156.901	3200	0	4
2026.01.08	19:00:00	156.905	156.905	156.768	156.808	2440	0	4
2026.01.08	20:00:00	156.807	156.891	156.790	156.888	1805	0	4
2026.01.08	21:00:00	156.888	156.984	156.885	156.961	1458	0	4
2026.01.08	22:00:00	156.959	156.990	156.910	156.950	1583	0	4
2026.01.08	23:00:00	156.952	156.991	156.809	156.845	1473	0	5
2026.01.09	00:00:00	156.750	156.828	156.722	156.821	908	0	64
2026.01.09	01:00:00	156.824	156.931	156.801	156.863	1065	0	6
2026.01.09	02:00:00	156.866	157.056	156.863	157.006	2833	0	5
2026.01.09	03:00:00	157.005	157.166	156.991	157.161	3074	0	5
2026.01.09	04:00:00	157.159	157.258	157.116	157.182	2699	0	5
2026.01.09	05:00:00	157.181	157.239	157.155	157.235	1720	0	5
2026.01.09	06:00:00	157.238	157.293	157.194	157.210	1873	0	5
2026.01.09	07:00:00	157.211	157.386	157.211	157.375	2537	0	5
2026.01.09	08:00:00	157.376	157.437	157.337	157.400	2912	0	5
2026.01.09	09:00:00	157.397	157.570	157.385	157.477	3124	0	5
2026.01.09	10:00:00	157.475	157.668	157.453	157.644	3670	0	5
2026.01.09	11:00:00	157.643	157.735	157.574	157.707	2904	0	5
2026.01.09	12:00:00	157.708	157.723	157.635	157.651	2530	0	5
2026.01.09	13:00:00	157.646	157.681	157.563	157.576	2337	0	5
2026.01.09	14:00:00	157.577	157.705	157.556	157.645	3220	0	4
2026.01.09	15:00:00	157.643	157.798	157.372	157.486	7264	0	4
2026.01.09	16:00:00	157.493	158.047	157.368	157.923	8523	0	4
2026.01.09	17:00:00	157.924	158.186	157.810	157.868	6920	0	4
2026.01.09	18:00:00	157.867	158.130	157.829	158.074	4585	0	4
2026.01.09	19:00:00	158.074	158.103	157.989	158.049	3377	0	4
2026.01.09	20:00:00	158.051	158.065	157.861	157.914	2721	0	4
2026.01.09	21:00:00	157.909	157.921	157.832	157.880	2513	0	4
2026.01.09	22:00:00	157.880	157.906	157.853	157.881	1651	0	4
2026.01.09	23:00:00	157.879	157.947	157.850	157.938	1175	0	5
2026.01.12	00:00:00	158.024	158.073	157.973	158.014	430	0	77
2026.01.12	01:00:00	158.049	158.180	157.966	158.135	1799	0	6
2026.01.12	02:00:00	158.132	158.205	157.556	157.576	5421	0	5
2026.01.12	03:00:00	157.564	157.749	157.515	157.746	5076	0	5
2026.01.12	04:00:00	157.747	158.071	157.666	158.045	3098	0	5
2026.01.12	05:00:00	158.046	158.119	157.938	158.119	2495	0	5
2026.01.12	06:00:00	158.120	158.180	158.115	158.118	2316	0	5
2026.01.12	07:00:00	158.116	158.144	157.996	158.004	2668	0	5
2026.01.12	08:00:00	158.003	158.064	157.961	158.012	2514	0	5
2026.01.12	09:00:00	158.009	158.029	157.800	157.841	4330	0	5
2026.01.12	10:00:00	157.840	157.862	157.670	157.776	4891	0	5
2026.01.12	11:00:00	157.777	157.899	157.719	157.891	3734	0	5
2026.01.12	12:00:00	157.889	157.959	157.829	157.848	3145	0	5
2026.01.12	13:00:00	157.849	157.922	157.782	157.895	2982	0	5
2026.01.12	14:00:00	157.897	157.954	157.805	157.856	3160	0	4
2026.01.12	15:00:00	157.855	157.895	157.705	157.840	4117	0	4
2026.01.12	16:00:00	157.841	158.046	157.828	157.937	5307	0	4
2026.01.12	17:00:00	157.934	157.976	157.848	157.972	4248	0	4
2026.01.12	18:00:00	157.971	158.155	157.943	158.155	3545	0	4
2026.01.12	19:00:00	158.157	158.167	158.062	158.087	2379	0	4
2026.01.12	20:00:00	158.090	158.142	158.048	158.130	1677	0	4
2026.01.12	21:00:00	158.131	158.149	158.087	158.139	1512	0	4
2026.01.12	22:00:00	158.140	158.198	158.114	158.183	1478	0	4
2026.01.12	23:00:00	158.184	158.191	158.114	158.135	940	0	5
2026.01.13	00:00:00	158.099	158.113	158.039	158.062	1884	0	64
2026.01.13	01:00:00	158.053	158.175	157.888	157.975	2340	0	6
2026.01.13	02:00:00	157.974	158.285	157.962	158.159	3525	0	5
2026.01.13	03:00:00	158.157	158.498	158.157	158.482	3360	0	5
2026.01.13	04:00:00	158.496	158.687	158.332	158.670	2842	0	5
2026.01.13	05:00:00	158.669	158.821	158.642	158.807	2237	0	5
2026.01.13	06:00:00	158.810	158.910	158.624	158.717	3963	0	5
2026.01.13	07:00:00	158.716	158.826	158.706	158.784	3309	0	5
2026.01.13	08:00:00	158.783	158.969	158.738	158.755	3853	0	5
2026.01.13	09:00:00	158.756	158.953	158.729	158.943	3680	0	5
2026.01.13	10:00:00	158.941	159.047	158.867	158.923	4450	0	5
2026.01.13	11:00:00	158.926	159.014	158.811	158.890	3332	0	5
2026.01.13	12:00:00	158.889	158.945	158.801	158.804	3392	0	5
2026.01.13	13:00:00	158.803	158.945	158.803	158.855	3031	0	5
2026.01.13	14:00:00	158.851	158.935	158.837	158.893	2649	0	4
2026.01.13	15:00:00	158.892	158.955	158.566	158.881	6500	0	4
2026.01.13	16:00:00	158.886	158.994	158.802	158.908	5993	0	4
2026.01.13	17:00:00	158.917	159.086	158.856	158.923	5937	0	4
2026.01.13	18:00:00	158.925	159.188	158.903	159.068	4782	0	4
2026.01.13	19:00:00	159.069	159.139	158.975	159.025	2681	0	4
2026.01.13	20:00:00	159.023	159.093	158.999	159.043	2206	0	4
2026.01.13	21:00:00	159.041	159.145	159.037	159.115	2036	0	4
2026.01.13	22:00:00	159.114	159.154	159.087	159.114	1555	0	4
2026.01.13	23:00:00	159.115	159.163	159.105	159.163	754	0	5
2026.01.14	00:00:00	159.084	159.141	159.050	159.089	1071	0	64
2026.01.14	01:00:00	159.087	159.196	159.084	159.196	1033	0	6
2026.01.14	02:00:00	159.197	159.286	159.088	159.190	3656	0	5
2026.01.14	03:00:00	159.192	159.453	159.191	159.337	3274	0	5
2026.01.14	04:00:00	159.336	159.389	159.180	159.205	2836	0	5
2026.01.14	05:00:00	159.203	159.204	159.079	159.159	2044	0	5
2026.01.14	06:00:00	159.164	159.240	159.121	159.202	2049	0	5
2026.01.14	07:00:00	159.195	159.339	159.160	159.332	2528	0	5
2026.01.14	08:00:00	159.333	159.346	159.130	159.141	3207	0	5
2026.01.14	09:00:00	159.142	159.194	159.103	159.173	3397	0	5
2026.01.14	10:00:00	159.167	159.191	158.864	158.927	6292	0	5
2026.01.14	11:00:00	158.923	158.947	158.670	158.757	5009	0	5
2026.01.14	12:00:00	158.759	158.812	158.583	158.684	3896	0	5
2026.01.14	13:00:00	158.683	158.821	158.568	158.711	2995	0	5
2026.01.14	14:00:00	158.713	158.717	158.152	158.558	5414	0	4
2026.01.14	15:00:00	158.553	158.738	158.505	158.594	4419	0	4
2026.01.14	16:00:00	158.597	158.669	158.160	158.209	7189	0	4
2026.01.14	17:00:00	158.213	158.413	158.102	158.122	6085	0	4
2026.01.14	18:00:00	158.123	158.281	158.101	158.131	4250	0	4
2026.01.14	19:00:00	158.132	158.341	158.120	158.299	2794	0	4
2026.01.14	20:00:00	158.299	158.459	158.299	158.459	2501	0	4
2026.01.14	21:00:00	158.462	158.512	158.416	158.500	2379	0	4
2026.01.14	22:00:00	158.502	158.593	158.454	158.587	2786	0	4
2026.01.14	23:00:00	158.586	158.592	158.487	158.489	973	0	5
2026.01.15	00:00:00	158.371	158.402	158.192	158.252	973	0	64
2026.01.15	01:00:00	158.252	158.430	158.246	158.419	1582	0	6
2026.01.15	02:00:00	158.420	158.575	158.380	158.408	3498	0	5
2026.01.15	03:00:00	158.409	158.431	158.225	158.352	3939	0	5
2026.01.15	04:00:00	158.353	158.539	158.305	158.520	2675	0	5
2026.01.15	05:00:00	158.521	158.639	158.492	158.512	2306	0	5
2026.01.15	06:00:00	158.513	158.645	158.472	158.586	1938	0	5
2026.01.15	07:00:00	158.587	158.609	158.377	158.431	2317	0	5
2026.01.15	08:00:00	158.428	158.647	158.393	158.611	2861	0	5
2026.01.15	09:00:00	158.612	158.730	158.449	158.581	3987	0	5
2026.01.15	10:00:00	158.580	158.710	158.535	158.685	3992	0	5
2026.01.15	11:00:00	158.687	158.697	158.302	158.397	4462	0	5
2026.01.15	12:00:00	158.390	158.471	158.342	158.465	2949	0	5
2026.01.15	13:00:00	158.463	158.564	158.430	158.562	2426	0	5
2026.01.15	14:00:00	158.561	158.601	158.485	158.595	2461	0	4
2026.01.15	15:00:00	158.602	158.853	158.552	158.827	5375	0	4
2026.01.15	16:00:00	158.828	158.877	158.644	158.740	5364	0	4
2026.01.15	17:00:00	158.738	158.741	158.472	158.537	4745	0	4
2026.01.15	18:00:00	158.536	158.566	158.408	158.497	3889	0	4
2026.01.15	19:00:00	158.497	158.537	158.439	158.507	2641	0	4
2026.01.15	20:00:00	158.503	158.518	158.474	158.491	2153	0	4
2026.01.15	21:00:00	158.492	158.558	158.460	158.526	2280	0	4
2026.01.15	22:00:00	158.521	158.642	158.508	158.640	1973	0	4
2026.01.15	23:00:00	158.637	158.669	158.600	158.640	1133	0	5
2026.01.16	00:00:00	158.595	158.606	158.564	158.599	401	0	64
2026.01.16	01:00:00	158.588	158.668	158.559	158.585	1113	0	6
2026.01.16	02:00:00	158.584	158.697	158.518	158.653	2429	0	5
2026.01.16	03:00:00	158.654	158.678	158.468	158.595	2558	0	5
2026.01.16	04:00:00	158.596	158.626	157.965	158.303	3981	0	5
2026.01.16	05:00:00	158.301	158.311	158.103	158.104	2532	0	5
2026.01.16	06:00:00	158.103	158.291	158.095	158.275	1856	0	5
2026.01.16	07:00:00	158.276	158.378	158.222	158.377	1759	0	5
2026.01.16	08:00:00	158.376	158.445	158.333	158.385	1982	0	5
2026.01.16	09:00:00	158.388	158.401	158.096	158.170	3655	0	5
2026.01.16	10:00:00	158.166	158.253	158.009	158.207	3805	0	5
2026.01.16	11:00:00	158.208	158.214	158.072	158.194	2888	0	5
2026.01.16	12:00:00	158.193	158.217	158.072	158.125	2847	0	5
2026.01.16	13:00:00	158.126	158.152	158.050	158.092	2675	0	5
2026.01.16	14:00:00	158.093	158.219	158.071	158.151	3294	0	4
2026.01.16	15:00:00	158.151	158.152	157.941	158.019	3658	0	4
2026.01.16	16:00:00	158.018	158.117	157.838	157.907	3793	0	4
2026.01.16	17:00:00	157.907	158.263	157.821	158.062	6647	0	4
2026.01.16	18:00:00	158.063	158.098	157.931	158.020	4786	0	4
2026.01.16	19:00:00	158.016	158.158	158.016	158.139	2959	0	4
2026.01.16	20:00:00	158.139	158.240	158.122	158.174	2656	0	4
2026.01.16	21:00:00	158.176	158.209	158.096	158.121	1982	0	4
2026.01.16	22:00:00	158.120	158.120	158.034	158.077	2089	0	4
2026.01.16	23:00:00	158.076	158.127	158.060	158.081	1115	0	5
2026.01.19	00:00:00	157.883	157.932	157.779	157.837	1646	0	77
2026.01.19	01:00:00	157.838	157.840	157.498	157.547	4806	0	6
2026.01.19	02:00:00	157.552	157.874	157.445	157.473	5044	0	5
2026.01.19	03:00:00	157.474	157.697	157.423	157.684	4064	0	5
2026.01.19	04:00:00	157.683	157.927	157.683	157.859	2698	0	5
2026.01.19	05:00:00	157.863	157.943	157.806	157.879	2454	0	5
2026.01.19	06:00:00	157.878	157.911	157.820	157.827	2249	0	5
2026.01.19	07:00:00	157.825	157.942	157.751	157.898	2379	0	5
2026.01.19	08:00:00	157.902	157.935	157.787	157.813	2265	0	5
2026.01.19	09:00:00	157.811	158.121	157.742	158.076	3393	0	5
2026.01.19	10:00:00	158.075	158.147	157.999	158.025	3165	0	5
2026.01.19	11:00:00	158.026	158.164	157.859	157.925	4579	0	5
2026.01.19	12:00:00	157.927	157.991	157.825	157.882	2585	0	5
2026.01.19	13:00:00	157.883	158.106	157.881	158.038	2176	0	5
2026.01.19	14:00:00	158.037	158.058	157.917	158.019	2842	0	4
2026.01.19	15:00:00	158.018	158.028	157.876	157.915	2246	0	4
2026.01.19	16:00:00	157.916	157.944	157.865	157.898	2541	0	4
2026.01.19	17:00:00	157.899	158.076	157.859	158.058	3037	0	4
2026.01.19	18:00:00	158.056	158.137	158.036	158.073	2092	0	4
2026.01.19	19:00:00	158.060	158.099	158.011	158.030	1523	0	4
2026.01.19	20:00:00	158.031	158.072	158.001	158.072	1197	0	4
2026.01.19	21:00:00	158.075	158.108	158.072	158.080	983	0	4
2026.01.19	22:00:00	158.083	158.153	158.075	158.125	677	0	4
2026.01.19	23:00:00	158.128	158.139	158.099	158.114	463	0	4
2026.01.20	00:00:00	158.023	158.086	158.002	158.081	352	0	64
2026.01.20	01:00:00	158.112	158.224	158.096	158.160	1120	0	6
2026.01.20	02:00:00	158.161	158.279	157.901	157.936	3910	0	5
2026.01.20	03:00:00	157.939	158.190	157.844	157.948	4083	0	5
2026.01.20	04:00:00	157.947	158.077	157.942	158.032	2458	0	5
2026.01.20	05:00:00	158.024	158.032	157.905	157.972	2129	0	5
2026.01.20	06:00:00	157.962	158.099	157.892	158.026	2597	0	5
2026.01.20	07:00:00	158.027	158.122	157.948	158.101	2564	0	5
2026.01.20	08:00:00	158.098	158.465	158.098	158.411	3622	0	5
2026.01.20	09:00:00	158.416	158.601	158.301	158.369	5151	0	5
2026.01.20	10:00:00	158.370	158.392	157.745	157.814	6835	0	5
2026.01.20	11:00:00	157.813	157.814	157.555	157.729	6043	0	5
2026.01.20	12:00:00	157.725	157.937	157.694	157.810	4224	0	5
2026.01.20	13:00:00	157.804	157.911	157.686	157.748	3908	0	5
2026.01.20	14:00:00	157.749	157.893	157.653	157.862	4340	0	4
2026.01.20	15:00:00	157.870	157.967	157.466	157.842	6630	0	4
2026.01.20	16:00:00	157.841	158.078	157.743	158.037	8062	0	4
2026.01.20	17:00:00	158.036	158.110	157.850	157.923	5315	0	4
2026.01.20	18:00:00	157.930	158.074	157.854	157.892	3567	0	4
2026.01.20	19:00:00	157.892	157.985	157.854	157.953	3335	0	4
2026.01.20	20:00:00	157.955	158.057	157.946	158.050	3111	0	4
2026.01.20	21:00:00	158.051	158.296	158.041	158.283	2729	0	4
2026.01.20	22:00:00	158.284	158.288	158.185	158.207	3039	0	4
2026.01.20	23:00:00	158.208	158.229	158.145	158.149	1354	0	4
2026.01.21	00:00:00	158.132	158.142	158.092	158.138	289	0	64
2026.01.21	01:00:00	158.144	158.204	158.037	158.146	1540	0	6
2026.01.21	02:00:00	158.161	158.280	158.113	158.113	3707	0	5
2026.01.21	03:00:00	158.106	158.166	157.855	157.959	4152	0	5
2026.01.21	04:00:00	157.960	158.074	157.889	157.914	2063	0	5
2026.01.21	05:00:00	157.915	158.146	157.887	158.087	2303	0	5
2026.01.21	06:00:00	158.086	158.130	157.995	158.032	1902	0	5
2026.01.21	07:00:00	158.033	158.235	158.030	158.204	2508	0	5
2026.01.21	08:00:00	158.201	158.255	158.078	158.142	2559	0	5
2026.01.21	09:00:00	158.143	158.165	157.873	157.924	3245	0	5
2026.01.21	10:00:00	157.923	157.985	157.816	157.870	3230	0	5
2026.01.21	11:00:00	157.871	158.036	157.831	158.003	2661	0	5
2026.01.21	12:00:00	158.004	158.086	157.987	158.022	2444	0	5
2026.01.21	13:00:00	158.023	158.075	157.911	157.912	2797	0	5
2026.01.21	14:00:00	157.911	157.939	157.746	157.791	3260	0	4
2026.01.21	15:00:00	157.787	157.937	157.762	157.885	3606	0	4
2026.01.21	16:00:00	157.884	158.151	157.873	158.114	7624	0	4
2026.01.21	17:00:00	158.113	158.308	158.061	158.215	6375	0	4
2026.01.21	18:00:00	158.214	158.257	158.075	158.165	5271	0	4
2026.01.21	19:00:00	158.155	158.213	158.037	158.140	3689	0	4
2026.01.21	20:00:00	158.141	158.242	158.112	158.217	3090	0	4
2026.01.21	21:00:00	158.216	158.532	158.136	158.383	4612	0	4
2026.01.21	22:00:00	158.382	158.497	158.329	158.372	3023	0	4
2026.01.21	23:00:00	158.374	158.415	158.265	158.303	1319	0	5
2026.01.22	00:00:00	158.279	158.313	158.256	158.303	1017	0	64
2026.01.22	01:00:00	158.309	158.485	158.270	158.454	1564	0	6
2026.01.22	02:00:00	158.456	158.486	158.173	158.239	3644	0	5
2026.01.22	03:00:00	158.246	158.366	158.217	158.349	2735	0	5
2026.01.22	04:00:00	158.348	158.476	158.339	158.464	2244	0	5
2026.01.22	05:00:00	158.465	158.588	158.400	158.558	2282	0	5
2026.01.22	06:00:00	158.559	158.702	158.553	158.645	2150	0	5
2026.01.22	07:00:00	158.652	158.732	158.627	158.714	2387	0	5
2026.01.22	08:00:00	158.715	158.848	158.700	158.777	2565	0	5
2026.01.22	09:00:00	158.769	158.892	158.756	158.774	3311	0	5
2026.01.22	10:00:00	158.778	158.855	158.729	158.770	3696	0	5
2026.01.22	11:00:00	158.761	158.776	158.606	158.694	3427	0	5
2026.01.22	12:00:00	158.692	158.761	158.625	158.632	2698	0	5
2026.01.22	13:00:00	158.633	158.700	158.534	158.591	3675	0	5
2026.01.22	14:00:00	158.592	158.826	158.542	158.818	3375	0	4
2026.01.22	15:00:00	158.819	158.855	158.622	158.699	4512	0	4
2026.01.22	16:00:00	158.700	158.759	158.533	158.616	3998	0	4
2026.01.22	17:00:00	158.614	158.645	158.349	158.392	5333	0	4
2026.01.22	18:00:00	158.383	158.423	158.256	158.358	4212	0	4
2026.01.22	19:00:00	158.360	158.503	158.236	158.306	3914	0	4
2026.01.22	20:00:00	158.308	158.334	158.276	158.307	2752	0	4
2026.01.22	21:00:00	158.306	158.468	158.297	158.406	2035	0	4
2026.01.22	22:00:00	158.403	158.441	158.334	158.439	2352	0	4
2026.01.22	23:00:00	158.438	158.465	158.375	158.418	1275	0	4
2026.01.23	00:00:00	158.325	158.375	158.325	158.368	371	0	64
2026.01.23	01:00:00	158.367	158.531	158.345	158.484	1760	0	6
2026.01.23	02:00:00	158.486	158.579	158.433	158.524	2972	0	5
2026.01.23	03:00:00	158.521	158.659	158.478	158.639	2518	0	5
2026.01.23	04:00:00	158.638	158.679	158.504	158.601	2280	0	5
2026.01.23	05:00:00	158.594	158.737	158.501	158.630	2781	0	5
2026.01.23	06:00:00	158.631	158.665	158.535	158.545	1643	0	5
2026.01.23	07:00:00	158.547	158.639	158.469	158.623	1708	0	5
2026.01.23	08:00:00	158.625	158.947	158.541	158.870	3726	0	5
2026.01.23	09:00:00	158.877	159.223	157.329	158.387	6914	0	5
2026.01.23	10:00:00	158.389	158.489	158.105	158.133	6355	0	6
2026.01.23	11:00:00	158.134	158.144	157.862	158.005	5388	0	6
2026.01.23	12:00:00	158.003	158.246	157.992	158.193	3422	0	6
2026.01.23	13:00:00	158.192	158.314	158.133	158.134	3325	0	6
2026.01.23	14:00:00	158.129	158.258	158.089	158.150	2795	0	4
2026.01.23	15:00:00	158.151	158.276	158.088	158.265	3304	0	4
2026.01.23	16:00:00	158.266	158.337	158.199	158.259	4092	0	4
2026.01.23	17:00:00	158.258	158.302	158.091	158.109	4126	0	4
2026.01.23	18:00:00	158.107	158.222	157.367	157.564	6234	0	4
2026.01.23	19:00:00	157.566	157.617	156.125	156.358	9725	0	4
2026.01.23	20:00:00	156.357	156.632	156.020	156.166	7087	0	4
2026.01.23	21:00:00	156.164	156.259	155.683	155.887	5592	0	4
2026.01.23	22:00:00	155.887	155.960	155.733	155.816	4663	0	4
2026.01.23	23:00:00	155.822	155.866	155.617	155.702	2244	0	5
2026.01.26	00:00:00	154.827	155.159	154.199	154.487	2404	0	77
2026.01.26	01:00:00	154.488	155.274	154.472	155.147	5163	0	6
2026.01.26	02:00:00	155.148	155.343	154.664	154.840	7137	0	5
2026.01.26	03:00:00	154.841	154.929	154.303	154.422	6727	0	5
2026.01.26	04:00:00	154.423	154.481	153.886	153.993	6500	0	5
2026.01.26	05:00:00	153.991	154.338	153.951	154.210	4283	0	5
2026.01.26	06:00:00	154.200	154.274	153.808	154.030	4710	0	5
2026.01.26	07:00:00	154.029	154.113	153.922	154.106	4034	0	5
2026.01.26	08:00:00	154.107	154.414	154.025	154.245	4880	0	5
2026.01.26	09:00:00	154.244	154.320	153.907	154.247	5863	0	5
2026.01.26	10:00:00	154.252	154.340	153.396	153.918	7313	0	5
2026.01.26	11:00:00	153.916	154.133	153.530	153.669	6863	0	5
2026.01.26	12:00:00	153.668	153.883	153.529	153.558	4962	0	5
2026.01.26	13:00:00	153.555	153.825	153.301	153.737	5357	0	5
2026.01.26	14:00:00	153.750	154.188	153.736	154.130	5195	0	4
2026.01.26	15:00:00	154.131	154.332	154.043	154.059	5283	0	4
2026.01.26	16:00:00	154.058	154.131	153.694	153.738	5599	0	4
2026.01.26	17:00:00	153.739	153.880	153.614	153.801	5319	0	4
2026.01.26	18:00:00	153.811	154.026	153.712	153.885	4955	0	4
2026.01.26	19:00:00	153.881	154.109	153.862	153.971	3842	0	4
2026.01.26	20:00:00	153.970	154.191	153.894	154.160	3645	0	4
2026.01.26	21:00:00	154.156	154.271	154.023	154.035	4649	0	4
2026.01.26	22:00:00	154.037	154.144	153.857	154.083	4142	0	4
2026.01.26	23:00:00	154.084	154.251	154.058	154.215	1977	0	5
2026.01.27	00:00:00	154.132	154.234	154.077	154.127	447	0	64
2026.01.27	01:00:00	154.130	154.420	154.079	154.386	1946	0	6
2026.01.27	02:00:00	154.381	154.447	154.122	154.286	4049	0	5
2026.01.27	03:00:00	154.288	154.407	154.244	154.346	3903	0	5
2026.01.27	04:00:00	154.347	154.362	154.085	154.259	2896	0	5
2026.01.27	05:00:00	154.261	154.462	154.238	154.415	2530	0	5
2026.01.27	06:00:00	154.416	154.622	154.413	154.592	3438	0	5
2026.01.27	07:00:00	154.591	154.640	154.428	154.497	3069	0	5
2026.01.27	08:00:00	154.497	154.610	154.366	154.530	3292	0	5
2026.01.27	09:00:00	154.526	154.762	154.469	154.731	4484	0	5
2026.01.27	10:00:00	154.730	154.876	154.640	154.704	4514	0	5
2026.01.27	11:00:00	154.703	154.733	153.188	153.740	4825	0	5
2026.01.27	12:00:00	153.751	154.191	153.556	153.743	7074	0	5
2026.01.27	13:00:00	153.735	153.762	153.563	153.727	4940	0	5
2026.01.27	14:00:00	153.725	153.791	153.256	153.303	7053	0	4
2026.01.27	15:00:00	153.289	153.420	152.997	153.251	7616	0	4
2026.01.27	16:00:00	153.243	153.373	152.926	153.218	7657	0	4
2026.01.27	17:00:00	153.208	153.336	152.872	153.239	7432	0	4
2026.01.27	18:00:00	153.240	153.265	152.946	153.040	5274	0	4
2026.01.27	19:00:00	153.039	153.148	152.605	152.763	5012	0	4
2026.01.27	20:00:00	152.762	152.878	152.571	152.763	4551	0	4
2026.01.27	21:00:00	152.763	152.838	152.703	152.710	3058	0	4
2026.01.27	22:00:00	152.713	152.839	152.092	152.378	6273	0	4
2026.01.27	23:00:00	152.379	152.476	152.178	152.182	4381	0	5
2026.01.28	00:00:00	152.258	152.391	152.164	152.268	1332	0	64
2026.01.28	01:00:00	152.277	152.620	152.259	152.494	3834	0	6
2026.01.28	02:00:00	152.495	152.711	152.434	152.633	6257	0	5
2026.01.28	03:00:00	152.632	152.993	152.597	152.987	5606	0	5
2026.01.28	04:00:00	152.988	153.065	152.811	152.840	4338	0	5
2026.01.28	05:00:00	152.828	152.836	152.647	152.723	3444	0	5
2026.01.28	06:00:00	152.720	152.835	152.525	152.559	2903	0	5
2026.01.28	07:00:00	152.560	152.733	152.473	152.628	3854	0	5
2026.01.28	08:00:00	152.642	152.724	152.554	152.650	4059	0	5
2026.01.28	09:00:00	152.649	152.732	152.278	152.648	5456	0	5
2026.01.28	10:00:00	152.641	152.803	152.405	152.632	6763	0	5
2026.01.28	11:00:00	152.633	152.760	152.563	152.708	5432	0	5
2026.01.28	12:00:00	152.709	152.722	152.349	152.568	4915	0	5
2026.01.28	13:00:00	152.569	152.721	152.548	152.603	4253	0	5
2026.01.28	14:00:00	152.599	152.640	152.391	152.567	4404	0	4
2026.01.28	15:00:00	152.566	152.911	152.543	152.849	4735	0	4
2026.01.28	16:00:00	152.849	152.990	152.648	152.826	5684	0	4
2026.01.28	17:00:00	152.826	153.733	152.770	153.461	10305	0	4
2026.01.28	18:00:00	153.464	153.785	153.414	153.598	6699	0	4
2026.01.28	19:00:00	153.600	153.753	153.523	153.526	4583	0	4
2026.01.28	20:00:00	153.527	153.946	153.525	153.809	4871	0	4
2026.01.28	21:00:00	153.800	154.043	153.460	153.488	8493	0	4
2026.01.28	22:00:00	153.489	153.574	153.304	153.377	5419	0	4
2026.01.28	23:00:00	153.380	153.460	153.297	153.401	2473	0	5
2026.01.29	00:00:00	153.388	153.404	153.345	153.394	659	0	64
2026.01.29	01:00:00	153.398	153.419	153.027	153.078	3380	0	6
2026.01.29	02:00:00	153.077	153.204	152.763	153.093	6182	0	5
2026.01.29	03:00:00	153.094	153.353	153.073	153.260	5771	0	5
2026.01.29	04:00:00	153.265	153.392	153.028	153.114	4327	0	5
2026.01.29	05:00:00	153.115	153.181	152.904	152.926	3499	0	5
2026.01.29	06:00:00	152.923	153.220	152.901	152.973	3493	0	5
2026.01.29	07:00:00	152.974	153.087	152.902	153.013	3075	0	5
2026.01.29	08:00:00	153.014	153.153	152.920	153.050	3824	0	5
2026.01.29	09:00:00	153.052	153.418	152.988	153.309	4134	0	5
2026.01.29	10:00:00	153.312	153.456	153.156	153.320	5511	0	5
2026.01.29	11:00:00	153.319	153.381	153.138	153.313	4395	0	5
2026.01.29	12:00:00	153.311	153.449	153.275	153.431	4453	0	5
2026.01.29	13:00:00	153.432	153.535	153.377	153.462	3920	0	5
2026.01.29	14:00:00	153.460	153.472	153.225	153.225	3895	0	4
2026.01.29	15:00:00	153.226	153.404	153.172	153.332	5531	0	4
2026.01.29	16:00:00	153.331	153.391	153.007	153.067	6425	0	4
2026.01.29	17:00:00	153.070	153.510	152.676	152.809	11092	0	4
2026.01.29	18:00:00	152.808	153.047	152.720	152.887	7427	0	4
2026.01.29	19:00:00	152.886	152.968	152.802	152.900	6445	0	4
2026.01.29	20:00:00	152.903	153.144	152.902	153.017	5215	0	4
2026.01.29	21:00:00	153.016	153.165	153.013	153.074	4140	0	4
2026.01.29	22:00:00	153.081	153.211	153.015	153.113	3272	0	4
2026.01.29	23:00:00	153.113	153.171	153.050	153.099	1914	0	5
2026.01.30	00:00:00	152.923	153.106	152.919	152.975	1094	0	64
2026.01.30	01:00:00	152.967	153.187	152.862	153.139	2290	0	6
2026.01.30	02:00:00	153.140	153.645	153.077	153.501	5795	0	5
2026.01.30	03:00:00	153.502	153.787	153.458	153.754	6728	0	5
2026.01.30	04:00:00	153.753	153.977	153.649	153.805	7001	0	5
2026.01.30	05:00:00	153.806	153.968	153.766	153.951	4243	0	5
2026.01.30	06:00:00	153.953	153.967	153.839	153.922	3227	0	5
2026.01.30	07:00:00	153.920	154.132	153.771	153.919	4203	0	5
2026.01.30	08:00:00	153.918	153.985	153.750	153.906	4903	0	5
2026.01.30	09:00:00	153.901	154.052	153.714	153.804	5776	0	5
2026.01.30	10:00:00	153.795	153.955	153.706	153.939	6244	0	5
2026.01.30	11:00:00	153.941	154.283	153.930	154.274	6219	0	5
2026.01.30	12:00:00	154.275	154.380	154.084	154.164	5368	0	5
2026.01.30	13:00:00	154.165	154.172	153.851	153.856	4773	0	5
2026.01.30	14:00:00	153.859	154.068	153.795	154.035	5544	0	4
2026.01.30	15:00:00	154.036	154.373	153.986	154.365	6610	0	4
2026.01.30	16:00:00	154.365	154.520	154.244	154.461	6283	0	4
2026.01.30	17:00:00	154.462	154.758	154.213	154.219	7956	0	4
2026.01.30	18:00:00	154.220	154.393	154.163	154.333	6482	0	4
2026.01.30	19:00:00	154.336	154.530	154.313	154.441	6549	0	4
2026.01.30	20:00:00	154.446	154.636	154.286	154.399	8081	0	4
2026.01.30	21:00:00	154.400	154.686	154.363	154.531	6177	0	4
2026.01.30	22:00:00	154.528	154.772	154.528	154.757	5581	0	4
2026.01.30	23:00:00	154.759	154.790	154.700	154.766	2722	0	5
2026.02.02	00:00:00	154.816	155.380	154.816	155.188	1422	0	77
2026.02.02	01:00:00	155.189	155.508	155.083	155.224	5628	0	6
2026.02.02	02:00:00	155.207	155.268	154.822	155.229	6586	0	5
2026.02.02	03:00:00	155.236	155.387	155.009	155.035	6224	0	5
2026.02.02	04:00:00	155.036	155.140	154.841	155.137	5619	0	5
2026.02.02	05:00:00	155.139	155.143	154.895	154.974	4682	0	5
2026.02.02	06:00:00	154.970	154.975	154.754	154.833	4765	0	5
2026.02.02	07:00:00	154.834	154.964	154.752	154.890	5240	0	5
2026.02.02	08:00:00	154.892	154.986	154.548	154.594	6801	0	5
2026.02.02	09:00:00	154.592	154.917	154.575	154.903	5659	0	5
2026.02.02	10:00:00	154.893	155.064	154.749	154.970	5842	0	5
2026.02.02	11:00:00	154.969	154.989	154.749	154.771	4784	0	5
2026.02.02	12:00:00	154.772	154.884	154.720	154.756	4049	0	5
2026.02.02	13:00:00	154.757	154.880	154.721	154.751	3692	0	5
2026.02.02	14:00:00	154.757	155.005	154.708	154.940	5251	0	4
2026.02.02	15:00:00	154.938	155.296	154.933	155.221	5875	0	4
2026.02.02	16:00:00	155.228	155.399	155.141	155.305	6038	0	4
2026.02.02	17:00:00	155.301	155.702	155.301	155.666	7624	0	4
2026.02.02	18:00:00	155.665	155.680	155.490	155.503	6259	0	4
2026.02.02	19:00:00	155.502	155.555	155.416	155.507	5243	0	4
2026.02.02	20:00:00	155.507	155.735	155.502	155.663	3962	0	4
2026.02.02	21:00:00	155.662	155.785	155.617	155.624	3603	0	4
2026.02.02	22:00:00	155.623	155.665	155.522	155.583	3621	0	4
2026.02.02	23:00:00	155.584	155.606	155.526	155.606	2161	0	5
2026.02.03	00:00:00	155.621	155.623	155.524	155.538	981	0	64
2026.02.03	01:00:00	155.543	155.596	155.414	155.465	2176	0	6
2026.02.03	02:00:00	155.466	155.595	155.438	155.468	4458	0	5
2026.02.03	03:00:00	155.467	155.616	155.408	155.469	4618	0	5
2026.02.03	04:00:00	155.470	155.543	155.378	155.537	3710	0	5
2026.02.03	05:00:00	155.536	155.554	155.402	155.473	3569	0	5
2026.02.03	06:00:00	155.472	155.494	155.299	155.410	3174	0	5
2026.02.03	07:00:00	155.411	155.471	155.338	155.428	2722	0	5
2026.02.03	08:00:00	155.426	155.475	155.356	155.418	3224	0	5
2026.02.03	09:00:00	155.420	155.523	155.302	155.403	4380	0	5
2026.02.03	10:00:00	155.399	155.579	155.364	155.531	4926	0	5
2026.02.03	11:00:00	155.528	155.875	155.509	155.872	4550	0	5
2026.02.03	12:00:00	155.873	155.951	155.786	155.925	3075	0	5
2026.02.03	13:00:00	155.924	155.981	155.873	155.950	2942	0	5
2026.02.03	14:00:00	155.949	155.957	155.849	155.872	3737	0	4
2026.02.03	15:00:00	155.873	155.892	155.770	155.883	4173	0	4
2026.02.03	16:00:00	155.880	156.079	155.793	155.861	5018	0	4
2026.02.03	17:00:00	155.864	155.930	155.704	155.711	5671	0	4
2026.02.03	18:00:00	155.708	155.775	155.661	155.712	4625	0	4
2026.02.03	19:00:00	155.703	155.729	155.524	155.720	5307	0	4
2026.02.03	20:00:00	155.722	155.800	155.601	155.649	4379	0	4
2026.02.03	21:00:00	155.648	155.802	155.643	155.771	3748	0	4
2026.02.03	22:00:00	155.766	155.808	155.695	155.730	3713	0	4
2026.02.03	23:00:00	155.729	155.784	155.693	155.746	2375	0	5
2026.02.04	00:00:00	155.722	155.792	155.707	155.728	634	0	64
2026.02.04	01:00:00	155.727	155.853	155.690	155.802	1666	0	6
2026.02.04	02:00:00	155.809	156.030	155.803	156.024	3880	0	5
2026.02.04	03:00:00	156.029	156.185	156.016	156.135	3949	0	4
2026.02.04	04:00:00	156.139	156.288	156.121	156.262	2683	0	4
2026.02.04	05:00:00	156.263	156.390	156.245	156.319	2449	0	5
2026.02.04	06:00:00	156.320	156.360	156.244	156.276	2004	0	5
2026.02.04	07:00:00	156.277	156.351	156.235	156.296	2396	0	5
2026.02.04	08:00:00	156.295	156.383	156.231	156.352	2744	0	5
2026.02.04	09:00:00	156.347	156.463	156.317	156.420	3059	0	5
2026.02.04	10:00:00	156.421	156.492	156.390	156.463	3626	0	5
2026.02.04	11:00:00	156.461	156.666	156.392	156.642	3326	0	5
2026.02.04	12:00:00	156.645	156.805	156.611	156.734	2988	0	5
2026.02.04	13:00:00	156.735	156.852	156.713	156.819	3247	0	5
2026.02.04	14:00:00	156.820	156.822	156.595	156.625	3688	0	4
2026.02.04	15:00:00	156.624	156.761	156.457	156.475	5202	0	4
2026.02.04	16:00:00	156.473	156.591	156.410	156.444	6205	0	4
2026.02.04	17:00:00	156.437	156.705	156.347	156.651	6661	0	4
2026.02.04	18:00:00	156.652	156.736	156.551	156.617	5104	0	4
2026.02.04	19:00:00	156.614	156.692	156.459	156.671	5877	0	4
2026.02.04	20:00:00	156.671	156.781	156.629	156.775	4399	0	4
2026.02.04	21:00:00	156.775	156.890	156.739	156.821	4061	0	4
2026.02.04	22:00:00	156.822	156.937	156.804	156.920	3151	0	4
2026.02.04	23:00:00	156.921	156.942	156.892	156.903	2249	0	5
2026.02.05	00:00:00	156.767	156.843	156.748	156.800	787	0	64
2026.02.05	01:00:00	156.824	156.938	156.806	156.903	1890	0	6
2026.02.05	02:00:00	156.902	156.979	156.702	156.784	3273	0	5
2026.02.05	03:00:00	156.783	156.941	156.782	156.861	3130	0	5
2026.02.05	04:00:00	156.859	156.965	156.780	156.878	4516	0	5
2026.02.05	05:00:00	156.876	156.912	156.680	156.794	3556	0	5
2026.02.05	06:00:00	156.793	156.868	156.793	156.813	2373	0	5
2026.02.05	07:00:00	156.814	156.986	156.813	156.977	1814	0	5
2026.02.05	08:00:00	156.979	157.060	156.852	157.001	3846	0	5
2026.02.05	09:00:00	157.009	157.196	156.918	157.095	3851	0	5
2026.02.05	10:00:00	157.097	157.157	157.005	157.006	5156	0	5
2026.02.05	11:00:00	157.005	157.335	156.998	157.329	4616	0	5
2026.02.05	12:00:00	157.316	157.334	157.163	157.244	3166	0	5
2026.02.05	13:00:00	157.243	157.279	157.119	157.148	3087	0	5
2026.02.05	14:00:00	157.156	157.286	156.858	156.948	7064	0	4
2026.02.05	15:00:00	156.944	156.948	156.530	156.591	7494	0	4
2026.02.05	16:00:00	156.592	156.917	156.592	156.875	7576	0	4
2026.02.05	17:00:00	156.877	156.877	156.547	156.832	8132	0	4
2026.02.05	18:00:00	156.831	157.015	156.795	156.913	5740	0	4
2026.02.05	19:00:00	156.914	156.933	156.799	156.804	3653	0	4
2026.02.05	20:00:00	156.805	156.899	156.769	156.846	3208	0	4
2026.02.05	21:00:00	156.847	156.908	156.791	156.898	2960	0	4
2026.02.05	22:00:00	156.897	157.048	156.873	157.040	2545	0	4
2026.02.05	23:00:00	157.039	157.092	157.019	157.037	1928	0	5
2026.02.06	00:00:00	156.897	157.032	156.846	157.010	784	0	64
2026.02.06	01:00:00	157.017	157.050	156.711	156.801	2929	0	6
2026.02.06	02:00:00	156.802	156.832	156.590	156.650	5931	0	5
2026.02.06	03:00:00	156.649	156.787	156.507	156.659	5485	0	5
2026.02.06	04:00:00	156.658	156.827	156.650	156.730	3166	0	5
2026.02.06	05:00:00	156.731	156.766	156.678	156.735	2447	0	5
2026.02.06	06:00:00	156.734	156.745	156.627	156.645	2444	0	5
2026.02.06	07:00:00	156.646	156.767	156.594	156.757	2695	0	5
2026.02.06	08:00:00	156.759	156.902	156.757	156.786	3674	0	5
2026.02.06	09:00:00	156.785	156.891	156.672	156.887	3543	0	5
2026.02.06	10:00:00	156.886	156.988	156.793	156.987	4122	0	5
2026.02.06	11:00:00	156.988	157.072	156.973	157.050	3234	0	5
2026.02.06	12:00:00	157.051	157.078	156.903	156.956	2502	0	5
2026.02.06	13:00:00	156.957	157.154	156.948	157.044	3228	0	5
2026.02.06	14:00:00	157.045	157.130	156.991	157.077	3301	0	4
2026.02.06	15:00:00	157.076	157.124	156.899	156.930	3783	0	4
2026.02.06	16:00:00	156.929	156.950	156.777	156.856	5029	0	4
2026.02.06	17:00:00	156.853	157.111	156.830	156.834	5767	0	4
2026.02.06	18:00:00	156.836	157.114	156.833	157.101	4073	0	4
2026.02.06	19:00:00	157.101	157.130	156.990	157.049	3095	0	4
2026.02.06	20:00:00	157.050	157.108	156.997	157.087	2619	0	4
2026.02.06	21:00:00	157.087	157.134	157.069	157.100	2044	0	4
2026.02.06	22:00:00	157.099	157.139	157.071	157.095	1877	0	4
2026.02.06	23:00:00	157.097	157.250	157.092	157.222	2072	0	5
2026.02.09	00:00:00	157.484	157.523	156.873	157.388	2344	0	77
2026.02.09	01:00:00	157.432	157.656	157.081	157.251	4213	0	6
2026.02.09	02:00:00	157.234	157.288	156.666	156.886	6776	0	5
2026.02.09	03:00:00	156.878	156.904	156.213	156.629	6566	0	5
2026.02.09	04:00:00	156.628	156.932	156.624	156.832	3860	0	5
2026.02.09	05:00:00	156.834	156.911	156.770	156.870	2902	0	5
2026.02.09	06:00:00	156.869	156.883	156.648	156.691	2706	0	5
2026.02.09	07:00:00	156.693	156.708	156.521	156.610	2445	0	5
2026.02.09	08:00:00	156.611	156.611	156.290	156.519	5161	0	5
2026.02.09	09:00:00	156.520	156.682	156.299	156.596	4386	0	5
2026.02.09	10:00:00	156.595	156.776	156.556	156.590	5195	0	5
2026.02.09	11:00:00	156.589	156.699	156.394	156.642	5601	0	5
2026.02.09	12:00:00	156.643	156.743	156.570	156.681	5662	0	5
2026.02.09	13:00:00	156.680	156.747	156.409	156.465	5716	0	5
2026.02.09	14:00:00	156.462	156.555	156.332	156.377	4956	0	4
2026.02.09	15:00:00	156.378	156.389	155.911	155.929	6136	0	4
2026.02.09	16:00:00	155.929	155.941	155.518	155.608	6827	0	4
2026.02.09	17:00:00	155.606	155.887	155.571	155.849	5663	0	4
2026.02.09	18:00:00	155.850	156.143	155.832	156.088	3994	0	4
2026.02.09	19:00:00	156.085	156.134	155.954	155.962	3361	0	4
2026.02.09	20:00:00	155.963	156.029	155.897	155.906	3106	0	4
2026.02.09	21:00:00	155.905	155.940	155.636	155.707	3104	0	4
2026.02.09	22:00:00	155.708	155.882	155.708	155.871	2989	0	4
2026.02.09	23:00:00	155.868	155.925	155.849	155.873	1581	0	5
2026.02.10	00:00:00	155.774	156.064	155.733	155.814	1328	0	64
2026.02.10	01:00:00	155.805	156.144	155.801	156.119	1701	0	6
2026.02.10	02:00:00	156.122	156.290	155.963	155.981	3446	0	5
2026.02.10	03:00:00	155.977	156.059	155.669	155.730	4456	0	5
2026.02.10	04:00:00	155.732	155.832	155.364	155.370	3560	0	5
2026.02.10	05:00:00	155.372	155.393	155.147	155.326	3313	0	5
2026.02.10	06:00:00	155.325	155.360	155.136	155.260	2697	0	5
2026.02.10	07:00:00	155.258	155.322	155.086	155.305	2632	0	5
2026.02.10	08:00:00	155.303	155.445	155.274	155.409	3270	0	5
2026.02.10	09:00:00	155.411	155.600	155.284	155.558	3665	0	5
2026.02.10	10:00:00	155.562	155.632	155.486	155.551	4157	0	5
2026.02.10	11:00:00	155.549	155.552	155.247	155.281	4279	0	5
2026.02.10	12:00:00	155.281	155.282	155.047	155.135	3739	0	5
2026.02.10	13:00:00	155.134	155.301	155.106	155.270	2911	0	5
2026.02.10	14:00:00	155.265	155.304	155.062	155.173	4280	0	4
2026.02.10	15:00:00	155.181	155.226	154.729	154.758	5811	0	4
2026.02.10	16:00:00	154.750	154.793	154.211	154.389	7158	0	4
2026.02.10	17:00:00	154.395	154.459	154.065	154.210	7074	0	4
2026.02.10	18:00:00	154.208	154.324	154.052	154.286	6149	0	4
2026.02.10	19:00:00	154.285	154.417	154.151	154.378	3904	0	4
2026.02.10	20:00:00	154.379	154.543	154.363	154.500	3770	0	4
2026.02.10	21:00:00	154.500	154.585	154.300	154.311	2704	0	4
2026.02.10	22:00:00	154.312	154.367	154.241	154.338	2790	0	4
2026.02.10	23:00:00	154.339	154.421	154.311	154.406	1482	0	5
2026.02.11	00:00:00	154.347	154.372	154.285	154.369	517	0	64
2026.02.11	01:00:00	154.369	154.505	154.364	154.497	1255	0	6
2026.02.11	02:00:00	154.496	154.513	153.997	154.048	3500	0	5
2026.02.11	03:00:00	154.047	154.066	153.833	153.979	3596	0	5
2026.02.11	04:00:00	153.977	153.977	153.612	153.613	3554	0	5
2026.02.11	05:00:00	153.612	153.733	153.548	153.555	2677	0	5
2026.02.11	06:00:00	153.560	153.581	153.262	153.313	2455	0	5
2026.02.11	07:00:00	153.312	153.391	152.996	153.038	2962	0	5
2026.02.11	08:00:00	153.037	153.183	152.799	153.144	4323	0	5
2026.02.11	09:00:00	153.152	153.322	153.082	153.106	4307	0	5
2026.02.11	10:00:00	153.104	153.311	153.022	153.146	5207	0	5
2026.02.11	11:00:00	153.147	153.404	153.104	153.203	4203	0	5
2026.02.11	12:00:00	153.204	153.329	153.175	153.309	3776	0	5
2026.02.11	13:00:00	153.311	153.521	153.311	153.494	3652	0	5
2026.02.11	14:00:00	153.493	153.660	153.464	153.597	5005	0	4
2026.02.11	15:00:00	153.598	154.650	152.821	153.827	9599	0	4
2026.02.11	16:00:00	153.829	153.961	153.340	153.443	9931	0	4
2026.02.11	17:00:00	153.445	153.684	153.168	153.618	7994	0	4
2026.02.11	18:00:00	153.617	153.683	152.933	152.936	5703	0	4
2026.02.11	19:00:00	152.935	153.021	152.551	152.825	6203	0	4
2026.02.11	20:00:00	152.824	152.959	152.561	152.708	5026	0	4
2026.02.11	21:00:00	152.708	152.943	152.708	152.939	3689	0	4
2026.02.11	22:00:00	152.941	153.250	152.918	153.212	2993	0	4
2026.02.11	23:00:00	153.214	153.304	153.194	153.290	1766	0	5
2026.02.12	00:00:00	153.036	153.230	153.036	153.103	1203	0	64
2026.02.12	01:00:00	153.094	153.280	153.082	153.266	1896	0	6
2026.02.12	02:00:00	153.267	153.444	153.091	153.108	4547	0	5
2026.02.12	03:00:00	153.109	153.160	152.790	152.853	5004	0	5
2026.02.12	04:00:00	152.858	152.893	152.516	152.536	4174	0	5
2026.02.12	05:00:00	152.537	152.638	152.267	152.559	4468	0	5
2026.02.12	06:00:00	152.560	152.855	152.426	152.854	3787	0	5
2026.02.12	07:00:00	152.850	153.189	152.817	153.101	3560	0	5
2026.02.12	08:00:00	153.102	153.549	152.943	153.311	5991	0	5
2026.02.12	09:00:00	153.312	153.354	152.858	153.033	4850	0	5
2026.02.12	10:00:00	153.032	153.064	152.810	152.917	5043	0	5
2026.02.12	11:00:00	152.916	153.012	152.797	152.912	4677	0	5
2026.02.12	12:00:00	152.909	153.116	152.901	153.116	4022	0	5
2026.02.12	13:00:00	153.117	153.330	153.035	153.310	3114	0	5
2026.02.12	14:00:00	153.309	153.757	153.278	153.667	4735	0	4
2026.02.12	15:00:00	153.675	153.721	153.224	153.264	5701	0	4
2026.02.12	16:00:00	153.265	153.395	152.955	153.024	6861	0	4
2026.02.12	17:00:00	153.027	153.059	152.629	152.648	7064	0	4
2026.02.12	18:00:00	152.647	152.815	152.363	152.651	9509	0	4
2026.02.12	19:00:00	152.652	152.884	152.547	152.851	7108	0	4
2026.02.12	20:00:00	152.852	152.970	152.746	152.931	6007	0	4
2026.02.12	21:00:00	152.929	152.988	152.870	152.900	3705	0	4
2026.02.12	22:00:00	152.907	152.925	152.685	152.686	3769	0	4
2026.02.12	23:00:00	152.687	152.782	152.665	152.744	2105	0	4
2026.02.13	00:00:00	152.712	152.773	152.638	152.668	1318	0	64
2026.02.13	01:00:00	152.657	152.871	152.644	152.778	2183	0	6
2026.02.13	02:00:00	152.783	152.955	152.730	152.765	5010	0	5
2026.02.13	03:00:00	152.774	153.346	152.758	153.268	4593	0	5
2026.02.13	04:00:00	153.267	153.309	153.048	153.157	2745	0	5
2026.02.13	05:00:00	153.158	153.158	152.846	152.948	2698	0	5
2026.02.13	06:00:00	152.949	153.254	152.846	153.250	2652	0	5
2026.02.13	07:00:00	153.251	153.392	153.065	153.291	3478	0	5
2026.02.13	08:00:00	153.294	153.409	153.114	153.398	4117	0	5
2026.02.13	09:00:00	153.398	153.594	153.321	153.406	4168	0	5
2026.02.13	10:00:00	153.393	153.647	153.359	153.580	4711	0	5
2026.02.13	11:00:00	153.586	153.665	153.449	153.507	3637	0	5
2026.02.13	12:00:00	153.506	153.588	153.436	153.436	3348	0	5
2026.02.13	13:00:00	153.435	153.466	153.230	153.357	4068	0	5
2026.02.13	14:00:00	153.351	153.395	153.235	153.243	4742	0	4
2026.02.13	15:00:00	153.244	153.334	152.907	153.066	7445	0	4
2026.02.13	16:00:00	153.065	153.122	152.783	153.042	8289	0	4
2026.02.13	17:00:00	153.044	153.149	152.901	153.131	7526	0	4
2026.02.13	18:00:00	153.130	153.225	152.740	152.788	5213	0	4
2026.02.13	19:00:00	152.787	152.869	152.591	152.804	3719	0	4
2026.02.13	20:00:00	152.802	152.886	152.760	152.829	2436	0	4
2026.02.13	21:00:00	152.830	152.854	152.728	152.774	2529	0	4
2026.02.13	22:00:00	152.781	152.834	152.661	152.753	2680	0	4
2026.02.13	23:00:00	152.754	152.758	152.622	152.694	1582	0	5
2026.02.16	00:00:00	152.637	152.648	152.554	152.638	889	0	77
2026.02.16	01:00:00	152.650	152.865	152.648	152.797	2044	0	6
2026.02.16	02:00:00	152.796	153.111	152.762	153.099	3718	0	5
2026.02.16	03:00:00	153.102	153.161	152.962	153.020	3284	0	5
2026.02.16	04:00:00	153.019	153.109	152.970	153.010	2628	0	5
2026.02.16	05:00:00	153.009	153.098	152.992	153.068	2022	0	5
2026.02.16	06:00:00	153.069	153.247	152.982	153.234	2271	0	5
2026.02.16	07:00:00	153.235	153.242	153.141	153.193	1697	0	5
2026.02.16	08:00:00	153.195	153.223	153.074	153.133	1948	0	5
2026.02.16	09:00:00	153.130	153.387	153.127	153.342	2943	0	5
2026.02.16	10:00:00	153.340	153.457	153.211	153.343	4288	0	5
2026.02.16	11:00:00	153.342	153.611	153.293	153.567	3130	0	5
2026.02.16	12:00:00	153.571	153.635	153.516	153.524	2803	0	5
2026.02.16	13:00:00	153.525	153.551	153.353	153.369	2392	0	5
2026.02.16	14:00:00	153.365	153.411	153.323	153.370	2332	0	4
2026.02.16	15:00:00	153.371	153.448	153.296	153.333	2548	0	4
2026.02.16	16:00:00	153.332	153.392	153.254	153.355	2536	0	4
2026.02.16	17:00:00	153.356	153.476	153.297	153.463	2592	0	4
2026.02.16	18:00:00	153.462	153.569	153.405	153.488	2332	0	4
2026.02.16	19:00:00	153.488	153.561	153.453	153.468	1213	0	4
2026.02.16	20:00:00	153.469	153.516	153.455	153.502	637	0	4
2026.02.16	21:00:00	153.503	153.526	153.468	153.482	569	0	4
2026.02.16	22:00:00	153.482	153.502	153.448	153.501	556	0	4
2026.02.16	23:00:00	153.502	153.533	153.492	153.515	555	0	5
2026.02.17	00:00:00	153.411	153.498	153.402	153.489	284	0	64
2026.02.17	01:00:00	153.496	153.749	153.492	153.554	1864	0	6
2026.02.17	02:00:00	153.553	153.579	153.159	153.185	5316	0	5
2026.02.17	03:00:00	153.181	153.395	153.129	153.144	4677	0	5
2026.02.17	04:00:00	153.138	153.257	153.053	153.131	3594	0	5
2026.02.17	05:00:00	153.130	153.181	153.022	153.176	3342	0	5
2026.02.17	06:00:00	153.177	153.221	152.986	153.086	3125	0	5
2026.02.17	07:00:00	153.095	153.150	152.897	152.954	3862	0	5
2026.02.17	08:00:00	152.952	152.965	152.844	152.957	3201	0	5
2026.02.17	09:00:00	152.952	153.107	152.824	153.082	4567	0	5
2026.02.17	10:00:00	153.081	153.179	152.720	152.720	4845	0	5
2026.02.17	11:00:00	152.721	152.943	152.698	152.896	3303	0	5
2026.02.17	12:00:00	152.899	153.093	152.848	152.992	3259	0	5
2026.02.17	13:00:00	152.990	153.180	152.951	153.131	3663	0	5
2026.02.17	14:00:00	153.125	153.183	153.061	153.063	4292	0	4
2026.02.17	15:00:00	153.064	153.389	153.020	153.277	6269	0	4
2026.02.17	16:00:00	153.271	153.526	153.270	153.451	7101	0	4
2026.02.17	17:00:00	153.453	153.922	153.449	153.797	7465	0	4
2026.02.17	18:00:00	153.796	153.845	153.492	153.567	5939	0	4
2026.02.17	19:00:00	153.567	153.580	153.433	153.469	3403	0	4
2026.02.17	20:00:00	153.469	153.476	153.297	153.354	2781	0	4
2026.02.17	21:00:00	153.355	153.396	153.226	153.248	2309	0	4
2026.02.17	22:00:00	153.249	153.300	153.184	153.282	2088	0	4
2026.02.17	23:00:00	153.281	153.298	153.224	153.281	1169	0	5
2026.02.18	00:00:00	153.181	153.246	153.172	153.243	621	0	64
2026.02.18	01:00:00	153.261	153.300	153.102	153.130	1690	0	6
2026.02.18	02:00:00	153.133	153.302	153.064	153.228	3955	0	5
2026.02.18	03:00:00	153.227	153.462	153.224	153.438	2950	0	5
2026.02.18	04:00:00	153.440	153.700	153.439	153.513	2452	0	5
2026.02.18	05:00:00	153.512	153.602	153.463	153.601	2213	0	5
2026.02.18	06:00:00	153.604	153.618	153.507	153.598	2097	0	5
2026.02.18	07:00:00	153.599	153.611	153.452	153.457	1744	0	5
2026.02.18	08:00:00	153.456	153.530	153.391	153.417	2517	0	5
2026.02.18	09:00:00	153.418	153.710	153.415	153.667	3271	0	5
2026.02.18	10:00:00	153.666	153.789	153.573	153.721	3690	0	5
2026.02.18	11:00:00	153.720	153.796	153.639	153.727	2782	0	5
2026.02.18	12:00:00	153.726	153.856	153.695	153.809	2686	0	5
2026.02.18	13:00:00	153.811	153.815	153.654	153.709	2260	0	5
2026.02.18	14:00:00	153.708	153.801	153.548	153.682	3209	0	4
2026.02.18	15:00:00	153.683	153.945	153.614	153.942	4496	0	4
2026.02.18	16:00:00	153.943	154.440	153.914	154.386	5922	0	4
2026.02.18	17:00:00	154.376	154.435	154.246	154.281	4675	0	4
2026.02.18	18:00:00	154.281	154.487	154.233	154.451	3324	0	4
2026.02.18	19:00:00	154.451	154.602	154.413	154.527	2381	0	4
2026.02.18	20:00:00	154.531	154.793	154.522	154.741	3075	0	4
2026.02.18	21:00:00	154.742	154.869	154.342	154.721	4965	0	4
2026.02.18	22:00:00	154.722	154.834	154.701	154.816	2255	0	4
2026.02.18	23:00:00	154.815	154.849	154.772	154.817	998	0	5
2026.02.19	00:00:00	154.756	154.765	154.716	154.734	378	0	64
2026.02.19	01:00:00	154.731	154.789	154.682	154.683	1519	0	6
2026.02.19	02:00:00	154.686	154.834	154.617	154.731	3631	0	5
2026.02.19	03:00:00	154.730	154.980	154.654	154.950	3522	0	5
2026.02.19	04:00:00	154.951	155.039	154.753	154.998	3228	0	5
2026.02.19	05:00:00	154.997	155.263	154.928	155.139	3509	0	5
2026.02.19	06:00:00	155.138	155.290	155.097	155.119	3158	0	5
2026.02.19	07:00:00	155.120	155.321	155.099	155.301	3302	0	5
2026.02.19	08:00:00	155.303	155.341	154.962	155.070	3485	0	5
2026.02.19	09:00:00	155.069	155.193	154.932	154.976	3346	0	5
2026.02.19	10:00:00	154.975	155.022	154.705	154.812	4850	0	5
2026.02.19	11:00:00	154.817	154.974	154.753	154.807	3699	0	5
2026.02.19	12:00:00	154.808	154.853	154.657	154.703	3553	0	5
2026.02.19	13:00:00	154.704	154.722	154.570	154.625	3278	0	5
2026.02.19	14:00:00	154.624	154.812	154.541	154.800	3367	0	4
2026.02.19	15:00:00	154.800	155.041	154.791	154.913	4395	0	4
2026.02.19	16:00:00	154.914	155.281	154.894	155.214	5987	0	4
2026.02.19	17:00:00	155.215	155.263	154.951	154.997	6626	0	4
2026.02.19	18:00:00	154.997	155.009	154.858	154.964	4789	0	4
2026.02.19	19:00:00	154.963	155.030	154.921	155.019	3550	0	4
2026.02.19	20:00:00	155.018	155.027	154.828	154.873	2969	0	4
2026.02.19	21:00:00	154.870	155.125	154.827	155.078	2691	0	4
2026.02.19	22:00:00	155.077	155.119	155.005	155.083	1956	0	4
2026.02.19	23:00:00	155.084	155.101	154.951	154.959	1337	0	5
2026.02.20	00:00:00	154.941	155.039	154.870	154.945	700	0	64
2026.02.20	01:00:00	154.972	155.207	154.925	155.194	2034	0	6
2026.02.20	02:00:00	155.193	155.236	154.896	155.069	3888	0	5
2026.02.20	03:00:00	155.081	155.312	154.961	155.142	4491	0	5
2026.02.20	04:00:00	155.140	155.235	155.052	155.200	3452	0	5
2026.02.20	05:00:00	155.199	155.210	155.088	155.140	2075	0	5
2026.02.20	06:00:00	155.142	155.220	155.071	155.208	2509	0	5
2026.02.20	07:00:00	155.202	155.365	155.169	155.290	3316	0	5
2026.02.20	08:00:00	155.289	155.374	155.144	155.160	3271	0	5
2026.02.20	09:00:00	155.161	155.502	154.946	155.496	4134	0	5
2026.02.20	10:00:00	155.494	155.595	155.292	155.551	4756	0	5
2026.02.20	11:00:00	155.552	155.640	155.365	155.394	3805	0	5
2026.02.20	12:00:00	155.396	155.433	155.158	155.175	3253	0	5
2026.02.20	13:00:00	155.177	155.273	155.122	155.218	2703	0	5
2026.02.20	14:00:00	155.223	155.315	155.175	155.249	3071	0	4
2026.02.20	15:00:00	155.252	155.446	155.012	155.417	5069	0	4
2026.02.20	16:00:00	155.418	155.536	155.341	155.401	5183	0	4
2026.02.20	17:00:00	155.387	155.529	154.769	154.850	10298	0	4
2026.02.20	18:00:00	154.853	155.092	154.713	154.987	6357	0	4
2026.02.20	19:00:00	154.987	155.204	154.932	154.990	4707	0	4
2026.02.20	20:00:00	154.991	155.077	154.807	155.022	5427	0	4
2026.02.20	21:00:00	155.018	155.184	154.963	155.125	3396	0	4
2026.02.20	22:00:00	155.126	155.162	154.981	155.061	2431	0	4
2026.02.20	23:00:00	155.060	155.068	154.947	155.022	1828	0	5
2026.02.23	00:00:00	154.846	154.915	154.840	154.890	836	0	77
2026.02.23	01:00:00	154.878	154.946	154.317	154.344	3867	0	6
2026.02.23	02:00:00	154.343	154.468	154.053	154.057	5319	0	5
2026.02.23	03:00:00	154.052	154.281	153.997	154.213	5349	0	5
2026.02.23	04:00:00	154.210	154.273	154.072	154.214	4095	0	5
2026.02.23	05:00:00	154.218	154.430	154.218	154.257	2969	0	5
2026.02.23	06:00:00	154.247	154.439	154.218	154.389	2612	0	5
2026.02.23	07:00:00	154.389	154.487	154.381	154.436	2457	0	5
2026.02.23	08:00:00	154.431	154.492	154.224	154.466	3204	0	5
2026.02.23	09:00:00	154.469	154.605	154.455	154.481	4207	0	5
2026.02.23	10:00:00	154.474	154.781	154.452	154.717	4704	0	5
2026.02.23	11:00:00	154.722	154.862	154.622	154.809	3442	0	5
2026.02.23	12:00:00	154.807	154.890	154.750	154.787	2863	0	5
2026.02.23	13:00:00	154.796	154.944	154.751	154.921	3239	0	4
2026.02.23	14:00:00	154.935	155.041	154.851	154.898	3849	0	4
2026.02.23	15:00:00	154.894	154.950	154.562	154.618	4891	0	4
2026.02.23	16:00:00	154.619	154.821	154.545	154.545	5054	0	4
2026.02.23	17:00:00	154.547	154.550	154.354	154.426	5436	0	4
2026.02.23	18:00:00	154.425	154.475	154.272	154.300	4550	0	4
2026.02.23	19:00:00	154.300	154.410	154.217	154.389	3959	0	4
2026.02.23	20:00:00	154.389	154.644	154.387	154.490	3207	0	4
2026.02.23	21:00:00	154.493	154.664	154.479	154.617	2789	0	4
2026.02.23	22:00:00	154.612	154.721	154.602	154.709	2423	0	4
2026.02.23	23:00:00	154.705	154.763	154.672	154.708	1251	0	5
2026.02.24	00:00:00	154.541	154.620	154.540	154.585	761	0	64
2026.02.24	01:00:00	154.574	154.698	154.521	154.658	2089	0	6
2026.02.24	02:00:00	154.666	154.865	154.619	154.861	4050	0	5
2026.02.24	03:00:00	154.860	155.135	154.845	154.968	4389	0	5
2026.02.24	04:00:00	154.969	155.105	154.868	154.910	3699	0	5
2026.02.24	05:00:00	154.908	155.120	154.860	155.115	2762	0	5
2026.02.24	06:00:00	155.114	155.310	155.070	155.244	3218	0	5
2026.02.24	07:00:00	155.244	155.305	155.161	155.165	3090	0	5
2026.02.24	08:00:00	155.164	155.189	154.968	154.972	3402	0	5
2026.02.24	09:00:00	154.965	156.163	154.942	156.094	7209	0	5
2026.02.24	10:00:00	156.095	156.276	155.904	155.948	6286	0	5
2026.02.24	11:00:00	155.947	155.976	155.729	155.854	3797	0	5
2026.02.24	12:00:00	155.855	155.931	155.743	155.891	3224	0	5
2026.02.24	13:00:00	155.888	155.946	155.677	155.877	3128	0	5
2026.02.24	14:00:00	155.874	156.021	155.831	155.881	3335	0	4
2026.02.24	15:00:00	155.881	156.091	155.769	156.057	3877	0	4
2026.02.24	16:00:00	156.057	156.172	155.918	155.966	4621	0	4
2026.02.24	17:00:00	155.967	156.104	155.814	155.909	5102	0	4
2026.02.24	18:00:00	155.914	155.931	155.581	155.662	4429	0	4
2026.02.24	19:00:00	155.661	155.780	155.624	155.756	2844	0	4
2026.02.24	20:00:00	155.755	155.800	155.686	155.775	2455	0	4
2026.02.24	21:00:00	155.776	155.816	155.704	155.776	1894	0	4
2026.02.24	22:00:00	155.774	155.878	155.740	155.877	2104	0	4
2026.02.24	23:00:00	155.876	155.922	155.836	155.893	958	0	5
2026.02.25	00:00:00	155.766	155.854	155.766	155.812	572	0	64
2026.02.25	01:00:00	155.815	155.908	155.776	155.902	1527	0	6
2026.02.25	02:00:00	155.900	155.991	155.663	155.669	4050	0	5
2026.02.25	03:00:00	155.665	155.838	155.620	155.776	3857	0	5
2026.02.25	04:00:00	155.772	155.803	155.396	155.464	4674	0	5
2026.02.25	05:00:00	155.463	156.041	155.343	155.824	5667	0	5
2026.02.25	06:00:00	155.823	156.041	155.695	155.734	3247	0	5
2026.02.25	07:00:00	155.735	155.797	155.570	155.592	3022	0	5
2026.02.25	08:00:00	155.591	155.792	155.525	155.713	3546	0	5
2026.02.25	09:00:00	155.722	155.922	155.683	155.921	3657	0	5
2026.02.25	10:00:00	155.917	156.299	155.910	156.297	4247	0	5
2026.02.25	11:00:00	156.304	156.660	156.302	156.556	5056	0	5
2026.02.25	12:00:00	156.557	156.776	156.540	156.770	3506	0	5
2026.02.25	13:00:00	156.771	156.820	156.726	156.795	2701	0	5
2026.02.25	14:00:00	156.797	156.799	156.652	156.678	3198	0	4
2026.02.25	15:00:00	156.680	156.746	156.585	156.691	3377	0	4
2026.02.25	16:00:00	156.692	156.758	156.440	156.612	4380	0	4
2026.02.25	17:00:00	156.609	156.609	156.335	156.367	5244	0	4
2026.02.25	18:00:00	156.365	156.473	156.303	156.304	3625	0	4
2026.02.25	19:00:00	156.304	156.371	156.240	156.325	2871	0	4
2026.02.25	20:00:00	156.321	156.406	156.279	156.393	1784	0	4
2026.02.25	21:00:00	156.395	156.537	156.367	156.439	1826	0	4
2026.02.25	22:00:00	156.438	156.453	156.343	156.440	1827	0	4
2026.02.25	23:00:00	156.452	156.480	156.347	156.379	1274	0	5
2026.02.26	00:00:00	156.309	156.421	156.224	156.282	899	0	58
2026.02.26	01:00:00	156.288	156.321	156.115	156.167	2369	0	6
2026.02.26	02:00:00	156.167	156.233	155.958	155.989	4199	0	5
2026.02.26	03:00:00	155.990	156.052	155.807	155.823	4855	0	5
2026.02.26	04:00:00	155.824	156.050	155.752	155.936	3686	0	5
2026.02.26	05:00:00	155.937	155.995	155.799	155.939	2800	0	5
2026.02.26	06:00:00	155.931	156.094	155.883	155.899	2932	0	5
2026.02.26	07:00:00	155.901	155.969	155.701	155.940	3736	0	5
2026.02.26	08:00:00	155.932	156.070	155.892	155.981	3788	0	5
2026.02.26	09:00:00	155.995	156.169	155.993	156.050	3848	0	5
2026.02.26	10:00:00	156.045	156.172	155.916	155.996	4244	0	5
2026.02.26	11:00:00	155.997	156.087	155.916	156.068	3202	0	5
2026.02.26	12:00:00	156.069	156.098	155.950	155.957	2285	0	5
2026.02.26	13:00:00	155.958	156.080	155.916	156.075	2394	0	5
2026.02.26	14:00:00	156.073	156.149	155.982	156.072	3219	0	4
2026.02.26	15:00:00	156.073	156.173	155.942	156.157	4589	0	4
2026.02.26	16:00:00	156.159	156.248	155.828	155.921	5452	0	4
2026.02.26	17:00:00	155.922	156.122	155.842	156.039	7039	0	4
2026.02.26	18:00:00	156.038	156.273	156.038	156.130	4870	0	4
2026.02.26	19:00:00	156.129	156.398	156.118	156.388	4246	0	4
2026.02.26	20:00:00	156.388	156.430	156.285	156.385	3805	0	4
2026.02.26	21:00:00	156.382	156.388	156.110	156.127	2981	0	4
2026.02.26	22:00:00	156.126	156.147	156.060	156.129	2392	0	4
2026.02.26	23:00:00	156.130	156.145	156.051	156.090	1506	0	5
2026.02.27	00:00:00	156.149	156.149	156.026	156.074	1436	0	64
2026.02.27	01:00:00	156.081	156.100	155.828	155.858	2240	0	6
2026.02.27	02:00:00	155.855	155.974	155.667	155.884	4710	0	5
2026.02.27	03:00:00	155.886	155.983	155.702	155.980	4945	0	5
2026.02.27	04:00:00	155.979	155.979	155.731	155.743	3120	0	5
2026.02.27	05:00:00	155.743	155.813	155.692	155.771	2750	0	5
2026.02.27	06:00:00	155.772	155.831	155.535	155.588	3015	0	5
2026.02.27	07:00:00	155.589	155.832	155.573	155.829	2700	0	5
2026.02.27	08:00:00	155.831	155.950	155.772	155.879	3270	0	5
2026.02.27	09:00:00	155.885	156.121	155.885	156.083	3785	0	5
2026.02.27	10:00:00	156.081	156.173	155.957	156.137	4217	0	5
2026.02.27	11:00:00	156.142	156.232	156.056	156.070	3744	0	5
2026.02.27	12:00:00	156.069	156.085	155.922	155.979	2698	0	5
2026.02.27	13:00:00	155.970	156.000	155.861	155.907	2477	0	5
2026.02.27	14:00:00	155.904	155.951	155.833	155.891	3208	0	4
2026.02.27	15:00:00	155.889	156.181	155.888	156.170	6138	0	4
2026.02.27	16:00:00	156.169	156.221	155.925	156.180	5669	0	4
2026.02.27	17:00:00	156.178	156.205	155.951	156.068	6118	0	4
2026.02.27	18:00:00	156.065	156.141	155.962	156.054	4681	0	4
2026.02.27	19:00:00	156.054	156.129	155.915	156.050	3965	0	4
2026.02.27	20:00:00	156.046	156.095	155.990	156.013	2867	0	4
2026.02.27	21:00:00	156.013	156.022	155.881	156.017	2545	0	4
2026.02.27	22:00:00	156.016	156.176	155.959	156.176	2476	0	4
2026.02.27	23:00:00	156.175	156.190	156.027	156.110	2083	0	5
2026.03.02	00:00:00	156.087	156.295	156.082	156.099	986	0	77
2026.03.02	01:00:00	156.114	156.660	156.114	156.631	5444	0	6
2026.03.02	02:00:00	156.640	156.806	156.325	156.397	6967	0	5
2026.03.02	03:00:00	156.399	156.600	156.208	156.214	7062	0	5
2026.03.02	04:00:00	156.214	156.441	156.166	156.285	4901	0	5
2026.03.02	05:00:00	156.280	156.339	156.155	156.319	4241	0	5
2026.03.02	06:00:00	156.320	156.581	156.286	156.523	3417	0	5
2026.03.02	07:00:00	156.526	156.852	156.526	156.829	4172	0	5
2026.03.02	08:00:00	156.830	157.012	156.813	156.886	5407	0	5
2026.03.02	09:00:00	156.884	157.036	156.882	156.979	6151	0	5
2026.03.02	10:00:00	156.986	157.248	156.901	156.975	6127	0	5
2026.03.02	11:00:00	156.974	157.021	156.798	157.008	4842	0	5
2026.03.02	12:00:00	157.007	157.014	156.789	156.918	3584	0	5
2026.03.02	13:00:00	156.919	157.005	156.855	156.959	3451	0	5
2026.03.02	14:00:00	156.958	157.400	156.956	157.380	4751	0	4
2026.03.02	15:00:00	157.378	157.604	157.346	157.518	5807	0	4
2026.03.02	16:00:00	157.520	157.568	157.411	157.482	6635	0	4
2026.03.02	17:00:00	157.480	157.750	157.480	157.732	6149	0	4
2026.03.02	18:00:00	157.732	157.749	157.371	157.483	5528	0	4
2026.03.02	19:00:00	157.484	157.494	157.326	157.357	4874	0	4
2026.03.02	20:00:00	157.357	157.489	157.330	157.374	3448	0	4
2026.03.02	21:00:00	157.374	157.376	157.120	157.150	3685	0	4
2026.03.02	22:00:00	157.151	157.492	157.113	157.346	5646	0	4
2026.03.02	23:00:00	157.346	157.398	157.278	157.326	2557	0	5
2026.03.03	00:00:00	157.391	157.393	157.279	157.366	515	0	64
2026.03.03	01:00:00	157.371	157.400	157.178	157.264	2309	0	6
2026.03.03	02:00:00	157.269	157.510	157.190	157.478	4526	0	5
2026.03.03	03:00:00	157.483	157.595	157.283	157.288	5158	0	5
2026.03.03	04:00:00	157.290	157.389	157.172	157.250	4391	0	5
2026.03.03	05:00:00	157.247	157.383	157.198	157.281	3257	0	5
2026.03.03	06:00:00	157.275	157.417	157.194	157.396	3160	0	5
2026.03.03	07:00:00	157.403	157.431	157.267	157.394	3609	0	5
2026.03.03	08:00:00	157.393	157.482	157.205	157.219	4259	0	5
2026.03.03	09:00:00	157.222	157.453	157.149	157.405	5558	0	5
2026.03.03	10:00:00	157.406	157.580	157.299	157.512	6452	0	5
2026.03.03	11:00:00	157.511	157.819	157.464	157.667	5645	0	5
2026.03.03	12:00:00	157.668	157.848	157.602	157.836	5172	0	5
2026.03.03	13:00:00	157.838	157.966	157.671	157.679	5647	0	5
2026.03.03	14:00:00	157.682	157.768	157.499	157.640	6069	0	4
2026.03.03	15:00:00	157.641	157.818	157.612	157.802	6205	0	4
2026.03.03	16:00:00	157.803	157.952	157.712	157.712	6811	0	4
2026.03.03	17:00:00	157.713	157.914	157.598	157.842	8546	0	4
2026.03.03	18:00:00	157.840	157.924	157.595	157.697	7165	0	4
2026.03.03	19:00:00	157.697	157.864	157.676	157.834	6117	0	4
2026.03.03	20:00:00	157.835	157.845	157.501	157.649	5035	0	4
2026.03.03	21:00:00	157.650	157.819	157.469	157.665	5644	0	4
2026.03.03	22:00:00	157.665	157.673	157.483	157.658	4362	0	4
2026.03.03	23:00:00	157.657	157.750	157.632	157.734	2572	0	5
2026.03.04	00:00:00	157.489	157.620	157.465	157.546	532	0	44
2026.03.04	01:00:00	157.571	157.791	157.546	157.759	2082	0	6
2026.03.04	02:00:00	157.761	157.858	157.482	157.539	5466	0	5
2026.03.04	03:00:00	157.538	157.763	157.537	157.589	5136	0	5
2026.03.04	04:00:00	157.588	157.613	157.475	157.600	3888	0	5
2026.03.04	05:00:00	157.599	157.641	157.365	157.407	2852	0	5
2026.03.04	06:00:00	157.400	157.421	157.173	157.373	3417	0	5
2026.03.04	07:00:00	157.374	157.628	157.350	157.566	3303	0	5
2026.03.04	08:00:00	157.579	157.654	157.380	157.431	3840	0	5
2026.03.04	09:00:00	157.432	157.477	157.251	157.458	4440	0	5
2026.03.04	10:00:00	157.457	157.535	157.256	157.399	5237	0	5
2026.03.04	11:00:00	157.399	157.461	157.085	157.199	4687	0	5
2026.03.04	12:00:00	157.198	157.326	156.853	157.279	6016	0	5
2026.03.04	13:00:00	157.280	157.345	157.065	157.218	4110	0	5
2026.03.04	14:00:00	157.217	157.338	157.037	157.309	4587	0	4
2026.03.04	15:00:00	157.311	157.321	157.086	157.293	5857	0	4
2026.03.04	16:00:00	157.293	157.406	157.240	157.255	6417	0	4
2026.03.04	17:00:00	157.253	157.391	157.103	157.118	6625	0	4
2026.03.04	18:00:00	157.117	157.119	156.892	156.939	4922	0	4
2026.03.04	19:00:00	156.938	157.034	156.881	156.974	3610	0	4
2026.03.04	20:00:00	156.975	157.167	156.973	157.158	2686	0	4
2026.03.04	21:00:00	157.157	157.157	156.966	156.997	2883	0	4
2026.03.04	22:00:00	156.998	157.099	156.969	157.085	2548	0	4
2026.03.04	23:00:00	157.087	157.114	157.020	157.033	1655	0	5
2026.03.05	00:00:00	157.029	157.054	156.982	156.983	337	0	64
2026.03.05	01:00:00	157.011	157.096	156.956	156.976	1821	0	6
2026.03.05	02:00:00	156.977	157.006	156.539	156.567	4115	0	5
2026.03.05	03:00:00	156.566	156.768	156.450	156.762	5588	0	5
2026.03.05	04:00:00	156.767	156.961	156.717	156.951	3964	0	5
2026.03.05	05:00:00	156.947	157.083	156.894	156.988	3805	0	5
2026.03.05	06:00:00	156.989	157.150	156.987	157.117	3158	0	5
2026.03.05	07:00:00	157.120	157.214	156.973	157.189	3861	0	5
2026.03.05	08:00:00	157.191	157.251	156.961	157.040	4781	0	5
2026.03.05	09:00:00	157.041	157.288	156.957	157.258	4430	0	5
2026.03.05	10:00:00	157.259	157.373	157.170	157.278	4599	0	5
2026.03.05	11:00:00	157.280	157.308	156.899	157.152	7416	0	5
2026.03.05	12:00:00	157.156	157.295	157.105	157.292	3612	0	5
2026.03.05	13:00:00	157.291	157.364	157.236	157.348	3369	0	5
2026.03.05	14:00:00	157.352	157.499	157.287	157.441	4126	0	4
2026.03.05	15:00:00	157.443	157.777	157.430	157.762	5362	0	4
2026.03.05	16:00:00	157.767	157.773	157.522	157.563	6073	0	4
2026.03.05	17:00:00	157.562	157.774	157.389	157.616	6385	0	4
2026.03.05	18:00:00	157.617	157.789	157.532	157.580	6578	0	4
2026.03.05	19:00:00	157.581	157.844	157.549	157.689	5768	0	4
2026.03.05	20:00:00	157.693	157.840	157.634	157.727	5147	0	4
2026.03.05	21:00:00	157.728	157.848	157.687	157.810	3758	0	4
2026.03.05	22:00:00	157.809	157.848	157.413	157.556	5354	0	4
2026.03.05	23:00:00	157.557	157.569	157.473	157.546	2307	0	5
2026.03.06	00:00:00	157.547	157.594	157.408	157.505	705	0	64
2026.03.06	01:00:00	157.504	157.599	157.463	157.563	1874	0	6
2026.03.06	02:00:00	157.562	157.565	157.376	157.464	4422	0	5
2026.03.06	03:00:00	157.463	157.590	157.394	157.479	5008	0	5
2026.03.06	04:00:00	157.485	157.545	157.443	157.501	2850	0	5
2026.03.06	05:00:00	157.502	157.514	157.463	157.491	2200	0	5
2026.03.06	06:00:00	157.492	157.684	157.490	157.667	2241	0	5
2026.03.06	07:00:00	157.671	157.875	157.637	157.843	3472	0	5
2026.03.06	08:00:00	157.844	157.900	157.723	157.727	3667	0	5
2026.03.06	09:00:00	157.728	157.767	157.532	157.536	3130	0	5
2026.03.06	10:00:00	157.533	157.662	157.500	157.656	3515	0	5
2026.03.06	11:00:00	157.655	157.890	157.652	157.859	4316	0	5
2026.03.06	12:00:00	157.858	157.895	157.757	157.878	3729	0	5
2026.03.06	13:00:00	157.876	157.989	157.832	157.952	3374	0	5
2026.03.06	14:00:00	157.947	158.080	157.847	158.003	4204	0	4
2026.03.06	15:00:00	158.002	158.004	157.375	157.873	8521	0	4
2026.03.06	16:00:00	157.872	158.089	157.645	157.667	9176	0	4
2026.03.06	17:00:00	157.666	157.771	157.545	157.585	8025	0	4
2026.03.06	18:00:00	157.584	157.714	157.512	157.640	6486	0	4
2026.03.06	19:00:00	157.641	157.855	157.598	157.801	6198	0	4
2026.03.06	20:00:00	157.802	157.876	157.614	157.808	5316	0	4
2026.03.06	21:00:00	157.802	157.873	157.747	157.872	3953	0	4
2026.03.06	22:00:00	157.877	157.962	157.835	157.904	3528	0	4
2026.03.06	23:00:00	157.905	157.908	157.784	157.801	2559	0	5
2026.03.09	00:00:00	158.053	158.081	158.029	158.050	339	0	77
2026.03.09	01:00:00	158.085	158.462	158.050	158.313	4337	0	6
2026.03.09	02:00:00	158.314	158.441	158.204	158.402	6059	0	5
2026.03.09	03:00:00	158.401	158.692	158.305	158.648	5530	0	5
2026.03.09	04:00:00	158.658	158.734	158.568	158.695	5726	0	5
2026.03.09	05:00:00	158.694	158.756	158.633	158.706	4519	0	5
2026.03.09	06:00:00	158.707	158.899	158.659	158.855	3919	0	5
2026.03.09	07:00:00	158.852	158.869	158.652	158.721	3228	0	5
2026.03.09	08:00:00	158.720	158.772	158.322	158.372	6456	0	5
2026.03.09	09:00:00	158.373	158.640	158.358	158.620	5602	0	5
2026.03.09	10:00:00	158.630	158.655	158.401	158.463	5647	0	5
2026.03.09	11:00:00	158.459	158.685	158.355	158.633	6715	0	5
2026.03.09	12:00:00	158.634	158.647	158.189	158.435	7093	0	5
2026.03.09	13:00:00	158.436	158.573	158.358	158.461	6332	0	5
2026.03.09	14:00:00	158.460	158.507	158.369	158.469	5886	0	4
2026.03.09	15:00:00	158.464	158.595	158.351	158.574	5712	0	4
2026.03.09	16:00:00	158.572	158.582	158.185	158.322	7922	0	4
2026.03.09	17:00:00	158.322	158.544	158.292	158.384	8860	0	4
2026.03.09	18:00:00	158.385	158.392	157.992	158.084	6274	0	4
2026.03.09	19:00:00	158.084	158.220	157.971	158.138	4892	0	4
2026.03.09	20:00:00	158.138	158.347	158.115	158.340	4075	0	4
2026.03.09	21:00:00	158.350	158.406	158.244	158.397	3684	0	4
2026.03.09	22:00:00	158.398	158.413	157.644	157.855	8152	0	4
2026.03.09	23:00:00	157.856	157.917	157.649	157.659	3284	0	5
2026.03.10	00:00:00	157.652	157.720	157.625	157.654	614	0	64
2026.03.10	01:00:00	157.662	157.903	157.628	157.811	3467	0	6
2026.03.10	02:00:00	157.812	157.953	157.757	157.875	3511	0	5
2026.03.10	03:00:00	157.876	157.949	157.564	157.592	6141	0	5
2026.03.10	04:00:00	157.599	157.774	157.532	157.625	5493	0	5
2026.03.10	05:00:00	157.624	157.823	157.598	157.813	4332	0	5
2026.03.10	06:00:00	157.812	157.915	157.801	157.888	3346	0	5
2026.03.10	07:00:00	157.889	157.932	157.759	157.772	2354	0	5
2026.03.10	08:00:00	157.778	157.782	157.621	157.638	2960	0	5
2026.03.10	09:00:00	157.639	157.652	157.463	157.544	3457	0	5
2026.03.10	10:00:00	157.552	157.617	157.272	157.299	5156	0	5
2026.03.10	11:00:00	157.298	157.714	157.294	157.697	5222	0	5
2026.03.10	12:00:00	157.699	157.719	157.546	157.661	4260	0	5
2026.03.10	13:00:00	157.662	157.891	157.662	157.765	4756	0	5
2026.03.10	14:00:00	157.765	157.839	157.643	157.794	5667	0	4
2026.03.10	15:00:00	157.803	157.977	157.760	157.806	5796	0	4
2026.03.10	16:00:00	157.805	157.867	157.657	157.836	6403	0	4
2026.03.10	17:00:00	157.839	157.911	157.642	157.689	5615	0	4
2026.03.10	18:00:00	157.690	157.761	157.548	157.598	5214	0	4
2026.03.10	19:00:00	157.599	157.705	157.528	157.571	4329	0	4
2026.03.10	20:00:00	157.571	157.651	157.397	157.601	5574	0	4
2026.03.10	21:00:00	157.598	157.981	157.596	157.870	8086	0	4
2026.03.10	22:00:00	157.868	158.127	157.847	158.034	5081	0	4
2026.03.10	23:00:00	158.034	158.086	157.970	158.055	1990	0	4
2026.03.11	00:00:00	158.024	158.085	158.016	158.062	348	0	64
2026.03.11	01:00:00	158.091	158.179	158.052	158.164	904	0	6
2026.03.11	02:00:00	158.165	158.183	158.052	158.100	1737	0	5
2026.03.11	03:00:00	158.101	158.222	157.917	158.192	4362	0	5
2026.03.11	04:00:00	158.193	158.333	158.177	158.276	4267	0	5
2026.03.11	05:00:00	158.275	158.391	158.225	158.294	2957	0	5
2026.03.11	06:00:00	158.295	158.306	158.166	158.197	2442	0	5
2026.03.11	07:00:00	158.198	158.255	158.097	158.098	2046	0	5
2026.03.11	08:00:00	158.103	158.180	158.058	158.170	2678	0	5
2026.03.11	09:00:00	158.169	158.176	157.861	157.996	3398	0	5
2026.03.11	10:00:00	157.997	158.273	157.959	158.222	4440	0	5
2026.03.11	11:00:00	158.223	158.443	158.196	158.396	3862	0	5
2026.03.11	12:00:00	158.398	158.489	158.348	158.473	3702	0	5
2026.03.11	13:00:00	158.472	158.486	158.252	158.288	3517	0	5
2026.03.11	14:00:00	158.289	158.501	158.249	158.501	4069	0	4
2026.03.11	15:00:00	158.499	158.627	158.257	158.609	6439	0	4
2026.03.11	16:00:00	158.610	158.647	158.472	158.476	6659	0	4
2026.03.11	17:00:00	158.477	158.694	158.304	158.687	7492	0	4
2026.03.11	18:00:00	158.687	158.849	158.673	158.831	4665	0	4
2026.03.11	19:00:00	158.830	158.862	158.763	158.834	4194	0	4
2026.03.11	20:00:00	158.833	158.971	158.815	158.848	4264	0	4
2026.03.11	21:00:00	158.848	158.941	158.837	158.922	3431	0	4
2026.03.11	22:00:00	158.920	158.969	158.905	158.946	2274	0	4
2026.03.11	23:00:00	158.943	158.966	158.914	158.951	1568	0	5
2026.03.12	00:00:00	158.890	158.906	158.758	158.827	388	0	64
2026.03.12	01:00:00	158.828	158.992	158.799	158.983	1794	0	6
2026.03.12	02:00:00	158.985	159.128	158.939	159.086	2672	0	5
2026.03.12	03:00:00	159.087	159.235	158.924	158.974	4078	0	5
2026.03.12	04:00:00	158.977	158.980	158.782	158.859	3653	0	5
2026.03.12	05:00:00	158.860	159.106	158.834	159.055	2857	0	5
2026.03.12	06:00:00	159.054	159.068	158.976	159.025	2357	0	5
2026.03.12	07:00:00	159.020	159.154	159.009	159.124	1645	0	5
2026.03.12	08:00:00	159.123	159.124	158.967	159.114	3242	0	5
2026.03.12	09:00:00	159.113	159.114	158.882	158.903	2863	0	5
2026.03.12	10:00:00	158.906	158.997	158.783	158.799	3337	0	5
2026.03.12	11:00:00	158.797	158.942	158.672	158.884	3599	0	5
2026.03.12	12:00:00	158.885	158.934	158.712	158.741	3377	0	5
2026.03.12	13:00:00	158.755	158.822	158.686	158.716	3360	0	5
2026.03.12	14:00:00	158.718	158.743	158.565	158.691	3385	0	4
2026.03.12	15:00:00	158.688	158.931	158.678	158.891	4435	0	4
2026.03.12	16:00:00	158.890	159.062	158.802	158.994	6267	0	4
2026.03.12	17:00:00	158.987	159.198	158.942	159.180	5870	0	4
2026.03.12	18:00:00	159.184	159.288	159.102	159.211	6118	0	4
2026.03.12	19:00:00	159.208	159.287	159.130	159.209	5344	0	4
2026.03.12	20:00:00	159.208	159.342	159.110	159.313	4484	0	4
2026.03.12	21:00:00	159.314	159.408	159.278	159.400	3925	0	4
2026.03.12	22:00:00	159.399	159.429	159.309	159.370	3211	0	4
2026.03.12	23:00:00	159.373	159.414	159.293	159.321	1913	0	5
2026.03.13	00:00:00	159.319	159.355	159.159	159.307	471	0	64
2026.03.13	01:00:00	159.326	159.422	159.254	159.268	2516	0	6
2026.03.13	02:00:00	159.269	159.362	159.180	159.239	2287	0	5
2026.03.13	03:00:00	159.231	159.233	159.009	159.093	4061	0	5
2026.03.13	04:00:00	159.094	159.281	159.033	159.269	3781	0	5
2026.03.13	05:00:00	159.268	159.372	159.197	159.281	3512	0	5
2026.03.13	06:00:00	159.283	159.416	159.251	159.355	2642	0	5
2026.03.13	07:00:00	159.361	159.680	159.345	159.505	3452	0	5
2026.03.13	08:00:00	159.506	159.506	159.317	159.431	2700	0	5
2026.03.13	09:00:00	159.430	159.463	159.318	159.426	4258	0	5
2026.03.13	10:00:00	159.428	159.541	159.347	159.437	4937	0	5
2026.03.13	11:00:00	159.429	159.528	159.328	159.331	5188	0	5
2026.03.13	12:00:00	159.329	159.490	159.247	159.475	3839	0	5
2026.03.13	13:00:00	159.476	159.500	159.333	159.400	3422	0	5
2026.03.13	14:00:00	159.401	159.448	159.286	159.287	4344	0	4
2026.03.13	15:00:00	159.287	159.420	159.205	159.332	5400	0	4
2026.03.13	16:00:00	159.331	159.355	159.003	159.094	5656	0	4
2026.03.13	17:00:00	159.092	159.378	159.082	159.368	5507	0	4
2026.03.13	18:00:00	159.369	159.598	159.363	159.540	5610	0	4
2026.03.13	19:00:00	159.541	159.634	159.510	159.612	4985	0	4
2026.03.13	20:00:00	159.609	159.681	159.545	159.573	3861	0	4
2026.03.13	21:00:00	159.572	159.675	159.564	159.634	3164	0	4
2026.03.13	22:00:00	159.634	159.692	159.596	159.672	2655	0	4
2026.03.13	23:00:00	159.673	159.740	159.644	159.729	1496	0	5
2026.03.16	00:00:00	159.463	159.566	159.463	159.557	428	0	73
2026.03.16	01:00:00	159.546	159.743	159.502	159.526	2329	0	6
2026.03.16	02:00:00	159.527	159.620	159.490	159.558	2910	0	5
2026.03.16	03:00:00	159.557	159.557	159.237	159.298	4080	0	5
2026.03.16	04:00:00	159.297	159.505	159.283	159.421	3491	0	5
2026.03.16	05:00:00	159.420	159.604	159.409	159.588	2801	0	5
2026.03.16	06:00:00	159.587	159.636	159.473	159.498	1913	0	5
2026.03.16	07:00:00	159.499	159.619	159.491	159.560	1747	0	5
2026.03.16	08:00:00	159.559	159.581	159.318	159.338	2558	0	5
2026.03.16	09:00:00	159.339	159.408	159.269	159.289	3091	0	5
2026.03.16	10:00:00	159.292	159.380	159.169	159.284	4008	0	5
2026.03.16	11:00:00	159.282	159.372	159.223	159.348	3967	0	5
2026.03.16	12:00:00	159.349	159.383	159.246	159.320	3325	0	5
2026.03.16	13:00:00	159.317	159.344	159.197	159.223	3179	0	5
2026.03.16	14:00:00	159.222	159.260	159.098	159.125	2796	0	4
2026.03.16	15:00:00	159.124	159.138	158.958	159.132	3813	0	4
2026.03.16	16:00:00	159.121	159.174	158.900	158.932	3980	0	4
2026.03.16	17:00:00	158.935	159.189	158.848	159.140	4716	0	4
2026.03.16	18:00:00	159.146	159.323	159.049	159.290	4032	0	4
2026.03.16	19:00:00	159.290	159.354	159.193	159.264	3880	0	4
2026.03.16	20:00:00	159.261	159.301	159.132	159.270	3993	0	4
2026.03.16	21:00:00	159.270	159.270	158.912	158.964	3906	0	4
2026.03.16	22:00:00	158.965	159.181	158.930	159.149	3669	0	4
2026.03.16	23:00:00	159.144	159.153	159.035	159.036	1352	0	5
2026.03.17	00:00:00	159.072	159.093	158.974	159.000	1329	0	59
2026.03.17	01:00:00	159.007	159.147	159.005	159.119	1214	0	5
2026.03.17	02:00:00	159.117	159.219	159.074	159.131	1298	0	4
2026.03.17	03:00:00	159.132	159.339	159.119	159.313	2875	0	4
2026.03.17	04:00:00	159.323	159.453	159.296	159.376	2788	0	4
2026.03.17	05:00:00	159.372	159.428	159.317	159.362	1623	0	4
2026.03.17	06:00:00	159.366	159.402	159.273	159.349	1936	0	4
2026.03.17	07:00:00	159.347	159.394	159.213	159.231	1845	0	4
2026.03.17	08:00:00	159.232	159.443	159.207	159.438	2339	0	4
2026.03.17	09:00:00	159.438	159.493	159.340	159.349	3071	0	4
2026.03.17	10:00:00	159.350	159.399	159.167	159.231	2958	0	4
2026.03.17	11:00:00	159.228	159.234	159.057	159.105	3848	0	4
2026.03.17	12:00:00	159.103	159.190	159.062	159.128	3292	0	4
2026.03.17	13:00:00	159.129	159.214	159.045	159.116	2830	0	4
2026.03.17	14:00:00	159.116	159.139	158.961	159.098	2739	0	3
2026.03.17	15:00:00	159.108	159.150	158.961	159.031	3494	0	3
2026.03.17	16:00:00	159.030	159.031	158.718	158.874	4603	0	3
2026.03.17	17:00:00	158.875	159.011	158.813	158.931	4396	0	3
2026.03.17	18:00:00	158.930	159.111	158.860	159.029	5255	0	3
2026.03.17	19:00:00	159.030	159.112	158.875	158.942	4253	0	3
2026.03.17	20:00:00	158.942	159.012	158.920	158.966	2821	0	3
2026.03.17	21:00:00	158.966	159.046	158.893	159.045	2533	0	3
2026.03.17	22:00:00	159.044	159.060	158.979	159.039	1930	0	3
2026.03.17	23:00:00	159.037	159.055	158.997	158.998	1147	0	4
2026.03.18	00:00:00	158.996	159.000	158.837	158.966	833	0	59
2026.03.18	01:00:00	158.940	159.007	158.904	158.969	1584	0	5
2026.03.18	02:00:00	158.969	158.985	158.875	158.909	1732	0	4
2026.03.18	03:00:00	158.906	159.134	158.803	159.065	4745	0	4
2026.03.18	04:00:00	159.064	159.086	158.968	159.009	2528	0	4
2026.03.18	05:00:00	159.007	159.036	158.877	158.912	2118	0	4
2026.03.18	06:00:00	158.913	158.986	158.906	158.930	1666	0	4
2026.03.18	07:00:00	158.931	158.931	158.751	158.813	1982	0	4
2026.03.18	08:00:00	158.811	158.816	158.648	158.695	2213	0	4
2026.03.18	09:00:00	158.696	158.780	158.565	158.743	3103	0	4
2026.03.18	10:00:00	158.744	158.875	158.678	158.756	3454	0	4
2026.03.18	11:00:00	158.768	158.986	158.760	158.948	3144	0	4
2026.03.18	12:00:00	158.949	159.051	158.893	158.909	2648	0	4
2026.03.18	13:00:00	158.908	159.027	158.908	159.011	2336	0	4
2026.03.18	14:00:00	159.012	159.108	158.898	158.974	3705	0	3
2026.03.18	15:00:00	158.971	159.476	158.959	159.442	6174	0	3
2026.03.18	16:00:00	159.443	159.584	159.430	159.496	6086	0	3
2026.03.18	17:00:00	159.495	159.534	159.420	159.421	5286	0	3
2026.03.18	18:00:00	159.423	159.494	159.368	159.482	4568	0	3
2026.03.18	19:00:00	159.480	159.511	159.392	159.467	3574	0	3
2026.03.18	20:00:00	159.468	159.542	159.368	159.377	3178	0	3
2026.03.18	21:00:00	159.393	159.730	159.251	159.729	7276	0	3
2026.03.18	22:00:00	159.728	159.833	159.689	159.820	3847	0	3
2026.03.18	23:00:00	159.822	159.896	159.803	159.879	2097	0	4
2026.03.19	00:00:00	159.807	159.827	159.697	159.697	691	0	59
2026.03.19	01:00:00	159.690	159.845	159.690	159.770	1706	0	5
2026.03.19	02:00:00	159.771	159.838	159.751	159.813	2202	0	4
2026.03.19	03:00:00	159.815	159.847	159.683	159.776	4091	0	4
2026.03.19	04:00:00	159.783	159.814	159.580	159.656	3091	0	4
2026.03.19	05:00:00	159.655	159.704	159.539	159.659	3141	0	4
2026.03.19	06:00:00	159.661	159.711	159.604	159.629	1861	0	4
2026.03.19	07:00:00	159.630	159.674	159.589	159.653	1843	0	4
2026.03.19	08:00:00	159.654	159.743	159.637	159.710	1823	0	4
2026.03.19	09:00:00	159.709	159.804	159.601	159.682	4065	0	4
2026.03.19	10:00:00	159.678	159.696	159.194	159.234	6801	0	4
2026.03.19	11:00:00	159.233	159.386	159.036	159.181	5807	0	4
2026.03.19	12:00:00	159.179	159.278	159.068	159.150	6570	0	4
2026.03.19	13:00:00	159.149	159.242	159.106	159.122	3727	0	4
2026.03.19	14:00:00	159.123	159.157	159.044	159.061	3117	0	3
2026.03.19	15:00:00	159.060	159.289	158.850	158.905	6950	0	3
2026.03.19	16:00:00	158.904	158.936	158.120	158.222	8480	0	3
2026.03.19	17:00:00	158.225	158.424	158.063	158.365	8204	0	3
2026.03.19	18:00:00	158.364	158.558	158.135	158.189	6992	0	3
2026.03.19	19:00:00	158.188	158.218	158.043	158.044	6868	0	3
2026.03.19	20:00:00	158.044	158.093	157.797	157.810	4192	0	3
2026.03.19	21:00:00	157.818	157.912	157.689	157.693	4009	0	3
2026.03.19	22:00:00	157.690	157.696	157.505	157.647	7236	0	3
2026.03.19	23:00:00	157.642	157.712	157.605	157.700	1850	0	4
2026.03.20	00:00:00	157.665	157.789	157.597	157.759	708	0	59
2026.03.20	01:00:00	157.758	157.896	157.703	157.875	1366	0	5
2026.03.20	02:00:00	157.875	157.990	157.806	157.930	1626	0	4
2026.03.20	03:00:00	157.932	157.982	157.804	157.860	3321	0	4
2026.03.20	04:00:00	157.859	158.136	157.745	158.106	3575	0	4
2026.03.20	05:00:00	158.107	158.343	158.107	158.305	2316	0	4
2026.03.20	06:00:00	158.306	158.397	158.276	158.390	2016	0	4
2026.03.20	07:00:00	158.391	158.412	158.340	158.379	1549	0	4
2026.03.20	08:00:00	158.378	158.432	158.349	158.430	1589	0	4
2026.03.20	09:00:00	158.425	158.430	158.334	158.411	2333	0	4
2026.03.20	10:00:00	158.419	158.447	158.280	158.293	3347	0	4
2026.03.20	11:00:00	158.292	158.489	158.257	158.488	3265	0	4
2026.03.20	12:00:00	158.487	158.861	158.450	158.834	3889	0	4
2026.03.20	13:00:00	158.825	158.898	158.682	158.717	3763	0	4
2026.03.20	14:00:00	158.716	158.726	158.520	158.578	3853	0	3
2026.03.20	15:00:00	158.579	158.713	158.516	158.699	5105	0	3
2026.03.20	16:00:00	158.695	159.018	158.671	159.017	5840	0	3
2026.03.20	17:00:00	159.018	159.175	159.003	159.125	6158	0	3
2026.03.20	18:00:00	159.120	159.259	158.967	159.255	6604	0	3
2026.03.20	19:00:00	159.256	159.286	159.148	159.267	4370	0	3
2026.03.20	20:00:00	159.265	159.357	159.143	159.222	5055	0	3
2026.03.20	21:00:00	159.222	159.385	159.185	159.356	4429	0	3
2026.03.20	22:00:00	159.349	159.370	159.229	159.300	3698	0	3
2026.03.20	23:00:00	159.300	159.326	159.227	159.231	1864	0	4
2026.03.23	00:00:00	159.224	159.348	159.043	159.202	1019	0	72
2026.03.23	01:00:00	159.231	159.470	159.231	159.291	2498	0	5
2026.03.23	02:00:00	159.292	159.305	159.107	159.157	3138	0	4
2026.03.23	03:00:00	159.148	159.521	159.014	159.501	4931	0	4
2026.03.23	04:00:00	159.503	159.526	159.335	159.482	4534	0	4
2026.03.23	05:00:00	159.476	159.587	159.413	159.524	2810	0	4
2026.03.23	06:00:00	159.523	159.619	159.324	159.457	2434	0	4
2026.03.23	07:00:00	159.455	159.461	159.343	159.397	2619	0	4
2026.03.23	08:00:00	159.396	159.583	159.349	159.568	2488	0	4
2026.03.23	09:00:00	159.576	159.654	159.466	159.469	4539	0	4
2026.03.23	10:00:00	159.469	159.625	159.381	159.587	5140	0	4
2026.03.23	11:00:00	159.588	159.647	159.305	159.436	5633	0	4
2026.03.23	12:00:00	159.440	159.600	159.400	159.542	4592	0	4
2026.03.23	13:00:00	159.543	159.629	159.482	159.620	4275	0	4
2026.03.23	14:00:00	159.620	159.627	158.254	158.930	13182	0	3
2026.03.23	15:00:00	158.930	159.042	158.491	158.511	10973	0	3
2026.03.23	16:00:00	158.510	158.720	158.423	158.456	9587	0	3
2026.03.23	17:00:00	158.455	158.501	158.201	158.430	9217	0	3
2026.03.23	18:00:00	158.432	158.766	158.215	158.701	8646	0	3
2026.03.23	19:00:00	158.701	158.844	158.591	158.687	7656	0	3
2026.03.23	20:00:00	158.684	158.730	158.404	158.444	6392	0	3
2026.03.23	21:00:00	158.446	158.522	158.015	158.071	5385	0	3
2026.03.23	22:00:00	158.074	158.418	158.063	158.415	2739	0	3
2026.03.23	23:00:00	158.413	158.473	158.383	158.419	1217	0	4
2026.03.24	00:00:00	158.405	158.405	158.218	158.369	961	0	59
2026.03.24	01:00:00	158.362	158.401	158.297	158.333	1215	0	5
2026.03.24	02:00:00	158.333	158.509	158.271	158.484	2532	0	4
2026.03.24	03:00:00	158.481	158.705	158.435	158.572	5668	0	4
2026.03.24	04:00:00	158.566	158.642	158.446	158.585	5239	0	4
2026.03.24	05:00:00	158.584	158.674	158.497	158.664	3742	0	4
2026.03.24	06:00:00	158.661	158.739	158.608	158.728	2598	0	4
2026.03.24	07:00:00	158.725	158.791	158.710	158.752	2183	0	4
2026.03.24	08:00:00	158.752	158.780	158.571	158.628	2992	0	4
2026.03.24	09:00:00	158.627	158.714	158.561	158.601	3981	0	4
2026.03.24	10:00:00	158.618	158.633	158.400	158.489	5381	0	4
2026.03.24	11:00:00	158.490	158.666	158.429	158.651	5269	0	4
2026.03.24	12:00:00	158.642	158.774	158.611	158.630	4056	0	4
2026.03.24	13:00:00	158.631	158.795	158.616	158.689	3793	0	4
2026.03.24	14:00:00	158.700	158.791	158.616	158.765	4137	0	3
2026.03.24	15:00:00	158.767	158.859	158.689	158.817	4860	0	3
2026.03.24	16:00:00	158.818	158.951	158.767	158.802	6359	0	3
2026.03.24	17:00:00	158.801	158.809	158.555	158.727	6793	0	3
2026.03.24	18:00:00	158.726	158.901	158.628	158.901	5717	0	3
2026.03.24	19:00:00	158.900	158.947	158.796	158.912	4078	0	3
2026.03.24	20:00:00	158.917	159.187	158.917	159.071	6115	0	3
2026.03.24	21:00:00	159.070	159.168	158.848	158.970	5619	0	3
2026.03.24	22:00:00	158.967	158.997	158.848	158.984	4188	0	3
2026.03.24	23:00:00	158.985	159.032	158.365	158.731	5088	0	3
2026.03.25	00:00:00	158.676	158.697	158.561	158.625	394	0	25
2026.03.25	01:00:00	158.650	158.757	158.603	158.683	2311	0	5
2026.03.25	02:00:00	158.683	158.758	158.629	158.705	2694	0	4
2026.03.25	03:00:00	158.693	158.836	158.568	158.646	4882	0	4
2026.03.25	04:00:00	158.653	158.753	158.611	158.715	3938	0	4
2026.03.25	05:00:00	158.714	158.829	158.682	158.804	2394	0	4
2026.03.25	06:00:00	158.816	158.823	158.754	158.803	1829	0	4
2026.03.25	07:00:00	158.802	158.941	158.786	158.879	1846	0	4
2026.03.25	08:00:00	158.880	159.015	158.880	158.990	2319	0	4
2026.03.25	09:00:00	158.989	159.042	158.948	159.002	2792	0	4
2026.03.25	10:00:00	159.006	159.148	158.941	159.136	3186	0	4
2026.03.25	11:00:00	159.128	159.195	158.723	158.772	5440	0	4
2026.03.25	12:00:00	158.771	158.958	158.725	158.888	3969	0	4
2026.03.25	13:00:00	158.885	158.971	158.848	158.888	3341	0	4
2026.03.25	14:00:00	158.889	158.948	158.819	158.849	3688	0	3
2026.03.25	15:00:00	158.849	159.086	158.761	159.022	5879	0	3
2026.03.25	16:00:00	159.014	159.158	158.936	159.144	5400	0	3
2026.03.25	17:00:00	159.146	159.202	158.994	159.049	5432	0	3
2026.03.25	18:00:00	159.050	159.241	159.022	159.205	5276	0	3
2026.03.25	19:00:00	159.201	159.296	159.122	159.242	5094	0	3
2026.03.25	20:00:00	159.243	159.288	159.148	159.254	4293	0	3
2026.03.25	21:00:00	159.254	159.446	159.238	159.414	3437	0	3
2026.03.25	22:00:00	159.416	159.497	159.416	159.460	2820	0	3
2026.03.25	23:00:00	159.460	159.493	159.440	159.473	1506	0	4
2026.03.26	00:00:00	159.441	159.446	159.346	159.371	890	0	59
