<DATE>	<TIME>	<OPEN>	<HIGH>	<LOW>	<CLOSE>	<TICKVOL>	<VOL>	<SPREAD>
2024.03.01	01:00:00	2043.36	2044.31	2043.08	2044.28	1122	0	12
2024.03.01	02:00:00	2044.26	2044.31	2042.82	2043.72	1933	0	12
2024.03.01	03:00:00	2043.74	2044.72	2042.98	2044.35	2771	0	12
2024.03.01	04:00:00	2044.35	2045.87	2044.06	2045.43	1775	0	12
2024.03.01	05:00:00	2045.43	2046.79	2045.28	2046.56	1793	0	12
2024.03.01	06:00:00	2046.52	2046.57	2045.20	2045.51	883	0	12
2024.03.01	07:00:00	2045.51	2045.69	2043.37	2045.06	1751	0	12
2024.03.01	08:00:00	2045.06	2048.07	2044.82	2046.77	1974	0	12
2024.03.01	09:00:00	2046.77	2048.82	2045.25	2045.41	4051	0	7
2024.03.01	10:00:00	2045.40	2045.66	2039.01	2039.78	6134	0	7
2024.03.01	11:00:00	2039.77	2047.48	2039.39	2046.40	6621	0	7
2024.03.01	12:00:00	2046.42	2055.07	2045.90	2054.84	7440	0	7
2024.03.01	13:00:00	2054.84	2057.44	2053.87	2055.38	5892	0	6
2024.03.01	14:00:00	2055.38	2057.03	2052.21	2052.39	5579	0	7
2024.03.01	15:00:00	2052.41	2054.46	2050.07	2051.65	9514	0	7
2024.03.01	16:00:00	2051.62	2056.65	2045.58	2046.44	10416	0	7
2024.03.01	17:00:00	2046.45	2070.98	2046.45	2069.27	13717	0	7
2024.03.01	18:00:00	2069.27	2081.93	2069.26	2081.12	10909	0	7
2024.03.01	19:00:00	2081.13	2085.66	2079.95	2084.81	9738	0	7
2024.03.01	20:00:00	2084.83	2088.29	2082.23	2085.66	8464	0	7
2024.03.01	21:00:00	2085.66	2086.68	2084.75	2085.23	5596	0	7
2024.03.01	22:00:00	2085.23	2085.33	2083.07	2083.51	4592	0	7
2024.03.01	23:00:00	2083.48	2083.94	2082.87	2083.54	1090	0	7
2024.03.04	01:00:00	2082.87	2086.21	2082.64	2083.52	2480	0	12
2024.03.04	02:00:00	2083.52	2084.35	2082.23	2082.58	2883	0	12
2024.03.04	03:00:00	2082.64	2082.89	2079.44	2080.18	4455	0	12
2024.03.04	04:00:00	2080.16	2083.45	2079.81	2081.54	3303	0	12
2024.03.04	05:00:00	2081.54	2081.91	2080.32	2081.44	1679	0	12
2024.03.04	06:00:00	2081.44	2081.55	2080.25	2080.77	1221	0	12
2024.03.04	07:00:00	2080.73	2082.28	2080.46	2081.53	1587	0	12
2024.03.04	08:00:00	2081.53	2083.83	2081.04	2083.50	2461	0	12
2024.03.04	09:00:00	2083.50	2088.23	2083.50	2087.42	4133	0	7
2024.03.04	10:00:00	2087.42	2087.54	2083.50	2083.86	5886	0	7
2024.03.04	11:00:00	2083.86	2086.12	2083.21	2085.14	5079	0	7
2024.03.04	12:00:00	2085.14	2085.76	2082.65	2083.94	4495	0	7
2024.03.04	13:00:00	2083.93	2084.56	2081.83	2082.11	4372	0	7
2024.03.04	14:00:00	2082.11	2083.42	2081.84	2082.62	4320	0	7
2024.03.04	15:00:00	2082.63	2093.15	2081.16	2091.59	8856	0	7
2024.03.04	16:00:00	2091.60	2101.43	2090.51	2100.81	11999	0	7
2024.03.04	17:00:00	2100.80	2109.32	2097.62	2109.10	10427	0	7
2024.03.04	18:00:00	2109.00	2119.88	2107.76	2119.22	11822	0	7
2024.03.04	19:00:00	2119.25	2119.72	2113.94	2116.46	7365	0	7
2024.03.04	20:00:00	2116.45	2118.04	2113.53	2115.29	4959	0	7
2024.03.04	21:00:00	2115.29	2117.28	2113.29	2116.30	3570	0	7
2024.03.04	22:00:00	2116.30	2118.50	2115.41	2116.65	3160	0	7
2024.03.04	23:00:00	2116.65	2117.28	2114.97	2115.16	993	0	7
2024.03.05	01:00:00	2114.06	2115.85	2113.67	2114.58	1238	0	12
2024.03.05	02:00:00	2114.58	2115.86	2114.13	2115.45	2009	0	12
2024.03.05	03:00:00	2115.47	2116.79	2110.43	2112.62	5311	0	12
2024.03.05	04:00:00	2112.60	2113.25	2111.35	2112.29	2604	0	12
2024.03.05	05:00:00	2112.29	2113.96	2111.18	2112.95	2533	0	12
2024.03.05	06:00:00	2112.95	2115.90	2112.60	2115.86	1799	0	12
2024.03.05	07:00:00	2115.82	2119.70	2115.32	2119.26	3200	0	12
2024.03.05	08:00:00	2119.26	2119.53	2115.19	2117.29	3565	0	12
2024.03.05	09:00:00	2117.29	2117.77	2113.93	2114.45	4751	0	7
2024.03.05	10:00:00	2114.49	2123.40	2114.49	2120.65	7127	0	7
2024.03.05	11:00:00	2120.67	2125.33	2119.02	2124.51	6126	0	7
2024.03.05	12:00:00	2124.47	2127.35	2123.32	2123.69	5205	0	7
2024.03.05	13:00:00	2123.70	2127.15	2122.62	2124.46	5142	0	7
2024.03.05	14:00:00	2124.46	2125.28	2121.20	2124.42	5405	0	7
2024.03.05	15:00:00	2124.43	2141.78	2122.35	2127.73	13699	0	7
2024.03.05	16:00:00	2127.69	2133.16	2124.33	2128.14	12969	0	8
2024.03.05	17:00:00	2128.14	2139.49	2123.84	2126.63	14825	0	10
2024.03.05	18:00:00	2126.60	2128.75	2123.62	2128.32	10437	0	7
2024.03.05	19:00:00	2128.33	2130.98	2127.58	2130.92	6272	0	7
2024.03.05	20:00:00	2130.94	2133.56	2129.61	2130.72	5641	0	7
2024.03.05	21:00:00	2130.72	2134.75	2129.55	2129.60	4926	0	7
2024.03.05	22:00:00	2129.59	2130.92	2128.50	2129.65	4689	0	7
2024.03.05	23:00:00	2129.56	2130.08	2127.09	2127.84	1394	0	7
2024.03.06	01:00:00	2127.47	2128.49	2126.99	2128.04	939	0	12
2024.03.06	02:00:00	2128.04	2128.11	2126.10	2126.86	2419	0	12
2024.03.06	03:00:00	2126.89	2127.93	2125.09	2125.48	4094	0	12
2024.03.06	04:00:00	2125.49	2126.79	2123.84	2126.39	2686	0	12
2024.03.06	05:00:00	2126.39	2126.58	2123.67	2124.76	2607	0	12
2024.03.06	06:00:00	2124.77	2126.35	2124.76	2126.22	1192	0	12
2024.03.06	07:00:00	2126.18	2127.94	2125.16	2125.26	2052	0	12
2024.03.06	08:00:00	2125.31	2127.56	2124.93	2127.25	2280	0	12
2024.03.06	09:00:00	2127.25	2131.51	2127.07	2128.47	4552	0	7
2024.03.06	10:00:00	2128.47	2129.21	2124.30	2125.07	6179	0	7
2024.03.06	11:00:00	2125.03	2129.76	2124.75	2128.65	5086	0	7
2024.03.06	12:00:00	2128.65	2128.68	2124.67	2125.66	4537	0	7
2024.03.06	13:00:00	2125.66	2132.61	2125.59	2132.52	4539	0	7
2024.03.06	14:00:00	2132.52	2135.04	2131.07	2134.26	4843	0	7
2024.03.06	15:00:00	2134.26	2139.65	2131.48	2139.43	11788	0	7
2024.03.06	16:00:00	2139.42	2149.21	2135.67	2144.91	12266	0	7
2024.03.06	17:00:00	2144.90	2145.56	2131.95	2140.99	13718	0	7
2024.03.06	18:00:00	2140.98	2149.85	2140.45	2148.22	8946	0	7
2024.03.06	19:00:00	2148.22	2149.99	2141.94	2144.79	8044	0	7
2024.03.06	20:00:00	2144.79	2152.18	2144.03	2147.16	7516	0	7
2024.03.06	21:00:00	2147.25	2147.49	2139.42	2144.40	6848	0	8
2024.03.06	22:00:00	2144.38	2147.22	2143.18	2146.63	3515	0	7
2024.03.06	23:00:00	2146.69	2148.54	2144.52	2148.40	1626	0	7
2024.03.07	01:00:00	2147.70	2151.25	2146.18	2147.34	1759	0	12
2024.03.07	02:00:00	2147.34	2149.64	2147.33	2148.87	3561	0	12
2024.03.07	03:00:00	2148.91	2149.00	2144.13	2146.14	5828	0	12
2024.03.07	04:00:00	2146.20	2152.09	2145.63	2150.74	4803	0	12
2024.03.07	05:00:00	2150.70	2152.38	2149.64	2151.71	2890	0	12
2024.03.07	06:00:00	2151.67	2161.36	2151.67	2158.25	5992	0	16
2024.03.07	07:00:00	2158.25	2158.70	2154.39	2154.46	5247	0	15
2024.03.07	08:00:00	2154.46	2156.48	2151.54	2155.36	5727	0	12
2024.03.07	09:00:00	2155.36	2158.25	2152.26	2155.99	6138	0	7
2024.03.07	10:00:00	2156.04	2159.80	2154.44	2155.28	5906	0	7
2024.03.07	11:00:00	2155.28	2157.79	2154.33	2157.68	5376	0	7
2024.03.07	12:00:00	2157.68	2158.89	2156.12	2157.60	4101	0	7
2024.03.07	13:00:00	2157.60	2157.70	2153.24	2156.06	4507	0	7
2024.03.07	14:00:00	2156.10	2158.80	2153.98	2158.41	4136	0	7
2024.03.07	15:00:00	2158.40	2164.68	2157.34	2159.57	11247	0	7
2024.03.07	16:00:00	2159.57	2159.78	2147.91	2154.04	11615	0	8
2024.03.07	17:00:00	2154.02	2157.71	2151.73	2153.67	9516	0	7
2024.03.07	18:00:00	2153.68	2158.54	2149.26	2156.18	7992	0	7
2024.03.07	19:00:00	2156.21	2158.82	2155.28	2158.24	4682	0	7
2024.03.07	20:00:00	2158.24	2159.27	2156.08	2157.08	3822	0	7
2024.03.07	21:00:00	2157.10	2160.85	2156.12	2159.96	2769	0	7
2024.03.07	22:00:00	2159.98	2160.45	2157.97	2158.61	2727	0	7
2024.03.07	23:00:00	2158.66	2159.56	2158.31	2159.39	922	0	7
2024.03.08	01:00:00	2158.96	2162.53	2158.91	2161.92	1806	0	12
2024.03.08	02:00:00	2161.92	2163.55	2159.71	2160.87	3089	0	12
2024.03.08	03:00:00	2160.90	2161.75	2157.67	2157.83	3772	0	12
2024.03.08	04:00:00	2157.80	2158.43	2154.95	2155.32	3562	0	12
2024.03.08	05:00:00	2155.32	2158.74	2153.96	2157.64	2423	0	12
2024.03.08	06:00:00	2157.65	2159.28	2156.34	2157.71	1870	0	12
2024.03.08	07:00:00	2157.71	2158.37	2156.42	2157.74	2273	0	12
2024.03.08	08:00:00	2157.74	2161.98	2156.46	2161.18	3581	0	12
2024.03.08	09:00:00	2161.18	2161.92	2159.04	2161.38	5138	0	7
2024.03.08	10:00:00	2161.35	2168.69	2161.12	2165.11	6908	0	7
2024.03.08	11:00:00	2165.12	2171.01	2164.63	2169.03	6966	0	7
2024.03.08	12:00:00	2169.04	2170.52	2166.61	2168.44	3993	0	7
2024.03.08	13:00:00	2168.44	2169.67	2166.31	2168.27	3187	0	7
2024.03.08	14:00:00	2168.27	2169.29	2165.96	2165.99	3321	0	7
2024.03.08	15:00:00	2165.96	2185.37	2156.46	2171.15	12895	0	7
2024.03.08	16:00:00	2171.14	2174.66	2163.80	2170.81	14593	0	8
2024.03.08	17:00:00	2170.83	2177.40	2167.86	2177.19	11327	0	7
2024.03.08	18:00:00	2177.20	2180.89	2172.28	2180.70	10268	0	7
2024.03.08	19:00:00	2180.69	2195.16	2180.67	2184.98	12703	0	12
2024.03.08	20:00:00	2184.98	2184.99	2173.85	2174.29	9980	0	7
2024.03.08	21:00:00	2174.32	2177.81	2168.27	2176.36	7628	0	12
2024.03.08	22:00:00	2176.41	2178.16	2175.69	2177.28	4751	0	7
2024.03.08	23:00:00	2177.23	2178.18	2176.82	2177.80	1035	0	7
2024.03.11	01:00:00	2179.88	2181.00	2177.18	2177.18	1102	0	12
2024.03.11	02:00:00	2177.18	2183.82	2177.18	2181.60	2851	0	12
2024.03.11	03:00:00	2181.60	2188.96	2179.39	2186.63	4278	0	12
2024.03.11	04:00:00	2186.62	2186.72	2178.90	2180.22	5602	0	15
2024.03.11	05:00:00	2180.26	2180.37	2176.83	2177.40	3558	0	12
2024.03.11	06:00:00	2177.39	2180.32	2176.96	2179.47	2871	0	12
2024.03.11	07:00:00	2179.51	2181.47	2179.45	2180.68	1705	0	12
2024.03.11	08:00:00	2180.68	2181.62	2176.81	2177.97	3490	0	12
2024.03.11	09:00:00	2177.97	2180.00	2177.27	2179.49	3370	0	7
2024.03.11	10:00:00	2179.53	2182.74	2177.98	2182.27	4635	0	7
2024.03.11	11:00:00	2182.27	2183.06	2176.77	2177.40	6278	0	7
2024.03.11	12:00:00	2177.39	2181.54	2175.93	2180.53	5095	0	7
2024.03.11	13:00:00	2180.53	2180.75	2176.86	2177.68	3527	0	7
2024.03.11	14:00:00	2177.68	2179.54	2176.42	2178.93	3281	0	7
2024.03.11	15:00:00	2178.95	2180.70	2176.46	2177.20	8081	0	7
2024.03.11	16:00:00	2177.19	2185.07	2174.85	2181.77	10273	0	7
2024.03.11	17:00:00	2181.68	2183.27	2175.70	2181.99	8522	0	7
2024.03.11	18:00:00	2181.97	2185.68	2180.05	2184.35	6731	0	7
2024.03.11	19:00:00	2184.35	2184.67	2178.61	2180.80	4820	0	7
2024.03.11	20:00:00	2180.82	2184.11	2178.26	2179.65	4656	0	7
2024.03.11	21:00:00	2179.72	2180.91	2177.18	2180.85	3151	0	7
2024.03.11	22:00:00	2180.80	2184.14	2180.65	2181.36	3080	0	7
2024.03.11	23:00:00	2181.30	2182.80	2181.08	2182.79	867	0	7
2024.03.12	01:00:00	2181.93	2184.72	2180.74	2181.28	1511	0	12
2024.03.12	02:00:00	2181.28	2183.75	2181.17	2183.66	1990	0	12
2024.03.12	03:00:00	2183.66	2184.49	2180.20	2180.45	2545	0	12
2024.03.12	04:00:00	2180.54	2183.07	2179.96	2182.74	3680	0	12
2024.03.12	05:00:00	2182.73	2182.82	2178.67	2179.10	4161	0	12
2024.03.12	06:00:00	2179.09	2179.09	2176.78	2177.45	2630	0	12
2024.03.12	07:00:00	2177.46	2179.24	2177.21	2178.21	1507	0	12
2024.03.12	08:00:00	2178.21	2179.16	2174.15	2176.12	2774	0	12
2024.03.12	09:00:00	2176.15	2177.15	2173.65	2175.37	4004	0	7
2024.03.12	10:00:00	2175.41	2177.42	2174.77	2177.01	4541	0	7
2024.03.12	11:00:00	2177.01	2178.51	2176.04	2177.77	5083	0	7
2024.03.12	12:00:00	2177.78	2179.09	2176.34	2176.96	3826	0	7
2024.03.12	13:00:00	2176.95	2177.61	2175.39	2176.50	3581	0	7
2024.03.12	14:00:00	2176.50	2176.56	2170.57	2171.93	5853	0	7
2024.03.12	15:00:00	2171.93	2181.99	2161.12	2169.81	13446	0	7
2024.03.12	16:00:00	2169.80	2169.88	2156.20	2160.41	15827	0	10
2024.03.12	17:00:00	2160.42	2166.42	2152.61	2162.04	12387	0	7
2024.03.12	18:00:00	2162.04	2164.97	2157.56	2162.98	8372	0	7
2024.03.12	19:00:00	2163.00	2166.47	2161.47	2165.76	4911	0	7
2024.03.12	20:00:00	2165.75	2165.75	2154.76	2154.98	6498	0	7
2024.03.12	21:00:00	2154.97	2156.55	2152.95	2153.51	4890	0	7
2024.03.12	22:00:00	2153.53	2157.38	2150.59	2157.35	3449	0	7
2024.03.12	23:00:00	2157.36	2158.57	2156.15	2158.39	1102	0	7
2024.03.13	01:00:00	2158.53	2161.39	2156.10	2158.73	2743	0	12
2024.03.13	02:00:00	2158.75	2159.18	2155.74	2157.00	1835	0	12
2024.03.13	03:00:00	2157.00	2160.54	2156.63	2159.28	2811	0	12
2024.03.13	04:00:00	2159.28	2159.58	2157.33	2158.57	3438	0	12
2024.03.13	05:00:00	2158.56	2161.54	2157.38	2160.34	2785	0	12
2024.03.13	06:00:00	2160.35	2160.68	2157.43	2159.14	2201	0	12
2024.03.13	07:00:00	2159.12	2159.67	2157.22	2159.31	1752	0	12
2024.03.13	08:00:00	2159.31	2160.55	2158.67	2160.05	2683	0	12
2024.03.13	09:00:00	2160.05	2161.47	2158.44	2159.42	2734	0	7
2024.03.13	10:00:00	2159.44	2160.79	2158.51	2159.78	3837	0	7
2024.03.13	11:00:00	2159.78	2161.10	2157.93	2158.20	4754	0	7
2024.03.13	12:00:00	2158.19	2160.22	2157.53	2158.56	4599	0	7
2024.03.13	13:00:00	2158.54	2163.64	2158.09	2163.40	4308	0	7
2024.03.13	14:00:00	2163.40	2164.16	2161.57	2164.01	3658	0	7
2024.03.13	15:00:00	2164.07	2166.35	2162.20	2163.60	7600	0	7
2024.03.13	16:00:00	2163.61	2171.60	2161.43	2166.08	11064	0	7
2024.03.13	17:00:00	2166.09	2169.79	2163.54	2168.98	9505	0	7
2024.03.13	18:00:00	2168.94	2174.50	2168.27	2171.76	8527	0	7
2024.03.13	19:00:00	2171.72	2174.69	2169.60	2173.64	7370	0	7
2024.03.13	20:00:00	2173.66	2179.84	2173.25	2174.52	7623	0	7
2024.03.13	21:00:00	2174.54	2176.58	2174.29	2174.85	3215	0	7
2024.03.13	22:00:00	2174.85	2175.58	2171.74	2172.58	2973	0	7
2024.03.13	23:00:00	2172.59	2175.20	2172.37	2174.63	1663	0	7
2024.03.14	01:00:00	2174.09	2175.44	2173.71	2174.67	800	0	12
2024.03.14	02:00:00	2174.67	2176.16	2174.65	2175.43	1328	0	12
2024.03.14	03:00:00	2175.43	2176.54	2174.01	2176.25	2387	0	12
2024.03.14	04:00:00	2176.32	2176.94	2173.19	2174.69	4268	0	12
2024.03.14	05:00:00	2174.68	2175.40	2172.59	2172.74	2441	0	12
2024.03.14	06:00:00	2172.70	2174.06	2171.11	2172.26	2210	0	12
2024.03.14	07:00:00	2172.27	2172.50	2171.02	2171.74	1201	0	12
2024.03.14	08:00:00	2171.73	2171.94	2168.65	2168.83	2776	0	12
2024.03.14	09:00:00	2168.83	2170.23	2167.43	2168.70	3562	0	7
2024.03.14	10:00:00	2168.74	2169.05	2167.52	2168.72	3408	0	7
2024.03.14	11:00:00	2168.66	2170.05	2168.16	2169.60	4352	0	7
2024.03.14	12:00:00	2169.60	2172.00	2167.88	2170.08	4371	0	7
2024.03.14	13:00:00	2170.08	2170.93	2168.01	2170.63	2942	0	7
2024.03.14	14:00:00	2170.63	2170.86	2167.19	2168.53	3193	0	7
2024.03.14	15:00:00	2168.55	2170.39	2160.44	2162.78	11077	0	7
2024.03.14	16:00:00	2162.77	2167.23	2158.56	2162.57	13191	0	7
2024.03.14	17:00:00	2162.43	2163.82	2157.70	2162.00	10333	0	7
2024.03.14	18:00:00	2162.00	2162.22	2152.78	2157.22	10347	0	7
2024.03.14	19:00:00	2157.22	2160.26	2156.71	2158.66	6767	0	7
2024.03.14	20:00:00	2158.54	2165.03	2158.06	2160.20	5471	0	7
2024.03.14	21:00:00	2160.26	2162.36	2160.26	2161.39	3104	0	7
2024.03.14	22:00:00	2161.38	2163.49	2160.65	2163.46	3139	0	7
2024.03.14	23:00:00	2163.44	2163.80	2161.86	2162.04	860	0	7
2024.03.15	01:00:00	2162.30	2162.37	2161.47	2161.54	468	0	12
2024.03.15	02:00:00	2161.54	2162.11	2160.84	2161.58	1105	0	12
2024.03.15	03:00:00	2161.60	2163.08	2160.55	2162.68	2135	0	12
2024.03.15	04:00:00	2162.64	2165.92	2162.34	2162.72	3641	0	12
2024.03.15	05:00:00	2162.70	2162.97	2161.64	2162.36	2107	0	12
2024.03.15	06:00:00	2162.37	2164.83	2161.74	2164.58	2110	0	12
2024.03.15	07:00:00	2164.60	2165.44	2163.84	2164.45	1412	0	12
2024.03.15	08:00:00	2164.51	2169.23	2163.55	2169.09	3706	0	12
2024.03.15	09:00:00	2169.09	2170.05	2167.20	2168.92	3911	0	7
2024.03.15	10:00:00	2168.92	2169.99	2166.70	2167.03	4009	0	7
2024.03.15	11:00:00	2167.05	2169.37	2165.30	2169.10	5481	0	7
2024.03.15	12:00:00	2169.12	2172.70	2167.51	2171.84	4185	0	7
2024.03.15	13:00:00	2171.83	2172.63	2168.68	2169.32	3647	0	7
2024.03.15	14:00:00	2169.32	2169.39	2166.16	2166.96	3929	0	7
2024.03.15	15:00:00	2166.96	2167.35	2157.56	2161.84	9271	0	7
2024.03.15	16:00:00	2161.83	2163.32	2156.49	2160.33	10078	0	7
2024.03.15	17:00:00	2160.36	2166.67	2159.20	2164.33	10880	0	7
2024.03.15	18:00:00	2164.32	2164.34	2158.13	2160.04	7512	0	7
2024.03.15	19:00:00	2160.04	2163.48	2157.95	2158.79	6222	0	7
2024.03.15	20:00:00	2158.91	2160.60	2155.16	2156.81	5536	0	7
2024.03.15	21:00:00	2156.80	2160.30	2156.57	2159.31	3828	0	7
2024.03.15	22:00:00	2159.28	2159.44	2156.34	2156.89	2609	0	7
2024.03.15	23:00:00	2156.92	2158.31	2156.00	2156.07	877	0	7
2024.03.18	01:00:00	2153.49	2156.00	2153.11	2154.89	1582	0	12
2024.03.18	02:00:00	2154.89	2156.86	2153.87	2156.50	2073	0	12
2024.03.18	03:00:00	2156.53	2157.45	2154.95	2156.60	2598	0	12
2024.03.18	04:00:00	2156.60	2156.60	2150.15	2152.23	5243	0	12
2024.03.18	05:00:00	2152.25	2153.46	2146.54	2147.89	4129	0	12
2024.03.18	06:00:00	2147.84	2148.04	2146.05	2146.72	2854	0	12
2024.03.18	07:00:00	2146.70	2148.26	2146.10	2147.35	1672	0	12
2024.03.18	08:00:00	2147.27	2148.28	2146.05	2147.02	2334	0	12
2024.03.18	09:00:00	2147.05	2149.13	2146.74	2148.12	2417	0	7
2024.03.18	10:00:00	2148.12	2152.21	2147.30	2152.15	4335	0	7
2024.03.18	11:00:00	2152.17	2154.42	2150.17	2153.51	6173	0	7
2024.03.18	12:00:00	2153.50	2155.89	2153.36	2154.85	4556	0	7
2024.03.18	13:00:00	2154.86	2158.46	2154.62	2158.20	4256	0	7
2024.03.18	14:00:00	2158.21	2161.27	2158.20	2161.05	5013	0	7
2024.03.18	15:00:00	2161.05	2163.59	2158.24	2159.13	8239	0	7
2024.03.18	16:00:00	2159.13	2161.09	2155.51	2156.79	9330	0	7
2024.03.18	17:00:00	2156.78	2160.76	2156.71	2158.51	7876	0	7
2024.03.18	18:00:00	2158.48	2161.33	2157.00	2158.37	6094	0	7
2024.03.18	19:00:00	2158.36	2160.77	2154.57	2159.91	5433	0	7
2024.03.18	20:00:00	2159.93	2161.12	2158.08	2159.95	3779	0	7
2024.03.18	21:00:00	2159.86	2160.66	2159.14	2159.35	2414	0	7
2024.03.18	22:00:00	2159.36	2160.99	2159.32	2160.17	2302	0	7
2024.03.18	23:00:00	2160.16	2160.35	2159.38	2159.48	819	0	7
2024.03.19	01:00:00	2160.17	2162.55	2160.11	2161.20	1210	0	12
2024.03.19	02:00:00	2161.20	2162.20	2160.43	2162.08	842	0	12
2024.03.19	03:00:00	2162.08	2162.82	2160.50	2160.63	2157	0	12
2024.03.19	04:00:00	2160.61	2162.20	2158.52	2160.44	3176	0	12
2024.03.19	05:00:00	2160.45	2162.71	2159.92	2160.84	2900	0	12
2024.03.19	06:00:00	2160.82	2162.35	2159.80	2161.51	3726	0	12
2024.03.19	07:00:00	2161.51	2162.12	2159.60	2160.24	2235	0	12
2024.03.19	08:00:00	2160.25	2160.46	2157.01	2157.57	3330	0	12
2024.03.19	09:00:00	2157.57	2157.75	2154.03	2156.72	4698	0	7
2024.03.19	10:00:00	2156.77	2157.23	2154.19	2155.79	4066	0	7
2024.03.19	11:00:00	2155.80	2155.91	2147.11	2153.05	7523	0	7
2024.03.19	12:00:00	2153.06	2154.49	2151.61	2153.16	4815	0	7
2024.03.19	13:00:00	2153.18	2156.36	2152.43	2154.11	5160	0	7
2024.03.19	14:00:00	2154.11	2156.68	2153.73	2155.62	4532	0	7
2024.03.19	15:00:00	2155.66	2158.66	2150.83	2156.92	7504	0	7
2024.03.19	16:00:00	2156.91	2158.61	2150.47	2151.24	8386	0	7
2024.03.19	17:00:00	2151.26	2155.34	2148.40	2154.93	7394	0	7
2024.03.19	18:00:00	2154.92	2155.63	2150.74	2154.29	5912	0	7
2024.03.19	19:00:00	2154.29	2156.00	2153.07	2154.54	4683	0	7
2024.03.19	20:00:00	2154.55	2157.38	2154.34	2156.92	4663	0	7
2024.03.19	21:00:00	2156.90	2157.70	2155.52	2156.80	2680	0	7
2024.03.19	22:00:00	2156.82	2157.95	2156.24	2157.72	2724	0	7
2024.03.19	23:00:00	2157.76	2158.49	2157.39	2157.68	802	0	7
2024.03.20	01:00:00	2157.90	2159.62	2157.76	2158.69	566	0	12
2024.03.20	02:00:00	2158.69	2158.73	2156.95	2157.02	1062	0	12
2024.03.20	03:00:00	2157.07	2157.44	2155.19	2157.16	1473	0	12
2024.03.20	04:00:00	2157.17	2159.96	2156.61	2158.69	2602	0	12
2024.03.20	05:00:00	2158.61	2159.71	2157.16	2158.96	1943	0	12
2024.03.20	06:00:00	2158.85	2159.84	2158.38	2159.80	1472	0	12
2024.03.20	07:00:00	2159.89	2160.17	2156.84	2156.87	1907	0	12
2024.03.20	08:00:00	2156.89	2158.28	2156.56	2157.39	1762	0	12
2024.03.20	09:00:00	2157.39	2158.19	2156.43	2157.02	2345	0	7
2024.03.20	10:00:00	2157.01	2159.47	2156.86	2158.26	3233	0	7
2024.03.20	11:00:00	2158.18	2158.34	2154.54	2156.12	3893	0	7
2024.03.20	12:00:00	2156.13	2156.13	2153.16	2154.63	3318	0	7
2024.03.20	13:00:00	2154.61	2154.80	2152.35	2154.34	3253	0	7
2024.03.20	14:00:00	2154.34	2155.10	2152.22	2153.98	3282	0	7
2024.03.20	15:00:00	2153.99	2155.26	2149.59	2153.17	5751	0	7
2024.03.20	16:00:00	2153.18	2158.63	2150.51	2157.91	7886	0	7
2024.03.20	17:00:00	2157.92	2164.89	2155.62	2157.09	9795	0	7
2024.03.20	18:00:00	2157.01	2158.65	2154.66	2155.89	5334	0	7
2024.03.20	19:00:00	2155.89	2158.66	2155.55	2157.69	4348	0	7
2024.03.20	20:00:00	2157.71	2159.63	2156.66	2157.39	4219	0	7
2024.03.20	21:00:00	2157.32	2183.71	2156.85	2182.06	17693	0	7
2024.03.20	22:00:00	2181.82	2188.80	2178.48	2182.80	11557	0	16
2024.03.20	23:00:00	2182.80	2187.21	2182.76	2185.75	2944	0	7
2024.03.21	01:00:00	2187.12	2222.72	2187.12	2200.83	7174	0	13
2024.03.21	02:00:00	2200.83	2206.29	2196.44	2203.92	5327	0	17
2024.03.21	03:00:00	2203.94	2203.96	2192.38	2198.96	7236	0	15
2024.03.21	04:00:00	2198.95	2212.39	2197.92	2204.77	9885	0	17
2024.03.21	05:00:00	2204.77	2206.34	2202.59	2203.40	4532	0	12
2024.03.21	06:00:00	2203.40	2204.99	2201.70	2202.76	2975	0	12
2024.03.21	07:00:00	2202.80	2204.03	2201.78	2203.24	2209	0	12
2024.03.21	08:00:00	2203.25	2205.08	2201.81	2204.84	2836	0	12
2024.03.21	09:00:00	2204.83	2209.51	2204.28	2207.15	4857	0	7
2024.03.21	10:00:00	2207.15	2210.17	2206.38	2206.53	5923	0	7
2024.03.21	11:00:00	2206.53	2206.62	2196.84	2201.49	8990	0	7
2024.03.21	12:00:00	2201.52	2205.99	2199.92	2205.44	7270	0	7
2024.03.21	13:00:00	2205.44	2211.72	2205.21	2207.63	6427	0	7
2024.03.21	14:00:00	2207.67	2208.78	2205.35	2207.55	5758	0	7
2024.03.21	15:00:00	2207.53	2208.84	2203.24	2207.68	9493	0	7
2024.03.21	16:00:00	2207.68	2208.07	2191.68	2191.89	12220	0	7
2024.03.21	17:00:00	2191.58	2191.94	2175.62	2176.62	14323	0	8
2024.03.21	18:00:00	2176.61	2176.84	2166.41	2174.67	11604	0	9
2024.03.21	19:00:00	2174.67	2180.31	2173.02	2179.95	6606	0	7
2024.03.21	20:00:00	2179.96	2183.80	2178.54	2180.87	5873	0	7
2024.03.21	21:00:00	2180.88	2183.97	2180.45	2182.81	3059	0	7
2024.03.21	22:00:00	2182.83	2183.63	2180.31	2181.44	2466	0	7
2024.03.21	23:00:00	2181.47	2182.43	2180.69	2180.78	951	0	7
2024.03.22	01:00:00	2182.14	2182.60	2181.03	2181.24	530	0	12
2024.03.22	02:00:00	2181.24	2181.82	2180.86	2181.75	939	0	12
2024.03.22	03:00:00	2181.74	2186.04	2181.01	2184.96	2774	0	12
2024.03.22	04:00:00	2184.97	2185.86	2172.65	2173.42	5963	0	12
2024.03.22	05:00:00	2173.43	2177.10	2171.75	2172.54	5970	0	18
2024.03.22	06:00:00	2172.52	2176.15	2172.19	2173.76	3444	0	12
2024.03.22	07:00:00	2173.75	2175.41	2173.16	2173.60	2434	0	12
2024.03.22	08:00:00	2173.59	2175.77	2173.04	2174.26	3095	0	12
2024.03.22	09:00:00	2174.26	2176.21	2169.87	2170.09	4527	0	7
2024.03.22	10:00:00	2170.10	2170.37	2162.56	2168.42	6807	0	7
2024.03.22	11:00:00	2168.41	2169.20	2164.92	2167.93	6118	0	7
2024.03.22	12:00:00	2168.13	2170.08	2165.65	2166.64	5155	0	7
2024.03.22	13:00:00	2166.64	2168.59	2165.87	2167.22	4467	0	7
2024.03.22	14:00:00	2167.22	2168.14	2165.18	2166.09	4420	0	7
2024.03.22	15:00:00	2166.13	2176.19	2165.84	2174.59	8594	0	7
2024.03.22	16:00:00	2174.59	2180.12	2172.58	2178.05	10055	0	7
2024.03.22	17:00:00	2178.05	2179.82	2171.19	2173.94	10224	0	7
2024.03.22	18:00:00	2173.88	2173.88	2165.45	2166.14	8450	0	7
2024.03.22	19:00:00	2166.14	2167.49	2161.66	2162.62	6372	0	7
2024.03.22	20:00:00	2162.62	2164.93	2157.13	2159.20	6464	0	7
2024.03.22	21:00:00	2159.20	2164.78	2158.79	2163.13	4467	0	7
2024.03.22	22:00:00	2163.14	2165.16	2161.82	2163.94	2501	0	7
2024.03.22	23:00:00	2164.00	2167.22	2163.57	2164.96	2019	0	7
2024.03.25	01:00:00	2166.27	2167.80	2165.19	2166.44	1438	0	12
2024.03.25	02:00:00	2166.44	2168.88	2165.92	2168.34	2299	0	12
2024.03.25	03:00:00	2168.40	2169.40	2164.01	2165.52	3668	0	12
2024.03.25	04:00:00	2165.58	2176.88	2163.93	2175.12	8415	0	12
2024.03.25	05:00:00	2175.13	2178.29	2173.75	2175.14	4581	0	12
2024.03.25	06:00:00	2175.13	2175.15	2170.03	2170.55	3759	0	12
2024.03.25	07:00:00	2170.57	2171.66	2169.17	2169.41	2018	0	12
2024.03.25	08:00:00	2169.43	2171.05	2167.79	2169.80	3398	0	12
2024.03.25	09:00:00	2169.80	2170.60	2164.29	2165.47	4052	0	7
2024.03.25	10:00:00	2165.44	2168.74	2163.55	2165.88	4847	0	7
2024.03.25	11:00:00	2165.89	2168.96	2163.83	2165.71	5519	0	7
2024.03.25	12:00:00	2165.70	2168.80	2164.31	2168.41	4288	0	7
2024.03.25	13:00:00	2168.41	2171.12	2167.60	2168.43	4015	0	7
2024.03.25	14:00:00	2168.43	2171.84	2167.94	2170.51	4222	0	7
2024.03.25	15:00:00	2170.49	2177.03	2170.33	2174.56	7317	0	7
2024.03.25	16:00:00	2174.55	2181.30	2173.02	2177.20	8599	0	7
2024.03.25	17:00:00	2177.24	2180.47	2175.36	2177.75	7975	0	7
2024.03.25	18:00:00	2177.81	2177.88	2174.95	2175.46	6128	0	7
2024.03.25	19:00:00	2175.46	2177.90	2175.06	2175.80	4808	0	7
2024.03.25	20:00:00	2175.82	2176.67	2174.23	2174.75	3831	0	7
2024.03.25	21:00:00	2174.75	2174.75	2173.02	2173.26	3074	0	7
2024.03.25	22:00:00	2173.26	2173.73	2170.72	2170.96	2807	0	7
2024.03.25	23:00:00	2171.11	2172.28	2170.74	2171.11	982	0	7
2024.03.26	01:00:00	2171.75	2173.48	2171.51	2172.01	1314	0	12
2024.03.26	02:00:00	2172.01	2173.31	2171.20	2172.91	1822	0	12
2024.03.26	03:00:00	2172.91	2174.43	2172.34	2173.89	2511	0	12
2024.03.26	04:00:00	2173.89	2174.32	2167.56	2169.37	6291	0	12
2024.03.26	05:00:00	2169.37	2171.54	2169.22	2170.77	3016	0	12
2024.03.26	06:00:00	2170.73	2172.44	2169.59	2170.28	2814	0	12
2024.03.26	07:00:00	2170.30	2172.70	2170.07	2172.28	1536	0	12
2024.03.26	08:00:00	2172.25	2173.35	2171.41	2172.85	2705	0	12
2024.03.26	09:00:00	2172.85	2174.07	2170.49	2171.47	4066	0	7
2024.03.26	10:00:00	2171.47	2174.26	2169.63	2173.04	3326	0	7
2024.03.26	11:00:00	2173.04	2179.26	2171.57	2178.30	5208	0	7
2024.03.26	12:00:00	2178.30	2195.09	2178.30	2190.91	7397	0	7
2024.03.26	13:00:00	2190.90	2200.05	2190.74	2197.72	6756	0	7
2024.03.26	14:00:00	2197.72	2199.08	2195.00	2196.48	5959	0	7
2024.03.26	15:00:00	2196.52	2197.31	2186.62	2187.88	8058	0	7
2024.03.26	16:00:00	2187.96	2192.90	2178.44	2183.12	10192	0	7
2024.03.26	17:00:00	2183.09	2186.28	2179.14	2179.35	9489	0	7
2024.03.26	18:00:00	2179.41	2181.62	2171.67	2174.35	8868	0	7
2024.03.26	19:00:00	2174.32	2178.45	2174.28	2176.79	5636	0	7
2024.03.26	20:00:00	2176.80	2179.21	2175.98	2176.83	5249	0	7
2024.03.26	21:00:00	2176.83	2178.61	2175.98	2177.63	3300	0	7
2024.03.26	22:00:00	2177.63	2178.22	2176.54	2177.93	2676	0	7
2024.03.26	23:00:00	2177.95	2178.08	2174.69	2176.52	1038	0	7
2024.03.27	01:00:00	2178.63	2179.53	2177.93	2178.39	1058	0	12
2024.03.27	02:00:00	2178.39	2179.93	2178.19	2179.44	1413	0	12
2024.03.27	03:00:00	2179.44	2180.21	2176.71	2177.50	1771	0	12
2024.03.27	04:00:00	2177.46	2180.38	2173.05	2175.07	4699	0	12
2024.03.27	05:00:00	2174.99	2177.67	2174.71	2175.97	2647	0	12
2024.03.27	06:00:00	2175.93	2181.69	2175.72	2177.71	2893	0	12
2024.03.27	07:00:00	2177.69	2180.06	2177.32	2178.38	1440	0	12
2024.03.27	08:00:00	2178.39	2178.42	2175.71	2177.04	2065	0	12
2024.03.27	09:00:00	2177.04	2180.04	2176.56	2177.64	2466	0	7
2024.03.27	10:00:00	2177.61	2180.80	2176.98	2180.56	3738	0	7
2024.03.27	11:00:00	2180.66	2182.67	2176.57	2177.42	3735	0	7
2024.03.27	12:00:00	2177.33	2193.92	2176.53	2189.23	6879	0	7
2024.03.27	13:00:00	2189.08	2194.52	2188.76	2193.81	6175	0	7
2024.03.27	14:00:00	2193.79	2197.61	2187.24	2188.46	5964	0	7
2024.03.27	15:00:00	2188.46	2189.35	2184.42	2186.08	7055	0	7
2024.03.27	16:00:00	2186.11	2193.47	2183.56	2193.39	9142	0	7
2024.03.27	17:00:00	2193.38	2195.18	2189.84	2193.49	9185	0	7
2024.03.27	18:00:00	2193.50	2194.10	2188.39	2190.51	6705	0	7
2024.03.27	19:00:00	2190.50	2192.76	2189.93	2192.47	5315	0	7
2024.03.27	20:00:00	2192.45	2194.13	2189.07	2190.45	5412	0	7
2024.03.27	21:00:00	2190.46	2192.48	2188.87	2192.45	2782	0	7
2024.03.27	22:00:00	2192.49	2194.27	2190.86	2193.41	2659	0	7
2024.03.27	23:00:00	2193.43	2195.21	2192.96	2194.80	1764	0	7
2024.03.28	01:00:00	2192.01	2194.00	2190.14	2192.41	1838	0	12
2024.03.28	02:00:00	2192.41	2192.41	2190.65	2190.72	1170	0	12
2024.03.28	03:00:00	2190.72	2190.90	2187.35	2189.07	3184	0	12
2024.03.28	04:00:00	2189.10	2190.46	2187.52	2189.35	3808	0	12
2024.03.28	05:00:00	2189.38	2196.09	2189.04	2194.79	4175	0	12
2024.03.28	06:00:00	2194.79	2196.42	2194.04	2194.79	2714	0	12
2024.03.28	07:00:00	2194.79	2196.89	2194.34	2195.58	1540	0	12
2024.03.28	08:00:00	2195.59	2200.63	2194.45	2197.26	3050	0	12
2024.03.28	09:00:00	2197.26	2198.94	2195.26	2198.72	3625	0	7
2024.03.28	10:00:00	2198.77	2198.87	2192.69	2193.74	4550	0	7
2024.03.28	11:00:00	2193.73	2197.40	2190.85	2194.83	5096	0	7
2024.03.28	12:00:00	2194.83	2197.92	2192.47	2197.83	4218	0	7
2024.03.28	13:00:00	2197.83	2213.76	2197.17	2212.19	8390	0	7
2024.03.28	14:00:00	2212.19	2213.31	2207.23	2210.42	7131	0	7
2024.03.28	15:00:00	2210.38	2216.92	2205.79	2215.67	11645	0	7
2024.03.28	16:00:00	2215.68	2217.04	2202.24	2206.94	12271	0	7
2024.03.28	17:00:00	2206.92	2215.00	2204.30	2214.35	10822	0	7
2024.03.28	18:00:00	2214.32	2216.93	2212.21	2215.90	8539	0	7
2024.03.28	19:00:00	2215.90	2225.54	2213.48	2220.34	9651	0	7
2024.03.28	20:00:00	2220.39	2223.28	2216.72	2222.02	7045	0	11
2024.03.28	21:00:00	2221.94	2222.44	2218.38	2220.56	3421	0	11
2024.03.28	22:00:00	2220.53	2222.22	2217.95	2221.76	3271	0	11
2024.03.28	23:00:00	2221.71	2236.25	2219.59	2229.47	1755	0	11
2024.04.01	01:00:00	2239.37	2243.14	2235.93	2236.86	4479	0	19
2024.04.01	02:00:00	2236.86	2247.30	2235.62	2245.98	4750	0	17
2024.04.01	03:00:00	2246.17	2256.38	2243.86	2250.02	6675	0	15
2024.04.01	04:00:00	2250.05	2259.53	2250.05	2255.85	8919	0	19
2024.04.01	05:00:00	2255.87	2258.15	2254.97	2257.32	4201	0	14
2024.04.01	06:00:00	2257.31	2265.08	2256.54	2264.38	5238	0	14
2024.04.01	07:00:00	2264.43	2265.66	2258.05	2260.32	3763	0	14
2024.04.01	08:00:00	2260.29	2263.38	2257.88	2261.57	4039	0	14
2024.04.01	09:00:00	2261.57	2262.81	2258.90	2260.23	3929	0	11
2024.04.01	10:00:00	2260.21	2263.08	2256.85	2257.45	3496	0	11
2024.04.01	11:00:00	2257.45	2260.16	2255.76	2257.30	3717	0	11
2024.04.01	12:00:00	2257.27	2258.34	2249.18	2251.77	4444	0	11
2024.04.01	13:00:00	2251.76	2253.39	2245.49	2247.81	4539	0	11
2024.04.01	14:00:00	2247.81	2251.06	2246.48	2246.77	3985	0	11
2024.04.01	15:00:00	2246.90	2252.66	2243.60	2252.55	8687	0	7
2024.04.01	16:00:00	2252.60	2257.85	2239.30	2246.65	12338	0	7
2024.04.01	17:00:00	2246.62	2246.69	2228.50	2235.96	14009	0	7
2024.04.01	18:00:00	2235.93	2240.61	2233.72	2239.74	8453	0	7
2024.04.01	19:00:00	2239.74	2243.37	2237.11	2238.08	7050	0	7
2024.04.01	20:00:00	2238.10	2239.35	2234.73	2239.20	4974	0	7
2024.04.01	21:00:00	2239.20	2241.27	2238.13	2239.34	3278	0	7
2024.04.01	22:00:00	2239.40	2244.69	2239.10	2244.68	2801	0	7
2024.04.01	23:00:00	2244.62	2250.61	2243.03	2249.33	2657	0	10
2024.04.02	01:00:00	2249.77	2255.82	2249.64	2253.61	1817	0	12
2024.04.02	02:00:00	2253.61	2253.70	2248.52	2249.01	2145	0	12
2024.04.02	03:00:00	2248.95	2253.55	2247.83	2250.33	4624	0	12
2024.04.02	04:00:00	2250.32	2250.32	2246.67	2249.00	5836	0	12
2024.04.02	05:00:00	2248.97	2255.01	2247.75	2254.29	4454	0	10
2024.04.02	06:00:00	2254.21	2255.26	2251.25	2251.56	3759	0	12
2024.04.02	07:00:00	2251.56	2259.80	2250.39	2256.61	3187	0	12
2024.04.02	08:00:00	2256.55	2257.00	2252.18	2253.54	3684	0	12
2024.04.02	09:00:00	2253.54	2256.08	2252.36	2255.68	4800	0	7
2024.04.02	10:00:00	2255.62	2257.59	2253.20	2256.41	4948	0	7
2024.04.02	11:00:00	2256.43	2262.79	2256.14	2261.12	6478	0	7
2024.04.02	12:00:00	2261.09	2266.77	2259.33	2260.71	5813	0	7
2024.04.02	13:00:00	2260.70	2264.69	2255.17	2262.14	5705	0	7
2024.04.02	14:00:00	2262.14	2262.15	2255.98	2260.57	6516	0	7
2024.04.02	15:00:00	2260.61	2261.50	2253.33	2257.58	9366	0	7
2024.04.02	16:00:00	2257.56	2266.76	2254.54	2265.16	12664	0	7
2024.04.02	17:00:00	2265.17	2276.97	2257.33	2260.71	14747	0	8
2024.04.02	18:00:00	2260.79	2261.06	2250.80	2258.65	11729	0	8
2024.04.02	19:00:00	2258.66	2261.43	2254.23	2260.30	7318	0	7
2024.04.02	20:00:00	2260.30	2266.70	2259.49	2265.89	6655	0	7
2024.04.02	21:00:00	2265.89	2272.65	2265.45	2271.43	7046	0	7
2024.04.02	22:00:00	2271.46	2279.25	2271.03	2277.41	6222	0	7
2024.04.02	23:00:00	2277.45	2281.06	2275.75	2280.30	2440	0	7
2024.04.03	01:00:00	2281.44	2288.32	2280.49	2281.80	4025	0	12
2024.04.03	02:00:00	2281.80	2283.76	2277.78	2279.93	2556	0	12
2024.04.03	03:00:00	2279.93	2285.81	2279.29	2283.20	4981	0	16
2024.04.03	04:00:00	2283.23	2283.46	2276.69	2282.46	7089	0	12
2024.04.03	05:00:00	2282.43	2284.56	2281.54	2283.38	3228	0	12
2024.04.03	06:00:00	2283.55	2287.95	2283.17	2285.05	4100	0	12
2024.04.03	07:00:00	2285.10	2287.01	2283.69	2283.73	2641	0	12
2024.04.03	08:00:00	2283.72	2286.02	2280.84	2285.96	4135	0	12
2024.04.03	09:00:00	2285.96	2286.02	2280.96	2281.97	5214	0	7
2024.04.03	10:00:00	2281.92	2281.98	2270.45	2271.13	7356	0	7
2024.04.03	11:00:00	2270.98	2276.12	2267.65	2273.21	6954	0	7
2024.04.03	12:00:00	2273.24	2274.75	2269.66	2272.05	5192	0	7
2024.04.03	13:00:00	2272.00	2273.36	2269.94	2272.74	5109	0	7
2024.04.03	14:00:00	2272.74	2274.47	2268.82	2273.75	5349	0	7
2024.04.03	15:00:00	2273.77	2275.11	2265.51	2274.93	11144	0	7
2024.04.03	16:00:00	2274.90	2278.84	2271.74	2275.13	12303	0	7
2024.04.03	17:00:00	2275.14	2285.30	2274.20	2282.80	13434	0	7
2024.04.03	18:00:00	2282.81	2288.27	2280.57	2286.28	10630	0	7
2024.04.03	19:00:00	2286.38	2295.18	2280.86	2293.98	11590	0	10
2024.04.03	20:00:00	2293.85	2295.55	2288.88	2295.05	7595	0	7
2024.04.03	21:00:00	2295.05	2297.83	2293.93	2296.42	4542	0	7
2024.04.03	22:00:00	2296.39	2298.86	2294.57	2297.50	4611	0	7
2024.04.03	23:00:00	2297.60	2300.11	2297.32	2299.83	1819	0	7
2024.04.04	01:00:00	2299.64	2302.67	2299.31	2301.75	2727	0	12
2024.04.04	02:00:00	2301.75	2301.77	2296.31	2297.50	3071	0	12
2024.04.04	03:00:00	2297.56	2302.54	2297.30	2302.20	4718	0	12
2024.04.04	04:00:00	2302.30	2304.78	2297.48	2301.10	4516	0	12
2024.04.04	05:00:00	2301.16	2302.09	2297.78	2299.58	2721	0	12
2024.04.04	06:00:00	2299.53	2300.52	2297.65	2299.13	2494	0	12
2024.04.04	07:00:00	2299.16	2300.17	2298.27	2298.83	1901	0	12
2024.04.04	08:00:00	2298.80	2300.63	2294.96	2295.27	2696	0	12
2024.04.04	09:00:00	2295.27	2297.37	2294.84	2295.79	3034	0	7
2024.04.04	10:00:00	2295.78	2298.12	2291.85	2293.03	5687	0	7
2024.04.04	11:00:00	2293.04	2294.51	2291.07	2291.61	4841	0	7
2024.04.04	12:00:00	2291.62	2294.09	2290.80	2293.27	4283	0	7
2024.04.04	13:00:00	2293.27	2295.08	2292.57	2294.56	3590	0	7
2024.04.04	14:00:00	2294.56	2295.19	2288.83	2289.28	4825	0	7
2024.04.04	15:00:00	2289.38	2289.97	2282.73	2288.15	11111	0	7
2024.04.04	16:00:00	2288.16	2291.08	2284.86	2287.62	10367	0	7
2024.04.04	17:00:00	2287.44	2299.33	2287.17	2295.16	11172	0	7
2024.04.04	18:00:00	2295.16	2295.54	2290.28	2292.10	7602	0	7
2024.04.04	19:00:00	2292.08	2293.18	2286.42	2286.78	6092	0	7
2024.04.04	20:00:00	2286.80	2294.07	2286.37	2294.02	5861	0	7
2024.04.04	21:00:00	2294.00	2305.55	2292.94	2304.09	10305	0	8
2024.04.04	22:00:00	2304.09	2304.66	2279.97	2284.94	12404	0	16
2024.04.04	23:00:00	2284.89	2291.65	2284.89	2289.50	3144	0	7
2024.04.05	01:00:00	2291.77	2293.34	2288.30	2289.64	1673	0	12
2024.04.05	02:00:00	2289.64	2291.14	2288.70	2288.73	1633	0	12
2024.04.05	03:00:00	2288.73	2290.30	2282.82	2283.09	5444	0	12
2024.04.05	04:00:00	2283.08	2284.08	2267.74	2271.80	9492	0	19
2024.04.05	05:00:00	2271.71	2274.72	2270.88	2273.82	3961	0	12
2024.04.05	06:00:00	2273.80	2279.35	2273.54	2276.68	3769	0	12
2024.04.05	07:00:00	2276.74	2279.78	2276.55	2278.04	2524	0	12
2024.04.05	08:00:00	2277.98	2282.31	2277.39	2279.77	3516	0	12
2024.04.05	09:00:00	2279.77	2283.15	2276.58	2279.13	5345	0	7
2024.04.05	10:00:00	2279.14	2290.57	2279.08	2289.15	7516	0	7
2024.04.05	11:00:00	2289.13	2291.76	2284.83	2288.09	6475	0	7
2024.04.05	12:00:00	2288.10	2293.55	2286.70	2291.03	5190	0	7
2024.04.05	13:00:00	2291.06	2296.10	2290.75	2293.96	5313	0	7
2024.04.05	14:00:00	2293.95	2294.63	2289.81	2291.14	5321	0	7
2024.04.05	15:00:00	2291.13	2296.13	2280.38	2290.84	12705	0	7
2024.04.05	16:00:00	2290.88	2303.51	2287.00	2299.78	14710	0	7
2024.04.05	17:00:00	2299.74	2324.76	2295.84	2317.52	15794	0	9
2024.04.05	18:00:00	2317.64	2328.42	2315.28	2326.21	13339	0	11
2024.04.05	19:00:00	2326.23	2329.44	2322.17	2327.17	9066	0	7
2024.04.05	20:00:00	2327.17	2330.30	2324.53	2326.19	7310	0	7
2024.04.05	21:00:00	2326.23	2328.37	2323.55	2325.28	5394	0	7
2024.04.05	22:00:00	2325.28	2325.31	2320.73	2323.20	4983	0	7
2024.04.05	23:00:00	2323.28	2329.39	2322.82	2328.89	1858	0	7
2024.04.08	01:00:00	2327.79	2328.45	2304.00	2307.60	5740	0	14
2024.04.08	02:00:00	2307.60	2314.36	2306.07	2311.21	5186	0	14
2024.04.08	03:00:00	2311.28	2311.97	2306.04	2306.13	5984	0	13
2024.04.08	04:00:00	2306.15	2325.09	2302.86	2324.32	12296	0	21
2024.04.08	05:00:00	2324.26	2354.08	2321.66	2348.04	12718	0	7
2024.04.08	06:00:00	2348.12	2349.89	2340.95	2345.57	7972	0	17
2024.04.08	07:00:00	2345.58	2345.63	2339.96	2342.11	4778	0	13
2024.04.08	08:00:00	2342.11	2343.64	2331.63	2334.61	8455	0	13
2024.04.08	09:00:00	2334.74	2341.36	2331.80	2336.21	7879	0	13
2024.04.08	10:00:00	2336.22	2338.90	2333.75	2337.77	7126	0	10
2024.04.08	11:00:00	2337.76	2341.45	2333.35	2336.27	7407	0	7
2024.04.08	12:00:00	2336.29	2337.83	2333.97	2337.50	5328	0	7
2024.04.08	13:00:00	2337.52	2343.53	2335.14	2340.05	6531	0	7
2024.04.08	14:00:00	2340.05	2342.45	2336.54	2337.36	6993	0	7
2024.04.08	15:00:00	2337.36	2338.02	2322.73	2329.01	12788	0	8
2024.04.08	16:00:00	2329.04	2335.68	2325.67	2327.47	14555	0	8
2024.04.08	17:00:00	2327.37	2329.30	2318.74	2328.87	13507	0	7
2024.04.08	18:00:00	2328.86	2331.60	2325.64	2327.89	9321	0	7
2024.04.08	19:00:00	2327.89	2330.21	2326.06	2328.51	6211	0	7
2024.04.08	20:00:00	2328.59	2339.18	2327.58	2337.93	7843	0	7
2024.04.08	21:00:00	2338.03	2342.04	2336.98	2338.92	5574	0	7
2024.04.08	22:00:00	2338.93	2340.61	2337.11	2338.40	4127	0	7
2024.04.08	23:00:00	2338.40	2339.10	2337.95	2338.46	1110	0	7
2024.04.09	01:00:00	2337.64	2338.95	2337.20	2338.66	950	0	12
2024.04.09	02:00:00	2338.66	2340.43	2337.67	2338.77	1684	0	12
2024.04.09	03:00:00	2338.76	2341.70	2338.55	2340.90	3052	0	12
2024.04.09	04:00:00	2340.88	2348.40	2337.78	2339.96	9766	0	12
2024.04.09	05:00:00	2339.86	2345.73	2338.45	2345.17	6068	0	13
2024.04.09	06:00:00	2345.17	2346.52	2343.13	2343.94	3632	0	12
2024.04.09	07:00:00	2343.95	2346.14	2343.04	2344.18	2599	0	7
2024.04.09	08:00:00	2344.22	2347.94	2343.95	2345.04	3950	0	12
2024.04.09	09:00:00	2345.04	2346.82	2343.09	2344.47	6083	0	7
2024.04.09	10:00:00	2344.39	2356.91	2344.36	2353.93	7785	0	7
2024.04.09	11:00:00	2354.00	2359.23	2351.40	2357.60	7132	0	7
2024.04.09	12:00:00	2357.61	2365.29	2357.22	2363.16	7701	0	7
2024.04.09	13:00:00	2363.22	2364.19	2355.86	2356.44	6909	0	7
2024.04.09	14:00:00	2356.45	2356.64	2349.65	2354.52	7438	0	7
2024.04.09	15:00:00	2354.54	2357.33	2345.70	2349.42	11327	0	7
2024.04.09	16:00:00	2349.38	2360.97	2348.13	2355.52	13994	0	7
2024.04.09	17:00:00	2355.45	2364.25	2345.20	2352.79	14562	0	8
2024.04.09	18:00:00	2352.78	2353.62	2338.28	2340.38	12694	0	9
2024.04.09	19:00:00	2340.37	2347.11	2340.06	2344.99	9011	0	7
2024.04.09	20:00:00	2345.02	2349.73	2341.93	2347.34	8001	0	7
2024.04.09	21:00:00	2347.35	2350.00	2345.57	2349.65	5735	0	7
2024.04.09	22:00:00	2349.62	2351.54	2345.30	2351.17	5056	0	7
2024.04.09	23:00:00	2351.13	2354.56	2350.69	2353.71	1676	0	7
2024.04.10	01:00:00	2352.79	2354.15	2350.47	2352.34	1475	0	10
2024.04.10	02:00:00	2352.34	2355.00	2351.59	2354.90	1732	0	10
2024.04.10	03:00:00	2354.72	2355.57	2350.49	2351.64	2653	0	10
2024.04.10	04:00:00	2351.71	2351.98	2344.74	2349.38	7168	0	12
2024.04.10	05:00:00	2349.39	2354.27	2348.94	2352.18	4787	0	10
2024.04.10	06:00:00	2352.19	2353.51	2350.64	2351.34	2842	0	10
2024.04.10	07:00:00	2351.33	2356.82	2350.88	2356.22	2458	0	10
2024.04.10	08:00:00	2356.27	2360.06	2355.75	2357.44	5329	0	10
2024.04.10	09:00:00	2357.44	2359.96	2353.89	2356.16	7024	0	7
2024.04.10	10:00:00	2356.13	2357.76	2352.53	2353.09	6359	0	7
2024.04.10	11:00:00	2353.25	2355.92	2352.41	2354.55	4995	0	7
2024.04.10	12:00:00	2354.56	2354.83	2344.93	2347.63	5801	0	7
2024.04.10	13:00:00	2347.63	2350.18	2345.09	2347.46	5275	0	7
2024.04.10	14:00:00	2347.46	2349.39	2344.80	2347.01	5570	0	7
2024.04.10	15:00:00	2347.03	2350.78	2327.84	2338.39	13485	0	0
2024.04.10	16:00:00	2338.46	2339.49	2319.36	2333.92	17749	0	15
2024.04.10	17:00:00	2333.93	2352.33	2332.27	2346.26	16543	0	15
2024.04.10	18:00:00	2346.27	2347.68	2330.10	2337.04	13217	0	12
2024.04.10	19:00:00	2337.05	2340.77	2335.80	2337.20	9668	0	10
2024.04.10	20:00:00	2337.20	2345.02	2325.79	2337.74	12992	0	15
2024.04.10	21:00:00	2337.74	2340.95	2326.20	2327.37	8590	0	10
2024.04.10	22:00:00	2327.47	2330.95	2327.18	2329.57	6286	0	12
2024.04.10	23:00:00	2329.60	2333.56	2329.53	2332.49	2184	0	10
2024.04.11	01:00:00	2334.32	2336.84	2333.56	2335.99	1505	0	13
2024.04.11	02:00:00	2335.99	2337.23	2334.14	2335.50	2011	0	13
2024.04.11	03:00:00	2335.58	2335.93	2333.30	2335.22	4377	0	13
2024.04.11	04:00:00	2335.20	2342.20	2334.03	2340.63	8278	0	14
2024.04.11	05:00:00	2340.62	2345.79	2339.46	2343.86	4846	0	13
2024.04.11	06:00:00	2343.87	2346.84	2342.94	2343.94	4116	0	13
2024.04.11	07:00:00	2343.94	2346.03	2341.46	2342.90	3145	0	13
2024.04.11	08:00:00	2342.94	2344.54	2338.84	2341.89	4782	0	13
2024.04.11	09:00:00	2341.89	2342.15	2333.83	2335.97	8960	0	11
2024.04.11	10:00:00	2335.99	2340.68	2335.20	2336.40	8015	0	9
2024.04.11	11:00:00	2336.50	2337.91	2325.69	2327.96	8331	0	10
2024.04.11	12:00:00	2327.96	2335.04	2327.95	2330.81	7247	0	9
2024.04.11	13:00:00	2330.82	2339.11	2330.72	2338.53	6949	0	9
2024.04.11	14:00:00	2338.53	2339.61	2335.61	2337.23	6737	0	9
2024.04.11	15:00:00	2337.25	2344.31	2331.74	2341.39	13451	0	7
2024.04.11	16:00:00	2341.34	2347.40	2336.91	2343.29	14588	0	9
2024.04.11	17:00:00	2343.30	2346.82	2332.32	2338.88	15222	0	10
2024.04.11	18:00:00	2338.97	2345.53	2337.61	2344.66	10294	0	9
2024.04.11	19:00:00	2344.73	2350.76	2342.70	2349.82	8884	0	10
2024.04.11	20:00:00	2349.83	2357.23	2348.00	2356.22	9861	0	10
2024.04.11	21:00:00	2356.23	2365.02	2355.67	2361.46	8432	0	10
2024.04.11	22:00:00	2361.47	2374.59	2361.45	2372.78	6817	0	10
2024.04.11	23:00:00	2372.79	2377.63	2372.30	2377.09	3279	0	12
2024.04.12	01:00:00	2373.94	2379.45	2371.91	2373.95	3361	0	13
2024.04.12	02:00:00	2373.95	2377.06	2373.50	2376.81	2844	0	14
2024.04.12	03:00:00	2377.02	2379.12	2374.56	2378.69	3867	0	13
2024.04.12	04:00:00	2378.71	2391.36	2378.71	2390.68	12212	0	20
2024.04.12	05:00:00	2390.70	2395.37	2387.90	2390.46	9041	0	15
2024.04.12	06:00:00	2390.47	2391.15	2382.95	2384.17	5802	0	15
2024.04.12	07:00:00	2384.16	2387.04	2382.71	2384.16	3698	0	13
2024.04.12	08:00:00	2384.15	2390.05	2383.35	2387.43	5618	0	13
2024.04.12	09:00:00	2387.43	2395.16	2384.64	2395.08	8581	0	9
2024.04.12	10:00:00	2395.09	2400.30	2392.81	2399.93	9824	0	10
2024.04.12	11:00:00	2399.92	2400.61	2393.94	2396.72	8712	0	9
2024.04.12	12:00:00	2396.76	2400.22	2393.34	2398.18	7286	0	9
2024.04.12	13:00:00	2398.18	2400.39	2395.92	2398.10	7698	0	9
2024.04.12	14:00:00	2398.12	2398.13	2390.38	2395.38	9572	0	9
2024.04.12	15:00:00	2395.39	2397.59	2391.58	2395.82	12405	0	9
2024.04.12	16:00:00	2395.83	2406.49	2393.43	2404.18	15955	0	10
2024.04.12	17:00:00	2404.19	2428.92	2400.29	2426.74	17056	0	11
2024.04.12	18:00:00	2426.58	2431.43	2382.22	2395.57	18231	0	18
2024.04.12	19:00:00	2395.54	2395.54	2360.84	2369.21	16363	0	19
2024.04.12	20:00:00	2369.26	2372.96	2346.35	2355.20	15347	0	19
2024.04.12	21:00:00	2354.90	2356.61	2335.42	2338.74	10614	0	18
2024.04.12	22:00:00	2338.77	2345.32	2333.78	2343.27	8577	0	16
2024.04.12	23:00:00	2343.35	2344.90	2341.76	2343.85	2260	0	10
2024.04.15	01:00:00	2358.69	2372.49	2346.87	2356.90	7544	0	20
2024.04.15	02:00:00	2356.90	2365.43	2355.13	2364.67	5560	0	15
2024.04.15	03:00:00	2364.67	2365.89	2350.56	2353.29	8412	0	18
2024.04.15	04:00:00	2353.28	2359.74	2348.45	2355.61	12803	0	20
2024.04.15	05:00:00	2355.65	2364.67	2353.60	2359.59	8119	0	18
2024.04.15	06:00:00	2359.60	2360.35	2354.70	2358.53	5767	0	13
2024.04.15	07:00:00	2358.47	2358.65	2355.61	2356.60	3369	0	13
2024.04.15	08:00:00	2356.60	2362.40	2352.02	2361.12	6483	0	13
2024.04.15	09:00:00	2361.12	2361.47	2353.11	2354.86	10772	0	14
2024.04.15	10:00:00	2354.85	2356.41	2349.95	2353.11	9055	0	9
2024.04.15	11:00:00	2353.10	2356.01	2344.75	2351.62	9673	0	10
2024.04.15	12:00:00	2351.60	2353.49	2346.32	2349.68	6655	0	9
2024.04.15	13:00:00	2349.68	2356.98	2349.26	2356.77	6020	0	9
2024.04.15	14:00:00	2356.76	2361.24	2355.55	2358.05	8107	0	9
2024.04.15	15:00:00	2358.09	2359.29	2350.91	2357.35	11676	0	7
2024.04.15	16:00:00	2357.44	2361.08	2343.21	2348.75	14827	0	10
2024.04.15	17:00:00	2348.55	2352.39	2324.24	2349.43	16773	0	11
2024.04.15	18:00:00	2349.33	2352.50	2342.58	2351.59	12687	0	12
2024.04.15	19:00:00	2351.66	2360.03	2346.19	2357.14	10849	0	10
2024.04.15	20:00:00	2357.16	2370.62	2354.10	2365.47	12333	0	13
2024.04.15	21:00:00	2365.45	2378.12	2363.67	2375.98	8362	0	14
2024.04.15	22:00:00	2375.96	2387.47	2374.02	2386.35	9669	0	16
2024.04.15	23:00:00	2386.37	2386.61	2380.05	2381.53	2808	0	10
2024.04.16	01:00:00	2382.74	2392.17	2382.74	2384.34	3250	0	13
2024.04.16	02:00:00	2384.34	2387.23	2381.04	2381.94	2636	0	13
2024.04.16	03:00:00	2381.87	2387.53	2380.16	2383.51	6209	0	13
2024.04.16	04:00:00	2383.45	2386.90	2379.29	2383.64	9090	0	14
2024.04.16	05:00:00	2383.63	2387.88	2379.48	2386.11	6671	0	14
2024.04.16	06:00:00	2386.11	2389.28	2384.39	2387.91	5469	0	13
2024.04.16	07:00:00	2387.92	2388.29	2384.04	2386.08	4550	0	13
2024.04.16	08:00:00	2386.13	2389.02	2384.91	2386.30	5312	0	13
2024.04.16	09:00:00	2386.30	2388.11	2368.65	2372.95	11146	0	10
2024.04.16	10:00:00	2372.87	2375.20	2362.98	2365.49	9727	0	9
2024.04.16	11:00:00	2365.54	2371.90	2365.12	2369.45	7986	0	9
2024.04.16	12:00:00	2369.47	2373.19	2367.55	2372.31	7370	0	9
2024.04.16	13:00:00	2372.31	2375.35	2368.65	2370.13	7323	0	9
2024.04.16	14:00:00	2370.14	2375.24	2369.67	2374.04	7314	0	9
2024.04.16	15:00:00	2374.05	2378.22	2368.51	2376.22	10327	0	9
2024.04.16	16:00:00	2376.31	2379.22	2365.30	2366.23	15165	0	9
2024.04.16	17:00:00	2366.20	2383.33	2363.51	2382.85	15605	0	11
2024.04.16	18:00:00	2383.00	2392.93	2377.93	2386.04	14303	0	14
2024.04.16	19:00:00	2386.06	2398.22	2385.53	2397.48	11226	0	11
2024.04.16	20:00:00	2397.51	2397.63	2379.77	2384.75	13727	0	15
2024.04.16	21:00:00	2384.70	2396.34	2383.55	2392.32	11306	0	17
2024.04.16	22:00:00	2392.31	2395.18	2389.06	2389.72	7318	0	13
2024.04.16	23:00:00	2389.70	2390.32	2382.38	2383.33	2420	0	10
2024.04.17	01:00:00	2383.49	2386.96	2382.72	2384.89	2343	0	13
2024.04.17	02:00:00	2384.89	2386.83	2382.42	2382.67	3371	0	14
2024.04.17	03:00:00	2382.68	2384.62	2380.72	2384.38	5005	0	14
2024.04.17	04:00:00	2384.40	2385.52	2381.35	2384.64	8145	0	15
2024.04.17	05:00:00	2384.64	2386.21	2382.27	2382.33	5162	0	13
2024.04.17	06:00:00	2382.27	2383.68	2380.71	2381.71	4187	0	13
2024.04.17	07:00:00	2381.66	2383.03	2380.27	2381.94	2213	0	13
2024.04.17	08:00:00	2381.95	2382.05	2374.17	2377.48	5966	0	13
2024.04.17	09:00:00	2377.55	2381.54	2372.71	2381.03	9722	0	9
2024.04.17	10:00:00	2381.06	2383.25	2377.91	2382.53	7914	0	9
2024.04.17	11:00:00	2382.51	2393.61	2382.51	2392.95	8465	0	9
2024.04.17	12:00:00	2392.95	2394.28	2389.85	2392.15	7526	0	9
2024.04.17	13:00:00	2392.18	2393.82	2385.00	2386.66	7442	0	9
2024.04.17	14:00:00	2386.66	2390.30	2385.82	2387.34	6579	0	9
2024.04.17	15:00:00	2387.51	2388.04	2378.32	2383.30	10999	0	9
2024.04.17	16:00:00	2383.23	2395.12	2382.99	2393.28	14304	0	9
2024.04.17	17:00:00	2393.28	2395.57	2386.11	2390.41	13857	0	9
2024.04.17	18:00:00	2390.46	2393.62	2381.95	2382.19	13397	0	10
2024.04.17	19:00:00	2382.15	2384.39	2361.06	2372.38	15074	0	14
2024.04.17	20:00:00	2372.37	2375.96	2368.13	2372.13	12101	0	14
2024.04.17	21:00:00	2372.22	2379.14	2371.82	2374.35	8381	0	13
2024.04.17	22:00:00	2374.34	2375.09	2367.81	2372.64	6888	0	11
2024.04.17	23:00:00	2372.85	2373.31	2370.76	2371.07	2165	0	10
2024.04.18	01:00:00	2365.33	2367.64	2364.06	2365.22	1821	0	13
2024.04.18	02:00:00	2365.22	2368.15	2363.71	2367.89	2665	0	13
2024.04.18	03:00:00	2367.89	2370.07	2366.94	2369.76	4297	0	13
2024.04.18	04:00:00	2369.78	2371.99	2364.05	2367.26	8978	0	14
2024.04.18	05:00:00	2367.28	2374.88	2366.69	2373.07	6711	0	13
2024.04.18	06:00:00	2373.08	2375.31	2372.36	2374.83	4985	0	13
2024.04.18	07:00:00	2374.82	2376.47	2373.11	2375.03	3173	0	13
2024.04.18	08:00:00	2375.07	2377.12	2373.47	2376.74	5722	0	13
2024.04.18	09:00:00	2376.74	2380.88	2376.30	2380.62	8843	0	9
2024.04.18	10:00:00	2380.58	2380.97	2375.00	2377.86	7046	0	9
2024.04.18	11:00:00	2377.88	2380.76	2377.43	2379.97	6704	0	9
2024.04.18	12:00:00	2380.00	2380.80	2377.79	2379.60	4900	0	9
2024.04.18	13:00:00	2379.55	2384.06	2377.26	2383.07	5782	0	9
2024.04.18	14:00:00	2383.07	2385.37	2379.09	2380.96	6777	0	9
2024.04.18	15:00:00	2380.97	2387.49	2380.68	2385.45	11522	0	9
2024.04.18	16:00:00	2385.45	2392.73	2375.48	2379.56	15629	0	11
2024.04.18	17:00:00	2379.55	2384.89	2369.59	2379.93	15516	0	11
2024.04.18	18:00:00	2379.95	2385.42	2378.55	2384.09	11283	0	9
2024.04.18	19:00:00	2384.09	2388.73	2381.51	2387.96	9296	0	10
2024.04.18	20:00:00	2387.97	2389.29	2382.20	2384.83	8486	0	10
2024.04.18	21:00:00	2384.80	2384.80	2379.56	2381.53	6593	0	13
2024.04.18	22:00:00	2381.59	2385.10	2378.12	2380.16	5451	0	10
2024.04.18	23:00:00	2380.15	2380.48	2377.28	2377.28	1387	0	10
2024.04.19	01:00:00	2379.53	2380.59	2378.99	2379.21	794	0	13
2024.04.19	02:00:00	2379.21	2381.42	2379.08	2379.85	1807	0	13
2024.04.19	03:00:00	2379.84	2379.84	2373.74	2379.42	5099	0	13
2024.04.19	04:00:00	2379.45	2417.81	2378.76	2409.35	16416	0	7
2024.04.19	05:00:00	2409.39	2414.75	2395.53	2400.41	14209	0	22
2024.04.19	06:00:00	2400.41	2402.52	2382.90	2391.32	13279	0	22
2024.04.19	07:00:00	2391.32	2391.37	2379.33	2383.53	8134	0	19
2024.04.19	08:00:00	2383.58	2384.35	2380.24	2381.31	8322	0	14
2024.04.19	09:00:00	2381.30	2391.85	2378.68	2390.02	10223	0	10
2024.04.19	10:00:00	2390.05	2393.84	2384.66	2385.35	8801	0	10
2024.04.19	11:00:00	2385.34	2386.32	2378.00	2384.21	9114	0	9
2024.04.19	12:00:00	2384.20	2386.09	2379.93	2381.03	6508	0	9
2024.04.19	13:00:00	2381.03	2383.14	2379.41	2381.10	6261	0	9
2024.04.19	14:00:00	2381.08	2381.27	2372.87	2376.79	9674	0	11
2024.04.19	15:00:00	2376.80	2384.49	2374.50	2381.50	10817	0	9
2024.04.19	16:00:00	2381.50	2386.79	2373.06	2378.78	14029	0	9
2024.04.19	17:00:00	2378.66	2391.95	2378.61	2391.16	13982	0	9
2024.04.19	18:00:00	2391.16	2396.03	2389.28	2394.85	10920	0	9
2024.04.19	19:00:00	2394.85	2399.63	2389.79	2399.63	8329	0	10
2024.04.19	20:00:00	2399.64	2401.95	2392.35	2393.64	8296	0	10
2024.04.19	21:00:00	2393.69	2398.13	2392.75	2398.13	4968	0	10
2024.04.19	22:00:00	2398.12	2398.23	2386.63	2387.56	5696	0	10
2024.04.19	23:00:00	2387.55	2390.80	2386.68	2390.33	1932	0	10
2024.04.22	01:00:00	2384.33	2388.52	2381.91	2383.75	3008	0	14
2024.04.22	02:00:00	2383.75	2387.83	2382.98	2386.48	3539	0	14
2024.04.22	03:00:00	2386.51	2386.51	2381.05	2382.16	5155	0	13
2024.04.22	04:00:00	2382.14	2384.22	2375.95	2378.03	9347	0	16
2024.04.22	05:00:00	2378.02	2378.09	2372.57	2372.65	5265	0	13
2024.04.22	06:00:00	2372.62	2372.64	2361.98	2369.32	8391	0	14
2024.04.22	07:00:00	2369.33	2372.86	2368.73	2369.64	4450	0	13
2024.04.22	08:00:00	2369.69	2370.46	2360.85	2365.45	8354	0	13
2024.04.22	09:00:00	2365.45	2366.99	2351.44	2355.80	10712	0	9
2024.04.22	10:00:00	2355.77	2361.05	2355.00	2360.98	8664	0	9
2024.04.22	11:00:00	2360.97	2363.01	2357.86	2359.53	6643	0	9
2024.04.22	12:00:00	2359.53	2363.62	2359.08	2361.28	5884	0	9
2024.04.22	13:00:00	2361.27	2361.46	2356.08	2357.64	5544	0	9
2024.04.22	14:00:00	2357.65	2357.65	2339.39	2342.12	9661	0	9
2024.04.22	15:00:00	2341.89	2350.32	2333.03	2336.85	11709	0	10
2024.04.22	16:00:00	2336.85	2343.69	2331.09	2338.54	14284	0	12
2024.04.22	17:00:00	2338.54	2343.77	2333.05	2341.21	11532	0	9
2024.04.22	18:00:00	2341.26	2341.80	2332.71	2334.69	8573	0	9
2024.04.22	19:00:00	2334.69	2336.50	2328.96	2329.82	6384	0	10
2024.04.22	20:00:00	2329.82	2334.78	2329.56	2330.01	5408	0	10
2024.04.22	21:00:00	2330.05	2331.00	2325.01	2327.61	4056	0	10
2024.04.22	22:00:00	2327.62	2331.65	2327.36	2329.27	3268	0	10
2024.04.22	23:00:00	2329.27	2330.20	2327.67	2327.91	1181	0	10
2024.04.23	01:00:00	2330.31	2331.43	2326.90	2330.42	2551	0	14
2024.04.23	02:00:00	2330.44	2333.89	2328.11	2333.77	3178	0	13
2024.04.23	03:00:00	2333.74	2333.78	2330.06	2332.62	4045	0	13
2024.04.23	04:00:00	2332.57	2334.39	2295.53	2298.80	12451	0	14
2024.04.23	05:00:00	2298.82	2314.25	2298.26	2301.81	11002	0	21
2024.04.23	06:00:00	2301.79	2307.17	2300.91	2302.51	6491	0	13
2024.04.23	07:00:00	2302.51	2308.13	2301.72	2305.52	3933	0	13
2024.04.23	08:00:00	2305.43	2314.69	2304.32	2308.24	7353	0	14
2024.04.23	09:00:00	2308.24	2310.00	2298.84	2301.95	9165	0	10
2024.04.23	10:00:00	2301.97	2311.23	2301.23	2309.06	7789	0	9
2024.04.23	11:00:00	2309.09	2309.67	2301.88	2303.28	6834	0	9
2024.04.23	12:00:00	2303.30	2303.40	2291.33	2295.68	8652	0	11
2024.04.23	13:00:00	2295.66	2306.03	2295.47	2303.27	6343	0	9
2024.04.23	14:00:00	2303.27	2303.28	2299.81	2302.12	6633	0	9
2024.04.23	15:00:00	2302.16	2313.57	2301.24	2311.83	10336	0	9
2024.04.23	16:00:00	2311.82	2330.75	2309.54	2329.53	14064	0	9
2024.04.23	17:00:00	2329.52	2332.06	2314.48	2320.13	15590	0	13
2024.04.23	18:00:00	2320.33	2324.52	2315.21	2323.18	10485	0	9
2024.04.23	19:00:00	2323.21	2331.15	2321.76	2330.30	8665	0	10
2024.04.23	20:00:00	2330.31	2331.30	2325.08	2326.31	7420	0	10
2024.04.23	21:00:00	2326.32	2329.72	2323.60	2324.24	4769	0	10
2024.04.23	22:00:00	2324.25	2325.06	2321.27	2322.26	3635	0	10
2024.04.23	23:00:00	2322.27	2323.26	2321.90	2322.32	1287	0	10
2024.04.24	01:00:00	2322.21	2323.05	2321.34	2321.84	1488	0	13
2024.04.24	02:00:00	2321.84	2324.26	2321.84	2323.25	2031	0	13
2024.04.24	03:00:00	2323.25	2323.49	2320.70	2320.88	3443	0	13
2024.04.24	04:00:00	2320.88	2323.09	2316.12	2318.25	7423	0	14
2024.04.24	05:00:00	2318.25	2322.16	2315.76	2321.61	5773	0	13
2024.04.24	06:00:00	2321.62	2328.12	2320.86	2327.90	5304	0	13
2024.04.24	07:00:00	2327.93	2330.05	2325.15	2326.62	3611	0	13
2024.04.24	08:00:00	2326.62	2329.86	2324.52	2328.82	5134	0	13
2024.04.24	09:00:00	2328.82	2331.28	2324.26	2326.82	8198	0	9
2024.04.24	10:00:00	2326.83	2326.83	2320.70	2320.71	6789	0	9
2024.04.24	11:00:00	2320.72	2321.92	2316.13	2319.17	6118	0	9
2024.04.24	12:00:00	2319.18	2319.38	2311.76	2315.05	6676	0	9
2024.04.24	13:00:00	2315.06	2318.49	2314.37	2316.78	4171	0	9
2024.04.24	14:00:00	2316.78	2316.96	2313.22	2316.15	4624	0	9
2024.04.24	15:00:00	2316.14	2323.46	2312.12	2323.24	10250	0	9
2024.04.24	16:00:00	2323.24	2326.04	2316.06	2321.28	13264	0	9
2024.04.24	17:00:00	2321.28	2330.40	2316.86	2329.64	11829	0	9
2024.04.24	18:00:00	2329.64	2337.25	2322.62	2322.62	10964	0	9
2024.04.24	19:00:00	2322.62	2326.35	2321.83	2325.09	7797	0	10
2024.04.24	20:00:00	2325.03	2330.52	2321.87	2324.43	6887	0	10
2024.04.24	21:00:00	2324.39	2324.65	2318.62	2320.44	4657	0	10
2024.04.24	22:00:00	2320.42	2322.43	2317.77	2318.97	3923	0	10
2024.04.24	23:00:00	2318.98	2319.59	2313.74	2314.08	2442	0	10
2024.04.25	01:00:00	2317.57	2318.61	2316.66	2317.93	1230	0	13
2024.04.25	02:00:00	2317.93	2318.25	2315.42	2316.22	2308	0	13
2024.04.25	03:00:00	2316.24	2319.35	2315.46	2319.16	2949	0	13
2024.04.25	04:00:00	2319.19	2320.64	2315.97	2319.17	5811	0	13
2024.04.25	05:00:00	2319.16	2322.00	2318.86	2319.81	3785	0	13
2024.04.25	06:00:00	2319.81	2320.65	2305.11	2313.19	6763	0	13
2024.04.25	07:00:00	2313.19	2315.78	2312.31	2315.27	2307	0	13
2024.04.25	08:00:00	2315.30	2320.71	2314.41	2319.48	4678	0	13
2024.04.25	09:00:00	2319.66	2323.56	2317.76	2322.74	6689	0	9
2024.04.25	10:00:00	2322.69	2326.11	2320.27	2325.68	5138	0	9
2024.04.25	11:00:00	2325.67	2328.84	2324.91	2326.86	5535	0	9
2024.04.25	12:00:00	2326.86	2327.63	2324.15	2324.95	3983	0	9
2024.04.25	13:00:00	2324.95	2328.66	2324.27	2328.15	3807	0	9
2024.04.25	14:00:00	2328.15	2330.59	2326.71	2328.55	4759	0	9
2024.04.25	15:00:00	2328.55	2334.63	2323.34	2330.67	11625	0	9
2024.04.25	16:00:00	2330.68	2331.16	2312.74	2319.08	16673	0	10
2024.04.25	17:00:00	2319.06	2344.79	2316.99	2333.95	15254	0	9
2024.04.25	18:00:00	2333.85	2336.62	2327.16	2330.39	11282	0	10
2024.04.25	19:00:00	2330.39	2332.32	2323.05	2328.71	7802	0	10
2024.04.25	20:00:00	2328.75	2332.24	2326.27	2332.20	6622	0	10
2024.04.25	21:00:00	2332.21	2334.98	2330.64	2333.00	5364	0	10
2024.04.25	22:00:00	2332.91	2336.42	2331.54	2332.86	4166	0	10
2024.04.25	23:00:00	2332.92	2333.70	2331.42	2332.15	1530	0	10
2024.04.26	01:00:00	2332.56	2333.39	2331.79	2332.57	980	0	13
2024.04.26	02:00:00	2332.57	2332.63	2330.07	2330.61	1641	0	13
2024.04.26	03:00:00	2330.63	2331.44	2328.68	2329.89	2091	0	13
2024.04.26	04:00:00	2329.85	2333.13	2326.28	2332.09	5426	0	13
2024.04.26	05:00:00	2332.04	2336.19	2331.11	2333.84	4531	0	13
2024.04.26	06:00:00	2333.86	2334.80	2332.13	2334.62	3938	0	13
2024.04.26	07:00:00	2334.67	2338.01	2333.58	2335.92	3093	0	13
2024.04.26	08:00:00	2335.91	2338.53	2333.96	2337.77	3725	0	13
2024.04.26	09:00:00	2337.77	2343.13	2337.37	2340.96	6639	0	9
2024.04.26	10:00:00	2340.89	2346.87	2338.13	2345.58	6453	0	9
2024.04.26	11:00:00	2345.58	2350.13	2344.03	2347.02	7689	0	9
2024.04.26	12:00:00	2347.02	2352.48	2346.48	2349.36	5234	0	9
2024.04.26	13:00:00	2349.36	2350.37	2345.74	2348.04	4498	0	9
2024.04.26	14:00:00	2348.04	2348.52	2343.44	2344.87	4819	0	9
2024.04.26	15:00:00	2344.87	2351.57	2340.59	2344.77	10695	0	7
2024.04.26	16:00:00	2344.79	2350.36	2336.89	2341.51	13425	0	9
2024.04.26	17:00:00	2341.50	2345.25	2328.67	2333.52	12879	0	9
2024.04.26	18:00:00	2333.53	2337.70	2331.25	2336.74	10865	0	9
2024.04.26	19:00:00	2336.73	2338.91	2333.02	2333.61	7213	0	10
2024.04.26	20:00:00	2333.57	2340.32	2332.66	2338.54	5140	0	10
2024.04.26	21:00:00	2338.48	2341.37	2337.72	2340.87	3178	0	10
2024.04.26	22:00:00	2340.88	2340.88	2336.10	2339.99	3281	0	10
2024.04.26	23:00:00	2340.00	2340.01	2336.57	2336.59	2443	0	10
2024.04.29	01:00:00	2333.77	2336.12	2332.54	2334.76	2324	0	13
2024.04.29	02:00:00	2334.68	2336.81	2334.31	2335.91	2027	0	13
2024.04.29	03:00:00	2335.87	2336.23	2330.66	2332.12	3242	0	13
2024.04.29	04:00:00	2332.10	2332.10	2319.88	2330.97	9500	0	13
2024.04.29	05:00:00	2330.97	2331.40	2324.02	2324.21	5715	0	13
2024.04.29	06:00:00	2324.17	2329.36	2323.54	2328.40	4089	0	13
2024.04.29	07:00:00	2328.36	2333.23	2327.30	2332.63	10339	0	13
2024.04.29	08:00:00	2332.62	2336.48	2329.38	2330.44	7457	0	13
2024.04.29	09:00:00	2330.46	2333.61	2327.47	2329.21	7298	0	9
2024.04.29	10:00:00	2329.22	2337.86	2329.12	2337.33	10284	0	9
2024.04.29	11:00:00	2337.32	2341.25	2336.17	2338.13	6611	0	9
2024.04.29	12:00:00	2338.09	2344.33	2336.64	2343.19	5319	0	9
2024.04.29	13:00:00	2343.22	2344.12	2339.94	2341.22	4316	0	9
2024.04.29	14:00:00	2341.13	2342.98	2335.35	2337.00	4875	0	9
2024.04.29	15:00:00	2337.03	2337.54	2328.29	2331.96	8133	0	9
2024.04.29	16:00:00	2331.94	2336.57	2325.61	2333.98	11687	0	9
2024.04.29	17:00:00	2334.05	2339.52	2333.99	2337.81	10322	0	9
2024.04.29	18:00:00	2337.83	2338.92	2332.75	2337.91	7231	0	9
2024.04.29	19:00:00	2337.91	2346.68	2337.47	2342.72	9407	0	10
2024.04.29	20:00:00	2342.81	2346.62	2339.78	2342.17	6495	0	10
2024.04.29	21:00:00	2342.17	2343.77	2337.73	2341.26	4878	0	10
2024.04.29	22:00:00	2341.22	2341.22	2332.98	2335.68	5890	0	11
2024.04.29	23:00:00	2335.79	2337.18	2335.31	2336.85	1363	0	10
2024.04.30	01:00:00	2336.00	2336.29	2334.14	2334.96	1245	0	13
2024.04.30	02:00:00	2334.96	2335.07	2332.85	2333.13	2058	0	13
2024.04.30	03:00:00	2333.16	2334.72	2331.69	2333.97	3454	0	13
2024.04.30	04:00:00	2334.04	2336.14	2332.44	2334.02	5570	0	13
2024.04.30	05:00:00	2334.06	2334.43	2326.81	2331.28	5484	0	13
2024.04.30	06:00:00	2331.27	2331.65	2328.51	2329.19	3988	0	13
2024.04.30	07:00:00	2329.19	2329.49	2324.94	2326.39	2830	0	13
2024.04.30	08:00:00	2326.44	2326.97	2321.72	2322.92	5662	0	13
2024.04.30	09:00:00	2322.92	2323.50	2318.75	2322.44	7435	0	9
2024.04.30	10:00:00	2322.43	2322.62	2315.32	2317.51	6091	0	9
2024.04.30	11:00:00	2317.52	2318.43	2310.69	2312.88	5532	0	9
2024.04.30	12:00:00	2312.88	2317.36	2312.28	2314.86	4817	0	9
2024.04.30	13:00:00	2314.84	2318.00	2314.24	2315.51	4075	0	9
2024.04.30	14:00:00	2315.51	2315.55	2309.53	2312.71	5852	0	9
2024.04.30	15:00:00	2312.71	2313.45	2304.64	2306.07	11406	0	7
2024.04.30	16:00:00	2306.05	2313.31	2302.83	2307.71	12508	0	9
2024.04.30	17:00:00	2307.76	2310.77	2293.43	2293.43	14842	0	12
2024.04.30	18:00:00	2293.14	2300.53	2293.14	2295.91	10634	0	9
2024.04.30	19:00:00	2295.91	2299.29	2294.44	2294.68	8097	0	10
2024.04.30	20:00:00	2294.67	2297.27	2291.56	2295.94	7411	0	10
2024.04.30	21:00:00	2295.91	2297.50	2289.94	2290.10	4750	0	10
2024.04.30	22:00:00	2290.10	2294.86	2289.32	2290.86	5688	0	10
2024.04.30	23:00:00	2290.81	2293.48	2285.12	2285.74	3809	0	12
2024.05.01	01:00:00	2288.19	2291.97	2287.66	2291.41	1824	0	13
2024.05.01	02:00:00	2291.41	2293.23	2289.94	2291.32	2160	0	13
2024.05.01	03:00:00	2291.28	2292.86	2285.75	2286.83	3915	0	13
2024.05.01	04:00:00	2286.83	2289.42	2285.96	2287.98	3411	0	13
2024.05.01	05:00:00	2287.98	2288.62	2286.75	2287.97	1995	0	13
2024.05.01	06:00:00	2288.00	2288.35	2283.00	2284.13	2444	0	13
2024.05.01	07:00:00	2284.13	2285.43	2281.61	2283.18	2952	0	13
2024.05.01	08:00:00	2283.20	2288.41	2282.51	2287.44	2691	0	13
2024.05.01	09:00:00	2287.44	2289.74	2286.45	2286.88	3491	0	9
2024.05.01	10:00:00	2286.86	2287.99	2283.47	2285.87	4068	0	9
2024.05.01	11:00:00	2285.86	2286.78	2283.77	2286.30	4050	0	9
2024.05.01	12:00:00	2286.29	2293.08	2285.77	2291.96	4856	0	9
2024.05.01	13:00:00	2292.05	2294.27	2289.13	2293.16	4573	0	9
2024.05.01	14:00:00	2293.16	2297.09	2291.41	2294.59	4360	0	9
2024.05.01	15:00:00	2294.59	2300.01	2294.23	2298.30	9212	0	9
2024.05.01	16:00:00	2298.29	2303.49	2295.22	2302.45	9741	0	9
2024.05.01	17:00:00	2302.45	2310.46	2297.41	2304.55	13531	0	9
2024.05.01	18:00:00	2304.60	2310.42	2302.54	2307.27	9194	0	9
2024.05.01	19:00:00	2307.37	2307.37	2301.85	2303.72	6566	0	10
2024.05.01	20:00:00	2303.70	2305.03	2297.59	2299.46	6049	0	10
2024.05.01	21:00:00	2299.39	2328.33	2295.49	2325.27	16632	0	19
2024.05.01	22:00:00	2325.23	2327.86	2309.79	2309.79	13289	0	19
2024.05.01	23:00:00	2309.87	2320.55	2307.03	2319.86	8589	0	14
2024.05.02	01:00:00	2320.26	2323.26	2319.56	2320.84	2546	0	14
2024.05.02	02:00:00	2320.84	2324.78	2320.71	2323.71	3435	0	13
2024.05.02	03:00:00	2323.72	2325.97	2322.90	2324.38	4390	0	13
2024.05.02	04:00:00	2324.37	2326.38	2321.77	2324.10	4496	0	13
2024.05.02	05:00:00	2324.10	2325.53	2318.73	2320.17	4893	0	13
2024.05.02	06:00:00	2320.14	2320.59	2317.36	2319.48	3979	0	13
2024.05.02	07:00:00	2319.50	2320.95	2318.03	2318.12	2334	0	13
2024.05.02	08:00:00	2318.14	2318.33	2312.93	2314.96	4111	0	13
2024.05.02	09:00:00	2314.96	2319.06	2312.54	2313.62	6601	0	9
2024.05.02	10:00:00	2313.58	2315.06	2308.15	2309.24	7176	0	9
2024.05.02	11:00:00	2309.29	2311.05	2303.09	2304.01	6615	0	9
2024.05.02	12:00:00	2304.02	2305.39	2298.79	2301.87	5969	0	9
2024.05.02	13:00:00	2301.85	2301.91	2295.14	2299.31	6896	0	9
2024.05.02	14:00:00	2299.33	2302.75	2297.53	2299.01	6022	0	9
2024.05.02	15:00:00	2299.03	2304.45	2293.54	2294.46	10553	0	9
2024.05.02	16:00:00	2294.55	2295.78	2285.47	2291.45	13792	0	9
2024.05.02	17:00:00	2291.47	2304.84	2287.65	2304.00	13338	0	11
2024.05.02	18:00:00	2303.98	2306.92	2297.33	2299.94	11067	0	9
2024.05.02	19:00:00	2299.94	2303.68	2297.90	2299.60	7065	0	10
2024.05.02	20:00:00	2299.62	2308.49	2299.28	2308.07	6008	0	10
2024.05.02	21:00:00	2308.05	2309.41	2305.07	2308.05	4147	0	10
2024.05.02	22:00:00	2308.05	2308.07	2301.54	2302.90	4473	0	10
2024.05.02	23:00:00	2302.87	2304.07	2300.62	2302.85	1808	0	10
2024.05.03	01:00:00	2305.18	2305.67	2303.75	2303.96	1259	0	13
2024.05.03	02:00:00	2303.96	2304.56	2302.38	2304.21	2497	0	13
2024.05.03	03:00:00	2304.25	2304.82	2300.25	2303.98	3577	0	13
2024.05.03	04:00:00	2303.98	2306.32	2301.85	2302.63	4913	0	13
2024.05.03	05:00:00	2302.63	2302.99	2299.62	2301.08	4192	0	13
2024.05.03	06:00:00	2301.06	2302.42	2300.54	2302.42	2423	0	13
2024.05.03	07:00:00	2302.44	2307.96	2302.09	2307.34	3399	0	13
2024.05.03	08:00:00	2307.34	2308.73	2305.79	2306.01	3417	0	13
2024.05.03	09:00:00	2306.01	2306.35	2298.33	2298.50	5920	0	9
2024.05.03	10:00:00	2298.47	2301.47	2297.79	2299.26	6122	0	9
2024.05.03	11:00:00	2299.17	2302.63	2298.43	2301.39	5003	0	9
2024.05.03	12:00:00	2301.39	2303.13	2299.45	2301.53	4323	0	9
2024.05.03	13:00:00	2301.52	2301.70	2297.93	2299.19	4086	0	9
2024.05.03	14:00:00	2299.16	2299.81	2296.36	2298.29	4516	0	9
2024.05.03	15:00:00	2298.28	2320.52	2294.64	2304.73	12214	0	0
2024.05.03	16:00:00	2304.73	2308.88	2277.31	2289.03	15254	0	12
2024.05.03	17:00:00	2289.03	2302.83	2281.92	2291.14	15900	0	7
2024.05.03	18:00:00	2291.16	2298.99	2289.68	2293.71	10062	0	9
2024.05.03	19:00:00	2293.71	2300.17	2292.90	2299.23	6635	0	10
2024.05.03	20:00:00	2299.26	2303.12	2296.41	2302.03	4828	0	10
2024.05.03	21:00:00	2302.04	2302.93	2297.36	2299.27	3566	0	10
2024.05.03	22:00:00	2299.27	2301.41	2296.02	2301.37	3761	0	10
2024.05.03	23:00:00	2301.36	2303.41	2300.71	2303.29	1734	0	10
2024.05.06	01:00:00	2302.31	2303.21	2300.80	2301.78	1238	0	13
2024.05.06	02:00:00	2301.78	2302.78	2293.30	2293.88	3581	0	13
2024.05.06	03:00:00	2293.88	2297.84	2291.81	2295.99	4648	0	13
2024.05.06	04:00:00	2295.99	2309.03	2295.85	2308.34	10248	0	16
2024.05.06	05:00:00	2308.34	2315.36	2307.57	2311.21	6731	0	14
2024.05.06	06:00:00	2311.21	2311.94	2308.32	2309.25	4134	0	13
2024.05.06	07:00:00	2309.25	2311.70	2308.08	2309.17	2460	0	13
2024.05.06	08:00:00	2309.19	2313.86	2308.65	2313.37	5472	0	13
2024.05.06	09:00:00	2313.48	2314.81	2311.74	2314.15	5542	0	9
2024.05.06	10:00:00	2314.16	2324.19	2312.36	2322.77	6410	0	9
2024.05.06	11:00:00	2322.81	2323.06	2317.30	2318.24	4780	0	9
2024.05.06	12:00:00	2318.25	2322.00	2315.60	2321.20	4139	0	9
2024.05.06	13:00:00	2321.15	2322.04	2318.73	2319.39	4044	0	9
2024.05.06	14:00:00	2319.39	2322.48	2315.96	2318.22	4526	0	9
2024.05.06	15:00:00	2318.24	2330.28	2314.55	2323.26	9513	0	9
2024.05.06	16:00:00	2323.26	2332.00	2321.59	2327.90	11943	0	9
2024.05.06	17:00:00	2327.95	2330.59	2319.01	2321.12	9917	0	9
2024.05.06	18:00:00	2321.09	2325.51	2319.53	2324.89	6391	0	9
2024.05.06	19:00:00	2324.86	2327.43	2317.71	2325.59	7618	0	10
2024.05.06	20:00:00	2325.56	2326.21	2321.01	2324.65	5448	0	10
2024.05.06	21:00:00	2324.65	2326.52	2324.33	2326.29	3022	0	10
2024.05.06	22:00:00	2326.26	2327.10	2323.54	2324.99	4086	0	10
2024.05.06	23:00:00	2324.96	2328.83	2323.55	2325.49	2083	0	10
2024.05.07	01:00:00	2325.17	2326.92	2324.76	2326.77	1639	0	13
2024.05.07	02:00:00	2326.77	2326.97	2322.16	2325.98	2368	0	13
2024.05.07	03:00:00	2326.00	2329.45	2325.53	2329.21	3908	0	13
2024.05.07	04:00:00	2329.23	2329.85	2322.43	2322.76	7337	0	14
2024.05.07	05:00:00	2322.76	2324.30	2319.59	2321.48	5647	0	13
2024.05.07	06:00:00	2321.46	2325.11	2321.14	2324.95	3846	0	13
2024.05.07	07:00:00	2324.95	2325.13	2321.30	2322.61	3265	0	13
2024.05.07	08:00:00	2322.62	2323.30	2320.23	2321.53	5224	0	13
2024.05.07	09:00:00	2321.46	2321.46	2318.34	2320.45	5674	0	9
2024.05.07	10:00:00	2320.49	2322.04	2317.73	2319.33	5052	0	9
2024.05.07	11:00:00	2319.33	2319.87	2311.71	2315.72	5803	0	9
2024.05.07	12:00:00	2315.72	2317.18	2312.69	2313.74	4343	0	9
2024.05.07	13:00:00	2313.74	2315.88	2312.13	2315.41	4041	0	9
2024.05.07	14:00:00	2315.41	2316.55	2312.15	2312.33	4353	0	9
2024.05.07	15:00:00	2312.26	2317.39	2309.90	2316.05	7901	0	9
2024.05.07	16:00:00	2316.05	2323.70	2315.36	2318.39	10588	0	7
2024.05.07	17:00:00	2318.40	2322.44	2312.43	2314.08	8757	0	9
2024.05.07	18:00:00	2314.07	2319.13	2312.77	2314.78	8027	0	9
2024.05.07	19:00:00	2314.78	2316.14	2312.40	2312.48	4806	0	10
2024.05.07	20:00:00	2312.51	2317.45	2311.04	2314.30	4758	0	10
2024.05.07	21:00:00	2314.07	2315.34	2313.04	2314.51	3169	0	10
2024.05.07	22:00:00	2314.56	2315.56	2311.81	2314.67	2761	0	10
2024.05.07	23:00:00	2314.67	2315.56	2312.92	2313.40	1037	0	10
2024.05.08	01:00:00	2315.12	2316.82	2314.48	2314.48	1132	0	14
2024.05.08	02:00:00	2314.48	2316.27	2314.16	2315.11	1103	0	16
2024.05.08	03:00:00	2315.19	2316.26	2313.85	2314.16	3351	0	13
2024.05.08	04:00:00	2314.15	2314.36	2306.95	2307.77	6964	0	13
2024.05.08	05:00:00	2307.76	2317.41	2307.34	2317.13	5958	0	13
2024.05.08	06:00:00	2317.10	2318.16	2315.40	2317.05	3924	0	13
2024.05.08	07:00:00	2317.05	2319.35	2316.88	2319.27	2548	0	13
2024.05.08	08:00:00	2319.28	2321.38	2317.65	2317.69	3382	0	13
2024.05.08	09:00:00	2317.69	2318.93	2313.57	2314.66	5371	0	9
2024.05.08	10:00:00	2314.66	2314.87	2305.23	2305.76	5728	0	9
2024.05.08	11:00:00	2305.66	2309.24	2303.63	2307.33	6524	0	10
2024.05.08	12:00:00	2307.31	2311.42	2307.03	2310.75	4311	0	9
2024.05.08	13:00:00	2310.79	2317.06	2310.71	2315.47	4585	0	9
2024.05.08	14:00:00	2315.47	2317.99	2312.85	2314.64	5251	0	9
2024.05.08	15:00:00	2314.64	2318.97	2313.36	2314.55	8365	0	11
2024.05.08	16:00:00	2314.56	2316.25	2306.84	2309.96	11344	0	10
2024.05.08	17:00:00	2310.13	2317.77	2309.04	2315.52	8797	0	9
2024.05.08	18:00:00	2315.55	2320.38	2312.70	2320.38	7797	0	9
2024.05.08	19:00:00	2320.45	2321.10	2315.84	2317.07	4757	0	10
2024.05.08	20:00:00	2317.12	2317.55	2313.68	2313.83	3849	0	10
2024.05.08	21:00:00	2313.83	2313.84	2311.36	2312.67	2649	0	10
2024.05.08	22:00:00	2312.68	2312.78	2308.02	2308.10	3242	0	10
2024.05.08	23:00:00	2308.11	2309.60	2307.89	2308.85	1409	0	10
2024.05.09	01:00:00	2310.11	2310.92	2308.82	2309.73	1071	0	13
2024.05.09	02:00:00	2309.73	2310.05	2307.98	2308.78	1511	0	13
2024.05.09	03:00:00	2308.78	2310.50	2307.85	2309.25	3510	0	13
2024.05.09	04:00:00	2309.25	2312.24	2308.76	2309.87	5019	0	13
2024.05.09	05:00:00	2309.86	2311.62	2307.77	2310.25	3959	0	13
2024.05.09	06:00:00	2310.23	2313.00	2309.29	2312.36	3946	0	13
2024.05.09	07:00:00	2312.35	2315.23	2311.90	2314.50	3311	0	13
2024.05.09	08:00:00	2314.52	2319.73	2314.45	2316.63	5845	0	13
2024.05.09	09:00:00	2316.63	2317.05	2313.76	2314.29	5378	0	10
2024.05.09	10:00:00	2314.33	2315.01	2307.53	2309.39	5367	0	9
2024.05.09	11:00:00	2309.38	2313.39	2309.05	2310.42	4780	0	9
2024.05.09	12:00:00	2310.41	2311.99	2306.55	2307.57	3525	0	10
2024.05.09	13:00:00	2307.57	2312.89	2307.29	2311.72	3929	0	11
2024.05.09	14:00:00	2311.72	2316.70	2310.97	2315.96	5044	0	9
2024.05.09	15:00:00	2315.91	2329.32	2314.58	2326.71	10151	0	9
2024.05.09	16:00:00	2326.72	2326.72	2312.28	2324.38	13664	0	10
2024.05.09	17:00:00	2324.38	2338.77	2323.32	2333.32	12947	0	9
2024.05.09	18:00:00	2333.32	2337.62	2328.21	2330.39	7926	0	9
2024.05.09	19:00:00	2330.39	2333.94	2329.54	2329.75	4977	0	10
2024.05.09	20:00:00	2329.72	2335.03	2329.23	2334.77	4639	0	10
2024.05.09	21:00:00	2334.76	2337.73	2333.83	2337.62	2920	0	10
2024.05.09	22:00:00	2337.63	2343.93	2335.66	2343.81	4787	0	10
2024.05.09	23:00:00	2343.81	2347.22	2343.17	2345.05	3160	0	10
2024.05.10	01:00:00	2345.66	2347.81	2345.26	2346.39	1518	0	11
2024.05.10	02:00:00	2346.39	2348.34	2345.83	2346.53	1653	0	13
2024.05.10	03:00:00	2346.54	2348.98	2345.97	2347.56	3552	0	11
2024.05.10	04:00:00	2347.56	2355.78	2347.41	2350.32	10372	0	14
2024.05.10	05:00:00	2350.31	2351.78	2347.15	2349.40	6206	0	11
2024.05.10	06:00:00	2349.39	2353.98	2349.11	2353.36	4462	0	11
2024.05.10	07:00:00	2353.37	2354.48	2351.24	2353.95	2542	0	11
2024.05.10	08:00:00	2353.95	2358.73	2353.75	2357.14	5130	0	13
2024.05.10	09:00:00	2357.14	2369.06	2356.05	2368.50	8952	0	9
2024.05.10	10:00:00	2368.50	2370.27	2364.77	2366.70	7004	0	10
2024.05.10	11:00:00	2366.71	2372.07	2365.79	2369.56	5638	0	9
2024.05.10	12:00:00	2369.57	2375.35	2369.57	2372.52	5599	0	9
2024.05.10	13:00:00	2372.54	2378.38	2371.65	2374.72	5928	0	10
2024.05.10	14:00:00	2374.72	2375.63	2371.13	2372.18	5907	0	9
2024.05.10	15:00:00	2372.12	2375.67	2361.72	2364.80	10615	0	9
2024.05.10	16:00:00	2364.79	2372.00	2360.19	2367.61	12351	0	9
2024.05.10	17:00:00	2367.10	2372.95	2357.74	2360.69	13020	0	9
2024.05.10	18:00:00	2360.63	2366.36	2356.58	2364.82	8686	0	9
2024.05.10	19:00:00	2364.82	2369.89	2361.65	2368.24	5918	0	10
2024.05.10	20:00:00	2368.27	2370.07	2366.87	2369.60	4694	0	10
2024.05.10	21:00:00	2369.66	2370.88	2366.61	2367.28	2542	0	10
2024.05.10	22:00:00	2367.27	2367.45	2362.23	2363.32	3213	0	10
2024.05.10	23:00:00	2363.36	2364.97	2360.04	2360.25	1558	0	10
2024.05.13	01:00:00	2361.48	2363.17	2360.07	2361.44	1724	0	13
2024.05.13	02:00:00	2361.44	2362.50	2359.72	2360.40	1509	0	13
2024.05.13	03:00:00	2360.41	2364.44	2359.82	2364.00	2916	0	13
2024.05.13	04:00:00	2364.00	2364.11	2354.75	2359.12	7732	0	13
2024.05.13	05:00:00	2359.14	2359.76	2357.60	2358.96	4940	0	13
2024.05.13	06:00:00	2358.90	2359.35	2356.23	2357.02	3531	0	13
2024.05.13	07:00:00	2357.05	2357.05	2354.27	2354.27	2201	0	13
2024.05.13	08:00:00	2354.28	2355.03	2351.27	2352.64	4207	0	13
2024.05.13	09:00:00	2352.64	2354.48	2347.38	2349.59	5428	0	9
2024.05.13	10:00:00	2349.59	2351.27	2346.54	2348.64	4414	0	9
2024.05.13	11:00:00	2348.53	2350.36	2341.62	2343.26	5838	0	9
2024.05.13	12:00:00	2343.26	2344.31	2339.10	2340.18	5302	0	9
2024.05.13	13:00:00	2340.11	2344.09	2339.28	2343.28	4960	0	9
2024.05.13	14:00:00	2343.28	2346.69	2338.45	2344.59	6471	0	9
2024.05.13	15:00:00	2344.39	2349.73	2343.62	2347.12	8898	0	9
2024.05.13	16:00:00	2347.10	2349.37	2340.33	2344.13	11089	0	9
2024.05.13	17:00:00	2344.07	2345.97	2340.76	2343.74	10799	0	9
2024.05.13	18:00:00	2343.75	2343.75	2332.07	2335.98	9980	0	9
2024.05.13	19:00:00	2335.98	2337.86	2334.71	2336.73	6008	0	10
2024.05.13	20:00:00	2336.73	2338.14	2334.46	2335.87	4701	0	10
2024.05.13	21:00:00	2335.89	2337.94	2335.73	2337.26	2839	0	10
2024.05.13	22:00:00	2337.28	2338.42	2335.80	2337.23	2653	0	10
2024.05.13	23:00:00	2337.23	2337.35	2335.18	2335.84	870	0	10
2024.05.14	01:00:00	2337.33	2338.46	2336.91	2337.59	791	0	16
2024.05.14	02:00:00	2337.59	2339.30	2337.45	2338.42	1301	0	12
2024.05.14	03:00:00	2338.40	2339.71	2334.78	2336.36	3073	0	11
2024.05.14	04:00:00	2336.36	2342.08	2336.34	2341.93	6963	0	11
2024.05.14	05:00:00	2341.93	2344.41	2339.79	2340.43	5286	0	11
2024.05.14	06:00:00	2340.42	2343.59	2339.89	2343.20	3715	0	11
2024.05.14	07:00:00	2343.17	2344.90	2342.57	2344.09	2395	0	11
2024.05.14	08:00:00	2344.09	2345.84	2342.58	2344.70	4118	0	11
2024.05.14	09:00:00	2344.70	2345.24	2336.82	2338.20	6397	0	9
2024.05.14	10:00:00	2338.19	2339.73	2336.05	2339.15	4683	0	9
2024.05.14	11:00:00	2339.15	2344.02	2337.80	2343.78	5024	0	9
2024.05.14	12:00:00	2343.76	2348.24	2343.73	2345.87	5773	0	9
2024.05.14	13:00:00	2345.88	2347.61	2342.67	2345.74	4563	0	9
2024.05.14	14:00:00	2345.74	2346.25	2342.38	2343.53	4306	0	9
2024.05.14	15:00:00	2343.53	2350.21	2336.58	2348.19	11138	0	12
2024.05.14	16:00:00	2348.24	2355.05	2344.89	2353.86	12698	0	9
2024.05.14	17:00:00	2353.78	2357.02	2348.06	2353.05	12696	0	9
2024.05.14	18:00:00	2353.05	2353.84	2347.23	2347.90	8963	0	9
2024.05.14	19:00:00	2347.85	2355.50	2346.33	2354.17	8148	0	10
2024.05.14	20:00:00	2354.19	2356.54	2352.00	2355.89	4878	0	10
2024.05.14	21:00:00	2355.87	2359.58	2355.77	2357.65	3686	0	10
2024.05.14	22:00:00	2357.65	2357.97	2355.01	2356.55	3326	0	10
2024.05.14	23:00:00	2356.60	2358.04	2356.07	2357.66	878	0	10
2024.05.15	01:00:00	2357.20	2357.63	2356.29	2357.56	818	0	16
2024.05.15	02:00:00	2357.56	2357.56	2355.07	2355.79	1803	0	14
2024.05.15	03:00:00	2355.80	2356.86	2354.87	2355.82	3828	0	13
2024.05.15	04:00:00	2355.83	2358.96	2354.87	2357.41	7383	0	14
2024.05.15	05:00:00	2357.44	2359.07	2356.61	2358.62	4356	0	11
2024.05.15	06:00:00	2358.62	2360.96	2357.67	2360.28	3753	0	11
2024.05.15	07:00:00	2360.32	2360.81	2356.16	2356.96	3617	0	12
2024.05.15	08:00:00	2356.96	2359.01	2355.70	2358.51	4022	0	11
2024.05.15	09:00:00	2358.51	2359.67	2356.83	2358.78	6314	0	9
2024.05.15	10:00:00	2358.79	2364.89	2358.49	2362.51	6399	0	9
2024.05.15	11:00:00	2362.48	2374.25	2362.46	2373.21	7239	0	9
2024.05.15	12:00:00	2373.26	2374.31	2368.25	2369.29	6215	0	9
2024.05.15	13:00:00	2369.29	2370.87	2365.28	2365.91	4746	0	9
2024.05.15	14:00:00	2365.91	2366.76	2362.06	2362.74	5865	0	9
2024.05.15	15:00:00	2362.73	2378.91	2358.92	2372.58	13496	0	9
2024.05.15	16:00:00	2372.54	2375.48	2351.85	2358.07	15381	0	13
2024.05.15	17:00:00	2358.07	2373.80	2353.78	2373.76	13800	0	9
2024.05.15	18:00:00	2373.77	2385.71	2373.06	2377.61	13227	0	9
2024.05.15	19:00:00	2377.61	2386.65	2377.05	2383.52	9612	0	10
2024.05.15	20:00:00	2383.64	2390.23	2383.63	2389.24	7624	0	10
2024.05.15	21:00:00	2389.25	2389.38	2383.61	2385.41	5407	0	10
2024.05.15	22:00:00	2385.40	2387.44	2383.77	2386.37	4405	0	10
2024.05.15	23:00:00	2386.37	2388.35	2386.25	2386.94	1715	0	10
2024.05.16	01:00:00	2387.71	2389.49	2387.06	2389.14	1753	0	16
2024.05.16	02:00:00	2389.14	2391.86	2388.86	2391.84	3093	0	13
2024.05.16	03:00:00	2391.86	2395.14	2390.27	2395.00	6803	0	11
2024.05.16	04:00:00	2394.99	2397.26	2389.58	2391.55	11844	0	13
2024.05.16	05:00:00	2391.56	2391.78	2386.34	2387.48	8837	0	11
2024.05.16	06:00:00	2387.47	2390.72	2386.55	2388.70	6556	0	11
2024.05.16	07:00:00	2388.70	2392.15	2387.04	2391.29	4531	0	13
2024.05.16	08:00:00	2391.29	2394.40	2390.14	2390.14	6026	0	11
2024.05.16	09:00:00	2390.14	2390.38	2386.49	2387.03	7280	0	9
2024.05.16	10:00:00	2387.05	2391.14	2384.75	2389.32	7403	0	9
2024.05.16	11:00:00	2389.32	2391.40	2385.33	2386.01	6216	0	9
2024.05.16	12:00:00	2386.00	2387.73	2383.67	2385.42	5406	0	9
2024.05.16	13:00:00	2385.43	2385.71	2380.89	2384.86	4989	0	9
2024.05.16	14:00:00	2384.86	2386.56	2381.49	2384.59	5953	0	9
2024.05.16	15:00:00	2384.58	2386.26	2377.89	2379.11	10740	0	14
2024.05.16	16:00:00	2379.10	2382.17	2371.71	2375.14	13512	0	9
2024.05.16	17:00:00	2375.15	2378.99	2370.95	2373.28	10842	0	9
2024.05.16	18:00:00	2373.28	2382.35	2373.09	2381.53	8010	0	9
2024.05.16	19:00:00	2381.57	2383.71	2379.13	2381.91	6373	0	11
2024.05.16	20:00:00	2381.92	2382.39	2379.81	2381.42	4159	0	11
2024.05.16	21:00:00	2381.47	2381.98	2378.36	2379.67	3314	0	10
2024.05.16	22:00:00	2379.67	2381.86	2377.76	2378.07	2927	0	10
2024.05.16	23:00:00	2378.10	2378.30	2375.87	2376.18	1126	0	10
2024.05.17	01:00:00	2378.04	2379.41	2377.67	2378.37	818	0	18
2024.05.17	02:00:00	2378.37	2379.68	2377.84	2377.84	1379	0	12
2024.05.17	03:00:00	2377.83	2379.68	2377.51	2377.98	3281	0	12
2024.05.17	04:00:00	2377.98	2378.84	2376.15	2378.13	5957	0	12
2024.05.17	05:00:00	2378.13	2381.19	2373.93	2375.07	5819	0	11
2024.05.17	06:00:00	2375.07	2377.80	2374.61	2377.79	3498	0	11
2024.05.17	07:00:00	2377.80	2379.05	2376.48	2378.80	2022	0	13
2024.05.17	08:00:00	2378.80	2382.33	2378.52	2381.31	5223	0	16
2024.05.17	09:00:00	2381.31	2386.71	2380.90	2385.98	6732	0	9
2024.05.17	10:00:00	2385.99	2387.84	2382.91	2383.85	5766	0	9
2024.05.17	11:00:00	2383.89	2385.67	2381.35	2384.27	5787	0	9
2024.05.17	12:00:00	2384.26	2386.57	2381.73	2382.50	4007	0	9
2024.05.17	13:00:00	2382.48	2387.56	2381.83	2387.40	4031	0	9
2024.05.17	14:00:00	2387.41	2390.15	2385.80	2389.76	5078	0	9
2024.05.17	15:00:00	2389.76	2393.97	2386.85	2393.26	8527	0	9
2024.05.17	16:00:00	2393.26	2405.13	2393.26	2401.61	14247	0	9
2024.05.17	17:00:00	2401.59	2415.48	2398.79	2413.45	13045	0	9
2024.05.17	18:00:00	2413.37	2419.08	2403.60	2407.76	11585	0	9
2024.05.17	19:00:00	2407.83	2414.15	2407.71	2407.83	7940	0	11
2024.05.17	20:00:00	2407.84	2414.31	2405.75	2414.18	8262	0	10
2024.05.17	21:00:00	2414.24	2419.16	2413.25	2417.42	6390	0	10
2024.05.17	22:00:00	2417.41	2417.84	2411.48	2416.36	5003	0	10
2024.05.17	23:00:00	2416.39	2422.69	2414.81	2415.56	2849	0	11
2024.05.20	01:00:00	2425.19	2425.31	2416.80	2417.78	3620	0	17
2024.05.20	02:00:00	2417.78	2420.57	2417.17	2420.27	3640	0	15
2024.05.20	03:00:00	2420.26	2426.46	2416.48	2425.38	6666	0	15
2024.05.20	04:00:00	2425.37	2440.63	2425.37	2434.61	12448	0	20
2024.05.20	05:00:00	2434.73	2437.07	2428.79	2434.02	8033	0	14
2024.05.20	06:00:00	2433.95	2438.88	2430.89	2437.58	5773	0	16
2024.05.20	07:00:00	2437.49	2439.60	2435.11	2437.27	3824	0	13
2024.05.20	08:00:00	2437.28	2450.01	2436.96	2449.50	7829	0	13
2024.05.20	09:00:00	2449.50	2449.73	2431.90	2438.74	11057	0	14
2024.05.20	10:00:00	2438.70	2443.66	2435.61	2442.26	8983	0	9
2024.05.20	11:00:00	2442.24	2443.67	2436.94	2440.03	6538	0	11
2024.05.20	12:00:00	2440.08	2447.12	2438.66	2441.68	6732	0	10
2024.05.20	13:00:00	2441.70	2443.03	2434.55	2436.25	6278	0	11
2024.05.20	14:00:00	2436.25	2437.16	2427.67	2430.62	8824	0	9
2024.05.20	15:00:00	2430.50	2430.82	2407.31	2413.79	14503	0	9
2024.05.20	16:00:00	2413.42	2422.62	2410.38	2420.09	15077	0	9
2024.05.20	17:00:00	2420.23	2423.55	2414.77	2422.96	11758	0	9
2024.05.20	18:00:00	2423.04	2426.94	2419.47	2424.84	10361	0	9
2024.05.20	19:00:00	2424.88	2428.08	2422.48	2426.53	6295	0	10
2024.05.20	20:00:00	2426.53	2436.68	2425.62	2435.33	6917	0	10
2024.05.20	21:00:00	2435.33	2437.28	2431.86	2435.21	5935	0	10
2024.05.20	22:00:00	2435.22	2435.32	2426.04	2426.65	5422	0	10
2024.05.20	23:00:00	2426.99	2427.98	2423.27	2424.61	2687	0	10
2024.05.21	01:00:00	2427.17	2430.48	2426.42	2427.29	1967	0	11
2024.05.21	02:00:00	2427.29	2428.57	2425.21	2426.23	1841	0	11
2024.05.21	03:00:00	2426.24	2429.83	2424.33	2428.82	4309	0	12
2024.05.21	04:00:00	2428.82	2433.01	2419.60	2420.41	12858	0	18
2024.05.21	05:00:00	2420.34	2422.52	2411.48	2413.94	10875	0	11
2024.05.21	06:00:00	2413.93	2417.13	2406.13	2413.84	7630	0	11
2024.05.21	07:00:00	2413.78	2415.86	2410.61	2412.35	4806	0	13
2024.05.21	08:00:00	2412.36	2418.00	2412.11	2416.42	6398	0	11
2024.05.21	09:00:00	2416.53	2417.37	2409.62	2410.59	9322	0	9
2024.05.21	10:00:00	2410.64	2422.13	2408.54	2419.27	8910	0	11
2024.05.21	11:00:00	2419.30	2419.93	2414.35	2418.74	7204	0	10
2024.05.21	12:00:00	2418.68	2420.14	2412.18	2416.34	6326	0	9
2024.05.21	13:00:00	2416.34	2420.01	2414.98	2419.80	5131	0	10
2024.05.21	14:00:00	2419.80	2423.74	2417.33	2423.45	6339	0	9
2024.05.21	15:00:00	2423.45	2429.90	2422.36	2426.23	9914	0	9
2024.05.21	16:00:00	2426.23	2431.46	2420.42	2427.70	15007	0	9
2024.05.21	17:00:00	2427.70	2431.66	2425.36	2429.54	11996	0	9
2024.05.21	18:00:00	2429.54	2433.87	2420.05	2423.45	11503	0	9
2024.05.21	19:00:00	2423.42	2423.68	2417.99	2422.84	8742	0	9
2024.05.21	20:00:00	2422.86	2423.78	2418.51	2419.90	6366	0	10
2024.05.21	21:00:00	2419.90	2420.58	2417.32	2420.46	3997	0	10
2024.05.21	22:00:00	2420.50	2425.01	2419.91	2423.28	3566	0	10
2024.05.21	23:00:00	2423.28	2423.36	2421.05	2421.26	1186	0	10
2024.05.22	01:00:00	2421.22	2422.24	2421.06	2422.02	1007	0	19
2024.05.22	02:00:00	2422.02	2422.18	2421.24	2421.72	1801	0	15
2024.05.22	03:00:00	2421.72	2423.11	2420.36	2420.51	3758	0	13
2024.05.22	04:00:00	2420.51	2423.34	2419.32	2421.94	7886	0	15
2024.05.22	05:00:00	2421.93	2426.46	2415.93	2417.78	8456	0	11
2024.05.22	06:00:00	2417.77	2419.57	2412.59	2414.17	7175	0	12
2024.05.22	07:00:00	2414.16	2416.16	2412.10	2412.88	4493	0	11
2024.05.22	08:00:00	2412.86	2417.33	2411.58	2417.05	7172	0	16
2024.05.22	09:00:00	2417.15	2418.02	2413.75	2417.09	8092	0	9
2024.05.22	10:00:00	2417.04	2418.44	2412.29	2417.27	7558	0	10
2024.05.22	11:00:00	2417.23	2417.47	2410.57	2416.85	7342	0	12
2024.05.22	12:00:00	2416.86	2417.98	2414.44	2417.29	6498	0	9
2024.05.22	13:00:00	2417.29	2419.31	2414.24	2414.76	4934	0	10
2024.05.22	14:00:00	2414.77	2415.21	2404.74	2408.61	8052	0	9
2024.05.22	15:00:00	2408.68	2415.04	2408.63	2412.45	10155	0	9
2024.05.22	16:00:00	2412.45	2413.25	2405.81	2411.64	12741	0	9
2024.05.22	17:00:00	2411.60	2411.60	2382.22	2388.61	15972	0	9
2024.05.22	18:00:00	2388.58	2395.23	2386.64	2392.07	11042	0	9
2024.05.22	19:00:00	2392.07	2394.95	2389.43	2391.91	7501	0	10
2024.05.22	20:00:00	2391.90	2394.35	2386.70	2388.56	6736	0	10
2024.05.22	21:00:00	2388.50	2390.68	2374.98	2377.83	11026	0	10
2024.05.22	22:00:00	2377.80	2380.03	2376.80	2379.25	6345	0	10
2024.05.22	23:00:00	2379.17	2380.57	2377.51	2378.49	3059	0	10
2024.05.23	01:00:00	2379.37	2381.27	2379.00	2380.63	1588	0	18
2024.05.23	02:00:00	2380.63	2382.73	2380.39	2382.23	2263	0	18
2024.05.23	03:00:00	2382.28	2383.65	2378.94	2380.31	4763	0	17
2024.05.23	04:00:00	2380.29	2381.87	2366.64	2373.03	12463	0	15
2024.05.23	05:00:00	2373.02	2375.66	2368.10	2369.52	8172	0	14
2024.05.23	06:00:00	2369.41	2372.88	2367.86	2372.44	5615	0	11
2024.05.23	07:00:00	2372.39	2373.91	2371.49	2372.77	3323	0	12
2024.05.23	08:00:00	2372.77	2373.13	2358.41	2359.79	7159	0	11
2024.05.23	09:00:00	2359.94	2367.15	2354.95	2364.26	9558	0	10
2024.05.23	10:00:00	2364.27	2364.75	2355.10	2356.10	9500	0	10
2024.05.23	11:00:00	2356.09	2361.83	2355.12	2360.43	7558	0	10
2024.05.23	12:00:00	2360.46	2364.25	2358.76	2364.04	6165	0	9
2024.05.23	13:00:00	2364.06	2367.69	2363.54	2366.36	5357	0	9
2024.05.23	14:00:00	2366.40	2369.37	2365.57	2368.06	6636	0	9
2024.05.23	15:00:00	2368.05	2369.25	2360.72	2362.66	9993	0	9
2024.05.23	16:00:00	2362.82	2369.87	2350.65	2358.71	14829	0	7
2024.05.23	17:00:00	2358.71	2363.87	2341.53	2346.01	16165	0	9
2024.05.23	18:00:00	2345.96	2349.82	2340.41	2346.06	12039	0	9
2024.05.23	19:00:00	2346.07	2350.10	2340.02	2340.97	8179	0	10
2024.05.23	20:00:00	2340.96	2342.94	2331.95	2332.13	8673	0	10
2024.05.23	21:00:00	2332.13	2336.41	2331.69	2334.75	6935	0	10
2024.05.23	22:00:00	2334.59	2334.87	2330.92	2331.50	4665	0	10
2024.05.23	23:00:00	2331.66	2332.71	2326.99	2327.89	2071	0	10
2024.05.24	01:00:00	2329.43	2332.14	2329.29	2330.97	1425	0	16
2024.05.24	02:00:00	2330.97	2333.61	2330.49	2331.96	2074	0	16
2024.05.24	03:00:00	2332.00	2332.33	2327.43	2329.04	3914	0	12
2024.05.24	04:00:00	2329.06	2335.17	2326.72	2333.87	8907	0	13
2024.05.24	05:00:00	2333.84	2334.53	2325.36	2330.75	7694	0	11
2024.05.24	06:00:00	2330.71	2331.51	2328.46	2330.57	4253	0	12
2024.05.24	07:00:00	2330.56	2335.14	2330.48	2335.07	3593	0	11
2024.05.24	08:00:00	2335.07	2339.24	2333.17	2338.50	5629	0	12
2024.05.24	09:00:00	2338.55	2339.53	2335.20	2338.75	7405	0	10
2024.05.24	10:00:00	2338.79	2340.57	2336.95	2337.67	5677	0	9
2024.05.24	11:00:00	2337.65	2340.97	2336.05	2340.09	5702	0	9
2024.05.24	12:00:00	2340.09	2343.17	2337.50	2337.55	5216	0	10
2024.05.24	13:00:00	2337.52	2343.87	2336.96	2340.29	5067	0	10
2024.05.24	14:00:00	2340.29	2342.07	2337.77	2338.22	4964	0	9
2024.05.24	15:00:00	2338.22	2340.79	2335.44	2339.31	8429	0	9
2024.05.24	16:00:00	2339.30	2347.36	2336.78	2336.93	11044	0	9
2024.05.24	17:00:00	2336.93	2343.17	2335.46	2338.38	10981	0	9
2024.05.24	18:00:00	2338.45	2340.14	2332.34	2334.52	8766	0	9
2024.05.24	19:00:00	2334.61	2336.93	2332.74	2334.23	5867	0	10
2024.05.24	20:00:00	2334.23	2334.46	2331.92	2332.67	4398	0	10
2024.05.24	21:00:00	2332.65	2336.73	2332.54	2334.85	3295	0	10
2024.05.24	22:00:00	2334.83	2334.86	2331.84	2333.76	2812	0	10
2024.05.24	23:00:00	2333.76	2335.13	2333.74	2334.32	1075	0	10
2024.05.27	01:00:00	2335.93	2340.68	2332.28	2340.28	2554	0	11
2024.05.27	02:00:00	2340.28	2340.67	2336.58	2337.20	2379	0	11
2024.05.27	03:00:00	2337.21	2337.36	2334.43	2336.18	2933	0	11
2024.05.27	04:00:00	2336.14	2340.34	2334.61	2339.65	6543	0	11
2024.05.27	05:00:00	2339.65	2346.36	2338.75	2346.14	5498	0	12
2024.05.27	06:00:00	2346.15	2347.54	2343.61	2346.06	5068	0	11
2024.05.27	07:00:00	2346.06	2346.12	2341.00	2342.97	2596	0	11
2024.05.27	08:00:00	2342.97	2344.18	2340.32	2343.71	4792	0	12
2024.05.27	09:00:00	2343.71	2344.63	2341.28	2341.38	6120	0	9
2024.05.27	10:00:00	2341.41	2341.54	2338.12	2338.52	4074	0	9
2024.05.27	11:00:00	2338.59	2346.19	2338.16	2344.20	4371	0	9
2024.05.27	12:00:00	2344.21	2345.80	2343.02	2343.25	3334	0	10
2024.05.27	13:00:00	2343.25	2345.77	2342.41	2344.95	3200	0	10
2024.05.27	14:00:00	2344.95	2346.04	2343.16	2345.10	4075	0	9
2024.05.27	15:00:00	2345.12	2349.63	2343.73	2347.17	6820	0	9
2024.05.27	16:00:00	2347.17	2356.94	2344.59	2354.97	11244	0	9
2024.05.27	17:00:00	2354.92	2358.44	2354.08	2354.40	7893	0	9
2024.05.27	18:00:00	2354.32	2356.84	2352.23	2352.47	7038	0	9
2024.05.27	19:00:00	2352.47	2355.58	2352.12	2354.98	3689	0	10
2024.05.27	20:00:00	2354.98	2355.12	2352.33	2355.04	1725	0	10
2024.05.27	21:00:00	2355.12	2355.14	2350.70	2350.79	983	0	10
2024.05.28	01:00:00	2352.45	2353.84	2351.52	2352.17	1052	0	17
2024.05.28	02:00:00	2352.17	2352.74	2351.06	2352.44	1513	0	13
2024.05.28	03:00:00	2352.44	2353.57	2351.22	2351.73	3743	0	11
2024.05.28	04:00:00	2351.75	2356.35	2349.15	2354.76	9494	0	13
2024.05.28	05:00:00	2354.76	2355.85	2351.57	2354.12	5731	0	12
2024.05.28	06:00:00	2354.13	2354.51	2350.25	2350.87	4801	0	11
2024.05.28	07:00:00	2350.86	2352.06	2350.45	2351.04	2854	0	11
2024.05.28	08:00:00	2351.04	2353.69	2349.59	2350.39	5031	0	11
2024.05.28	09:00:00	2350.39	2350.39	2341.33	2341.82	10529	0	10
2024.05.28	10:00:00	2341.78	2344.89	2341.73	2344.12	6217	0	9
2024.05.28	11:00:00	2344.10	2345.08	2340.30	2344.93	5756	0	9
2024.05.28	12:00:00	2344.93	2345.16	2342.26	2343.86	4400	0	9
2024.05.28	13:00:00	2343.86	2346.23	2343.21	2345.63	3911	0	9
2024.05.28	14:00:00	2345.68	2348.41	2343.55	2347.45	5263	0	9
2024.05.28	15:00:00	2347.43	2357.10	2345.92	2353.16	9472	0	10
2024.05.28	16:00:00	2353.17	2364.06	2352.27	2354.95	14338	0	11
2024.05.28	17:00:00	2354.85	2356.88	2347.93	2355.27	13301	0	12
2024.05.28	18:00:00	2355.27	2362.09	2352.91	2360.31	10437	0	11
2024.05.28	19:00:00	2360.31	2362.19	2355.23	2356.62	7822	0	11
2024.05.28	20:00:00	2356.63	2360.04	2353.22	2356.89	7894	0	14
2024.05.28	21:00:00	2356.87	2357.81	2352.79	2357.08	4334	0	14
2024.05.28	22:00:00	2357.07	2360.15	2355.79	2358.15	3890	0	14
2024.05.28	23:00:00	2358.16	2360.53	2357.89	2360.29	1643	0	14
2024.05.29	01:00:00	2361.75	2361.80	2358.04	2359.23	1901	0	18
2024.05.29	02:00:00	2359.24	2360.68	2358.14	2359.89	2247	0	17
2024.05.29	03:00:00	2359.72	2361.04	2357.33	2357.82	3249	0	17
2024.05.29	04:00:00	2357.82	2359.43	2355.62	2356.46	8305	0	17
2024.05.29	05:00:00	2356.45	2360.83	2354.38	2355.61	7104	0	17
2024.05.29	06:00:00	2355.61	2359.11	2355.23	2358.17	5304	0	17
2024.05.29	07:00:00	2358.18	2358.92	2356.81	2358.26	2567	0	17
2024.05.29	08:00:00	2358.27	2361.27	2356.41	2356.70	6992	0	17
2024.05.29	09:00:00	2356.69	2356.73	2351.03	2355.78	8985	0	15
2024.05.29	10:00:00	2355.74	2356.19	2350.05	2350.49	6492	0	15
2024.05.29	11:00:00	2350.58	2351.74	2344.87	2345.47	8060	0	15
2024.05.29	12:00:00	2345.46	2346.20	2340.87	2345.79	6857	0	15
2024.05.29	13:00:00	2345.70	2347.30	2343.05	2346.45	5549	0	15
2024.05.29	14:00:00	2346.50	2347.00	2338.65	2341.67	5931	0	16
2024.05.29	15:00:00	2341.61	2343.74	2334.53	2337.60	8891	0	17
2024.05.29	16:00:00	2337.58	2347.14	2335.93	2345.67	12451	0	17
2024.05.29	17:00:00	2345.66	2346.44	2341.47	2343.48	10310	0	17
2024.05.29	18:00:00	2343.48	2343.72	2336.62	2339.05	8836	0	17
2024.05.29	19:00:00	2339.05	2341.92	2335.97	2341.92	6180	0	14
2024.05.29	20:00:00	2341.94	2344.22	2339.30	2343.63	4816	0	14
2024.05.29	21:00:00	2343.69	2344.27	2337.95	2338.10	3358	0	14
2024.05.29	22:00:00	2338.14	2339.29	2336.31	2336.64	2980	0	14
2024.05.29	23:00:00	2336.69	2338.62	2335.96	2337.44	1903	0	14
2024.05.30	01:00:00	2338.61	2339.17	2337.26	2337.65	1526	0	17
2024.05.30	02:00:00	2337.65	2339.03	2337.60	2338.37	2359	0	17
2024.05.30	03:00:00	2338.38	2338.38	2333.92	2336.90	5398	0	17
2024.05.30	04:00:00	2336.95	2339.83	2332.91	2334.09	10466	0	17
2024.05.30	05:00:00	2334.02	2336.59	2328.03	2330.86	9054	0	17
2024.05.30	06:00:00	2330.81	2335.03	2329.11	2334.35	7134	0	17
2024.05.30	07:00:00	2334.36	2337.07	2333.97	2335.23	4403	0	17
2024.05.30	08:00:00	2335.22	2335.81	2322.54	2324.96	8999	0	17
2024.05.30	09:00:00	2324.99	2333.09	2324.05	2332.98	8832	0	15
2024.05.30	10:00:00	2332.88	2337.65	2332.25	2334.35	7706	0	15
2024.05.30	11:00:00	2334.40	2335.73	2331.88	2335.02	6915	0	15
2024.05.30	12:00:00	2335.02	2337.95	2331.66	2333.14	6592	0	15
2024.05.30	13:00:00	2333.14	2340.85	2330.57	2340.64	5914	0	15
2024.05.30	14:00:00	2340.65	2340.66	2335.14	2335.80	6726	0	17
2024.05.30	15:00:00	2335.80	2345.18	2331.96	2341.27	11976	0	18
2024.05.30	16:00:00	2341.15	2348.56	2339.76	2348.54	13519	0	17
2024.05.30	17:00:00	2348.93	2351.80	2342.70	2344.06	12139	0	17
2024.05.30	18:00:00	2344.07	2345.69	2341.76	2343.79	8866	0	17
2024.05.30	19:00:00	2343.79	2348.07	2340.86	2347.90	6454	0	14
2024.05.30	20:00:00	2347.90	2348.80	2342.81	2344.42	4597	0	14
2024.05.30	21:00:00	2344.40	2344.54	2341.22	2342.51	3461	0	14
2024.05.30	22:00:00	2342.50	2342.56	2339.83	2341.52	3644	0	14
2024.05.30	23:00:00	2341.47	2343.54	2341.47	2341.99	1319	0	14
2024.05.31	01:00:00	2343.50	2344.79	2342.02	2344.15	2531	0	18
2024.05.31	02:00:00	2344.14	2346.39	2343.11	2344.01	2255	0	17
2024.05.31	03:00:00	2343.99	2347.49	2342.55	2346.32	4539	0	17
2024.05.31	04:00:00	2346.31	2347.65	2343.06	2346.57	9634	0	17
2024.05.31	05:00:00	2346.56	2347.70	2342.27	2342.54	6551	0	17
2024.05.31	06:00:00	2342.58	2343.66	2336.95	2343.66	8096	0	17
2024.05.31	07:00:00	2343.65	2345.50	2341.01	2344.15	5141	0	17
2024.05.31	08:00:00	2344.10	2344.78	2341.71	2342.39	5501	0	15
2024.05.31	09:00:00	2342.39	2347.04	2341.96	2345.87	6975	0	15
2024.05.31	10:00:00	2345.84	2345.84	2339.85	2340.43	6526	0	15
2024.05.31	11:00:00	2340.42	2343.83	2339.67	2343.21	5612	0	15
2024.05.31	12:00:00	2343.20	2344.49	2340.99	2342.10	4566	0	15
2024.05.31	13:00:00	2342.11	2344.51	2341.51	2344.00	4427	0	15
2024.05.31	14:00:00	2344.00	2344.91	2342.59	2343.85	4732	0	15
2024.05.31	15:00:00	2343.83	2356.71	2342.41	2354.78	10834	0	17
2024.05.31	16:00:00	2354.71	2359.66	2343.52	2348.10	13576	0	14
2024.05.31	17:00:00	2348.10	2349.01	2334.11	2335.19	14986	0	17
2024.05.31	18:00:00	2335.19	2336.12	2327.72	2330.04	13763	0	17
2024.05.31	19:00:00	2330.04	2336.67	2329.69	2332.83	9307	0	14
2024.05.31	20:00:00	2332.82	2333.82	2323.95	2325.96	8927	0	14
2024.05.31	21:00:00	2325.96	2327.19	2322.35	2322.89	5054	0	14
2024.05.31	22:00:00	2322.88	2328.24	2320.58	2327.67	5572	0	14
2024.05.31	23:00:00	2327.69	2330.56	2327.31	2329.44	2214	0	14
2024.06.03	01:00:00	2328.67	2328.77	2323.32	2326.42	2648	0	17
2024.06.03	02:00:00	2326.42	2326.80	2324.01	2325.89	2367	0	17
2024.06.03	03:00:00	2325.88	2327.47	2323.95	2327.11	4328	0	17
2024.06.03	04:00:00	2327.11	2331.00	2326.14	2330.79	9173	0	17
2024.06.03	05:00:00	2330.80	2330.93	2325.51	2326.31	6292	0	17
2024.06.03	06:00:00	2326.29	2328.13	2320.88	2321.36	7490	0	17
2024.06.03	07:00:00	2321.42	2322.46	2320.04	2321.30	3292	0	17
2024.06.03	08:00:00	2321.31	2323.80	2315.30	2320.16	7842	0	17
2024.06.03	09:00:00	2320.15	2322.77	2314.73	2322.42	9707	0	15
2024.06.03	10:00:00	2322.38	2328.78	2322.21	2325.97	6899	0	15
2024.06.03	11:00:00	2325.97	2328.52	2324.74	2325.51	6488	0	15
2024.06.03	12:00:00	2325.50	2328.73	2324.30	2327.73	5349	0	15
2024.06.03	13:00:00	2327.73	2333.26	2326.21	2330.78	5896	0	15
2024.06.03	14:00:00	2330.79	2332.34	2328.94	2329.95	5715	0	16
2024.06.03	15:00:00	2329.95	2334.31	2325.66	2334.00	8283	0	17
2024.06.03	16:00:00	2333.98	2336.69	2329.79	2332.87	11708	0	17
2024.06.03	17:00:00	2332.56	2345.66	2332.56	2341.70	14343	0	17
2024.06.03	18:00:00	2341.55	2344.17	2335.43	2342.76	9778	0	17
2024.06.03	19:00:00	2342.76	2349.95	2341.35	2349.18	7956	0	14
2024.06.03	20:00:00	2349.11	2354.68	2346.15	2348.39	7409	0	14
2024.06.03	21:00:00	2348.38	2349.42	2346.50	2348.21	4556	0	14
2024.06.03	22:00:00	2348.20	2349.02	2344.73	2347.60	3638	0	14
2024.06.03	23:00:00	2347.59	2350.72	2346.94	2350.29	1438	0	14
2024.06.04	01:00:00	2351.34	2351.54	2350.12	2350.80	1043	0	19
2024.06.04	02:00:00	2350.80	2351.14	2349.79	2350.55	1642	0	18
2024.06.04	03:00:00	2350.57	2352.78	2350.15	2350.59	3952	0	17
2024.06.04	04:00:00	2350.60	2352.30	2343.13	2347.03	8717	0	18
2024.06.04	05:00:00	2347.01	2349.60	2345.62	2346.86	6556	0	17
2024.06.04	06:00:00	2346.85	2346.93	2344.13	2345.66	4369	0	17
2024.06.04	07:00:00	2345.64	2349.85	2345.02	2349.31	2852	0	17
2024.06.04	08:00:00	2349.30	2349.58	2347.26	2347.73	4844	0	17
2024.06.04	09:00:00	2347.73	2351.74	2344.23	2344.42	8150	0	15
2024.06.04	10:00:00	2344.43	2345.09	2339.09	2339.71	7778	0	15
2024.06.04	11:00:00	2339.71	2339.77	2332.28	2333.28	9175	0	15
2024.06.04	12:00:00	2333.33	2334.18	2326.81	2329.88	9113	0	15
2024.06.04	13:00:00	2329.89	2334.85	2328.86	2329.18	7658	0	15
2024.06.04	14:00:00	2329.22	2329.80	2325.34	2327.96	7455	0	17
2024.06.04	15:00:00	2327.97	2335.91	2326.67	2335.10	9871	0	18
2024.06.04	16:00:00	2335.11	2337.96	2322.23	2323.71	13367	0	18
2024.06.04	17:00:00	2323.75	2332.00	2315.61	2317.50	14027	0	18
2024.06.04	18:00:00	2317.55	2328.81	2317.37	2326.13	10450	0	18
2024.06.04	19:00:00	2326.10	2329.63	2322.53	2323.93	8371	0	15
2024.06.04	20:00:00	2323.91	2330.37	2323.74	2328.88	7415	0	15
2024.06.04	21:00:00	2328.85	2329.77	2326.09	2328.23	4576	0	15
2024.06.04	22:00:00	2328.19	2328.31	2326.00	2327.21	3250	0	15
2024.06.04	23:00:00	2327.25	2327.67	2325.98	2326.66	1052	0	15
2024.06.05	01:00:00	2328.05	2328.31	2327.52	2327.78	602	0	20
2024.06.05	02:00:00	2327.78	2328.93	2327.58	2328.80	1508	0	20
2024.06.05	03:00:00	2328.79	2329.56	2327.73	2328.14	3965	0	18
2024.06.05	04:00:00	2328.14	2330.84	2325.85	2330.45	7769	0	20
2024.06.05	05:00:00	2330.48	2333.48	2329.93	2333.37	5988	0	18
2024.06.05	06:00:00	2333.36	2337.84	2333.01	2337.15	5074	0	18
2024.06.05	07:00:00	2337.16	2338.15	2335.85	2337.99	2861	0	18
2024.06.05	08:00:00	2337.99	2341.62	2337.38	2337.39	5626	0	19
2024.06.05	09:00:00	2337.38	2338.44	2328.05	2332.73	7683	0	14
2024.06.05	10:00:00	2332.75	2333.75	2329.13	2331.60	6822	0	16
2024.06.05	11:00:00	2331.60	2335.09	2331.32	2332.60	5664	0	16
2024.06.05	12:00:00	2332.71	2333.79	2331.00	2332.28	5106	0	16
2024.06.05	13:00:00	2332.28	2335.61	2329.43	2333.78	4996	0	16
2024.06.05	14:00:00	2333.78	2335.56	2331.07	2332.46	4513	0	17
2024.06.05	15:00:00	2332.46	2343.94	2332.16	2342.16	9970	0	20
2024.06.05	16:00:00	2342.13	2345.91	2338.17	2343.75	11834	0	19
2024.06.05	17:00:00	2344.38	2350.30	2334.01	2348.97	14113	0	20
2024.06.05	18:00:00	2348.99	2357.35	2348.99	2353.65	11428	0	20
2024.06.05	19:00:00	2353.64	2354.99	2351.41	2352.66	7485	0	15
2024.06.05	20:00:00	2352.67	2355.72	2351.65	2355.08	5140	0	15
2024.06.05	21:00:00	2355.12	2356.72	2353.52	2355.80	4246	0	15
2024.06.05	22:00:00	2355.79	2356.10	2352.64	2353.96	3204	0	15
2024.06.05	23:00:00	2354.00	2354.52	2352.80	2354.05	1558	0	15
2024.06.06	01:00:00	2355.69	2357.08	2355.16	2356.93	1441	0	19
2024.06.06	02:00:00	2356.93	2357.52	2354.79	2355.02	1765	0	18
2024.06.06	03:00:00	2355.04	2356.00	2354.54	2355.69	3495	0	18
2024.06.06	04:00:00	2355.64	2373.14	2355.52	2367.43	11952	0	18
2024.06.06	05:00:00	2367.44	2374.62	2365.15	2374.27	8240	0	18
2024.06.06	06:00:00	2374.32	2374.89	2367.63	2368.46	5695	0	18
2024.06.06	07:00:00	2368.48	2370.54	2366.94	2369.43	3668	0	18
2024.06.06	08:00:00	2369.43	2371.34	2366.34	2367.75	6047	0	18
2024.06.06	09:00:00	2367.76	2367.93	2363.09	2367.07	6660	0	16
2024.06.06	10:00:00	2367.08	2368.30	2362.22	2362.86	5460	0	16
2024.06.06	11:00:00	2362.86	2363.17	2359.80	2362.88	5213	0	16
2024.06.06	12:00:00	2362.88	2363.87	2358.49	2361.57	5234	0	15
2024.06.06	13:00:00	2361.53	2361.97	2359.47	2361.04	3546	0	16
2024.06.06	14:00:00	2361.04	2361.95	2359.14	2359.74	4296	0	17
2024.06.06	15:00:00	2359.74	2365.19	2355.22	2357.53	11037	0	20
2024.06.06	16:00:00	2357.57	2366.95	2353.52	2360.51	14110	0	20
2024.06.06	17:00:00	2360.52	2366.28	2358.46	2364.24	11694	0	19
2024.06.06	18:00:00	2364.22	2378.49	2364.06	2374.15	11861	0	18
2024.06.06	19:00:00	2374.15	2376.92	2370.34	2372.87	8843	0	15
2024.06.06	20:00:00	2372.88	2373.92	2370.66	2373.08	7299	0	15
2024.06.06	21:00:00	2373.09	2373.71	2368.93	2372.04	6281	0	15
2024.06.06	22:00:00	2372.03	2375.40	2371.15	2372.59	5511	0	15
2024.06.06	23:00:00	2372.50	2373.66	2372.25	2373.46	1910	0	15
2024.06.07	01:00:00	2376.34	2377.09	2375.60	2376.99	744	0	18
2024.06.07	02:00:00	2376.99	2378.13	2376.28	2376.89	1352	0	19
2024.06.07	03:00:00	2376.89	2379.14	2376.06	2378.37	4309	0	19
2024.06.07	04:00:00	2378.44	2379.97	2370.16	2371.02	10067	0	18
2024.06.07	05:00:00	2371.03	2378.16	2369.38	2376.70	7410	0	18
2024.06.07	06:00:00	2376.58	2381.84	2375.15	2380.13	5967	0	18
2024.06.07	07:00:00	2380.17	2387.42	2379.26	2386.66	4148	0	18
2024.06.07	08:00:00	2386.65	2387.66	2374.96	2375.86	8379	0	18
2024.06.07	09:00:00	2375.86	2377.75	2372.88	2375.63	8253	0	16
2024.06.07	10:00:00	2375.60	2379.32	2372.85	2373.55	6282	0	16
2024.06.07	11:00:00	2373.54	2373.91	2342.69	2347.30	12376	0	16
2024.06.07	12:00:00	2347.25	2347.96	2337.41	2339.31	8766	0	16
2024.06.07	13:00:00	2339.32	2339.32	2331.97	2333.65	7573	0	16
2024.06.07	14:00:00	2333.62	2339.29	2330.88	2336.57	8505	0	18
2024.06.07	15:00:00	2336.59	2339.33	2313.66	2319.33	14654	0	0
2024.06.07	16:00:00	2319.31	2328.04	2304.98	2309.42	14544	0	20
2024.06.07	17:00:00	2309.43	2321.06	2307.58	2313.38	13544	0	18
2024.06.07	18:00:00	2313.35	2315.53	2304.50	2304.99	11018	0	19
2024.06.07	19:00:00	2305.00	2314.47	2302.97	2311.64	8749	0	15
2024.06.07	20:00:00	2311.64	2312.30	2303.69	2305.43	6498	0	15
2024.06.07	21:00:00	2305.52	2307.15	2299.96	2301.47	5614	0	15
2024.06.07	22:00:00	2301.48	2301.48	2287.63	2288.11	7386	0	15
2024.06.07	23:00:00	2288.16	2294.27	2286.73	2294.00	3192	0	15
2024.06.10	01:00:00	2290.05	2298.36	2289.80	2297.41	2965	0	19
2024.06.10	02:00:00	2297.41	2300.03	2296.54	2298.50	3438	0	18
2024.06.10	03:00:00	2298.50	2299.74	2294.14	2297.00	4844	0	18
2024.06.10	04:00:00	2296.98	2297.87	2293.89	2297.54	4549	0	18
2024.06.10	05:00:00	2297.53	2301.34	2295.49	2296.24	4818	0	18
2024.06.10	06:00:00	2296.22	2297.70	2294.83	2295.27	3755	0	18
2024.06.10	07:00:00	2295.27	2295.78	2292.69	2294.78	3949	0	18
2024.06.10	08:00:00	2294.79	2297.26	2292.09	2295.65	4366	0	18
2024.06.10	09:00:00	2295.66	2296.50	2287.72	2291.20	7474	0	16
2024.06.10	10:00:00	2291.19	2297.20	2290.47	2296.54	7724	0	16
2024.06.10	11:00:00	2296.58	2297.48	2292.44	2292.61	5956	0	16
2024.06.10	12:00:00	2292.60	2297.43	2291.83	2295.32	5141	0	16
2024.06.10	13:00:00	2295.31	2298.79	2295.30	2298.52	4898	0	16
2024.06.10	14:00:00	2298.52	2305.22	2297.84	2305.05	5950	0	17
2024.06.10	15:00:00	2305.05	2308.53	2303.12	2306.14	8680	0	19
2024.06.10	16:00:00	2306.20	2307.76	2300.33	2305.62	9818	0	20
2024.06.10	17:00:00	2305.73	2307.21	2301.78	2302.64	9549	0	18
2024.06.10	18:00:00	2302.65	2308.60	2301.30	2307.35	7409	0	18
2024.06.10	19:00:00	2307.35	2313.73	2306.94	2312.89	6590	0	15
2024.06.10	20:00:00	2312.89	2313.36	2309.07	2311.82	4726	0	15
2024.06.10	21:00:00	2311.91	2311.92	2309.90	2310.91	3021	0	15
2024.06.10	22:00:00	2310.94	2312.22	2308.61	2308.74	2670	0	15
2024.06.10	23:00:00	2308.73	2310.20	2308.45	2309.90	1106	0	15
2024.06.11	01:00:00	2310.63	2312.14	2309.74	2309.77	1138	0	19
2024.06.11	02:00:00	2309.77	2310.48	2308.75	2309.90	1567	0	18
2024.06.11	03:00:00	2309.91	2311.92	2309.05	2310.78	3703	0	18
2024.06.11	04:00:00	2310.72	2310.72	2301.64	2302.84	10905	0	18
2024.06.11	05:00:00	2302.83	2303.62	2298.77	2301.86	9623	0	18
2024.06.11	06:00:00	2301.87	2304.39	2300.77	2303.63	5713	0	18
2024.06.11	07:00:00	2303.63	2303.89	2301.48	2303.54	3217	0	18
2024.06.11	08:00:00	2303.51	2304.42	2297.69	2299.56	6811	0	18
2024.06.11	09:00:00	2299.54	2304.56	2298.69	2302.04	6794	0	16
2024.06.11	10:00:00	2302.04	2305.36	2301.65	2304.47	5481	0	16
2024.06.11	11:00:00	2304.52	2307.70	2303.17	2305.94	5580	0	16
2024.06.11	12:00:00	2305.93	2307.34	2301.48	2306.35	5711	0	16
2024.06.11	13:00:00	2306.51	2308.84	2305.23	2307.83	4750	0	16
2024.06.11	14:00:00	2307.81	2308.20	2305.45	2307.57	4586	0	19
2024.06.11	15:00:00	2307.57	2319.84	2307.55	2317.91	9177	0	20
2024.06.11	16:00:00	2317.92	2319.52	2309.25	2314.59	12740	0	19
2024.06.11	17:00:00	2314.54	2317.70	2312.37	2314.72	10443	0	18
2024.06.11	18:00:00	2314.72	2315.85	2309.93	2310.10	7686	0	18
2024.06.11	19:00:00	2310.09	2312.31	2305.86	2308.46	6957	0	15
2024.06.11	20:00:00	2308.48	2313.42	2307.89	2312.80	5654	0	15
2024.06.11	21:00:00	2312.78	2315.66	2312.13	2313.75	3457	0	15
2024.06.11	22:00:00	2313.67	2315.65	2312.47	2315.30	2796	0	15
2024.06.11	23:00:00	2315.63	2316.56	2314.73	2315.79	1199	0	15
2024.06.12	01:00:00	2316.62	2317.59	2315.12	2316.84	1447	0	20
2024.06.12	02:00:00	2316.91	2317.43	2313.75	2315.12	2102	0	18
2024.06.12	03:00:00	2315.13	2315.59	2313.41	2313.73	3353	0	19
2024.06.12	04:00:00	2313.73	2315.13	2310.66	2314.40	9611	0	19
2024.06.12	05:00:00	2314.39	2315.45	2310.72	2313.60	6379	0	18
2024.06.12	06:00:00	2313.59	2316.69	2313.58	2313.91	4017	0	19
2024.06.12	07:00:00	2313.91	2314.30	2312.24	2312.68	2840	0	19
2024.06.12	08:00:00	2312.68	2315.32	2312.42	2314.95	4469	0	19
2024.06.12	09:00:00	2314.95	2317.71	2313.77	2314.80	6013	0	16
2024.06.12	10:00:00	2314.79	2315.31	2311.13	2314.50	4328	0	16
2024.06.12	11:00:00	2314.51	2315.71	2310.80	2312.80	3749	0	16
2024.06.12	12:00:00	2312.76	2315.36	2312.19	2314.02	2704	0	16
2024.06.12	13:00:00	2314.00	2314.73	2312.27	2313.44	1975	0	16
2024.06.12	14:00:00	2313.34	2314.71	2312.21	2312.87	2965	0	19
2024.06.12	15:00:00	2312.75	2337.56	2311.56	2335.92	7004	0	20
2024.06.12	16:00:00	2335.92	2341.56	2324.94	2329.78	8933	0	21
2024.06.12	17:00:00	2329.74	2329.84	2320.04	2325.24	7061	0	24
2024.06.12	18:00:00	2325.33	2337.15	2324.64	2335.52	6313	0	24
2024.06.12	19:00:00	2335.52	2338.11	2333.09	2337.60	4411	0	23
2024.06.12	20:00:00	2337.61	2339.50	2332.84	2334.02	4199	0	21
2024.06.12	21:00:00	2333.47	2333.47	2319.44	2322.71	9383	0	24
2024.06.12	22:00:00	2322.71	2324.57	2315.79	2321.16	5880	0	22
2024.06.12	23:00:00	2321.21	2324.67	2320.28	2323.90	1612	0	23
2024.06.13	01:00:00	2324.50	2324.58	2321.72	2321.96	917	0	20
2024.06.13	02:00:00	2321.96	2322.34	2320.23	2320.52	1483	0	25
2024.06.13	03:00:00	2320.51	2322.86	2317.52	2320.71	3171	0	24
2024.06.13	04:00:00	2320.71	2321.46	2308.10	2312.63	7343	0	25
2024.06.13	05:00:00	2312.65	2316.02	2310.60	2314.09	4110	0	25
2024.06.13	06:00:00	2314.09	2316.24	2312.54	2314.19	3249	0	24
2024.06.13	07:00:00	2314.19	2314.77	2309.29	2311.77	2553	0	25
2024.06.13	08:00:00	2311.77	2312.20	2308.92	2311.51	3306	0	24
2024.06.13	09:00:00	2311.57	2316.10	2311.12	2315.60	4130	0	22
2024.06.13	10:00:00	2315.62	2318.53	2313.24	2317.02	3917	0	22
2024.06.13	11:00:00	2317.09	2317.19	2313.92	2315.53	3239	0	22
2024.06.13	12:00:00	2315.53	2318.41	2313.36	2315.41	2676	0	22
2024.06.13	13:00:00	2315.41	2319.90	2315.26	2316.30	2863	0	22
2024.06.13	14:00:00	2316.31	2316.62	2303.93	2306.94	4456	0	25
2024.06.13	15:00:00	2306.71	2326.58	2305.52	2323.25	7152	0	13
2024.06.13	16:00:00	2323.24	2324.69	2308.31	2310.66	7440	0	24
2024.06.13	17:00:00	2310.57	2314.34	2305.66	2313.52	7029	0	25
2024.06.13	18:00:00	2313.63	2316.94	2297.73	2298.90	6916	0	25
2024.06.13	19:00:00	2298.81	2300.30	2295.54	2299.21	5535	0	21
2024.06.13	20:00:00	2299.22	2304.38	2299.02	2301.35	4060	0	21
2024.06.13	21:00:00	2301.37	2303.91	2300.04	2302.96	2211	0	24
2024.06.13	22:00:00	2302.98	2304.88	2302.66	2303.34	2167	0	21
2024.06.13	23:00:00	2303.39	2304.28	2302.91	2303.82	627	0	17
2024.06.14	01:00:00	2303.73	2304.08	2302.88	2302.92	612	0	20
2024.06.14	02:00:00	2302.91	2303.19	2301.65	2302.24	1052	0	24
2024.06.14	03:00:00	2302.29	2305.63	2301.46	2304.89	2925	0	25
2024.06.14	04:00:00	2304.89	2307.11	2303.04	2305.97	4803	0	25
2024.06.14	05:00:00	2305.95	2306.95	2304.15	2306.63	3659	0	24
2024.06.14	06:00:00	2306.63	2308.54	2304.93	2305.44	4610	0	24
2024.06.14	07:00:00	2305.40	2306.06	2303.45	2305.89	2505	0	24
2024.06.14	08:00:00	2305.89	2311.47	2305.49	2309.81	3881	0	25
2024.06.14	09:00:00	2309.78	2312.72	2307.41	2312.64	4682	0	22
2024.06.14	10:00:00	2312.66	2316.58	2309.31	2315.27	4448	0	22
2024.06.14	11:00:00	2315.25	2321.59	2314.78	2317.32	4391	0	22
2024.06.14	12:00:00	2317.34	2322.66	2315.17	2322.63	4324	0	22
2024.06.14	13:00:00	2322.56	2332.55	2320.96	2330.51	5245	0	22
2024.06.14	14:00:00	2330.33	2336.54	2325.98	2331.91	5252	0	25
2024.06.14	15:00:00	2332.00	2333.35	2327.20	2330.29	6307	0	25
2024.06.14	16:00:00	2330.29	2332.82	2324.15	2330.11	6873	0	25
2024.06.14	17:00:00	2330.22	2335.38	2327.87	2330.07	7067	0	24
2024.06.14	18:00:00	2330.07	2332.10	2323.97	2326.01	5163	0	24
2024.06.14	19:00:00	2326.06	2331.82	2325.33	2328.76	4837	0	21
2024.06.14	20:00:00	2328.85	2335.47	2328.43	2334.12	4019	0	21
2024.06.14	21:00:00	2334.11	2335.06	2332.16	2334.65	2494	0	21
2024.06.14	22:00:00	2334.54	2335.31	2332.09	2332.39	2738	0	21
2024.06.14	23:00:00	2332.65	2332.89	2330.96	2332.18	873	0	21
2024.06.17	01:00:00	2331.13	2331.38	2327.57	2328.81	1082	0	20
2024.06.17	02:00:00	2328.78	2329.55	2327.35	2328.91	1448	0	25
2024.06.17	03:00:00	2328.89	2328.89	2325.19	2326.29	3105	0	24
2024.06.17	04:00:00	2326.30	2328.90	2322.69	2326.24	5410	0	24
2024.06.17	05:00:00	2326.22	2326.22	2321.46	2322.57	4084	0	24
2024.06.17	06:00:00	2322.56	2325.08	2321.64	2324.33	3049	0	25
2024.06.17	07:00:00	2324.32	2326.16	2322.69	2323.61	1832	0	24
2024.06.17	08:00:00	2323.59	2323.60	2317.79	2318.58	3725	0	25
2024.06.17	09:00:00	2318.47	2319.21	2315.43	2317.34	4697	0	23
2024.06.17	10:00:00	2317.32	2320.08	2315.52	2316.90	3977	0	22
2024.06.17	11:00:00	2316.91	2322.20	2316.38	2321.27	3705	0	22
2024.06.17	12:00:00	2321.27	2322.54	2319.23	2320.03	3332	0	19
2024.06.17	13:00:00	2319.93	2322.51	2319.52	2320.46	2893	0	22
2024.06.17	14:00:00	2320.50	2321.86	2317.58	2318.12	3594	0	25
2024.06.17	15:00:00	2318.12	2321.08	2316.76	2319.55	4573	0	24
2024.06.17	16:00:00	2319.48	2326.21	2318.69	2320.91	6185	0	18
2024.06.17	17:00:00	2320.72	2327.54	2318.31	2324.47	5876	0	18
2024.06.17	18:00:00	2324.46	2325.49	2310.01	2312.54	5313	0	18
2024.06.17	19:00:00	2312.66	2317.10	2312.66	2316.93	3844	0	15
2024.06.17	20:00:00	2316.94	2318.40	2313.28	2316.74	2959	0	15
2024.06.17	21:00:00	2316.77	2319.22	2316.16	2317.88	2691	0	15
2024.06.17	22:00:00	2317.88	2320.56	2317.87	2320.18	2396	0	15
2024.06.17	23:00:00	2320.41	2320.73	2318.46	2318.72	731	0	15
2024.06.18	01:00:00	2320.15	2321.18	2319.74	2321.01	485	0	20
2024.06.18	02:00:00	2321.04	2321.21	2319.18	2320.70	1057	0	18
2024.06.18	03:00:00	2320.70	2325.53	2320.70	2324.08	3010	0	19
2024.06.18	04:00:00	2324.13	2325.38	2319.21	2322.50	5144	0	18
2024.06.18	05:00:00	2322.49	2325.59	2321.56	2324.41	4236	0	18
2024.06.18	06:00:00	2324.33	2325.10	2323.16	2324.43	2704	0	18
2024.06.18	07:00:00	2324.42	2324.79	2321.86	2322.53	2313	0	18
2024.06.18	08:00:00	2322.52	2323.70	2319.41	2322.16	3415	0	19
2024.06.18	09:00:00	2322.18	2322.70	2318.77	2320.07	3383	0	16
2024.06.18	10:00:00	2320.05	2320.11	2315.00	2315.47	3548	0	16
2024.06.18	11:00:00	2315.37	2315.37	2310.76	2311.30	3785	0	16
2024.06.18	12:00:00	2311.22	2314.27	2310.89	2311.08	3613	0	16
2024.06.18	13:00:00	2311.09	2312.34	2306.57	2308.28	3098	0	16
2024.06.18	14:00:00	2308.34	2314.13	2306.66	2313.41	3441	0	18
2024.06.18	15:00:00	2313.31	2324.13	2311.51	2313.92	6034	0	19
2024.06.18	16:00:00	2313.99	2327.73	2313.68	2326.73	7435	0	19
2024.06.18	17:00:00	2326.72	2327.03	2322.18	2323.59	6161	0	18
2024.06.18	18:00:00	2323.58	2329.74	2318.72	2326.82	5649	0	19
2024.06.18	19:00:00	2326.82	2330.68	2326.51	2330.21	3633	0	15
2024.06.18	20:00:00	2330.29	2333.11	2328.26	2329.65	3560	0	15
2024.06.18	21:00:00	2329.63	2331.45	2327.42	2331.25	2515	0	15
2024.06.18	22:00:00	2331.05	2331.14	2328.50	2329.29	1851	0	15
2024.06.18	23:00:00	2329.30	2330.63	2328.78	2329.06	611	0	15
2024.06.19	01:00:00	2328.78	2329.48	2327.49	2328.25	538	0	19
2024.06.19	02:00:00	2328.20	2329.53	2327.97	2328.26	789	0	18
2024.06.19	03:00:00	2328.29	2329.94	2328.02	2329.47	1920	0	19
2024.06.19	04:00:00	2329.43	2330.96	2326.48	2330.13	3690	0	19
2024.06.19	05:00:00	2330.13	2331.20	2328.89	2330.31	2638	0	18
2024.06.19	06:00:00	2330.30	2331.74	2327.98	2328.27	2117	0	18
2024.06.19	07:00:00	2328.20	2328.41	2327.21	2327.95	1453	0	18
2024.06.19	08:00:00	2327.94	2330.06	2326.82	2329.26	2786	0	20
2024.06.19	09:00:00	2329.47	2330.72	2328.43	2330.23	2863	0	18
2024.06.19	10:00:00	2330.17	2332.66	2329.78	2331.85	3258	0	16
2024.06.19	11:00:00	2332.17	2334.95	2331.94	2332.52	2724	0	16
2024.06.19	12:00:00	2332.51	2332.73	2327.70	2328.14	2814	0	16
2024.06.19	13:00:00	2328.15	2329.86	2327.42	2327.94	2374	0	16
2024.06.19	14:00:00	2327.93	2330.98	2325.78	2330.42	2718	0	18
2024.06.19	15:00:00	2330.43	2332.85	2325.27	2328.31	3513	0	18
2024.06.19	16:00:00	2328.34	2331.42	2326.77	2328.21	3801	0	18
2024.06.19	17:00:00	2328.18	2328.35	2323.74	2326.15	3853	0	18
2024.06.19	18:00:00	2326.12	2329.81	2325.25	2329.80	2507	0	19
2024.06.19	19:00:00	2329.79	2331.35	2328.84	2329.37	1723	0	15
2024.06.19	20:00:00	2329.39	2331.00	2329.24	2329.99	869	0	15
2024.06.19	21:00:00	2330.09	2330.09	2328.15	2328.27	569	0	15
2024.06.20	01:00:00	2329.22	2330.59	2329.04	2330.42	619	0	20
2024.06.20	02:00:00	2330.42	2330.42	2328.67	2329.36	892	0	20
2024.06.20	03:00:00	2329.35	2329.77	2327.71	2329.66	1965	0	18
2024.06.20	04:00:00	2329.68	2338.96	2329.68	2336.32	5835	0	19
2024.06.20	05:00:00	2336.31	2337.28	2332.82	2333.77	3896	0	18
2024.06.20	06:00:00	2333.72	2334.39	2332.38	2333.90	2898	0	18
2024.06.20	07:00:00	2333.84	2340.91	2333.75	2340.46	3129	0	19
2024.06.20	08:00:00	2340.53	2344.83	2339.75	2340.26	4572	0	18
2024.06.20	09:00:00	2340.37	2345.63	2340.24	2344.05	4493	0	16
2024.06.20	10:00:00	2344.11	2344.90	2338.47	2338.54	4101	0	16
2024.06.20	11:00:00	2338.57	2338.64	2332.63	2333.34	4099	0	16
2024.06.20	12:00:00	2333.24	2335.74	2331.61	2334.59	3155	0	16
2024.06.20	13:00:00	2334.59	2340.57	2333.46	2339.43	2612	0	16
2024.06.20	14:00:00	2339.42	2341.30	2337.75	2339.22	2934	0	18
2024.06.20	15:00:00	2339.23	2343.66	2335.30	2338.43	5973	0	19
2024.06.20	16:00:00	2338.76	2349.44	2336.67	2349.29	6679	0	18
2024.06.20	17:00:00	2349.28	2364.98	2348.91	2364.00	7650	0	19
2024.06.20	18:00:00	2363.98	2365.43	2351.37	2353.64	5873	0	18
2024.06.20	19:00:00	2353.64	2357.08	2352.81	2356.35	3488	0	15
2024.06.20	20:00:00	2356.36	2357.49	2354.56	2357.42	2802	0	15
2024.06.20	21:00:00	2357.43	2361.01	2357.32	2357.97	2183	0	15
2024.06.20	22:00:00	2358.14	2359.82	2357.66	2358.84	2055	0	15
2024.06.20	23:00:00	2358.96	2359.27	2358.25	2358.90	724	0	15
2024.06.21	01:00:00	2359.33	2360.21	2358.14	2359.37	1488	0	20
2024.06.21	02:00:00	2359.37	2361.07	2358.88	2360.83	1346	0	18
2024.06.21	03:00:00	2360.85	2364.76	2360.81	2364.04	2293	0	19
2024.06.21	04:00:00	2364.08	2364.08	2357.08	2359.56	6027	0	20
2024.06.21	05:00:00	2359.60	2361.60	2358.15	2359.40	3824	0	18
2024.06.21	06:00:00	2359.36	2362.13	2358.74	2362.13	2738	0	18
2024.06.21	07:00:00	2362.12	2362.95	2361.06	2362.91	1640	0	18
2024.06.21	08:00:00	2362.89	2365.58	2362.23	2364.52	2666	0	19
2024.06.21	09:00:00	2364.45	2364.45	2357.95	2358.43	4334	0	16
2024.06.21	10:00:00	2358.43	2364.41	2355.12	2362.97	4882	0	16
2024.06.21	11:00:00	2362.95	2368.07	2362.64	2365.33	4090	0	16
2024.06.21	12:00:00	2365.34	2367.28	2362.88	2363.89	3211	0	16
2024.06.21	13:00:00	2363.88	2364.12	2361.30	2363.62	3060	0	16
2024.06.21	14:00:00	2363.63	2368.67	2363.46	2366.23	3162	0	17
2024.06.21	15:00:00	2366.35	2368.03	2360.44	2360.61	4827	0	18
2024.06.21	16:00:00	2360.40	2363.71	2334.72	2340.62	8187	0	18
2024.06.21	17:00:00	2340.30	2340.45	2328.52	2329.83	8112	0	18
2024.06.21	18:00:00	2329.98	2334.71	2323.30	2327.89	6186	0	18
2024.06.21	19:00:00	2328.09	2329.25	2323.63	2324.67	4052	0	18
2024.06.21	20:00:00	2324.66	2325.06	2316.66	2319.24	4884	0	15
2024.06.21	21:00:00	2319.23	2322.78	2316.75	2322.15	2644	0	15
2024.06.21	22:00:00	2322.14	2323.32	2320.43	2322.10	2190	0	16
2024.06.21	23:00:00	2322.22	2322.66	2320.78	2321.36	962	0	9
2024.06.24	01:00:00	2321.10	2322.15	2320.46	2321.50	859	0	19
2024.06.24	02:00:00	2321.38	2321.38	2317.68	2319.15	1748	0	18
2024.06.24	03:00:00	2319.16	2321.69	2317.95	2320.91	3018	0	18
2024.06.24	04:00:00	2320.92	2326.32	2318.97	2323.57	6317	0	18
2024.06.24	05:00:00	2323.58	2325.14	2319.55	2324.76	4576	0	18
2024.06.24	06:00:00	2324.76	2326.63	2324.37	2325.41	3121	0	18
2024.06.24	07:00:00	2325.41	2326.62	2324.10	2324.44	2088	0	18
2024.06.24	08:00:00	2324.44	2327.14	2323.61	2325.17	3550	0	18
2024.06.24	09:00:00	2325.10	2325.27	2321.43	2323.45	3808	0	16
2024.06.24	10:00:00	2323.43	2331.75	2321.80	2330.80	3260	0	16
2024.06.24	11:00:00	2330.80	2332.76	2329.19	2330.51	3427	0	16
2024.06.24	12:00:00	2330.52	2330.91	2320.83	2325.07	3943	0	16
2024.06.24	13:00:00	2325.05	2327.09	2324.47	2325.16	3670	0	16
2024.06.24	14:00:00	2325.16	2328.03	2324.07	2326.17	3270	0	18
2024.06.24	15:00:00	2326.26	2327.80	2323.25	2327.59	5256	0	18
2024.06.24	16:00:00	2327.58	2333.81	2325.87	2328.04	7746	0	18
2024.06.24	17:00:00	2327.90	2333.61	2326.93	2330.64	7552	0	18
2024.06.24	18:00:00	2330.64	2333.12	2327.47	2327.60	4756	0	18
2024.06.24	19:00:00	2327.58	2332.17	2326.84	2331.62	2985	0	15
2024.06.24	20:00:00	2331.61	2333.12	2330.56	2332.00	2921	0	15
2024.06.24	21:00:00	2332.05	2334.62	2331.92	2333.73	2554	0	15
2024.06.24	22:00:00	2333.74	2333.74	2330.90	2331.70	2257	0	15
2024.06.24	23:00:00	2331.67	2333.40	2331.67	2332.93	873	0	15
2024.06.25	01:00:00	2333.87	2334.27	2331.66	2331.71	467	0	18
2024.06.25	02:00:00	2331.71	2331.91	2330.19	2330.82	1277	0	18
2024.06.25	03:00:00	2330.83	2330.89	2328.22	2330.02	2881	0	18
2024.06.25	04:00:00	2329.99	2330.92	2323.16	2325.84	6838	0	18
2024.06.25	05:00:00	2325.84	2327.01	2324.50	2326.50	4209	0	18
2024.06.25	06:00:00	2326.48	2328.51	2324.00	2324.08	3487	0	18
2024.06.25	07:00:00	2324.18	2327.74	2322.70	2327.41	2747	0	18
2024.06.25	08:00:00	2327.34	2330.06	2324.53	2324.93	3916	0	18
2024.06.25	09:00:00	2325.00	2328.09	2323.43	2327.28	4132	0	18
2024.06.25	10:00:00	2327.17	2327.66	2324.02	2324.77	4021	0	16
2024.06.25	11:00:00	2324.72	2330.51	2322.85	2329.55	4902	0	16
2024.06.25	12:00:00	2329.55	2333.93	2329.24	2333.06	3438	0	16
2024.06.25	13:00:00	2333.03	2337.03	2332.61	2335.26	4063	0	16
2024.06.25	14:00:00	2335.27	2335.80	2327.35	2330.15	4052	0	16
2024.06.25	15:00:00	2330.14	2330.44	2324.05	2324.12	5629	0	18
2024.06.25	16:00:00	2324.18	2327.38	2320.25	2325.70	8108	0	18
2024.06.25	17:00:00	2324.90	2328.15	2319.46	2327.06	7661	0	18
2024.06.25	18:00:00	2327.12	2327.69	2315.67	2324.70	6808	0	18
2024.06.25	19:00:00	2324.76	2324.97	2315.45	2317.80	4721	0	15
2024.06.25	20:00:00	2317.77	2320.02	2316.79	2319.09	3837	0	15
2024.06.25	21:00:00	2319.18	2319.72	2317.00	2319.20	2478	0	15
2024.06.25	22:00:00	2319.19	2320.53	2318.72	2319.76	1787	0	15
2024.06.25	23:00:00	2319.74	2319.81	2317.93	2318.79	764	0	10
2024.06.26	01:00:00	2319.94	2321.21	2318.98	2320.63	1570	0	18
2024.06.26	02:00:00	2320.63	2321.41	2318.70	2319.98	1471	0	18
2024.06.26	03:00:00	2319.97	2323.87	2317.72	2318.41	2923	0	18
2024.06.26	04:00:00	2318.34	2320.74	2310.53	2312.92	7686	0	18
2024.06.26	05:00:00	2312.91	2321.56	2312.38	2319.46	5883	0	18
2024.06.26	06:00:00	2319.43	2321.02	2316.63	2317.23	3807	0	18
2024.06.26	07:00:00	2317.25	2317.65	2315.08	2316.82	2461	0	18
2024.06.26	08:00:00	2316.80	2318.13	2311.80	2312.02	4514	0	18
2024.06.26	09:00:00	2312.01	2317.41	2309.64	2317.14	6097	0	16
2024.06.26	10:00:00	2317.12	2317.33	2312.95	2316.06	3879	0	16
2024.06.26	11:00:00	2316.06	2317.99	2312.92	2315.62	4459	0	16
2024.06.26	12:00:00	2315.67	2318.37	2315.66	2316.31	3861	0	16
2024.06.26	13:00:00	2316.31	2316.41	2307.69	2308.28	4841	0	16
2024.06.26	14:00:00	2308.27	2313.95	2304.32	2313.00	5631	0	19
2024.06.26	15:00:00	2312.98	2317.77	2310.11	2310.11	6566	0	18
2024.06.26	16:00:00	2310.12	2311.54	2293.60	2296.29	10218	0	18
2024.06.26	17:00:00	2295.75	2301.22	2295.29	2297.40	8243	0	18
2024.06.26	18:00:00	2297.51	2304.09	2295.92	2299.98	6703	0	18
2024.06.26	19:00:00	2299.97	2302.16	2298.50	2299.71	3893	0	15
2024.06.26	20:00:00	2299.66	2302.92	2299.34	2301.91	3409	0	15
2024.06.26	21:00:00	2301.91	2302.04	2298.51	2298.96	2582	0	15
2024.06.26	22:00:00	2298.95	2299.45	2296.92	2298.65	2381	0	15
2024.06.26	23:00:00	2298.64	2299.21	2297.23	2297.83	1030	0	11
2024.06.27	01:00:00	2298.65	2299.01	2298.19	2298.22	717	0	19
2024.06.27	02:00:00	2298.22	2298.59	2296.74	2298.36	1200	0	18
2024.06.27	03:00:00	2298.38	2300.10	2297.90	2299.03	3435	0	18
2024.06.27	04:00:00	2299.04	2299.73	2296.82	2297.76	5206	0	18
2024.06.27	05:00:00	2297.76	2299.98	2297.74	2299.26	3732	0	18
2024.06.27	06:00:00	2299.25	2299.84	2298.01	2298.98	2710	0	18
2024.06.27	07:00:00	2298.96	2301.12	2298.72	2300.44	1851	0	18
2024.06.27	08:00:00	2300.44	2300.55	2296.79	2297.49	3302	0	18
2024.06.27	09:00:00	2297.51	2303.37	2296.50	2301.20	4621	0	16
2024.06.27	10:00:00	2301.12	2302.54	2299.94	2302.29	5188	0	16
2024.06.27	11:00:00	2302.29	2308.33	2302.01	2307.56	5156	0	16
2024.06.27	12:00:00	2307.53	2313.72	2307.28	2312.56	5866	0	16
2024.06.27	13:00:00	2312.56	2315.48	2312.30	2315.12	4918	0	16
2024.06.27	14:00:00	2315.12	2317.81	2313.41	2317.05	4856	0	18
2024.06.27	15:00:00	2317.05	2325.77	2316.08	2322.83	10516	0	18
2024.06.27	16:00:00	2322.83	2324.87	2319.50	2323.30	11944	0	18
2024.06.27	17:00:00	2323.25	2330.91	2322.64	2329.01	10968	0	18
2024.06.27	18:00:00	2328.97	2330.91	2325.04	2327.51	8218	0	18
2024.06.27	19:00:00	2327.51	2328.24	2323.98	2325.38	5585	0	15
2024.06.27	20:00:00	2325.39	2327.96	2324.27	2325.83	4922	0	15
2024.06.27	21:00:00	2325.81	2326.36	2322.42	2326.24	3189	0	15
2024.06.27	22:00:00	2326.25	2327.72	2325.62	2326.07	2793	0	15
2024.06.27	23:00:00	2326.06	2327.68	2325.47	2327.32	1138	0	15
2024.06.28	01:00:00	2327.00	2327.30	2325.91	2326.91	738	0	18
2024.06.28	02:00:00	2326.91	2327.88	2326.44	2327.69	1230	0	18
2024.06.28	03:00:00	2327.69	2328.20	2321.38	2321.59	3862	0	18
2024.06.28	04:00:00	2321.60	2324.44	2319.05	2320.31	9214	0	18
2024.06.28	05:00:00	2320.25	2324.19	2319.83	2323.64	7557	0	18
2024.06.28	06:00:00	2323.63	2324.98	2320.77	2321.75	5019	0	18
2024.06.28	07:00:00	2321.80	2321.81	2319.70	2321.21	2635	0	18
2024.06.28	08:00:00	2321.21	2327.00	2320.98	2325.71	5046	0	18
2024.06.28	09:00:00	2325.71	2328.04	2325.09	2327.45	6145	0	16
2024.06.28	10:00:00	2327.45	2328.78	2324.78	2327.14	5379	0	16
2024.06.28	11:00:00	2327.18	2331.91	2326.45	2328.69	5515	0	16
2024.06.28	12:00:00	2328.68	2330.35	2327.22	2330.28	5053	0	16
2024.06.28	13:00:00	2330.21	2336.73	2329.40	2335.80	5403	0	16
2024.06.28	14:00:00	2335.80	2337.08	2333.27	2333.90	4565	0	17
2024.06.28	15:00:00	2333.92	2339.29	2331.24	2335.45	10116	0	18
2024.06.28	16:00:00	2335.45	2339.75	2326.78	2330.42	11210	0	18
2024.06.28	17:00:00	2330.45	2333.69	2322.86	2326.49	11668	0	18
2024.06.28	18:00:00	2326.48	2330.35	2324.19	2328.57	8554	0	18
2024.06.28	19:00:00	2328.57	2332.49	2327.69	2329.96	5494	0	15
2024.06.28	20:00:00	2329.97	2332.68	2326.38	2326.80	4479	0	15
2024.06.28	21:00:00	2326.82	2328.42	2325.30	2325.71	3181	0	15
2024.06.28	22:00:00	2325.73	2326.25	2322.95	2325.04	3838	0	15
2024.06.28	23:00:00	2325.03	2325.72	2322.82	2325.49	1583	0	10
2024.07.01	01:00:00	2323.04	2325.94	2322.88	2324.55	1194	0	18
2024.07.01	02:00:00	2324.55	2326.09	2323.10	2324.90	1883	0	18
2024.07.01	03:00:00	2324.90	2325.30	2322.15	2324.81	5228	0	18
2024.07.01	04:00:00	2324.80	2328.54	2323.46	2327.86	7582	0	18
2024.07.01	05:00:00	2327.87	2327.87	2324.42	2326.61	5031	0	18
2024.07.01	06:00:00	2326.60	2327.62	2324.44	2324.70	4240	0	18
2024.07.01	07:00:00	2324.70	2326.13	2321.37	2323.65	3431	0	18
2024.07.01	08:00:00	2323.64	2323.93	2318.49	2321.84	5891	0	18
2024.07.01	09:00:00	2321.84	2328.98	2321.28	2326.46	7661	0	16
2024.07.01	10:00:00	2326.46	2326.95	2323.64	2323.72	5832	0	16
2024.07.01	11:00:00	2323.69	2326.22	2321.91	2325.82	6130	0	16
2024.07.01	12:00:00	2325.82	2329.44	2325.44	2327.40	5111	0	16
2024.07.01	13:00:00	2327.44	2332.55	2327.44	2332.55	5019	0	16
2024.07.01	14:00:00	2332.55	2338.24	2332.09	2338.19	6548	0	18
2024.07.01	15:00:00	2338.18	2338.48	2327.14	2327.34	8177	0	18
2024.07.01	16:00:00	2327.41	2334.09	2325.43	2327.25	10290	0	8
2024.07.01	17:00:00	2328.22	2334.28	2319.27	2324.01	13121	0	19
2024.07.01	18:00:00	2324.06	2328.96	2323.02	2327.77	7972	0	18
2024.07.01	19:00:00	2327.77	2331.80	2326.65	2328.13	5836	0	15
2024.07.01	20:00:00	2328.14	2329.87	2326.74	2329.22	3903	0	15
2024.07.01	21:00:00	2329.21	2330.72	2326.98	2329.83	2886	0	15
2024.07.01	22:00:00	2329.86	2331.45	2328.93	2330.93	2746	0	15
2024.07.01	23:00:00	2330.94	2332.39	2330.88	2332.01	1059	0	13
2024.07.02	01:00:00	2331.86	2332.10	2331.38	2331.79	709	0	19
2024.07.02	02:00:00	2331.79	2332.55	2331.65	2332.24	1252	0	19
2024.07.02	03:00:00	2332.24	2333.86	2331.71	2333.02	3219	0	18
2024.07.02	04:00:00	2333.02	2334.17	2331.27	2333.96	6059	0	18
2024.07.02	05:00:00	2334.03	2334.29	2331.18	2332.30	4215	0	18
2024.07.02	06:00:00	2332.28	2332.67	2325.71	2325.98	4348	0	18
2024.07.02	07:00:00	2325.95	2327.86	2324.90	2327.28	3196	0	18
2024.07.02	08:00:00	2327.27	2330.80	2326.33	2329.88	4257	0	18
2024.07.02	09:00:00	2329.88	2331.75	2327.60	2330.78	5007	0	16
2024.07.02	10:00:00	2330.36	2330.94	2323.30	2330.79	6290	0	16
2024.07.02	11:00:00	2330.76	2332.42	2328.43	2331.16	5471	0	16
2024.07.02	12:00:00	2331.16	2331.87	2324.07	2324.86	5152	0	16
2024.07.02	13:00:00	2324.85	2326.52	2322.86	2324.53	4970	0	16
2024.07.02	14:00:00	2324.53	2325.60	2319.98	2320.69	5442	0	17
2024.07.02	15:00:00	2320.72	2328.70	2319.02	2327.45	8684	0	18
2024.07.02	16:00:00	2327.33	2336.74	2326.08	2334.27	10756	0	18
2024.07.02	17:00:00	2334.77	2335.27	2323.03	2326.60	12617	0	18
2024.07.02	18:00:00	2326.68	2330.39	2324.07	2324.69	8201	0	18
2024.07.02	19:00:00	2324.69	2324.90	2320.92	2322.83	5485	0	15
2024.07.02	20:00:00	2322.83	2325.15	2322.03	2324.63	4229	0	15
2024.07.02	21:00:00	2324.62	2328.80	2324.50	2328.28	3081	0	15
2024.07.02	22:00:00	2328.28	2331.26	2328.08	2330.80	2915	0	15
2024.07.02	23:00:00	2330.79	2330.93	2328.69	2329.22	1296	0	13
2024.07.03	01:00:00	2330.20	2331.24	2329.77	2330.03	859	0	18
2024.07.03	02:00:00	2330.03	2331.39	2329.67	2330.27	1114	0	18
2024.07.03	03:00:00	2330.26	2332.12	2330.20	2330.20	2829	0	18
2024.07.03	04:00:00	2330.20	2331.58	2328.44	2329.07	5634	0	16
2024.07.03	05:00:00	2329.09	2331.05	2326.83	2328.87	4367	0	18
2024.07.03	06:00:00	2328.87	2332.49	2328.00	2331.70	3334	0	18
2024.07.03	07:00:00	2331.71	2335.20	2331.71	2334.43	2514	0	18
2024.07.03	08:00:00	2334.42	2335.71	2331.97	2333.27	4775	0	18
2024.07.03	09:00:00	2333.28	2341.20	2332.96	2340.13	6879	0	16
2024.07.03	10:00:00	2340.14	2347.16	2338.88	2345.36	7534	0	16
2024.07.03	11:00:00	2345.36	2347.53	2343.13	2344.61	6605	0	16
2024.07.03	12:00:00	2344.63	2346.46	2342.09	2346.31	5565	0	16
2024.07.03	13:00:00	2346.31	2349.48	2344.53	2346.97	6113	0	16
2024.07.03	14:00:00	2346.90	2346.90	2342.38	2345.35	7346	0	17
2024.07.03	15:00:00	2345.36	2356.09	2344.87	2350.43	10715	0	18
2024.07.03	16:00:00	2350.32	2358.67	2347.50	2354.97	11896	0	18
2024.07.03	17:00:00	2354.50	2364.91	2354.50	2362.42	13345	0	18
2024.07.03	18:00:00	2362.42	2363.98	2359.94	2363.04	9051	0	18
2024.07.03	19:00:00	2363.04	2363.13	2355.11	2356.56	6445	0	15
2024.07.03	20:00:00	2356.56	2360.79	2353.86	2356.67	4870	0	15
2024.07.03	21:00:00	2356.68	2357.91	2355.19	2356.31	2132	0	15
2024.07.03	22:00:00	2356.31	2356.65	2353.73	2354.32	1892	0	15
2024.07.03	23:00:00	2354.32	2356.33	2354.16	2356.12	730	0	12
2024.07.04	01:00:00	2356.12	2359.16	2356.12	2358.79	972	0	18
2024.07.04	02:00:00	2358.79	2359.57	2357.65	2358.76	1474	0	18
2024.07.04	03:00:00	2358.78	2359.27	2356.44	2358.53	2710	0	18
2024.07.04	04:00:00	2358.53	2362.41	2358.25	2361.93	5966	0	18
2024.07.04	05:00:00	2361.93	2362.23	2357.42	2359.25	4396	0	18
2024.07.04	06:00:00	2359.25	2360.32	2357.21	2358.05	3738	0	18
2024.07.04	07:00:00	2358.04	2359.56	2357.62	2358.44	2261	0	18
2024.07.04	08:00:00	2358.44	2358.49	2355.49	2356.86	4322	0	18
2024.07.04	09:00:00	2356.86	2357.21	2350.45	2356.27	6515	0	16
2024.07.04	10:00:00	2356.27	2357.71	2353.62	2357.50	4277	0	16
2024.07.04	11:00:00	2357.51	2359.60	2355.50	2358.81	4016	0	16
2024.07.04	12:00:00	2358.82	2359.05	2355.67	2357.73	3501	0	16
2024.07.04	13:00:00	2357.74	2359.10	2356.42	2358.02	3040	0	16
2024.07.04	14:00:00	2358.03	2359.98	2357.52	2358.44	3425	0	16
2024.07.04	15:00:00	2358.45	2360.35	2356.93	2357.70	4060	0	19
2024.07.04	16:00:00	2357.73	2360.05	2357.19	2359.70	5221	0	18
2024.07.04	17:00:00	2359.70	2361.78	2357.99	2358.87	5175	0	19
2024.07.04	18:00:00	2358.86	2360.62	2355.38	2357.38	5845	0	22
2024.07.04	19:00:00	2357.38	2359.07	2356.89	2357.77	2900	0	18
2024.07.04	20:00:00	2357.75	2357.99	2356.12	2356.23	671	0	18
2024.07.04	21:00:00	2356.25	2357.24	2356.10	2356.70	372	0	18
2024.07.05	01:00:00	2356.82	2357.43	2354.20	2357.43	2168	0	18
2024.07.05	02:00:00	2357.43	2357.67	2356.38	2356.70	1374	0	18
2024.07.05	03:00:00	2356.70	2358.98	2355.99	2358.85	3621	0	18
2024.07.05	04:00:00	2358.85	2360.24	2356.82	2358.37	6693	0	18
2024.07.05	05:00:00	2358.37	2363.05	2358.06	2360.46	5466	0	18
2024.07.05	06:00:00	2360.44	2362.29	2359.55	2361.81	4673	0	18
2024.07.05	07:00:00	2361.81	2364.63	2361.32	2363.94	3325	0	18
2024.07.05	08:00:00	2363.93	2364.96	2362.61	2364.71	4822	0	18
2024.07.05	09:00:00	2364.74	2366.29	2363.56	2363.98	6630	0	16
2024.07.05	10:00:00	2363.97	2367.46	2362.20	2365.27	5829	0	16
2024.07.05	11:00:00	2365.27	2368.05	2364.61	2366.41	5337	0	16
2024.07.05	12:00:00	2366.41	2366.84	2362.01	2362.41	4113	0	16
2024.07.05	13:00:00	2362.40	2365.46	2361.85	2364.98	4613	0	16
2024.07.05	14:00:00	2364.98	2365.95	2362.28	2365.81	4605	0	18
2024.07.05	15:00:00	2365.81	2376.11	2350.57	2372.10	12247	0	19
2024.07.05	16:00:00	2372.10	2385.07	2370.58	2383.18	14330	0	18
2024.07.05	17:00:00	2383.13	2384.33	2374.50	2380.68	12361	0	18
2024.07.05	18:00:00	2380.73	2388.30	2378.51	2384.68	9562	0	18
2024.07.05	19:00:00	2384.69	2387.52	2383.94	2386.44	6823	0	15
2024.07.05	20:00:00	2386.44	2389.83	2384.52	2385.80	7278	0	15
2024.07.05	21:00:00	2385.79	2392.48	2385.15	2391.00	5324	0	15
2024.07.05	22:00:00	2391.01	2392.85	2388.05	2388.70	4260	0	15
2024.07.05	23:00:00	2388.69	2391.69	2388.18	2391.10	1478	0	9
2024.07.08	01:00:00	2389.45	2390.15	2384.93	2385.31	1652	0	19
2024.07.08	02:00:00	2385.31	2386.85	2384.79	2386.03	1970	0	18
2024.07.08	03:00:00	2386.03	2387.78	2384.50	2386.62	4816	0	18
2024.07.08	04:00:00	2386.62	2391.05	2384.22	2386.45	8942	0	18
2024.07.08	05:00:00	2386.43	2387.15	2381.41	2382.92	6874	0	18
2024.07.08	06:00:00	2382.91	2384.19	2380.72	2382.93	5039	0	18
2024.07.08	07:00:00	2382.94	2385.00	2382.06	2384.91	2696	0	18
2024.07.08	08:00:00	2384.91	2386.72	2381.54	2382.79	6043	0	21
2024.07.08	09:00:00	2382.79	2384.17	2376.62	2376.84	8455	0	16
2024.07.08	10:00:00	2376.85	2381.10	2376.61	2377.85	6342	0	16
2024.07.08	11:00:00	2377.85	2378.76	2371.89	2372.77	6612	0	16
2024.07.08	12:00:00	2372.91	2373.79	2368.27	2370.20	6044	0	16
2024.07.08	13:00:00	2370.19	2374.27	2369.68	2374.08	4976	0	16
2024.07.08	14:00:00	2373.99	2375.58	2372.47	2375.34	4719	0	19
2024.07.08	15:00:00	2375.28	2377.42	2370.26	2372.70	7755	0	18
2024.07.08	16:00:00	2372.71	2377.05	2370.28	2375.50	10979	0	18
2024.07.08	17:00:00	2375.40	2379.49	2373.17	2373.20	9506	0	18
2024.07.08	18:00:00	2373.20	2374.94	2351.04	2355.47	10781	0	18
2024.07.08	19:00:00	2355.46	2358.75	2351.08	2358.64	8143	0	16
2024.07.08	20:00:00	2358.63	2359.66	2355.52	2357.22	5141	0	15
2024.07.08	21:00:00	2357.22	2358.17	2354.84	2356.58	2866	0	15
2024.07.08	22:00:00	2356.57	2359.80	2356.11	2359.17	2934	0	15
2024.07.08	23:00:00	2359.20	2359.82	2357.98	2358.44	940	0	15
2024.07.09	01:00:00	2358.90	2359.76	2358.80	2359.76	707	0	19
2024.07.09	02:00:00	2359.76	2362.04	2359.76	2361.73	1521	0	18
2024.07.09	03:00:00	2361.73	2363.63	2360.78	2361.83	4190	0	18
2024.07.09	04:00:00	2361.85	2365.26	2361.36	2363.42	8008	0	18
2024.07.09	05:00:00	2363.39	2366.64	2360.48	2363.99	6244	0	18
2024.07.09	06:00:00	2363.99	2367.96	2363.32	2367.66	4448	0	18
2024.07.09	07:00:00	2367.68	2368.72	2366.33	2367.33	3975	0	18
2024.07.09	08:00:00	2367.29	2368.30	2364.12	2364.50	5806	0	18
2024.07.09	09:00:00	2364.51	2365.49	2362.75	2364.12	5728	0	16
2024.07.09	10:00:00	2364.13	2364.50	2358.35	2358.94	5401	0	16
2024.07.09	11:00:00	2358.97	2361.94	2358.23	2361.62	4764	0	16
2024.07.09	12:00:00	2361.62	2365.33	2361.54	2364.25	4417	0	16
2024.07.09	13:00:00	2364.29	2365.53	2362.07	2363.05	4216	0	16
2024.07.09	14:00:00	2363.05	2363.10	2357.54	2360.57	5213	0	17
2024.07.09	15:00:00	2360.58	2361.25	2356.08	2360.13	7316	0	18
2024.07.09	16:00:00	2360.10	2368.47	2359.43	2367.69	10952	0	18
2024.07.09	17:00:00	2367.67	2371.43	2354.07	2354.88	13421	0	19
2024.07.09	18:00:00	2354.88	2362.24	2349.39	2362.06	11272	0	18
2024.07.09	19:00:00	2362.06	2363.04	2356.48	2357.49	7573	0	15
2024.07.09	20:00:00	2357.52	2362.51	2357.52	2361.83	5370	0	15
2024.07.09	21:00:00	2361.69	2365.29	2361.03	2364.54	3697	0	15
2024.07.09	22:00:00	2364.56	2365.59	2362.89	2363.55	3031	0	15
2024.07.09	23:00:00	2363.53	2364.97	2363.53	2364.10	1110	0	13
2024.07.10	01:00:00	2363.58	2364.41	2363.07	2364.37	711	0	20
2024.07.10	02:00:00	2364.37	2366.09	2364.37	2364.98	1201	0	18
2024.07.10	03:00:00	2364.93	2366.44	2364.43	2364.61	3084	0	18
2024.07.10	04:00:00	2364.61	2369.77	2363.23	2368.15	7241	0	18
2024.07.10	05:00:00	2368.16	2370.23	2366.86	2369.27	5419	0	18
2024.07.10	06:00:00	2369.27	2369.78	2366.41	2368.14	4046	0	18
2024.07.10	07:00:00	2368.15	2368.82	2366.60	2367.69	2825	0	18
2024.07.10	08:00:00	2367.69	2370.31	2367.28	2368.37	4705	0	18
2024.07.10	09:00:00	2368.37	2372.74	2367.15	2371.92	6688	0	16
2024.07.10	10:00:00	2371.92	2374.90	2371.38	2372.65	5177	0	16
2024.07.10	11:00:00	2372.66	2374.21	2371.43	2372.81	4814	0	16
2024.07.10	12:00:00	2372.81	2374.17	2371.64	2371.89	4060	0	16
2024.07.10	13:00:00	2371.82	2375.30	2371.78	2372.48	3814	0	16
2024.07.10	14:00:00	2372.48	2378.29	2372.46	2378.28	4611	0	18
2024.07.10	15:00:00	2378.28	2381.78	2377.22	2377.77	6617	0	18
2024.07.10	16:00:00	2377.66	2386.64	2376.17	2383.17	10556	0	18
2024.07.10	17:00:00	2383.18	2385.11	2373.93	2374.90	10957	0	18
2024.07.10	18:00:00	2374.83	2380.72	2374.03	2378.73	7851	0	18
2024.07.10	19:00:00	2378.73	2381.27	2376.61	2377.81	5322	0	15
2024.07.10	20:00:00	2377.81	2378.49	2370.36	2373.01	6537	0	15
2024.07.10	21:00:00	2373.01	2373.53	2369.87	2372.63	3232	0	15
2024.07.10	22:00:00	2372.61	2372.62	2370.50	2371.73	3276	0	15
2024.07.10	23:00:00	2371.77	2372.40	2370.81	2370.83	1030	0	12
2024.07.11	01:00:00	2371.85	2372.82	2371.13	2372.77	662	0	19
2024.07.11	02:00:00	2372.77	2372.83	2372.23	2372.81	882	0	19
2024.07.11	03:00:00	2372.81	2374.35	2371.42	2374.13	3250	0	19
2024.07.11	04:00:00	2374.12	2376.30	2373.00	2375.90	6696	0	18
2024.07.11	05:00:00	2375.89	2377.75	2374.33	2377.36	4938	0	18
2024.07.11	06:00:00	2377.35	2380.17	2376.84	2378.72	4011	0	18
2024.07.11	07:00:00	2378.72	2382.42	2378.59	2381.97	2726	0	18
2024.07.11	08:00:00	2381.97	2382.98	2381.16	2382.52	4130	0	18
2024.07.11	09:00:00	2382.52	2383.21	2378.47	2381.82	6061	0	16
2024.07.11	10:00:00	2381.76	2382.00	2378.84	2379.91	4971	0	16
2024.07.11	11:00:00	2379.89	2384.06	2379.56	2381.37	5673	0	16
2024.07.11	12:00:00	2381.38	2384.57	2381.35	2384.04	4364	0	16
2024.07.11	13:00:00	2384.04	2384.06	2380.45	2382.35	3436	0	16
2024.07.11	14:00:00	2382.21	2383.38	2379.00	2380.75	4543	0	17
2024.07.11	15:00:00	2380.75	2409.71	2377.27	2406.24	12814	0	18
2024.07.11	16:00:00	2406.26	2412.90	2395.81	2406.61	16961	0	18
2024.07.11	17:00:00	2406.61	2417.91	2404.30	2417.71	13836	0	18
2024.07.11	18:00:00	2417.72	2424.51	2412.45	2417.28	12152	0	18
2024.07.11	19:00:00	2417.23	2419.20	2411.58	2411.60	8033	0	15
2024.07.11	20:00:00	2411.60	2416.63	2409.95	2413.67	6989	0	15
2024.07.11	21:00:00	2413.63	2416.62	2412.82	2416.39	4268	0	15
2024.07.11	22:00:00	2416.39	2418.60	2414.02	2414.11	4071	0	15
2024.07.11	23:00:00	2414.21	2415.06	2413.17	2413.92	1534	0	8
2024.07.12	01:00:00	2413.11	2414.05	2411.14	2414.01	1497	0	18
2024.07.12	02:00:00	2413.98	2416.04	2411.94	2415.92	4212	0	18
2024.07.12	03:00:00	2415.92	2416.23	2411.04	2412.00	5768	0	18
2024.07.12	04:00:00	2411.99	2414.20	2407.08	2407.93	7624	0	18
2024.07.12	05:00:00	2408.07	2411.01	2406.61	2409.57	5438	0	18
2024.07.12	06:00:00	2409.50	2410.18	2408.52	2408.71	3357	0	18
2024.07.12	07:00:00	2408.70	2409.87	2408.18	2408.54	2360	0	18
2024.07.12	08:00:00	2408.54	2410.06	2405.40	2408.03	5764	0	19
2024.07.12	09:00:00	2408.01	2408.23	2402.17	2404.12	7594	0	16
2024.07.12	10:00:00	2404.13	2405.52	2400.31	2404.13	6663	0	16
2024.07.12	11:00:00	2404.13	2408.19	2403.74	2407.48	5982	0	16
2024.07.12	12:00:00	2407.44	2408.28	2403.18	2404.92	4650	0	16
2024.07.12	13:00:00	2404.86	2405.48	2399.78	2400.14	4639	0	16
2024.07.12	14:00:00	2400.14	2402.65	2398.28	2401.69	4983	0	18
2024.07.12	15:00:00	2401.70	2404.28	2391.41	2397.89	11943	0	9
2024.07.12	16:00:00	2397.90	2405.62	2396.79	2403.32	13743	0	18
2024.07.12	17:00:00	2404.19	2410.84	2403.93	2408.93	12037	0	18
2024.07.12	18:00:00	2408.92	2413.69	2408.01	2411.72	8140	0	18
2024.07.12	19:00:00	2411.72	2416.91	2411.68	2415.89	6141	0	15
2024.07.12	20:00:00	2415.90	2418.25	2414.46	2417.81	4657	0	15
2024.07.12	21:00:00	2417.82	2417.96	2413.86	2414.14	2870	0	15
2024.07.12	22:00:00	2414.15	2414.75	2412.18	2412.75	3147	0	15
2024.07.12	23:00:00	2412.74	2412.74	2411.26	2411.60	1425	0	15
2024.07.15	01:00:00	2411.88	2412.15	2406.90	2407.57	3541	0	19
2024.07.15	02:00:00	2407.57	2408.72	2405.63	2408.65	3227	0	18
2024.07.15	03:00:00	2408.65	2408.81	2406.22	2408.51	5079	0	18
2024.07.15	04:00:00	2408.44	2410.31	2404.91	2409.99	8642	0	18
2024.07.15	05:00:00	2410.03	2410.94	2408.17	2409.14	5165	0	18
2024.07.15	06:00:00	2409.15	2411.97	2408.60	2411.61	2997	0	18
2024.07.15	07:00:00	2411.63	2413.32	2410.70	2411.48	2239	0	18
2024.07.15	08:00:00	2411.48	2413.87	2407.98	2408.11	4102	0	18
2024.07.15	09:00:00	2408.11	2408.25	2402.07	2403.21	7648	0	17
2024.07.15	10:00:00	2403.21	2407.95	2401.31	2407.95	7059	0	16
2024.07.15	11:00:00	2407.95	2412.04	2406.93	2412.01	5365	0	16
2024.07.15	12:00:00	2412.03	2412.60	2407.70	2410.69	5186	0	16
2024.07.15	13:00:00	2410.69	2415.77	2410.68	2414.78	5348	0	13
2024.07.15	14:00:00	2414.77	2420.31	2414.54	2418.23	7171	0	13
2024.07.15	15:00:00	2418.23	2420.79	2413.53	2414.82	9403	0	14
2024.07.15	16:00:00	2414.80	2419.28	2411.44	2419.08	11317	0	14
2024.07.15	17:00:00	2418.90	2431.88	2418.16	2431.58	11430	0	14
2024.07.15	18:00:00	2431.53	2437.41	2431.46	2433.30	10620	0	14
2024.07.15	19:00:00	2433.30	2439.65	2429.55	2430.22	8833	0	15
2024.07.15	20:00:00	2430.20	2430.26	2420.46	2421.43	9386	0	15
2024.07.15	21:00:00	2421.53	2424.82	2419.75	2422.41	5172	0	15
2024.07.15	22:00:00	2422.42	2423.25	2420.24	2421.11	4583	0	15
2024.07.15	23:00:00	2421.20	2422.39	2420.64	2421.13	1185	0	15
2024.07.16	01:00:00	2421.97	2421.97	2420.91	2420.96	637	0	20
2024.07.16	02:00:00	2420.96	2422.67	2420.96	2422.50	1151	0	19
2024.07.16	03:00:00	2422.52	2422.74	2420.00	2421.18	3395	0	18
2024.07.16	04:00:00	2421.22	2427.74	2421.22	2427.28	7130	0	18
2024.07.16	05:00:00	2427.30	2430.26	2426.04	2430.17	6247	0	18
2024.07.16	06:00:00	2430.17	2431.45	2426.59	2428.62	4867	0	18
2024.07.16	07:00:00	2428.62	2429.41	2425.11	2429.22	3137	0	18
2024.07.16	08:00:00	2429.23	2432.76	2428.13	2431.90	6008	0	19
2024.07.16	09:00:00	2431.90	2433.84	2428.15	2433.84	7891	0	17
2024.07.16	10:00:00	2433.80	2439.30	2432.57	2436.99	7881	0	17
2024.07.16	11:00:00	2437.00	2438.53	2433.59	2436.59	7703	0	16
2024.07.16	12:00:00	2436.59	2443.32	2435.06	2442.43	8449	0	16
2024.07.16	13:00:00	2442.43	2443.30	2439.66	2440.03	7357	0	16
2024.07.16	14:00:00	2440.03	2442.34	2438.17	2439.54	7028	0	14
2024.07.16	15:00:00	2439.54	2443.97	2429.43	2432.59	12170	0	14
2024.07.16	16:00:00	2432.57	2447.93	2430.94	2442.72	13697	0	14
2024.07.16	17:00:00	2442.74	2454.04	2440.51	2452.04	12436	0	14
2024.07.16	18:00:00	2452.05	2465.24	2451.91	2463.17	12157	0	14
2024.07.16	19:00:00	2463.17	2463.67	2457.86	2459.17	8762	0	15
2024.07.16	20:00:00	2459.16	2466.28	2458.72	2464.59	6636	0	15
2024.07.16	21:00:00	2464.61	2466.52	2462.45	2465.36	5174	0	15
2024.07.16	22:00:00	2465.37	2468.67	2463.16	2468.50	4415	0	15
2024.07.16	23:00:00	2468.52	2469.61	2466.83	2468.83	2098	0	14
2024.07.17	01:00:00	2467.73	2469.89	2466.29	2469.00	1933	0	18
2024.07.17	02:00:00	2469.00	2469.77	2467.40	2468.26	2157	0	18
2024.07.17	03:00:00	2468.24	2473.24	2466.18	2468.72	6439	0	19
2024.07.17	04:00:00	2468.72	2481.23	2468.52	2479.48	12018	0	18
2024.07.17	05:00:00	2479.72	2482.33	2469.63	2474.59	9402	0	18
2024.07.17	06:00:00	2474.58	2474.58	2463.95	2471.72	8392	0	18
2024.07.17	07:00:00	2471.72	2472.70	2467.64	2467.78	4940	0	18
2024.07.17	08:00:00	2467.78	2470.99	2465.40	2465.40	7355	0	18
2024.07.17	09:00:00	2465.45	2467.47	2461.82	2466.38	11964	0	16
2024.07.17	10:00:00	2466.40	2474.37	2464.11	2474.20	11371	0	16
2024.07.17	11:00:00	2474.19	2478.85	2471.50	2474.97	11925	0	16
2024.07.17	12:00:00	2474.98	2475.44	2469.81	2475.10	9944	0	16
2024.07.17	13:00:00	2475.10	2476.35	2466.66	2467.82	8874	0	16
2024.07.17	14:00:00	2467.83	2473.26	2467.27	2470.06	8668	0	14
2024.07.17	15:00:00	2470.07	2475.33	2468.68	2473.37	10390	0	14
2024.07.17	16:00:00	2473.33	2483.40	2471.26	2482.94	13972	0	14
2024.07.17	17:00:00	2482.93	2483.67	2461.08	2463.63	15621	0	14
2024.07.17	18:00:00	2463.60	2465.89	2457.99	2463.47	12857	0	14
2024.07.17	19:00:00	2463.51	2465.02	2452.80	2455.61	9609	0	15
2024.07.17	20:00:00	2455.62	2459.27	2451.88	2452.58	7660	0	15
2024.07.17	21:00:00	2452.54	2458.14	2451.43	2457.93	4458	0	15
2024.07.17	22:00:00	2457.94	2460.33	2457.03	2457.98	4427	0	15
2024.07.17	23:00:00	2457.99	2458.74	2457.21	2458.39	1422	0	9
2024.07.18	01:00:00	2458.58	2459.52	2458.04	2459.22	1518	0	20
2024.07.18	02:00:00	2459.23	2461.90	2459.13	2461.29	3459	0	19
2024.07.18	03:00:00	2461.34	2461.46	2457.38	2458.83	5147	0	14
2024.07.18	04:00:00	2458.83	2464.11	2457.56	2462.40	9248	0	19
2024.07.18	05:00:00	2462.39	2465.97	2460.29	2465.61	6456	0	18
2024.07.18	06:00:00	2465.61	2468.95	2465.25	2468.00	5937	0	18
2024.07.18	07:00:00	2468.00	2468.19	2465.05	2465.24	4976	0	18
2024.07.18	08:00:00	2465.24	2469.88	2464.93	2466.90	7626	0	18
2024.07.18	09:00:00	2466.90	2472.10	2464.64	2471.47	8938	0	17
2024.07.18	10:00:00	2471.54	2474.85	2470.78	2471.90	7208	0	16
2024.07.18	11:00:00	2471.90	2473.67	2465.60	2465.96	7395	0	17
2024.07.18	12:00:00	2465.96	2467.66	2464.73	2465.66	6793	0	16
2024.07.18	13:00:00	2465.65	2466.33	2461.57	2464.20	7157	0	16
2024.07.18	14:00:00	2464.20	2466.32	2462.12	2464.47	6068	0	14
2024.07.18	15:00:00	2464.53	2468.80	2462.58	2463.96	9410	0	14
2024.07.18	16:00:00	2463.97	2466.22	2457.58	2465.08	12552	0	14
2024.07.18	17:00:00	2465.01	2469.84	2460.15	2468.43	11415	0	14
2024.07.18	18:00:00	2468.50	2469.03	2461.19	2461.23	9600	0	14
2024.07.18	19:00:00	2461.23	2462.03	2455.84	2456.13	7387	0	15
2024.07.18	20:00:00	2456.13	2457.50	2451.70	2456.29	6807	0	15
2024.07.18	21:00:00	2456.30	2456.49	2450.82	2451.45	4649	0	15
2024.07.18	22:00:00	2451.45	2451.73	2440.33	2442.93	7245	0	15
2024.07.18	23:00:00	2442.91	2445.44	2441.33	2444.68	1912	0	15
2024.07.19	01:00:00	2444.76	2445.26	2443.68	2444.37	1293	0	19
2024.07.19	02:00:00	2444.37	2445.16	2441.23	2441.26	1769	0	18
2024.07.19	03:00:00	2441.24	2441.31	2426.21	2434.32	8871	0	19
2024.07.19	04:00:00	2434.22	2434.60	2420.44	2426.18	12725	0	18
2024.07.19	05:00:00	2426.18	2428.69	2422.63	2428.35	9243	0	18
2024.07.19	06:00:00	2428.35	2429.50	2425.03	2428.77	6872	0	18
2024.07.19	07:00:00	2428.76	2429.29	2424.04	2425.49	4496	0	18
2024.07.19	08:00:00	2425.49	2426.13	2421.09	2423.31	7832	0	18
2024.07.19	09:00:00	2423.32	2423.94	2414.35	2419.89	10885	0	17
2024.07.19	10:00:00	2419.91	2422.17	2412.93	2418.19	9185	0	17
2024.07.19	11:00:00	2418.22	2421.61	2416.32	2420.43	8351	0	16
2024.07.19	12:00:00	2420.47	2421.10	2414.84	2416.14	6473	0	16
2024.07.19	13:00:00	2416.11	2416.29	2410.66	2412.43	7157	0	16
2024.07.19	14:00:00	2412.43	2414.33	2408.44	2410.02	7489	0	14
2024.07.19	15:00:00	2410.00	2410.14	2401.58	2403.72	11406	0	14
2024.07.19	16:00:00	2403.71	2406.60	2393.81	2403.81	14450	0	14
2024.07.19	17:00:00	2403.82	2404.69	2396.03	2397.96	11948	0	14
2024.07.19	18:00:00	2397.94	2408.36	2397.78	2405.37	9372	0	14
2024.07.19	19:00:00	2405.37	2405.96	2399.32	2399.62	6320	0	15
2024.07.19	20:00:00	2399.63	2400.77	2395.62	2399.14	6884	0	15
2024.07.19	21:00:00	2399.14	2400.27	2397.12	2398.55	4695	0	15
2024.07.19	22:00:00	2398.58	2400.07	2397.08	2398.61	3836	0	15
2024.07.19	23:00:00	2398.58	2399.87	2397.75	2398.46	1422	0	10
2024.07.22	01:00:00	2403.80	2411.64	2402.48	2411.33	2674	0	19
2024.07.22	02:00:00	2411.33	2411.91	2409.23	2411.50	3278	0	18
2024.07.22	03:00:00	2411.50	2411.61	2406.84	2407.84	4802	0	18
2024.07.22	04:00:00	2407.84	2412.09	2405.68	2406.41	10102	0	18
2024.07.22	05:00:00	2406.40	2408.17	2403.27	2406.52	7562	0	18
2024.07.22	06:00:00	2406.52	2409.48	2405.84	2406.74	4851	0	18
2024.07.22	07:00:00	2406.74	2407.14	2403.18	2405.61	4474	0	18
2024.07.22	08:00:00	2405.61	2407.39	2402.95	2402.95	7073	0	18
2024.07.22	09:00:00	2402.95	2405.23	2398.99	2402.45	10624	0	16
2024.07.22	10:00:00	2402.54	2404.56	2399.68	2402.51	7989	0	16
2024.07.22	11:00:00	2402.52	2404.59	2399.80	2400.80	6113	0	16
2024.07.22	12:00:00	2400.82	2405.69	2399.83	2404.43	5977	0	16
2024.07.22	13:00:00	2404.57	2408.34	2403.66	2406.84	5598	0	16
2024.07.22	14:00:00	2406.84	2407.56	2397.98	2397.98	6403	0	14
2024.07.22	15:00:00	2397.98	2399.53	2388.74	2394.28	11031	0	15
2024.07.22	16:00:00	2394.28	2400.11	2391.39	2392.66	12151	0	14
2024.07.22	17:00:00	2392.66	2394.78	2383.78	2387.19	11828	0	14
2024.07.22	18:00:00	2387.18	2390.47	2384.26	2386.26	9018	0	14
2024.07.22	19:00:00	2386.26	2393.24	2386.04	2393.00	6600	0	15
2024.07.22	20:00:00	2393.03	2396.33	2391.78	2394.01	5124	0	15
2024.07.22	21:00:00	2394.02	2396.41	2392.44	2395.71	3462	0	15
2024.07.22	22:00:00	2395.72	2399.97	2395.11	2398.96	3103	0	15
2024.07.22	23:00:00	2398.96	2399.44	2396.36	2396.62	1274	0	15
2024.07.23	01:00:00	2397.62	2397.68	2395.15	2395.15	808	0	18
2024.07.23	02:00:00	2395.15	2396.11	2394.75	2395.70	1732	0	18
2024.07.23	03:00:00	2395.71	2400.18	2395.50	2399.90	4541	0	19
2024.07.23	04:00:00	2399.91	2403.93	2397.82	2401.09	9923	0	18
2024.07.23	05:00:00	2401.04	2402.40	2397.56	2399.64	7302	0	18
2024.07.23	06:00:00	2399.64	2400.74	2396.18	2398.29	6740	0	18
2024.07.23	07:00:00	2398.29	2399.57	2395.80	2396.46	4816	0	18
2024.07.23	08:00:00	2396.46	2396.82	2390.71	2392.53	6757	0	18
2024.07.23	09:00:00	2392.53	2393.72	2388.25	2390.42	9369	0	16
2024.07.23	10:00:00	2390.38	2399.17	2389.97	2397.86	8279	0	16
2024.07.23	11:00:00	2397.85	2407.05	2396.27	2404.00	7705	0	16
2024.07.23	12:00:00	2404.00	2408.07	2403.15	2406.83	7143	0	16
2024.07.23	13:00:00	2406.82	2408.21	2405.56	2407.65	6043	0	16
2024.07.23	14:00:00	2407.65	2411.95	2406.02	2407.64	6728	0	14
2024.07.23	15:00:00	2407.59	2409.24	2403.64	2405.42	8187	0	14
2024.07.23	16:00:00	2405.41	2407.60	2399.53	2401.94	10474	0	14
2024.07.23	17:00:00	2401.96	2407.38	2399.60	2402.93	10590	0	14
2024.07.23	18:00:00	2402.91	2407.15	2402.11	2405.38	7194	0	14
2024.07.23	19:00:00	2405.47	2406.71	2402.93	2405.32	5089	0	15
2024.07.23	20:00:00	2405.32	2408.16	2402.58	2404.94	5369	0	15
2024.07.23	21:00:00	2404.93	2406.14	2403.76	2405.68	2866	0	15
2024.07.23	22:00:00	2405.68	2408.97	2405.37	2407.51	3177	0	15
2024.07.23	23:00:00	2407.54	2408.36	2405.37	2408.20	1406	0	9
2024.07.24	01:00:00	2408.65	2409.66	2408.01	2409.31	908	0	18
2024.07.24	02:00:00	2409.31	2409.41	2407.83	2408.48	1157	0	18
2024.07.24	03:00:00	2408.49	2410.16	2407.97	2408.24	3243	0	18
2024.07.24	04:00:00	2408.24	2412.09	2404.90	2408.18	9555	0	18
2024.07.24	05:00:00	2408.11	2415.83	2407.12	2414.13	8422	0	18
2024.07.24	06:00:00	2414.13	2418.30	2413.64	2416.47	6774	0	18
2024.07.24	07:00:00	2416.47	2417.99	2414.73	2417.80	5827	0	18
2024.07.24	08:00:00	2417.82	2417.94	2413.01	2416.11	6488	0	18
2024.07.24	09:00:00	2416.10	2419.14	2414.14	2417.49	9507	0	16
2024.07.24	10:00:00	2417.49	2417.81	2411.57	2414.58	8828	0	16
2024.07.24	11:00:00	2414.55	2415.07	2410.65	2411.75	7511	0	16
2024.07.24	12:00:00	2411.75	2414.83	2409.78	2413.39	6334	0	16
2024.07.24	13:00:00	2413.39	2416.40	2412.17	2413.62	4922	0	16
2024.07.24	14:00:00	2413.62	2417.72	2410.57	2417.44	5631	0	14
2024.07.24	15:00:00	2417.44	2421.94	2416.22	2421.41	8726	0	14
2024.07.24	16:00:00	2421.40	2426.60	2413.57	2421.79	11639	0	14
2024.07.24	17:00:00	2421.81	2431.96	2419.20	2430.26	13232	0	14
2024.07.24	18:00:00	2430.38	2431.34	2422.34	2424.77	9617	0	14
2024.07.24	19:00:00	2424.77	2424.82	2418.56	2418.99	7202	0	15
2024.07.24	20:00:00	2418.99	2419.51	2408.00	2409.14	7638	0	15
2024.07.24	21:00:00	2409.15	2409.41	2405.63	2408.20	7173	0	15
2024.07.24	22:00:00	2408.15	2408.67	2398.29	2398.35	6149	0	15
2024.07.24	23:00:00	2398.40	2400.51	2397.06	2399.43	3202	0	15
2024.07.25	01:00:00	2397.64	2398.15	2393.00	2397.82	3544	0	18
2024.07.25	02:00:00	2397.82	2401.16	2396.99	2398.65	3779	0	18
2024.07.25	03:00:00	2398.66	2399.28	2396.01	2397.06	7430	0	18
2024.07.25	04:00:00	2397.06	2400.04	2370.46	2376.42	15123	0	18
2024.07.25	05:00:00	2376.39	2380.69	2369.87	2372.58	13171	0	18
2024.07.25	06:00:00	2372.53	2375.52	2366.77	2374.75	10487	0	18
2024.07.25	07:00:00	2374.74	2377.96	2373.16	2377.59	6200	0	18
2024.07.25	08:00:00	2377.59	2377.85	2369.04	2376.28	9057	0	18
2024.07.25	09:00:00	2376.28	2378.72	2369.89	2372.10	11114	0	16
2024.07.25	10:00:00	2372.02	2377.47	2365.80	2374.01	10173	0	16
2024.07.25	11:00:00	2374.01	2377.54	2371.98	2374.59	9562	0	16
2024.07.25	12:00:00	2374.47	2376.18	2370.45	2373.66	7884	0	16
2024.07.25	13:00:00	2373.65	2382.51	2371.92	2381.21	7596	0	16
2024.07.25	14:00:00	2381.22	2381.70	2367.99	2368.49	9199	0	14
2024.07.25	15:00:00	2368.48	2375.99	2362.76	2371.06	13768	0	14
2024.07.25	16:00:00	2371.07	2376.30	2362.09	2365.03	15076	0	14
2024.07.25	17:00:00	2364.90	2368.40	2357.98	2366.66	13923	0	14
2024.07.25	18:00:00	2366.66	2368.38	2362.13	2363.10	10605	0	14
2024.07.25	19:00:00	2363.10	2364.55	2357.56	2362.64	9086	0	15
2024.07.25	20:00:00	2362.63	2365.42	2353.06	2356.11	9531	0	15
2024.07.25	21:00:00	2356.11	2360.25	2354.25	2357.12	6267	0	15
2024.07.25	22:00:00	2357.10	2363.85	2356.11	2362.49	5966	0	15
2024.07.25	23:00:00	2362.52	2365.08	2359.36	2363.35	3046	0	9
2024.07.26	01:00:00	2364.30	2365.38	2362.87	2363.26	1578	0	18
2024.07.26	02:00:00	2363.26	2364.72	2362.03	2363.79	3149	0	18
2024.07.26	03:00:00	2363.78	2365.33	2362.19	2362.68	5299	0	18
2024.07.26	04:00:00	2362.67	2373.96	2355.79	2373.58	11883	0	18
2024.07.26	05:00:00	2373.58	2379.33	2370.50	2374.24	9178	0	18
2024.07.26	06:00:00	2374.23	2378.32	2371.49	2371.71	7719	0	18
2024.07.26	07:00:00	2371.74	2372.79	2369.76	2369.82	4896	0	18
2024.07.26	08:00:00	2369.84	2375.27	2368.23	2374.24	7880	0	18
2024.07.26	09:00:00	2374.24	2374.41	2365.21	2369.63	9836	0	16
2024.07.26	10:00:00	2369.61	2371.97	2367.65	2371.57	7954	0	16
2024.07.26	11:00:00	2371.72	2374.11	2369.32	2372.92	7825	0	16
2024.07.26	12:00:00	2372.94	2374.48	2371.70	2373.75	6378	0	16
2024.07.26	13:00:00	2373.71	2375.28	2372.65	2372.71	4730	0	16
2024.07.26	14:00:00	2372.71	2375.74	2370.28	2373.25	6047	0	14
2024.07.26	15:00:00	2373.24	2379.01	2370.98	2377.47	10990	0	14
2024.07.26	16:00:00	2377.49	2383.14	2374.06	2380.86	11947	0	14
2024.07.26	17:00:00	2380.77	2390.75	2379.76	2381.91	13349	0	14
2024.07.26	18:00:00	2381.91	2386.91	2379.95	2385.15	8624	0	14
2024.07.26	19:00:00	2385.20	2390.31	2384.58	2389.12	6715	0	15
2024.07.26	20:00:00	2389.12	2389.15	2381.10	2383.43	6224	0	15
2024.07.26	21:00:00	2383.42	2386.19	2382.72	2384.37	4251	0	15
2024.07.26	22:00:00	2384.40	2387.04	2382.64	2386.30	4189	0	15
2024.07.26	23:00:00	2386.32	2388.23	2385.46	2388.01	1936	0	10
2024.07.29	01:00:00	2388.05	2403.13	2387.76	2395.75	4799	0	20
2024.07.29	02:00:00	2395.75	2398.90	2394.66	2397.03	3932	0	19
2024.07.29	03:00:00	2396.99	2401.59	2396.99	2400.01	6189	0	18
2024.07.29	04:00:00	2400.01	2402.51	2388.66	2392.83	13033	0	19
2024.07.29	05:00:00	2392.68	2394.71	2390.96	2393.21	9463	0	18
2024.07.29	06:00:00	2393.15	2395.21	2391.94	2394.59	7084	0	18
2024.07.29	07:00:00	2394.59	2396.02	2393.33	2394.87	6000	0	18
2024.07.29	08:00:00	2394.88	2396.18	2390.28	2392.70	8022	0	18
2024.07.29	09:00:00	2392.70	2395.45	2390.71	2391.72	8399	0	16
2024.07.29	10:00:00	2391.73	2394.35	2389.41	2391.53	8780	0	16
2024.07.29	11:00:00	2391.52	2392.65	2386.92	2390.30	7984	0	16
2024.07.29	12:00:00	2390.30	2393.43	2389.84	2392.76	5892	0	16
2024.07.29	13:00:00	2392.75	2395.34	2391.97	2392.57	5241	0	16
2024.07.29	14:00:00	2392.57	2393.01	2386.84	2387.72	6060	0	14
2024.07.29	15:00:00	2387.72	2394.17	2385.44	2393.82	9016	0	14
2024.07.29	16:00:00	2393.83	2396.69	2389.87	2391.84	11191	0	14
2024.07.29	17:00:00	2392.31	2394.08	2380.09	2381.34	11368	0	14
2024.07.29	18:00:00	2381.22	2382.98	2369.63	2376.78	11511	0	14
2024.07.29	19:00:00	2376.78	2378.96	2374.52	2378.08	7036	0	15
2024.07.29	20:00:00	2378.10	2383.36	2377.39	2378.24	7166	0	15
2024.07.29	21:00:00	2378.24	2380.73	2376.91	2379.53	4682	0	15
2024.07.29	22:00:00	2379.50	2385.40	2378.29	2382.96	4959	0	15
2024.07.29	23:00:00	2382.97	2384.54	2381.23	2382.31	1444	0	15
2024.07.30	01:00:00	2382.30	2384.90	2382.13	2384.04	882	0	19
2024.07.30	02:00:00	2384.04	2384.23	2380.90	2381.08	1989	0	19
2024.07.30	03:00:00	2381.13	2383.78	2380.24	2381.79	3945	0	18
2024.07.30	04:00:00	2381.79	2382.37	2376.50	2379.69	10201	0	18
2024.07.30	05:00:00	2379.69	2383.21	2378.49	2381.82	6726	0	19
2024.07.30	06:00:00	2381.81	2385.93	2381.42	2385.70	5617	0	18
2024.07.30	07:00:00	2385.71	2388.26	2385.65	2386.35	4181	0	18
2024.07.30	08:00:00	2386.33	2389.82	2386.03	2388.74	7471	0	18
2024.07.30	09:00:00	2388.72	2391.02	2387.76	2390.33	9173	0	16
2024.07.30	10:00:00	2390.33	2391.99	2388.82	2390.31	7292	0	16
2024.07.30	11:00:00	2390.30	2391.46	2388.53	2389.40	5673	0	16
2024.07.30	12:00:00	2389.40	2390.03	2387.79	2389.10	4332	0	16
2024.07.30	13:00:00	2389.11	2392.35	2387.72	2391.58	4859	0	16
2024.07.30	14:00:00	2391.58	2392.09	2386.95	2387.05	5241	0	14
2024.07.30	15:00:00	2387.14	2388.28	2385.71	2386.52	6439	0	14
2024.07.30	16:00:00	2386.52	2397.69	2385.74	2393.40	12067	0	14
2024.07.30	17:00:00	2393.41	2395.93	2387.61	2391.64	13137	0	14
2024.07.30	18:00:00	2391.63	2392.36	2383.40	2385.31	10812	0	14
2024.07.30	19:00:00	2385.31	2400.27	2385.02	2399.86	8760	0	15
2024.07.30	20:00:00	2399.81	2410.96	2399.81	2405.72	10877	0	15
2024.07.30	21:00:00	2405.71	2407.31	2403.67	2404.87	4856	0	15
2024.07.30	22:00:00	2404.89	2408.32	2403.84	2407.02	4120	0	15
2024.07.30	23:00:00	2406.98	2412.70	2406.95	2410.58	3619	0	15
2024.07.31	01:00:00	2410.90	2410.90	2408.09	2409.17	2473	0	19
2024.07.31	02:00:00	2409.17	2410.19	2408.50	2409.82	2417	0	18
2024.07.31	03:00:00	2409.83	2410.03	2407.88	2408.97	4641	0	19
2024.07.31	04:00:00	2408.89	2412.17	2403.85	2409.05	10178	0	19
2024.07.31	05:00:00	2409.05	2409.35	2404.10	2407.37	7118	0	18
2024.07.31	06:00:00	2407.36	2419.07	2407.18	2416.37	7240	0	19
2024.07.31	07:00:00	2416.51	2421.38	2414.41	2421.18	7343	0	19
2024.07.31	08:00:00	2421.18	2422.12	2417.38	2417.84	7108	0	18
2024.07.31	09:00:00	2417.84	2425.50	2416.52	2421.35	10193	0	16
2024.07.31	10:00:00	2421.44	2421.87	2415.99	2417.17	9349	0	16
2024.07.31	11:00:00	2417.15	2421.68	2415.36	2421.40	9800	0	16
2024.07.31	12:00:00	2421.40	2422.22	2417.89	2421.01	6312	0	16
2024.07.31	13:00:00	2421.00	2422.86	2417.57	2418.47	4972	0	16
2024.07.31	14:00:00	2418.47	2423.23	2418.08	2419.51	5496	0	14
2024.07.31	15:00:00	2419.51	2422.71	2417.33	2420.44	9817	0	14
2024.07.31	16:00:00	2420.43	2427.51	2417.76	2426.26	11145	0	14
2024.07.31	17:00:00	2426.26	2429.01	2419.17	2422.47	12358	0	12
2024.07.31	18:00:00	2422.49	2424.20	2420.05	2423.05	8711	0	14
2024.07.31	19:00:00	2423.05	2427.69	2422.41	2426.86	6026	0	15
2024.07.31	20:00:00	2426.96	2428.99	2424.75	2424.83	6653	0	15
2024.07.31	21:00:00	2424.88	2435.36	2421.47	2433.78	12982	0	15
2024.07.31	22:00:00	2433.27	2450.82	2431.06	2449.88	12624	0	15
2024.07.31	23:00:00	2450.12	2450.89	2446.76	2447.02	3796	0	9
2024.08.01	01:00:00	2447.58	2448.31	2446.95	2447.59	1756	0	18
2024.08.01	02:00:00	2447.59	2447.92	2444.29	2445.71	2342	0	18
2024.08.01	03:00:00	2445.72	2449.44	2445.21	2447.52	7787	0	19
2024.08.01	04:00:00	2447.51	2458.31	2445.97	2451.36	13166	0	18
2024.08.01	05:00:00	2451.32	2451.37	2437.29	2441.27	11371	0	18
2024.08.01	06:00:00	2441.26	2444.45	2439.36	2442.70	7344	0	18
2024.08.01	07:00:00	2442.70	2446.78	2442.45	2444.21	4841	0	18
2024.08.01	08:00:00	2444.22	2447.91	2443.57	2446.95	7467	0	18
2024.08.01	09:00:00	2446.88	2448.82	2444.06	2444.76	10175	0	16
2024.08.01	10:00:00	2444.80	2444.88	2439.91	2440.30	8435	0	14
2024.08.01	11:00:00	2440.31	2442.36	2433.21	2433.84	9127	0	16
2024.08.01	12:00:00	2433.84	2435.04	2430.22	2433.04	7551	0	16
2024.08.01	13:00:00	2433.03	2436.76	2431.99	2435.13	6080	0	16
2024.08.01	14:00:00	2435.13	2442.94	2434.30	2440.78	7736	0	14
2024.08.01	15:00:00	2440.77	2454.75	2440.32	2450.72	11182	0	15
2024.08.01	16:00:00	2450.72	2457.32	2448.46	2452.77	13106	0	15
2024.08.01	17:00:00	2452.77	2462.27	2443.16	2448.56	16060	0	14
2024.08.01	18:00:00	2448.79	2451.73	2442.11	2445.14	12571	0	14
2024.08.01	19:00:00	2445.15	2448.76	2443.36	2444.47	10651	0	15
2024.08.01	20:00:00	2444.48	2444.68	2435.80	2439.34	10904	0	15
2024.08.01	21:00:00	2439.33	2440.96	2434.90	2439.61	8378	0	15
2024.08.01	22:00:00	2439.61	2444.08	2438.35	2443.11	6175	0	15
2024.08.01	23:00:00	2443.09	2444.48	2441.77	2444.48	3202	0	9
2024.08.02	01:00:00	2447.13	2447.18	2443.72	2445.15	2806	0	18
2024.08.02	02:00:00	2445.15	2446.52	2444.05	2445.75	3579	0	18
2024.08.02	03:00:00	2445.77	2452.25	2443.86	2449.01	7117	0	19
2024.08.02	04:00:00	2449.02	2450.87	2434.96	2447.13	11768	0	19
2024.08.02	05:00:00	2447.13	2455.57	2446.72	2455.53	9827	0	18
2024.08.02	06:00:00	2455.52	2459.33	2451.70	2454.48	7655	0	18
2024.08.02	07:00:00	2454.48	2460.30	2454.27	2457.85	5263	0	18
2024.08.02	08:00:00	2457.86	2466.82	2457.64	2466.72	7918	0	18
2024.08.02	09:00:00	2466.81	2468.42	2462.46	2465.55	10706	0	17
2024.08.02	10:00:00	2465.40	2466.70	2460.17	2461.61	9625	0	16
2024.08.02	11:00:00	2461.62	2465.28	2460.94	2462.00	8081	0	16
2024.08.02	12:00:00	2462.01	2464.18	2460.98	2463.87	6213	0	16
2024.08.02	13:00:00	2463.88	2465.31	2460.85	2463.41	6567	0	16
2024.08.02	14:00:00	2463.52	2464.67	2457.59	2459.20	7433	0	15
2024.08.02	15:00:00	2459.18	2477.63	2455.44	2472.87	13573	0	11
2024.08.02	16:00:00	2472.85	2474.22	2455.72	2469.86	16449	0	14
2024.08.02	17:00:00	2469.84	2474.32	2428.29	2431.59	17170	0	14
2024.08.02	18:00:00	2431.59	2435.73	2410.77	2433.19	16131	0	15
2024.08.02	19:00:00	2433.13	2439.23	2426.35	2430.49	13038	0	15
2024.08.02	20:00:00	2430.49	2431.58	2423.02	2427.80	9121	0	15
2024.08.02	21:00:00	2427.81	2433.57	2426.63	2429.00	6567	0	15
2024.08.02	22:00:00	2428.99	2438.15	2425.61	2437.56	6574	0	15
2024.08.02	23:00:00	2437.55	2442.33	2435.63	2440.07	2494	0	9
2024.08.05	01:00:00	2440.31	2446.28	2437.57	2441.36	4447	0	19
2024.08.05	02:00:00	2441.36	2445.68	2439.15	2440.92	6124	0	18
2024.08.05	03:00:00	2441.01	2441.02	2413.95	2422.13	13865	0	19
2024.08.05	04:00:00	2421.85	2441.90	2420.17	2439.38	14505	0	18
2024.08.05	05:00:00	2439.41	2446.11	2433.06	2442.79	9624	0	18
2024.08.05	06:00:00	2442.78	2452.55	2442.70	2450.98	8996	0	18
2024.08.05	07:00:00	2450.99	2458.76	2450.95	2452.69	9336	0	19
2024.08.05	08:00:00	2452.68	2452.68	2432.55	2437.94	12672	0	19
2024.08.05	09:00:00	2437.94	2438.67	2422.16	2428.63	14933	0	16
2024.08.05	10:00:00	2428.63	2445.49	2424.63	2431.97	12705	0	16
2024.08.05	11:00:00	2431.97	2434.45	2423.30	2424.98	11104	0	16
2024.08.05	12:00:00	2425.02	2428.81	2419.16	2424.15	12018	0	16
2024.08.05	13:00:00	2424.14	2425.65	2408.06	2408.50	11486	0	16
2024.08.05	14:00:00	2408.37	2408.37	2383.24	2386.77	14151	0	14
2024.08.05	15:00:00	2386.67	2392.23	2364.30	2374.46	16293	0	14
2024.08.05	16:00:00	2374.46	2396.89	2374.46	2393.06	17278	0	14
2024.08.05	17:00:00	2392.34	2397.39	2386.96	2396.74	16610	0	14
2024.08.05	18:00:00	2396.61	2412.21	2396.44	2402.73	15003	0	14
2024.08.05	19:00:00	2402.73	2408.75	2398.99	2403.00	12586	0	15
2024.08.05	20:00:00	2403.00	2406.62	2400.24	2404.96	11189	0	15
2024.08.05	21:00:00	2404.98	2408.78	2403.79	2404.97	8533	0	15
2024.08.05	22:00:00	2404.99	2412.97	2404.59	2407.63	7980	0	15
2024.08.05	23:00:00	2407.86	2411.64	2405.43	2409.72	3776	0	9
2024.08.06	01:00:00	2411.12	2412.57	2407.95	2408.94	2925	0	18
2024.08.06	02:00:00	2408.94	2409.99	2404.38	2404.79	5043	0	18
2024.08.06	03:00:00	2404.81	2418.31	2404.58	2415.90	10291	0	18
2024.08.06	04:00:00	2415.89	2417.74	2410.75	2412.41	12208	0	18
2024.08.06	05:00:00	2412.41	2413.26	2405.89	2407.40	9723	0	18
2024.08.06	06:00:00	2407.45	2411.11	2406.53	2408.99	7597	0	18
2024.08.06	07:00:00	2408.99	2412.56	2406.47	2408.03	6868	0	18
2024.08.06	08:00:00	2408.04	2411.77	2398.12	2398.71	10770	0	18
2024.08.06	09:00:00	2398.71	2408.28	2394.82	2401.55	13318	0	16
2024.08.06	10:00:00	2401.56	2410.65	2401.52	2409.85	10261	0	16
2024.08.06	11:00:00	2409.85	2415.37	2408.12	2411.10	8416	0	16
2024.08.06	12:00:00	2411.19	2415.55	2410.31	2413.37	8014	0	16
2024.08.06	13:00:00	2413.35	2416.27	2411.60	2412.36	6705	0	16
2024.08.06	14:00:00	2412.36	2415.28	2410.14	2410.88	7444	0	14
2024.08.06	15:00:00	2410.95	2412.21	2391.80	2392.99	12169	0	15
2024.08.06	16:00:00	2393.00	2399.39	2388.81	2395.69	15070	0	14
2024.08.06	17:00:00	2395.63	2403.09	2386.28	2388.35	15014	0	14
2024.08.06	18:00:00	2388.35	2391.04	2381.57	2387.59	13459	0	14
2024.08.06	19:00:00	2387.59	2391.45	2385.66	2390.00	9352	0	14
2024.08.06	20:00:00	2390.00	2393.45	2387.59	2391.89	8594	0	15
2024.08.06	21:00:00	2391.88	2395.92	2391.35	2392.83	6185	0	15
2024.08.06	22:00:00	2392.85	2393.03	2386.44	2387.64	7563	0	15
2024.08.06	23:00:00	2387.65	2388.99	2386.88	2387.79	3289	0	12
2024.08.07	01:00:00	2390.05	2390.56	2387.97	2388.59	2288	0	18
2024.08.07	02:00:00	2388.59	2389.62	2382.83	2383.83	3757	0	18
2024.08.07	03:00:00	2383.83	2387.35	2381.05	2386.45	7036	0	18
2024.08.07	04:00:00	2386.52	2387.53	2379.01	2384.03	12881	0	18
2024.08.07	05:00:00	2384.07	2388.44	2380.86	2384.22	11585	0	18
2024.08.07	06:00:00	2384.28	2387.52	2383.22	2385.94	7940	0	18
2024.08.07	07:00:00	2385.98	2394.74	2385.68	2392.78	6211	0	18
2024.08.07	08:00:00	2392.77	2396.09	2388.62	2391.38	9247	0	18
2024.08.07	09:00:00	2391.45	2397.53	2389.60	2394.69	9198	0	16
2024.08.07	10:00:00	2394.76	2394.88	2388.03	2389.39	8061	0	16
2024.08.07	11:00:00	2389.38	2393.71	2388.37	2393.33	6899	0	16
2024.08.07	12:00:00	2393.32	2396.35	2392.42	2394.28	5950	0	16
2024.08.07	13:00:00	2394.36	2398.11	2393.10	2397.50	5433	0	16
2024.08.07	14:00:00	2397.45	2402.30	2394.31	2401.08	6617	0	14
2024.08.07	15:00:00	2401.08	2407.04	2398.98	2403.78	9082	0	14
2024.08.07	16:00:00	2403.78	2404.78	2397.01	2400.07	11120	0	14
2024.08.07	17:00:00	2400.06	2403.38	2397.90	2399.02	11163	0	14
2024.08.07	18:00:00	2399.09	2401.75	2391.98	2394.49	10424	0	16
2024.08.07	19:00:00	2394.49	2399.71	2392.82	2399.68	6785	0	15
2024.08.07	20:00:00	2399.60	2399.69	2389.45	2389.80	8105	0	15
2024.08.07	21:00:00	2389.79	2391.64	2383.82	2386.21	8677	0	15
2024.08.07	22:00:00	2386.22	2390.44	2385.34	2385.64	6308	0	15
2024.08.07	23:00:00	2385.65	2387.34	2382.27	2382.59	2941	0	8
2024.08.08	01:00:00	2381.38	2384.32	2380.97	2383.69	2833	0	18
2024.08.08	02:00:00	2383.69	2385.88	2382.77	2384.84	5434	0	18
2024.08.08	03:00:00	2384.83	2388.80	2383.24	2385.54	7707	0	18
2024.08.08	04:00:00	2385.53	2391.34	2385.04	2386.86	12552	0	18
2024.08.08	05:00:00	2386.85	2390.80	2386.27	2390.42	8259	0	18
2024.08.08	06:00:00	2390.41	2394.71	2388.65	2394.35	7288	0	19
2024.08.08	07:00:00	2394.30	2396.40	2392.73	2394.36	7642	0	18
2024.08.08	08:00:00	2394.35	2395.46	2392.45	2395.27	9130	0	18
2024.08.08	09:00:00	2395.26	2400.70	2392.67	2397.77	11047	0	16
2024.08.08	10:00:00	2397.73	2400.26	2394.75	2396.78	7757	0	16
2024.08.08	11:00:00	2396.79	2398.09	2392.87	2394.54	5958	0	16
2024.08.08	12:00:00	2394.57	2398.94	2393.81	2396.22	5949	0	16
2024.08.08	13:00:00	2396.22	2406.37	2396.22	2405.28	6267	0	16
2024.08.08	14:00:00	2405.27	2413.51	2404.97	2412.32	8921	0	14
2024.08.08	15:00:00	2412.32	2415.44	2407.12	2408.03	11720	0	14
2024.08.08	16:00:00	2408.04	2415.48	2402.22	2414.12	13812	0	14
2024.08.08	17:00:00	2414.10	2424.31	2409.23	2413.72	14040	0	14
2024.08.08	18:00:00	2413.75	2420.28	2411.97	2418.65	8793	0	14
2024.08.08	19:00:00	2418.65	2423.74	2416.70	2418.06	7778	0	15
2024.08.08	20:00:00	2418.06	2424.84	2415.78	2423.53	7726	0	15
2024.08.08	21:00:00	2423.52	2426.27	2422.32	2423.93	5259	0	15
2024.08.08	22:00:00	2423.94	2424.78	2421.56	2423.54	5079	0	15
2024.08.08	23:00:00	2423.55	2426.31	2423.03	2425.64	2063	0	12
2024.08.09	01:00:00	2426.67	2427.46	2424.47	2425.79	2445	0	18
2024.08.09	02:00:00	2425.79	2426.39	2422.82	2424.61	2549	0	19
2024.08.09	03:00:00	2424.64	2425.34	2422.58	2423.91	5483	0	18
2024.08.09	04:00:00	2423.93	2427.55	2420.13	2427.23	9448	0	18
2024.08.09	05:00:00	2427.25	2428.91	2422.33	2422.46	6621	0	18
2024.08.09	06:00:00	2422.46	2423.33	2419.36	2421.02	5527	0	18
2024.08.09	07:00:00	2421.00	2424.44	2420.19	2423.89	4935	0	18
2024.08.09	08:00:00	2423.85	2423.91	2417.11	2417.16	7000	0	18
2024.08.09	09:00:00	2417.16	2421.75	2416.86	2420.78	7538	0	16
2024.08.09	10:00:00	2420.75	2426.97	2420.32	2423.14	5971	0	16
2024.08.09	11:00:00	2423.15	2426.71	2422.19	2424.52	6035	0	16
2024.08.09	12:00:00	2424.49	2425.50	2422.70	2423.52	5110	0	16
2024.08.09	13:00:00	2423.53	2431.45	2423.01	2430.47	5420	0	16
2024.08.09	14:00:00	2430.52	2432.57	2425.14	2426.67	6704	0	15
2024.08.09	15:00:00	2426.66	2429.85	2423.80	2429.64	8437	0	14
2024.08.09	16:00:00	2429.65	2433.11	2421.07	2426.66	11824	0	14
2024.08.09	17:00:00	2426.61	2435.86	2425.42	2428.69	13422	0	14
2024.08.09	18:00:00	2428.69	2432.58	2426.50	2431.41	9125	0	14
2024.08.09	19:00:00	2431.43	2434.64	2427.57	2434.45	6196	0	15
2024.08.09	20:00:00	2434.45	2436.98	2430.46	2430.57	5955	0	15
2024.08.09	21:00:00	2430.58	2430.88	2427.20	2429.85	4489	0	15
2024.08.09	22:00:00	2429.85	2430.07	2427.38	2429.06	3948	0	15
2024.08.09	23:00:00	2429.06	2430.85	2429.06	2430.55	1629	0	9
2024.08.12	01:00:00	2428.17	2433.44	2427.30	2430.46	2641	0	19
2024.08.12	02:00:00	2430.46	2430.64	2427.34	2427.86	2575	0	18
2024.08.12	03:00:00	2427.86	2429.05	2426.75	2428.44	3174	0	18
2024.08.12	04:00:00	2428.45	2430.24	2424.61	2426.02	6898	0	18
2024.08.12	05:00:00	2426.02	2427.42	2423.81	2426.19	5370	0	18
2024.08.12	06:00:00	2426.18	2429.34	2425.70	2428.56	4268	0	18
2024.08.12	07:00:00	2428.56	2433.48	2428.21	2433.34	2528	0	18
2024.08.12	08:00:00	2433.29	2435.05	2429.09	2434.62	5840	0	18
2024.08.12	09:00:00	2434.62	2437.18	2433.67	2436.79	6985	0	16
2024.08.12	10:00:00	2436.80	2442.81	2435.48	2441.59	5870	0	16
2024.08.12	11:00:00	2441.66	2443.78	2439.63	2441.97	6020	0	16
2024.08.12	12:00:00	2441.98	2445.04	2440.60	2442.65	5413	0	16
2024.08.12	13:00:00	2442.65	2444.71	2441.45	2443.80	4548	0	16
2024.08.12	14:00:00	2443.80	2444.18	2439.66	2441.56	5474	0	14
2024.08.12	15:00:00	2441.56	2445.41	2441.37	2444.40	6115	0	14
2024.08.12	16:00:00	2444.43	2457.49	2442.09	2454.26	10608	0	14
2024.08.12	17:00:00	2454.22	2455.44	2444.49	2453.32	11711	0	14
2024.08.12	18:00:00	2453.34	2460.49	2452.90	2459.75	9962	0	14
2024.08.12	19:00:00	2459.75	2466.08	2458.97	2463.09	7356	0	15
2024.08.12	20:00:00	2463.09	2468.55	2461.64	2467.13	6406	0	15
2024.08.12	21:00:00	2467.13	2470.98	2466.42	2470.23	5485	0	15
2024.08.12	22:00:00	2470.21	2472.06	2469.71	2470.44	4070	0	15
2024.08.12	23:00:00	2470.46	2472.26	2470.41	2471.90	1616	0	15
2024.08.13	01:00:00	2470.29	2474.03	2469.86	2473.72	2248	0	18
2024.08.13	02:00:00	2473.72	2475.96	2472.70	2475.54	2978	0	18
2024.08.13	03:00:00	2475.56	2476.87	2468.43	2472.12	6418	0	18
2024.08.13	04:00:00	2472.12	2473.64	2460.82	2466.37	11989	0	19
2024.08.13	05:00:00	2466.35	2467.67	2461.42	2461.44	7542	0	18
2024.08.13	06:00:00	2461.47	2464.62	2461.26	2463.45	6876	0	18
2024.08.13	07:00:00	2463.55	2464.99	2460.16	2461.98	4813	0	19
2024.08.13	08:00:00	2461.96	2464.34	2458.43	2462.67	7605	0	18
2024.08.13	09:00:00	2462.67	2464.59	2461.13	2463.25	7771	0	16
2024.08.13	10:00:00	2463.14	2466.11	2460.74	2464.18	8418	0	16
2024.08.13	11:00:00	2464.16	2464.29	2458.89	2460.55	7895	0	16
2024.08.13	12:00:00	2460.57	2462.03	2458.90	2460.59	5320	0	16
2024.08.13	13:00:00	2460.59	2463.42	2459.35	2462.16	5560	0	16
2024.08.13	14:00:00	2462.15	2466.55	2461.46	2465.72	5767	0	15
2024.08.13	15:00:00	2465.69	2472.44	2464.29	2467.68	9763	0	8
2024.08.13	16:00:00	2467.66	2475.47	2458.90	2472.89	12626	0	14
2024.08.13	17:00:00	2472.88	2473.22	2464.19	2471.34	10796	0	14
2024.08.13	18:00:00	2471.35	2473.03	2465.99	2468.58	7764	0	14
2024.08.13	19:00:00	2468.57	2470.99	2466.28	2469.48	5728	0	15
2024.08.13	20:00:00	2469.48	2470.24	2465.89	2467.65	4733	0	15
2024.08.13	21:00:00	2467.65	2468.89	2466.33	2467.78	4531	0	15
2024.08.13	22:00:00	2467.72	2468.77	2462.22	2467.00	3836	0	15
2024.08.13	23:00:00	2466.91	2467.75	2464.71	2465.32	1676	0	9
2024.08.14	01:00:00	2466.20	2466.32	2463.85	2465.49	1451	0	18
2024.08.14	02:00:00	2465.49	2465.49	2462.90	2464.10	2575	0	18
2024.08.14	03:00:00	2464.12	2467.37	2463.97	2465.66	4558	0	18
2024.08.14	04:00:00	2465.66	2472.49	2464.58	2465.48	10075	0	18
2024.08.14	05:00:00	2465.50	2465.69	2455.35	2459.88	10318	0	18
2024.08.14	06:00:00	2459.85	2461.56	2458.75	2460.87	7238	0	18
2024.08.14	07:00:00	2460.86	2462.86	2460.07	2461.79	4451	0	18
2024.08.14	08:00:00	2461.79	2462.53	2459.21	2461.98	5502	0	18
2024.08.14	09:00:00	2462.00	2467.72	2460.36	2467.39	8614	0	16
2024.08.14	10:00:00	2467.40	2471.91	2466.32	2470.89	6740	0	16
2024.08.14	11:00:00	2470.91	2478.68	2468.73	2474.42	7806	0	16
2024.08.14	12:00:00	2474.37	2475.35	2471.05	2472.81	5803	0	16
2024.08.14	13:00:00	2472.81	2476.09	2470.47	2474.96	5351	0	16
2024.08.14	14:00:00	2474.96	2475.21	2471.71	2474.69	5757	0	14
2024.08.14	15:00:00	2474.74	2479.86	2462.44	2468.75	12066	0	14
2024.08.14	16:00:00	2468.75	2469.48	2449.34	2457.47	14957	0	14
2024.08.14	17:00:00	2457.26	2458.28	2446.97	2450.22	13921	0	14
2024.08.14	18:00:00	2450.21	2452.16	2442.02	2444.01	11041	0	14
2024.08.14	19:00:00	2444.01	2445.46	2438.08	2444.14	8438	0	15
2024.08.14	20:00:00	2444.11	2445.07	2440.29	2441.48	5871	0	15
2024.08.14	21:00:00	2441.50	2447.98	2440.59	2447.70	5771	0	15
2024.08.14	22:00:00	2447.71	2448.31	2444.29	2447.11	4419	0	15
2024.08.14	23:00:00	2447.13	2448.41	2446.52	2448.02	1630	0	12
2024.08.15	01:00:00	2448.17	2448.60	2446.50	2447.87	1137	0	18
2024.08.15	02:00:00	2447.87	2449.47	2447.19	2449.41	2687	0	18
2024.08.15	03:00:00	2449.46	2454.21	2448.49	2450.15	4900	0	18
2024.08.15	04:00:00	2450.13	2453.49	2448.22	2450.66	10063	0	18
2024.08.15	05:00:00	2450.67	2452.54	2449.79	2451.44	8096	0	18
2024.08.15	06:00:00	2451.44	2454.31	2451.28	2453.68	4868	0	18
2024.08.15	07:00:00	2453.67	2455.43	2452.77	2453.37	4244	0	18
2024.08.15	08:00:00	2453.36	2455.03	2450.32	2453.86	6663	0	18
2024.08.15	09:00:00	2453.86	2458.81	2452.74	2455.99	8930	0	16
2024.08.15	10:00:00	2455.98	2456.59	2454.41	2455.79	6012	0	16
2024.08.15	11:00:00	2455.82	2457.18	2453.54	2455.47	5896	0	16
2024.08.15	12:00:00	2455.48	2457.20	2455.30	2456.70	3951	0	16
2024.08.15	13:00:00	2456.74	2460.25	2456.70	2458.14	4985	0	16
2024.08.15	14:00:00	2458.15	2464.11	2457.88	2463.48	6115	0	14
2024.08.15	15:00:00	2463.57	2470.01	2441.03	2441.04	13074	0	14
2024.08.15	16:00:00	2441.15	2451.43	2432.15	2444.44	16219	0	14
2024.08.15	17:00:00	2444.45	2458.52	2444.45	2452.23	13860	0	14
2024.08.15	18:00:00	2452.29	2459.48	2450.52	2458.39	9954	0	14
2024.08.15	19:00:00	2458.41	2459.83	2455.06	2455.70	6519	0	15
2024.08.15	20:00:00	2455.72	2456.36	2453.45	2455.39	5814	0	15
2024.08.15	21:00:00	2455.41	2458.27	2454.69	2458.22	4880	0	15
2024.08.15	22:00:00	2458.23	2461.57	2454.12	2455.51	6361	0	15
2024.08.15	23:00:00	2455.49	2457.38	2454.75	2455.36	1973	0	9
2024.08.16	01:00:00	2455.85	2455.91	2454.60	2454.80	874	0	18
2024.08.16	02:00:00	2454.80	2458.24	2454.36	2457.30	2562	0	19
2024.08.16	03:00:00	2457.29	2459.70	2456.89	2458.29	3771	0	18
2024.08.16	04:00:00	2458.32	2459.98	2455.70	2457.28	9242	0	18
2024.08.16	05:00:00	2457.28	2457.72	2453.59	2454.92	7358	0	18
2024.08.16	06:00:00	2454.92	2455.58	2450.69	2452.41	6221	0	18
2024.08.16	07:00:00	2452.41	2453.63	2451.95	2452.69	3125	0	18
2024.08.16	08:00:00	2452.69	2456.28	2452.58	2455.68	5610	0	18
2024.08.16	09:00:00	2455.69	2457.81	2454.59	2454.96	8050	0	16
2024.08.16	10:00:00	2454.97	2464.43	2451.09	2461.93	7243	0	16
2024.08.16	11:00:00	2461.97	2463.98	2459.08	2462.33	6104	0	16
2024.08.16	12:00:00	2462.33	2464.29	2461.27	2463.31	4800	0	16
2024.08.16	13:00:00	2463.30	2468.18	2462.81	2464.56	6391	0	16
2024.08.16	14:00:00	2464.59	2472.30	2464.56	2472.16	7065	0	14
2024.08.16	15:00:00	2472.16	2492.39	2471.28	2491.61	10997	0	14
2024.08.16	16:00:00	2491.61	2500.05	2483.57	2493.94	14812	0	14
2024.08.16	17:00:00	2493.98	2494.97	2477.49	2487.17	14603	0	14
2024.08.16	18:00:00	2487.18	2492.28	2485.62	2491.71	9483	0	14
2024.08.16	19:00:00	2491.71	2497.80	2491.65	2495.83	8799	0	15
2024.08.16	20:00:00	2495.84	2500.05	2493.08	2499.69	7105	0	15
2024.08.16	21:00:00	2499.69	2505.51	2498.44	2503.27	6433	0	15
2024.08.16	22:00:00	2503.26	2508.90	2501.70	2507.88	5883	0	15
2024.08.16	23:00:00	2507.82	2509.70	2505.52	2508.20	2480	0	9
2024.08.19	01:00:00	2505.89	2506.23	2502.06	2504.85	4434	0	19
2024.08.19	02:00:00	2504.85	2506.78	2503.42	2506.42	2147	0	18
2024.08.19	03:00:00	2506.42	2506.71	2500.32	2502.08	6097	0	18
2024.08.19	04:00:00	2502.03	2505.99	2494.96	2498.14	12925	0	18
2024.08.19	05:00:00	2498.18	2503.96	2496.21	2503.52	8013	0	18
2024.08.19	06:00:00	2503.50	2505.79	2500.52	2503.27	8301	0	18
2024.08.19	07:00:00	2503.27	2504.67	2498.80	2500.64	5940	0	18
2024.08.19	08:00:00	2500.67	2502.37	2499.08	2501.08	8171	0	18
2024.08.19	09:00:00	2501.07	2505.14	2499.66	2502.09	9522	0	16
2024.08.19	10:00:00	2502.10	2504.91	2499.70	2503.03	7074	0	16
2024.08.19	11:00:00	2503.00	2507.12	2502.31	2503.12	6818	0	16
2024.08.19	12:00:00	2503.12	2503.96	2499.78	2499.88	5189	0	16
2024.08.19	13:00:00	2499.87	2500.05	2489.52	2489.77	6819	0	16
2024.08.19	14:00:00	2489.75	2495.18	2486.50	2494.48	7604	0	14
2024.08.19	15:00:00	2494.48	2495.44	2488.72	2491.14	8830	0	14
2024.08.19	16:00:00	2491.15	2495.84	2485.60	2494.76	11858	0	14
2024.08.19	17:00:00	2494.80	2504.73	2493.89	2501.20	12189	0	14
2024.08.19	18:00:00	2501.25	2505.91	2499.90	2503.99	8760	0	14
2024.08.19	19:00:00	2504.00	2507.46	2501.91	2505.49	6900	0	15
2024.08.19	20:00:00	2505.50	2505.82	2500.73	2503.12	5631	0	15
2024.08.19	21:00:00	2503.11	2504.83	2502.48	2504.23	3674	0	15
2024.08.19	22:00:00	2504.22	2505.76	2503.05	2505.43	3584	0	15
2024.08.19	23:00:00	2505.44	2505.54	2503.31	2503.95	1281	0	9
2024.08.20	01:00:00	2503.68	2504.57	2502.08	2504.31	1158	0	18
2024.08.20	02:00:00	2504.31	2504.31	2502.47	2503.62	1912	0	18
2024.08.20	03:00:00	2503.62	2506.79	2503.31	2504.91	5041	0	18
2024.08.20	04:00:00	2504.91	2508.15	2501.30	2501.94	9771	0	18
2024.08.20	05:00:00	2501.93	2502.37	2498.69	2499.59	7679	0	18
2024.08.20	06:00:00	2499.60	2502.36	2499.09	2501.76	5123	0	18
2024.08.20	07:00:00	2501.77	2502.78	2499.50	2500.80	3564	0	18
2024.08.20	08:00:00	2500.80	2503.61	2499.48	2499.50	5709	0	18
2024.08.20	09:00:00	2499.50	2505.72	2497.30	2502.49	7950	0	16
2024.08.20	10:00:00	2502.38	2515.10	2501.19	2514.93	7581	0	16
2024.08.20	11:00:00	2514.92	2523.06	2514.33	2519.81	11841	0	16
2024.08.20	12:00:00	2519.82	2525.21	2519.81	2521.71	7573	0	16
2024.08.20	13:00:00	2521.72	2524.48	2521.19	2522.88	5313	0	16
2024.08.20	14:00:00	2522.87	2527.03	2522.18	2526.27	5751	0	14
2024.08.20	15:00:00	2526.28	2529.20	2521.62	2526.75	9258	0	14
2024.08.20	16:00:00	2526.67	2531.61	2519.85	2529.89	12590	0	14
2024.08.20	17:00:00	2529.79	2530.20	2520.40	2523.81	12073	0	14
2024.08.20	18:00:00	2523.79	2524.01	2505.78	2508.50	11710	0	14
2024.08.20	19:00:00	2508.50	2510.56	2500.82	2509.05	9116	0	15
2024.08.20	20:00:00	2509.05	2512.98	2506.78	2510.58	6042	0	15
2024.08.20	21:00:00	2510.54	2515.42	2509.27	2513.33	4042	0	15
2024.08.20	22:00:00	2513.33	2515.24	2510.91	2514.92	3968	0	15
2024.08.20	23:00:00	2514.96	2516.85	2514.80	2515.70	1426	0	8
2024.08.21	01:00:00	2513.85	2515.73	2513.39	2514.72	1128	0	18
2024.08.21	02:00:00	2514.72	2516.06	2512.77	2512.92	2444	0	18
2024.08.21	03:00:00	2512.89	2515.89	2512.45	2513.48	4901	0	18
2024.08.21	04:00:00	2513.54	2517.03	2510.85	2516.79	9656	0	18
2024.08.21	05:00:00	2516.80	2519.91	2515.90	2519.38	7017	0	18
2024.08.21	06:00:00	2519.34	2519.40	2513.06	2517.36	6064	0	18
2024.08.21	07:00:00	2517.37	2517.67	2513.81	2516.14	3939	0	18
2024.08.21	08:00:00	2516.13	2518.39	2514.99	2515.20	5097	0	18
2024.08.21	09:00:00	2515.20	2519.55	2511.80	2514.41	7890	0	16
2024.08.21	10:00:00	2514.46	2516.97	2508.16	2509.73	7118	0	16
2024.08.21	11:00:00	2509.73	2512.35	2506.92	2507.29	5784	0	16
2024.08.21	12:00:00	2507.27	2509.25	2504.59	2505.62	5461	0	16
2024.08.21	13:00:00	2505.60	2509.70	2504.46	2509.38	4800	0	16
2024.08.21	14:00:00	2509.38	2513.20	2506.87	2511.78	5435	0	14
2024.08.21	15:00:00	2511.73	2513.65	2507.11	2510.51	7834	0	14
2024.08.21	16:00:00	2510.54	2512.82	2497.94	2502.93	11547	0	15
2024.08.21	17:00:00	2502.93	2506.62	2493.39	2501.48	15658	0	14
2024.08.21	18:00:00	2501.51	2511.05	2501.41	2508.46	9890	0	14
2024.08.21	19:00:00	2508.44	2508.79	2503.17	2507.11	6758	0	15
2024.08.21	20:00:00	2507.05	2511.25	2506.91	2509.54	5032	0	15
2024.08.21	21:00:00	2509.54	2519.08	2509.43	2516.01	7499	0	15
2024.08.21	22:00:00	2516.00	2516.35	2510.93	2511.44	4607	0	15
2024.08.21	23:00:00	2511.43	2512.32	2509.73	2511.35	2077	0	15
2024.08.22	01:00:00	2512.14	2513.96	2511.67	2513.96	1406	0	19
2024.08.22	02:00:00	2513.96	2514.38	2512.33	2512.77	1775	0	18
2024.08.22	03:00:00	2512.82	2514.61	2511.21	2513.70	4987	0	18
2024.08.22	04:00:00	2513.70	2514.08	2506.99	2507.58	9852	0	18
2024.08.22	05:00:00	2507.59	2508.63	2499.91	2502.26	8945	0	18
2024.08.22	06:00:00	2502.26	2504.70	2501.20	2502.33	6824	0	18
2024.08.22	07:00:00	2502.33	2502.40	2499.28	2501.94	4547	0	18
2024.08.22	08:00:00	2501.89	2506.25	2500.66	2505.52	6782	0	18
2024.08.22	09:00:00	2505.53	2510.54	2503.50	2507.48	8616	0	16
2024.08.22	10:00:00	2507.48	2509.77	2504.43	2507.11	7189	0	16
2024.08.22	11:00:00	2507.05	2507.48	2502.43	2503.63	6614	0	16
2024.08.22	12:00:00	2503.60	2508.03	2501.10	2507.29	6629	0	16
2024.08.22	13:00:00	2507.32	2509.06	2505.20	2505.31	4668	0	16
2024.08.22	14:00:00	2505.30	2505.96	2498.01	2499.47	6744	0	14
2024.08.22	15:00:00	2499.52	2504.13	2495.29	2500.63	10074	0	14
2024.08.22	16:00:00	2500.63	2501.52	2483.04	2488.05	13365	0	14
2024.08.22	17:00:00	2487.91	2487.91	2470.73	2480.10	14699	0	14
2024.08.22	18:00:00	2480.09	2484.23	2475.00	2481.87	9947	0	14
2024.08.22	19:00:00	2481.90	2485.97	2481.33	2484.27	7113	0	15
2024.08.22	20:00:00	2484.27	2484.38	2479.59	2482.22	6301	0	15
2024.08.22	21:00:00	2482.30	2484.78	2480.29	2482.22	4804	0	15
2024.08.22	22:00:00	2482.22	2483.46	2478.57	2482.92	4140	0	15
2024.08.22	23:00:00	2482.94	2484.89	2482.45	2484.20	2376	0	13
2024.08.23	01:00:00	2485.27	2485.60	2484.22	2485.11	773	0	18
2024.08.23	02:00:00	2485.10	2487.55	2484.94	2487.54	1541	0	18
2024.08.23	03:00:00	2487.53	2492.21	2486.48	2489.95	5355	0	18
2024.08.23	04:00:00	2489.95	2491.40	2487.88	2490.85	9078	0	18
2024.08.23	05:00:00	2490.85	2491.54	2486.68	2489.95	7127	0	18
2024.08.23	06:00:00	2489.94	2493.61	2489.46	2493.17	5482	0	18
2024.08.23	07:00:00	2493.17	2494.47	2492.58	2493.38	4666	0	18
2024.08.23	08:00:00	2493.38	2495.71	2491.08	2491.79	6180	0	18
2024.08.23	09:00:00	2491.79	2494.53	2490.59	2492.87	6423	0	12
2024.08.23	10:00:00	2493.01	2494.03	2491.66	2493.45	6212	0	16
2024.08.23	11:00:00	2493.43	2499.89	2493.03	2498.96	6027	0	16
2024.08.23	12:00:00	2499.01	2501.82	2496.96	2498.92	5803	0	16
2024.08.23	13:00:00	2498.91	2499.27	2495.56	2499.00	4663	0	16
2024.08.23	14:00:00	2499.00	2502.39	2497.45	2501.54	4947	0	14
2024.08.23	15:00:00	2501.55	2502.25	2498.39	2501.29	8078	0	14
2024.08.23	16:00:00	2501.24	2503.85	2494.39	2498.50	11064	0	14
2024.08.23	17:00:00	2498.46	2517.83	2497.95	2509.18	17857	0	14
2024.08.23	18:00:00	2509.17	2518.31	2508.00	2509.72	13174	0	14
2024.08.23	19:00:00	2509.72	2510.46	2501.71	2510.26	10949	0	15
2024.08.23	20:00:00	2510.27	2513.19	2509.55	2510.88	7726	0	15
2024.08.23	21:00:00	2510.87	2511.85	2509.01	2509.71	4605	0	15
2024.08.23	22:00:00	2509.67	2512.74	2507.90	2510.75	4406	0	15
2024.08.23	23:00:00	2510.76	2512.23	2509.55	2510.93	1815	0	9
2024.08.26	01:00:00	2511.93	2514.55	2510.96	2513.00	2118	0	18
2024.08.26	02:00:00	2513.00	2516.63	2512.95	2515.91	5091	0	18
2024.08.26	03:00:00	2515.91	2516.88	2512.43	2513.67	7102	0	18
2024.08.26	04:00:00	2513.62	2515.36	2510.58	2513.28	11113	0	18
2024.08.26	05:00:00	2513.19	2515.29	2511.71	2511.87	7517	0	18
2024.08.26	06:00:00	2511.86	2512.97	2509.33	2509.84	6921	0	18
2024.08.26	07:00:00	2509.84	2510.80	2508.94	2509.58	5138	0	18
2024.08.26	08:00:00	2509.57	2511.25	2508.69	2510.48	6308	0	18
2024.08.26	09:00:00	2510.48	2515.27	2509.82	2515.00	9415	0	16
2024.08.26	10:00:00	2514.99	2521.75	2514.09	2521.41	7990	0	16
2024.08.26	11:00:00	2521.41	2525.73	2520.69	2524.18	6904	0	16
2024.08.26	12:00:00	2524.18	2525.58	2523.34	2525.01	5122	0	16
2024.08.26	13:00:00	2525.03	2526.58	2522.57	2524.89	5655	0	16
2024.08.26	14:00:00	2524.89	2526.77	2520.89	2526.51	6662	0	14
2024.08.26	15:00:00	2526.51	2526.74	2522.52	2523.80	8711	0	14
2024.08.26	16:00:00	2523.74	2526.42	2515.48	2515.87	12280	0	14
2024.08.26	17:00:00	2515.89	2518.90	2510.59	2516.91	11960	0	14
2024.08.26	18:00:00	2516.91	2517.44	2511.39	2515.83	9009	0	14
2024.08.26	19:00:00	2515.83	2520.43	2513.56	2520.15	6405	0	15
2024.08.26	20:00:00	2520.11	2523.29	2516.50	2518.05	6024	0	15
2024.08.26	21:00:00	2518.10	2519.51	2515.62	2516.86	3519	0	15
2024.08.26	22:00:00	2516.88	2520.88	2516.81	2518.12	4241	0	15
2024.08.26	23:00:00	2518.15	2518.99	2517.42	2517.64	1519	0	15
2024.08.27	01:00:00	2517.64	2517.81	2517.01	2517.30	706	0	18
2024.08.27	02:00:00	2517.30	2517.65	2515.46	2515.49	1309	0	18
2024.08.27	03:00:00	2515.48	2516.72	2512.86	2513.13	4394	0	18
2024.08.27	04:00:00	2513.14	2514.06	2508.25	2509.66	9082	0	18
2024.08.27	05:00:00	2509.65	2510.32	2505.79	2508.70	7446	0	18
2024.08.27	06:00:00	2508.70	2509.17	2505.83	2509.02	5237	0	18
2024.08.27	07:00:00	2509.03	2509.51	2506.22	2507.29	3758	0	18
2024.08.27	08:00:00	2507.30	2513.72	2506.57	2513.53	7001	0	18
2024.08.27	09:00:00	2513.54	2517.38	2512.76	2514.86	8695	0	16
2024.08.27	10:00:00	2514.87	2517.53	2504.53	2504.88	8505	0	16
2024.08.27	11:00:00	2504.88	2512.43	2503.49	2511.01	6726	0	16
2024.08.27	12:00:00	2510.98	2513.71	2508.12	2508.86	6727	0	16
2024.08.27	13:00:00	2508.86	2510.37	2506.84	2508.95	6518	0	13
2024.08.27	14:00:00	2508.97	2512.44	2508.60	2511.40	5793	0	14
2024.08.27	15:00:00	2511.40	2514.31	2507.72	2509.83	8195	0	14
2024.08.27	16:00:00	2509.81	2515.04	2503.54	2511.55	11602	0	14
2024.08.27	17:00:00	2511.36	2518.08	2507.73	2514.71	12607	0	14
2024.08.27	18:00:00	2514.71	2520.23	2511.52	2512.12	9269	0	14
2024.08.27	19:00:00	2512.13	2514.40	2509.90	2514.39	6097	0	15
2024.08.27	20:00:00	2514.41	2521.67	2514.09	2520.00	6731	0	15
2024.08.27	21:00:00	2520.01	2525.93	2519.87	2524.43	5319	0	15
2024.08.27	22:00:00	2524.46	2525.65	2523.04	2525.03	4101	0	15
2024.08.27	23:00:00	2525.02	2525.88	2523.74	2524.26	1873	0	15
2024.08.28	01:00:00	2525.22	2525.99	2524.86	2525.56	1308	0	18
2024.08.28	02:00:00	2525.56	2528.95	2524.13	2525.27	2838	0	18
2024.08.28	03:00:00	2525.29	2525.84	2523.89	2524.38	3065	0	18
2024.08.28	04:00:00	2524.37	2524.37	2516.82	2517.11	6893	0	18
2024.08.28	05:00:00	2517.11	2518.48	2513.36	2516.30	5952	0	18
2024.08.28	06:00:00	2516.29	2517.06	2513.25	2515.86	4247	0	18
2024.08.28	07:00:00	2515.87	2516.13	2510.24	2511.51	4344	0	18
2024.08.28	08:00:00	2511.51	2511.63	2505.44	2505.75	8002	0	18
2024.08.28	09:00:00	2505.74	2508.93	2503.29	2508.52	8713	0	16
2024.08.28	10:00:00	2508.53	2511.33	2507.52	2509.97	7641	0	16
2024.08.28	11:00:00	2509.97	2509.97	2505.98	2508.13	5998	0	16
2024.08.28	12:00:00	2508.10	2511.33	2507.76	2510.12	4775	0	16
2024.08.28	13:00:00	2510.13	2510.45	2502.61	2505.33	5346	0	16
2024.08.28	14:00:00	2505.38	2505.39	2500.68	2501.39	6132	0	14
2024.08.28	15:00:00	2501.39	2501.54	2493.64	2500.63	9988	0	14
2024.08.28	16:00:00	2500.62	2510.53	2499.42	2506.62	12437	0	14
2024.08.28	17:00:00	2506.54	2509.04	2504.03	2507.59	10480	0	14
2024.08.28	18:00:00	2507.59	2510.21	2504.98	2506.13	8715	0	14
2024.08.28	19:00:00	2506.13	2506.40	2496.38	2501.90	7417	0	15
2024.08.28	20:00:00	2501.90	2506.28	2500.56	2505.36	5691	0	15
2024.08.28	21:00:00	2505.39	2508.18	2503.61	2507.97	4440	0	15
2024.08.28	22:00:00	2507.96	2509.52	2506.81	2507.56	4622	0	15
2024.08.28	23:00:00	2507.58	2508.49	2502.83	2504.52	2741	0	15
2024.08.29	01:00:00	2506.12	2508.71	2504.96	2507.22	2551	0	18
2024.08.29	02:00:00	2507.22	2508.12	2506.40	2508.08	1795	0	18
2024.08.29	03:00:00	2508.09	2515.31	2507.92	2512.32	4922	0	18
2024.08.29	04:00:00	2512.31	2514.72	2511.76	2513.14	7089	0	18
2024.08.29	05:00:00	2513.14	2515.11	2511.67	2512.85	4801	0	18
2024.08.29	06:00:00	2512.84	2516.81	2512.39	2516.64	4253	0	18
2024.08.29	07:00:00	2516.64	2518.14	2515.55	2515.89	4592	0	18
2024.08.29	08:00:00	2515.89	2519.87	2513.74	2518.78	5870	0	18
2024.08.29	09:00:00	2518.78	2521.17	2516.27	2516.90	7628	0	16
2024.08.29	10:00:00	2516.90	2519.12	2515.20	2519.11	5588	0	16
2024.08.29	11:00:00	2519.13	2520.05	2515.09	2517.15	7493	0	16
2024.08.29	12:00:00	2517.18	2524.37	2515.94	2522.88	5179	0	16
2024.08.29	13:00:00	2522.94	2524.35	2520.87	2523.10	5224	0	16
2024.08.29	14:00:00	2523.10	2523.32	2518.99	2519.87	5017	0	14
2024.08.29	15:00:00	2519.89	2519.89	2503.61	2509.11	11450	0	15
2024.08.29	16:00:00	2509.12	2519.13	2508.21	2516.79	12959	0	14
2024.08.29	17:00:00	2516.79	2522.24	2514.42	2522.08	12301	0	14
2024.08.29	18:00:00	2522.10	2525.51	2518.54	2522.58	8379	0	14
2024.08.29	19:00:00	2522.58	2526.61	2517.38	2525.25	6225	0	15
2024.08.29	20:00:00	2525.26	2528.62	2523.44	2525.82	5947	0	15
2024.08.29	21:00:00	2525.83	2526.33	2520.97	2523.02	5699	0	15
2024.08.29	22:00:00	2523.03	2524.79	2520.83	2521.09	4695	0	15
2024.08.29	23:00:00	2521.12	2522.16	2520.63	2521.07	1359	0	15
2024.08.30	01:00:00	2520.67	2521.72	2520.47	2520.90	955	0	18
2024.08.30	02:00:00	2520.90	2520.90	2518.86	2519.56	1500	0	18
2024.08.30	03:00:00	2519.58	2519.63	2516.69	2517.72	3215	0	18
2024.08.30	04:00:00	2517.72	2520.01	2514.43	2516.04	6619	0	18
2024.08.30	05:00:00	2515.99	2517.82	2514.19	2516.05	5486	0	18
2024.08.30	06:00:00	2516.03	2516.99	2512.24	2513.51	4252	0	18
2024.08.30	07:00:00	2513.51	2514.54	2512.17	2513.33	3382	0	18
2024.08.30	08:00:00	2513.34	2516.25	2512.47	2513.82	5113	0	18
2024.08.30	09:00:00	2513.82	2524.05	2513.12	2517.84	9406	0	16
2024.08.30	10:00:00	2517.85	2521.34	2517.58	2519.35	5562	0	16
2024.08.30	11:00:00	2519.35	2526.68	2518.86	2522.89	5609	0	16
2024.08.30	12:00:00	2522.89	2526.80	2522.61	2524.15	4611	0	16
2024.08.30	13:00:00	2524.16	2524.71	2515.06	2515.19	5226	0	16
2024.08.30	14:00:00	2515.28	2521.60	2514.98	2519.48	5557	0	14
2024.08.30	15:00:00	2519.43	2524.70	2516.32	2519.62	10595	0	15
2024.08.30	16:00:00	2519.67	2519.82	2512.92	2514.77	12889	0	14
2024.08.30	17:00:00	2515.82	2518.37	2506.34	2509.05	13701	0	15
2024.08.30	18:00:00	2509.04	2509.48	2500.25	2502.45	12043	0	14
2024.08.30	19:00:00	2502.42	2505.99	2496.55	2497.69	9263	0	15
2024.08.30	20:00:00	2497.66	2500.42	2494.12	2499.57	7699	0	15
2024.08.30	21:00:00	2499.54	2504.66	2499.32	2502.36	4954	0	15
2024.08.30	22:00:00	2502.26	2504.01	2498.19	2502.30	4883	0	15
2024.08.30	23:00:00	2502.25	2503.28	2501.87	2503.28	2024	0	15
2024.09.02	01:00:00	2502.75	2504.80	2502.51	2503.41	1251	0	18
2024.09.02	02:00:00	2503.41	2503.67	2501.91	2502.98	2251	0	18
2024.09.02	03:00:00	2502.97	2504.92	2501.11	2501.44	2923	0	18
2024.09.02	04:00:00	2501.43	2504.61	2496.62	2497.94	7822	0	18
2024.09.02	05:00:00	2497.92	2498.24	2490.04	2491.93	7435	0	18
2024.09.02	06:00:00	2491.91	2496.41	2491.45	2496.31	4307	0	18
2024.09.02	07:00:00	2496.31	2499.39	2496.17	2496.90	3311	0	18
2024.09.02	08:00:00	2496.91	2498.50	2495.25	2496.48	5618	0	18
2024.09.02	09:00:00	2496.48	2501.39	2495.89	2497.59	7613	0	16
2024.09.02	10:00:00	2497.59	2499.52	2496.14	2498.18	5348	0	16
2024.09.02	11:00:00	2498.17	2507.24	2497.26	2506.29	6259	0	16
2024.09.02	12:00:00	2506.27	2506.59	2498.20	2498.92	5499	0	16
2024.09.02	13:00:00	2498.92	2502.04	2498.10	2499.21	4145	0	16
2024.09.02	14:00:00	2499.21	2500.22	2497.03	2499.82	4626	0	14
2024.09.02	15:00:00	2499.80	2503.17	2498.83	2501.24	4849	0	14
2024.09.02	16:00:00	2501.29	2502.29	2498.55	2499.93	7247	0	14
2024.09.02	17:00:00	2499.93	2502.42	2497.65	2502.02	6202	0	14
2024.09.02	18:00:00	2502.01	2502.41	2499.91	2501.54	3862	0	14
2024.09.02	19:00:00	2501.54	2501.85	2498.54	2500.51	2025	0	18
2024.09.02	20:00:00	2500.47	2501.26	2499.79	2499.93	883	0	18
2024.09.03	01:00:00	2499.31	2499.65	2497.52	2497.73	928	0	18
2024.09.03	02:00:00	2497.73	2498.44	2496.40	2497.15	1687	0	18
2024.09.03	03:00:00	2497.20	2497.66	2494.93	2495.77	4008	0	18
2024.09.03	04:00:00	2495.76	2495.80	2489.79	2493.71	9004	0	18
2024.09.03	05:00:00	2493.71	2496.36	2492.41	2495.28	7099	0	18
2024.09.03	06:00:00	2495.25	2495.80	2493.07	2494.76	5339	0	18
2024.09.03	07:00:00	2494.75	2496.92	2493.90	2495.91	3416	0	18
2024.09.03	08:00:00	2495.91	2495.91	2492.71	2494.97	5251	0	18
2024.09.03	09:00:00	2494.97	2498.85	2492.78	2497.87	7466	0	16
2024.09.03	10:00:00	2497.87	2502.00	2496.60	2500.86	6956	0	16
2024.09.03	11:00:00	2500.85	2506.24	2500.57	2503.92	7370	0	16
2024.09.03	12:00:00	2503.95	2504.93	2500.86	2500.90	5985	0	16
2024.09.03	13:00:00	2500.92	2501.02	2492.66	2497.29	7465	0	16
2024.09.03	14:00:00	2497.28	2501.54	2484.75	2489.66	8715	0	14
2024.09.03	15:00:00	2489.64	2502.13	2487.12	2493.25	11765	0	14
2024.09.03	16:00:00	2493.22	2497.59	2475.53	2479.79	15184	0	14
2024.09.03	17:00:00	2479.66	2485.62	2473.48	2478.33	15311	0	14
2024.09.03	18:00:00	2478.29	2489.48	2477.19	2488.32	10017	0	14
2024.09.03	19:00:00	2488.32	2488.92	2483.95	2486.05	6591	0	15
2024.09.03	20:00:00	2485.82	2492.00	2485.47	2489.43	5738	0	15
2024.09.03	21:00:00	2489.44	2489.95	2486.98	2489.31	3716	0	15
2024.09.03	22:00:00	2489.29	2494.32	2488.91	2492.01	4283	0	15
2024.09.03	23:00:00	2491.98	2492.90	2491.30	2492.12	1588	0	15
2024.09.04	01:00:00	2492.65	2494.37	2492.03	2493.06	1520	0	18
2024.09.04	02:00:00	2493.06	2494.64	2492.27	2493.22	1961	0	18
2024.09.04	03:00:00	2493.22	2494.97	2492.15	2492.31	5099	0	18
2024.09.04	04:00:00	2492.28	2494.46	2491.28	2493.38	7263	0	18
2024.09.04	05:00:00	2493.39	2496.84	2492.32	2495.25	5409	0	18
2024.09.04	06:00:00	2495.23	2496.51	2493.52	2495.03	3237	0	18
2024.09.04	07:00:00	2495.03	2496.69	2494.46	2495.88	2354	0	18
2024.09.04	08:00:00	2495.89	2496.56	2492.74	2493.12	4685	0	18
2024.09.04	09:00:00	2493.12	2493.39	2483.68	2484.24	8540	0	16
2024.09.04	10:00:00	2484.23	2488.18	2482.01	2482.13	7165	0	16
2024.09.04	11:00:00	2482.11	2483.32	2472.51	2473.25	8120	0	13
2024.09.04	12:00:00	2473.33	2483.25	2471.83	2481.64	7818	0	16
2024.09.04	13:00:00	2481.62	2489.95	2481.08	2488.98	6744	0	16
2024.09.04	14:00:00	2488.98	2491.18	2486.71	2489.19	6854	0	14
2024.09.04	15:00:00	2489.21	2491.03	2485.49	2486.51	9152	0	14
2024.09.04	16:00:00	2486.52	2489.99	2482.08	2485.01	11305	0	14
2024.09.04	17:00:00	2484.97	2500.25	2484.31	2496.21	15269	0	14
2024.09.04	18:00:00	2496.22	2498.35	2492.77	2494.04	9072	0	14
2024.09.04	19:00:00	2494.04	2497.87	2493.09	2496.66	5335	0	14
2024.09.04	20:00:00	2496.67	2497.32	2493.45	2493.98	4916	0	15
2024.09.04	21:00:00	2494.00	2495.50	2492.47	2494.67	4201	0	15
2024.09.04	22:00:00	2494.68	2494.78	2491.46	2493.36	4553	0	15
2024.09.04	23:00:00	2493.35	2495.97	2492.92	2495.44	1784	0	8
2024.09.05	01:00:00	2495.27	2495.65	2494.48	2495.34	872	0	18
2024.09.05	02:00:00	2495.34	2496.90	2495.08	2495.82	1795	0	18
2024.09.05	03:00:00	2495.86	2496.54	2494.44	2495.18	3396	0	18
2024.09.05	04:00:00	2495.19	2499.27	2494.45	2496.41	7706	0	18
2024.09.05	05:00:00	2496.40	2498.93	2496.22	2498.05	4675	0	18
2024.09.05	06:00:00	2498.04	2498.55	2494.59	2494.83	4395	0	18
2024.09.05	07:00:00	2494.77	2495.05	2493.81	2494.26	2779	0	18
2024.09.05	08:00:00	2494.25	2502.29	2493.95	2501.96	5515	0	18
2024.09.05	09:00:00	2501.90	2506.90	2500.78	2504.38	9090	0	16
2024.09.05	10:00:00	2504.35	2507.52	2502.96	2506.37	6674	0	16
2024.09.05	11:00:00	2506.39	2516.65	2505.94	2514.66	9067	0	16
2024.09.05	12:00:00	2514.68	2517.23	2514.68	2515.49	6268	0	16
2024.09.05	13:00:00	2515.49	2516.91	2513.28	2516.28	5532	0	16
2024.09.05	14:00:00	2516.27	2518.30	2513.64	2515.15	6843	0	14
2024.09.05	15:00:00	2515.15	2523.46	2513.48	2517.74	12248	0	14
2024.09.05	16:00:00	2517.74	2519.36	2512.43	2514.34	13154	0	14
2024.09.05	17:00:00	2514.82	2520.54	2507.63	2508.73	14960	0	14
2024.09.05	18:00:00	2508.81	2510.95	2503.88	2507.12	10738	0	14
2024.09.05	19:00:00	2507.12	2511.51	2506.05	2510.37	6425	0	15
2024.09.05	20:00:00	2510.31	2515.37	2509.28	2515.10	5243	0	15
2024.09.05	21:00:00	2515.10	2516.81	2514.74	2515.54	3490	0	15
2024.09.05	22:00:00	2515.53	2516.03	2513.64	2514.83	3818	0	15
2024.09.05	23:00:00	2514.84	2516.77	2514.80	2516.42	1347	0	15
2024.09.06	01:00:00	2516.23	2516.50	2515.64	2516.13	908	0	18
2024.09.06	02:00:00	2516.13	2517.91	2516.09	2517.23	2163	0	18
2024.09.06	03:00:00	2517.27	2517.64	2515.58	2515.88	3210	0	18
2024.09.06	04:00:00	2515.88	2516.64	2513.47	2513.76	5937	0	18
2024.09.06	05:00:00	2513.71	2518.02	2512.98	2517.73	4838	0	18
2024.09.06	06:00:00	2517.73	2518.35	2516.91	2518.22	3570	0	18
2024.09.06	07:00:00	2518.19	2519.48	2517.74	2518.39	2707	0	18
2024.09.06	08:00:00	2518.39	2521.81	2518.39	2520.03	4829	0	18
2024.09.06	09:00:00	2520.02	2521.38	2516.58	2519.19	7442	0	16
2024.09.06	10:00:00	2519.13	2519.86	2516.32	2516.48	6452	0	16
2024.09.06	11:00:00	2516.47	2518.23	2515.47	2517.87	5042	0	16
2024.09.06	12:00:00	2517.83	2519.87	2516.35	2519.20	4531	0	16
2024.09.06	13:00:00	2519.19	2519.81	2517.20	2518.93	4290	0	16
2024.09.06	14:00:00	2518.93	2520.28	2514.69	2516.27	5746	0	14
2024.09.06	15:00:00	2516.26	2529.11	2507.50	2522.21	13795	0	14
2024.09.06	16:00:00	2522.21	2522.98	2502.23	2509.38	17705	0	14
2024.09.06	17:00:00	2509.35	2515.56	2500.44	2506.74	17050	0	14
2024.09.06	18:00:00	2506.74	2518.44	2503.62	2505.55	16131	0	14
2024.09.06	19:00:00	2505.40	2505.73	2485.11	2489.08	14381	0	15
2024.09.06	20:00:00	2489.05	2496.96	2485.95	2495.50	10824	0	15
2024.09.06	21:00:00	2495.51	2496.90	2492.00	2494.56	6564	0	15
2024.09.06	22:00:00	2494.65	2496.81	2490.64	2495.84	6337	0	15
2024.09.06	23:00:00	2495.85	2496.96	2494.73	2496.78	1852	0	14
2024.09.09	01:00:00	2496.94	2497.96	2496.13	2497.84	1892	0	18
2024.09.09	02:00:00	2497.85	2498.24	2495.50	2496.86	3360	0	18
2024.09.09	03:00:00	2496.85	2498.22	2495.61	2495.93	5310	0	18
2024.09.09	04:00:00	2495.96	2498.60	2494.69	2497.64	10728	0	18
2024.09.09	05:00:00	2497.64	2499.12	2496.96	2497.21	6159	0	18
2024.09.09	06:00:00	2497.20	2500.46	2496.73	2499.25	4525	0	18
2024.09.09	07:00:00	2499.25	2499.41	2497.46	2498.22	4160	0	18
2024.09.09	08:00:00	2498.20	2498.30	2487.44	2487.91	8398	0	18
2024.09.09	09:00:00	2487.91	2493.62	2485.54	2489.78	10973	0	16
2024.09.09	10:00:00	2489.92	2496.69	2488.89	2494.26	10633	0	16
2024.09.09	11:00:00	2494.32	2495.64	2490.02	2492.20	8865	0	16
2024.09.09	12:00:00	2492.20	2497.59	2492.08	2496.36	6254	0	16
2024.09.09	13:00:00	2496.41	2499.12	2493.08	2494.39	6355	0	16
2024.09.09	14:00:00	2494.39	2498.89	2493.34	2497.18	5535	0	14
2024.09.09	15:00:00	2497.22	2504.09	2496.35	2500.89	9303	0	14
2024.09.09	16:00:00	2500.87	2505.23	2499.29	2499.80	11312	0	14
2024.09.09	17:00:00	2499.80	2501.15	2493.21	2496.87	11457	0	14
2024.09.09	18:00:00	2496.88	2499.50	2493.59	2499.10	8436	0	14
2024.09.09	19:00:00	2499.10	2505.22	2499.10	2504.32	5785	0	15
2024.09.09	20:00:00	2504.33	2506.53	2499.40	2499.96	6160	0	15
2024.09.09	21:00:00	2499.99	2505.26	2499.46	2504.71	4515	0	15
2024.09.09	22:00:00	2504.71	2506.04	2502.60	2505.93	4370	0	15
2024.09.09	23:00:00	2505.93	2507.11	2505.20	2506.33	2013	0	9
2024.09.10	01:00:00	2506.63	2507.11	2505.84	2507.01	846	0	18
2024.09.10	02:00:00	2507.01	2507.61	2505.67	2506.73	1722	0	18
2024.09.10	03:00:00	2506.72	2507.43	2504.80	2505.36	4515	0	18
2024.09.10	04:00:00	2505.39	2506.83	2502.83	2503.81	8546	0	18
2024.09.10	05:00:00	2503.82	2504.02	2501.75	2502.99	5251	0	18
2024.09.10	06:00:00	2502.96	2504.34	2501.44	2502.49	4763	0	18
2024.09.10	07:00:00	2502.50	2502.84	2501.03	2501.74	2735	0	18
2024.09.10	08:00:00	2501.74	2504.91	2500.76	2503.84	5814	0	18
2024.09.10	09:00:00	2503.84	2506.56	2503.34	2505.07	7504	0	16
2024.09.10	10:00:00	2505.06	2507.68	2502.11	2502.77	6709	0	16
2024.09.10	11:00:00	2502.75	2503.14	2500.13	2502.29	6668	0	16
2024.09.10	12:00:00	2502.29	2506.05	2500.17	2505.96	6951	0	16
2024.09.10	13:00:00	2506.02	2509.61	2505.12	2505.62	6856	0	16
2024.09.10	14:00:00	2505.62	2507.15	2504.21	2504.55	5680	0	14
2024.09.10	15:00:00	2504.52	2514.01	2504.46	2513.79	8568	0	14
2024.09.10	16:00:00	2513.80	2515.33	2506.26	2506.79	12354	0	14
2024.09.10	17:00:00	2506.74	2509.25	2500.85	2509.07	13228	0	14
2024.09.10	18:00:00	2509.14	2518.37	2508.24	2512.70	10148	0	14
2024.09.10	19:00:00	2512.78	2515.48	2510.65	2514.35	7106	0	15
2024.09.10	20:00:00	2514.36	2515.65	2512.83	2513.12	5173	0	15
2024.09.10	21:00:00	2513.12	2516.56	2512.05	2516.31	5008	0	15
2024.09.10	22:00:00	2516.30	2517.42	2514.06	2517.21	5603	0	15
2024.09.10	23:00:00	2517.20	2517.38	2515.69	2516.53	1719	0	11
2024.09.11	01:00:00	2516.68	2517.08	2516.30	2516.44	684	0	18
2024.09.11	02:00:00	2516.44	2518.76	2516.35	2518.60	2108	0	18
2024.09.11	03:00:00	2518.59	2519.08	2516.17	2516.58	4242	0	18
2024.09.11	04:00:00	2516.57	2522.55	2514.92	2518.72	9538	0	18
2024.09.11	05:00:00	2518.61	2520.34	2517.59	2518.73	6865	0	18
2024.09.11	06:00:00	2518.75	2519.96	2516.79	2519.38	5638	0	18
2024.09.11	07:00:00	2519.39	2520.16	2518.58	2519.59	4290	0	18
2024.09.11	08:00:00	2519.58	2522.42	2519.34	2521.25	7451	0	18
2024.09.11	09:00:00	2521.25	2528.93	2520.86	2526.57	10191	0	16
2024.09.11	10:00:00	2526.55	2527.70	2520.76	2521.46	6958	0	16
2024.09.11	11:00:00	2521.45	2527.16	2520.68	2524.29	6454	0	16
2024.09.11	12:00:00	2524.29	2524.68	2521.99	2523.23	4461	0	16
2024.09.11	13:00:00	2523.24	2523.30	2519.76	2521.71	5890	0	16
2024.09.11	14:00:00	2521.71	2524.14	2520.71	2522.21	5882	0	14
2024.09.11	15:00:00	2522.15	2523.89	2502.19	2508.21	13923	0	14
2024.09.11	16:00:00	2508.08	2512.90	2503.15	2509.61	16470	0	14
2024.09.11	17:00:00	2509.55	2510.42	2500.84	2509.48	15921	0	14
2024.09.11	18:00:00	2509.47	2514.92	2508.68	2514.79	11356	0	14
2024.09.11	19:00:00	2514.79	2519.96	2513.67	2515.16	8603	0	14
2024.09.11	20:00:00	2515.15	2516.85	2512.38	2514.66	7511	0	15
2024.09.11	21:00:00	2514.66	2516.34	2511.19	2511.47	6036	0	15
2024.09.11	22:00:00	2511.45	2513.25	2509.76	2513.00	4801	0	15
2024.09.11	23:00:00	2512.96	2513.84	2512.26	2512.40	1833	0	15
2024.09.12	01:00:00	2512.29	2513.83	2512.21	2512.87	983	0	18
2024.09.12	02:00:00	2512.87	2513.03	2511.81	2511.90	1521	0	18
2024.09.12	03:00:00	2511.89	2512.40	2511.08	2512.19	3676	0	18
2024.09.12	04:00:00	2512.17	2515.21	2511.67	2513.12	8228	0	18
2024.09.12	05:00:00	2513.14	2514.05	2510.99	2512.21	6883	0	18
2024.09.12	06:00:00	2512.22	2516.05	2512.18	2515.83	4264	0	18
2024.09.12	07:00:00	2515.83	2517.70	2515.57	2517.00	2834	0	18
2024.09.12	08:00:00	2517.01	2519.67	2517.00	2519.43	5406	0	18
2024.09.12	09:00:00	2519.43	2522.25	2516.72	2516.87	7047	0	16
2024.09.12	10:00:00	2516.89	2517.73	2514.45	2515.87	6346	0	16
2024.09.12	11:00:00	2515.85	2519.27	2515.09	2517.36	6095	0	16
2024.09.12	12:00:00	2517.33	2519.17	2516.39	2518.79	4395	0	16
2024.09.12	13:00:00	2518.78	2521.01	2513.18	2513.21	5793	0	16
2024.09.12	14:00:00	2513.21	2520.30	2513.00	2519.54	6998	0	14
2024.09.12	15:00:00	2519.55	2535.22	2518.82	2528.85	13419	0	14
2024.09.12	16:00:00	2528.48	2551.64	2522.19	2545.40	17485	0	14
2024.09.12	17:00:00	2545.36	2554.76	2541.81	2553.39	15452	0	14
2024.09.12	18:00:00	2553.40	2555.13	2548.81	2553.26	11081	0	14
2024.09.12	19:00:00	2553.17	2553.62	2544.82	2550.64	10087	0	15
2024.09.12	20:00:00	2550.64	2554.77	2550.07	2553.93	9180	0	15
2024.09.12	21:00:00	2553.99	2558.73	2551.99	2555.83	8615	0	15
2024.09.12	22:00:00	2555.82	2559.02	2554.54	2557.84	7778	0	15
2024.09.12	23:00:00	2557.85	2560.03	2556.73	2559.11	3309	0	15
2024.09.13	01:00:00	2558.30	2559.49	2557.17	2557.41	1853	0	18
2024.09.13	02:00:00	2557.41	2558.55	2556.62	2558.45	2709	0	18
2024.09.13	03:00:00	2558.44	2562.72	2556.74	2561.56	6350	0	18
2024.09.13	04:00:00	2561.59	2567.98	2559.93	2563.17	11005	0	18
2024.09.13	05:00:00	2563.19	2565.58	2561.57	2565.33	6547	0	18
2024.09.13	06:00:00	2565.32	2570.01	2564.58	2567.93	6752	0	18
2024.09.13	07:00:00	2567.94	2570.10	2566.61	2568.80	4052	0	18
2024.09.13	08:00:00	2568.80	2570.23	2565.94	2566.54	7511	0	18
2024.09.13	09:00:00	2566.54	2568.75	2563.09	2567.09	10139	0	16
2024.09.13	10:00:00	2567.09	2571.04	2563.90	2569.75	7563	0	16
2024.09.13	11:00:00	2569.74	2570.91	2565.68	2569.94	7680	0	16
2024.09.13	12:00:00	2569.92	2572.91	2567.01	2568.53	7890	0	16
2024.09.13	13:00:00	2568.55	2569.32	2565.63	2567.04	6697	0	16
2024.09.13	14:00:00	2567.04	2568.29	2563.65	2567.33	6725	0	14
2024.09.13	15:00:00	2567.41	2575.82	2566.04	2575.78	9211	0	14
2024.09.13	16:00:00	2575.77	2583.40	2573.40	2577.33	13839	0	14
2024.09.13	17:00:00	2577.30	2580.19	2573.12	2578.34	13233	0	14
2024.09.13	18:00:00	2578.35	2582.44	2573.71	2582.23	10692	0	14
2024.09.13	19:00:00	2582.21	2585.12	2580.05	2584.30	8219	0	15
2024.09.13	20:00:00	2584.29	2586.00	2581.46	2582.65	7427	0	15
2024.09.13	21:00:00	2582.64	2583.84	2580.66	2582.32	6578	0	15
2024.09.13	22:00:00	2582.32	2582.92	2578.63	2582.59	4688	0	15
2024.09.13	23:00:00	2582.52	2582.84	2579.71	2580.58	1877	0	15
2024.09.16	01:00:00	2578.71	2580.41	2577.59	2580.01	2507	0	18
2024.09.16	02:00:00	2580.01	2580.30	2578.21	2579.20	3015	0	18
2024.09.16	03:00:00	2579.12	2582.31	2578.84	2581.32	2978	0	18
2024.09.16	04:00:00	2581.32	2582.83	2579.79	2581.69	3554	0	18
2024.09.16	05:00:00	2581.70	2585.91	2581.49	2585.37	4257	0	18
2024.09.16	06:00:00	2585.36	2588.92	2583.81	2586.32	4874	0	18
2024.09.16	07:00:00	2586.34	2586.70	2584.92	2585.78	2751	0	18
2024.09.16	08:00:00	2585.79	2589.42	2585.44	2588.70	3577	0	18
2024.09.16	09:00:00	2588.74	2589.61	2585.13	2585.36	6642	0	16
2024.09.16	10:00:00	2585.28	2585.56	2579.53	2582.12	8485	0	16
2024.09.16	11:00:00	2582.08	2588.46	2581.38	2586.82	7671	0	16
2024.09.16	12:00:00	2586.80	2588.24	2584.18	2585.55	6237	0	16
2024.09.16	13:00:00	2585.55	2586.36	2575.26	2579.77	6508	0	16
2024.09.16	14:00:00	2579.77	2583.16	2578.70	2582.98	5442	0	14
2024.09.16	15:00:00	2583.00	2583.50	2578.48	2583.38	9075	0	14
2024.09.16	16:00:00	2583.37	2589.30	2581.18	2588.21	11134	0	14
2024.09.16	17:00:00	2588.20	2588.47	2576.10	2580.22	11999	0	14
2024.09.16	18:00:00	2580.24	2581.93	2577.72	2579.93	8421	0	14
2024.09.16	19:00:00	2579.94	2583.99	2579.52	2583.62	6600	0	14
2024.09.16	20:00:00	2583.61	2584.07	2579.86	2582.58	5409	0	15
2024.09.16	21:00:00	2582.59	2582.81	2580.19	2580.99	4089	0	15
2024.09.16	22:00:00	2581.00	2583.23	2579.59	2582.52	3361	0	15
2024.09.16	23:00:00	2582.53	2583.31	2581.82	2582.72	1686	0	11
2024.09.17	01:00:00	2582.49	2583.52	2582.13	2582.87	1054	0	18
2024.09.17	02:00:00	2582.89	2583.91	2582.13	2583.69	1786	0	18
2024.09.17	03:00:00	2583.68	2584.36	2580.21	2580.22	3728	0	18
2024.09.17	04:00:00	2580.21	2582.70	2578.35	2582.55	4954	0	18
2024.09.17	05:00:00	2582.55	2586.25	2580.97	2581.53	4923	0	18
2024.09.17	06:00:00	2581.53	2581.53	2576.76	2577.17	5320	0	18
2024.09.17	07:00:00	2577.12	2579.14	2574.89	2576.89	3889	0	18
2024.09.17	08:00:00	2576.89	2579.62	2574.55	2579.34	3984	0	18
2024.09.17	09:00:00	2579.34	2586.88	2579.33	2584.33	7686	0	16
2024.09.17	10:00:00	2584.32	2585.63	2582.68	2583.81	5903	0	16
2024.09.17	11:00:00	2583.80	2584.12	2577.60	2580.08	7176	0	16
2024.09.17	12:00:00	2580.08	2580.08	2571.64	2573.60	7401	0	16
2024.09.17	13:00:00	2573.59	2576.08	2569.72	2572.99	6467	0	16
2024.09.17	14:00:00	2573.04	2581.65	2572.14	2579.77	7218	0	14
2024.09.17	15:00:00	2579.77	2581.59	2568.34	2577.75	12184	0	8
2024.09.17	16:00:00	2577.75	2579.50	2573.10	2573.67	13327	0	14
2024.09.17	17:00:00	2573.66	2582.17	2571.70	2576.42	11611	0	14
2024.09.17	18:00:00	2576.46	2577.09	2561.76	2565.61	10611	0	14
2024.09.17	19:00:00	2565.63	2566.56	2561.38	2563.07	8572	0	19
2024.09.17	20:00:00	2563.08	2570.44	2560.74	2569.89	8176	0	15
2024.09.17	21:00:00	2569.89	2571.64	2568.66	2570.12	5663	0	15
2024.09.17	22:00:00	2570.11	2571.13	2566.97	2568.62	5225	0	15
2024.09.17	23:00:00	2568.61	2570.17	2568.32	2569.58	1733	0	14
2024.09.18	01:00:00	2570.19	2571.37	2569.90	2570.72	1257	0	18
2024.09.18	02:00:00	2570.72	2574.35	2570.69	2573.99	2536	0	18
2024.09.18	03:00:00	2573.99	2574.78	2571.45	2572.99	3898	0	18
2024.09.18	04:00:00	2573.00	2576.41	2571.59	2572.21	10565	0	18
2024.09.18	05:00:00	2572.29	2574.10	2570.01	2573.75	6609	0	18
2024.09.18	06:00:00	2573.75	2576.41	2572.74	2575.89	5764	0	18
2024.09.18	07:00:00	2575.89	2576.41	2567.97	2568.64	4839	0	18
2024.09.18	08:00:00	2568.61	2569.20	2565.72	2567.72	6922	0	18
2024.09.18	09:00:00	2567.69	2569.99	2566.65	2569.03	7362	0	16
2024.09.18	10:00:00	2569.06	2571.95	2568.67	2571.54	6535	0	16
2024.09.18	11:00:00	2571.55	2571.94	2568.24	2569.73	5121	0	16
2024.09.18	12:00:00	2569.74	2571.92	2567.93	2571.92	5355	0	16
2024.09.18	13:00:00	2571.99	2578.08	2571.02	2576.13	6182	0	16
2024.09.18	14:00:00	2576.13	2580.70	2575.05	2577.41	6167	0	14
2024.09.18	15:00:00	2577.42	2578.81	2573.48	2576.22	7472	0	14
2024.09.18	16:00:00	2576.25	2578.51	2568.57	2571.76	11134	0	14
2024.09.18	17:00:00	2571.76	2574.81	2568.01	2571.66	11277	0	14
2024.09.18	18:00:00	2571.67	2574.43	2568.04	2569.68	9171	0	14
2024.09.18	19:00:00	2569.68	2575.21	2568.84	2574.85	7044	0	15
2024.09.18	20:00:00	2574.87	2574.87	2566.28	2566.85	8494	0	15
2024.09.18	21:00:00	2566.22	2600.12	2566.21	2575.70	19521	0	18
2024.09.18	22:00:00	2575.91	2576.04	2546.77	2549.05	18537	0	15
2024.09.18	23:00:00	2548.94	2560.87	2548.54	2557.64	7343	0	11
2024.09.19	01:00:00	2558.88	2561.52	2555.55	2559.28	3005	0	18
2024.09.19	02:00:00	2559.28	2559.65	2556.26	2559.27	3426	0	18
2024.09.19	03:00:00	2559.28	2559.49	2556.97	2558.72	7414	0	18
2024.09.19	04:00:00	2558.69	2558.70	2551.04	2555.22	12008	0	18
2024.09.19	05:00:00	2555.23	2566.67	2555.23	2564.13	9986	0	18
2024.09.19	06:00:00	2564.10	2565.27	2561.29	2564.00	7625	0	18
2024.09.19	07:00:00	2564.03	2564.14	2559.54	2564.07	5086	0	18
2024.09.19	08:00:00	2564.08	2574.57	2563.95	2574.57	8984	0	18
2024.09.19	09:00:00	2574.56	2578.76	2573.89	2575.81	10681	0	16
2024.09.19	10:00:00	2575.82	2584.59	2575.00	2584.35	10084	0	16
2024.09.19	11:00:00	2584.35	2586.54	2581.37	2584.90	7629	0	16
2024.09.19	12:00:00	2584.95	2594.82	2584.02	2591.83	9799	0	16
2024.09.19	13:00:00	2591.84	2591.84	2585.89	2588.57	8214	0	16
2024.09.19	14:00:00	2588.57	2589.73	2584.34	2589.38	9734	0	14
2024.09.19	15:00:00	2589.38	2591.22	2573.10	2576.82	13197	0	14
2024.09.19	16:00:00	2576.71	2582.53	2569.72	2575.07	15715	0	14
2024.09.19	17:00:00	2575.06	2584.65	2571.70	2581.25	14894	0	14
2024.09.19	18:00:00	2581.27	2589.37	2580.41	2589.01	11026	0	14
2024.09.19	19:00:00	2589.01	2592.53	2587.68	2591.69	8434	0	15
2024.09.19	20:00:00	2591.68	2592.59	2587.91	2590.54	5860	0	15
2024.09.19	21:00:00	2590.56	2590.75	2586.55	2588.13	5658	0	15
2024.09.19	22:00:00	2588.12	2588.84	2585.91	2588.31	4679	0	15
2024.09.19	23:00:00	2588.32	2589.68	2586.36	2587.07	2134	0	15
2024.09.20	01:00:00	2586.39	2587.84	2586.15	2587.72	1044	0	18
2024.09.20	02:00:00	2587.72	2587.74	2586.36	2587.22	2094	0	18
2024.09.20	03:00:00	2587.22	2588.46	2586.10	2588.03	3744	0	18
2024.09.20	04:00:00	2588.08	2589.42	2584.77	2588.22	9062	0	18
2024.09.20	05:00:00	2588.14	2592.48	2587.33	2591.54	6546	0	18
2024.09.20	06:00:00	2591.54	2593.58	2590.96	2591.39	7610	0	18
2024.09.20	07:00:00	2591.42	2594.32	2591.36	2593.70	3366	0	18
2024.09.20	08:00:00	2593.76	2595.16	2592.38	2594.48	4745	0	18
2024.09.20	09:00:00	2594.48	2606.93	2594.27	2605.41	10101	0	16
2024.09.20	10:00:00	2605.55	2609.75	2604.74	2607.13	9326	0	16
2024.09.20	11:00:00	2607.10	2612.66	2605.41	2609.77	8929	0	16
2024.09.20	12:00:00	2609.77	2610.54	2602.46	2606.29	6621	0	16
2024.09.20	13:00:00	2606.31	2614.14	2606.19	2613.19	7035	0	16
2024.09.20	14:00:00	2613.19	2615.46	2610.25	2613.68	7881	0	14
2024.09.20	15:00:00	2613.68	2619.33	2613.39	2615.58	9933	0	14
2024.09.20	16:00:00	2615.57	2616.51	2602.58	2606.62	15370	0	14
2024.09.20	17:00:00	2606.64	2617.06	2604.71	2613.98	14216	0	14
2024.09.20	18:00:00	2613.88	2622.97	2611.19	2622.83	13882	0	14
2024.09.20	19:00:00	2622.83	2625.73	2619.69	2624.89	9550	0	14
2024.09.20	20:00:00	2624.86	2625.37	2619.19	2619.52	8431	0	15
2024.09.20	21:00:00	2619.54	2622.14	2617.79	2621.64	7330	0	15
2024.09.20	22:00:00	2621.62	2623.34	2620.61	2621.06	5636	0	15
2024.09.20	23:00:00	2621.06	2622.01	2618.99	2621.92	2432	0	15
2024.09.23	01:00:00	2621.01	2621.99	2619.70	2620.40	2310	0	18
2024.09.23	02:00:00	2620.40	2621.46	2619.60	2620.19	1964	0	18
2024.09.23	03:00:00	2620.18	2620.23	2618.16	2618.25	2895	0	18
2024.09.23	04:00:00	2618.20	2621.40	2616.03	2620.09	7884	0	18
2024.09.23	05:00:00	2620.10	2626.20	2618.78	2625.35	6616	0	18
2024.09.23	06:00:00	2625.34	2631.08	2624.81	2628.49	5725	0	18
2024.09.23	07:00:00	2628.48	2631.04	2627.98	2629.40	2781	0	18
2024.09.23	08:00:00	2629.39	2631.31	2626.76	2630.00	5535	0	18
2024.09.23	09:00:00	2630.00	2630.11	2624.44	2624.44	8291	0	16
2024.09.23	10:00:00	2624.43	2625.01	2613.84	2615.13	11708	0	14
2024.09.23	11:00:00	2615.12	2619.64	2614.63	2616.87	9024	0	16
2024.09.23	12:00:00	2616.86	2622.04	2615.37	2621.62	6667	0	16
2024.09.23	13:00:00	2621.62	2623.57	2620.70	2621.51	6185	0	16
2024.09.23	14:00:00	2621.56	2625.74	2620.88	2624.04	6457	0	14
2024.09.23	15:00:00	2624.05	2628.12	2620.01	2627.00	8932	0	14
2024.09.23	16:00:00	2627.00	2634.25	2625.53	2631.92	13073	0	14
2024.09.23	17:00:00	2631.88	2634.82	2628.24	2630.42	12901	0	14
2024.09.23	18:00:00	2630.44	2631.94	2625.72	2629.26	10035	0	14
2024.09.23	19:00:00	2629.26	2630.83	2626.54	2628.16	8490	0	15
2024.09.23	20:00:00	2628.17	2629.09	2626.46	2627.94	6039	0	15
2024.09.23	21:00:00	2627.95	2628.72	2625.95	2627.31	5687	0	15
2024.09.23	22:00:00	2627.31	2627.89	2625.65	2626.25	5101	0	15
2024.09.23	23:00:00	2626.24	2627.84	2626.22	2627.59	1942	0	15
2024.09.24	01:00:00	2626.98	2628.20	2626.91	2627.46	912	0	18
2024.09.24	02:00:00	2627.46	2627.48	2625.84	2626.32	1904	0	18
2024.09.24	03:00:00	2626.31	2626.57	2623.82	2625.14	4182	0	18
2024.09.24	04:00:00	2625.19	2630.15	2624.87	2629.09	10047	0	18
2024.09.24	05:00:00	2629.06	2629.28	2626.72	2628.89	7106	0	18
2024.09.24	06:00:00	2628.87	2636.05	2628.77	2634.00	7750	0	18
2024.09.24	07:00:00	2633.99	2638.22	2631.95	2638.08	5700	0	18
2024.09.24	08:00:00	2638.10	2640.07	2625.15	2625.38	9394	0	18
2024.09.24	09:00:00	2625.39	2629.88	2624.48	2628.69	11347	0	16
2024.09.24	10:00:00	2628.72	2630.26	2622.62	2628.91	9468	0	16
2024.09.24	11:00:00	2628.92	2629.50	2625.93	2629.02	7512	0	16
2024.09.24	12:00:00	2629.05	2630.82	2627.00	2630.75	6435	0	16
2024.09.24	13:00:00	2630.74	2636.23	2630.59	2633.36	7034	0	16
2024.09.24	14:00:00	2633.32	2633.40	2623.37	2626.39	9668	0	14
2024.09.24	15:00:00	2626.41	2633.23	2623.55	2633.14	10933	0	14
2024.09.24	16:00:00	2633.15	2637.23	2630.94	2634.73	13673	0	14
2024.09.24	17:00:00	2634.76	2647.12	2634.53	2643.49	14785	0	14
2024.09.24	18:00:00	2643.50	2648.35	2639.76	2643.15	13552	0	14
2024.09.24	19:00:00	2643.15	2655.13	2642.39	2653.49	12198	0	15
2024.09.24	20:00:00	2653.50	2654.50	2649.77	2654.02	8898	0	15
2024.09.24	21:00:00	2654.01	2657.69	2653.33	2657.28	6494	0	15
2024.09.24	22:00:00	2657.26	2664.28	2656.35	2662.64	7011	0	15
2024.09.24	23:00:00	2662.65	2663.68	2656.94	2657.18	3153	0	12
2024.09.25	01:00:00	2658.59	2659.83	2657.57	2659.16	1946	0	18
2024.09.25	02:00:00	2659.16	2659.22	2656.69	2658.15	3075	0	18
2024.09.25	03:00:00	2658.14	2660.90	2656.61	2660.77	4497	0	18
2024.09.25	04:00:00	2660.78	2662.84	2655.49	2660.11	12663	0	18
2024.09.25	05:00:00	2660.04	2670.50	2659.65	2670.14	9202	0	18
2024.09.25	06:00:00	2670.12	2670.22	2659.79	2661.49	7150	0	18
2024.09.25	07:00:00	2661.50	2661.65	2657.61	2658.92	5666	0	18
2024.09.25	08:00:00	2658.89	2659.80	2654.40	2657.21	7444	0	18
2024.09.25	09:00:00	2657.24	2659.77	2653.53	2654.73	10143	0	16
2024.09.25	10:00:00	2654.79	2657.64	2651.48	2656.91	8348	0	16
2024.09.25	11:00:00	2656.93	2658.54	2654.60	2655.88	6963	0	16
2024.09.25	12:00:00	2655.89	2657.67	2652.70	2656.95	6654	0	15
2024.09.25	13:00:00	2656.96	2658.14	2654.36	2655.59	6484	0	16
2024.09.25	14:00:00	2655.61	2658.04	2653.93	2657.36	6450	0	14
2024.09.25	15:00:00	2657.33	2660.76	2656.93	2659.52	9576	0	14
2024.09.25	16:00:00	2659.47	2665.98	2658.35	2664.63	12842	0	14
2024.09.25	17:00:00	2664.61	2667.42	2654.24	2658.95	13802	0	14
2024.09.25	18:00:00	2659.02	2660.78	2655.29	2657.71	11664	0	14
2024.09.25	19:00:00	2657.73	2658.80	2649.62	2653.73	9302	0	15
2024.09.25	20:00:00	2653.63	2662.95	2653.14	2660.62	8432	0	15
2024.09.25	21:00:00	2660.63	2661.66	2659.09	2660.35	4378	0	15
2024.09.25	22:00:00	2660.34	2661.59	2659.40	2659.66	4046	0	15
2024.09.25	23:00:00	2659.67	2660.28	2656.42	2657.60	2881	0	8
2024.09.26	01:00:00	2658.04	2659.68	2656.63	2658.28	1835	0	18
2024.09.26	02:00:00	2658.28	2659.46	2656.21	2656.33	2238	0	18
2024.09.26	03:00:00	2656.31	2660.35	2655.37	2659.05	4492	0	18
2024.09.26	04:00:00	2659.08	2661.39	2657.66	2660.75	8033	0	18
2024.09.26	05:00:00	2660.79	2661.58	2657.04	2658.14	6300	0	18
2024.09.26	06:00:00	2658.10	2662.51	2657.77	2662.51	5433	0	18
2024.09.26	07:00:00	2662.52	2662.89	2660.16	2660.64	2912	0	18
2024.09.26	08:00:00	2660.63	2663.38	2659.75	2661.46	7491	0	18
2024.09.26	09:00:00	2661.46	2662.61	2657.98	2661.69	9275	0	16
2024.09.26	10:00:00	2661.68	2666.85	2659.48	2664.68	8835	0	16
2024.09.26	11:00:00	2664.62	2670.54	2664.60	2669.00	8487	0	16
2024.09.26	12:00:00	2669.01	2669.82	2666.99	2668.89	6871	0	16
2024.09.26	13:00:00	2668.87	2675.62	2667.49	2672.65	8586	0	16
2024.09.26	14:00:00	2672.65	2685.54	2672.22	2682.80	10593	0	14
2024.09.26	15:00:00	2682.81	2684.18	2668.53	2677.27	14498	0	14
2024.09.26	16:00:00	2677.26	2679.66	2654.80	2660.87	17729	0	14
2024.09.26	17:00:00	2660.88	2669.53	2659.72	2665.83	15133	0	14
2024.09.26	18:00:00	2665.83	2673.13	2662.42	2671.35	12289	0	14
2024.09.26	19:00:00	2671.39	2672.40	2662.94	2668.18	10448	0	15
2024.09.26	20:00:00	2668.17	2672.17	2667.54	2670.91	7568	0	15
2024.09.26	21:00:00	2670.93	2677.08	2670.06	2675.86	5946	0	15
2024.09.26	22:00:00	2675.88	2677.84	2672.22	2673.59	5383	0	15
2024.09.26	23:00:00	2673.62	2673.97	2670.77	2672.52	1963	0	15
2024.09.27	01:00:00	2672.08	2673.16	2671.58	2672.34	1102	0	18
2024.09.27	02:00:00	2672.34	2673.24	2671.94	2672.64	2347	0	18
2024.09.27	03:00:00	2672.63	2672.67	2669.36	2669.80	5491	0	18
2024.09.27	04:00:00	2669.79	2672.76	2666.21	2669.51	11592	0	18
2024.09.27	05:00:00	2669.48	2671.00	2667.23	2668.97	8378	0	18
2024.09.27	06:00:00	2668.96	2673.95	2668.67	2673.66	6422	0	18
2024.09.27	07:00:00	2673.67	2673.89	2669.29	2670.50	4166	0	18
2024.09.27	08:00:00	2670.51	2671.35	2662.32	2664.86	10089	0	18
2024.09.27	09:00:00	2664.86	2669.49	2664.03	2665.77	11683	0	16
2024.09.27	10:00:00	2665.75	2668.26	2660.95	2664.69	10680	0	16
2024.09.27	11:00:00	2664.67	2665.41	2661.81	2662.60	9566	0	16
2024.09.27	12:00:00	2662.62	2664.91	2658.33	2663.69	8166	0	16
2024.09.27	13:00:00	2663.67	2665.61	2662.01	2664.32	7174	0	16
2024.09.27	14:00:00	2664.32	2669.18	2664.26	2666.14	6576	0	14
2024.09.27	15:00:00	2666.16	2674.24	2662.26	2670.05	12213	0	14
2024.09.27	16:00:00	2670.06	2670.90	2664.03	2665.84	13537	0	14
2024.09.27	17:00:00	2665.37	2666.90	2649.42	2649.52	14058	0	14
2024.09.27	18:00:00	2649.46	2654.63	2644.73	2649.84	13953	0	14
2024.09.27	19:00:00	2649.81	2656.29	2646.07	2651.82	10496	0	14
2024.09.27	20:00:00	2651.83	2652.39	2643.05	2645.18	8944	0	15
2024.09.27	21:00:00	2645.22	2648.94	2643.45	2648.02	7427	0	15
2024.09.27	22:00:00	2648.01	2652.79	2645.59	2652.07	6150	0	15
2024.09.27	23:00:00	2652.05	2654.56	2651.13	2654.56	2131	0	15
2024.09.30	01:00:00	2661.60	2663.49	2659.84	2662.73	3760	0	20
2024.09.30	02:00:00	2662.73	2665.01	2661.65	2663.52	4335	0	19
2024.09.30	03:00:00	2663.54	2665.95	2661.25	2661.57	7154	0	18
2024.09.30	04:00:00	2661.55	2664.26	2647.39	2652.68	12547	0	19
2024.09.30	05:00:00	2652.66	2656.36	2650.27	2652.60	8663	0	18
2024.09.30	06:00:00	2652.60	2655.52	2652.22	2653.54	5339	0	18
2024.09.30	07:00:00	2653.53	2655.90	2652.10	2655.88	3701	0	18
2024.09.30	08:00:00	2655.88	2659.29	2654.39	2657.80	6968	0	18
2024.09.30	09:00:00	2657.80	2660.09	2655.67	2657.83	8619	0	16
2024.09.30	10:00:00	2657.92	2660.61	2650.64	2650.90	7802	0	16
2024.09.30	11:00:00	2650.80	2656.57	2650.60	2653.45	8373	0	16
2024.09.30	12:00:00	2653.52	2653.60	2648.32	2649.67	7474	0	16
2024.09.30	13:00:00	2649.68	2650.06	2635.76	2636.91	8562	0	16
2024.09.30	14:00:00	2636.90	2642.79	2634.45	2641.55	8275	0	13
2024.09.30	15:00:00	2641.56	2644.15	2634.87	2639.00	9301	0	17
2024.09.30	16:00:00	2639.00	2642.05	2630.41	2635.75	13310	0	17
2024.09.30	17:00:00	2635.66	2636.10	2628.80	2633.27	14482	0	15
2024.09.30	18:00:00	2633.27	2636.40	2630.30	2633.90	10822	0	17
2024.09.30	19:00:00	2633.90	2639.38	2633.40	2639.10	8219	0	15
2024.09.30	20:00:00	2639.12	2641.80	2636.35	2637.75	7100	0	15
2024.09.30	21:00:00	2637.74	2638.24	2624.62	2631.50	11875	0	17
2024.09.30	22:00:00	2631.29	2631.73	2626.46	2630.97	7622	0	18
2024.09.30	23:00:00	2631.07	2634.26	2630.71	2633.38	2043	0	16
2024.10.01	01:00:00	2633.55	2634.96	2633.16	2634.95	1268	0	20
2024.10.01	02:00:00	2634.95	2636.23	2634.57	2635.67	2000	0	18
2024.10.01	03:00:00	2635.68	2637.10	2633.91	2636.38	3649	0	18
2024.10.01	04:00:00	2636.38	2639.77	2635.43	2639.77	3801	0	18
2024.10.01	05:00:00	2639.78	2639.95	2635.00	2636.39	3834	0	18
2024.10.01	06:00:00	2636.38	2638.59	2634.55	2637.94	3456	0	18
2024.10.01	07:00:00	2637.95	2640.37	2637.41	2639.56	2903	0	18
2024.10.01	08:00:00	2639.57	2644.28	2639.55	2643.05	5220	0	18
2024.10.01	09:00:00	2643.05	2645.50	2642.59	2645.27	5910	0	16
2024.10.01	10:00:00	2645.41	2647.41	2641.70	2645.56	8892	0	16
2024.10.01	11:00:00	2645.55	2646.76	2642.39	2646.53	7170	0	16
2024.10.01	12:00:00	2646.55	2649.27	2645.37	2648.67	6833	0	16
2024.10.01	13:00:00	2648.68	2650.46	2648.21	2650.33	6002	0	16
2024.10.01	14:00:00	2650.33	2652.02	2646.84	2650.17	7022	0	14
2024.10.01	15:00:00	2650.17	2656.64	2650.13	2651.49	8914	0	17
2024.10.01	16:00:00	2651.53	2671.86	2647.95	2667.51	13755	0	17
2024.10.01	17:00:00	2667.46	2669.86	2657.38	2659.20	15556	0	16
2024.10.01	18:00:00	2659.13	2665.38	2653.81	2663.41	12893	0	16
2024.10.01	19:00:00	2663.41	2673.11	2661.20	2666.42	10664	0	16
2024.10.01	20:00:00	2666.39	2671.72	2661.16	2662.41	10700	0	15
2024.10.01	21:00:00	2662.41	2664.91	2657.52	2661.04	7174	0	15
2024.10.01	22:00:00	2660.99	2664.25	2658.11	2658.63	5102	0	18
2024.10.01	23:00:00	2658.64	2662.84	2657.90	2662.69	2161	0	8
2024.10.02	01:00:00	2661.79	2662.80	2661.23	2662.04	1181	0	19
2024.10.02	02:00:00	2662.04	2662.22	2660.12	2660.32	1953	0	18
2024.10.02	03:00:00	2660.34	2660.63	2656.92	2657.40	4765	0	18
2024.10.02	04:00:00	2657.44	2661.90	2656.24	2660.60	5880	0	18
2024.10.02	05:00:00	2660.54	2661.16	2658.79	2660.12	4450	0	18
2024.10.02	06:00:00	2660.09	2661.51	2655.08	2655.33	4687	0	18
2024.10.02	07:00:00	2655.33	2656.47	2652.57	2654.10	4379	0	18
2024.10.02	08:00:00	2654.11	2656.17	2644.51	2648.02	7845	0	18
2024.10.02	09:00:00	2648.02	2650.81	2647.16	2649.76	5723	0	16
2024.10.02	10:00:00	2649.65	2655.51	2649.41	2655.40	7914	0	16
2024.10.02	11:00:00	2655.41	2655.80	2648.59	2652.44	6719	0	15
2024.10.02	12:00:00	2652.38	2655.51	2651.59	2652.93	5661	0	16
2024.10.02	13:00:00	2652.94	2654.34	2648.77	2649.13	5084	0	16
2024.10.02	14:00:00	2649.13	2652.56	2647.96	2649.52	6618	0	14
2024.10.02	15:00:00	2649.52	2652.95	2643.72	2649.56	9527	0	17
2024.10.02	16:00:00	2649.57	2660.80	2649.21	2659.48	12376	0	17
2024.10.02	17:00:00	2659.57	2663.32	2647.39	2648.03	14160	0	14
2024.10.02	18:00:00	2648.04	2650.64	2641.11	2649.89	11022	0	14
2024.10.02	19:00:00	2649.89	2652.23	2648.07	2649.64	6637	0	16
2024.10.02	20:00:00	2649.62	2652.74	2647.17	2652.13	5487	0	15
2024.10.02	21:00:00	2652.15	2655.89	2651.08	2654.01	5049	0	15
2024.10.02	22:00:00	2654.02	2658.88	2653.64	2658.55	4254	0	15
2024.10.02	23:00:00	2658.55	2659.79	2658.31	2658.66	1858	0	15
2024.10.03	01:00:00	2658.80	2660.26	2658.43	2659.45	1928	0	18
2024.10.03	02:00:00	2659.45	2661.16	2659.38	2660.22	3132	0	18
2024.10.03	03:00:00	2660.23	2662.83	2657.40	2657.77	5076	0	18
2024.10.03	04:00:00	2657.78	2658.88	2655.00	2658.17	6040	0	18
2024.10.03	05:00:00	2658.21	2658.57	2655.34	2655.78	4248	0	18
2024.10.03	06:00:00	2655.75	2657.88	2653.28	2655.95	4629	0	18
2024.10.03	07:00:00	2655.94	2656.49	2654.57	2654.94	3177	0	18
2024.10.03	08:00:00	2654.94	2656.61	2651.81	2653.25	6693	0	18
2024.10.03	09:00:00	2653.25	2657.42	2651.25	2655.83	6883	0	16
2024.10.03	10:00:00	2655.82	2656.15	2643.46	2645.25	9595	0	16
2024.10.03	11:00:00	2645.24	2647.41	2641.78	2645.10	7430	0	16
2024.10.03	12:00:00	2645.09	2647.52	2640.94	2644.81	7204	0	16
2024.10.03	13:00:00	2644.80	2648.04	2644.03	2646.74	6269	0	16
2024.10.03	14:00:00	2646.74	2648.96	2643.61	2647.97	6537	0	15
2024.10.03	15:00:00	2647.96	2653.87	2642.06	2642.36	11900	0	17
2024.10.03	16:00:00	2642.35	2651.32	2641.61	2646.69	12382	0	17
2024.10.03	17:00:00	2646.69	2654.44	2637.23	2650.17	14974	0	17
2024.10.03	18:00:00	2650.19	2654.53	2647.94	2648.84	8989	0	17
2024.10.03	19:00:00	2648.86	2660.97	2648.52	2660.00	7849	0	18
2024.10.03	20:00:00	2660.02	2662.05	2655.14	2656.69	7232	0	15
2024.10.03	21:00:00	2656.71	2659.64	2655.37	2657.48	4433	0	16
2024.10.03	22:00:00	2657.49	2659.43	2656.94	2657.91	4582	0	15
2024.10.03	23:00:00	2657.88	2657.89	2656.05	2656.16	1580	0	15
2024.10.04	01:00:00	2655.89	2656.28	2654.38	2656.00	1614	0	18
2024.10.04	02:00:00	2656.00	2656.59	2654.31	2655.77	1291	0	18
2024.10.04	03:00:00	2655.78	2657.48	2655.44	2657.25	3791	0	18
2024.10.04	04:00:00	2657.24	2659.13	2656.76	2658.24	5059	0	18
2024.10.04	05:00:00	2658.24	2663.47	2657.96	2662.02	4603	0	18
2024.10.04	06:00:00	2662.04	2663.56	2660.77	2661.12	3888	0	18
2024.10.04	07:00:00	2661.11	2665.78	2660.65	2664.05	3606	0	18
2024.10.04	08:00:00	2664.06	2667.78	2664.06	2667.39	4454	0	18
2024.10.04	09:00:00	2667.39	2667.52	2659.65	2660.20	5532	0	16
2024.10.04	10:00:00	2660.19	2663.12	2658.73	2661.00	7043	0	16
2024.10.04	11:00:00	2661.05	2661.51	2658.83	2658.98	5256	0	16
2024.10.04	12:00:00	2658.99	2660.18	2656.83	2657.46	4944	0	16
2024.10.04	13:00:00	2657.45	2660.67	2657.16	2658.27	4268	0	16
2024.10.04	14:00:00	2658.26	2662.53	2657.38	2661.31	5425	0	14
2024.10.04	15:00:00	2661.38	2661.48	2631.98	2638.79	13538	0	14
2024.10.04	16:00:00	2638.84	2655.08	2637.48	2651.82	14996	0	14
2024.10.04	17:00:00	2651.87	2661.14	2646.49	2658.35	14061	0	14
2024.10.04	18:00:00	2658.35	2670.11	2647.87	2653.17	15173	0	14
2024.10.04	19:00:00	2653.18	2653.75	2641.80	2645.35	9519	0	15
2024.10.04	20:00:00	2645.34	2650.43	2644.01	2650.06	7624	0	15
2024.10.04	21:00:00	2650.08	2650.74	2644.35	2645.58	7229	0	15
2024.10.04	22:00:00	2645.55	2652.06	2642.69	2651.59	5435	0	15
2024.10.04	23:00:00	2651.60	2653.20	2649.83	2652.45	2142	0	15
2024.10.07	01:00:00	2651.59	2652.19	2649.99	2650.80	2361	0	19
2024.10.07	02:00:00	2650.80	2652.39	2649.68	2650.18	2375	0	18
2024.10.07	03:00:00	2650.19	2651.06	2647.79	2649.28	3942	0	18
2024.10.07	04:00:00	2649.28	2651.89	2643.78	2646.17	6832	0	19
2024.10.07	05:00:00	2646.14	2648.62	2645.23	2645.23	5663	0	18
2024.10.07	06:00:00	2645.22	2647.44	2643.88	2647.38	4897	0	18
2024.10.07	07:00:00	2647.36	2648.59	2646.31	2646.72	2767	0	18
2024.10.07	08:00:00	2646.74	2646.74	2639.99	2640.67	4917	0	18
2024.10.07	09:00:00	2640.67	2643.86	2639.68	2643.21	6278	0	16
2024.10.07	10:00:00	2643.19	2652.77	2641.99	2652.02	8763	0	16
2024.10.07	11:00:00	2652.03	2656.35	2651.59	2652.22	8181	0	16
2024.10.07	12:00:00	2652.23	2657.24	2650.69	2656.54	6384	0	16
2024.10.07	13:00:00	2656.54	2658.47	2655.19	2655.35	5511	0	16
2024.10.07	14:00:00	2655.36	2659.59	2655.09	2656.87	6481	0	15
2024.10.07	15:00:00	2656.92	2659.23	2637.73	2640.07	12216	0	18
2024.10.07	16:00:00	2640.07	2653.69	2639.71	2642.75	13467	0	16
2024.10.07	17:00:00	2642.73	2647.77	2640.36	2640.83	11700	0	14
2024.10.07	18:00:00	2640.83	2650.13	2639.10	2645.65	8335	0	16
2024.10.07	19:00:00	2645.66	2646.88	2642.60	2646.80	5540	0	17
2024.10.07	20:00:00	2646.81	2648.73	2644.16	2647.98	4496	0	15
2024.10.07	21:00:00	2647.97	2648.08	2639.63	2640.76	5565	0	15
2024.10.07	22:00:00	2640.75	2644.64	2640.33	2643.25	4629	0	15
2024.10.07	23:00:00	2643.18	2643.66	2641.72	2642.68	1902	0	17
2024.10.08	01:00:00	2642.00	2649.09	2641.79	2644.18	2393	0	20
2024.10.08	02:00:00	2644.19	2644.83	2642.42	2642.99	2959	0	20
2024.10.08	03:00:00	2643.01	2645.09	2642.28	2643.59	4739	0	19
2024.10.08	04:00:00	2643.44	2647.87	2637.88	2647.25	12204	0	20
2024.10.08	05:00:00	2647.24	2648.20	2633.72	2635.70	12572	0	20
2024.10.08	06:00:00	2635.54	2645.71	2635.22	2642.93	9392	0	18
2024.10.08	07:00:00	2642.94	2643.75	2641.31	2643.06	3167	0	19
2024.10.08	08:00:00	2643.07	2646.27	2641.52	2644.98	6856	0	21
2024.10.08	09:00:00	2644.97	2646.41	2635.70	2636.39	9891	0	18
2024.10.08	10:00:00	2636.37	2638.49	2631.15	2634.01	11042	0	18
2024.10.08	11:00:00	2633.96	2640.33	2628.54	2637.91	10393	0	16
2024.10.08	12:00:00	2637.90	2641.94	2635.76	2641.43	7611	0	16
2024.10.08	13:00:00	2641.44	2647.41	2639.80	2646.28	7641	0	17
2024.10.08	14:00:00	2646.28	2651.86	2646.21	2650.72	8273	0	14
2024.10.08	15:00:00	2650.73	2652.99	2639.70	2645.91	11375	0	15
2024.10.08	16:00:00	2645.91	2647.69	2636.59	2639.65	14724	0	16
2024.10.08	17:00:00	2639.62	2640.40	2619.79	2620.95	15766	0	14
2024.10.08	18:00:00	2620.99	2621.10	2604.71	2612.96	14422	0	14
2024.10.08	19:00:00	2612.95	2616.20	2606.64	2608.92	9891	0	16
2024.10.08	20:00:00	2608.94	2618.08	2605.52	2614.51	8638	0	15
2024.10.08	21:00:00	2614.53	2616.98	2613.84	2615.67	6078	0	17
2024.10.08	22:00:00	2615.66	2623.60	2614.89	2622.91	6295	0	15
2024.10.08	23:00:00	2622.92	2623.09	2618.87	2621.06	2902	0	9
2024.10.09	01:00:00	2621.72	2622.22	2620.56	2621.95	1034	0	18
2024.10.09	02:00:00	2621.95	2623.74	2621.12	2621.98	2784	0	18
2024.10.09	03:00:00	2621.98	2623.19	2620.89	2621.15	3931	0	18
2024.10.09	04:00:00	2621.13	2624.18	2618.35	2619.97	10838	0	18
2024.10.09	05:00:00	2619.96	2620.34	2616.85	2618.39	8584	0	18
2024.10.09	06:00:00	2618.39	2618.81	2614.90	2617.13	6312	0	18
2024.10.09	07:00:00	2617.14	2618.57	2615.40	2615.97	2216	0	18
2024.10.09	08:00:00	2615.96	2624.27	2615.67	2619.67	8958	0	18
2024.10.09	09:00:00	2619.68	2619.68	2610.61	2612.72	9025	0	17
2024.10.09	10:00:00	2612.73	2615.58	2609.13	2611.61	8282	0	16
2024.10.09	11:00:00	2611.64	2617.38	2610.48	2616.25	7751	0	17
2024.10.09	12:00:00	2616.26	2618.57	2614.65	2618.04	6259	0	17
2024.10.09	13:00:00	2618.04	2621.41	2616.03	2621.10	5253	0	17
2024.10.09	14:00:00	2621.03	2622.39	2616.96	2619.02	5956	0	14
2024.10.09	15:00:00	2619.02	2622.28	2615.43	2618.88	8634	0	14
2024.10.09	16:00:00	2618.89	2620.64	2606.95	2609.63	13320	0	14
2024.10.09	17:00:00	2609.59	2611.86	2605.36	2609.84	11781	0	14
2024.10.09	18:00:00	2609.82	2617.85	2609.48	2614.79	8542	0	14
2024.10.09	19:00:00	2614.80	2615.77	2607.77	2608.68	7989	0	19
2024.10.09	20:00:00	2608.67	2609.90	2606.53	2609.57	5861	0	15
2024.10.09	21:00:00	2609.62	2611.02	2605.11	2606.37	5985	0	15
2024.10.09	22:00:00	2606.39	2610.17	2606.29	2609.14	3687	0	15
2024.10.09	23:00:00	2609.15	2609.41	2606.86	2607.81	2130	0	15
2024.10.10	01:00:00	2607.70	2608.93	2607.36	2608.86	1052	0	18
2024.10.10	02:00:00	2608.86	2609.40	2607.87	2608.41	1148	0	18
2024.10.10	03:00:00	2608.45	2610.12	2605.90	2609.31	4653	0	18
2024.10.10	04:00:00	2609.30	2612.48	2606.77	2609.07	9671	0	18
2024.10.10	05:00:00	2609.03	2615.57	2607.98	2615.23	8088	0	18
2024.10.10	06:00:00	2615.22	2616.86	2611.38	2611.74	6663	0	18
2024.10.10	07:00:00	2611.74	2614.67	2611.46	2613.85	3507	0	18
2024.10.10	08:00:00	2613.89	2615.51	2612.46	2613.28	6618	0	19
2024.10.10	09:00:00	2613.28	2616.35	2610.62	2612.46	7557	0	17
2024.10.10	10:00:00	2612.47	2617.04	2610.20	2616.69	7986	0	17
2024.10.10	11:00:00	2616.73	2617.29	2613.51	2615.45	5011	0	18
2024.10.10	12:00:00	2615.47	2618.39	2614.30	2617.19	4487	0	16
2024.10.10	13:00:00	2617.17	2618.43	2615.57	2617.92	4389	0	17
2024.10.10	14:00:00	2617.80	2618.86	2611.21	2612.99	6521	0	14
2024.10.10	15:00:00	2613.07	2627.22	2602.55	2625.02	13686	0	14
2024.10.10	16:00:00	2625.03	2627.90	2615.71	2626.73	16976	0	14
2024.10.10	17:00:00	2626.70	2629.68	2622.71	2625.43	14604	0	14
2024.10.10	18:00:00	2625.43	2626.15	2618.80	2623.57	10825	0	14
2024.10.10	19:00:00	2623.57	2629.06	2618.72	2619.28	9710	0	19
2024.10.10	20:00:00	2619.26	2626.23	2616.49	2623.82	9984	0	15
2024.10.10	21:00:00	2623.81	2629.07	2623.33	2626.43	5877	0	15
2024.10.10	22:00:00	2626.38	2631.37	2625.94	2629.03	5530	0	15
2024.10.10	23:00:00	2629.30	2631.47	2628.76	2629.10	1742	0	14
2024.10.11	01:00:00	2628.47	2629.12	2628.11	2628.22	1121	0	19
2024.10.11	02:00:00	2628.22	2635.91	2628.22	2633.14	3542	0	20
2024.10.11	03:00:00	2633.15	2634.38	2632.01	2633.77	6007	0	19
2024.10.11	04:00:00	2633.79	2637.98	2632.91	2637.78	9013	0	19
2024.10.11	05:00:00	2637.76	2644.09	2635.25	2642.36	8630	0	18
2024.10.11	06:00:00	2642.35	2646.02	2640.62	2645.45	5776	0	19
2024.10.11	07:00:00	2645.49	2646.01	2643.82	2645.60	3128	0	18
2024.10.11	08:00:00	2645.55	2645.93	2643.14	2644.72	4530	0	20
2024.10.11	09:00:00	2644.71	2647.16	2638.04	2639.49	9147	0	17
2024.10.11	10:00:00	2639.44	2645.55	2638.36	2645.39	6572	0	16
2024.10.11	11:00:00	2645.36	2646.16	2639.08	2639.20	5337	0	16
2024.10.11	12:00:00	2639.24	2641.60	2636.14	2637.90	5619	0	16
2024.10.11	13:00:00	2637.88	2642.21	2637.05	2641.58	4460	0	16
2024.10.11	14:00:00	2641.59	2644.81	2638.68	2644.70	5200	0	14
2024.10.11	15:00:00	2644.70	2650.08	2640.61	2643.03	11466	0	14
2024.10.11	16:00:00	2643.13	2653.35	2642.61	2649.96	13088	0	14
2024.10.11	17:00:00	2649.29	2655.21	2646.44	2653.07	12233	0	14
2024.10.11	18:00:00	2653.09	2659.23	2653.07	2658.76	8761	0	14
2024.10.11	19:00:00	2658.76	2661.35	2657.81	2660.42	6801	0	19
2024.10.11	20:00:00	2660.43	2661.13	2656.22	2659.47	7613	0	15
2024.10.11	21:00:00	2659.50	2659.50	2656.08	2658.58	5152	0	15
2024.10.11	22:00:00	2658.58	2658.79	2655.20	2656.07	3890	0	15
2024.10.11	23:00:00	2655.98	2657.02	2654.71	2656.93	1499	0	15
2024.10.14	01:00:00	2649.67	2652.47	2646.86	2650.26	3408	0	18
2024.10.14	02:00:00	2650.26	2650.63	2647.55	2648.00	3575	0	18
2024.10.14	03:00:00	2648.05	2648.35	2645.09	2646.67	4853	0	18
2024.10.14	04:00:00	2646.67	2648.45	2643.53	2646.12	9985	0	18
2024.10.14	05:00:00	2646.12	2655.40	2643.12	2655.12	7827	0	18
2024.10.14	06:00:00	2655.11	2657.37	2653.69	2655.56	5195	0	18
2024.10.14	07:00:00	2655.55	2660.27	2655.26	2659.20	2200	0	18
2024.10.14	08:00:00	2659.17	2660.67	2657.06	2658.95	3933	0	18
2024.10.14	09:00:00	2658.95	2666.77	2657.42	2664.05	8148	0	16
2024.10.14	10:00:00	2664.03	2665.18	2659.11	2660.42	7031	0	16
2024.10.14	11:00:00	2660.45	2661.88	2658.35	2659.37	5215	0	16
2024.10.14	12:00:00	2659.38	2662.96	2656.78	2658.50	4530	0	16
2024.10.14	13:00:00	2658.51	2660.84	2655.79	2655.80	4266	0	16
2024.10.14	14:00:00	2655.80	2656.79	2651.01	2652.11	5876	0	14
2024.10.14	15:00:00	2652.08	2654.54	2649.26	2651.35	7720	0	14
2024.10.14	16:00:00	2651.33	2661.16	2647.68	2655.43	12052	0	14
2024.10.14	17:00:00	2655.41	2657.00	2644.68	2645.66	12346	0	14
2024.10.14	18:00:00	2645.72	2649.03	2643.91	2646.73	7513	0	14
2024.10.14	19:00:00	2646.73	2649.72	2645.81	2648.50	4549	0	15
2024.10.14	20:00:00	2648.53	2649.80	2647.24	2648.62	3692	0	15
2024.10.14	21:00:00	2648.60	2650.87	2648.42	2649.15	2610	0	15
2024.10.14	22:00:00	2649.14	2652.54	2646.94	2652.37	5389	0	15
2024.10.14	23:00:00	2652.42	2653.29	2646.04	2646.66	1604	0	8
2024.10.15	01:00:00	2649.11	2650.27	2648.10	2649.99	1067	0	19
2024.10.15	02:00:00	2649.99	2650.92	2648.88	2649.37	1619	0	18
2024.10.15	03:00:00	2649.35	2650.16	2647.81	2648.14	3712	0	18
2024.10.15	04:00:00	2648.13	2651.17	2647.25	2648.36	7368	0	18
2024.10.15	05:00:00	2648.36	2652.69	2648.04	2651.60	6297	0	18
2024.10.15	06:00:00	2651.63	2651.63	2644.34	2645.64	5781	0	18
2024.10.15	07:00:00	2645.65	2645.65	2642.88	2644.33	4132	0	18
2024.10.15	08:00:00	2644.31	2644.32	2638.02	2641.86	8340	0	18
2024.10.15	09:00:00	2641.86	2649.10	2641.35	2648.58	8677	0	16
2024.10.15	10:00:00	2648.59	2653.89	2647.88	2650.73	7836	0	16
2024.10.15	11:00:00	2650.73	2655.69	2649.70	2653.92	7332	0	16
2024.10.15	12:00:00	2653.92	2655.50	2651.08	2653.50	6258	0	16
2024.10.15	13:00:00	2653.53	2656.71	2652.64	2652.98	5566	0	16
2024.10.15	14:00:00	2652.98	2654.51	2645.56	2647.71	6805	0	14
2024.10.15	15:00:00	2647.70	2657.39	2647.10	2648.23	10965	0	14
2024.10.15	16:00:00	2648.24	2653.26	2646.00	2648.61	13345	0	14
2024.10.15	17:00:00	2648.56	2664.14	2647.75	2659.76	14279	0	14
2024.10.15	18:00:00	2659.76	2665.11	2657.24	2664.59	10861	0	14
2024.10.15	19:00:00	2664.59	2668.88	2661.06	2661.81	9542	0	15
2024.10.15	20:00:00	2661.81	2664.13	2658.96	2663.60	8700	0	15
2024.10.15	21:00:00	2663.59	2665.78	2663.32	2665.01	5490	0	15
2024.10.15	22:00:00	2665.00	2666.45	2659.38	2661.60	5955	0	15
2024.10.15	23:00:00	2661.60	2662.85	2660.25	2662.80	1884	0	15
2024.10.16	01:00:00	2662.20	2662.82	2661.47	2662.11	771	0	18
2024.10.16	02:00:00	2662.11	2662.49	2660.35	2660.43	1589	0	18
2024.10.16	03:00:00	2660.43	2660.45	2658.65	2660.15	4036	0	18
2024.10.16	04:00:00	2660.15	2667.94	2660.12	2667.94	11344	0	18
2024.10.16	05:00:00	2667.92	2670.02	2665.50	2668.01	7574	0	18
2024.10.16	06:00:00	2668.02	2669.14	2665.29	2667.10	5803	0	18
2024.10.16	07:00:00	2667.09	2668.19	2665.54	2666.68	3151	0	18
2024.10.16	08:00:00	2666.70	2670.48	2666.11	2669.43	5903	0	18
2024.10.16	09:00:00	2669.50	2677.67	2667.00	2677.25	11670	0	16
2024.10.16	10:00:00	2677.24	2677.47	2673.29	2676.11	7225	0	16
2024.10.16	11:00:00	2676.07	2680.08	2674.54	2679.46	5615	0	16
2024.10.16	12:00:00	2679.53	2682.68	2678.14	2680.14	7462	0	16
2024.10.16	13:00:00	2680.14	2680.91	2673.21	2674.23	8450	0	16
2024.10.16	14:00:00	2674.31	2680.52	2672.95	2678.31	7091	0	14
2024.10.16	15:00:00	2678.31	2681.91	2676.41	2681.75	8782	0	14
2024.10.16	16:00:00	2681.73	2685.21	2672.41	2675.02	14414	0	14
2024.10.16	17:00:00	2675.06	2681.44	2669.97	2672.12	13941	0	14
2024.10.16	18:00:00	2672.19	2675.69	2667.52	2669.97	9785	0	14
2024.10.16	19:00:00	2669.97	2674.18	2666.70	2674.13	6913	0	15
2024.10.16	20:00:00	2674.14	2676.24	2673.05	2675.25	5248	0	15
2024.10.16	21:00:00	2675.24	2676.62	2674.52	2674.90	3606	0	15
2024.10.16	22:00:00	2674.91	2674.97	2672.69	2674.72	4041	0	15
2024.10.16	23:00:00	2674.81	2674.94	2673.06	2673.26	1249	0	15
2024.10.17	01:00:00	2674.52	2674.89	2673.23	2673.73	1039	0	18
2024.10.17	02:00:00	2673.73	2674.64	2673.45	2674.04	1043	0	18
2024.10.17	03:00:00	2674.05	2677.94	2674.02	2677.88	4322	0	18
2024.10.17	04:00:00	2677.87	2683.00	2676.49	2682.93	9347	0	18
2024.10.17	05:00:00	2683.00	2684.81	2678.84	2681.94	10559	0	18
2024.10.17	06:00:00	2681.95	2682.21	2674.49	2676.67	8154	0	18
2024.10.17	07:00:00	2676.68	2679.65	2676.46	2679.05	4370	0	18
2024.10.17	08:00:00	2679.04	2684.29	2678.05	2683.51	7697	0	18
2024.10.17	09:00:00	2683.51	2685.68	2680.05	2681.15	10779	0	16
2024.10.17	10:00:00	2681.19	2683.67	2678.94	2682.00	7499	0	16
2024.10.17	11:00:00	2682.00	2683.84	2680.00	2681.81	5100	0	16
2024.10.17	12:00:00	2681.81	2682.01	2676.94	2679.44	6038	0	16
2024.10.17	13:00:00	2679.42	2688.73	2679.04	2687.36	8821	0	16
2024.10.17	14:00:00	2687.36	2688.40	2680.75	2681.27	6906	0	14
2024.10.17	15:00:00	2681.27	2682.18	2673.11	2680.62	12603	0	14
2024.10.17	16:00:00	2680.61	2690.11	2677.91	2688.76	14116	0	14
2024.10.17	17:00:00	2688.80	2696.44	2684.69	2695.69	14131	0	14
2024.10.17	18:00:00	2695.68	2696.70	2687.52	2693.26	12020	0	14
2024.10.17	19:00:00	2693.26	2693.32	2683.90	2692.20	8585	0	15
2024.10.17	20:00:00	2692.20	2694.17	2690.45	2691.93	5776	0	15
2024.10.17	21:00:00	2691.94	2692.20	2689.16	2689.47	3918	0	15
2024.10.17	22:00:00	2689.48	2692.57	2688.87	2691.97	3170	0	15
2024.10.17	23:00:00	2691.96	2692.43	2690.84	2691.98	1332	0	15
2024.10.18	01:00:00	2692.97	2693.31	2692.26	2692.56	803	0	19
2024.10.18	02:00:00	2692.56	2694.35	2692.28	2693.71	1264	0	18
2024.10.18	03:00:00	2693.70	2695.73	2692.82	2692.98	5342	0	18
2024.10.18	04:00:00	2692.98	2706.73	2692.76	2704.62	11304	0	18
2024.10.18	05:00:00	2704.59	2711.91	2704.02	2708.11	10781	0	18
2024.10.18	06:00:00	2708.11	2710.80	2707.08	2709.99	7409	0	18
2024.10.18	07:00:00	2709.97	2711.30	2708.78	2710.18	3027	0	18
2024.10.18	08:00:00	2710.18	2714.00	2710.07	2711.42	7271	0	18
2024.10.18	09:00:00	2711.42	2711.68	2702.64	2707.38	12643	0	16
2024.10.18	10:00:00	2707.43	2709.13	2702.26	2702.28	7446	0	16
2024.10.18	11:00:00	2702.28	2706.24	2701.65	2706.21	7404	0	16
2024.10.18	12:00:00	2706.20	2713.07	2706.17	2711.33	9129	0	16
2024.10.18	13:00:00	2711.36	2713.11	2707.90	2712.45	7644	0	16
2024.10.18	14:00:00	2712.45	2713.06	2707.96	2709.84	8261	0	14
2024.10.18	15:00:00	2709.84	2716.98	2709.16	2709.54	9815	0	14
2024.10.18	16:00:00	2709.53	2715.72	2704.96	2713.65	15115	0	14
2024.10.18	17:00:00	2713.63	2720.11	2712.08	2717.35	12453	0	14
2024.10.18	18:00:00	2717.36	2719.15	2713.66	2714.81	8494	0	14
2024.10.18	19:00:00	2714.81	2718.98	2714.68	2717.60	6101	0	15
2024.10.18	20:00:00	2717.63	2719.90	2713.55	2715.79	7833	0	15
2024.10.18	21:00:00	2715.80	2721.24	2715.46	2720.21	5262	0	15
2024.10.18	22:00:00	2720.26	2720.47	2717.98	2719.64	4460	0	15
2024.10.18	23:00:00	2719.62	2722.01	2719.13	2721.42	2366	0	15
2024.10.21	01:00:00	2722.91	2723.80	2720.37	2723.57	2209	0	20
2024.10.21	02:00:00	2723.58	2725.04	2722.36	2723.43	3597	0	19
2024.10.21	03:00:00	2723.44	2725.80	2721.43	2721.61	6061	0	19
2024.10.21	04:00:00	2721.62	2729.20	2721.01	2726.35	12399	0	18
2024.10.21	05:00:00	2726.36	2731.39	2724.77	2730.73	9624	0	18
2024.10.21	06:00:00	2730.73	2732.79	2729.35	2731.53	6642	0	18
2024.10.21	07:00:00	2731.52	2731.97	2729.57	2730.37	3315	0	18
2024.10.21	08:00:00	2730.38	2730.38	2724.46	2724.86	8099	0	20
2024.10.21	09:00:00	2724.84	2730.60	2723.58	2730.30	9059	0	16
2024.10.21	10:00:00	2730.31	2732.46	2725.32	2730.39	8143	0	16
2024.10.21	11:00:00	2730.39	2733.08	2729.41	2731.37	6907	0	16
2024.10.21	12:00:00	2731.41	2736.84	2730.73	2734.51	7596	0	16
2024.10.21	13:00:00	2734.51	2734.90	2727.76	2733.35	8156	0	16
2024.10.21	14:00:00	2733.36	2738.08	2733.04	2734.45	8466	0	14
2024.10.21	15:00:00	2734.46	2739.72	2732.72	2738.57	10961	0	14
2024.10.21	16:00:00	2738.59	2740.54	2733.71	2739.01	13192	0	14
2024.10.21	17:00:00	2739.04	2739.41	2722.33	2725.20	14602	0	14
2024.10.21	18:00:00	2725.21	2727.13	2716.89	2720.25	11767	0	14
2024.10.21	19:00:00	2720.08	2724.05	2718.11	2723.50	7199	0	15
2024.10.21	20:00:00	2723.50	2725.61	2721.58	2722.82	6334	0	15
2024.10.21	21:00:00	2722.83	2723.15	2715.25	2716.31	6100	0	15
2024.10.21	22:00:00	2716.36	2721.05	2714.14	2719.88	6912	0	15
2024.10.21	23:00:00	2719.76	2720.95	2718.79	2719.54	2013	0	15
2024.10.22	01:00:00	2719.27	2721.69	2719.08	2720.69	1206	0	20
2024.10.22	02:00:00	2720.69	2722.57	2720.40	2721.46	1708	0	18
2024.10.22	03:00:00	2721.43	2725.13	2720.63	2724.71	5369	0	18
2024.10.22	04:00:00	2724.71	2730.26	2724.00	2728.13	9961	0	18
2024.10.22	05:00:00	2728.12	2730.62	2727.67	2728.86	6037	0	18
2024.10.22	06:00:00	2728.81	2733.11	2728.66	2730.94	5566	0	18
2024.10.22	07:00:00	2730.93	2735.94	2730.90	2734.72	5124	0	18
2024.10.22	08:00:00	2734.71	2735.11	2728.99	2730.38	6159	0	18
2024.10.22	09:00:00	2730.38	2737.10	2729.58	2735.06	8995	0	16
2024.10.22	10:00:00	2734.89	2736.21	2732.52	2733.67	6631	0	16
2024.10.22	11:00:00	2733.64	2738.33	2731.48	2734.88	6867	0	16
2024.10.22	12:00:00	2734.88	2736.11	2729.83	2731.48	6581	0	16
2024.10.22	13:00:00	2731.47	2739.32	2730.54	2738.92	8486	0	16
2024.10.22	14:00:00	2738.95	2739.27	2729.49	2731.99	7762	0	14
2024.10.22	15:00:00	2731.99	2738.04	2731.60	2736.18	9762	0	14
2024.10.22	16:00:00	2736.20	2742.02	2735.34	2736.49	13042	0	14
2024.10.22	17:00:00	2735.89	2743.13	2733.70	2741.86	13171	0	14
2024.10.22	18:00:00	2741.87	2744.21	2736.87	2737.60	10038	0	14
2024.10.22	19:00:00	2737.59	2745.49	2737.16	2745.32	7977	0	14
2024.10.22	20:00:00	2745.33	2748.29	2743.52	2746.74	8859	0	15
2024.10.22	21:00:00	2746.77	2747.27	2744.02	2744.57	4977	0	15
2024.10.22	22:00:00	2744.56	2748.82	2743.83	2748.31	5064	0	15
2024.10.22	23:00:00	2748.32	2748.74	2746.75	2748.23	2754	0	15
2024.10.23	01:00:00	2747.05	2748.13	2746.83	2747.31	1159	0	20
2024.10.23	02:00:00	2747.31	2748.03	2745.84	2746.49	1517	0	20
2024.10.23	03:00:00	2746.50	2747.01	2744.76	2745.19	3584	0	18
2024.10.23	04:00:00	2745.20	2747.13	2737.92	2738.53	9714	0	20
2024.10.23	05:00:00	2738.52	2741.08	2737.91	2738.90	7240	0	18
2024.10.23	06:00:00	2738.93	2747.00	2738.25	2746.07	7436	0	18
2024.10.23	07:00:00	2746.10	2750.64	2745.30	2749.96	5669	0	18
2024.10.23	08:00:00	2749.95	2753.15	2748.79	2751.53	7533	0	18
2024.10.23	09:00:00	2751.52	2753.19	2748.05	2750.47	9129	0	16
2024.10.23	10:00:00	2750.49	2755.59	2749.25	2754.94	6652	0	16
2024.10.23	11:00:00	2754.91	2758.41	2754.64	2756.92	6265	0	16
2024.10.23	12:00:00	2756.92	2757.56	2749.83	2750.66	8521	0	16
2024.10.23	13:00:00	2750.66	2752.51	2749.64	2750.73	5868	0	16
2024.10.23	14:00:00	2750.73	2752.90	2749.11	2749.91	5997	0	14
2024.10.23	15:00:00	2749.89	2750.47	2740.83	2743.31	11333	0	14
2024.10.23	16:00:00	2743.33	2744.08	2731.63	2737.49	15825	0	14
2024.10.23	17:00:00	2737.45	2738.65	2716.46	2717.69	16082	0	14
2024.10.23	18:00:00	2717.70	2722.60	2708.74	2721.81	13129	0	14
2024.10.23	19:00:00	2721.78	2723.27	2718.47	2719.40	9331	0	15
2024.10.23	20:00:00	2719.41	2720.63	2713.66	2716.67	8432	0	15
2024.10.23	21:00:00	2716.65	2716.65	2711.94	2714.07	8450	0	15
2024.10.23	22:00:00	2714.07	2718.23	2713.22	2716.14	6308	0	15
2024.10.23	23:00:00	2716.06	2716.65	2714.17	2715.71	2110	0	15
2024.10.24	01:00:00	2716.31	2718.26	2715.70	2717.98	1372	0	20
2024.10.24	02:00:00	2717.98	2721.85	2717.98	2721.31	2305	0	19
2024.10.24	03:00:00	2721.29	2721.36	2717.83	2721.23	5587	0	18
2024.10.24	04:00:00	2721.25	2726.71	2720.25	2723.71	10443	0	18
2024.10.24	05:00:00	2723.70	2724.49	2720.24	2723.33	7671	0	18
2024.10.24	06:00:00	2723.37	2724.06	2721.41	2722.95	4276	0	18
2024.10.24	07:00:00	2722.91	2727.01	2722.82	2726.52	4090	0	18
2024.10.24	08:00:00	2726.52	2729.72	2725.86	2728.89	5955	0	18
2024.10.24	09:00:00	2728.92	2736.42	2728.34	2735.19	10025	0	16
2024.10.24	10:00:00	2735.18	2737.04	2732.16	2733.60	8619	0	16
2024.10.24	11:00:00	2733.58	2737.84	2732.46	2736.82	8104	0	16
2024.10.24	12:00:00	2736.74	2739.10	2735.79	2736.51	5971	0	16
2024.10.24	13:00:00	2736.51	2739.10	2736.26	2736.88	6298	0	16
2024.10.24	14:00:00	2736.79	2739.56	2735.13	2738.53	6574	0	14
2024.10.24	15:00:00	2738.48	2741.56	2734.58	2739.02	9786	0	18
2024.10.24	16:00:00	2739.03	2743.23	2729.48	2733.62	13539	0	18
2024.10.24	17:00:00	2733.72	2736.16	2722.39	2732.37	14980	0	18
2024.10.24	18:00:00	2732.40	2734.34	2726.77	2731.10	10224	0	18
2024.10.24	19:00:00	2731.10	2735.39	2725.75	2733.61	8464	0	19
2024.10.24	20:00:00	2733.61	2736.97	2732.82	2735.41	6361	0	19
2024.10.24	21:00:00	2735.42	2737.74	2734.45	2735.48	4781	0	19
2024.10.24	22:00:00	2735.52	2736.87	2733.37	2736.87	3782	0	19
2024.10.24	23:00:00	2737.04	2737.04	2734.96	2735.80	1575	0	15
2024.10.25	01:00:00	2735.88	2735.88	2734.54	2734.61	912	0	18
2024.10.25	02:00:00	2734.61	2735.45	2733.61	2733.76	1488	0	20
2024.10.25	03:00:00	2733.71	2734.84	2731.21	2732.36	3393	0	22
2024.10.25	04:00:00	2732.33	2735.04	2729.76	2729.98	8565	0	22
2024.10.25	05:00:00	2729.97	2730.18	2726.15	2728.31	6893	0	22
2024.10.25	06:00:00	2728.31	2728.31	2724.37	2726.00	4564	0	22
2024.10.25	07:00:00	2725.99	2727.73	2723.88	2725.90	3870	0	22
2024.10.25	08:00:00	2725.98	2729.71	2725.90	2728.49	6802	0	22
2024.10.25	09:00:00	2728.49	2732.54	2724.98	2732.19	7587	0	20
2024.10.25	10:00:00	2732.19	2732.19	2725.88	2726.41	6060	0	20
2024.10.25	11:00:00	2726.40	2726.99	2718.89	2719.40	6811	0	20
2024.10.25	12:00:00	2719.41	2721.31	2717.00	2721.19	6628	0	20
2024.10.25	13:00:00	2721.19	2722.62	2717.21	2722.23	5659	0	20
2024.10.25	14:00:00	2722.23	2729.31	2721.15	2724.11	6883	0	18
2024.10.25	15:00:00	2724.12	2732.43	2723.24	2731.48	7507	0	18
2024.10.25	16:00:00	2731.50	2732.10	2725.22	2727.81	11848	0	18
2024.10.25	17:00:00	2727.54	2740.50	2727.53	2738.48	12681	0	18
2024.10.25	18:00:00	2738.46	2742.03	2736.45	2737.08	8835	0	18
2024.10.25	19:00:00	2737.08	2739.33	2733.93	2739.21	6887	0	19
2024.10.25	20:00:00	2739.26	2744.99	2738.78	2744.30	5958	0	19
2024.10.25	21:00:00	2744.31	2744.70	2741.22	2742.01	4943	0	19
2024.10.25	22:00:00	2742.02	2744.36	2740.34	2742.40	4661	0	19
2024.10.25	23:00:00	2742.46	2745.99	2742.44	2745.49	2382	0	19
2024.10.28	01:00:00	2733.74	2736.15	2730.24	2734.51	5065	0	20
2024.10.28	02:00:00	2734.51	2740.08	2734.49	2735.74	4681	0	21
2024.10.28	03:00:00	2735.73	2736.26	2732.12	2732.41	5036	0	22
2024.10.28	04:00:00	2732.40	2732.93	2724.65	2732.28	10281	0	22
2024.10.28	05:00:00	2732.29	2735.50	2730.65	2734.16	6155	0	22
2024.10.28	06:00:00	2734.15	2734.61	2729.58	2729.64	4961	0	22
2024.10.28	07:00:00	2729.63	2733.32	2729.11	2732.88	3254	0	22
2024.10.28	08:00:00	2732.89	2738.72	2731.10	2738.36	6008	0	22
2024.10.28	09:00:00	2738.36	2744.50	2737.47	2740.53	8420	0	20
2024.10.28	10:00:00	2740.56	2743.52	2735.80	2738.89	6194	0	20
2024.10.28	11:00:00	2738.95	2740.83	2731.42	2731.95	6865	0	20
2024.10.28	12:00:00	2731.95	2733.96	2728.40	2729.28	6408	0	20
2024.10.28	13:00:00	2729.28	2733.22	2727.80	2732.09	5733	0	20
2024.10.28	14:00:00	2732.09	2732.80	2729.69	2732.23	4586	0	18
2024.10.28	15:00:00	2732.23	2734.79	2731.21	2734.26	6829	0	18
2024.10.28	16:00:00	2734.23	2743.36	2732.70	2740.96	11537	0	18
2024.10.28	17:00:00	2740.89	2745.88	2738.81	2744.19	10560	0	18
2024.10.28	18:00:00	2744.21	2744.47	2739.67	2740.69	8753	0	18
2024.10.28	19:00:00	2740.69	2744.91	2739.98	2742.72	6011	0	19
2024.10.28	20:00:00	2742.72	2744.95	2740.30	2743.36	5339	0	19
2024.10.28	21:00:00	2743.35	2743.41	2740.13	2741.88	4060	0	19
2024.10.28	22:00:00	2741.89	2743.43	2740.23	2742.46	3729	0	17
2024.10.28	23:00:00	2742.42	2742.97	2741.32	2742.62	1662	0	15
2024.10.29	01:00:00	2741.28	2742.33	2739.82	2742.01	1700	0	18
2024.10.29	02:00:00	2742.01	2744.40	2741.14	2744.37	2013	0	22
2024.10.29	03:00:00	2744.36	2746.76	2743.22	2745.67	3766	0	23
2024.10.29	04:00:00	2745.69	2752.30	2745.53	2752.02	9281	0	22
2024.10.29	05:00:00	2752.04	2757.65	2750.44	2752.95	8609	0	22
2024.10.29	06:00:00	2752.93	2753.23	2748.59	2751.69	5860	0	22
2024.10.29	07:00:00	2751.69	2755.19	2751.31	2754.69	3183	0	22
2024.10.29	08:00:00	2754.81	2756.74	2749.65	2749.90	6818	0	24
2024.10.29	09:00:00	2749.90	2756.46	2748.93	2755.76	6536	0	20
2024.10.29	10:00:00	2755.75	2756.28	2751.92	2752.43	4704	0	20
2024.10.29	11:00:00	2752.44	2754.96	2746.27	2754.61	8095	0	21
2024.10.29	12:00:00	2754.62	2756.54	2750.05	2752.36	6170	0	20
2024.10.29	13:00:00	2752.35	2753.10	2747.39	2749.90	5581	0	20
2024.10.29	14:00:00	2749.90	2753.28	2746.14	2751.79	6456	0	18
2024.10.29	15:00:00	2751.79	2753.55	2748.91	2749.23	7734	0	18
2024.10.29	16:00:00	2749.11	2763.96	2748.20	2760.77	12942	0	18
2024.10.29	17:00:00	2760.80	2771.63	2760.80	2769.55	14458	0	18
2024.10.29	18:00:00	2769.55	2770.48	2760.80	2764.21	12345	0	18
2024.10.29	19:00:00	2764.21	2770.19	2764.10	2769.35	8680	0	18
2024.10.29	20:00:00	2769.26	2772.45	2766.24	2769.75	7827	0	19
2024.10.29	21:00:00	2769.81	2773.43	2768.18	2772.90	5599	0	19
2024.10.29	22:00:00	2772.94	2774.70	2770.94	2772.10	4366	0	16
2024.10.29	23:00:00	2772.08	2773.76	2771.81	2773.63	1655	0	14
2024.10.30	01:00:00	2773.32	2775.38	2772.92	2774.58	1553	0	18
2024.10.30	02:00:00	2774.58	2775.10	2773.40	2774.94	1999	0	22
2024.10.30	03:00:00	2774.95	2779.08	2774.80	2778.05	4646	0	22
2024.10.30	04:00:00	2778.08	2782.10	2776.89	2781.60	9334	0	22
2024.10.30	05:00:00	2781.61	2781.78	2776.03	2780.44	8231	0	14
2024.10.30	06:00:00	2780.45	2781.19	2777.17	2778.94	6231	0	22
2024.10.30	07:00:00	2778.93	2780.89	2777.36	2780.12	2800	0	22
2024.10.30	08:00:00	2780.10	2784.87	2778.00	2783.04	5724	0	22
2024.10.30	09:00:00	2783.04	2789.71	2781.21	2787.10	9019	0	20
2024.10.30	10:00:00	2787.11	2788.06	2780.49	2782.23	6912	0	20
2024.10.30	11:00:00	2782.21	2784.56	2779.53	2781.90	6883	0	20
2024.10.30	12:00:00	2781.88	2784.61	2780.27	2784.51	4795	0	20
2024.10.30	13:00:00	2784.51	2786.38	2780.06	2780.12	4468	0	20
2024.10.30	14:00:00	2780.13	2781.99	2778.28	2778.52	5708	0	18
2024.10.30	15:00:00	2778.51	2783.36	2773.58	2782.45	10332	0	18
2024.10.30	16:00:00	2782.45	2787.46	2770.84	2777.50	14921	0	18
2024.10.30	17:00:00	2777.51	2781.66	2775.12	2780.33	13277	0	17
2024.10.30	18:00:00	2780.14	2785.87	2771.85	2784.67	11445	0	18
2024.10.30	19:00:00	2784.67	2787.38	2782.96	2785.30	7810	0	18
2024.10.30	20:00:00	2785.29	2789.54	2783.94	2788.52	6060	0	19
2024.10.30	21:00:00	2788.53	2789.90	2787.29	2787.67	4618	0	19
2024.10.30	22:00:00	2787.69	2788.04	2784.37	2787.27	5997	0	15
2024.10.30	23:00:00	2787.29	2787.91	2784.65	2787.68	2384	0	15
2024.10.31	01:00:00	2786.30	2788.09	2786.20	2787.47	1438	0	18
2024.10.31	02:00:00	2787.47	2788.05	2785.17	2785.36	1533	0	20
2024.10.31	03:00:00	2785.38	2788.17	2784.67	2787.51	3076	0	22
2024.10.31	04:00:00	2787.55	2790.01	2783.52	2784.64	7745	0	23
2024.10.31	05:00:00	2784.63	2788.95	2784.36	2787.06	6034	0	22
2024.10.31	06:00:00	2787.05	2788.31	2784.32	2784.48	3392	0	22
2024.10.31	07:00:00	2784.62	2785.35	2782.05	2784.40	3714	0	22
2024.10.31	08:00:00	2784.38	2786.53	2782.56	2785.10	5820	0	22
2024.10.31	09:00:00	2785.10	2785.98	2779.66	2779.79	7466	0	20
2024.10.31	10:00:00	2779.77	2784.01	2778.11	2782.00	6272	0	20
2024.10.31	11:00:00	2781.99	2783.01	2776.90	2779.03	6423	0	20
2024.10.31	12:00:00	2779.04	2780.22	2777.08	2778.16	5898	0	20
2024.10.31	13:00:00	2778.14	2781.12	2773.30	2780.85	6140	0	20
2024.10.31	14:00:00	2780.84	2782.49	2776.71	2779.49	5682	0	18
2024.10.31	15:00:00	2779.49	2781.87	2771.97	2773.61	9951	0	18
2024.10.31	16:00:00	2773.62	2773.85	2754.67	2755.34	15886	0	18
2024.10.31	17:00:00	2755.34	2756.78	2734.67	2734.69	16160	0	18
2024.10.31	18:00:00	2734.70	2740.92	2731.52	2740.60	13578	0	18
2024.10.31	19:00:00	2740.60	2743.66	2737.97	2740.66	9766	0	18
2024.10.31	20:00:00	2740.65	2743.74	2738.19	2739.56	6730	0	19
2024.10.31	21:00:00	2739.56	2747.93	2739.50	2746.92	7301	0	19
2024.10.31	22:00:00	2746.92	2749.69	2745.65	2746.41	6059	0	19
2024.10.31	23:00:00	2746.32	2748.10	2743.87	2744.16	2544	0	15
2024.11.01	01:00:00	2745.23	2747.70	2744.99	2746.14	1120	0	18
2024.11.01	02:00:00	2746.14	2747.85	2745.43	2746.68	1746	0	20
2024.11.01	03:00:00	2746.69	2747.24	2744.83	2744.96	3314	0	22
2024.11.01	04:00:00	2744.95	2749.95	2744.75	2749.69	8974	0	23
2024.11.01	05:00:00	2749.68	2750.89	2745.78	2748.68	7810	0	22
2024.11.01	06:00:00	2748.68	2751.83	2747.33	2751.69	5431	0	22
2024.11.01	07:00:00	2751.69	2752.91	2750.72	2752.18	2168	0	22
2024.11.01	08:00:00	2752.22	2755.11	2751.58	2754.88	5541	0	23
2024.11.01	09:00:00	2754.88	2757.60	2751.27	2751.97	8103	0	20
2024.11.01	10:00:00	2751.96	2753.10	2747.10	2749.62	5399	0	20
2024.11.01	11:00:00	2749.61	2754.96	2748.53	2753.35	7000	0	20
2024.11.01	12:00:00	2753.40	2755.41	2748.01	2751.30	6040	0	20
2024.11.01	13:00:00	2751.32	2751.78	2744.78	2749.60	5797	0	20
2024.11.01	14:00:00	2749.61	2754.00	2749.61	2752.87	5376	0	18
2024.11.01	15:00:00	2752.89	2759.79	2749.23	2753.75	12267	0	18
2024.11.01	16:00:00	2753.79	2762.11	2752.12	2756.08	14625	0	18
2024.11.01	17:00:00	2756.26	2758.89	2739.62	2747.23	15941	0	18
2024.11.01	18:00:00	2747.23	2750.27	2742.55	2744.67	11803	0	18
2024.11.01	19:00:00	2744.67	2745.99	2740.34	2743.08	8944	0	18
2024.11.01	20:00:00	2743.10	2743.79	2735.01	2736.25	7977	0	19
2024.11.01	21:00:00	2736.24	2737.96	2733.43	2736.09	6592	0	19
2024.11.01	22:00:00	2736.08	2736.95	2733.12	2734.05	5583	0	19
2024.11.01	23:00:00	2734.16	2734.96	2733.24	2734.62	2267	0	18
2024.11.04	01:00:00	2731.95	2740.29	2731.95	2738.32	3965	0	23
2024.11.04	02:00:00	2738.32	2740.87	2736.96	2740.29	3856	0	22
2024.11.04	03:00:00	2740.30	2741.26	2735.35	2739.88	9618	0	22
2024.11.04	04:00:00	2739.88	2740.94	2736.92	2739.89	6342	0	22
2024.11.04	05:00:00	2739.89	2742.35	2739.33	2740.95	5265	0	22
2024.11.04	06:00:00	2740.94	2742.16	2739.66	2740.98	2780	0	22
2024.11.04	07:00:00	2740.98	2743.64	2737.62	2741.49	6180	0	22
2024.11.04	08:00:00	2741.50	2741.54	2735.70	2741.32	7250	0	22
2024.11.04	09:00:00	2741.41	2744.74	2735.03	2735.75	5874	0	20
2024.11.04	10:00:00	2735.72	2738.35	2731.82	2733.29	6761	0	20
2024.11.04	11:00:00	2733.28	2744.00	2732.48	2743.27	7305	0	20
2024.11.04	12:00:00	2743.29	2745.17	2737.19	2738.55	5466	0	20
2024.11.04	13:00:00	2738.54	2740.93	2736.48	2740.57	4965	0	20
2024.11.04	14:00:00	2740.57	2743.96	2739.50	2743.31	5641	0	18
2024.11.04	15:00:00	2743.31	2746.74	2738.70	2746.70	9914	0	18
2024.11.04	16:00:00	2746.71	2748.13	2737.84	2743.41	10975	0	18
2024.11.04	17:00:00	2743.36	2745.50	2737.63	2738.51	11561	0	18
2024.11.04	18:00:00	2738.49	2738.88	2732.28	2734.16	9140	0	18
2024.11.04	19:00:00	2734.16	2738.36	2731.65	2738.33	6282	0	19
2024.11.04	20:00:00	2738.34	2739.20	2735.51	2738.15	5703	0	19
2024.11.04	21:00:00	2738.14	2739.62	2737.14	2738.25	3791	0	19
2024.11.04	22:00:00	2738.24	2738.55	2736.29	2737.28	3796	0	19
2024.11.04	23:00:00	2737.30	2737.56	2735.88	2736.48	954	0	15
2024.11.05	01:00:00	2737.26	2737.47	2735.95	2735.96	1483	0	22
2024.11.05	02:00:00	2735.96	2736.58	2734.02	2734.99	2638	0	22
2024.11.05	03:00:00	2734.98	2736.06	2732.89	2734.18	6754	0	22
2024.11.05	04:00:00	2734.19	2735.25	2724.66	2728.44	9565	0	22
2024.11.05	05:00:00	2728.43	2735.90	2727.71	2735.22	7437	0	22
2024.11.05	06:00:00	2735.21	2736.30	2733.03	2734.40	3741	0	22
2024.11.05	07:00:00	2734.39	2737.19	2731.88	2732.52	6156	0	22
2024.11.05	08:00:00	2732.52	2738.74	2731.70	2737.75	7637	0	22
2024.11.05	09:00:00	2737.75	2741.28	2735.15	2736.40	5357	0	20
2024.11.05	10:00:00	2736.39	2743.18	2732.03	2742.42	7247	0	23
2024.11.05	11:00:00	2742.43	2744.95	2738.82	2739.82	5709	0	23
2024.11.05	12:00:00	2739.81	2740.12	2735.53	2737.83	5653	0	23
2024.11.05	13:00:00	2737.84	2742.88	2737.84	2741.65	5323	0	23
2024.11.05	14:00:00	2741.60	2742.98	2737.45	2737.85	4678	0	21
2024.11.05	15:00:00	2737.85	2746.61	2736.32	2744.66	9318	0	21
2024.11.05	16:00:00	2744.65	2749.87	2741.41	2746.09	10540	0	21
2024.11.05	17:00:00	2745.94	2746.11	2732.98	2741.95	12580	0	21
2024.11.05	18:00:00	2741.97	2744.49	2736.28	2738.87	7928	0	21
2024.11.05	19:00:00	2738.87	2743.54	2738.13	2741.88	5093	0	22
2024.11.05	20:00:00	2741.89	2743.78	2739.33	2741.16	5116	0	22
2024.11.05	21:00:00	2741.14	2742.20	2739.45	2740.38	3749	0	22
2024.11.05	22:00:00	2740.40	2743.42	2739.60	2742.90	3647	0	15
2024.11.05	23:00:00	2742.89	2744.84	2742.56	2743.71	1327	0	15
2024.11.06	01:00:00	2743.01	2746.26	2742.53	2745.54	2533	0	25
2024.11.06	02:00:00	2745.53	2745.54	2735.24	2737.84	8769	0	25
2024.11.06	03:00:00	2737.83	2749.56	2732.55	2746.97	14023	0	25
2024.11.06	04:00:00	2746.99	2748.27	2736.68	2737.34	14305	0	25
2024.11.06	05:00:00	2737.33	2743.42	2730.58	2734.07	13752	0	25
2024.11.06	06:00:00	2734.06	2742.87	2733.09	2741.62	10115	0	25
2024.11.06	07:00:00	2741.67	2743.47	2736.32	2738.94	11857	0	25
2024.11.06	08:00:00	2738.96	2739.16	2701.38	2706.91	15752	0	25
2024.11.06	09:00:00	2706.94	2733.05	2704.15	2725.64	14002	0	23
2024.11.06	10:00:00	2725.46	2733.62	2722.66	2724.37	12292	0	23
2024.11.06	11:00:00	2724.35	2728.42	2716.33	2724.60	9832	0	23
2024.11.06	12:00:00	2724.59	2727.07	2718.58	2720.16	7835	0	23
2024.11.06	13:00:00	2720.17	2722.68	2695.95	2699.24	10910	0	23
2024.11.06	14:00:00	2698.37	2707.91	2693.34	2695.09	12271	0	21
2024.11.06	15:00:00	2695.09	2695.09	2658.98	2664.12	17746	0	21
2024.11.06	16:00:00	2664.13	2670.33	2652.30	2659.71	16630	0	21
2024.11.06	17:00:00	2659.71	2675.81	2657.37	2675.70	15793	0	21
2024.11.06	18:00:00	2675.72	2678.12	2662.77	2666.09	11682	0	21
2024.11.06	19:00:00	2666.09	2669.11	2661.50	2663.24	8137	0	22
2024.11.06	20:00:00	2663.22	2669.43	2662.73	2665.48	8520	0	22
2024.11.06	21:00:00	2665.49	2668.37	2664.86	2666.96	6188	0	22
2024.11.06	22:00:00	2666.94	2667.60	2659.24	2660.58	5766	0	22
2024.11.06	23:00:00	2660.58	2662.39	2659.05	2659.28	1550	0	19
2024.11.07	01:00:00	2662.09	2664.23	2661.14	2663.97	2529	0	23
2024.11.07	02:00:00	2663.97	2664.15	2660.83	2661.46	4000	0	25
2024.11.07	03:00:00	2661.46	2663.87	2643.13	2649.33	13025	0	25
2024.11.07	04:00:00	2649.33	2657.40	2649.33	2657.27	9660	0	25
2024.11.07	05:00:00	2657.29	2661.11	2655.50	2659.10	6288	0	25
2024.11.07	06:00:00	2659.11	2659.47	2653.99	2654.50	4083	0	25
2024.11.07	07:00:00	2654.49	2660.58	2654.49	2659.08	5930	0	25
2024.11.07	08:00:00	2659.09	2659.32	2652.67	2657.01	7298	0	25
2024.11.07	09:00:00	2657.01	2667.47	2656.03	2663.15	8241	0	23
2024.11.07	10:00:00	2663.18	2666.58	2657.29	2657.57	7937	0	21
2024.11.07	11:00:00	2657.49	2666.02	2657.42	2661.57	6133	0	21
2024.11.07	12:00:00	2661.58	2668.36	2659.77	2666.52	6137	0	21
2024.11.07	13:00:00	2666.52	2668.03	2663.80	2666.20	5621	0	21
2024.11.07	14:00:00	2666.22	2674.05	2664.28	2673.60	7568	0	19
2024.11.07	15:00:00	2673.54	2685.09	2672.32	2684.55	14322	0	19
2024.11.07	16:00:00	2684.55	2694.93	2682.35	2691.90	13071	0	18
2024.11.07	17:00:00	2691.83	2700.18	2690.13	2698.76	13333	0	18
2024.11.07	18:00:00	2698.77	2699.37	2690.62	2695.75	10230	0	18
2024.11.07	19:00:00	2695.75	2700.25	2694.19	2699.32	7086	0	19
2024.11.07	20:00:00	2699.33	2699.36	2693.95	2694.83	6517	0	19
2024.11.07	21:00:00	2694.44	2697.81	2687.42	2694.27	13615	0	23
2024.11.07	22:00:00	2694.39	2710.07	2692.82	2704.39	10398	0	19
2024.11.07	23:00:00	2704.08	2708.24	2703.57	2707.07	2427	0	21
2024.11.08	01:00:00	2704.17	2707.92	2704.05	2706.85	2271	0	18
2024.11.08	02:00:00	2706.85	2710.28	2705.59	2706.26	3430	0	20
2024.11.08	03:00:00	2706.31	2707.53	2699.12	2699.83	9814	0	22
2024.11.08	04:00:00	2699.83	2700.96	2695.05	2697.47	7882	0	22
2024.11.08	05:00:00	2697.45	2700.40	2694.01	2695.09	5260	0	22
2024.11.08	06:00:00	2695.08	2696.02	2693.23	2693.53	3582	0	22
2024.11.08	07:00:00	2693.50	2696.23	2693.50	2695.16	5024	0	22
2024.11.08	08:00:00	2695.17	2695.73	2685.94	2686.35	8771	0	22
2024.11.08	09:00:00	2686.34	2687.79	2680.25	2687.36	6971	0	20
2024.11.08	10:00:00	2687.37	2691.73	2681.88	2688.67	11383	0	20
2024.11.08	11:00:00	2688.67	2690.97	2687.05	2689.25	7625	0	20
2024.11.08	12:00:00	2689.24	2689.31	2681.97	2688.52	6787	0	20
2024.11.08	13:00:00	2688.52	2694.85	2686.70	2691.72	6051	0	20
2024.11.08	14:00:00	2691.84	2693.05	2686.16	2691.88	6804	0	18
2024.11.08	15:00:00	2691.87	2701.05	2687.83	2697.51	12907	0	18
2024.11.08	16:00:00	2697.52	2703.99	2687.80	2691.67	13273	0	14
2024.11.08	17:00:00	2691.17	2692.81	2683.40	2687.50	12906	0	18
2024.11.08	18:00:00	2687.50	2689.27	2682.83	2683.19	8918	0	18
2024.11.08	19:00:00	2683.31	2688.47	2683.31	2687.91	7188	0	21
2024.11.08	20:00:00	2687.91	2688.71	2683.84	2684.94	6091	0	19
2024.11.08	21:00:00	2684.96	2687.49	2683.22	2687.08	4400	0	19
2024.11.08	22:00:00	2686.98	2688.53	2684.89	2685.03	4596	0	19
2024.11.08	23:00:00	2685.02	2685.76	2682.76	2683.76	1590	0	22
2024.11.11	01:00:00	2683.36	2685.67	2681.53	2685.57	3071	0	18
2024.11.11	02:00:00	2685.56	2686.05	2682.60	2683.94	3245	0	22
2024.11.11	03:00:00	2683.91	2684.81	2671.84	2672.92	10465	0	22
2024.11.11	04:00:00	2672.97	2675.14	2666.41	2671.90	7285	0	22
2024.11.11	05:00:00	2671.89	2671.91	2667.96	2670.18	4190	0	22
2024.11.11	06:00:00	2670.17	2672.37	2668.78	2672.12	5096	0	22
2024.11.11	07:00:00	2672.13	2674.25	2666.92	2669.21	5901	0	22
2024.11.11	08:00:00	2669.22	2674.06	2668.40	2673.21	6503	0	22
2024.11.11	09:00:00	2673.21	2673.98	2668.78	2669.54	7546	0	20
2024.11.11	10:00:00	2669.51	2671.70	2667.57	2669.47	7507	0	20
2024.11.11	11:00:00	2669.48	2670.76	2663.81	2666.80	7737	0	20
2024.11.11	12:00:00	2666.79	2675.14	2660.91	2661.83	7088	0	20
2024.11.11	13:00:00	2661.84	2666.95	2658.97	2662.57	7077	0	20
2024.11.11	14:00:00	2662.57	2663.07	2656.63	2657.20	7203	0	18
2024.11.11	15:00:00	2657.18	2657.50	2634.32	2635.48	13352	0	20
2024.11.11	16:00:00	2635.55	2635.62	2617.70	2622.42	14663	0	18
2024.11.11	17:00:00	2622.44	2626.26	2613.37	2614.51	12499	0	18
2024.11.11	18:00:00	2614.54	2618.09	2612.65	2615.13	9785	0	18
2024.11.11	19:00:00	2615.15	2616.82	2611.41	2612.54	6445	0	19
2024.11.11	20:00:00	2612.54	2619.24	2610.60	2618.96	6261	0	19
2024.11.11	21:00:00	2618.96	2620.66	2617.87	2619.13	4109	0	19
2024.11.11	22:00:00	2619.24	2626.10	2619.24	2621.99	4240	0	19
2024.11.11	23:00:00	2621.92	2623.00	2619.69	2620.15	1356	0	17
2024.11.12	01:00:00	2621.09	2624.07	2620.53	2623.92	1488	0	18
2024.11.12	02:00:00	2623.92	2625.06	2622.19	2623.94	3145	0	22
2024.11.12	03:00:00	2623.91	2627.06	2619.11	2624.09	9127	0	22
2024.11.12	04:00:00	2624.07	2625.41	2620.46	2621.90	8064	0	22
2024.11.12	05:00:00	2621.91	2623.67	2618.76	2618.90	5086	0	22
2024.11.12	06:00:00	2618.91	2619.03	2615.59	2617.66	4704	0	22
2024.11.12	07:00:00	2617.67	2618.07	2605.35	2606.82	8403	0	22
2024.11.12	08:00:00	2606.82	2610.11	2603.41	2607.89	9866	0	22
2024.11.12	09:00:00	2607.90	2609.03	2595.20	2598.22	9137	0	21
2024.11.12	10:00:00	2598.19	2606.47	2598.16	2600.57	8792	0	20
2024.11.12	11:00:00	2600.57	2600.70	2590.78	2593.23	8682	0	20
2024.11.12	12:00:00	2593.20	2598.57	2589.65	2596.62	7290	0	20
2024.11.12	13:00:00	2596.60	2599.04	2592.53	2597.84	7675	0	11
2024.11.12	14:00:00	2597.84	2607.02	2597.84	2605.25	10325	0	19
2024.11.12	15:00:00	2605.24	2616.29	2604.50	2611.55	12098	0	18
2024.11.12	16:00:00	2611.62	2616.98	2608.98	2610.35	12385	0	18
2024.11.12	17:00:00	2610.35	2611.71	2597.38	2598.44	12473	0	18
2024.11.12	18:00:00	2598.44	2604.12	2597.85	2600.76	9557	0	18
2024.11.12	19:00:00	2600.80	2601.05	2592.43	2597.39	8645	0	18
2024.11.12	20:00:00	2597.40	2602.03	2596.41	2599.22	6850	0	19
2024.11.12	21:00:00	2599.22	2601.38	2597.92	2598.14	5991	0	19
2024.11.12	22:00:00	2598.02	2601.33	2595.11	2599.66	5202	0	19
2024.11.12	23:00:00	2599.88	2600.71	2597.19	2597.27	1746	0	24
2024.11.13	01:00:00	2597.91	2599.76	2597.56	2598.89	1225	0	22
2024.11.13	02:00:00	2598.89	2599.83	2598.00	2599.41	2312	0	22
2024.11.13	03:00:00	2599.43	2611.08	2599.43	2608.07	10536	0	22
2024.11.13	04:00:00	2608.08	2612.49	2605.09	2612.05	8009	0	22
2024.11.13	05:00:00	2612.03	2613.19	2606.45	2611.48	7058	0	22
2024.11.13	06:00:00	2611.48	2612.28	2606.05	2606.19	4537	0	22
2024.11.13	07:00:00	2606.22	2607.82	2603.51	2605.70	5803	0	22
2024.11.13	08:00:00	2605.69	2607.37	2604.12	2605.39	6291	0	22
2024.11.13	09:00:00	2605.39	2607.36	2604.25	2606.13	5302	0	20
2024.11.13	10:00:00	2606.09	2610.67	2601.00	2607.60	7430	0	20
2024.11.13	11:00:00	2607.60	2611.62	2607.30	2608.57	5896	0	20
2024.11.13	12:00:00	2608.52	2610.37	2606.96	2608.98	4513	0	20
2024.11.13	13:00:00	2608.97	2611.59	2605.77	2610.77	4786	0	20
2024.11.13	14:00:00	2610.77	2612.66	2608.86	2609.64	6025	0	18
2024.11.13	15:00:00	2609.66	2618.74	2607.11	2612.33	13471	0	18
2024.11.13	16:00:00	2612.32	2616.32	2601.04	2602.19	14801	0	18
2024.11.13	17:00:00	2602.00	2606.79	2593.53	2605.41	14948	0	18
2024.11.13	18:00:00	2605.39	2605.95	2584.68	2585.79	11578	0	18
2024.11.13	19:00:00	2585.79	2586.70	2577.59	2583.29	10761	0	19
2024.11.13	20:00:00	2583.29	2585.44	2579.56	2582.67	7128	0	20
2024.11.13	21:00:00	2582.68	2584.86	2580.52	2580.90	4966	0	19
2024.11.13	22:00:00	2580.87	2581.03	2572.94	2573.76	6694	0	19
2024.11.13	23:00:00	2573.74	2577.07	2573.20	2573.69	2011	0	15
2024.11.14	01:00:00	2573.99	2581.41	2569.29	2570.85	4656	0	18
2024.11.14	02:00:00	2570.85	2574.66	2569.59	2572.37	3707	0	22
2024.11.14	03:00:00	2572.37	2572.78	2561.49	2562.55	10432	0	22
2024.11.14	04:00:00	2562.54	2564.54	2558.83	2560.60	8457	0	22
2024.11.14	05:00:00	2560.56	2564.94	2559.95	2560.63	5750	0	22
2024.11.14	06:00:00	2560.62	2565.18	2559.21	2565.11	3890	0	22
2024.11.14	07:00:00	2565.12	2565.12	2555.28	2558.58	7338	0	22
2024.11.14	08:00:00	2558.58	2560.43	2551.81	2554.99	8973	0	22
2024.11.14	09:00:00	2554.99	2558.86	2550.39	2556.92	8779	0	20
2024.11.14	10:00:00	2556.92	2559.74	2554.47	2556.11	8551	0	20
2024.11.14	11:00:00	2556.10	2558.29	2536.75	2543.49	12065	0	20
2024.11.14	12:00:00	2543.48	2547.99	2539.01	2547.04	8085	0	20
2024.11.14	13:00:00	2547.05	2555.00	2545.17	2553.62	8734	0	20
2024.11.14	14:00:00	2553.61	2556.83	2550.08	2552.20	7756	0	18
2024.11.14	15:00:00	2552.18	2560.27	2551.21	2557.16	13569	0	19
2024.11.14	16:00:00	2557.09	2565.84	2554.26	2559.70	13715	0	18
2024.11.14	17:00:00	2559.60	2572.90	2558.60	2570.26	13729	0	18
2024.11.14	18:00:00	2570.26	2577.43	2569.21	2573.97	10120	0	17
2024.11.14	19:00:00	2573.97	2575.82	2567.42	2572.95	7950	0	19
2024.11.14	20:00:00	2572.97	2573.43	2567.12	2569.84	6875	0	19
2024.11.14	21:00:00	2569.86	2576.85	2569.84	2575.93	5212	0	19
2024.11.14	22:00:00	2575.92	2576.26	2563.86	2567.19	11627	0	20
2024.11.14	23:00:00	2567.24	2569.52	2564.09	2566.31	2786	0	22
2024.11.15	01:00:00	2566.43	2567.24	2565.79	2566.86	1834	0	22
2024.11.15	02:00:00	2566.86	2567.55	2565.89	2566.81	3275	0	22
2024.11.15	03:00:00	2566.82	2571.62	2563.03	2564.97	8342	0	22
2024.11.15	04:00:00	2564.95	2570.98	2564.87	2570.14	6848	0	22
2024.11.15	05:00:00	2570.13	2571.08	2567.62	2567.70	4280	0	22
2024.11.15	06:00:00	2567.70	2569.46	2566.99	2567.01	2120	0	22
2024.11.15	07:00:00	2567.01	2567.16	2559.66	2559.87	5300	0	20
2024.11.15	08:00:00	2559.84	2563.54	2554.44	2561.39	7930	0	22
2024.11.15	09:00:00	2561.39	2564.84	2559.35	2563.75	6540	0	20
2024.11.15	10:00:00	2563.75	2568.91	2560.82	2566.82	7580	0	20
2024.11.15	11:00:00	2566.80	2568.90	2563.88	2563.93	6290	0	20
2024.11.15	12:00:00	2563.92	2570.43	2562.98	2567.88	7075	0	20
2024.11.15	13:00:00	2567.84	2573.23	2566.62	2570.71	7084	0	20
2024.11.15	14:00:00	2570.71	2570.97	2565.48	2569.13	6619	0	18
2024.11.15	15:00:00	2569.15	2575.71	2561.14	2565.28	14765	0	20
2024.11.15	16:00:00	2565.21	2575.50	2564.24	2572.81	14288	0	18
2024.11.15	17:00:00	2572.85	2575.95	2565.05	2570.80	14090	0	18
2024.11.15	18:00:00	2570.81	2573.29	2562.02	2562.12	11778	0	18
2024.11.15	19:00:00	2562.12	2564.72	2560.09	2562.92	7930	0	19
2024.11.15	20:00:00	2562.94	2567.78	2559.43	2567.54	7476	0	19
2024.11.15	21:00:00	2567.47	2568.01	2562.70	2563.76	5016	0	19
2024.11.15	22:00:00	2563.77	2563.87	2559.73	2562.15	5752	0	19
2024.11.15	23:00:00	2562.14	2562.39	2561.04	2561.45	1499	0	21
2024.11.18	01:00:00	2567.97	2575.44	2567.94	2571.34	4352	0	22
2024.11.18	02:00:00	2571.34	2577.07	2569.78	2576.48	4561	0	22
2024.11.18	03:00:00	2576.47	2597.14	2576.47	2586.98	12849	0	22
2024.11.18	04:00:00	2586.96	2594.99	2586.81	2591.06	8300	0	22
2024.11.18	05:00:00	2591.06	2592.47	2587.73	2589.83	5282	0	22
2024.11.18	06:00:00	2589.82	2593.04	2589.21	2592.19	3171	0	22
2024.11.18	07:00:00	2592.14	2592.27	2585.01	2585.51	6422	0	22
2024.11.18	08:00:00	2585.50	2587.65	2580.35	2585.95	8773	0	22
2024.11.18	09:00:00	2585.95	2587.04	2581.62	2582.81	6339	0	20
2024.11.18	10:00:00	2582.81	2589.96	2581.97	2585.59	8135	0	20
2024.11.18	11:00:00	2585.58	2597.24	2583.75	2595.68	8398	0	20
2024.11.18	12:00:00	2595.67	2596.62	2589.49	2593.98	6852	0	20
2024.11.18	13:00:00	2593.98	2595.34	2590.47	2594.32	6271	0	20
2024.11.18	14:00:00	2594.35	2597.05	2590.35	2595.11	7060	0	18
2024.11.18	15:00:00	2595.11	2605.06	2592.86	2603.93	11332	0	18
2024.11.18	16:00:00	2603.92	2610.17	2602.74	2608.04	12308	0	18
2024.11.18	17:00:00	2608.09	2613.33	2605.87	2613.00	11018	0	18
2024.11.18	18:00:00	2612.97	2615.01	2609.35	2611.52	8769	0	18
2024.11.18	19:00:00	2611.52	2611.86	2607.29	2610.35	6581	0	18
2024.11.18	20:00:00	2610.34	2611.99	2607.68	2611.06	5145	0	19
2024.11.18	21:00:00	2611.06	2612.51	2608.35	2609.73	4312	0	19
2024.11.18	22:00:00	2609.71	2611.49	2608.17	2610.14	4067	0	19
2024.11.18	23:00:00	2610.17	2612.21	2609.78	2612.11	1829	0	22
2024.11.19	01:00:00	2610.50	2612.97	2610.38	2612.53	1264	0	22
2024.11.19	02:00:00	2612.53	2613.58	2611.03	2613.25	2567	0	22
2024.11.19	03:00:00	2613.35	2617.79	2611.50	2615.64	9031	0	22
2024.11.19	04:00:00	2615.62	2624.10	2615.61	2622.46	7986	0	22
2024.11.19	05:00:00	2622.46	2625.47	2621.32	2624.42	6971	0	22
2024.11.19	06:00:00	2624.42	2625.16	2621.51	2622.88	4790	0	22
2024.11.19	07:00:00	2622.81	2623.36	2620.81	2622.51	6073	0	22
2024.11.19	08:00:00	2622.52	2626.58	2621.29	2625.01	7309	0	22
2024.11.19	09:00:00	2625.08	2625.22	2617.72	2619.04	7174	0	20
2024.11.19	10:00:00	2618.92	2626.93	2618.62	2626.32	8855	0	20
2024.11.19	11:00:00	2626.20	2634.42	2625.24	2630.21	11233	0	20
2024.11.19	12:00:00	2630.21	2636.42	2629.90	2635.06	8013	0	20
2024.11.19	13:00:00	2635.07	2635.95	2628.92	2629.50	6555	0	20
2024.11.19	14:00:00	2629.50	2639.26	2628.71	2639.16	8652	0	18
2024.11.19	15:00:00	2639.17	2639.36	2629.23	2635.22	12929	0	21
2024.11.19	16:00:00	2635.17	2636.84	2622.72	2623.38	14657	0	18
2024.11.19	17:00:00	2623.35	2628.63	2620.85	2624.41	12398	0	18
2024.11.19	18:00:00	2624.58	2628.43	2622.28	2626.45	9733	0	18
2024.11.19	19:00:00	2626.45	2633.02	2625.58	2628.01	6983	0	19
2024.11.19	20:00:00	2628.04	2630.38	2626.24	2630.13	5750	0	19
2024.11.19	21:00:00	2630.13	2631.55	2628.81	2630.63	4974	0	19
2024.11.19	22:00:00	2630.64	2634.56	2630.34	2633.66	3983	0	19
2024.11.19	23:00:00	2633.62	2633.82	2630.52	2631.71	2261	0	21
2024.11.20	01:00:00	2632.37	2635.40	2631.90	2635.08	2307	0	23
2024.11.20	02:00:00	2635.08	2639.07	2634.63	2637.78	3121	0	22
2024.11.20	03:00:00	2637.81	2641.40	2635.69	2639.55	8533	0	22
2024.11.20	04:00:00	2639.56	2641.75	2638.34	2640.15	6198	0	22
2024.11.20	05:00:00	2640.15	2641.22	2637.57	2637.90	4986	0	22
2024.11.20	06:00:00	2637.91	2638.72	2636.11	2636.60	2638	0	22
2024.11.20	07:00:00	2636.58	2638.42	2634.86	2636.83	5391	0	22
2024.11.20	08:00:00	2636.78	2637.03	2628.50	2629.45	8772	0	22
2024.11.20	09:00:00	2629.45	2630.10	2621.03	2621.50	7459	0	20
2024.11.20	10:00:00	2621.47	2624.43	2618.80	2624.16	7673	0	20
2024.11.20	11:00:00	2624.17	2625.62	2620.98	2621.86	7083	0	21
2024.11.20	12:00:00	2621.79	2626.14	2620.88	2625.05	5949	0	20
2024.11.20	13:00:00	2625.06	2628.08	2621.39	2628.04	6204	0	20
2024.11.20	14:00:00	2628.03	2632.33	2627.02	2631.75	7164	0	18
2024.11.20	15:00:00	2631.82	2640.40	2631.08	2636.06	10005	0	18
2024.11.20	16:00:00	2636.07	2646.32	2634.14	2643.12	10990	0	18
2024.11.20	17:00:00	2643.09	2648.85	2640.80	2648.85	10293	0	18
2024.11.20	18:00:00	2648.85	2650.75	2646.11	2650.56	8411	0	18
2024.11.20	19:00:00	2650.59	2655.33	2649.19	2651.74	7162	0	20
2024.11.20	20:00:00	2651.75	2652.00	2645.40	2648.54	6695	0	19
2024.11.20	21:00:00	2648.56	2653.06	2648.41	2650.82	4967	0	20
2024.11.20	22:00:00	2650.81	2651.17	2647.13	2648.82	5052	0	20
2024.11.20	23:00:00	2648.81	2650.42	2647.93	2650.01	2322	0	20
2024.11.21	01:00:00	2649.77	2652.85	2648.79	2652.13	1757	0	23
2024.11.21	02:00:00	2652.13	2658.73	2651.73	2658.42	3914	0	22
2024.11.21	03:00:00	2658.41	2660.39	2651.78	2653.35	8611	0	22
2024.11.21	04:00:00	2653.34	2658.11	2652.51	2653.64	5742	0	22
2024.11.21	05:00:00	2653.59	2657.15	2650.34	2656.85	5169	0	22
2024.11.21	06:00:00	2656.82	2658.83	2656.77	2656.87	2873	0	22
2024.11.21	07:00:00	2656.87	2658.08	2654.57	2656.87	5474	0	22
2024.11.21	08:00:00	2656.87	2662.14	2656.52	2661.35	7025	0	22
2024.11.21	09:00:00	2661.34	2664.59	2660.01	2663.04	6381	0	21
2024.11.21	10:00:00	2663.03	2670.16	2661.93	2668.75	7630	0	20
2024.11.21	11:00:00	2668.76	2671.51	2663.44	2668.81	7625	0	20
2024.11.21	12:00:00	2668.81	2670.30	2665.01	2669.89	5116	0	20
2024.11.21	13:00:00	2669.90	2673.48	2668.25	2671.43	5586	0	20
2024.11.21	14:00:00	2671.50	2671.70	2663.00	2663.26	6460	0	19
2024.11.21	15:00:00	2663.22	2667.65	2660.37	2665.41	12513	0	21
2024.11.21	16:00:00	2665.41	2671.53	2661.38	2664.91	12103	0	21
2024.11.21	17:00:00	2664.88	2670.50	2664.35	2667.67	11565	0	19
2024.11.21	18:00:00	2667.65	2669.70	2661.29	2664.67	10588	0	19
2024.11.21	19:00:00	2664.69	2672.73	2661.70	2671.78	7759	0	19
2024.11.21	20:00:00	2671.80	2673.01	2669.04	2672.38	6369	0	19
2024.11.21	21:00:00	2672.37	2673.41	2667.77	2669.58	5171	0	20
2024.11.21	22:00:00	2669.59	2671.75	2668.48	2671.44	4255	0	19
2024.11.21	23:00:00	2671.42	2671.79	2667.95	2669.66	2050	0	15
2024.11.22	01:00:00	2669.58	2669.89	2668.04	2669.06	1949	0	24
2024.11.22	02:00:00	2669.06	2673.52	2668.77	2673.07	3896	0	22
2024.11.22	03:00:00	2673.04	2679.40	2673.01	2677.77	9078	0	22
2024.11.22	04:00:00	2677.71	2686.32	2677.27	2686.01	7620	0	22
2024.11.22	05:00:00	2686.03	2690.44	2681.40	2686.16	7534	0	22
2024.11.22	06:00:00	2686.16	2692.31	2682.96	2688.69	4483	0	22
2024.11.22	07:00:00	2688.69	2689.08	2683.03	2686.58	7111	0	22
2024.11.22	08:00:00	2686.60	2693.14	2685.77	2692.93	7880	0	22
2024.11.22	09:00:00	2692.93	2698.93	2690.45	2696.34	7866	0	20
2024.11.22	10:00:00	2696.40	2700.37	2694.69	2697.25	9603	0	20
2024.11.22	11:00:00	2697.25	2707.38	2693.49	2703.30	11994	0	20
2024.11.22	12:00:00	2703.30	2708.49	2702.66	2707.65	8442	0	20
2024.11.22	13:00:00	2707.66	2710.03	2697.02	2698.80	9122	0	20
2024.11.22	14:00:00	2698.80	2704.88	2697.03	2702.93	8323	0	20
2024.11.22	15:00:00	2702.78	2704.03	2689.30	2692.87	13311	0	20
2024.11.22	16:00:00	2692.84	2696.24	2684.38	2694.65	13319	0	20
2024.11.22	17:00:00	2694.55	2705.02	2694.55	2703.62	13524	0	20
2024.11.22	18:00:00	2703.62	2706.54	2700.77	2705.11	9846	0	20
2024.11.22	19:00:00	2705.11	2707.16	2703.57	2706.75	6870	0	21
2024.11.22	20:00:00	2706.76	2711.40	2706.61	2710.83	7034	0	19
2024.11.22	21:00:00	2710.85	2711.39	2706.97	2708.12	5211	0	19
2024.11.22	22:00:00	2708.08	2708.76	2704.99	2705.78	5536	0	19
2024.11.22	23:00:00	2705.76	2712.77	2705.72	2712.73	2769	0	19
2024.11.25	01:00:00	2710.91	2721.30	2710.68	2719.78	5962	0	24
2024.11.25	02:00:00	2719.78	2720.12	2709.80	2710.55	7162	0	24
2024.11.25	03:00:00	2710.61	2711.06	2694.86	2701.19	13919	0	22
2024.11.25	04:00:00	2701.22	2704.40	2692.29	2695.21	10075	0	22
2024.11.25	05:00:00	2695.21	2697.32	2659.44	2672.26	10961	0	22
2024.11.25	06:00:00	2672.21	2676.29	2663.86	2672.42	7318	0	22
2024.11.25	07:00:00	2672.43	2673.94	2658.23	2664.68	10116	0	22
2024.11.25	08:00:00	2664.83	2670.03	2661.64	2666.89	11033	0	22
2024.11.25	09:00:00	2666.91	2672.50	2663.79	2667.78	9811	0	20
2024.11.25	10:00:00	2667.80	2673.51	2667.13	2672.00	9610	0	20
2024.11.25	11:00:00	2671.99	2675.12	2669.90	2673.84	7975	0	20
2024.11.25	12:00:00	2673.84	2678.02	2668.74	2677.71	6947	0	20
2024.11.25	13:00:00	2677.64	2688.71	2677.60	2686.81	7545	0	20
2024.11.25	14:00:00	2686.81	2686.89	2679.90	2680.94	7808	0	18
2024.11.25	15:00:00	2680.91	2687.87	2676.58	2678.24	13259	0	18
2024.11.25	16:00:00	2678.26	2678.66	2633.63	2641.29	17356	0	18
2024.11.25	17:00:00	2641.28	2641.61	2626.20	2628.32	14133	0	18
2024.11.25	18:00:00	2628.33	2639.33	2628.33	2632.00	11021	0	18
2024.11.25	19:00:00	2631.93	2634.11	2624.54	2627.82	8486	0	19
2024.11.25	20:00:00	2627.84	2628.45	2615.54	2618.82	9345	0	19
2024.11.25	21:00:00	2618.77	2626.11	2618.33	2625.70	6333	0	19
2024.11.25	22:00:00	2625.70	2628.66	2622.59	2625.86	5873	0	19
2024.11.25	23:00:00	2625.95	2628.27	2625.12	2625.23	2035	0	22
2024.11.26	01:00:00	2627.45	2628.51	2605.21	2610.32	5857	0	24
2024.11.26	02:00:00	2610.51	2624.54	2608.60	2619.82	8943	0	22
2024.11.26	03:00:00	2619.86	2632.13	2618.07	2628.13	12009	0	22
2024.11.26	04:00:00	2628.13	2630.47	2624.89	2625.36	8819	0	22
2024.11.26	05:00:00	2625.36	2631.01	2622.89	2630.34	6919	0	22
2024.11.26	06:00:00	2630.32	2631.34	2625.02	2626.36	4334	0	22
2024.11.26	07:00:00	2626.33	2626.44	2617.81	2624.35	7695	0	22
2024.11.26	08:00:00	2624.32	2625.94	2621.15	2622.04	8416	0	22
2024.11.26	09:00:00	2622.05	2622.79	2610.79	2614.03	7494	0	20
2024.11.26	10:00:00	2614.05	2618.29	2612.42	2613.37	8926	0	20
2024.11.26	11:00:00	2613.37	2627.11	2612.88	2625.97	8876	0	20
2024.11.26	12:00:00	2626.00	2633.10	2625.07	2631.30	7875	0	20
2024.11.26	13:00:00	2631.28	2633.20	2627.62	2633.19	6879	0	20
2024.11.26	14:00:00	2633.19	2634.70	2629.24	2630.98	8153	0	18
2024.11.26	15:00:00	2630.99	2641.89	2623.97	2629.90	13742	0	18
2024.11.26	16:00:00	2629.87	2633.76	2616.70	2622.69	13175	0	18
2024.11.26	17:00:00	2622.72	2632.73	2620.33	2629.49	12717	0	18
2024.11.26	18:00:00	2629.51	2631.37	2626.36	2628.62	8421	0	18
2024.11.26	19:00:00	2628.62	2628.65	2624.93	2624.93	7363	0	19
2024.11.26	20:00:00	2624.91	2624.93	2619.51	2623.44	7687	0	19
2024.11.26	21:00:00	2623.47	2628.91	2622.70	2628.03	6254	0	19
2024.11.26	22:00:00	2628.04	2632.74	2627.49	2631.60	5255	0	19
2024.11.26	23:00:00	2631.59	2633.50	2630.70	2632.12	2224	0	22
2024.11.27	01:00:00	2631.17	2634.09	2630.90	2632.20	1817	0	24
2024.11.27	02:00:00	2632.20	2633.04	2627.15	2627.69	3107	0	24
2024.11.27	03:00:00	2627.71	2632.68	2627.00	2631.30	8692	0	23
2024.11.27	04:00:00	2631.27	2640.39	2631.04	2637.52	7907	0	22
2024.11.27	05:00:00	2637.53	2639.35	2635.89	2637.76	5373	0	22
2024.11.27	06:00:00	2637.75	2640.54	2636.63	2638.90	3444	0	22
2024.11.27	07:00:00	2638.94	2645.71	2638.17	2641.95	6499	0	22
2024.11.27	08:00:00	2641.95	2647.96	2638.96	2647.75	8111	0	22
2024.11.27	09:00:00	2647.73	2648.44	2645.86	2646.55	6333	0	20
2024.11.27	10:00:00	2646.52	2653.58	2645.19	2653.41	9337	0	20
2024.11.27	11:00:00	2653.40	2653.72	2647.88	2648.39	6571	0	20
2024.11.27	12:00:00	2648.39	2649.89	2647.66	2648.57	5915	0	20
2024.11.27	13:00:00	2648.59	2652.28	2643.20	2651.08	6703	0	20
2024.11.27	14:00:00	2651.08	2655.01	2649.46	2651.26	6956	0	18
2024.11.27	15:00:00	2651.25	2658.12	2645.78	2656.26	12873	0	18
2024.11.27	16:00:00	2656.28	2656.83	2649.05	2651.08	11102	0	18
2024.11.27	17:00:00	2650.48	2651.45	2635.50	2642.67	14086	0	18
2024.11.27	18:00:00	2642.66	2644.24	2638.05	2638.99	9869	0	18
2024.11.27	19:00:00	2638.99	2642.74	2635.21	2637.20	6928	0	18
2024.11.27	20:00:00	2637.19	2640.71	2636.48	2638.84	4576	0	19
2024.11.27	21:00:00	2638.84	2639.34	2633.77	2634.70	3845	0	19
2024.11.27	22:00:00	2634.71	2638.98	2634.16	2636.92	3948	0	19
2024.11.27	23:00:00	2636.93	2637.49	2634.74	2635.71	1638	0	22
2024.11.28	01:00:00	2637.65	2637.84	2636.19	2637.03	1116	0	23
2024.11.28	02:00:00	2637.03	2638.35	2635.09	2635.64	2670	0	23
2024.11.28	03:00:00	2635.59	2636.27	2620.92	2628.80	13092	0	22
2024.11.28	04:00:00	2628.79	2630.13	2625.59	2628.16	6614	0	22
2024.11.28	05:00:00	2628.16	2632.09	2625.63	2630.23	4919	0	22
2024.11.28	06:00:00	2630.25	2633.95	2629.34	2631.22	2894	0	22
2024.11.28	07:00:00	2631.23	2634.00	2630.12	2633.41	4960	0	22
2024.11.28	08:00:00	2633.42	2639.53	2631.85	2636.76	6737	0	22
2024.11.28	09:00:00	2636.76	2639.27	2634.53	2637.29	4302	0	21
2024.11.28	10:00:00	2637.24	2646.30	2635.68	2644.05	6176	0	20
2024.11.28	11:00:00	2644.05	2647.92	2642.75	2646.14	5516	0	20
2024.11.28	12:00:00	2646.18	2649.60	2644.81	2647.44	4018	0	20
2024.11.28	13:00:00	2647.44	2649.40	2644.85	2646.82	3552	0	20
2024.11.28	14:00:00	2646.82	2647.23	2643.80	2646.02	4076	0	18
2024.11.28	15:00:00	2646.01	2647.74	2642.74	2647.00	8897	0	18
2024.11.28	16:00:00	2647.02	2647.87	2640.83	2641.24	5783	0	18
2024.11.28	17:00:00	2641.25	2643.04	2636.17	2638.11	7189	0	18
2024.11.28	18:00:00	2638.10	2642.43	2637.51	2642.06	4067	0	18
2024.11.28	19:00:00	2642.06	2642.23	2639.51	2640.89	1648	0	19
2024.11.28	20:00:00	2640.89	2641.41	2639.48	2639.88	1072	0	26
2024.11.28	21:00:00	2639.87	2639.97	2637.29	2637.68	1005	0	26
2024.11.29	01:00:00	2638.83	2639.16	2637.15	2638.74	1451	0	24
2024.11.29	02:00:00	2638.74	2639.11	2635.59	2636.01	3484	0	22
2024.11.29	03:00:00	2636.01	2647.10	2633.98	2644.87	11055	0	22
2024.11.29	04:00:00	2644.85	2662.66	2644.72	2657.39	9883	0	22
2024.11.29	05:00:00	2657.40	2660.53	2654.81	2659.91	6436	0	22
2024.11.29	06:00:00	2659.92	2664.14	2658.34	2659.89	4901	0	22
2024.11.29	07:00:00	2659.88	2663.97	2659.39	2662.38	6478	0	22
2024.11.29	08:00:00	2662.36	2666.19	2661.67	2665.17	7674	0	22
2024.11.29	09:00:00	2665.17	2665.48	2659.04	2660.53	6316	0	20
2024.11.29	10:00:00	2660.54	2662.53	2654.51	2657.22	6925	0	20
2024.11.29	11:00:00	2657.22	2664.63	2655.86	2664.11	6989	0	20
2024.11.29	12:00:00	2664.12	2665.80	2661.28	2662.74	6003	0	20
2024.11.29	13:00:00	2662.72	2664.28	2659.47	2659.57	5642	0	20
2024.11.29	14:00:00	2659.57	2664.92	2658.96	2659.94	6580	0	18
2024.11.29	15:00:00	2660.07	2663.23	2656.12	2657.98	10763	0	18
2024.11.29	16:00:00	2657.98	2662.70	2651.80	2653.42	11293	0	18
2024.11.29	17:00:00	2653.43	2658.88	2650.64	2658.88	10888	0	18
2024.11.29	18:00:00	2658.90	2662.23	2657.97	2662.19	9517	0	18
2024.11.29	19:00:00	2662.14	2662.21	2657.48	2660.47	7776	0	23
2024.11.29	20:00:00	2660.54	2660.54	2651.71	2652.69	5682	0	26
2024.11.29	21:00:00	2652.71	2653.02	2648.57	2650.26	3714	0	26
2024.12.02	01:00:00	2648.70	2650.27	2643.05	2645.66	3812	0	24
2024.12.02	02:00:00	2645.67	2647.61	2629.98	2637.43	6592	0	23
2024.12.02	03:00:00	2637.41	2639.09	2622.88	2635.86	13064	0	22
2024.12.02	04:00:00	2635.85	2637.96	2625.49	2626.67	10142	0	22
2024.12.02	05:00:00	2626.87	2631.04	2624.06	2629.33	7790	0	22
2024.12.02	06:00:00	2629.32	2630.50	2626.14	2628.57	5029	0	22
2024.12.02	07:00:00	2628.56	2628.73	2621.83	2623.14	8600	0	22
2024.12.02	08:00:00	2623.12	2627.64	2621.89	2625.87	9014	0	22
2024.12.02	09:00:00	2625.86	2633.55	2625.19	2629.81	7880	0	17
2024.12.02	10:00:00	2629.80	2632.70	2626.54	2629.45	8393	0	20
2024.12.02	11:00:00	2629.45	2636.84	2628.49	2633.60	8062	0	20
2024.12.02	12:00:00	2633.58	2637.66	2633.32	2635.80	6704	0	20
2024.12.02	13:00:00	2635.79	2646.24	2635.66	2641.79	8874	0	20
2024.12.02	14:00:00	2641.79	2645.09	2639.10	2640.97	8439	0	18
2024.12.02	15:00:00	2640.97	2648.70	2636.97	2646.96	12695	0	18
2024.12.02	16:00:00	2646.94	2651.73	2642.46	2645.56	12362	0	18
2024.12.02	17:00:00	2645.50	2649.26	2640.14	2642.28	13384	0	18
2024.12.02	18:00:00	2642.28	2644.33	2638.51	2641.33	9898	0	18
2024.12.02	19:00:00	2641.33	2641.95	2637.29	2638.74	6866	0	19
2024.12.02	20:00:00	2638.75	2638.84	2633.45	2636.96	6587	0	19
2024.12.02	21:00:00	2636.96	2640.14	2636.49	2637.56	4819	0	19
2024.12.02	22:00:00	2637.56	2644.20	2635.24	2637.11	5355	0	20
2024.12.02	23:00:00	2637.02	2638.85	2636.48	2638.68	1418	0	23
2024.12.03	01:00:00	2638.86	2642.84	2638.64	2642.16	1314	0	22
2024.12.03	02:00:00	2642.16	2644.28	2640.46	2641.00	3314	0	22
2024.12.03	03:00:00	2641.00	2645.15	2634.00	2636.46	9431	0	24
2024.12.03	04:00:00	2636.45	2639.01	2634.43	2636.98	6994	0	22
2024.12.03	05:00:00	2636.92	2640.58	2636.13	2640.45	4841	0	22
2024.12.03	06:00:00	2640.43	2642.89	2638.36	2639.80	3424	0	22
2024.12.03	07:00:00	2639.80	2641.85	2637.12	2641.12	4785	0	22
2024.12.03	08:00:00	2641.12	2649.93	2641.12	2646.81	7741	0	22
2024.12.03	09:00:00	2646.81	2647.70	2644.38	2644.52	5276	0	19
2024.12.03	10:00:00	2644.57	2645.32	2639.21	2645.04	7402	0	20
2024.12.03	11:00:00	2645.04	2648.01	2643.89	2643.93	6564	0	18
2024.12.03	12:00:00	2643.93	2645.54	2642.51	2642.76	5026	0	18
2024.12.03	13:00:00	2642.80	2645.60	2642.70	2643.60	4172	0	18
2024.12.03	14:00:00	2643.54	2644.12	2638.18	2639.78	5183	0	19
2024.12.03	15:00:00	2639.93	2653.61	2637.71	2652.79	10088	0	19
2024.12.03	16:00:00	2652.82	2655.59	2645.64	2646.56	10578	0	19
2024.12.03	17:00:00	2646.60	2647.04	2635.10	2640.43	11062	0	19
2024.12.03	18:00:00	2640.42	2648.63	2638.88	2648.32	7475	0	19
2024.12.03	19:00:00	2648.32	2648.74	2643.38	2646.98	5716	0	19
2024.12.03	20:00:00	2646.99	2649.08	2643.15	2645.69	4661	0	20
2024.12.03	21:00:00	2645.69	2646.21	2640.11	2640.88	4360	0	20
2024.12.03	22:00:00	2640.88	2644.17	2640.63	2642.10	3342	0	20
2024.12.03	23:00:00	2642.09	2643.94	2641.80	2643.19	1312	0	23
2024.12.04	01:00:00	2642.37	2643.07	2641.02	2642.71	1471	0	22
2024.12.04	02:00:00	2642.71	2643.47	2639.55	2640.43	2580	0	25
2024.12.04	03:00:00	2640.43	2643.19	2637.59	2642.16	7289	0	23
2024.12.04	04:00:00	2642.02	2648.00	2641.89	2645.78	6076	0	22
2024.12.04	05:00:00	2645.78	2647.77	2643.15	2644.43	4734	0	22
2024.12.04	06:00:00	2644.43	2648.53	2643.71	2648.32	3312	0	22
2024.12.04	07:00:00	2648.32	2651.06	2647.46	2649.66	5069	0	23
2024.12.04	08:00:00	2649.66	2651.30	2647.34	2649.18	5963	0	22
2024.12.04	09:00:00	2649.18	2649.24	2640.28	2641.43	5536	0	18
2024.12.04	10:00:00	2641.37	2642.14	2636.60	2641.25	6081	0	18
2024.12.04	11:00:00	2641.24	2642.75	2638.55	2640.88	5133	0	18
2024.12.04	12:00:00	2640.96	2644.52	2640.16	2644.40	4865	0	18
2024.12.04	13:00:00	2644.40	2647.69	2643.39	2646.17	5143	0	18
2024.12.04	14:00:00	2646.17	2646.50	2636.18	2636.95	6072	0	19
2024.12.04	15:00:00	2636.70	2649.13	2632.35	2648.40	10638	0	19
2024.12.04	16:00:00	2648.41	2653.33	2645.04	2648.96	9865	0	19
2024.12.04	17:00:00	2649.51	2657.11	2648.75	2655.04	10740	0	19
2024.12.04	18:00:00	2655.06	2655.61	2646.95	2649.69	7962	0	19
2024.12.04	19:00:00	2649.69	2652.94	2648.43	2651.34	6146	0	20
2024.12.04	20:00:00	2651.32	2652.93	2648.83	2649.03	5623	0	20
2024.12.04	21:00:00	2649.03	2655.40	2646.88	2651.61	6312	0	20
2024.12.04	22:00:00	2651.59	2651.85	2647.95	2649.97	5385	0	20
2024.12.04	23:00:00	2649.96	2651.12	2648.75	2649.59	1818	0	23
2024.12.05	01:00:00	2649.02	2651.42	2648.75	2650.25	2051	0	22
2024.12.05	02:00:00	2650.25	2650.31	2647.62	2648.34	3432	0	22
2024.12.05	03:00:00	2648.29	2650.62	2646.10	2646.91	6887	0	22
2024.12.05	04:00:00	2646.92	2649.65	2645.21	2646.43	5869	0	22
2024.12.05	05:00:00	2646.43	2649.19	2644.59	2648.77	4482	0	22
2024.12.05	06:00:00	2648.77	2649.54	2645.67	2646.16	2989	0	22
2024.12.05	07:00:00	2646.16	2655.46	2645.46	2653.02	5958	0	22
2024.12.05	08:00:00	2653.02	2654.01	2646.51	2646.81	6697	0	22
2024.12.05	09:00:00	2646.81	2650.91	2645.36	2648.66	4778	0	18
2024.12.05	10:00:00	2648.65	2650.12	2641.94	2643.14	5069	0	18
2024.12.05	11:00:00	2643.13	2646.15	2641.80	2644.81	4415	0	18
2024.12.05	12:00:00	2644.74	2650.32	2644.70	2648.77	4136	0	18
2024.12.05	13:00:00	2648.74	2652.59	2648.07	2651.34	4067	0	18
2024.12.05	14:00:00	2651.34	2653.34	2647.47	2653.23	5208	0	19
2024.12.05	15:00:00	2653.23	2654.43	2644.26	2648.90	9642	0	19
2024.12.05	16:00:00	2648.89	2650.15	2639.51	2640.28	8975	0	19
2024.12.05	17:00:00	2640.27	2641.89	2631.83	2640.23	10063	0	19
2024.12.05	18:00:00	2640.23	2643.35	2632.85	2635.11	7353	0	19
2024.12.05	19:00:00	2635.11	2635.77	2623.80	2627.99	7600	0	19
2024.12.05	20:00:00	2627.99	2629.60	2623.46	2629.52	5442	0	20
2024.12.05	21:00:00	2629.69	2631.63	2628.54	2629.71	4035	0	20
2024.12.05	22:00:00	2629.68	2631.68	2627.88	2631.26	3613	0	20
2024.12.05	23:00:00	2631.21	2632.28	2630.86	2631.86	1211	0	23
2024.12.06	01:00:00	2631.82	2633.78	2631.39	2633.71	2161	0	22
2024.12.06	02:00:00	2633.71	2633.72	2628.05	2628.39	3376	0	22
2024.12.06	03:00:00	2628.37	2630.41	2613.48	2617.48	9758	0	22
2024.12.06	04:00:00	2617.48	2625.39	2616.83	2625.30	6331	0	22
2024.12.06	05:00:00	2625.30	2642.47	2624.85	2640.72	7021	0	22
2024.12.06	06:00:00	2640.72	2644.43	2640.13	2642.16	4374	0	22
2024.12.06	07:00:00	2642.15	2642.58	2635.24	2637.89	5650	0	22
2024.12.06	08:00:00	2637.90	2642.16	2636.27	2639.28	5919	0	22
2024.12.06	09:00:00	2639.35	2640.10	2635.98	2639.67	4326	0	18
2024.12.06	10:00:00	2639.64	2645.12	2637.75	2644.10	4866	0	18
2024.12.06	11:00:00	2644.10	2645.50	2639.76	2640.71	5443	0	18
2024.12.06	12:00:00	2640.71	2640.92	2633.49	2634.05	4718	0	18
2024.12.06	13:00:00	2634.05	2639.23	2632.33	2638.44	3894	0	18
2024.12.06	14:00:00	2638.43	2641.37	2635.65	2638.46	5963	0	19
2024.12.06	15:00:00	2638.46	2643.26	2631.28	2635.67	11933	0	20
2024.12.06	16:00:00	2635.68	2638.89	2624.02	2635.54	13708	0	19
2024.12.06	17:00:00	2635.52	2640.47	2632.53	2637.58	10944	0	19
2024.12.06	18:00:00	2637.58	2641.57	2635.49	2640.41	7107	0	19
2024.12.06	19:00:00	2640.50	2640.57	2634.14	2634.81	5492	0	22
2024.12.06	20:00:00	2634.92	2638.94	2634.04	2637.17	4217	0	20
2024.12.06	21:00:00	2637.24	2637.39	2632.91	2634.79	3828	0	20
2024.12.06	22:00:00	2634.87	2636.33	2631.43	2631.84	3540	0	20
2024.12.06	23:00:00	2631.81	2633.29	2631.06	2632.74	1498	0	23
2024.12.09	01:00:00	2643.10	2648.26	2636.31	2640.03	3591	0	27
2024.12.09	02:00:00	2640.03	2640.03	2627.41	2630.90	4816	0	22
2024.12.09	03:00:00	2630.90	2650.44	2630.90	2646.66	9156	0	22
2024.12.09	04:00:00	2646.66	2648.50	2640.89	2646.06	6132	0	22
2024.12.09	05:00:00	2646.05	2646.58	2638.15	2638.69	5439	0	22
2024.12.09	06:00:00	2638.69	2639.20	2634.65	2635.99	4468	0	22
2024.12.09	07:00:00	2635.99	2640.40	2635.83	2638.23	4497	0	22
2024.12.09	08:00:00	2638.23	2644.45	2638.03	2643.81	5742	0	22
2024.12.09	09:00:00	2643.81	2651.16	2643.00	2650.49	5936	0	18
2024.12.09	10:00:00	2650.49	2651.04	2646.04	2649.32	5672	0	18
2024.12.09	11:00:00	2649.29	2657.37	2648.76	2655.60	5315	0	18
2024.12.09	12:00:00	2655.65	2658.26	2653.44	2657.48	4827	0	18
2024.12.09	13:00:00	2657.53	2660.37	2653.42	2656.24	5010	0	18
2024.12.09	14:00:00	2656.23	2658.20	2653.26	2656.19	4844	0	19
2024.12.09	15:00:00	2656.19	2666.20	2654.67	2665.42	9840	0	19
2024.12.09	16:00:00	2665.42	2675.21	2662.65	2674.04	11031	0	18
2024.12.09	17:00:00	2674.04	2676.36	2666.60	2668.32	10497	0	19
2024.12.09	18:00:00	2668.31	2670.53	2665.63	2667.59	7657	0	19
2024.12.09	19:00:00	2667.59	2669.31	2663.62	2664.44	4840	0	20
2024.12.09	20:00:00	2664.44	2664.65	2661.64	2662.92	5254	0	20
2024.12.09	21:00:00	2662.92	2663.21	2658.86	2660.14	4183	0	20
2024.12.09	22:00:00	2660.17	2660.18	2656.65	2657.81	3884	0	20
2024.12.09	23:00:00	2657.79	2660.27	2657.76	2658.62	1719	0	23
2024.12.10	01:00:00	2660.85	2661.55	2659.50	2660.47	1280	0	26
2024.12.10	02:00:00	2660.45	2665.43	2657.84	2664.90	2742	0	22
2024.12.10	03:00:00	2664.90	2668.57	2660.52	2667.38	7093	0	22
2024.12.10	04:00:00	2667.38	2671.37	2666.05	2668.99	6298	0	22
2024.12.10	05:00:00	2668.96	2671.66	2665.41	2669.88	5609	0	22
2024.12.10	06:00:00	2669.88	2673.70	2669.58	2670.22	3719	0	22
2024.12.10	07:00:00	2670.30	2671.54	2668.16	2668.77	5263	0	22
2024.12.10	08:00:00	2668.63	2670.83	2665.64	2669.97	5308	0	22
2024.12.10	09:00:00	2670.00	2670.76	2663.60	2664.59	4409	0	18
2024.12.10	10:00:00	2664.58	2665.56	2661.17	2663.18	5884	0	19
2024.12.10	11:00:00	2663.11	2666.94	2661.58	2664.96	5371	0	18
2024.12.10	12:00:00	2665.01	2676.73	2664.34	2675.52	6559	0	18
2024.12.10	13:00:00	2675.53	2675.56	2669.74	2674.52	7452	0	20
2024.12.10	14:00:00	2674.54	2679.46	2672.72	2677.74	8693	0	18
2024.12.10	15:00:00	2677.75	2681.95	2672.24	2680.36	10377	0	18
2024.12.10	16:00:00	2680.37	2691.74	2679.45	2688.82	12399	0	18
2024.12.10	17:00:00	2688.84	2690.44	2684.50	2687.36	11195	0	18
2024.12.10	18:00:00	2687.35	2692.47	2684.63	2692.26	8946	0	18
2024.12.10	19:00:00	2692.27	2695.47	2690.43	2694.26	6152	0	19
2024.12.10	20:00:00	2694.27	2695.11	2691.83	2692.36	5546	0	19
2024.12.10	21:00:00	2692.35	2694.50	2691.07	2691.92	4147	0	19
2024.12.10	22:00:00	2691.92	2693.09	2690.88	2691.69	4546	0	19
2024.12.10	23:00:00	2691.62	2694.20	2691.50	2693.56	1883	0	18
2024.12.11	01:00:00	2695.04	2698.29	2693.92	2695.94	2984	0	22
2024.12.11	02:00:00	2695.95	2701.84	2693.44	2700.83	5566	0	22
2024.12.11	03:00:00	2700.82	2703.62	2696.46	2699.88	10660	0	22
2024.12.11	04:00:00	2699.92	2704.31	2698.22	2699.03	8324	0	22
2024.12.11	05:00:00	2698.97	2702.17	2692.78	2695.40	7869	0	22
2024.12.11	06:00:00	2695.42	2696.39	2682.18	2684.14	6070	0	22
2024.12.11	07:00:00	2684.17	2696.98	2674.69	2687.35	9363	0	13
2024.12.11	08:00:00	2687.13	2697.13	2686.91	2696.54	7123	0	22
2024.12.11	09:00:00	2696.54	2696.57	2688.00	2690.33	7865	0	20
2024.12.11	10:00:00	2690.34	2696.11	2688.29	2691.19	8797	0	20
2024.12.11	11:00:00	2691.21	2695.92	2686.19	2695.69	9819	0	20
2024.12.11	12:00:00	2695.71	2699.87	2692.30	2694.25	7097	0	30
2024.12.11	13:00:00	2694.13	2697.47	2692.50	2696.40	6331	0	30
2024.12.11	14:00:00	2696.40	2697.34	2693.66	2695.69	6760	0	30
2024.12.11	15:00:00	2695.73	2701.96	2690.55	2700.88	11887	0	30
2024.12.11	16:00:00	2700.88	2706.83	2696.47	2706.35	13391	0	30
2024.12.11	17:00:00	2706.26	2715.94	2705.45	2713.08	14375	0	30
2024.12.11	18:00:00	2713.11	2718.42	2710.90	2715.22	10269	0	30
2024.12.11	19:00:00	2715.22	2719.89	2713.92	2717.94	7335	0	30
2024.12.11	20:00:00	2717.85	2721.03	2713.84	2714.10	7492	0	31
2024.12.11	21:00:00	2714.09	2719.58	2713.18	2717.94	7824	0	31
2024.12.11	22:00:00	2717.96	2720.02	2715.96	2717.09	5283	0	31
2024.12.11	23:00:00	2717.06	2718.65	2715.94	2717.81	1811	0	34
2024.12.12	01:00:00	2717.47	2720.28	2716.94	2719.93	1792	0	33
2024.12.12	02:00:00	2719.93	2724.39	2718.70	2724.18	3331	0	33
2024.12.12	03:00:00	2724.19	2726.06	2695.53	2710.94	9445	0	0
2024.12.12	04:00:00	2710.91	2711.38	2703.55	2705.85	6196	0	33
2024.12.12	05:00:00	2705.92	2711.34	2705.08	2709.98	5475	0	33
2024.12.12	06:00:00	2710.19	2715.29	2709.69	2712.58	4438	0	33
2024.12.12	07:00:00	2712.58	2716.29	2711.39	2713.46	5566	0	33
2024.12.12	08:00:00	2713.47	2718.32	2710.07	2718.27	5893	0	33
2024.12.12	09:00:00	2718.27	2720.38	2715.32	2716.18	5505	0	30
2024.12.12	10:00:00	2716.15	2719.41	2714.82	2717.98	6984	0	30
2024.12.12	11:00:00	2717.99	2718.85	2714.02	2714.61	7857	0	30
2024.12.12	12:00:00	2714.58	2715.62	2709.85	2711.43	7020	0	30
2024.12.12	13:00:00	2711.46	2713.42	2707.21	2710.78	8127	0	30
2024.12.12	14:00:00	2710.78	2712.41	2705.93	2706.71	7055	0	30
2024.12.12	15:00:00	2706.72	2711.19	2697.30	2697.54	12815	0	30
2024.12.12	16:00:00	2697.53	2699.55	2680.89	2686.42	16816	0	30
2024.12.12	17:00:00	2686.54	2688.14	2675.02	2679.60	15643	0	30
2024.12.12	18:00:00	2679.46	2683.73	2677.37	2683.41	11119	0	30
2024.12.12	19:00:00	2683.42	2686.52	2681.38	2686.26	8968	0	31
2024.12.12	20:00:00	2686.30	2687.04	2682.81	2684.07	8242	0	31
2024.12.12	21:00:00	2684.07	2686.75	2682.38	2682.90	5981	0	31
2024.12.12	22:00:00	2682.90	2683.42	2679.28	2679.62	6752	0	31
2024.12.12	23:00:00	2679.57	2682.91	2679.53	2681.23	2964	0	28
2024.12.13	01:00:00	2680.42	2681.55	2679.89	2680.66	1271	0	33
2024.12.13	02:00:00	2680.66	2685.51	2678.85	2685.35	4254	0	33
2024.12.13	03:00:00	2685.37	2692.64	2685.23	2689.81	11462	0	35
2024.12.13	04:00:00	2689.82	2691.13	2684.26	2686.55	9723	0	33
2024.12.13	05:00:00	2686.55	2691.20	2686.03	2688.09	6275	0	33
2024.12.13	06:00:00	2688.07	2688.59	2685.44	2687.29	5072	0	33
2024.12.13	07:00:00	2687.30	2689.40	2685.04	2688.25	6428	0	33
2024.12.13	08:00:00	2688.26	2690.44	2683.28	2689.62	7984	0	33
2024.12.13	09:00:00	2689.62	2690.02	2680.95	2683.12	7087	0	30
2024.12.13	10:00:00	2683.12	2684.73	2674.37	2674.91	8321	0	30
2024.12.13	11:00:00	2674.82	2676.88	2667.43	2668.91	10004	0	30
2024.12.13	12:00:00	2668.93	2670.08	2664.99	2666.56	7950	0	30
2024.12.13	13:00:00	2666.55	2669.36	2664.26	2664.90	7610	0	30
2024.12.13	14:00:00	2664.90	2672.67	2662.91	2672.46	8641	0	30
2024.12.13	15:00:00	2672.48	2672.91	2659.51	2662.15	13252	0	30
2024.12.13	16:00:00	2662.14	2663.89	2657.25	2660.14	12918	0	30
2024.12.13	17:00:00	2660.14	2662.57	2654.66	2659.91	13206	0	30
2024.12.13	18:00:00	2659.86	2664.48	2658.80	2662.15	10092	0	28
2024.12.13	19:00:00	2662.17	2662.23	2655.57	2656.21	8733	0	28
2024.12.13	20:00:00	2656.20	2656.95	2652.06	2654.17	8045	0	29
2024.12.13	21:00:00	2654.18	2655.18	2652.23	2652.87	6146	0	29
2024.12.13	22:00:00	2652.88	2653.38	2646.41	2647.76	7202	0	29
2024.12.13	23:00:00	2647.77	2649.88	2646.02	2648.67	3368	0	17
2024.12.16	01:00:00	2648.79	2652.92	2648.61	2651.40	2716	0	31
2024.12.16	02:00:00	2651.40	2651.60	2643.44	2647.05	4514	0	31
2024.12.16	03:00:00	2647.09	2655.57	2646.71	2653.36	9326	0	31
2024.12.16	04:00:00	2653.39	2654.71	2650.37	2651.87	7155	0	31
2024.12.16	05:00:00	2651.86	2655.49	2651.56	2653.74	5663	0	31
2024.12.16	06:00:00	2653.77	2654.45	2651.90	2652.67	3388	0	31
2024.12.16	07:00:00	2652.70	2653.36	2649.40	2652.77	6238	0	31
2024.12.16	08:00:00	2652.78	2654.73	2652.02	2653.57	5032	0	31
2024.12.16	09:00:00	2653.57	2655.72	2651.55	2653.68	5265	0	28
2024.12.16	10:00:00	2653.72	2661.93	2652.19	2657.95	7769	0	28
2024.12.16	11:00:00	2657.92	2659.98	2655.70	2658.05	5746	0	28
2024.12.16	12:00:00	2658.06	2660.99	2657.91	2658.75	5343	0	28
2024.12.16	13:00:00	2658.78	2663.99	2657.68	2663.43	6610	0	28
2024.12.16	14:00:00	2663.43	2664.29	2657.31	2659.92	5983	0	28
2024.12.16	15:00:00	2659.92	2664.12	2658.82	2661.81	9694	0	28
2024.12.16	16:00:00	2662.07	2662.92	2654.23	2654.77	11751	0	28
2024.12.16	17:00:00	2654.77	2656.82	2650.78	2654.30	11657	0	28
2024.12.16	18:00:00	2654.31	2655.70	2648.51	2652.09	9319	0	28
2024.12.16	19:00:00	2652.09	2655.21	2651.69	2652.05	6810	0	29
2024.12.16	20:00:00	2652.01	2655.53	2651.21	2655.27	5958	0	29
2024.12.16	21:00:00	2655.29	2655.67	2652.06	2653.12	4816	0	29
2024.12.16	22:00:00	2653.13	2653.45	2651.84	2652.60	5158	0	29
2024.12.16	23:00:00	2652.60	2652.94	2651.38	2652.60	1662	0	19
2024.12.17	01:00:00	2651.99	2652.86	2651.52	2651.65	1365	0	31
2024.12.17	02:00:00	2651.65	2655.33	2650.92	2655.16	3358	0	31
2024.12.17	03:00:00	2655.14	2658.57	2654.21	2657.98	7924	0	31
2024.12.17	04:00:00	2657.97	2658.54	2653.86	2654.86	6593	0	31
2024.12.17	05:00:00	2654.87	2656.07	2651.16	2653.51	5454	0	31
2024.12.17	06:00:00	2653.52	2655.22	2650.86	2651.64	3762	0	31
2024.12.17	07:00:00	2651.64	2654.59	2649.07	2653.64	6976	0	31
2024.12.17	08:00:00	2653.64	2654.50	2646.34	2648.82	7729	0	31
2024.12.17	09:00:00	2648.82	2656.94	2648.16	2653.68	7307	0	28
2024.12.17	10:00:00	2653.70	2653.70	2641.28	2644.14	8681	0	28
2024.12.17	11:00:00	2644.13	2645.97	2637.94	2639.62	9325	0	28
2024.12.17	12:00:00	2639.61	2643.11	2638.03	2638.09	7542	0	28
2024.12.17	13:00:00	2638.08	2642.39	2636.09	2642.08	6316	0	28
2024.12.17	14:00:00	2642.08	2645.45	2640.65	2642.91	7542	0	28
2024.12.17	15:00:00	2642.77	2646.75	2634.68	2636.96	11865	0	28
2024.12.17	16:00:00	2636.97	2641.87	2632.99	2636.62	12704	0	28
2024.12.17	17:00:00	2636.63	2642.83	2635.87	2640.02	11665	0	28
2024.12.17	18:00:00	2640.10	2641.39	2636.61	2638.83	9104	0	28
2024.12.17	19:00:00	2638.83	2646.94	2637.79	2645.84	8385	0	29
2024.12.17	20:00:00	2645.86	2648.90	2644.91	2647.22	6742	0	29
2024.12.17	21:00:00	2647.21	2648.15	2645.10	2645.28	5113	0	29
2024.12.17	22:00:00	2645.33	2646.84	2642.89	2643.45	5369	0	29
2024.12.17	23:00:00	2643.46	2646.29	2643.40	2645.48	1815	0	17
2024.12.18	01:00:00	2646.68	2647.60	2644.69	2647.35	1330	0	31
2024.12.18	02:00:00	2647.35	2650.25	2646.47	2649.99	3367	0	31
2024.12.18	03:00:00	2649.95	2651.62	2647.95	2650.84	7945	0	31
2024.12.18	04:00:00	2650.85	2650.93	2646.84	2647.25	6512	0	31
2024.12.18	05:00:00	2647.27	2648.76	2645.21	2645.60	5684	0	31
2024.12.18	06:00:00	2645.59	2645.81	2642.61	2645.03	4659	0	31
2024.12.18	07:00:00	2645.04	2649.36	2643.85	2647.40	6054	0	31
2024.12.18	08:00:00	2647.41	2647.87	2644.42	2646.58	6446	0	31
2024.12.18	09:00:00	2646.58	2647.26	2643.28	2644.67	6045	0	28
2024.12.18	10:00:00	2644.53	2649.57	2642.03	2647.89	7880	0	28
2024.12.18	11:00:00	2647.86	2649.17	2645.44	2646.82	6481	0	28
2024.12.18	12:00:00	2646.75	2649.30	2646.15	2648.36	4436	0	28
2024.12.18	13:00:00	2648.40	2649.25	2645.71	2646.04	4945	0	28
2024.12.18	14:00:00	2646.04	2647.67	2643.35	2643.93	5236	0	28
2024.12.18	15:00:00	2643.91	2647.41	2641.03	2643.90	10778	0	29
2024.12.18	16:00:00	2643.90	2644.81	2636.89	2637.90	11644	0	28
2024.12.18	17:00:00	2637.82	2638.27	2633.81	2638.11	10872	0	28
2024.12.18	18:00:00	2638.11	2639.42	2633.00	2634.64	9681	0	28
2024.12.18	19:00:00	2634.65	2639.88	2634.52	2635.91	7313	0	29
2024.12.18	20:00:00	2635.90	2638.81	2635.25	2636.12	5881	0	29
2024.12.18	21:00:00	2635.79	2635.79	2603.99	2604.37	17058	0	33
2024.12.18	22:00:00	2604.48	2609.16	2587.16	2592.46	15789	0	29
2024.12.18	23:00:00	2592.44	2595.34	2586.58	2587.70	5670	0	15
2024.12.19	01:00:00	2587.29	2592.17	2586.40	2587.98	3597	0	31
2024.12.19	02:00:00	2587.98	2597.05	2587.76	2595.14	5963	0	31
2024.12.19	03:00:00	2595.01	2617.98	2593.26	2611.79	11808	0	31
2024.12.19	04:00:00	2611.76	2613.75	2606.17	2612.01	7920	0	31
2024.12.19	05:00:00	2612.00	2613.18	2607.52	2610.32	5499	0	31
2024.12.19	06:00:00	2610.28	2611.43	2606.79	2609.10	3958	0	31
2024.12.19	07:00:00	2609.09	2610.43	2606.43	2607.06	4784	0	31
2024.12.19	08:00:00	2607.04	2614.10	2603.23	2612.90	7354	0	31
2024.12.19	09:00:00	2612.90	2622.48	2611.76	2616.46	8403	0	28
2024.12.19	10:00:00	2616.45	2619.16	2613.12	2618.41	7603	0	28
2024.12.19	11:00:00	2618.43	2622.72	2618.43	2620.33	8870	0	28
2024.12.19	12:00:00	2620.34	2626.27	2617.32	2619.43	8196	0	28
2024.12.19	13:00:00	2619.45	2621.87	2616.05	2616.71	7158	0	28
2024.12.19	14:00:00	2616.71	2616.71	2604.28	2606.17	10600	0	28
2024.12.19	15:00:00	2606.18	2606.18	2595.22	2596.28	14786	0	28
2024.12.19	16:00:00	2596.25	2600.67	2591.88	2592.50	14483	0	28
2024.12.19	17:00:00	2592.37	2595.80	2586.89	2588.34	14683	0	28
2024.12.19	18:00:00	2588.22	2596.51	2587.14	2591.69	12043	0	28
2024.12.19	19:00:00	2591.67	2594.13	2590.64	2592.49	9047	0	29
2024.12.19	20:00:00	2592.53	2599.78	2591.73	2599.65	10002	0	29
2024.12.19	21:00:00	2599.65	2600.93	2596.61	2596.66	7403	0	29
2024.12.19	22:00:00	2596.66	2600.21	2596.43	2596.75	8129	0	29
2024.12.19	23:00:00	2596.72	2596.95	2593.10	2593.74	1884	0	27
2024.12.20	01:00:00	2594.10	2595.70	2592.21	2593.45	1851	0	31
2024.12.20	02:00:00	2593.45	2595.30	2590.36	2590.67	3817	0	31
2024.12.20	03:00:00	2590.69	2603.82	2589.52	2603.69	10367	0	31
2024.12.20	04:00:00	2603.67	2603.88	2595.38	2596.99	8098	0	31
2024.12.20	05:00:00	2596.98	2599.01	2595.69	2598.39	4585	0	31
2024.12.20	06:00:00	2598.39	2600.81	2597.39	2597.91	3857	0	31
2024.12.20	07:00:00	2597.87	2601.19	2596.45	2600.25	4849	0	31
2024.12.20	08:00:00	2600.24	2605.27	2598.86	2604.64	6423	0	31
2024.12.20	09:00:00	2604.64	2607.46	2602.29	2606.22	6591	0	28
2024.12.20	10:00:00	2606.23	2607.61	2604.24	2605.44	8067	0	28
2024.12.20	11:00:00	2605.42	2606.53	2603.05	2604.94	7353	0	28
2024.12.20	12:00:00	2604.95	2606.83	2603.95	2604.15	5972	0	28
2024.12.20	13:00:00	2604.15	2604.70	2600.10	2603.58	6930	0	28
2024.12.20	14:00:00	2603.58	2606.09	2602.13	2603.51	6831	0	28
2024.12.20	15:00:00	2603.50	2614.03	2600.61	2609.58	12043	0	28
2024.12.20	16:00:00	2609.58	2618.26	2608.49	2617.34	13083	0	28
2024.12.20	17:00:00	2617.41	2631.10	2616.22	2630.28	14204	0	28
2024.12.20	18:00:00	2630.31	2631.75	2622.32	2625.03	11137	0	28
2024.12.20	19:00:00	2625.03	2627.37	2622.09	2625.57	8837	0	28
2024.12.20	20:00:00	2625.56	2627.24	2623.34	2626.06	8575	0	29
2024.12.20	21:00:00	2626.06	2629.21	2624.97	2627.77	6185	0	29
2024.12.20	22:00:00	2627.75	2627.95	2622.17	2622.62	7625	0	29
2024.12.20	23:00:00	2622.60	2624.04	2619.20	2621.28	2599	0	15
2024.12.23	01:00:00	2622.24	2624.71	2621.77	2624.12	2826	0	33
2024.12.23	02:00:00	2624.24	2625.06	2617.28	2621.53	4577	0	33
2024.12.23	03:00:00	2621.52	2623.97	2618.37	2620.68	8409	0	32
2024.12.23	04:00:00	2620.69	2627.35	2620.49	2625.77	6237	0	31
2024.12.23	05:00:00	2625.80	2626.85	2622.31	2624.03	5108	0	31
2024.12.23	06:00:00	2624.02	2626.31	2623.82	2625.35	2973	0	31
2024.12.23	07:00:00	2625.45	2629.10	2624.89	2626.68	4628	0	31
2024.12.23	08:00:00	2626.64	2632.94	2624.50	2631.55	6378	0	31
2024.12.23	09:00:00	2631.55	2633.23	2629.39	2630.19	5331	0	28
2024.12.23	10:00:00	2629.94	2632.01	2626.01	2629.89	6506	0	28
2024.12.23	11:00:00	2629.85	2630.73	2625.91	2626.22	5625	0	28
2024.12.23	12:00:00	2626.22	2626.90	2618.97	2619.37	7612	0	28
2024.12.23	13:00:00	2619.35	2619.99	2613.05	2616.21	6530	0	28
2024.12.23	14:00:00	2616.21	2618.60	2614.00	2614.99	6873	0	28
2024.12.23	15:00:00	2615.00	2619.77	2613.91	2617.43	8912	0	28
2024.12.23	16:00:00	2617.17	2619.73	2613.65	2615.65	9769	0	28
2024.12.23	17:00:00	2615.62	2616.42	2609.18	2609.78	11572	0	28
2024.12.23	18:00:00	2609.75	2615.99	2608.08	2615.81	8595	0	28
2024.12.23	19:00:00	2615.80	2616.42	2610.64	2611.16	7602	0	29
2024.12.23	20:00:00	2611.09	2612.64	2609.92	2610.42	6358	0	29
2024.12.23	21:00:00	2610.40	2612.56	2609.58	2611.07	5178	0	29
2024.12.23	22:00:00	2611.15	2612.58	2609.05	2610.83	4517	0	29
2024.12.23	23:00:00	2610.85	2613.54	2610.09	2612.77	1099	0	32
2024.12.24	01:00:00	2614.52	2616.98	2613.90	2615.47	1905	0	31
2024.12.24	02:00:00	2615.47	2617.30	2613.34	2616.58	2519	0	31
2024.12.24	03:00:00	2616.58	2617.82	2614.41	2617.47	6808	0	31
2024.12.24	04:00:00	2617.40	2619.82	2616.59	2616.75	5479	0	31
2024.12.24	05:00:00	2616.74	2618.66	2615.67	2618.66	4411	0	31
2024.12.24	06:00:00	2618.67	2620.22	2618.17	2620.06	3133	0	31
2024.12.24	07:00:00	2620.08	2621.34	2618.20	2619.24	4697	0	31
2024.12.24	08:00:00	2619.23	2619.73	2616.27	2618.93	4977	0	31
2024.12.24	09:00:00	2618.93	2621.34	2617.74	2618.21	4550	0	28
2024.12.24	10:00:00	2618.23	2619.64	2616.60	2617.18	4338	0	28
2024.12.24	11:00:00	2617.21	2618.19	2613.22	2613.49	5119	0	28
2024.12.24	12:00:00	2613.49	2617.92	2613.06	2615.47	4616	0	28
2024.12.24	13:00:00	2615.45	2616.14	2612.36	2615.06	4212	0	28
2024.12.24	14:00:00	2615.06	2616.22	2612.60	2613.69	4997	0	28
2024.12.24	15:00:00	2613.64	2614.76	2611.23	2614.09	8337	0	28
2024.12.24	16:00:00	2614.09	2617.02	2610.19	2610.97	7894	0	28
2024.12.24	17:00:00	2610.97	2613.39	2610.10	2611.61	8594	0	28
2024.12.24	18:00:00	2611.64	2617.80	2611.49	2615.90	7005	0	28
2024.12.24	19:00:00	2615.90	2619.17	2615.13	2616.87	7977	0	28
2024.12.24	20:00:00	2616.84	2617.79	2614.82	2616.17	2426	0	29
2024.12.26	01:00:00	2615.85	2619.99	2614.59	2618.54	1551	0	55
2024.12.26	02:00:00	2618.54	2622.64	2618.54	2621.33	2835	0	36
2024.12.26	03:00:00	2621.34	2627.69	2620.67	2626.64	6948	0	31
2024.12.26	04:00:00	2626.63	2627.75	2625.71	2627.46	4090	0	31
2024.12.26	05:00:00	2627.45	2628.85	2625.55	2626.91	4312	0	31
2024.12.26	06:00:00	2626.91	2629.16	2626.25	2627.20	2725	0	31
2024.12.26	07:00:00	2627.20	2628.07	2625.90	2626.35	3777	0	31
2024.12.26	08:00:00	2626.32	2627.35	2624.39	2625.92	3997	0	31
2024.12.26	09:00:00	2625.93	2629.41	2623.51	2625.32	3858	0	30
2024.12.26	10:00:00	2625.37	2628.98	2624.94	2627.37	3877	0	28
2024.12.26	11:00:00	2627.37	2628.06	2625.70	2627.22	3206	0	28
2024.12.26	12:00:00	2627.22	2629.33	2626.65	2628.64	3415	0	28
2024.12.26	13:00:00	2628.63	2629.82	2627.61	2627.64	3225	0	28
2024.12.26	14:00:00	2627.64	2628.24	2624.41	2626.52	4387	0	28
2024.12.26	15:00:00	2626.52	2630.87	2621.58	2623.01	8896	0	28
2024.12.26	16:00:00	2623.04	2630.04	2622.45	2629.88	7604	0	28
2024.12.26	17:00:00	2629.89	2639.01	2628.88	2636.33	9648	0	28
2024.12.26	18:00:00	2636.34	2636.62	2631.44	2632.02	7529	0	28
2024.12.26	19:00:00	2632.02	2632.02	2627.94	2629.23	6949	0	29
2024.12.26	20:00:00	2629.24	2635.86	2629.13	2634.64	6828	0	29
2024.12.26	21:00:00	2634.61	2635.84	2632.51	2634.84	5934	0	29
2024.12.26	22:00:00	2634.77	2636.09	2633.64	2634.17	6284	0	29
2024.12.26	23:00:00	2634.19	2634.40	2633.09	2634.15	1486	0	32
2024.12.27	01:00:00	2631.90	2634.14	2631.39	2632.45	1973	0	41
2024.12.27	02:00:00	2632.45	2633.89	2631.17	2631.22	2475	0	31
2024.12.27	03:00:00	2631.21	2633.70	2630.62	2632.14	6037	0	31
2024.12.27	04:00:00	2632.13	2633.54	2628.78	2632.79	5214	0	31
2024.12.27	05:00:00	2632.83	2635.39	2631.53	2633.75	4536	0	31
2024.12.27	06:00:00	2633.76	2633.98	2631.98	2633.53	2948	0	31
2024.12.27	07:00:00	2633.42	2634.12	2631.25	2631.30	3741	0	31
2024.12.27	08:00:00	2631.30	2636.87	2631.18	2634.52	5014	0	31
2024.12.27	09:00:00	2634.52	2638.06	2633.15	2633.41	4275	0	28
2024.12.27	10:00:00	2633.35	2633.35	2625.89	2626.08	5975	0	28
2024.12.27	11:00:00	2626.11	2627.57	2623.61	2623.89	3992	0	28
2024.12.27	12:00:00	2623.88	2627.92	2623.38	2626.64	4207	0	28
2024.12.27	13:00:00	2626.65	2628.81	2625.10	2628.61	4276	0	28
2024.12.27	14:00:00	2628.61	2631.53	2625.65	2626.21	5931	0	28
2024.12.27	15:00:00	2626.20	2627.12	2617.99	2618.56	10105	0	29
2024.12.27	16:00:00	2618.62	2619.23	2611.52	2615.69	11232	0	28
2024.12.27	17:00:00	2615.64	2619.33	2612.85	2618.15	11608	0	28
2024.12.27	18:00:00	2618.12	2619.66	2615.24	2617.85	7881	0	28
2024.12.27	19:00:00	2617.85	2618.14	2614.04	2615.91	7046	0	29
2024.12.27	20:00:00	2615.91	2620.06	2615.22	2618.44	5804	0	29
2024.12.27	21:00:00	2618.48	2621.24	2617.28	2620.52	4540	0	29
2024.12.27	22:00:00	2620.44	2620.61	2612.58	2615.28	6099	0	30
2024.12.27	23:00:00	2615.29	2620.08	2615.19	2619.93	1829	0	32
2024.12.30	01:00:00	2621.49	2625.96	2621.48	2623.89	2286	0	31
2024.12.30	02:00:00	2623.89	2625.18	2621.33	2622.42	2054	0	31
2024.12.30	03:00:00	2622.39	2626.59	2622.01	2624.13	6634	0	31
2024.12.30	04:00:00	2624.14	2625.23	2622.33	2623.84	4488	0	31
2024.12.30	05:00:00	2623.81	2627.84	2623.11	2626.38	3820	0	31
2024.12.30	06:00:00	2626.38	2626.38	2621.39	2622.10	3533	0	31
2024.12.30	07:00:00	2622.10	2624.10	2620.43	2623.58	4411	0	31
2024.12.30	08:00:00	2623.55	2624.49	2618.13	2618.98	5381	0	31
2024.12.30	09:00:00	2618.98	2619.84	2615.66	2616.79	5246	0	28
2024.12.30	10:00:00	2616.78	2617.27	2609.28	2611.89	6893	0	28
2024.12.30	11:00:00	2611.88	2617.37	2611.20	2612.72	5102	0	28
2024.12.30	12:00:00	2612.72	2615.20	2610.43	2610.50	5373	0	28
2024.12.30	13:00:00	2610.42	2618.58	2609.04	2616.28	6687	0	28
2024.12.30	14:00:00	2616.28	2622.35	2615.55	2621.41	5089	0	28
2024.12.30	15:00:00	2621.40	2622.39	2606.36	2606.51	10783	0	33
2024.12.30	16:00:00	2606.49	2613.69	2605.29	2611.41	10604	0	28
2024.12.30	17:00:00	2611.49	2611.63	2599.56	2601.49	12080	0	28
2024.12.30	18:00:00	2601.48	2602.77	2596.00	2599.67	9139	0	28
2024.12.30	19:00:00	2599.67	2605.44	2599.67	2605.04	7903	0	32
2024.12.30	20:00:00	2605.08	2606.63	2603.39	2606.00	6527	0	29
2024.12.30	21:00:00	2606.01	2608.19	2603.51	2606.97	5304	0	29
2024.12.30	22:00:00	2606.96	2609.34	2606.24	2607.59	6608	0	29
2024.12.30	23:00:00	2607.59	2607.90	2606.04	2606.04	1574	0	26
2024.12.31	01:00:00	2605.82	2607.15	2603.66	2606.50	1470	0	41
2024.12.31	02:00:00	2606.50	2608.44	2604.96	2607.50	1594	0	36
2024.12.31	03:00:00	2607.54	2611.37	2606.51	2608.62	6308	0	39
2024.12.31	04:00:00	2608.61	2609.44	2606.71	2606.99	3683	0	31
2024.12.31	05:00:00	2606.98	2607.52	2603.33	2604.51	4440	0	31
2024.12.31	06:00:00	2604.53	2606.91	2604.22	2606.46	2696	0	31
2024.12.31	07:00:00	2606.47	2607.95	2602.47	2604.26	3517	0	31
2024.12.31	08:00:00	2604.23	2608.43	2603.41	2607.70	5716	0	32
2024.12.31	09:00:00	2607.70	2614.06	2607.14	2613.70	5013	0	28
2024.12.31	10:00:00	2613.75	2617.70	2612.71	2616.45	5794	0	28
2024.12.31	11:00:00	2616.41	2616.68	2612.99	2615.15	4290	0	28
2024.12.31	12:00:00	2615.18	2615.63	2610.71	2611.70	5642	0	28
2024.12.31	13:00:00	2611.71	2614.08	2609.62	2610.89	4546	0	28
2024.12.31	14:00:00	2610.89	2612.59	2609.17	2611.00	5172	0	28
2024.12.31	15:00:00	2610.98	2616.01	2605.30	2613.08	8317	0	28
2024.12.31	16:00:00	2613.10	2617.72	2611.20	2613.71	9515	0	28
2024.12.31	17:00:00	2613.59	2626.51	2612.29	2625.59	12157	0	28
2024.12.31	18:00:00	2625.52	2627.07	2622.13	2625.23	8534	0	28
2024.12.31	19:00:00	2625.27	2627.33	2623.00	2624.12	6805	0	28
2024.12.31	20:00:00	2624.08	2626.93	2622.47	2624.71	7539	0	29
2024.12.31	21:00:00	2624.73	2627.09	2622.64	2623.59	5538	0	37
2024.12.31	22:00:00	2623.41	2624.85	2621.93	2623.02	5426	0	30
2024.12.31	23:00:00	2623.10	2624.51	2622.74	2623.98	1029	0	32
2025.01.02	01:00:00	2625.04	2625.46	2621.54	2623.60	2009	0	39
2025.01.02	02:00:00	2623.60	2627.57	2622.52	2625.18	3433	0	31
2025.01.02	03:00:00	2625.16	2634.32	2623.66	2632.77	9804	0	37
2025.01.02	04:00:00	2632.82	2636.33	2632.16	2634.61	7378	0	31
2025.01.02	05:00:00	2634.62	2635.23	2632.15	2633.49	4888	0	35
2025.01.02	06:00:00	2633.47	2634.03	2630.88	2633.87	3002	0	31
2025.01.02	07:00:00	2633.88	2636.30	2632.96	2633.88	4843	0	29
2025.01.02	08:00:00	2633.87	2635.26	2631.21	2634.08	5794	0	31
2025.01.02	09:00:00	2634.08	2635.86	2632.86	2635.83	5536	0	28
2025.01.02	10:00:00	2635.80	2637.59	2631.04	2636.39	7386	0	28
2025.01.02	11:00:00	2636.40	2639.88	2635.94	2636.02	6215	0	28
2025.01.02	12:00:00	2636.02	2646.24	2632.65	2642.64	9056	0	16
2025.01.02	13:00:00	2642.63	2644.52	2640.21	2641.85	6006	0	28
2025.01.02	14:00:00	2641.85	2646.35	2640.26	2643.29	6733	0	28
2025.01.02	15:00:00	2643.28	2647.11	2635.97	2642.85	13231	0	28
2025.01.02	16:00:00	2642.85	2650.88	2640.28	2647.59	12222	0	28
2025.01.02	17:00:00	2647.41	2655.70	2645.08	2654.00	13506	0	28
2025.01.02	18:00:00	2654.00	2660.29	2649.81	2659.16	11466	0	28
2025.01.02	19:00:00	2659.16	2660.31	2652.43	2656.45	8653	0	29
2025.01.02	20:00:00	2656.46	2658.68	2653.69	2655.31	7624	0	29
2025.01.02	21:00:00	2655.34	2657.02	2653.70	2654.52	7296	0	29
2025.01.02	22:00:00	2654.53	2660.30	2653.96	2659.65	7062	0	29
2025.01.02	23:00:00	2659.59	2660.04	2656.38	2657.07	1440	0	32
2025.01.03	01:00:00	2657.70	2659.46	2657.61	2658.30	1844	0	31
2025.01.03	02:00:00	2658.30	2660.98	2658.29	2660.70	3254	0	31
2025.01.03	03:00:00	2660.68	2662.39	2656.50	2659.41	6444	0	31
2025.01.03	04:00:00	2659.39	2663.93	2656.15	2662.46	7240	0	31
2025.01.03	05:00:00	2662.46	2665.18	2661.18	2662.21	5936	0	31
2025.01.03	06:00:00	2662.20	2664.24	2661.67	2662.76	2777	0	31
2025.01.03	07:00:00	2662.78	2662.85	2655.81	2658.51	4851	0	31
2025.01.03	08:00:00	2658.49	2660.20	2656.65	2659.49	4925	0	31
2025.01.03	09:00:00	2659.49	2659.49	2651.71	2654.23	6611	0	28
2025.01.03	10:00:00	2654.05	2655.69	2649.77	2652.82	8348	0	28
2025.01.03	11:00:00	2652.81	2655.84	2652.63	2653.49	6417	0	28
2025.01.03	12:00:00	2653.49	2658.01	2652.97	2657.70	5112	0	28
2025.01.03	13:00:00	2657.68	2659.21	2656.22	2657.54	5478	0	28
2025.01.03	14:00:00	2657.54	2658.21	2654.67	2655.19	5389	0	28
2025.01.03	15:00:00	2655.18	2656.24	2643.37	2649.77	10544	0	30
2025.01.03	16:00:00	2649.75	2652.54	2645.03	2647.67	11748	0	28
2025.01.03	17:00:00	2647.30	2648.21	2640.82	2643.89	13660	0	28
2025.01.03	18:00:00	2643.88	2647.13	2639.07	2639.83	9864	0	28
2025.01.03	19:00:00	2639.83	2642.59	2639.02	2641.72	6638	0	29
2025.01.03	20:00:00	2641.74	2642.23	2639.58	2641.82	6920	0	29
2025.01.03	21:00:00	2641.82	2642.84	2639.00	2639.37	4739	0	29
2025.01.03	22:00:00	2639.37	2640.04	2636.92	2638.12	4434	0	29
2025.01.03	23:00:00	2638.21	2640.37	2636.61	2639.13	1860	0	32
2025.01.06	01:00:00	2639.60	2642.35	2639.56	2640.90	2524	0	31
2025.01.06	02:00:00	2640.90	2643.17	2638.51	2643.09	3723	0	31
2025.01.06	03:00:00	2643.10	2647.31	2640.71	2641.25	8649	0	31
2025.01.06	04:00:00	2641.23	2645.16	2639.68	2644.44	5915	0	31
2025.01.06	05:00:00	2644.43	2645.15	2639.11	2640.10	5036	0	31
2025.01.06	06:00:00	2640.08	2640.64	2634.44	2635.34	4555	0	31
2025.01.06	07:00:00	2635.31	2636.08	2631.41	2633.77	6243	0	31
2025.01.06	08:00:00	2633.80	2635.19	2630.13	2631.39	6715	0	31
2025.01.06	09:00:00	2631.39	2633.62	2625.07	2626.78	6807	0	28
2025.01.06	10:00:00	2626.74	2632.42	2625.62	2631.38	6703	0	28
2025.01.06	11:00:00	2631.33	2635.69	2631.04	2632.65	6747	0	28
2025.01.06	12:00:00	2632.66	2634.89	2630.89	2633.66	5263	0	28
2025.01.06	13:00:00	2633.65	2649.31	2632.46	2645.56	13010	0	28
2025.01.06	14:00:00	2645.56	2647.76	2641.92	2645.31	9587	0	28
2025.01.06	15:00:00	2645.30	2648.75	2621.86	2624.19	14634	0	31
2025.01.06	16:00:00	2624.17	2634.74	2614.66	2631.37	16296	0	31
2025.01.06	17:00:00	2631.37	2639.51	2629.32	2634.18	14431	0	28
2025.01.06	18:00:00	2634.19	2641.13	2632.42	2640.65	10391	0	28
2025.01.06	19:00:00	2640.65	2640.91	2634.14	2636.61	6843	0	29
2025.01.06	20:00:00	2636.63	2638.47	2633.66	2634.50	7659	0	29
2025.01.06	21:00:00	2634.54	2635.50	2632.79	2634.28	6545	0	29
2025.01.06	22:00:00	2634.29	2635.36	2633.07	2634.43	4912	0	29
2025.01.06	23:00:00	2634.44	2636.91	2634.44	2635.86	1712	0	27
2025.01.07	01:00:00	2635.67	2635.99	2633.49	2634.52	1533	0	31
2025.01.07	02:00:00	2634.52	2635.09	2632.78	2634.96	2912	0	31
2025.01.07	03:00:00	2634.95	2641.09	2634.71	2638.89	7873	0	31
2025.01.07	04:00:00	2638.84	2639.97	2636.88	2638.40	5208	0	31
2025.01.07	05:00:00	2638.47	2640.10	2637.37	2639.49	3083	0	31
2025.01.07	06:00:00	2639.48	2639.71	2637.30	2638.19	3174	0	31
2025.01.07	07:00:00	2638.19	2645.63	2636.99	2644.36	6359	0	31
2025.01.07	08:00:00	2644.31	2646.59	2639.75	2640.13	6406	0	31
2025.01.07	09:00:00	2640.13	2642.02	2637.94	2640.47	6841	0	28
2025.01.07	10:00:00	2640.43	2644.77	2640.05	2642.63	6922	0	28
2025.01.07	11:00:00	2642.64	2644.06	2639.96	2641.29	5218	0	28
2025.01.07	12:00:00	2641.24	2644.68	2641.20	2643.85	4980	0	28
2025.01.07	13:00:00	2643.88	2648.56	2641.86	2648.42	5181	0	28
2025.01.07	14:00:00	2648.36	2652.64	2647.40	2651.60	6620	0	28
2025.01.07	15:00:00	2651.59	2664.12	2649.84	2662.21	11472	0	30
2025.01.07	16:00:00	2662.25	2662.89	2655.63	2658.46	9863	0	28
2025.01.07	17:00:00	2658.46	2658.46	2641.92	2647.65	14144	0	28
2025.01.07	18:00:00	2647.62	2655.55	2646.26	2651.71	10081	0	28
2025.01.07	19:00:00	2651.71	2655.94	2650.20	2652.50	7599	0	29
2025.01.07	20:00:00	2652.47	2652.55	2647.29	2649.09	7493	0	30
2025.01.07	21:00:00	2649.12	2650.31	2646.95	2649.28	5736	0	30
2025.01.07	22:00:00	2649.29	2651.43	2647.09	2650.31	5403	0	30
2025.01.07	23:00:00	2650.18	2650.27	2649.15	2649.49	1053	0	33
2025.01.08	01:00:00	2648.41	2650.06	2648.13	2649.57	1219	0	37
2025.01.08	02:00:00	2649.57	2651.41	2648.50	2650.44	2166	0	35
2025.01.08	03:00:00	2650.44	2650.77	2647.01	2648.71	5750	0	35
2025.01.08	04:00:00	2648.71	2650.16	2645.74	2648.72	3770	0	35
2025.01.08	05:00:00	2648.72	2648.72	2645.50	2646.66	3145	0	35
2025.01.08	06:00:00	2646.66	2648.60	2645.12	2646.90	2512	0	35
2025.01.08	07:00:00	2646.90	2650.53	2646.57	2649.82	3841	0	35
2025.01.08	08:00:00	2649.78	2652.93	2648.73	2652.13	4932	0	35
2025.01.08	09:00:00	2652.16	2654.37	2651.54	2652.52	4072	0	28
2025.01.08	10:00:00	2652.52	2653.70	2649.51	2651.89	4779	0	28
2025.01.08	11:00:00	2651.95	2654.87	2651.72	2653.54	4140	0	22
2025.01.08	12:00:00	2653.52	2655.12	2652.59	2653.09	3593	0	22
2025.01.08	13:00:00	2653.09	2653.10	2647.51	2650.74	5989	0	22
2025.01.08	14:00:00	2650.74	2652.40	2645.77	2651.97	5842	0	23
2025.01.08	15:00:00	2651.97	2660.18	2651.55	2660.13	9855	0	23
2025.01.08	16:00:00	2660.14	2667.54	2659.98	2661.37	10472	0	23
2025.01.08	17:00:00	2661.28	2667.73	2659.34	2665.81	9010	0	23
2025.01.08	18:00:00	2665.82	2669.86	2662.56	2669.43	6619	0	23
2025.01.08	19:00:00	2669.50	2669.59	2649.37	2655.52	7657	0	24
2025.01.08	20:00:00	2655.57	2659.03	2651.60	2653.34	6382	0	24
2025.01.08	21:00:00	2653.32	2660.48	2652.41	2658.18	6445	0	24
2025.01.08	22:00:00	2658.23	2663.93	2658.23	2663.28	4975	0	24
2025.01.08	23:00:00	2663.28	2663.93	2661.16	2661.79	1663	0	27
2025.01.09	01:00:00	2662.17	2663.12	2661.98	2662.54	885	0	31
2025.01.09	02:00:00	2662.54	2662.72	2658.91	2659.87	2040	0	29
2025.01.09	03:00:00	2659.87	2661.39	2657.25	2658.41	4489	0	29
2025.01.09	04:00:00	2658.40	2660.01	2656.31	2658.75	3601	0	29
2025.01.09	05:00:00	2658.75	2662.07	2658.49	2659.34	3036	0	29
2025.01.09	06:00:00	2659.34	2659.69	2655.42	2658.98	2429	0	29
2025.01.09	07:00:00	2658.99	2660.88	2657.58	2658.27	3302	0	29
2025.01.09	08:00:00	2658.27	2666.79	2658.27	2666.65	4344	0	29
2025.01.09	09:00:00	2666.65	2666.71	2662.18	2662.25	3676	0	22
2025.01.09	10:00:00	2662.15	2666.81	2660.36	2664.37	5823	0	23
2025.01.09	11:00:00	2664.37	2666.49	2662.26	2664.97	4349	0	22
2025.01.09	12:00:00	2664.97	2668.51	2664.04	2667.39	4217	0	22
2025.01.09	13:00:00	2667.40	2673.21	2665.17	2670.21	5175	0	22
2025.01.09	14:00:00	2670.17	2675.08	2669.46	2673.99	4654	0	23
2025.01.09	15:00:00	2673.87	2678.05	2671.93	2672.59	7680	0	23
2025.01.09	16:00:00	2672.50	2675.60	2667.18	2672.50	6701	0	23
2025.01.09	17:00:00	2672.43	2675.37	2667.99	2668.25	6087	0	23
2025.01.09	18:00:00	2668.20	2670.97	2666.20	2667.48	5585	0	23
2025.01.09	19:00:00	2667.50	2668.53	2662.70	2665.92	5416	0	24
2025.01.09	20:00:00	2665.87	2672.50	2665.01	2671.31	4772	0	24
2025.01.09	21:00:00	2671.34	2671.71	2668.53	2670.13	3776	0	24
2025.01.09	22:00:00	2670.10	2670.84	2669.20	2669.45	2625	0	24
2025.01.09	23:00:00	2669.45	2669.87	2668.89	2669.56	550	0	27
2025.01.10	01:00:00	2670.32	2670.86	2668.43	2669.92	1272	0	31
2025.01.10	02:00:00	2669.99	2671.10	2668.83	2670.41	2887	0	30
2025.01.10	03:00:00	2670.47	2671.86	2669.14	2670.93	4812	0	29
2025.01.10	04:00:00	2670.92	2674.66	2670.45	2673.35	3950	0	29
2025.01.10	05:00:00	2673.36	2674.72	2672.44	2673.62	2656	0	29
2025.01.10	06:00:00	2673.63	2673.97	2671.66	2671.67	2242	0	29
2025.01.10	07:00:00	2671.67	2675.78	2671.48	2674.90	4057	0	29
2025.01.10	08:00:00	2674.89	2678.49	2674.20	2678.17	4784	0	29
2025.01.10	09:00:00	2678.17	2678.68	2673.43	2676.14	4795	0	22
2025.01.10	10:00:00	2676.14	2680.42	2675.71	2680.05	6555	0	22
2025.01.10	11:00:00	2680.05	2682.33	2677.75	2678.42	5985	0	22
2025.01.10	12:00:00	2678.42	2682.57	2678.16	2680.95	5676	0	24
2025.01.10	13:00:00	2680.96	2683.07	2680.18	2681.17	4699	0	24
2025.01.10	14:00:00	2681.14	2681.24	2674.83	2678.34	5997	0	25
2025.01.10	15:00:00	2678.20	2683.64	2664.01	2682.59	11207	0	26
2025.01.10	16:00:00	2682.43	2693.26	2680.92	2688.10	13435	0	25
2025.01.10	17:00:00	2685.24	2697.75	2682.40	2692.61	12891	0	25
2025.01.10	18:00:00	2692.54	2697.12	2686.67	2696.30	11198	0	25
2025.01.10	19:00:00	2696.30	2697.62	2692.42	2695.97	7915	0	27
2025.01.10	20:00:00	2695.97	2697.07	2684.96	2687.17	7533	0	27
2025.01.10	21:00:00	2687.17	2687.89	2684.53	2685.94	6719	0	27
2025.01.10	22:00:00	2685.94	2690.81	2684.58	2690.60	6144	0	27
2025.01.10	23:00:00	2690.60	2693.33	2688.54	2689.29	2392	0	28
2025.01.13	01:00:00	2689.47	2691.09	2687.38	2690.99	2408	0	32
2025.01.13	02:00:00	2690.99	2693.34	2688.07	2689.57	2587	0	31
2025.01.13	03:00:00	2689.56	2689.86	2678.31	2685.62	9183	0	31
2025.01.13	04:00:00	2685.62	2690.52	2684.89	2688.52	5580	0	31
2025.01.13	05:00:00	2688.54	2688.57	2685.32	2687.83	3887	0	31
2025.01.13	06:00:00	2687.88	2690.70	2684.27	2685.83	4258	0	31
2025.01.13	07:00:00	2685.89	2686.91	2683.17	2686.91	4799	0	31
2025.01.13	08:00:00	2686.91	2691.19	2686.91	2689.77	4409	0	31
2025.01.13	09:00:00	2689.62	2690.46	2684.38	2685.14	5970	0	24
2025.01.13	10:00:00	2684.99	2689.71	2683.95	2687.09	7406	0	24
2025.01.13	11:00:00	2687.14	2688.40	2682.98	2684.63	7431	0	24
2025.01.13	12:00:00	2684.62	2684.89	2677.27	2679.42	6802	0	24
2025.01.13	13:00:00	2679.41	2680.57	2675.47	2675.95	5623	0	14
2025.01.13	14:00:00	2675.92	2677.10	2664.07	2670.98	8588	0	25
2025.01.13	15:00:00	2671.18	2672.13	2663.82	2669.10	10782	0	25
2025.01.13	16:00:00	2669.14	2674.21	2664.07	2671.75	11006	0	25
2025.01.13	17:00:00	2671.67	2672.81	2661.08	2661.71	9933	0	25
2025.01.13	18:00:00	2661.67	2667.96	2660.67	2661.20	7109	0	25
2025.01.13	19:00:00	2661.25	2664.13	2659.27	2660.80	5972	0	27
2025.01.13	20:00:00	2660.80	2662.39	2657.54	2659.22	4748	0	27
2025.01.13	21:00:00	2659.23	2660.57	2656.66	2658.84	4492	0	27
2025.01.13	22:00:00	2658.81	2662.70	2658.65	2662.19	3371	0	27
2025.01.13	23:00:00	2662.04	2663.17	2660.78	2662.24	1269	0	30
2025.01.14	01:00:00	2664.21	2669.30	2664.20	2667.89	2001	0	32
2025.01.14	02:00:00	2667.89	2671.03	2666.25	2670.34	2472	0	31
2025.01.14	03:00:00	2670.33	2672.05	2667.75	2670.63	6683	0	31
2025.01.14	04:00:00	2670.63	2672.09	2668.56	2670.39	4863	0	31
2025.01.14	05:00:00	2670.28	2672.27	2668.77	2669.71	4497	0	31
2025.01.14	06:00:00	2669.69	2673.95	2668.37	2673.52	2867	0	31
2025.01.14	07:00:00	2673.61	2675.19	2667.31	2668.47	4803	0	31
2025.01.14	08:00:00	2668.56	2669.52	2667.29	2668.97	3696	0	31
2025.01.14	09:00:00	2668.97	2670.84	2667.11	2669.14	4255	0	24
2025.01.14	10:00:00	2669.17	2674.32	2667.24	2670.96	6751	0	24
2025.01.14	11:00:00	2670.96	2671.56	2664.83	2667.25	6282	0	24
2025.01.14	12:00:00	2667.25	2668.80	2664.58	2666.61	5239	0	24
2025.01.14	13:00:00	2666.60	2669.77	2664.49	2669.26	5021	0	24
2025.01.14	14:00:00	2669.25	2671.50	2666.50	2668.30	5317	0	25
2025.01.14	15:00:00	2668.30	2674.22	2660.92	2662.89	10796	0	25
2025.01.14	16:00:00	2662.89	2665.87	2659.83	2665.14	11177	0	25
2025.01.14	17:00:00	2665.33	2672.72	2665.07	2671.70	9955	0	23
2025.01.14	18:00:00	2671.80	2673.94	2669.69	2671.59	8184	0	23
2025.01.14	19:00:00	2671.47	2671.94	2667.92	2668.98	6032	0	25
2025.01.14	20:00:00	2668.88	2672.51	2666.60	2672.33	4645	0	25
2025.01.14	21:00:00	2672.34	2676.16	2671.83	2674.17	4451	0	25
2025.01.14	22:00:00	2674.17	2676.37	2671.77	2676.37	4776	0	25
2025.01.14	23:00:00	2676.30	2677.88	2675.71	2676.75	1355	0	28
2025.01.15	01:00:00	2676.71	2677.27	2673.90	2675.53	1019	0	31
2025.01.15	02:00:00	2675.53	2675.96	2672.40	2672.52	1674	0	31
2025.01.15	03:00:00	2672.58	2674.26	2669.72	2669.80	4101	0	29
2025.01.15	04:00:00	2669.80	2674.96	2669.21	2673.33	4212	0	29
2025.01.15	05:00:00	2673.34	2676.25	2672.22	2676.11	2928	0	29
2025.01.15	06:00:00	2676.09	2676.68	2674.20	2675.52	2357	0	29
2025.01.15	07:00:00	2675.52	2679.26	2674.55	2679.25	4457	0	29
2025.01.15	08:00:00	2679.26	2683.19	2679.02	2680.86	4144	0	29
2025.01.15	09:00:00	2680.87	2684.09	2680.01	2681.28	4266	0	22
2025.01.15	10:00:00	2681.34	2685.38	2681.15	2683.83	5233	0	22
2025.01.15	11:00:00	2683.91	2688.43	2682.88	2685.82	5096	0	22
2025.01.15	12:00:00	2685.82	2688.96	2684.70	2688.35	5283	0	22
2025.01.15	13:00:00	2688.35	2688.86	2685.08	2686.82	5920	0	22
2025.01.15	14:00:00	2686.81	2687.39	2684.05	2684.57	5726	0	23
2025.01.15	15:00:00	2684.72	2694.08	2682.10	2693.69	11780	0	23
2025.01.15	16:00:00	2693.80	2695.96	2678.16	2681.99	12819	0	23
2025.01.15	17:00:00	2681.96	2683.03	2676.68	2678.48	11002	0	23
2025.01.15	18:00:00	2678.62	2689.97	2676.93	2689.30	8876	0	23
2025.01.15	19:00:00	2689.31	2692.89	2688.34	2692.71	5837	0	25
2025.01.15	20:00:00	2692.72	2694.85	2691.01	2694.00	5693	0	25
2025.01.15	21:00:00	2693.99	2695.07	2692.44	2693.94	4190	0	25
2025.01.15	22:00:00	2693.92	2696.40	2693.13	2696.34	3579	0	25
2025.01.15	23:00:00	2696.35	2697.24	2693.67	2695.37	1633	0	28
2025.01.16	01:00:00	2696.26	2697.23	2694.48	2694.87	1346	0	29
2025.01.16	02:00:00	2694.87	2698.05	2692.88	2695.07	4005	0	29
2025.01.16	03:00:00	2695.07	2701.65	2694.36	2696.08	7637	0	29
2025.01.16	04:00:00	2696.25	2698.05	2695.22	2697.42	4873	0	29
2025.01.16	05:00:00	2697.42	2698.24	2695.49	2696.93	3812	0	29
2025.01.16	06:00:00	2696.91	2697.94	2696.51	2697.20	2270	0	29
2025.01.16	07:00:00	2697.20	2697.38	2693.73	2694.73	4288	0	29
2025.01.16	08:00:00	2694.73	2695.56	2689.70	2693.89	4652	0	29
2025.01.16	09:00:00	2693.86	2699.89	2693.37	2698.17	5416	0	22
2025.01.16	10:00:00	2698.17	2703.26	2697.05	2698.87	6456	0	22
2025.01.16	11:00:00	2698.87	2706.15	2697.39	2705.42	6427	0	22
2025.01.16	12:00:00	2705.43	2708.48	2704.65	2707.76	4941	0	22
2025.01.16	13:00:00	2707.88	2711.19	2706.09	2706.26	4603	0	22
2025.01.16	14:00:00	2706.22	2707.20	2700.26	2703.65	7569	0	23
2025.01.16	15:00:00	2703.63	2718.24	2701.19	2715.36	10345	0	23
2025.01.16	16:00:00	2715.31	2719.14	2712.80	2718.31	10565	0	23
2025.01.16	17:00:00	2718.47	2719.55	2712.48	2716.82	11962	0	23
2025.01.16	18:00:00	2716.80	2722.41	2716.62	2720.31	9373	0	23
2025.01.16	19:00:00	2720.31	2724.66	2719.45	2721.66	6551	0	25
2025.01.16	20:00:00	2721.66	2723.19	2714.66	2715.10	6340	0	25
2025.01.16	21:00:00	2715.10	2717.13	2714.62	2715.15	5480	0	25
2025.01.16	22:00:00	2715.15	2716.97	2714.28	2715.74	3991	0	25
2025.01.16	23:00:00	2715.75	2715.76	2712.39	2713.58	2546	0	28
2025.01.17	01:00:00	2714.06	2714.85	2712.30	2714.43	1206	0	29
2025.01.17	02:00:00	2714.42	2716.03	2713.72	2714.63	2852	0	29
2025.01.17	03:00:00	2714.63	2714.72	2709.81	2714.69	6511	0	29
2025.01.17	04:00:00	2714.81	2717.01	2713.87	2715.86	4359	0	29
2025.01.17	05:00:00	2715.84	2717.34	2714.54	2715.34	3323	0	29
2025.01.17	06:00:00	2715.35	2716.50	2714.22	2714.72	2533	0	29
2025.01.17	07:00:00	2714.72	2715.40	2711.10	2711.48	4018	0	29
2025.01.17	08:00:00	2711.48	2713.19	2710.49	2712.64	4917	0	29
2025.01.17	09:00:00	2712.64	2714.55	2708.62	2710.51	4770	0	22
2025.01.17	10:00:00	2710.56	2712.93	2709.43	2711.67	5265	0	22
2025.01.17	11:00:00	2711.63	2712.04	2703.95	2705.01	6092	0	22
2025.01.17	12:00:00	2704.98	2706.03	2702.79	2703.96	4802	0	22
2025.01.17	13:00:00	2704.01	2708.59	2703.67	2708.05	4390	0	22
2025.01.17	14:00:00	2708.05	2711.69	2706.91	2710.88	6720	0	23
2025.01.17	15:00:00	2710.93	2712.06	2704.37	2704.92	11164	0	23
2025.01.17	16:00:00	2704.89	2712.54	2702.66	2711.75	12122	0	23
2025.01.17	17:00:00	2711.75	2715.08	2710.15	2714.22	9267	0	23
2025.01.17	18:00:00	2714.23	2717.26	2713.53	2716.01	7991	0	23
2025.01.17	19:00:00	2716.01	2716.25	2710.56	2712.50	6471	0	23
2025.01.17	20:00:00	2712.50	2713.22	2705.35	2705.56	6412	0	25
2025.01.17	21:00:00	2705.60	2707.19	2702.59	2703.14	5797	0	25
2025.01.17	22:00:00	2703.11	2704.23	2699.90	2701.02	6413	0	25
2025.01.17	23:00:00	2700.90	2702.54	2699.18	2701.71	1658	0	28
2025.01.20	01:00:00	2701.11	2703.26	2691.22	2696.34	3332	0	30
2025.01.20	02:00:00	2696.34	2696.34	2692.49	2694.45	2845	0	29
2025.01.20	03:00:00	2694.45	2695.89	2689.34	2693.74	8685	0	29
2025.01.20	04:00:00	2693.78	2697.94	2693.66	2697.44	5822	0	29
2025.01.20	05:00:00	2697.48	2703.86	2697.43	2703.41	4833	0	29
2025.01.20	06:00:00	2703.38	2706.40	2702.18	2705.86	4170	0	29
2025.01.20	07:00:00	2705.86	2707.46	2703.58	2707.05	5370	0	29
2025.01.20	08:00:00	2707.08	2713.74	2706.48	2711.63	5353	0	29
2025.01.20	09:00:00	2711.63	2711.78	2702.79	2703.48	5338	0	22
2025.01.20	10:00:00	2703.54	2708.02	2702.89	2706.92	5084	0	22
2025.01.20	11:00:00	2706.92	2708.77	2702.92	2706.07	5618	0	22
2025.01.20	12:00:00	2706.07	2709.77	2705.20	2708.50	5532	0	22
2025.01.20	13:00:00	2708.36	2712.52	2704.69	2708.30	6463	0	22
2025.01.20	14:00:00	2708.30	2709.96	2705.99	2708.19	5829	0	22
2025.01.20	15:00:00	2708.19	2710.52	2701.84	2705.16	11492	0	23
2025.01.20	16:00:00	2705.51	2712.20	2705.06	2710.47	12115	0	25
2025.01.20	17:00:00	2710.31	2710.69	2705.11	2706.85	7952	0	25
2025.01.20	18:00:00	2706.74	2709.09	2703.21	2707.58	6346	0	25
2025.01.20	19:00:00	2707.55	2710.20	2704.26	2707.26	4821	0	27
2025.01.20	20:00:00	2707.28	2711.05	2704.97	2710.84	2416	0	27
2025.01.20	21:00:00	2710.84	2711.07	2705.46	2706.11	1242	0	27
2025.01.21	01:00:00	2707.91	2711.22	2706.44	2710.33	2371	0	29
2025.01.21	02:00:00	2710.33	2711.45	2702.59	2705.45	5542	0	30
2025.01.21	03:00:00	2705.00	2719.16	2703.11	2717.91	10121	0	31
2025.01.21	04:00:00	2717.96	2725.61	2717.76	2724.80	7737	0	31
2025.01.21	05:00:00	2724.75	2726.87	2721.12	2724.07	6459	0	31
2025.01.21	06:00:00	2724.13	2727.79	2722.92	2727.37	4458	0	31
2025.01.21	07:00:00	2727.42	2729.09	2725.24	2726.07	5260	0	31
2025.01.21	08:00:00	2726.02	2729.38	2723.70	2724.21	5990	0	31
2025.01.21	09:00:00	2724.21	2732.81	2722.57	2729.80	6624	0	24
2025.01.21	10:00:00	2729.64	2729.68	2721.50	2723.25	8748	0	24
2025.01.21	11:00:00	2723.25	2724.08	2717.81	2721.15	9167	0	24
2025.01.21	12:00:00	2721.15	2723.88	2718.89	2719.79	7126	0	24
2025.01.21	13:00:00	2719.78	2724.49	2716.51	2723.93	5943	0	24
2025.01.21	14:00:00	2724.08	2727.27	2721.83	2726.70	7457	0	25
2025.01.21	15:00:00	2726.72	2729.95	2724.48	2726.24	9766	0	25
2025.01.21	16:00:00	2726.27	2738.50	2725.30	2738.09	10172	0	25
2025.01.21	17:00:00	2737.99	2740.38	2734.51	2738.76	10855	0	23
2025.01.21	18:00:00	2738.78	2744.79	2737.69	2743.13	8946	0	23
2025.01.21	19:00:00	2743.15	2745.53	2739.99	2740.21	5592	0	25
2025.01.21	20:00:00	2740.17	2745.86	2739.86	2744.50	4505	0	25
2025.01.21	21:00:00	2744.50	2745.44	2741.28	2742.68	4660	0	25
2025.01.21	22:00:00	2742.68	2743.14	2739.95	2742.42	4105	0	25
2025.01.21	23:00:00	2742.44	2744.77	2741.93	2744.77	1177	0	28
2025.01.22	01:00:00	2743.55	2744.71	2741.84	2744.22	3185	0	29
2025.01.22	02:00:00	2744.24	2749.01	2742.52	2748.13	3467	0	29
2025.01.22	03:00:00	2748.13	2749.87	2746.82	2747.94	6652	0	29
2025.01.22	04:00:00	2747.90	2749.59	2746.23	2748.92	5256	0	29
2025.01.22	05:00:00	2748.92	2751.10	2747.86	2750.31	4262	0	29
2025.01.22	06:00:00	2750.30	2752.87	2749.18	2752.03	2997	0	29
2025.01.22	07:00:00	2752.03	2758.55	2750.19	2757.97	5277	0	29
2025.01.22	08:00:00	2757.97	2758.10	2745.43	2746.84	8265	0	29
2025.01.22	09:00:00	2746.84	2753.95	2746.54	2748.62	5452	0	22
2025.01.22	10:00:00	2748.62	2753.86	2746.86	2753.16	6794	0	22
2025.01.22	11:00:00	2753.04	2762.28	2752.82	2758.37	6805	0	22
2025.01.22	12:00:00	2758.38	2763.32	2758.27	2759.91	5027	0	22
2025.01.22	13:00:00	2760.06	2760.39	2756.27	2756.40	4636	0	22
2025.01.22	14:00:00	2756.45	2758.61	2751.32	2758.36	5623	0	23
2025.01.22	15:00:00	2758.44	2761.54	2751.00	2757.69	9795	0	23
2025.01.22	16:00:00	2757.68	2758.18	2750.32	2753.98	10552	0	23
2025.01.22	17:00:00	2753.83	2760.27	2750.38	2759.35	9367	0	23
2025.01.22	18:00:00	2759.34	2760.19	2755.87	2758.25	7229	0	23
2025.01.22	19:00:00	2758.26	2758.43	2755.86	2756.52	5122	0	23
2025.01.22	20:00:00	2756.52	2759.30	2754.90	2757.80	5387	0	25
2025.01.22	21:00:00	2757.81	2757.81	2755.03	2755.30	3937	0	25
2025.01.22	22:00:00	2755.28	2757.07	2754.83	2756.58	4010	0	25
2025.01.22	23:00:00	2756.57	2757.05	2754.67	2755.34	1431	0	28
2025.01.23	01:00:00	2755.32	2756.46	2753.75	2755.24	1591	0	29
2025.01.23	02:00:00	2755.18	2755.85	2753.10	2755.25	2352	0	29
2025.01.23	03:00:00	2755.25	2756.11	2750.57	2752.62	6563	0	29
2025.01.23	04:00:00	2752.62	2754.88	2751.99	2752.54	4737	0	29
2025.01.23	05:00:00	2752.49	2753.08	2749.36	2749.96	4038	0	29
2025.01.23	06:00:00	2749.97	2753.51	2749.80	2751.62	2434	0	29
2025.01.23	07:00:00	2751.62	2753.39	2751.36	2751.90	4513	0	29
2025.01.23	08:00:00	2751.90	2755.45	2751.07	2753.17	4636	0	29
2025.01.23	09:00:00	2753.19	2754.63	2751.70	2752.74	4620	0	23
2025.01.23	10:00:00	2752.79	2754.79	2752.00	2752.69	5746	0	22
2025.01.23	11:00:00	2752.71	2753.71	2740.86	2745.86	7542	0	22
2025.01.23	12:00:00	2745.77	2752.44	2745.22	2751.22	5975	0	22
2025.01.23	13:00:00	2751.38	2754.32	2750.81	2751.83	5285	0	22
2025.01.23	14:00:00	2751.84	2753.31	2742.01	2744.74	8580	0	23
2025.01.23	15:00:00	2744.75	2745.86	2735.84	2741.51	11265	0	23
2025.01.23	16:00:00	2741.59	2747.36	2740.36	2746.20	10760	0	23
2025.01.23	17:00:00	2746.12	2749.41	2742.20	2746.51	8717	0	23
2025.01.23	18:00:00	2746.33	2757.37	2744.08	2753.89	9990	0	23
2025.01.23	19:00:00	2753.89	2758.77	2752.23	2757.68	7167	0	24
2025.01.23	20:00:00	2757.67	2758.13	2755.09	2755.78	6184	0	25
2025.01.23	21:00:00	2755.77	2758.10	2753.71	2754.04	5659	0	25
2025.01.23	22:00:00	2753.99	2754.61	2751.34	2753.81	7288	0	25
2025.01.23	23:00:00	2753.58	2753.92	2752.10	2753.71	1613	0	28
2025.01.24	01:00:00	2753.85	2755.49	2753.59	2754.47	1184	0	29
2025.01.24	02:00:00	2754.44	2760.90	2754.19	2759.59	3009	0	29
2025.01.24	03:00:00	2759.59	2762.49	2758.55	2762.28	6664	0	29
2025.01.24	04:00:00	2762.28	2775.24	2762.27	2774.27	8672	0	29
2025.01.24	05:00:00	2774.18	2777.26	2770.94	2772.35	7032	0	29
2025.01.24	06:00:00	2772.35	2774.92	2770.48	2772.01	5065	0	29
2025.01.24	07:00:00	2772.29	2776.53	2772.18	2775.15	6030	0	29
2025.01.24	08:00:00	2775.12	2778.23	2773.20	2773.78	7154	0	29
2025.01.24	09:00:00	2773.80	2775.33	2771.96	2772.56	6545	0	22
2025.01.24	10:00:00	2772.59	2775.31	2769.99	2774.14	7075	0	22
2025.01.24	11:00:00	2773.90	2777.77	2770.98	2772.81	6333	0	22
2025.01.24	12:00:00	2772.81	2776.20	2771.53	2775.77	5450	0	22
2025.01.24	13:00:00	2775.77	2780.05	2774.01	2776.64	6065	0	22
2025.01.24	14:00:00	2776.64	2779.07	2776.08	2778.59	5102	0	22
2025.01.24	15:00:00	2778.51	2784.55	2777.81	2782.38	9235	0	23
2025.01.24	16:00:00	2782.38	2784.32	2773.80	2778.28	11351	0	23
2025.01.24	17:00:00	2778.28	2785.89	2775.45	2775.89	9942	0	23
2025.01.24	18:00:00	2775.77	2777.51	2769.85	2771.86	9418	0	23
2025.01.24	19:00:00	2771.73	2776.06	2770.44	2773.16	5310	0	26
2025.01.24	20:00:00	2773.16	2774.05	2771.31	2773.35	4570	0	25
2025.01.24	21:00:00	2773.39	2775.26	2771.25	2774.62	3958	0	25
2025.01.24	22:00:00	2774.61	2774.79	2770.64	2770.96	4640	0	25
2025.01.24	23:00:00	2770.96	2772.11	2770.41	2770.82	1824	0	28
2025.01.27	01:00:00	2765.67	2768.98	2765.16	2767.45	3006	0	30
2025.01.27	02:00:00	2767.49	2770.83	2766.07	2769.52	4116	0	29
2025.01.27	03:00:00	2769.45	2772.48	2762.85	2762.91	7931	0	29
2025.01.27	04:00:00	2762.91	2763.55	2753.94	2756.22	7729	0	29
2025.01.27	05:00:00	2756.21	2762.55	2755.13	2761.05	5653	0	29
2025.01.27	06:00:00	2761.02	2761.04	2755.64	2758.05	4550	0	29
2025.01.27	07:00:00	2758.05	2758.05	2752.75	2753.15	5763	0	29
2025.01.27	08:00:00	2753.15	2754.99	2750.72	2754.56	6479	0	29
2025.01.27	09:00:00	2754.56	2755.08	2747.25	2749.28	7930	0	22
2025.01.27	10:00:00	2749.36	2759.75	2749.24	2757.16	9356	0	22
2025.01.27	11:00:00	2757.13	2764.90	2755.58	2763.35	8074	0	22
2025.01.27	12:00:00	2763.31	2770.99	2762.80	2768.07	8723	0	22
2025.01.27	13:00:00	2767.88	2771.94	2765.04	2771.33	8278	0	22
2025.01.27	14:00:00	2771.54	2771.66	2760.52	2761.32	7664	0	23
2025.01.27	15:00:00	2761.28	2762.44	2752.25	2757.20	9242	0	23
2025.01.27	16:00:00	2757.04	2757.83	2744.99	2751.45	10156	0	23
2025.01.27	17:00:00	2751.45	2751.45	2739.45	2741.98	9938	0	23
2025.01.27	18:00:00	2742.04	2743.11	2733.29	2734.41	8718	0	23
2025.01.27	19:00:00	2734.42	2736.97	2730.40	2733.71	7070	0	25
2025.01.27	20:00:00	2733.70	2737.81	2733.06	2736.93	5398	0	25
2025.01.27	21:00:00	2736.96	2740.42	2736.86	2739.25	5477	0	25
2025.01.27	22:00:00	2739.25	2742.42	2738.08	2741.44	4845	0	25
2025.01.27	23:00:00	2741.26	2743.84	2740.73	2741.00	1285	0	28
2025.01.28	01:00:00	2740.93	2745.06	2739.44	2741.78	3526	0	29
2025.01.28	02:00:00	2741.72	2744.36	2739.73	2740.52	3341	0	29
2025.01.28	03:00:00	2740.69	2745.03	2739.40	2741.36	3970	0	29
2025.01.28	04:00:00	2741.35	2741.47	2738.28	2739.34	5505	0	29
2025.01.28	05:00:00	2739.36	2741.70	2737.74	2738.69	3943	0	29
2025.01.28	06:00:00	2738.69	2742.52	2738.45	2742.24	3534	0	29
2025.01.28	07:00:00	2742.24	2744.80	2741.17	2741.66	3703	0	29
2025.01.28	08:00:00	2741.63	2742.79	2739.03	2739.41	3138	0	29
2025.01.28	09:00:00	2739.38	2743.02	2738.34	2738.97	4943	0	22
2025.01.28	10:00:00	2739.06	2741.77	2734.73	2741.17	6404	0	22
2025.01.28	11:00:00	2741.14	2745.01	2740.44	2743.36	6478	0	22
2025.01.28	12:00:00	2743.39	2745.10	2740.97	2743.14	5292	0	22
2025.01.28	13:00:00	2743.14	2744.54	2741.54	2742.71	4498	0	22
2025.01.28	14:00:00	2742.71	2745.47	2741.20	2745.46	4665	0	23
2025.01.28	15:00:00	2745.47	2749.48	2745.10	2748.86	6922	0	23
2025.01.28	16:00:00	2748.86	2756.25	2748.86	2753.24	8511	0	23
2025.01.28	17:00:00	2753.24	2757.20	2751.05	2755.23	8678	0	23
2025.01.28	18:00:00	2755.21	2759.60	2755.17	2758.60	7460	0	23
2025.01.28	19:00:00	2758.62	2760.01	2757.58	2759.66	6380	0	23
2025.01.28	20:00:00	2759.79	2763.43	2759.25	2762.04	5928	0	25
2025.01.28	21:00:00	2762.04	2764.92	2761.14	2764.79	3903	0	25
2025.01.28	22:00:00	2764.80	2764.88	2762.21	2763.97	4962	0	25
2025.01.28	23:00:00	2763.95	2764.11	2762.73	2763.24	1571	0	28
2025.01.29	01:00:00	2763.10	2764.30	2762.56	2762.57	1314	0	29
2025.01.29	02:00:00	2762.57	2764.74	2762.13	2763.91	2386	0	29
2025.01.29	03:00:00	2763.78	2766.06	2763.46	2763.62	4359	0	29
2025.01.29	04:00:00	2763.62	2765.55	2763.23	2764.16	3630	0	29
2025.01.29	05:00:00	2764.16	2764.45	2762.30	2762.66	4526	0	29
2025.01.29	06:00:00	2762.66	2764.12	2761.50	2762.40	4467	0	29
2025.01.29	07:00:00	2762.40	2763.00	2760.15	2760.66	3762	0	29
2025.01.29	08:00:00	2760.85	2762.12	2759.14	2759.14	4523	0	29
2025.01.29	09:00:00	2759.13	2760.58	2757.38	2759.05	5533	0	22
2025.01.29	10:00:00	2759.11	2766.00	2759.11	2763.97	6422	0	22
2025.01.29	11:00:00	2763.98	2764.30	2760.41	2762.69	6472	0	22
2025.01.29	12:00:00	2762.65	2763.31	2757.03	2758.18	6910	0	22
2025.01.29	13:00:00	2758.16	2759.75	2757.43	2759.00	5501	0	22
2025.01.29	14:00:00	2759.00	2759.08	2755.49	2756.49	7016	0	23
2025.01.29	15:00:00	2756.48	2759.40	2752.14	2758.57	10293	0	23
2025.01.29	16:00:00	2758.59	2761.04	2756.34	2759.33	10214	0	23
2025.01.29	17:00:00	2759.29	2759.62	2748.47	2754.11	10143	0	23
2025.01.29	18:00:00	2754.11	2756.19	2748.17	2751.53	8520	0	23
2025.01.29	19:00:00	2751.54	2754.42	2751.03	2752.78	5123	0	25
2025.01.29	20:00:00	2752.81	2753.79	2748.67	2750.21	6412	0	25
2025.01.29	21:00:00	2750.21	2757.62	2744.80	2755.14	11088	0	26
2025.01.29	22:00:00	2755.11	2758.84	2752.61	2754.78	6931	0	25
2025.01.29	23:00:00	2754.84	2757.48	2754.00	2757.37	2888	0	29
2025.01.30	01:00:00	2758.34	2760.56	2758.25	2760.12	1894	0	29
2025.01.30	02:00:00	2760.17	2762.46	2758.92	2761.94	2074	0	29
2025.01.30	03:00:00	2761.94	2761.94	2758.92	2760.05	3977	0	29
2025.01.30	04:00:00	2760.05	2761.50	2759.17	2760.31	4740	0	29
2025.01.30	05:00:00	2760.31	2762.37	2759.25	2761.72	3830	0	29
2025.01.30	06:00:00	2761.54	2763.27	2759.76	2760.30	3450	0	29
2025.01.30	07:00:00	2760.33	2761.15	2758.61	2760.56	3090	0	29
2025.01.30	08:00:00	2760.53	2766.33	2760.20	2765.43	4016	0	29
2025.01.30	09:00:00	2765.46	2769.40	2764.85	2769.05	5815	0	22
2025.01.30	10:00:00	2769.14	2776.46	2768.60	2776.12	5983	0	22
2025.01.30	11:00:00	2776.14	2776.27	2771.46	2774.27	6327	0	22
2025.01.30	12:00:00	2774.27	2779.17	2773.73	2778.26	5304	0	22
2025.01.30	13:00:00	2778.26	2779.42	2776.97	2777.54	4232	0	22
2025.01.30	14:00:00	2777.54	2781.14	2776.18	2780.17	5633	0	23
2025.01.30	15:00:00	2780.17	2785.88	2777.50	2785.62	9624	0	23
2025.01.30	16:00:00	2785.64	2789.00	2780.04	2787.64	12676	0	23
2025.01.30	17:00:00	2787.64	2796.75	2786.71	2795.39	11852	0	23
2025.01.30	18:00:00	2795.35	2798.30	2790.08	2790.61	11647	0	23
2025.01.30	19:00:00	2790.95	2795.77	2788.78	2795.55	8471	0	25
2025.01.30	20:00:00	2795.57	2796.97	2792.19	2795.03	6482	0	25
2025.01.30	21:00:00	2795.03	2795.23	2790.62	2793.38	4759	0	25
2025.01.30	22:00:00	2793.39	2798.00	2792.29	2795.47	7491	0	25
2025.01.30	23:00:00	2795.54	2798.27	2789.61	2793.26	3257	0	27
2025.01.31	01:00:00	2793.11	2796.70	2791.91	2796.08	2632	0	29
2025.01.31	02:00:00	2796.08	2799.45	2794.45	2795.88	3658	0	29
2025.01.31	03:00:00	2795.88	2796.60	2794.49	2796.27	4479	0	29
2025.01.31	04:00:00	2796.27	2798.05	2794.73	2796.07	4626	0	29
2025.01.31	05:00:00	2796.03	2798.08	2795.58	2796.23	4671	0	29
2025.01.31	06:00:00	2796.17	2796.40	2794.42	2795.84	3654	0	29
2025.01.31	07:00:00	2795.78	2796.37	2793.86	2795.50	4965	0	29
2025.01.31	08:00:00	2795.49	2795.69	2792.04	2792.69	4039	0	29
2025.01.31	09:00:00	2792.69	2800.89	2792.26	2798.21	5979	0	22
2025.01.31	10:00:00	2798.19	2799.34	2791.66	2793.25	6384	0	22
2025.01.31	11:00:00	2793.37	2796.38	2792.64	2793.73	6175	0	22
2025.01.31	12:00:00	2793.73	2795.17	2791.00	2794.24	5854	0	22
2025.01.31	13:00:00	2794.24	2800.64	2792.34	2800.22	6775	0	22
2025.01.31	14:00:00	2800.22	2807.66	2799.92	2805.35	7166	0	22
2025.01.31	15:00:00	2805.36	2808.29	2803.17	2806.31	9339	0	23
2025.01.31	16:00:00	2806.43	2812.57	2804.50	2812.28	9809	0	23
2025.01.31	17:00:00	2812.30	2817.05	2808.28	2809.19	10438	0	23
2025.01.31	18:00:00	2809.39	2810.17	2804.92	2807.46	7596	0	23
2025.01.31	19:00:00	2807.46	2816.38	2802.98	2808.43	11960	0	23
2025.01.31	20:00:00	2808.41	2808.72	2795.30	2798.96	11889	0	25
2025.01.31	21:00:00	2798.91	2802.80	2795.38	2796.09	8692	0	25
2025.01.31	22:00:00	2796.06	2801.94	2794.25	2800.82	10391	0	25
2025.01.31	23:00:00	2800.76	2802.65	2798.15	2800.41	3582	0	28
2025.02.03	01:00:00	2801.71	2803.70	2783.98	2793.54	6242	0	31
2025.02.03	02:00:00	2793.83	2795.75	2790.04	2792.16	7525	0	29
2025.02.03	03:00:00	2792.09	2792.12	2778.23	2782.20	9418	0	29
2025.02.03	04:00:00	2782.18	2782.68	2773.73	2778.05	10783	0	29
2025.02.03	05:00:00	2778.05	2778.35	2772.07	2774.35	8328	0	29
2025.02.03	06:00:00	2774.35	2783.00	2774.17	2780.71	8175	0	29
2025.02.03	07:00:00	2780.71	2785.05	2779.96	2783.03	6724	0	29
2025.02.03	08:00:00	2783.03	2787.85	2782.85	2786.71	6784	0	29
2025.02.03	09:00:00	2786.92	2789.85	2785.35	2789.29	8173	0	22
2025.02.03	10:00:00	2789.32	2800.36	2786.95	2796.69	8885	0	22
2025.02.03	11:00:00	2796.44	2800.75	2794.67	2796.37	8359	0	22
2025.02.03	12:00:00	2796.32	2800.09	2792.92	2798.03	7776	0	22
2025.02.03	13:00:00	2797.95	2804.13	2797.88	2801.28	7474	0	22
2025.02.03	14:00:00	2801.18	2810.72	2800.40	2810.26	7446	0	23
2025.02.03	15:00:00	2810.26	2811.81	2807.42	2810.91	9417	0	23
2025.02.03	16:00:00	2810.94	2830.58	2810.14	2829.38	11892	0	23
2025.02.03	17:00:00	2829.34	2830.34	2813.63	2817.45	14557	0	23
2025.02.03	18:00:00	2817.43	2825.18	2812.93	2814.13	10196	0	23
2025.02.03	19:00:00	2814.12	2822.16	2813.94	2816.98	8807	0	25
2025.02.03	20:00:00	2816.98	2821.72	2815.85	2821.01	7987	0	25
2025.02.03	21:00:00	2820.72	2822.89	2817.84	2818.24	7620	0	25
2025.02.03	22:00:00	2818.19	2819.35	2815.58	2816.57	6028	0	25
2025.02.03	23:00:00	2816.58	2817.45	2812.29	2814.62	3838	0	28
2025.02.04	01:00:00	2813.35	2815.15	2812.08	2813.87	2662	0	29
2025.02.04	02:00:00	2813.87	2817.49	2812.69	2817.21	2498	0	29
2025.02.04	03:00:00	2817.40	2824.04	2815.84	2823.29	6187	0	29
2025.02.04	04:00:00	2823.29	2824.54	2816.78	2821.11	6829	0	29
2025.02.04	05:00:00	2821.11	2824.14	2817.31	2821.36	5436	0	29
2025.02.04	06:00:00	2821.35	2821.43	2817.97	2818.90	5577	0	29
2025.02.04	07:00:00	2819.13	2819.14	2813.31	2815.68	9072	0	29
2025.02.04	08:00:00	2815.56	2815.96	2810.73	2813.43	7008	0	29
2025.02.04	09:00:00	2813.45	2814.36	2807.17	2812.67	8009	0	22
2025.02.04	10:00:00	2812.75	2819.09	2809.98	2815.10	9483	0	23
2025.02.04	11:00:00	2815.08	2821.76	2814.09	2820.34	8506	0	22
2025.02.04	12:00:00	2820.36	2820.36	2812.67	2814.76	6864	0	22
2025.02.04	13:00:00	2814.65	2816.75	2813.25	2815.39	5748	0	22
2025.02.04	14:00:00	2815.41	2822.93	2814.51	2821.75	7325	0	22
2025.02.04	15:00:00	2821.75	2836.88	2821.33	2831.57	10373	0	23
2025.02.04	16:00:00	2831.57	2841.38	2829.02	2838.01	12091	0	23
2025.02.04	17:00:00	2838.00	2845.40	2833.65	2835.87	12252	0	23
2025.02.04	18:00:00	2835.87	2842.40	2832.50	2840.38	9634	0	23
2025.02.04	19:00:00	2840.45	2844.60	2839.41	2843.97	7761	0	25
2025.02.04	20:00:00	2843.90	2844.91	2842.46	2842.65	6573	0	25
2025.02.04	21:00:00	2842.66	2844.10	2841.76	2843.03	5765	0	25
2025.02.04	22:00:00	2843.05	2844.72	2840.87	2844.20	5209	0	25
2025.02.04	23:00:00	2844.09	2844.68	2840.95	2841.51	2371	0	28
2025.02.05	01:00:00	2841.22	2842.45	2840.20	2841.43	1816	0	29
2025.02.05	02:00:00	2841.43	2848.21	2840.76	2845.24	4043	0	29
2025.02.05	03:00:00	2845.17	2848.83	2839.66	2844.50	10272	0	29
2025.02.05	04:00:00	2844.47	2853.77	2844.04	2851.10	6726	0	29
2025.02.05	05:00:00	2851.19	2854.36	2849.81	2852.26	4949	0	29
2025.02.05	06:00:00	2852.21	2858.11	2851.81	2855.20	3507	0	29
2025.02.05	07:00:00	2855.29	2860.54	2853.72	2859.14	4574	0	29
2025.02.05	08:00:00	2859.14	2861.87	2856.92	2859.16	4816	0	29
2025.02.05	09:00:00	2859.13	2864.16	2854.86	2864.09	6742	0	22
2025.02.05	10:00:00	2864.06	2869.55	2863.62	2867.53	6984	0	22
2025.02.05	11:00:00	2867.49	2872.17	2865.35	2870.22	5675	0	22
2025.02.05	12:00:00	2870.22	2876.96	2866.00	2867.80	6310	0	22
2025.02.05	13:00:00	2867.79	2870.46	2864.68	2868.68	6714	0	22
2025.02.05	14:00:00	2868.68	2870.85	2867.02	2870.31	5736	0	22
2025.02.05	15:00:00	2870.31	2870.64	2858.54	2861.71	10890	0	23
2025.02.05	16:00:00	2861.76	2872.58	2860.63	2870.86	11112	0	23
2025.02.05	17:00:00	2873.47	2882.20	2871.49	2880.24	10697	0	20
2025.02.05	18:00:00	2880.25	2881.09	2863.06	2874.88	8399	0	19
2025.02.05	19:00:00	2875.15	2876.69	2871.32	2872.93	6081	0	20
2025.02.05	20:00:00	2872.99	2873.43	2863.91	2865.67	5798	0	20
2025.02.05	21:00:00	2865.73	2868.97	2862.78	2863.49	5496	0	20
2025.02.05	22:00:00	2863.53	2866.12	2859.99	2862.58	5665	0	20
2025.02.05	23:00:00	2862.55	2865.21	2861.20	2865.18	1596	0	20
2025.02.06	01:00:00	2867.50	2870.90	2865.94	2869.15	1863	0	26
2025.02.06	02:00:00	2869.15	2869.88	2867.18	2869.60	2398	0	23
2025.02.06	03:00:00	2869.57	2871.73	2863.59	2871.57	6095	0	23
2025.02.06	04:00:00	2871.58	2873.21	2868.34	2870.47	5528	0	13
2025.02.06	05:00:00	2870.44	2870.44	2864.18	2869.30	4575	0	23
2025.02.06	06:00:00	2869.30	2872.27	2868.28	2868.46	3176	0	23
2025.02.06	07:00:00	2868.57	2869.99	2865.36	2868.34	4305	0	23
2025.02.06	08:00:00	2868.34	2871.19	2858.51	2859.16	5662	0	23
2025.02.06	09:00:00	2859.14	2861.75	2854.94	2855.76	5840	0	19
2025.02.06	10:00:00	2855.86	2858.46	2848.74	2856.16	6386	0	19
2025.02.06	11:00:00	2856.16	2859.96	2855.68	2859.37	5455	0	19
2025.02.06	12:00:00	2859.37	2861.81	2855.65	2859.21	5093	0	19
2025.02.06	13:00:00	2858.82	2867.38	2858.16	2865.92	5476	0	19
2025.02.06	14:00:00	2866.02	2870.20	2863.56	2864.37	6121	0	19
2025.02.06	15:00:00	2864.42	2864.88	2855.55	2856.72	8295	0	19
2025.02.06	16:00:00	2856.56	2859.77	2841.16	2841.87	8747	0	19
2025.02.06	17:00:00	2841.79	2853.23	2834.06	2850.55	9099	0	19
2025.02.06	18:00:00	2850.47	2854.64	2848.74	2848.74	6613	0	19
2025.02.06	19:00:00	2848.73	2852.62	2848.10	2852.29	4751	0	21
2025.02.06	20:00:00	2852.30	2853.68	2849.81	2852.64	5148	0	20
2025.02.06	21:00:00	2852.74	2854.15	2850.28	2853.94	4537	0	20
2025.02.06	22:00:00	2853.91	2857.31	2853.80	2856.41	4787	0	20
2025.02.06	23:00:00	2856.39	2856.88	2854.80	2856.42	1613	0	23
2025.02.07	01:00:00	2855.99	2858.59	2855.90	2857.98	1750	0	24
2025.02.07	02:00:00	2858.00	2860.47	2857.12	2858.34	2295	0	23
2025.02.07	03:00:00	2858.35	2868.18	2857.70	2866.17	5883	0	23
2025.02.07	04:00:00	2866.16	2869.21	2865.39	2868.74	4235	0	23
2025.02.07	05:00:00	2868.75	2870.51	2865.92	2867.18	4053	0	23
2025.02.07	06:00:00	2867.18	2869.55	2866.16	2866.49	2876	0	23
2025.02.07	07:00:00	2866.51	2867.06	2862.08	2862.12	4016	0	23
2025.02.07	08:00:00	2862.06	2866.11	2858.96	2860.71	5451	0	23
2025.02.07	09:00:00	2860.71	2865.67	2860.27	2864.15	4117	0	19
2025.02.07	10:00:00	2864.15	2866.67	2863.20	2866.35	4414	0	19
2025.02.07	11:00:00	2866.29	2870.62	2865.58	2868.97	5077	0	19
2025.02.07	12:00:00	2868.97	2869.15	2863.40	2867.50	4900	0	19
2025.02.07	13:00:00	2867.48	2868.34	2865.08	2867.75	4330	0	19
2025.02.07	14:00:00	2867.74	2868.10	2863.48	2863.59	4966	0	19
2025.02.07	15:00:00	2863.62	2870.39	2852.46	2862.58	8849	0	21
2025.02.07	16:00:00	2862.64	2878.20	2856.12	2876.06	9315	0	19
2025.02.07	17:00:00	2874.82	2886.75	2873.48	2880.39	8375	0	19
2025.02.07	18:00:00	2880.39	2881.44	2860.40	2860.65	8928	0	19
2025.02.07	19:00:00	2860.65	2862.64	2853.34	2860.09	7621	0	20
2025.02.07	20:00:00	2860.06	2865.20	2859.67	2861.12	4731	0	20
2025.02.07	21:00:00	2861.15	2863.07	2858.93	2860.23	3746	0	20
2025.02.07	22:00:00	2860.19	2863.75	2859.38	2860.67	5028	0	20
2025.02.07	23:00:00	2860.71	2863.21	2860.19	2860.67	2094	0	23
2025.02.10	01:00:00	2861.42	2870.36	2860.17	2867.45	3369	0	23
2025.02.10	02:00:00	2867.45	2869.04	2865.75	2867.89	3794	0	23
2025.02.10	03:00:00	2867.89	2876.54	2866.02	2871.89	7171	0	16
2025.02.10	04:00:00	2871.89	2875.03	2871.42	2873.83	5151	0	23
2025.02.10	05:00:00	2873.80	2875.73	2871.32	2875.56	3847	0	23
2025.02.10	06:00:00	2875.57	2879.51	2874.39	2879.19	3598	0	23
2025.02.10	07:00:00	2879.23	2879.99	2876.02	2879.13	4537	0	23
2025.02.10	08:00:00	2879.17	2892.33	2878.86	2888.44	5558	0	23
2025.02.10	09:00:00	2888.34	2896.62	2886.70	2895.61	5955	0	19
2025.02.10	10:00:00	2895.56	2898.76	2892.22	2896.53	6408	0	19
2025.02.10	11:00:00	2896.52	2903.25	2896.21	2902.99	5711	0	19
2025.02.10	12:00:00	2903.01	2906.19	2898.10	2902.34	6193	0	19
2025.02.10	13:00:00	2902.41	2905.72	2898.29	2904.68	5206	0	19
2025.02.10	14:00:00	2904.62	2906.99	2902.66	2902.76	6034	0	19
2025.02.10	15:00:00	2902.92	2910.83	2899.69	2900.95	9078	0	19
2025.02.10	16:00:00	2900.95	2909.22	2896.45	2908.63	8581	0	19
2025.02.10	17:00:00	2908.70	2911.40	2904.38	2909.01	6636	0	19
2025.02.10	18:00:00	2909.07	2910.25	2899.02	2901.01	6096	0	19
2025.02.10	19:00:00	2901.03	2904.38	2896.54	2903.14	6074	0	20
2025.02.10	20:00:00	2903.14	2906.89	2900.80	2905.08	5382	0	20
2025.02.10	21:00:00	2905.08	2906.62	2902.42	2904.33	4573	0	20
2025.02.10	22:00:00	2904.26	2907.69	2902.87	2907.39	4584	0	20
2025.02.10	23:00:00	2907.14	2908.05	2905.27	2907.42	2115	0	23
2025.02.11	01:00:00	2911.81	2921.55	2909.66	2917.81	3212	0	24
2025.02.11	02:00:00	2917.81	2924.86	2916.37	2922.40	3410	0	23
2025.02.11	03:00:00	2922.40	2936.00	2919.44	2933.81	7361	0	24
2025.02.11	04:00:00	2933.81	2942.54	2906.00	2918.71	8516	0	23
2025.02.11	05:00:00	2918.58	2925.70	2911.42	2919.63	7080	0	23
2025.02.11	06:00:00	2919.67	2920.75	2914.87	2916.29	4769	0	23
2025.02.11	07:00:00	2916.16	2923.69	2915.35	2922.90	5462	0	23
2025.02.11	08:00:00	2922.89	2929.45	2915.38	2917.86	6917	0	23
2025.02.11	09:00:00	2917.86	2918.32	2907.12	2913.46	6874	0	19
2025.02.11	10:00:00	2913.16	2915.13	2906.96	2907.36	6504	0	19
2025.02.11	11:00:00	2907.32	2912.20	2903.03	2903.20	6782	0	19
2025.02.11	12:00:00	2903.19	2907.08	2901.83	2902.71	6529	0	19
2025.02.11	13:00:00	2902.72	2906.68	2902.25	2903.82	5705	0	19
2025.02.11	14:00:00	2903.82	2904.19	2886.85	2889.39	8067	0	20
2025.02.11	15:00:00	2888.95	2898.23	2881.76	2896.46	10237	0	19
2025.02.11	16:00:00	2896.48	2904.27	2894.90	2896.71	9281	0	19
2025.02.11	17:00:00	2896.64	2906.53	2890.87	2904.67	8582	0	20
2025.02.11	18:00:00	2904.81	2908.55	2902.25	2902.32	7219	0	19
2025.02.11	19:00:00	2902.23	2907.24	2899.62	2905.54	6438	0	20
2025.02.11	20:00:00	2905.60	2907.12	2903.26	2905.90	5566	0	20
2025.02.11	21:00:00	2905.90	2906.42	2899.74	2900.24	5348	0	20
2025.02.11	22:00:00	2900.24	2900.50	2894.08	2897.59	6371	0	20
2025.02.11	23:00:00	2897.50	2899.50	2897.43	2898.54	1718	0	20
2025.02.12	01:00:00	2897.83	2900.67	2897.48	2898.59	1574	0	23
2025.02.12	02:00:00	2898.61	2898.75	2889.16	2892.25	3330	0	23
2025.02.12	03:00:00	2892.31	2897.65	2883.50	2893.27	7188	0	23
2025.02.12	04:00:00	2893.27	2897.77	2891.81	2892.42	5572	0	23
2025.02.12	05:00:00	2892.39	2893.01	2886.74	2888.99	5193	0	23
2025.02.12	06:00:00	2888.99	2890.45	2884.05	2885.32	3817	0	23
2025.02.12	07:00:00	2885.45	2887.92	2883.46	2886.29	4732	0	23
2025.02.12	08:00:00	2886.29	2894.61	2885.58	2892.61	5557	0	23
2025.02.12	09:00:00	2892.61	2895.72	2890.79	2892.81	5177	0	19
2025.02.12	10:00:00	2892.85	2893.98	2888.04	2891.70	5421	0	19
2025.02.12	11:00:00	2891.69	2893.42	2886.37	2886.68	5085	0	19
2025.02.12	12:00:00	2886.74	2889.90	2879.36	2882.75	5023	0	19
2025.02.12	13:00:00	2882.72	2885.90	2879.33	2879.64	4715	0	19
2025.02.12	14:00:00	2879.63	2885.92	2878.95	2884.95	5450	0	19
2025.02.12	15:00:00	2885.07	2885.64	2864.04	2884.76	9876	0	21
2025.02.12	16:00:00	2884.82	2897.95	2881.90	2894.49	9649	0	19
2025.02.12	17:00:00	2894.52	2895.86	2886.23	2894.61	8260	0	19
2025.02.12	18:00:00	2894.62	2904.40	2892.13	2902.53	7115	0	19
2025.02.12	19:00:00	2902.44	2909.09	2901.91	2902.74	6463	0	20
2025.02.12	20:00:00	2902.74	2903.81	2900.45	2901.02	5530	0	20
2025.02.12	21:00:00	2901.02	2901.74	2893.52	2897.83	4772	0	20
2025.02.12	22:00:00	2897.83	2901.28	2895.45	2900.92	3889	0	20
2025.02.12	23:00:00	2900.92	2903.74	2900.07	2903.43	3144	0	21
2025.02.13	01:00:00	2904.66	2906.32	2900.39	2905.71	1731	0	25
2025.02.13	02:00:00	2905.68	2909.02	2904.50	2906.25	3114	0	23
2025.02.13	03:00:00	2906.25	2907.36	2901.45	2906.02	5817	0	23
2025.02.13	04:00:00	2906.00	2909.00	2905.28	2908.79	4737	0	13
2025.02.13	05:00:00	2908.79	2918.01	2907.26	2916.44	4906	0	23
2025.02.13	06:00:00	2916.44	2919.19	2916.22	2918.51	3368	0	23
2025.02.13	07:00:00	2918.64	2922.82	2916.53	2918.06	4083	0	23
2025.02.13	08:00:00	2918.06	2918.75	2912.51	2916.05	6131	0	23
2025.02.13	09:00:00	2916.03	2920.66	2913.15	2914.60	6248	0	19
2025.02.13	10:00:00	2914.64	2918.00	2909.37	2911.66	7038	0	19
2025.02.13	11:00:00	2911.83	2918.31	2909.75	2915.31	5424	0	19
2025.02.13	12:00:00	2915.25	2919.43	2913.87	2918.02	4380	0	19
2025.02.13	13:00:00	2917.96	2918.41	2915.34	2917.95	5242	0	19
2025.02.13	14:00:00	2917.95	2921.33	2915.71	2917.64	5960	0	19
2025.02.13	15:00:00	2917.63	2917.88	2905.97	2908.53	9824	0	13
2025.02.13	16:00:00	2908.51	2917.30	2906.47	2915.07	9842	0	19
2025.02.13	17:00:00	2915.06	2920.92	2914.48	2920.27	8186	0	19
2025.02.13	18:00:00	2920.20	2920.80	2912.98	2913.79	6520	0	19
2025.02.13	19:00:00	2913.84	2919.07	2913.50	2918.92	5567	0	19
2025.02.13	20:00:00	2918.96	2925.28	2914.25	2924.03	6373	0	20
2025.02.13	21:00:00	2924.01	2927.34	2923.87	2926.85	4901	0	20
2025.02.13	22:00:00	2926.86	2928.85	2924.75	2928.42	5577	0	20
2025.02.13	23:00:00	2928.52	2929.30	2928.07	2928.98	1714	0	23
2025.02.14	01:00:00	2928.10	2932.26	2927.45	2931.09	2135	0	23
2025.02.14	02:00:00	2931.00	2931.44	2927.45	2927.79	3351	0	23
2025.02.14	03:00:00	2927.79	2933.75	2927.79	2929.90	6973	0	23
2025.02.14	04:00:00	2929.91	2930.51	2925.95	2927.31	6004	0	23
2025.02.14	05:00:00	2927.24	2930.33	2923.25	2924.41	4534	0	23
2025.02.14	06:00:00	2924.41	2929.10	2923.84	2928.40	3262	0	23
2025.02.14	07:00:00	2928.40	2932.39	2926.65	2930.90	5064	0	23
2025.02.14	08:00:00	2930.88	2936.78	2929.86	2934.31	7066	0	23
2025.02.14	09:00:00	2934.20	2935.13	2930.59	2931.83	5831	0	19
2025.02.14	10:00:00	2931.82	2938.51	2930.82	2935.26	6441	0	19
2025.02.14	11:00:00	2935.11	2938.79	2934.11	2935.05	5611	0	19
2025.02.14	12:00:00	2935.15	2940.01	2934.19	2935.82	5807	0	19
2025.02.14	13:00:00	2935.84	2937.54	2929.29	2931.07	4966	0	19
2025.02.14	14:00:00	2931.10	2933.08	2927.79	2930.72	6151	0	19
2025.02.14	15:00:00	2930.78	2933.22	2917.63	2920.48	10724	0	21
2025.02.14	16:00:00	2920.50	2928.32	2914.33	2921.12	11562	0	19
2025.02.14	17:00:00	2921.02	2921.80	2892.94	2901.88	12116	0	19
2025.02.14	18:00:00	2901.92	2903.83	2888.53	2895.96	10481	0	19
2025.02.14	19:00:00	2896.08	2897.48	2885.43	2886.96	8476	0	20
2025.02.14	20:00:00	2887.15	2887.94	2882.16	2883.81	7144	0	20
2025.02.14	21:00:00	2883.95	2885.98	2878.81	2880.55	5095	0	20
2025.02.14	22:00:00	2880.55	2886.19	2877.03	2885.33	6334	0	20
2025.02.14	23:00:00	2885.32	2885.62	2882.27	2882.91	2388	0	23
2025.02.17	01:00:00	2893.49	2893.82	2878.81	2879.15	4602	0	25
2025.02.17	02:00:00	2879.13	2887.99	2879.13	2883.48	3317	0	24
2025.02.17	03:00:00	2883.48	2896.56	2882.56	2895.54	6920	0	23
2025.02.17	04:00:00	2895.54	2899.76	2893.93	2899.19	5347	0	23
2025.02.17	05:00:00	2899.28	2904.64	2897.78	2903.60	4613	0	23
2025.02.17	06:00:00	2903.47	2904.90	2898.44	2899.28	3848	0	23
2025.02.17	07:00:00	2899.28	2905.23	2896.04	2896.12	5110	0	23
2025.02.17	08:00:00	2896.13	2897.64	2888.28	2896.46	5936	0	23
2025.02.17	09:00:00	2896.51	2903.59	2896.51	2902.43	5341	0	19
2025.02.17	10:00:00	2902.42	2902.63	2895.09	2900.27	5594	0	13
2025.02.17	11:00:00	2900.26	2906.32	2900.26	2902.54	5475	0	19
2025.02.17	12:00:00	2902.54	2902.94	2895.51	2902.77	4936	0	19
2025.02.17	13:00:00	2902.82	2903.81	2897.74	2901.02	4288	0	19
2025.02.17	14:00:00	2901.05	2901.57	2895.34	2897.65	5257	0	19
2025.02.17	15:00:00	2897.62	2899.05	2895.55	2896.77	6411	0	19
2025.02.17	16:00:00	2896.76	2903.84	2896.44	2902.90	6321	0	19
2025.02.17	17:00:00	2902.98	2904.01	2897.89	2899.22	5369	0	19
2025.02.17	18:00:00	2899.21	2901.14	2896.51	2899.16	3667	0	19
2025.02.17	19:00:00	2899.17	2899.78	2898.00	2898.48	2979	0	20
2025.02.17	20:00:00	2898.48	2899.14	2897.05	2898.21	2253	0	20
2025.02.17	21:00:00	2898.19	2899.11	2896.82	2899.08	1292	0	20
2025.02.18	01:00:00	2898.94	2899.37	2897.08	2899.27	832	0	24
2025.02.18	02:00:00	2899.21	2900.21	2898.20	2899.07	1502	0	23
2025.02.18	03:00:00	2899.07	2899.80	2891.91	2895.72	4988	0	23
2025.02.18	04:00:00	2895.70	2905.03	2895.30	2903.09	5243	0	23
2025.02.18	05:00:00	2903.05	2910.71	2902.78	2909.00	5246	0	23
2025.02.18	06:00:00	2909.00	2910.95	2907.18	2910.80	2682	0	23
2025.02.18	07:00:00	2911.06	2915.66	2909.80	2910.65	4875	0	23
2025.02.18	08:00:00	2910.65	2914.39	2909.97	2913.69	3841	0	23
2025.02.18	09:00:00	2913.69	2915.25	2908.48	2911.54	4220	0	19
2025.02.18	10:00:00	2911.54	2913.29	2908.21	2912.32	4730	0	19
2025.02.18	11:00:00	2912.32	2913.36	2909.99	2912.70	3966	0	19
2025.02.18	12:00:00	2912.71	2913.47	2907.08	2911.32	4150	0	19
2025.02.18	13:00:00	2911.36	2914.77	2909.75	2914.13	3898	0	19
2025.02.18	14:00:00	2914.29	2918.81	2912.16	2918.12	5125	0	19
2025.02.18	15:00:00	2918.10	2921.23	2913.36	2918.73	7372	0	19
2025.02.18	16:00:00	2918.72	2928.64	2917.74	2927.83	8172	0	19
2025.02.18	17:00:00	2927.89	2929.63	2923.56	2927.32	7807	0	19
2025.02.18	18:00:00	2927.10	2933.65	2924.22	2932.83	6748	0	19
2025.02.18	19:00:00	2932.82	2933.57	2929.50	2931.07	4773	0	16
2025.02.18	20:00:00	2931.07	2933.62	2928.35	2933.22	4049	0	20
2025.02.18	21:00:00	2933.22	2936.82	2931.89	2935.64	4029	0	20
2025.02.18	22:00:00	2935.63	2936.61	2932.41	2933.41	3495	0	20
2025.02.18	23:00:00	2933.41	2935.44	2933.17	2935.44	1680	0	23
2025.02.19	01:00:00	2935.14	2935.38	2933.08	2934.01	911	0	23
2025.02.19	02:00:00	2934.01	2934.25	2928.10	2929.26	2162	0	23
2025.02.19	03:00:00	2929.22	2939.66	2927.88	2938.48	5557	0	23
2025.02.19	04:00:00	2938.48	2939.64	2924.00	2929.00	6116	0	23
2025.02.19	05:00:00	2929.15	2930.44	2924.87	2928.82	5052	0	23
2025.02.19	06:00:00	2928.82	2929.48	2926.46	2929.29	3597	0	18
2025.02.19	07:00:00	2929.29	2934.46	2927.91	2932.89	4319	0	23
2025.02.19	08:00:00	2932.83	2935.82	2930.77	2931.61	4669	0	23
2025.02.19	09:00:00	2931.61	2935.81	2930.34	2934.15	4687	0	19
2025.02.19	10:00:00	2934.17	2940.11	2933.73	2938.64	5831	0	19
2025.02.19	11:00:00	2938.65	2946.50	2938.22	2945.46	5173	0	19
2025.02.19	12:00:00	2945.47	2947.00	2942.59	2944.86	4673	0	19
2025.02.19	13:00:00	2944.86	2946.12	2934.07	2934.96	5218	0	19
2025.02.19	14:00:00	2934.96	2936.74	2931.31	2933.45	5827	0	19
2025.02.19	15:00:00	2933.41	2941.62	2932.43	2936.33	7900	0	19
2025.02.19	16:00:00	2936.34	2940.45	2930.16	2938.10	9749	0	19
2025.02.19	17:00:00	2938.00	2939.20	2925.41	2925.52	8360	0	19
2025.02.19	18:00:00	2925.67	2930.82	2922.41	2927.98	8074	0	19
2025.02.19	19:00:00	2927.98	2929.74	2921.40	2923.75	5773	0	20
2025.02.19	20:00:00	2923.73	2926.71	2918.61	2924.85	7095	0	20
2025.02.19	21:00:00	2923.68	2932.21	2923.24	2931.72	5548	0	20
2025.02.19	22:00:00	2931.67	2936.45	2931.39	2935.81	5892	0	20
2025.02.19	23:00:00	2935.79	2937.23	2932.18	2932.50	1980	0	23
2025.02.20	01:00:00	2933.64	2936.22	2933.64	2935.42	1053	0	23
2025.02.20	02:00:00	2935.41	2941.23	2935.41	2940.81	2655	0	23
2025.02.20	03:00:00	2940.84	2942.27	2934.64	2936.91	6596	0	23
2025.02.20	04:00:00	2936.90	2941.65	2933.82	2940.97	5746	0	23
2025.02.20	05:00:00	2940.97	2944.05	2940.55	2941.86	3492	0	23
2025.02.20	06:00:00	2941.87	2942.56	2939.36	2939.79	2651	0	23
2025.02.20	07:00:00	2939.79	2946.82	2939.18	2946.81	3537	0	23
2025.02.20	08:00:00	2946.81	2948.94	2943.89	2947.70	4393	0	23
2025.02.20	09:00:00	2947.73	2954.08	2946.36	2948.92	5015	0	21
2025.02.20	10:00:00	2949.02	2954.80	2948.96	2954.46	4886	0	19
2025.02.20	11:00:00	2954.48	2954.83	2949.75	2951.43	4585	0	19
2025.02.20	12:00:00	2951.43	2954.78	2949.18	2952.17	5604	0	19
2025.02.20	13:00:00	2952.24	2952.89	2947.18	2948.69	4431	0	19
2025.02.20	14:00:00	2948.66	2950.81	2938.79	2945.57	6905	0	19
2025.02.20	15:00:00	2945.53	2947.55	2933.83	2934.01	9159	0	19
2025.02.20	16:00:00	2933.84	2939.86	2924.06	2935.03	10719	0	19
2025.02.20	17:00:00	2934.84	2939.55	2931.68	2938.42	8700	0	19
2025.02.20	18:00:00	2938.46	2945.58	2935.94	2943.03	6893	0	19
2025.02.20	19:00:00	2942.83	2946.95	2940.07	2940.47	5628	0	20
2025.02.20	20:00:00	2940.30	2942.36	2937.36	2941.72	6197	0	20
2025.02.20	21:00:00	2941.83	2941.85	2933.55	2937.88	5309	0	20
2025.02.20	22:00:00	2937.98	2938.75	2935.46	2937.88	4572	0	20
2025.02.20	23:00:00	2937.75	2940.19	2937.37	2938.83	1986	0	23
2025.02.21	01:00:00	2939.55	2943.20	2938.53	2941.52	1330	0	23
2025.02.21	02:00:00	2941.54	2942.73	2937.15	2940.04	2497	0	23
2025.02.21	03:00:00	2940.04	2949.70	2926.82	2928.83	7898	0	23
2025.02.21	04:00:00	2928.83	2941.04	2926.46	2939.18	6579	0	23
2025.02.21	05:00:00	2939.18	2939.72	2927.11	2931.17	6117	0	23
2025.02.21	06:00:00	2931.12	2932.24	2926.57	2928.44	4189	0	23
2025.02.21	07:00:00	2928.41	2934.04	2924.16	2930.16	5424	0	23
2025.02.21	08:00:00	2930.07	2931.48	2925.51	2929.64	5233	0	23
2025.02.21	09:00:00	2929.66	2933.00	2929.06	2929.99	3732	0	20
2025.02.21	10:00:00	2929.81	2931.26	2916.68	2923.26	6531	0	19
2025.02.21	11:00:00	2923.15	2929.60	2923.10	2929.30	4692	0	19
2025.02.21	12:00:00	2929.30	2931.02	2928.83	2930.54	3278	0	19
2025.02.21	13:00:00	2930.54	2936.09	2927.99	2928.33	4087	0	19
2025.02.21	14:00:00	2928.33	2935.15	2927.56	2930.04	4846	0	19
2025.02.21	15:00:00	2930.04	2934.62	2926.89	2930.92	7476	0	19
2025.02.21	16:00:00	2930.88	2938.99	2928.15	2933.71	8020	0	19
2025.02.21	17:00:00	2933.69	2935.66	2921.42	2928.63	9261	0	19
2025.02.21	18:00:00	2928.67	2938.45	2927.32	2936.68	6370	0	19
2025.02.21	19:00:00	2936.67	2941.64	2936.03	2939.67	5021	0	20
2025.02.21	20:00:00	2939.67	2942.82	2937.66	2941.77	5407	0	20
2025.02.21	21:00:00	2941.83	2942.64	2932.93	2933.41	4813	0	20
2025.02.21	22:00:00	2933.34	2937.20	2932.42	2934.67	4241	0	20
2025.02.21	23:00:00	2934.63	2937.98	2932.04	2935.38	1789	0	23
2025.02.24	01:00:00	2939.55	2940.38	2936.51	2936.81	3285	0	23
2025.02.24	02:00:00	2936.81	2937.95	2929.54	2930.07	4070	0	23
2025.02.24	03:00:00	2930.11	2931.33	2921.32	2928.02	8273	0	23
2025.02.24	04:00:00	2927.81	2940.93	2924.98	2940.83	6667	0	23
2025.02.24	05:00:00	2940.77	2944.67	2939.78	2941.15	6233	0	23
2025.02.24	06:00:00	2941.19	2942.95	2937.13	2940.78	4485	0	23
2025.02.24	07:00:00	2941.01	2942.22	2935.50	2936.23	4436	0	23
2025.02.24	08:00:00	2936.18	2941.84	2935.17	2938.56	3816	0	23
2025.02.24	09:00:00	2938.56	2944.91	2938.21	2943.83	4307	0	19
2025.02.24	10:00:00	2944.23	2948.65	2938.14	2946.29	5705	0	19
2025.02.24	11:00:00	2946.26	2948.19	2942.79	2944.26	4937	0	19
2025.02.24	12:00:00	2944.29	2944.68	2934.95	2938.29	4090	0	20
2025.02.24	13:00:00	2938.33	2948.20	2937.69	2947.74	4686	0	19
2025.02.24	14:00:00	2947.71	2951.05	2945.36	2946.50	4882	0	20
2025.02.24	15:00:00	2946.49	2954.59	2946.28	2954.44	7324	0	19
2025.02.24	16:00:00	2954.46	2956.15	2934.73	2938.74	9660	0	19
2025.02.24	17:00:00	2938.52	2940.46	2930.76	2936.45	9881	0	19
2025.02.24	18:00:00	2936.46	2943.55	2936.44	2943.36	7109	0	19
2025.02.24	19:00:00	2943.36	2944.72	2941.01	2943.24	6290	0	19
2025.02.24	20:00:00	2943.29	2948.02	2942.73	2947.33	4909	0	20
2025.02.24	21:00:00	2947.34	2949.83	2946.76	2949.13	4168	0	20
2025.02.24	22:00:00	2949.14	2951.43	2946.94	2950.47	3807	0	20
2025.02.24	23:00:00	2950.51	2952.92	2950.24	2951.37	1771	0	23
2025.02.25	01:00:00	2952.82	2953.26	2948.21	2950.02	2543	0	23
2025.02.25	02:00:00	2950.07	2952.49	2948.19	2949.58	2451	0	23
2025.02.25	03:00:00	2949.71	2952.37	2945.23	2949.58	6832	0	23
2025.02.25	04:00:00	2949.53	2952.12	2946.96	2948.58	5136	0	23
2025.02.25	05:00:00	2948.60	2949.48	2937.42	2939.46	6144	0	23
2025.02.25	06:00:00	2939.46	2939.73	2934.95	2936.80	3739	0	23
2025.02.25	07:00:00	2936.80	2940.95	2936.64	2937.93	4461	0	23
2025.02.25	08:00:00	2937.73	2938.42	2933.39	2935.79	4636	0	23
2025.02.25	09:00:00	2935.75	2940.42	2930.61	2931.65	6505	0	19
2025.02.25	10:00:00	2931.70	2942.38	2929.46	2941.62	6310	0	19
2025.02.25	11:00:00	2941.40	2942.35	2937.40	2938.87	4880	0	19
2025.02.25	12:00:00	2938.84	2941.52	2937.40	2937.48	4761	0	19
2025.02.25	13:00:00	2937.54	2940.62	2937.00	2938.63	4336	0	19
2025.02.25	14:00:00	2938.63	2941.28	2924.00	2928.61	7625	0	19
2025.02.25	15:00:00	2928.82	2937.92	2926.10	2937.48	8990	0	19
2025.02.25	16:00:00	2937.48	2944.80	2931.95	2932.56	8537	0	17
2025.02.25	17:00:00	2932.56	2934.80	2900.41	2905.86	12439	0	19
2025.02.25	18:00:00	2905.81	2906.84	2888.22	2896.33	10283	0	20
2025.02.25	19:00:00	2896.33	2908.92	2893.64	2907.62	7081	0	20
2025.02.25	20:00:00	2907.63	2912.18	2905.38	2909.49	6231	0	20
2025.02.25	21:00:00	2909.47	2913.77	2905.74	2912.02	4801	0	20
2025.02.25	22:00:00	2911.83	2913.30	2910.79	2912.68	4899	0	20
2025.02.25	23:00:00	2912.64	2917.14	2912.56	2915.04	2876	0	23
2025.02.26	01:00:00	2915.91	2918.90	2913.62	2918.55	2507	0	23
2025.02.26	02:00:00	2918.53	2926.20	2918.53	2923.50	3968	0	23
2025.02.26	03:00:00	2923.50	2930.10	2915.25	2917.86	6885	0	23
2025.02.26	04:00:00	2917.86	2923.05	2914.66	2920.96	5770	0	23
2025.02.26	05:00:00	2920.96	2921.59	2916.40	2917.07	3201	0	23
2025.02.26	06:00:00	2917.03	2918.87	2912.63	2914.88	2994	0	23
2025.02.26	07:00:00	2914.88	2921.08	2914.62	2915.36	4080	0	23
2025.02.26	08:00:00	2915.28	2916.18	2906.69	2906.71	4633	0	23
2025.02.26	09:00:00	2906.57	2917.41	2905.77	2915.41	5932	0	19
2025.02.26	10:00:00	2915.37	2918.38	2909.51	2917.97	5627	0	19
2025.02.26	11:00:00	2918.00	2918.96	2912.13	2913.03	4570	0	19
2025.02.26	12:00:00	2913.20	2916.78	2910.83	2912.66	4539	0	19
2025.02.26	13:00:00	2912.66	2915.37	2912.06	2913.80	3269	0	20
2025.02.26	14:00:00	2913.82	2915.44	2910.03	2913.83	4461	0	20
2025.02.26	15:00:00	2913.83	2914.97	2905.48	2905.85	7547	0	20
2025.02.26	16:00:00	2905.83	2906.16	2890.73	2901.42	10888	0	20
2025.02.26	17:00:00	2901.42	2914.28	2898.50	2913.22	8003	0	20
2025.02.26	18:00:00	2913.52	2916.62	2909.87	2913.03	6555	0	20
2025.02.26	19:00:00	2913.03	2916.18	2910.35	2913.83	5878	0	21
2025.02.26	20:00:00	2913.71	2916.10	2912.35	2914.87	4716	0	21
2025.02.26	21:00:00	2914.90	2916.28	2913.31	2913.85	3396	0	21
2025.02.26	22:00:00	2913.82	2916.64	2911.96	2916.35	4279	0	21
2025.02.26	23:00:00	2916.15	2918.61	2915.98	2916.53	2346	0	21
2025.02.27	01:00:00	2915.57	2920.72	2915.53	2919.21	1512	0	23
2025.02.27	02:00:00	2919.21	2919.21	2915.86	2917.08	2339	0	24
2025.02.27	03:00:00	2917.13	2918.27	2910.95	2912.57	6067	0	24
2025.02.27	04:00:00	2912.57	2914.80	2904.20	2906.64	5601	0	24
2025.02.27	05:00:00	2906.80	2909.08	2905.16	2905.58	4227	0	24
2025.02.27	06:00:00	2905.56	2906.37	2896.20	2897.25	4453	0	24
2025.02.27	07:00:00	2897.33	2898.42	2888.60	2890.80	7172	0	24
2025.02.27	08:00:00	2890.76	2898.31	2890.60	2894.14	6572	0	24
2025.02.27	09:00:00	2894.15	2896.65	2887.96	2891.99	6276	0	20
2025.02.27	10:00:00	2891.93	2892.14	2880.62	2881.34	7268	0	20
2025.02.27	11:00:00	2881.27	2893.48	2876.93	2887.42	6502	0	20
2025.02.27	12:00:00	2887.42	2895.05	2886.62	2892.18	4570	0	20
2025.02.27	13:00:00	2892.18	2894.96	2883.44	2883.99	5497	0	20
2025.02.27	14:00:00	2884.07	2888.72	2883.11	2885.01	6265	0	20
2025.02.27	15:00:00	2884.95	2892.07	2881.10	2888.92	9566	0	20
2025.02.27	16:00:00	2888.65	2892.26	2867.73	2872.33	10131	0	20
2025.02.27	17:00:00	2872.76	2882.45	2870.46	2872.20	10054	0	20
2025.02.27	18:00:00	2872.23	2878.06	2871.86	2877.31	7030	0	20
2025.02.27	19:00:00	2877.47	2883.72	2876.03	2883.12	5974	0	21
2025.02.27	20:00:00	2883.12	2887.28	2882.84	2887.23	4788	0	21
2025.02.27	21:00:00	2887.31	2887.60	2877.26	2879.21	5446	0	22
2025.02.27	22:00:00	2879.22	2879.31	2872.77	2873.85	6911	0	21
2025.02.27	23:00:00	2873.88	2877.87	2871.26	2877.17	2354	0	23
2025.02.28	01:00:00	2876.50	2878.33	2874.92	2875.93	1517	0	23
2025.02.28	02:00:00	2875.93	2880.18	2874.84	2876.86	2788	0	24
2025.02.28	03:00:00	2876.86	2885.05	2873.75	2874.72	7449	0	24
2025.02.28	04:00:00	2874.63	2877.81	2870.32	2873.28	6879	0	24
2025.02.28	05:00:00	2873.27	2876.16	2863.47	2865.70	6129	0	24
2025.02.28	06:00:00	2865.70	2866.00	2856.94	2863.38	5880	0	24
2025.02.28	07:00:00	2863.40	2866.98	2861.72	2864.08	5465	0	24
2025.02.28	08:00:00	2864.28	2866.47	2861.91	2863.64	5801	0	24
2025.02.28	09:00:00	2863.53	2865.13	2857.40	2858.63	5873	0	20
2025.02.28	10:00:00	2858.64	2860.37	2850.97	2856.06	6438	0	20
2025.02.28	11:00:00	2855.95	2864.28	2855.88	2862.35	5538	0	20
2025.02.28	12:00:00	2862.35	2864.87	2860.66	2862.82	3739	0	20
2025.02.28	13:00:00	2862.82	2863.70	2859.06	2862.26	3764	0	20
2025.02.28	14:00:00	2862.28	2864.91	2854.28	2856.25	5338	0	20
2025.02.28	15:00:00	2856.27	2862.19	2848.23	2848.39	8365	0	23
2025.02.28	16:00:00	2848.42	2851.70	2833.35	2833.85	10069	0	23
2025.02.28	17:00:00	2833.74	2850.69	2832.58	2850.12	9920	0	23
2025.02.28	18:00:00	2850.36	2853.81	2846.23	2848.59	7149	0	23
2025.02.28	19:00:00	2848.59	2851.48	2844.56	2844.98	5282	0	24
2025.02.28	20:00:00	2845.12	2847.68	2838.02	2845.20	6472	0	24
2025.02.28	21:00:00	2845.25	2850.79	2844.02	2849.57	4854	0	24
2025.02.28	22:00:00	2849.46	2854.98	2847.65	2854.61	5425	0	24
2025.02.28	23:00:00	2854.58	2858.73	2853.12	2858.42	2171	0	27
2025.03.03	01:00:00	2873.06	2876.68	2864.30	2870.87	4946	0	28
2025.03.03	02:00:00	2870.84	2871.17	2865.30	2865.71	4638	0	27
2025.03.03	03:00:00	2865.73	2871.90	2864.08	2870.85	6727	0	27
2025.03.03	04:00:00	2870.85	2871.98	2867.73	2868.18	4635	0	27
2025.03.03	05:00:00	2868.15	2868.15	2859.35	2864.73	5987	0	27
2025.03.03	06:00:00	2864.73	2868.42	2863.01	2867.23	3005	0	27
2025.03.03	07:00:00	2867.23	2867.32	2861.28	2863.81	4189	0	27
2025.03.03	08:00:00	2863.78	2865.98	2861.70	2865.42	4936	0	27
2025.03.03	09:00:00	2865.66	2866.28	2860.07	2863.30	4044	0	21
2025.03.03	10:00:00	2863.44	2868.77	2858.88	2868.62	6417	0	23
2025.03.03	11:00:00	2868.71	2871.49	2864.30	2867.33	5649	0	23
2025.03.03	12:00:00	2867.33	2873.50	2867.10	2871.78	4368	0	23
2025.03.03	13:00:00	2871.79	2875.36	2871.18	2874.35	3744	0	23
2025.03.03	14:00:00	2874.35	2877.58	2873.95	2875.56	4391	0	23
2025.03.03	15:00:00	2875.56	2876.21	2868.89	2872.56	7346	0	23
2025.03.03	16:00:00	2872.56	2882.88	2871.24	2877.05	7540	0	23
2025.03.03	17:00:00	2877.14	2890.30	2873.75	2887.78	9345	0	23
2025.03.03	18:00:00	2887.88	2892.98	2886.03	2891.37	6452	0	23
2025.03.03	19:00:00	2891.23	2892.88	2887.29	2890.80	5493	0	24
2025.03.03	20:00:00	2890.82	2892.36	2886.52	2889.91	5887	0	24
2025.03.03	21:00:00	2889.91	2891.26	2879.69	2881.47	5760	0	24
2025.03.03	22:00:00	2881.47	2891.34	2878.30	2890.38	7046	0	24
2025.03.03	23:00:00	2890.53	2895.13	2890.13	2893.70	2481	0	27
2025.03.04	01:00:00	2892.68	2893.26	2890.51	2890.82	1463	0	29
2025.03.04	02:00:00	2890.82	2893.70	2890.07	2891.73	2771	0	27
2025.03.04	03:00:00	2891.73	2892.94	2881.81	2888.17	6226	0	27
2025.03.04	04:00:00	2888.17	2889.28	2884.74	2885.42	4474	0	27
2025.03.04	05:00:00	2885.42	2893.03	2884.94	2888.53	3918	0	27
2025.03.04	06:00:00	2888.44	2892.60	2886.66	2891.20	3223	0	27
2025.03.04	07:00:00	2891.03	2894.28	2888.36	2889.61	4430	0	27
2025.03.04	08:00:00	2889.61	2889.82	2884.33	2887.31	4246	0	27
2025.03.04	09:00:00	2887.42	2901.32	2886.96	2899.89	5569	0	23
2025.03.04	10:00:00	2899.77	2918.64	2896.61	2914.00	7441	0	23
2025.03.04	11:00:00	2914.16	2921.20	2912.54	2918.04	5424	0	23
2025.03.04	12:00:00	2917.95	2918.00	2912.01	2914.64	4986	0	23
2025.03.04	13:00:00	2914.64	2921.70	2912.91	2919.81	4608	0	23
2025.03.04	14:00:00	2919.83	2925.42	2918.59	2924.68	5850	0	23
2025.03.04	15:00:00	2924.72	2927.74	2919.80	2922.45	8531	0	23
2025.03.04	16:00:00	2922.53	2922.97	2903.32	2903.48	9440	0	23
2025.03.04	17:00:00	2903.20	2912.24	2900.53	2905.98	9818	0	23
2025.03.04	18:00:00	2905.98	2915.92	2903.63	2915.01	7647	0	23
2025.03.04	19:00:00	2915.16	2916.33	2911.03	2911.55	5695	0	24
2025.03.04	20:00:00	2911.54	2915.21	2908.16	2911.27	4831	0	24
2025.03.04	21:00:00	2911.29	2916.37	2911.20	2916.08	5012	0	24
2025.03.04	22:00:00	2916.07	2920.41	2914.27	2917.19	5884	0	24
2025.03.04	23:00:00	2917.28	2918.42	2913.26	2917.32	3005	0	25
2025.03.05	01:00:00	2917.70	2917.75	2914.21	2914.30	1257	0	27
2025.03.05	02:00:00	2914.30	2917.12	2912.13	2914.04	3074	0	27
2025.03.05	03:00:00	2914.04	2915.06	2903.39	2907.13	7345	0	27
2025.03.05	04:00:00	2907.12	2914.53	2901.94	2904.24	6643	0	27
2025.03.05	05:00:00	2904.25	2913.46	2903.42	2908.57	5166	0	27
2025.03.05	06:00:00	2908.54	2912.60	2908.42	2910.37	2818	0	27
2025.03.05	07:00:00	2910.36	2918.80	2909.88	2918.73	3988	0	27
2025.03.05	08:00:00	2918.68	2921.63	2913.38	2916.99	4925	0	27
2025.03.05	09:00:00	2917.02	2919.80	2912.98	2918.05	6132	0	23
2025.03.05	10:00:00	2917.78	2921.89	2916.77	2919.90	6784	0	23
2025.03.05	11:00:00	2919.91	2922.47	2913.31	2918.91	6380	0	23
2025.03.05	12:00:00	2918.91	2919.14	2908.89	2913.30	5952	0	23
2025.03.05	13:00:00	2913.30	2917.18	2911.88	2913.14	5521	0	23
2025.03.05	14:00:00	2913.14	2919.14	2912.32	2916.06	6015	0	23
2025.03.05	15:00:00	2916.13	2916.41	2894.28	2899.92	9835	0	23
2025.03.05	16:00:00	2899.85	2917.08	2897.64	2911.57	10461	0	24
2025.03.05	17:00:00	2909.78	2923.75	2907.92	2917.12	10827	0	25
2025.03.05	18:00:00	2917.21	2929.83	2915.19	2923.78	8579	0	23
2025.03.05	19:00:00	2923.78	2925.17	2913.58	2915.87	7722	0	24
2025.03.05	20:00:00	2915.91	2920.57	2911.18	2917.43	7042	0	24
2025.03.05	21:00:00	2917.48	2921.29	2916.22	2920.39	5570	0	24
2025.03.05	22:00:00	2920.39	2922.94	2919.46	2921.83	5188	0	24
2025.03.05	23:00:00	2922.10	2922.28	2917.49	2918.43	1625	0	27
2025.03.06	01:00:00	2918.34	2918.94	2916.77	2918.29	1153	0	27
2025.03.06	02:00:00	2918.29	2920.16	2916.43	2916.62	2176	0	27
2025.03.06	03:00:00	2916.62	2925.63	2915.81	2924.62	5846	0	27
2025.03.06	04:00:00	2924.61	2926.48	2922.83	2925.51	4444	0	27
2025.03.06	05:00:00	2925.51	2925.54	2920.02	2921.13	3363	0	27
2025.03.06	06:00:00	2921.13	2921.38	2916.30	2917.28	2665	0	27
2025.03.06	07:00:00	2917.28	2920.59	2914.56	2919.82	4194	0	27
2025.03.06	08:00:00	2919.82	2922.90	2919.80	2920.45	4219	0	27
2025.03.06	09:00:00	2920.45	2922.39	2909.74	2909.82	7436	0	23
2025.03.06	10:00:00	2910.04	2911.43	2901.02	2904.73	8215	0	23
2025.03.06	11:00:00	2904.73	2905.34	2891.22	2894.14	7716	0	23
2025.03.06	12:00:00	2894.14	2905.14	2891.91	2899.19	7787	0	23
2025.03.06	13:00:00	2899.17	2907.64	2898.57	2905.77	6216	0	23
2025.03.06	14:00:00	2905.71	2907.08	2899.24	2903.18	6847	0	21
2025.03.06	15:00:00	2902.98	2909.27	2900.78	2904.48	9118	0	23
2025.03.06	16:00:00	2904.47	2916.59	2903.38	2915.18	9354	0	23
2025.03.06	17:00:00	2915.29	2922.62	2909.15	2914.44	9809	0	23
2025.03.06	18:00:00	2914.49	2918.41	2912.53	2917.08	7247	0	23
2025.03.06	19:00:00	2917.08	2921.31	2914.30	2915.29	6287	0	24
2025.03.06	20:00:00	2915.35	2920.55	2913.75	2916.18	5599	0	24
2025.03.06	21:00:00	2916.18	2917.65	2912.26	2913.92	5182	0	24
2025.03.06	22:00:00	2913.90	2916.48	2908.39	2908.75	5093	0	24
2025.03.06	23:00:00	2908.75	2911.47	2908.33	2910.21	1770	0	27
2025.03.07	01:00:00	2912.61	2913.50	2909.88	2910.24	2110	0	27
2025.03.07	02:00:00	2910.13	2910.16	2896.79	2904.54	4960	0	27
2025.03.07	03:00:00	2904.61	2910.15	2901.42	2906.81	7345	0	27
2025.03.07	04:00:00	2906.76	2909.05	2901.10	2907.96	7091	0	27
2025.03.07	05:00:00	2907.89	2908.98	2903.82	2905.30	4973	0	27
2025.03.07	06:00:00	2905.24	2908.22	2904.69	2906.57	3945	0	27
2025.03.07	07:00:00	2906.57	2912.45	2906.39	2909.51	5472	0	27
2025.03.07	08:00:00	2909.51	2914.76	2907.70	2913.42	5283	0	27
2025.03.07	09:00:00	2913.48	2917.28	2911.58	2917.14	4783	0	23
2025.03.07	10:00:00	2917.23	2922.95	2915.16	2922.37	5870	0	23
2025.03.07	11:00:00	2922.37	2922.94	2920.18	2921.52	4856	0	23
2025.03.07	12:00:00	2921.51	2921.84	2917.00	2917.94	5383	0	23
2025.03.07	13:00:00	2917.94	2922.02	2916.75	2918.75	5247	0	23
2025.03.07	14:00:00	2918.95	2922.72	2918.00	2918.54	5786	0	23
2025.03.07	15:00:00	2918.42	2926.16	2909.73	2913.67	10464	0	25
2025.03.07	16:00:00	2913.60	2928.60	2903.92	2926.74	10217	0	23
2025.03.07	17:00:00	2926.74	2930.35	2908.57	2915.76	9728	0	23
2025.03.07	18:00:00	2915.72	2919.32	2911.60	2913.98	7909	0	23
2025.03.07	19:00:00	2913.98	2916.13	2905.00	2908.24	7592	0	23
2025.03.07	20:00:00	2908.22	2908.71	2901.95	2906.52	7313	0	24
2025.03.07	21:00:00	2906.52	2909.48	2904.60	2905.23	5521	0	24
2025.03.07	22:00:00	2905.19	2911.17	2904.78	2909.57	5945	0	24
2025.03.07	23:00:00	2909.62	2911.76	2908.39	2911.17	1563	0	27
2025.03.10	01:00:00	2912.26	2915.08	2909.62	2911.91	2854	0	24
2025.03.10	02:00:00	2911.91	2916.82	2911.40	2916.11	2758	0	23
2025.03.10	03:00:00	2916.11	2917.94	2913.06	2913.86	4443	0	23
2025.03.10	04:00:00	2913.86	2918.23	2911.23	2911.99	5892	0	20
2025.03.10	05:00:00	2911.99	2914.48	2909.53	2911.45	4762	0	23
2025.03.10	06:00:00	2911.35	2913.59	2908.16	2910.87	4373	0	23
2025.03.10	07:00:00	2910.89	2912.57	2910.12	2910.87	2780	0	23
2025.03.10	08:00:00	2910.97	2911.89	2906.84	2909.87	4060	0	23
2025.03.10	09:00:00	2909.88	2914.62	2909.32	2914.40	4665	0	19
2025.03.10	10:00:00	2914.36	2915.39	2904.36	2908.34	6028	0	19
2025.03.10	11:00:00	2908.31	2910.59	2897.58	2897.82	7507	0	19
2025.03.10	12:00:00	2897.74	2915.40	2896.76	2911.19	6850	0	19
2025.03.10	13:00:00	2911.12	2911.15	2898.29	2902.99	6257	0	19
2025.03.10	14:00:00	2903.11	2904.72	2895.46	2904.10	6747	0	19
2025.03.10	15:00:00	2904.09	2907.73	2900.24	2906.76	8417	0	19
2025.03.10	16:00:00	2906.76	2908.35	2897.60	2903.66	9835	0	19
2025.03.10	17:00:00	2903.69	2909.10	2901.03	2907.99	10428	0	19
2025.03.10	18:00:00	2908.19	2910.49	2900.47	2904.48	8667	0	19
2025.03.10	19:00:00	2904.45	2906.86	2895.82	2895.93	7108	0	20
2025.03.10	20:00:00	2895.93	2896.10	2882.81	2886.00	8357	0	20
2025.03.10	21:00:00	2886.06	2889.63	2880.35	2885.54	7052	0	20
2025.03.10	22:00:00	2885.29	2891.01	2880.18	2885.20	6535	0	20
2025.03.10	23:00:00	2885.39	2888.92	2884.32	2888.09	1650	0	23
2025.03.11	01:00:00	2889.33	2889.60	2884.01	2884.70	1840	0	23
2025.03.11	02:00:00	2884.67	2885.80	2882.21	2884.72	2205	0	23
2025.03.11	03:00:00	2884.73	2888.58	2884.21	2887.18	4889	0	23
2025.03.11	04:00:00	2887.38	2890.97	2880.27	2890.57	6771	0	23
2025.03.11	05:00:00	2890.55	2900.46	2889.75	2898.99	6006	0	23
2025.03.11	06:00:00	2898.99	2899.34	2895.00	2896.85	4184	0	23
2025.03.11	07:00:00	2896.84	2898.55	2895.34	2897.65	2417	0	23
2025.03.11	08:00:00	2897.65	2899.04	2892.60	2895.82	4119	0	23
2025.03.11	09:00:00	2895.82	2902.76	2893.44	2902.26	5570	0	19
2025.03.11	10:00:00	2902.26	2903.61	2897.53	2901.10	5283	0	19
2025.03.11	11:00:00	2901.12	2910.48	2900.48	2910.04	5610	0	19
2025.03.11	12:00:00	2910.04	2912.39	2908.84	2911.67	5435	0	19
2025.03.11	13:00:00	2911.67	2914.48	2910.84	2911.98	4331	0	19
2025.03.11	14:00:00	2911.93	2915.35	2910.61	2913.58	4721	0	19
2025.03.11	15:00:00	2913.58	2915.87	2910.45	2913.04	6064	0	19
2025.03.11	16:00:00	2913.05	2921.98	2906.89	2918.02	9078	0	21
2025.03.11	17:00:00	2917.96	2920.61	2911.76	2914.15	8973	0	21
2025.03.11	18:00:00	2914.07	2919.77	2913.93	2916.75	7840	0	21
2025.03.11	19:00:00	2916.77	2918.01	2915.03	2917.15	5407	0	21
2025.03.11	20:00:00	2917.17	2920.55	2914.10	2917.68	5605	0	21
2025.03.11	21:00:00	2917.68	2919.54	2915.11	2918.23	4295	0	21
2025.03.11	22:00:00	2918.17	2921.24	2917.47	2918.33	5135	0	21
2025.03.11	23:00:00	2918.31	2918.96	2915.62	2915.85	1737	0	23
2025.03.12	01:00:00	2915.19	2918.02	2914.35	2917.51	1951	0	24
2025.03.12	02:00:00	2917.50	2919.64	2915.28	2915.40	1601	0	24
2025.03.12	03:00:00	2915.44	2915.44	2912.03	2914.21	2840	0	24
2025.03.12	04:00:00	2914.24	2917.30	2910.74	2914.85	5141	0	24
2025.03.12	05:00:00	2914.73	2918.23	2913.90	2916.24	3895	0	21
2025.03.12	06:00:00	2916.24	2919.92	2914.71	2914.76	3459	0	24
2025.03.12	07:00:00	2914.76	2916.02	2912.56	2914.81	2682	0	24
2025.03.12	08:00:00	2914.86	2916.45	2912.06	2915.96	4283	0	24
2025.03.12	09:00:00	2915.96	2921.16	2911.28	2911.79	5709	0	21
2025.03.12	10:00:00	2911.84	2915.64	2908.91	2914.45	6141	0	21
2025.03.12	11:00:00	2914.48	2922.15	2914.01	2922.15	6822	0	21
2025.03.12	12:00:00	2922.15	2925.28	2913.58	2914.68	6214	0	21
2025.03.12	13:00:00	2914.44	2916.94	2912.74	2914.35	4833	0	21
2025.03.12	14:00:00	2914.32	2916.71	2912.58	2915.17	4979	0	21
2025.03.12	15:00:00	2915.28	2923.16	2912.13	2917.44	8226	0	21
2025.03.12	16:00:00	2917.34	2918.72	2906.03	2915.69	10472	0	21
2025.03.12	17:00:00	2915.67	2922.47	2914.26	2921.93	8926	0	21
2025.03.12	18:00:00	2921.89	2929.10	2921.40	2928.43	8348	0	21
2025.03.12	19:00:00	2928.43	2939.04	2927.86	2936.35	8405	0	21
2025.03.12	20:00:00	2936.02	2940.40	2935.93	2936.14	6275	0	21
2025.03.12	21:00:00	2936.14	2937.38	2933.70	2935.09	4807	0	21
2025.03.12	22:00:00	2935.10	2935.56	2930.98	2931.40	5305	0	21
2025.03.12	23:00:00	2931.40	2934.14	2930.82	2932.56	1566	0	24
2025.03.13	01:00:00	2934.97	2938.98	2934.01	2938.19	1819	0	24
2025.03.13	02:00:00	2938.19	2939.37	2934.66	2937.95	2492	0	24
2025.03.13	03:00:00	2937.98	2939.28	2937.56	2938.62	2176	0	24
2025.03.13	04:00:00	2938.63	2941.43	2936.37	2937.81	5003	0	24
2025.03.13	05:00:00	2937.81	2945.88	2937.44	2944.23	4851	0	24
2025.03.13	06:00:00	2944.22	2947.03	2942.91	2945.60	3709	0	24
2025.03.13	07:00:00	2945.60	2946.25	2943.40	2944.61	3110	0	24
2025.03.13	08:00:00	2944.61	2945.06	2938.16	2940.02	4707	0	24
2025.03.13	09:00:00	2940.02	2940.27	2935.38	2936.86	5073	0	21
2025.03.13	10:00:00	2936.66	2938.10	2932.85	2935.17	5068	0	21
2025.03.13	11:00:00	2935.21	2944.89	2934.76	2941.47	5763	0	21
2025.03.13	12:00:00	2941.32	2948.78	2940.99	2947.67	5140	0	21
2025.03.13	13:00:00	2947.68	2948.57	2941.97	2944.01	4742	0	21
2025.03.13	14:00:00	2944.08	2948.64	2944.08	2946.24	5506	0	21
2025.03.13	15:00:00	2946.24	2949.11	2940.99	2942.38	8435	0	21
2025.03.13	16:00:00	2942.40	2952.40	2939.11	2950.35	9511	0	21
2025.03.13	17:00:00	2950.39	2971.05	2949.87	2969.83	10192	0	21
2025.03.13	18:00:00	2969.83	2978.29	2966.32	2977.75	10911	0	21
2025.03.13	19:00:00	2977.79	2985.26	2976.57	2980.09	8353	0	21
2025.03.13	20:00:00	2980.09	2982.22	2976.39	2979.50	5689	0	21
2025.03.13	21:00:00	2979.50	2984.30	2979.07	2983.24	4781	0	21
2025.03.13	22:00:00	2983.20	2985.37	2980.55	2982.84	4648	0	21
2025.03.13	23:00:00	2982.80	2988.11	2981.08	2987.91	1696	0	24
2025.03.14	01:00:00	2984.20	2989.94	2983.46	2987.20	1687	0	25
2025.03.14	02:00:00	2987.21	2989.13	2985.24	2986.37	2176	0	24
2025.03.14	03:00:00	2986.38	2988.69	2984.68	2986.58	3235	0	24
2025.03.14	04:00:00	2986.58	2990.08	2981.60	2987.80	7164	0	24
2025.03.14	05:00:00	2987.80	2988.25	2983.72	2984.00	4314	0	24
2025.03.14	06:00:00	2984.00	2992.84	2983.80	2992.64	3931	0	21
2025.03.14	07:00:00	2992.60	2993.88	2984.25	2985.29	3525	0	24
2025.03.14	08:00:00	2985.29	2986.78	2981.78	2986.32	4672	0	24
2025.03.14	09:00:00	2986.35	2987.61	2981.17	2985.77	4890	0	21
2025.03.14	10:00:00	2985.64	2987.03	2980.75	2986.86	5542	0	21
2025.03.14	11:00:00	2986.70	2993.24	2985.17	2992.87	5503	0	21
2025.03.14	12:00:00	2992.79	2999.42	2992.54	2998.64	5925	0	21
2025.03.14	13:00:00	2998.66	3004.90	2986.60	2993.30	6999	0	21
2025.03.14	14:00:00	2993.33	2999.12	2993.21	2993.38	6820	0	21
2025.03.14	15:00:00	2993.31	2999.64	2993.21	2993.82	7741	0	21
2025.03.14	16:00:00	2993.79	2996.08	2983.27	2985.59	9756	0	21
2025.03.14	17:00:00	2985.59	2993.34	2982.05	2985.32	9446	0	21
2025.03.14	18:00:00	2985.34	2986.41	2978.43	2984.49	7815	0	21
2025.03.14	19:00:00	2984.43	2990.02	2982.87	2989.76	6144	0	21
2025.03.14	20:00:00	2989.77	2990.31	2986.39	2986.55	4813	0	21
2025.03.14	21:00:00	2986.62	2987.01	2983.09	2983.30	4154	0	21
2025.03.14	22:00:00	2983.31	2985.95	2982.07	2983.98	4295	0	21
2025.03.14	23:00:00	2983.97	2988.34	2981.75	2987.46	1561	0	24
2025.03.17	01:00:00	2987.57	2990.59	2986.06	2988.94	2206	0	27
2025.03.17	02:00:00	2989.00	2994.08	2988.21	2989.96	2336	0	24
2025.03.17	03:00:00	2990.03	2990.97	2986.24	2990.86	2815	0	24
2025.03.17	04:00:00	2990.85	2992.97	2988.55	2990.76	5513	0	24
2025.03.17	05:00:00	2990.79	2991.86	2986.93	2988.07	3695	0	24
2025.03.17	06:00:00	2988.06	2988.55	2985.20	2986.90	3333	0	24
2025.03.17	07:00:00	2986.90	2987.85	2982.39	2982.55	2791	0	24
2025.03.17	08:00:00	2982.56	2986.16	2982.20	2986.04	3118	0	24
2025.03.17	09:00:00	2986.04	2990.74	2985.28	2989.80	4046	0	21
2025.03.17	10:00:00	2989.66	2989.86	2984.11	2985.52	4086	0	21
2025.03.17	11:00:00	2985.46	2988.39	2983.07	2988.39	4157	0	21
2025.03.17	12:00:00	2988.40	2996.80	2987.59	2995.57	4581	0	21
2025.03.17	13:00:00	2995.58	2999.42	2994.73	2998.91	3980	0	21
2025.03.17	14:00:00	2998.93	3001.19	2996.41	2997.47	4410	0	21
2025.03.17	15:00:00	2997.42	2997.79	2984.65	2987.09	7761	0	21
2025.03.17	16:00:00	2987.12	2991.25	2986.00	2988.31	8201	0	21
2025.03.17	17:00:00	2988.00	3000.57	2987.14	2998.61	8386	0	21
2025.03.17	18:00:00	2998.39	2999.26	2992.87	2997.12	6160	0	21
2025.03.17	19:00:00	2997.12	2997.69	2992.98	2994.43	5404	0	21
2025.03.17	20:00:00	2994.49	2999.41	2994.48	2997.89	4814	0	21
2025.03.17	21:00:00	2997.90	3000.24	2996.83	2999.36	4461	0	21
2025.03.17	22:00:00	2999.35	3000.76	2997.68	3000.17	3825	0	21
2025.03.17	23:00:00	3000.16	3001.61	3000.01	3001.08	1861	0	21
2025.03.18	01:00:00	3001.02	3001.02	2999.89	3000.18	752	0	24
2025.03.18	02:00:00	3000.18	3002.76	2999.48	2999.67	1303	0	24
2025.03.18	03:00:00	2999.57	3003.50	2999.39	3001.45	2766	0	24
2025.03.18	04:00:00	3001.35	3008.28	2999.29	3005.67	5849	0	24
2025.03.18	05:00:00	3005.70	3012.08	3002.85	3010.81	4420	0	24
2025.03.18	06:00:00	3010.82	3014.94	3009.58	3011.36	3893	0	24
2025.03.18	07:00:00	3011.36	3017.14	3011.23	3014.31	2628	0	24
2025.03.18	08:00:00	3014.31	3014.84	3005.86	3011.86	4316	0	24
2025.03.18	09:00:00	3011.87	3017.56	3010.52	3015.69	4391	0	21
2025.03.18	10:00:00	3015.69	3018.86	3014.40	3016.39	5233	0	21
2025.03.18	11:00:00	3016.39	3027.25	3016.33	3026.58	6269	0	21
2025.03.18	12:00:00	3026.80	3028.42	3018.09	3020.15	5791	0	21
2025.03.18	13:00:00	3019.95	3025.72	3019.63	3023.99	5644	0	21
2025.03.18	14:00:00	3023.99	3029.44	3022.41	3026.78	5045	0	21
2025.03.18	15:00:00	3026.73	3035.73	3026.62	3034.25	7450	0	21
2025.03.18	16:00:00	3034.32	3038.22	3026.21	3033.28	9785	0	21
2025.03.18	17:00:00	3032.89	3032.94	3024.61	3028.01	9592	0	21
2025.03.18	18:00:00	3028.04	3032.49	3025.13	3031.63	8155	0	21
2025.03.18	19:00:00	3031.63	3036.88	3030.42	3035.99	5996	0	21
2025.03.18	20:00:00	3035.99	3036.25	3029.79	3032.65	5304	0	21
2025.03.18	21:00:00	3032.62	3036.27	3032.36	3035.76	3318	0	21
2025.03.18	22:00:00	3035.62	3037.92	3035.17	3035.50	3635	0	21
2025.03.18	23:00:00	3035.53	3035.86	3033.25	3033.94	1492	0	24
2025.03.19	01:00:00	3033.69	3034.57	3032.50	3034.40	1048	0	24
2025.03.19	02:00:00	3034.51	3034.96	3031.35	3031.57	1721	0	24
2025.03.19	03:00:00	3031.57	3033.85	3030.37	3031.30	2338	0	24
2025.03.19	04:00:00	3031.31	3032.71	3027.33	3029.52	4100	0	24
2025.03.19	05:00:00	3029.45	3033.78	3029.06	3033.35	4358	0	24
2025.03.19	06:00:00	3033.38	3038.85	3032.15	3036.20	3842	0	24
2025.03.19	07:00:00	3036.17	3037.57	3034.17	3036.44	2868	0	21
2025.03.19	08:00:00	3036.44	3045.29	3036.44	3044.44	4738	0	24
2025.03.19	09:00:00	3044.44	3044.66	3034.49	3042.19	6609	0	21
2025.03.19	10:00:00	3042.12	3042.83	3035.45	3035.73	5914	0	21
2025.03.19	11:00:00	3035.73	3037.02	3024.65	3025.17	5961	0	21
2025.03.19	12:00:00	3025.09	3031.34	3022.78	3030.47	4609	0	21
2025.03.19	13:00:00	3030.47	3037.56	3028.34	3034.56	4509	0	21
2025.03.19	14:00:00	3034.56	3039.87	3033.76	3038.86	3729	0	21
2025.03.19	15:00:00	3038.81	3041.02	3036.37	3037.14	5333	0	21
2025.03.19	16:00:00	3037.14	3038.18	3027.59	3033.17	8838	0	21
2025.03.19	17:00:00	3033.21	3033.21	3025.98	3027.61	7671	0	21
2025.03.19	18:00:00	3027.62	3032.92	3026.74	3031.46	5806	0	21
2025.03.19	19:00:00	3031.48	3038.26	3031.32	3033.08	5297	0	21
2025.03.19	20:00:00	3033.08	3034.18	3029.42	3030.11	5080	0	21
2025.03.19	21:00:00	3029.87	3048.66	3029.16	3046.81	7897	0	21
2025.03.19	22:00:00	3046.87	3052.07	3040.96	3047.81	7095	0	21
2025.03.19	23:00:00	3047.59	3048.02	3044.20	3046.64	1904	0	24
2025.03.20	01:00:00	3048.44	3050.50	3047.08	3050.12	1431	0	24
2025.03.20	02:00:00	3050.12	3051.08	3048.70	3049.96	1466	0	24
2025.03.20	03:00:00	3049.96	3055.48	3049.96	3053.10	3640	0	24
2025.03.20	04:00:00	3053.10	3056.11	3049.22	3049.41	5968	0	24
2025.03.20	05:00:00	3049.40	3052.08	3044.90	3045.57	4708	0	24
2025.03.20	06:00:00	3045.57	3050.42	3045.30	3049.93	3646	0	24
2025.03.20	07:00:00	3049.92	3057.38	3048.08	3052.26	3536	0	24
2025.03.20	08:00:00	3052.38	3053.32	3044.78	3046.92	5055	0	24
2025.03.20	09:00:00	3046.93	3051.49	3045.62	3048.90	4476	0	21
2025.03.20	10:00:00	3048.93	3048.93	3041.80	3042.23	5659	0	21
2025.03.20	11:00:00	3042.21	3043.88	3038.61	3041.82	5823	0	21
2025.03.20	12:00:00	3041.80	3046.20	3040.54	3041.40	5809	0	21
2025.03.20	13:00:00	3041.38	3041.41	3025.68	3034.18	8359	0	21
2025.03.20	14:00:00	3034.18	3035.17	3029.28	3034.43	6239	0	21
2025.03.20	15:00:00	3034.43	3042.27	3033.33	3040.79	7300	0	21
2025.03.20	16:00:00	3040.78	3041.05	3029.99	3032.96	9325	0	21
2025.03.20	17:00:00	3032.90	3040.75	3030.55	3040.12	8643	0	21
2025.03.20	18:00:00	3040.06	3041.86	3037.60	3040.68	7240	0	21
2025.03.20	19:00:00	3040.67	3043.11	3033.98	3038.24	6284	0	21
2025.03.20	20:00:00	3038.24	3041.90	3034.72	3041.63	4193	0	21
2025.03.20	21:00:00	3041.64	3045.29	3040.80	3043.16	4042	0	21
2025.03.20	22:00:00	3043.13	3046.02	3043.13	3044.65	3983	0	21
2025.03.20	23:00:00	3044.67	3045.76	3044.30	3044.41	1572	0	24
2025.03.21	01:00:00	3044.90	3046.02	3043.54	3045.75	817	0	24
2025.03.21	02:00:00	3045.74	3046.63	3044.46	3046.40	1385	0	24
2025.03.21	03:00:00	3046.41	3047.41	3042.18	3042.77	2740	0	24
2025.03.21	04:00:00	3042.78	3044.47	3035.81	3035.82	5512	0	24
2025.03.21	05:00:00	3035.82	3036.92	3033.75	3034.55	5227	0	24
2025.03.21	06:00:00	3034.50	3034.55	3029.87	3030.44	4697	0	24
2025.03.21	07:00:00	3030.41	3032.03	3027.83	3029.82	3698	0	24
2025.03.21	08:00:00	3029.88	3030.33	3021.75	3028.01	4911	0	24
2025.03.21	09:00:00	3028.03	3033.91	3027.43	3029.69	5516	0	21
2025.03.21	10:00:00	3029.77	3033.39	3028.00	3032.05	4277	0	21
2025.03.21	11:00:00	3032.04	3034.69	3027.08	3032.88	5379	0	21
2025.03.21	12:00:00	3032.87	3033.09	3027.72	3029.52	4483	0	21
2025.03.21	13:00:00	3029.48	3033.40	3029.48	3030.74	4044	0	21
2025.03.21	14:00:00	3030.74	3037.56	3028.87	3034.22	4918	0	21
2025.03.21	15:00:00	3034.22	3038.03	3033.43	3034.04	6131	0	21
2025.03.21	16:00:00	3034.04	3036.78	3004.21	3006.49	9860	0	21
2025.03.21	17:00:00	3006.44	3016.72	2999.36	3015.66	10308	0	21
2025.03.21	18:00:00	3015.87	3017.87	3009.97	3011.11	7499	0	21
2025.03.21	19:00:00	3011.02	3016.76	3010.60	3015.11	5826	0	21
2025.03.21	20:00:00	3015.11	3018.11	3012.80	3013.59	4748	0	21
2025.03.21	21:00:00	3013.59	3021.62	3013.43	3017.44	3977	0	21
2025.03.21	22:00:00	3017.43	3021.90	3016.00	3019.85	4663	0	21
2025.03.21	23:00:00	3019.93	3024.00	3019.83	3022.95	1658	0	23
2025.03.24	01:00:00	3023.36	3026.04	3022.28	3025.50	2017	0	24
2025.03.24	02:00:00	3025.50	3026.21	3023.29	3024.66	1748	0	24
2025.03.24	03:00:00	3024.60	3025.47	3017.02	3018.37	4015	0	24
2025.03.24	04:00:00	3018.37	3025.50	3018.02	3020.77	6473	0	24
2025.03.24	05:00:00	3020.98	3024.38	3013.71	3016.33	4901	0	24
2025.03.24	06:00:00	3016.22	3019.61	3015.53	3016.86	3987	0	21
2025.03.24	07:00:00	3016.95	3019.96	3016.45	3019.28	2648	0	24
2025.03.24	08:00:00	3019.28	3023.12	3018.82	3022.00	3588	0	24
2025.03.24	09:00:00	3022.00	3025.60	3017.30	3024.95	4446	0	21
2025.03.24	10:00:00	3024.95	3028.76	3020.92	3022.24	5730	0	21
2025.03.24	11:00:00	3022.11	3028.97	3021.77	3028.86	6376	0	21
2025.03.24	12:00:00	3029.17	3030.93	3022.55	3023.50	6416	0	21
2025.03.24	13:00:00	3023.55	3033.29	3023.36	3028.00	6458	0	21
2025.03.24	14:00:00	3028.00	3029.26	3024.39	3024.62	4830	0	21
2025.03.24	15:00:00	3024.61	3028.58	3022.38	3024.18	6383	0	21
2025.03.24	16:00:00	3024.04	3028.17	3019.04	3022.59	8737	0	21
2025.03.24	17:00:00	3022.37	3024.00	3007.94	3012.13	9474	0	21
2025.03.24	18:00:00	3012.06	3015.23	3005.76	3014.06	8192	0	21
2025.03.24	19:00:00	3014.06	3015.59	3007.98	3009.71	6263	0	21
2025.03.24	20:00:00	3009.71	3009.87	3005.92	3007.03	5286	0	21
2025.03.24	21:00:00	3007.03	3008.09	3002.38	3006.78	5187	0	21
2025.03.24	22:00:00	3006.84	3008.23	3005.03	3006.08	4176	0	21
2025.03.24	23:00:00	3006.03	3014.32	3005.65	3013.81	1732	0	24
2025.03.25	01:00:00	3011.53	3012.22	3009.00	3011.41	1692	0	24
2025.03.25	02:00:00	3011.43	3012.30	3009.30	3009.82	1566	0	24
2025.03.25	03:00:00	3010.27	3014.85	3009.02	3014.02	2437	0	24
2025.03.25	04:00:00	3014.02	3014.49	3010.34	3011.81	5140	0	24
2025.03.25	05:00:00	3011.81	3012.29	3007.48	3009.16	4374	0	24
2025.03.25	06:00:00	3009.15	3016.20	3008.57	3015.10	4197	0	24
2025.03.25	07:00:00	3015.11	3016.31	3014.65	3015.20	2793	0	24
2025.03.25	08:00:00	3015.20	3021.07	3014.26	3018.25	4176	0	24
2025.03.25	09:00:00	3018.27	3018.57	3014.63	3017.62	4219	0	21
2025.03.25	10:00:00	3017.63	3017.93	3010.45	3011.10	3997	0	21
2025.03.25	11:00:00	3011.23	3021.81	3010.48	3021.28	5591	0	21
2025.03.25	12:00:00	3021.21	3023.53	3019.00	3023.34	4080	0	21
2025.03.25	13:00:00	3023.17	3024.84	3020.62	3023.53	4395	0	21
2025.03.25	14:00:00	3023.53	3026.46	3020.31	3020.64	4331	0	21
2025.03.25	15:00:00	3020.65	3023.18	3014.16	3021.78	6384	0	21
2025.03.25	16:00:00	3021.78	3030.58	3020.88	3028.68	7975	0	21
2025.03.25	17:00:00	3028.66	3035.77	3025.14	3025.14	8899	0	21
2025.03.25	18:00:00	3025.07	3027.98	3017.92	3021.48	7154	0	21
2025.03.25	19:00:00	3021.49	3025.54	3021.37	3023.18	5037	0	21
2025.03.25	20:00:00	3023.25	3023.29	3019.75	3022.63	4549	0	21
2025.03.25	21:00:00	3022.62	3022.70	3017.75	3018.53	3837	0	21
2025.03.25	22:00:00	3018.50	3020.66	3017.75	3019.56	3148	0	21
2025.03.25	23:00:00	3019.57	3020.59	3018.75	3020.40	1130	0	24
2025.03.26	01:00:00	3021.11	3022.26	3020.31	3021.25	971	0	24
2025.03.26	02:00:00	3021.25	3021.78	3020.48	3020.93	1132	0	24
2025.03.26	03:00:00	3020.93	3022.03	3017.77	3018.05	2588	0	24
2025.03.26	04:00:00	3018.05	3025.39	3016.34	3024.73	5988	0	24
2025.03.26	05:00:00	3024.73	3027.10	3022.83	3024.20	4822	0	24
2025.03.26	06:00:00	3024.13	3024.18	3016.43	3017.49	4718	0	24
2025.03.26	07:00:00	3017.51	3017.64	3014.21	3015.17	2790	0	24
2025.03.26	08:00:00	3015.25	3024.07	3013.21	3022.62	4542	0	24
2025.03.26	09:00:00	3022.58	3026.22	3022.02	3026.05	5671	0	21
2025.03.26	10:00:00	3025.91	3030.75	3024.88	3030.48	4609	0	21
2025.03.26	11:00:00	3030.56	3032.02	3023.52	3023.96	4956	0	21
2025.03.26	12:00:00	3023.96	3024.03	3017.60	3018.62	5337	0	21
2025.03.26	13:00:00	3018.33	3024.87	3016.92	3023.13	4869	0	21
2025.03.26	14:00:00	3023.13	3030.35	3023.11	3027.50	4989	0	21
2025.03.26	15:00:00	3027.54	3029.94	3025.30	3026.95	5949	0	21
2025.03.26	16:00:00	3027.02	3027.28	3015.89	3016.67	7812	0	21
2025.03.26	17:00:00	3016.65	3021.64	3014.84	3017.41	7341	0	21
2025.03.26	18:00:00	3017.46	3018.75	3012.21	3015.85	6218	0	21
2025.03.26	19:00:00	3015.90	3020.06	3015.17	3015.59	4848	0	21
2025.03.26	20:00:00	3015.58	3018.95	3015.24	3018.64	4191	0	21
2025.03.26	21:00:00	3018.76	3020.71	3018.08	3018.29	3365	0	21
2025.03.26	22:00:00	3018.30	3018.95	3015.66	3017.24	3890	0	21
2025.03.26	23:00:00	3017.35	3021.63	3017.18	3019.85	1647	0	21
2025.03.27	01:00:00	3020.33	3020.93	3017.95	3019.29	1700	0	24
2025.03.27	02:00:00	3019.28	3021.77	3017.56	3021.62	2232	0	24
2025.03.27	03:00:00	3021.62	3025.59	3021.60	3025.34	2695	0	24
2025.03.27	04:00:00	3025.34	3028.25	3022.85	3023.49	5230	0	24
2025.03.27	05:00:00	3023.49	3032.73	3023.19	3031.66	4855	0	24
2025.03.27	06:00:00	3031.67	3034.17	3029.51	3033.57	3435	0	24
2025.03.27	07:00:00	3033.55	3038.47	3031.62	3034.04	3814	0	24
2025.03.27	08:00:00	3034.13	3035.86	3029.17	3029.54	4305	0	24
2025.03.27	09:00:00	3029.54	3033.30	3026.65	3030.09	4990	0	21
2025.03.27	10:00:00	3029.75	3036.69	3029.21	3035.89	5379	0	21
2025.03.27	11:00:00	3036.00	3037.85	3033.69	3036.03	5497	0	21
2025.03.27	12:00:00	3036.05	3041.10	3034.54	3039.85	4400	0	21
2025.03.27	13:00:00	3039.85	3055.70	3039.73	3051.29	6902	0	21
2025.03.27	14:00:00	3051.33	3055.46	3048.84	3054.65	5258	0	21
2025.03.27	15:00:00	3054.65	3055.86	3047.13	3050.02	6812	0	21
2025.03.27	16:00:00	3050.12	3052.09	3033.54	3040.73	9876	0	21
2025.03.27	17:00:00	3040.68	3059.84	3040.68	3057.54	9618	0	21
2025.03.27	18:00:00	3057.77	3059.11	3051.31	3052.10	8692	0	21
2025.03.27	19:00:00	3052.15	3054.19	3047.73	3048.36	7050	0	21
2025.03.27	20:00:00	3048.36	3053.18	3047.78	3052.85	5154	0	21
2025.03.27	21:00:00	3052.77	3057.45	3052.60	3055.78	4524	0	21
2025.03.27	22:00:00	3055.74	3057.70	3054.82	3057.40	4038	0	21
2025.03.27	23:00:00	3057.41	3057.50	3055.00	3056.30	1296	0	22
2025.03.28	01:00:00	3055.97	3057.53	3054.51	3055.08	1520	0	24
2025.03.28	02:00:00	3055.08	3056.04	3054.13	3055.57	1652	0	24
2025.03.28	03:00:00	3055.43	3063.47	3054.86	3061.75	3793	0	24
2025.03.28	04:00:00	3061.59	3073.96	3061.59	3073.83	5852	0	24
2025.03.28	05:00:00	3073.83	3077.50	3069.99	3071.69	5017	0	24
2025.03.28	06:00:00	3071.61	3076.50	3069.48	3075.14	4228	0	24
2025.03.28	07:00:00	3075.14	3075.35	3072.53	3073.83	2590	0	24
2025.03.28	08:00:00	3073.83	3082.05	3072.48	3077.67	4068	0	24
2025.03.28	09:00:00	3077.67	3084.87	3076.51	3084.76	5210	0	21
2025.03.28	10:00:00	3084.69	3086.03	3077.63	3079.32	5073	0	21
2025.03.28	11:00:00	3079.32	3081.23	3065.83	3072.90	5777	0	21
2025.03.28	12:00:00	3072.90	3076.10	3069.64	3072.92	4461	0	21
2025.03.28	13:00:00	3072.92	3074.58	3067.42	3074.23	4695	0	21
2025.03.28	14:00:00	3074.22	3079.79	3074.05	3076.29	4697	0	21
2025.03.28	15:00:00	3076.34	3081.93	3072.40	3077.40	6451	0	21
2025.03.28	16:00:00	3077.15	3084.19	3070.72	3083.53	9315	0	21
2025.03.28	17:00:00	3083.21	3086.74	3068.04	3069.98	10309	0	21
2025.03.28	18:00:00	3069.75	3085.67	3067.35	3083.71	7876	0	21
2025.03.28	19:00:00	3083.66	3086.57	3080.32	3083.84	5940	0	21
2025.03.28	20:00:00	3083.84	3085.88	3076.08	3077.36	4782	0	21
2025.03.28	21:00:00	3077.38	3080.44	3073.50	3079.62	3822	0	21
2025.03.28	22:00:00	3079.62	3081.83	3079.37	3080.82	4010	0	21
2025.03.28	23:00:00	3080.73	3085.52	3080.72	3085.00	1823	0	23
2025.03.31	01:00:00	3092.45	3097.61	3088.38	3090.04	3291	0	24
2025.03.31	02:00:00	3090.04	3090.80	3087.89	3089.03	2588	0	24
2025.03.31	03:00:00	3089.03	3089.59	3077.33	3078.96	3846	0	24
2025.03.31	04:00:00	3078.96	3095.31	3076.65	3094.82	7295	0	24
2025.03.31	05:00:00	3094.82	3107.10	3093.91	3106.64	7085	0	24
2025.03.31	06:00:00	3106.64	3111.71	3104.98	3107.01	4661	0	24
2025.03.31	07:00:00	3107.01	3115.85	3105.82	3113.26	3175	0	24
2025.03.31	08:00:00	3113.25	3120.02	3106.71	3116.51	4444	0	24
2025.03.31	09:00:00	3116.19	3127.81	3113.30	3119.30	7124	0	21
2025.03.31	10:00:00	3119.44	3125.31	3118.55	3124.51	6336	0	21
2025.03.31	11:00:00	3124.20	3127.17	3120.99	3122.20	5368	0	21
2025.03.31	12:00:00	3122.25	3123.37	3111.92	3114.90	5112	0	21
2025.03.31	13:00:00	3114.89	3123.66	3111.86	3118.45	5716	0	21
2025.03.31	14:00:00	3118.44	3119.77	3113.36	3119.42	5007	0	21
2025.03.31	15:00:00	3119.44	3126.53	3118.14	3124.47	7198	0	21
2025.03.31	16:00:00	3124.47	3124.62	3099.89	3113.32	10614	0	21
2025.03.31	17:00:00	3113.48	3123.52	3110.91	3123.21	10076	0	21
2025.03.31	18:00:00	3123.23	3127.09	3112.81	3113.74	7879	0	21
2025.03.31	19:00:00	3113.74	3120.62	3111.61	3117.60	5991	0	21
2025.03.31	20:00:00	3117.37	3120.22	3115.91	3117.81	5119	0	21
2025.03.31	21:00:00	3117.81	3123.29	3117.28	3121.33	4519	0	21
2025.03.31	22:00:00	3121.35	3124.54	3120.93	3124.35	4532	0	21
2025.03.31	23:00:00	3124.30	3124.59	3122.86	3123.65	1692	0	24
2025.04.01	01:00:00	3124.68	3125.38	3121.48	3122.71	1193	0	24
2025.04.01	02:00:00	3122.71	3126.33	3119.95	3120.42	2351	0	24
2025.04.01	03:00:00	3120.42	3127.79	3120.18	3127.14	3135	0	24
2025.04.01	04:00:00	3127.12	3138.14	3126.46	3135.37	7271	0	24
2025.04.01	05:00:00	3135.37	3145.65	3132.90	3145.04	6215	0	24
2025.04.01	06:00:00	3144.96	3147.31	3142.56	3145.97	4030	0	24
2025.04.01	07:00:00	3145.94	3147.93	3142.72	3144.74	3149	0	24
2025.04.01	08:00:00	3144.74	3148.92	3130.41	3131.95	5883	0	24
2025.04.01	09:00:00	3131.95	3138.16	3126.55	3133.64	8333	0	21
2025.04.01	10:00:00	3133.63	3137.72	3124.07	3127.46	6734	0	21
2025.04.01	11:00:00	3127.39	3135.55	3126.28	3131.00	5146	0	21
2025.04.01	12:00:00	3131.07	3134.10	3130.15	3132.37	3895	0	21
2025.04.01	13:00:00	3132.36	3138.80	3130.71	3132.24	6257	0	21
2025.04.01	14:00:00	3132.24	3135.88	3128.61	3130.34	5516	0	21
2025.04.01	15:00:00	3130.34	3134.57	3127.63	3133.35	6211	0	21
2025.04.01	16:00:00	3133.38	3137.01	3128.09	3133.72	8333	0	21
2025.04.01	17:00:00	3133.74	3135.22	3123.89	3128.69	9402	0	21
2025.04.01	18:00:00	3128.79	3132.99	3113.32	3113.63	7929	0	21
2025.04.01	19:00:00	3113.50	3116.72	3100.73	3106.65	8965	0	21
2025.04.01	20:00:00	3106.68	3114.56	3105.76	3113.70	5433	0	21
2025.04.01	21:00:00	3113.67	3118.58	3113.31	3114.13	4660	0	21
2025.04.01	22:00:00	3114.10	3118.80	3113.72	3118.47	3405	0	21
2025.04.01	23:00:00	3118.42	3120.56	3117.11	3117.14	1198	0	24
2025.04.02	01:00:00	3114.07	3114.79	3107.84	3111.30	1885	0	24
2025.04.02	02:00:00	3111.30	3116.16	3111.27	3115.14	2043	0	24
2025.04.02	03:00:00	3115.14	3123.59	3112.97	3122.93	3806	0	24
2025.04.02	04:00:00	3122.93	3135.17	3121.35	3133.18	6486	0	24
2025.04.02	05:00:00	3133.16	3135.63	3128.38	3128.40	4134	0	24
2025.04.02	06:00:00	3128.21	3132.04	3124.48	3125.48	3176	0	24
2025.04.02	07:00:00	3125.48	3126.69	3115.46	3115.97	3076	0	24
2025.04.02	08:00:00	3116.08	3119.14	3109.80	3118.00	5236	0	24
2025.04.02	09:00:00	3118.00	3119.68	3114.03	3116.53	4857	0	21
2025.04.02	10:00:00	3116.93	3126.09	3112.10	3125.10	5225	0	21
2025.04.02	11:00:00	3125.13	3133.84	3123.27	3131.26	5688	0	21
2025.04.02	12:00:00	3131.26	3131.48	3126.86	3131.05	4260	0	21
2025.04.02	13:00:00	3131.05	3131.36	3110.10	3114.48	5494	0	21
2025.04.02	14:00:00	3114.56	3123.90	3114.36	3121.23	5190	0	21
2025.04.02	15:00:00	3121.25	3127.32	3117.11	3122.34	5502	0	21
2025.04.02	16:00:00	3121.87	3131.95	3116.52	3122.12	8856	0	21
2025.04.02	17:00:00	3122.19	3129.29	3119.32	3124.99	7072	0	21
2025.04.02	18:00:00	3124.99	3128.19	3120.99	3125.80	5622	0	21
2025.04.02	19:00:00	3125.87	3134.14	3125.87	3131.42	6554	0	21
2025.04.02	20:00:00	3131.42	3131.42	3120.65	3123.54	5572	0	21
2025.04.02	21:00:00	3123.45	3126.19	3118.74	3121.95	4704	0	21
2025.04.02	22:00:00	3121.96	3127.19	3121.57	3124.20	3452	0	21
2025.04.02	23:00:00	3124.24	3143.16	3105.23	3130.92	6908	0	25
2025.04.03	01:00:00	3129.95	3147.19	3123.21	3145.87	7826	0	24
2025.04.03	02:00:00	3146.04	3167.56	3146.04	3162.67	7611	0	24
2025.04.03	03:00:00	3162.46	3164.80	3140.62	3151.29	8832	0	24
2025.04.03	04:00:00	3151.64	3162.85	3147.86	3153.40	9363	0	24
2025.04.03	05:00:00	3153.20	3155.31	3142.16	3145.06	6545	0	24
2025.04.03	06:00:00	3145.22	3152.16	3144.73	3148.03	5954	0	24
2025.04.03	07:00:00	3148.03	3149.68	3139.03	3140.29	3944	0	24
2025.04.03	08:00:00	3140.37	3140.89	3124.00	3131.70	7484	0	24
2025.04.03	09:00:00	3131.73	3134.02	3116.42	3127.51	8790	0	21
2025.04.03	10:00:00	3127.66	3130.17	3119.85	3129.08	7527	0	21
2025.04.03	11:00:00	3129.06	3132.09	3126.08	3128.98	6170	0	21
2025.04.03	12:00:00	3129.09	3129.49	3121.49	3121.58	7616	0	21
2025.04.03	13:00:00	3121.62	3123.03	3089.49	3095.50	10477	0	21
2025.04.03	14:00:00	3095.85	3099.93	3085.16	3093.14	9282	0	21
2025.04.03	15:00:00	3092.79	3094.68	3062.18	3076.26	10694	0	21
2025.04.03	16:00:00	3076.16	3093.35	3054.25	3086.05	12185	0	21
2025.04.03	17:00:00	3091.13	3135.41	3086.37	3128.81	12362	0	21
2025.04.03	18:00:00	3128.86	3129.41	3104.03	3110.58	10366	0	21
2025.04.03	19:00:00	3110.61	3114.12	3101.83	3107.45	7655	0	21
2025.04.03	20:00:00	3107.48	3109.78	3100.03	3109.48	6618	0	21
2025.04.03	21:00:00	3109.48	3111.67	3102.04	3111.59	5148	0	21
2025.04.03	22:00:00	3111.59	3113.19	3101.59	3107.48	5272	0	21
2025.04.03	23:00:00	3107.54	3119.40	3107.35	3116.29	2402	0	24
2025.04.04	01:00:00	3114.38	3116.68	3112.43	3115.37	2005	0	24
2025.04.04	02:00:00	3115.36	3116.29	3109.76	3112.89	3165	0	24
2025.04.04	03:00:00	3112.89	3115.00	3105.97	3110.58	5343	0	24
2025.04.04	04:00:00	3110.55	3115.66	3109.08	3109.74	5005	0	24
2025.04.04	05:00:00	3109.74	3112.93	3091.13	3096.79	6576	0	24
2025.04.04	06:00:00	3096.74	3099.01	3087.00	3098.32	6598	0	24
2025.04.04	07:00:00	3098.31	3104.91	3096.05	3099.97	5483	0	24
2025.04.04	08:00:00	3099.95	3108.75	3098.63	3108.74	5103	0	24
2025.04.04	09:00:00	3108.83	3109.86	3100.52	3101.04	5942	0	21
2025.04.04	10:00:00	3101.04	3103.47	3091.98	3092.77	8492	0	21
2025.04.04	11:00:00	3092.57	3094.13	3078.40	3084.16	8695	0	21
2025.04.04	12:00:00	3084.08	3095.87	3083.83	3090.63	7603	0	21
2025.04.04	13:00:00	3090.66	3116.00	3090.52	3110.30	10968	0	21
2025.04.04	14:00:00	3110.27	3136.43	3095.65	3110.27	12017	0	21
2025.04.04	15:00:00	3110.67	3111.58	3069.83	3071.12	11832	0	21
2025.04.04	16:00:00	3071.13	3087.33	3059.72	3061.89	11132	0	21
2025.04.04	17:00:00	3061.83	3061.83	3027.08	3038.32	11890	0	21
2025.04.04	18:00:00	3038.32	3050.27	3017.09	3021.95	11776	0	21
2025.04.04	19:00:00	3021.96	3036.86	3017.63	3030.89	9005	0	21
2025.04.04	20:00:00	3030.89	3032.88	3015.88	3025.89	8341	0	21
2025.04.04	21:00:00	3025.89	3027.91	3018.02	3025.47	6402	0	21
2025.04.04	22:00:00	3025.47	3040.95	3022.09	3036.50	7697	0	21
2025.04.04	23:00:00	3036.38	3040.96	3033.79	3037.50	3359	0	24
2025.04.07	01:00:00	3027.85	3032.21	2996.98	3009.86	5084	0	24
2025.04.07	02:00:00	3009.83	3016.93	2977.22	2999.71	6527	0	24
2025.04.07	03:00:00	2999.71	3009.08	2970.88	2978.91	8231	0	21
2025.04.07	04:00:00	2978.40	3055.32	2972.16	3038.39	12188	0	21
2025.04.07	05:00:00	3038.60	3055.35	3024.23	3025.85	8670	0	24
2025.04.07	06:00:00	3025.70	3033.87	3017.18	3018.87	6570	0	24
2025.04.07	07:00:00	3018.91	3035.70	3018.91	3035.57	4215	0	24
2025.04.07	08:00:00	3035.42	3044.44	3024.80	3031.84	6019	0	24
2025.04.07	09:00:00	3031.84	3033.45	3016.67	3029.34	8792	0	21
2025.04.07	10:00:00	3029.71	3030.74	3013.32	3018.53	9611	0	21
2025.04.07	11:00:00	3018.73	3035.43	3017.96	3031.14	8059	0	21
2025.04.07	12:00:00	3031.71	3033.40	3019.52	3025.02	7723	0	21
2025.04.07	13:00:00	3025.15	3036.41	3024.05	3031.35	7687	0	21
2025.04.07	14:00:00	3031.35	3046.04	3030.20	3031.08	8305	0	21
2025.04.07	15:00:00	3031.28	3032.77	3014.77	3031.19	9853	0	21
2025.04.07	16:00:00	3030.80	3033.94	3002.22	3015.41	10223	0	21
2025.04.07	17:00:00	3014.86	3037.78	2996.47	2999.31	11445	0	21
2025.04.07	18:00:00	2999.58	3004.67	2979.97	2987.45	10157	0	23
2025.04.07	19:00:00	2987.39	2987.68	2970.15	2970.57	8299	0	24
2025.04.07	20:00:00	2970.89	2975.16	2956.66	2970.00	8592	0	24
2025.04.07	21:00:00	2969.85	2976.57	2964.09	2965.75	6179	0	24
2025.04.07	22:00:00	2965.75	2981.81	2965.33	2976.68	6068	0	24
2025.04.07	23:00:00	2976.75	2985.88	2970.12	2983.64	2749	0	24
2025.04.08	01:00:00	2981.95	2988.47	2981.04	2986.69	1898	0	24
2025.04.08	02:00:00	2986.69	2987.28	2978.56	2981.23	2650	0	24
2025.04.08	03:00:00	2981.21	2992.73	2980.35	2985.28	5248	0	27
2025.04.08	04:00:00	2985.25	3003.03	2983.45	2999.79	7273	0	27
2025.04.08	05:00:00	2999.79	3004.78	2998.18	3000.79	4734	0	27
2025.04.08	06:00:00	3000.81	3001.00	2993.01	2994.65	4270	0	27
2025.04.08	07:00:00	2994.57	3002.88	2990.75	3002.25	3772	0	27
2025.04.08	08:00:00	3002.07	3008.20	2999.40	3005.62	4833	0	27
2025.04.08	09:00:00	3005.62	3015.80	3002.28	3013.19	6469	0	23
2025.04.08	10:00:00	3013.55	3013.88	3001.87	3003.72	7012	0	21
2025.04.08	11:00:00	3003.63	3009.28	3001.30	3007.42	4265	0	21
2025.04.08	12:00:00	3007.44	3007.82	2994.77	3006.80	4928	0	21
2025.04.08	13:00:00	3006.88	3010.14	3004.06	3008.86	4198	0	21
2025.04.08	14:00:00	3008.84	3019.35	3008.45	3017.41	5262	0	21
2025.04.08	15:00:00	3017.45	3019.54	3002.40	3002.54	7582	0	21
2025.04.08	16:00:00	3002.50	3022.64	3002.50	3010.43	9741	0	21
2025.04.08	17:00:00	3010.26	3018.09	3005.84	3006.18	9470	0	21
2025.04.08	18:00:00	3006.19	3012.25	3001.17	3001.34	7768	0	21
2025.04.08	19:00:00	3001.39	3001.39	2984.28	2986.04	7788	0	21
2025.04.08	20:00:00	2986.10	2987.50	2974.69	2985.18	8636	0	21
2025.04.08	21:00:00	2985.19	2992.31	2979.28	2983.57	6521	0	21
2025.04.08	22:00:00	2983.53	2987.46	2976.55	2984.86	6282	0	21
2025.04.08	23:00:00	2984.93	2986.48	2976.96	2981.91	2695	0	22
2025.04.09	01:00:00	2982.72	2985.33	2980.17	2981.79	2136	0	24
2025.04.09	02:00:00	2982.41	2990.63	2969.95	2978.19	4102	0	24
2025.04.09	03:00:00	2978.57	2987.01	2974.71	2980.30	7598	0	24
2025.04.09	04:00:00	2980.20	3009.65	2972.48	3008.51	9620	0	24
2025.04.09	05:00:00	3008.60	3011.01	2999.98	3002.93	6734	0	24
2025.04.09	06:00:00	3002.86	3009.74	3002.54	3004.41	5425	0	24
2025.04.09	07:00:00	3004.41	3014.06	2999.44	3012.18	5917	0	24
2025.04.09	08:00:00	3012.16	3020.53	3005.44	3015.39	7384	0	24
2025.04.09	09:00:00	3015.39	3040.78	3014.86	3038.91	8660	0	21
2025.04.09	10:00:00	3038.91	3052.23	3034.31	3041.04	8464	0	21
2025.04.09	11:00:00	3041.02	3051.13	3038.34	3044.04	6794	0	21
2025.04.09	12:00:00	3044.03	3049.70	3038.99	3044.88	5991	0	21
2025.04.09	13:00:00	3044.91	3046.94	3038.32	3042.78	6385	0	21
2025.04.09	14:00:00	3042.99	3067.81	3036.00	3066.59	9465	0	21
2025.04.09	15:00:00	3066.66	3072.97	3042.64	3047.37	9642	0	21
2025.04.09	16:00:00	3047.46	3077.86	3047.37	3075.32	10449	0	21
2025.04.09	17:00:00	3075.08	3084.49	3068.43	3070.53	9419	0	21
2025.04.09	18:00:00	3070.51	3087.76	3065.15	3086.29	7837	0	21
2025.04.09	19:00:00	3086.28	3094.77	3082.61	3092.31	6099	0	21
2025.04.09	20:00:00	3092.31	3098.90	3051.20	3060.03	10285	0	21
2025.04.09	21:00:00	3060.09	3073.44	3048.59	3067.04	9179	0	23
2025.04.09	22:00:00	3067.06	3099.41	3064.18	3093.40	8322	0	24
2025.04.09	23:00:00	3093.34	3095.35	3079.25	3079.28	3331	0	24
2025.04.10	01:00:00	3080.26	3090.01	3071.33	3080.06	3024	0	24
2025.04.10	02:00:00	3080.27	3088.66	3079.59	3086.71	3882	0	22
2025.04.10	03:00:00	3086.70	3101.33	3081.12	3097.16	7238	0	27
2025.04.10	04:00:00	3097.17	3100.42	3078.36	3094.08	8651	0	27
2025.04.10	05:00:00	3094.08	3120.39	3093.90	3119.33	8026	0	0
2025.04.10	06:00:00	3119.32	3131.68	3115.26	3125.39	6138	0	27
2025.04.10	07:00:00	3125.38	3129.50	3120.97	3125.27	3988	0	27
2025.04.10	08:00:00	3125.27	3132.49	3112.71	3122.45	5296	0	27
2025.04.10	09:00:00	3122.45	3126.32	3118.87	3121.98	6236	0	22
2025.04.10	10:00:00	3122.15	3123.31	3106.63	3108.65	7409	0	21
2025.04.10	11:00:00	3108.84	3115.60	3104.66	3104.92	6268	0	21
2025.04.10	12:00:00	3104.92	3117.82	3103.46	3116.53	5784	0	21
2025.04.10	13:00:00	3116.74	3122.50	3114.28	3119.69	5555	0	21
2025.04.10	14:00:00	3120.16	3125.62	3113.24	3124.67	6143	0	21
2025.04.10	15:00:00	3124.60	3133.99	3116.28	3122.97	8481	0	21
2025.04.10	16:00:00	3122.97	3136.66	3116.14	3116.92	9528	0	21
2025.04.10	17:00:00	3116.87	3154.69	3116.77	3154.63	9629	0	21
2025.04.10	18:00:00	3154.52	3174.84	3154.42	3157.98	8933	0	21
2025.04.10	19:00:00	3158.01	3167.21	3154.10	3158.39	8010	0	21
2025.04.10	20:00:00	3158.39	3165.64	3151.50	3162.77	6293	0	21
2025.04.10	21:00:00	3162.79	3175.50	3157.99	3173.20	6403	0	21
2025.04.10	22:00:00	3173.23	3176.23	3167.91	3170.81	5765	0	21
2025.04.10	23:00:00	3170.81	3176.29	3168.29	3172.54	1866	0	24
2025.04.11	01:00:00	3179.39	3189.75	3177.15	3189.16	3544	0	24
2025.04.11	02:00:00	3189.16	3191.19	3183.04	3188.95	3746	0	24
2025.04.11	03:00:00	3188.93	3218.03	3184.97	3205.63	8511	0	24
2025.04.11	04:00:00	3205.57	3219.53	3200.89	3207.13	9710	0	24
2025.04.11	05:00:00	3207.15	3219.66	3205.99	3217.41	7037	0	24
2025.04.11	06:00:00	3217.41	3220.07	3214.00	3217.73	5611	0	24
2025.04.11	07:00:00	3217.73	3218.13	3208.40	3208.51	4222	0	24
2025.04.11	08:00:00	3208.65	3218.93	3187.22	3195.85	7794	0	24
2025.04.11	09:00:00	3196.07	3209.55	3190.15	3197.04	8761	0	21
2025.04.11	10:00:00	3197.28	3213.01	3193.96	3212.37	7116	0	21
2025.04.11	11:00:00	3212.39	3227.19	3208.44	3215.96	8385	0	21
2025.04.11	12:00:00	3215.99	3230.18	3211.83	3227.75	6459	0	21
2025.04.11	13:00:00	3227.81	3237.57	3210.10	3212.58	7224	0	21
2025.04.11	14:00:00	3212.57	3224.75	3211.40	3213.70	7032	0	21
2025.04.11	15:00:00	3213.80	3233.95	3211.07	3233.62	8663	0	21
2025.04.11	16:00:00	3233.62	3244.18	3219.53	3223.89	10256	0	21
2025.04.11	17:00:00	3223.99	3237.65	3222.94	3230.14	10239	0	21
2025.04.11	18:00:00	3230.14	3241.82	3229.42	3240.41	8094	0	21
2025.04.11	19:00:00	3240.44	3245.32	3219.69	3223.23	8225	0	21
2025.04.11	20:00:00	3223.58	3235.45	3223.58	3233.85	7959	0	21
2025.04.11	21:00:00	3233.97	3238.17	3231.16	3235.72	5831	0	21
2025.04.11	22:00:00	3235.52	3235.65	3227.35	3230.89	5567	0	21
2025.04.11	23:00:00	3230.89	3236.93	3230.69	3234.25	1823	0	24
2025.04.14	01:00:00	3221.92	3224.62	3212.65	3221.12	3985	0	26
2025.04.14	02:00:00	3221.07	3224.42	3216.77	3223.72	3318	0	24
2025.04.14	03:00:00	3223.80	3227.22	3219.24	3220.80	4247	0	24
2025.04.14	04:00:00	3220.80	3243.40	3215.26	3239.61	8435	0	24
2025.04.14	05:00:00	3239.48	3245.68	3229.63	3231.97	6371	0	24
2025.04.14	06:00:00	3231.97	3234.58	3226.95	3232.34	4238	0	24
2025.04.14	07:00:00	3232.34	3235.63	3226.12	3227.31	3383	0	24
2025.04.14	08:00:00	3227.31	3236.00	3221.26	3234.38	5303	0	24
2025.04.14	09:00:00	3234.33	3237.93	3228.73	3230.87	5888	0	21
2025.04.14	10:00:00	3230.91	3233.55	3224.85	3227.78	5315	0	21
2025.04.14	11:00:00	3227.93	3229.94	3216.46	3226.88	6154	0	21
2025.04.14	12:00:00	3226.87	3231.62	3220.79	3223.90	5097	0	21
2025.04.14	13:00:00	3223.87	3224.59	3206.23	3215.28	6491	0	21
2025.04.14	14:00:00	3215.21	3225.77	3213.89	3223.32	5667	0	21
2025.04.14	15:00:00	3223.32	3227.62	3200.74	3206.52	8039	0	21
2025.04.14	16:00:00	3206.60	3210.73	3193.73	3204.73	10007	0	21
2025.04.14	17:00:00	3204.75	3215.52	3195.20	3211.10	8101	0	21
2025.04.14	18:00:00	3211.07	3211.07	3196.26	3198.05	7654	0	21
2025.04.14	19:00:00	3198.07	3208.27	3197.71	3207.55	6123	0	21
2025.04.14	20:00:00	3207.57	3216.33	3207.11	3214.02	5612	0	21
2025.04.14	21:00:00	3214.01	3214.78	3201.23	3208.04	4623	0	21
2025.04.14	22:00:00	3208.04	3212.98	3207.74	3212.71	3775	0	21
2025.04.14	23:00:00	3212.67	3213.67	3207.30	3211.28	1640	0	24
2025.04.15	01:00:00	3212.38	3215.11	3210.76	3212.15	1239	0	25
2025.04.15	02:00:00	3212.15	3214.14	3210.40	3212.55	1785	0	24
2025.04.15	03:00:00	3212.53	3215.17	3210.76	3211.87	2812	0	24
2025.04.15	04:00:00	3211.87	3225.87	3209.96	3223.65	5990	0	24
2025.04.15	05:00:00	3223.69	3224.91	3218.69	3224.40	3819	0	24
2025.04.15	06:00:00	3224.19	3229.02	3223.13	3228.30	3961	0	24
2025.04.15	07:00:00	3228.35	3232.51	3226.80	3231.81	2816	0	24
2025.04.15	08:00:00	3231.76	3232.10	3220.93	3224.57	4460	0	24
2025.04.15	09:00:00	3224.57	3228.66	3223.16	3225.15	4626	0	21
2025.04.15	10:00:00	3225.32	3226.55	3217.30	3225.56	5009	0	21
2025.04.15	11:00:00	3225.58	3232.13	3224.38	3227.58	5585	0	21
2025.04.15	12:00:00	3227.49	3230.05	3221.12	3222.48	4000	0	21
2025.04.15	13:00:00	3222.51	3226.91	3219.70	3220.16	3589	0	21
2025.04.15	14:00:00	3220.17	3224.07	3216.80	3219.92	4415	0	21
2025.04.15	15:00:00	3220.18	3226.10	3214.32	3221.53	6060	0	21
2025.04.15	16:00:00	3221.52	3226.26	3211.60	3212.97	7460	0	21
2025.04.15	17:00:00	3212.96	3226.83	3212.96	3222.58	7540	0	21
2025.04.15	18:00:00	3222.53	3224.02	3216.85	3221.29	5207	0	21
2025.04.15	19:00:00	3221.29	3223.36	3219.48	3221.42	3031	0	21
2025.04.15	20:00:00	3221.42	3230.61	3220.37	3227.89	3608	0	21
2025.04.15	21:00:00	3228.02	3229.60	3225.63	3229.05	3735	0	21
2025.04.15	22:00:00	3229.07	3231.71	3226.14	3229.78	3400	0	21
2025.04.15	23:00:00	3229.91	3233.47	3226.23	3228.54	1750	0	24
2025.04.16	01:00:00	3230.80	3242.15	3230.71	3241.31	2248	0	24
2025.04.16	02:00:00	3241.40	3251.79	3238.33	3251.76	3985	0	24
2025.04.16	03:00:00	3251.76	3268.01	3251.60	3264.41	6398	0	24
2025.04.16	04:00:00	3264.42	3274.96	3255.95	3270.04	7955	0	24
2025.04.16	05:00:00	3270.10	3275.33	3266.90	3267.69	5408	0	24
2025.04.16	06:00:00	3267.69	3281.59	3266.21	3281.39	4752	0	24
2025.04.16	07:00:00	3281.44	3287.56	3269.35	3283.69	5339	0	24
2025.04.16	08:00:00	3283.69	3291.69	3283.64	3289.69	5684	0	24
2025.04.16	09:00:00	3289.69	3294.99	3286.15	3291.72	6314	0	21
2025.04.16	10:00:00	3292.05	3300.42	3291.37	3300.38	6692	0	21
2025.04.16	11:00:00	3300.04	3317.59	3288.79	3306.95	9196	0	21
2025.04.16	12:00:00	3307.09	3310.83	3300.04	3303.50	6000	0	21
2025.04.16	13:00:00	3303.54	3306.81	3299.61	3304.15	4845	0	21
2025.04.16	14:00:00	3304.11	3313.53	3292.89	3306.78	6647	0	21
2025.04.16	15:00:00	3306.70	3313.34	3302.53	3307.23	7231	0	21
2025.04.16	16:00:00	3307.22	3316.47	3296.78	3311.60	8736	0	21
2025.04.16	17:00:00	3311.61	3319.39	3306.26	3308.48	8658	0	21
2025.04.16	18:00:00	3308.48	3328.08	3305.36	3325.32	7900	0	21
2025.04.16	19:00:00	3325.32	3332.93	3321.42	3327.31	6875	0	21
2025.04.16	20:00:00	3327.36	3332.71	3324.39	3328.30	6346	0	21
2025.04.16	21:00:00	3328.23	3340.63	3326.37	3338.27	5984	0	21
2025.04.16	22:00:00	3338.29	3342.41	3335.88	3336.59	5157	0	21
2025.04.16	23:00:00	3336.58	3340.93	3334.33	3340.77	2587	0	24
2025.04.17	01:00:00	3348.72	3357.64	3348.32	3350.95	3150	0	25
2025.04.17	02:00:00	3350.95	3353.35	3346.96	3350.05	3302	0	24
2025.04.17	03:00:00	3350.02	3351.18	3341.96	3345.40	5508	0	24
2025.04.17	04:00:00	3345.22	3356.15	3320.67	3323.91	9193	0	24
2025.04.17	05:00:00	3323.91	3340.47	3321.01	3340.29	7385	0	24
2025.04.17	06:00:00	3340.25	3344.52	3337.42	3344.44	4697	0	24
2025.04.17	07:00:00	3344.43	3344.43	3337.77	3341.48	3487	0	24
2025.04.17	08:00:00	3341.54	3345.44	3328.41	3329.35	5068	0	24
2025.04.17	09:00:00	3329.47	3333.12	3325.24	3328.94	6797	0	21
2025.04.17	10:00:00	3328.90	3330.13	3314.24	3323.40	6957	0	21
2025.04.17	11:00:00	3323.42	3324.94	3312.70	3324.22	5242	0	21
2025.04.17	12:00:00	3324.22	3326.87	3320.61	3321.62	4237	0	21
2025.04.17	13:00:00	3321.62	3334.08	3321.14	3327.60	4502	0	21
2025.04.17	14:00:00	3327.60	3332.43	3322.39	3327.40	4826	0	21
2025.04.17	15:00:00	3327.35	3342.28	3322.26	3328.08	7456	0	21
2025.04.17	16:00:00	3328.10	3332.02	3312.01	3315.02	9358	0	21
2025.04.17	17:00:00	3315.16	3315.16	3284.01	3291.31	10488	0	21
2025.04.17	18:00:00	3291.42	3304.80	3290.72	3296.28	7629	0	21
2025.04.17	19:00:00	3296.62	3318.66	3294.89	3316.11	7027	0	24
2025.04.17	20:00:00	3316.15	3322.56	3314.24	3318.93	5453	0	24
2025.04.17	21:00:00	3318.97	3320.87	3314.22	3316.34	3303	0	24
2025.04.17	22:00:00	3316.28	3321.83	3310.90	3320.75	3786	0	24
2025.04.17	23:00:00	3320.74	3328.05	3317.94	3327.95	1855	0	27
2025.04.21	01:00:00	3331.86	3352.72	3331.27	3345.88	4198	0	29
2025.04.21	02:00:00	3346.16	3351.77	3343.30	3348.10	3892	0	27
2025.04.21	03:00:00	3348.10	3370.58	3347.46	3368.70	6476	0	27
2025.04.21	04:00:00	3368.76	3378.43	3367.35	3377.51	7347	0	27
2025.04.21	05:00:00	3377.56	3384.99	3374.08	3384.77	5890	0	27
2025.04.21	06:00:00	3384.74	3385.26	3378.29	3382.38	4675	0	27
2025.04.21	07:00:00	3382.37	3382.37	3369.33	3376.44	4336	0	27
2025.04.21	08:00:00	3376.44	3385.87	3375.70	3385.45	4931	0	27
2025.04.21	09:00:00	3385.45	3393.21	3382.36	3392.15	6122	0	23
2025.04.21	10:00:00	3392.03	3396.03	3381.81	3384.90	6163	0	23
2025.04.21	11:00:00	3385.03	3394.15	3383.66	3392.73	4860	0	23
2025.04.21	12:00:00	3392.77	3397.04	3390.84	3394.85	4651	0	23
2025.04.21	13:00:00	3394.85	3397.74	3391.97	3394.88	4445	0	23
2025.04.21	14:00:00	3394.88	3405.86	3386.60	3404.39	6316	0	23
2025.04.21	15:00:00	3404.49	3415.71	3397.94	3414.98	7030	0	23
2025.04.21	16:00:00	3414.85	3426.70	3405.25	3420.47	9354	0	23
2025.04.21	17:00:00	3420.41	3430.21	3408.79	3416.70	8789	0	23
2025.04.21	18:00:00	3416.71	3426.11	3407.75	3422.91	7398	0	23
2025.04.21	19:00:00	3422.91	3423.98	3410.15	3414.49	5553	0	23
2025.04.21	20:00:00	3414.53	3422.86	3405.95	3422.46	6150	0	24
2025.04.21	21:00:00	3422.42	3426.64	3417.61	3426.33	5166	0	24
2025.04.21	22:00:00	3426.33	3430.42	3417.41	3423.42	5630	0	25
2025.04.21	23:00:00	3423.48	3425.12	3419.66	3424.67	2102	0	27
2025.04.22	01:00:00	3427.90	3435.91	3427.79	3430.99	2985	0	27
2025.04.22	02:00:00	3431.06	3444.36	3429.33	3434.56	4947	0	27
2025.04.22	03:00:00	3434.44	3435.30	3412.39	3425.46	7116	0	27
2025.04.22	04:00:00	3425.46	3454.90	3421.62	3452.87	8468	0	27
2025.04.22	05:00:00	3452.95	3475.87	3442.33	3473.08	7953	0	27
2025.04.22	06:00:00	3472.86	3494.74	3471.99	3487.87	6890	0	27
2025.04.22	07:00:00	3487.87	3488.50	3479.57	3484.49	4820	0	27
2025.04.22	08:00:00	3484.46	3495.48	3473.50	3494.30	6726	0	27
2025.04.22	09:00:00	3494.58	3499.88	3475.31	3479.72	9612	0	23
2025.04.22	10:00:00	3479.29	3480.61	3460.90	3468.57	8573	0	23
2025.04.22	11:00:00	3468.52	3472.60	3443.13	3443.91	7554	0	21
2025.04.22	12:00:00	3443.92	3458.69	3443.92	3454.52	6997	0	21
2025.04.22	13:00:00	3454.51	3468.17	3451.43	3452.42	6734	0	21
2025.04.22	14:00:00	3452.40	3461.35	3448.14	3456.77	5739	0	21
2025.04.22	15:00:00	3456.76	3464.76	3424.53	3431.36	8719	0	21
2025.04.22	16:00:00	3431.40	3449.65	3408.64	3418.81	10823	0	21
2025.04.22	17:00:00	3418.86	3439.01	3418.18	3429.96	8859	0	21
2025.04.22	18:00:00	3430.01	3433.15	3410.32	3417.58	8206	0	21
2025.04.22	19:00:00	3417.58	3421.06	3372.16	3393.07	10603	0	21
2025.04.22	20:00:00	3393.19	3410.22	3386.12	3401.82	8540	0	21
2025.04.22	21:00:00	3401.93	3402.44	3373.15	3381.44	6134	0	21
2025.04.22	22:00:00	3381.45	3385.84	3366.71	3374.65	6571	0	21
2025.04.22	23:00:00	3374.76	3382.73	3373.18	3380.04	2713	0	24
2025.04.23	01:00:00	3326.95	3346.92	3315.60	3327.86	6086	0	26
2025.04.23	02:00:00	3328.01	3349.90	3327.01	3336.62	5413	0	24
2025.04.23	03:00:00	3336.62	3371.12	3334.66	3367.91	6629	0	24
2025.04.23	04:00:00	3367.91	3386.54	3358.81	3379.07	9665	0	24
2025.04.23	05:00:00	3379.06	3379.91	3348.52	3354.14	7527	0	24
2025.04.23	06:00:00	3354.21	3355.65	3329.09	3338.89	7529	0	24
2025.04.23	07:00:00	3338.89	3347.20	3335.60	3346.74	3747	0	24
2025.04.23	08:00:00	3346.76	3349.41	3315.86	3319.07	7122	0	24
2025.04.23	09:00:00	3319.07	3325.97	3291.65	3300.82	9897	0	21
2025.04.23	10:00:00	3301.60	3320.50	3301.60	3318.97	6835	0	21
2025.04.23	11:00:00	3319.42	3321.60	3305.81	3321.60	5735	0	21
2025.04.23	12:00:00	3321.50	3340.40	3317.24	3317.60	6077	0	21
2025.04.23	13:00:00	3317.60	3336.22	3316.68	3329.90	5326	0	21
2025.04.23	14:00:00	3330.06	3339.01	3322.12	3324.58	5683	0	21
2025.04.23	15:00:00	3324.58	3333.39	3310.57	3310.81	7851	0	21
2025.04.23	16:00:00	3310.80	3313.71	3271.18	3277.47	10497	0	21
2025.04.23	17:00:00	3276.78	3296.22	3260.09	3287.36	10962	0	21
2025.04.23	18:00:00	3287.44	3294.33	3269.34	3280.25	9476	0	21
2025.04.23	19:00:00	3280.81	3305.69	3279.16	3295.03	7871	0	21
2025.04.23	20:00:00	3295.00	3301.39	3277.73	3281.21	7175	0	21
2025.04.23	21:00:00	3281.21	3286.96	3277.77	3282.80	4689	0	21
2025.04.23	22:00:00	3282.83	3297.04	3282.65	3293.90	5032	0	21
2025.04.23	23:00:00	3294.24	3295.67	3283.86	3289.13	2724	0	24
2025.04.24	01:00:00	3305.88	3315.90	3305.30	3309.11	3527	0	24
2025.04.24	02:00:00	3309.11	3316.76	3308.26	3316.31	2883	0	24
2025.04.24	03:00:00	3316.48	3339.06	3313.36	3331.60	6347	0	24
2025.04.24	04:00:00	3331.19	3367.27	3330.74	3357.30	10198	0	24
2025.04.24	05:00:00	3357.28	3363.31	3335.78	3341.90	7675	0	24
2025.04.24	06:00:00	3341.93	3342.53	3320.59	3326.98	6088	0	24
2025.04.24	07:00:00	3326.97	3331.72	3325.79	3326.15	3334	0	24
2025.04.24	08:00:00	3326.16	3335.34	3320.42	3323.75	5373	0	24
2025.04.24	09:00:00	3323.73	3328.07	3314.57	3324.86	7872	0	21
2025.04.24	10:00:00	3324.59	3339.74	3323.17	3333.62	6633	0	21
2025.04.24	11:00:00	3333.73	3341.54	3327.23	3336.04	5432	0	21
2025.04.24	12:00:00	3336.05	3342.71	3325.41	3335.66	5416	0	21
2025.04.24	13:00:00	3335.66	3336.66	3325.31	3329.91	4477	0	21
2025.04.24	14:00:00	3329.83	3343.92	3329.60	3336.93	5132	0	21
2025.04.24	15:00:00	3337.58	3344.62	3335.61	3335.93	6154	0	21
2025.04.24	16:00:00	3335.99	3336.26	3312.59	3315.44	9065	0	21
2025.04.24	17:00:00	3315.21	3330.34	3306.68	3327.49	9424	0	21
2025.04.24	18:00:00	3327.49	3330.39	3319.54	3329.39	7357	0	21
2025.04.24	19:00:00	3329.39	3335.31	3322.39	3331.50	6451	0	21
2025.04.24	20:00:00	3331.56	3338.54	3329.93	3336.77	5893	0	21
2025.04.24	21:00:00	3336.77	3340.14	3333.62	3334.68	3587	0	21
2025.04.24	22:00:00	3334.78	3346.97	3333.35	3342.12	3722	0	21
2025.04.24	23:00:00	3342.21	3347.71	3338.09	3347.51	1925	0	24
2025.04.25	01:00:00	3352.56	3370.65	3351.54	3366.93	2767	0	24
2025.04.25	02:00:00	3366.93	3368.10	3347.08	3348.73	4413	0	24
2025.04.25	03:00:00	3348.68	3361.33	3347.20	3357.75	5699	0	24
2025.04.25	04:00:00	3357.49	3362.94	3342.78	3345.53	6875	0	24
2025.04.25	05:00:00	3345.55	3353.29	3344.56	3348.76	5352	0	24
2025.04.25	06:00:00	3348.69	3354.11	3322.59	3323.53	5537	0	24
2025.04.25	07:00:00	3323.50	3327.71	3316.33	3324.74	6255	0	24
2025.04.25	08:00:00	3324.74	3327.03	3287.06	3294.37	7443	0	24
2025.04.25	09:00:00	3294.28	3306.34	3287.47	3304.43	8778	0	21
2025.04.25	10:00:00	3304.31	3314.44	3303.07	3307.10	5504	0	21
2025.04.25	11:00:00	3307.41	3307.87	3291.99	3303.90	5573	0	21
2025.04.25	12:00:00	3303.89	3308.89	3292.03	3292.07	5117	0	21
2025.04.25	13:00:00	3291.97	3306.31	3291.97	3297.93	4873	0	21
2025.04.25	14:00:00	3297.97	3300.91	3287.86	3293.45	4684	0	21
2025.04.25	15:00:00	3293.39	3303.04	3291.02	3292.65	5805	0	21
2025.04.25	16:00:00	3292.75	3292.83	3265.09	3281.18	9966	0	21
2025.04.25	17:00:00	3280.93	3287.10	3274.71	3277.94	8575	0	21
2025.04.25	18:00:00	3278.04	3285.55	3270.16	3282.97	6535	0	21
2025.04.25	19:00:00	3282.97	3287.56	3280.36	3285.31	4061	0	21
2025.04.25	20:00:00	3285.34	3295.18	3281.80	3293.27	5219	0	21
2025.04.25	21:00:00	3293.20	3297.01	3288.34	3288.34	3700	0	21
2025.04.25	22:00:00	3288.46	3312.40	3287.81	3304.70	4446	0	21
2025.04.25	23:00:00	3304.72	3315.33	3304.69	3313.61	2166	0	24
2025.04.28	01:00:00	3325.87	3330.15	3309.16	3310.58	3444	0	24
2025.04.28	02:00:00	3310.63	3318.05	3298.53	3302.65	4602	0	24
2025.04.28	03:00:00	3302.63	3315.90	3301.71	3313.98	4850	0	24
2025.04.28	04:00:00	3313.98	3314.90	3279.01	3280.94	8155	0	24
2025.04.28	05:00:00	3280.89	3286.46	3267.87	3280.85	6676	0	24
2025.04.28	06:00:00	3280.90	3294.94	3280.36	3290.84	4439	0	24
2025.04.28	07:00:00	3290.78	3299.05	3288.52	3298.92	3113	0	24
2025.04.28	08:00:00	3299.04	3300.94	3287.88	3295.00	4088	0	24
2025.04.28	09:00:00	3295.02	3296.47	3281.95	3283.27	5588	0	21
2025.04.28	10:00:00	3283.36	3292.41	3277.64	3287.43	5304	0	21
2025.04.28	11:00:00	3286.76	3288.50	3279.17	3282.56	4036	0	21
2025.04.28	12:00:00	3282.56	3287.24	3274.44	3274.52	4459	0	21
2025.04.28	13:00:00	3274.52	3291.90	3273.16	3289.57	4926	0	21
2025.04.28	14:00:00	3289.57	3297.11	3284.87	3294.15	4648	0	21
2025.04.28	15:00:00	3294.12	3302.31	3292.73	3296.00	6037	0	21
2025.04.28	16:00:00	3296.12	3301.09	3286.93	3293.04	8173	0	21
2025.04.28	17:00:00	3293.41	3332.97	3293.41	3328.55	9012	0	21
2025.04.28	18:00:00	3328.67	3335.88	3318.97	3324.97	7395	0	21
2025.04.28	19:00:00	3325.00	3339.16	3324.62	3336.59	6046	0	21
2025.04.28	20:00:00	3336.71	3340.10	3333.14	3335.31	5104	0	21
2025.04.28	21:00:00	3335.22	3349.93	3333.93	3348.96	5399	0	21
2025.04.28	22:00:00	3349.00	3352.95	3345.54	3352.04	4325	0	21
2025.04.28	23:00:00	3352.04	3352.10	3341.98	3342.84	1801	0	24
2025.04.29	01:00:00	3345.24	3345.25	3331.92	3337.96	2747	0	24
2025.04.29	02:00:00	3337.92	3342.75	3333.70	3337.63	3366	0	24
2025.04.29	03:00:00	3337.63	3339.00	3327.69	3329.91	4102	0	24
2025.04.29	04:00:00	3329.56	3339.89	3322.69	3326.43	6265	0	24
2025.04.29	05:00:00	3326.15	3333.90	3319.42	3320.53	5194	0	24
2025.04.29	06:00:00	3320.50	3321.56	3307.88	3315.95	5427	0	24
2025.04.29	07:00:00	3315.94	3318.00	3306.67	3309.25	3409	0	24
2025.04.29	08:00:00	3309.23	3316.43	3304.98	3310.23	5192	0	24
2025.04.29	09:00:00	3310.23	3323.89	3308.83	3318.71	5345	0	21
2025.04.29	10:00:00	3318.63	3323.14	3312.29	3322.77	4644	0	21
2025.04.29	11:00:00	3323.19	3324.83	3311.68	3311.80	4021	0	21
2025.04.29	12:00:00	3311.81	3315.91	3308.72	3309.21	4340	0	21
2025.04.29	13:00:00	3309.03	3315.65	3306.16	3312.89	4453	0	21
2025.04.29	14:00:00	3312.84	3316.00	3307.93	3309.32	4045	0	21
2025.04.29	15:00:00	3309.25	3314.63	3300.40	3312.80	6402	0	21
2025.04.29	16:00:00	3312.52	3321.23	3299.75	3306.61	8745	0	21
2025.04.29	17:00:00	3306.57	3317.71	3299.67	3314.52	7697	0	21
2025.04.29	18:00:00	3314.58	3315.64	3305.24	3312.41	6031	0	21
2025.04.29	19:00:00	3312.41	3330.03	3312.18	3328.71	5299	0	21
2025.04.29	20:00:00	3328.81	3329.66	3314.14	3314.30	4750	0	21
2025.04.29	21:00:00	3314.30	3320.03	3313.22	3319.90	3539	0	21
2025.04.29	22:00:00	3319.90	3324.97	3317.90	3320.49	3594	0	21
2025.04.29	23:00:00	3320.24	3323.42	3317.15	3318.40	1684	0	24
2025.04.30	01:00:00	3317.59	3322.73	3315.89	3318.88	1647	0	24
2025.04.30	02:00:00	3318.88	3319.27	3310.95	3317.02	2105	0	24
2025.04.30	03:00:00	3317.22	3327.97	3311.43	3313.17	4149	0	24
2025.04.30	04:00:00	3313.18	3322.74	3307.75	3308.05	5946	0	24
2025.04.30	05:00:00	3307.74	3313.07	3305.03	3306.63	4781	0	24
2025.04.30	06:00:00	3306.63	3311.25	3303.56	3304.55	3829	0	24
2025.04.30	07:00:00	3304.56	3308.84	3301.19	3307.90	3885	0	24
2025.04.30	08:00:00	3307.90	3314.64	3307.57	3309.71	4636	0	24
2025.04.30	09:00:00	3309.46	3311.25	3304.90	3305.89	4837	0	21
2025.04.30	10:00:00	3305.89	3314.51	3303.01	3307.13	4618	0	21
2025.04.30	11:00:00	3307.12	3307.56	3280.28	3284.40	6549	0	21
2025.04.30	12:00:00	3284.40	3286.86	3275.01	3275.91	5227	0	21
2025.04.30	13:00:00	3275.60	3280.82	3271.79	3272.55	4597	0	21
2025.04.30	14:00:00	3272.58	3281.58	3268.26	3272.33	4971	0	21
2025.04.30	15:00:00	3272.26	3304.81	3266.79	3298.64	8221	0	21
2025.04.30	16:00:00	3298.59	3319.71	3296.14	3309.13	8103	0	21
2025.04.30	17:00:00	3308.74	3313.74	3292.91	3310.00	9283	0	21
2025.04.30	18:00:00	3309.86	3314.57	3298.97	3307.99	7559	0	21
2025.04.30	19:00:00	3308.00	3314.23	3307.14	3310.80	5703	0	21
2025.04.30	20:00:00	3310.85	3313.55	3304.93	3305.24	4638	0	21
2025.04.30	21:00:00	3305.23	3307.72	3300.35	3301.68	4420	0	21
2025.04.30	22:00:00	3301.68	3305.66	3292.12	3295.67	4453	0	21
2025.04.30	23:00:00	3295.77	3297.85	3283.03	3290.31	2961	0	24
2025.05.01	01:00:00	3285.30	3287.87	3271.38	3273.89	3674	0	24
2025.05.01	02:00:00	3274.17	3285.13	3269.75	3272.75	3775	0	24
2025.05.01	03:00:00	3273.07	3276.30	3241.25	3246.49	6467	0	21
2025.05.01	04:00:00	3246.49	3251.19	3234.32	3238.84	5358	0	24
2025.05.01	05:00:00	3238.84	3251.65	3235.11	3241.49	4343	0	24
2025.05.01	06:00:00	3241.37	3242.60	3228.87	3229.41	4714	0	24
2025.05.01	07:00:00	3229.51	3231.88	3221.24	3226.60	4483	0	24
2025.05.01	08:00:00	3226.58	3238.73	3223.33	3236.62	4769	0	24
2025.05.01	09:00:00	3236.62	3243.16	3233.77	3235.68	5512	0	21
2025.05.01	10:00:00	3235.68	3237.03	3226.05	3230.06	5142	0	21
2025.05.01	11:00:00	3229.90	3236.58	3229.90	3235.16	3862	0	21
2025.05.01	12:00:00	3235.16	3236.19	3215.67	3218.49	4977	0	21
2025.05.01	13:00:00	3218.54	3225.23	3213.48	3222.94	5224	0	21
2025.05.01	14:00:00	3222.89	3227.04	3203.41	3205.49	5719	0	21
2025.05.01	15:00:00	3205.36	3232.63	3201.92	3226.85	8110	0	21
2025.05.01	16:00:00	3226.59	3233.23	3219.05	3224.48	7876	0	21
2025.05.01	17:00:00	3222.48	3231.43	3214.26	3219.05	8690	0	21
2025.05.01	18:00:00	3219.03	3221.80	3204.88	3216.35	6944	0	22
2025.05.01	19:00:00	3216.35	3220.67	3208.94	3219.58	6013	0	21
2025.05.01	20:00:00	3219.58	3220.86	3209.81	3214.61	5021	0	21
2025.05.01	21:00:00	3214.46	3226.83	3212.87	3223.85	4524	0	21
2025.05.01	22:00:00	3223.85	3229.70	3223.85	3228.13	4031	0	21
2025.05.01	23:00:00	3228.60	3239.32	3227.99	3237.30	2735	0	24
2025.05.02	01:00:00	3239.09	3243.28	3232.60	3237.89	2489	0	24
2025.05.02	02:00:00	3237.94	3241.44	3234.36	3237.26	2552	0	24
2025.05.02	03:00:00	3237.43	3244.16	3227.40	3231.33	5243	0	24
2025.05.02	04:00:00	3231.37	3237.41	3231.24	3236.30	4985	0	24
2025.05.02	05:00:00	3236.38	3249.13	3235.80	3248.06	4556	0	24
2025.05.02	06:00:00	3248.05	3258.56	3245.79	3254.92	4456	0	24
2025.05.02	07:00:00	3254.92	3257.42	3250.45	3251.81	3783	0	24
2025.05.02	08:00:00	3251.81	3256.80	3249.56	3251.76	3608	0	24
2025.05.02	09:00:00	3251.76	3262.31	3246.34	3252.82	5382	0	21
2025.05.02	10:00:00	3252.81	3263.23	3251.52	3258.97	4930	0	21
2025.05.02	11:00:00	3259.13	3261.51	3255.28	3258.09	4234	0	21
2025.05.02	12:00:00	3258.09	3266.99	3255.10	3265.18	4833	0	21
2025.05.02	13:00:00	3265.22	3265.60	3257.32	3259.41	4533	0	21
2025.05.02	14:00:00	3259.43	3269.20	3258.11	3262.67	4947	0	21
2025.05.02	15:00:00	3262.66	3264.82	3250.32	3250.41	7414	0	21
2025.05.02	16:00:00	3250.29	3259.59	3239.46	3250.49	9619	0	21
2025.05.02	17:00:00	3250.40	3264.45	3242.18	3262.77	8697	0	21
2025.05.02	18:00:00	3262.82	3264.21	3230.25	3231.55	8083	0	21
2025.05.02	19:00:00	3231.55	3236.25	3222.79	3224.88	8082	0	21
2025.05.02	20:00:00	3224.96	3239.81	3223.48	3231.41	6058	0	21
2025.05.02	21:00:00	3231.50	3232.34	3224.18	3226.35	3914	0	21
2025.05.02	22:00:00	3226.30	3234.56	3226.30	3233.63	4431	0	21
2025.05.02	23:00:00	3233.82	3241.23	3232.67	3238.68	2136	0	24
2025.05.05	01:00:00	3238.61	3244.12	3237.73	3239.43	2813	0	24
2025.05.05	02:00:00	3239.43	3252.26	3238.87	3248.00	3715	0	24
2025.05.05	03:00:00	3247.94	3248.50	3241.05	3246.67	3505	0	24
2025.05.05	04:00:00	3247.15	3270.98	3246.48	3264.58	6048	0	24
2025.05.05	05:00:00	3264.59	3272.32	3259.71	3270.03	5113	0	24
2025.05.05	06:00:00	3269.82	3271.25	3252.96	3254.40	4376	0	24
2025.05.05	07:00:00	3254.40	3259.46	3253.60	3256.51	3035	0	24
2025.05.05	08:00:00	3256.45	3261.92	3254.01	3259.63	3472	0	24
2025.05.05	09:00:00	3259.63	3265.68	3256.74	3261.64	4124	0	21
2025.05.05	10:00:00	3262.28	3267.76	3258.68	3264.69	4301	0	21
2025.05.05	11:00:00	3264.65	3282.94	3263.13	3282.39	5492	0	21
2025.05.05	12:00:00	3282.69	3308.98	3282.24	3308.53	7198	0	21
2025.05.05	13:00:00	3308.67	3318.61	3308.52	3313.28	6005	0	21
2025.05.05	14:00:00	3313.28	3318.92	3311.34	3312.95	5101	0	21
2025.05.05	15:00:00	3312.85	3322.53	3312.85	3319.58	6579	0	21
2025.05.05	16:00:00	3319.58	3320.94	3311.92	3314.97	6651	0	21
2025.05.05	17:00:00	3313.10	3328.70	3309.84	3312.67	8045	0	21
2025.05.05	18:00:00	3312.67	3317.86	3309.01	3312.02	6272	0	21
2025.05.05	19:00:00	3311.98	3313.61	3305.65	3309.80	5632	0	21
2025.05.05	20:00:00	3309.80	3318.16	3309.16	3317.09	4876	0	21
2025.05.05	21:00:00	3317.08	3323.42	3313.87	3323.18	4497	0	21
2025.05.05	22:00:00	3323.19	3337.55	3322.79	3328.66	5991	0	21
2025.05.05	23:00:00	3328.66	3333.81	3328.55	3331.26	2396	0	24
2025.05.06	01:00:00	3333.33	3333.91	3327.43	3330.66	2388	0	24
2025.05.06	02:00:00	3330.72	3334.95	3328.92	3334.01	2512	0	24
2025.05.06	03:00:00	3334.05	3334.24	3323.33	3329.65	4990	0	24
2025.05.06	04:00:00	3329.69	3381.67	3329.69	3379.55	9839	0	24
2025.05.06	05:00:00	3379.54	3386.77	3356.43	3358.27	8243	0	24
2025.05.06	06:00:00	3358.32	3372.30	3352.29	3360.24	6410	0	24
2025.05.06	07:00:00	3360.24	3365.95	3356.05	3363.01	4526	0	24
2025.05.06	08:00:00	3363.03	3363.78	3350.08	3361.98	5537	0	24
2025.05.06	09:00:00	3361.98	3367.78	3358.69	3364.76	6280	0	21
2025.05.06	10:00:00	3364.69	3379.49	3364.69	3371.25	6208	0	21
2025.05.06	11:00:00	3371.25	3383.10	3368.52	3377.11	5694	0	21
2025.05.06	12:00:00	3377.09	3383.12	3371.39	3383.06	5285	0	21
2025.05.06	13:00:00	3383.10	3383.73	3376.66	3383.59	5086	0	21
2025.05.06	14:00:00	3383.53	3384.92	3373.74	3379.07	5605	0	21
2025.05.06	15:00:00	3379.13	3392.32	3373.06	3391.02	7072	0	21
2025.05.06	16:00:00	3391.25	3397.60	3387.73	3391.77	8909	0	21
2025.05.06	17:00:00	3391.74	3398.14	3378.21	3386.28	8911	0	21
2025.05.06	18:00:00	3386.25	3399.79	3385.32	3395.05	6508	0	21
2025.05.06	19:00:00	3395.05	3411.62	3394.69	3408.75	6964	0	21
2025.05.06	20:00:00	3408.81	3417.77	3407.52	3413.95	6607	0	21
2025.05.06	21:00:00	3413.95	3417.46	3410.17	3415.61	4463	0	21
2025.05.06	22:00:00	3415.61	3424.06	3412.58	3423.11	5151	0	21
2025.05.06	23:00:00	3423.11	3430.86	3419.19	3430.14	3444	0	24
2025.05.07	01:00:00	3416.74	3421.67	3380.56	3381.77	7075	0	24
2025.05.07	02:00:00	3381.84	3404.46	3377.28	3400.64	5890	0	24
2025.05.07	03:00:00	3400.93	3401.40	3360.76	3379.68	8581	0	24
2025.05.07	04:00:00	3379.32	3385.06	3360.08	3374.71	8398	0	24
2025.05.07	05:00:00	3374.58	3393.69	3371.98	3390.53	6703	0	24
2025.05.07	06:00:00	3390.46	3392.47	3369.89	3375.44	4842	0	24
2025.05.07	07:00:00	3375.44	3387.37	3375.13	3382.07	4030	0	24
2025.05.07	08:00:00	3382.08	3389.25	3378.55	3387.78	4630	0	24
2025.05.07	09:00:00	3387.80	3395.82	3387.40	3392.45	5098	0	21
2025.05.07	10:00:00	3392.27	3397.40	3383.78	3387.95	5185	0	21
2025.05.07	11:00:00	3387.99	3388.66	3378.17	3382.82	5081	0	21
2025.05.07	12:00:00	3382.77	3385.13	3369.77	3370.02	5072	0	21
2025.05.07	13:00:00	3369.81	3393.32	3369.33	3391.27	5677	0	21
2025.05.07	14:00:00	3391.27	3391.43	3383.60	3386.95	4677	0	23
2025.05.07	15:00:00	3386.79	3393.78	3384.01	3390.85	6200	0	23
2025.05.07	16:00:00	3390.85	3398.00	3381.48	3394.27	8109	0	23
2025.05.07	17:00:00	3393.60	3394.64	3375.68	3385.69	7799	0	23
2025.05.07	18:00:00	3385.78	3389.52	3381.92	3385.02	6106	0	23
2025.05.07	19:00:00	3385.12	3389.69	3378.76	3386.81	4572	0	23
2025.05.07	20:00:00	3386.81	3389.71	3383.69	3384.32	4354	0	23
2025.05.07	21:00:00	3384.13	3397.88	3375.95	3384.58	8455	0	23
2025.05.07	22:00:00	3384.92	3386.86	3363.72	3371.88	7912	0	23
2025.05.07	23:00:00	3372.20	3374.52	3364.61	3366.59	2904	0	26
2025.05.08	01:00:00	3372.35	3373.84	3366.68	3369.97	2497	0	26
2025.05.08	02:00:00	3369.99	3377.00	3369.57	3376.29	2463	0	26
2025.05.08	03:00:00	3376.41	3386.82	3373.79	3380.40	4748	0	26
2025.05.08	04:00:00	3380.49	3409.69	3379.08	3409.03	7753	0	26
2025.05.08	05:00:00	3408.61	3414.52	3401.99	3401.99	6660	0	26
2025.05.08	06:00:00	3401.94	3408.32	3395.62	3396.95	5483	0	26
2025.05.08	07:00:00	3396.77	3399.23	3381.97	3382.04	4936	0	26
2025.05.08	08:00:00	3382.04	3384.12	3354.74	3355.18	7242	0	26
2025.05.08	09:00:00	3355.25	3361.82	3320.22	3329.87	9421	0	23
2025.05.08	10:00:00	3329.63	3349.23	3327.22	3342.73	6776	0	23
2025.05.08	11:00:00	3343.05	3344.17	3337.03	3339.31	4873	0	23
2025.05.08	12:00:00	3339.25	3344.25	3331.26	3331.99	5351	0	23
2025.05.08	13:00:00	3331.97	3346.63	3330.40	3342.46	5807	0	23
2025.05.08	14:00:00	3342.46	3345.49	3339.22	3344.26	4596	0	23
2025.05.08	15:00:00	3344.25	3358.54	3342.94	3356.13	6895	0	23
2025.05.08	16:00:00	3356.11	3369.45	3354.62	3355.98	8012	0	23
2025.05.08	17:00:00	3355.98	3362.86	3350.80	3356.41	7868	0	23
2025.05.08	18:00:00	3356.42	3359.99	3326.59	3330.48	8672	0	23
2025.05.08	19:00:00	3330.18	3330.27	3304.38	3310.30	8513	0	23
2025.05.08	20:00:00	3310.30	3311.13	3297.69	3308.29	7028	0	23
2025.05.08	21:00:00	3308.34	3310.87	3305.60	3308.35	4556	0	23
2025.05.08	22:00:00	3308.35	3309.92	3288.69	3306.30	5867	0	23
2025.05.08	23:00:00	3307.00	3310.74	3303.52	3307.62	2525	0	26
2025.05.09	01:00:00	3310.32	3323.89	3310.30	3323.77	3659	0	26
2025.05.09	02:00:00	3323.63	3323.95	3311.56	3316.28	3479	0	26
2025.05.09	03:00:00	3316.29	3322.96	3308.79	3322.07	5452	0	26
2025.05.09	04:00:00	3322.13	3322.30	3286.69	3291.20	8386	0	26
2025.05.09	05:00:00	3291.19	3308.55	3274.60	3308.28	8235	0	26
2025.05.09	06:00:00	3308.38	3313.32	3299.62	3308.05	5742	0	26
2025.05.09	07:00:00	3308.05	3327.30	3308.05	3324.56	4430	0	26
2025.05.09	08:00:00	3324.56	3330.16	3312.45	3321.39	5741	0	26
2025.05.09	09:00:00	3321.39	3326.74	3315.31	3325.41	5777	0	23
2025.05.09	10:00:00	3325.28	3332.18	3322.39	3327.18	5372	0	23
2025.05.09	11:00:00	3327.45	3328.90	3320.22	3328.51	4987	0	23
2025.05.09	12:00:00	3328.51	3329.22	3323.46	3325.15	3891	0	23
2025.05.09	13:00:00	3325.19	3329.78	3321.96	3323.33	4022	0	23
2025.05.09	14:00:00	3323.34	3338.30	3323.25	3332.97	5497	0	23
2025.05.09	15:00:00	3332.97	3335.64	3328.95	3333.61	6094	0	23
2025.05.09	16:00:00	3333.59	3340.36	3328.72	3330.70	8196	0	23
2025.05.09	17:00:00	3330.88	3341.08	3320.27	3337.10	8468	0	23
2025.05.09	18:00:00	3337.06	3346.06	3336.05	3345.01	6551	0	23
2025.05.09	19:00:00	3345.08	3347.50	3336.28	3336.75	5156	0	23
2025.05.09	20:00:00	3336.75	3342.46	3335.95	3340.89	4114	0	23
2025.05.09	21:00:00	3340.91	3342.91	3336.15	3338.64	2975	0	23
2025.05.09	22:00:00	3338.68	3339.79	3325.42	3328.77	3987	0	23
2025.05.09	23:00:00	3328.66	3330.24	3326.82	3327.63	1918	0	26
2025.05.12	01:00:00	3288.50	3292.35	3266.97	3272.54	4433	0	26
2025.05.12	02:00:00	3272.51	3288.94	3265.88	3287.52	5292	0	26
2025.05.12	03:00:00	3287.69	3289.88	3272.07	3279.05	5382	0	26
2025.05.12	04:00:00	3279.04	3282.07	3258.80	3271.85	8430	0	26
2025.05.12	05:00:00	3271.85	3279.67	3269.46	3272.06	6238	0	26
2025.05.12	06:00:00	3272.04	3284.59	3270.46	3283.26	4975	0	26
2025.05.12	07:00:00	3283.26	3283.57	3275.58	3278.75	3843	0	26
2025.05.12	08:00:00	3278.75	3279.57	3268.49	3276.04	5060	0	26
2025.05.12	09:00:00	3276.04	3281.54	3272.98	3277.59	6378	0	23
2025.05.12	10:00:00	3277.35	3277.76	3216.14	3222.79	10710	0	23
2025.05.12	11:00:00	3223.64	3234.34	3220.77	3231.50	8432	0	23
2025.05.12	12:00:00	3231.17	3231.19	3213.01	3215.21	6109	0	23
2025.05.12	13:00:00	3215.05	3219.41	3207.69	3208.02	6557	0	23
2025.05.12	14:00:00	3208.03	3229.17	3207.86	3224.81	6684	0	23
2025.05.12	15:00:00	3224.64	3234.11	3220.35	3233.67	6732	0	23
2025.05.12	16:00:00	3233.77	3248.65	3231.80	3240.80	10102	0	23
2025.05.12	17:00:00	3240.13	3247.73	3233.41	3237.54	9418	0	23
2025.05.12	18:00:00	3237.63	3243.98	3232.72	3239.31	6944	0	23
2025.05.12	19:00:00	3239.19	3240.02	3223.35	3224.20	6036	0	23
2025.05.12	20:00:00	3224.20	3227.52	3221.09	3223.24	4804	0	23
2025.05.12	21:00:00	3223.24	3230.00	3220.31	3229.55	3885	0	23
2025.05.12	22:00:00	3229.55	3238.77	3228.76	3235.37	4852	0	23
2025.05.12	23:00:00	3235.32	3238.34	3232.55	3235.04	1769	0	26
2025.05.13	01:00:00	3237.38	3237.96	3229.84	3233.87	2667	0	26
2025.05.13	02:00:00	3233.86	3240.01	3233.39	3236.80	2664	0	26
2025.05.13	03:00:00	3236.82	3243.27	3233.75	3239.88	4919	0	26
2025.05.13	04:00:00	3239.88	3243.28	3215.80	3225.07	7365	0	26
2025.05.13	05:00:00	3225.26	3241.22	3223.13	3228.74	6042	0	26
2025.05.13	06:00:00	3228.77	3238.32	3228.15	3236.67	4672	0	26
2025.05.13	07:00:00	3236.67	3253.36	3234.86	3252.53	4130	0	26
2025.05.13	08:00:00	3252.49	3260.50	3251.14	3256.42	5405	0	26
2025.05.13	09:00:00	3256.65	3265.12	3247.30	3262.15	5861	0	23
2025.05.13	10:00:00	3262.32	3264.93	3254.27	3259.05	5065	0	23
2025.05.13	11:00:00	3259.15	3261.06	3250.33	3255.53	4882	0	23
2025.05.13	12:00:00	3255.50	3256.57	3250.51	3253.28	4095	0	23
2025.05.13	13:00:00	3253.28	3256.20	3251.05	3252.82	3341	0	23
2025.05.13	14:00:00	3252.85	3258.54	3248.64	3249.10	4521	0	23
2025.05.13	15:00:00	3249.42	3249.76	3237.31	3241.79	8193	0	23
2025.05.13	16:00:00	3241.58	3246.83	3227.17	3227.34	8849	0	23
2025.05.13	17:00:00	3227.46	3248.63	3225.39	3242.66	8395	0	23
2025.05.13	18:00:00	3242.66	3255.82	3241.99	3253.31	6867	0	23
2025.05.13	19:00:00	3253.20	3257.79	3248.60	3251.02	5404	0	23
2025.05.13	20:00:00	3251.02	3252.60	3242.02	3247.07	4782	0	23
2025.05.13	21:00:00	3247.01	3250.82	3245.76	3248.70	3876	0	23
2025.05.13	22:00:00	3248.85	3251.06	3246.29	3249.23	3303	0	23
2025.05.13	23:00:00	3249.42	3254.62	3247.96	3251.12	1704	0	26
2025.05.14	01:00:00	3251.80	3254.56	3249.44	3254.49	1667	0	26
2025.05.14	02:00:00	3254.47	3256.98	3252.00	3254.24	2046	0	26
2025.05.14	03:00:00	3254.24	3254.52	3240.48	3243.67	5345	0	26
2025.05.14	04:00:00	3243.71	3251.84	3237.27	3238.93	7305	0	26
2025.05.14	05:00:00	3238.87	3241.46	3229.22	3232.68	6402	0	26
2025.05.14	06:00:00	3232.68	3233.51	3226.12	3228.35	5559	0	26
2025.05.14	07:00:00	3228.35	3230.25	3222.47	3223.80	4860	0	26
2025.05.14	08:00:00	3223.78	3234.25	3221.48	3233.63	4880	0	26
2025.05.14	09:00:00	3233.81	3236.62	3227.66	3228.57	5452	0	23
2025.05.14	10:00:00	3228.68	3238.75	3224.24	3238.01	5949	0	23
2025.05.14	11:00:00	3237.79	3243.77	3230.50	3232.53	6477	0	23
2025.05.14	12:00:00	3232.61	3236.46	3229.09	3232.23	5896	0	23
2025.05.14	13:00:00	3232.22	3236.43	3229.57	3235.60	4904	0	23
2025.05.14	14:00:00	3235.59	3239.08	3219.42	3220.08	5468	0	23
2025.05.14	15:00:00	3220.09	3222.42	3184.15	3184.73	9433	0	23
2025.05.14	16:00:00	3184.72	3198.22	3174.78	3191.39	10489	0	23
2025.05.14	17:00:00	3191.37	3194.25	3179.43	3181.86	8958	0	23
2025.05.14	18:00:00	3181.84	3186.62	3179.10	3182.55	7633	0	23
2025.05.14	19:00:00	3183.02	3190.84	3173.95	3188.47	7021	0	23
2025.05.14	20:00:00	3188.45	3190.44	3180.88	3181.86	6090	0	23
2025.05.14	21:00:00	3182.24	3182.99	3171.67	3171.80	5109	0	23
2025.05.14	22:00:00	3171.81	3181.47	3167.96	3180.54	5528	0	23
2025.05.14	23:00:00	3180.68	3183.08	3178.34	3181.37	2156	0	26
2025.05.15	01:00:00	3180.48	3183.81	3180.08	3182.69	2173	0	26
2025.05.15	02:00:00	3182.66	3187.29	3181.17	3186.07	2528	0	26
2025.05.15	03:00:00	3186.02	3187.80	3180.12	3187.68	4336	0	26
2025.05.15	04:00:00	3187.68	3192.62	3171.28	3172.33	6916	0	26
2025.05.15	05:00:00	3172.33	3175.41	3150.09	3154.16	7547	0	26
2025.05.15	06:00:00	3153.94	3156.97	3148.28	3150.54	5732	0	26
2025.05.15	07:00:00	3150.38	3152.54	3135.43	3138.51	4968	0	26
2025.05.15	08:00:00	3138.61	3142.89	3123.47	3128.88	6320	0	26
2025.05.15	09:00:00	3128.92	3153.83	3120.81	3149.80	8259	0	23
2025.05.15	10:00:00	3149.79	3151.96	3130.64	3142.27	7508	0	23
2025.05.15	11:00:00	3142.12	3164.06	3139.09	3162.53	6803	0	23
2025.05.15	12:00:00	3162.48	3171.56	3159.24	3165.23	6370	0	23
2025.05.15	13:00:00	3165.23	3179.00	3164.07	3178.27	5743	0	23
2025.05.15	14:00:00	3178.24	3179.94	3172.45	3179.06	5312	0	23
2025.05.15	15:00:00	3179.13	3189.82	3177.52	3188.85	7876	0	23
2025.05.15	16:00:00	3188.85	3199.72	3185.16	3192.15	9505	0	23
2025.05.15	17:00:00	3192.03	3207.05	3190.06	3205.38	9004	0	23
2025.05.15	18:00:00	3205.36	3219.96	3204.65	3219.74	7436	0	23
2025.05.15	19:00:00	3219.74	3222.59	3215.86	3222.40	4830	0	23
2025.05.15	20:00:00	3222.43	3229.11	3216.41	3221.14	5234	0	23
2025.05.15	21:00:00	3221.28	3225.93	3219.79	3223.23	3791	0	23
2025.05.15	22:00:00	3223.26	3232.64	3222.30	3231.82	4293	0	23
2025.05.15	23:00:00	3231.90	3239.47	3231.01	3237.16	2432	0	26
2025.05.16	01:00:00	3241.66	3252.03	3241.50	3251.10	3273	0	26
2025.05.16	02:00:00	3251.10	3251.16	3236.47	3237.07	4158	0	26
2025.05.16	03:00:00	3237.05	3243.85	3231.97	3243.03	5600	0	26
2025.05.16	04:00:00	3243.03	3244.38	3214.94	3222.25	7549	0	26
2025.05.16	05:00:00	3222.15	3227.49	3212.78	3215.37	5578	0	26
2025.05.16	06:00:00	3215.27	3217.30	3206.42	3211.87	5560	0	26
2025.05.16	07:00:00	3211.76	3222.13	3211.68	3219.57	4058	0	26
2025.05.16	08:00:00	3219.48	3222.19	3211.88	3218.55	4939	0	26
2025.05.16	09:00:00	3218.54	3231.10	3212.78	3214.85	6453	0	23
2025.05.16	10:00:00	3214.85	3217.97	3205.31	3207.61	6058	0	23
2025.05.16	11:00:00	3207.54	3209.24	3195.47	3207.30	5522	0	23
2025.05.16	12:00:00	3207.30	3212.83	3203.69	3209.16	4667	0	23
2025.05.16	13:00:00	3209.16	3210.94	3169.14	3175.49	6395	0	23
2025.05.16	14:00:00	3175.96	3179.14	3154.22	3163.03	6885	0	23
2025.05.16	15:00:00	3163.15	3181.98	3154.90	3177.39	7816	0	23
2025.05.16	16:00:00	3177.61	3186.53	3169.38	3180.72	8700	0	23
2025.05.16	17:00:00	3180.53	3187.99	3165.89	3173.22	8300	0	23
2025.05.16	18:00:00	3173.24	3185.03	3172.71	3183.48	6144	0	23
2025.05.16	19:00:00	3183.48	3189.70	3180.47	3189.29	5269	0	24
2025.05.16	20:00:00	3189.29	3192.13	3183.38	3189.38	4932	0	23
2025.05.16	21:00:00	3189.57	3191.15	3184.80	3187.40	3449	0	23
2025.05.16	22:00:00	3187.46	3195.70	3187.46	3192.59	3922	0	23
2025.05.16	23:00:00	3192.54	3202.68	3192.09	3201.87	2686	0	26
2025.05.19	01:00:00	3215.86	3240.63	3211.94	3239.01	4497	0	28
2025.05.19	02:00:00	3238.98	3245.15	3226.62	3234.76	4460	0	26
2025.05.19	03:00:00	3234.85	3249.71	3233.46	3246.44	4937	0	26
2025.05.19	04:00:00	3246.32	3246.50	3214.56	3218.32	7440	0	26
2025.05.19	05:00:00	3218.32	3229.99	3217.06	3228.42	5072	0	26
2025.05.19	06:00:00	3228.62	3230.46	3208.12	3212.16	4019	0	26
2025.05.19	07:00:00	3212.16	3218.14	3206.57	3215.84	3032	0	26
2025.05.19	08:00:00	3215.84	3224.27	3214.92	3223.97	3786	0	26
2025.05.19	09:00:00	3224.01	3231.54	3220.21	3224.16	5445	0	23
2025.05.19	10:00:00	3224.02	3234.47	3224.02	3232.35	5332	0	23
2025.05.19	11:00:00	3232.36	3244.87	3229.94	3244.40	4477	0	23
2025.05.19	12:00:00	3244.54	3247.57	3233.59	3241.95	4723	0	23
2025.05.19	13:00:00	3242.03	3245.22	3234.11	3241.70	3717	0	23
2025.05.19	14:00:00	3241.70	3248.43	3239.01	3243.80	3370	0	23
2025.05.19	15:00:00	3243.80	3244.39	3228.85	3229.25	5192	0	23
2025.05.19	16:00:00	3229.46	3241.53	3224.64	3229.94	7874	0	23
2025.05.19	17:00:00	3229.99	3236.08	3217.12	3233.96	7326	0	23
2025.05.19	18:00:00	3233.96	3239.81	3229.57	3231.55	5337	0	23
2025.05.19	19:00:00	3231.54	3234.22	3228.07	3231.76	3807	0	23
2025.05.19	20:00:00	3231.76	3233.15	3225.50	3226.39	3843	0	23
2025.05.19	21:00:00	3226.36	3235.14	3225.28	3233.44	2963	0	23
2025.05.19	22:00:00	3233.44	3235.77	3231.52	3233.08	2984	0	23
2025.05.19	23:00:00	3233.21	3233.63	3227.97	3230.63	1510	0	26
2025.05.20	01:00:00	3228.02	3230.34	3224.57	3226.74	1395	0	26
2025.05.20	02:00:00	3226.93	3227.34	3218.95	3222.40	2277	0	26
2025.05.20	03:00:00	3222.50	3224.03	3214.02	3222.65	4199	0	26
2025.05.20	04:00:00	3222.68	3232.57	3220.46	3221.19	6635	0	26
2025.05.20	05:00:00	3221.19	3222.94	3206.42	3206.66	5936	0	26
2025.05.20	06:00:00	3206.68	3214.09	3204.56	3211.45	4457	0	26
2025.05.20	07:00:00	3211.36	3217.99	3211.23	3217.13	3233	0	26
2025.05.20	08:00:00	3217.00	3219.74	3209.83	3213.86	4356	0	26
2025.05.20	09:00:00	3213.86	3219.16	3208.68	3209.72	5263	0	23
2025.05.20	10:00:00	3209.79	3225.34	3207.92	3222.77	4523	0	23
2025.05.20	11:00:00	3222.71	3235.81	3218.20	3235.81	4459	0	23
2025.05.20	12:00:00	3235.83	3239.38	3230.53	3236.30	4630	0	23
2025.05.20	13:00:00	3236.26	3238.31	3231.79	3235.22	2911	0	23
2025.05.20	14:00:00	3235.22	3241.57	3235.12	3241.22	4023	0	23
2025.05.20	15:00:00	3241.23	3250.68	3234.36	3242.73	6025	0	23
2025.05.20	16:00:00	3242.75	3261.63	3232.90	3261.19	8116	0	23
2025.05.20	17:00:00	3261.19	3285.70	3260.71	3282.47	9918	0	23
2025.05.20	18:00:00	3282.87	3283.50	3273.34	3277.19	6419	0	23
2025.05.20	19:00:00	3277.16	3282.53	3275.14	3278.79	4222	0	23
2025.05.20	20:00:00	3278.75	3287.85	3278.32	3286.40	4277	0	23
2025.05.20	21:00:00	3286.47	3289.66	3283.83	3287.62	3914	0	23
2025.05.20	22:00:00	3287.49	3295.04	3287.11	3294.04	3924	0	23
2025.05.20	23:00:00	3294.07	3295.68	3289.14	3290.04	2042	0	26
2025.05.21	01:00:00	3292.38	3304.11	3292.38	3296.73	3556	0	26
2025.05.21	02:00:00	3296.73	3296.75	3288.55	3290.65	3052	0	26
2025.05.21	03:00:00	3290.59	3304.11	3288.91	3303.40	4383	0	26
2025.05.21	04:00:00	3303.40	3314.40	3285.27	3294.15	7825	0	26
2025.05.21	05:00:00	3294.06	3305.11	3289.20	3301.67	5744	0	26
2025.05.21	06:00:00	3301.67	3309.68	3299.21	3307.45	4213	0	26
2025.05.21	07:00:00	3307.45	3308.18	3301.16	3302.01	3511	0	26
2025.05.21	08:00:00	3301.92	3319.52	3298.33	3316.28	5061	0	26
2025.05.21	09:00:00	3316.30	3320.60	3310.84	3320.03	6286	0	23
2025.05.21	10:00:00	3320.05	3320.05	3307.75	3309.81	5286	0	23
2025.05.21	11:00:00	3309.91	3312.23	3303.88	3308.39	4423	0	23
2025.05.21	12:00:00	3308.44	3313.52	3307.05	3313.52	3815	0	23
2025.05.21	13:00:00	3313.52	3318.25	3308.62	3311.75	4643	0	23
2025.05.21	14:00:00	3311.75	3316.34	3306.53	3311.16	4639	0	23
2025.05.21	15:00:00	3311.15	3312.58	3290.54	3302.59	7707	0	23
2025.05.21	16:00:00	3303.04	3309.44	3295.34	3303.64	8102	0	23
2025.05.21	17:00:00	3303.27	3307.69	3295.23	3304.36	7376	0	23
2025.05.21	18:00:00	3304.40	3315.17	3303.51	3311.88	6123	0	23
2025.05.21	19:00:00	3311.88	3314.64	3302.68	3303.02	4721	0	23
2025.05.21	20:00:00	3302.99	3316.39	3302.70	3316.37	6132	0	23
2025.05.21	21:00:00	3316.35	3316.46	3311.95	3314.33	3752	0	23
2025.05.21	22:00:00	3314.33	3324.79	3314.33	3318.26	4880	0	23
2025.05.21	23:00:00	3318.39	3319.68	3313.09	3314.62	2100	0	26
2025.05.22	01:00:00	3318.83	3321.05	3315.53	3317.90	2309	0	26
2025.05.22	02:00:00	3317.99	3324.09	3317.28	3320.04	3021	0	26
2025.05.22	03:00:00	3320.27	3325.94	3319.37	3323.79	4103	0	26
2025.05.22	04:00:00	3323.71	3342.86	3320.34	3337.92	7779	0	26
2025.05.22	05:00:00	3337.66	3344.66	3336.39	3341.10	5457	0	26
2025.05.22	06:00:00	3341.09	3345.29	3334.86	3335.30	4691	0	26
2025.05.22	07:00:00	3335.29	3339.04	3332.74	3338.41	3910	0	26
2025.05.22	08:00:00	3338.41	3339.44	3326.23	3332.28	4728	0	26
2025.05.22	09:00:00	3332.32	3335.51	3325.34	3326.39	5758	0	23
2025.05.22	10:00:00	3326.41	3331.10	3322.51	3327.56	5570	0	23
2025.05.22	11:00:00	3327.59	3329.86	3310.18	3311.23	6818	0	23
2025.05.22	12:00:00	3311.23	3313.93	3304.17	3304.70	5355	0	23
2025.05.22	13:00:00	3304.70	3307.45	3288.54	3289.61	6017	0	23
2025.05.22	14:00:00	3289.48	3314.70	3282.98	3314.41	7246	0	23
2025.05.22	15:00:00	3314.31	3314.48	3300.89	3304.03	7829	0	23
2025.05.22	16:00:00	3304.31	3315.67	3286.73	3287.61	9137	0	23
2025.05.22	17:00:00	3287.54	3304.45	3279.22	3296.92	8774	0	23
2025.05.22	18:00:00	3297.06	3298.65	3281.36	3294.54	7212	0	23
2025.05.22	19:00:00	3294.71	3304.84	3291.03	3301.59	5610	0	23
2025.05.22	20:00:00	3301.59	3301.76	3289.99	3296.44	6041	0	23
2025.05.22	21:00:00	3296.48	3298.79	3292.28	3293.82	4072	0	23
2025.05.22	22:00:00	3293.82	3297.11	3288.99	3290.20	4512	0	23
2025.05.22	23:00:00	3290.13	3294.82	3289.51	3293.96	1938	0	26
2025.05.23	01:00:00	3297.33	3299.35	3295.12	3297.64	1666	0	26
2025.05.23	02:00:00	3297.72	3301.97	3297.29	3299.91	2091	0	26
2025.05.23	03:00:00	3299.90	3308.86	3287.03	3300.99	5581	0	26
2025.05.23	04:00:00	3300.93	3306.35	3295.86	3305.06	6025	0	26
2025.05.23	05:00:00	3305.18	3305.28	3290.84	3296.81	4538	0	26
2025.05.23	06:00:00	3296.72	3303.39	3296.41	3302.02	3221	0	26
2025.05.23	07:00:00	3301.98	3316.10	3301.90	3313.53	3859	0	26
2025.05.23	08:00:00	3313.51	3325.59	3312.40	3323.83	5293	0	26
2025.05.23	09:00:00	3323.85	3331.92	3323.01	3331.01	5994	0	23
2025.05.23	10:00:00	3331.01	3334.35	3326.70	3329.21	4895	0	23
2025.05.23	11:00:00	3329.17	3329.39	3322.60	3326.34	4634	0	23
2025.05.23	12:00:00	3326.34	3334.01	3324.83	3328.60	4613	0	23
2025.05.23	13:00:00	3328.56	3331.85	3323.44	3328.57	4220	0	23
2025.05.23	14:00:00	3328.57	3349.55	3324.37	3347.97	7021	0	23
2025.05.23	15:00:00	3347.71	3360.42	3344.83	3357.15	9776	0	23
2025.05.23	16:00:00	3357.26	3364.62	3337.04	3340.08	9799	0	23
2025.05.23	17:00:00	3340.00	3359.63	3336.50	3359.21	9121	0	23
2025.05.23	18:00:00	3359.22	3362.37	3352.05	3361.67	7279	0	23
2025.05.23	19:00:00	3361.61	3364.55	3356.79	3358.95	5697	0	23
2025.05.23	20:00:00	3358.97	3365.89	3356.33	3362.67	5136	0	23
2025.05.23	21:00:00	3362.67	3365.85	3361.07	3362.00	3620	0	23
2025.05.23	22:00:00	3361.95	3365.68	3358.23	3360.65	3703	0	23
2025.05.23	23:00:00	3360.58	3361.64	3356.58	3358.91	1752	0	26
2025.05.26	01:00:00	3351.71	3352.21	3341.37	3344.28	3667	0	28
2025.05.26	02:00:00	3344.46	3350.62	3341.28	3342.57	2571	0	27
2025.05.26	03:00:00	3342.59	3346.09	3331.35	3342.04	4217	0	26
2025.05.26	04:00:00	3341.97	3347.52	3335.48	3344.84	5418	0	23
2025.05.26	05:00:00	3344.93	3356.72	3343.25	3348.03	4498	0	23
2025.05.26	06:00:00	3347.97	3349.83	3344.25	3347.60	3506	0	26
2025.05.26	07:00:00	3347.60	3351.10	3346.29	3349.76	2603	0	26
2025.05.26	08:00:00	3349.76	3351.75	3344.23	3347.41	3475	0	26
2025.05.26	09:00:00	3347.42	3347.52	3337.07	3337.16	4346	0	23
2025.05.26	10:00:00	3337.13	3338.72	3332.11	3337.30	4539	0	23
2025.05.26	11:00:00	3337.37	3339.59	3331.07	3334.34	4274	0	23
2025.05.26	12:00:00	3334.69	3336.19	3323.68	3328.60	4399	0	23
2025.05.26	13:00:00	3328.61	3333.53	3328.61	3331.43	2754	0	23
2025.05.26	14:00:00	3331.43	3334.49	3329.19	3333.14	2276	0	23
2025.05.26	15:00:00	3333.14	3334.97	3326.28	3334.41	3644	0	23
2025.05.26	16:00:00	3334.41	3338.82	3331.40	3338.34	4171	0	23
2025.05.26	17:00:00	3338.34	3341.62	3335.41	3337.25	4366	0	23
2025.05.26	18:00:00	3337.25	3339.66	3336.80	3337.89	3073	0	23
2025.05.26	19:00:00	3337.89	3343.57	3337.49	3342.05	2362	0	23
2025.05.26	20:00:00	3342.05	3343.11	3340.48	3341.18	1327	0	23
2025.05.26	21:00:00	3341.18	3343.06	3340.95	3341.05	705	0	24
2025.05.27	01:00:00	3346.18	3348.80	3342.62	3347.57	2115	0	25
2025.05.27	02:00:00	3347.57	3348.48	3344.33	3346.13	2402	0	23
2025.05.27	03:00:00	3346.32	3349.86	3342.36	3345.08	3480	0	23
2025.05.27	04:00:00	3345.15	3347.21	3331.69	3335.96	5463	0	23
2025.05.27	05:00:00	3335.96	3344.33	3334.98	3342.96	4319	0	23
2025.05.27	06:00:00	3342.87	3347.25	3340.91	3341.16	3442	0	23
2025.05.27	07:00:00	3341.16	3341.45	3330.57	3330.75	3868	0	23
2025.05.27	08:00:00	3330.75	3332.60	3315.59	3323.36	6633	0	23
2025.05.27	09:00:00	3323.35	3328.28	3305.05	3308.50	7402	0	23
2025.05.27	10:00:00	3308.33	3312.45	3292.53	3297.05	6653	0	23
2025.05.27	11:00:00	3296.16	3310.33	3296.16	3298.49	6569	0	23
2025.05.27	12:00:00	3298.49	3309.56	3294.58	3296.33	5740	0	23
2025.05.27	13:00:00	3296.11	3299.42	3290.40	3293.23	5394	0	23
2025.05.27	14:00:00	3293.22	3297.94	3287.31	3288.38	5663	0	23
2025.05.27	15:00:00	3288.08	3297.83	3287.93	3293.63	6685	0	23
2025.05.27	16:00:00	3293.66	3304.75	3292.32	3295.13	8306	0	23
2025.05.27	17:00:00	3295.15	3303.29	3284.95	3299.85	8140	0	23
2025.05.27	18:00:00	3299.74	3303.03	3289.65	3293.49	6618	0	23
2025.05.27	19:00:00	3293.49	3298.66	3293.02	3297.71	4725	0	23
2025.05.27	20:00:00	3297.71	3304.34	3296.76	3301.27	4322	0	23
2025.05.27	21:00:00	3301.28	3303.88	3299.16	3303.08	3172	0	23
2025.05.27	22:00:00	3303.08	3307.91	3302.99	3304.43	3593	0	23
2025.05.27	23:00:00	3304.30	3305.04	3302.74	3302.95	1515	0	26
2025.05.28	01:00:00	3304.05	3305.61	3302.40	3303.15	1970	0	23
2025.05.28	02:00:00	3303.51	3310.79	3297.24	3309.31	2940	0	23
2025.05.28	03:00:00	3309.33	3315.74	3308.21	3308.51	3561	0	23
2025.05.28	04:00:00	3308.26	3310.73	3298.36	3301.75	5449	0	23
2025.05.28	05:00:00	3301.75	3313.45	3300.46	3302.38	5916	0	26
2025.05.28	06:00:00	3302.35	3304.03	3291.60	3297.69	5452	0	23
2025.05.28	07:00:00	3297.70	3298.81	3294.33	3296.33	3470	0	23
2025.05.28	08:00:00	3296.33	3310.18	3295.92	3307.21	5222	0	23
2025.05.28	09:00:00	3307.21	3308.67	3298.29	3308.24	4634	0	23
2025.05.28	10:00:00	3308.24	3322.32	3307.40	3319.08	6196	0	23
2025.05.28	11:00:00	3319.10	3323.74	3315.13	3321.58	5369	0	23
2025.05.28	12:00:00	3321.58	3325.41	3320.09	3324.08	3192	0	23
2025.05.28	13:00:00	3324.16	3324.66	3311.72	3313.27	3805	0	23
2025.05.28	14:00:00	3313.29	3315.02	3307.42	3311.21	4092	0	23
2025.05.28	15:00:00	3311.28	3314.45	3305.35	3312.16	4987	0	23
2025.05.28	16:00:00	3312.22	3316.38	3297.53	3305.15	7475	0	23
2025.05.28	17:00:00	3305.18	3309.00	3300.47	3302.63	6809	0	23
2025.05.28	18:00:00	3302.63	3302.77	3292.47	3296.00	6312	0	23
2025.05.28	19:00:00	3296.00	3299.07	3288.22	3293.48	5001	0	23
2025.05.28	20:00:00	3293.43	3299.03	3291.34	3296.53	4294	0	23
2025.05.28	21:00:00	3296.50	3302.83	3296.46	3302.19	3775	0	23
2025.05.28	22:00:00	3302.03	3302.87	3293.82	3296.95	4463	0	23
2025.05.28	23:00:00	3296.87	3297.29	3290.72	3290.80	1817	0	26
2025.05.29	01:00:00	3289.28	3294.57	3281.93	3286.67	2967	0	23
2025.05.29	02:00:00	3286.81	3287.76	3250.03	3259.66	7685	0	23
2025.05.29	03:00:00	3259.51	3269.07	3253.79	3264.83	7645	0	23
2025.05.29	04:00:00	3264.91	3265.75	3245.47	3263.56	7885	0	23
2025.05.29	05:00:00	3263.59	3275.27	3260.95	3270.09	6452	0	23
2025.05.29	06:00:00	3270.08	3280.13	3267.99	3274.55	5379	0	23
2025.05.29	07:00:00	3274.47	3275.43	3268.80	3269.00	4289	0	23
2025.05.29	08:00:00	3268.98	3272.57	3266.01	3272.45	4873	0	23
2025.05.29	09:00:00	3272.45	3276.28	3268.04	3271.54	5170	0	23
2025.05.29	10:00:00	3271.63	3287.37	3271.63	3286.37	5067	0	23
2025.05.29	11:00:00	3286.20	3289.24	3278.23	3281.72	4229	0	23
2025.05.29	12:00:00	3281.67	3283.17	3276.19	3282.03	3607	0	23
2025.05.29	13:00:00	3282.01	3300.68	3281.89	3296.64	5583	0	23
2025.05.29	14:00:00	3296.57	3305.40	3295.40	3299.67	4993	0	23
2025.05.29	15:00:00	3299.83	3317.41	3298.50	3316.40	7699	0	23
2025.05.29	16:00:00	3316.49	3321.85	3310.35	3312.38	8854	0	23
2025.05.29	17:00:00	3312.60	3319.34	3304.66	3310.23	8111	0	23
2025.05.29	18:00:00	3310.23	3321.78	3309.41	3321.47	5742	0	23
2025.05.29	19:00:00	3321.58	3330.76	3319.66	3322.20	5392	0	23
2025.05.29	20:00:00	3322.20	3324.44	3318.01	3324.21	4872	0	23
2025.05.29	21:00:00	3324.24	3325.76	3317.52	3321.15	4477	0	23
2025.05.29	22:00:00	3321.15	3321.41	3315.45	3316.54	4076	0	23
2025.05.29	23:00:00	3316.50	3317.99	3315.16	3317.69	1619	0	26
2025.05.30	01:00:00	3317.64	3317.91	3313.44	3314.22	2246	0	23
2025.05.30	02:00:00	3314.43	3317.20	3312.81	3315.56	2761	0	23
2025.05.30	03:00:00	3315.56	3318.82	3309.64	3312.44	4206	0	23
2025.05.30	04:00:00	3312.59	3322.62	3308.12	3309.78	6158	0	23
2025.05.30	05:00:00	3309.64	3312.07	3294.97	3297.10	5747	0	23
2025.05.30	06:00:00	3297.24	3302.24	3291.24	3294.44	4602	0	23
2025.05.30	07:00:00	3294.44	3296.47	3291.53	3296.27	3306	0	23
2025.05.30	08:00:00	3296.18	3304.92	3290.09	3303.63	4586	0	23
2025.05.30	09:00:00	3303.50	3304.19	3290.40	3301.79	5144	0	23
2025.05.30	10:00:00	3301.56	3301.56	3287.47	3294.97	5265	0	23
2025.05.30	11:00:00	3294.60	3299.19	3291.63	3295.68	4511	0	23
2025.05.30	12:00:00	3295.61	3299.21	3292.47	3295.48	3995	0	23
2025.05.30	13:00:00	3295.49	3300.51	3292.49	3295.22	3677	0	23
2025.05.30	14:00:00	3295.22	3297.17	3288.52	3293.91	4288	0	23
2025.05.30	15:00:00	3294.01	3306.67	3282.86	3304.00	8168	0	23
2025.05.30	16:00:00	3303.90	3308.23	3275.16	3276.68	8419	0	23
2025.05.30	17:00:00	3276.62	3287.28	3271.54	3282.66	8905	0	23
2025.05.30	18:00:00	3282.66	3292.58	3275.94	3288.54	7793	0	23
2025.05.30	19:00:00	3288.54	3295.73	3283.86	3293.24	6463	0	23
2025.05.30	20:00:00	3293.29	3294.76	3289.66	3290.92	4877	0	23
2025.05.30	21:00:00	3290.92	3295.10	3290.92	3293.78	3705	0	23
2025.05.30	22:00:00	3293.73	3295.08	3291.57	3294.84	3701	0	23
2025.05.30	23:00:00	3294.70	3295.73	3289.72	3291.54	1875	0	26
2025.06.02	01:00:00	3303.08	3314.96	3300.18	3313.06	3853	0	23
2025.06.02	02:00:00	3313.06	3316.62	3309.16	3310.15	3266	0	23
2025.06.02	03:00:00	3309.98	3314.92	3303.05	3311.28	5256	0	23
2025.06.02	04:00:00	3311.40	3313.70	3301.42	3303.63	5569	0	23
2025.06.02	05:00:00	3303.59	3311.48	3303.38	3307.26	4499	0	23
2025.06.02	06:00:00	3307.24	3308.86	3303.12	3308.64	4187	0	23
2025.06.02	07:00:00	3308.74	3318.10	3308.73	3313.86	4279	0	23
2025.06.02	08:00:00	3313.85	3325.71	3313.78	3323.66	4593	0	23
2025.06.02	09:00:00	3323.66	3345.34	3323.66	3344.36	6255	0	23
2025.06.02	10:00:00	3344.38	3358.87	3343.15	3352.46	7266	0	23
2025.06.02	11:00:00	3352.46	3356.34	3350.03	3351.95	5233	0	23
2025.06.02	12:00:00	3351.95	3352.39	3344.45	3348.31	5080	0	23
2025.06.02	13:00:00	3348.31	3351.35	3344.58	3348.57	4941	0	23
2025.06.02	14:00:00	3348.43	3360.10	3346.05	3356.21	5631	0	23
2025.06.02	15:00:00	3356.12	3363.49	3353.95	3355.41	6792	0	23
2025.06.02	16:00:00	3355.64	3376.06	3350.33	3370.73	8371	0	23
2025.06.02	17:00:00	3374.49	3378.82	3367.57	3375.98	9232	0	23
2025.06.02	18:00:00	3375.88	3378.75	3369.73	3374.23	6834	0	23
2025.06.02	19:00:00	3374.19	3379.30	3369.21	3371.80	5676	0	23
2025.06.02	20:00:00	3371.67	3375.87	3371.19	3374.41	5109	0	23
2025.06.02	21:00:00	3374.32	3379.97	3370.74	3379.19	4442	0	23
2025.06.02	22:00:00	3379.19	3382.22	3377.82	3381.41	4638	0	23
2025.06.02	23:00:00	3381.44	3382.64	3378.31	3381.67	2303	0	26
2025.06.03	01:00:00	3384.74	3391.32	3382.94	3389.94	2868	0	25
2025.06.03	02:00:00	3389.95	3392.06	3383.01	3387.37	3152	0	23
2025.06.03	03:00:00	3387.33	3388.58	3373.63	3375.77	5443	0	23
2025.06.03	04:00:00	3375.71	3375.96	3363.26	3372.64	8315	0	23
2025.06.03	05:00:00	3372.63	3377.99	3364.41	3368.81	6724	0	23
2025.06.03	06:00:00	3368.64	3369.60	3359.57	3360.94	5420	0	23
2025.06.03	07:00:00	3360.96	3365.04	3359.12	3362.61	4382	0	23
2025.06.03	08:00:00	3362.61	3367.73	3356.31	3365.02	5124	0	23
2025.06.03	09:00:00	3364.93	3367.26	3351.12	3358.78	5979	0	23
2025.06.03	10:00:00	3358.78	3361.00	3352.46	3359.54	6203	0	23
2025.06.03	11:00:00	3359.61	3364.76	3359.57	3361.22	4905	0	23
2025.06.03	12:00:00	3361.15	3362.67	3354.95	3356.81	4546	0	23
2025.06.03	13:00:00	3356.81	3358.57	3354.96	3355.48	4089	0	23
2025.06.03	14:00:00	3355.52	3360.38	3353.42	3359.17	4401	0	23
2025.06.03	15:00:00	3359.26	3362.92	3348.93	3359.38	6903	0	23
2025.06.03	16:00:00	3359.46	3362.99	3341.00	3345.59	7816	0	23
2025.06.03	17:00:00	3345.58	3350.08	3333.11	3346.41	8432	0	23
2025.06.03	18:00:00	3346.32	3351.45	3344.05	3350.05	6370	0	23
2025.06.03	19:00:00	3350.24	3353.42	3344.60	3348.44	4992	0	23
2025.06.03	20:00:00	3348.44	3354.53	3347.22	3353.27	4529	0	23
2025.06.03	21:00:00	3353.13	3353.78	3350.35	3353.48	3233	0	23
2025.06.03	22:00:00	3353.48	3355.42	3351.21	3352.54	3370	0	23
2025.06.03	23:00:00	3352.67	3355.27	3352.49	3353.05	1371	0	26
2025.06.04	01:00:00	3356.65	3358.48	3355.55	3357.15	1826	0	23
2025.06.04	02:00:00	3357.10	3361.59	3355.28	3359.84	2566	0	23
2025.06.04	03:00:00	3359.96	3360.05	3349.68	3350.12	5469	0	23
2025.06.04	04:00:00	3350.11	3372.21	3346.30	3370.67	7322	0	23
2025.06.04	05:00:00	3370.81	3372.47	3362.99	3365.41	5061	0	23
2025.06.04	06:00:00	3365.44	3367.48	3358.29	3359.11	4408	0	23
2025.06.04	07:00:00	3359.10	3361.37	3352.31	3354.71	4493	0	23
2025.06.04	08:00:00	3354.71	3356.37	3347.92	3350.94	5437	0	23
2025.06.04	09:00:00	3350.88	3358.44	3348.96	3355.71	5542	0	23
2025.06.04	10:00:00	3356.01	3365.15	3353.58	3354.60	5303	0	23
2025.06.04	11:00:00	3354.52	3364.14	3351.72	3362.71	5031	0	23
2025.06.04	12:00:00	3362.81	3365.01	3359.33	3362.95	4586	0	23
2025.06.04	13:00:00	3362.95	3363.91	3347.20	3350.81	5035	0	23
2025.06.04	14:00:00	3350.80	3351.86	3343.74	3346.55	5439	0	23
2025.06.04	15:00:00	3346.60	3360.75	3344.41	3358.88	7813	0	23
2025.06.04	16:00:00	3358.89	3362.77	3350.81	3352.72	7305	0	23
2025.06.04	17:00:00	3352.95	3384.65	3351.05	3377.49	8862	0	23
2025.06.04	18:00:00	3377.35	3378.93	3369.63	3371.64	6191	0	23
2025.06.04	19:00:00	3371.64	3376.18	3370.81	3374.98	3886	0	23
2025.06.04	20:00:00	3374.98	3380.83	3372.91	3379.11	3279	0	23
2025.06.04	21:00:00	3379.11	3382.04	3375.00	3376.10	2661	0	23
2025.06.04	22:00:00	3376.07	3376.21	3371.82	3373.47	3151	0	23
2025.06.04	23:00:00	3373.36	3374.89	3370.71	3372.83	1454	0	26
2025.06.05	01:00:00	3373.93	3375.85	3372.27	3373.46	1497	0	23
2025.06.05	02:00:00	3373.51	3378.94	3372.41	3378.04	2424	0	23
2025.06.05	03:00:00	3377.99	3381.68	3371.94	3380.28	4657	0	23
2025.06.05	04:00:00	3380.18	3384.07	3370.47	3373.84	6256	0	23
2025.06.05	05:00:00	3373.78	3375.10	3368.04	3370.82	4412	0	23
2025.06.05	06:00:00	3370.82	3377.30	3369.23	3369.66	3815	0	23
2025.06.05	07:00:00	3369.62	3372.44	3363.99	3368.39	4208	0	23
2025.06.05	08:00:00	3368.44	3369.67	3361.12	3364.18	4248	0	23
2025.06.05	09:00:00	3364.26	3369.96	3363.71	3365.98	4123	0	23
2025.06.05	10:00:00	3365.63	3374.40	3365.24	3371.22	4217	0	23
2025.06.05	11:00:00	3371.39	3376.90	3369.74	3375.16	3962	0	23
2025.06.05	12:00:00	3375.19	3391.29	3373.97	3389.52	6677	0	23
2025.06.05	13:00:00	3389.41	3400.31	3388.18	3399.87	5671	0	23
2025.06.05	14:00:00	3399.87	3403.23	3391.68	3392.18	6081	0	23
2025.06.05	15:00:00	3392.18	3399.90	3377.46	3383.04	7635	0	23
2025.06.05	16:00:00	3383.07	3388.23	3371.29	3378.00	10326	0	23
2025.06.05	17:00:00	3378.11	3383.08	3363.79	3367.57	9595	0	23
2025.06.05	18:00:00	3367.89	3373.01	3339.52	3344.74	9484	0	23
2025.06.05	19:00:00	3344.25	3356.41	3339.63	3354.00	7039	0	24
2025.06.05	20:00:00	3354.34	3354.73	3348.91	3353.85	5093	0	23
2025.06.05	21:00:00	3353.90	3356.04	3350.44	3353.49	4709	0	23
2025.06.05	22:00:00	3353.49	3361.33	3352.82	3357.12	5647	0	23
2025.06.05	23:00:00	3356.53	3357.61	3351.79	3352.29	1928	0	26
2025.06.06	01:00:00	3355.86	3363.41	3354.22	3358.97	3123	0	23
2025.06.06	02:00:00	3358.93	3362.58	3357.10	3361.79	2490	0	23
2025.06.06	03:00:00	3361.79	3364.07	3357.28	3359.32	3791	0	23
2025.06.06	04:00:00	3359.32	3368.57	3356.06	3363.74	6352	0	23
2025.06.06	05:00:00	3363.74	3366.39	3361.96	3363.90	4711	0	23
2025.06.06	06:00:00	3363.88	3371.84	3359.23	3369.61	4500	0	23
2025.06.06	07:00:00	3369.61	3374.39	3368.93	3373.54	3780	0	23
2025.06.06	08:00:00	3373.57	3375.49	3362.07	3366.05	5239	0	23
2025.06.06	09:00:00	3365.84	3367.00	3356.02	3360.67	5759	0	23
2025.06.06	10:00:00	3360.67	3362.27	3352.63	3359.40	4861	0	23
2025.06.06	11:00:00	3359.67	3367.70	3358.31	3365.33	4475	0	23
2025.06.06	12:00:00	3365.33	3365.33	3352.79	3356.67	4342	0	23
2025.06.06	13:00:00	3356.67	3360.81	3355.84	3360.61	3223	0	23
2025.06.06	14:00:00	3360.60	3364.25	3358.13	3358.25	4213	0	23
2025.06.06	15:00:00	3358.25	3364.01	3343.49	3353.28	7906	0	23
2025.06.06	16:00:00	3353.28	3360.85	3342.68	3343.17	9873	0	23
2025.06.06	17:00:00	3342.34	3344.81	3316.64	3326.08	10089	0	23
2025.06.06	18:00:00	3325.86	3336.63	3323.26	3332.14	7261	0	23
2025.06.06	19:00:00	3332.15	3332.62	3320.74	3322.73	5301	0	23
2025.06.06	20:00:00	3322.80	3326.67	3321.25	3323.59	4151	0	23
2025.06.06	21:00:00	3323.59	3324.00	3313.64	3317.42	4040	0	23
2025.06.06	22:00:00	3317.45	3318.90	3311.22	3312.28	4232	0	23
2025.06.06	23:00:00	3312.28	3312.73	3307.04	3311.35	2063	0	26
2025.06.09	01:00:00	3317.76	3321.12	3309.24	3314.78	2845	0	27
2025.06.09	02:00:00	3314.71	3318.42	3313.26	3317.97	2794	0	23
2025.06.09	03:00:00	3317.97	3318.55	3298.23	3305.37	5967	0	23
2025.06.09	04:00:00	3305.37	3309.35	3295.07	3295.87	6632	0	23
2025.06.09	05:00:00	3295.91	3307.40	3293.35	3305.40	5393	0	23
2025.06.09	06:00:00	3305.37	3311.95	3304.12	3310.77	4348	0	23
2025.06.09	07:00:00	3310.74	3313.40	3309.18	3311.70	3099	0	23
2025.06.09	08:00:00	3311.70	3316.54	3309.47	3314.59	4057	0	23
2025.06.09	09:00:00	3314.59	3324.86	3312.46	3324.35	4917	0	23
2025.06.09	10:00:00	3323.92	3328.39	3321.55	3324.11	4737	0	23
2025.06.09	11:00:00	3324.32	3325.48	3319.62	3319.69	4233	0	23
2025.06.09	12:00:00	3319.77	3323.48	3316.74	3318.54	3984	0	23
2025.06.09	13:00:00	3318.55	3319.64	3312.10	3314.60	3258	0	23
2025.06.09	14:00:00	3314.59	3321.28	3313.57	3317.38	4178	0	23
2025.06.09	15:00:00	3317.45	3322.38	3312.95	3320.01	5023	0	23
2025.06.09	16:00:00	3319.77	3321.64	3310.65	3319.24	7634	0	23
2025.06.09	17:00:00	3319.14	3326.77	3316.03	3320.84	7391	0	23
2025.06.09	18:00:00	3320.86	3332.05	3320.37	3328.59	5325	0	23
2025.06.09	19:00:00	3328.59	3337.78	3327.44	3337.63	5111	0	23
2025.06.09	20:00:00	3337.63	3338.16	3332.88	3333.51	4098	0	23
2025.06.09	21:00:00	3333.51	3336.97	3332.65	3333.07	3261	0	23
2025.06.09	22:00:00	3333.07	3335.36	3325.85	3327.06	3774	0	23
2025.06.09	23:00:00	3326.94	3329.49	3324.92	3326.52	1856	0	26
2025.06.10	01:00:00	3324.20	3326.84	3321.36	3323.62	1920	0	23
2025.06.10	02:00:00	3323.62	3327.79	3323.62	3326.73	1801	0	23
2025.06.10	03:00:00	3326.73	3326.75	3314.46	3316.53	4877	0	29
2025.06.10	04:00:00	3316.56	3319.89	3302.86	3306.22	7278	0	23
2025.06.10	05:00:00	3306.22	3310.13	3301.76	3309.36	5426	0	23
2025.06.10	06:00:00	3309.36	3310.39	3305.09	3307.45	4018	0	23
2025.06.10	07:00:00	3307.45	3308.65	3302.79	3307.17	3152	0	23
2025.06.10	08:00:00	3307.16	3319.09	3306.65	3317.52	5760	0	23
2025.06.10	09:00:00	3318.13	3331.27	3315.49	3325.39	5943	0	23
2025.06.10	10:00:00	3325.42	3332.10	3323.96	3330.09	5280	0	23
2025.06.10	11:00:00	3330.19	3334.89	3326.09	3329.36	4246	0	23
2025.06.10	12:00:00	3329.36	3331.84	3327.03	3329.70	3233	0	23
2025.06.10	13:00:00	3329.76	3336.16	3328.36	3335.32	3350	0	23
2025.06.10	14:00:00	3335.32	3342.50	3332.20	3333.66	4526	0	23
2025.06.10	15:00:00	3333.64	3340.16	3328.13	3337.12	5643	0	23
2025.06.10	16:00:00	3337.20	3349.07	3335.55	3343.56	7573	0	23
2025.06.10	17:00:00	3343.59	3343.71	3325.37	3328.37	7616	0	23
2025.06.10	18:00:00	3328.48	3329.19	3323.17	3326.58	6403	0	23
2025.06.10	19:00:00	3326.58	3327.69	3319.94	3321.21	4971	0	23
2025.06.10	20:00:00	3321.36	3325.85	3320.40	3324.71	3938	0	23
2025.06.10	21:00:00	3324.71	3325.27	3319.32	3321.56	3522	0	23
2025.06.10	22:00:00	3321.65	3334.48	3321.41	3328.63	4258	0	23
2025.06.10	23:00:00	3328.77	3328.81	3322.38	3323.07	2638	0	26
2025.06.11	01:00:00	3322.27	3327.31	3320.65	3324.40	2104	0	28
2025.06.11	02:00:00	3324.44	3328.10	3315.40	3327.92	3491	0	23
2025.06.11	03:00:00	3327.92	3335.19	3324.93	3332.35	4510	0	23
2025.06.11	04:00:00	3332.35	3337.33	3327.58	3328.64	5258	0	23
2025.06.11	05:00:00	3328.51	3339.55	3326.98	3338.07	4351	0	23
2025.06.11	06:00:00	3338.10	3341.63	3336.43	3339.30	3536	0	23
2025.06.11	07:00:00	3339.29	3342.85	3336.80	3341.78	3432	0	23
2025.06.11	08:00:00	3341.75	3343.04	3335.43	3339.61	4377	0	23
2025.06.11	09:00:00	3339.65	3340.08	3331.91	3337.12	4666	0	23
2025.06.11	10:00:00	3337.35	3348.57	3335.13	3345.65	4538	0	23
2025.06.11	11:00:00	3345.22	3346.70	3342.43	3344.51	3765	0	23
2025.06.11	12:00:00	3344.51	3344.59	3331.32	3333.66	5014	0	23
2025.06.11	13:00:00	3333.86	3336.74	3328.53	3329.91	3725	0	23
2025.06.11	14:00:00	3329.84	3335.21	3326.08	3333.03	4320	0	23
2025.06.11	15:00:00	3333.02	3360.61	3327.36	3336.67	8410	0	24
2025.06.11	16:00:00	3336.67	3344.49	3327.91	3329.84	9242	0	23
2025.06.11	17:00:00	3329.18	3341.19	3328.44	3337.52	7041	0	23
2025.06.11	18:00:00	3337.61	3342.74	3329.52	3333.15	5772	0	23
2025.06.11	19:00:00	3333.16	3334.36	3328.04	3330.19	4789	0	23
2025.06.11	20:00:00	3330.22	3331.27	3319.53	3324.25	5517	0	23
2025.06.11	21:00:00	3324.25	3347.21	3323.77	3343.81	6599	0	23
2025.06.11	22:00:00	3343.81	3349.26	3342.30	3346.76	4607	0	23
2025.06.11	23:00:00	3346.83	3355.19	3346.50	3352.95	2444	0	26
2025.06.12	01:00:00	3357.64	3369.61	3356.20	3369.01	3405	0	23
2025.06.12	02:00:00	3369.01	3373.44	3357.57	3365.47	4490	0	23
2025.06.12	03:00:00	3365.47	3371.26	3362.14	3365.65	6436	0	23
2025.06.12	04:00:00	3365.69	3376.76	3362.45	3370.91	7079	0	23
2025.06.12	05:00:00	3370.76	3377.70	3368.80	3374.62	5925	0	23
2025.06.12	06:00:00	3374.53	3376.63	3371.69	3373.32	4547	0	23
2025.06.12	07:00:00	3373.42	3373.70	3369.38	3370.42	3140	0	23
2025.06.12	08:00:00	3370.22	3375.74	3367.76	3374.41	4260	0	23
2025.06.12	09:00:00	3374.45	3375.57	3365.20	3374.94	5079	0	23
2025.06.12	10:00:00	3374.88	3375.14	3338.15	3346.12	6899	0	23
2025.06.12	11:00:00	3346.33	3361.08	3346.33	3356.71	6744	0	23
2025.06.12	12:00:00	3356.71	3367.90	3355.42	3365.37	4840	0	23
2025.06.12	13:00:00	3365.37	3385.81	3362.44	3382.55	6480	0	23
2025.06.12	14:00:00	3382.56	3388.55	3373.10	3379.20	6009	0	23
2025.06.12	15:00:00	3379.25	3390.41	3376.39	3388.00	6819	0	23
2025.06.12	16:00:00	3388.08	3398.82	3379.38	3391.99	9247	0	23
2025.06.12	17:00:00	3391.91	3393.09	3383.01	3383.81	8238	0	23
2025.06.12	18:00:00	3383.81	3390.17	3377.58	3385.69	7320	0	23
2025.06.12	19:00:00	3385.74	3391.22	3380.92	3383.61	5993	0	23
2025.06.12	20:00:00	3383.62	3384.93	3378.03	3382.56	4891	0	23
2025.06.12	21:00:00	3382.70	3386.30	3381.77	3385.89	3919	0	23
2025.06.12	22:00:00	3385.63	3389.11	3384.67	3388.16	4368	0	23
2025.06.12	23:00:00	3388.10	3388.81	3384.75	3385.29	2101	0	24
2025.06.13	01:00:00	3383.83	3385.00	3379.67	3383.39	2127	0	23
2025.06.13	02:00:00	3383.38	3396.21	3382.54	3395.69	3045	0	23
2025.06.13	03:00:00	3395.52	3419.90	3391.68	3416.76	10005	0	23
2025.06.13	04:00:00	3415.16	3433.18	3413.80	3427.61	8338	0	23
2025.06.13	05:00:00	3427.36	3444.05	3424.70	3441.35	7400	0	23
2025.06.13	06:00:00	3441.22	3444.40	3423.78	3425.49	6751	0	23
2025.06.13	07:00:00	3425.38	3430.24	3422.84	3425.24	4072	0	23
2025.06.13	08:00:00	3425.31	3428.74	3417.84	3426.03	5325	0	23
2025.06.13	09:00:00	3426.06	3428.66	3408.46	3416.25	6684	0	23
2025.06.13	10:00:00	3416.28	3418.98	3407.96	3414.88	5775	0	23
2025.06.13	11:00:00	3414.87	3426.01	3414.27	3424.20	4989	0	23
2025.06.13	12:00:00	3424.20	3427.25	3420.01	3424.29	5049	0	23
2025.06.13	13:00:00	3424.29	3427.65	3411.52	3415.82	5759	0	23
2025.06.13	14:00:00	3415.92	3422.88	3412.46	3422.16	5300	0	23
2025.06.13	15:00:00	3422.38	3438.08	3421.80	3436.58	6089	0	23
2025.06.13	16:00:00	3436.24	3446.72	3433.94	3436.85	8683	0	23
2025.06.13	17:00:00	3436.77	3439.77	3423.70	3427.93	8376	0	23
2025.06.13	18:00:00	3427.86	3430.34	3420.86	3426.17	7073	0	23
2025.06.13	19:00:00	3426.17	3430.99	3419.12	3430.03	5299	0	23
2025.06.13	20:00:00	3430.03	3433.36	3427.43	3430.31	4892	0	23
2025.06.13	21:00:00	3430.31	3439.47	3428.65	3436.52	5343	0	23
2025.06.13	22:00:00	3436.54	3438.06	3431.61	3432.28	5058	0	23
2025.06.13	23:00:00	3432.28	3434.52	3428.92	3432.75	2765	0	23
2025.06.16	01:00:00	3440.97	3451.05	3438.54	3448.27	4490	0	30
2025.06.16	02:00:00	3448.30	3450.00	3439.44	3444.12	3593	0	23
2025.06.16	03:00:00	3444.17	3451.19	3434.23	3436.18	5819	0	23
2025.06.16	04:00:00	3436.29	3443.04	3433.13	3441.49	6123	0	23
2025.06.16	05:00:00	3441.49	3446.27	3437.89	3438.30	4948	0	23
2025.06.16	06:00:00	3438.27	3439.57	3429.16	3431.55	4239	0	23
2025.06.16	07:00:00	3431.52	3433.22	3426.86	3427.50	3330	0	23
2025.06.16	08:00:00	3427.49	3430.37	3417.81	3421.51	5556	0	23
2025.06.16	09:00:00	3421.52	3421.52	3412.94	3418.29	5999	0	23
2025.06.16	10:00:00	3417.88	3419.77	3409.44	3412.58	5131	0	23
2025.06.16	11:00:00	3412.48	3418.44	3409.71	3413.84	4552	0	23
2025.06.16	12:00:00	3413.85	3419.47	3411.82	3411.96	4263	0	23
2025.06.16	13:00:00	3411.96	3421.26	3410.68	3421.04	3932	0	23
2025.06.16	14:00:00	3421.04	3422.53	3410.68	3414.91	4268	0	23
2025.06.16	15:00:00	3414.97	3417.70	3410.87	3415.60	5214	0	23
2025.06.16	16:00:00	3415.53	3417.92	3382.24	3387.39	8465	0	23
2025.06.16	17:00:00	3388.17	3399.42	3387.42	3396.90	8291	0	23
2025.06.16	18:00:00	3396.90	3405.49	3396.90	3404.51	5518	0	23
2025.06.16	19:00:00	3404.43	3404.89	3397.43	3399.34	3784	0	23
2025.06.16	20:00:00	3399.32	3400.21	3391.17	3392.59	3683	0	23
2025.06.16	21:00:00	3392.58	3394.00	3383.98	3385.31	3363	0	23
2025.06.16	22:00:00	3385.31	3388.39	3382.79	3384.00	4285	0	23
2025.06.16	23:00:00	3384.12	3385.95	3383.26	3383.66	1475	0	26
2025.06.17	01:00:00	3388.18	3398.35	3386.65	3395.38	2847	0	23
2025.06.17	02:00:00	3395.38	3402.86	3392.75	3402.79	3661	0	23
2025.06.17	03:00:00	3402.79	3403.19	3391.42	3394.29	4925	0	23
2025.06.17	04:00:00	3394.18	3402.47	3393.26	3393.64	4887	0	23
2025.06.17	05:00:00	3393.64	3400.31	3388.62	3389.90	4454	0	23
2025.06.17	06:00:00	3389.86	3392.54	3374.01	3387.49	5273	0	23
2025.06.17	07:00:00	3387.51	3396.19	3386.96	3393.96	3284	0	23
2025.06.17	08:00:00	3393.91	3395.34	3390.59	3392.48	3791	0	23
2025.06.17	09:00:00	3392.39	3392.39	3381.12	3385.54	4831	0	23
2025.06.17	10:00:00	3385.36	3391.85	3383.06	3387.72	4221	0	23
2025.06.17	11:00:00	3387.79	3388.52	3377.84	3378.84	4108	0	23
2025.06.17	12:00:00	3378.83	3385.86	3375.76	3385.57	5093	0	23
2025.06.17	13:00:00	3385.57	3398.67	3385.32	3398.10	5029	0	23
2025.06.17	14:00:00	3398.10	3400.02	3388.22	3388.50	4903	0	23
2025.06.17	15:00:00	3388.50	3391.46	3383.38	3386.66	6626	0	23
2025.06.17	16:00:00	3386.71	3397.39	3385.78	3390.60	7973	0	23
2025.06.17	17:00:00	3390.11	3391.93	3366.11	3384.97	8619	0	23
2025.06.17	18:00:00	3385.00	3388.26	3372.61	3379.27	6086	0	23
2025.06.17	19:00:00	3379.36	3385.89	3376.62	3382.88	4910	0	23
2025.06.17	20:00:00	3382.88	3391.16	3381.20	3390.30	4949	0	23
2025.06.17	21:00:00	3390.30	3392.38	3382.39	3382.69	4124	0	23
2025.06.17	22:00:00	3382.77	3386.32	3382.32	3385.62	3329	0	23
2025.06.17	23:00:00	3385.54	3389.83	3383.53	3389.77	1631	0	26
2025.06.18	01:00:00	3395.46	3395.78	3388.71	3388.77	2093	0	23
2025.06.18	02:00:00	3388.77	3390.27	3384.93	3387.32	2316	0	23
2025.06.18	03:00:00	3387.32	3388.78	3382.92	3385.63	3826	0	23
2025.06.18	04:00:00	3385.64	3388.57	3378.65	3378.90	4787	0	23
2025.06.18	05:00:00	3378.79	3379.60	3370.52	3379.27	4659	0	23
2025.06.18	06:00:00	3379.26	3391.44	3379.26	3390.93	4238	0	23
2025.06.18	07:00:00	3390.94	3399.97	3389.37	3395.14	3675	0	23
2025.06.18	08:00:00	3395.30	3395.62	3384.17	3386.52	4738	0	23
2025.06.18	09:00:00	3386.38	3386.72	3379.39	3382.27	4778	0	23
2025.06.18	10:00:00	3382.31	3386.05	3377.03	3385.88	4225	0	23
2025.06.18	11:00:00	3385.80	3388.34	3382.50	3383.55	3566	0	23
2025.06.18	12:00:00	3383.55	3385.46	3375.48	3378.15	3425	0	23
2025.06.18	13:00:00	3378.15	3382.33	3375.65	3380.15	3911	0	23
2025.06.18	14:00:00	3380.15	3387.03	3378.90	3382.02	4449	0	23
2025.06.18	15:00:00	3382.02	3389.79	3381.57	3386.63	5079	0	23
2025.06.18	16:00:00	3386.65	3396.76	3385.70	3392.21	5995	0	23
2025.06.18	17:00:00	3392.09	3392.38	3373.79	3386.84	8225	0	23
2025.06.18	18:00:00	3386.85	3392.81	3381.08	3392.65	4891	0	23
2025.06.18	19:00:00	3392.66	3394.62	3389.73	3390.95	4145	0	23
2025.06.18	20:00:00	3390.89	3391.09	3384.35	3385.16	3857	0	23
2025.06.18	21:00:00	3384.61	3395.64	3378.27	3378.99	7783	0	23
2025.06.18	22:00:00	3379.03	3379.03	3362.83	3366.66	7476	0	23
2025.06.18	23:00:00	3366.72	3369.10	3362.50	3367.00	2898	0	26
2025.06.19	01:00:00	3371.19	3379.71	3370.56	3375.12	2500	0	26
2025.06.19	02:00:00	3375.19	3376.88	3370.64	3375.01	2585	0	23
2025.06.19	03:00:00	3374.92	3383.23	3374.67	3379.35	3740	0	23
2025.06.19	04:00:00	3379.30	3387.93	3374.42	3374.75	5085	0	23
2025.06.19	05:00:00	3374.86	3379.37	3374.15	3376.66	3383	0	23
2025.06.19	06:00:00	3376.67	3377.23	3369.61	3373.60	3044	0	23
2025.06.19	07:00:00	3373.60	3375.09	3371.96	3374.48	2190	0	23
2025.06.19	08:00:00	3374.47	3375.17	3360.11	3364.52	4129	0	28
2025.06.19	09:00:00	3364.52	3364.76	3347.47	3357.35	7732	0	23
2025.06.19	10:00:00	3357.38	3369.05	3350.60	3365.90	5858	0	23
2025.06.19	11:00:00	3365.90	3371.56	3362.22	3368.62	4603	0	23
2025.06.19	12:00:00	3368.62	3373.58	3363.56	3370.26	3934	0	23
2025.06.19	13:00:00	3370.27	3378.96	3368.95	3374.87	3561	0	23
2025.06.19	14:00:00	3374.98	3375.43	3370.33	3371.92	3080	0	23
2025.06.19	15:00:00	3371.92	3372.45	3363.66	3367.90	4185	0	23
2025.06.19	16:00:00	3368.08	3372.89	3361.39	3369.44	5403	0	23
2025.06.19	17:00:00	3369.44	3370.87	3361.55	3364.53	4586	0	23
2025.06.19	18:00:00	3364.54	3371.92	3362.03	3369.08	4249	0	23
2025.06.19	19:00:00	3369.13	3371.66	3366.01	3370.96	3096	0	23
2025.06.19	20:00:00	3370.92	3375.31	3365.88	3368.21	2632	0	23
2025.06.19	21:00:00	3368.21	3371.30	3366.53	3370.46	996	0	23
2025.06.20	01:00:00	3370.15	3370.30	3361.87	3365.66	2278	0	26
2025.06.20	02:00:00	3365.78	3370.38	3363.59	3368.73	2425	0	23
2025.06.20	03:00:00	3368.70	3370.23	3364.64	3367.95	3309	0	23
2025.06.20	04:00:00	3367.97	3368.19	3356.10	3356.38	4968	0	23
2025.06.20	05:00:00	3356.40	3360.54	3351.55	3352.32	4785	0	23
2025.06.20	06:00:00	3352.42	3356.08	3344.75	3355.44	4740	0	23
2025.06.20	07:00:00	3355.44	3357.62	3352.47	3354.26	2766	0	23
2025.06.20	08:00:00	3354.24	3354.95	3342.61	3344.63	4314	0	23
2025.06.20	09:00:00	3344.63	3348.68	3340.34	3345.21	4888	0	23
2025.06.20	10:00:00	3345.14	3355.29	3343.24	3347.62	4240	0	23
2025.06.20	11:00:00	3347.52	3352.39	3346.62	3351.01	3432	0	23
2025.06.20	12:00:00	3350.91	3359.19	3349.16	3355.20	3507	0	23
2025.06.20	13:00:00	3355.31	3357.90	3354.90	3355.39	2725	0	23
2025.06.20	14:00:00	3355.37	3355.98	3346.64	3346.95	3957	0	23
2025.06.20	15:00:00	3347.30	3350.64	3341.89	3344.48	5422	0	23
2025.06.20	16:00:00	3344.57	3373.77	3343.00	3370.22	7873	0	23
2025.06.20	17:00:00	3370.22	3374.42	3365.05	3369.24	6993	0	23
2025.06.20	18:00:00	3369.24	3371.67	3365.83	3369.74	4256	0	23
2025.06.20	19:00:00	3369.74	3373.27	3367.68	3371.41	3340	0	23
2025.06.20	20:00:00	3371.41	3371.69	3366.45	3367.31	3263	0	23
2025.06.20	21:00:00	3367.49	3367.89	3364.58	3366.54	2558	0	23
2025.06.20	22:00:00	3366.57	3370.66	3364.76	3365.42	2567	0	23
2025.06.20	23:00:00	3365.45	3369.13	3364.63	3368.77	1831	0	26
2025.06.23	01:00:00	3383.50	3388.22	3372.38	3379.00	4641	0	33
2025.06.23	02:00:00	3379.00	3380.49	3371.11	3372.70	3250	0	32
2025.06.23	03:00:00	3372.70	3373.46	3358.33	3365.54	4957	0	23
2025.06.23	04:00:00	3365.95	3367.92	3351.90	3355.16	5870	0	23
2025.06.23	05:00:00	3355.24	3364.82	3354.76	3361.44	4220	0	23
2025.06.23	06:00:00	3361.39	3366.28	3360.31	3363.33	3656	0	23
2025.06.23	07:00:00	3363.33	3364.93	3356.72	3358.45	2476	0	23
2025.06.23	08:00:00	3358.45	3360.50	3346.95	3356.73	4402	0	23
2025.06.23	09:00:00	3356.91	3359.81	3352.59	3357.53	4259	0	23
2025.06.23	10:00:00	3357.53	3358.73	3351.65	3357.50	3751	0	23
2025.06.23	11:00:00	3357.72	3362.26	3357.72	3361.81	3784	0	23
2025.06.23	12:00:00	3361.81	3368.98	3361.60	3366.49	4219	0	23
2025.06.23	13:00:00	3366.49	3368.18	3363.95	3367.68	3169	0	23
2025.06.23	14:00:00	3367.68	3381.92	3367.68	3380.62	5211	0	23
2025.06.23	15:00:00	3380.70	3380.99	3355.76	3360.42	5771	0	23
2025.06.23	16:00:00	3360.14	3387.69	3359.81	3380.56	7393	0	23
2025.06.23	17:00:00	3380.77	3386.68	3369.94	3386.40	7633	0	23
2025.06.23	18:00:00	3386.41	3389.77	3384.53	3387.11	4980	0	23
2025.06.23	19:00:00	3387.09	3393.35	3380.49	3389.81	5848	0	23
2025.06.23	20:00:00	3389.76	3391.42	3375.57	3382.39	6050	0	23
2025.06.23	21:00:00	3382.38	3387.52	3376.78	3378.53	4041	0	23
2025.06.23	22:00:00	3378.50	3382.04	3375.52	3376.33	3386	0	23
2025.06.23	23:00:00	3376.09	3377.23	3367.07	3368.82	1997	0	26
2025.06.24	01:00:00	3358.72	3363.68	3350.35	3355.36	3469	0	26
2025.06.24	02:00:00	3355.42	3357.18	3341.42	3344.22	4280	0	23
2025.06.24	03:00:00	3344.21	3355.19	3333.08	3351.01	5705	0	23
2025.06.24	04:00:00	3351.21	3354.18	3342.03	3347.70	5922	0	23
2025.06.24	05:00:00	3347.57	3352.77	3345.85	3351.84	4090	0	23
2025.06.24	06:00:00	3351.89	3357.69	3351.52	3352.42	3386	0	23
2025.06.24	07:00:00	3352.42	3353.25	3347.02	3348.52	2656	0	23
2025.06.24	08:00:00	3348.52	3348.71	3326.54	3331.98	5418	0	24
2025.06.24	09:00:00	3331.96	3333.09	3315.97	3322.74	6858	0	23
2025.06.24	10:00:00	3322.69	3331.62	3316.52	3329.68	5927	0	23
2025.06.24	11:00:00	3329.59	3332.39	3324.60	3327.26	4435	0	23
2025.06.24	12:00:00	3327.32	3328.69	3317.83	3318.25	4082	0	23
2025.06.24	13:00:00	3318.54	3327.61	3318.49	3325.55	3353	0	23
2025.06.24	14:00:00	3325.51	3328.89	3317.87	3321.11	3854	0	23
2025.06.24	15:00:00	3320.61	3320.89	3304.45	3314.72	6822	0	23
2025.06.24	16:00:00	3314.52	3317.82	3295.39	3302.10	7920	0	23
2025.06.24	17:00:00	3302.04	3310.26	3298.87	3304.55	7184	0	23
2025.06.24	18:00:00	3304.55	3317.06	3299.64	3313.16	5667	0	23
2025.06.24	19:00:00	3313.16	3320.31	3311.25	3318.32	3865	0	23
2025.06.24	20:00:00	3318.32	3321.19	3317.85	3317.96	3582	0	23
2025.06.24	21:00:00	3317.96	3318.95	3315.63	3317.12	2940	0	23
2025.06.24	22:00:00	3317.12	3325.15	3315.95	3323.50	3140	0	23
2025.06.24	23:00:00	3323.54	3324.37	3321.27	3322.91	1715	0	26
2025.06.25	01:00:00	3322.65	3323.37	3320.72	3321.41	1371	0	26
2025.06.25	02:00:00	3321.43	3324.76	3321.43	3324.12	1479	0	23
2025.06.25	03:00:00	3323.96	3329.94	3323.53	3326.87	3108	0	27
2025.06.25	04:00:00	3326.95	3334.85	3326.32	3334.69	4355	0	23
2025.06.25	05:00:00	3334.66	3335.21	3327.69	3329.35	3472	0	23
2025.06.25	06:00:00	3329.35	3332.02	3327.11	3328.30	2813	0	23
2025.06.25	07:00:00	3328.30	3329.26	3325.73	3327.47	2233	0	23
2025.06.25	08:00:00	3327.52	3333.66	3326.74	3331.50	2799	0	23
2025.06.25	09:00:00	3331.51	3333.34	3329.05	3331.28	3067	0	23
2025.06.25	10:00:00	3331.70	3337.08	3326.69	3330.57	4004	0	23
2025.06.25	11:00:00	3330.57	3332.36	3326.43	3327.14	3668	0	23
2025.06.25	12:00:00	3327.13	3327.23	3321.51	3325.28	3666	0	23
2025.06.25	13:00:00	3325.20	3329.38	3324.04	3324.40	3188	0	23
2025.06.25	14:00:00	3324.35	3329.48	3322.05	3322.57	3507	0	23
2025.06.25	15:00:00	3322.53	3329.41	3318.13	3320.64	4114	0	23
2025.06.25	16:00:00	3320.79	3321.60	3311.84	3314.58	5902	0	23
2025.06.25	17:00:00	3314.51	3326.20	3312.28	3323.39	6120	0	23
2025.06.25	18:00:00	3323.37	3327.02	3321.60	3325.51	3644	0	23
2025.06.25	19:00:00	3325.51	3335.08	3324.06	3334.70	3785	0	23
2025.06.25	20:00:00	3334.70	3335.32	3324.74	3327.91	4293	0	23
2025.06.25	21:00:00	3327.91	3331.71	3326.20	3331.58	3135	0	23
2025.06.25	22:00:00	3331.58	3335.99	3330.40	3333.59	3353	0	23
2025.06.25	23:00:00	3333.68	3335.57	3331.22	3332.04	1859	0	26
2025.06.26	01:00:00	3333.84	3334.73	3331.23	3333.14	1567	0	34
2025.06.26	02:00:00	3333.16	3340.02	3332.77	3338.95	2339	0	23
2025.06.26	03:00:00	3339.15	3339.26	3331.99	3333.92	3268	0	23
2025.06.26	04:00:00	3334.00	3336.66	3329.24	3330.08	4324	0	23
2025.06.26	05:00:00	3330.03	3341.69	3329.19	3339.46	3698	0	23
2025.06.26	06:00:00	3339.46	3343.10	3336.24	3337.90	3166	0	23
2025.06.26	07:00:00	3337.88	3337.98	3333.24	3333.82	2335	0	23
2025.06.26	08:00:00	3333.80	3338.17	3332.26	3333.98	3379	0	23
2025.06.26	09:00:00	3333.84	3340.39	3330.89	3339.75	3973	0	23
2025.06.26	10:00:00	3339.85	3347.13	3339.82	3346.03	3840	0	23
2025.06.26	11:00:00	3346.00	3350.23	3344.34	3348.12	3896	0	23
2025.06.26	12:00:00	3348.02	3348.66	3338.67	3340.55	4655	0	23
2025.06.26	13:00:00	3340.55	3343.37	3337.87	3343.22	2682	0	23
2025.06.26	14:00:00	3343.20	3344.11	3331.46	3332.85	3840	0	23
2025.06.26	15:00:00	3333.14	3343.99	3321.78	3321.96	6218	0	23
2025.06.26	16:00:00	3322.08	3328.60	3309.84	3319.86	8895	0	23
2025.06.26	17:00:00	3319.82	3323.80	3311.88	3318.30	7599	0	23
2025.06.26	18:00:00	3318.28	3324.91	3318.28	3324.79	5188	0	23
2025.06.26	19:00:00	3324.79	3333.25	3323.70	3331.31	4803	0	23
2025.06.26	20:00:00	3331.22	3336.37	3331.17	3332.67	4516	0	23
2025.06.26	21:00:00	3332.68	3334.78	3331.19	3334.02	3411	0	23
2025.06.26	22:00:00	3334.06	3334.25	3328.26	3331.22	3280	0	23
2025.06.26	23:00:00	3331.22	3332.21	3328.78	3329.86	1335	0	26
2025.06.27	01:00:00	3325.21	3325.26	3318.73	3321.34	1725	0	28
2025.06.27	02:00:00	3321.44	3323.58	3316.14	3318.59	2231	0	23
2025.06.27	03:00:00	3318.50	3319.78	3313.19	3318.77	3159	0	23
2025.06.27	04:00:00	3318.77	3321.93	3314.73	3316.35	4395	0	23
2025.06.27	05:00:00	3316.35	3320.34	3308.43	3308.73	4284	0	23
2025.06.27	06:00:00	3308.73	3310.94	3292.48	3294.26	5096	0	23
2025.06.27	07:00:00	3294.26	3297.47	3290.96	3293.86	3401	0	23
2025.06.27	08:00:00	3293.93	3300.90	3289.16	3297.39	4279	0	23
2025.06.27	09:00:00	3297.25	3299.83	3286.35	3294.89	5633	0	23
2025.06.27	10:00:00	3295.14	3295.30	3283.52	3284.32	5403	0	23
2025.06.27	11:00:00	3284.92	3291.04	3281.85	3289.42	4659	0	23
2025.06.27	12:00:00	3289.41	3289.72	3282.04	3282.68	4080	0	23
2025.06.27	13:00:00	3282.71	3290.86	3279.63	3285.66	3950	0	23
2025.06.27	14:00:00	3285.64	3287.92	3276.03	3281.33	4386	0	23
2025.06.27	15:00:00	3281.27	3282.25	3269.40	3270.00	6941	0	23
2025.06.27	16:00:00	3270.12	3274.47	3256.12	3274.19	8878	0	23
2025.06.27	17:00:00	3274.21	3277.97	3263.57	3272.44	7815	0	23
2025.06.27	18:00:00	3272.48	3277.46	3270.91	3274.54	5443	0	23
2025.06.27	19:00:00	3274.53	3278.54	3273.36	3277.52	4239	0	23
2025.06.27	20:00:00	3277.54	3282.75	3272.62	3277.30	4151	0	23
2025.06.27	21:00:00	3277.63	3278.26	3270.45	3275.76	4186	0	23
2025.06.27	22:00:00	3275.75	3276.45	3268.29	3270.50	3726	0	23
2025.06.27	23:00:00	3270.47	3275.41	3270.27	3274.49	1928	0	26
2025.06.30	01:00:00	3272.53	3274.01	3248.92	3263.67	4383	0	26
2025.06.30	02:00:00	3263.73	3270.84	3262.75	3263.69	3130	0	24
2025.06.30	03:00:00	3263.52	3269.59	3262.55	3264.54	3173	0	23
2025.06.30	04:00:00	3264.38	3275.79	3259.33	3273.88	5409	0	23
2025.06.30	05:00:00	3273.90	3283.25	3273.55	3280.19	4052	0	23
2025.06.30	06:00:00	3280.03	3282.70	3277.80	3278.87	2705	0	23
2025.06.30	07:00:00	3278.90	3286.22	3276.95	3285.50	2292	0	23
2025.06.30	08:00:00	3285.50	3291.24	3284.59	3288.94	3207	0	23
2025.06.30	09:00:00	3288.93	3295.48	3287.90	3292.02	3900	0	23
2025.06.30	10:00:00	3292.02	3296.74	3290.65	3292.90	3339	0	23
2025.06.30	11:00:00	3292.90	3296.49	3288.13	3289.11	3217	0	23
2025.06.30	12:00:00	3288.84	3288.84	3277.22	3287.80	4055	0	23
2025.06.30	13:00:00	3287.85	3288.73	3282.40	3283.46	2190	0	23
2025.06.30	14:00:00	3283.22	3283.69	3274.54	3277.87	3921	0	23
2025.06.30	15:00:00	3278.07	3288.96	3278.07	3282.01	4322	0	23
2025.06.30	16:00:00	3281.96	3286.96	3277.81	3284.75	5967	0	23
2025.06.30	17:00:00	3284.96	3289.55	3279.05	3287.67	5921	0	23
2025.06.30	18:00:00	3287.60	3290.70	3283.63	3289.59	5320	0	21
2025.06.30	19:00:00	3289.59	3297.36	3289.13	3297.22	4540	0	21
2025.06.30	20:00:00	3297.18	3298.35	3291.97	3293.97	4007	0	21
2025.06.30	21:00:00	3293.97	3299.52	3292.59	3298.45	3027	0	21
2025.06.30	22:00:00	3298.45	3309.37	3298.00	3308.57	3827	0	21
2025.06.30	23:00:00	3308.57	3309.19	3302.41	3302.63	1697	0	24
2025.07.01	01:00:00	3303.94	3314.33	3302.24	3311.36	2052	0	33
2025.07.01	02:00:00	3311.40	3312.43	3308.53	3312.42	2149	0	21
2025.07.01	03:00:00	3312.33	3314.75	3309.78	3314.69	2521	0	21
2025.07.01	04:00:00	3314.69	3320.96	3313.88	3317.79	4618	0	21
2025.07.01	05:00:00	3317.61	3319.28	3314.40	3316.11	3575	0	21
2025.07.01	06:00:00	3316.02	3322.61	3315.78	3321.06	2764	0	21
2025.07.01	07:00:00	3321.06	3323.01	3318.85	3322.88	2044	0	21
2025.07.01	08:00:00	3322.89	3332.19	3322.86	3328.73	3689	0	25
2025.07.01	09:00:00	3328.63	3334.38	3325.04	3331.31	4222	0	21
2025.07.01	10:00:00	3331.48	3339.83	3330.80	3339.47	4954	0	21
2025.07.01	11:00:00	3339.42	3342.40	3336.84	3339.54	3615	0	21
2025.07.01	12:00:00	3339.61	3348.04	3338.25	3345.69	4304	0	21
2025.07.01	13:00:00	3345.69	3349.65	3344.42	3348.55	3263	0	21
2025.07.01	14:00:00	3348.55	3353.04	3346.91	3348.94	4219	0	21
2025.07.01	15:00:00	3349.03	3357.89	3348.28	3354.41	5605	0	21
2025.07.01	16:00:00	3354.37	3355.47	3344.39	3351.62	7145	0	21
2025.07.01	17:00:00	3351.21	3354.36	3343.56	3345.76	6906	0	21
2025.07.01	18:00:00	3345.81	3346.61	3336.82	3340.22	5776	0	21
2025.07.01	19:00:00	3340.22	3343.39	3337.52	3341.70	4099	0	21
2025.07.01	20:00:00	3341.69	3342.11	3336.89	3339.67	3805	0	21
2025.07.01	21:00:00	3339.67	3339.86	3336.80	3337.88	2574	0	21
2025.07.01	22:00:00	3337.92	3340.02	3336.81	3338.03	3373	0	21
2025.07.01	23:00:00	3337.93	3340.05	3336.66	3339.22	1380	0	24
2025.07.02	01:00:00	3339.85	3343.59	3336.75	3341.44	1913	0	30
2025.07.02	02:00:00	3341.50	3341.64	3336.62	3338.01	1881	0	21
2025.07.02	03:00:00	3338.11	3344.88	3334.55	3338.87	3445	0	24
2025.07.02	04:00:00	3338.87	3342.85	3330.89	3332.04	4218	0	21
2025.07.02	05:00:00	3332.11	3338.14	3328.52	3336.61	3302	0	21
2025.07.02	06:00:00	3336.61	3342.08	3334.81	3339.89	2758	0	21
2025.07.02	07:00:00	3339.89	3341.93	3339.45	3339.98	1953	0	21
2025.07.02	08:00:00	3339.98	3343.70	3336.46	3338.72	3151	0	21
2025.07.02	09:00:00	3338.77	3339.31	3329.82	3333.43	3529	0	21
2025.07.02	10:00:00	3332.96	3336.74	3327.55	3334.72	4167	0	21
2025.07.02	11:00:00	3334.63	3337.99	3332.92	3333.52	3023	0	21
2025.07.02	12:00:00	3333.47	3342.12	3333.05	3341.63	3325	0	21
2025.07.02	13:00:00	3341.58	3345.61	3340.54	3344.30	2458	0	21
2025.07.02	14:00:00	3344.29	3347.57	3339.77	3342.22	3352	0	21
2025.07.02	15:00:00	3342.21	3351.08	3337.73	3346.58	6299	0	21
2025.07.02	16:00:00	3346.59	3346.59	3334.85	3337.39	6726	0	21
2025.07.02	17:00:00	3337.38	3343.48	3333.83	3342.95	5756	0	21
2025.07.02	18:00:00	3342.95	3343.60	3338.66	3341.01	4393	0	21
2025.07.02	19:00:00	3340.99	3349.18	3340.94	3348.65	4313	0	21
2025.07.02	20:00:00	3348.50	3350.48	3347.31	3349.56	3259	0	21
2025.07.02	21:00:00	3349.56	3355.07	3348.49	3354.86	2770	0	21
2025.07.02	22:00:00	3354.88	3359.43	3354.49	3358.13	3714	0	21
2025.07.02	23:00:00	3358.23	3359.90	3355.30	3355.79	1331	0	24
2025.07.03	01:00:00	3359.37	3365.65	3358.75	3361.84	1965	0	24
2025.07.03	02:00:00	3361.91	3362.21	3348.79	3349.24	3060	0	21
2025.07.03	03:00:00	3349.45	3349.75	3343.48	3344.60	3321	0	21
2025.07.03	04:00:00	3344.61	3348.19	3341.81	3345.84	3910	0	21
2025.07.03	05:00:00	3345.92	3351.35	3345.64	3350.94	3036	0	21
2025.07.03	06:00:00	3350.94	3351.44	3345.41	3347.40	2222	0	21
2025.07.03	07:00:00	3347.40	3351.71	3347.29	3350.66	2072	0	21
2025.07.03	08:00:00	3350.66	3360.39	3350.01	3359.24	3547	0	21
2025.07.03	09:00:00	3359.31	3363.68	3356.53	3361.79	4029	0	21
2025.07.03	10:00:00	3361.90	3363.00	3352.34	3352.99	3559	0	21
2025.07.03	11:00:00	3353.02	3358.31	3351.70	3356.12	3107	0	21
2025.07.03	12:00:00	3356.09	3356.30	3343.85	3345.66	3625	0	21
2025.07.03	13:00:00	3345.66	3355.40	3344.77	3353.00	3116	0	21
2025.07.03	14:00:00	3353.05	3353.73	3342.91	3346.08	3525	0	21
2025.07.03	15:00:00	3346.02	3352.22	3311.52	3324.30	7880	0	21
2025.07.03	16:00:00	3324.43	3338.43	3322.08	3332.10	8201	0	21
2025.07.03	17:00:00	3331.84	3334.65	3323.17	3324.62	7056	0	21
2025.07.03	18:00:00	3324.59	3331.37	3322.97	3328.00	5043	0	21
2025.07.03	19:00:00	3328.06	3334.58	3325.62	3333.92	3555	0	21
2025.07.03	20:00:00	3333.92	3334.73	3328.80	3329.04	2163	0	21
2025.07.03	21:00:00	3328.98	3330.14	3327.92	3329.01	1124	0	21
2025.07.03	22:00:00	3328.99	3329.45	3326.94	3328.70	1201	0	21
2025.07.03	23:00:00	3328.70	3328.83	3325.70	3325.70	711	0	24
2025.07.04	01:00:00	3324.64	3329.52	3323.45	3328.99	1108	0	32
2025.07.04	02:00:00	3328.99	3331.97	3328.41	3330.75	1840	0	21
2025.07.04	03:00:00	3330.75	3330.97	3325.76	3328.96	2105	0	21
2025.07.04	04:00:00	3328.86	3334.19	3326.42	3329.96	3337	0	21
2025.07.04	05:00:00	3329.80	3332.39	3327.01	3327.23	2996	0	21
2025.07.04	06:00:00	3327.28	3338.73	3326.12	3338.28	2937	0	21
2025.07.04	07:00:00	3338.28	3342.19	3337.94	3340.83	2563	0	21
2025.07.04	08:00:00	3340.83	3342.15	3338.19	3339.49	2429	0	21
2025.07.04	09:00:00	3339.52	3345.03	3339.18	3342.31	3679	0	21
2025.07.04	10:00:00	3342.71	3343.62	3336.53	3342.87	3605	0	21
2025.07.04	11:00:00	3342.87	3344.12	3340.84	3342.79	2795	0	21
2025.07.04	12:00:00	3342.79	3343.02	3332.91	3334.49	3226	0	21
2025.07.04	13:00:00	3334.47	3337.98	3331.21	3336.80	3117	0	21
2025.07.04	14:00:00	3336.80	3337.82	3334.43	3334.66	2686	0	21
2025.07.04	15:00:00	3334.66	3337.83	3331.37	3333.87	3814	0	21
2025.07.04	16:00:00	3333.87	3337.95	3332.19	3333.83	4062	0	21
2025.07.04	17:00:00	3333.83	3334.18	3330.82	3333.23	3537	0	21
2025.07.04	18:00:00	3333.23	3333.92	3330.74	3332.35	2144	0	21
2025.07.04	19:00:00	3332.40	3337.37	3332.22	3336.95	2103	0	21
2025.07.07	01:00:00	3341.37	3341.90	3332.35	3333.34	2245	0	28
2025.07.07	02:00:00	3333.54	3334.48	3326.18	3328.75	2574	0	23
2025.07.07	03:00:00	3328.78	3329.49	3321.70	3326.46	3672	0	21
2025.07.07	04:00:00	3326.46	3327.58	3306.62	3316.51	6069	0	21
2025.07.07	05:00:00	3316.53	3317.71	3305.99	3308.82	3985	0	21
2025.07.07	06:00:00	3308.82	3315.23	3307.10	3310.92	3489	0	21
2025.07.07	07:00:00	3310.92	3312.24	3305.11	3307.74	3455	0	21
2025.07.07	08:00:00	3307.74	3315.08	3307.05	3313.26	4408	0	21
2025.07.07	09:00:00	3313.13	3315.19	3308.31	3309.91	4718	0	21
2025.07.07	10:00:00	3310.13	3313.24	3300.60	3302.18	4066	0	21
2025.07.07	11:00:00	3302.12	3312.75	3301.21	3310.15	4118	0	21
2025.07.07	12:00:00	3310.01	3311.91	3306.07	3308.92	3559	0	21
2025.07.07	13:00:00	3308.88	3310.60	3296.39	3302.00	4656	0	21
2025.07.07	14:00:00	3302.00	3307.52	3299.72	3301.80	5498	0	21
2025.07.07	15:00:00	3301.73	3312.65	3300.50	3309.54	6297	0	21
2025.07.07	16:00:00	3309.52	3317.03	3306.14	3316.32	6519	0	21
2025.07.07	17:00:00	3316.52	3321.26	3313.20	3317.95	5689	0	21
2025.07.07	18:00:00	3317.96	3321.94	3316.10	3320.85	3395	0	21
2025.07.07	19:00:00	3320.85	3327.98	3320.04	3327.42	5504	0	21
2025.07.07	20:00:00	3327.49	3335.80	3327.38	3331.94	5338	0	21
2025.07.07	21:00:00	3331.97	3335.69	3328.49	3334.35	3949	0	21
2025.07.07	22:00:00	3334.35	3340.33	3334.26	3336.95	3767	0	21
2025.07.07	23:00:00	3336.99	3337.34	3335.23	3336.90	1526	0	24
2025.07.08	01:00:00	3340.65	3345.77	3338.80	3339.67	1776	0	33
2025.07.08	02:00:00	3339.70	3339.99	3333.73	3334.49	1995	0	26
2025.07.08	03:00:00	3334.53	3337.13	3331.07	3334.18	3673	0	21
2025.07.08	04:00:00	3334.18	3336.93	3329.57	3334.72	4620	0	21
2025.07.08	05:00:00	3334.77	3337.90	3332.72	3334.37	3276	0	21
2025.07.08	06:00:00	3334.37	3335.41	3329.50	3331.43	2423	0	21
2025.07.08	07:00:00	3331.43	3332.65	3327.26	3329.64	2211	0	21
2025.07.08	08:00:00	3329.64	3336.45	3329.49	3333.99	2919	0	21
2025.07.08	09:00:00	3333.97	3336.03	3330.66	3335.76	3286	0	21
2025.07.08	10:00:00	3336.36	3339.46	3330.43	3333.88	3440	0	21
2025.07.08	11:00:00	3333.79	3333.79	3323.24	3323.62	4664	0	21
2025.07.08	12:00:00	3323.62	3326.76	3321.10	3322.04	3280	0	21
2025.07.08	13:00:00	3322.04	3327.06	3320.46	3324.61	2466	0	21
2025.07.08	14:00:00	3324.61	3327.44	3320.02	3324.94	3119	0	21
2025.07.08	15:00:00	3325.00	3329.81	3324.69	3328.11	4325	0	21
2025.07.08	16:00:00	3328.11	3328.57	3314.78	3315.16	7180	0	21
2025.07.08	17:00:00	3315.16	3315.77	3294.34	3296.50	8954	0	21
2025.07.08	18:00:00	3296.73	3300.23	3287.09	3298.19	6893	0	21
2025.07.08	19:00:00	3298.17	3301.50	3295.82	3300.33	5527	0	21
2025.07.08	20:00:00	3300.48	3310.29	3299.31	3306.36	6442	0	21
2025.07.08	21:00:00	3306.35	3308.12	3300.56	3305.33	3927	0	21
2025.07.08	22:00:00	3305.41	3306.09	3302.35	3302.85	3667	0	21
2025.07.08	23:00:00	3302.84	3303.69	3299.95	3300.21	1381	0	24
2025.07.09	01:00:00	3302.80	3303.95	3300.15	3301.44	1991	0	24
2025.07.09	02:00:00	3301.47	3303.91	3297.14	3302.25	2654	0	21
2025.07.09	03:00:00	3302.25	3307.88	3301.78	3306.95	2843	0	21
2025.07.09	04:00:00	3306.95	3307.21	3299.24	3301.72	4247	0	21
2025.07.09	05:00:00	3301.72	3302.83	3286.66	3288.45	4469	0	21
2025.07.09	06:00:00	3288.39	3294.63	3284.90	3293.20	3645	0	21
2025.07.09	07:00:00	3293.20	3296.34	3291.05	3293.88	2274	0	21
2025.07.09	08:00:00	3293.88	3297.65	3288.93	3289.37	3583	0	21
2025.07.09	09:00:00	3289.59	3292.66	3285.55	3292.26	4196	0	21
2025.07.09	10:00:00	3292.29	3295.96	3288.21	3291.89	4577	0	21
2025.07.09	11:00:00	3291.81	3292.55	3282.72	3284.97	4835	0	21
2025.07.09	12:00:00	3284.97	3290.43	3284.35	3289.20	3414	0	21
2025.07.09	13:00:00	3289.07	3295.82	3288.17	3295.46	3263	0	21
2025.07.09	14:00:00	3295.46	3295.86	3283.14	3284.84	3844	0	21
2025.07.09	15:00:00	3284.84	3297.45	3284.84	3296.37	5111	0	21
2025.07.09	16:00:00	3296.37	3305.18	3291.91	3300.25	7149	0	21
2025.07.09	17:00:00	3300.33	3312.88	3299.82	3312.28	6726	0	21
2025.07.09	18:00:00	3312.36	3312.88	3306.32	3309.65	4719	0	21
2025.07.09	19:00:00	3309.53	3313.22	3307.87	3311.81	3890	0	21
2025.07.09	20:00:00	3311.79	3314.56	3308.14	3308.74	4506	0	21
2025.07.09	21:00:00	3308.71	3313.68	3308.06	3311.34	4071	0	21
2025.07.09	22:00:00	3311.37	3316.75	3310.89	3315.64	4082	0	21
2025.07.09	23:00:00	3315.69	3315.79	3311.49	3313.51	1768	0	24
2025.07.10	01:00:00	3315.66	3321.10	3314.82	3319.44	1520	0	24
2025.07.10	02:00:00	3319.44	3319.65	3315.66	3317.55	1735	0	21
2025.07.10	03:00:00	3317.40	3321.77	3316.49	3317.61	2974	0	21
2025.07.10	04:00:00	3317.37	3326.23	3316.34	3322.09	4045	0	21
2025.07.10	05:00:00	3322.09	3323.50	3318.08	3319.08	2653	0	21
2025.07.10	06:00:00	3319.04	3320.05	3315.29	3315.68	2626	0	21
2025.07.10	07:00:00	3315.68	3322.44	3314.78	3322.14	1968	0	21
2025.07.10	08:00:00	3322.25	3325.01	3320.51	3321.06	2855	0	21
2025.07.10	09:00:00	3321.04	3328.37	3320.85	3325.22	3005	0	21
2025.07.10	10:00:00	3325.21	3329.40	3319.85	3321.06	3087	0	21
2025.07.10	11:00:00	3321.07	3330.03	3319.89	3328.62	2644	0	21
2025.07.10	12:00:00	3328.59	3330.24	3323.19	3326.38	2861	0	21
2025.07.10	13:00:00	3326.42	3328.68	3322.19	3325.23	3111	0	21
2025.07.10	14:00:00	3325.23	3330.17	3318.23	3320.37	4283	0	21
2025.07.10	15:00:00	3320.40	3326.03	3317.86	3323.71	4885	0	21
2025.07.10	16:00:00	3322.66	3329.32	3311.90	3312.78	7520	0	21
2025.07.10	17:00:00	3312.66	3321.53	3310.00	3314.91	6651	0	21
2025.07.10	18:00:00	3314.91	3321.45	3314.57	3319.60	4197	0	21
2025.07.10	19:00:00	3319.61	3319.90	3312.07	3315.08	3858	0	21
2025.07.10	20:00:00	3315.08	3318.52	3314.70	3317.29	3011	0	21
2025.07.10	21:00:00	3317.28	3321.82	3316.36	3321.41	3000	0	21
2025.07.10	22:00:00	3321.41	3325.86	3321.35	3324.79	3727	0	21
2025.07.10	23:00:00	3324.79	3325.25	3323.22	3324.12	1188	0	21
2025.07.11	01:00:00	3325.51	3326.25	3321.73	3323.40	2221	0	24
2025.07.11	02:00:00	3323.07	3326.36	3322.98	3323.69	1470	0	21
2025.07.11	03:00:00	3323.58	3336.14	3323.46	3330.44	4687	0	21
2025.07.11	04:00:00	3330.37	3331.45	3325.09	3329.47	5030	0	21
2025.07.11	05:00:00	3329.40	3335.01	3327.09	3332.47	3540	0	21
2025.07.11	06:00:00	3332.42	3335.94	3332.07	3333.67	2417	0	21
2025.07.11	07:00:00	3333.67	3335.29	3329.77	3331.93	2482	0	21
2025.07.11	08:00:00	3331.93	3341.58	3331.88	3334.12	4899	0	21
2025.07.11	09:00:00	3334.18	3343.82	3332.04	3332.42	5298	0	21
2025.07.11	10:00:00	3332.28	3342.17	3331.05	3341.90	5179	0	21
2025.07.11	11:00:00	3341.92	3343.76	3332.73	3333.14	5265	0	21
2025.07.11	12:00:00	3333.01	3339.95	3332.78	3339.43	3998	0	21
2025.07.11	13:00:00	3339.41	3348.22	3339.41	3344.88	4387	0	21
2025.07.11	14:00:00	3344.97	3350.23	3342.01	3347.44	4521	0	21
2025.07.11	15:00:00	3347.44	3357.07	3344.19	3355.06	6421	0	21
2025.07.11	16:00:00	3355.31	3359.16	3350.13	3351.83	8240	0	21
2025.07.11	17:00:00	3351.91	3363.63	3350.28	3361.10	7759	0	21
2025.07.11	18:00:00	3361.16	3368.63	3356.91	3358.83	6958	0	21
2025.07.11	19:00:00	3358.82	3359.58	3352.75	3353.77	5699	0	21
2025.07.11	20:00:00	3353.70	3354.06	3349.20	3353.33	4762	0	21
2025.07.11	21:00:00	3353.33	3358.40	3353.28	3356.00	4083	0	21
2025.07.11	22:00:00	3356.00	3359.68	3355.51	3356.30	4133	0	21
2025.07.11	23:00:00	3356.30	3357.62	3353.45	3357.23	1690	0	24
2025.07.14	01:00:00	3360.49	3371.04	3359.44	3369.18	3368	0	31
2025.07.14	02:00:00	3369.34	3373.97	3366.23	3367.70	3363	0	21
2025.07.14	03:00:00	3367.59	3373.18	3364.75	3367.50	4434	0	21
2025.07.14	04:00:00	3367.50	3370.14	3357.05	3358.58	5965	0	21
2025.07.14	05:00:00	3358.51	3359.48	3353.70	3357.28	4509	0	21
2025.07.14	06:00:00	3357.35	3359.52	3355.28	3356.94	3329	0	21
2025.07.14	07:00:00	3356.72	3361.56	3353.76	3359.64	3976	0	21
2025.07.14	08:00:00	3359.56	3360.33	3353.67	3357.58	4373	0	21
2025.07.14	09:00:00	3357.65	3369.56	3356.53	3368.84	5064	0	21
2025.07.14	10:00:00	3368.76	3374.90	3366.59	3371.88	5214	0	21
2025.07.14	11:00:00	3371.93	3372.56	3365.36	3365.87	3884	0	21
2025.07.14	12:00:00	3365.97	3370.31	3363.99	3370.18	2963	0	21
2025.07.14	13:00:00	3370.26	3374.59	3369.66	3371.96	3408	0	21
2025.07.14	14:00:00	3371.96	3373.01	3363.83	3364.07	3803	0	21
2025.07.14	15:00:00	3364.07	3366.52	3349.37	3350.01	6662	0	21
2025.07.14	16:00:00	3350.01	3358.96	3347.11	3355.22	6641	0	21
2025.07.14	17:00:00	3355.18	3356.26	3340.97	3342.99	7813	0	21
2025.07.14	18:00:00	3343.34	3349.65	3342.50	3345.06	5146	0	21
2025.07.14	19:00:00	3345.08	3349.14	3343.03	3347.74	5095	0	21
2025.07.14	20:00:00	3347.87	3351.64	3347.34	3350.99	4210	0	21
2025.07.14	21:00:00	3351.00	3351.16	3347.87	3348.85	3097	0	21
2025.07.14	22:00:00	3348.85	3350.47	3343.13	3344.07	4259	0	21
2025.07.14	23:00:00	3344.13	3345.56	3341.20	3342.03	1823	0	24
2025.07.15	01:00:00	3342.88	3345.69	3341.24	3345.69	1200	0	24
2025.07.15	02:00:00	3345.69	3346.50	3343.88	3345.25	1368	0	21
2025.07.15	03:00:00	3345.25	3349.24	3344.71	3347.53	2234	0	21
2025.07.15	04:00:00	3347.53	3350.60	3346.10	3346.49	3205	0	21
2025.07.15	05:00:00	3346.51	3352.01	3345.77	3350.78	3022	0	21
2025.07.15	06:00:00	3350.77	3358.21	3350.67	3357.81	3049	0	21
2025.07.15	07:00:00	3357.81	3361.18	3357.54	3360.19	2323	0	21
2025.07.15	08:00:00	3360.19	3365.11	3360.19	3362.06	2846	0	21
2025.07.15	09:00:00	3362.05	3364.08	3357.51	3358.12	3678	0	21
2025.07.15	10:00:00	3358.16	3365.10	3357.46	3364.29	3081	0	21
2025.07.15	11:00:00	3364.23	3365.58	3356.69	3360.95	4207	0	21
2025.07.15	12:00:00	3360.95	3364.62	3358.56	3363.33	3263	0	21
2025.07.15	13:00:00	3363.33	3366.31	3361.13	3361.27	2626	0	23
2025.07.15	14:00:00	3361.33	3361.95	3354.12	3354.84	3512	0	21
2025.07.15	15:00:00	3354.84	3360.16	3346.41	3348.81	6297	0	21
2025.07.15	16:00:00	3349.00	3352.36	3334.34	3346.50	8412	0	21
2025.07.15	17:00:00	3347.17	3352.09	3342.50	3347.89	6760	0	21
2025.07.15	18:00:00	3347.91	3349.86	3325.36	3328.91	6900	0	21
2025.07.15	19:00:00	3328.87	3330.25	3320.18	3329.23	5572	0	21
2025.07.15	20:00:00	3329.24	3331.25	3325.77	3328.11	4077	0	21
2025.07.15	21:00:00	3328.13	3331.86	3325.78	3328.79	3192	0	21
2025.07.15	22:00:00	3328.74	3331.22	3326.48	3330.40	3208	0	21
2025.07.15	23:00:00	3330.35	3330.90	3325.44	3325.44	1176	0	24
2025.07.16	01:00:00	3326.05	3327.55	3325.45	3326.53	1133	0	24
2025.07.16	02:00:00	3326.55	3331.74	3326.22	3330.96	1598	0	21
2025.07.16	03:00:00	3331.02	3332.60	3328.89	3330.41	2646	0	21
2025.07.16	04:00:00	3330.43	3334.98	3328.82	3330.87	3940	0	21
2025.07.16	05:00:00	3331.03	3331.48	3324.97	3326.15	3173	0	21
2025.07.16	06:00:00	3326.10	3334.98	3325.84	3334.32	2888	0	21
2025.07.16	07:00:00	3334.37	3338.55	3332.77	3338.20	2471	0	21
2025.07.16	08:00:00	3338.21	3339.80	3335.53	3337.95	2596	0	21
2025.07.16	09:00:00	3337.95	3341.99	3337.64	3339.08	2983	0	21
2025.07.16	10:00:00	3339.08	3340.09	3335.98	3337.83	2770	0	21
2025.07.16	11:00:00	3337.83	3342.63	3337.73	3341.92	2853	0	21
2025.07.16	12:00:00	3341.92	3342.92	3339.09	3339.99	2712	0	21
2025.07.16	13:00:00	3339.97	3340.32	3333.90	3334.80	2676	0	21
2025.07.16	14:00:00	3334.80	3340.10	3333.74	3339.24	3216	0	21
2025.07.16	15:00:00	3339.15	3340.74	3330.94	3334.52	5615	0	21
2025.07.16	16:00:00	3334.58	3339.37	3321.94	3326.79	6848	0	21
2025.07.16	17:00:00	3326.70	3342.47	3319.57	3338.01	7434	0	21
2025.07.16	18:00:00	3337.87	3377.43	3336.23	3344.00	11882	0	21
2025.07.16	19:00:00	3343.45	3355.09	3339.18	3349.04	8191	0	21
2025.07.16	20:00:00	3349.05	3357.16	3348.77	3354.74	5582	0	21
2025.07.16	21:00:00	3354.73	3357.36	3349.03	3350.25	4544	0	21
2025.07.16	22:00:00	3350.25	3350.45	3346.05	3347.09	4932	0	21
2025.07.16	23:00:00	3347.10	3349.33	3346.23	3347.45	2194	0	24
2025.07.17	01:00:00	3350.69	3352.04	3348.26	3349.49	1520	0	24
2025.07.17	02:00:00	3349.53	3350.11	3345.22	3346.44	1605	0	21
2025.07.17	03:00:00	3346.37	3347.27	3339.63	3340.76	2959	0	21
2025.07.17	04:00:00	3340.76	3344.46	3337.13	3343.93	4228	0	21
2025.07.17	05:00:00	3343.89	3344.60	3337.66	3341.30	3172	0	21
2025.07.17	06:00:00	3341.30	3342.35	3336.23	3341.42	2671	0	21
2025.07.17	07:00:00	3341.41	3344.66	3338.31	3342.62	1984	0	21
2025.07.17	08:00:00	3342.57	3342.84	3335.80	3339.34	2873	0	21
2025.07.17	09:00:00	3339.34	3339.77	3328.19	3335.34	4823	0	21
2025.07.17	10:00:00	3335.36	3336.10	3325.15	3325.78	3899	0	21
2025.07.17	11:00:00	3325.78	3332.01	3325.53	3328.75	2967	0	21
2025.07.17	12:00:00	3328.74	3332.39	3324.68	3325.52	3175	0	21
2025.07.17	13:00:00	3325.58	3331.07	3324.86	3325.75	3036	0	21
2025.07.17	14:00:00	3325.75	3328.44	3322.25	3324.20	3355	0	21
2025.07.17	15:00:00	3324.20	3328.49	3309.68	3313.02	7105	0	21
2025.07.17	16:00:00	3313.12	3321.76	3311.24	3318.98	7800	0	21
2025.07.17	17:00:00	3318.86	3335.04	3318.25	3334.13	6562	0	21
2025.07.17	18:00:00	3334.11	3338.38	3331.17	3336.70	5536	0	21
2025.07.17	19:00:00	3336.69	3339.89	3335.41	3338.71	4438	0	21
2025.07.17	20:00:00	3338.71	3340.99	3336.23	3337.40	4217	0	21
2025.07.17	21:00:00	3337.40	3338.89	3335.63	3338.43	3820	0	21
2025.07.17	22:00:00	3338.46	3340.69	3338.14	3339.65	3743	0	21
2025.07.17	23:00:00	3339.66	3340.20	3337.45	3337.56	1635	0	24
2025.07.18	01:00:00	3341.50	3343.95	3338.23	3343.22	2036	0	24
2025.07.18	02:00:00	3343.15	3343.33	3339.52	3340.16	1494	0	21
2025.07.18	03:00:00	3340.20	3341.35	3337.85	3339.78	2197	0	21
2025.07.18	04:00:00	3339.80	3342.94	3335.25	3337.64	3792	0	21
2025.07.18	05:00:00	3337.60	3344.21	3336.86	3337.70	3480	0	21
2025.07.18	06:00:00	3337.76	3338.43	3334.04	3334.53	2459	0	21
2025.07.18	07:00:00	3334.53	3336.96	3333.75	3336.96	1960	0	21
2025.07.18	08:00:00	3336.96	3340.09	3333.27	3333.43	2898	0	21
2025.07.18	09:00:00	3333.43	3342.65	3331.78	3342.06	3659	0	21
2025.07.18	10:00:00	3342.06	3350.05	3340.62	3349.77	3555	0	21
2025.07.18	11:00:00	3349.67	3350.35	3346.19	3347.44	2960	0	21
2025.07.18	12:00:00	3347.44	3354.83	3347.34	3352.32	3060	0	21
2025.07.18	13:00:00	3352.14	3352.69	3347.82	3351.37	2964	0	21
2025.07.18	14:00:00	3351.30	3357.66	3350.73	3354.23	2949	0	21
2025.07.18	15:00:00	3354.23	3361.17	3354.12	3359.91	4302	0	21
2025.07.18	16:00:00	3359.91	3360.21	3352.20	3355.50	6265	0	21
2025.07.18	17:00:00	3355.61	3359.03	3351.13	3354.62	6156	0	21
2025.07.18	18:00:00	3354.62	3356.32	3352.26	3353.64	4472	0	21
2025.07.18	19:00:00	3353.64	3357.39	3351.14	3353.61	4720	0	21
2025.07.18	20:00:00	3353.64	3353.66	3350.46	3352.14	3541	0	21
2025.07.18	21:00:00	3352.28	3353.31	3350.09	3351.25	3076	0	21
2025.07.18	22:00:00	3351.27	3352.70	3347.56	3348.17	4080	0	21
2025.07.18	23:00:00	3348.09	3351.67	3347.67	3351.23	1663	0	24
2025.07.21	01:00:00	3348.73	3350.04	3344.88	3347.66	1831	0	32
2025.07.21	02:00:00	3347.66	3349.36	3345.40	3349.08	1505	0	21
2025.07.21	03:00:00	3349.08	3354.47	3347.61	3352.21	2114	0	21
2025.07.21	04:00:00	3352.08	3358.52	3351.86	3356.47	3115	0	21
2025.07.21	05:00:00	3356.18	3357.37	3352.24	3354.02	2372	0	21
2025.07.21	06:00:00	3354.02	3356.84	3351.00	3351.17	2093	0	21
2025.07.21	07:00:00	3351.17	3358.62	3350.59	3357.72	1704	0	21
2025.07.21	08:00:00	3357.72	3369.53	3357.58	3366.57	3964	0	21
2025.07.21	09:00:00	3366.58	3370.70	3365.28	3368.28	3669	0	21
2025.07.21	10:00:00	3368.27	3370.43	3363.80	3364.70	3323	0	21
2025.07.21	11:00:00	3364.71	3366.74	3362.99	3365.93	3070	0	21
2025.07.21	12:00:00	3365.93	3366.41	3362.67	3365.99	2325	0	21
2025.07.21	13:00:00	3365.99	3368.10	3362.76	3366.08	2590	0	21
2025.07.21	14:00:00	3366.08	3375.56	3365.15	3375.35	3830	0	21
2025.07.21	15:00:00	3375.20	3388.51	3374.50	3387.20	5768	0	21
2025.07.21	16:00:00	3387.42	3395.20	3383.54	3388.61	7242	0	21
2025.07.21	17:00:00	3388.61	3401.42	3386.28	3400.29	8543	0	21
2025.07.21	18:00:00	3400.28	3400.94	3395.56	3397.88	6508	0	21
2025.07.21	19:00:00	3397.88	3398.97	3393.82	3395.61	5223	0	21
2025.07.21	20:00:00	3395.61	3395.78	3391.42	3393.22	4493	0	21
2025.07.21	21:00:00	3393.23	3395.80	3393.02	3395.38	3996	0	21
2025.07.21	22:00:00	3395.39	3399.67	3395.07	3398.83	4845	0	21
2025.07.21	23:00:00	3398.80	3399.20	3396.94	3396.94	2011	0	21
2025.07.22	01:00:00	3398.81	3400.97	3398.34	3399.33	1178	0	24
2025.07.22	02:00:00	3399.61	3402.56	3393.19	3396.42	2098	0	21
2025.07.22	03:00:00	3396.41	3397.55	3390.41	3394.33	3206	0	21
2025.07.22	04:00:00	3394.32	3395.79	3384.98	3385.96	4304	0	21
2025.07.22	05:00:00	3385.91	3391.92	3385.28	3391.52	3344	0	21
2025.07.22	06:00:00	3391.50	3393.62	3388.76	3392.50	2497	0	21
2025.07.22	07:00:00	3392.50	3392.50	3387.93	3390.97	1982	0	21
2025.07.22	08:00:00	3391.01	3391.85	3384.65	3385.45	3268	0	21
2025.07.22	09:00:00	3385.45	3387.83	3384.34	3384.72	3392	0	21
2025.07.22	10:00:00	3384.72	3387.50	3383.27	3387.50	3152	0	21
2025.07.22	11:00:00	3387.53	3390.04	3386.11	3388.96	3521	0	21
2025.07.22	12:00:00	3388.96	3390.56	3384.56	3386.13	3562	0	21
2025.07.22	13:00:00	3386.07	3388.56	3385.89	3387.00	2220	0	21
2025.07.22	14:00:00	3386.94	3391.64	3386.60	3391.36	2926	0	21
2025.07.22	15:00:00	3391.33	3407.80	3391.03	3407.56	5652	0	22
2025.07.22	16:00:00	3407.40	3420.05	3406.44	3412.26	8537	0	22
2025.07.22	17:00:00	3412.40	3427.72	3405.01	3426.32	9032	0	21
2025.07.22	18:00:00	3426.31	3430.54	3423.45	3426.48	6721	0	21
2025.07.22	19:00:00	3426.49	3432.75	3426.20	3432.15	5638	0	21
2025.07.22	20:00:00	3432.17	3433.35	3426.42	3429.27	5702	0	21
2025.07.22	21:00:00	3429.28	3430.97	3427.74	3429.59	4511	0	21
2025.07.22	22:00:00	3429.59	3432.41	3428.90	3431.53	4472	0	21
2025.07.22	23:00:00	3431.53	3432.61	3427.49	3428.86	2508	0	24
2025.07.23	01:00:00	3430.83	3431.03	3427.32	3427.79	1389	0	24
2025.07.23	02:00:00	3427.83	3433.03	3426.23	3427.39	2696	0	21
2025.07.23	03:00:00	3427.23	3438.81	3427.10	3428.69	4444	0	21
2025.07.23	04:00:00	3428.69	3430.50	3420.98	3421.05	5709	0	21
2025.07.23	05:00:00	3421.01	3424.85	3419.15	3423.07	4148	0	21
2025.07.23	06:00:00	3423.07	3428.54	3422.78	3422.92	3666	0	21
2025.07.23	07:00:00	3422.92	3425.14	3421.93	3423.56	2560	0	21
2025.07.23	08:00:00	3423.56	3423.80	3416.28	3420.32	4063	0	21
2025.07.23	09:00:00	3420.32	3425.13	3419.47	3424.98	4508	0	21
2025.07.23	10:00:00	3424.98	3429.60	3419.94	3420.68	4200	0	21
2025.07.23	11:00:00	3420.91	3428.73	3420.50	3428.43	3822	0	21
2025.07.23	12:00:00	3428.45	3433.71	3428.28	3431.06	3192	0	21
2025.07.23	13:00:00	3431.06	3431.27	3421.11	3422.69	3962	0	21
2025.07.23	14:00:00	3422.69	3429.75	3420.36	3428.13	3822	0	21
2025.07.23	15:00:00	3428.13	3429.90	3419.88	3419.91	5238	0	21
2025.07.23	16:00:00	3419.88	3420.46	3405.57	3413.38	8518	0	21
2025.07.23	17:00:00	3413.32	3419.83	3410.64	3413.46	6926	0	21
2025.07.23	18:00:00	3413.46	3415.75	3398.16	3398.16	6173	0	21
2025.07.23	19:00:00	3398.10	3398.10	3381.43	3387.37	9271	0	21
2025.07.23	20:00:00	3387.37	3394.74	3385.71	3393.15	6193	0	21
2025.07.23	21:00:00	3393.15	3395.87	3392.02	3393.52	4508	0	21
2025.07.23	22:00:00	3393.67	3395.83	3388.52	3390.09	4567	0	21
2025.07.23	23:00:00	3390.16	3390.37	3387.87	3388.58	1810	0	24
2025.07.24	01:00:00	3390.51	3392.35	3386.63	3386.74	1156	0	24
2025.07.24	02:00:00	3386.76	3391.51	3386.41	3389.96	1674	0	21
2025.07.24	03:00:00	3389.96	3393.14	3388.50	3391.40	2310	0	21
2025.07.24	04:00:00	3391.40	3393.26	3384.03	3387.56	5366	0	21
2025.07.24	05:00:00	3387.56	3388.76	3380.58	3383.75	4804	0	21
2025.07.24	06:00:00	3383.75	3385.85	3374.59	3383.69	4166	0	24
2025.07.24	07:00:00	3383.69	3385.27	3381.01	3382.58	2098	0	21
2025.07.24	08:00:00	3382.58	3382.91	3374.38	3379.19	3675	0	21
2025.07.24	09:00:00	3379.19	3379.67	3369.88	3375.84	5275	0	21
2025.07.24	10:00:00	3375.77	3377.50	3365.94	3367.61	4448	0	21
2025.07.24	11:00:00	3367.83	3374.60	3365.79	3369.69	4406	0	21
2025.07.24	12:00:00	3369.58	3370.07	3361.88	3363.63	3946	0	21
2025.07.24	13:00:00	3363.65	3367.23	3362.18	3364.30	3122	0	21
2025.07.24	14:00:00	3364.30	3366.45	3361.20	3362.15	3784	0	21
2025.07.24	15:00:00	3362.01	3365.48	3352.56	3353.34	6388	0	21
2025.07.24	16:00:00	3353.39	3372.14	3351.16	3366.73	8206	0	21
2025.07.24	17:00:00	3366.74	3377.30	3365.76	3373.72	7415	0	21
2025.07.24	18:00:00	3373.57	3375.20	3370.31	3372.52	5963	0	21
2025.07.24	19:00:00	3372.52	3373.70	3366.85	3366.88	5066	0	21
2025.07.24	20:00:00	3366.84	3371.76	3366.26	3369.94	4478	0	21
2025.07.24	21:00:00	3369.92	3373.39	3367.41	3371.97	3855	0	21
2025.07.24	22:00:00	3371.93	3373.03	3370.07	3370.41	3959	0	21
2025.07.24	23:00:00	3370.46	3371.11	3367.12	3367.14	2061	0	24
2025.07.25	01:00:00	3369.29	3369.47	3364.99	3368.66	1727	0	24
2025.07.25	02:00:00	3368.55	3371.32	3366.75	3369.36	1754	0	21
2025.07.25	03:00:00	3369.37	3373.38	3368.28	3372.12	2095	0	21
2025.07.25	04:00:00	3372.12	3372.60	3366.33	3371.09	3449	0	21
2025.07.25	05:00:00	3370.39	3370.50	3362.32	3362.94	3085	0	21
2025.07.25	06:00:00	3362.94	3363.42	3358.56	3359.06	2542	0	21
2025.07.25	07:00:00	3358.95	3363.40	3357.75	3360.87	2277	0	21
2025.07.25	08:00:00	3361.03	3362.23	3355.25	3358.62	2684	0	21
2025.07.25	09:00:00	3358.62	3359.58	3354.70	3359.34	3501	0	21
2025.07.25	10:00:00	3359.17	3360.07	3352.64	3354.03	2986	0	21
2025.07.25	11:00:00	3354.03	3355.29	3344.42	3345.42	3480	0	21
2025.07.25	12:00:00	3345.42	3348.79	3343.08	3345.82	2818	0	21
2025.07.25	13:00:00	3345.77	3347.94	3340.89	3342.78	2822	0	21
2025.07.25	14:00:00	3342.80	3345.11	3338.60	3341.05	3329	0	21
2025.07.25	15:00:00	3340.99	3344.09	3336.24	3340.68	4703	0	21
2025.07.25	16:00:00	3340.68	3347.51	3336.75	3343.78	7150	0	21
2025.07.25	17:00:00	3344.00	3344.79	3330.48	3331.87	7915	0	21
2025.07.25	18:00:00	3331.58	3335.87	3324.91	3327.75	7170	0	21
2025.07.25	19:00:00	3327.73	3331.31	3326.17	3329.65	4350	0	21
2025.07.25	20:00:00	3329.74	3336.77	3329.64	3335.90	3646	0	21
2025.07.25	21:00:00	3335.98	3339.35	3335.81	3338.70	3232	0	21
2025.07.25	22:00:00	3338.66	3340.24	3336.91	3337.52	3413	0	21
2025.07.25	23:00:00	3337.53	3339.12	3336.24	3336.35	1403	0	24
2025.07.28	01:00:00	3329.25	3335.22	3323.73	3329.49	3129	0	33
2025.07.28	02:00:00	3329.46	3337.25	3329.33	3333.57	2830	0	21
2025.07.28	03:00:00	3333.57	3335.91	3327.59	3333.35	3172	0	21
2025.07.28	04:00:00	3333.32	3338.68	3329.80	3331.97	4687	0	21
2025.07.28	05:00:00	3331.97	3336.43	3330.59	3335.55	3028	0	21
2025.07.28	06:00:00	3335.35	3343.20	3334.40	3343.20	2522	0	21
2025.07.28	07:00:00	3343.07	3343.92	3339.36	3339.54	2277	0	21
2025.07.28	08:00:00	3339.54	3344.05	3337.97	3343.28	2789	0	21
2025.07.28	09:00:00	3343.28	3345.25	3335.78	3340.11	3806	0	21
2025.07.28	10:00:00	3340.05	3341.93	3333.89	3334.94	3689	0	21
2025.07.28	11:00:00	3334.87	3338.79	3332.25	3336.02	3772	0	21
2025.07.28	12:00:00	3336.15	3340.72	3335.87	3337.79	3402	0	21
2025.07.28	13:00:00	3337.77	3338.77	3334.13	3335.84	2969	0	21
2025.07.28	14:00:00	3335.84	3338.27	3334.31	3336.41	2781	0	21
2025.07.28	15:00:00	3336.75	3338.29	3325.48	3328.34	5436	0	21
2025.07.28	16:00:00	3328.28	3330.56	3301.76	3302.15	7061	0	21
2025.07.28	17:00:00	3302.17	3314.77	3301.67	3307.84	7633	0	21
2025.07.28	18:00:00	3307.84	3317.14	3306.53	3314.68	5440	0	21
2025.07.28	19:00:00	3314.68	3314.86	3311.33	3312.20	4609	0	21
2025.07.28	20:00:00	3312.19	3313.18	3308.69	3310.72	4736	0	21
2025.07.28	21:00:00	3310.72	3315.58	3310.15	3313.59	4113	0	21
2025.07.28	22:00:00	3313.61	3318.80	3312.97	3317.13	4383	0	21
2025.07.28	23:00:00	3317.05	3318.40	3315.63	3315.68	1931	0	24
2025.07.29	01:00:00	3313.88	3315.34	3311.87	3314.59	2274	0	26
2025.07.29	02:00:00	3314.52	3314.54	3310.37	3312.50	1733	0	21
2025.07.29	03:00:00	3312.50	3315.74	3307.84	3311.54	3012	0	21
2025.07.29	04:00:00	3311.46	3320.80	3308.53	3318.87	4274	0	21
2025.07.29	05:00:00	3318.87	3320.21	3317.47	3318.86	3015	0	21
2025.07.29	06:00:00	3318.85	3318.85	3311.18	3312.51	2910	0	21
2025.07.29	07:00:00	3312.51	3317.32	3308.96	3316.42	2598	0	21
2025.07.29	08:00:00	3316.42	3320.04	3314.19	3319.91	3042	0	21
2025.07.29	09:00:00	3319.91	3322.28	3316.16	3316.98	5195	0	21
2025.07.29	10:00:00	3317.06	3318.63	3311.25	3317.04	4802	0	21
2025.07.29	11:00:00	3317.04	3329.83	3316.65	3326.31	4612	0	21
2025.07.29	12:00:00	3326.31	3328.15	3320.83	3324.48	4627	0	21
2025.07.29	13:00:00	3324.49	3326.32	3321.99	3322.08	2886	0	21
2025.07.29	14:00:00	3322.09	3322.17	3314.91	3315.18	4301	0	21
2025.07.29	15:00:00	3315.21	3324.47	3315.21	3323.34	5325	0	21
2025.07.29	16:00:00	3323.32	3324.16	3312.74	3317.71	7270	0	21
2025.07.29	17:00:00	3317.56	3329.48	3311.96	3328.86	7545	0	21
2025.07.29	18:00:00	3328.87	3334.08	3319.55	3320.56	6565	0	21
2025.07.29	19:00:00	3320.56	3324.67	3319.00	3323.12	4599	0	21
2025.07.29	20:00:00	3323.09	3329.30	3322.92	3328.23	4343	0	21
2025.07.29	21:00:00	3328.27	3330.74	3325.30	3325.79	3801	0	21
2025.07.29	22:00:00	3325.76	3328.67	3322.54	3325.03	4669	0	21
2025.07.29	23:00:00	3325.05	3326.49	3324.64	3325.43	2044	0	24
2025.07.30	01:00:00	3327.58	3329.07	3325.87	3327.58	886	0	27
2025.07.30	02:00:00	3327.76	3328.20	3326.09	3327.48	1120	0	21
2025.07.30	03:00:00	3327.45	3333.60	3327.15	3330.20	2432	0	21
2025.07.30	04:00:00	3330.21	3333.20	3321.72	3323.32	4190	0	21
2025.07.30	05:00:00	3323.19	3332.29	3323.19	3329.37	3515	0	21
2025.07.30	06:00:00	3329.37	3329.78	3326.17	3328.31	2132	0	21
2025.07.30	07:00:00	3328.31	3329.75	3325.70	3327.09	1711	0	21
2025.07.30	08:00:00	3327.09	3330.54	3324.33	3324.88	2576	0	21
2025.07.30	09:00:00	3324.90	3327.48	3323.07	3327.06	3166	0	21
2025.07.30	10:00:00	3327.18	3332.12	3325.55	3327.70	3077	0	21
2025.07.30	11:00:00	3327.97	3333.38	3327.53	3332.16	2711	0	21
2025.07.30	12:00:00	3331.97	3333.94	3329.31	3331.19	2552	0	21
2025.07.30	13:00:00	3331.19	3332.90	3326.60	3328.48	3273	0	21
2025.07.30	14:00:00	3328.48	3331.60	3323.95	3330.77	3839	0	21
2025.07.30	15:00:00	3330.77	3331.76	3310.63	3313.02	5940	0	21
2025.07.30	16:00:00	3313.29	3315.93	3298.38	3302.96	8376	0	21
2025.07.30	17:00:00	3302.95	3308.30	3301.24	3302.08	5874	0	21
2025.07.30	18:00:00	3302.08	3303.27	3288.64	3290.35	5878	0	21
2025.07.30	19:00:00	3290.40	3298.47	3289.89	3298.03	3923	0	21
2025.07.30	20:00:00	3298.14	3301.88	3297.67	3301.32	3378	0	21
2025.07.30	21:00:00	3301.53	3304.79	3279.50	3280.22	9279	0	21
2025.07.30	22:00:00	3280.15	3282.62	3268.06	3269.24	8462	0	21
2025.07.30	23:00:00	3269.15	3275.60	3268.85	3274.71	3221	0	24
2025.07.31	01:00:00	3277.15	3279.95	3276.24	3278.84	1850	0	26
2025.07.31	02:00:00	3278.84	3285.71	3277.75	3285.27	2031	0	21
2025.07.31	03:00:00	3285.25	3288.36	3282.68	3286.27	3687	0	21
2025.07.31	04:00:00	3286.41	3293.90	3284.97	3293.77	5018	0	21
2025.07.31	05:00:00	3293.89	3297.38	3290.40	3297.19	3647	0	21
2025.07.31	06:00:00	3297.23	3298.52	3293.40	3294.96	3275	0	21
2025.07.31	07:00:00	3294.88	3298.38	3293.63	3298.07	2429	0	21
2025.07.31	08:00:00	3298.13	3301.49	3294.67	3299.64	2748	0	21
2025.07.31	09:00:00	3299.62	3304.82	3298.04	3299.03	4233	0	21
2025.07.31	10:00:00	3299.05	3309.64	3298.03	3304.63	4089	0	21
2025.07.31	11:00:00	3304.62	3314.75	3303.61	3309.85	3889	0	21
2025.07.31	12:00:00	3309.85	3313.08	3304.81	3306.61	3678	0	21
2025.07.31	13:00:00	3306.62	3308.07	3293.74	3296.20	4067	0	21
2025.07.31	14:00:00	3296.20	3307.72	3295.18	3306.13	5075	0	21
2025.07.31	15:00:00	3306.16	3311.07	3303.75	3307.55	5546	0	21
2025.07.31	16:00:00	3307.55	3310.23	3300.52	3301.35	7559	0	21
2025.07.31	17:00:00	3301.07	3302.97	3291.30	3296.10	7831	0	21
2025.07.31	18:00:00	3296.13	3298.94	3291.25	3295.52	6337	0	21
2025.07.31	19:00:00	3295.48	3297.25	3289.65	3294.93	5958	0	21
2025.07.31	20:00:00	3294.93	3298.40	3293.91	3294.93	5081	0	21
2025.07.31	21:00:00	3294.99	3297.06	3292.72	3295.69	3949	0	21
2025.07.31	22:00:00	3295.67	3296.31	3290.45	3290.94	4390	0	21
2025.07.31	23:00:00	3290.92	3293.62	3290.29	3290.32	1902	0	24
2025.08.01	01:00:00	3291.52	3295.03	3290.06	3294.89	1508	0	24
2025.08.01	02:00:00	3294.89	3295.02	3288.00	3288.52	2376	0	21
2025.08.01	03:00:00	3288.47	3293.69	3286.39	3290.18	3495	0	21
2025.08.01	04:00:00	3290.12	3293.53	3281.55	3283.64	4688	0	21
2025.08.01	05:00:00	3283.43	3292.39	3283.43	3291.71	4190	0	21
2025.08.01	06:00:00	3291.69	3297.05	3290.47	3291.30	3392	0	21
2025.08.01	07:00:00	3291.30	3295.42	3290.04	3292.04	3158	0	21
2025.08.01	08:00:00	3292.05	3300.35	3291.73	3296.58	3328	0	21
2025.08.01	09:00:00	3296.60	3297.59	3290.55	3292.36	4038	0	21
2025.08.01	10:00:00	3292.41	3293.37	3285.16	3286.79	4229	0	21
2025.08.01	11:00:00	3286.69	3294.41	3285.38	3294.22	3527	0	21
2025.08.01	12:00:00	3294.22	3296.29	3292.73	3294.41	3497	0	21
2025.08.01	13:00:00	3294.43	3303.04	3293.25	3298.30	3285	0	21
2025.08.01	14:00:00	3298.22	3301.33	3296.81	3300.30	3407	0	21
2025.08.01	15:00:00	3300.37	3345.12	3297.40	3341.25	8410	0	21
2025.08.01	16:00:00	3341.35	3354.59	3338.84	3341.94	10622	0	21
2025.08.01	17:00:00	3341.90	3355.07	3341.31	3345.86	9732	0	21
2025.08.01	18:00:00	3345.97	3351.17	3341.50	3348.53	6905	0	21
2025.08.01	19:00:00	3348.53	3349.38	3340.48	3347.23	5919	0	21
2025.08.01	20:00:00	3347.24	3349.44	3345.52	3348.23	5010	0	21
2025.08.01	21:00:00	3348.29	3351.24	3345.89	3347.52	4296	0	21
2025.08.01	22:00:00	3347.55	3361.22	3347.55	3357.12	5527	0	21
2025.08.01	23:00:00	3357.19	3362.52	3357.00	3362.17	2352	0	24
2025.08.04	01:00:00	3364.06	3364.41	3357.54	3359.07	2647	0	32
2025.08.04	02:00:00	3359.19	3361.90	3354.46	3361.71	2513	0	21
2025.08.04	03:00:00	3361.78	3362.26	3350.28	3352.12	4091	0	21
2025.08.04	04:00:00	3351.99	3353.55	3344.94	3352.16	5311	0	21
2025.08.04	05:00:00	3352.20	3355.17	3350.12	3354.21	3509	0	21
2025.08.04	06:00:00	3354.22	3360.78	3354.22	3360.25	3362	0	21
2025.08.04	07:00:00	3360.25	3362.03	3358.63	3358.83	2348	0	21
2025.08.04	08:00:00	3358.83	3360.86	3355.40	3357.47	2733	0	21
2025.08.04	09:00:00	3357.47	3362.62	3353.57	3362.62	4000	0	21
2025.08.04	10:00:00	3362.57	3362.57	3351.69	3355.74	4498	0	21
2025.08.04	11:00:00	3355.86	3359.77	3354.06	3358.41	3755	0	21
2025.08.04	12:00:00	3358.41	3361.75	3356.84	3357.91	3303	0	21
2025.08.04	13:00:00	3357.87	3358.79	3352.95	3357.78	3280	0	21
2025.08.04	14:00:00	3357.82	3370.64	3357.64	3370.24	4545	0	21
2025.08.04	15:00:00	3370.26	3371.35	3360.98	3367.79	5403	0	21
2025.08.04	16:00:00	3367.79	3385.36	3367.03	3383.33	7501	0	21
2025.08.04	17:00:00	3383.38	3384.58	3371.90	3373.97	7019	0	21
2025.08.04	18:00:00	3373.94	3376.02	3370.70	3374.25	5584	0	21
2025.08.04	19:00:00	3374.25	3378.12	3370.51	3370.96	5172	0	21
2025.08.04	20:00:00	3370.94	3374.28	3370.67	3373.94	4249	0	21
2025.08.04	21:00:00	3373.96	3376.81	3373.19	3375.71	3783	0	21
2025.08.04	22:00:00	3375.71	3377.10	3374.51	3375.94	4482	0	21
2025.08.04	23:00:00	3375.94	3376.84	3373.19	3373.60	1853	0	24
2025.08.05	01:00:00	3376.07	3376.39	3373.59	3374.71	1094	0	24
2025.08.05	02:00:00	3374.73	3379.63	3374.69	3377.34	2086	0	21
2025.08.05	03:00:00	3377.30	3381.27	3375.83	3379.80	2786	0	21
2025.08.05	04:00:00	3379.80	3382.32	3377.93	3379.00	3683	0	21
2025.08.05	05:00:00	3378.93	3381.27	3373.60	3373.60	3196	0	21
2025.08.05	06:00:00	3373.60	3375.33	3372.00	3372.03	2321	0	21
2025.08.05	07:00:00	3371.97	3373.15	3370.91	3371.07	1997	0	21
2025.08.05	08:00:00	3371.07	3374.02	3367.55	3373.92	3182	0	21
2025.08.05	09:00:00	3373.92	3374.09	3365.71	3366.16	2984	0	21
2025.08.05	10:00:00	3366.16	3375.47	3366.06	3373.65	4224	0	21
2025.08.05	11:00:00	3373.57	3374.60	3365.96	3366.01	3968	0	21
2025.08.05	12:00:00	3366.08	3366.23	3358.95	3359.62	3557	0	21
2025.08.05	13:00:00	3359.61	3361.69	3352.85	3353.10	3867	0	21
2025.08.05	14:00:00	3353.07	3354.22	3349.87	3351.30	3599	0	21
2025.08.05	15:00:00	3351.30	3366.91	3349.85	3366.08	5550	0	21
2025.08.05	16:00:00	3366.22	3379.58	3365.83	3373.69	6839	0	21
2025.08.05	17:00:00	3376.72	3386.51	3370.45	3385.13	8835	0	21
2025.08.05	18:00:00	3385.18	3390.00	3382.14	3389.46	5493	0	21
2025.08.05	19:00:00	3389.47	3390.34	3376.90	3382.00	4655	0	21
2025.08.05	20:00:00	3382.05	3382.74	3378.93	3380.03	3787	0	21
2025.08.05	21:00:00	3380.03	3381.07	3378.42	3379.97	3064	0	21
2025.08.05	22:00:00	3379.95	3381.25	3377.96	3378.92	2835	0	21
2025.08.05	23:00:00	3379.01	3380.48	3378.26	3378.86	1175	0	23
2025.08.06	01:00:00	3381.14	3381.14	3378.06	3379.62	1166	0	24
2025.08.06	02:00:00	3379.56	3383.86	3378.94	3383.18	1801	0	21
2025.08.06	03:00:00	3383.09	3385.20	3380.77	3383.43	2901	0	21
2025.08.06	04:00:00	3383.43	3383.54	3373.06	3375.99	4357	0	21
2025.08.06	05:00:00	3375.92	3377.81	3374.03	3376.31	3225	0	21
2025.08.06	06:00:00	3376.31	3378.31	3373.36	3374.51	2513	0	21
2025.08.06	07:00:00	3374.51	3376.37	3372.15	3372.36	1727	0	21
2025.08.06	08:00:00	3372.36	3374.60	3370.62	3374.23	2788	0	21
2025.08.06	09:00:00	3374.23	3378.55	3373.18	3375.12	2973	0	21
2025.08.06	10:00:00	3375.12	3377.06	3369.01	3373.52	3617	0	21
2025.08.06	11:00:00	3373.34	3374.65	3364.78	3365.06	3895	0	21
2025.08.06	12:00:00	3365.08	3367.74	3358.14	3358.89	3958	0	21
2025.08.06	13:00:00	3358.89	3365.46	3358.23	3363.61	3920	0	21
2025.08.06	14:00:00	3363.61	3367.01	3360.66	3365.14	2970	0	21
2025.08.06	15:00:00	3365.14	3369.15	3360.14	3367.46	4899	0	21
2025.08.06	16:00:00	3367.39	3373.45	3365.36	3371.63	7050	0	22
2025.08.06	17:00:00	3371.56	3379.31	3369.76	3379.31	5921	0	21
2025.08.06	18:00:00	3379.32	3379.85	3370.23	3377.41	6212	0	21
2025.08.06	19:00:00	3377.41	3379.39	3372.86	3376.02	4612	0	21
2025.08.06	20:00:00	3376.06	3377.54	3370.79	3374.52	4931	0	21
2025.08.06	21:00:00	3374.52	3374.52	3368.97	3371.56	4265	0	21
2025.08.06	22:00:00	3371.58	3372.94	3370.27	3371.62	4224	0	21
2025.08.06	23:00:00	3371.47	3372.09	3366.99	3367.82	1916	0	24
2025.08.07	01:00:00	3372.33	3374.61	3369.85	3371.86	2086	0	24
2025.08.07	02:00:00	3371.84	3371.87	3367.59	3370.18	2594	0	21
2025.08.07	03:00:00	3370.16	3374.72	3365.17	3372.23	6017	0	21
2025.08.07	04:00:00	3372.23	3382.51	3370.14	3382.28	6177	0	21
2025.08.07	05:00:00	3382.28	3383.98	3378.24	3379.47	3643	0	21
2025.08.07	06:00:00	3379.47	3380.25	3376.49	3379.69	3193	0	21
2025.08.07	07:00:00	3379.71	3380.56	3376.83	3377.53	3268	0	21
2025.08.07	08:00:00	3377.80	3380.92	3371.59	3375.43	5470	0	21
2025.08.07	09:00:00	3375.56	3387.76	3375.10	3387.76	5761	0	21
2025.08.07	10:00:00	3388.14	3397.24	3386.25	3396.15	6168	0	21
2025.08.07	11:00:00	3396.39	3396.54	3372.39	3378.21	8857	0	21
2025.08.07	12:00:00	3378.32	3381.27	3373.31	3376.70	6827	0	21
2025.08.07	13:00:00	3376.78	3378.78	3371.79	3372.93	4809	0	21
2025.08.07	14:00:00	3372.93	3383.17	3371.75	3378.21	6735	0	21
2025.08.07	15:00:00	3378.21	3389.61	3375.26	3380.71	6907	0	21
2025.08.07	16:00:00	3380.72	3393.76	3380.10	3384.88	8710	0	21
2025.08.07	17:00:00	3384.88	3390.17	3375.08	3387.78	10213	0	21
2025.08.07	18:00:00	3388.29	3390.68	3384.42	3390.04	6137	0	21
2025.08.07	19:00:00	3390.04	3392.56	3387.12	3388.80	5113	0	21
2025.08.07	20:00:00	3388.81	3392.95	3384.37	3392.19	5616	0	21
2025.08.07	21:00:00	3392.23	3393.90	3387.46	3388.16	4272	0	21
2025.08.07	22:00:00	3388.16	3400.64	3387.28	3399.71	6346	0	21
2025.08.07	23:00:00	3399.71	3401.89	3395.15	3395.65	4516	0	24
2025.08.08	01:00:00	3407.59	3407.59	3388.26	3404.60	5531	0	28
2025.08.08	02:00:00	3404.60	3406.19	3394.51	3400.46	3996	0	24
2025.08.08	03:00:00	3400.45	3402.23	3386.86	3389.40	9002	0	27
2025.08.08	04:00:00	3389.34	3390.67	3380.91	3383.39	8626	0	21
2025.08.08	05:00:00	3383.44	3389.75	3383.15	3388.35	7123	0	21
2025.08.08	06:00:00	3388.33	3397.76	3383.25	3395.80	7228	0	21
2025.08.08	07:00:00	3395.82	3399.34	3393.18	3394.30	5931	0	21
2025.08.08	08:00:00	3394.12	3395.90	3390.15	3392.18	5935	0	21
2025.08.08	09:00:00	3392.18	3397.92	3388.75	3393.42	7755	0	21
2025.08.08	10:00:00	3393.49	3404.25	3391.21	3401.93	8875	0	21
2025.08.08	11:00:00	3402.14	3402.55	3394.02	3394.31	8749	0	21
2025.08.08	12:00:00	3394.36	3401.36	3393.94	3400.64	8467	0	21
2025.08.08	13:00:00	3400.60	3400.93	3384.30	3385.00	9336	0	21
2025.08.08	14:00:00	3385.09	3388.53	3380.54	3385.95	10130	0	21
2025.08.08	15:00:00	3386.01	3401.63	3385.11	3391.55	11402	0	23
2025.08.08	16:00:00	3391.62	3401.61	3387.33	3400.15	11521	0	21
2025.08.08	17:00:00	3400.04	3401.04	3381.15	3390.53	10522	0	21
2025.08.08	18:00:00	3390.66	3395.31	3388.58	3395.25	9150	0	21
2025.08.08	19:00:00	3395.32	3400.54	3393.48	3397.36	7614	0	21
2025.08.08	20:00:00	3397.36	3399.42	3374.85	3378.97	6630	0	21
2025.08.08	21:00:00	3380.09	3403.46	3374.44	3395.44	9817	0	16
2025.08.08	22:00:00	3395.23	3400.61	3392.38	3398.57	7756	0	21
2025.08.08	23:00:00	3398.75	3398.92	3392.08	3397.48	3368	0	22
2025.08.11	01:00:00	3400.42	3401.83	3389.96	3395.21	2470	0	30
2025.08.11	02:00:00	3395.24	3396.92	3390.21	3391.36	2126	0	21
2025.08.11	03:00:00	3391.40	3391.53	3381.40	3381.59	5905	0	21
2025.08.11	04:00:00	3381.58	3383.93	3367.66	3377.52	7519	0	21
2025.08.11	05:00:00	3377.49	3379.90	3369.66	3377.11	5673	0	21
2025.08.11	06:00:00	3377.08	3380.08	3374.02	3378.16	4153	0	21
2025.08.11	07:00:00	3378.16	3379.69	3375.48	3375.77	3265	0	21
2025.08.11	08:00:00	3375.77	3380.00	3373.99	3377.04	4072	0	21
2025.08.11	09:00:00	3377.03	3377.03	3363.78	3365.77	5874	0	21
2025.08.11	10:00:00	3365.79	3366.38	3356.97	3360.14	7183	0	21
2025.08.11	11:00:00	3360.23	3365.80	3358.84	3361.87	5831	0	21
2025.08.11	12:00:00	3361.52	3363.67	3352.93	3353.19	5892	0	21
2025.08.11	13:00:00	3353.18	3363.83	3352.99	3358.42	4957	0	21
2025.08.11	14:00:00	3358.40	3358.83	3349.90	3355.25	6057	0	21
2025.08.11	15:00:00	3355.11	3357.53	3344.43	3356.86	6958	0	21
2025.08.11	16:00:00	3356.81	3362.82	3348.34	3358.58	8376	0	21
2025.08.11	17:00:00	3358.51	3359.37	3341.44	3346.26	7732	0	21
2025.08.11	18:00:00	3346.27	3352.15	3344.79	3349.38	5744	0	21
2025.08.11	19:00:00	3349.38	3350.20	3342.53	3344.02	5413	0	21
2025.08.11	20:00:00	3344.05	3358.81	3341.04	3357.59	6554	0	21
2025.08.11	21:00:00	3357.64	3358.62	3352.20	3356.11	4633	0	21
2025.08.11	22:00:00	3356.11	3356.82	3350.47	3351.48	3622	0	21
2025.08.11	23:00:00	3351.49	3351.67	3342.21	3343.60	2763	0	24
2025.08.12	01:00:00	3344.12	3347.17	3342.37	3347.04	1958	0	24
2025.08.12	02:00:00	3347.00	3349.50	3346.12	3348.90	1986	0	21
2025.08.12	03:00:00	3348.95	3355.67	3347.32	3354.42	3644	0	21
2025.08.12	04:00:00	3354.48	3357.40	3346.13	3349.67	5745	0	21
2025.08.12	05:00:00	3349.67	3354.24	3349.61	3352.95	3314	0	21
2025.08.12	06:00:00	3352.95	3355.26	3348.04	3349.27	3249	0	21
2025.08.12	07:00:00	3349.24	3355.63	3348.48	3354.40	3151	0	21
2025.08.12	08:00:00	3354.40	3355.63	3350.38	3354.51	3606	0	21
2025.08.12	09:00:00	3354.49	3354.84	3342.24	3345.40	6168	0	21
2025.08.12	10:00:00	3345.39	3358.06	3343.73	3355.59	4660	0	21
2025.08.12	11:00:00	3355.56	3355.80	3345.46	3347.87	3997	0	21
2025.08.12	12:00:00	3347.89	3351.74	3344.42	3345.52	3150	0	21
2025.08.12	13:00:00	3345.41	3350.51	3343.89	3344.62	3998	0	21
2025.08.12	14:00:00	3344.61	3348.31	3336.04	3347.48	5830	0	21
2025.08.12	15:00:00	3347.49	3357.98	3338.51	3349.88	11413	0	21
2025.08.12	16:00:00	3349.76	3357.00	3340.05	3345.60	13489	0	22
2025.08.12	17:00:00	3345.43	3346.59	3331.06	3337.39	11676	0	21
2025.08.12	18:00:00	3337.38	3359.00	3336.84	3349.79	10403	0	21
2025.08.12	19:00:00	3349.80	3351.14	3345.80	3349.45	7239	0	21
2025.08.12	20:00:00	3349.42	3350.62	3346.37	3348.96	5770	0	21
2025.08.12	21:00:00	3348.96	3350.75	3347.44	3348.92	4290	0	21
2025.08.12	22:00:00	3348.88	3349.29	3345.51	3347.47	4561	0	21
2025.08.12	23:00:00	3347.44	3349.85	3345.92	3349.22	2601	0	24
2025.08.13	01:00:00	3349.83	3353.64	3349.10	3350.40	1591	0	24
2025.08.13	02:00:00	3350.40	3352.03	3349.61	3350.53	1754	0	21
2025.08.13	03:00:00	3350.53	3350.68	3342.65	3343.46	4237	0	21
2025.08.13	04:00:00	3343.57	3352.00	3342.57	3350.81	5452	0	21
2025.08.13	05:00:00	3350.86	3354.24	3346.59	3351.72	4485	0	21
2025.08.13	06:00:00	3351.73	3352.93	3348.51	3349.51	3122	0	21
2025.08.13	07:00:00	3349.51	3352.23	3348.08	3351.71	2144	0	21
2025.08.13	08:00:00	3351.71	3352.06	3345.59	3349.12	3290	0	21
2025.08.13	09:00:00	3349.11	3357.55	3348.86	3357.08	4979	0	21
2025.08.13	10:00:00	3356.99	3360.89	3353.86	3354.66	4431	0	21
2025.08.13	11:00:00	3354.43	3363.41	3352.77	3360.22	4992	0	21
2025.08.13	12:00:00	3360.25	3366.64	3358.60	3364.56	4230	0	21
2025.08.13	13:00:00	3364.56	3366.96	3363.06	3366.09	3382	0	21
2025.08.13	14:00:00	3366.09	3367.02	3358.89	3362.30	4698	0	21
2025.08.13	15:00:00	3362.36	3363.72	3355.49	3358.05	6528	0	21
2025.08.13	16:00:00	3357.83	3365.82	3354.21	3365.03	8555	0	21
2025.08.13	17:00:00	3365.13	3370.73	3361.00	3363.00	8250	0	21
2025.08.13	18:00:00	3363.07	3363.55	3354.34	3357.68	6000	0	21
2025.08.13	19:00:00	3357.68	3360.87	3356.97	3357.88	4817	0	21
2025.08.13	20:00:00	3357.88	3359.32	3352.64	3353.65	4248	0	21
2025.08.13	21:00:00	3353.65	3354.40	3349.87	3353.69	4240	0	21
2025.08.13	22:00:00	3353.66	3358.76	3352.50	3357.76	3637	0	21
2025.08.13	23:00:00	3357.74	3358.20	3355.64	3355.84	1701	0	24
2025.08.14	01:00:00	3357.19	3358.28	3356.61	3357.51	1245	0	24
2025.08.14	02:00:00	3357.51	3363.39	3357.47	3362.71	2226	0	21
2025.08.14	03:00:00	3362.72	3374.72	3362.68	3369.43	4859	0	21
2025.08.14	04:00:00	3369.37	3370.76	3365.15	3367.35	5656	0	21
2025.08.14	05:00:00	3367.31	3369.25	3362.67	3362.72	4013	0	21
2025.08.14	06:00:00	3362.68	3364.02	3355.45	3360.36	5057	0	21
2025.08.14	07:00:00	3360.50	3361.75	3358.51	3360.42	3149	0	21
2025.08.14	08:00:00	3360.42	3361.77	3356.14	3358.84	3794	0	21
2025.08.14	09:00:00	3358.84	3362.34	3355.94	3362.01	5246	0	21
2025.08.14	10:00:00	3361.97	3366.34	3343.54	3345.97	6812	0	21
2025.08.14	11:00:00	3345.93	3350.33	3341.46	3346.13	6558	0	21
2025.08.14	12:00:00	3346.13	3359.08	3345.02	3356.49	6083	0	21
2025.08.14	13:00:00	3356.50	3359.02	3352.11	3354.89	3563	0	21
2025.08.14	14:00:00	3354.89	3357.06	3352.47	3355.32	3605	0	21
2025.08.14	15:00:00	3355.36	3358.32	3341.94	3350.52	10031	0	23
2025.08.14	16:00:00	3350.42	3356.02	3343.79	3344.10	12136	0	21
2025.08.14	17:00:00	3344.00	3346.61	3334.22	3340.53	11430	0	21
2025.08.14	18:00:00	3340.69	3342.80	3335.35	3341.72	7115	0	21
2025.08.14	19:00:00	3341.66	3341.97	3329.75	3334.34	7586	0	21
2025.08.14	20:00:00	3334.34	3338.43	3331.79	3337.72	5668	0	21
2025.08.14	21:00:00	3337.78	3339.29	3335.99	3338.22	4532	0	21
2025.08.14	22:00:00	3338.17	3341.02	3337.88	3337.92	4071	0	21
2025.08.14	23:00:00	3337.89	3338.42	3334.36	3334.96	2347	0	24
2025.08.15	01:00:00	3336.53	3336.88	3332.40	3333.30	1965	0	24
2025.08.15	02:00:00	3333.32	3336.59	3332.14	3335.53	1981	0	21
2025.08.15	03:00:00	3335.53	3338.63	3332.34	3337.01	3257	0	21
2025.08.15	04:00:00	3337.04	3340.24	3333.26	3339.54	4719	0	21
2025.08.15	05:00:00	3339.54	3340.74	3336.63	3340.44	3558	0	21
2025.08.15	06:00:00	3340.56	3344.73	3340.02	3343.32	3025	0	21
2025.08.15	07:00:00	3343.25	3346.62	3343.21	3345.42	3464	0	21
2025.08.15	08:00:00	3345.42	3348.67	3341.91	3343.74	3926	0	21
2025.08.15	09:00:00	3343.78	3344.04	3340.14	3340.35	3791	0	21
2025.08.15	10:00:00	3340.45	3346.58	3340.05	3346.17	4699	0	21
2025.08.15	11:00:00	3346.19	3348.23	3338.30	3341.20	4697	0	21
2025.08.15	12:00:00	3341.19	3344.91	3338.44	3342.68	4346	0	21
2025.08.15	13:00:00	3342.68	3342.68	3336.19	3337.58	4140	0	21
2025.08.15	14:00:00	3337.58	3344.06	3337.02	3342.27	4083	0	22
2025.08.15	15:00:00	3342.27	3343.84	3333.48	3342.61	7962	0	22
2025.08.15	16:00:00	3342.63	3345.92	3332.88	3335.42	9310	0	21
2025.08.15	17:00:00	3335.04	3343.58	3334.55	3341.71	7480	0	21
2025.08.15	18:00:00	3341.69	3345.04	3341.35	3342.26	5128	0	21
2025.08.15	19:00:00	3342.26	3342.37	3335.74	3338.09	5202	0	21
2025.08.15	20:00:00	3338.14	3338.89	3334.94	3336.00	4306	0	21
2025.08.15	21:00:00	3336.13	3338.20	3334.69	3335.93	3869	0	21
2025.08.15	22:00:00	3335.94	3339.53	3334.32	3339.10	4407	0	21
2025.08.15	23:00:00	3339.01	3339.32	3335.50	3335.53	2240	0	23
2025.08.18	01:00:00	3334.57	3335.25	3332.92	3334.21	1671	0	34
2025.08.18	02:00:00	3334.25	3334.35	3323.46	3327.04	3074	0	25
2025.08.18	03:00:00	3327.04	3342.66	3326.71	3340.58	5168	0	21
2025.08.18	04:00:00	3340.49	3347.26	3339.53	3346.81	5500	0	21
2025.08.18	05:00:00	3346.81	3347.49	3342.30	3343.39	3414	0	21
2025.08.18	06:00:00	3343.30	3351.75	3343.28	3347.03	3649	0	21
2025.08.18	07:00:00	3347.00	3358.11	3346.68	3357.46	3767	0	21
2025.08.18	08:00:00	3357.46	3358.32	3346.46	3349.51	5398	0	21
2025.08.18	09:00:00	3349.51	3351.09	3346.09	3349.46	4326	0	21
2025.08.18	10:00:00	3349.57	3355.55	3347.13	3348.98	4882	0	21
2025.08.18	11:00:00	3348.98	3349.84	3344.48	3348.62	4370	0	21
2025.08.18	12:00:00	3348.62	3351.65	3347.45	3348.07	3568	0	21
2025.08.18	13:00:00	3347.94	3351.35	3346.47	3346.57	2861	0	21
2025.08.18	14:00:00	3346.57	3348.65	3344.49	3345.35	3007	0	21
2025.08.18	15:00:00	3345.38	3348.73	3343.06	3344.66	4708	0	21
2025.08.18	16:00:00	3344.54	3344.85	3335.67	3336.80	7171	0	21
2025.08.18	17:00:00	3336.69	3338.62	3332.32	3334.22	6818	0	21
2025.08.18	18:00:00	3334.26	3336.76	3332.21	3335.57	4323	0	21
2025.08.18	19:00:00	3335.60	3335.78	3331.63	3334.23	4543	0	21
2025.08.18	20:00:00	3334.21	3334.80	3331.63	3333.64	3713	0	21
2025.08.18	21:00:00	3333.58	3333.75	3331.41	3331.81	2439	0	21
2025.08.18	22:00:00	3331.85	3334.20	3330.19	3333.50	3160	0	21
2025.08.18	23:00:00	3333.48	3334.24	3332.44	3332.54	1389	0	24
2025.08.19	01:00:00	3333.25	3334.54	3332.79	3334.31	1114	0	24
2025.08.19	02:00:00	3334.39	3334.61	3330.45	3330.90	1545	0	21
2025.08.19	03:00:00	3330.88	3339.13	3326.00	3335.12	4587	0	24
2025.08.19	04:00:00	3335.12	3335.59	3330.27	3332.91	5726	0	21
2025.08.19	05:00:00	3332.78	3338.02	3329.42	3337.93	3888	0	21
2025.08.19	06:00:00	3337.96	3341.58	3337.03	3337.73	3783	0	21
2025.08.19	07:00:00	3337.73	3338.13	3334.36	3337.68	2337	0	21
2025.08.19	08:00:00	3337.70	3340.62	3335.71	3336.06	3229	0	21
2025.08.19	09:00:00	3336.06	3338.75	3334.39	3335.98	3267	0	21
2025.08.19	10:00:00	3336.03	3341.75	3334.92	3340.67	4058	0	21
2025.08.19	11:00:00	3340.68	3340.91	3336.46	3337.94	2765	0	21
2025.08.19	12:00:00	3337.94	3339.61	3336.85	3339.27	2574	0	21
2025.08.19	13:00:00	3339.28	3345.24	3339.23	3343.54	3151	0	21
2025.08.19	14:00:00	3343.54	3344.70	3339.18	3339.66	3079	0	22
2025.08.19	15:00:00	3339.66	3340.49	3334.19	3334.75	4946	0	21
2025.08.19	16:00:00	3334.70	3339.29	3325.60	3333.90	8438	0	21
2025.08.19	17:00:00	3334.00	3336.91	3320.88	3325.27	8423	0	21
2025.08.19	18:00:00	3325.52	3326.69	3321.54	3322.58	5572	0	21
2025.08.19	19:00:00	3322.58	3324.34	3316.99	3317.51	4828	0	21
2025.08.19	20:00:00	3317.51	3319.99	3314.94	3317.47	5325	0	21
2025.08.19	21:00:00	3317.47	3320.10	3316.73	3318.39	3151	0	21
2025.08.19	22:00:00	3318.39	3318.80	3315.51	3315.81	3186	0	21
2025.08.19	23:00:00	3315.72	3317.41	3314.78	3315.23	1671	0	23
2025.08.20	01:00:00	3316.33	3317.43	3315.70	3316.81	1219	0	26
2025.08.20	02:00:00	3316.79	3316.81	3312.77	3314.22	2032	0	21
2025.08.20	03:00:00	3314.14	3316.81	3312.77	3315.96	3755	0	21
2025.08.20	04:00:00	3315.96	3317.75	3311.43	3315.26	5631	0	21
2025.08.20	05:00:00	3315.26	3317.09	3312.37	3313.95	4639	0	21
2025.08.20	06:00:00	3313.95	3318.55	3313.91	3317.48	3545	0	21
2025.08.20	07:00:00	3317.48	3320.88	3317.15	3318.68	2376	0	21
2025.08.20	08:00:00	3318.70	3323.75	3318.08	3323.35	3151	0	21
2025.08.20	09:00:00	3323.28	3325.94	3322.19	3323.04	4398	0	21
2025.08.20	10:00:00	3322.98	3327.44	3321.59	3324.82	3777	0	21
2025.08.20	11:00:00	3324.75	3325.64	3320.87	3324.95	3676	0	21
2025.08.20	12:00:00	3324.95	3327.32	3323.48	3326.12	3328	0	21
2025.08.20	13:00:00	3326.12	3327.82	3323.82	3326.58	3558	0	21
2025.08.20	14:00:00	3326.39	3332.80	3325.70	3332.25	5310	0	21
2025.08.20	15:00:00	3332.40	3344.82	3331.94	3342.82	7381	0	21
2025.08.20	16:00:00	3342.80	3348.25	3338.85	3344.78	8092	0	21
2025.08.20	17:00:00	3344.79	3350.13	3339.96	3346.82	6779	0	21
2025.08.20	18:00:00	3346.82	3346.91	3338.82	3340.67	4627	0	21
2025.08.20	19:00:00	3340.67	3346.00	3340.65	3345.13	3465	0	21
2025.08.20	20:00:00	3345.13	3348.00	3344.03	3346.72	3600	0	21
2025.08.20	21:00:00	3346.69	3346.90	3343.93	3345.60	3810	0	21
2025.08.20	22:00:00	3345.61	3349.23	3345.01	3348.67	3487	0	21
2025.08.20	23:00:00	3348.46	3349.20	3347.36	3348.18	1512	0	21
2025.08.21	01:00:00	3351.02	3352.01	3348.66	3349.53	1813	0	24
2025.08.21	02:00:00	3349.55	3349.55	3346.30	3346.91	1898	0	21
2025.08.21	03:00:00	3346.91	3346.91	3341.39	3342.24	3014	0	21
2025.08.21	04:00:00	3342.24	3346.30	3340.68	3342.74	4071	0	21
2025.08.21	05:00:00	3342.69	3344.99	3340.38	3344.52	3371	0	21
2025.08.21	06:00:00	3344.51	3344.72	3339.62	3339.85	2620	0	21
2025.08.21	07:00:00	3339.86	3341.04	3337.83	3338.19	1948	0	21
2025.08.21	08:00:00	3338.21	3340.56	3336.96	3338.74	2756	0	21
2025.08.21	09:00:00	3338.74	3339.84	3334.23	3336.58	3974	0	21
2025.08.21	10:00:00	3336.54	3341.44	3335.33	3339.64	3522	0	21
2025.08.21	11:00:00	3339.62	3341.30	3337.74	3339.54	3058	0	21
2025.08.21	12:00:00	3339.53	3342.13	3337.94	3340.59	2959	0	21
2025.08.21	13:00:00	3340.72	3341.52	3327.44	3328.37	4308	0	21
2025.08.21	14:00:00	3328.37	3334.35	3325.21	3333.54	5035	0	21
2025.08.21	15:00:00	3333.63	3344.97	3333.63	3341.83	7481	0	21
2025.08.21	16:00:00	3341.83	3347.45	3335.96	3339.40	8792	0	21
2025.08.21	17:00:00	3339.38	3348.03	3337.82	3344.17	8506	0	21
2025.08.21	18:00:00	3344.17	3346.13	3337.50	3343.57	6538	0	21
2025.08.21	19:00:00	3343.57	3343.85	3338.26	3339.72	4600	0	21
2025.08.21	20:00:00	3339.72	3341.98	3336.89	3337.01	3975	0	21
2025.08.21	21:00:00	3337.07	3339.56	3336.56	3339.27	3268	0	21
2025.08.21	22:00:00	3339.28	3341.93	3337.86	3338.69	3348	0	21
2025.08.21	23:00:00	3338.73	3339.15	3337.60	3338.16	1346	0	24
2025.08.22	01:00:00	3339.97	3340.51	3338.44	3338.78	1337	0	24
2025.08.22	02:00:00	3338.80	3339.44	3337.30	3338.34	1350	0	21
2025.08.22	03:00:00	3338.34	3339.74	3334.94	3339.52	2583	0	21
2025.08.22	04:00:00	3339.51	3340.18	3333.64	3334.04	3257	0	21
2025.08.22	05:00:00	3334.04	3336.22	3332.74	3334.06	3539	0	21
2025.08.22	06:00:00	3334.00	3335.34	3331.67	3331.92	2935	0	21
2025.08.22	07:00:00	3331.92	3332.60	3327.92	3328.31	2492	0	21
2025.08.22	08:00:00	3328.31	3331.35	3327.10	3330.05	2925	0	21
2025.08.22	09:00:00	3330.05	3330.34	3325.66	3329.44	3793	0	21
2025.08.22	10:00:00	3329.37	3335.04	3325.73	3327.42	4613	0	21
2025.08.22	11:00:00	3327.42	3330.57	3325.29	3328.71	3921	0	21
2025.08.22	12:00:00	3328.71	3331.61	3328.12	3330.11	2712	0	21
2025.08.22	13:00:00	3330.12	3331.67	3328.91	3330.90	2367	0	21
2025.08.22	14:00:00	3330.90	3331.02	3327.66	3329.29	2971	0	23
2025.08.22	15:00:00	3329.30	3329.92	3321.38	3323.43	6825	0	22
2025.08.22	16:00:00	3323.40	3336.15	3323.20	3333.71	7090	0	21
2025.08.22	17:00:00	3333.82	3376.68	3333.82	3373.80	16794	0	21
2025.08.22	18:00:00	3373.80	3378.73	3367.30	3367.81	9228	0	21
2025.08.22	19:00:00	3367.81	3374.13	3367.74	3370.43	6261	0	21
2025.08.22	20:00:00	3370.43	3375.48	3370.35	3374.16	4804	0	21
2025.08.22	21:00:00	3374.14	3374.96	3371.00	3372.68	3899	0	21
2025.08.22	22:00:00	3372.67	3373.49	3368.84	3373.09	4803	0	21
2025.08.22	23:00:00	3373.09	3373.48	3370.05	3371.48	1999	0	24
2025.08.25	01:00:00	3368.58	3370.00	3365.76	3367.20	1724	0	30
2025.08.25	02:00:00	3367.20	3370.94	3366.31	3368.97	1924	0	21
2025.08.25	03:00:00	3368.97	3369.53	3363.21	3364.77	2969	0	21
2025.08.25	04:00:00	3364.77	3367.76	3360.62	3362.86	4064	0	21
2025.08.25	05:00:00	3362.86	3365.09	3359.75	3364.40	3296	0	21
2025.08.25	06:00:00	3364.40	3367.99	3364.16	3367.23	2237	0	21
2025.08.25	07:00:00	3367.23	3367.55	3363.73	3365.99	1701	0	21
2025.08.25	08:00:00	3365.99	3365.99	3363.00	3364.56	2040	0	21
2025.08.25	09:00:00	3364.56	3369.52	3364.44	3368.94	2784	0	21
2025.08.25	10:00:00	3368.91	3369.78	3365.99	3366.16	2292	0	21
2025.08.25	11:00:00	3366.16	3366.66	3363.36	3363.88	2379	0	21
2025.08.25	12:00:00	3363.88	3367.99	3361.97	3367.33	2474	0	21
2025.08.25	13:00:00	3367.33	3368.43	3365.05	3365.98	2339	0	21
2025.08.25	14:00:00	3365.98	3371.44	3365.65	3370.51	2301	0	21
2025.08.25	15:00:00	3370.51	3371.19	3364.21	3364.45	3420	0	21
2025.08.25	16:00:00	3364.45	3371.21	3362.10	3370.76	5811	0	21
2025.08.25	17:00:00	3370.74	3375.38	3369.16	3374.32	6120	0	21
2025.08.25	18:00:00	3374.32	3376.22	3371.84	3374.01	4092	0	21
2025.08.25	19:00:00	3374.01	3374.28	3371.66	3373.75	3473	0	21
2025.08.25	20:00:00	3373.75	3374.78	3370.83	3371.04	3583	0	21
2025.08.25	21:00:00	3371.01	3373.23	3369.78	3370.51	3193	0	21
2025.08.25	22:00:00	3370.51	3370.83	3365.15	3365.35	3778	0	21
2025.08.25	23:00:00	3365.38	3365.89	3364.00	3364.43	1946	0	24
2025.08.26	01:00:00	3366.50	3367.08	3363.55	3364.11	1352	0	24
2025.08.26	02:00:00	3364.11	3364.16	3351.58	3354.77	3687	0	22
2025.08.26	03:00:00	3354.77	3386.48	3351.24	3383.13	11398	0	24
2025.08.26	04:00:00	3383.13	3384.80	3371.74	3376.78	7910	0	21
2025.08.26	05:00:00	3376.78	3379.00	3372.78	3375.36	4602	0	21
2025.08.26	06:00:00	3375.36	3375.45	3369.79	3372.14	3578	0	21
2025.08.26	07:00:00	3372.14	3378.89	3372.03	3377.27	2873	0	21
2025.08.26	08:00:00	3377.27	3378.97	3372.41	3376.51	3586	0	21
2025.08.26	09:00:00	3376.51	3377.70	3372.39	3376.19	3801	0	21
2025.08.26	10:00:00	3376.19	3379.08	3367.20	3376.76	5532	0	21
2025.08.26	11:00:00	3376.76	3379.82	3375.55	3376.62	3860	0	21
2025.08.26	12:00:00	3376.62	3378.49	3369.54	3371.89	4619	0	21
2025.08.26	13:00:00	3371.91	3375.12	3367.20	3371.97	3455	0	21
2025.08.26	14:00:00	3371.97	3380.37	3370.64	3377.49	4804	0	21
2025.08.26	15:00:00	3377.49	3379.72	3370.92	3371.98	5654	0	21
2025.08.26	16:00:00	3371.94	3378.02	3370.47	3375.74	8381	0	21
2025.08.26	17:00:00	3375.74	3379.55	3370.27	3379.30	7728	0	21
2025.08.26	18:00:00	3379.30	3389.36	3378.58	3386.60	5979	0	21
2025.08.26	19:00:00	3386.60	3387.63	3382.41	3382.96	4798	0	21
2025.08.26	20:00:00	3382.96	3385.81	3381.48	3381.62	3886	0	21
2025.08.26	21:00:00	3381.62	3385.59	3380.21	3385.52	3812	0	21
2025.08.26	22:00:00	3385.52	3390.73	3385.10	3389.66	4841	0	21
2025.08.26	23:00:00	3389.66	3391.09	3389.15	3391.05	1735	0	22
2025.08.27	01:00:00	3390.48	3391.88	3388.70	3391.01	1953	0	24
2025.08.27	02:00:00	3391.01	3392.88	3389.92	3390.82	1714	0	21
2025.08.27	03:00:00	3390.82	3393.41	3388.89	3389.54	3359	0	21
2025.08.27	04:00:00	3389.54	3389.94	3383.31	3386.22	5219	0	21
2025.08.27	05:00:00	3386.22	3386.92	3382.14	3384.06	3646	0	21
2025.08.27	06:00:00	3384.06	3384.41	3380.47	3380.55	2766	0	21
2025.08.27	07:00:00	3380.55	3381.11	3373.81	3374.92	3469	0	21
2025.08.27	08:00:00	3374.92	3378.82	3373.97	3377.12	4090	0	21
2025.08.27	09:00:00	3377.12	3381.87	3376.25	3377.46	3993	0	21
2025.08.27	10:00:00	3377.46	3381.56	3373.80	3381.46	4178	0	21
2025.08.27	11:00:00	3381.46	3385.01	3381.02	3384.52	3992	0	21
2025.08.27	12:00:00	3384.52	3385.43	3377.58	3378.08	3711	0	21
2025.08.27	13:00:00	3378.08	3379.15	3374.76	3375.57	4824	0	21
2025.08.27	14:00:00	3375.57	3378.11	3373.85	3376.77	4020	0	21
2025.08.27	15:00:00	3376.77	3382.80	3374.22	3381.13	5318	0	21
2025.08.27	16:00:00	3381.15	3384.75	3375.49	3377.80	8138	0	21
2025.08.27	17:00:00	3377.80	3386.87	3376.05	3386.39	7075	0	21
2025.08.27	18:00:00	3386.39	3390.35	3385.10	3387.95	5855	0	21
2025.08.27	19:00:00	3387.95	3398.81	3387.43	3395.41	6545	0	21
2025.08.27	20:00:00	3395.41	3397.38	3394.79	3395.12	4748	0	21
2025.08.27	21:00:00	3395.12	3396.19	3392.23	3394.52	3820	0	21
2025.08.27	22:00:00	3394.52	3396.26	3393.67	3396.11	3868	0	21
2025.08.27	23:00:00	3396.11	3396.58	3394.05	3395.85	2091	0	24
2025.08.28	01:00:00	3397.94	3398.07	3394.68	3395.70	1600	0	33
2025.08.28	02:00:00	3395.70	3399.18	3395.02	3395.63	2037	0	21
2025.08.28	03:00:00	3395.63	3397.97	3391.22	3391.97	3539	0	21
2025.08.28	04:00:00	3391.95	3392.71	3385.43	3385.89	6362	0	21
2025.08.28	05:00:00	3385.89	3391.31	3384.48	3391.28	4638	0	21
2025.08.28	06:00:00	3391.28	3392.41	3388.79	3390.12	3206	0	21
2025.08.28	07:00:00	3390.12	3392.15	3388.68	3390.21	2575	0	21
2025.08.28	08:00:00	3390.21	3390.77	3387.56	3389.08	3319	0	21
2025.08.28	09:00:00	3389.08	3395.63	3388.74	3395.33	4614	0	21
2025.08.28	10:00:00	3395.33	3397.56	3393.75	3395.75	4248	0	21
2025.08.28	11:00:00	3395.75	3401.03	3393.86	3400.67	4629	0	21
2025.08.28	12:00:00	3400.67	3401.53	3398.42	3399.17	3103	0	21
2025.08.28	13:00:00	3399.17	3399.21	3393.76	3396.98	4322	0	21
2025.08.28	14:00:00	3396.98	3407.62	3396.16	3404.00	5044	0	21
2025.08.28	15:00:00	3404.00	3408.66	3396.77	3397.13	8284	0	22
2025.08.28	16:00:00	3397.07	3410.33	3394.27	3407.28	10377	0	21
2025.08.28	17:00:00	3407.34	3413.44	3406.53	3412.19	8305	0	21
2025.08.28	18:00:00	3412.19	3413.17	3404.37	3410.90	6034	0	21
2025.08.28	19:00:00	3410.90	3417.70	3409.84	3415.45	6415	0	21
2025.08.28	20:00:00	3415.45	3418.72	3414.49	3417.85	5636	0	21
2025.08.28	21:00:00	3417.85	3420.27	3417.23	3419.97	4836	0	21
2025.08.28	22:00:00	3419.97	3423.01	3417.80	3421.92	6321	0	21
2025.08.28	23:00:00	3421.89	3422.24	3416.09	3416.50	3151	0	21
2025.08.29	01:00:00	3416.32	3417.83	3415.12	3416.72	1768	0	29
2025.08.29	02:00:00	3416.72	3416.72	3414.60	3414.73	1262	0	21
2025.08.29	03:00:00	3414.73	3417.80	3412.95	3413.47	3682	0	21
2025.08.29	04:00:00	3413.44	3413.57	3407.82	3409.88	5448	0	21
2025.08.29	05:00:00	3409.88	3413.89	3409.80	3411.22	3973	0	21
2025.08.29	06:00:00	3411.22	3413.49	3409.84	3410.77	2941	0	21
2025.08.29	07:00:00	3410.77	3411.27	3407.45	3408.76	3256	0	21
2025.08.29	08:00:00	3408.80	3410.72	3406.94	3410.30	2882	0	21
2025.08.29	09:00:00	3410.30	3412.56	3407.87	3410.18	3424	0	21
2025.08.29	10:00:00	3410.18	3412.60	3406.49	3412.16	4473	0	21
2025.08.29	11:00:00	3412.16	3414.75	3409.69	3410.29	4494	0	21
2025.08.29	12:00:00	3410.29	3410.98	3406.78	3407.37	4442	0	21
2025.08.29	13:00:00	3407.37	3408.73	3404.68	3405.50	3413	0	21
2025.08.29	14:00:00	3405.50	3411.24	3404.29	3410.68	3403	0	21
2025.08.29	15:00:00	3410.68	3416.82	3406.64	3416.48	7804	0	23
2025.08.29	16:00:00	3416.48	3429.15	3413.57	3428.56	9525	0	21
2025.08.29	17:00:00	3428.56	3441.00	3428.56	3440.91	13102	0	21
2025.08.29	18:00:00	3440.91	3447.57	3438.90	3445.43	9724	0	21
2025.08.29	19:00:00	3445.43	3449.38	3442.20	3449.08	8605	0	21
2025.08.29	20:00:00	3449.08	3450.13	3441.02	3443.75	7447	0	21
2025.08.29	21:00:00	3443.75	3445.59	3441.04	3442.86	5516	0	21
2025.08.29	22:00:00	3442.81	3453.82	3441.50	3452.63	7498	0	21
2025.08.29	23:00:00	3452.63	3452.70	3445.68	3447.29	4398	0	21
2025.09.01	01:00:00	3445.83	3452.53	3442.32	3450.15	3474	0	30
2025.09.01	02:00:00	3450.15	3450.86	3444.69	3447.89	2680	0	24
2025.09.01	03:00:00	3447.91	3447.91	3442.66	3443.93	4492	0	21
2025.09.01	04:00:00	3443.98	3459.16	3437.01	3457.20	8394	0	21
2025.09.01	05:00:00	3457.20	3484.75	3455.01	3483.48	14216	0	21
2025.09.01	06:00:00	3483.48	3486.03	3469.64	3474.48	9429	0	21
2025.09.01	07:00:00	3474.48	3479.32	3472.16	3475.04	5006	0	21
2025.09.01	08:00:00	3475.04	3482.64	3474.21	3477.08	7383	0	22
2025.09.01	09:00:00	3476.99	3489.84	3476.75	3479.13	7866	0	21
2025.09.01	10:00:00	3479.13	3480.86	3467.67	3477.80	8240	0	21
2025.09.01	11:00:00	3477.80	3479.78	3474.52	3476.94	5521	0	21
2025.09.01	12:00:00	3476.94	3477.06	3467.23	3469.38	5590	0	21
2025.09.01	13:00:00	3469.38	3473.86	3466.32	3470.52	5799	0	21
2025.09.01	14:00:00	3470.52	3473.39	3467.52	3470.02	5519	0	21
2025.09.01	15:00:00	3470.02	3471.63	3467.10	3469.41	5448	0	21
2025.09.01	16:00:00	3469.43	3479.05	3468.78	3475.24	5916	0	21
2025.09.01	17:00:00	3475.24	3481.23	3473.63	3475.58	4872	0	21
2025.09.01	18:00:00	3475.58	3479.00	3473.31	3474.05	3119	0	21
2025.09.01	19:00:00	3474.05	3477.65	3472.24	3477.27	3122	0	21
2025.09.01	20:00:00	3477.27	3478.89	3476.10	3477.88	2981	0	21
2025.09.01	21:00:00	3477.88	3477.93	3475.48	3475.48	1539	0	21
2025.09.02	01:00:00	3475.88	3480.06	3475.15	3475.15	3295	0	32
2025.09.02	02:00:00	3475.15	3481.34	3474.53	3479.25	3397	0	21
2025.09.02	03:00:00	3479.25	3484.97	3478.10	3479.12	6514	0	21
2025.09.02	04:00:00	3479.12	3508.65	3476.84	3497.77	12013	0	21
2025.09.02	05:00:00	3497.77	3500.62	3491.36	3496.17	9162	0	21
2025.09.02	06:00:00	3496.17	3496.17	3489.86	3495.07	5988	0	21
2025.09.02	07:00:00	3495.04	3498.24	3493.26	3496.65	4455	0	21
2025.09.02	08:00:00	3496.65	3497.72	3492.03	3492.90	5600	0	21
2025.09.02	09:00:00	3492.91	3495.69	3483.22	3485.39	7854	0	21
2025.09.02	10:00:00	3485.56	3488.18	3472.07	3476.84	9482	0	21
2025.09.02	11:00:00	3476.84	3481.39	3470.17	3477.69	8617	0	21
2025.09.02	12:00:00	3477.69	3480.34	3475.96	3476.73	6729	0	21
2025.09.02	13:00:00	3476.71	3485.69	3475.71	3485.60	6425	0	21
2025.09.02	14:00:00	3485.60	3490.01	3478.50	3489.70	7354	0	21
2025.09.02	15:00:00	3489.70	3494.07	3474.33	3481.95	12855	0	21
2025.09.02	16:00:00	3482.00	3493.52	3478.15	3489.60	14721	0	21
2025.09.02	17:00:00	3489.60	3514.03	3487.98	3511.03	15155	0	21
2025.09.02	18:00:00	3511.03	3520.35	3509.54	3520.35	11292	0	21
2025.09.02	19:00:00	3520.37	3528.74	3518.12	3527.69	10533	0	21
2025.09.02	20:00:00	3527.69	3530.03	3521.83	3529.29	8399	0	21
2025.09.02	21:00:00	3529.31	3531.98	3525.20	3528.29	6889	0	21
2025.09.02	22:00:00	3528.30	3539.96	3528.30	3536.83	8262	0	21
2025.09.02	23:00:00	3536.90	3537.58	3533.30	3535.57	2874	0	24
2025.09.03	01:00:00	3532.75	3534.91	3529.02	3529.16	2857	0	26
2025.09.03	02:00:00	3529.16	3533.10	3526.23	3529.82	4361	0	21
2025.09.03	03:00:00	3529.83	3546.81	3527.95	3536.09	8537	0	21
2025.09.03	04:00:00	3536.11	3541.66	3531.83	3538.76	8793	0	21
2025.09.03	05:00:00	3538.76	3545.85	3531.27	3531.78	7518	0	21
2025.09.03	06:00:00	3531.75	3533.39	3529.33	3530.74	6186	0	21
2025.09.03	07:00:00	3530.74	3538.20	3530.65	3536.80	4652	0	21
2025.09.03	08:00:00	3536.80	3537.87	3526.86	3529.82	5664	0	21
2025.09.03	09:00:00	3529.82	3537.42	3529.79	3535.34	5977	0	21
2025.09.03	10:00:00	3535.22	3536.82	3529.17	3533.86	5888	0	21
2025.09.03	11:00:00	3533.86	3541.19	3533.73	3540.04	6104	0	21
2025.09.03	12:00:00	3540.04	3541.78	3533.82	3534.27	5381	0	21
2025.09.03	13:00:00	3534.28	3541.69	3532.29	3540.05	5281	0	21
2025.09.03	14:00:00	3540.04	3549.55	3539.80	3547.56	6434	0	21
2025.09.03	15:00:00	3547.56	3551.44	3541.36	3550.59	9524	0	21
2025.09.03	16:00:00	3550.52	3561.36	3549.33	3553.47	13485	0	21
2025.09.03	17:00:00	3553.62	3565.55	3551.43	3558.39	14392	0	21
2025.09.03	18:00:00	3558.39	3567.32	3557.43	3563.91	8768	0	21
2025.09.03	19:00:00	3563.91	3572.53	3562.09	3572.40	7369	0	21
2025.09.03	20:00:00	3572.40	3575.88	3570.14	3574.38	6530	0	21
2025.09.03	21:00:00	3574.38	3578.32	3565.39	3570.32	9048	0	21
2025.09.03	22:00:00	3570.33	3571.48	3561.19	3563.55	9499	0	21
2025.09.03	23:00:00	3563.52	3565.88	3560.23	3560.40	3576	0	24
2025.09.04	01:00:00	3560.19	3564.05	3559.51	3561.65	4004	0	34
2025.09.04	02:00:00	3561.65	3561.74	3554.31	3560.27	5334	0	21
2025.09.04	03:00:00	3560.27	3562.50	3551.85	3561.48	5860	0	21
2025.09.04	04:00:00	3561.48	3563.19	3543.56	3546.19	9650	0	21
2025.09.04	05:00:00	3546.19	3550.54	3526.43	3530.77	10962	0	21
2025.09.04	06:00:00	3530.75	3531.63	3511.46	3529.01	9179	0	21
2025.09.04	07:00:00	3529.01	3534.23	3528.67	3532.96	3713	0	21
2025.09.04	08:00:00	3532.96	3533.98	3525.30	3527.28	5767	0	21
2025.09.04	09:00:00	3527.28	3541.61	3524.21	3535.99	7515	0	21
2025.09.04	10:00:00	3535.99	3541.20	3532.60	3541.07	5953	0	21
2025.09.04	11:00:00	3541.07	3545.56	3537.28	3541.29	6045	0	21
2025.09.04	12:00:00	3541.29	3544.92	3536.69	3538.69	5182	0	21
2025.09.04	13:00:00	3538.69	3546.95	3538.35	3540.84	4897	0	21
2025.09.04	14:00:00	3540.84	3549.79	3536.54	3545.48	6065	0	21
2025.09.04	15:00:00	3545.48	3551.94	3541.19	3548.28	10177	0	21
2025.09.04	16:00:00	3548.28	3558.66	3539.76	3546.92	13065	0	21
2025.09.04	17:00:00	3546.93	3546.93	3535.06	3545.83	14275	0	21
2025.09.04	18:00:00	3545.83	3553.24	3542.30	3552.77	8302	0	21
2025.09.04	19:00:00	3552.79	3556.02	3549.14	3552.48	6980	0	21
2025.09.04	20:00:00	3552.45	3555.38	3542.49	3542.86	6356	0	21
2025.09.04	21:00:00	3542.86	3548.24	3542.73	3546.24	5332	0	21
2025.09.04	22:00:00	3546.24	3550.97	3545.55	3549.69	5128	0	21
2025.09.04	23:00:00	3549.79	3550.44	3544.32	3544.84	2074	0	21
2025.09.05	01:00:00	3545.35	3545.63	3539.93	3540.84	1950	0	28
2025.09.05	02:00:00	3540.84	3554.46	3540.82	3552.53	3696	0	21
2025.09.05	03:00:00	3552.53	3556.48	3548.95	3552.13	5907	0	21
2025.09.05	04:00:00	3552.13	3556.48	3549.97	3552.41	6428	0	21
2025.09.05	05:00:00	3552.41	3555.29	3545.86	3550.75	5228	0	21
2025.09.05	06:00:00	3550.75	3559.03	3548.54	3558.27	4144	0	21
2025.09.05	07:00:00	3558.27	3559.04	3556.13	3558.47	2755	0	21
2025.09.05	08:00:00	3558.45	3560.96	3555.60	3557.63	4181	0	21
2025.09.05	09:00:00	3557.63	3557.95	3548.39	3552.56	5511	0	21
2025.09.05	10:00:00	3552.67	3554.26	3546.61	3548.11	5716	0	21
2025.09.05	11:00:00	3548.13	3549.80	3544.80	3545.95	4749	0	21
2025.09.05	12:00:00	3545.95	3553.74	3545.92	3552.34	3746	0	21
2025.09.05	13:00:00	3552.34	3552.89	3549.40	3551.80	3308	0	21
2025.09.05	14:00:00	3551.80	3554.99	3547.84	3553.21	4688	0	21
2025.09.05	15:00:00	3553.19	3586.70	3548.71	3580.17	14504	0	23
2025.09.05	16:00:00	3580.24	3595.25	3573.22	3594.33	16913	0	21
2025.09.05	17:00:00	3594.37	3597.86	3573.34	3590.28	16559	0	21
2025.09.05	18:00:00	3590.20	3595.32	3581.77	3591.87	11799	0	21
2025.09.05	19:00:00	3591.93	3600.02	3591.06	3595.15	9598	0	21
2025.09.05	20:00:00	3595.17	3597.37	3590.37	3596.38	8726	0	21
2025.09.05	21:00:00	3596.38	3597.26	3592.43	3595.39	7164	0	21
2025.09.05	22:00:00	3595.39	3595.94	3592.55	3594.68	7444	0	21
2025.09.05	23:00:00	3594.57	3595.27	3587.16	3587.31	4087	0	21
2025.09.08	01:00:00	3591.63	3596.75	3586.89	3592.11	5798	0	33
2025.09.08	02:00:00	3592.38	3593.89	3587.79	3591.11	3797	0	21
2025.09.08	03:00:00	3591.08	3594.31	3586.88	3594.30	5168	0	21
2025.09.08	04:00:00	3594.27	3597.08	3584.83	3589.44	7685	0	21
2025.09.08	05:00:00	3589.34	3594.24	3586.35	3590.62	6058	0	21
2025.09.08	06:00:00	3590.61	3592.21	3582.89	3583.45	4383	0	21
2025.09.08	07:00:00	3583.30	3584.73	3579.48	3581.53	3234	0	21
2025.09.08	08:00:00	3581.57	3591.50	3581.07	3591.20	4127	0	21
2025.09.08	09:00:00	3591.23	3598.71	3589.44	3597.95	4922	0	21
2025.09.08	10:00:00	3598.10	3613.48	3596.37	3609.51	5947	0	21
2025.09.08	11:00:00	3609.50	3616.92	3607.13	3611.17	5125	0	21
2025.09.08	12:00:00	3611.15	3614.95	3608.57	3613.71	4409	0	21
2025.09.08	13:00:00	3613.97	3622.41	3613.41	3616.95	4427	0	21
2025.09.08	14:00:00	3616.97	3619.94	3612.79	3619.84	3985	0	21
2025.09.08	15:00:00	3619.72	3625.88	3614.74	3624.21	5788	0	21
2025.09.08	16:00:00	3624.29	3636.82	3620.18	3633.36	9837	0	21
2025.09.08	17:00:00	3633.35	3640.79	3628.87	3640.64	9058	0	21
2025.09.08	18:00:00	3640.81	3646.35	3633.15	3639.29	7808	0	21
2025.09.08	19:00:00	3639.18	3641.60	3635.74	3640.59	5515	0	21
2025.09.08	20:00:00	3640.62	3641.02	3632.47	3633.36	4932	0	21
2025.09.08	21:00:00	3633.39	3636.59	3631.88	3636.04	4467	0	21
2025.09.08	22:00:00	3636.06	3637.57	3632.49	3636.47	4801	0	21
2025.09.08	23:00:00	3636.51	3637.92	3634.41	3636.97	1621	0	21
2025.09.09	01:00:00	3636.09	3636.73	3628.77	3629.33	2194	0	24
2025.09.09	02:00:00	3629.48	3636.12	3628.15	3634.85	2729	0	21
2025.09.09	03:00:00	3634.86	3640.75	3633.34	3638.42	4281	0	21
2025.09.09	04:00:00	3638.21	3647.38	3635.92	3646.35	6674	0	21
2025.09.09	05:00:00	3646.62	3654.26	3644.74	3647.50	6884	0	21
2025.09.09	06:00:00	3647.42	3651.83	3642.63	3645.80	5295	0	21
2025.09.09	07:00:00	3645.86	3657.05	3645.65	3654.92	3795	0	21
2025.09.09	08:00:00	3654.68	3659.24	3652.34	3655.34	4687	0	21
2025.09.09	09:00:00	3655.37	3656.27	3636.69	3647.58	7769	0	21
2025.09.09	10:00:00	3648.15	3650.90	3641.60	3644.31	5413	0	21
2025.09.09	11:00:00	3644.29	3651.01	3641.86	3648.07	6019	0	21
2025.09.09	12:00:00	3648.15	3656.62	3647.68	3653.54	4710	0	21
2025.09.09	13:00:00	3653.55	3655.92	3648.71	3651.80	4026	0	21
2025.09.09	14:00:00	3651.82	3654.17	3646.79	3647.94	4100	0	21
2025.09.09	15:00:00	3648.14	3655.31	3643.72	3647.52	7573	0	21
2025.09.09	16:00:00	3647.40	3668.13	3646.36	3665.94	9721	0	21
2025.09.09	17:00:00	3665.31	3674.58	3636.15	3644.94	11925	0	21
2025.09.09	18:00:00	3645.05	3646.44	3626.91	3645.49	9579	0	21
2025.09.09	19:00:00	3645.50	3649.41	3644.14	3645.00	6375	0	21
2025.09.09	20:00:00	3644.92	3646.43	3641.29	3642.78	5544	0	21
2025.09.09	21:00:00	3642.79	3645.01	3639.72	3640.35	4675	0	21
2025.09.09	22:00:00	3640.40	3641.24	3628.46	3629.37	6115	0	21
2025.09.09	23:00:00	3629.17	3632.80	3626.36	3629.12	2652	0	24
2025.09.10	01:00:00	3627.51	3635.71	3623.11	3635.35	3621	0	30
2025.09.10	02:00:00	3635.18	3640.75	3633.26	3633.45	3580	0	21
2025.09.10	03:00:00	3633.56	3634.33	3621.42	3623.92	5225	0	21
2025.09.10	04:00:00	3623.96	3632.63	3620.23	3630.63	6991	0	21
2025.09.10	05:00:00	3630.95	3638.23	3630.04	3636.21	5189	0	21
2025.09.10	06:00:00	3635.96	3636.97	3633.03	3636.49	3629	0	21
2025.09.10	07:00:00	3636.48	3643.14	3636.48	3642.79	3103	0	21
2025.09.10	08:00:00	3642.80	3645.25	3639.80	3642.88	3744	0	21
2025.09.10	09:00:00	3643.01	3647.58	3640.73	3643.66	5298	0	21
2025.09.10	10:00:00	3644.06	3648.36	3641.18	3643.96	5186	0	21
2025.09.10	11:00:00	3644.06	3647.59	3641.85	3645.76	4738	0	21
2025.09.10	12:00:00	3645.77	3655.97	3644.93	3655.13	4031	0	21
2025.09.10	13:00:00	3655.14	3657.47	3651.45	3655.27	4884	0	21
2025.09.10	14:00:00	3655.25	3656.27	3648.48	3649.22	5123	0	21
2025.09.10	15:00:00	3649.16	3657.18	3640.34	3643.97	7798	0	21
2025.09.10	16:00:00	3643.85	3653.92	3642.11	3651.18	8890	0	21
2025.09.10	17:00:00	3651.21	3655.35	3643.84	3647.62	8556	0	21
2025.09.10	18:00:00	3647.70	3648.56	3638.61	3644.38	7295	0	21
2025.09.10	19:00:00	3644.39	3646.79	3639.86	3642.76	5903	0	21
2025.09.10	20:00:00	3642.83	3647.53	3641.65	3647.38	4836	0	21
2025.09.10	21:00:00	3647.39	3649.61	3644.46	3645.33	4311	0	21
2025.09.10	22:00:00	3645.50	3646.26	3635.13	3641.88	5405	0	21
2025.09.10	23:00:00	3641.86	3642.82	3637.80	3638.91	1683	0	24
2025.09.11	01:00:00	3644.13	3644.28	3637.80	3639.71	1866	0	24
2025.09.11	02:00:00	3639.83	3645.55	3638.51	3644.88	2162	0	21
2025.09.11	03:00:00	3645.17	3647.04	3642.46	3643.83	4093	0	21
2025.09.11	04:00:00	3643.82	3648.97	3639.76	3640.88	4817	0	21
2025.09.11	05:00:00	3640.98	3643.39	3634.26	3637.26	4225	0	21
2025.09.11	06:00:00	3637.36	3637.36	3629.87	3631.86	4295	0	21
2025.09.11	07:00:00	3632.02	3634.29	3630.07	3630.56	2584	0	21
2025.09.11	08:00:00	3630.58	3633.31	3623.34	3625.07	5363	0	21
2025.09.11	09:00:00	3625.09	3637.99	3622.80	3633.21	5665	0	21
2025.09.11	10:00:00	3632.94	3633.25	3623.86	3629.80	5246	0	21
2025.09.11	11:00:00	3629.79	3631.74	3625.42	3626.19	3808	0	21
2025.09.11	12:00:00	3626.18	3626.18	3614.10	3621.83	5398	0	21
2025.09.11	13:00:00	3621.80	3624.82	3619.70	3621.83	3962	0	21
2025.09.11	14:00:00	3621.73	3622.16	3615.35	3616.77	4138	0	21
2025.09.11	15:00:00	3616.80	3643.90	3611.93	3628.89	8542	0	21
2025.09.11	16:00:00	3628.93	3637.00	3618.37	3630.21	10116	0	21
2025.09.11	17:00:00	3629.97	3637.70	3626.09	3629.49	8201	0	21
2025.09.11	18:00:00	3629.62	3638.93	3629.62	3633.07	6341	0	21
2025.09.11	19:00:00	3633.05	3641.91	3633.05	3636.18	6301	0	21
2025.09.11	20:00:00	3636.25	3636.55	3631.79	3635.01	4732	0	21
2025.09.11	21:00:00	3635.00	3637.03	3630.37	3632.28	3702	0	21
2025.09.11	22:00:00	3632.22	3637.40	3632.12	3636.90	3725	0	21
2025.09.11	23:00:00	3636.82	3637.55	3632.95	3633.64	1084	0	24
2025.09.12	01:00:00	3635.88	3638.07	3633.00	3634.83	1213	0	24
2025.09.12	02:00:00	3634.82	3636.04	3631.62	3631.76	1838	0	21
2025.09.12	03:00:00	3631.74	3637.88	3630.48	3636.46	3570	0	21
2025.09.12	04:00:00	3636.57	3647.41	3636.48	3646.31	6864	0	21
2025.09.12	05:00:00	3646.45	3650.80	3644.88	3648.91	4912	0	21
2025.09.12	06:00:00	3648.95	3653.13	3646.54	3652.84	3930	0	21
2025.09.12	07:00:00	3652.80	3656.06	3651.44	3654.88	3221	0	21
2025.09.12	08:00:00	3654.88	3656.53	3651.92	3653.06	3611	0	21
2025.09.12	09:00:00	3653.08	3654.01	3648.21	3650.53	4491	0	21
2025.09.12	10:00:00	3650.53	3653.79	3647.76	3648.28	4402	0	21
2025.09.12	11:00:00	3648.00	3651.17	3639.64	3641.05	5726	0	21
2025.09.12	12:00:00	3640.94	3647.02	3637.62	3646.52	5287	0	21
2025.09.12	13:00:00	3646.42	3652.08	3646.28	3651.06	4274	0	21
2025.09.12	14:00:00	3651.10	3651.90	3646.83	3647.02	4587	0	21
2025.09.12	15:00:00	3647.10	3648.88	3638.24	3645.34	7540	0	21
2025.09.12	16:00:00	3645.13	3652.48	3643.28	3650.37	8297	0	21
2025.09.12	17:00:00	3649.94	3654.29	3647.29	3647.94	7538	0	21
2025.09.12	18:00:00	3647.97	3648.20	3641.75	3644.34	6575	0	21
2025.09.12	19:00:00	3644.32	3649.56	3642.56	3649.12	5192	0	21
2025.09.12	20:00:00	3649.12	3650.58	3647.38	3648.65	4399	0	21
2025.09.12	21:00:00	3648.70	3649.33	3646.98	3648.33	4228	0	21
2025.09.12	22:00:00	3648.37	3648.37	3643.48	3644.11	4355	0	21
2025.09.12	23:00:00	3644.02	3645.22	3640.98	3642.41	2840	0	24
2025.09.15	01:00:00	3644.63	3645.94	3639.72	3641.98	1997	0	28
2025.09.15	02:00:00	3642.02	3642.02	3636.79	3638.08	2357	0	21
2025.09.15	03:00:00	3638.07	3642.52	3632.10	3633.35	3999	0	21
2025.09.15	04:00:00	3633.88	3634.75	3626.54	3634.40	6083	0	21
2025.09.15	05:00:00	3634.51	3645.34	3634.38	3640.97	4901	0	21
2025.09.15	06:00:00	3640.95	3646.30	3640.12	3646.00	3472	0	21
2025.09.15	07:00:00	3646.04	3646.82	3643.59	3645.54	2198	0	21
2025.09.15	08:00:00	3645.54	3646.15	3642.28	3643.59	3034	0	21
2025.09.15	09:00:00	3643.58	3643.84	3636.62	3636.66	4589	0	21
2025.09.15	10:00:00	3636.60	3644.87	3633.70	3643.81	5587	0	21
2025.09.15	11:00:00	3643.72	3645.66	3640.79	3645.38	4458	0	21
2025.09.15	12:00:00	3645.36	3645.82	3635.71	3641.24	4858	0	21
2025.09.15	13:00:00	3641.26	3646.32	3639.10	3639.90	5206	0	21
2025.09.15	14:00:00	3639.91	3646.66	3639.02	3642.52	5143	0	21
2025.09.15	15:00:00	3642.50	3650.94	3636.92	3650.25	7197	0	21
2025.09.15	16:00:00	3650.24	3664.25	3646.81	3657.08	8447	0	21
2025.09.15	17:00:00	3657.08	3663.83	3653.81	3663.43	7429	0	21
2025.09.15	18:00:00	3663.59	3681.79	3663.05	3680.45	6990	0	21
2025.09.15	19:00:00	3680.46	3685.44	3674.70	3679.15	7399	0	21
2025.09.15	20:00:00	3679.30	3682.62	3678.54	3681.64	5407	0	21
2025.09.15	21:00:00	3681.59	3681.95	3675.72	3676.86	4769	0	21
2025.09.15	22:00:00	3676.85	3682.64	3676.58	3680.96	5203	0	21
2025.09.15	23:00:00	3680.92	3681.92	3679.10	3680.69	2378	0	24
2025.09.16	01:00:00	3679.60	3680.08	3676.16	3678.71	1812	0	26
2025.09.16	02:00:00	3678.73	3680.30	3676.09	3676.86	2060	0	21
2025.09.16	03:00:00	3676.83	3686.80	3676.33	3686.34	4851	0	21
2025.09.16	04:00:00	3686.47	3689.37	3677.09	3679.23	6345	0	21
2025.09.16	05:00:00	3679.20	3682.52	3674.67	3677.62	5577	0	21
2025.09.16	06:00:00	3677.46	3683.04	3676.91	3680.95	3823	0	21
2025.09.16	07:00:00	3680.97	3685.30	3680.08	3684.20	3013	0	21
2025.09.16	08:00:00	3684.18	3684.52	3680.19	3682.73	3955	0	21
2025.09.16	09:00:00	3682.72	3694.08	3681.73	3693.32	5944	0	21
2025.09.16	10:00:00	3692.88	3694.00	3686.27	3686.46	5823	0	21
2025.09.16	11:00:00	3686.34	3697.10	3686.09	3694.25	5403	0	21
2025.09.16	12:00:00	3694.18	3698.82	3692.91	3698.26	4830	0	21
2025.09.16	13:00:00	3698.22	3698.68	3692.81	3693.14	4390	0	21
2025.09.16	14:00:00	3693.18	3699.36	3690.51	3697.07	5631	0	21
2025.09.16	15:00:00	3697.25	3697.34	3686.47	3689.19	7510	0	21
2025.09.16	16:00:00	3688.99	3698.41	3685.13	3695.69	8744	0	21
2025.09.16	17:00:00	3695.43	3702.92	3685.72	3686.33	9759	0	21
2025.09.16	18:00:00	3686.40	3688.89	3678.80	3686.22	8737	0	21
2025.09.16	19:00:00	3686.19	3691.16	3684.62	3689.69	6503	0	21
2025.09.16	20:00:00	3689.67	3690.95	3686.25	3687.66	5817	0	21
2025.09.16	21:00:00	3687.65	3690.88	3686.38	3690.57	4196	0	21
2025.09.16	22:00:00	3690.54	3690.97	3687.67	3689.55	3501	0	21
2025.09.16	23:00:00	3689.53	3693.75	3689.41	3692.04	1693	0	24
2025.09.17	01:00:00	3691.35	3692.74	3689.82	3691.81	1459	0	24
2025.09.17	02:00:00	3691.86	3695.04	3691.66	3694.10	2116	0	21
2025.09.17	03:00:00	3694.15	3695.20	3691.05	3691.19	3365	0	21
2025.09.17	04:00:00	3691.14	3691.88	3676.03	3679.47	7312	0	25
2025.09.17	05:00:00	3679.36	3683.77	3674.32	3682.07	6689	0	21
2025.09.17	06:00:00	3682.05	3683.38	3679.79	3681.66	3627	0	21
2025.09.17	07:00:00	3681.73	3682.43	3680.33	3680.67	2369	0	21
2025.09.17	08:00:00	3680.68	3685.73	3675.80	3679.09	5278	0	21
2025.09.17	09:00:00	3679.16	3680.06	3670.43	3675.01	5923	0	21
2025.09.17	10:00:00	3674.98	3677.23	3666.56	3667.05	5987	0	21
2025.09.17	11:00:00	3667.08	3667.88	3662.58	3664.79	6055	0	21
2025.09.17	12:00:00	3664.74	3670.83	3663.83	3667.81	5427	0	21
2025.09.17	13:00:00	3667.76	3669.69	3660.34	3661.40	6265	0	21
2025.09.17	14:00:00	3661.37	3669.80	3660.04	3665.93	6522	0	21
2025.09.17	15:00:00	3665.98	3679.28	3665.62	3678.65	6950	0	21
2025.09.17	16:00:00	3678.69	3682.56	3672.82	3678.73	8456	0	21
2025.09.17	17:00:00	3678.71	3686.04	3676.74	3684.20	7458	0	21
2025.09.17	18:00:00	3684.37	3687.03	3682.79	3684.12	5689	0	21
2025.09.17	19:00:00	3684.09	3688.51	3683.97	3684.69	4791	0	21
2025.09.17	20:00:00	3684.69	3687.68	3678.68	3685.59	5382	0	21
2025.09.17	21:00:00	3685.53	3707.42	3646.14	3650.30	12749	0	21
2025.09.17	22:00:00	3650.70	3666.83	3646.17	3661.64	11024	0	21
2025.09.17	23:00:00	3661.57	3661.67	3656.27	3658.76	3373	0	24
2025.09.18	01:00:00	3659.43	3665.22	3654.04	3662.82	2857	0	24
2025.09.18	02:00:00	3662.76	3671.86	3662.04	3669.08	3288	0	21
2025.09.18	03:00:00	3669.35	3669.82	3658.05	3665.13	5495	0	21
2025.09.18	04:00:00	3665.24	3668.66	3651.95	3657.05	8325	0	21
2025.09.18	05:00:00	3657.10	3665.71	3655.44	3664.71	5357	0	21
2025.09.18	06:00:00	3664.72	3665.97	3657.75	3658.32	3828	0	21
2025.09.18	07:00:00	3658.41	3659.19	3653.36	3653.56	3676	0	21
2025.09.18	08:00:00	3653.59	3659.07	3649.43	3651.50	5844	0	21
2025.09.18	09:00:00	3651.55	3651.91	3633.84	3637.45	8225	0	21
2025.09.18	10:00:00	3637.38	3659.72	3635.64	3658.90	7167	0	21
2025.09.18	11:00:00	3659.00	3665.66	3653.69	3665.44	5674	0	21
2025.09.18	12:00:00	3665.45	3672.96	3664.57	3671.62	5944	0	21
2025.09.18	13:00:00	3671.60	3672.38	3665.49	3667.05	5203	0	21
2025.09.18	14:00:00	3667.37	3670.83	3664.40	3667.08	5407	0	21
2025.09.18	15:00:00	3667.20	3672.25	3663.01	3663.24	7322	0	21
2025.09.18	16:00:00	3662.91	3664.07	3627.90	3642.15	10548	0	21
2025.09.18	17:00:00	3641.92	3646.34	3634.37	3638.35	10234	0	21
2025.09.18	18:00:00	3638.38	3642.25	3636.83	3641.26	7371	0	21
2025.09.18	19:00:00	3641.28	3647.18	3640.80	3646.27	5961	0	21
2025.09.18	20:00:00	3646.20	3646.74	3643.30	3643.52	5299	0	21
2025.09.18	21:00:00	3643.53	3643.58	3640.61	3641.29	4613	0	21
2025.09.18	22:00:00	3641.30	3647.00	3640.57	3646.62	4744	0	21
2025.09.18	23:00:00	3646.71	3647.09	3643.70	3643.80	1357	0	24
2025.09.19	01:00:00	3643.10	3643.22	3639.35	3640.20	1285	0	24
2025.09.19	02:00:00	3640.20	3641.70	3637.66	3640.13	2192	0	21
2025.09.19	03:00:00	3640.24	3642.62	3636.23	3640.04	4400	0	21
2025.09.19	04:00:00	3640.04	3651.11	3632.22	3639.77	7255	0	21
2025.09.19	05:00:00	3639.78	3650.14	3638.85	3647.37	6138	0	21
2025.09.19	06:00:00	3647.30	3656.16	3645.31	3653.60	5640	0	21
2025.09.19	07:00:00	3653.58	3659.92	3653.58	3658.89	4773	0	21
2025.09.19	08:00:00	3658.88	3661.05	3651.43	3652.45	5562	0	21
2025.09.19	09:00:00	3652.42	3654.16	3643.28	3646.91	6907	0	21
2025.09.19	10:00:00	3647.01	3657.47	3644.36	3653.93	5848	0	21
2025.09.19	11:00:00	3653.85	3656.56	3649.50	3655.62	5227	0	21
2025.09.19	12:00:00	3655.61	3658.70	3655.19	3658.48	4133	0	21
2025.09.19	13:00:00	3658.50	3659.11	3655.07	3655.80	3487	0	21
2025.09.19	14:00:00	3655.86	3655.87	3645.67	3648.36	5697	0	23
2025.09.19	15:00:00	3648.40	3651.86	3644.48	3649.20	6624	0	21
2025.09.19	16:00:00	3649.06	3664.32	3643.58	3663.33	8777	0	21
2025.09.19	17:00:00	3663.34	3669.23	3656.33	3666.93	9036	0	21
2025.09.19	18:00:00	3667.21	3675.83	3665.35	3670.74	7853	0	21
2025.09.19	19:00:00	3670.74	3673.26	3666.53	3668.19	6256	0	21
2025.09.19	20:00:00	3668.15	3679.39	3667.99	3678.60	5977	0	21
2025.09.19	21:00:00	3678.62	3684.07	3678.15	3683.61	6017	0	21
2025.09.19	22:00:00	3683.62	3685.17	3681.32	3684.39	5548	0	21
2025.09.19	23:00:00	3684.29	3685.07	3680.79	3684.29	2456	0	24
2025.09.22	01:00:00	3687.88	3692.05	3683.61	3688.19	3085	0	34
2025.09.22	02:00:00	3688.20	3690.34	3685.70	3686.20	2978	0	22
2025.09.22	03:00:00	3685.93	3690.87	3685.63	3690.73	4203	0	21
2025.09.22	04:00:00	3690.74	3696.66	3686.66	3689.26	7557	0	21
2025.09.22	05:00:00	3689.19	3693.21	3685.58	3686.32	5477	0	21
2025.09.22	06:00:00	3686.29	3697.33	3685.88	3695.36	5100	0	21
2025.09.22	07:00:00	3695.28	3695.78	3690.00	3692.10	3391	0	21
2025.09.22	08:00:00	3692.09	3700.07	3691.89	3697.03	4878	0	21
2025.09.22	09:00:00	3697.03	3719.77	3695.51	3714.32	7748	0	21
2025.09.22	10:00:00	3714.25	3716.23	3708.60	3713.17	6586	0	21
2025.09.22	11:00:00	3713.16	3722.38	3712.37	3720.28	5539	0	21
2025.09.22	12:00:00	3720.30	3726.42	3719.22	3723.20	5354	0	21
2025.09.22	13:00:00	3723.19	3728.25	3721.01	3727.35	4967	0	21
2025.09.22	14:00:00	3727.36	3728.17	3721.17	3724.58	5531	0	21
2025.09.22	15:00:00	3724.57	3725.40	3712.13	3721.63	7624	0	21
2025.09.22	16:00:00	3721.62	3725.46	3713.73	3722.28	9658	0	21
2025.09.22	17:00:00	3722.25	3726.24	3716.82	3725.79	9116	0	21
2025.09.22	18:00:00	3725.90	3736.23	3723.57	3735.99	7704	0	21
2025.09.22	19:00:00	3736.01	3739.48	3735.21	3737.04	6685	0	21
2025.09.22	20:00:00	3737.20	3747.23	3737.18	3746.62	6484	0	21
2025.09.22	21:00:00	3746.64	3748.00	3744.60	3747.61	5126	0	21
2025.09.22	22:00:00	3747.55	3748.74	3742.42	3747.70	5454	0	21
2025.09.22	23:00:00	3747.60	3748.49	3745.49	3747.80	2215	0	24
2025.09.23	01:00:00	3746.55	3747.57	3738.19	3739.92	2060	0	24
2025.09.23	02:00:00	3739.98	3749.07	3738.94	3747.72	3411	0	21
2025.09.23	03:00:00	3747.77	3750.55	3744.84	3747.20	4683	0	21
2025.09.23	04:00:00	3747.19	3759.06	3745.58	3754.57	8024	0	21
2025.09.23	05:00:00	3754.49	3755.31	3736.70	3741.78	8070	0	21
2025.09.23	06:00:00	3741.72	3747.03	3739.00	3746.54	5734	0	21
2025.09.23	07:00:00	3746.53	3747.41	3743.21	3744.68	3895	0	21
2025.09.23	08:00:00	3744.35	3758.62	3743.20	3753.15	5998	0	21
2025.09.23	09:00:00	3753.09	3757.32	3751.29	3753.92	6694	0	21
2025.09.23	10:00:00	3753.60	3757.28	3748.98	3753.31	6694	0	21
2025.09.23	11:00:00	3753.14	3775.03	3753.06	3774.26	6891	0	22
2025.09.23	12:00:00	3774.44	3791.01	3774.14	3784.80	7880	0	22
2025.09.23	13:00:00	3784.94	3787.80	3780.82	3782.85	5802	0	22
2025.09.23	14:00:00	3782.99	3788.67	3779.67	3783.34	6673	0	22
2025.09.23	15:00:00	3783.62	3785.29	3777.54	3784.16	7547	0	22
2025.09.23	16:00:00	3783.97	3788.55	3774.12	3783.79	9608	0	21
2025.09.23	17:00:00	3783.92	3784.84	3767.65	3774.00	9585	0	21
2025.09.23	18:00:00	3774.05	3781.98	3772.77	3779.36	6977	0	21
2025.09.23	19:00:00	3779.32	3781.95	3765.07	3779.22	8084	0	21
2025.09.23	20:00:00	3779.30	3785.61	3775.78	3777.30	7438	0	21
2025.09.23	21:00:00	3777.36	3781.36	3756.16	3756.66	6630	0	21
2025.09.23	22:00:00	3756.73	3768.09	3751.95	3764.26	8334	0	21
2025.09.23	23:00:00	3764.23	3767.35	3762.75	3763.40	2652	0	24
2025.09.24	01:00:00	3765.40	3766.50	3761.64	3765.40	1731	0	24
2025.09.24	02:00:00	3765.37	3770.08	3761.88	3763.78	3209	0	21
2025.09.24	03:00:00	3763.99	3765.41	3758.84	3765.09	4969	0	21
2025.09.24	04:00:00	3765.18	3771.61	3755.08	3756.50	7653	0	21
2025.09.24	05:00:00	3756.53	3759.22	3750.62	3756.93	6104	0	21
2025.09.24	06:00:00	3756.97	3766.46	3752.32	3765.30	5667	0	21
2025.09.24	07:00:00	3765.28	3768.19	3763.09	3768.09	3921	0	21
2025.09.24	08:00:00	3768.12	3776.86	3767.90	3774.88	5476	0	21
2025.09.24	09:00:00	3774.99	3776.08	3769.11	3771.11	5957	0	21
2025.09.24	10:00:00	3771.34	3779.23	3770.63	3777.41	5428	0	21
2025.09.24	11:00:00	3777.65	3777.75	3767.01	3770.07	5029	0	21
2025.09.24	12:00:00	3769.97	3771.68	3763.14	3768.45	4872	0	21
2025.09.24	13:00:00	3768.42	3768.64	3759.83	3762.09	4853	0	21
2025.09.24	14:00:00	3762.07	3769.51	3759.61	3768.92	5262	0	21
2025.09.24	15:00:00	3768.61	3771.31	3763.98	3767.95	7168	0	22
2025.09.24	16:00:00	3767.94	3772.84	3759.11	3761.22	8377	0	21
2025.09.24	17:00:00	3761.09	3764.94	3749.56	3752.65	9419	0	21
2025.09.24	18:00:00	3753.13	3756.53	3739.75	3741.03	7718	0	21
2025.09.24	19:00:00	3740.99	3745.18	3732.16	3735.64	7570	0	21
2025.09.24	20:00:00	3735.77	3738.75	3732.19	3733.07	5564	0	21
2025.09.24	21:00:00	3733.07	3733.89	3722.81	3724.08	6268	0	21
2025.09.24	22:00:00	3724.18	3731.73	3717.48	3730.05	6795	0	21
2025.09.24	23:00:00	3730.03	3736.43	3729.94	3735.89	2627	0	24
2025.09.25	01:00:00	3739.29	3745.13	3738.86	3740.97	2454	0	24
2025.09.25	02:00:00	3741.00	3745.18	3738.99	3742.93	2727	0	21
2025.09.25	03:00:00	3742.90	3751.39	3741.29	3748.97	5182	0	21
2025.09.25	04:00:00	3748.83	3750.39	3732.68	3735.95	7353	0	21
2025.09.25	05:00:00	3735.86	3742.38	3729.54	3739.48	5755	0	21
2025.09.25	06:00:00	3739.48	3739.60	3734.33	3736.60	4180	0	21
2025.09.25	07:00:00	3736.65	3740.71	3731.85	3738.01	3437	0	21
2025.09.25	08:00:00	3737.92	3741.19	3734.04	3738.56	4349	0	21
2025.09.25	09:00:00	3738.62	3748.10	3737.72	3740.99	5660	0	21
2025.09.25	10:00:00	3741.20	3754.89	3739.91	3752.21	6116	0	21
2025.09.25	11:00:00	3752.20	3761.45	3751.03	3756.33	6802	0	21
2025.09.25	12:00:00	3756.35	3760.99	3750.31	3756.96	5745	0	21
2025.09.25	13:00:00	3756.94	3760.72	3755.62	3757.20	5071	0	21
2025.09.25	14:00:00	3757.19	3757.54	3741.12	3752.99	6965	0	21
2025.09.25	15:00:00	3752.45	3755.77	3730.60	3738.71	8922	0	24
2025.09.25	16:00:00	3738.42	3745.41	3722.01	3733.62	10375	0	21
2025.09.25	17:00:00	3734.05	3736.32	3723.59	3731.44	9921	0	21
2025.09.25	18:00:00	3731.47	3738.74	3728.03	3735.82	7958	0	21
2025.09.25	19:00:00	3735.98	3742.69	3732.68	3733.69	6812	0	21
2025.09.25	20:00:00	3733.68	3744.23	3732.32	3741.71	6835	0	21
2025.09.25	21:00:00	3741.80	3758.12	3736.60	3755.14	7409	0	21
2025.09.25	22:00:00	3755.32	3756.65	3744.57	3746.51	6556	0	21
2025.09.25	23:00:00	3746.53	3752.21	3746.00	3751.84	2437	0	24
2025.09.26	01:00:00	3747.48	3751.49	3746.30	3748.75	1859	0	25
2025.09.26	02:00:00	3748.78	3749.78	3737.94	3744.62	3646	0	21
2025.09.26	03:00:00	3744.89	3749.51	3740.13	3749.49	5079	0	21
2025.09.26	04:00:00	3749.64	3753.22	3737.68	3738.99	7445	0	21
2025.09.26	05:00:00	3739.06	3742.75	3737.63	3738.37	5296	0	21
2025.09.26	06:00:00	3738.39	3745.98	3734.43	3745.42	4710	0	21
2025.09.26	07:00:00	3745.51	3747.70	3744.68	3747.59	3504	0	21
2025.09.26	08:00:00	3747.55	3749.47	3741.83	3741.90	4221	0	21
2025.09.26	09:00:00	3741.91	3753.98	3741.50	3743.50	7190	0	22
2025.09.26	10:00:00	3743.54	3749.52	3739.12	3747.96	6097	0	21
2025.09.26	11:00:00	3748.09	3755.07	3747.00	3752.86	5245	0	21
2025.09.26	12:00:00	3752.60	3754.40	3747.19	3751.46	4682	0	21
2025.09.26	13:00:00	3751.35	3754.88	3742.90	3744.58	4538	0	21
2025.09.26	14:00:00	3744.62	3752.82	3744.41	3748.51	5060	0	21
2025.09.26	15:00:00	3748.48	3757.27	3746.54	3752.05	7430	0	21
2025.09.26	16:00:00	3752.06	3766.14	3751.28	3761.99	10095	0	21
2025.09.26	17:00:00	3761.79	3783.73	3761.67	3778.86	10110	0	21
2025.09.26	18:00:00	3778.63	3780.90	3773.11	3780.40	7677	0	21
2025.09.26	19:00:00	3780.33	3781.10	3771.40	3774.11	7229	0	21
2025.09.26	20:00:00	3774.22	3783.07	3774.05	3782.91	5697	0	21
2025.09.26	21:00:00	3782.93	3783.19	3774.71	3778.54	5153	0	21
2025.09.26	22:00:00	3778.46	3778.46	3764.67	3766.75	6246	0	21
2025.09.26	23:00:00	3766.59	3769.34	3761.10	3761.78	3037	0	24
2025.09.29	01:00:00	3764.52	3770.86	3763.35	3770.37	3285	0	24
2025.09.29	02:00:00	3770.33	3772.37	3766.33	3766.83	3412	0	15
2025.09.29	03:00:00	3766.77	3787.43	3763.89	3787.07	6173	0	15
2025.09.29	04:00:00	3787.58	3788.65	3767.84	3778.66	9575	0	15
2025.09.29	05:00:00	3778.61	3798.60	3777.62	3792.92	8059	0	15
2025.09.29	06:00:00	3792.95	3799.32	3792.21	3794.35	6567	0	15
2025.09.29	07:00:00	3794.34	3808.86	3792.48	3805.06	5940	0	15
2025.09.29	08:00:00	3805.05	3814.40	3801.31	3813.49	7282	0	15
2025.09.29	09:00:00	3813.54	3819.72	3810.94	3817.42	8073	0	15
2025.09.29	10:00:00	3817.32	3819.18	3805.05	3806.23	7303	0	15
2025.09.29	11:00:00	3807.27	3819.43	3807.15	3818.78	6063	0	15
2025.09.29	12:00:00	3818.77	3819.60	3806.96	3807.50	5402	0	15
2025.09.29	13:00:00	3807.48	3818.42	3806.49	3817.85	5965	0	15
2025.09.29	14:00:00	3817.88	3831.30	3816.41	3828.95	6694	0	15
2025.09.29	15:00:00	3828.92	3830.25	3811.77	3813.68	8902	0	15
2025.09.29	16:00:00	3813.84	3828.03	3809.31	3821.34	9640	0	15
2025.09.29	17:00:00	3821.37	3830.59	3816.77	3828.13	9296	0	15
2025.09.29	18:00:00	3828.27	3833.18	3821.13	3830.35	7875	0	15
2025.09.29	19:00:00	3830.33	3833.46	3828.16	3830.30	5774	0	15
2025.09.29	20:00:00	3830.33	3832.80	3824.06	3828.89	5974	0	15
2025.09.29	21:00:00	3829.19	3830.65	3823.37	3824.49	4880	0	15
2025.09.29	22:00:00	3824.51	3829.76	3822.53	3828.73	5474	0	15
2025.09.29	23:00:00	3828.69	3831.96	3827.74	3830.92	2244	0	18
2025.09.30	01:00:00	3831.81	3831.88	3825.54	3830.64	1930	0	20
2025.09.30	02:00:00	3830.48	3833.30	3828.06	3832.84	2549	0	17
2025.09.30	03:00:00	3833.04	3840.54	3831.11	3838.95	5976	0	17
2025.09.30	04:00:00	3838.93	3850.73	3837.92	3847.97	7620	0	17
2025.09.30	05:00:00	3848.03	3851.87	3842.44	3847.94	6743	0	17
2025.09.30	06:00:00	3847.93	3866.99	3845.79	3864.69	6570	0	17
2025.09.30	07:00:00	3864.67	3866.94	3861.97	3866.91	4355	0	17
2025.09.30	08:00:00	3866.89	3870.29	3862.53	3869.62	6424	0	17
2025.09.30	09:00:00	3869.58	3871.55	3854.85	3855.81	7625	0	16
2025.09.30	10:00:00	3855.75	3859.36	3839.49	3843.72	7717	0	15
2025.09.30	11:00:00	3843.40	3847.11	3807.74	3816.25	9476	0	15
2025.09.30	12:00:00	3816.10	3821.39	3792.99	3798.78	8648	0	15
2025.09.30	13:00:00	3798.30	3814.56	3798.21	3812.12	6769	0	15
2025.09.30	14:00:00	3812.09	3817.76	3804.41	3815.26	6781	0	15
2025.09.30	15:00:00	3814.99	3821.56	3809.02	3819.29	7672	0	15
2025.09.30	16:00:00	3819.35	3829.90	3811.66	3824.02	8936	0	15
2025.09.30	17:00:00	3823.78	3854.39	3820.38	3854.11	9628	0	15
2025.09.30	18:00:00	3854.07	3854.12	3831.17	3839.00	8984	0	15
2025.09.30	19:00:00	3838.90	3847.93	3837.97	3845.92	6806	0	15
2025.09.30	20:00:00	3845.97	3849.22	3842.64	3844.03	5910	0	15
2025.09.30	21:00:00	3844.04	3849.01	3839.73	3848.01	5019	0	15
2025.09.30	22:00:00	3848.03	3860.73	3847.14	3859.01	5440	0	15
2025.09.30	23:00:00	3858.98	3859.03	3850.66	3858.06	3711	0	18
2025.10.01	01:00:00	3860.00	3861.31	3854.57	3859.92	3068	0	20
2025.10.01	02:00:00	3860.09	3862.97	3860.09	3862.74	2699	0	17
2025.10.01	03:00:00	3862.80	3865.29	3858.63	3860.94	4856	0	17
2025.10.01	04:00:00	3860.40	3868.91	3859.25	3868.89	5065	0	17
2025.10.01	05:00:00	3868.86	3875.36	3858.29	3863.41	6756	0	15
2025.10.01	06:00:00	3863.40	3866.33	3855.58	3861.94	6044	0	17
2025.10.01	07:00:00	3861.90	3864.95	3857.35	3864.82	4745	0	17
2025.10.01	08:00:00	3864.85	3869.67	3862.04	3863.28	5484	0	17
2025.10.01	09:00:00	3863.16	3864.86	3853.34	3859.09	6927	0	15
2025.10.01	10:00:00	3859.28	3879.61	3858.93	3879.20	7935	0	15
2025.10.01	11:00:00	3879.38	3895.18	3879.07	3892.96	8126	0	15
2025.10.01	12:00:00	3892.97	3895.05	3883.80	3888.99	6777	0	15
2025.10.01	13:00:00	3889.10	3889.61	3885.27	3887.50	5802	0	15
2025.10.01	14:00:00	3887.53	3888.46	3878.04	3883.59	5758	0	15
2025.10.01	15:00:00	3883.86	3891.08	3864.53	3870.31	9690	0	15
2025.10.01	16:00:00	3870.14	3876.92	3863.76	3872.85	9647	0	15
2025.10.01	17:00:00	3872.80	3878.64	3856.64	3873.03	10108	0	15
2025.10.01	18:00:00	3872.95	3876.79	3858.06	3868.56	9765	0	15
2025.10.01	19:00:00	3868.47	3871.55	3860.73	3870.83	7012	0	15
2025.10.01	20:00:00	3870.87	3871.88	3860.58	3860.79	6030	0	15
2025.10.01	21:00:00	3860.60	3866.31	3855.00	3862.19	7322	0	15
2025.10.01	22:00:00	3862.36	3870.95	3861.37	3867.77	5983	0	15
2025.10.01	23:00:00	3867.76	3867.81	3860.25	3863.29	2927	0	18
2025.10.02	01:00:00	3864.57	3865.78	3858.65	3862.07	2251	0	20
2025.10.02	02:00:00	3862.11	3866.58	3857.62	3863.44	3794	0	17
2025.10.02	03:00:00	3863.45	3863.68	3856.05	3856.08	5437	0	17
2025.10.02	04:00:00	3856.04	3865.04	3852.86	3864.97	5574	0	17
2025.10.02	05:00:00	3864.99	3869.82	3861.63	3866.12	4810	0	17
2025.10.02	06:00:00	3866.07	3869.31	3864.00	3866.47	3678	0	17
2025.10.02	07:00:00	3866.55	3867.60	3861.93	3864.20	2703	0	17
2025.10.02	08:00:00	3864.21	3871.21	3864.21	3867.87	3981	0	17
2025.10.02	09:00:00	3867.89	3874.16	3861.92	3864.10	5462	0	15
2025.10.02	10:00:00	3863.98	3874.69	3861.77	3868.56	7304	0	15
2025.10.02	11:00:00	3868.38	3878.60	3864.66	3874.50	5833	0	15
2025.10.02	12:00:00	3874.47	3879.69	3873.32	3879.11	5532	0	15
2025.10.02	13:00:00	3879.15	3883.79	3875.83	3881.89	5033	0	15
2025.10.02	14:00:00	3881.82	3886.66	3879.78	3886.33	5579	0	15
2025.10.02	15:00:00	3886.33	3891.90	3880.19	3884.39	8177	0	15
2025.10.02	16:00:00	3884.46	3896.78	3873.56	3875.19	9891	0	15
2025.10.02	17:00:00	3875.23	3876.74	3825.44	3839.90	11460	0	15
2025.10.02	18:00:00	3840.00	3844.74	3819.42	3828.33	10801	0	15
2025.10.02	19:00:00	3828.28	3845.22	3827.19	3844.81	8924	0	15
2025.10.02	20:00:00	3844.82	3847.70	3840.66	3844.25	6811	0	15
2025.10.02	21:00:00	3844.28	3851.43	3843.56	3850.91	4763	0	15
2025.10.02	22:00:00	3850.94	3859.03	3850.54	3855.56	5844	0	15
2025.10.02	23:00:00	3855.52	3859.23	3854.25	3855.44	2011	0	18
2025.10.03	01:00:00	3857.07	3858.42	3852.11	3857.05	2164	0	22
2025.10.03	02:00:00	3857.02	3863.67	3856.80	3862.44	3116	0	17
2025.10.03	03:00:00	3862.36	3862.57	3856.42	3856.96	4801	0	17
2025.10.03	04:00:00	3856.86	3862.50	3847.33	3858.45	6684	0	17
2025.10.03	05:00:00	3858.46	3859.06	3847.65	3848.19	4837	0	17
2025.10.03	06:00:00	3848.17	3850.90	3837.97	3842.64	5877	0	17
2025.10.03	07:00:00	3842.52	3848.21	3841.57	3843.94	4097	0	17
2025.10.03	08:00:00	3844.04	3859.13	3843.90	3855.09	5564	0	17
2025.10.03	09:00:00	3855.07	3860.91	3850.95	3859.13	5532	0	15
2025.10.03	10:00:00	3859.38	3865.11	3857.06	3864.21	5080	0	15
2025.10.03	11:00:00	3864.24	3865.65	3860.14	3864.80	4635	0	15
2025.10.03	12:00:00	3864.76	3864.88	3856.94	3864.27	4488	0	15
2025.10.03	13:00:00	3864.34	3867.60	3862.09	3865.66	5058	0	15
2025.10.03	14:00:00	3865.64	3867.07	3854.89	3862.03	6492	0	15
2025.10.03	15:00:00	3862.09	3874.90	3860.53	3873.92	7456	0	15
2025.10.03	16:00:00	3874.39	3890.50	3870.14	3882.85	9904	0	15
2025.10.03	17:00:00	3884.23	3885.16	3866.31	3879.67	10742	0	15
2025.10.03	18:00:00	3879.81	3891.59	3873.84	3889.49	8787	0	15
2025.10.03	19:00:00	3889.65	3889.76	3880.53	3883.76	7399	0	15
2025.10.03	20:00:00	3883.78	3885.91	3876.92	3881.75	7817	0	15
2025.10.03	21:00:00	3882.01	3889.24	3880.00	3886.05	6585	0	15
2025.10.03	22:00:00	3886.09	3889.09	3883.52	3885.62	5759	0	15
2025.10.03	23:00:00	3885.54	3887.18	3882.93	3885.46	2333	0	18
2025.10.06	01:00:00	3888.17	3899.88	3884.11	3899.42	4519	0	20
2025.10.06	02:00:00	3899.45	3920.37	3898.22	3909.64	7438	0	20
2025.10.06	03:00:00	3909.32	3909.50	3899.04	3900.55	8311	0	17
2025.10.06	04:00:00	3900.63	3918.25	3899.77	3917.92	6945	0	17
2025.10.06	05:00:00	3918.00	3924.56	3917.56	3921.01	6073	0	17
2025.10.06	06:00:00	3920.90	3931.90	3919.91	3929.48	6289	0	17
2025.10.06	07:00:00	3929.49	3940.27	3928.81	3938.58	6532	0	17
2025.10.06	08:00:00	3938.61	3945.03	3927.44	3932.59	7351	0	17
2025.10.06	09:00:00	3932.57	3934.76	3922.65	3934.26	7682	0	15
2025.10.06	10:00:00	3933.51	3943.82	3929.38	3941.63	8347	0	15
2025.10.06	11:00:00	3941.60	3949.45	3935.39	3942.47	8116	0	15
2025.10.06	12:00:00	3942.38	3944.85	3936.62	3942.31	5970	0	15
2025.10.06	13:00:00	3942.44	3946.67	3932.62	3942.23	6128	0	15
2025.10.06	14:00:00	3942.25	3942.77	3931.10	3938.36	7613	0	15
2025.10.06	15:00:00	3938.21	3941.24	3926.39	3934.12	9468	0	15
2025.10.06	16:00:00	3934.40	3947.03	3927.22	3944.63	9746	0	15
2025.10.06	17:00:00	3944.31	3958.73	3940.32	3955.01	10227	0	15
2025.10.06	18:00:00	3955.09	3963.94	3948.36	3962.45	9126	0	15
2025.10.06	19:00:00	3962.84	3970.05	3945.97	3954.02	8908	0	15
2025.10.06	20:00:00	3954.16	3958.95	3951.20	3957.85	7173	0	15
2025.10.06	21:00:00	3958.23	3960.60	3955.82	3958.43	5265	0	15
2025.10.06	22:00:00	3958.32	3964.84	3958.27	3959.38	5625	0	15
2025.10.06	23:00:00	3959.27	3961.38	3957.29	3960.11	2264	0	18
2025.10.07	01:00:00	3960.56	3976.13	3958.79	3963.43	5341	0	20
2025.10.07	02:00:00	3963.49	3972.55	3961.70	3969.49	4890	0	17
2025.10.07	03:00:00	3969.53	3977.38	3961.44	3962.68	7803	0	17
2025.10.07	04:00:00	3962.74	3963.72	3955.92	3958.12	6907	0	17
2025.10.07	05:00:00	3958.14	3966.89	3957.38	3964.88	4989	0	17
2025.10.07	06:00:00	3964.85	3974.64	3960.79	3973.25	5668	0	17
2025.10.07	07:00:00	3973.37	3976.87	3971.43	3975.90	5182	0	17
2025.10.07	08:00:00	3975.75	3976.79	3960.15	3964.73	7110	0	17
2025.10.07	09:00:00	3964.79	3966.23	3953.88	3955.05	6980	0	15
2025.10.07	10:00:00	3955.07	3956.12	3943.46	3945.93	9575	0	15
2025.10.07	11:00:00	3945.66	3953.89	3940.89	3951.31	7714	0	15
2025.10.07	12:00:00	3951.29	3963.37	3951.09	3955.13	6777	0	15
2025.10.07	13:00:00	3955.12	3962.72	3954.01	3959.97	5499	0	15
2025.10.07	14:00:00	3960.11	3969.03	3956.33	3966.97	6095	0	15
2025.10.07	15:00:00	3966.78	3979.95	3964.35	3979.48	8453	0	15
2025.10.07	16:00:00	3979.49	3985.58	3970.42	3979.16	10018	0	15
2025.10.07	17:00:00	3979.06	3986.68	3968.98	3985.55	10493	0	15
2025.10.07	18:00:00	3985.58	3991.02	3961.87	3966.06	10827	0	15
2025.10.07	19:00:00	3966.33	3979.51	3963.09	3976.66	10058	0	15
2025.10.07	20:00:00	3976.93	3987.68	3976.48	3980.87	8355	0	15
2025.10.07	21:00:00	3980.61	3983.89	3974.07	3981.05	7601	0	15
2025.10.07	22:00:00	3981.04	3983.34	3978.61	3980.11	6000	0	15
2025.10.07	23:00:00	3980.11	3985.65	3980.11	3985.25	2212	0	18
2025.10.08	01:00:00	3986.17	3990.60	3984.88	3989.48	2493	0	20
2025.10.08	02:00:00	3989.50	3995.86	3988.36	3994.32	3718	0	17
2025.10.08	03:00:00	3994.38	3999.35	3989.47	3992.41	6139	0	17
2025.10.08	04:00:00	3992.11	4000.64	3984.53	4000.64	7661	0	17
2025.10.08	05:00:00	4000.66	4011.64	3995.73	4011.56	6606	0	17
2025.10.08	06:00:00	4011.49	4016.48	4008.84	4014.64	5794	0	17
2025.10.08	07:00:00	4014.92	4027.19	4014.64	4026.78	6207	0	17
2025.10.08	08:00:00	4026.75	4036.95	4024.55	4029.14	7034	0	17
2025.10.08	09:00:00	4029.13	4033.01	4021.34	4031.54	7763	0	15
2025.10.08	10:00:00	4031.30	4038.91	4030.09	4034.09	7616	0	15
2025.10.08	11:00:00	4034.45	4040.40	4033.20	4036.30	6561	0	15
2025.10.08	12:00:00	4036.24	4049.49	4030.69	4049.24	6858	0	15
2025.10.08	13:00:00	4049.02	4049.52	4033.50	4037.06	7306	0	15
2025.10.08	14:00:00	4037.05	4038.08	4032.05	4038.04	6732	0	15
2025.10.08	15:00:00	4037.82	4046.43	4031.05	4039.96	8671	0	15
2025.10.08	16:00:00	4039.81	4049.29	4026.35	4038.20	10316	0	15
2025.10.08	17:00:00	4037.89	4049.10	4035.59	4048.16	9786	0	15
2025.10.08	18:00:00	4048.12	4050.54	4037.15	4045.65	9387	0	15
2025.10.08	19:00:00	4045.61	4059.12	4044.31	4056.56	8611	0	15
2025.10.08	20:00:00	4056.59	4057.95	4042.97	4051.24	7664	0	15
2025.10.08	21:00:00	4051.25	4053.24	4038.72	4049.92	8399	0	15
2025.10.08	22:00:00	4050.12	4054.64	4032.02	4045.04	9208	0	16
2025.10.08	23:00:00	4044.84	4046.58	4038.35	4044.48	2952	0	18
2025.10.09	01:00:00	4036.35	4036.50	4014.62	4021.18	4336	0	20
2025.10.09	02:00:00	4021.33	4021.71	4001.33	4011.59	7352	0	17
2025.10.09	03:00:00	4011.39	4027.97	4008.68	4022.92	7977	0	17
2025.10.09	04:00:00	4022.73	4036.37	4008.27	4019.66	10248	0	17
2025.10.09	05:00:00	4019.64	4021.19	4002.63	4018.58	8496	0	17
2025.10.09	06:00:00	4018.59	4029.50	4017.15	4026.67	6186	0	17
2025.10.09	07:00:00	4026.68	4041.00	4026.68	4038.93	5217	0	17
2025.10.09	08:00:00	4038.72	4043.60	4034.36	4039.68	6595	0	17
2025.10.09	09:00:00	4039.73	4040.91	4022.68	4025.84	8132	0	16
2025.10.09	10:00:00	4026.05	4032.76	4024.77	4031.51	7975	0	15
2025.10.09	11:00:00	4031.48	4040.30	4030.27	4038.18	6228	0	15
2025.10.09	12:00:00	4038.17	4041.98	4034.23	4037.46	6000	0	17
2025.10.09	13:00:00	4037.69	4044.19	4036.32	4044.16	4612	0	17
2025.10.09	14:00:00	4044.23	4046.63	4033.53	4044.41	6717	0	17
2025.10.09	15:00:00	4044.09	4053.67	4037.41	4053.35	8121	0	17
2025.10.09	16:00:00	4053.48	4057.79	4017.17	4017.17	11560	0	17
2025.10.09	17:00:00	4017.41	4029.06	4003.97	4024.16	11892	0	17
2025.10.09	18:00:00	4023.21	4028.57	4006.28	4014.62	10940	0	17
2025.10.09	19:00:00	4014.44	4021.69	3963.66	3968.25	10692	0	17
2025.10.09	20:00:00	3968.75	3974.15	3944.26	3950.19	10626	0	17
2025.10.09	21:00:00	3949.94	3968.74	3949.09	3957.23	8775	0	17
2025.10.09	22:00:00	3957.48	3982.02	3955.18	3973.01	8571	0	17
2025.10.09	23:00:00	3973.08	3978.91	3972.75	3976.10	2849	0	20
2025.10.10	01:00:00	3977.41	3980.60	3958.10	3975.24	3258	0	22
2025.10.10	02:00:00	3975.29	3990.70	3974.54	3989.90	4582	0	19
2025.10.10	03:00:00	3989.77	3994.34	3985.48	3990.87	5873	0	19
2025.10.10	04:00:00	3990.92	3992.34	3969.99	3973.13	8765	0	19
2025.10.10	05:00:00	3973.23	3986.71	3973.17	3978.48	6486	0	19
2025.10.10	06:00:00	3978.51	3979.15	3960.81	3961.92	7208	0	19
2025.10.10	07:00:00	3961.87	3966.66	3946.93	3966.28	6611	0	19
2025.10.10	08:00:00	3966.25	3977.61	3965.59	3974.79	7228	0	23
2025.10.10	09:00:00	3974.80	3975.98	3962.65	3968.30	8134	0	17
2025.10.10	10:00:00	3968.29	3976.19	3952.50	3971.95	8645	0	17
2025.10.10	11:00:00	3971.94	3994.59	3970.13	3992.03	7597	0	17
2025.10.10	12:00:00	3992.16	4006.67	3990.21	3995.66	8185	0	17
2025.10.10	13:00:00	3995.34	4000.01	3990.91	3993.78	6936	0	17
2025.10.10	14:00:00	3993.87	3999.82	3983.42	3987.05	7393	0	17
2025.10.10	15:00:00	3987.43	3993.48	3980.17	3985.56	8772	0	17
2025.10.10	16:00:00	3985.39	3998.15	3975.73	3979.60	10785	0	17
2025.10.10	17:00:00	3979.36	3993.97	3970.61	3989.67	10757	0	17
2025.10.10	18:00:00	3990.06	4022.81	3988.01	3997.97	12558	0	17
2025.10.10	19:00:00	3998.01	3998.78	3977.41	3983.33	11421	0	17
2025.10.10	20:00:00	3983.41	3992.03	3975.06	3989.83	10457	0	17
2025.10.10	21:00:00	3990.05	4009.03	3984.23	3999.10	9248	0	17
2025.10.10	22:00:00	3999.11	4021.31	3996.19	4011.49	9011	0	17
2025.10.10	23:00:00	4011.07	4015.57	4005.76	4010.28	3836	0	20
2025.10.13	01:00:00	4010.13	4045.15	4010.13	4042.20	4214	0	22
2025.10.13	02:00:00	4042.09	4059.65	4032.14	4035.10	7219	0	19
2025.10.13	03:00:00	4034.67	4059.50	4024.49	4043.74	9488	0	19
2025.10.13	04:00:00	4043.69	4054.94	4035.69	4053.07	9250	0	19
2025.10.13	05:00:00	4052.79	4055.82	4041.65	4048.08	6589	0	19
2025.10.13	06:00:00	4048.03	4056.20	4046.25	4051.82	5984	0	19
2025.10.13	07:00:00	4051.78	4059.26	4051.10	4056.18	4416	0	19
2025.10.13	08:00:00	4056.25	4078.09	4055.16	4063.56	7827	0	19
2025.10.13	09:00:00	4063.61	4073.39	4059.45	4069.43	8031	0	18
2025.10.13	10:00:00	4068.82	4077.51	4066.54	4071.13	7038	0	17
2025.10.13	11:00:00	4070.95	4079.06	4069.07	4077.80	6852	0	17
2025.10.13	12:00:00	4077.72	4079.78	4070.34	4077.38	6151	0	17
2025.10.13	13:00:00	4077.39	4085.02	4071.27	4080.92	6369	0	17
2025.10.13	14:00:00	4080.67	4084.56	4073.67	4073.95	6218	0	17
2025.10.13	15:00:00	4074.06	4085.76	4073.21	4079.62	8045	0	17
2025.10.13	16:00:00	4079.78	4095.66	4078.18	4094.08	9929	0	17
2025.10.13	17:00:00	4093.76	4103.75	4090.69	4097.33	9829	0	17
2025.10.13	18:00:00	4097.33	4107.31	4091.67	4104.86	8774	0	17
2025.10.13	19:00:00	4104.87	4117.01	4103.92	4105.64	9044	0	17
2025.10.13	20:00:00	4105.70	4115.25	4100.27	4103.67	8379	0	17
2025.10.13	21:00:00	4103.58	4107.56	4099.37	4101.58	6731	0	17
2025.10.13	22:00:00	4101.64	4110.84	4090.68	4108.61	7182	0	17
2025.10.13	23:00:00	4108.60	4111.84	4106.05	4111.07	2267	0	20
2025.10.14	01:00:00	4113.10	4115.53	4106.64	4114.79	3028	0	22
2025.10.14	02:00:00	4114.52	4131.95	4112.85	4128.00	5723	0	19
2025.10.14	03:00:00	4127.81	4130.10	4119.60	4124.39	7196	0	19
2025.10.14	04:00:00	4124.17	4149.69	4123.25	4137.17	9816	0	19
2025.10.14	05:00:00	4137.23	4149.70	4136.94	4145.88	7722	0	19
2025.10.14	06:00:00	4145.89	4166.16	4145.07	4163.35	8107	0	19
2025.10.14	07:00:00	4163.32	4169.83	4155.88	4168.06	6774	0	19
2025.10.14	08:00:00	4167.70	4179.63	4110.40	4121.07	9750	0	19
2025.10.14	09:00:00	4121.15	4133.44	4089.97	4112.25	11057	0	17
2025.10.14	10:00:00	4111.23	4127.77	4102.50	4126.31	9253	0	17
2025.10.14	11:00:00	4126.27	4145.06	4124.64	4144.03	8308	0	17
2025.10.14	12:00:00	4143.99	4144.07	4121.89	4127.47	7620	0	17
2025.10.14	13:00:00	4127.62	4144.31	4125.00	4131.66	7554	0	17
2025.10.14	14:00:00	4131.69	4137.78	4125.70	4130.46	7373	0	17
2025.10.14	15:00:00	4130.57	4134.43	4103.60	4106.60	9505	0	17
2025.10.14	16:00:00	4106.64	4129.46	4097.99	4124.10	11405	0	17
2025.10.14	17:00:00	4124.07	4137.48	4121.26	4129.12	10448	0	17
2025.10.14	18:00:00	4129.23	4142.58	4126.16	4138.07	9652	0	17
2025.10.14	19:00:00	4138.03	4155.13	4127.94	4140.34	9732	0	17
2025.10.14	20:00:00	4139.70	4152.99	4137.24	4148.13	9043	0	17
2025.10.14	21:00:00	4148.11	4152.43	4143.09	4148.33	7238	0	17
2025.10.14	22:00:00	4148.21	4150.50	4134.48	4141.44	7642	0	18
2025.10.14	23:00:00	4141.56	4146.07	4139.21	4143.95	3098	0	20
2025.10.15	01:00:00	4140.67	4163.63	4140.64	4158.36	3952	0	22
2025.10.15	02:00:00	4158.52	4167.04	4157.13	4161.54	4133	0	19
2025.10.15	03:00:00	4161.53	4169.61	4153.82	4162.45	6775	0	19
2025.10.15	04:00:00	4162.50	4186.61	4162.15	4181.65	9045	0	19
2025.10.15	05:00:00	4181.74	4184.36	4167.05	4176.48	7484	0	19
2025.10.15	06:00:00	4176.49	4190.79	4176.25	4186.91	5757	0	19
2025.10.15	07:00:00	4187.01	4187.43	4173.29	4179.64	4654	0	19
2025.10.15	08:00:00	4179.20	4193.64	4176.56	4185.88	7009	0	19
2025.10.15	09:00:00	4185.86	4200.20	4184.39	4199.44	7152	0	17
2025.10.15	10:00:00	4199.29	4209.73	4194.52	4207.62	6218	0	17
2025.10.15	11:00:00	4208.02	4218.08	4207.05	4208.20	6409	0	17
2025.10.15	12:00:00	4208.37	4212.00	4163.65	4192.52	8225	0	19
2025.10.15	13:00:00	4192.39	4206.20	4190.52	4202.61	6156	0	17
2025.10.15	14:00:00	4202.90	4204.16	4193.57	4198.61	5843	0	17
2025.10.15	15:00:00	4198.65	4202.78	4176.36	4190.65	8882	0	17
2025.10.15	16:00:00	4190.10	4198.77	4182.87	4192.06	9820	0	17
2025.10.15	17:00:00	4191.65	4212.27	4191.56	4199.97	9863	0	17
2025.10.15	18:00:00	4199.77	4203.07	4179.06	4190.53	10125	0	17
2025.10.15	19:00:00	4190.55	4199.83	4186.28	4198.91	8451	0	17
2025.10.15	20:00:00	4199.01	4199.63	4182.68	4197.79	8724	0	17
2025.10.15	21:00:00	4197.84	4204.61	4195.41	4200.76	7901	0	17
2025.10.15	22:00:00	4200.71	4213.54	4200.47	4210.36	7797	0	17
2025.10.15	23:00:00	4210.28	4212.64	4206.01	4209.68	2988	0	20
2025.10.16	01:00:00	4212.57	4215.51	4199.57	4213.23	3670	0	22
2025.10.16	02:00:00	4212.96	4215.78	4206.12	4209.46	4434	0	19
2025.10.16	03:00:00	4209.44	4227.14	4204.80	4210.50	7185	0	19
2025.10.16	04:00:00	4210.71	4232.89	4210.71	4230.27	8542	0	19
2025.10.16	05:00:00	4230.28	4239.51	4225.98	4239.46	6417	0	19
2025.10.16	06:00:00	4239.21	4242.06	4229.20	4233.81	6978	0	19
2025.10.16	07:00:00	4233.52	4239.29	4228.03	4233.51	5415	0	19
2025.10.16	08:00:00	4233.54	4234.70	4203.50	4204.80	9188	0	19
2025.10.16	09:00:00	4204.58	4227.20	4203.60	4222.66	8603	0	17
2025.10.16	10:00:00	4222.72	4233.97	4222.25	4230.49	6834	0	17
2025.10.16	11:00:00	4230.44	4235.97	4228.57	4232.84	5700	0	17
2025.10.16	12:00:00	4232.87	4241.73	4222.15	4239.50	6319	0	17
2025.10.16	13:00:00	4239.33	4245.96	4234.33	4242.69	5949	0	17
2025.10.16	14:00:00	4242.72	4247.54	4239.53	4240.57	5989	0	17
2025.10.16	15:00:00	4240.72	4250.95	4227.45	4235.91	8005	0	17
2025.10.16	16:00:00	4236.13	4258.72	4234.84	4246.67	10107	0	17
2025.10.16	17:00:00	4245.49	4267.52	4245.43	4263.30	9980	0	17
2025.10.16	18:00:00	4263.41	4276.00	4260.99	4273.50	9078	0	17
2025.10.16	19:00:00	4273.84	4291.92	4261.35	4282.62	10970	0	20
2025.10.16	20:00:00	4282.61	4298.70	4280.19	4293.89	9825	0	17
2025.10.16	21:00:00	4293.84	4294.88	4273.37	4291.01	9500	0	17
2025.10.16	22:00:00	4291.00	4312.85	4287.75	4307.34	8671	0	17
2025.10.16	23:00:00	4307.97	4325.48	4307.54	4324.66	4711	0	15
2025.10.17	01:00:00	4337.13	4378.02	4332.33	4346.64	7005	0	22
2025.10.17	02:00:00	4346.73	4379.20	4341.61	4365.73	7518	0	19
2025.10.17	03:00:00	4365.72	4371.56	4353.49	4358.16	8365	0	19
2025.10.17	04:00:00	4357.60	4362.03	4278.25	4313.92	11471	0	19
2025.10.17	05:00:00	4313.69	4348.45	4312.44	4342.40	9811	0	19
2025.10.17	06:00:00	4342.41	4366.73	4338.72	4366.73	8083	0	19
2025.10.17	07:00:00	4366.76	4377.01	4355.76	4376.33	7464	0	19
2025.10.17	08:00:00	4376.41	4378.47	4342.26	4365.38	9070	0	19
2025.10.17	09:00:00	4365.86	4369.57	4346.65	4360.35	9796	0	17
2025.10.17	10:00:00	4359.40	4361.75	4306.96	4342.28	10428	0	15
2025.10.17	11:00:00	4342.57	4349.76	4321.17	4347.79	9767	0	17
2025.10.17	12:00:00	4347.35	4348.32	4332.16	4340.15	8085	0	17
2025.10.17	13:00:00	4340.12	4342.14	4319.64	4327.76	8357	0	18
2025.10.17	14:00:00	4327.57	4335.82	4286.81	4287.35	10212	0	17
2025.10.17	15:00:00	4287.75	4320.09	4283.55	4314.56	10699	0	17
2025.10.17	16:00:00	4314.25	4317.85	4258.32	4273.75	11779	0	15
2025.10.17	17:00:00	4273.56	4274.47	4216.56	4249.15	12710	0	19
2025.10.17	18:00:00	4249.02	4259.33	4230.93	4237.37	10917	0	19
2025.10.17	19:00:00	4237.38	4244.73	4199.96	4204.73	11308	0	21
2025.10.17	20:00:00	4204.97	4228.37	4185.75	4221.10	10963	0	19
2025.10.17	21:00:00	4221.61	4244.56	4218.14	4235.46	8967	0	19
2025.10.17	22:00:00	4235.92	4237.70	4212.57	4225.88	8477	0	19
2025.10.17	23:00:00	4225.02	4249.47	4220.04	4246.35	4417	0	22
2025.10.20	01:00:00	4259.89	4267.71	4245.16	4255.49	5107	0	24
2025.10.20	02:00:00	4255.58	4256.02	4233.91	4237.82	6765	0	21
2025.10.20	03:00:00	4237.75	4250.74	4219.01	4249.62	9395	0	21
2025.10.20	04:00:00	4249.60	4268.81	4229.46	4262.37	10174	0	21
2025.10.20	05:00:00	4262.42	4271.09	4253.34	4255.56	8334	0	21
2025.10.20	06:00:00	4255.15	4265.18	4248.64	4264.67	7313	0	21
2025.10.20	07:00:00	4264.76	4268.18	4260.31	4266.20	4811	0	21
2025.10.20	08:00:00	4265.83	4266.71	4239.62	4239.79	8613	0	21
2025.10.20	09:00:00	4239.98	4245.79	4221.44	4236.18	9214	0	19
2025.10.20	10:00:00	4236.20	4260.84	4234.89	4255.10	7670	0	19
2025.10.20	11:00:00	4255.26	4266.11	4252.33	4258.70	7175	0	19
2025.10.20	12:00:00	4258.73	4263.68	4250.34	4260.75	6552	0	19
2025.10.20	13:00:00	4260.74	4260.89	4245.60	4254.70	7408	0	19
2025.10.20	14:00:00	4254.69	4279.18	4250.92	4279.11	6819	0	19
2025.10.20	15:00:00	4278.98	4327.14	4272.68	4323.42	10694	0	19
2025.10.20	16:00:00	4323.92	4324.77	4299.40	4300.69	11273	0	19
2025.10.20	17:00:00	4300.53	4334.66	4292.70	4332.40	10840	0	19
2025.10.20	18:00:00	4332.38	4355.54	4332.38	4349.04	10131	0	19
2025.10.20	19:00:00	4349.05	4350.71	4342.70	4347.80	8313	0	19
2025.10.20	20:00:00	4347.81	4351.06	4337.27	4347.47	7913	0	19
2025.10.20	21:00:00	4347.88	4364.55	4344.79	4359.41	7136	0	19
2025.10.20	22:00:00	4359.42	4381.25	4359.26	4377.88	8114	0	19
2025.10.20	23:00:00	4377.92	4379.85	4346.38	4357.11	5669	0	24
2025.10.21	01:00:00	4366.18	4375.18	4357.36	4367.20	4862	0	24
2025.10.21	02:00:00	4367.39	4371.64	4356.64	4360.20	4964	0	21
2025.10.21	03:00:00	4360.17	4371.07	4356.17	4368.71	7588	0	21
2025.10.21	04:00:00	4368.68	4372.16	4332.96	4350.83	10269	0	21
2025.10.21	05:00:00	4350.89	4355.25	4335.15	4338.82	8794	0	21
2025.10.21	06:00:00	4338.73	4350.78	4337.85	4346.51	6227	0	21
2025.10.21	07:00:00	4346.53	4346.78	4336.94	4341.93	5210	0	21
2025.10.21	08:00:00	4341.75	4344.09	4317.30	4323.17	8790	0	21
2025.10.21	09:00:00	4323.16	4344.24	4317.17	4343.18	8715	0	19
2025.10.21	10:00:00	4342.48	4343.12	4293.28	4298.30	9830	0	19
2025.10.21	11:00:00	4298.23	4301.44	4243.76	4273.88	11044	0	19
2025.10.21	12:00:00	4273.53	4277.89	4254.58	4265.02	9279	0	19
2025.10.21	13:00:00	4265.28	4266.42	4249.46	4253.58	8960	0	19
2025.10.21	14:00:00	4253.55	4272.35	4245.63	4253.25	8483	0	19
2025.10.21	15:00:00	4254.27	4257.50	4205.21	4211.10	10946	0	19
2025.10.21	16:00:00	4209.48	4225.33	4167.60	4174.08	12274	0	19
2025.10.21	17:00:00	4173.73	4188.11	4080.74	4138.80	12565	0	19
2025.10.21	18:00:00	4138.78	4150.11	4120.07	4138.63	11445	0	19
2025.10.21	19:00:00	4138.65	4143.63	4101.29	4113.43	10954	0	19
2025.10.21	20:00:00	4113.61	4120.23	4094.41	4111.21	10540	0	19
2025.10.21	21:00:00	4111.22	4125.73	4106.39	4114.86	8915	0	19
2025.10.21	22:00:00	4115.07	4122.06	4100.65	4109.18	9174	0	19
2025.10.21	23:00:00	4109.10	4130.84	4106.18	4127.22	5025	0	22
2025.10.22	01:00:00	4122.42	4128.91	4113.77	4123.06	3756	0	24
2025.10.22	02:00:00	4122.74	4127.88	4090.25	4093.09	5504	0	21
2025.10.22	03:00:00	4093.36	4093.77	4003.30	4074.81	11728	0	15
2025.10.22	04:00:00	4074.90	4120.42	4064.31	4087.11	10299	0	21
2025.10.22	05:00:00	4087.24	4117.63	4087.24	4115.04	7506	0	21
2025.10.22	06:00:00	4114.89	4143.16	4107.25	4128.79	6735	0	21
2025.10.22	07:00:00	4128.74	4133.42	4107.47	4128.21	6201	0	21
2025.10.22	08:00:00	4128.33	4146.84	4126.37	4134.90	7368	0	21
2025.10.22	09:00:00	4134.95	4161.26	4127.72	4156.04	8415	0	19
2025.10.22	10:00:00	4155.68	4156.24	4129.53	4132.90	9582	0	19
2025.10.22	11:00:00	4132.87	4135.74	4056.08	4070.49	11297	0	15
2025.10.22	12:00:00	4070.50	4101.24	4061.45	4069.53	9658	0	35
2025.10.22	13:00:00	4069.42	4090.78	4023.41	4035.04	9599	0	17
2025.10.22	14:00:00	4033.09	4045.05	4015.11	4027.57	10602	0	22
2025.10.22	15:00:00	4027.87	4053.15	4023.29	4033.81	10314	0	25
2025.10.22	16:00:00	4033.94	4084.99	4033.91	4075.86	11484	0	26
2025.10.22	17:00:00	4075.72	4078.04	4011.24	4014.99	11982	0	26
2025.10.22	18:00:00	4014.82	4046.89	4014.72	4037.04	11332	0	22
2025.10.22	19:00:00	4036.99	4064.13	4023.21	4059.22	10721	0	22
2025.10.22	20:00:00	4059.20	4071.23	4043.52	4070.11	9979	0	22
2025.10.22	21:00:00	4070.13	4081.42	4066.83	4076.66	8083	0	22
2025.10.22	22:00:00	4077.09	4113.30	4076.60	4102.27	9590	0	25
2025.10.22	23:00:00	4101.93	4107.13	4088.63	4102.04	4570	0	25
2025.10.23	01:00:00	4110.50	4110.92	4092.34	4102.02	4793	0	28
2025.10.23	02:00:00	4102.06	4104.80	4080.39	4087.69	6516	0	25
2025.10.23	03:00:00	4087.58	4096.71	4065.90	4081.70	8803	0	15
2025.10.23	04:00:00	4081.99	4092.86	4071.91	4073.15	9316	0	25
2025.10.23	05:00:00	4073.17	4085.38	4072.07	4082.53	7444	0	25
2025.10.23	06:00:00	4082.46	4100.72	4077.89	4091.06	6666	0	25
2025.10.23	07:00:00	4091.07	4092.59	4079.67	4089.55	5652	0	25
2025.10.23	08:00:00	4089.47	4110.29	4083.84	4110.15	6911	0	25
2025.10.23	09:00:00	4110.28	4137.92	4110.28	4113.54	10127	0	19
2025.10.23	10:00:00	4112.66	4121.12	4092.03	4094.26	8493	0	19
2025.10.23	11:00:00	4095.00	4118.85	4094.86	4116.19	7641	0	19
2025.10.23	12:00:00	4116.27	4125.34	4111.09	4124.52	6948	0	19
2025.10.23	13:00:00	4124.33	4125.16	4101.72	4109.02	7283	0	19
2025.10.23	14:00:00	4108.82	4120.95	4107.73	4109.47	7424	0	19
2025.10.23	15:00:00	4109.33	4129.27	4100.07	4127.31	8524	0	19
2025.10.23	16:00:00	4126.75	4150.82	4125.81	4144.84	11087	0	19
2025.10.23	17:00:00	4144.44	4154.66	4136.00	4148.25	10389	0	19
2025.10.23	18:00:00	4148.48	4151.64	4137.22	4141.82	8643	0	19
2025.10.23	19:00:00	4141.63	4148.45	4125.48	4132.96	8013	0	19
2025.10.23	20:00:00	4132.69	4139.19	4125.12	4137.68	7295	0	19
2025.10.23	21:00:00	4137.69	4143.43	4133.06	4135.88	5752	0	19
2025.10.23	22:00:00	4135.93	4138.05	4116.35	4118.16	6973	0	19
2025.10.23	23:00:00	4118.25	4119.62	4107.24	4119.31	4178	0	15
2025.10.24	01:00:00	4126.31	4128.90	4111.28	4115.91	2737	0	24
2025.10.24	02:00:00	4116.08	4122.75	4105.99	4121.64	3757	0	21
2025.10.24	03:00:00	4119.19	4133.55	4117.89	4132.58	5508	0	21
2025.10.24	04:00:00	4132.61	4144.38	4112.11	4118.70	8052	0	21
2025.10.24	05:00:00	4118.76	4118.97	4109.35	4109.55	6838	0	21
2025.10.24	06:00:00	4109.53	4123.34	4107.80	4122.23	5329	0	21
2025.10.24	07:00:00	4122.19	4123.26	4102.89	4111.56	5596	0	21
2025.10.24	08:00:00	4111.92	4117.87	4103.09	4104.56	5032	0	21
2025.10.24	09:00:00	4104.53	4104.83	4081.60	4092.19	7928	0	19
2025.10.24	10:00:00	4091.97	4095.75	4069.67	4074.25	7267	0	19
2025.10.24	11:00:00	4074.42	4077.73	4047.35	4065.16	8818	0	19
2025.10.24	12:00:00	4065.00	4073.38	4054.51	4060.79	6863	0	19
2025.10.24	13:00:00	4061.02	4070.84	4053.44	4054.35	6035	0	19
2025.10.24	14:00:00	4054.58	4065.45	4044.38	4061.36	7449	0	19
2025.10.24	15:00:00	4061.33	4093.58	4059.92	4082.03	9363	0	20
2025.10.24	16:00:00	4082.09	4121.39	4079.09	4105.50	11338	0	19
2025.10.24	17:00:00	4105.69	4134.97	4102.29	4117.46	10840	0	19
2025.10.24	18:00:00	4117.38	4131.83	4113.36	4130.43	9081	0	19
2025.10.24	19:00:00	4130.70	4138.63	4121.68	4129.21	8075	0	22
2025.10.24	20:00:00	4129.24	4134.33	4105.68	4107.48	7777	0	22
2025.10.24	21:00:00	4107.67	4113.62	4101.76	4110.19	7743	0	22
2025.10.24	22:00:00	4110.25	4117.52	4102.13	4104.07	6981	0	22
2025.10.24	23:00:00	4104.00	4110.96	4096.42	4110.84	3129	0	25
2025.10.27	01:00:00	4083.43	4108.62	4071.61	4081.71	6303	0	24
2025.10.27	02:00:00	4081.83	4088.36	4061.75	4064.42	6550	0	21
2025.10.27	03:00:00	4064.48	4084.11	4058.27	4081.28	7329	0	21
2025.10.27	04:00:00	4081.08	4097.48	4075.18	4081.83	9441	0	21
2025.10.27	05:00:00	4081.34	4081.96	4070.30	4071.67	7477	0	21
2025.10.27	06:00:00	4071.65	4081.72	4065.49	4069.36	6412	0	21
2025.10.27	07:00:00	4069.41	4071.96	4053.61	4068.76	7409	0	21
2025.10.27	08:00:00	4068.79	4084.35	4068.75	4079.43	6479	0	21
2025.10.27	09:00:00	4079.51	4084.71	4073.91	4078.19	7244	0	19
2025.10.27	10:00:00	4078.15	4079.75	4064.13	4068.87	6567	0	19
2025.10.27	11:00:00	4068.74	4070.33	4024.74	4043.22	8550	0	19
2025.10.27	12:00:00	4043.19	4049.97	4030.04	4039.76	8831	0	19
2025.10.27	13:00:00	4039.74	4047.75	4028.96	4037.26	7397	0	19
2025.10.27	14:00:00	4037.28	4041.23	4015.32	4023.97	8586	0	19
2025.10.27	15:00:00	4023.95	4046.30	4022.24	4045.67	8555	0	19
2025.10.27	16:00:00	4045.78	4050.25	4013.01	4022.15	10377	0	19
2025.10.27	17:00:00	4022.09	4023.38	3982.99	3987.82	11798	0	19
2025.10.27	18:00:00	3988.01	3993.34	3971.54	3989.88	10442	0	19
2025.10.27	19:00:00	3989.85	4000.25	3984.12	3999.26	8426	0	17
2025.10.27	20:00:00	3999.36	4008.94	3990.81	4006.40	7980	0	17
2025.10.27	21:00:00	4006.32	4010.12	3997.84	3999.06	7098	0	19
2025.10.27	22:00:00	3999.70	4005.54	3985.84	3989.83	8397	0	19
2025.10.27	23:00:00	3990.01	4000.20	3985.91	3985.99	4347	0	22
2025.10.28	01:00:00	3988.40	3996.44	3983.57	3989.92	3252	0	24
2025.10.28	02:00:00	3990.01	4004.53	3983.00	3998.36	5343	0	21
2025.10.28	03:00:00	3998.53	4009.42	3972.97	4006.79	7096	0	21
2025.10.28	04:00:00	4006.81	4019.61	4004.47	4010.99	8361	0	21
2025.10.28	05:00:00	4011.01	4013.74	3980.81	3983.88	7901	0	21
2025.10.28	06:00:00	3983.61	3994.24	3983.10	3992.76	5719	0	21
2025.10.28	07:00:00	3992.78	3994.10	3963.86	3973.49	7397	0	21
2025.10.28	08:00:00	3974.21	3980.06	3959.29	3966.50	7619	0	21
2025.10.28	09:00:00	3966.51	3968.56	3938.61	3942.58	8495	0	19
2025.10.28	10:00:00	3942.48	3948.47	3921.91	3932.43	8251	0	19
2025.10.28	11:00:00	3932.90	3935.78	3896.56	3897.40	9953	0	17
2025.10.28	12:00:00	3897.65	3910.74	3886.56	3904.74	8777	0	19
2025.10.28	13:00:00	3904.72	3930.88	3899.42	3926.48	7724	0	19
2025.10.28	14:00:00	3926.37	3929.90	3910.96	3923.21	7805	0	19
2025.10.28	15:00:00	3923.22	3929.62	3906.01	3912.70	8552	0	19
2025.10.28	16:00:00	3913.67	3940.31	3912.23	3939.01	10569	0	19
2025.10.28	17:00:00	3939.10	3953.76	3934.83	3949.77	9994	0	19
2025.10.28	18:00:00	3949.28	3969.42	3947.28	3964.82	9099	0	19
2025.10.28	19:00:00	3964.74	3965.38	3950.93	3958.47	8972	0	19
2025.10.28	20:00:00	3958.14	3970.26	3955.14	3962.37	8171	0	19
2025.10.28	21:00:00	3962.36	3963.96	3945.41	3956.43	7179	0	19
2025.10.28	22:00:00	3956.52	3962.72	3950.76	3960.15	7374	0	19
2025.10.28	23:00:00	3959.94	3960.83	3949.46	3953.98	2842	0	22
2025.10.29	01:00:00	3955.19	3955.85	3915.23	3933.85	4325	0	24
2025.10.29	02:00:00	3933.87	3968.10	3933.87	3964.93	5063	0	21
2025.10.29	03:00:00	3964.56	3982.29	3959.15	3975.17	7429	0	21
2025.10.29	04:00:00	3975.25	3979.43	3965.89	3973.63	8187	0	21
2025.10.29	05:00:00	3973.48	3974.25	3944.07	3960.87	7490	0	21
2025.10.29	06:00:00	3960.97	3971.99	3958.34	3963.40	6510	0	21
2025.10.29	07:00:00	3963.45	3964.90	3951.06	3951.85	6102	0	21
2025.10.29	08:00:00	3951.94	3966.01	3950.94	3962.40	6610	0	21
2025.10.29	09:00:00	3962.37	3984.64	3959.76	3978.25	7497	0	19
2025.10.29	10:00:00	3976.83	4001.31	3974.99	4001.31	8257	0	19
2025.10.29	11:00:00	4001.51	4018.41	4000.36	4016.79	7926	0	19
2025.10.29	12:00:00	4016.72	4029.51	4013.48	4023.98	7457	0	19
2025.10.29	13:00:00	4024.11	4029.58	4017.31	4023.42	7313	0	19
2025.10.29	14:00:00	4023.37	4028.32	4013.33	4016.60	7189	0	19
2025.10.29	15:00:00	4016.87	4029.88	4013.64	4025.59	8509	0	19
2025.10.29	16:00:00	4025.46	4025.57	4002.28	4012.39	10190	0	19
2025.10.29	17:00:00	4012.38	4022.43	4007.52	4008.36	9646	0	19
2025.10.29	18:00:00	4008.27	4011.85	3989.53	3992.97	9853	0	19
2025.10.29	19:00:00	3992.85	4000.99	3991.42	3992.71	7198	0	19
2025.10.29	20:00:00	3992.32	3997.73	3985.95	3994.79	6939	0	19
2025.10.29	21:00:00	3994.81	4006.88	3943.76	3969.15	12599	0	20
2025.10.29	22:00:00	3969.02	3979.77	3928.12	3945.49	11862	0	19
2025.10.29	23:00:00	3945.31	3953.90	3931.86	3933.66	4878	0	22
2025.10.30	01:00:00	3921.73	3948.48	3916.60	3941.42	5257	0	24
2025.10.30	02:00:00	3941.37	3953.96	3939.48	3952.75	4251	0	21
2025.10.30	03:00:00	3952.58	3964.22	3937.86	3950.12	6455	0	21
2025.10.30	04:00:00	3950.70	3966.30	3944.61	3947.79	8305	0	21
2025.10.30	05:00:00	3947.77	3948.15	3921.82	3922.09	8460	0	21
2025.10.30	06:00:00	3922.10	3937.98	3915.23	3937.89	6917	0	21
2025.10.30	07:00:00	3937.93	3982.34	3934.60	3972.51	9521	0	22
2025.10.30	08:00:00	3972.58	3978.32	3947.09	3963.63	9992	0	21
2025.10.30	09:00:00	3963.59	3977.24	3956.16	3976.97	8722	0	19
2025.10.30	10:00:00	3976.04	3977.47	3955.84	3961.24	7979	0	19
2025.10.30	11:00:00	3961.32	3976.63	3960.31	3976.41	7793	0	19
2025.10.30	12:00:00	3976.40	4011.91	3976.08	3999.02	9812	0	19
2025.10.30	13:00:00	3998.43	4001.08	3973.65	3984.08	8069	0	19
2025.10.30	14:00:00	3984.07	3984.94	3963.51	3974.42	6883	0	19
2025.10.30	15:00:00	3974.63	3985.56	3961.02	3961.20	9360	0	19
2025.10.30	16:00:00	3961.28	3995.56	3960.39	3995.55	9916	0	19
2025.10.30	17:00:00	3995.47	4014.74	3986.80	3996.45	10520	0	19
2025.10.30	18:00:00	3996.37	4008.64	3988.33	4001.92	9093	0	19
2025.10.30	19:00:00	4001.88	4004.04	3991.36	4001.45	7781	0	19
2025.10.30	20:00:00	4001.51	4017.82	3994.51	4004.46	7325	0	19
2025.10.30	21:00:00	4004.63	4017.56	4000.07	4016.08	7266	0	19
2025.10.30	22:00:00	4016.51	4025.81	4015.34	4023.42	8414	0	19
2025.10.30	23:00:00	4023.36	4026.99	4016.33	4025.35	3554	0	22
2025.10.31	01:00:00	4020.55	4046.04	4016.03	4037.72	4028	0	27
2025.10.31	02:00:00	4037.79	4042.99	4018.99	4036.40	6718	0	21
2025.10.31	03:00:00	4036.31	4036.71	4024.01	4025.24	7873	0	21
2025.10.31	04:00:00	4025.25	4039.11	4013.04	4018.70	9212	0	21
2025.10.31	05:00:00	4018.70	4018.98	4001.44	4010.98	9404	0	21
2025.10.31	06:00:00	4011.26	4013.88	3991.30	3996.30	8207	0	21
2025.10.31	07:00:00	3996.35	4010.37	3989.03	4005.73	5991	0	21
2025.10.31	08:00:00	4005.46	4011.08	3994.07	4005.02	7374	0	21
2025.10.31	09:00:00	4005.30	4015.02	4002.34	4013.14	7712	0	19
2025.10.31	10:00:00	4013.16	4025.40	4007.61	4020.92	7454	0	19
2025.10.31	11:00:00	4020.93	4026.57	4006.75	4010.26	6911	0	19
2025.10.31	12:00:00	4010.29	4014.14	3998.66	4008.38	6740	0	19
2025.10.31	13:00:00	4008.72	4016.71	4003.61	4007.36	6046	0	19
2025.10.31	14:00:00	4007.12	4011.22	4001.67	4010.47	5335	0	19
2025.10.31	15:00:00	4010.44	4036.05	4009.13	4023.06	7634	0	19
2025.10.31	16:00:00	4023.07	4035.40	4010.28	4016.47	9962	0	19
2025.10.31	17:00:00	4016.66	4027.18	4011.05	4020.65	9839	0	19
2025.10.31	18:00:00	4020.58	4022.84	4009.67	4012.85	9572	0	19
2025.10.31	19:00:00	4012.59	4015.10	3972.28	3980.71	10757	0	19
2025.10.31	20:00:00	3980.76	4003.54	3980.49	3997.64	9077	0	19
2025.10.31	21:00:00	3997.65	4009.89	3995.34	3999.97	6919	0	19
2025.10.31	22:00:00	3999.99	4005.47	3991.41	4001.04	7342	0	19
2025.10.31	23:00:00	4001.02	4006.30	3996.10	4002.49	2065	0	22
2025.11.03	01:00:00	3995.64	3998.74	3977.65	3980.42	4700	0	24
2025.11.03	02:00:00	3979.58	3987.63	3962.68	3970.98	6698	0	21
2025.11.03	03:00:00	3970.78	4001.74	3965.71	3995.88	9198	0	21
2025.11.03	04:00:00	3995.76	4006.43	3990.23	4003.85	7142	0	21
2025.11.03	05:00:00	4003.83	4015.25	4002.21	4011.32	6568	0	21
2025.11.03	06:00:00	4011.36	4014.21	4001.87	4003.73	5809	0	21
2025.11.03	07:00:00	4003.75	4018.39	3997.93	4013.88	5972	0	21
2025.11.03	08:00:00	4013.87	4018.56	4010.01	4017.51	5948	0	21
2025.11.03	09:00:00	4017.42	4025.92	4013.50	4025.28	6427	0	19
2025.11.03	10:00:00	4025.51	4027.92	4010.97	4019.55	6876	0	19
2025.11.03	11:00:00	4019.59	4025.98	3993.25	4000.52	8083	0	19
2025.11.03	12:00:00	4000.60	4004.76	3994.43	3998.74	6382	0	19
2025.11.03	13:00:00	3998.67	4008.48	3994.46	4007.56	5981	0	15
2025.11.03	14:00:00	4007.53	4013.49	4001.94	4013.32	5486	0	17
2025.11.03	15:00:00	4013.39	4020.38	4010.77	4016.03	7918	0	17
2025.11.03	16:00:00	4016.06	4025.96	4001.63	4022.65	8607	0	17
2025.11.03	17:00:00	4022.60	4030.50	4003.48	4008.55	9490	0	17
2025.11.03	18:00:00	4007.93	4013.44	3995.32	4008.22	8218	0	17
2025.11.03	19:00:00	4007.91	4012.07	4003.41	4006.14	6317	0	17
2025.11.03	20:00:00	4006.18	4009.52	3999.46	4006.36	5990	0	17
2025.11.03	21:00:00	4006.37	4008.04	3995.31	4004.76	6032	0	17
2025.11.03	22:00:00	4004.66	4014.87	4004.66	4010.19	5586	0	17
2025.11.03	23:00:00	4010.10	4010.10	4000.18	4001.55	2173	0	20
2025.11.04	01:00:00	4004.77	4004.77	3981.60	3997.26	3776	0	22
2025.11.04	02:00:00	3997.48	3999.00	3978.49	3986.40	6211	0	19
2025.11.04	03:00:00	3986.39	3994.52	3979.53	3987.21	7301	0	19
2025.11.04	04:00:00	3987.17	3987.21	3975.92	3986.69	7139	0	19
2025.11.04	05:00:00	3986.79	3999.19	3981.70	3994.54	5963	0	19
2025.11.04	06:00:00	3994.49	3995.20	3983.92	3985.55	4952	0	19
2025.11.04	07:00:00	3985.14	3987.06	3972.62	3973.10	6578	0	19
2025.11.04	08:00:00	3973.04	3988.06	3966.71	3984.98	7459	0	19
2025.11.04	09:00:00	3984.99	3996.17	3982.34	3993.94	6080	0	17
2025.11.04	10:00:00	3994.38	4000.72	3990.76	3996.08	6566	0	17
2025.11.04	11:00:00	3995.91	3999.35	3990.44	3991.08	5885	0	17
2025.11.04	12:00:00	3991.11	3997.65	3985.83	3993.78	5345	0	17
2025.11.04	13:00:00	3993.94	3999.98	3991.61	3994.99	3909	0	17
2025.11.04	14:00:00	3995.09	3997.46	3983.76	3984.87	5545	0	17
2025.11.04	15:00:00	3984.35	3995.97	3971.84	3975.56	7980	0	17
2025.11.04	16:00:00	3975.30	3977.70	3928.72	3957.15	9424	0	17
2025.11.04	17:00:00	3957.70	3968.09	3941.24	3956.84	8931	0	17
2025.11.04	18:00:00	3956.92	3975.39	3956.70	3969.01	7752	0	17
2025.11.04	19:00:00	3969.05	3970.98	3952.44	3955.11	6994	0	17
2025.11.04	20:00:00	3955.04	3956.71	3932.16	3937.91	7711	0	17
2025.11.04	21:00:00	3937.72	3944.18	3934.21	3937.39	6446	0	17
2025.11.04	22:00:00	3937.51	3942.15	3931.47	3938.69	6366	0	17
2025.11.04	23:00:00	3939.13	3939.13	3930.52	3931.93	2524	0	15
2025.11.05	01:00:00	3937.70	3940.50	3930.98	3934.70	3221	0	22
2025.11.05	02:00:00	3934.85	3942.95	3929.45	3939.68	6089	0	19
2025.11.05	03:00:00	3941.12	3949.39	3934.51	3937.03	7412	0	19
2025.11.05	04:00:00	3937.01	3950.83	3935.61	3948.49	6497	0	15
2025.11.05	05:00:00	3948.45	3965.13	3947.41	3960.78	5065	0	19
2025.11.05	06:00:00	3960.79	3973.66	3959.85	3970.24	5353	0	19
2025.11.05	07:00:00	3970.25	3978.60	3962.20	3964.77	6019	0	19
2025.11.05	08:00:00	3964.98	3973.54	3961.84	3966.47	5817	0	19
2025.11.05	09:00:00	3966.45	3974.84	3963.78	3972.67	5398	0	17
2025.11.05	10:00:00	3972.63	3987.07	3972.63	3979.90	6170	0	17
2025.11.05	11:00:00	3979.66	3981.18	3963.78	3971.82	5257	0	17
2025.11.05	12:00:00	3971.83	3971.83	3956.19	3964.39	5151	0	17
2025.11.05	13:00:00	3964.39	3968.83	3957.66	3966.92	4799	0	17
2025.11.05	14:00:00	3966.90	3969.76	3962.14	3969.60	4441	0	17
2025.11.05	15:00:00	3969.72	3979.36	3964.75	3975.92	6946	0	17
2025.11.05	16:00:00	3975.83	3985.49	3969.50	3973.58	7876	0	17
2025.11.05	17:00:00	3968.35	3984.38	3964.00	3978.37	8889	0	17
2025.11.05	18:00:00	3978.61	3990.42	3974.95	3986.87	7024	0	17
2025.11.05	19:00:00	3986.76	3989.48	3978.53	3982.05	5444	0	17
2025.11.05	20:00:00	3982.20	3986.04	3978.95	3982.48	4805	0	17
2025.11.05	21:00:00	3982.52	3988.80	3979.13	3987.69	4569	0	17
2025.11.05	22:00:00	3987.89	3990.17	3981.52	3984.36	4983	0	17
2025.11.05	23:00:00	3984.40	3984.90	3981.39	3982.28	2100	0	20
2025.11.06	01:00:00	3968.60	3977.40	3966.76	3973.58	3338	0	26
2025.11.06	02:00:00	3973.60	3975.82	3969.49	3975.82	3772	0	19
2025.11.06	03:00:00	3976.15	3977.19	3964.51	3976.62	5376	0	19
2025.11.06	04:00:00	3976.62	3985.11	3974.13	3983.31	4878	0	19
2025.11.06	05:00:00	3983.35	3990.30	3979.45	3987.48	4434	0	19
2025.11.06	06:00:00	3987.39	3989.65	3984.43	3988.73	2975	0	19
2025.11.06	07:00:00	3988.54	3990.65	3985.85	3987.82	4190	0	19
2025.11.06	08:00:00	3987.70	3992.71	3982.24	3991.72	4845	0	19
2025.11.06	09:00:00	3991.53	4009.21	3991.14	4005.81	6138	0	17
2025.11.06	10:00:00	4005.73	4016.79	4004.68	4014.91	6273	0	17
2025.11.06	11:00:00	4014.86	4015.22	4009.34	4010.95	4812	0	17
2025.11.06	12:00:00	4010.94	4011.09	4004.40	4008.41	5082	0	17
2025.11.06	13:00:00	4008.28	4019.37	4007.10	4018.16	5127	0	17
2025.11.06	14:00:00	4018.14	4019.50	4003.14	4005.18	5013	0	17
2025.11.06	15:00:00	4005.27	4016.12	4003.69	4012.10	5857	0	17
2025.11.06	16:00:00	4012.19	4013.76	3989.06	3993.28	8609	0	19
2025.11.06	17:00:00	3992.20	3993.59	3975.13	3980.15	9521	0	17
2025.11.06	18:00:00	3980.16	3986.30	3976.35	3980.83	8450	0	17
2025.11.06	19:00:00	3980.82	3988.05	3965.72	3986.15	8363	0	17
2025.11.06	20:00:00	3986.14	3990.82	3980.18	3987.77	6670	0	17
2025.11.06	21:00:00	3987.82	3995.30	3983.14	3985.34	5687	0	18
2025.11.06	22:00:00	3985.14	3987.19	3979.34	3980.63	6183	0	17
2025.11.06	23:00:00	3980.88	3982.17	3977.49	3977.72	2130	0	20
2025.11.07	01:00:00	3978.93	3989.61	3978.11	3989.08	2321	0	26
2025.11.07	02:00:00	3988.90	3994.27	3984.46	3988.53	3203	0	19
2025.11.07	03:00:00	3988.32	4002.75	3987.20	4001.74	5442	0	19
2025.11.07	04:00:00	4001.79	4003.18	3991.58	3995.45	4887	0	19
2025.11.07	05:00:00	3995.36	3996.46	3988.17	3990.43	3669	0	19
2025.11.07	06:00:00	3990.38	3998.54	3985.47	3998.38	3373	0	19
2025.11.07	07:00:00	3998.52	3998.81	3991.90	3995.07	4037	0	19
2025.11.07	08:00:00	3995.10	4008.33	3992.30	4006.71	4823	0	19
2025.11.07	09:00:00	4006.81	4009.72	4002.92	4007.73	4363	0	17
2025.11.07	10:00:00	4008.31	4010.43	4003.58	4009.75	4317	0	17
2025.11.07	11:00:00	4009.85	4014.22	4004.17	4006.66	4694	0	17
2025.11.07	12:00:00	4006.68	4009.43	4003.16	4007.83	3794	0	17
2025.11.07	13:00:00	4007.84	4011.91	3993.79	4002.86	5858	0	17
2025.11.07	14:00:00	4002.91	4008.47	3991.71	3995.87	5803	0	17
2025.11.07	15:00:00	3995.91	4001.92	3991.72	3997.65	6566	0	17
2025.11.07	16:00:00	3997.32	4007.29	3984.30	3993.32	7892	0	17
2025.11.07	17:00:00	3993.48	3999.11	3983.90	3990.82	8481	0	17
2025.11.07	18:00:00	3991.10	4027.40	3989.97	4007.71	8642	0	17
2025.11.07	19:00:00	4007.87	4009.80	3992.44	4005.39	8287	0	17
2025.11.07	20:00:00	4005.61	4008.92	3999.54	4005.47	7024	0	17
2025.11.07	21:00:00	4005.46	4009.05	4001.70	4006.81	6381	0	17
2025.11.07	22:00:00	4006.68	4006.99	3994.39	4003.92	7210	0	17
2025.11.07	23:00:00	4003.65	4005.22	3998.45	3999.57	2018	0	15
2025.11.10	01:00:00	4006.48	4012.09	4004.17	4011.82	3925	0	23
2025.11.10	02:00:00	4011.81	4023.71	4011.14	4020.37	5184	0	19
2025.11.10	03:00:00	4020.29	4053.33	4019.14	4044.17	10132	0	19
2025.11.10	04:00:00	4044.20	4049.09	4037.78	4048.17	7387	0	19
2025.11.10	05:00:00	4048.18	4052.67	4044.90	4050.17	5140	0	19
2025.11.10	06:00:00	4050.08	4056.75	4049.89	4054.16	4808	0	19
2025.11.10	07:00:00	4054.15	4069.79	4050.03	4069.26	5873	0	19
2025.11.10	08:00:00	4069.27	4078.34	4066.91	4075.11	6798	0	19
2025.11.10	09:00:00	4075.06	4079.00	4072.24	4075.21	5803	0	17
2025.11.10	10:00:00	4075.24	4084.96	4074.81	4082.15	6983	0	17
2025.11.10	11:00:00	4082.17	4086.33	4071.59	4076.60	6759	0	17
2025.11.10	12:00:00	4076.66	4083.47	4076.03	4080.90	4979	0	17
2025.11.10	13:00:00	4080.95	4085.43	4075.76	4085.32	4713	0	17
2025.11.10	14:00:00	4085.40	4099.98	4084.29	4097.47	6862	0	17
2025.11.10	15:00:00	4097.50	4105.86	4090.35	4091.70	9724	0	17
2025.11.10	16:00:00	4091.65	4094.11	4074.41	4083.63	10926	0	17
2025.11.10	17:00:00	4083.41	4094.32	4077.82	4084.27	10726	0	17
2025.11.10	18:00:00	4084.26	4095.70	4081.98	4094.92	8442	0	17
2025.11.10	19:00:00	4095.05	4102.62	4093.39	4102.53	8097	0	17
2025.11.10	20:00:00	4102.50	4115.83	4101.58	4110.06	8639	0	17
2025.11.10	21:00:00	4110.13	4115.43	4107.93	4113.25	6603	0	17
2025.11.10	22:00:00	4113.24	4114.59	4106.59	4111.59	7178	0	17
2025.11.10	23:00:00	4111.62	4115.79	4110.37	4115.65	2045	0	20
2025.11.11	01:00:00	4116.30	4122.64	4115.79	4119.87	3855	0	22
2025.11.11	02:00:00	4120.08	4133.70	4116.26	4130.91	5764	0	19
2025.11.11	03:00:00	4130.96	4141.07	4127.94	4136.37	8753	0	19
2025.11.11	04:00:00	4136.25	4139.49	4129.48	4138.03	6728	0	19
2025.11.11	05:00:00	4137.79	4148.00	4137.07	4146.85	5840	0	19
2025.11.11	06:00:00	4146.82	4148.86	4141.95	4143.15	5084	0	19
2025.11.11	07:00:00	4143.11	4144.22	4124.68	4131.09	8004	0	19
2025.11.11	08:00:00	4131.07	4137.71	4126.77	4129.83	6880	0	19
2025.11.11	09:00:00	4129.82	4133.01	4124.99	4129.52	6553	0	17
2025.11.11	10:00:00	4129.09	4137.67	4128.72	4135.59	6818	0	17
2025.11.11	11:00:00	4135.64	4145.91	4134.38	4141.87	5436	0	17
2025.11.11	12:00:00	4141.90	4144.11	4136.08	4141.75	5699	0	17
2025.11.11	13:00:00	4141.92	4144.45	4139.12	4142.92	5132	0	17
2025.11.11	14:00:00	4142.90	4143.89	4133.15	4134.29	6235	0	17
2025.11.11	15:00:00	4134.68	4146.64	4133.87	4142.58	8222	0	17
2025.11.11	16:00:00	4142.56	4143.14	4120.06	4125.03	10708	0	17
2025.11.11	17:00:00	4124.98	4125.93	4097.09	4106.52	11510	0	17
2025.11.11	18:00:00	4106.66	4115.73	4105.18	4113.17	8924	0	17
2025.11.11	19:00:00	4113.18	4117.77	4110.61	4114.30	7100	0	17
2025.11.11	20:00:00	4114.36	4116.24	4106.68	4113.81	7062	0	17
2025.11.11	21:00:00	4113.84	4126.05	4111.93	4123.02	6040	0	17
2025.11.11	22:00:00	4123.08	4131.83	4122.44	4129.50	6826	0	17
2025.11.11	23:00:00	4129.21	4131.45	4125.64	4126.41	2645	0	20
2025.11.12	01:00:00	4130.52	4144.68	4128.92	4142.63	5402	0	22
2025.11.12	02:00:00	4142.44	4145.43	4132.12	4132.92	6014	0	19
2025.11.12	03:00:00	4132.95	4137.30	4126.33	4131.50	8901	0	19
2025.11.12	04:00:00	4131.26	4135.51	4118.90	4123.96	7347	0	19
2025.11.12	05:00:00	4123.98	4125.27	4111.68	4111.94	6584	0	19
2025.11.12	06:00:00	4111.89	4112.96	4103.65	4110.31	6539	0	19
2025.11.12	07:00:00	4110.46	4110.98	4098.80	4104.62	6270	0	19
2025.11.12	08:00:00	4104.63	4118.97	4103.14	4118.43	7788	0	19
2025.11.12	09:00:00	4118.34	4125.30	4113.33	4117.09	6627	0	17
2025.11.12	10:00:00	4117.01	4132.66	4112.14	4131.35	7477	0	17
2025.11.12	11:00:00	4131.26	4133.55	4120.58	4124.63	7139	0	17
2025.11.12	12:00:00	4124.60	4129.10	4118.00	4127.77	6505	0	17
2025.11.12	13:00:00	4127.72	4131.20	4123.08	4126.04	6314	0	17
2025.11.12	14:00:00	4126.04	4139.46	4124.96	4130.17	7707	0	17
2025.11.12	15:00:00	4130.23	4132.62	4122.82	4127.07	8718	0	17
2025.11.12	16:00:00	4127.10	4140.07	4124.94	4136.66	10634	0	17
2025.11.12	17:00:00	4136.35	4185.46	4134.60	4181.40	12302	0	17
2025.11.12	18:00:00	4181.38	4197.72	4180.19	4196.44	11475	0	17
2025.11.12	19:00:00	4196.41	4206.49	4192.39	4199.50	10894	0	17
2025.11.12	20:00:00	4199.54	4211.66	4190.46	4206.82	9797	0	17
2025.11.12	21:00:00	4206.87	4210.16	4192.11	4197.34	9750	0	17
2025.11.12	22:00:00	4197.36	4199.71	4190.62	4195.88	8519	0	17
2025.11.12	23:00:00	4195.84	4202.05	4191.00	4198.65	2937	0	20
2025.11.13	01:00:00	4202.78	4208.42	4187.07	4190.97	4437	0	22
2025.11.13	02:00:00	4191.01	4208.69	4185.98	4205.81	7610	0	19
2025.11.13	03:00:00	4205.80	4209.09	4179.99	4192.29	10579	0	19
2025.11.13	04:00:00	4192.33	4195.96	4183.50	4190.12	8095	0	19
2025.11.13	05:00:00	4190.09	4213.16	4190.09	4212.91	8072	0	19
2025.11.13	06:00:00	4212.83	4219.34	4203.29	4209.29	7340	0	19
2025.11.13	07:00:00	4209.46	4217.63	4207.39	4211.95	8468	0	19
2025.11.13	08:00:00	4212.01	4212.01	4203.33	4210.38	7587	0	19
2025.11.13	09:00:00	4210.39	4219.97	4208.33	4219.89	6937	0	17
2025.11.13	10:00:00	4219.53	4239.43	4219.09	4232.85	8267	0	17
2025.11.13	11:00:00	4232.47	4239.41	4225.00	4233.01	6868	0	17
2025.11.13	12:00:00	4233.02	4240.06	4221.76	4225.46	6763	0	17
2025.11.13	13:00:00	4225.50	4232.23	4219.33	4230.54	7372	0	17
2025.11.13	14:00:00	4230.46	4244.93	4230.01	4242.56	6557	0	17
2025.11.13	15:00:00	4242.44	4243.80	4220.29	4231.83	10155	0	17
2025.11.13	16:00:00	4232.04	4232.38	4184.36	4195.49	12077	0	17
2025.11.13	17:00:00	4194.91	4205.07	4186.76	4202.60	12060	0	17
2025.11.13	18:00:00	4202.33	4210.80	4195.77	4206.87	10596	0	17
2025.11.13	19:00:00	4206.82	4208.34	4193.21	4201.70	10314	0	17
2025.11.13	20:00:00	4201.73	4203.24	4145.41	4157.84	11025	0	18
2025.11.13	21:00:00	4157.78	4170.51	4145.74	4163.85	10100	0	18
2025.11.13	22:00:00	4163.88	4170.70	4160.32	4163.92	8949	0	17
2025.11.13	23:00:00	4163.96	4181.03	4161.19	4171.48	3501	0	20
2025.11.14	01:00:00	4176.94	4186.38	4175.59	4185.77	4581	0	22
2025.11.14	02:00:00	4185.82	4189.78	4178.14	4183.84	6353	0	19
2025.11.14	03:00:00	4183.23	4193.65	4173.63	4189.93	9817	0	19
2025.11.14	04:00:00	4190.00	4210.25	4188.45	4206.95	8486	0	19
2025.11.14	05:00:00	4207.09	4211.14	4201.32	4204.39	7095	0	19
2025.11.14	06:00:00	4204.34	4205.73	4196.97	4203.26	5652	0	19
2025.11.14	07:00:00	4203.41	4203.63	4183.93	4189.78	8123	0	19
2025.11.14	08:00:00	4189.83	4193.36	4169.66	4174.76	8147	0	19
2025.11.14	09:00:00	4175.20	4182.25	4158.99	4181.09	8945	0	17
2025.11.14	10:00:00	4181.03	4186.86	4170.03	4176.01	8876	0	17
2025.11.14	11:00:00	4176.02	4180.41	4166.60	4169.26	8136	0	17
2025.11.14	12:00:00	4169.25	4170.79	4159.47	4167.81	7217	0	17
2025.11.14	13:00:00	4167.83	4169.96	4130.88	4132.99	9177	0	17
2025.11.14	14:00:00	4132.90	4140.56	4107.86	4116.17	11279	0	17
2025.11.14	15:00:00	4116.06	4118.93	4041.26	4055.88	12943	0	17
2025.11.14	16:00:00	4055.89	4084.02	4032.21	4082.66	12812	0	17
2025.11.14	17:00:00	4082.73	4096.35	4068.35	4093.43	12761	0	17
2025.11.14	18:00:00	4093.50	4111.21	4080.99	4105.20	10942	0	17
2025.11.14	19:00:00	4105.07	4110.55	4094.13	4099.86	9758	0	17
2025.11.14	20:00:00	4099.91	4103.61	4080.89	4098.12	9761	0	17
2025.11.14	21:00:00	4098.13	4100.15	4087.68	4089.95	7819	0	17
2025.11.14	22:00:00	4090.02	4092.34	4075.41	4087.28	8692	0	17
2025.11.14	23:00:00	4087.12	4087.12	4077.35	4079.39	3086	0	17
2025.11.17	01:00:00	4077.87	4106.63	4076.24	4096.58	5472	0	22
2025.11.17	02:00:00	4096.57	4098.28	4080.47	4083.19	7803	0	19
2025.11.17	03:00:00	4083.12	4101.90	4082.62	4091.28	9646	0	19
2025.11.17	04:00:00	4091.11	4093.69	4080.70	4081.98	8630	0	19
2025.11.17	05:00:00	4081.93	4085.61	4069.98	4082.80	7856	0	19
2025.11.17	06:00:00	4082.75	4087.94	4076.86	4078.52	5586	0	19
2025.11.17	07:00:00	4078.59	4078.59	4049.61	4058.33	8911	0	19
2025.11.17	08:00:00	4058.28	4071.68	4054.73	4066.01	8225	0	19
2025.11.17	09:00:00	4065.85	4089.03	4065.16	4088.15	6637	0	17
2025.11.17	10:00:00	4088.14	4095.89	4072.07	4077.22	8343	0	17
2025.11.17	11:00:00	4077.39	4088.58	4072.14	4082.02	7274	0	17
2025.11.17	12:00:00	4082.05	4089.40	4068.43	4070.24	6803	0	17
2025.11.17	13:00:00	4070.25	4085.77	4061.04	4078.41	7429	0	17
2025.11.17	14:00:00	4078.46	4085.14	4074.52	4077.16	6484	0	17
2025.11.17	15:00:00	4077.65	4092.16	4061.02	4065.30	9605	0	17
2025.11.17	16:00:00	4065.31	4081.94	4060.67	4076.12	10717	0	17
2025.11.17	17:00:00	4076.27	4077.50	4060.76	4064.34	11816	0	17
2025.11.17	18:00:00	4064.08	4073.63	4052.17	4069.95	10056	0	17
2025.11.17	19:00:00	4070.07	4080.85	4069.63	4073.12	8544	0	17
2025.11.17	20:00:00	4073.37	4076.08	4062.34	4062.56	8592	0	17
2025.11.17	21:00:00	4062.58	4065.01	4010.88	4011.15	11087	0	17
2025.11.17	22:00:00	4011.21	4044.02	4006.91	4040.79	10360	0	17
2025.11.17	23:00:00	4040.83	4045.86	4038.84	4044.44	3022	0	19
2025.11.18	01:00:00	4050.74	4055.12	4028.63	4036.86	5146	0	22
2025.11.18	02:00:00	4036.84	4041.26	4027.28	4040.04	6993	0	19
2025.11.18	03:00:00	4040.15	4045.10	4022.54	4024.86	8903	0	19
2025.11.18	04:00:00	4024.81	4035.73	4015.20	4017.53	8150	0	19
2025.11.18	05:00:00	4017.54	4026.30	4008.46	4013.10	7916	0	19
2025.11.18	06:00:00	4013.28	4018.12	4004.80	4010.41	7672	0	19
2025.11.18	07:00:00	4010.43	4025.11	4008.23	4018.91	7191	0	19
2025.11.18	08:00:00	4018.97	4020.39	4007.61	4008.97	7964	0	19
2025.11.18	09:00:00	4008.88	4017.40	3997.99	4013.63	8078	0	17
2025.11.18	10:00:00	4013.65	4042.65	4010.62	4036.75	8424	0	17
2025.11.18	11:00:00	4036.39	4047.16	4030.18	4040.16	7006	0	17
2025.11.18	12:00:00	4039.81	4050.41	4037.48	4044.17	6744	0	17
2025.11.18	13:00:00	4044.23	4050.30	4036.97	4039.44	5916	0	17
2025.11.18	14:00:00	4039.39	4044.95	4029.15	4032.34	7916	0	17
2025.11.18	15:00:00	4033.09	4070.14	4031.36	4065.26	10187	0	17
2025.11.18	16:00:00	4065.16	4081.89	4058.24	4065.80	11703	0	17
2025.11.18	17:00:00	4065.79	4072.26	4049.08	4052.90	12265	0	17
2025.11.18	18:00:00	4052.91	4069.10	4040.47	4066.83	10594	0	17
2025.11.18	19:00:00	4066.75	4075.79	4059.54	4071.36	9659	0	17
2025.11.18	20:00:00	4071.49	4074.66	4063.11	4072.67	8830	0	17
2025.11.18	21:00:00	4072.74	4082.06	4072.62	4081.08	8673	0	17
2025.11.18	22:00:00	4081.24	4082.46	4067.44	4069.50	8758	0	17
2025.11.18	23:00:00	4069.55	4072.27	4064.87	4067.69	2936	0	20
2025.11.19	01:00:00	4067.20	4077.72	4067.17	4076.60	3035	0	22
2025.11.19	02:00:00	4076.57	4078.42	4067.64	4069.36	5057	0	19
2025.11.19	03:00:00	4069.39	4070.33	4056.38	4059.04	7972	0	19
2025.11.19	04:00:00	4059.10	4080.56	4055.64	4075.62	8181	0	19
2025.11.19	05:00:00	4075.61	4078.55	4066.09	4066.86	6579	0	19
2025.11.19	06:00:00	4066.88	4076.84	4064.40	4075.11	6057	0	19
2025.11.19	07:00:00	4075.11	4097.42	4074.20	4095.47	8473	0	19
2025.11.19	08:00:00	4095.43	4098.45	4089.17	4090.96	7685	0	19
2025.11.19	09:00:00	4090.85	4096.86	4084.87	4086.89	6850	0	17
2025.11.19	10:00:00	4086.30	4088.65	4078.21	4083.45	7814	0	17
2025.11.19	11:00:00	4083.17	4116.24	4081.08	4113.31	8247	0	17
2025.11.19	12:00:00	4113.48	4118.93	4107.01	4108.92	7943	0	17
2025.11.19	13:00:00	4109.39	4117.49	4106.50	4112.85	6156	0	17
2025.11.19	14:00:00	4112.94	4119.78	4112.18	4114.48	6315	0	17
2025.11.19	15:00:00	4114.92	4117.69	4100.90	4110.53	10243	0	17
2025.11.19	16:00:00	4110.58	4128.97	4102.03	4127.94	10740	0	17
2025.11.19	17:00:00	4127.95	4132.73	4090.02	4096.47	12013	0	17
2025.11.19	18:00:00	4096.59	4098.52	4067.85	4074.55	12554	0	17
2025.11.19	19:00:00	4074.54	4081.17	4055.59	4078.91	12001	0	17
2025.11.19	20:00:00	4079.35	4091.18	4075.71	4087.27	10219	0	17
2025.11.19	21:00:00	4087.25	4087.30	4069.13	4073.58	10174	0	17
2025.11.19	22:00:00	4073.36	4082.08	4072.24	4076.27	8420	0	17
2025.11.19	23:00:00	4076.28	4084.67	4065.63	4081.59	4455	0	20
2025.11.20	01:00:00	4088.11	4108.19	4082.95	4104.44	4873	0	22
2025.11.20	02:00:00	4104.46	4110.03	4100.41	4102.91	6326	0	19
2025.11.20	03:00:00	4103.04	4108.95	4081.11	4081.40	9371	0	19
2025.11.20	04:00:00	4081.25	4081.64	4041.18	4067.02	9968	0	15
2025.11.20	05:00:00	4067.01	4085.42	4064.70	4072.32	7982	0	19
2025.11.20	06:00:00	4072.36	4080.38	4068.28	4075.57	5312	0	19
2025.11.20	07:00:00	4075.56	4075.92	4064.47	4066.70	7167	0	19
2025.11.20	08:00:00	4066.43	4077.56	4058.70	4068.59	8151	0	19
2025.11.20	09:00:00	4068.25	4076.43	4054.18	4060.01	7154	0	17
2025.11.20	10:00:00	4059.32	4069.41	4038.94	4063.18	9447	0	17
2025.11.20	11:00:00	4063.48	4072.68	4055.55	4063.92	7977	0	17
2025.11.20	12:00:00	4064.00	4068.24	4058.13	4059.99	5575	0	17
2025.11.20	13:00:00	4060.00	4068.21	4051.08	4060.35	6421	0	17
2025.11.20	14:00:00	4060.66	4082.05	4060.14	4081.74	6925	0	19
2025.11.20	15:00:00	4081.76	4096.19	4067.09	4080.43	11625	0	20
2025.11.20	16:00:00	4080.22	4107.11	4072.16	4093.24	11948	0	20
2025.11.20	17:00:00	4093.11	4098.86	4070.31	4070.31	11882	0	17
2025.11.20	18:00:00	4070.20	4082.55	4044.80	4049.13	12810	0	17
2025.11.20	19:00:00	4048.99	4068.42	4043.63	4066.13	12762	0	18
2025.11.20	20:00:00	4065.80	4072.55	4056.23	4060.57	11490	0	18
2025.11.20	21:00:00	4060.53	4087.05	4058.99	4084.50	10486	0	18
2025.11.20	22:00:00	4084.61	4085.02	4073.34	4077.14	9073	0	18
2025.11.20	23:00:00	4077.13	4080.98	4074.18	4077.35	2661	0	21
2025.11.21	01:00:00	4073.62	4088.58	4073.62	4078.93	4065	0	24
2025.11.21	02:00:00	4079.13	4081.20	4071.42	4073.84	4619	0	21
2025.11.21	03:00:00	4073.85	4074.49	4060.58	4068.50	8751	0	21
2025.11.21	04:00:00	4068.46	4079.87	4056.68	4057.10	7670	0	21
2025.11.21	05:00:00	4057.20	4059.32	4049.35	4056.16	7813	0	21
2025.11.21	06:00:00	4055.86	4062.38	4047.71	4052.08	6327	0	21
2025.11.21	07:00:00	4052.16	4059.51	4039.96	4058.40	7703	0	21
2025.11.21	08:00:00	4058.41	4064.77	4028.96	4032.78	8816	0	21
2025.11.21	09:00:00	4032.41	4039.74	4024.95	4031.57	8022	0	18
2025.11.21	10:00:00	4031.67	4047.90	4022.57	4041.00	8889	0	18
2025.11.21	11:00:00	4040.95	4063.28	4040.25	4050.53	8607	0	17
2025.11.21	12:00:00	4050.57	4052.69	4032.43	4037.22	9767	0	17
2025.11.21	13:00:00	4037.08	4046.86	4030.98	4036.68	7290	0	17
2025.11.21	14:00:00	4036.67	4071.76	4034.77	4065.85	10634	0	17
2025.11.21	15:00:00	4066.30	4081.05	4059.29	4079.54	10289	0	17
2025.11.21	16:00:00	4079.89	4083.88	4061.57	4071.94	11458	0	18
2025.11.21	17:00:00	4071.85	4076.94	4055.07	4069.67	12761	0	18
2025.11.21	18:00:00	4069.57	4100.62	4062.88	4099.85	11707	0	18
2025.11.21	19:00:00	4099.46	4100.95	4079.05	4085.52	10865	0	18
2025.11.21	20:00:00	4085.53	4088.29	4076.38	4082.92	10100	0	18
2025.11.21	21:00:00	4082.88	4092.11	4082.71	4087.56	8588	0	18
2025.11.21	22:00:00	4087.53	4088.67	4055.18	4067.60	10263	0	18
2025.11.21	23:00:00	4067.28	4068.92	4054.53	4065.69	3819	0	21
2025.11.24	01:00:00	4067.39	4077.69	4065.78	4075.05	5072	0	22
2025.11.24	02:00:00	4074.80	4076.02	4058.28	4067.38	5317	0	19
2025.11.24	03:00:00	4067.96	4072.94	4042.72	4044.56	9346	0	19
2025.11.24	04:00:00	4044.11	4051.52	4040.67	4043.60	7069	0	19
2025.11.24	05:00:00	4043.63	4058.07	4043.63	4049.95	7224	0	19
2025.11.24	06:00:00	4050.29	4061.09	4042.30	4043.91	6813	0	19
2025.11.24	07:00:00	4043.97	4049.44	4040.14	4046.25	7357	0	19
2025.11.24	08:00:00	4046.23	4058.05	4045.48	4053.34	7046	0	19
2025.11.24	09:00:00	4053.32	4067.62	4051.47	4059.94	6892	0	17
2025.11.24	10:00:00	4059.95	4066.86	4059.67	4063.43	6977	0	17
2025.11.24	11:00:00	4063.03	4074.13	4063.03	4071.81	7773	0	18
2025.11.24	12:00:00	4071.86	4077.16	4063.21	4063.87	6613	0	19
2025.11.24	13:00:00	4063.87	4071.61	4063.10	4069.98	5593	0	19
2025.11.24	14:00:00	4069.98	4083.97	4065.72	4080.21	6672	0	19
2025.11.24	15:00:00	4080.35	4085.92	4073.73	4077.71	8607	0	19
2025.11.24	16:00:00	4077.78	4086.01	4068.35	4081.34	10334	0	20
2025.11.24	17:00:00	4081.11	4093.80	4081.11	4091.71	10934	0	20
2025.11.24	18:00:00	4092.15	4098.83	4089.71	4097.31	8837	0	20
2025.11.24	19:00:00	4097.30	4100.27	4089.00	4093.25	7740	0	20
2025.11.24	20:00:00	4092.96	4125.76	4088.03	4120.50	8492	0	20
2025.11.24	21:00:00	4120.53	4124.08	4114.00	4118.47	7203	0	20
2025.11.24	22:00:00	4118.31	4133.48	4117.94	4132.54	7181	0	20
2025.11.24	23:00:00	4132.59	4139.90	4130.05	4139.56	2811	0	23
2025.11.25	01:00:00	4134.42	4144.11	4124.99	4143.73	4933	0	25
2025.11.25	02:00:00	4143.60	4144.28	4127.50	4129.51	6546	0	22
2025.11.25	03:00:00	4129.50	4139.20	4122.69	4134.65	9293	0	22
2025.11.25	04:00:00	4134.61	4155.75	4132.65	4150.48	8289	0	22
2025.11.25	05:00:00	4150.80	4150.80	4139.48	4143.14	7520	0	22
2025.11.25	06:00:00	4143.16	4148.26	4139.42	4140.67	5716	0	22
2025.11.25	07:00:00	4141.03	4151.86	4140.99	4150.94	6164	0	22
2025.11.25	08:00:00	4150.98	4151.87	4138.75	4141.58	7185	0	22
2025.11.25	09:00:00	4141.50	4145.96	4130.29	4132.46	7336	0	20
2025.11.25	10:00:00	4132.51	4139.36	4109.57	4116.05	7831	0	20
2025.11.25	11:00:00	4116.23	4131.31	4114.02	4128.36	7406	0	20
2025.11.25	12:00:00	4128.22	4138.63	4127.42	4131.17	6225	0	20
2025.11.25	13:00:00	4131.16	4137.28	4127.70	4133.45	5857	0	20
2025.11.25	14:00:00	4133.40	4138.59	4116.37	4129.81	7617	0	20
2025.11.25	15:00:00	4129.97	4150.76	4129.40	4147.80	9321	0	20
2025.11.25	16:00:00	4147.70	4148.74	4111.05	4125.20	10603	0	20
2025.11.25	17:00:00	4125.39	4133.76	4117.81	4122.99	10455	0	20
2025.11.25	18:00:00	4122.96	4141.39	4122.15	4136.28	8788	0	20
2025.11.25	19:00:00	4136.13	4159.24	4135.99	4146.05	10150	0	20
2025.11.25	20:00:00	4146.08	4150.94	4132.80	4134.47	8008	0	20
2025.11.25	21:00:00	4134.25	4140.32	4128.49	4133.70	7989	0	20
2025.11.25	22:00:00	4134.10	4138.51	4130.57	4132.14	6712	0	20
2025.11.25	23:00:00	4132.24	4132.36	4127.45	4130.93	2547	0	23
2025.11.26	01:00:00	4134.29	4136.89	4129.72	4133.68	2768	0	25
2025.11.26	02:00:00	4133.67	4144.29	4132.64	4142.74	4863	0	22
2025.11.26	03:00:00	4142.76	4152.85	4138.54	4148.28	7043	0	22
2025.11.26	04:00:00	4148.32	4166.51	4147.26	4161.58	8138	0	22
2025.11.26	05:00:00	4161.79	4169.24	4160.27	4166.03	6129	0	22
2025.11.26	06:00:00	4165.85	4167.10	4156.52	4161.92	5002	0	22
2025.11.26	07:00:00	4162.12	4168.65	4160.15	4162.39	6261	0	22
2025.11.26	08:00:00	4162.23	4162.82	4146.76	4150.00	7179	0	22
2025.11.26	09:00:00	4150.00	4161.46	4149.15	4157.41	6132	0	20
2025.11.26	10:00:00	4157.50	4168.54	4154.80	4161.18	7205	0	20
2025.11.26	11:00:00	4160.97	4164.57	4156.51	4162.69	6037	0	20
2025.11.26	12:00:00	4162.74	4165.04	4156.02	4160.01	6367	0	20
2025.11.26	13:00:00	4160.11	4172.84	4157.74	4171.51	6229	0	20
2025.11.26	14:00:00	4171.52	4173.34	4148.58	4155.13	7574	0	20
2025.11.26	15:00:00	4154.22	4166.63	4149.13	4153.26	9192	0	20
2025.11.26	16:00:00	4153.28	4156.85	4140.12	4142.36	10226	0	20
2025.11.26	17:00:00	4142.21	4165.65	4136.85	4165.35	10669	0	20
2025.11.26	18:00:00	4165.48	4168.35	4160.63	4167.05	8512	0	20
2025.11.26	19:00:00	4167.10	4169.80	4165.01	4167.08	6256	0	20
2025.11.26	20:00:00	4167.14	4171.52	4158.10	4164.74	7295	0	20
2025.11.26	21:00:00	4164.75	4169.69	4162.41	4163.21	5948	0	20
2025.11.26	22:00:00	4163.12	4167.39	4161.27	4163.97	7080	0	20
2025.11.26	23:00:00	4163.88	4167.38	4162.18	4164.34	2718	0	23
2025.11.27	01:00:00	4164.67	4168.64	4162.55	4164.57	3100	0	25
2025.11.27	02:00:00	4164.68	4167.07	4161.84	4164.49	3919	0	22
2025.11.27	03:00:00	4164.38	4165.19	4148.72	4154.12	8798	0	22
2025.11.27	04:00:00	4154.16	4156.11	4144.52	4145.25	7044	0	22
2025.11.27	05:00:00	4145.27	4150.54	4144.19	4147.33	5763	0	22
2025.11.27	06:00:00	4147.26	4154.61	4142.57	4150.79	5592	0	22
2025.11.27	07:00:00	4150.77	4154.55	4144.75	4147.08	5755	0	22
2025.11.27	08:00:00	4147.10	4159.16	4146.97	4157.47	7289	0	22
2025.11.27	09:00:00	4157.45	4162.33	4155.47	4160.13	6926	0	20
2025.11.27	10:00:00	4160.16	4167.02	4159.58	4165.78	6698	0	20
2025.11.27	11:00:00	4165.75	4165.86	4148.43	4158.55	7240	0	20
2025.11.27	12:00:00	4158.57	4160.34	4152.41	4156.47	5998	0	20
2025.11.27	13:00:00	4156.47	4162.46	4155.87	4157.25	4920	0	20
2025.11.27	14:00:00	4157.25	4159.13	4153.50	4153.92	3541	0	21
2025.11.27	15:00:00	4153.74	4157.93	4149.11	4154.81	7124	0	21
2025.11.27	16:00:00	4154.84	4160.65	4152.91	4153.25	6174	0	21
2025.11.27	17:00:00	4153.21	4161.62	4153.08	4157.88	4674	0	21
2025.11.27	18:00:00	4157.89	4158.31	4151.41	4156.37	3770	0	21
2025.11.27	19:00:00	4156.57	4159.09	4154.85	4157.68	2103	0	21
2025.11.27	20:00:00	4157.73	4159.87	4155.73	4159.17	1925	0	21
2025.11.27	21:00:00	4159.11	4160.39	4156.65	4157.17	1098	0	20
2025.11.28	01:00:00	4159.35	4163.79	4159.13	4163.31	2024	0	26
2025.11.28	02:00:00	4163.29	4182.76	4162.99	4180.57	5580	0	23
2025.11.28	03:00:00	4180.58	4192.97	4180.58	4191.01	7347	0	23
2025.11.28	04:00:00	4190.98	4191.94	4185.86	4189.23	4997	0	23
2025.11.28	05:00:00	4189.25	4191.84	4179.36	4184.11	2003	0	20
2025.11.28	06:00:00	4184.11	4188.69	4178.52	4188.58	2567	0	20
2025.11.28	07:00:00	4187.01	4188.66	4131.78	4182.40	2775	0	20
2025.11.28	08:00:00	4181.86	4188.93	4181.68	4187.53	2365	0	20
2025.11.28	09:00:00	4187.52	4187.80	4172.99	4174.76	1562	0	20
2025.11.28	10:00:00	4174.52	4179.29	4129.31	4166.48	2633	0	20
2025.11.28	11:00:00	4166.23	4167.44	4160.33	4165.71	1159	0	193
2025.11.28	12:00:00	4165.73	4177.64	4160.17	4163.15	2583	0	21
2025.11.28	13:00:00	4163.01	4179.65	4162.31	4171.45	4288	0	21
2025.11.28	14:00:00	4170.65	4176.81	4167.77	4175.59	1698	0	23
2025.11.28	15:00:00	4175.58	4182.93	4168.29	4182.53	3211	0	21
2025.11.28	16:00:00	4182.64	4209.06	4182.64	4198.23	12208	0	21
2025.11.28	17:00:00	4198.17	4203.86	4185.70	4203.64	11374	0	21
2025.11.28	18:00:00	4203.62	4210.71	4197.69	4206.18	10195	0	21
2025.11.28	19:00:00	4206.20	4216.95	4204.38	4216.83	9942	0	21
2025.11.28	20:00:00	4216.88	4226.75	4211.01	4220.29	8818	0	21
2025.11.28	21:00:00	4220.28	4221.73	4216.16	4219.29	4913	0	21
2025.12.01	01:00:00	4225.62	4226.11	4205.48	4222.07	7659	0	26
2025.12.01	02:00:00	4221.85	4233.59	4218.15	4230.88	8195	0	23
2025.12.01	03:00:00	4230.85	4256.09	4219.90	4255.58	11270	0	23
2025.12.01	04:00:00	4255.51	4256.33	4234.45	4242.84	10030	0	23
2025.12.01	05:00:00	4242.82	4243.84	4232.54	4239.23	8375	0	23
2025.12.01	06:00:00	4239.18	4246.90	4236.42	4245.55	6303	0	23
2025.12.01	07:00:00	4245.56	4246.60	4215.31	4229.52	9340	0	23
2025.12.01	08:00:00	4229.53	4240.45	4226.25	4236.85	8492	0	23
2025.12.01	09:00:00	4237.01	4246.53	4231.62	4245.36	7760	0	21
2025.12.01	10:00:00	4246.39	4253.48	4238.43	4244.65	8387	0	21
2025.12.01	11:00:00	4244.94	4251.72	4243.64	4249.95	7541	0	21
2025.12.01	12:00:00	4249.97	4262.32	4249.12	4255.59	7661	0	21
2025.12.01	13:00:00	4255.70	4258.38	4248.15	4254.48	7197	0	21
2025.12.01	14:00:00	4254.41	4256.50	4244.10	4246.42	8355	0	21
2025.12.01	15:00:00	4246.33	4264.46	4245.57	4247.38	10052	0	21
2025.12.01	16:00:00	4247.32	4249.22	4219.42	4239.84	11759	0	21
2025.12.01	17:00:00	4240.14	4244.94	4219.62	4232.35	12299	0	21
2025.12.01	18:00:00	4232.38	4242.29	4225.15	4225.89	11992	0	21
2025.12.01	19:00:00	4226.02	4239.90	4223.07	4232.28	10448	0	21
2025.12.01	20:00:00	4232.52	4244.60	4232.45	4240.21	9121	0	21
2025.12.01	21:00:00	4240.27	4243.64	4229.25	4236.90	8780	0	21
2025.12.01	22:00:00	4236.85	4241.40	4234.38	4237.37	7334	0	21
2025.12.01	23:00:00	4237.25	4240.45	4232.45	4232.46	3304	0	24
2025.12.02	01:00:00	4231.41	4235.83	4224.37	4227.55	4490	0	26
2025.12.02	02:00:00	4227.58	4229.61	4221.46	4226.70	6221	0	23
2025.12.02	03:00:00	4226.75	4226.89	4198.05	4219.39	10558	0	23
2025.12.02	04:00:00	4219.42	4224.39	4214.44	4221.45	7559	0	23
2025.12.02	05:00:00	4221.54	4226.06	4215.70	4216.66	6935	0	23
2025.12.02	06:00:00	4216.72	4220.58	4213.80	4218.72	4659	0	23
2025.12.02	07:00:00	4218.70	4225.30	4215.21	4225.04	6058	0	23
2025.12.02	08:00:00	4224.99	4226.22	4203.32	4212.77	7804	0	23
2025.12.02	09:00:00	4212.66	4219.23	4209.56	4213.24	5533	0	21
2025.12.02	10:00:00	4213.34	4217.11	4207.07	4210.20	6421	0	21
2025.12.02	11:00:00	4209.82	4213.00	4181.10	4191.92	8416	0	21
2025.12.02	12:00:00	4191.88	4192.23	4182.31	4185.62	6991	0	21
2025.12.02	13:00:00	4185.66	4205.88	4184.76	4205.20	6489	0	21
2025.12.02	14:00:00	4205.30	4209.48	4201.00	4208.53	5669	0	21
2025.12.02	15:00:00	4208.69	4215.22	4202.06	4212.45	9155	0	21
2025.12.02	16:00:00	4212.39	4230.52	4212.29	4219.12	12043	0	21
2025.12.02	17:00:00	4218.97	4219.67	4163.52	4169.19	12841	0	21
2025.12.02	18:00:00	4169.22	4190.16	4166.94	4184.65	11369	0	21
2025.12.02	19:00:00	4184.71	4196.78	4184.52	4193.77	8494	0	21
2025.12.02	20:00:00	4193.79	4196.82	4183.11	4190.81	8724	0	21
2025.12.02	21:00:00	4191.05	4200.44	4191.04	4196.54	7223	0	21
2025.12.02	22:00:00	4196.51	4212.24	4194.89	4210.16	6923	0	21
2025.12.02	23:00:00	4209.94	4211.70	4207.67	4207.94	2828	0	24
2025.12.03	01:00:00	4202.81	4216.06	4202.79	4212.70	4388	0	26
2025.12.03	02:00:00	4212.70	4212.85	4204.56	4211.75	6724	0	23
2025.12.03	03:00:00	4212.80	4221.10	4211.50	4214.30	9545	0	23
2025.12.03	04:00:00	4214.34	4228.70	4214.20	4226.57	7910	0	23
2025.12.03	05:00:00	4226.58	4227.43	4220.10	4221.05	6665	0	23
2025.12.03	06:00:00	4221.03	4225.10	4217.19	4222.25	4881	0	23
2025.12.03	07:00:00	4222.24	4223.90	4203.40	4207.79	8321	0	23
2025.12.03	08:00:00	4207.70	4211.70	4204.80	4208.11	7892	0	23
2025.12.03	09:00:00	4208.10	4210.25	4200.17	4206.33	6781	0	21
2025.12.03	10:00:00	4206.57	4210.10	4203.72	4206.31	7253	0	21
2025.12.03	11:00:00	4206.36	4207.53	4197.07	4202.12	6730	0	21
2025.12.03	12:00:00	4202.12	4204.81	4194.55	4200.54	7586	0	21
2025.12.03	13:00:00	4200.61	4209.12	4196.96	4208.65	6239	0	21
2025.12.03	14:00:00	4208.64	4214.29	4205.18	4213.40	7294	0	21
2025.12.03	15:00:00	4213.48	4238.49	4211.24	4237.20	10335	0	21
2025.12.03	16:00:00	4237.19	4241.52	4205.15	4212.66	12550	0	21
2025.12.03	17:00:00	4212.62	4229.32	4205.97	4216.25	11547	0	21
2025.12.03	18:00:00	4216.33	4225.06	4195.74	4200.85	10777	0	21
2025.12.03	19:00:00	4200.73	4215.24	4200.22	4211.11	9120	0	21
2025.12.03	20:00:00	4211.05	4211.44	4195.19	4196.88	8730	0	21
2025.12.03	21:00:00	4196.95	4209.91	4196.89	4207.85	6773	0	21
2025.12.03	22:00:00	4207.82	4212.64	4203.71	4206.18	6620	0	21
2025.12.03	23:00:00	4206.19	4209.99	4205.94	4206.04	2881	0	24
2025.12.04	01:00:00	4206.70	4208.87	4202.50	4207.29	3357	0	26
2025.12.04	02:00:00	4207.31	4215.60	4204.41	4211.71	5180	0	23
2025.12.04	03:00:00	4211.62	4216.68	4205.77	4209.18	9175	0	23
2025.12.04	04:00:00	4209.17	4209.17	4198.86	4200.44	8007	0	23
2025.12.04	05:00:00	4200.55	4201.52	4187.43	4195.69	7742	0	23
2025.12.04	06:00:00	4195.66	4198.98	4192.70	4196.85	5792	0	23
2025.12.04	07:00:00	4196.77	4198.97	4174.99	4181.08	8549	0	23
2025.12.04	08:00:00	4181.11	4190.19	4178.65	4190.09	9514	0	23
2025.12.04	09:00:00	4190.08	4194.97	4186.57	4193.65	7196	0	21
2025.12.04	10:00:00	4193.67	4196.29	4184.82	4184.84	8679	0	21
2025.12.04	11:00:00	4184.86	4202.18	4183.49	4199.88	7931	0	21
2025.12.04	12:00:00	4199.93	4202.54	4196.62	4197.31	6081	0	24
2025.12.04	13:00:00	4197.29	4206.38	4197.16	4198.56	5716	0	22
2025.12.04	14:00:00	4198.45	4201.74	4188.61	4190.50	6882	0	22
2025.12.04	15:00:00	4190.51	4198.34	4185.72	4198.23	10017	0	22
2025.12.04	16:00:00	4198.18	4213.27	4193.60	4201.29	11361	0	22
2025.12.04	17:00:00	4201.31	4210.14	4191.35	4207.45	11436	0	22
2025.12.04	18:00:00	4207.42	4219.65	4206.59	4215.67	9765	0	22
2025.12.04	19:00:00	4215.71	4217.58	4208.79	4216.48	7638	0	22
2025.12.04	20:00:00	4216.34	4217.35	4207.29	4207.91	7805	0	22
2025.12.04	21:00:00	4207.94	4210.05	4199.56	4208.94	7745	0	22
2025.12.04	22:00:00	4208.75	4210.27	4205.41	4209.85	6178	0	22
2025.12.04	23:00:00	4209.82	4210.06	4207.81	4208.59	1909	0	25
2025.12.05	01:00:00	4208.90	4209.26	4203.78	4205.91	3145	0	27
2025.12.05	02:00:00	4205.98	4210.35	4201.27	4201.79	4594	0	24
2025.12.05	03:00:00	4201.72	4204.32	4194.75	4202.95	8358	0	24
2025.12.05	04:00:00	4203.05	4208.30	4196.70	4207.21	6777	0	24
2025.12.05	05:00:00	4207.27	4210.85	4201.77	4209.45	6020	0	24
2025.12.05	06:00:00	4209.29	4217.29	4207.93	4216.70	5320	0	24
2025.12.05	07:00:00	4216.68	4221.14	4214.30	4220.27	6719	0	24
2025.12.05	08:00:00	4220.28	4229.08	4218.50	4224.37	7850	0	24
2025.12.05	09:00:00	4224.48	4230.65	4222.52	4224.40	5793	0	22
2025.12.05	10:00:00	4224.54	4227.02	4220.53	4220.56	6492	0	22
2025.12.05	11:00:00	4220.29	4225.00	4215.92	4223.31	5816	0	22
2025.12.05	12:00:00	4223.31	4227.49	4222.45	4222.77	4043	0	22
2025.12.05	13:00:00	4222.72	4225.69	4219.94	4223.53	4139	0	22
2025.12.05	14:00:00	4223.54	4229.62	4222.92	4228.70	6473	0	22
2025.12.05	15:00:00	4228.68	4238.84	4221.56	4234.50	9947	0	22
2025.12.05	16:00:00	4234.48	4245.47	4228.37	4241.89	12618	0	22
2025.12.05	17:00:00	4242.10	4259.21	4234.13	4243.61	13390	0	22
2025.12.05	18:00:00	4243.76	4245.68	4198.67	4214.25	14487	0	23
2025.12.05	19:00:00	4214.07	4219.63	4206.46	4217.56	10244	0	23
2025.12.05	20:00:00	4217.54	4219.14	4206.66	4208.77	9250	0	22
2025.12.05	21:00:00	4208.75	4210.74	4202.26	4207.59	7754	0	22
2025.12.05	22:00:00	4207.70	4207.73	4199.36	4202.04	8798	0	22
2025.12.05	23:00:00	4202.03	4202.43	4191.95	4196.86	4555	0	23
2025.12.08	01:00:00	4203.18	4204.94	4195.23	4201.36	2359	0	27
2025.12.08	02:00:00	4201.70	4211.52	4199.34	4210.61	6329	0	24
2025.12.08	03:00:00	4210.60	4211.64	4197.44	4201.08	11796	0	24
2025.12.08	04:00:00	4201.07	4212.38	4198.44	4208.40	9041	0	24
2025.12.08	05:00:00	4208.43	4213.00	4206.63	4210.00	6258	0	24
2025.12.08	06:00:00	4210.07	4213.10	4206.91	4208.39	3206	0	24
2025.12.08	07:00:00	4208.40	4217.04	4204.51	4217.02	6156	0	24
2025.12.08	08:00:00	4216.96	4218.84	4212.12	4216.94	7399	0	24
2025.12.08	09:00:00	4217.15	4217.35	4206.30	4206.85	7075	0	22
2025.12.08	10:00:00	4207.18	4216.51	4203.08	4209.66	7317	0	22
2025.12.08	11:00:00	4209.20	4212.67	4204.22	4207.96	6724	0	22
2025.12.08	12:00:00	4207.95	4210.33	4201.08	4203.52	5413	0	22
2025.12.08	13:00:00	4203.51	4214.13	4199.61	4208.51	6235	0	22
2025.12.08	14:00:00	4208.56	4215.38	4208.42	4213.73	5822	0	22
2025.12.08	15:00:00	4213.75	4214.61	4197.85	4201.56	11450	0	22
2025.12.08	16:00:00	4201.61	4211.47	4195.46	4196.39	12468	0	22
2025.12.08	17:00:00	4196.52	4196.66	4176.00	4182.91	13259	0	22
2025.12.08	18:00:00	4182.83	4197.87	4176.84	4191.51	10799	0	22
2025.12.08	19:00:00	4191.46	4195.52	4185.53	4194.85	8595	0	23
2025.12.08	20:00:00	4194.84	4195.61	4184.40	4187.09	8132	0	22
2025.12.08	21:00:00	4187.01	4188.81	4184.10	4186.97	6849	0	22
2025.12.08	22:00:00	4187.01	4195.43	4184.90	4191.51	7174	0	22
2025.12.08	23:00:00	4191.53	4193.22	4188.21	4188.88	1786	0	25
2025.12.09	01:00:00	4191.81	4195.22	4190.67	4194.62	2309	0	27
2025.12.09	02:00:00	4194.57	4195.55	4189.89	4190.30	3377	0	24
2025.12.09	03:00:00	4190.29	4197.24	4188.80	4196.19	7789	0	24
2025.12.09	04:00:00	4196.09	4197.14	4185.92	4189.88	7084	0	24
2025.12.09	05:00:00	4189.83	4198.78	4189.83	4194.41	6268	0	24
2025.12.09	06:00:00	4194.40	4195.59	4184.64	4186.85	5608	0	24
2025.12.09	07:00:00	4186.83	4187.30	4178.06	4179.82	8159	0	24
2025.12.09	08:00:00	4179.88	4183.97	4169.92	4181.96	8950	0	24
2025.12.09	09:00:00	4181.98	4185.71	4175.90	4182.40	8167	0	22
2025.12.09	10:00:00	4182.33	4191.75	4182.33	4191.67	7365	0	22
2025.12.09	11:00:00	4191.70	4212.73	4190.80	4203.06	10401	0	22
2025.12.09	12:00:00	4202.88	4208.30	4201.25	4203.88	7365	0	22
2025.12.09	13:00:00	4203.90	4206.43	4201.11	4203.03	5280	0	22
2025.12.09	14:00:00	4203.02	4207.48	4198.46	4204.23	5708	0	22
2025.12.09	15:00:00	4204.26	4208.19	4195.64	4201.35	10813	0	22
2025.12.09	16:00:00	4201.33	4210.35	4189.49	4204.48	12711	0	21
2025.12.09	17:00:00	4204.21	4216.28	4189.94	4212.55	14078	0	21
2025.12.09	18:00:00	4212.53	4221.32	4210.14	4212.26	12920	0	21
2025.12.09	19:00:00	4212.24	4216.21	4201.55	4203.05	10669	0	21
2025.12.09	20:00:00	4202.92	4209.66	4201.30	4208.97	8361	0	21
2025.12.09	21:00:00	4208.96	4214.35	4207.11	4212.51	7176	0	21
2025.12.09	22:00:00	4212.48	4216.01	4208.99	4212.11	8124	0	21
2025.12.09	23:00:00	4212.07	4212.87	4208.38	4209.39	4065	0	24
2025.12.10	01:00:00	4208.78	4212.84	4207.81	4210.81	2491	0	26
2025.12.10	02:00:00	4210.78	4212.55	4207.00	4208.36	3773	0	23
2025.12.10	03:00:00	4208.26	4217.95	4206.87	4213.81	9012	0	23
2025.12.10	04:00:00	4213.67	4218.73	4211.56	4217.08	6277	0	23
2025.12.10	05:00:00	4217.01	4217.13	4203.59	4206.32	5948	0	23
2025.12.10	06:00:00	4206.30	4209.54	4205.41	4206.98	3488	0	23
2025.12.10	07:00:00	4206.80	4214.38	4201.77	4211.28	5979	0	23
2025.12.10	08:00:00	4211.21	4211.70	4203.08	4207.37	7318	0	23
2025.12.10	09:00:00	4207.36	4209.19	4203.14	4203.24	4828	0	21
2025.12.10	10:00:00	4203.20	4206.47	4197.02	4197.92	6997	0	21
2025.12.10	11:00:00	4197.90	4200.48	4192.55	4194.18	7139	0	21
2025.12.10	12:00:00	4194.16	4196.29	4187.72	4193.22	6910	0	21
2025.12.10	13:00:00	4193.27	4197.71	4192.55	4197.19	5316	0	21
2025.12.10	14:00:00	4197.24	4202.11	4195.30	4196.21	5586	0	21
2025.12.10	15:00:00	4196.26	4205.02	4193.01	4200.64	10080	0	21
2025.12.10	16:00:00	4200.69	4206.95	4191.47	4192.49	11759	0	21
2025.12.10	17:00:00	4192.53	4201.18	4188.83	4193.65	11689	0	21
2025.12.10	18:00:00	4193.70	4205.00	4192.96	4204.72	9452	0	21
2025.12.10	19:00:00	4204.67	4204.73	4196.92	4199.74	7713	0	21
2025.12.10	20:00:00	4199.79	4200.79	4191.98	4194.53	6994	0	21
2025.12.10	21:00:00	4194.52	4219.76	4181.87	4216.62	15889	0	26
2025.12.10	22:00:00	4216.56	4238.71	4211.11	4229.88	14273	0	25
2025.12.10	23:00:00	4229.67	4232.42	4221.10	4228.33	4715	0	26
2025.12.11	01:00:00	4227.95	4233.99	4223.92	4232.35	3264	0	32
2025.12.11	02:00:00	4232.32	4245.13	4231.29	4236.99	6871	0	23
2025.12.11	03:00:00	4236.98	4247.61	4232.94	4238.26	10561	0	23
2025.12.11	04:00:00	4238.27	4240.70	4220.51	4222.26	9174	0	23
2025.12.11	05:00:00	4221.77	4224.91	4209.20	4216.64	9067	0	23
2025.12.11	06:00:00	4216.64	4218.26	4208.42	4213.49	6073	0	23
2025.12.11	07:00:00	4213.46	4216.26	4206.05	4207.48	6730	0	23
2025.12.11	08:00:00	4207.50	4215.35	4204.20	4214.43	7710	0	23
2025.12.11	09:00:00	4214.44	4218.37	4210.56	4215.94	6073	0	21
2025.12.11	10:00:00	4216.02	4219.57	4212.79	4216.49	6746	0	21
2025.12.11	11:00:00	4216.54	4221.37	4210.50	4218.43	6014	0	21
2025.12.11	12:00:00	4218.63	4225.90	4211.63	4216.90	6726	0	21
2025.12.11	13:00:00	4216.93	4218.94	4209.59	4211.29	5139	0	21
2025.12.11	14:00:00	4211.23	4220.48	4208.66	4220.47	6671	0	21
2025.12.11	15:00:00	4220.67	4223.34	4205.17	4220.95	11050	0	21
2025.12.11	16:00:00	4221.03	4244.37	4217.94	4230.02	13269	0	21
2025.12.11	17:00:00	4230.04	4261.47	4226.19	4255.94	14171	0	21
2025.12.11	18:00:00	4256.03	4278.88	4250.02	4273.60	13185	0	21
2025.12.11	19:00:00	4273.61	4281.75	4272.17	4278.68	11394	0	21
2025.12.11	20:00:00	4278.67	4285.90	4266.65	4268.14	9556	0	21
2025.12.11	21:00:00	4268.12	4277.56	4262.99	4273.47	8890	0	21
2025.12.11	22:00:00	4273.56	4276.32	4264.22	4276.19	9440	0	21
2025.12.11	23:00:00	4276.16	4282.98	4272.51	4282.98	3064	0	25
2025.12.12	01:00:00	4282.67	4282.81	4272.64	4276.22	3609	0	29
2025.12.12	02:00:00	4276.16	4280.10	4268.81	4269.36	5211	0	23
2025.12.12	03:00:00	4269.46	4276.20	4264.53	4271.01	10525	0	23
2025.12.12	04:00:00	4270.90	4276.83	4269.35	4270.37	8072	0	23
2025.12.12	05:00:00	4270.36	4274.62	4268.74	4270.56	5523	0	23
2025.12.12	06:00:00	4270.55	4271.00	4266.20	4266.38	4849	0	23
2025.12.12	07:00:00	4266.40	4280.48	4266.07	4278.93	7035	0	23
2025.12.12	08:00:00	4278.90	4283.22	4276.57	4282.79	6187	0	23
2025.12.12	09:00:00	4282.73	4290.31	4281.53	4287.07	6146	0	21
2025.12.12	10:00:00	4287.02	4309.36	4286.94	4308.03	8574	0	21
2025.12.12	11:00:00	4308.05	4320.27	4306.91	4318.25	9487	0	21
2025.12.12	12:00:00	4318.40	4330.89	4314.72	4329.82	8610	0	21
2025.12.12	13:00:00	4329.94	4339.23	4326.89	4336.34	8512	0	21
2025.12.12	14:00:00	4336.26	4339.09	4324.84	4325.83	8710	0	21
2025.12.12	15:00:00	4325.76	4346.04	4321.33	4341.00	11952	0	21
2025.12.12	16:00:00	4340.98	4353.60	4330.86	4347.04	13808	0	21
2025.12.12	17:00:00	4347.09	4351.45	4283.05	4290.35	16582	0	21
2025.12.12	18:00:00	4290.27	4296.41	4257.76	4281.89	16622	0	21
2025.12.12	19:00:00	4281.82	4298.32	4271.03	4294.21	13624	0	22
2025.12.12	20:00:00	4294.22	4303.52	4290.51	4294.83	11425	0	21
2025.12.12	21:00:00	4294.88	4299.74	4289.83	4296.50	9461	0	21
2025.12.12	22:00:00	4296.55	4302.95	4288.50	4299.38	9591	0	24
2025.12.12	23:00:00	4299.36	4304.12	4298.18	4302.74	3520	0	24
2025.12.15	01:00:00	4303.29	4308.24	4301.46	4302.34	4159	0	31
2025.12.15	02:00:00	4302.24	4308.02	4300.08	4307.46	4883	0	23
2025.12.15	03:00:00	4307.43	4325.61	4305.63	4322.48	10001	0	23
2025.12.15	04:00:00	4322.43	4329.14	4320.91	4326.42	8083	0	23
2025.12.15	05:00:00	4326.30	4329.64	4319.34	4327.06	7959	0	23
2025.12.15	06:00:00	4326.98	4330.05	4322.83	4326.02	5636	0	23
2025.12.15	07:00:00	4326.11	4344.33	4324.81	4343.59	7791	0	23
2025.12.15	08:00:00	4343.54	4347.29	4339.67	4343.51	8139	0	23
2025.12.15	09:00:00	4342.88	4344.69	4333.53	4339.18	6947	0	21
2025.12.15	10:00:00	4339.19	4348.93	4338.84	4347.21	7102	0	21
2025.12.15	11:00:00	4346.96	4350.22	4342.31	4342.54	7185	0	21
2025.12.15	12:00:00	4342.50	4348.22	4337.75	4339.63	5887	0	21
2025.12.15	13:00:00	4339.62	4343.62	4335.36	4342.72	5155	0	21
2025.12.15	14:00:00	4342.74	4348.21	4342.68	4345.67	6197	0	21
2025.12.15	15:00:00	4345.96	4346.22	4330.88	4332.13	11261	0	21
2025.12.15	16:00:00	4331.84	4336.61	4317.76	4323.84	13784	0	21
2025.12.15	17:00:00	4323.63	4327.81	4311.71	4318.14	14692	0	21
2025.12.15	18:00:00	4318.11	4318.71	4285.22	4297.49	14786	0	21
2025.12.15	19:00:00	4297.50	4306.47	4290.67	4304.42	11536	0	21
2025.12.15	20:00:00	4304.25	4313.60	4300.00	4313.09	9639	0	21
2025.12.15	21:00:00	4313.10	4317.73	4307.86	4314.10	8967	0	21
2025.12.15	22:00:00	4314.14	4314.37	4299.41	4304.34	8854	0	21
2025.12.15	23:00:00	4304.32	4305.52	4300.61	4302.43	2676	0	24
2025.12.16	01:00:00	4307.19	4309.69	4303.22	4304.04	2975	0	29
2025.12.16	02:00:00	4304.19	4313.20	4302.73	4307.75	5836	0	23
2025.12.16	03:00:00	4308.01	4317.73	4299.05	4308.74	10264	0	23
2025.12.16	04:00:00	4308.74	4312.15	4286.58	4289.67	9386	0	23
2025.12.16	05:00:00	4289.72	4294.42	4280.71	4290.89	10445	0	23
2025.12.16	06:00:00	4290.87	4292.23	4286.60	4289.01	4929	0	23
2025.12.16	07:00:00	4289.00	4292.15	4271.33	4284.09	8965	0	23
2025.12.16	08:00:00	4284.13	4292.10	4282.57	4289.22	7812	0	23
2025.12.16	09:00:00	4289.24	4289.87	4279.73	4287.61	6505	0	21
2025.12.16	10:00:00	4287.40	4289.25	4275.48	4284.64	7038	0	21
2025.12.16	11:00:00	4285.50	4285.89	4276.40	4280.36	6042	0	21
2025.12.16	12:00:00	4280.40	4284.23	4274.81	4277.23	6231	0	21
2025.12.16	13:00:00	4277.21	4279.50	4273.76	4278.40	5596	0	21
2025.12.16	14:00:00	4278.48	4294.82	4276.67	4294.44	8190	0	21
2025.12.16	15:00:00	4294.42	4313.21	4290.82	4313.01	12368	0	21
2025.12.16	16:00:00	4313.00	4332.09	4311.34	4324.51	14044	0	21
2025.12.16	17:00:00	4324.72	4334.98	4312.40	4319.67	14622	0	21
2025.12.16	18:00:00	4319.64	4323.11	4291.19	4300.51	13159	0	21
2025.12.16	19:00:00	4300.55	4310.78	4300.12	4303.56	10232	0	21
2025.12.16	20:00:00	4303.16	4313.49	4298.15	4311.26	10358	0	21
2025.12.16	21:00:00	4311.25	4315.87	4297.13	4310.63	9656	0	21
2025.12.16	22:00:00	4310.30	4314.42	4302.74	4304.67	7103	0	26
2025.12.16	23:00:00	4304.64	4305.42	4300.72	4303.65	2213	0	24
2025.12.17	01:00:00	4303.64	4309.00	4302.57	4307.75	2220	0	26
2025.12.17	02:00:00	4307.74	4314.98	4307.43	4313.15	3563	0	23
2025.12.17	03:00:00	4313.19	4326.65	4311.35	4326.57	11449	0	23
2025.12.17	04:00:00	4326.59	4327.67	4311.21	4314.16	9774	0	23
2025.12.17	05:00:00	4314.20	4325.09	4312.60	4323.71	8806	0	23
2025.12.17	06:00:00	4323.75	4331.46	4320.64	4329.55	5772	0	23
2025.12.17	07:00:00	4329.58	4342.28	4328.04	4333.89	9335	0	23
2025.12.17	08:00:00	4333.95	4337.69	4324.80	4328.62	7959	0	23
2025.12.17	09:00:00	4328.61	4328.70	4315.52	4317.93	7905	0	21
2025.12.17	10:00:00	4317.87	4320.85	4308.47	4319.12	8439	0	21
2025.12.17	11:00:00	4319.03	4323.20	4315.79	4316.89	6131	0	21
2025.12.17	12:00:00	4316.85	4322.24	4304.23	4317.61	6160	0	21
2025.12.17	13:00:00	4317.65	4320.49	4315.15	4316.34	5160	0	21
2025.12.17	14:00:00	4316.48	4323.11	4314.95	4317.48	6304	0	21
2025.12.17	15:00:00	4317.54	4344.06	4315.04	4342.05	11764	0	21
2025.12.17	16:00:00	4342.18	4345.99	4322.94	4338.30	15263	0	21
2025.12.17	17:00:00	4338.31	4348.86	4324.31	4330.17	15191	0	21
2025.12.17	18:00:00	4330.40	4337.53	4320.34	4333.54	14025	0	21
2025.12.17	19:00:00	4333.48	4342.34	4328.43	4342.34	12027	0	21
2025.12.17	20:00:00	4342.39	4346.36	4328.93	4336.04	11764	0	21
2025.12.17	21:00:00	4336.07	4340.95	4330.26	4337.03	8128	0	21
2025.12.17	22:00:00	4337.00	4345.92	4335.17	4341.28	8194	0	21
2025.12.17	23:00:00	4341.31	4346.11	4339.76	4340.88	2977	0	24
2025.12.18	01:00:00	4339.04	4342.82	4335.66	4339.12	3660	0	26
2025.12.18	02:00:00	4339.13	4342.84	4333.02	4334.68	6081	0	23
2025.12.18	03:00:00	4334.67	4336.95	4324.52	4331.46	10372	0	23
2025.12.18	04:00:00	4331.48	4337.61	4329.76	4333.17	8063	0	23
2025.12.18	05:00:00	4332.85	4336.59	4330.87	4333.00	7722	0	23
2025.12.18	06:00:00	4333.11	4333.48	4328.61	4331.84	5109	0	23
2025.12.18	07:00:00	4331.85	4337.42	4331.02	4333.11	7127	0	23
2025.12.18	08:00:00	4333.20	4336.05	4330.67	4333.94	6794	0	23
2025.12.18	09:00:00	4333.90	4337.64	4329.99	4331.49	5474	0	21
2025.12.18	10:00:00	4331.43	4332.46	4321.94	4326.51	6931	0	21
2025.12.18	11:00:00	4326.18	4328.57	4320.80	4323.35	6833	0	21
2025.12.18	12:00:00	4323.31	4327.51	4322.00	4325.29	5410	0	21
2025.12.18	13:00:00	4325.38	4328.60	4324.32	4325.51	4299	0	21
2025.12.18	14:00:00	4325.52	4326.50	4317.24	4320.79	6430	0	21
2025.12.18	15:00:00	4320.05	4342.93	4314.46	4336.55	12506	0	21
2025.12.18	16:00:00	4336.45	4341.40	4308.80	4328.47	14761	0	21
2025.12.18	17:00:00	4328.50	4341.48	4325.05	4338.14	14531	0	21
2025.12.18	18:00:00	4338.01	4374.58	4337.84	4360.34	13899	0	21
2025.12.18	19:00:00	4360.30	4363.49	4322.00	4333.18	14218	0	21
2025.12.18	20:00:00	4333.30	4341.23	4325.71	4331.69	10933	0	21
2025.12.18	21:00:00	4331.62	4334.55	4322.89	4324.96	10604	0	21
2025.12.18	22:00:00	4324.97	4338.28	4324.47	4334.92	9304	0	21
2025.12.18	23:00:00	4334.89	4334.89	4328.58	4332.13	2469	0	24
2025.12.19	01:00:00	4335.61	4336.76	4333.61	4335.16	2359	0	26
2025.12.19	02:00:00	4335.13	4335.63	4325.63	4325.95	4256	0	23
2025.12.19	03:00:00	4325.96	4328.32	4309.22	4323.31	10564	0	23
2025.12.19	04:00:00	4323.34	4327.96	4314.01	4316.64	6858	0	23
2025.12.19	05:00:00	4316.60	4322.38	4312.61	4317.98	6632	0	23
2025.12.19	06:00:00	4317.99	4322.99	4316.94	4322.78	4695	0	23
2025.12.19	07:00:00	4322.94	4328.93	4317.64	4325.89	6778	0	23
2025.12.19	08:00:00	4325.92	4329.40	4321.63	4326.39	7790	0	23
2025.12.19	09:00:00	4326.31	4329.63	4321.76	4322.69	6335	0	21
2025.12.19	10:00:00	4322.66	4330.96	4321.07	4325.91	6127	0	21
2025.12.19	11:00:00	4325.89	4333.58	4324.41	4329.45	5815	0	21
2025.12.19	12:00:00	4329.32	4331.73	4322.41	4327.85	6277	0	21
2025.12.19	13:00:00	4327.86	4329.46	4325.17	4327.23	6024	0	21
2025.12.19	14:00:00	4327.22	4328.74	4320.59	4326.80	7251	0	21
2025.12.19	15:00:00	4326.79	4335.30	4326.02	4328.35	10367	0	21
2025.12.19	16:00:00	4328.33	4337.92	4319.70	4332.62	13130	0	21
2025.12.19	17:00:00	4332.64	4349.08	4332.18	4347.86	13516	0	21
2025.12.19	18:00:00	4348.18	4354.78	4342.01	4349.78	11809	0	21
2025.12.19	19:00:00	4349.76	4355.92	4346.96	4353.43	9245	0	21
2025.12.19	20:00:00	4353.36	4356.48	4343.20	4348.65	9010	0	21
2025.12.19	21:00:00	4348.31	4350.60	4345.12	4345.26	5997	0	21
2025.12.19	22:00:00	4345.24	4346.30	4336.82	4339.48	7506	0	21
2025.12.19	23:00:00	4339.50	4340.13	4336.65	4338.60	2271	0	24
2025.12.22	01:00:00	4340.69	4356.04	4339.69	4355.00	4440	0	26
2025.12.22	02:00:00	4355.06	4366.15	4355.06	4364.84	5660	0	23
2025.12.22	03:00:00	4364.94	4384.83	4361.18	4382.90	10314	0	23
2025.12.22	04:00:00	4382.78	4388.60	4378.51	4385.89	7793	0	23
2025.12.22	05:00:00	4385.95	4394.84	4384.16	4392.57	5670	0	23
2025.12.22	06:00:00	4392.61	4400.79	4391.35	4398.40	4555	0	23
2025.12.22	07:00:00	4397.98	4409.41	4396.81	4399.98	8213	0	23
2025.12.22	08:00:00	4400.02	4419.72	4398.75	4419.17	8122	0	23
2025.12.22	09:00:00	4419.20	4420.15	4410.60	4414.41	5931	0	21
2025.12.22	10:00:00	4414.12	4414.92	4406.25	4408.31	6243	0	21
2025.12.22	11:00:00	4408.32	4414.78	4408.11	4411.02	4133	0	21
2025.12.22	12:00:00	4410.83	4415.86	4406.12	4408.58	4418	0	21
2025.12.22	13:00:00	4408.64	4411.76	4406.09	4410.31	5148	0	21
2025.12.22	14:00:00	4410.23	4415.88	4406.17	4415.56	6212	0	21
2025.12.22	15:00:00	4415.64	4427.24	4413.17	4423.68	10289	0	21
2025.12.22	16:00:00	4424.09	4428.99	4414.72	4419.16	11307	0	21
2025.12.22	17:00:00	4419.21	4435.47	4412.06	4431.74	12033	0	21
2025.12.22	18:00:00	4431.69	4442.11	4428.14	4438.75	10134	0	21
2025.12.22	19:00:00	4438.75	4441.93	4431.99	4438.45	7292	0	21
2025.12.22	20:00:00	4438.51	4438.97	4429.47	4435.18	6246	0	21
2025.12.22	21:00:00	4435.19	4435.82	4428.82	4433.50	5092	0	21
2025.12.22	22:00:00	4433.45	4439.16	4431.81	4438.59	5892	0	21
2025.12.22	23:00:00	4438.66	4449.15	4438.54	4445.53	3700	0	24
2025.12.23	01:00:00	4449.47	4461.58	4449.11	4460.07	4707	0	26
2025.12.23	02:00:00	4460.01	4470.49	4458.04	4470.45	5146	0	23
2025.12.23	03:00:00	4470.44	4490.62	4469.56	4486.68	11412	0	23
2025.12.23	04:00:00	4486.67	4497.78	4481.15	4493.40	8269	0	23
2025.12.23	05:00:00	4493.37	4496.49	4482.87	4486.85	9249	0	23
2025.12.23	06:00:00	4486.93	4488.40	4478.79	4482.50	5991	0	23
2025.12.23	07:00:00	4482.48	4485.47	4474.84	4475.20	8899	0	23
2025.12.23	08:00:00	4475.21	4481.47	4469.45	4481.42	7784	0	23
2025.12.23	09:00:00	4481.41	4489.57	4478.37	4486.55	6332	0	21
2025.12.23	10:00:00	4486.67	4493.23	4484.69	4489.88	6860	0	21
2025.12.23	11:00:00	4489.90	4491.11	4478.23	4480.41	7059	0	21
2025.12.23	12:00:00	4480.43	4487.49	4479.56	4484.20	6118	0	21
2025.12.23	13:00:00	4484.28	4494.14	4483.07	4493.53	5737	0	21
2025.12.23	14:00:00	4493.51	4493.62	4483.38	4486.53	6385	0	21
2025.12.23	15:00:00	4486.31	4497.28	4473.30	4479.05	12157	0	21
2025.12.23	16:00:00	4479.13	4479.79	4440.98	4446.44	14114	0	21
2025.12.23	17:00:00	4446.31	4459.23	4430.36	4458.45	14397	0	21
2025.12.23	18:00:00	4458.46	4476.52	4455.94	4474.22	10745	0	21
2025.12.23	19:00:00	4474.21	4479.79	4470.04	4472.72	10613	0	21
2025.12.23	20:00:00	4472.91	4484.95	4472.68	4484.34	8573	0	21
2025.12.23	21:00:00	4484.41	4496.33	4484.00	4490.78	7826	0	21
2025.12.23	22:00:00	4490.66	4499.69	4489.44	4497.45	7126	0	21
2025.12.23	23:00:00	4497.47	4498.89	4487.88	4488.47	3863	0	24
2025.12.24	01:00:00	4488.37	4510.30	4487.89	4503.22	5108	0	26
2025.12.24	02:00:00	4503.20	4518.10	4500.70	4511.78	7339	0	23
2025.12.24	03:00:00	4511.83	4525.57	4507.11	4518.69	11698	0	23
2025.12.24	04:00:00	4518.62	4519.17	4474.79	4477.36	10347	0	23
2025.12.24	05:00:00	4477.40	4498.22	4469.10	4493.18	9419	0	26
2025.12.24	06:00:00	4493.22	4501.41	4491.08	4499.23	6014	0	23
2025.12.24	07:00:00	4499.14	4500.42	4485.25	4488.44	8401	0	23
2025.12.24	08:00:00	4488.42	4497.79	4485.23	4493.39	8304	0	23
2025.12.24	09:00:00	4493.49	4494.93	4483.44	4483.67	6486	0	21
2025.12.24	10:00:00	4483.84	4492.76	4478.13	4482.23	8876	0	21
2025.12.24	11:00:00	4482.25	4495.99	4482.07	4494.68	6917	0	21
2025.12.24	12:00:00	4494.71	4499.87	4482.37	4489.38	5708	0	21
2025.12.24	13:00:00	4489.42	4491.85	4483.07	4491.54	5986	0	21
2025.12.24	14:00:00	4491.48	4496.10	4489.78	4490.71	7188	0	21
2025.12.24	15:00:00	4490.78	4493.27	4474.49	4487.87	11285	0	21
2025.12.24	16:00:00	4487.93	4489.36	4460.55	4464.83	13401	0	21
2025.12.24	17:00:00	4464.80	4476.48	4448.43	4458.46	14333	0	21
2025.12.24	18:00:00	4458.49	4478.11	4455.91	4476.80	10717	0	21
2025.12.24	19:00:00	4476.77	4487.73	4475.47	4480.59	9929	0	21
2025.12.24	20:00:00	4480.61	4482.49	4477.33	4479.48	2947	0	21
2025.12.26	01:00:00	4486.88	4499.78	4482.20	4495.01	6133	0	29
2025.12.26	02:00:00	4494.98	4517.81	4492.29	4517.70	7350	0	23
2025.12.26	03:00:00	4517.75	4531.25	4497.53	4503.85	12881	0	23
2025.12.26	04:00:00	4503.82	4509.81	4492.35	4508.68	10768	0	23
2025.12.26	05:00:00	4508.61	4513.54	4497.51	4501.86	8967	0	23
2025.12.26	06:00:00	4501.83	4511.61	4500.53	4509.02	6612	0	23
2025.12.26	07:00:00	4509.00	4514.76	4506.00	4509.98	7896	0	23
2025.12.26	08:00:00	4509.94	4519.31	4508.00	4511.82	9580	0	23
2025.12.26	09:00:00	4511.63	4515.63	4506.85	4510.94	6765	0	21
2025.12.26	10:00:00	4510.99	4519.37	4509.61	4518.70	6016	0	21
2025.12.26	11:00:00	4518.67	4520.43	4511.84	4512.76	5337	0	21
2025.12.26	12:00:00	4512.75	4523.61	4511.32	4514.40	6896	0	21
2025.12.26	13:00:00	4514.39	4515.23	4503.09	4509.80	8645	0	21
2025.12.26	14:00:00	4509.77	4514.72	4506.64	4508.70	6803	0	21
2025.12.26	15:00:00	4508.68	4528.52	4503.65	4525.14	11724	0	21
2025.12.26	16:00:00	4525.12	4533.61	4512.96	4521.04	13008	0	21
2025.12.26	17:00:00	4521.06	4547.40	4519.56	4546.36	13533	0	21
2025.12.26	18:00:00	4546.60	4549.70	4531.29	4536.20	12010	0	22
2025.12.26	19:00:00	4536.38	4537.48	4510.10	4519.02	12181	0	22
2025.12.26	20:00:00	4519.08	4532.63	4514.92	4530.89	10774	0	22
2025.12.26	21:00:00	4530.97	4535.61	4520.17	4523.83	8881	0	22
2025.12.26	22:00:00	4523.86	4535.91	4521.63	4531.17	10344	0	24
2025.12.26	23:00:00	4531.23	4534.51	4526.91	4531.49	5368	0	25
2025.12.29	01:00:00	4540.32	4545.98	4522.14	4527.03	7844	0	30
2025.12.29	02:00:00	4527.33	4527.80	4470.83	4497.29	11625	0	24
2025.12.29	03:00:00	4497.31	4517.40	4492.16	4497.07	13123	0	24
2025.12.29	04:00:00	4497.00	4515.72	4496.16	4512.37	10005	0	24
2025.12.29	05:00:00	4512.25	4520.36	4509.40	4516.48	9605	0	24
2025.12.29	06:00:00	4516.41	4519.42	4507.86	4515.66	6756	0	24
2025.12.29	07:00:00	4515.47	4519.23	4504.87	4506.36	7911	0	24
2025.12.29	08:00:00	4506.62	4510.63	4471.18	4475.11	12253	0	24
2025.12.29	09:00:00	4475.03	4481.79	4444.29	4474.57	10772	0	25
2025.12.29	10:00:00	4473.63	4488.40	4452.49	4461.06	10657	0	25
2025.12.29	11:00:00	4461.04	4475.97	4459.03	4472.05	9070	0	22
2025.12.29	12:00:00	4472.04	4474.43	4457.03	4460.93	7879	0	22
2025.12.29	13:00:00	4460.79	4467.62	4434.20	4446.71	8956	0	22
2025.12.29	14:00:00	4446.70	4464.56	4445.57	4464.29	8614	0	22
2025.12.29	15:00:00	4464.39	4467.46	4406.81	4421.54	14110	0	22
2025.12.29	16:00:00	4421.50	4421.50	4356.55	4360.12	15962	0	22
2025.12.29	17:00:00	4360.60	4360.60	4300.55	4325.26	15263	0	22
2025.12.29	18:00:00	4325.20	4347.42	4323.33	4341.61	13099	0	22
2025.12.29	19:00:00	4341.69	4342.98	4315.06	4328.11	11567	0	22
2025.12.29	20:00:00	4328.05	4334.54	4322.83	4331.30	9979	0	22
2025.12.29	21:00:00	4331.35	4337.89	4327.58	4336.88	7474	0	23
2025.12.29	22:00:00	4336.85	4344.51	4325.92	4334.58	9063	0	22
2025.12.29	23:00:00	4334.57	4339.19	4327.81	4332.35	4510	0	25
2025.12.30	01:00:00	4340.31	4347.27	4323.48	4345.63	5519	0	27
2025.12.30	02:00:00	4345.60	4350.77	4334.52	4339.60	7628	0	24
2025.12.30	03:00:00	4339.61	4360.07	4324.41	4360.07	12168	0	25
2025.12.30	04:00:00	4360.23	4364.73	4348.86	4362.48	10664	0	24
2025.12.30	05:00:00	4362.52	4369.08	4356.10	4359.23	8501	0	24
2025.12.30	06:00:00	4359.25	4369.56	4357.51	4363.39	4479	0	24
2025.12.30	07:00:00	4363.67	4379.90	4358.73	4377.72	9055	0	24
2025.12.30	08:00:00	4377.65	4378.49	4359.86	4364.69	10885	0	24
2025.12.30	09:00:00	4364.70	4383.17	4359.24	4372.44	8883	0	22
2025.12.30	10:00:00	4372.29	4374.05	4350.14	4365.00	8723	0	22
2025.12.30	11:00:00	4364.97	4376.29	4364.10	4372.07	7720	0	22
2025.12.30	12:00:00	4372.05	4391.54	4367.59	4384.84	8049	0	22
2025.12.30	13:00:00	4385.60	4390.17	4381.16	4384.27	7370	0	22
2025.12.30	14:00:00	4384.19	4402.74	4383.41	4401.10	9734	0	22
2025.12.30	15:00:00	4401.17	4404.06	4376.16	4388.42	13179	0	22
2025.12.30	16:00:00	4388.48	4392.09	4355.72	4366.36	13679	0	22
2025.12.30	17:00:00	4366.30	4377.49	4359.31	4365.04	13661	0	22
2025.12.30	18:00:00	4365.22	4379.87	4354.71	4377.75	12041	0	22
2025.12.30	19:00:00	4377.77	4381.70	4364.30	4370.11	10783	0	22
2025.12.30	20:00:00	4370.20	4378.59	4362.62	4364.75	9669	0	22
2025.12.30	21:00:00	4364.81	4367.97	4337.66	4348.42	8951	0	22
2025.12.30	22:00:00	4348.45	4355.42	4337.86	4341.28	10360	0	22
2025.12.30	23:00:00	4341.57	4350.48	4340.76	4346.58	3969	0	25
2025.12.31	01:00:00	4341.02	4346.13	4328.22	4339.03	5728	0	27
2025.12.31	02:00:00	4339.07	4346.65	4332.58	4342.39	6690	0	24
2025.12.31	03:00:00	4342.33	4373.08	4336.82	4365.94	11304	0	24
2025.12.31	04:00:00	4366.01	4371.05	4346.90	4348.62	10916	0	24
2025.12.31	05:00:00	4348.66	4359.72	4340.81	4348.54	11352	0	24
2025.12.31	06:00:00	4348.34	4351.29	4330.63	4332.86	8111	0	24
2025.12.31	07:00:00	4333.01	4343.03	4276.24	4285.89	11210	0	27
2025.12.31	08:00:00	4285.96	4328.56	4274.60	4328.03	10434	0	28
2025.12.31	09:00:00	4328.33	4334.86	4323.66	4331.20	7776	0	24
2025.12.31	10:00:00	4331.04	4332.77	4303.34	4307.25	7622	0	24
2025.12.31	11:00:00	4307.31	4337.17	4307.11	4325.81	7963	0	24
2025.12.31	12:00:00	4325.79	4331.38	4303.52	4306.22	6649	0	24
2025.12.31	13:00:00	4306.49	4316.29	4304.05	4310.93	6410	0	24
2025.12.31	14:00:00	4310.80	4317.99	4303.09	4313.75	7999	0	24
2025.12.31	15:00:00	4313.80	4348.25	4307.94	4345.80	10480	0	24
2025.12.31	16:00:00	4345.81	4353.22	4332.89	4345.95	12809	0	24
2025.12.31	17:00:00	4346.05	4346.27	4327.31	4337.32	13256	0	24
2025.12.31	18:00:00	4337.30	4339.74	4317.08	4322.99	10685	0	24
2025.12.31	19:00:00	4322.96	4329.57	4318.06	4321.82	8860	0	24
2025.12.31	20:00:00	4321.87	4331.40	4315.75	4319.65	9393	0	24
2025.12.31	21:00:00	4320.20	4322.92	4307.80	4311.34	8735	0	24
2025.12.31	22:00:00	4311.35	4324.38	4304.56	4313.23	8943	0	24
2025.12.31	23:00:00	4313.30	4316.37	4307.02	4314.45	3317	0	27
2026.01.02	01:00:00	4327.16	4351.22	4327.05	4348.33	4042	0	31
2026.01.02	02:00:00	4348.35	4355.91	4341.42	4353.96	5592	0	27
2026.01.02	03:00:00	4353.83	4355.98	4344.54	4347.92	7802	0	27
2026.01.02	04:00:00	4347.89	4363.05	4345.00	4362.84	7028	0	27
2026.01.02	05:00:00	4362.80	4375.53	4362.06	4374.99	6947	0	27
2026.01.02	06:00:00	4374.95	4378.24	4371.22	4373.17	6150	0	27
2026.01.02	07:00:00	4373.38	4381.62	4371.05	4380.63	6035	0	27
2026.01.02	08:00:00	4380.65	4380.88	4373.28	4374.62	5864	0	27
2026.01.02	09:00:00	4374.78	4383.28	4371.94	4382.84	6886	0	24
2026.01.02	10:00:00	4382.74	4397.44	4380.72	4386.92	6883	0	24
2026.01.02	11:00:00	4386.91	4391.52	4383.25	4385.40	5997	0	24
2026.01.02	12:00:00	4385.41	4398.45	4384.56	4396.12	5936	0	24
2026.01.02	13:00:00	4396.09	4399.21	4390.67	4392.88	4968	0	24
2026.01.02	14:00:00	4392.86	4398.22	4385.22	4394.35	6620	0	24
2026.01.02	15:00:00	4394.46	4402.24	4361.96	4365.85	10609	0	24
2026.01.02	16:00:00	4365.84	4373.58	4348.08	4353.35	12668	0	24
2026.01.02	17:00:00	4352.38	4356.92	4330.22	4335.41	14330	0	22
2026.01.02	18:00:00	4335.36	4337.31	4315.06	4326.42	13899	0	22
2026.01.02	19:00:00	4326.52	4333.50	4322.71	4322.95	10968	0	22
2026.01.02	20:00:00	4322.96	4323.58	4309.64	4315.13	10342	0	22
2026.01.02	21:00:00	4315.17	4326.21	4315.17	4318.06	9246	0	22
2026.01.02	22:00:00	4318.07	4331.48	4317.11	4331.39	8319	0	22
2026.01.02	23:00:00	4331.44	4331.68	4326.99	4330.51	2625	0	25
2026.01.05	01:00:00	4356.68	4375.75	4349.83	4372.42	6844	0	33
2026.01.05	02:00:00	4372.37	4396.57	4370.16	4394.63	8663	0	27
2026.01.05	03:00:00	4394.90	4421.26	4391.19	4401.82	13897	0	24
2026.01.05	04:00:00	4401.93	4409.56	4388.41	4405.53	11195	0	24
2026.01.05	05:00:00	4405.44	4413.88	4399.67	4400.08	9792	0	24
2026.01.05	06:00:00	4399.87	4408.23	4397.21	4404.19	5740	0	24
2026.01.05	07:00:00	4404.14	4414.42	4400.99	4412.29	7496	0	24
2026.01.05	08:00:00	4412.18	4426.14	4411.25	4420.12	9846	0	24
2026.01.05	09:00:00	4420.19	4425.06	4416.67	4421.83	7546	0	22
2026.01.05	10:00:00	4421.96	4433.69	4419.31	4429.98	7782	0	22
2026.01.05	11:00:00	4429.77	4437.93	4426.16	4434.90	7682	0	24
2026.01.05	12:00:00	4434.85	4439.74	4430.76	4436.21	6710	0	24
2026.01.05	13:00:00	4436.25	4437.28	4410.94	4419.38	9517	0	24
2026.01.05	14:00:00	4419.31	4421.39	4405.55	4409.58	8925	0	24
2026.01.05	15:00:00	4409.65	4418.76	4396.22	4416.80	12626	0	24
2026.01.05	16:00:00	4416.85	4442.73	4416.85	4436.50	14272	0	24
2026.01.05	17:00:00	4436.49	4455.66	4435.42	4448.50	13578	0	24
2026.01.05	18:00:00	4448.48	4454.31	4438.33	4441.63	9813	0	24
2026.01.05	19:00:00	4441.67	4449.01	4432.24	4443.51	10213	0	25
2026.01.05	20:00:00	4443.65	4448.48	4439.73	4447.78	8042	0	24
2026.01.05	21:00:00	4448.55	4449.41	4434.87	4439.70	8569	0	24
2026.01.05	22:00:00	4439.48	4446.89	4437.90	4444.80	8736	0	26
2026.01.05	23:00:00	4444.83	4448.64	4443.45	4448.38	2654	0	27
2026.01.06	01:00:00	4454.29	4459.95	4436.92	4440.57	4311	0	29
2026.01.06	02:00:00	4440.53	4444.66	4430.38	4436.32	6450	0	26
2026.01.06	03:00:00	4436.64	4452.19	4427.81	4450.52	10912	0	26
2026.01.06	04:00:00	4450.44	4460.86	4448.60	4454.83	9986	0	26
2026.01.06	05:00:00	4454.93	4468.04	4453.93	4467.65	7162	0	26
2026.01.06	06:00:00	4467.63	4468.44	4461.75	4467.39	4701	0	26
2026.01.06	07:00:00	4467.38	4474.03	4449.45	4451.92	8538	0	26
2026.01.06	08:00:00	4452.44	4466.87	4451.48	4465.61	9210	0	26
2026.01.06	09:00:00	4465.33	4470.32	4457.10	4459.43	6758	0	24
2026.01.06	10:00:00	4459.38	4475.61	4457.43	4468.42	7554	0	24
2026.01.06	11:00:00	4468.29	4468.41	4444.76	4446.27	8186	0	24
2026.01.06	12:00:00	4446.29	4455.96	4442.58	4451.70	6761	0	24
2026.01.06	13:00:00	4451.91	4464.43	4448.66	4463.32	6057	0	24
2026.01.06	14:00:00	4463.23	4466.18	4458.77	4463.60	6727	0	24
2026.01.06	15:00:00	4463.58	4470.33	4454.00	4467.95	12103	0	24
2026.01.06	16:00:00	4468.11	4489.70	4464.50	4486.67	12949	0	24
2026.01.06	17:00:00	4487.29	4490.84	4463.19	4478.37	14112	0	24
2026.01.06	18:00:00	4478.36	4488.86	4471.51	4488.26	11658	0	24
2026.01.06	19:00:00	4488.27	4491.40	4481.56	4489.48	9630	0	25
2026.01.06	20:00:00	4489.18	4493.92	4482.19	4488.49	8898	0	24
2026.01.06	21:00:00	4488.51	4489.41	4477.31	4481.23	8488	0	24
2026.01.06	22:00:00	4481.24	4496.88	4480.31	4493.75	7667	0	24
2026.01.06	23:00:00	4493.71	4497.33	4491.89	4497.22	2795	0	27
2026.01.07	01:00:00	4498.38	4500.44	4492.11	4493.30	4167	0	29
2026.01.07	02:00:00	4493.29	4494.81	4482.50	4491.94	6268	0	26
2026.01.07	03:00:00	4491.77	4495.56	4461.12	4465.50	12702	0	26
2026.01.07	04:00:00	4465.44	4478.74	4459.70	4474.66	9428	0	26
2026.01.07	05:00:00	4474.67	4480.29	4471.88	4474.70	8230	0	26
2026.01.07	06:00:00	4474.58	4476.03	4463.55	4464.74	7303	0	26
2026.01.07	07:00:00	4464.72	4470.15	4443.31	4454.24	9727	0	26
2026.01.07	08:00:00	4454.22	4460.26	4441.48	4444.27	10154	0	26
2026.01.07	09:00:00	4444.17	4464.72	4441.68	4461.10	7230	0	24
2026.01.07	10:00:00	4461.09	4474.52	4459.32	4468.19	6848	0	24
2026.01.07	11:00:00	4468.21	4468.54	4459.35	4463.37	6232	0	24
2026.01.07	12:00:00	4463.00	4467.66	4458.71	4464.40	5594	0	24
2026.01.07	13:00:00	4464.39	4464.84	4446.42	4447.35	6305	0	25
2026.01.07	14:00:00	4447.84	4455.00	4439.36	4444.96	9201	0	24
2026.01.07	15:00:00	4444.93	4452.99	4427.70	4452.83	13492	0	23
2026.01.07	16:00:00	4452.79	4454.16	4435.57	4445.34	13412	0	23
2026.01.07	17:00:00	4439.96	4452.16	4423.36	4446.16	13729	0	23
2026.01.07	18:00:00	4446.12	4468.30	4443.82	4464.11	11901	0	23
2026.01.07	19:00:00	4464.16	4465.28	4449.76	4451.71	9193	0	23
2026.01.07	20:00:00	4451.94	4458.77	4447.17	4452.04	9319	0	23
2026.01.07	21:00:00	4452.03	4457.92	4445.30	4456.85	8245	0	23
2026.01.07	22:00:00	4456.82	4461.51	4450.48	4451.86	9046	0	23
2026.01.07	23:00:00	4451.94	4455.07	4449.79	4452.94	2758	0	26
2026.01.08	01:00:00	4461.79	4463.86	4458.46	4463.44	3163	0	28
2026.01.08	02:00:00	4463.40	4466.30	4446.71	4450.20	6414	0	25
2026.01.08	03:00:00	4450.05	4460.32	4441.88	4448.37	11207	0	25
2026.01.08	04:00:00	4448.28	4449.54	4433.56	4441.26	10111	0	25
2026.01.08	05:00:00	4441.29	4446.49	4437.29	4440.20	8030	0	25
2026.01.08	06:00:00	4440.07	4440.44	4430.23	4431.52	5651	0	25
2026.01.08	07:00:00	4431.53	4432.33	4415.67	4425.50	11078	0	25
2026.01.08	08:00:00	4425.50	4437.78	4416.06	4433.31	11982	0	25
2026.01.08	09:00:00	4433.47	4439.68	4428.38	4430.84	7843	0	23
2026.01.08	10:00:00	4430.73	4433.11	4419.87	4431.64	9007	0	23
2026.01.08	11:00:00	4431.59	4435.41	4425.98	4432.60	7589	0	23
2026.01.08	12:00:00	4432.55	4434.77	4422.98	4433.19	6346	0	23
2026.01.08	13:00:00	4432.90	4432.97	4422.16	4422.72	6697	0	23
2026.01.08	14:00:00	4422.77	4431.28	4407.66	4427.60	10355	0	23
2026.01.08	15:00:00	4427.61	4436.02	4417.29	4423.76	12312	0	23
2026.01.08	16:00:00	4422.52	4439.28	4419.05	4432.97	13401	0	23
2026.01.08	17:00:00	4432.95	4456.08	4427.77	4454.12	13760	0	23
2026.01.08	18:00:00	4454.15	4464.43	4446.94	4463.23	11857	0	23
2026.01.08	19:00:00	4463.55	4465.30	4457.54	4463.32	9316	0	23
2026.01.08	20:00:00	4462.88	4462.88	4447.89	4449.50	9383	0	23
2026.01.08	21:00:00	4449.52	4452.83	4444.56	4452.07	7456	0	23
2026.01.08	22:00:00	4452.03	4477.97	4451.44	4476.01	9221	0	23
2026.01.08	23:00:00	4476.00	4479.49	4472.65	4476.47	3707	0	26
2026.01.09	01:00:00	4477.29	4479.85	4472.71	4475.46	3583	0	29
2026.01.09	02:00:00	4475.47	4476.49	4459.89	4461.27	5672	0	25
2026.01.09	03:00:00	4462.77	4469.88	4452.86	4468.92	10901	0	25
2026.01.09	04:00:00	4468.82	4476.43	4465.50	4469.50	8546	0	25
2026.01.09	05:00:00	4469.46	4469.92	4460.44	4463.97	6922	0	25
2026.01.09	06:00:00	4463.92	4466.81	4460.63	4464.67	4643	0	25
2026.01.09	07:00:00	4464.46	4471.64	4458.19	4468.00	7352	0	25
2026.01.09	08:00:00	4468.62	4477.23	4466.00	4474.11	7769	0	25
2026.01.09	09:00:00	4474.10	4475.36	4468.53	4470.21	5366	0	23
2026.01.09	10:00:00	4470.26	4476.85	4464.03	4468.42	6426	0	23
2026.01.09	11:00:00	4468.40	4477.57	4468.35	4471.15	6032	0	23
2026.01.09	12:00:00	4471.08	4474.17	4467.12	4472.54	4525	0	23
2026.01.09	13:00:00	4472.73	4476.13	4468.70	4475.44	5011	0	23
2026.01.09	14:00:00	4475.38	4480.35	4461.10	4466.04	7721	0	23
2026.01.09	15:00:00	4466.06	4491.68	4458.79	4482.70	13634	0	24
2026.01.09	16:00:00	4482.75	4497.93	4479.06	4494.45	14709	0	23
2026.01.09	17:00:00	4494.68	4517.07	4490.52	4512.33	14018	0	23
2026.01.09	18:00:00	4512.28	4514.22	4499.80	4506.42	11622	0	23
2026.01.09	19:00:00	4507.46	4511.34	4482.00	4484.52	10851	0	24
2026.01.09	20:00:00	4484.42	4504.53	4483.03	4496.15	9972	0	23
2026.01.09	21:00:00	4496.09	4501.82	4492.77	4499.43	6930	0	23
2026.01.09	22:00:00	4499.26	4510.10	4497.88	4507.67	8164	0	23
2026.01.09	23:00:00	4507.50	4511.10	4504.97	4510.22	2700	0	26
2026.01.12	01:00:00	4521.15	4544.91	4521.04	4540.05	6875	0	32
2026.01.12	02:00:00	4540.07	4601.11	4536.30	4588.79	11437	0	25
2026.01.12	03:00:00	4588.97	4594.86	4570.45	4570.50	14127	0	25
2026.01.12	04:00:00	4570.00	4582.10	4561.73	4577.47	11295	0	25
2026.01.12	05:00:00	4577.51	4581.35	4567.77	4570.67	7547	0	25
2026.01.12	06:00:00	4570.71	4572.11	4563.26	4568.42	6140	0	25
2026.01.12	07:00:00	4568.45	4584.90	4566.01	4580.86	8187	0	25
2026.01.12	08:00:00	4580.85	4580.85	4569.59	4578.40	8759	0	25
2026.01.12	09:00:00	4578.40	4589.50	4574.66	4587.66	8156	0	23
2026.01.12	10:00:00	4587.61	4598.29	4579.42	4596.83	8290	0	23
2026.01.12	11:00:00	4596.72	4599.23	4587.71	4589.10	7279	0	23
2026.01.12	12:00:00	4589.11	4595.38	4585.79	4594.22	5954	0	23
2026.01.12	13:00:00	4594.17	4594.90	4581.77	4585.11	6349	0	23
2026.01.12	14:00:00	4584.43	4590.51	4578.49	4590.36	7800	0	23
2026.01.12	15:00:00	4590.41	4620.22	4588.60	4615.77	12453	0	23
2026.01.12	16:00:00	4615.66	4617.14	4585.01	4602.25	15539	0	23
2026.01.12	17:00:00	4602.20	4627.45	4601.91	4621.29	13334	0	23
2026.01.12	18:00:00	4621.28	4630.12	4607.86	4616.87	10833	0	23
2026.01.12	19:00:00	4616.82	4620.48	4610.62	4616.33	9196	0	23
2026.01.12	20:00:00	4616.09	4618.46	4600.63	4610.82	9418	0	23
2026.01.12	21:00:00	4610.93	4618.84	4608.71	4611.04	7697	0	23
2026.01.12	22:00:00	4611.10	4611.59	4591.45	4593.46	10053	0	23
2026.01.12	23:00:00	4593.54	4596.88	4589.21	4593.75	3694	0	26
2026.01.13	01:00:00	4596.71	4599.38	4577.94	4598.92	7103	0	28
2026.01.13	02:00:00	4599.09	4599.36	4584.48	4587.25	5849	0	25
2026.01.13	03:00:00	4587.31	4595.60	4575.61	4577.79	11807	0	25
2026.01.13	04:00:00	4577.18	4594.99	4576.66	4594.15	9646	0	25
2026.01.13	05:00:00	4594.10	4599.58	4592.49	4594.11	6159	0	25
2026.01.13	06:00:00	4594.05	4599.76	4593.99	4596.42	3980	0	25
2026.01.13	07:00:00	4596.22	4602.00	4585.66	4592.07	7593	0	25
2026.01.13	08:00:00	4592.02	4592.26	4573.65	4581.34	9847	0	25
2026.01.13	09:00:00	4581.62	4587.01	4577.40	4580.57	6242	0	24
2026.01.13	10:00:00	4580.59	4596.89	4579.61	4592.72	7280	0	23
2026.01.13	11:00:00	4592.77	4595.62	4585.72	4586.04	5788	0	23
2026.01.13	12:00:00	4586.08	4588.34	4580.39	4586.31	5491	0	23
2026.01.13	13:00:00	4586.34	4592.02	4582.12	4588.51	5746	0	23
2026.01.13	14:00:00	4588.52	4595.18	4577.84	4593.20	6166	0	23
2026.01.13	15:00:00	4593.11	4620.99	4590.76	4611.48	13508	0	23
2026.01.13	16:00:00	4611.36	4634.56	4609.05	4629.90	14016	0	23
2026.01.13	17:00:00	4629.57	4630.24	4600.88	4619.13	14271	0	23
2026.01.13	18:00:00	4619.09	4620.71	4592.84	4613.38	11975	0	23
2026.01.13	19:00:00	4613.39	4615.93	4586.62	4590.24	10916	0	24
2026.01.13	20:00:00	4590.12	4601.97	4581.15	4594.07	12747	0	23
2026.01.13	21:00:00	4594.05	4599.00	4584.18	4597.49	9949	0	23
2026.01.13	22:00:00	4597.71	4597.78	4569.78	4585.99	10475	0	23
2026.01.13	23:00:00	4586.00	4589.69	4582.85	4587.85	3803	0	26
2026.01.14	01:00:00	4591.60	4598.62	4591.35	4596.89	4298	0	28
2026.01.14	02:00:00	4596.94	4610.57	4596.89	4608.90	6992	0	25
2026.01.14	03:00:00	4609.02	4619.91	4606.13	4619.15	10253	0	25
2026.01.14	04:00:00	4619.20	4623.61	4614.16	4620.39	8280	0	25
2026.01.14	05:00:00	4620.40	4629.89	4613.30	4628.13	7770	0	25
2026.01.14	06:00:00	4628.14	4630.31	4625.21	4629.11	5987	0	25
2026.01.14	07:00:00	4629.09	4639.49	4618.05	4619.76	9671	0	26
2026.01.14	08:00:00	4619.66	4637.10	4618.48	4637.10	11205	0	25
2026.01.14	09:00:00	4637.13	4639.52	4631.53	4632.44	6455	0	26
2026.01.14	10:00:00	4632.39	4637.87	4621.89	4634.82	8753	0	23
2026.01.14	11:00:00	4634.76	4639.41	4627.05	4630.44	7329	0	23
2026.01.14	12:00:00	4630.44	4638.15	4627.79	4633.02	7759	0	23
2026.01.14	13:00:00	4632.89	4637.43	4626.08	4630.27	8085	0	23
2026.01.14	14:00:00	4630.49	4641.77	4630.17	4638.61	9599	0	23
2026.01.14	15:00:00	4638.74	4641.59	4624.30	4635.65	13995	0	23
2026.01.14	16:00:00	4635.78	4638.78	4606.77	4617.62	14752	0	23
2026.01.14	17:00:00	4617.63	4626.47	4599.32	4617.85	15751	0	23
2026.01.14	18:00:00	4617.88	4624.75	4608.58	4617.07	14204	0	23
2026.01.14	19:00:00	4617.06	4619.00	4601.06	4614.27	14159	0	23
2026.01.14	20:00:00	4613.65	4637.10	4612.75	4634.98	12604	0	23
2026.01.14	21:00:00	4635.06	4642.88	4633.40	4639.21	12210	0	23
2026.01.14	22:00:00	4639.06	4641.55	4625.73	4632.61	13401	0	23
2026.01.14	23:00:00	4632.59	4633.00	4617.74	4620.71	5818	0	23
2026.01.15	01:00:00	4622.31	4623.40	4602.28	4615.20	9313	0	28
2026.01.15	02:00:00	4615.22	4618.11	4610.09	4615.13	8267	0	25
2026.01.15	03:00:00	4615.14	4617.53	4583.74	4600.05	14841	0	25
2026.01.15	04:00:00	4600.06	4614.63	4595.43	4602.88	12750	0	25
2026.01.15	05:00:00	4602.90	4604.24	4581.12	4592.22	12860	0	25
2026.01.15	06:00:00	4592.21	4597.40	4586.98	4592.06	8723	0	25
2026.01.15	07:00:00	4592.17	4598.90	4580.89	4595.11	10836	0	25
2026.01.15	08:00:00	4595.10	4611.93	4593.56	4610.12	11900	0	25
2026.01.15	09:00:00	4610.90	4613.48	4599.17	4601.75	8539	0	23
2026.01.15	10:00:00	4601.71	4607.01	4597.79	4604.20	8973	0	23
2026.01.15	11:00:00	4604.18	4613.06	4600.63	4612.58	8491	0	23
2026.01.15	12:00:00	4612.59	4620.27	4609.31	4619.78	7863	0	23
2026.01.15	13:00:00	4619.84	4622.78	4615.41	4619.17	7480	0	23
2026.01.15	14:00:00	4619.14	4620.67	4611.60	4613.88	8146	0	23
2026.01.15	15:00:00	4613.89	4616.12	4582.38	4587.77	14955	0	27
2026.01.15	16:00:00	4588.14	4614.99	4583.42	4611.14	14968	0	23
2026.01.15	17:00:00	4611.13	4618.04	4603.76	4615.57	13747	0	23
2026.01.15	18:00:00	4615.41	4624.46	4601.21	4605.71	13218	0	23
2026.01.15	19:00:00	4605.64	4616.79	4605.61	4616.45	10301	0	23
2026.01.15	20:00:00	4616.46	4621.00	4613.53	4617.48	10143	0	23
2026.01.15	21:00:00	4617.49	4621.35	4612.70	4615.83	8172	0	23
2026.01.15	22:00:00	4615.79	4616.22	4600.66	4605.70	11526	0	26
2026.01.15	23:00:00	4605.68	4616.35	4604.44	4614.76	3841	0	26
2026.01.16	01:00:00	4618.60	4620.29	4606.17	4610.21	5856	0	28
2026.01.16	02:00:00	4610.16	4611.40	4598.71	4600.15	6897	0	25
2026.01.16	03:00:00	4600.00	4608.41	4593.88	4600.49	12079	0	25
2026.01.16	04:00:00	4600.42	4604.22	4591.27	4594.90	12027	0	25
2026.01.16	05:00:00	4594.91	4599.82	4592.74	4596.31	8553	0	25
2026.01.16	06:00:00	4596.20	4601.97	4596.03	4601.09	5315	0	25
2026.01.16	07:00:00	4601.10	4615.87	4595.21	4611.53	8640	0	25
2026.01.16	08:00:00	4611.51	4612.27	4593.84	4598.10	11070	0	25
2026.01.16	09:00:00	4598.16	4612.02	4596.84	4607.56	8384	0	23
2026.01.16	10:00:00	4607.00	4610.68	4601.31	4603.18	6895	0	23
2026.01.16	11:00:00	4602.73	4608.42	4598.96	4600.66	5780	0	23
2026.01.16	12:00:00	4600.67	4611.01	4599.73	4600.12	5884	0	23
2026.01.16	13:00:00	4600.39	4616.10	4598.50	4612.46	6816	0	23
2026.01.16	14:00:00	4612.47	4612.91	4597.26	4601.75	7537	0	23
2026.01.16	15:00:00	4601.81	4605.52	4582.53	4601.89	14259	0	23
2026.01.16	16:00:00	4601.90	4614.54	4596.16	4607.81	13681	0	23
2026.01.16	17:00:00	4607.79	4620.27	4536.64	4571.21	16375	0	23
2026.01.16	18:00:00	4571.18	4598.92	4568.12	4591.21	14992	0	23
2026.01.16	19:00:00	4591.27	4593.02	4576.76	4581.38	12259	0	23
2026.01.16	20:00:00	4580.75	4596.06	4580.04	4582.60	11607	0	23
2026.01.16	21:00:00	4582.57	4592.40	4580.84	4590.59	10473	0	23
2026.01.16	22:00:00	4590.56	4595.82	4580.71	4582.06	9906	0	23
2026.01.16	23:00:00	4581.86	4598.20	4581.86	4594.61	4477	0	26
2026.01.19	01:00:00	4648.66	4690.55	4644.81	4672.60	12066	0	32
2026.01.19	02:00:00	4672.56	4681.92	4661.44	4675.21	10080	0	25
2026.01.19	03:00:00	4675.19	4678.37	4656.09	4657.39	13528	0	25
2026.01.19	04:00:00	4657.26	4665.03	4653.03	4662.41	10285	0	25
2026.01.19	05:00:00	4662.35	4669.79	4658.22	4658.39	8656	0	25
2026.01.19	06:00:00	4658.48	4665.89	4658.10	4663.15	5665	0	25
2026.01.19	07:00:00	4663.13	4674.15	4663.04	4669.93	7720	0	25
2026.01.19	08:00:00	4669.93	4678.92	4666.72	4678.12	7832	0	25
2026.01.19	09:00:00	4677.90	4678.56	4661.86	4665.06	7566	0	23
2026.01.19	10:00:00	4664.43	4673.86	4661.67	4663.63	7396	0	23
2026.01.19	11:00:00	4663.56	4672.74	4662.04	4668.33	6713	0	23
2026.01.19	12:00:00	4668.26	4671.11	4661.23	4663.72	5635	0	23
2026.01.19	13:00:00	4663.73	4667.49	4659.62	4660.74	5984	0	23
2026.01.19	14:00:00	4660.62	4673.68	4660.14	4671.90	6686	0	23
2026.01.19	15:00:00	4671.92	4673.69	4664.54	4666.14	8385	0	23
2026.01.19	16:00:00	4666.10	4670.28	4661.58	4666.45	8064	0	23
2026.01.19	17:00:00	4666.50	4675.94	4664.31	4674.19	7993	0	23
2026.01.19	18:00:00	4674.20	4675.53	4670.36	4672.17	6058	0	23
2026.01.19	19:00:00	4672.19	4678.71	4669.20	4676.24	5623	0	23
2026.01.19	20:00:00	4676.03	4680.29	4673.77	4676.62	4211	0	23
2026.01.19	21:00:00	4676.65	4676.73	4667.10	4670.66	2470	0	23
2026.01.20	01:00:00	4668.59	4672.21	4664.12	4665.25	4306	0	29
2026.01.20	02:00:00	4665.33	4667.94	4659.44	4660.44	5870	0	25
2026.01.20	03:00:00	4660.37	4675.99	4660.01	4669.61	10661	0	25
2026.01.20	04:00:00	4669.57	4674.73	4665.45	4668.58	9501	0	25
2026.01.20	05:00:00	4668.66	4681.35	4666.06	4680.06	7931	0	25
2026.01.20	06:00:00	4680.03	4696.96	4679.40	4695.16	8034	0	25
2026.01.20	07:00:00	4695.19	4716.56	4694.14	4714.59	10151	0	25
2026.01.20	08:00:00	4714.60	4716.94	4705.61	4712.45	11086	0	25
2026.01.20	09:00:00	4712.44	4722.63	4711.37	4715.78	8065	0	23
2026.01.20	10:00:00	4716.14	4731.53	4714.98	4729.34	9464	0	23
2026.01.20	11:00:00	4729.35	4737.40	4721.28	4732.37	9378	0	23
2026.01.20	12:00:00	4732.40	4734.96	4722.76	4726.51	7789	0	23
2026.01.20	13:00:00	4726.54	4735.18	4721.53	4732.96	7049	0	23
2026.01.20	14:00:00	4732.98	4732.98	4723.98	4727.61	8367	0	23
2026.01.20	15:00:00	4727.44	4738.19	4715.35	4737.17	13298	0	24
2026.01.20	16:00:00	4737.03	4750.77	4728.32	4741.28	15582	0	23
2026.01.20	17:00:00	4741.17	4748.47	4722.40	4737.49	15280	0	23
2026.01.20	18:00:00	4737.55	4757.53	4728.92	4753.57	12820	0	23
2026.01.20	19:00:00	4752.80	4762.27	4746.04	4759.13	11419	0	23
2026.01.20	20:00:00	4759.12	4766.05	4752.84	4759.35	10867	0	23
2026.01.20	21:00:00	4759.34	4766.16	4756.59	4760.73	9041	0	23
2026.01.20	22:00:00	4760.74	4761.18	4747.53	4756.62	10585	0	23
2026.01.20	23:00:00	4756.63	4763.82	4756.28	4763.32	4414	0	26
2026.01.21	01:00:00	4762.08	4780.99	4757.72	4775.76	5239	0	30
2026.01.21	02:00:00	4775.52	4787.61	4770.68	4784.61	7182	0	25
2026.01.21	03:00:00	4784.55	4844.12	4783.53	4835.16	14253	0	25
2026.01.21	04:00:00	4835.30	4841.97	4817.38	4836.66	11462	0	25
2026.01.21	05:00:00	4836.63	4849.60	4827.12	4844.92	10242	0	25
2026.01.21	06:00:00	4844.71	4870.68	4837.87	4865.86	8779	0	25
2026.01.21	07:00:00	4865.67	4878.14	4858.87	4869.67	10202	0	25
2026.01.21	08:00:00	4869.92	4888.26	4845.61	4847.44	12152	0	25
2026.01.21	09:00:00	4847.06	4857.08	4832.58	4855.18	11071	0	23
2026.01.21	10:00:00	4855.04	4869.50	4851.43	4854.52	8921	0	23
2026.01.21	11:00:00	4855.46	4877.06	4852.25	4860.33	8858	0	24
2026.01.21	12:00:00	4860.27	4866.71	4859.04	4861.92	7496	0	24
2026.01.21	13:00:00	4861.97	4871.45	4855.09	4866.81	7309	0	24
2026.01.21	14:00:00	4866.82	4870.77	4855.59	4865.08	8686	0	24
2026.01.21	15:00:00	4865.07	4880.23	4857.75	4879.34	12389	0	24
2026.01.21	16:00:00	4879.40	4880.82	4839.49	4851.98	15869	0	24
2026.01.21	17:00:00	4851.99	4868.70	4813.03	4847.76	16040	0	24
2026.01.21	18:00:00	4847.75	4855.62	4819.82	4833.40	14791	0	24
2026.01.21	19:00:00	4833.44	4834.21	4802.36	4826.17	14901	0	24
2026.01.21	20:00:00	4825.83	4850.42	4819.64	4850.03	12905	0	24
2026.01.21	21:00:00	4850.02	4853.95	4755.53	4781.28	14846	0	24
2026.01.21	22:00:00	4781.25	4827.88	4772.26	4827.12	15185	0	25
2026.01.21	23:00:00	4826.55	4839.63	4813.25	4836.52	6969	0	27
2026.01.22	01:00:00	4815.92	4821.17	4777.45	4778.27	8097	0	29
2026.01.22	02:00:00	4778.07	4798.70	4777.92	4798.04	8535	0	26
2026.01.22	03:00:00	4797.58	4809.61	4772.26	4797.87	12501	0	26
2026.01.22	04:00:00	4797.62	4798.21	4774.65	4788.93	10735	0	26
2026.01.22	05:00:00	4789.02	4796.65	4784.26	4796.52	8709	0	26
2026.01.22	06:00:00	4796.62	4800.38	4793.76	4797.44	6453	0	26
2026.01.22	07:00:00	4797.43	4821.71	4793.65	4821.27	8604	0	26
2026.01.22	08:00:00	4821.28	4829.18	4816.30	4826.37	9540	0	26
2026.01.22	09:00:00	4826.43	4838.55	4825.67	4832.67	7800	0	24
2026.01.22	10:00:00	4832.62	4835.50	4822.25	4830.70	8555	0	24
2026.01.22	11:00:00	4830.71	4837.77	4814.01	4823.06	8612	0	24
2026.01.22	12:00:00	4823.05	4831.82	4819.29	4828.94	7010	0	24
2026.01.22	13:00:00	4828.95	4836.25	4824.36	4831.08	7400	0	24
2026.01.22	14:00:00	4831.09	4832.49	4818.79	4819.69	7963	0	25
2026.01.22	15:00:00	4819.58	4835.19	4810.61	4822.32	12012	0	24
2026.01.22	16:00:00	4822.28	4847.69	4820.42	4835.07	12404	0	24
2026.01.22	17:00:00	4834.97	4873.65	4826.90	4871.61	14552	0	24
2026.01.22	18:00:00	4871.60	4885.26	4868.05	4877.88	13143	0	24
2026.01.22	19:00:00	4877.90	4906.11	4869.83	4904.48	13186	0	24
2026.01.22	20:00:00	4904.34	4919.39	4901.27	4916.02	11986	0	24
2026.01.22	21:00:00	4915.78	4924.34	4905.96	4911.64	10807	0	24
2026.01.22	22:00:00	4911.65	4928.39	4911.44	4916.94	10638	0	24
2026.01.22	23:00:00	4916.88	4940.64	4914.59	4936.42	5354	0	27
2026.01.23	01:00:00	4952.04	4960.40	4930.47	4958.82	8069	0	31
2026.01.23	02:00:00	4958.84	4965.70	4947.41	4965.06	7672	0	26
2026.01.23	03:00:00	4965.65	4967.10	4936.31	4953.48	12375	0	27
2026.01.23	04:00:00	4953.44	4962.09	4946.88	4955.41	8314	0	26
2026.01.23	05:00:00	4955.47	4958.89	4938.05	4951.93	8252	0	26
2026.01.23	06:00:00	4951.90	4958.28	4950.03	4956.20	4488	0	26
2026.01.23	07:00:00	4956.22	4967.09	4954.45	4960.51	6191	0	26
2026.01.23	08:00:00	4960.45	4962.98	4945.43	4953.60	9228	0	26
2026.01.23	09:00:00	4953.59	4959.47	4943.22	4944.41	8126	0	24
2026.01.23	10:00:00	4943.55	4947.58	4901.13	4913.86	11351	0	24
2026.01.23	11:00:00	4913.68	4921.43	4899.77	4918.61	10321	0	24
2026.01.23	12:00:00	4918.54	4932.38	4915.29	4929.68	7800	0	24
2026.01.23	13:00:00	4929.72	4929.77	4911.92	4922.77	7172	0	27
2026.01.23	14:00:00	4923.01	4942.38	4918.26	4939.58	8701	0	27
2026.01.23	15:00:00	4939.25	4947.77	4923.69	4938.90	13435	0	27
2026.01.23	16:00:00	4938.91	4956.22	4932.75	4943.12	13379	0	27
2026.01.23	17:00:00	4942.92	4963.15	4938.04	4960.45	14303	0	27
2026.01.23	18:00:00	4960.71	4988.19	4958.96	4980.33	13855	0	27
2026.01.23	19:00:00	4980.32	4988.05	4962.07	4965.78	12478	0	27
2026.01.23	20:00:00	4965.82	4984.03	4958.27	4966.59	12935	0	27
2026.01.23	21:00:00	4966.60	4989.58	4966.60	4984.24	10323	0	27
2026.01.23	22:00:00	4984.14	4985.60	4970.56	4981.30	11212	0	27
2026.01.23	23:00:00	4980.92	4986.09	4978.05	4982.44	4379	0	30
2026.01.26	01:00:00	5014.00	5039.91	5003.29	5039.75	10711	0	38
2026.01.26	02:00:00	5039.67	5051.98	5030.59	5041.65	11363	0	29
2026.01.26	03:00:00	5041.60	5085.55	5028.84	5070.76	15234	0	29
2026.01.26	04:00:00	5070.84	5093.01	5066.82	5080.66	13550	0	29
2026.01.26	05:00:00	5080.67	5087.72	5069.93	5076.61	11791	0	29
2026.01.26	06:00:00	5076.59	5077.88	5058.08	5070.30	9251	0	29
2026.01.26	07:00:00	5069.99	5076.31	5051.94	5074.34	12232	0	29
2026.01.26	08:00:00	5074.26	5110.96	5065.40	5078.02	13419	0	29
2026.01.26	09:00:00	5077.52	5095.61	5073.85	5089.12	9569	0	27
2026.01.26	10:00:00	5088.26	5098.21	5080.14	5083.25	10747	0	27
2026.01.26	11:00:00	5083.20	5098.15	5075.26	5084.02	10686	0	27
2026.01.26	12:00:00	5084.74	5094.96	5078.64	5091.64	9251	0	27
2026.01.26	13:00:00	5091.65	5092.69	5078.33	5091.40	8998	0	27
2026.01.26	14:00:00	5091.31	5096.85	5077.09	5078.76	10649	0	27
2026.01.26	15:00:00	5078.75	5083.04	5054.45	5068.42	14392	0	27
2026.01.26	16:00:00	5068.41	5096.80	5058.17	5096.17	14858	0	27
2026.01.26	17:00:00	5096.18	5097.27	5074.00	5090.98	15477	0	27
2026.01.26	18:00:00	5090.80	5104.96	5065.15	5089.42	15577	0	27
2026.01.26	19:00:00	5089.47	5104.83	5080.90	5100.87	14703	0	27
2026.01.26	20:00:00	5100.91	5103.26	5057.71	5068.78	16576	0	27
2026.01.26	21:00:00	5068.97	5069.57	5008.45	5028.57	17097	0	27
2026.01.26	22:00:00	5028.56	5062.11	5026.39	5054.96	15685	0	27
2026.01.26	23:00:00	5055.24	5059.18	4989.90	5014.71	11989	0	29
2026.01.27	01:00:00	5034.61	5061.45	5028.15	5043.37	9225	0	34
2026.01.27	02:00:00	5043.35	5053.97	5013.77	5032.62	10762	0	29
2026.01.27	03:00:00	5032.74	5075.96	5018.96	5060.30	14693	0	29
2026.01.27	04:00:00	5060.07	5079.62	5049.41	5072.44	11653	0	29
2026.01.27	05:00:00	5072.45	5079.11	5060.17	5076.84	10779	0	29
2026.01.27	06:00:00	5076.38	5078.62	5061.47	5067.80	9864	0	29
2026.01.27	07:00:00	5067.79	5085.11	5057.21	5082.92	11385	0	29
2026.01.27	08:00:00	5082.90	5093.86	5076.58	5085.79	11132	0	29
2026.01.27	09:00:00	5085.77	5100.74	5081.47	5085.96	11906	0	27
2026.01.27	10:00:00	5085.98	5088.17	5073.23	5079.32	10992	0	27
2026.01.27	11:00:00	5079.35	5099.46	5077.69	5098.71	10144	0	27
2026.01.27	12:00:00	5098.45	5098.45	5081.60	5086.24	9529	0	27
2026.01.27	13:00:00	5086.25	5090.72	5067.01	5076.74	9246	0	27
2026.01.27	14:00:00	5076.79	5090.97	5073.46	5084.95	11599	0	27
2026.01.27	15:00:00	5084.86	5092.76	5069.61	5077.33	14448	0	27
2026.01.27	16:00:00	5077.39	5082.15	5046.58	5054.12	16770	0	27
2026.01.27	17:00:00	5054.14	5091.16	5047.51	5090.97	16423	0	27
2026.01.27	18:00:00	5091.04	5103.03	5083.27	5087.55	15076	0	27
2026.01.27	19:00:00	5087.48	5094.12	5076.33	5081.14	14551	0	27
2026.01.27	20:00:00	5081.54	5095.38	5076.23	5087.90	13579	0	27
2026.01.27	21:00:00	5087.82	5099.97	5081.03	5098.87	10993	0	27
2026.01.27	22:00:00	5098.88	5182.45	5097.94	5176.76	16349	0	28
2026.01.27	23:00:00	5176.74	5190.26	5169.24	5189.31	10108	0	30
2026.01.28	01:00:00	5182.28	5185.04	5159.01	5172.37	10343	0	32
2026.01.28	02:00:00	5172.37	5179.91	5156.83	5172.06	11089	0	29
2026.01.28	03:00:00	5171.93	5225.05	5168.74	5204.51	15676	0	29
2026.01.28	04:00:00	5204.41	5234.45	5201.66	5231.87	13165	0	29
2026.01.28	05:00:00	5231.85	5247.32	5224.43	5235.00	13035	0	29
2026.01.28	06:00:00	5235.02	5248.77	5232.26	5245.55	9032	0	29
2026.01.28	07:00:00	5245.57	5266.32	5241.53	5261.22	11684	0	29
2026.01.28	08:00:00	5261.28	5271.25	5251.97	5269.76	11301	0	29
2026.01.28	09:00:00	5269.80	5292.70	5262.93	5290.34	10899	0	27
2026.01.28	10:00:00	5290.32	5311.40	5280.69	5293.62	12904	0	27
2026.01.28	11:00:00	5293.60	5297.33	5263.06	5278.02	11666	0	27
2026.01.28	12:00:00	5278.05	5285.75	5269.27	5270.00	9283	0	27
2026.01.28	13:00:00	5270.51	5270.72	5238.78	5261.56	11381	0	27
2026.01.28	14:00:00	5261.97	5279.13	5251.60	5279.10	11635	0	27
2026.01.28	15:00:00	5279.07	5289.30	5256.79	5266.46	15064	0	27
2026.01.28	16:00:00	5266.43	5288.47	5248.57	5286.03	15679	0	27
2026.01.28	17:00:00	5286.15	5298.15	5235.65	5278.10	16979	0	27
2026.01.28	18:00:00	5278.32	5299.88	5274.47	5299.70	15463	0	27
2026.01.28	19:00:00	5299.76	5307.01	5283.06	5297.93	14696	0	27
2026.01.28	20:00:00	5298.47	5325.96	5268.66	5282.48	16160	0	27
2026.01.28	21:00:00	5279.21	5331.81	5269.61	5325.47	16709	0	27
2026.01.28	22:00:00	5325.44	5391.23	5321.29	5376.45	16621	0	27
2026.01.28	23:00:00	5376.71	5402.09	5376.71	5399.72	10163	0	30
2026.01.29	01:00:00	5440.57	5598.08	5432.02	5511.68	14550	0	33
2026.01.29	02:00:00	5512.89	5526.98	5452.73	5520.12	14795	0	30
2026.01.29	03:00:00	5519.54	5551.17	5445.11	5545.74	16239	0	29
2026.01.29	04:00:00	5545.67	5550.21	5504.11	5535.71	15019	0	29
2026.01.29	05:00:00	5535.78	5548.85	5508.19	5545.67	14051	0	29
2026.01.29	06:00:00	5545.70	5564.39	5533.42	5558.11	11868	0	29
2026.01.29	07:00:00	5558.12	5564.23	5516.15	5562.45	13340	0	29
2026.01.29	08:00:00	5562.40	5595.30	5554.56	5561.51	15223	0	29
2026.01.29	09:00:00	5561.53	5574.89	5536.94	5549.04	13311	0	27
2026.01.29	10:00:00	5548.60	5554.87	5474.33	5509.73	15088	0	27
2026.01.29	11:00:00	5510.19	5529.34	5498.15	5514.01	13048	0	27
2026.01.29	12:00:00	5514.05	5525.29	5482.31	5484.00	11871	0	27
2026.01.29	13:00:00	5483.37	5528.83	5470.78	5522.63	12234	0	27
2026.01.29	14:00:00	5522.58	5542.97	5518.50	5534.06	12670	0	27
2026.01.29	15:00:00	5534.07	5541.09	5500.19	5510.37	14912	0	27
2026.01.29	16:00:00	5510.60	5549.56	5490.92	5497.03	16309	0	27
2026.01.29	17:00:00	5496.96	5496.96	5103.39	5182.79	17491	0	30
2026.01.29	18:00:00	5182.62	5310.98	5172.26	5263.71	17792	0	33
2026.01.29	19:00:00	5264.03	5375.41	5264.03	5334.80	17466	0	63
2026.01.29	20:00:00	5334.74	5361.75	5308.14	5338.67	16736	0	63
2026.01.29	21:00:00	5338.72	5345.31	5290.07	5305.26	16732	0	63
2026.01.29	22:00:00	5305.29	5406.84	5282.38	5394.52	15817	0	63
2026.01.29	23:00:00	5394.17	5425.52	5377.69	5393.99	10752	0	54
2026.01.30	01:00:00	5419.47	5448.36	5387.35	5437.92	11542	0	86
2026.01.30	02:00:00	5437.94	5450.51	5389.08	5406.44	13720	0	71
2026.01.30	03:00:00	5406.73	5409.50	5290.71	5300.74	16819	0	75
2026.01.30	04:00:00	5300.42	5312.38	5111.75	5224.76	17744	0	71
2026.01.30	05:00:00	5224.55	5229.18	5151.10	5196.13	15904	0	71
2026.01.30	06:00:00	5195.52	5230.12	5193.50	5214.61	13769	0	71
2026.01.30	07:00:00	5212.95	5241.45	5179.63	5184.83	13985	0	43
2026.01.30	08:00:00	5184.57	5204.98	5145.17	5155.63	15977	0	57
2026.01.30	09:00:00	5155.65	5186.23	5117.32	5181.15	15202	0	41
2026.01.30	10:00:00	5178.41	5179.17	5057.80	5117.13	16789	0	39
2026.01.30	11:00:00	5117.09	5131.52	4942.26	5014.33	17546	0	51
2026.01.30	12:00:00	5013.59	5122.18	4999.76	5119.65	15719	0	51
2026.01.30	13:00:00	5119.38	5144.62	5089.19	5135.73	14406	0	51
2026.01.30	14:00:00	5133.41	5145.50	5055.16	5064.45	15324	0	39
2026.01.30	15:00:00	5064.35	5099.60	4991.83	5018.65	17005	0	51
2026.01.30	16:00:00	5019.23	5113.31	5014.54	5032.41	17233	0	51
2026.01.30	17:00:00	5032.85	5074.40	4980.57	5050.14	17604	0	39
2026.01.30	18:00:00	5050.48	5051.55	4944.32	4985.55	17631	0	39
2026.01.30	19:00:00	4985.21	4985.96	4800.35	4849.51	18111	0	51
2026.01.30	20:00:00	4849.29	4893.49	4690.03	4878.95	17753	0	51
2026.01.30	21:00:00	4880.00	4947.64	4842.66	4932.61	17218	0	51
2026.01.30	22:00:00	4932.63	4933.09	4809.45	4847.22	17135	0	51
2026.01.30	23:00:00	4847.37	4889.93	4831.28	4863.57	10945	0	54
2026.02.02	01:00:00	4825.15	4827.41	4699.97	4740.66	9193	0	50
2026.02.02	02:00:00	4742.56	4884.66	4740.72	4766.44	16517	0	43
2026.02.02	03:00:00	4766.49	4784.62	4584.39	4736.72	16875	0	43
2026.02.02	04:00:00	4736.84	4772.82	4697.30	4710.58	16655	0	43
2026.02.02	05:00:00	4710.86	4729.23	4630.02	4646.57	16744	0	43
2026.02.02	06:00:00	4646.59	4713.38	4603.47	4679.58	16080	0	43
2026.02.02	07:00:00	4679.22	4695.57	4498.69	4549.49	16524	0	43
2026.02.02	08:00:00	4549.40	4573.26	4402.59	4503.31	17273	0	43
2026.02.02	09:00:00	4504.73	4619.01	4484.39	4586.97	15850	0	39
2026.02.02	10:00:00	4587.06	4650.47	4561.19	4640.76	15800	0	39
2026.02.02	11:00:00	4640.78	4730.77	4603.52	4719.44	15818	0	39
2026.02.02	12:00:00	4719.40	4733.63	4656.87	4705.43	14505	0	39
2026.02.02	13:00:00	4705.44	4778.87	4703.55	4766.09	14207	0	39
2026.02.02	14:00:00	4765.66	4812.37	4743.19	4793.90	14491	0	39
2026.02.02	15:00:00	4793.91	4803.59	4669.47	4705.93	17088	0	39
2026.02.02	16:00:00	4705.94	4794.45	4679.89	4718.83	17064	0	39
2026.02.02	17:00:00	4718.92	4745.43	4617.11	4619.94	17492	0	39
2026.02.02	18:00:00	4620.14	4708.45	4596.46	4665.90	17025	0	39
2026.02.02	19:00:00	4665.93	4713.87	4656.48	4674.43	15625	0	39
2026.02.02	20:00:00	4673.96	4673.99	4618.68	4657.64	15327	0	39
2026.02.02	21:00:00	4657.57	4712.87	4631.19	4685.02	14841	0	39
2026.02.02	22:00:00	4685.43	4700.52	4647.57	4652.74	15460	0	39
2026.02.02	23:00:00	4652.34	4686.94	4643.79	4664.12	9460	0	42
2026.02.03	01:00:00	4700.48	4775.30	4695.25	4774.25	12074	0	46
2026.02.03	02:00:00	4774.24	4829.85	4765.95	4780.12	13684	0	43
2026.02.03	03:00:00	4784.13	4856.07	4766.23	4841.51	16573	0	43
2026.02.03	04:00:00	4841.04	4841.70	4745.35	4783.42	15977	0	43
2026.02.03	05:00:00	4783.34	4813.29	4751.81	4809.80	14489	0	43
2026.02.03	06:00:00	4809.12	4824.97	4800.87	4808.98	11648	0	43
2026.02.03	07:00:00	4808.94	4841.58	4808.94	4825.09	12985	0	43
2026.02.03	08:00:00	4825.08	4893.88	4816.37	4881.33	15253	0	43
2026.02.03	09:00:00	4880.99	4933.34	4871.97	4917.10	12508	0	39
2026.02.03	10:00:00	4917.02	4949.63	4898.32	4912.31	12593	0	39
2026.02.03	11:00:00	4912.94	4925.88	4884.53	4915.93	12109	0	39
2026.02.03	12:00:00	4916.23	4929.67	4901.58	4902.16	9803	0	39
2026.02.03	13:00:00	4902.12	4918.94	4884.00	4916.72	11146	0	39
2026.02.03	14:00:00	4916.69	4935.41	4892.18	4913.56	11879	0	39
2026.02.03	15:00:00	4914.05	4950.77	4902.42	4932.29	15904	0	39
2026.02.03	16:00:00	4932.61	4936.20	4893.59	4916.78	16392	0	39
2026.02.03	17:00:00	4916.83	4948.44	4904.58	4935.28	15664	0	39
2026.02.03	18:00:00	4935.34	4993.81	4929.83	4955.50	15393	0	39
2026.02.03	19:00:00	4954.97	4969.71	4907.57	4929.03	16609	0	39
2026.02.03	20:00:00	4928.82	4954.01	4885.06	4908.06	16032	0	39
2026.02.03	21:00:00	4908.23	4948.74	4880.72	4927.17	15560	0	39
2026.02.03	22:00:00	4927.10	4956.70	4902.70	4944.03	14716	0	39
2026.02.03	23:00:00	4944.20	4964.05	4934.49	4938.79	6829	0	42
2026.02.04	01:00:00	4957.36	4957.40	4909.97	4947.34	10191	0	46
2026.02.04	02:00:00	4947.36	5015.75	4946.23	5015.44	13226	0	43
2026.02.04	03:00:00	5016.16	5053.24	4985.38	5046.40	15001	0	43
2026.02.04	04:00:00	5046.39	5065.18	5035.42	5040.45	12224	0	43
2026.02.04	05:00:00	5040.19	5073.45	5036.00	5069.92	10706	0	43
2026.02.04	06:00:00	5069.91	5080.93	5056.16	5080.33	7316	0	43
2026.02.04	07:00:00	5080.27	5090.14	5069.11	5079.18	8853	0	43
2026.02.04	08:00:00	5079.25	5082.71	5051.01	5076.47	12020	0	43
2026.02.04	09:00:00	5076.39	5091.31	5062.03	5084.85	10349	0	33
2026.02.04	10:00:00	5084.84	5091.83	5068.82	5083.63	8830	0	33
2026.02.04	11:00:00	5083.24	5086.84	5042.85	5059.89	11378	0	33
2026.02.04	12:00:00	5059.81	5064.30	5041.76	5048.61	9758	0	33
2026.02.04	13:00:00	5048.62	5053.29	5013.57	5047.53	10683	0	33
2026.02.04	14:00:00	5047.49	5063.04	5036.30	5040.75	9307	0	33
2026.02.04	15:00:00	5040.72	5063.32	5023.24	5053.77	14092	0	33
2026.02.04	16:00:00	5053.76	5058.62	4967.09	4985.65	15440	0	33
2026.02.04	17:00:00	4985.99	5007.76	4887.69	4920.34	17178	0	33
2026.02.04	18:00:00	4920.13	4939.83	4851.78	4904.54	16561	0	33
2026.02.04	19:00:00	4904.53	4930.69	4888.21	4897.98	16106	0	33
2026.02.04	20:00:00	4897.71	4935.06	4872.82	4927.27	14107	0	33
2026.02.04	21:00:00	4927.38	4957.59	4914.71	4941.73	13631	0	33
2026.02.04	22:00:00	4941.75	4951.69	4914.76	4938.48	12958	0	33
2026.02.04	23:00:00	4938.45	4970.03	4937.46	4963.32	6371	0	36
2026.02.05	01:00:00	4995.05	5023.61	4987.09	5012.06	9320	0	40
2026.02.05	02:00:00	5012.07	5020.41	4997.13	5006.56	9556	0	36
2026.02.05	03:00:00	5006.58	5011.87	4935.94	4958.47	16192	0	36
2026.02.05	04:00:00	4958.48	4961.54	4804.76	4811.63	17038	0	42
2026.02.05	05:00:00	4811.91	4887.49	4789.32	4880.43	16102	0	43
2026.02.05	06:00:00	4880.47	4890.98	4863.38	4863.84	12669	0	43
2026.02.05	07:00:00	4863.60	4906.50	4826.62	4895.96	14180	0	43
2026.02.05	08:00:00	4896.10	4933.94	4878.02	4920.42	14853	0	43
2026.02.05	09:00:00	4920.25	4940.76	4895.80	4914.72	13362	0	39
2026.02.05	10:00:00	4914.86	4943.41	4900.95	4912.22	12581	0	39
2026.02.05	11:00:00	4912.12	4914.33	4849.46	4854.94	14026	0	39
2026.02.05	12:00:00	4854.73	4886.50	4847.62	4876.84	11792	0	39
2026.02.05	13:00:00	4876.87	4894.24	4864.28	4868.08	10222	0	39
2026.02.05	14:00:00	4868.05	4877.88	4809.80	4853.65	15220	0	39
2026.02.05	15:00:00	4853.80	4867.85	4801.89	4835.28	15664	0	39
2026.02.05	16:00:00	4835.29	4869.72	4805.87	4846.66	16658	0	39
2026.02.05	17:00:00	4845.71	4865.88	4800.33	4817.58	16829	0	39
2026.02.05	18:00:00	4817.47	4906.48	4812.31	4889.00	15925	0	39
2026.02.05	19:00:00	4888.92	4890.62	4858.90	4869.07	14584	0	39
2026.02.05	20:00:00	4869.24	4875.04	4850.07	4858.00	13461	0	39
2026.02.05	21:00:00	4857.98	4864.95	4823.44	4829.36	12805	0	39
2026.02.05	22:00:00	4830.17	4843.02	4792.72	4811.38	13487	0	39
2026.02.05	23:00:00	4811.12	4825.87	4759.60	4770.46	8506	0	42
2026.02.06	01:00:00	4776.68	4781.39	4703.42	4703.83	11769	0	46
2026.02.06	02:00:00	4703.72	4764.28	4651.04	4762.92	15756	0	43
2026.02.06	03:00:00	4762.83	4784.38	4693.66	4773.90	15977	0	43
2026.02.06	04:00:00	4773.97	4846.18	4760.66	4816.39	15139	0	43
2026.02.06	05:00:00	4816.16	4839.16	4801.10	4824.19	12348	0	43
2026.02.06	06:00:00	4824.18	4831.50	4807.11	4813.80	8850	0	43
2026.02.06	07:00:00	4813.62	4897.82	4807.59	4897.49	12059	0	43
2026.02.06	08:00:00	4897.47	4902.98	4825.59	4846.23	13848	0	43
2026.02.06	09:00:00	4846.22	4861.53	4838.29	4841.06	10167	0	39
2026.02.06	10:00:00	4841.00	4882.16	4829.43	4861.71	10847	0	39
2026.02.06	11:00:00	4861.79	4872.48	4838.42	4866.41	9273	0	39
2026.02.06	12:00:00	4866.38	4879.89	4851.69	4878.30	8163	0	39
2026.02.06	13:00:00	4878.31	4895.66	4863.84	4886.96	8994	0	39
2026.02.06	14:00:00	4887.00	4903.42	4871.60	4900.16	9667	0	39
2026.02.06	15:00:00	4900.14	4938.27	4897.00	4928.99	13699	0	39
2026.02.06	16:00:00	4926.81	4949.31	4894.36	4948.06	14147	0	39
2026.02.06	17:00:00	4947.30	4964.63	4928.47	4943.50	15323	0	39
2026.02.06	18:00:00	4943.56	4953.10	4921.74	4951.41	13615	0	39
2026.02.06	19:00:00	4951.52	4968.55	4948.16	4960.52	10825	0	39
2026.02.06	20:00:00	4960.64	4971.23	4943.79	4962.39	9427	0	39
2026.02.06	21:00:00	4962.42	4963.15	4948.66	4956.96	7465	0	39
2026.02.06	22:00:00	4957.03	4958.88	4936.53	4953.14	9649	0	39
2026.02.06	23:00:00	4953.18	4964.28	4946.28	4960.19	3842	0	42
2026.02.09	01:00:00	4987.55	5046.75	4964.96	5035.97	10608	0	46
2026.02.09	02:00:00	5035.97	5044.80	5011.90	5019.71	10733	0	43
2026.02.09	03:00:00	5023.85	5041.69	4976.11	4982.47	13894	0	43
2026.02.09	04:00:00	4982.43	5017.20	4969.00	5006.95	11150	0	43
2026.02.09	05:00:00	5006.93	5031.15	5005.48	5015.94	9685	0	43
2026.02.09	06:00:00	5015.95	5024.61	5007.59	5011.95	7560	0	43
2026.02.09	07:00:00	5012.00	5041.33	5011.23	5036.91	9204	0	43
2026.02.09	08:00:00	5036.48	5045.27	5013.91	5031.13	11815	0	43
2026.02.09	09:00:00	5031.12	5031.12	4997.35	5006.35	10161	0	39
2026.02.09	10:00:00	5006.29	5035.35	5002.63	5027.13	8965	0	42
2026.02.09	11:00:00	5027.20	5040.70	5002.59	5007.52	8298	0	42
2026.02.09	12:00:00	5007.83	5014.87	4982.17	4990.80	9975	0	42
2026.02.09	13:00:00	4990.78	5017.84	4988.48	5010.64	7720	0	42
2026.02.09	14:00:00	5010.65	5021.03	5007.04	5013.14	7842	0	42
2026.02.09	15:00:00	5013.37	5024.43	4995.00	5006.79	12585	0	42
2026.02.09	16:00:00	5006.77	5040.48	5002.05	5037.88	13322	0	42
2026.02.09	17:00:00	5037.64	5060.15	5023.44	5058.76	12930	0	42
2026.02.09	18:00:00	5059.25	5080.23	5056.99	5073.17	11571	0	42
2026.02.09	19:00:00	5073.26	5075.35	5040.35	5046.02	10240	0	42
2026.02.09	20:00:00	5046.09	5063.78	5044.02	5062.63	10339	0	42
2026.02.09	21:00:00	5062.56	5079.90	5062.28	5074.40	8302	0	42
2026.02.09	22:00:00	5074.36	5086.46	5072.21	5079.34	9658	0	42
2026.02.09	23:00:00	5079.50	5082.93	5048.37	5065.28	4927	0	45
2026.02.10	01:00:00	5056.64	5064.80	4987.70	5031.82	10428	0	53
2026.02.10	02:00:00	5031.79	5048.21	5008.52	5018.81	10272	0	46
2026.02.10	03:00:00	5018.66	5037.40	5012.39	5032.51	13269	0	46
2026.02.10	04:00:00	5032.50	5056.09	5031.67	5038.09	11621	0	46
2026.02.10	05:00:00	5037.96	5037.96	5016.02	5029.93	10690	0	46
2026.02.10	06:00:00	5029.88	5033.68	5017.33	5031.40	7195	0	46
2026.02.10	07:00:00	5031.37	5040.18	5011.12	5039.41	9466	0	46
2026.02.10	08:00:00	5039.33	5045.38	5018.80	5024.35	10678	0	46
2026.02.10	09:00:00	5024.39	5035.91	5018.46	5033.83	7995	0	39
2026.02.10	10:00:00	5033.82	5054.86	5028.74	5041.73	9170	0	39
2026.02.10	11:00:00	5041.74	5063.07	5040.51	5046.58	8029	0	39
2026.02.10	12:00:00	5046.62	5058.02	5037.04	5046.73	7457	0	39
2026.02.10	13:00:00	5046.65	5057.41	5044.35	5055.98	6164	0	39
2026.02.10	14:00:00	5055.42	5057.06	5019.55	5032.10	9172	0	39
2026.02.10	15:00:00	5032.13	5058.63	5026.51	5051.03	11325	0	39
2026.02.10	16:00:00	5051.65	5078.54	5020.33	5039.43	13394	0	39
2026.02.10	17:00:00	5037.60	5047.81	4999.04	5019.46	14353	0	39
2026.02.10	18:00:00	5019.40	5026.40	5005.52	5023.75	12829	0	39
2026.02.10	19:00:00	5023.76	5039.94	5020.77	5026.14	9302	0	39
2026.02.10	20:00:00	5026.15	5027.72	5004.68	5013.13	10267	0	39
2026.02.10	21:00:00	5013.11	5030.13	5008.69	5027.95	8042	0	39
2026.02.10	22:00:00	5027.94	5045.10	5020.28	5030.23	8524	0	39
2026.02.10	23:00:00	5030.16	5032.65	5020.30	5023.25	3359	0	42
2026.02.11	01:00:00	5033.59	5054.42	5029.33	5041.83	5418	0	46
2026.02.11	02:00:00	5041.85	5049.33	5027.95	5037.73	7276	0	43
2026.02.11	03:00:00	5037.72	5052.89	5030.62	5052.43	9600	0	39
2026.02.11	04:00:00	5052.42	5057.60	5032.49	5055.50	8847	0	39
2026.02.11	05:00:00	5055.65	5060.56	5044.92	5054.47	6446	0	39
2026.02.11	06:00:00	5054.46	5059.56	5045.81	5046.35	4634	0	39
2026.02.11	07:00:00	5046.26	5063.73	5043.51	5052.30	7068	0	39
2026.02.11	08:00:00	5052.56	5064.35	5049.33	5063.95	8263	0	39
2026.02.11	09:00:00	5063.97	5069.35	5048.91	5055.50	8721	0	36
2026.02.11	10:00:00	5054.90	5060.34	5045.87	5053.62	5906	0	36
2026.02.11	11:00:00	5053.63	5071.84	5047.24	5062.60	6234	0	36
2026.02.11	12:00:00	5062.63	5101.14	5062.34	5093.26	8114	0	36
2026.02.11	13:00:00	5093.25	5116.57	5082.56	5111.75	7454	0	36
2026.02.11	14:00:00	5111.72	5118.84	5051.71	5083.30	10636	0	40
2026.02.11	15:00:00	5083.43	5089.72	5018.59	5065.73	14424	0	40
2026.02.11	16:00:00	5065.72	5082.59	5035.73	5059.35	14915	0	40
2026.02.11	17:00:00	5059.39	5081.80	5039.03	5060.54	15739	0	40
2026.02.11	18:00:00	5060.20	5078.12	5042.82	5075.13	12634	0	40
2026.02.11	19:00:00	5075.14	5098.74	5068.38	5091.57	11141	0	40
2026.02.11	20:00:00	5091.58	5092.84	5066.74	5082.34	10840	0	40
2026.02.11	21:00:00	5082.31	5094.25	5076.86	5081.89	9344	0	40
2026.02.11	22:00:00	5081.81	5089.85	5078.11	5086.59	9112	0	40
2026.02.11	23:00:00	5086.61	5092.76	5069.65	5078.82	4470	0	43
2026.02.12	01:00:00	5095.32	5096.18	5052.29	5060.72	7651	0	42
2026.02.12	02:00:00	5060.86	5067.46	5049.76	5062.78	9551	0	39
2026.02.12	03:00:00	5062.79	5064.16	5045.05	5063.11	10536	0	39
2026.02.12	04:00:00	5063.22	5072.42	5054.93	5065.91	8648	0	39
2026.02.12	05:00:00	5065.87	5074.51	5054.82	5056.88	6782	0	39
2026.02.12	06:00:00	5056.84	5069.72	5050.83	5069.22	4803	0	39
2026.02.12	07:00:00	5069.20	5078.13	5064.54	5075.46	6773	0	39
2026.02.12	08:00:00	5075.59	5076.23	5047.23	5059.54	9078	0	39
2026.02.12	09:00:00	5059.54	5066.16	5051.69	5063.86	5837	0	36
2026.02.12	10:00:00	5063.81	5073.38	5052.35	5068.48	6861	0	36
2026.02.12	11:00:00	5068.38	5080.63	5066.23	5073.07	6034	0	36
2026.02.12	12:00:00	5073.04	5077.05	5056.01	5061.96	6088	0	36
2026.02.12	13:00:00	5061.95	5068.27	5059.36	5063.81	5000	0	36
2026.02.12	14:00:00	5063.95	5068.48	5048.70	5052.67	6540	0	36
2026.02.12	15:00:00	5052.66	5083.56	5051.38	5075.35	9614	0	36
2026.02.12	16:00:00	5075.30	5077.63	5039.30	5044.32	12598	0	36
2026.02.12	17:00:00	5044.34	5074.67	5039.93	5060.53	11519	0	36
2026.02.12	18:00:00	5060.54	5068.08	4878.53	4954.48	17108	0	42
2026.02.12	19:00:00	4954.50	4982.32	4939.29	4940.92	15768	0	40
2026.02.12	20:00:00	4940.94	4952.01	4906.42	4935.47	15502	0	40
2026.02.12	21:00:00	4935.49	4957.91	4927.40	4945.35	13261	0	40
2026.02.12	22:00:00	4945.30	4948.15	4910.93	4915.13	13495	0	40
2026.02.12	23:00:00	4914.54	4926.25	4911.70	4919.66	5332	0	43
2026.02.13	01:00:00	4891.66	4928.46	4888.63	4920.09	7553	0	46
2026.02.13	02:00:00	4920.06	4948.39	4913.64	4927.89	9731	0	43
2026.02.13	03:00:00	4928.01	4988.37	4927.06	4980.71	12347	0	43
2026.02.13	04:00:00	4980.73	4991.05	4972.09	4988.16	8860	0	43
2026.02.13	05:00:00	4988.10	4989.08	4973.72	4981.29	6713	0	43
2026.02.13	06:00:00	4981.26	4996.99	4972.78	4976.54	5811	0	43
2026.02.13	07:00:00	4976.53	4986.26	4944.67	4945.88	8805	0	39
2026.02.13	08:00:00	4945.96	4968.57	4945.96	4967.15	10527	0	39
2026.02.13	09:00:00	4967.14	4982.57	4950.98	4974.69	8767	0	36
2026.02.13	10:00:00	4974.87	4989.41	4971.13	4982.54	9154	0	36
2026.02.13	11:00:00	4982.56	4982.79	4961.41	4970.19	7312	0	36
2026.02.13	12:00:00	4970.18	4980.49	4947.19	4949.93	6527	0	36
2026.02.13	13:00:00	4950.07	4955.43	4933.66	4953.88	8657	0	36
2026.02.13	14:00:00	4953.85	4973.76	4952.07	4969.38	7764	0	36
2026.02.13	15:00:00	4969.42	4999.30	4957.62	4987.01	11161	0	36
2026.02.13	16:00:00	4987.29	5010.64	4963.74	4995.37	14257	0	36
2026.02.13	17:00:00	4995.40	5020.40	4973.94	4976.57	15738	0	40
2026.02.13	18:00:00	4976.58	5033.50	4975.53	5007.66	13556	0	40
2026.02.13	19:00:00	5008.37	5029.10	5005.86	5020.88	10488	0	36
2026.02.13	20:00:00	5020.90	5035.26	5015.39	5031.09	10201	0	36
2026.02.13	21:00:00	5031.10	5045.89	5024.70	5024.77	9444	0	36
2026.02.13	22:00:00	5023.64	5034.59	5021.50	5032.41	10753	0	36
2026.02.13	23:00:00	5032.38	5046.02	5029.56	5042.78	3468	0	39
2026.02.16	01:00:00	5015.19	5032.34	5011.83	5019.93	7866	0	45
2026.02.16	02:00:00	5019.92	5022.50	5000.06	5015.49	7420	0	39
2026.02.16	03:00:00	5015.46	5031.01	5006.92	5028.78	6987	0	37
2026.02.16	04:00:00	5028.79	5030.91	4992.15	4994.64	7386	0	36
2026.02.16	05:00:00	4994.51	4999.86	4976.97	4987.46	7313	0	36
2026.02.16	06:00:00	4987.44	4992.05	4972.92	4976.73	6702	0	36
2026.02.16	07:00:00	4977.61	4990.67	4965.73	4990.53	6208	0	36
2026.02.16	08:00:00	4990.42	5002.90	4984.57	4994.69	5261	0	36
2026.02.16	09:00:00	4994.72	5009.84	4989.32	5007.13	5453	0	35
2026.02.16	10:00:00	5007.19	5013.24	4995.74	5007.93	6532	0	35
2026.02.16	11:00:00	5007.86	5017.00	5007.86	5013.42	4962	0	35
2026.02.16	12:00:00	5013.39	5017.08	5000.43	5005.99	5208	0	35
2026.02.16	13:00:00	5006.02	5007.99	4998.97	5004.26	4146	0	35
2026.02.16	14:00:00	5004.26	5007.98	4993.02	5001.88	5317	0	35
2026.02.16	15:00:00	5002.35	5003.68	4989.64	4997.14	5505	0	35
2026.02.16	16:00:00	4997.12	4999.44	4981.74	4988.22	6904	0	35
2026.02.16	17:00:00	4987.62	4988.18	4968.97	4979.61	6908	0	35
2026.02.16	18:00:00	4979.60	4990.19	4973.08	4987.99	6052	0	35
2026.02.16	19:00:00	4988.03	4995.94	4988.01	4991.55	3541	0	35
2026.02.16	20:00:00	4991.71	4997.41	4988.61	4994.49	4257	0	35
2026.02.16	21:00:00	4994.48	4996.23	4990.47	4993.49	2465	0	35
2026.02.17	01:00:00	4998.20	5000.66	4985.15	4989.62	4495	0	39
2026.02.17	02:00:00	4989.64	4991.17	4932.23	4935.59	8005	0	36
2026.02.17	03:00:00	4935.69	4963.79	4922.94	4957.40	9227	0	36
2026.02.17	04:00:00	4957.56	4970.90	4954.40	4966.83	5997	0	36
2026.02.17	05:00:00	4966.79	4969.96	4949.86	4956.69	6599	0	36
2026.02.17	06:00:00	4956.68	4960.04	4946.61	4952.83	4703	0	36
2026.02.17	07:00:00	4952.65	4954.05	4857.89	4888.71	11819	0	36
2026.02.17	08:00:00	4888.74	4914.18	4886.31	4910.23	7904	0	36
2026.02.17	09:00:00	4910.21	4922.15	4903.80	4917.03	7340	0	35
2026.02.17	10:00:00	4916.99	4930.10	4916.23	4920.66	7254	0	35
2026.02.17	11:00:00	4920.43	4932.53	4912.89	4925.90	6817	0	35
2026.02.17	12:00:00	4925.88	4939.24	4907.51	4913.08	6583	0	35
2026.02.17	13:00:00	4913.30	4930.73	4913.11	4929.27	6091	0	35
2026.02.17	14:00:00	4929.13	4944.07	4928.20	4931.92	7157	0	35
2026.02.17	15:00:00	4931.94	4933.24	4869.57	4870.55	10962	0	35
2026.02.17	16:00:00	4870.61	4907.01	4842.03	4862.83	15207	0	35
2026.02.17	17:00:00	4863.65	4882.37	4849.00	4878.68	15657	0	35
2026.02.17	18:00:00	4878.47	4893.59	4868.53	4869.12	13610	0	35
2026.02.17	19:00:00	4869.14	4871.12	4850.17	4865.02	12017	0	35
2026.02.17	20:00:00	4865.08	4910.47	4862.42	4898.89	11705	0	35
2026.02.17	21:00:00	4898.92	4901.04	4876.53	4880.21	10674	0	35
2026.02.17	22:00:00	4880.03	4883.95	4873.28	4877.86	10827	0	35
2026.02.17	23:00:00	4877.87	4886.57	4875.05	4877.64	3104	0	35
2026.02.18	01:00:00	4870.68	4884.26	4854.00	4859.05	6666	0	37
2026.02.18	02:00:00	4859.03	4883.19	4858.26	4874.83	7687	0	35
2026.02.18	03:00:00	4874.78	4893.07	4874.50	4889.92	7082	0	35
2026.02.18	04:00:00	4889.88	4907.20	4886.43	4905.23	5171	0	35
2026.02.18	05:00:00	4905.39	4922.01	4904.17	4920.62	5299	0	35
2026.02.18	06:00:00	4920.65	4940.03	4918.21	4934.08	5751	0	35
2026.02.18	07:00:00	4934.15	4939.78	4929.78	4933.29	4894	0	35
2026.02.18	08:00:00	4933.41	4935.92	4925.14	4930.74	5449	0	35
2026.02.18	09:00:00	4930.72	4942.12	4929.16	4930.23	4817	0	35
2026.02.18	10:00:00	4930.36	4932.25	4916.69	4917.06	5543	0	35
2026.02.18	11:00:00	4917.03	4923.03	4912.92	4917.23	5351	0	35
2026.02.18	12:00:00	4917.15	4924.42	4909.45	4914.46	6779	0	35
2026.02.18	13:00:00	4914.45	4917.55	4906.34	4912.88	4721	0	35
2026.02.18	14:00:00	4912.87	4947.00	4911.97	4942.88	7233	0	35
2026.02.18	15:00:00	4942.92	4969.03	4942.91	4954.27	9585	0	35
2026.02.18	16:00:00	4954.29	4993.95	4952.25	4991.66	11751	0	35
2026.02.18	17:00:00	4991.64	5008.81	4991.64	4997.87	11846	0	35
2026.02.18	18:00:00	4997.96	5010.77	4991.36	5000.36	10730	0	35
2026.02.18	19:00:00	5000.49	5001.54	4993.34	4999.18	8340	0	35
2026.02.18	20:00:00	4999.17	5003.13	4980.48	4987.26	9893	0	35
2026.02.18	21:00:00	4987.28	4995.29	4972.86	4980.46	10218	0	35
2026.02.18	22:00:00	4980.42	4987.48	4975.36	4985.10	10099	0	35
2026.02.18	23:00:00	4984.74	4986.33	4978.56	4979.28	2247	0	35
2026.02.19	01:00:00	4972.97	4988.67	4967.03	4975.88	6033	0	37
2026.02.19	02:00:00	4975.81	4976.15	4960.77	4961.26	6457	0	35
2026.02.19	03:00:00	4961.24	4975.53	4960.96	4973.15	5706	0	35
2026.02.19	04:00:00	4973.08	4977.33	4965.75	4968.10	4697	0	35
2026.02.19	05:00:00	4967.99	4983.21	4966.29	4981.45	4854	0	35
2026.02.19	06:00:00	4981.38	4985.29	4976.77	4984.17	4179	0	35
2026.02.19	07:00:00	4984.12	4998.59	4984.06	4996.83	4313	0	35
2026.02.19	08:00:00	4996.73	5019.74	4996.46	5018.18	5460	0	35
2026.02.19	09:00:00	5018.18	5021.57	5008.89	5010.27	5134	0	35
2026.02.19	10:00:00	5010.26	5021.85	5006.38	5017.02	6406	0	35
2026.02.19	11:00:00	5017.12	5020.32	4993.11	4995.69	6574	0	35
2026.02.19	12:00:00	4995.66	4996.05	4981.42	4993.27	7384	0	35
2026.02.19	13:00:00	4993.26	4996.28	4977.99	4984.37	6365	0	35
2026.02.19	14:00:00	4984.82	4992.71	4980.36	4984.75	6419	0	35
2026.02.19	15:00:00	4984.94	4998.40	4972.59	4997.04	9129	0	35
2026.02.19	16:00:00	4996.92	5010.41	4963.48	5005.53	13250	0	35
2026.02.19	17:00:00	5006.03	5022.14	4995.92	5013.72	14178	0	35
2026.02.19	18:00:00	5013.73	5014.24	4989.79	4995.11	11217	0	35
2026.02.19	19:00:00	4995.03	5001.53	4982.89	4984.81	8958	0	35
2026.02.19	20:00:00	4985.01	4989.21	4975.21	4981.60	8986	0	35
2026.02.19	21:00:00	4981.72	4990.20	4978.25	4987.83	7553	0	35
2026.02.19	22:00:00	4987.79	5003.27	4987.79	5001.74	9246	0	35
2026.02.19	23:00:00	5001.66	5004.01	4991.85	4999.04	2834	0	35
2026.02.20	01:00:00	5001.81	5008.05	4985.43	4987.58	5068	0	37
2026.02.20	02:00:00	4987.70	5006.72	4985.39	5006.31	5503	0	35
2026.02.20	03:00:00	5006.30	5014.61	4995.31	4996.93	6904	0	35
2026.02.20	04:00:00	4996.89	5007.21	4992.68	4996.05	5555	0	35
2026.02.20	05:00:00	4996.06	4999.11	4981.69	4987.18	5208	0	35
2026.02.20	06:00:00	4987.95	5003.21	4986.56	4999.67	3534	0	35
2026.02.20	07:00:00	4999.88	5011.78	4997.99	5011.78	4988	0	35
2026.02.20	08:00:00	5011.77	5029.85	5011.77	5020.57	6497	0	35
2026.02.20	09:00:00	5020.55	5028.08	5005.92	5006.12	6560	0	35
2026.02.20	10:00:00	5006.23	5030.60	5005.00	5028.82	6991	0	35
2026.02.20	11:00:00	5028.70	5042.42	5027.43	5027.58	7057	0	35
2026.02.20	12:00:00	5027.69	5038.32	5019.58	5034.64	6453	0	35
2026.02.20	13:00:00	5034.58	5034.75	5015.50	5017.33	5930	0	35
2026.02.20	14:00:00	5017.29	5026.52	5007.00	5025.11	7399	0	35
2026.02.20	15:00:00	5025.18	5048.63	5018.17	5043.37	9308	0	35
2026.02.20	16:00:00	5043.48	5060.46	5037.21	5054.42	11945	0	35
2026.02.20	17:00:00	5054.43	5063.92	4990.96	5042.41	16981	0	35
2026.02.20	18:00:00	5042.58	5069.12	5038.78	5066.47	13943	0	35
2026.02.20	19:00:00	5066.48	5076.18	5054.52	5072.93	12702	0	35
2026.02.20	20:00:00	5072.86	5075.06	5054.31	5071.07	12658	0	35
2026.02.20	21:00:00	5071.34	5079.68	5068.53	5079.36	8360	0	35
2026.02.20	22:00:00	5079.37	5097.98	5076.84	5097.00	10760	0	35
2026.02.20	23:00:00	5096.83	5104.85	5091.53	5103.59	4389	0	35
2026.02.23	01:00:00	5117.59	5171.76	5117.54	5165.18	9928	0	37
2026.02.23	02:00:00	5164.54	5166.51	5129.46	5144.44	11663	0	35
2026.02.23	03:00:00	5144.57	5167.56	5140.16	5157.44	10414	0	35
2026.02.23	04:00:00	5157.36	5176.48	5156.58	5173.49	8830	0	35
2026.02.23	05:00:00	5173.50	5175.85	5152.75	5166.71	7368	0	35
2026.02.23	06:00:00	5166.67	5168.67	5155.43	5160.68	5707	0	35
2026.02.23	07:00:00	5160.72	5161.59	5152.17	5158.20	5888	0	35
2026.02.23	08:00:00	5158.18	5161.39	5145.05	5145.60	6324	0	35
2026.02.23	09:00:00	5145.44	5154.26	5125.09	5136.64	9013	0	35
2026.02.23	10:00:00	5136.18	5141.99	5122.17	5140.04	8409	0	35
2026.02.23	11:00:00	5139.06	5150.00	5139.06	5149.47	6194	0	35
2026.02.23	12:00:00	5149.52	5163.34	5145.14	5162.77	6921	0	35
2026.02.23	13:00:00	5162.78	5163.33	5146.86	5149.65	6479	0	35
2026.02.23	14:00:00	5149.92	5165.34	5145.44	5164.03	7256	0	35
2026.02.23	15:00:00	5163.96	5165.02	5143.59	5146.26	8866	0	35
2026.02.23	16:00:00	5146.16	5200.34	5141.36	5192.27	12653	0	35
2026.02.23	17:00:00	5192.26	5204.89	5180.80	5196.41	14745	0	35
2026.02.23	18:00:00	5195.82	5218.80	5175.83	5209.94	14329	0	35
2026.02.23	19:00:00	5209.96	5213.46	5191.09	5207.87	12214	0	35
2026.02.23	20:00:00	5207.92	5215.80	5200.92	5209.49	10151	0	35
2026.02.23	21:00:00	5209.30	5218.29	5206.51	5215.53	8975	0	35
2026.02.23	22:00:00	5214.83	5237.75	5214.83	5236.34	10930	0	35
2026.02.23	23:00:00	5236.25	5237.29	5226.39	5231.23	4312	0	35
2026.02.24	01:00:00	5243.06	5249.58	5234.45	5235.45	6761	0	47
2026.02.24	02:00:00	5235.50	5237.99	5218.24	5223.69	8854	0	42
2026.02.24	03:00:00	5223.62	5223.63	5145.19	5177.13	15178	0	43
2026.02.24	04:00:00	5177.19	5190.70	5165.48	5189.78	9580	0	42
2026.02.24	05:00:00	5189.69	5191.68	5170.98	5171.95	7141	0	42
2026.02.24	06:00:00	5171.79	5175.11	5161.06	5168.10	5817	0	42
2026.02.24	07:00:00	5167.72	5185.60	5164.03	5182.53	7491	0	42
2026.02.24	08:00:00	5182.51	5184.67	5156.49	5173.43	8118	0	42
2026.02.24	09:00:00	5173.42	5183.72	5164.03	5179.23	8152	0	40
2026.02.24	10:00:00	5178.37	5181.93	5165.01	5173.42	7097	0	40
2026.02.24	11:00:00	5172.58	5180.20	5166.48	5171.29	5637	0	40
2026.02.24	12:00:00	5171.24	5181.29	5163.21	5172.72	5920	0	40
2026.02.24	13:00:00	5172.71	5178.24	5170.78	5172.51	4444	0	40
2026.02.24	14:00:00	5171.97	5173.27	5144.65	5150.47	8945	0	40
2026.02.24	15:00:00	5150.41	5161.13	5111.01	5114.93	12230	0	40
2026.02.24	16:00:00	5114.87	5139.19	5093.52	5128.52	15646	0	40
2026.02.24	17:00:00	5128.51	5155.14	5118.01	5150.18	14014	0	40
2026.02.24	18:00:00	5150.37	5152.12	5131.18	5141.77	12553	0	40
2026.02.24	19:00:00	5141.75	5163.63	5141.65	5163.63	9984	0	40
2026.02.24	20:00:00	5163.59	5169.85	5153.70	5159.98	10048	0	40
2026.02.24	21:00:00	5159.97	5160.29	5146.49	5153.89	9004	0	40
2026.02.24	22:00:00	5154.09	5173.09	5146.51	5163.77	10531	0	40
2026.02.24	23:00:00	5163.85	5165.51	5145.89	5148.00	3703	0	43
2026.02.25	01:00:00	5136.04	5151.99	5127.74	5146.51	5711	0	48
2026.02.25	02:00:00	5146.53	5156.19	5136.79	5152.17	7098	0	42
2026.02.25	03:00:00	5152.33	5189.79	5144.16	5176.65	11090	0	42
2026.02.25	04:00:00	5176.63	5193.72	5166.43	5180.51	9119	0	42
2026.02.25	05:00:00	5180.69	5189.86	5178.25	5182.11	7783	0	42
2026.02.25	06:00:00	5182.04	5185.04	5172.86	5182.54	5006	0	42
2026.02.25	07:00:00	5183.36	5210.40	5182.63	5201.63	7712	0	42
2026.02.25	08:00:00	5201.63	5201.65	5182.23	5194.59	9182	0	42
2026.02.25	09:00:00	5194.61	5194.91	5180.36	5184.57	5421	0	40
2026.02.25	10:00:00	5185.21	5197.04	5184.01	5185.21	6755	0	40
2026.02.25	11:00:00	5185.12	5194.45	5176.61	5193.17	7174	0	40
2026.02.25	12:00:00	5193.22	5195.08	5170.26	5174.98	6796	0	40
2026.02.25	13:00:00	5174.98	5182.27	5155.02	5181.37	7321	0	41
2026.02.25	14:00:00	5181.37	5187.13	5177.18	5182.61	6703	0	54
2026.02.25	15:00:00	5182.56	5191.25	5180.83	5184.99	9952	0	54
2026.02.25	16:00:00	5184.85	5193.16	5158.92	5191.18	12829	0	50
2026.02.25	17:00:00	5191.15	5202.32	5172.41	5194.39	13643	0	50
2026.02.25	18:00:00	5194.67	5213.58	5189.59	5212.14	11120	0	50
2026.02.25	19:00:00	5212.12	5217.42	5203.59	5206.81	10161	0	50
2026.02.25	20:00:00	5206.79	5207.44	5200.59	5201.73	4189	0	50
2026.02.25	21:00:00	5201.60	5208.18	5191.32	5204.80	8407	0	60
2026.02.25	22:00:00	5204.82	5205.99	5145.68	5151.81	11966	0	56
2026.02.25	23:00:00	5151.73	5173.22	5150.12	5170.69	6947	0	61
2026.02.26	01:00:00	5175.98	5181.74	5161.16	5162.75	7591	0	46
2026.02.26	02:00:00	5162.84	5191.86	5155.32	5188.19	9247	0	39
2026.02.26	03:00:00	5188.21	5198.26	5178.43	5191.38	11666	0	39
2026.02.26	04:00:00	5191.30	5195.47	5174.00	5184.25	9472	0	39
2026.02.26	05:00:00	5184.24	5193.64	5182.86	5191.85	6922	0	39
2026.02.26	06:00:00	5191.75	5198.92	5190.36	5192.56	5428	0	39
2026.02.26	07:00:00	5192.61	5205.22	5190.28	5198.13	8200	0	39
2026.02.26	08:00:00	5198.16	5199.45	5190.30	5193.17	7594	0	39
2026.02.26	09:00:00	5193.16	5194.56	5179.56	5185.92	6777	0	35
2026.02.26	10:00:00	5186.36	5190.73	5167.96	5179.29	9576	0	35
2026.02.26	11:00:00	5179.27	5189.36	5173.83	5186.31	6641	0	35
2026.02.26	12:00:00	5186.30	5189.99	5165.89	5171.30	6448	0	35
2026.02.26	13:00:00	5171.29	5178.22	5161.11	5164.57	5985	0	35
2026.02.26	14:00:00	5165.34	5187.67	5157.65	5183.60	8330	0	35
2026.02.26	15:00:00	5183.58	5185.44	5164.33	5166.23	11656	0	35
2026.02.26	16:00:00	5165.93	5175.96	5139.52	5165.07	13716	0	35
2026.02.26	17:00:00	5164.60	5192.64	5130.29	5185.69	16278	0	35
2026.02.26	18:00:00	5185.71	5187.26	5172.82	5179.60	13168	0	35
2026.02.26	19:00:00	5180.01	5190.19	5161.97	5167.14	11548	0	35
2026.02.26	20:00:00	5167.21	5185.67	5160.37	5180.13	11006	0	35
2026.02.26	21:00:00	5180.31	5193.92	5179.59	5186.90	8389	0	35
2026.02.26	22:00:00	5186.91	5200.92	5186.68	5196.50	9793	0	35
2026.02.26	23:00:00	5196.32	5200.56	5184.46	5187.00	3500	0	37
2026.02.27	01:00:00	5181.85	5189.10	5178.80	5184.46	4550	0	39
2026.02.27	02:00:00	5184.61	5194.72	5170.18	5174.94	7334	0	36
2026.02.27	03:00:00	5175.17	5194.26	5166.85	5193.95	10682	0	36
2026.02.27	04:00:00	5193.93	5199.48	5173.46	5183.54	10578	0	36
2026.02.27	05:00:00	5183.47	5190.45	5181.06	5184.08	7973	0	36
2026.02.27	06:00:00	5184.03	5188.66	5180.80	5181.58	4715	0	36
2026.02.27	07:00:00	5181.57	5200.32	5181.25	5197.70	7492	0	36
2026.02.27	08:00:00	5197.67	5198.99	5184.96	5185.63	9154	0	36
2026.02.27	09:00:00	5185.62	5189.55	5175.56	5175.92	7386	0	35
2026.02.27	10:00:00	5177.06	5182.27	5174.24	5178.57	6350	0	35
2026.02.27	11:00:00	5178.56	5182.54	5172.18	5175.88	5868	0	35
2026.02.27	12:00:00	5176.04	5180.75	5168.61	5177.54	5702	0	35
2026.02.27	13:00:00	5177.49	5185.59	5172.52	5185.56	5078	0	35
2026.02.27	14:00:00	5185.63	5190.36	5182.91	5187.39	6115	0	35
2026.02.27	15:00:00	5187.53	5240.30	5186.71	5222.97	14937	0	37
2026.02.27	16:00:00	5222.74	5236.14	5213.65	5223.69	14356	0	36
2026.02.27	17:00:00	5223.74	5246.44	5214.70	5239.31	15028	0	36
2026.02.27	18:00:00	5239.32	5257.53	5222.03	5228.96	14341	0	36
2026.02.27	19:00:00	5229.06	5236.84	5221.13	5234.55	12398	0	36
2026.02.27	20:00:00	5234.71	5246.74	5222.49	5245.19	10758	0	36
2026.02.27	21:00:00	5244.97	5252.21	5240.07	5249.98	9300	0	36
2026.02.27	22:00:00	5249.91	5265.21	5248.53	5263.22	10743	0	36
2026.02.27	23:00:00	5263.21	5278.74	5257.14	5277.51	4503	0	39
2026.03.02	01:00:00	5358.16	5393.53	5328.00	5386.29	19015	0	51
2026.03.02	02:00:00	5386.27	5387.57	5340.68	5347.12	13813	0	76
2026.03.02	03:00:00	5347.01	5347.01	5302.94	5324.67	15817	0	76
2026.03.02	04:00:00	5324.65	5351.39	5316.71	5346.27	12222	0	76
2026.03.02	05:00:00	5346.19	5366.45	5343.99	5366.03	9736	0	76
2026.03.02	06:00:00	5366.05	5366.74	5344.77	5355.64	7940	0	76
2026.03.02	07:00:00	5354.78	5365.96	5340.66	5365.78	9191	0	76
2026.03.02	08:00:00	5365.79	5389.46	5363.27	5387.18	11049	0	76
2026.03.02	09:00:00	5387.24	5418.89	5384.56	5408.16	12158	0	72
2026.03.02	10:00:00	5407.45	5416.46	5391.02	5393.82	12221	0	72
2026.03.02	11:00:00	5393.93	5402.48	5385.82	5391.79	10355	0	72
2026.03.02	12:00:00	5391.84	5400.62	5378.55	5388.65	9730	0	72
2026.03.02	13:00:00	5388.75	5399.64	5373.52	5384.89	9274	0	72
2026.03.02	14:00:00	5384.91	5398.40	5378.67	5396.74	10027	0	72
2026.03.02	15:00:00	5396.61	5416.39	5381.65	5393.60	14377	0	72
2026.03.02	16:00:00	5393.58	5394.74	5304.49	5333.55	16960	0	72
2026.03.02	17:00:00	5333.51	5348.53	5307.90	5315.60	17086	0	72
2026.03.02	18:00:00	5314.96	5314.96	5260.32	5289.64	16882	0	72
2026.03.02	19:00:00	5289.70	5320.24	5286.55	5306.47	14758	0	72
2026.03.02	20:00:00	5306.51	5316.35	5289.28	5315.26	12776	0	72
2026.03.02	21:00:00	5315.25	5333.84	5313.53	5330.09	10668	0	69
2026.03.02	22:00:00	5330.14	5346.08	5328.03	5331.98	13772	0	69
2026.03.02	23:00:00	5332.17	5340.09	5323.60	5327.04	8572	0	51
2026.03.03	01:00:00	5344.76	5346.60	5328.73	5345.36	9079	0	45
2026.03.03	02:00:00	5345.38	5361.73	5336.62	5350.04	7924	0	67
2026.03.03	03:00:00	5349.99	5379.48	5337.87	5339.03	13266	0	67
2026.03.03	04:00:00	5339.11	5367.71	5332.82	5366.24	12505	0	67
2026.03.03	05:00:00	5366.59	5373.19	5359.15	5366.70	8585	0	67
2026.03.03	06:00:00	5366.87	5375.27	5359.07	5360.74	7270	0	67
2026.03.03	07:00:00	5361.10	5366.82	5305.22	5318.76	12028	0	67
2026.03.03	08:00:00	5318.78	5322.71	5277.35	5310.35	14208	0	67
2026.03.03	09:00:00	5310.31	5330.92	5305.78	5327.44	9759	0	63
2026.03.03	10:00:00	5327.46	5335.71	5290.15	5295.43	12725	0	62
2026.03.03	11:00:00	5295.45	5303.53	5226.42	5274.81	14113	0	62
2026.03.03	12:00:00	5274.47	5287.53	5237.61	5247.93	13271	0	60
2026.03.03	13:00:00	5247.76	5263.70	5074.00	5144.69	17127	0	55
2026.03.03	14:00:00	5144.53	5226.37	5138.31	5224.40	14827	0	63
2026.03.03	15:00:00	5224.34	5224.34	5127.03	5156.43	16562	0	63
2026.03.03	16:00:00	5156.50	5175.14	5015.59	5037.51	17251	0	63
2026.03.03	17:00:00	5038.39	5096.72	4995.98	5095.51	17893	0	63
2026.03.03	18:00:00	5095.26	5134.30	5090.37	5106.56	17383	0	63
2026.03.03	19:00:00	5106.75	5109.53	5065.07	5078.85	16510	0	63
2026.03.03	20:00:00	5078.93	5137.75	5078.81	5135.65	15346	0	63
2026.03.03	21:00:00	5135.59	5148.32	5099.18	5112.97	15314	0	63
2026.03.03	22:00:00	5112.99	5130.18	5085.75	5096.84	15106	0	63
2026.03.03	23:00:00	5096.82	5109.97	5083.69	5087.21	8724	0	45
2026.03.04	01:00:00	5110.33	5129.24	5103.69	5124.80	12191	0	48
2026.03.04	02:00:00	5125.03	5140.02	5105.83	5138.39	10727	0	67
2026.03.04	03:00:00	5138.40	5178.32	5138.40	5174.87	15106	0	67
2026.03.04	04:00:00	5174.84	5190.50	5153.80	5155.78	13381	0	67
2026.03.04	05:00:00	5155.96	5177.12	5141.03	5174.31	12491	0	67
2026.03.04	06:00:00	5174.29	5180.50	5151.27	5156.64	9948	0	67
2026.03.04	07:00:00	5156.58	5168.06	5151.86	5159.68	12313	0	67
2026.03.04	08:00:00	5159.66	5160.31	5120.00	5160.31	12993	0	63
2026.03.04	09:00:00	5160.24	5175.73	5158.43	5168.16	9941	0	60
2026.03.04	10:00:00	5168.11	5181.83	5147.62	5167.37	10729	0	60
2026.03.04	11:00:00	5167.32	5184.70	5158.91	5182.03	9325	0	60
2026.03.04	12:00:00	5182.07	5202.31	5179.44	5189.59	10041	0	60
2026.03.04	13:00:00	5189.58	5200.40	5187.48	5191.92	7382	0	60
2026.03.04	14:00:00	5191.94	5205.77	5156.07	5170.88	11481	0	60
2026.03.04	15:00:00	5170.96	5196.08	5167.13	5167.69	13483	0	60
2026.03.04	16:00:00	5167.70	5184.81	5138.37	5146.44	15714	0	60
2026.03.04	17:00:00	5146.71	5166.77	5131.01	5151.08	16442	0	60
2026.03.04	18:00:00	5151.15	5162.34	5138.11	5149.45	14655	0	60
2026.03.04	19:00:00	5148.81	5152.83	5120.16	5140.79	13140	0	60
2026.03.04	20:00:00	5140.68	5143.21	5108.74	5133.13	12907	0	60
2026.03.04	21:00:00	5133.57	5139.37	5123.05	5137.60	9489	0	60
2026.03.04	22:00:00	5137.58	5146.60	5123.39	5134.48	10501	0	60
2026.03.04	23:00:00	5135.07	5143.67	5129.28	5135.69	6150	0	45
2026.03.05	01:00:00	5151.98	5165.52	5143.96	5164.66	6304	0	45
2026.03.05	02:00:00	5164.91	5179.62	5159.22	5172.28	6659	0	63
2026.03.05	03:00:00	5172.43	5186.21	5167.15	5172.24	12319	0	63
2026.03.05	04:00:00	5172.20	5192.14	5171.27	5191.80	10501	0	63
2026.03.05	05:00:00	5191.79	5194.61	5178.10	5179.91	8337	0	63
2026.03.05	06:00:00	5179.93	5186.35	5166.13	5171.35	6227	0	63
2026.03.05	07:00:00	5171.36	5176.47	5148.02	5148.22	8896	0	63
2026.03.05	08:00:00	5148.30	5168.39	5120.68	5167.33	12712	0	63
2026.03.05	09:00:00	5167.34	5172.41	5158.73	5162.02	8990	0	60
2026.03.05	10:00:00	5161.44	5169.89	5137.44	5165.37	10898	0	60
2026.03.05	11:00:00	5165.36	5180.33	5153.44	5160.92	11104	0	60
2026.03.05	12:00:00	5160.91	5167.29	5145.96	5164.36	8272	0	60
2026.03.05	13:00:00	5165.05	5167.73	5156.73	5163.66	6369	0	60
2026.03.05	14:00:00	5163.65	5171.22	5160.73	5162.23	7299	0	60
2026.03.05	15:00:00	5162.32	5163.77	5083.25	5117.61	14733	0	63
2026.03.05	16:00:00	5117.17	5129.55	5090.58	5101.97	16103	0	60
2026.03.05	17:00:00	5101.91	5119.50	5060.90	5102.26	16822	0	60
2026.03.05	18:00:00	5102.32	5104.25	5054.02	5077.41	15736	0	60
2026.03.05	19:00:00	5077.42	5089.28	5054.75	5062.66	15371	0	60
2026.03.05	20:00:00	5062.65	5085.20	5050.72	5069.11	14980	0	60
2026.03.05	21:00:00	5069.20	5080.94	5055.46	5065.65	13853	0	60
2026.03.05	22:00:00	5065.78	5094.45	5061.50	5076.66	14722	0	60
2026.03.05	23:00:00	5076.43	5084.00	5071.89	5077.20	7840	0	45
2026.03.06	01:00:00	5089.80	5101.40	5081.38	5085.42	6888	0	45
2026.03.06	02:00:00	5085.80	5091.99	5073.95	5084.17	8206	0	63
2026.03.06	03:00:00	5083.63	5143.22	5066.09	5134.48	13137	0	63
2026.03.06	04:00:00	5134.43	5138.34	5121.83	5126.07	9519	0	63
2026.03.06	05:00:00	5126.03	5141.09	5124.06	5130.86	7254	0	63
2026.03.06	06:00:00	5130.87	5136.11	5126.31	5127.29	5048	0	63
2026.03.06	07:00:00	5127.30	5129.82	5114.04	5116.84	8165	0	63
2026.03.06	08:00:00	5116.96	5122.62	5108.97	5115.69	8134	0	63
2026.03.06	09:00:00	5115.47	5120.56	5105.43	5119.39	7452	0	60
2026.03.06	10:00:00	5119.43	5122.70	5094.60	5108.33	8202	0	60
2026.03.06	11:00:00	5109.19	5109.19	5083.32	5085.50	10190	0	55
2026.03.06	12:00:00	5085.72	5092.66	5075.42	5090.84	9138	0	55
2026.03.06	13:00:00	5090.90	5099.44	5061.83	5076.86	9466	0	55
2026.03.06	14:00:00	5076.88	5096.50	5076.14	5083.00	9886	0	55
2026.03.06	15:00:00	5082.19	5130.97	5065.34	5084.87	15444	0	55
2026.03.06	16:00:00	5084.96	5132.22	5080.98	5130.24	16434	0	55
2026.03.06	17:00:00	5130.20	5171.28	5127.78	5141.82	16962	0	55
2026.03.06	18:00:00	5141.77	5152.88	5125.75	5139.80	14754	0	55
2026.03.06	19:00:00	5139.79	5152.28	5128.68	5140.64	13413	0	55
2026.03.06	20:00:00	5140.50	5167.48	5138.50	5160.94	12089	0	55
2026.03.06	21:00:00	5161.04	5174.31	5156.41	5159.63	9845	0	55
2026.03.06	22:00:00	5159.78	5162.30	5149.50	5153.22	11000	0	55
2026.03.06	23:00:00	5153.09	5171.74	5150.61	5170.92	5451	0	45
2026.03.09	01:00:00	5164.39	5168.40	5102.96	5129.43	19823	0	0
2026.03.09	02:00:00	5129.33	5135.41	5044.38	5075.84	13564	0	63
2026.03.09	03:00:00	5075.95	5079.87	5028.44	5049.85	14401	0	61
2026.03.09	04:00:00	5049.75	5087.32	5014.76	5069.81	15538	0	66
2026.03.09	05:00:00	5069.96	5098.94	5055.21	5094.66	13910	0	61
2026.03.09	06:00:00	5094.38	5101.92	5081.30	5091.13	10440	0	61
2026.03.09	07:00:00	5091.09	5097.00	5084.99	5089.91	7107	0	61
2026.03.09	08:00:00	5090.02	5140.19	5080.66	5124.04	13227	0	58
2026.03.09	09:00:00	5123.91	5133.80	5096.89	5097.44	13046	0	55
2026.03.09	10:00:00	5097.56	5107.69	5088.32	5098.59	10649	0	55
2026.03.09	11:00:00	5098.93	5110.45	5087.06	5096.32	11994	0	55
2026.03.09	12:00:00	5095.80	5132.26	5094.78	5105.12	11788	0	55
2026.03.09	13:00:00	5105.11	5110.93	5083.93	5087.00	9765	0	55
2026.03.09	14:00:00	5087.00	5097.11	5079.85	5087.77	9821	0	55
2026.03.09	15:00:00	5087.95	5111.96	5087.95	5094.79	9950	0	55
2026.03.09	16:00:00	5094.77	5111.09	5067.17	5073.77	15533	0	55
2026.03.09	17:00:00	5073.79	5115.79	5060.97	5093.74	16657	0	55
2026.03.09	18:00:00	5093.67	5103.25	5079.30	5099.46	13588	0	55
2026.03.09	19:00:00	5099.45	5110.55	5094.50	5104.55	11784	0	55
2026.03.09	20:00:00	5104.42	5106.53	5088.79	5095.64	11072	0	55
2026.03.09	21:00:00	5095.56	5126.07	5092.20	5123.00	9534	0	55
2026.03.09	22:00:00	5123.15	5143.69	5118.26	5140.86	13577	0	55
2026.03.09	23:00:00	5140.79	5147.82	5134.11	5138.39	6804	0	45
2026.03.10	01:00:00	5127.42	5152.42	5116.99	5152.11	7894	0	45
2026.03.10	02:00:00	5152.35	5155.75	5135.91	5139.45	7871	0	58
2026.03.10	03:00:00	5139.42	5141.05	5124.77	5130.79	9456	0	58
2026.03.10	04:00:00	5129.94	5185.83	5124.42	5183.93	13954	0	58
2026.03.10	05:00:00	5183.94	5186.54	5163.57	5165.41	11108	0	58
2026.03.10	06:00:00	5165.68	5172.94	5155.38	5157.20	9478	0	58
2026.03.10	07:00:00	5157.40	5166.38	5154.25	5163.58	5755	0	58
2026.03.10	08:00:00	5163.59	5179.05	5163.59	5177.62	7642	0	58
2026.03.10	09:00:00	5177.72	5180.64	5171.74	5174.92	8368	0	55
2026.03.10	10:00:00	5174.96	5181.21	5158.40	5180.71	9185	0	55
2026.03.10	11:00:00	5180.81	5194.91	5174.79	5183.35	9857	0	55
2026.03.10	12:00:00	5183.33	5189.15	5180.49	5182.40	7920	0	55
2026.03.10	13:00:00	5182.38	5183.82	5156.35	5177.01	10182	0	55
2026.03.10	14:00:00	5177.22	5191.67	5171.67	5174.92	10591	0	55
2026.03.10	15:00:00	5175.06	5189.24	5162.26	5186.76	10953	0	55
2026.03.10	16:00:00	5186.77	5228.61	5185.89	5205.47	15337	0	55
2026.03.10	17:00:00	5205.46	5214.17	5185.20	5206.58	14172	0	55
2026.03.10	18:00:00	5206.60	5238.35	5203.08	5228.48	12499	0	55
2026.03.10	19:00:00	5229.02	5235.30	5222.51	5227.41	10351	0	55
2026.03.10	20:00:00	5227.44	5235.18	5223.43	5227.50	11296	0	55
2026.03.10	21:00:00	5227.45	5227.76	5160.63	5191.39	14640	0	55
2026.03.10	22:00:00	5191.49	5207.41	5179.75	5198.49	13372	0	56
2026.03.10	23:00:00	5198.03	5198.75	5191.31	5195.62	4558	0	45
2026.03.11	01:00:00	5191.49	5197.32	5182.49	5188.84	7741	0	45
2026.03.11	02:00:00	5188.84	5197.14	5187.49	5196.98	4290	0	58
2026.03.11	03:00:00	5196.99	5219.17	5186.60	5215.30	7873	0	58
2026.03.11	04:00:00	5215.21	5223.04	5208.33	5208.45	10609	0	58
2026.03.11	05:00:00	5208.25	5220.20	5194.07	5217.12	8982	0	58
2026.03.11	06:00:00	5217.08	5220.17	5199.15	5203.11	6724	0	58
2026.03.11	07:00:00	5203.16	5208.29	5199.26	5204.20	4229	0	58
2026.03.11	08:00:00	5204.25	5208.00	5190.68	5199.22	7481	0	58
2026.03.11	09:00:00	5199.44	5210.42	5191.44	5197.33	8680	0	55
2026.03.11	10:00:00	5197.34	5201.93	5184.38	5195.50	9134	0	55
2026.03.11	11:00:00	5195.57	5198.41	5175.32	5187.34	9364	0	55
2026.03.11	12:00:00	5187.38	5196.93	5179.57	5187.55	8272	0	55
2026.03.11	13:00:00	5187.70	5195.08	5177.04	5185.86	7637	0	55
2026.03.11	14:00:00	5185.89	5193.45	5175.29	5181.16	8267	0	55
2026.03.11	15:00:00	5180.98	5196.19	5166.49	5167.34	11466	0	55
2026.03.11	16:00:00	5167.01	5182.81	5145.14	5176.68	14006	0	55
2026.03.11	17:00:00	5176.34	5196.00	5174.34	5182.97	14605	0	55
2026.03.11	18:00:00	5183.18	5185.50	5163.94	5166.11	13206	0	55
2026.03.11	19:00:00	5165.88	5177.77	5163.47	5175.46	11124	0	55
2026.03.11	20:00:00	5175.47	5180.75	5154.50	5169.61	10723	0	55
2026.03.11	21:00:00	5169.52	5178.02	5169.02	5172.34	7588	0	55
2026.03.11	22:00:00	5172.37	5183.34	5169.15	5183.08	6870	0	55
2026.03.11	23:00:00	5182.91	5183.34	5174.79	5176.16	3567	0	45
2026.03.12	01:00:00	5177.44	5177.76	5129.12	5138.57	10251	0	45
2026.03.12	02:00:00	5138.55	5157.83	5133.11	5134.15	7456	0	58
2026.03.12	03:00:00	5134.31	5161.35	5125.46	5152.73	8599	0	58
2026.03.12	04:00:00	5152.81	5172.30	5151.42	5168.45	10513	0	58
2026.03.12	05:00:00	5168.23	5174.79	5145.49	5150.48	9568	0	58
2026.03.12	06:00:00	5150.46	5155.27	5147.13	5152.92	6524	0	58
2026.03.12	07:00:00	5152.85	5153.69	5140.33	5142.40	4007	0	58
2026.03.12	08:00:00	5142.39	5157.38	5136.89	5154.18	6769	0	58
2026.03.12	09:00:00	5154.21	5170.02	5147.09	5166.05	7701	0	55
2026.03.12	10:00:00	5166.09	5184.92	5164.31	5181.79	6526	0	55
2026.03.12	11:00:00	5182.00	5189.51	5175.68	5177.96	7780	0	55
2026.03.12	12:00:00	5178.03	5190.18	5174.28	5188.16	7096	0	55
2026.03.12	13:00:00	5188.01	5191.49	5176.31	5182.17	6740	0	55
2026.03.12	14:00:00	5182.08	5183.71	5172.58	5178.83	6237	0	55
2026.03.12	15:00:00	5178.84	5185.26	5163.62	5181.20	10103	0	55
2026.03.12	16:00:00	5180.24	5185.87	5145.99	5151.07	14779	0	55
2026.03.12	17:00:00	5150.93	5163.49	5138.14	5142.79	14821	0	55
2026.03.12	18:00:00	5142.74	5144.64	5109.48	5132.17	14444	0	55
2026.03.12	19:00:00	5132.18	5137.85	5120.97	5123.41	12965	0	55
2026.03.12	20:00:00	5123.17	5129.40	5102.43	5105.14	12742	0	55
2026.03.12	21:00:00	5105.01	5112.35	5090.63	5094.00	11260	0	55
2026.03.12	22:00:00	5094.08	5096.59	5079.28	5084.66	11374	0	55
2026.03.12	23:00:00	5084.44	5090.31	5054.81	5080.63	10092	0	45
2026.03.13	01:00:00	5083.43	5095.56	5078.64	5095.56	7461	0	45
2026.03.13	02:00:00	5095.68	5101.11	5088.94	5097.86	5416	0	58
2026.03.13	03:00:00	5097.62	5115.05	5097.24	5113.50	5744	0	58
2026.03.13	04:00:00	5113.51	5123.92	5108.55	5123.92	9319	0	58
2026.03.13	05:00:00	5123.91	5128.07	5110.17	5111.80	7113	0	58
2026.03.13	06:00:00	5111.70	5116.52	5106.06	5115.40	5988	0	58
2026.03.13	07:00:00	5115.19	5117.70	5102.45	5104.08	3995	0	58
2026.03.13	08:00:00	5104.50	5111.10	5098.17	5102.74	7080	0	58
2026.03.13	09:00:00	5102.93	5107.50	5085.59	5088.18	10288	0	55
2026.03.13	10:00:00	5088.15	5094.04	5071.51	5084.95	8693	0	55
2026.03.13	11:00:00	5084.94	5087.78	5061.24	5087.19	9930	0	55
2026.03.13	12:00:00	5087.23	5096.90	5083.14	5089.40	8061	0	55
2026.03.13	13:00:00	5089.44	5098.07	5079.90	5094.64	7468	0	55
2026.03.13	14:00:00	5095.10	5107.58	5086.11	5107.58	7596	0	55
2026.03.13	15:00:00	5107.32	5121.39	5104.20	5118.12	10727	0	55
2026.03.13	16:00:00	5118.19	5120.79	5096.43	5101.53	13239	0	55
2026.03.13	17:00:00	5101.54	5107.73	5035.66	5041.49	15575	0	55
2026.03.13	18:00:00	5041.65	5071.18	5031.88	5034.50	15571	0	56
2026.03.13	19:00:00	5033.79	5052.71	5018.91	5045.79	14519	0	55
2026.03.13	20:00:00	5045.78	5063.61	5043.24	5046.17	12745	0	55
2026.03.13	21:00:00	5045.76	5051.53	5035.94	5046.13	10542	0	55
2026.03.13	22:00:00	5046.41	5049.58	5009.46	5016.03	11108	0	55
2026.03.13	23:00:00	5016.10	5025.14	5012.04	5018.52	7821	0	45
2026.03.16	01:00:00	5015.17	5030.18	4999.34	5024.69	15960	0	45
2026.03.16	02:00:00	5024.38	5025.84	4967.00	4997.37	12689	0	58
2026.03.16	03:00:00	4997.34	5030.54	4996.47	5025.45	10313	0	58
2026.03.16	04:00:00	5025.63	5026.21	4982.44	5015.70	15042	0	58
2026.03.16	05:00:00	5015.64	5018.51	4997.77	5003.35	10834	0	58
2026.03.16	06:00:00	5003.31	5020.43	4997.85	5019.00	8000	0	58
2026.03.16	07:00:00	5019.01	5026.00	5012.25	5012.57	5201	0	58
2026.03.16	08:00:00	5012.55	5019.71	5002.98	5017.09	7370	0	58
2026.03.16	09:00:00	5017.01	5035.83	5005.21	5011.99	9902	0	55
2026.03.16	10:00:00	5011.98	5016.22	4991.54	4995.07	9305	0	55
2026.03.16	11:00:00	4995.17	5003.27	4984.95	4990.91	10325	0	55
2026.03.16	12:00:00	4990.81	4991.46	4972.52	4975.10	9632	0	55
2026.03.16	13:00:00	4975.07	4999.25	4969.98	4998.53	10071	0	55
2026.03.16	14:00:00	4998.59	5022.37	4992.98	4996.88	9861	0	55
2026.03.16	15:00:00	4996.90	5024.96	4994.22	5019.73	11303	0	55
2026.03.16	16:00:00	5019.74	5034.20	5013.63	5029.61	13784	0	55
2026.03.16	17:00:00	5029.62	5037.76	4987.75	4995.87	15059	0	55
2026.03.16	18:00:00	4995.95	5005.52	4983.67	4986.77	12748	0	55
2026.03.16	19:00:00	4986.70	4998.65	4973.75	4990.36	12292	0	55
2026.03.16	20:00:00	4992.76	5003.61	4983.83	4991.10	11246	0	55
2026.03.16	21:00:00	4991.33	5017.56	4989.84	5012.59	10288	0	55
2026.03.16	22:00:00	5012.58	5020.02	5007.95	5013.02	10687	0	55
2026.03.16	23:00:00	5012.72	5021.40	5006.91	5009.16	6755	0	45
2026.03.17	01:00:00	5010.84	5015.78	4998.11	5001.91	5677	0	45
2026.03.17	02:00:00	5001.91	5015.46	5001.76	5012.74	4311	0	58
2026.03.17	03:00:00	5012.76	5013.92	4998.00	5002.65	6946	0	58
2026.03.17	04:00:00	5002.64	5027.61	4994.57	5027.59	9906	0	58
2026.03.17	05:00:00	5027.55	5029.34	5019.86	5022.42	7777	0	58
2026.03.17	06:00:00	5022.36	5033.31	5020.32	5027.30	6319	0	58
2026.03.17	07:00:00	5027.27	5041.74	5025.91	5037.74	5472	0	58
2026.03.17	08:00:00	5037.95	5044.21	5019.95	5020.56	8131	0	58
2026.03.17	09:00:00	5020.54	5022.57	5005.09	5009.70	9910	0	55
2026.03.17	10:00:00	5009.65	5027.87	5008.75	5021.02	7057	0	55
2026.03.17	11:00:00	5021.03	5029.36	5018.21	5024.52	8105	0	55
2026.03.17	12:00:00	5024.54	5025.66	5009.78	5010.43	7635	0	55
2026.03.17	13:00:00	5010.25	5016.20	4991.96	4999.99	8685	0	55
2026.03.17	14:00:00	4999.98	5011.31	4996.55	5003.05	7084	0	55
2026.03.17	15:00:00	5002.98	5023.70	4999.13	5011.57	9902	0	55
2026.03.17	16:00:00	5011.55	5031.19	5005.30	5016.44	13226	0	55
2026.03.17	17:00:00	5016.50	5020.31	5002.81	5007.45	13753	0	55
2026.03.17	18:00:00	5007.14	5017.31	4973.36	4997.56	13931	0	55
2026.03.17	19:00:00	4997.80	5005.56	4991.35	5001.77	12241	0	55
2026.03.17	20:00:00	5001.78	5008.46	4996.16	5002.24	9499	0	55
2026.03.17	21:00:00	5002.47	5008.80	4999.48	5003.60	7704	0	55
2026.03.17	22:00:00	5003.61	5005.41	4996.12	4999.95	8845	0	55
2026.03.17	23:00:00	4999.97	5006.08	4999.57	5002.82	3577	0	45
2026.03.18	01:00:00	5000.67	5004.49	4992.96	4999.50	3737	0	45
2026.03.18	02:00:00	4999.54	5003.53	4998.65	5002.57	2794	0	58
2026.03.18	03:00:00	5002.58	5012.22	5000.03	5004.08	6125	0	58
2026.03.18	04:00:00	5004.05	5015.58	4991.04	4998.33	9479	0	58
2026.03.18	05:00:00	4998.43	5006.73	4990.27	4991.76	7359	0	58
2026.03.18	06:00:00	4991.71	4997.29	4985.98	4990.94	6785	0	58
2026.03.18	07:00:00	4990.89	4993.25	4981.59	4986.77	5062	0	58
2026.03.18	08:00:00	4986.77	5002.56	4984.55	4997.20	7411	0	58
2026.03.18	09:00:00	4997.00	5016.11	4996.16	5009.21	8016	0	55
2026.03.18	10:00:00	5009.20	5014.59	4990.29	4994.87	6468	0	55
2026.03.18	11:00:00	4994.88	4996.69	4977.20	4987.34	8296	0	55
2026.03.18	12:00:00	4987.35	4995.39	4984.70	4991.93	6399	0	55
2026.03.18	13:00:00	4991.95	4991.96	4958.78	4967.66	8377	0	55
2026.03.18	14:00:00	4967.68	4973.62	4924.89	4930.01	12956	0	55
2026.03.18	15:00:00	4929.95	4932.23	4870.58	4881.43	16010	0	55
2026.03.18	16:00:00	4881.26	4885.16	4834.14	4878.27	17499	0	55
2026.03.18	17:00:00	4878.03	4894.39	4856.41	4869.35	15818	0	55
2026.03.18	18:00:00	4869.37	4879.74	4861.00	4862.26	13469	0	55
2026.03.18	19:00:00	4862.27	4890.12	4860.78	4887.03	12327	0	55
2026.03.18	20:00:00	4886.63	4898.87	4883.68	4890.27	10894	0	55
2026.03.18	21:00:00	4890.51	4898.82	4852.18	4852.76	14661	0	55
2026.03.18	22:00:00	4852.81	4864.98	4837.95	4843.05	13930	0	55
2026.03.18	23:00:00	4842.82	4848.30	4806.57	4825.37	15448	0	45
2026.03.19	01:00:00	4825.20	4838.42	4803.56	4834.23	12617	0	45
2026.03.19	02:00:00	4834.28	4842.31	4827.98	4836.45	7313	0	58
2026.03.19	03:00:00	4836.46	4848.41	4835.11	4840.95	8128	0	58
2026.03.19	04:00:00	4841.18	4866.94	4832.71	4849.71	11710	0	58
2026.03.19	05:00:00	4849.72	4861.76	4841.44	4858.46	9309	0	58
2026.03.19	06:00:00	4858.41	4865.72	4850.59	4850.63	6602	0	58
2026.03.19	07:00:00	4850.63	4853.39	4845.44	4849.62	5116	0	58
2026.03.19	08:00:00	4849.69	4853.62	4826.80	4827.29	8874	0	58
2026.03.19	09:00:00	4827.32	4842.30	4747.73	4763.62	14130	0	55
2026.03.19	10:00:00	4763.65	4784.08	4727.04	4727.66	12807	0	55
2026.03.19	11:00:00	4727.62	4740.12	4686.65	4708.77	15816	0	55
2026.03.19	12:00:00	4709.06	4725.68	4687.53	4698.60	15773	0	55
2026.03.19	13:00:00	4698.55	4719.74	4666.43	4678.92	13920	0	55
2026.03.19	14:00:00	4678.90	4699.34	4650.63	4652.47	13925	0	58
2026.03.19	15:00:00	4651.51	4653.69	4531.17	4574.10	17100	0	58
2026.03.19	16:00:00	4574.17	4620.73	4502.36	4620.34	19080	0	58
2026.03.19	17:00:00	4620.86	4648.87	4580.95	4601.63	18454	0	58
2026.03.19	18:00:00	4601.57	4638.39	4566.00	4596.19	17608	0	58
2026.03.19	19:00:00	4596.21	4626.31	4576.58	4584.59	16766	0	58
2026.03.19	20:00:00	4584.63	4629.46	4573.80	4615.88	15806	0	55
2026.03.19	21:00:00	4615.21	4622.84	4596.16	4622.71	13795	0	55
2026.03.19	22:00:00	4622.79	4663.00	4622.76	4643.70	16881	0	55
2026.03.19	23:00:00	4643.50	4660.53	4642.62	4657.62	9862	0	45
2026.03.20	01:00:00	4659.13	4676.78	4635.94	4636.06	13981	0	45
2026.03.20	02:00:00	4636.10	4647.52	4634.02	4643.33	6970	0	58
2026.03.20	03:00:00	4642.98	4664.84	4641.96	4648.36	8419	0	58
2026.03.20	04:00:00	4647.75	4699.07	4639.19	4677.09	14121	0	58
2026.03.20	05:00:00	4677.06	4703.33	4670.12	4697.46	10289	0	58
2026.03.20	06:00:00	4698.20	4735.52	4693.01	4725.54	10610	0	58
2026.03.20	07:00:00	4725.72	4727.42	4715.25	4721.43	5603	0	58
2026.03.20	08:00:00	4721.34	4723.29	4685.55	4688.23	10119	0	58
2026.03.20	09:00:00	4688.20	4700.83	4661.16	4669.06	13006	0	55
2026.03.20	10:00:00	4669.00	4707.63	4667.83	4706.06	9688	0	55
2026.03.20	11:00:00	4706.10	4734.48	4684.55	4693.40	11727	0	55
2026.03.20	12:00:00	4693.39	4700.18	4659.62	4667.32	11093	0	55
2026.03.20	13:00:00	4667.31	4669.80	4638.08	4645.09	12639	0	55
2026.03.20	14:00:00	4644.86	4673.95	4636.79	4671.30	11328	0	55
2026.03.20	15:00:00	4671.42	4695.37	4661.74	4678.09	13361	0	55
2026.03.20	16:00:00	4678.54	4679.26	4612.61	4615.96	16761	0	55
2026.03.20	17:00:00	4616.24	4622.21	4547.93	4564.04	18162	0	55
2026.03.20	18:00:00	4563.77	4580.02	4540.52	4553.27	17033	0	55
2026.03.20	19:00:00	4553.30	4613.68	4551.89	4583.13	16273	0	55
2026.03.20	20:00:00	4583.17	4600.04	4554.19	4573.31	15853	0	55
2026.03.20	21:00:00	4573.29	4578.24	4477.16	4499.52	15764	0	56
2026.03.20	22:00:00	4499.56	4516.50	4485.36	4501.25	16895	0	55
2026.03.20	23:00:00	4501.29	4514.36	4493.29	4497.16	16953	0	45
2026.03.23	01:00:00	4474.93	4535.72	4471.46	4497.65	15927	0	45
2026.03.23	02:00:00	4497.88	4510.38	4452.00	4464.55	11734	0	58
2026.03.23	03:00:00	4464.54	4473.05	4319.80	4354.01	16614	0	62
2026.03.23	04:00:00	4354.63	4453.75	4330.33	4387.23	17614	0	58
2026.03.23	05:00:00	4387.28	4421.87	4354.67	4360.39	15864	0	58
2026.03.23	06:00:00	4360.38	4377.76	4334.80	4352.58	13771	0	58
2026.03.23	07:00:00	4352.63	4381.61	4349.89	4367.34	10952	0	58
2026.03.23	08:00:00	4367.15	4379.67	4302.20	4310.08	14216	0	58
2026.03.23	09:00:00	4310.08	4310.12	4162.98	4220.28	17936	0	56
2026.03.23	10:00:00	4221.32	4232.40	4098.74	4203.48	18544	0	55
2026.03.23	11:00:00	4203.95	4270.58	4202.97	4251.06	17878	0	55
2026.03.23	12:00:00	4251.11	4308.14	4223.54	4253.42	16598	0	55
2026.03.23	13:00:00	4253.85	4281.68	4241.03	4268.84	15133	0	55
2026.03.23	14:00:00	4268.87	4462.04	4268.84	4378.81	18948	0	55
2026.03.23	15:00:00	4378.97	4492.29	4336.76	4478.41	18779	0	55
2026.03.23	16:00:00	4478.40	4484.93	4401.43	4454.09	19138	0	55
2026.03.23	17:00:00	4453.99	4512.65	4453.24	4461.56	19027	0	55
2026.03.23	18:00:00	4461.61	4486.60	4351.10	4363.58	18904	0	55
2026.03.23	19:00:00	4363.61	4391.36	4352.37	4375.18	18628	0	55
2026.03.23	20:00:00	4375.24	4438.64	4370.86	4426.24	17082	0	55
2026.03.23	21:00:00	4426.09	4466.77	4402.24	4448.86	16295	0	55
2026.03.23	22:00:00	4448.61	4450.39	4392.83	4398.18	15969	0	55
2026.03.23	23:00:00	4397.52	4412.73	4382.60	4412.09	11550	0	45
2026.03.24	01:00:00	4380.20	4430.96	4360.28	4426.37	14721	0	45
2026.03.24	02:00:00	4426.35	4448.02	4421.53	4440.94	9766	0	58
2026.03.24	03:00:00	4440.93	4446.32	4331.32	4364.64	15454	0	58
2026.03.24	04:00:00	4364.51	4373.90	4308.01	4321.86	17345	0	58
2026.03.24	05:00:00	4321.91	4379.14	4305.80	4365.90	16554	0	58
2026.03.24	06:00:00	4365.91	4368.00	4334.87	4346.92	13388	0	58
2026.03.24	07:00:00	4346.76	4356.93	4326.33	4333.21	11028	0	58
2026.03.24	08:00:00	4333.17	4374.01	4319.64	4347.17	14849	0	58
2026.03.24	09:00:00	4347.27	4404.80	4342.85	4401.99	15966	0	55
2026.03.24	10:00:00	4401.95	4433.07	4399.60	4417.36	15612	0	55
2026.03.24	11:00:00	4417.09	4420.74	4391.10	4411.85	15330	0	55
2026.03.24	12:00:00	4411.90	4430.82	4395.82	4426.22	13205	0	55
2026.03.24	13:00:00	4426.26	4441.42	4414.56	4438.22	12879	0	55
2026.03.24	14:00:00	4438.37	4441.70	4375.20	4407.81	15184	0	61
2026.03.24	15:00:00	4407.76	4427.17	4362.00	4378.73	16171	0	55
2026.03.24	16:00:00	4378.84	4389.61	4351.14	4381.35	18231	0	55
2026.03.24	17:00:00	4381.38	4433.55	4380.60	4415.45	18277	0	55
2026.03.24	18:00:00	4415.72	4430.58	4396.04	4411.63	17261	0	58
2026.03.24	19:00:00	4411.49	4427.27	4402.42	4421.23	15500	0	55
2026.03.24	20:00:00	4421.24	4426.31	4372.25	4388.44	17111	0	55
2026.03.24	21:00:00	4388.30	4423.16	4383.78	4389.42	15912	0	58
2026.03.24	22:00:00	4389.41	4411.19	4388.49	4400.19	13472	0	55
2026.03.24	23:00:00	4400.20	4483.73	4397.14	4465.51	17529	0	45
2026.03.25	01:00:00	4479.02	4485.26	4455.73	4484.30	13684	0	45
2026.03.25	02:00:00	4484.41	4551.44	4472.11	4546.53	12393	0	58
2026.03.25	03:00:00	4546.54	4571.79	4537.23	4563.21	12724	0	58
2026.03.25	04:00:00	4563.14	4600.79	4552.30	4594.59	13872	0	58
2026.03.25	05:00:00	4594.63	4602.39	4579.82	4583.52	12076	0	58
2026.03.25	06:00:00	4583.51	4586.00	4567.55	4569.86	9766	0	58
2026.03.25	07:00:00	4569.81	4574.29	4565.53	4572.22	6253	0	58
2026.03.25	08:00:00	4572.62	4573.10	4549.18	4555.45	10319	0	58
2026.03.25	09:00:00	4555.47	4556.54	4532.99	4545.26	11688	0	55
2026.03.25	10:00:00	4544.59	4563.05	4536.90	4539.19	10406	0	55
2026.03.25	11:00:00	4538.98	4567.47	4535.70	4555.92	12584	0	55
2026.03.25	12:00:00	4555.93	4567.30	4527.59	4551.52	11353	0	55
2026.03.25	13:00:00	4551.71	4562.25	4550.95	4558.65	9705	0	55
2026.03.25	14:00:00	4558.63	4585.51	4555.84	4578.66	10122	0	55
2026.03.25	15:00:00	4578.59	4583.38	4521.47	4543.92	14545	0	55
2026.03.25	16:00:00	4543.79	4576.29	4540.79	4544.41	16027	0	55
2026.03.25	17:00:00	4544.49	4578.97	4532.88	4566.80	16346	0	55
2026.03.25	18:00:00	4566.92	4568.40	4524.79	4558.83	15433	0	55
2026.03.25	19:00:00	4558.79	4564.63	4544.95	4555.16	14221	0	55
2026.03.25	20:00:00	4555.05	4563.76	4542.66	4550.63	12611	0	55
2026.03.25	21:00:00	4550.50	4568.54	4530.60	4538.27	12594	0	56
2026.03.25	22:00:00	4537.95	4539.34	4486.94	4530.70	13835	0	56
2026.03.25	23:00:00	4530.60	4541.87	4494.62	4505.79	11431	0	45
